match_id_ss,player_id_ss,player_name,team_id_ss,event_type,minute,second,x,y,end_x,end_y,outcome,data_source
8738494,,,,period,90,,,,,,,sofascore
8738494,827804.0,Yusuf Yazıcı,1643.0,substitution,90,,,,,,injury,sofascore
8738494,,,,injuryTime,90,,,,,,,sofascore
8738494,312388.0,Flavien Tait,1658.0,card,88,,,,,,yellow,sofascore
8738494,840451.0,Luiz Araújo,1643.0,substitution,83,,,,,,regular,sofascore
8738494,887581.0,Boubakary Soumaré,1643.0,substitution,82,,,,,,regular,sofascore
8738494,74083.0,Damien Da Silva,1658.0,goal,74,,,,,,regular,sofascore
8738494,18864.0,Burak Yılmaz,1643.0,substitution,64,,,,,,regular,sofascore
8738494,825681.0,Romain Del Castillo,1658.0,substitution,64,,,,,,regular,sofascore
8738494,973887.0,Eduardo Camavinga,1658.0,substitution,64,,,,,,regular,sofascore
8738494,312388.0,Flavien Tait,1658.0,substitution,64,,,,,,regular,sofascore
8738494,897594.0,Domagoj Bradarić,1643.0,substitution,46,,,,,,regular,sofascore
8738494,,,,period,45,,,,,,,sofascore
8738494,,,,injuryTime,45,,,,,,,sofascore
8738494,831424.0,Reinildo Mandava,1643.0,card,43,,,,,,red,sofascore
8738494,963211.0,Brandon Soppy,1658.0,substitution,41,,,,,,regular,sofascore
8738494,595576.0,Jonathan Bamba,1643.0,goal,40,,,,,,regular,sofascore
8738494,980418.0,Sacha Boey,1658.0,card,35,,,,,,red,sofascore
8738497,,,,period,90,,,,,,,sofascore
8738497,,,,injuryTime,90,,,,,,,sofascore
8738497,796085.0,Moussa Koné,1663.0,goal,84,,,,,,regular,sofascore
8738497,796082.0,Sidy Sarr,1663.0,substitution,82,,,,,,regular,sofascore
8738497,777067.0,Florian Miguel,1663.0,substitution,79,,,,,,regular,sofascore
8738497,990820.0,Hianga'a M'Bock,1715.0,substitution,79,,,,,,regular,sofascore
8738497,328035.0,Brendan Chardonnet,1715.0,card,77,,,,,,red,sofascore
8738497,328035.0,Brendan Chardonnet,1715.0,varDecision,77,,,,,,cardUpgrade,sofascore
8738497,307096.0,Romain Philippoteaux,1663.0,goal,69,,,,,,regular,sofascore
8738497,845789.0,Heriberto Tavares,1715.0,substitution,67,,,,,,regular,sofascore
8738497,148196.0,Cristian Battocchio,1715.0,substitution,67,,,,,,regular,sofascore
8738497,826293.0,Ronaël Pierre-Gabriel,1715.0,card,65,,,,,,yellow,sofascore
8738497,796085.0,Moussa Koné,1663.0,substitution,56,,,,,,regular,sofascore
8738497,822878.0,Lamine Fomba,1663.0,substitution,56,,,,,,regular,sofascore
8738497,845930.0,Jean-Kévin Duverne,1715.0,card,50,,,,,,yellow,sofascore
8738497,44213.0,Gaëtan Charbonnier,1715.0,substitution,46,,,,,,regular,sofascore
8738497,,,,period,45,,,,,,,sofascore
8738497,,,,injuryTime,45,,,,,,,sofascore
8738497,944142.0,Yassine Benrahou,1663.0,card,42,,,,,,yellow,sofascore
8738497,51349.0,Lucas Deaux,1663.0,card,37,,,,,,yellow,sofascore
8738497,51471.0,Julien Faussurier,1715.0,card,35,,,,,,yellow,sofascore
8738497,606530.0,Birger Meling,1663.0,goal,31,,,,,,regular,sofascore
8738497,862470.0,Kévin Denkey,1663.0,goal,8,,,,,,regular,sofascore
8738499,,,,period,90,,,,,,,sofascore
8738499,245615.0,Thomas Foket,1682.0,card,90,,,,,,yellow,sofascore
8738499,827243.0,Axel Disasi,1653.0,card,90,,,,,,yellow,sofascore
8738499,,,,injuryTime,90,,,,,,,sofascore
8738499,156004.0,Jean-Eudes Aholou,1653.0,substitution,87,,,,,,regular,sofascore
8738499,877979.0,Willem Geubbels,1653.0,substitution,81,,,,,,regular,sofascore
8738499,845750.0,Moreto Cassama,1682.0,substitution,78,,,,,,regular,sofascore
8738499,361696.0,Wout Faes,1682.0,card,76,,,,,,yellow,sofascore
8738499,227892.0,Arbër Zeneli,1682.0,substitution,60,,,,,,regular,sofascore
8738499,855847.0,Kaj Sierhuis,1682.0,substitution,60,,,,,,regular,sofascore
8738499,98197.0,Valon Berisha,1682.0,substitution,56,,,,,,regular,sofascore
8738499,904827.0,Benoît Badiashile,1653.0,goal,55,,,,,,regular,sofascore
8738499,944164.0,Sofiane Diop,1653.0,substitution,46,,,,,,regular,sofascore
8738499,,,,period,45,,,,,,,sofascore
8738499,827243.0,Axel Disasi,1653.0,goal,45,,,,,,regular,sofascore
8738499,,,,injuryTime,45,,,,,,,sofascore
8738499,789984.0,Dereck Kutesa,1682.0,card,41,,,,,,yellow,sofascore
8738499,982615.0,El Bilal Touré,1682.0,goal,21,,,,,,regular,sofascore
8738499,960080.0,Boulaye Dia,1682.0,goal,5,,,,,,regular,sofascore
8738500,,,,period,90,,,,,,,sofascore
8738500,965353.0,Bridge Ndilu,1647.0,card,90,,,,,,yellow,sofascore
8738500,,,,injuryTime,90,,,,,,,sofascore
8738500,806076.0,Ludovic Blas,1647.0,substitution,89,,,,,,regular,sofascore
8738500,799216.0,Pedro Chirivella,1647.0,card,89,,,,,,yellow,sofascore
8738500,552686.0,Otávio,1645.0,card,87,,,,,,yellow,sofascore
8738500,785418.0,Marcus Coco,1647.0,substitution,83,,,,,,regular,sofascore
8738500,123164.0,Dennis Appiah,1647.0,substitution,82,,,,,,regular,sofascore
8738500,833030.0,Samuel Kalu,1645.0,substitution,75,,,,,,regular,sofascore
8738500,804619.0,Enock Kwateng,1645.0,substitution,75,,,,,,regular,sofascore
8738500,965353.0,Bridge Ndilu,1647.0,substitution,67,,,,,,regular,sofascore
8738500,3209.0,Jimmy Briand,1645.0,substitution,64,,,,,,regular,sofascore
8738500,74045.0,Nicolas de Préville,1645.0,card,59,,,,,,yellow,sofascore
8738500,842709.0,Rémi Oudin,1645.0,substitution,46,,,,,,regular,sofascore
8738500,,,,period,45,,,,,,,sofascore
8738500,816115.0,Charles Traoré,1647.0,card,45,,,,,,yellow,sofascore
8738500,,,,injuryTime,45,,,,,,,sofascore
8738500,925837.0,Mehdi Zerkane,1645.0,card,20,,,,,,red,sofascore
8738500,925837.0,Mehdi Zerkane,1645.0,varDecision,19,,,,,,cardUpgrade,sofascore
8738501,,,,period,90,,,,,,,sofascore
8738501,,,,injuryTime,90,,,,,,,sofascore
8738501,857471.0,Pierre-Yves Hamel,1656.0,goal,87,,,,,,regular,sofascore
8738501,857471.0,Pierre-Yves Hamel,1656.0,substitution,84,,,,,,regular,sofascore
8738501,16460.0,Sylvain Marveaux,1656.0,substitution,84,,,,,,regular,sofascore
8738501,102291.0,Idriss Saadi,1659.0,substitution,83,,,,,,regular,sofascore
8738501,122922.0,Lionel Carole,1659.0,card,82,,,,,,yellow,sofascore
8738501,791048.0,Julien Laporte,1656.0,card,79,,,,,,yellow,sofascore
8738501,891793.0,Kévin Zohi,1659.0,substitution,76,,,,,,regular,sofascore
8738501,845273.0,Jean-Ricner Bellegarde,1659.0,substitution,76,,,,,,regular,sofascore
8738501,891562.0,Franklin Wadja,1656.0,card,72,,,,,,yellow,sofascore
8738501,891562.0,Franklin Wadja,1656.0,substitution,71,,,,,,regular,sofascore
8738501,827386.0,Quentin Boisgard,1656.0,card,69,,,,,,yellow,sofascore
8738501,109851.0,Majeed Waris,1659.0,substitution,64,,,,,,regular,sofascore
8738501,289977.0,Alexander Djiku,1659.0,substitution,64,,,,,,regular,sofascore
8738501,282095.0,Adrian Grbić,1656.0,goal,60,,,,,,penalty,sofascore
8738501,805123.0,Yoane Wissa,1656.0,goal,51,,,,,,regular,sofascore
8738501,,,,period,45,,,,,,,sofascore
8738501,,,,injuryTime,45,,,,,,,sofascore
8738501,945063.0,Mohamed Simakan,1659.0,card,37,,,,,,yellow,sofascore
8738501,914660.0,Mehdi Chahiri,1659.0,goal,30,,,,,,regular,sofascore
8738501,296434.0,Laurent Abergel,1656.0,substitution,12,,,,,,injury,sofascore
8738502,,,,period,90,,,,,,,sofascore
8738502,804621.0,Lassana Coulibaly,1684.0,substitution,90,,,,,,regular,sofascore
8738502,,,,injuryTime,90,,,,,,,sofascore
8738502,897623.0,Alex Dobre,1686.0,substitution,77,,,,,,regular,sofascore
8738502,991824.0,Rayan Philippe,1686.0,substitution,77,,,,,,injury,sofascore
8738502,930584.0,Farid El Melali,1684.0,substitution,77,,,,,,regular,sofascore
8738502,209768.0,Pierrick Capelle,1684.0,substitution,76,,,,,,regular,sofascore
8738502,51299.0,Frédéric Sammaritano,1686.0,substitution,68,,,,,,regular,sofascore
8738502,812126.0,Casimir Ninga,1684.0,substitution,68,,,,,,regular,sofascore
8738502,848279.0,Enzo Ebosse,1684.0,substitution,67,,,,,,injury,sofascore
8738502,,,,period,45,,,,,,,sofascore
8738502,122811.0,Romain Amalfitano,1686.0,substitution,45,,,,,,injury,sofascore
8738502,,,,injuryTime,45,,,,,,,sofascore
8738502,25506.0,Ismaël Traoré,1684.0,goal,22,,,,,,regular,sofascore
8738503,,,,period,90,,,,,,,sofascore
8738503,962374.0,Eddy Sylvestre,1661.0,substitution,90,,,,,,regular,sofascore
8738503,930245.0,Evann Guessand,1661.0,substitution,90,,,,,,regular,sofascore
8738503,846439.0,Patrick Burner,1661.0,substitution,90,,,,,,regular,sofascore
8738503,,,,injuryTime,90,,,,,,,sofascore
8738503,291695.0,Issiaga Sylla,1648.0,substitution,77,,,,,,regular,sofascore
8738503,859026.0,Amine Gouiri,1661.0,goal,75,,,,,,regular,sofascore
8738503,1047364.0,Ismaël Boura,1648.0,card,71,,,,,,yellow,sofascore
8738503,593546.0,Tony Mauricio,1648.0,substitution,68,,,,,,regular,sofascore
8738503,944327.0,Dan Ndoye,1661.0,substitution,68,,,,,,regular,sofascore
8738503,825945.0,Simon Banza,1648.0,substitution,61,,,,,,regular,sofascore
8738503,191178.0,Corentin Jean,1648.0,substitution,61,,,,,,regular,sofascore
8738503,51363.0,Yannick Cahuzac,1648.0,card,51,,,,,,yellow,sofascore
8738503,,,,period,45,,,,,,,sofascore
8738503,351434.0,Hassane Kamara,1661.0,card,45,,,,,,yellow,sofascore
8738503,,,,injuryTime,45,,,,,,,sofascore
8738503,860307.0,Facundo Medina,1648.0,card,41,,,,,,yellow,sofascore
8738503,877978.0,Andy Pelmard,1661.0,substitution,33,,,,,,injury,sofascore
8738503,836678.0,Clément Michelin,1648.0,varDecision,29,,,,,,penaltyNotAwarded,sofascore
8738503,859026.0,Amine Gouiri,1661.0,goal,23,,,,,,regular,sofascore
8738503,46387.0,Gaël Kakuta,1648.0,goal,11,,,,,,penalty,sofascore
8738503,3577.0,Dante,1661.0,card,10,,,,,,yellow,sofascore
8738503,890329.0,Ignatius Kpene Ganago,1648.0,varDecision,9,,,,,,penaltyNotAwarded,sofascore
8738517,,,,period,90,,,,,,,sofascore
8738517,,,,injuryTime,90,,,,,,,sofascore
8738517,988732.0,Alexis Trouillet,1661.0,substitution,85,,,,,,injury,sofascore
8738517,331753.0,Renaud Emond,1647.0,substitution,80,,,,,,regular,sofascore
8738517,149732.0,Abdoulaye Touré,1647.0,substitution,80,,,,,,regular,sofascore
8738517,944327.0,Dan Ndoye,1661.0,substitution,80,,,,,,regular,sofascore
8738517,938270.0,Abdoul Kader Bamba,1647.0,substitution,69,,,,,,regular,sofascore
8738517,785418.0,Marcus Coco,1647.0,substitution,69,,,,,,regular,sofascore
8738517,904832.0,Khéphren Thuram,1661.0,goal,62,,,,,,regular,sofascore
8738517,106496.0,Nicolas Pallois,1647.0,card,56,,,,,,yellow,sofascore
8738517,901885.0,Flavius Daniliuc,1661.0,substitution,46,,,,,,regular,sofascore
8738517,,,,period,45,,,,,,,sofascore
8738517,965943.0,Imrân Louza,1647.0,goal,45,,,,,,penalty,sofascore
8738517,877978.0,Andy Pelmard,1661.0,card,45,,,,,,yellow,sofascore
8738517,871706.0,Randal Kolo Muani,1647.0,varDecision,45,,,,,,penaltyNotAwarded,sofascore
8738517,,,,injuryTime,45,,,,,,,sofascore
8738517,904832.0,Khéphren Thuram,1661.0,card,28,,,,,,yellow,sofascore
8738517,3577.0,Dante,1661.0,goal,27,,,,,,regular,sofascore
8738517,191204.0,Jean-Charles Castelletto,1647.0,substitution,15,,,,,,regular,sofascore
8738517,794836.0,Andrei Girotto,1647.0,card,3,,,,,,red,sofascore
8738517,794836.0,Andrei Girotto,1647.0,varDecision,3,,,,,,cardUpgrade,sofascore
8738518,,,,period,90,,,,,,,sofascore
8738518,,,,injuryTime,90,,,,,,,sofascore
8738518,845789.0,Heriberto Tavares,1715.0,substitution,85,,,,,,regular,sofascore
8738518,938270.0,Abdoul Kader Bamba,1647.0,goal,79,,,,,,regular,sofascore
8738518,938270.0,Abdoul Kader Bamba,1647.0,substitution,76,,,,,,regular,sofascore
8738518,51471.0,Julien Faussurier,1715.0,substitution,70,,,,,,regular,sofascore
8738518,280453.0,Franck Honorat,1715.0,substitution,70,,,,,,regular,sofascore
8738518,913942.0,Romain Faivre,1715.0,goal,68,,,,,,regular,sofascore
8738518,106496.0,Nicolas Pallois,1647.0,card,67,,,,,,yellow,sofascore
8738518,330051.0,Moses Simon,1647.0,substitution,63,,,,,,regular,sofascore
8738518,861324.0,Hugo Magnetti,1715.0,card,60,,,,,,yellow,sofascore
8738518,40677.0,Fábio,1647.0,card,47,,,,,,yellow,sofascore
8738518,149732.0,Abdoulaye Touré,1647.0,substitution,46,,,,,,regular,sofascore
8738518,605552.0,Irvin Cardona,1715.0,substitution,46,,,,,,regular,sofascore
8738518,1047296.0,Jérémy Le Douaron,1715.0,substitution,46,,,,,,regular,sofascore
8738518,,,,period,45,,,,,,,sofascore
8738518,,,,injuryTime,45,,,,,,,sofascore
8738518,845930.0,Jean-Kévin Duverne,1715.0,card,42,,,,,,yellow,sofascore
8738518,73056.0,Mehdi Abeid,1647.0,card,38,,,,,,yellow,sofascore
8738518,806076.0,Ludovic Blas,1647.0,goal,30,,,,,,regular,sofascore
8738518,871706.0,Randal Kolo Muani,1647.0,goal,16,,,,,,regular,sofascore
8738519,,,,period,90,,,,,,,sofascore
8738519,93570.0,Arnaud Souquet,1642.0,card,90,,,,,,yellow,sofascore
8738519,877979.0,Willem Geubbels,1653.0,card,90,,,,,,yellow,sofascore
8738519,603738.0,Junior Sambia,1642.0,substitution,90,,,,,,regular,sofascore
8738519,123229.0,Jordan Ferri,1642.0,substitution,73,,,,,,regular,sofascore
8738519,845083.0,Keagan Dolly,1642.0,substitution,73,,,,,,regular,sofascore
8738519,839226.0,Pietro Pellegri,1653.0,card,73,,,,,,yellow,sofascore
8738519,839226.0,Pietro Pellegri,1653.0,substitution,71,,,,,,regular,sofascore
8738519,119192.0,Wissam Ben Yedder,1653.0,goal,70,,,,,,penalty,sofascore
8738519,38688.0,Damien Le Tallec,1642.0,substitution,61,,,,,,regular,sofascore
8738519,845170.0,Caio Henrique,1653.0,substitution,59,,,,,,regular,sofascore
8738519,877979.0,Willem Geubbels,1653.0,substitution,59,,,,,,regular,sofascore
8738519,518.0,Cesc Fàbregas,1653.0,substitution,59,,,,,,regular,sofascore
8738519,605338.0,Stephy Mavididi,1642.0,goal,51,,,,,,regular,sofascore
8738519,37126.0,Stevan Jovetić,1653.0,substitution,46,,,,,,regular,sofascore
8738519,605338.0,Stephy Mavididi,1642.0,substitution,46,,,,,,regular,sofascore
8738519,,,,period,45,,,,,,,sofascore
8738519,,,,injuryTime,45,,,,,,,sofascore
8738519,156682.0,Teji Savanier,1642.0,card,19,,,,,,red,sofascore
8738520,,,,period,90,,,,,,,sofascore
8738520,,,,injuryTime,90,,,,,,,sofascore
8738520,787540.0,Angelo Fulgini,1684.0,card,86,,,,,,yellow,sofascore
8738520,122921.0,Vincent Pajot,1651.0,card,84,,,,,,yellow,sofascore
8738520,848537.0,Boubakar Kouyaté,1651.0,substitution,83,,,,,,injury,sofascore
8738520,991359.0,Papa Ndiaga Yade,1651.0,substitution,77,,,,,,regular,sofascore
8738520,157683.0,Rachid Alioui,1684.0,substitution,76,,,,,,regular,sofascore
8738520,25506.0,Ismaël Traoré,1684.0,card,72,,,,,,yellow,sofascore
8738520,862821.0,Youssef Maziz,1651.0,substitution,71,,,,,,regular,sofascore
8738520,787542.0,Sada Thioub,1684.0,substitution,60,,,,,,regular,sofascore
8738520,308130.0,Jimmy Cabot,1684.0,substitution,46,,,,,,regular,sofascore
8738520,51371.0,Vincent Manceau,1684.0,substitution,46,,,,,,regular,sofascore
8738520,848279.0,Enzo Ebosse,1684.0,substitution,46,,,,,,regular,sofascore
8738520,,,,period,45,,,,,,,sofascore
8738520,,,,injuryTime,45,,,,,,,sofascore
8738520,250453.0,Opa Nguette,1651.0,goal,39,,,,,,regular,sofascore
8738520,14142.0,Thomas Mangani,1684.0,goal,38,,,,,,penalty,sofascore
8738520,787827.0,Matthieu Udol,1651.0,card,37,,,,,,yellow,sofascore
8738520,73979.0,Romain Thomas,1684.0,card,36,,,,,,yellow,sofascore
8738520,366760.0,Souleyman Doumbia,1684.0,card,14,,,,,,yellow,sofascore
8738521,,,,period,90,,,,,,,sofascore
8738521,280553.0,Anastasios Donis,1682.0,card,90,,,,,,red,sofascore
8738521,,,,injuryTime,90,,,,,,,sofascore
8738521,122807.0,Jonathan Delaplace,1656.0,substitution,83,,,,,,regular,sofascore
8738521,26890.0,Fabien Lemoine,1656.0,substitution,83,,,,,,regular,sofascore
8738521,280553.0,Anastasios Donis,1682.0,substitution,81,,,,,,regular,sofascore
8738521,894396.0,Terem Moffi,1656.0,goal,80,,,,,,regular,sofascore
8738521,150865.0,Thomas Monconduit,1656.0,substitution,76,,,,,,regular,sofascore
8738521,932643.0,Armand Laurienté,1656.0,substitution,76,,,,,,regular,sofascore
8738521,579596.0,Moussa Doumbia,1682.0,substitution,73,,,,,,regular,sofascore
8738521,282095.0,Adrian Grbić,1656.0,substitution,73,,,,,,injury,sofascore
8738521,845750.0,Moreto Cassama,1682.0,card,70,,,,,,red,sofascore
8738521,845750.0,Moreto Cassama,1682.0,varDecision,68,,,,,,cardUpgrade,sofascore
8738521,805123.0,Yoane Wissa,1656.0,goal,65,,,,,,penalty,sofascore
8738521,857471.0,Pierre-Yves Hamel,1656.0,goal,61,,,,,,regular,sofascore
8738521,791048.0,Julien Laporte,1656.0,varDecision,58,,,,,,goalAwarded,sofascore
8738521,361696.0,Wout Faes,1682.0,card,53,,,,,,yellow,sofascore
8738521,1085101.0,Mouhamadou Drammeh,1682.0,card,48,,,,,,yellow,sofascore
8738521,1085101.0,Mouhamadou Drammeh,1682.0,substitution,46,,,,,,regular,sofascore
8738521,,,,period,45,,,,,,,sofascore
8738521,1048422.0,Hugo Ekitiké,1682.0,card,45,,,,,,yellow,sofascore
8738521,,,,injuryTime,45,,,,,,,sofascore
8738521,1048422.0,Hugo Ekitiké,1682.0,substitution,35,,,,,,injury,sofascore
8738521,857471.0,Pierre-Yves Hamel,1656.0,card,34,,,,,,yellow,sofascore
8738521,157029.0,Xavier Chavalerin,1682.0,card,19,,,,,,yellow,sofascore
8738521,845750.0,Moreto Cassama,1682.0,goal,15,,,,,,regular,sofascore
8738522,,,,period,90,,,,,,,sofascore
8738522,,,,injuryTime,90,,,,,,,sofascore
8738522,140992.0,Valère Germain,1641.0,substitution,87,,,,,,injury,sofascore
8738522,34221.0,Kevin Strootman,1641.0,substitution,86,,,,,,regular,sofascore
8738522,977679.0,Luís Henrique,1641.0,substitution,86,,,,,,regular,sofascore
8738522,852145.0,Josh Maja,1645.0,goal,83,,,,,,regular,sofascore
8738522,988839.0,Marley Aké,1641.0,substitution,78,,,,,,regular,sofascore
8738522,879694.0,Pape Gueye,1641.0,substitution,73,,,,,,regular,sofascore
8738522,257091.0,Duje Ćaleta-Car,1641.0,card,72,,,,,,yellow,sofascore
8738522,3209.0,Jimmy Briand,1645.0,substitution,71,,,,,,regular,sofascore
8738522,925837.0,Mehdi Zerkane,1645.0,substitution,71,,,,,,regular,sofascore
8738522,852145.0,Josh Maja,1645.0,substitution,66,,,,,,regular,sofascore
8738522,791314.0,Hwang Ui-Jo,1645.0,substitution,65,,,,,,regular,sofascore
8738522,152734.0,Maxime Poundjé,1645.0,substitution,65,,,,,,injury,sofascore
8738522,243735.0,Pablo,1641.0,goal,64,,,,,,ownGoal,sofascore
8738522,342915.0,Jordan Amavi,1641.0,goal,54,,,,,,regular,sofascore
8738522,250133.0,Morgan Sanson,1641.0,card,49,,,,,,yellow,sofascore
8738522,,,,period,45,,,,,,,sofascore
8738522,,,,injuryTime,45,,,,,,,sofascore
8738522,148824.0,Florian Thauvin,1641.0,inGamePenalty,14,,,,,,missed,sofascore
8738522,48335.0,Hiroki Sakai,1641.0,card,7,,,,,,yellow,sofascore
8738522,148824.0,Florian Thauvin,1641.0,goal,5,,,,,,regular,sofascore
8738522,859024.0,Yacine Adli,1645.0,card,4,,,,,,yellow,sofascore
8738523,,,,period,90,,,,,,,sofascore
8738523,74139.0,Romain Hamouma,1678.0,card,90,,,,,,yellow,sofascore
8738523,851262.0,Myziane Maolida,1661.0,goal,90,,,,,,regular,sofascore
8738523,,,,injuryTime,90,,,,,,,sofascore
8738523,944327.0,Dan Ndoye,1661.0,substitution,83,,,,,,regular,sofascore
8738523,330063.0,Danilo Barbosa,1661.0,substitution,82,,,,,,regular,sofascore
8738523,941163.0,Bilal Benkhedim,1678.0,substitution,79,,,,,,regular,sofascore
8738523,923186.0,Robson Bambu,1661.0,card,73,,,,,,yellow,sofascore
8738523,1014408.0,Maxence Rivera,1678.0,substitution,72,,,,,,regular,sofascore
8738523,851262.0,Myziane Maolida,1661.0,substitution,72,,,,,,regular,sofascore
8738523,795128.0,Harold Moukoudi,1678.0,card,72,,,,,,yellow,sofascore
8738523,796279.0,Jordan Lotomba,1661.0,card,68,,,,,,yellow,sofascore
8738523,249859.0,Walter Benítez,1661.0,card,67,,,,,,yellow,sofascore
8738523,904991.0,Stanley Nsoki,1661.0,card,58,,,,,,yellow,sofascore
8738523,962877.0,Adil Aouchiche,1678.0,goal,57,,,,,,regular,sofascore
8738523,1012657.0,Lucas Gourna-Douath,1678.0,substitution,57,,,,,,regular,sofascore
8738523,351434.0,Hassane Kamara,1661.0,card,49,,,,,,yellow,sofascore
8738523,247665.0,Miguel Trauco,1678.0,substitution,46,,,,,,regular,sofascore
8738523,760618.0,Denis Bouanga,1678.0,substitution,46,,,,,,regular,sofascore
8738523,,,,period,45,,,,,,,sofascore
8738523,859026.0,Amine Gouiri,1661.0,goal,30,,,,,,regular,sofascore
8738523,801306.0,Pierre Lees Melou,1661.0,goal,8,,,,,,regular,sofascore
8738524,,,,period,90,,,,,,,sofascore
8738524,,,,injuryTime,90,,,,,,,sofascore
8738524,158573.0,Adama Soumaoro,1643.0,substitution,82,,,,,,regular,sofascore
8738524,1047364.0,Ismaël Boura,1648.0,substitution,81,,,,,,regular,sofascore
8738524,827804.0,Yusuf Yazıcı,1643.0,goal,79,,,,,,regular,sofascore
8738524,887581.0,Boubakary Soumaré,1643.0,substitution,76,,,,,,regular,sofascore
8738524,827804.0,Yusuf Yazıcı,1643.0,substitution,76,,,,,,regular,sofascore
8738524,836678.0,Clément Michelin,1648.0,card,75,,,,,,red,sofascore
8738524,836678.0,Clément Michelin,1648.0,substitution,71,,,,,,regular,sofascore
8738524,825945.0,Simon Banza,1648.0,substitution,71,,,,,,regular,sofascore
8738524,802142.0,Jonathan Ikoné,1643.0,goal,69,,,,,,regular,sofascore
8738524,858705.0,Xeka,1643.0,substitution,65,,,,,,regular,sofascore
8738524,802142.0,Jonathan Ikoné,1643.0,substitution,65,,,,,,regular,sofascore
8738524,593546.0,Tony Mauricio,1648.0,substitution,60,,,,,,regular,sofascore
8738524,369650.0,Jonathan Gradit,1648.0,card,57,,,,,,yellowRed,sofascore
8738524,595576.0,Jonathan Bamba,1643.0,goal,48,,,,,,regular,sofascore
8738524,954061.0,Arnaud Kalimuendo,1648.0,substitution,46,,,,,,regular,sofascore
8738524,,,,period,45,,,,,,,sofascore
8738524,,,,injuryTime,45,,,,,,,sofascore
8738524,369650.0,Jonathan Gradit,1648.0,card,30,,,,,,yellow,sofascore
8738524,51363.0,Yannick Cahuzac,1648.0,card,18,,,,,,yellow,sofascore
8738524,18864.0,Burak Yılmaz,1643.0,goal,11,,,,,,regular,sofascore
8738525,,,,period,90,,,,,,,sofascore
8738525,897623.0,Alex Dobre,1686.0,substitution,90,,,,,,regular,sofascore
8738525,,,,injuryTime,90,,,,,,,sofascore
8738525,139273.0,Daniele Rugani,1658.0,card,88,,,,,,yellow,sofascore
8738525,385386.0,Dalbert,1658.0,card,86,,,,,,yellow,sofascore
8738525,826551.0,Pape Cheikh,1686.0,card,83,,,,,,yellow,sofascore
8738525,934386.0,Jérémy Doku,1658.0,substitution,81,,,,,,regular,sofascore
8738525,283083.0,Adrien Hunou,1658.0,substitution,81,,,,,,regular,sofascore
8738525,826551.0,Pape Cheikh,1686.0,substitution,79,,,,,,regular,sofascore
8738525,309510.0,Jordan Marié,1686.0,substitution,78,,,,,,regular,sofascore
8738525,785438.0,Saturnin Allagbe,1686.0,card,70,,,,,,yellow,sofascore
8738525,123264.0,Jonas Martin,1658.0,substitution,64,,,,,,regular,sofascore
8738525,911851.0,Yann Gboho,1658.0,substitution,64,,,,,,regular,sofascore
8738525,973887.0,Eduardo Camavinga,1658.0,substitution,64,,,,,,regular,sofascore
8738525,915567.0,Aurélien Scheidler,1686.0,substitution,64,,,,,,regular,sofascore
8738525,208234.0,Fouad Chafik,1686.0,card,58,,,,,,yellow,sofascore
8738525,557166.0,Mama Baldé,1686.0,goal,53,,,,,,regular,sofascore
8738525,880525.0,Ngonda Muzinga,1686.0,substitution,46,,,,,,regular,sofascore
8738525,,,,period,45,,,,,,,sofascore
8738525,,,,injuryTime,45,,,,,,,sofascore
8738525,846445.0,Martin Terrier,1658.0,goal,24,,,,,,regular,sofascore
8738525,786029.0,Didier Ndong,1686.0,card,5,,,,,,yellow,sofascore
8738526,,,,period,90,,,,,,,sofascore
8738526,,,,injuryTime,90,,,,,,,sofascore
8738526,156682.0,Teji Savanier,1642.0,card,89,,,,,,yellow,sofascore
8738526,605338.0,Stephy Mavididi,1642.0,substitution,87,,,,,,regular,sofascore
8738526,247445.0,Renaud Ripart,1663.0,goal,84,,,,,,regular,sofascore
8738526,976396.0,Joris Chotard,1642.0,substitution,82,,,,,,regular,sofascore
8738526,603738.0,Junior Sambia,1642.0,substitution,82,,,,,,regular,sofascore
8738526,234230.0,Florent Mollet,1642.0,substitution,75,,,,,,regular,sofascore
8738526,159739.0,Ambroise Oyongo,1642.0,substitution,75,,,,,,regular,sofascore
8738526,51421.0,Nolan Roux,1663.0,substitution,63,,,,,,regular,sofascore
8738526,,,,period,45,,,,,,,sofascore
8738526,93570.0,Arnaud Souquet,1642.0,card,43,,,,,,yellow,sofascore
8738526,558522.0,Anthony Briançon,1663.0,card,34,,,,,,yellow,sofascore
8738527,,,,period,90,,,,,,,sofascore
8738527,877102.0,Nayef Aguerd,1658.0,card,90,,,,,,yellow,sofascore
8738527,,,,injuryTime,90,,,,,,,sofascore
8738527,855847.0,Kaj Sierhuis,1682.0,substitution,82,,,,,,regular,sofascore
8738527,123264.0,Jonas Martin,1658.0,substitution,79,,,,,,regular,sofascore
8738527,98197.0,Valon Berisha,1682.0,substitution,71,,,,,,regular,sofascore
8738527,894733.0,Marshall Munetsi,1682.0,card,70,,,,,,yellow,sofascore
8738527,960080.0,Boulaye Dia,1682.0,goal,66,,,,,,regular,sofascore
8738527,816810.0,Mathieu Cafaro,1682.0,substitution,65,,,,,,regular,sofascore
8738527,789984.0,Dereck Kutesa,1682.0,substitution,65,,,,,,regular,sofascore
8738527,825681.0,Romain Del Castillo,1658.0,substitution,65,,,,,,regular,sofascore
8738527,157029.0,Xavier Chavalerin,1682.0,card,57,,,,,,yellow,sofascore
8738527,973887.0,Eduardo Camavinga,1658.0,card,54,,,,,,yellow,sofascore
8738527,845183.0,Yehvann Diouf,1682.0,substitution,46,,,,,,regular,sofascore
8738527,,,,period,45,,,,,,,sofascore
8738527,361696.0,Wout Faes,1682.0,card,40,,,,,,yellow,sofascore
8738527,312388.0,Flavien Tait,1658.0,card,38,,,,,,yellow,sofascore
8738527,74083.0,Damien Da Silva,1658.0,goal,37,,,,,,regular,sofascore
8738527,74083.0,Damien Da Silva,1658.0,card,35,,,,,,yellow,sofascore
8738527,831005.0,Raphinha,1658.0,goal,24,,,,,,regular,sofascore
8738527,178721.0,Yunis Abdelhamid,1682.0,goal,11,,,,,,regular,sofascore
8738528,,,,period,90,,,,,,,sofascore
8738528,188107.0,Predrag Rajković,1682.0,card,90,,,,,,yellow,sofascore
8738528,,,,injuryTime,90,,,,,,,sofascore
8738528,37761.0,Jérémy Pied,1643.0,substitution,87,,,,,,injury,sofascore
8738528,157029.0,Xavier Chavalerin,1682.0,card,81,,,,,,yellow,sofascore
8738528,914877.0,Fraser Hornby,1682.0,card,80,,,,,,yellow,sofascore
8738528,827804.0,Yusuf Yazıcı,1643.0,substitution,79,,,,,,regular,sofascore
8738528,855810.0,Tim Weah,1643.0,substitution,79,,,,,,regular,sofascore
8738528,914877.0,Fraser Hornby,1682.0,substitution,76,,,,,,regular,sofascore
8738528,855847.0,Kaj Sierhuis,1682.0,substitution,76,,,,,,regular,sofascore
8738528,361696.0,Wout Faes,1682.0,card,75,,,,,,yellow,sofascore
8738528,840451.0,Luiz Araújo,1643.0,substitution,69,,,,,,regular,sofascore
8738528,227892.0,Arbër Zeneli,1682.0,substitution,60,,,,,,regular,sofascore
8738528,280553.0,Anastasios Donis,1682.0,substitution,60,,,,,,regular,sofascore
8738528,,,,period,45,,,,,,,sofascore
8738528,,,,injuryTime,45,,,,,,,sofascore
8738528,893008.0,Zeki Çelik,1643.0,card,34,,,,,,yellow,sofascore
8738528,595576.0,Jonathan Bamba,1643.0,goal,32,,,,,,regular,sofascore
8738528,98197.0,Valon Berisha,1682.0,substitution,31,,,,,,injury,sofascore
8738529,,,,period,90,,,,,,,sofascore
8738529,980403.0,Isaac Lihadji,1643.0,substitution,90,,,,,,regular,sofascore
8738529,855810.0,Tim Weah,1643.0,substitution,90,,,,,,regular,sofascore
8738529,,,,injuryTime,90,,,,,,,sofascore
8738529,122922.0,Lionel Carole,1659.0,substitution,86,,,,,,regular,sofascore
8738529,858705.0,Xeka,1643.0,substitution,74,,,,,,regular,sofascore
8738529,827804.0,Yusuf Yazıcı,1643.0,substitution,74,,,,,,regular,sofascore
8738529,829093.0,Ibrahima Sissoko,1659.0,substitution,69,,,,,,regular,sofascore
8738529,891793.0,Kévin Zohi,1659.0,substitution,69,,,,,,regular,sofascore
8738529,18864.0,Burak Yılmaz,1643.0,goal,68,,,,,,regular,sofascore
8738529,802142.0,Jonathan Ikoné,1643.0,substitution,62,,,,,,regular,sofascore
8738529,840451.0,Luiz Araújo,1643.0,card,59,,,,,,yellow,sofascore
8738529,102291.0,Idriss Saadi,1659.0,substitution,58,,,,,,regular,sofascore
8738529,231946.0,Adrien Thomasson,1659.0,substitution,58,,,,,,regular,sofascore
8738529,318967.0,Renato Sanches,1643.0,goal,53,,,,,,regular,sofascore
8738529,,,,period,45,,,,,,,sofascore
8738529,,,,injuryTime,45,,,,,,,sofascore
8738529,289977.0,Alexander Djiku,1659.0,card,42,,,,,,yellow,sofascore
8738529,893008.0,Zeki Çelik,1643.0,goal,21,,,,,,regular,sofascore
8738530,,,,period,90,,,,,,,sofascore
8738530,138573.0,Pablo Sarabia,1644.0,goal,88,,,,,,regular,sofascore
8738530,1067123.0,Marco Majouga,1663.0,substitution,85,,,,,,regular,sofascore
8738530,881952.0,Matteo Ahlinvi,1663.0,substitution,85,,,,,,regular,sofascore
8738530,796085.0,Moussa Koné,1663.0,substitution,85,,,,,,regular,sofascore
8738530,962872.0,Kays Ruiz-Atil,1644.0,substitution,84,,,,,,regular,sofascore
8738530,110781.0,Jesé Rodríguez,1644.0,substitution,84,,,,,,regular,sofascore
8738530,826643.0,Kylian Mbappé,1644.0,goal,83,,,,,,regular,sofascore
8738530,152420.0,Alessandro Florenzi,1644.0,goal,77,,,,,,regular,sofascore
8738530,974418.0,Karim Aribi,1663.0,substitution,67,,,,,,regular,sofascore
8738530,941300.0,Colin Dagba,1644.0,substitution,58,,,,,,regular,sofascore
8738530,144976.0,Pablo Martinez,1663.0,substitution,54,,,,,,regular,sofascore
8738530,,,,period,45,,,,,,,sofascore
8738530,,,,injuryTime,45,,,,,,,sofascore
8738530,826643.0,Kylian Mbappé,1644.0,goal,32,,,,,,regular,sofascore
8738530,106337.0,Idrissa Gana Gueye,1644.0,card,20,,,,,,yellow,sofascore
8738530,96367.0,Rafinha Alcântara,1644.0,card,18,,,,,,yellow,sofascore
8738530,143871.0,Loïck Landre,1663.0,card,12,,,,,,red,sofascore
8738530,82474.0,Ander Herrera,1644.0,substitution,11,,,,,,injury,sofascore
8738530,51349.0,Lucas Deaux,1663.0,card,6,,,,,,yellow,sofascore
8738531,,,,period,90,,,,,,,sofascore
8738531,944327.0,Dan Ndoye,1661.0,substitution,90,,,,,,regular,sofascore
8738531,,,,injuryTime,90,,,,,,,sofascore
8738531,365358.0,Dimitri Liénard,1659.0,substitution,83,,,,,,regular,sofascore
8738531,988732.0,Alexis Trouillet,1661.0,substitution,78,,,,,,regular,sofascore
8738531,289977.0,Alexander Djiku,1659.0,card,73,,,,,,yellow,sofascore
8738531,846471.0,Anthony Caci,1659.0,substitution,64,,,,,,regular,sofascore
8738531,891793.0,Kévin Zohi,1659.0,substitution,64,,,,,,regular,sofascore
8738531,102291.0,Idriss Saadi,1659.0,substitution,63,,,,,,regular,sofascore
8738531,190147.0,Rony Lopes,1661.0,substitution,62,,,,,,regular,sofascore
8738531,795761.0,Kasper Dolberg,1661.0,goal,59,,,,,,regular,sofascore
8738531,109851.0,Majeed Waris,1659.0,substitution,46,,,,,,injury,sofascore
8738531,,,,period,45,,,,,,,sofascore
8738531,795761.0,Kasper Dolberg,1661.0,card,45,,,,,,yellow,sofascore
8738531,,,,injuryTime,45,,,,,,,sofascore
8738531,801306.0,Pierre Lees Melou,1661.0,card,42,,,,,,yellow,sofascore
8738531,795761.0,Kasper Dolberg,1661.0,goal,37,,,,,,penalty,sofascore
8738531,51444.0,Lamine Koné,1659.0,card,36,,,,,,yellow,sofascore
8738531,962374.0,Eddy Sylvestre,1661.0,card,27,,,,,,yellow,sofascore
8738531,3577.0,Dante,1661.0,card,24,,,,,,yellow,sofascore
8738531,27009.0,Morgan Schneiderlin,1661.0,card,17,,,,,,yellow,sofascore
8738531,796279.0,Jordan Lotomba,1661.0,card,13,,,,,,yellow,sofascore
8738532,,,,period,90,,,,,,,sofascore
8738532,,,,injuryTime,90,,,,,,,sofascore
8738532,802665.0,Nemanja Radonjić,1641.0,card,86,,,,,,yellow,sofascore
8738532,866469.0,Bruno Guimarães,1649.0,card,86,,,,,,yellow,sofascore
8738532,979128.0,Rayan Cherki,1649.0,substitution,85,,,,,,regular,sofascore
8738532,996951.0,Sinaly Diomandé,1649.0,substitution,84,,,,,,injury,sofascore
8738532,318653.0,Moussa Dembélé,1649.0,substitution,77,,,,,,regular,sofascore
8738532,352802.0,Maxime López,1641.0,substitution,75,,,,,,regular,sofascore
8738532,138833.0,Memphis Depay,1649.0,substitution,69,,,,,,regular,sofascore
8738532,866469.0,Bruno Guimarães,1649.0,substitution,69,,,,,,regular,sofascore
8738532,802665.0,Nemanja Radonjić,1641.0,substitution,61,,,,,,regular,sofascore
8738532,879694.0,Pape Gueye,1641.0,substitution,61,,,,,,regular,sofascore
8738532,,,,period,45,,,,,,,sofascore
8738532,,,,injuryTime,45,,,,,,,sofascore
8738532,842931.0,Karl Toko Ekambi,1649.0,varDecision,45,,,,,,goalAwarded,sofascore
8738532,846081.0,Houssem Aouar,1649.0,goal,28,,,,,,penalty,sofascore
8738532,14216.0,Dimitri Payet,1641.0,card,19,,,,,,red,sofascore
8738532,14216.0,Dimitri Payet,1641.0,varDecision,18,,,,,,cardUpgrade,sofascore
8738532,14216.0,Dimitri Payet,1641.0,goal,16,,,,,,regular,sofascore
8738532,257091.0,Duje Ćaleta-Car,1641.0,card,4,,,,,,yellow,sofascore
8738533,,,,period,90,,,,,,,sofascore
8738533,,,,injuryTime,90,,,,,,,sofascore
8738533,861324.0,Hugo Magnetti,1715.0,substitution,88,,,,,,regular,sofascore
8738533,963198.0,Chrislain Matsima,1653.0,card,84,,,,,,yellow,sofascore
8738533,280453.0,Franck Honorat,1715.0,substitution,79,,,,,,regular,sofascore
8738533,72805.0,Paul Lasne,1715.0,card,77,,,,,,yellow,sofascore
8738533,877979.0,Willem Geubbels,1653.0,substitution,74,,,,,,regular,sofascore
8738533,839226.0,Pietro Pellegri,1653.0,substitution,74,,,,,,regular,sofascore
8738533,965331.0,Giulian Biancone,1653.0,card,72,,,,,,yellow,sofascore
8738533,345035.0,Steve Mounié,1715.0,card,68,,,,,,yellow,sofascore
8738533,957889.0,Enzo Millot,1653.0,substitution,65,,,,,,regular,sofascore
8738533,37126.0,Stevan Jovetić,1653.0,substitution,65,,,,,,regular,sofascore
8738533,117373.0,Kevin Volland,1653.0,card,52,,,,,,yellow,sofascore
8738533,855845.0,Florentino Luís,1653.0,substitution,46,,,,,,regular,sofascore
8738533,,,,period,45,,,,,,,sofascore
8738533,,,,injuryTime,45,,,,,,,sofascore
8738533,364618.0,Gelson Martins,1653.0,card,37,,,,,,yellow,sofascore
8738533,913942.0,Romain Faivre,1715.0,goal,8,,,,,,regular,sofascore
8738533,580642.0,Haris Belkebla,1715.0,card,7,,,,,,yellow,sofascore
8738534,,,,period,90,,,,,,,sofascore
8738534,862821.0,Youssef Maziz,1651.0,substitution,90,,,,,,injury,sofascore
8738534,869839.0,Umut Bozok,1656.0,substitution,90,,,,,,regular,sofascore
8738534,,,,injuryTime,90,,,,,,,sofascore
8738534,805123.0,Yoane Wissa,1656.0,card,86,,,,,,yellow,sofascore
8738534,940360.0,Warren Tchimbembé,1651.0,substitution,84,,,,,,regular,sofascore
8738534,16460.0,Sylvain Marveaux,1656.0,substitution,80,,,,,,regular,sofascore
8738534,834881.0,Stéphane Diarra,1656.0,substitution,70,,,,,,regular,sofascore
8738534,282095.0,Adrian Grbić,1656.0,substitution,70,,,,,,regular,sofascore
8738534,984014.0,Enzo Le Fée,1656.0,substitution,69,,,,,,regular,sofascore
8738534,991359.0,Papa Ndiaga Yade,1651.0,substitution,65,,,,,,regular,sofascore
8738534,880775.0,Ibrahima Niane,1651.0,goal,64,,,,,,regular,sofascore
8738534,880775.0,Ibrahima Niane,1651.0,goal,59,,,,,,regular,sofascore
8738534,296434.0,Laurent Abergel,1656.0,card,52,,,,,,yellow,sofascore
8738534,,,,period,45,,,,,,,sofascore
8738534,880775.0,Ibrahima Niane,1651.0,goal,44,,,,,,penalty,sofascore
8738534,156009.0,Victorien Angban,1651.0,card,40,,,,,,yellow,sofascore
8738534,857471.0,Pierre-Yves Hamel,1656.0,goal,36,,,,,,regular,sofascore
8738535,,,,period,90,,,,,,,sofascore
8738535,149730.0,Gaëtan Laborde,1642.0,goal,90,,,,,,regular,sofascore
8738535,,,,injuryTime,90,,,,,,,sofascore
8738535,979311.0,Samy Benchama,1642.0,substitution,88,,,,,,regular,sofascore
8738535,845083.0,Keagan Dolly,1642.0,substitution,88,,,,,,regular,sofascore
8738535,66309.0,Petar Škuletić,1642.0,substitution,88,,,,,,regular,sofascore
8738535,825681.0,Romain Del Castillo,1658.0,substitution,87,,,,,,regular,sofascore
8738535,911851.0,Yann Gboho,1658.0,substitution,87,,,,,,regular,sofascore
8738535,973887.0,Eduardo Camavinga,1658.0,goal,77,,,,,,regular,sofascore
8738535,846445.0,Martin Terrier,1658.0,card,73,,,,,,red,sofascore
8738535,123264.0,Jonas Martin,1658.0,substitution,72,,,,,,regular,sofascore
8738535,324399.0,Benjamin Bourigeaud,1658.0,card,71,,,,,,yellow,sofascore
8738535,328027.0,Serhou Guirassy,1658.0,substitution,65,,,,,,regular,sofascore
8738535,603738.0,Junior Sambia,1642.0,substitution,63,,,,,,regular,sofascore
8738535,159739.0,Ambroise Oyongo,1642.0,substitution,62,,,,,,regular,sofascore
8738535,363774.0,Mihailo Ristić,1642.0,card,60,,,,,,yellow,sofascore
8738535,74083.0,Damien Da Silva,1658.0,card,56,,,,,,yellow,sofascore
8738535,51652.0,Steven​ N'Zonzi,1658.0,card,53,,,,,,yellow,sofascore
8738535,,,,period,45,,,,,,,sofascore
8738535,156682.0,Teji Savanier,1642.0,card,45,,,,,,yellow,sofascore
8738535,,,,injuryTime,45,,,,,,,sofascore
8738535,234230.0,Florent Mollet,1642.0,card,43,,,,,,red,sofascore
8738535,234230.0,Florent Mollet,1642.0,varDecision,42,,,,,,cardUpgrade,sofascore
8738535,38688.0,Damien Le Tallec,1658.0,goal,22,,,,,,ownGoal,sofascore
8738536,,,,period,90,,,,,,,sofascore
8738536,124712.0,Neymar,1644.0,card,90,,,,,,red,sofascore
8738536,124712.0,Neymar,1644.0,varDecision,90,,,,,,cardUpgrade,sofascore
8738536,255389.0,Leandro Paredes,1644.0,card,90,,,,,,yellowRed,sofascore
8738536,122630.0,Darío Benedetto,1641.0,card,90,,,,,,yellowRed,sofascore
8738536,342915.0,Jordan Amavi,1641.0,card,90,,,,,,red,sofascore
8738536,135775.0,Layvin Kurzawa,1644.0,card,90,,,,,,red,sofascore
8738536,34221.0,Kevin Strootman,1641.0,card,90,,,,,,yellow,sofascore
8738536,,,,injuryTime,90,,,,,,,sofascore
8738536,941300.0,Colin Dagba,1644.0,substitution,84,,,,,,regular,sofascore
8738536,135775.0,Layvin Kurzawa,1644.0,substitution,84,,,,,,regular,sofascore
8738536,802665.0,Nemanja Radonjić,1641.0,substitution,77,,,,,,regular,sofascore
8738536,140992.0,Valère Germain,1641.0,substitution,77,,,,,,regular,sofascore
8738536,30027.0,Ángel Di María,1644.0,card,74,,,,,,yellow,sofascore
8738536,255389.0,Leandro Paredes,1644.0,card,72,,,,,,yellow,sofascore
8738536,255389.0,Leandro Paredes,1644.0,substitution,71,,,,,,regular,sofascore
8738536,122630.0,Darío Benedetto,1641.0,card,71,,,,,,yellow,sofascore
8738536,34221.0,Kevin Strootman,1641.0,substitution,68,,,,,,regular,sofascore
8738536,352802.0,Maxime López,1641.0,card,61,,,,,,yellow,sofascore
8738536,142680.0,Julian Draxler,1644.0,substitution,61,,,,,,regular,sofascore
8738536,122630.0,Darío Benedetto,1641.0,substitution,58,,,,,,regular,sofascore
8738536,96368.0,Juan Bernat,1644.0,card,52,,,,,,yellow,sofascore
8738536,150212.0,Álvaro González,1641.0,card,50,,,,,,yellow,sofascore
8738536,,,,period,45,,,,,,,sofascore
8738536,,,,injuryTime,45,,,,,,,sofascore
8738536,879694.0,Pape Gueye,1641.0,card,38,,,,,,yellow,sofascore
8738536,148824.0,Florian Thauvin,1641.0,goal,31,,,,,,regular,sofascore
8738536,152420.0,Alessandro Florenzi,1644.0,card,13,,,,,,yellow,sofascore
8738536,14216.0,Dimitri Payet,1641.0,card,11,,,,,,yellow,sofascore
8738536,124712.0,Neymar,1644.0,card,11,,,,,,yellow,sofascore
8738536,48335.0,Hiroki Sakai,1641.0,card,7,,,,,,yellow,sofascore
8738537,,,,period,90,,,,,,,sofascore
8738537,,,,injuryTime,90,,,,,,,sofascore
8738537,942834.0,Cheick Tidiane Sabaly,1651.0,substitution,79,,,,,,regular,sofascore
8738537,877979.0,Willem Geubbels,1653.0,substitution,76,,,,,,regular,sofascore
8738537,37126.0,Stevan Jovetić,1653.0,substitution,76,,,,,,regular,sofascore
8738537,339909.0,Guillermo Maripán,1653.0,substitution,75,,,,,,regular,sofascore
8738537,356024.0,Thierry Ambrose,1651.0,substitution,70,,,,,,regular,sofascore
8738537,991359.0,Papa Ndiaga Yade,1651.0,substitution,70,,,,,,regular,sofascore
8738537,802159.0,Habibou Diallo,1651.0,substitution,59,,,,,,regular,sofascore
8738537,156004.0,Jean-Eudes Aholou,1653.0,substitution,59,,,,,,regular,sofascore
8738537,859025.0,Aurélien Tchouaméni,1653.0,card,49,,,,,,yellow,sofascore
8738537,945062.0,Youssouf Fofana,1653.0,card,46,,,,,,yellowRed,sofascore
8738537,,,,period,45,,,,,,,sofascore
8738537,,,,injuryTime,45,,,,,,,sofascore
8738537,364618.0,Gelson Martins,1653.0,card,42,,,,,,yellow,sofascore
8738537,945062.0,Youssouf Fofana,1653.0,card,24,,,,,,yellow,sofascore
8738537,904827.0,Benoît Badiashile,1653.0,goal,22,,,,,,regular,sofascore
8738537,579576.0,Ruben Aguilar,1653.0,card,19,,,,,,yellow,sofascore
8738537,944164.0,Sofiane Diop,1653.0,substitution,16,,,,,,injury,sofascore
8738538,,,,period,90,,,,,,,sofascore
8738538,782240.0,Assane Dioussé,1678.0,substitution,90,,,,,,injury,sofascore
8738538,,,,injuryTime,90,,,,,,,sofascore
8738538,16460.0,Sylvain Marveaux,1656.0,substitution,86,,,,,,regular,sofascore
8738538,940328.0,Jean-Philippe Krasso,1678.0,substitution,82,,,,,,injury,sofascore
8738538,923894.0,Wesley Fofana,1678.0,card,78,,,,,,yellow,sofascore
8738538,834881.0,Stéphane Diarra,1656.0,substitution,74,,,,,,regular,sofascore
8738538,16635.0,Kévin Monnet-Paquet,1678.0,substitution,72,,,,,,regular,sofascore
8738538,1014408.0,Maxence Rivera,1678.0,substitution,71,,,,,,regular,sofascore
8738538,32045.0,Yann M'Vila,1678.0,substitution,71,,,,,,regular,sofascore
8738538,857471.0,Pierre-Yves Hamel,1656.0,substitution,58,,,,,,regular,sofascore
8738538,869839.0,Umut Bozok,1656.0,substitution,58,,,,,,regular,sofascore
8738538,74139.0,Romain Hamouma,1678.0,goal,51,,,,,,regular,sofascore
8738538,,,,period,45,,,,,,,sofascore
8738538,984014.0,Enzo Le Fée,1656.0,card,28,,,,,,yellow,sofascore
8738538,869931.0,Yvan Neyou,1678.0,card,27,,,,,,yellow,sofascore
8738538,74139.0,Romain Hamouma,1678.0,goal,18,,,,,,regular,sofascore
8738539,,,,period,90,,,,,,,sofascore
8738539,861324.0,Hugo Magnetti,1715.0,card,90,,,,,,yellow,sofascore
8738539,,,,injuryTime,90,,,,,,,sofascore
8738539,44213.0,Gaëtan Charbonnier,1715.0,goal,89,,,,,,regular,sofascore
8738539,990820.0,Hianga'a M'Bock,1715.0,substitution,85,,,,,,regular,sofascore
8738539,861324.0,Hugo Magnetti,1715.0,substitution,85,,,,,,regular,sofascore
8738539,826293.0,Ronaël Pierre-Gabriel,1715.0,card,84,,,,,,yellow,sofascore
8738539,257091.0,Duje Ćaleta-Car,1641.0,goal,80,,,,,,regular,sofascore
8738539,140992.0,Valère Germain,1641.0,substitution,79,,,,,,regular,sofascore
8738539,51471.0,Julien Faussurier,1715.0,substitution,79,,,,,,regular,sofascore
8738539,845789.0,Heriberto Tavares,1715.0,substitution,79,,,,,,regular,sofascore
8738539,879694.0,Pape Gueye,1641.0,substitution,79,,,,,,regular,sofascore
8738539,581314.0,Valentin Rongier,1641.0,substitution,72,,,,,,regular,sofascore
8738539,1047296.0,Jérémy Le Douaron,1715.0,substitution,72,,,,,,regular,sofascore
8738539,988839.0,Marley Aké,1641.0,substitution,62,,,,,,regular,sofascore
8738539,928236.0,Leonardo Balerdi,1641.0,card,61,,,,,,yellow,sofascore
8738539,,,,period,45,,,,,,,sofascore
8738539,802665.0,Nemanja Radonjić,1641.0,card,45,,,,,,yellow,sofascore
8738539,913942.0,Romain Faivre,1715.0,goal,45,,,,,,regular,sofascore
8738539,,,,injuryTime,45,,,,,,,sofascore
8738539,342915.0,Jordan Amavi,1641.0,card,30,,,,,,yellow,sofascore
8738539,257091.0,Duje Ćaleta-Car,1641.0,varDecision,29,,,,,,goalNotAwarded,sofascore
8738539,257091.0,Duje Ćaleta-Car,1641.0,goal,27,,,,,,regular,sofascore
8738539,148824.0,Florian Thauvin,1641.0,goal,20,,,,,,regular,sofascore
8738539,826204.0,Boubacar Kamara,1641.0,card,8,,,,,,yellow,sofascore
8738541,,,,period,90,,,,,,,sofascore
8738541,804621.0,Lassana Coulibaly,1684.0,substitution,90,,,,,,regular,sofascore
8738541,152734.0,Maxime Poundjé,1645.0,substitution,90,,,,,,regular,sofascore
8738541,,,,injuryTime,90,,,,,,,sofascore
8738541,344751.0,Baptiste Santamaria,1684.0,card,84,,,,,,yellow,sofascore
8738541,1063235.0,Mohamed Ali Cho,1684.0,substitution,81,,,,,,regular,sofascore
8738541,757730.0,Antonin Bobichon,1684.0,substitution,80,,,,,,regular,sofascore
8738541,153440.0,Rubén Pardo,1645.0,substitution,78,,,,,,regular,sofascore
8738541,833030.0,Samuel Kalu,1645.0,substitution,78,,,,,,regular,sofascore
8738541,209768.0,Pierrick Capelle,1684.0,substitution,66,,,,,,regular,sofascore
8738541,153220.0,Stéphane Bahoken,1684.0,substitution,66,,,,,,regular,sofascore
8738541,3209.0,Jimmy Briand,1645.0,substitution,66,,,,,,regular,sofascore
8738541,798002.0,Toma Bašić,1645.0,card,65,,,,,,yellow,sofascore
8738541,111803.0,Youssouf Sabaly,1645.0,card,54,,,,,,yellow,sofascore
8738541,,,,period,45,,,,,,,sofascore
8738541,,,,injuryTime,45,,,,,,,sofascore
8738541,842709.0,Rémi Oudin,1645.0,card,37,,,,,,yellow,sofascore
8738541,798002.0,Toma Bašić,1645.0,goal,27,,,,,,regular,sofascore
8738541,852145.0,Josh Maja,1645.0,goal,25,,,,,,regular,sofascore
8738542,,,,period,90,,,,,,,sofascore
8738542,36704.0,Marcelo,1649.0,card,90,,,,,,yellow,sofascore
8738542,,,,injuryTime,90,,,,,,,sofascore
8738542,318653.0,Moussa Dembélé,1649.0,card,80,,,,,,yellow,sofascore
8738542,991824.0,Rayan Philippe,1686.0,substitution,79,,,,,,regular,sofascore
8738542,362682.0,Joachim Andersen,1649.0,substitution,79,,,,,,regular,sofascore
8738542,906075.0,Melvin Bard,1649.0,substitution,79,,,,,,regular,sofascore
8738542,827140.0,Anibal Chalá,1686.0,substitution,71,,,,,,regular,sofascore
8738542,897623.0,Alex Dobre,1686.0,substitution,71,,,,,,regular,sofascore
8738542,190877.0,Kenny Tete,1649.0,substitution,70,,,,,,regular,sofascore
8738542,979128.0,Rayan Cherki,1649.0,substitution,70,,,,,,regular,sofascore
8738542,138833.0,Memphis Depay,1649.0,card,67,,,,,,yellow,sofascore
8738542,794269.0,Jeff Reine-Adélaïde,1649.0,substitution,66,,,,,,regular,sofascore
8738542,138833.0,Memphis Depay,1649.0,goal,66,,,,,,penalty,sofascore
8738542,51299.0,Frédéric Sammaritano,1686.0,card,65,,,,,,yellow,sofascore
8738542,552680.0,Léo Dubois,1649.0,varDecision,64,,,,,,penaltyNotAwarded,sofascore
8738542,51299.0,Frédéric Sammaritano,1686.0,substitution,55,,,,,,regular,sofascore
8738542,867438.0,Jonathan Panzo,1686.0,substitution,55,,,,,,regular,sofascore
8738542,,,,period,45,,,,,,,sofascore
8738542,786029.0,Didier Ndong,1686.0,card,45,,,,,,yellow,sofascore
8738542,138833.0,Memphis Depay,1649.0,goal,45,,,,,,regular,sofascore
8738542,122815.0,Wesley Lautoa,1649.0,goal,45,,,,,,ownGoal,sofascore
8738542,138833.0,Memphis Depay,1649.0,goal,39,,,,,,penalty,sofascore
8738542,1005171.0,Ahmad Toure Ngouyamsa,1686.0,card,38,,,,,,yellow,sofascore
8738542,915567.0,Aurélien Scheidler,1686.0,goal,14,,,,,,regular,sofascore
8738543,,,,period,90,,,,,,,sofascore
8738543,826201.0,Alban Lafont,1647.0,card,90,,,,,,yellow,sofascore
8738543,191204.0,Jean-Charles Castelletto,1647.0,substitution,90,,,,,,regular,sofascore
8738543,,,,injuryTime,90,,,,,,,sofascore
8738543,796082.0,Sidy Sarr,1663.0,substitution,89,,,,,,regular,sofascore
8738543,40677.0,Fábio,1647.0,card,87,,,,,,yellowRed,sofascore
8738543,230766.0,Haris Duljević,1663.0,substitution,80,,,,,,regular,sofascore
8738543,331753.0,Renaud Emond,1647.0,substitution,76,,,,,,regular,sofascore
8738543,938270.0,Abdoul Kader Bamba,1647.0,substitution,76,,,,,,regular,sofascore
8738543,842400.0,Zinedine Ferhat,1663.0,goal,57,,,,,,regular,sofascore
8738543,73056.0,Mehdi Abeid,1647.0,substitution,56,,,,,,regular,sofascore
8738543,965943.0,Imrân Louza,1647.0,varDecision,49,,,,,,cardUpgrade,sofascore
8738543,965943.0,Imrân Louza,1647.0,card,47,,,,,,red,sofascore
8738543,796085.0,Moussa Koné,1663.0,substitution,46,,,,,,regular,sofascore
8738543,,,,period,45,,,,,,,sofascore
8738543,143871.0,Loïck Landre,1663.0,card,35,,,,,,yellow,sofascore
8738543,965943.0,Imrân Louza,1647.0,goal,27,,,,,,penalty,sofascore
8738543,794836.0,Andrei Girotto,1647.0,goal,11,,,,,,regular,sofascore
8738543,40677.0,Fábio,1647.0,card,9,,,,,,yellow,sofascore
8738543,862470.0,Kévin Denkey,1663.0,card,4,,,,,,yellow,sofascore
8738544,,,,period,90,,,,,,,sofascore
8738544,156004.0,Jean-Eudes Aholou,1659.0,card,90,,,,,,yellow,sofascore
8738544,,,,injuryTime,90,,,,,,,sofascore
8738544,996951.0,Sinaly Diomandé,1649.0,substitution,86,,,,,,regular,sofascore
8738544,109851.0,Majeed Waris,1659.0,substitution,84,,,,,,regular,sofascore
8738544,829093.0,Ibrahima Sissoko,1659.0,substitution,76,,,,,,regular,sofascore
8738544,137667.0,Mattia De Sciglio,1649.0,substitution,72,,,,,,regular,sofascore
8738544,927975.0,Jean Lucas,1649.0,substitution,72,,,,,,injury,sofascore
8738544,318653.0,Moussa Dembélé,1649.0,substitution,64,,,,,,regular,sofascore
8738544,343971.0,Ludovic Ajorque,1659.0,card,57,,,,,,yellow,sofascore
8738544,156004.0,Jean-Eudes Aholou,1659.0,goal,55,,,,,,regular,sofascore
8738544,842931.0,Karl Toko Ekambi,1649.0,card,52,,,,,,yellow,sofascore
8738544,,,,period,45,,,,,,,sofascore
8738544,280439.0,Maxwel Cornet,1649.0,card,45,,,,,,yellow,sofascore
8738544,,,,injuryTime,45,,,,,,,sofascore
8738544,802159.0,Habibou Diallo,1659.0,goal,43,,,,,,regular,sofascore
8738544,842931.0,Karl Toko Ekambi,1649.0,goal,42,,,,,,regular,sofascore
8738544,802159.0,Habibou Diallo,1659.0,substitution,37,,,,,,regular,sofascore
8738544,842931.0,Karl Toko Ekambi,1649.0,goal,25,,,,,,regular,sofascore
8738544,810535.0,Tino Kadewere,1649.0,card,20,,,,,,yellow,sofascore
8738544,810535.0,Tino Kadewere,1649.0,goal,12,,,,,,regular,sofascore
8738545,,,,period,90,,,,,,,sofascore
8738545,938270.0,Abdoul Kader Bamba,1647.0,card,90,,,,,,yellow,sofascore
8738545,,,,injuryTime,90,,,,,,,sofascore
8738545,331753.0,Renaud Emond,1647.0,goal,85,,,,,,regular,sofascore
8738545,331753.0,Renaud Emond,1647.0,substitution,85,,,,,,regular,sofascore
8738545,149732.0,Abdoulaye Touré,1647.0,substitution,85,,,,,,regular,sofascore
8738545,1067549.0,Abdoulaye Sidibe,1678.0,card,84,,,,,,yellow,sofascore
8738545,1067549.0,Abdoulaye Sidibe,1678.0,substitution,80,,,,,,injury,sofascore
8738545,1014408.0,Maxence Rivera,1678.0,substitution,77,,,,,,regular,sofascore
8738545,16635.0,Kévin Monnet-Paquet,1678.0,substitution,77,,,,,,regular,sofascore
8738545,330051.0,Moses Simon,1647.0,goal,71,,,,,,regular,sofascore
8738545,1006486.0,Yvann Maçon,1678.0,goal,66,,,,,,regular,sofascore
8738545,938270.0,Abdoul Kader Bamba,1647.0,substitution,65,,,,,,regular,sofascore
8738545,106496.0,Nicolas Pallois,1647.0,card,65,,,,,,yellow,sofascore
8738545,1012657.0,Lucas Gourna-Douath,1678.0,substitution,59,,,,,,regular,sofascore
8738545,74139.0,Romain Hamouma,1678.0,substitution,58,,,,,,regular,sofascore
8738545,,,,period,45,,,,,,,sofascore
8738545,871706.0,Randal Kolo Muani,1647.0,varDecision,45,,,,,,goalAwarded,sofascore
8738545,,,,injuryTime,45,,,,,,,sofascore
8738545,990227.0,Aimen Moueffek,1678.0,card,42,,,,,,yellow,sofascore
8738545,962877.0,Adil Aouchiche,1678.0,goal,2,,,,,,regular,sofascore
8738546,,,,period,90,,,,,,,sofascore
8738546,,,,injuryTime,90,,,,,,,sofascore
8738546,140992.0,Valère Germain,1641.0,goal,85,,,,,,regular,sofascore
8738546,318967.0,Renato Sanches,1643.0,card,80,,,,,,yellow,sofascore
8738546,855810.0,Tim Weah,1643.0,substitution,78,,,,,,regular,sofascore
8738546,318967.0,Renato Sanches,1643.0,substitution,78,,,,,,regular,sofascore
8738546,988839.0,Marley Aké,1641.0,substitution,78,,,,,,regular,sofascore
8738546,802142.0,Jonathan Ikoné,1643.0,substitution,72,,,,,,regular,sofascore
8738546,802665.0,Nemanja Radonjić,1641.0,substitution,71,,,,,,regular,sofascore
8738546,879694.0,Pape Gueye,1641.0,substitution,71,,,,,,regular,sofascore
8738546,140992.0,Valère Germain,1641.0,substitution,71,,,,,,regular,sofascore
8738546,150212.0,Álvaro González,1641.0,card,65,,,,,,yellow,sofascore
8738546,831424.0,Reinildo Mandava,1643.0,substitution,65,,,,,,regular,sofascore
8738546,158233.0,Bouna Sarr,1641.0,substitution,60,,,,,,regular,sofascore
8738546,897594.0,Domagoj Bradarić,1643.0,card,58,,,,,,yellow,sofascore
8738546,148824.0,Florian Thauvin,1641.0,card,58,,,,,,yellow,sofascore
8738546,51665.0,Benjamin André,1643.0,card,50,,,,,,yellow,sofascore
8738546,840451.0,Luiz Araújo,1643.0,goal,47,,,,,,regular,sofascore
8738546,,,,period,45,,,,,,,sofascore
8738546,,,,injuryTime,45,,,,,,,sofascore
8738546,34639.0,Yuto Nagatomo,1641.0,card,21,,,,,,yellow,sofascore
8738547,,,,period,90,,,,,,,sofascore
8738547,852145.0,Josh Maja,1645.0,card,90,,,,,,yellow,sofascore
8738547,833030.0,Samuel Kalu,1645.0,goal,90,,,,,,regular,sofascore
8738547,,,,injuryTime,90,,,,,,,sofascore
8738547,593546.0,Tony Mauricio,1648.0,substitution,87,,,,,,regular,sofascore
8738547,191178.0,Corentin Jean,1648.0,card,85,,,,,,yellow,sofascore
8738547,153440.0,Rubén Pardo,1645.0,substitution,81,,,,,,regular,sofascore
8738547,833030.0,Samuel Kalu,1645.0,substitution,81,,,,,,regular,sofascore
8738547,852145.0,Josh Maja,1645.0,substitution,81,,,,,,regular,sofascore
8738547,67308.0,Loris Benito,1645.0,card,76,,,,,,yellow,sofascore
8738547,1047364.0,Ismaël Boura,1648.0,substitution,75,,,,,,regular,sofascore
8738547,191178.0,Corentin Jean,1648.0,substitution,74,,,,,,regular,sofascore
8738547,825945.0,Simon Banza,1648.0,substitution,74,,,,,,regular,sofascore
8738547,191188.0,Seko Fofana,1648.0,substitution,63,,,,,,regular,sofascore
8738547,243735.0,Pablo,1645.0,substitution,60,,,,,,regular,sofascore
8738547,46387.0,Gaël Kakuta,1648.0,goal,59,,,,,,penalty,sofascore
8738547,16508.0,Paul Baysse,1645.0,card,58,,,,,,yellowRed,sofascore
8738547,821728.0,Jonathan Clauss,1648.0,varDecision,57,,,,,,penaltyNotAwarded,sofascore
8738547,369650.0,Jonathan Gradit,1648.0,card,53,,,,,,yellow,sofascore
8738547,890329.0,Ignatius Kpene Ganago,1648.0,goal,47,,,,,,regular,sofascore
8738547,,,,period,45,,,,,,,sofascore
8738547,,,,injuryTime,45,,,,,,,sofascore
8738547,860307.0,Facundo Medina,1648.0,card,39,,,,,,yellow,sofascore
8738547,859024.0,Yacine Adli,1645.0,substitution,26,,,,,,injury,sofascore
8738547,906047.0,Cheick Doucouré,1648.0,card,21,,,,,,yellow,sofascore
8738547,16508.0,Paul Baysse,1645.0,card,18,,,,,,yellow,sofascore
8738547,552686.0,Otávio,1645.0,card,8,,,,,,yellow,sofascore
8738547,339227.0,Steven Fortes,1648.0,card,7,,,,,,yellow,sofascore
8738548,,,,period,90,,,,,,,sofascore
8738548,895306.0,Lucas Buades,1663.0,substitution,90,,,,,,regular,sofascore
8738548,927975.0,Jean Lucas,1649.0,card,90,,,,,,yellow,sofascore
8738548,,,,injuryTime,90,,,,,,,sofascore
8738548,810535.0,Tino Kadewere,1649.0,substitution,86,,,,,,regular,sofascore
8738548,822878.0,Lamine Fomba,1663.0,card,67,,,,,,yellow,sofascore
8738548,927975.0,Jean Lucas,1649.0,substitution,62,,,,,,regular,sofascore
8738548,881952.0,Matteo Ahlinvi,1663.0,substitution,59,,,,,,regular,sofascore
8738548,996951.0,Sinaly Diomandé,1649.0,substitution,56,,,,,,regular,sofascore
8738548,552680.0,Léo Dubois,1649.0,card,52,,,,,,yellow,sofascore
8738548,546416.0,Andrés Cubas,1663.0,card,47,,,,,,yellow,sofascore
8738548,51421.0,Nolan Roux,1663.0,substitution,46,,,,,,regular,sofascore
8738548,842931.0,Karl Toko Ekambi,1649.0,substitution,46,,,,,,regular,sofascore
8738548,,,,period,45,,,,,,,sofascore
8738548,,,,injuryTime,45,,,,,,,sofascore
8738548,280439.0,Maxwel Cornet,1649.0,card,34,,,,,,yellow,sofascore
8738549,,,,period,90,,,,,,,sofascore
8738549,,,,injuryTime,90,,,,,,,sofascore
8738549,27009.0,Morgan Schneiderlin,1661.0,card,88,,,,,,yellow,sofascore
8738549,941300.0,Colin Dagba,1644.0,substitution,83,,,,,,regular,sofascore
8738549,856638.0,Mitchel Bakker,1644.0,card,82,,,,,,yellow,sofascore
8738549,138573.0,Pablo Sarabia,1644.0,substitution,79,,,,,,regular,sofascore
8738549,954059.0,Bandiougou Fadiga,1644.0,substitution,79,,,,,,regular,sofascore
8738549,930245.0,Evann Guessand,1661.0,substitution,73,,,,,,regular,sofascore
8738549,155995.0,Marquinhos,1644.0,goal,66,,,,,,regular,sofascore
8738549,901885.0,Flavius Daniliuc,1661.0,substitution,65,,,,,,injury,sofascore
8738549,944327.0,Dan Ndoye,1661.0,substitution,58,,,,,,regular,sofascore
8738549,962374.0,Eddy Sylvestre,1661.0,substitution,58,,,,,,regular,sofascore
8738549,,,,period,45,,,,,,,sofascore
8738549,30027.0,Ángel Di María,1644.0,goal,45,,,,,,regular,sofascore
8738549,,,,injuryTime,45,,,,,,,sofascore
8738549,126691.0,Marco Verratti,1644.0,card,43,,,,,,yellow,sofascore
8738549,826643.0,Kylian Mbappé,1644.0,goal,38,,,,,,penalty,sofascore
8738549,82474.0,Ander Herrera,1644.0,substitution,23,,,,,,injury,sofascore
8738550,,,,period,90,,,,,,,sofascore
8738550,150865.0,Thomas Monconduit,1656.0,goal,90,,,,,,regular,sofascore
8738550,,,,injuryTime,90,,,,,,,sofascore
8738550,328035.0,Brendan Chardonnet,1715.0,substitution,87,,,,,,injury,sofascore
8738550,857471.0,Pierre-Yves Hamel,1656.0,card,85,,,,,,yellow,sofascore
8738550,891562.0,Franklin Wadja,1656.0,substitution,82,,,,,,regular,sofascore
8738550,869839.0,Umut Bozok,1656.0,substitution,82,,,,,,regular,sofascore
8738550,148196.0,Cristian Battocchio,1715.0,substitution,76,,,,,,regular,sofascore
8738550,990820.0,Hianga'a M'Bock,1715.0,card,73,,,,,,yellow,sofascore
8738550,834881.0,Stéphane Diarra,1656.0,substitution,68,,,,,,regular,sofascore
8738550,150865.0,Thomas Monconduit,1656.0,substitution,67,,,,,,regular,sofascore
8738550,280453.0,Franck Honorat,1715.0,goal,62,,,,,,regular,sofascore
8738550,605552.0,Irvin Cardona,1715.0,substitution,58,,,,,,regular,sofascore
8738550,280453.0,Franck Honorat,1715.0,substitution,58,,,,,,regular,sofascore
8738550,990820.0,Hianga'a M'Bock,1715.0,substitution,46,,,,,,regular,sofascore
8738550,,,,period,45,,,,,,,sofascore
8738550,,,,injuryTime,45,,,,,,,sofascore
8738550,225092.0,Christophe Herelle,1656.0,goal,34,,,,,,ownGoal,sofascore
8738550,345035.0,Steve Mounié,1715.0,goal,32,,,,,,regular,sofascore
8738550,827519.0,Romain Perraud,1715.0,goal,30,,,,,,regular,sofascore
8738550,857471.0,Pierre-Yves Hamel,1656.0,substitution,15,,,,,,injury,sofascore
8738550,580642.0,Haris Belkebla,1715.0,card,4,,,,,,yellow,sofascore
8738551,,,,period,90,,,,,,,sofascore
8738551,855847.0,Kaj Sierhuis,1682.0,substitution,90,,,,,,regular,sofascore
8738551,,,,injuryTime,90,,,,,,,sofascore
8738551,880775.0,Ibrahima Niane,1651.0,goal,88,,,,,,regular,sofascore
8738551,940360.0,Warren Tchimbembé,1651.0,substitution,81,,,,,,regular,sofascore
8738551,991359.0,Papa Ndiaga Yade,1651.0,substitution,71,,,,,,regular,sofascore
8738551,789984.0,Dereck Kutesa,1682.0,substitution,68,,,,,,regular,sofascore
8738551,982615.0,El Bilal Touré,1682.0,substitution,68,,,,,,regular,sofascore
8738551,356024.0,Thierry Ambrose,1651.0,substitution,62,,,,,,regular,sofascore
8738551,816810.0,Mathieu Cafaro,1682.0,card,53,,,,,,yellow,sofascore
8738551,825959.0,Dario Marešić,1682.0,substitution,52,,,,,,regular,sofascore
8738551,894733.0,Marshall Munetsi,1682.0,card,50,,,,,,red,sofascore
8738551,831781.0,Ghislain Konan,1682.0,card,48,,,,,,yellow,sofascore
8738551,,,,period,45,,,,,,,sofascore
8738551,960080.0,Boulaye Dia,1682.0,goal,43,,,,,,penalty,sofascore
8738551,229722.0,Farid Boulaya,1651.0,card,43,,,,,,yellow,sofascore
8738551,845750.0,Moreto Cassama,1682.0,card,27,,,,,,yellow,sofascore
8738551,880775.0,Ibrahima Niane,1651.0,goal,18,,,,,,regular,sofascore
8738551,178721.0,Yunis Abdelhamid,1682.0,card,17,,,,,,yellow,sofascore
8738552,,,,period,90,,,,,,,sofascore
8738552,805123.0,Yoane Wissa,1656.0,goal,90,,,,,,penalty,sofascore
8738552,1006489.0,Loïc Badé,1648.0,card,90,,,,,,yellowRed,sofascore
8738552,,,,injuryTime,90,,,,,,,sofascore
8738552,291695.0,Issiaga Sylla,1648.0,substitution,85,,,,,,regular,sofascore
8738552,826134.0,Trevoh Chalobah,1656.0,substitution,82,,,,,,regular,sofascore
8738552,1006489.0,Loïc Badé,1648.0,card,79,,,,,,yellow,sofascore
8738552,869839.0,Umut Bozok,1656.0,substitution,74,,,,,,regular,sofascore
8738552,593546.0,Tony Mauricio,1648.0,substitution,71,,,,,,regular,sofascore
8738552,138880.0,Manuel Perez,1648.0,substitution,71,,,,,,regular,sofascore
8738552,984014.0,Enzo Le Fée,1656.0,card,65,,,,,,yellow,sofascore
8738552,984014.0,Enzo Le Fée,1656.0,substitution,64,,,,,,regular,sofascore
8738552,890329.0,Ignatius Kpene Ganago,1648.0,goal,63,,,,,,regular,sofascore
8738552,836678.0,Clément Michelin,1648.0,substitution,57,,,,,,regular,sofascore
8738552,890329.0,Ignatius Kpene Ganago,1648.0,substitution,57,,,,,,regular,sofascore
8738552,51363.0,Yannick Cahuzac,1648.0,card,49,,,,,,yellow,sofascore
8738552,296434.0,Laurent Abergel,1656.0,substitution,46,,,,,,regular,sofascore
8738552,,,,period,45,,,,,,,sofascore
8738552,834881.0,Stéphane Diarra,1656.0,card,45,,,,,,yellow,sofascore
8738552,,,,injuryTime,45,,,,,,,sofascore
8738552,860307.0,Facundo Medina,1648.0,goal,34,,,,,,regular,sofascore
8738552,46387.0,Gaël Kakuta,1648.0,goal,31,,,,,,penalty,sofascore
8738552,791048.0,Julien Laporte,1656.0,card,30,,,,,,yellow,sofascore
8738552,282095.0,Adrian Grbić,1656.0,varDecision,15,,,,,,goalNotAwarded,sofascore
8738552,282095.0,Adrian Grbić,1656.0,goal,13,,,,,,regular,sofascore
8738552,827386.0,Quentin Boisgard,1656.0,card,6,,,,,,yellow,sofascore
8738553,,,,period,90,,,,,,,sofascore
8738553,324399.0,Benjamin Bourigeaud,1658.0,goal,90,,,,,,regular,sofascore
8738553,27069.0,Romain Salin,1658.0,card,90,,,,,,yellow,sofascore
8738553,,,,injuryTime,90,,,,,,,sofascore
8738553,911851.0,Yann Gboho,1658.0,substitution,88,,,,,,regular,sofascore
8738553,74083.0,Damien Da Silva,1658.0,card,85,,,,,,yellow,sofascore
8738553,822878.0,Lamine Fomba,1663.0,substitution,80,,,,,,regular,sofascore
8738553,51421.0,Nolan Roux,1663.0,substitution,80,,,,,,regular,sofascore
8738553,825681.0,Romain Del Castillo,1658.0,substitution,80,,,,,,regular,sofascore
8738553,963211.0,Brandon Soppy,1658.0,substitution,80,,,,,,regular,sofascore
8738553,558522.0,Anthony Briançon,1663.0,substitution,80,,,,,,regular,sofascore
8738553,283083.0,Adrien Hunou,1658.0,substitution,79,,,,,,regular,sofascore
8738553,324399.0,Benjamin Bourigeaud,1658.0,card,79,,,,,,yellow,sofascore
8738553,877102.0,Nayef Aguerd,1658.0,goal,72,,,,,,regular,sofascore
8738553,247445.0,Renaud Ripart,1663.0,card,71,,,,,,yellow,sofascore
8738553,324399.0,Benjamin Bourigeaud,1658.0,substitution,63,,,,,,regular,sofascore
8738553,51652.0,Steven​ N'Zonzi,1658.0,card,61,,,,,,yellow,sofascore
8738553,973887.0,Eduardo Camavinga,1658.0,card,60,,,,,,yellow,sofascore
8738553,796085.0,Moussa Koné,1663.0,substitution,56,,,,,,regular,sofascore
8738553,842400.0,Zinedine Ferhat,1663.0,goal,55,,,,,,regular,sofascore
8738553,862470.0,Kévin Denkey,1663.0,card,50,,,,,,yellow,sofascore
8738553,838688.0,Sofiane Alakouch,1663.0,substitution,46,,,,,,regular,sofascore
8738553,,,,period,45,,,,,,,sofascore
8738553,,,,injuryTime,45,,,,,,,sofascore
8738553,328027.0,Serhou Guirassy,1658.0,goal,39,,,,,,regular,sofascore
8738553,546416.0,Andrés Cubas,1663.0,goal,36,,,,,,regular,sofascore
8738553,801287.0,Faitout Maouassa,1658.0,card,27,,,,,,yellow,sofascore
8738553,328027.0,Serhou Guirassy,1658.0,goal,12,,,,,,regular,sofascore
8738554,,,,period,90,,,,,,,sofascore
8738554,1046147.0,Lamine Gueye,1651.0,substitution,90,,,,,,regular,sofascore
8738554,940360.0,Warren Tchimbembé,1651.0,substitution,90,,,,,,regular,sofascore
8738554,991359.0,Papa Ndiaga Yade,1651.0,substitution,90,,,,,,regular,sofascore
8738554,,,,injuryTime,90,,,,,,,sofascore
8738554,840451.0,Luiz Araújo,1643.0,goal,88,,,,,,regular,sofascore
8738554,827804.0,Yusuf Yazıcı,1643.0,substitution,86,,,,,,regular,sofascore
8738554,893008.0,Zeki Çelik,1643.0,card,84,,,,,,yellow,sofascore
8738554,855810.0,Tim Weah,1643.0,substitution,83,,,,,,regular,sofascore
8738554,893008.0,Zeki Çelik,1643.0,substitution,83,,,,,,regular,sofascore
8738554,51665.0,Benjamin André,1643.0,card,80,,,,,,yellow,sofascore
8738554,802034.0,Fabien Centonze,1651.0,card,75,,,,,,yellow,sofascore
8738554,840451.0,Luiz Araújo,1643.0,substitution,73,,,,,,regular,sofascore
8738554,802142.0,Jonathan Ikoné,1643.0,varDecision,71,,,,,,penaltyAwarded,sofascore
8738554,802159.0,Habibou Diallo,1651.0,substitution,67,,,,,,regular,sofascore
8738554,897594.0,Domagoj Bradarić,1643.0,card,57,,,,,,yellow,sofascore
8738554,,,,period,45,,,,,,,sofascore
8738554,,,,injuryTime,45,,,,,,,sofascore
8738554,122921.0,Vincent Pajot,1651.0,card,43,,,,,,yellow,sofascore
8738554,845271.0,Dylan Bronn,1651.0,card,36,,,,,,yellow,sofascore
8738554,37761.0,Jérémy Pied,1643.0,card,31,,,,,,yellow,sofascore
8738554,359246.0,Habib Maïga,1651.0,card,20,,,,,,yellow,sofascore
8738555,,,,period,90,,,,,,,sofascore
8738555,,,,injuryTime,90,,,,,,,sofascore
8738555,1012657.0,Lucas Gourna-Douath,1678.0,substitution,87,,,,,,regular,sofascore
8738555,16635.0,Kévin Monnet-Paquet,1678.0,substitution,87,,,,,,regular,sofascore
8738555,916041.0,Mahdi Camara,1678.0,goal,82,,,,,,regular,sofascore
8738555,231946.0,Adrien Thomasson,1659.0,substitution,80,,,,,,regular,sofascore
8738555,102291.0,Idriss Saadi,1659.0,substitution,80,,,,,,regular,sofascore
8738555,862194.0,Zaydou Youssouf,1678.0,substitution,72,,,,,,regular,sofascore
8738555,1014408.0,Maxence Rivera,1678.0,substitution,72,,,,,,regular,sofascore
8738555,365358.0,Dimitri Liénard,1659.0,substitution,67,,,,,,regular,sofascore
8738555,914660.0,Mehdi Chahiri,1659.0,substitution,61,,,,,,regular,sofascore
8738555,760618.0,Denis Bouanga,1678.0,goal,57,,,,,,penalty,sofascore
8738555,289977.0,Alexander Djiku,1659.0,card,55,,,,,,yellow,sofascore
8738555,941161.0,Charles Abi,1678.0,substitution,52,,,,,,injury,sofascore
8738555,,,,period,45,,,,,,,sofascore
8738555,869931.0,Yvan Neyou,1678.0,card,45,,,,,,yellow,sofascore
8738555,,,,injuryTime,45,,,,,,,sofascore
8738555,829093.0,Ibrahima Sissoko,1659.0,card,39,,,,,,yellow,sofascore
8738555,845273.0,Jean-Ricner Bellegarde,1659.0,card,6,,,,,,yellow,sofascore
8738556,,,,period,90,,,,,,,sofascore
8738556,138880.0,Manuel Perez,1648.0,card,90,,,,,,yellow,sofascore
8738556,777067.0,Florian Miguel,1663.0,substitution,90,,,,,,regular,sofascore
8738556,,,,injuryTime,90,,,,,,,sofascore
8738556,842400.0,Zinedine Ferhat,1663.0,goal,87,,,,,,regular,sofascore
8738556,1047364.0,Ismaël Boura,1648.0,substitution,81,,,,,,regular,sofascore
8738556,138880.0,Manuel Perez,1648.0,substitution,81,,,,,,regular,sofascore
8738556,191178.0,Corentin Jean,1648.0,substitution,72,,,,,,regular,sofascore
8738556,846439.0,Patrick Burner,1663.0,substitution,66,,,,,,regular,sofascore
8738556,1067123.0,Marco Majouga,1663.0,substitution,66,,,,,,regular,sofascore
8738556,862470.0,Kévin Denkey,1663.0,substitution,66,,,,,,regular,sofascore
8738556,825945.0,Simon Banza,1648.0,substitution,54,,,,,,injury,sofascore
8738556,860307.0,Facundo Medina,1648.0,card,50,,,,,,yellow,sofascore
8738556,339227.0,Steven Fortes,1648.0,substitution,46,,,,,,regular,sofascore
8738556,,,,period,45,,,,,,,sofascore
8738556,,,,injuryTime,45,,,,,,,sofascore
8738556,890329.0,Ignatius Kpene Ganago,1648.0,goal,34,,,,,,regular,sofascore
8738556,369650.0,Jonathan Gradit,1648.0,card,2,,,,,,yellow,sofascore
8738557,,,,period,90,,,,,,,sofascore
8738557,,,,injuryTime,90,,,,,,,sofascore
8738557,962374.0,Eddy Sylvestre,1661.0,substitution,89,,,,,,regular,sofascore
8738557,605338.0,Stephy Mavididi,1642.0,substitution,85,,,,,,regular,sofascore
8738557,845083.0,Keagan Dolly,1642.0,substitution,85,,,,,,regular,sofascore
8738557,159739.0,Ambroise Oyongo,1642.0,substitution,84,,,,,,regular,sofascore
8738557,795761.0,Kasper Dolberg,1661.0,card,82,,,,,,yellow,sofascore
8738557,944327.0,Dan Ndoye,1661.0,substitution,80,,,,,,regular,sofascore
8738557,976396.0,Joris Chotard,1642.0,substitution,73,,,,,,regular,sofascore
8738557,3577.0,Dante,1661.0,goal,69,,,,,,regular,sofascore
8738557,603738.0,Junior Sambia,1642.0,substitution,68,,,,,,regular,sofascore
8738557,5585.0,Daniel Congré,1642.0,goal,64,,,,,,regular,sofascore
8738557,859026.0,Amine Gouiri,1661.0,substitution,63,,,,,,regular,sofascore
8738557,5585.0,Daniel Congré,1642.0,goal,50,,,,,,regular,sofascore
8738557,822877.0,Alexis Claude-Maurice,1661.0,substitution,46,,,,,,regular,sofascore
8738557,,,,period,45,,,,,,,sofascore
8738557,851262.0,Myziane Maolida,1661.0,card,40,,,,,,yellow,sofascore
8738557,149730.0,Gaëtan Laborde,1642.0,goal,18,,,,,,regular,sofascore
8738558,,,,period,90,,,,,,,sofascore
8738558,787540.0,Angelo Fulgini,1684.0,card,90,,,,,,yellow,sofascore
8738558,,,,injuryTime,90,,,,,,,sofascore
8738558,894733.0,Marshall Munetsi,1682.0,card,85,,,,,,yellow,sofascore
8738558,914877.0,Fraser Hornby,1682.0,substitution,82,,,,,,regular,sofascore
8738558,294641.0,Loïs Diony,1684.0,substitution,78,,,,,,regular,sofascore
8738558,188269.0,Tristan Dingomé,1682.0,substitution,76,,,,,,regular,sofascore
8738558,787542.0,Sada Thioub,1684.0,substitution,71,,,,,,regular,sofascore
8738558,804621.0,Lassana Coulibaly,1684.0,substitution,70,,,,,,regular,sofascore
8738558,51321.0,Mateo Pavlović,1684.0,substitution,63,,,,,,regular,sofascore
8738558,98197.0,Valon Berisha,1682.0,substitution,61,,,,,,regular,sofascore
8738558,73979.0,Romain Thomas,1684.0,card,60,,,,,,yellowRed,sofascore
8738558,153220.0,Stéphane Bahoken,1684.0,goal,55,,,,,,regular,sofascore
8738558,73979.0,Romain Thomas,1684.0,card,52,,,,,,yellow,sofascore
8738558,982615.0,El Bilal Touré,1682.0,card,49,,,,,,yellow,sofascore
8738558,789984.0,Dereck Kutesa,1682.0,substitution,46,,,,,,regular,sofascore
8738558,894733.0,Marshall Munetsi,1682.0,substitution,46,,,,,,regular,sofascore
8738558,,,,period,45,,,,,,,sofascore
8738558,153220.0,Stéphane Bahoken,1684.0,inGamePenalty,44,,,,,,missed,sofascore
8738558,361696.0,Wout Faes,1682.0,card,42,,,,,,red,sofascore
8738558,153220.0,Stéphane Bahoken,1684.0,card,19,,,,,,yellow,sofascore
8738559,,,,period,90,,,,,,,sofascore
8738559,826643.0,Kylian Mbappé,1644.0,goal,84,,,,,,regular,sofascore
8738559,1063235.0,Mohamed Ali Cho,1684.0,substitution,82,,,,,,regular,sofascore
8738559,138573.0,Pablo Sarabia,1644.0,substitution,82,,,,,,regular,sofascore
8738559,51371.0,Vincent Manceau,1684.0,substitution,77,,,,,,regular,sofascore
8738559,14142.0,Thomas Mangani,1684.0,substitution,77,,,,,,regular,sofascore
8738559,308130.0,Jimmy Cabot,1684.0,card,73,,,,,,yellow,sofascore
8738559,941300.0,Colin Dagba,1644.0,substitution,72,,,,,,regular,sofascore
8738559,280435.0,Abdou Diallo,1644.0,substitution,72,,,,,,regular,sofascore
8738559,106337.0,Idrissa Gana Gueye,1644.0,goal,71,,,,,,regular,sofascore
8738559,308130.0,Jimmy Cabot,1684.0,substitution,68,,,,,,regular,sofascore
8738559,294641.0,Loïs Diony,1684.0,substitution,68,,,,,,regular,sofascore
8738559,106337.0,Idrissa Gana Gueye,1644.0,substitution,63,,,,,,regular,sofascore
8738559,82474.0,Ander Herrera,1644.0,substitution,63,,,,,,regular,sofascore
8738559,142680.0,Julian Draxler,1644.0,goal,57,,,,,,regular,sofascore
8738559,25506.0,Ismaël Traoré,1684.0,goal,52,,,,,,regular,sofascore
8738559,124712.0,Neymar,1644.0,goal,47,,,,,,regular,sofascore
8738559,,,,period,45,,,,,,,sofascore
8738559,,,,injuryTime,45,,,,,,,sofascore
8738559,124712.0,Neymar,1644.0,goal,36,,,,,,regular,sofascore
8738559,352916.0,Presnel Kimpembe,1644.0,card,33,,,,,,yellow,sofascore
8738559,153220.0,Stéphane Bahoken,1684.0,card,29,,,,,,yellow,sofascore
8738559,152420.0,Alessandro Florenzi,1644.0,goal,7,,,,,,regular,sofascore
8738560,,,,period,90,,,,,,,sofascore
8738560,37126.0,Stevan Jovetić,1653.0,substitution,90,,,,,,regular,sofascore
8738560,965353.0,Bridge Ndilu,1647.0,substitution,90,,,,,,regular,sofascore
8738560,,,,injuryTime,90,,,,,,,sofascore
8738560,839226.0,Pietro Pellegri,1653.0,substitution,78,,,,,,regular,sofascore
8738560,331753.0,Renaud Emond,1647.0,substitution,73,,,,,,regular,sofascore
8738560,877979.0,Willem Geubbels,1653.0,card,68,,,,,,yellow,sofascore
8738560,877979.0,Willem Geubbels,1653.0,goal,65,,,,,,regular,sofascore
8738560,809220.0,Henry Onyekuru,1653.0,substitution,62,,,,,,regular,sofascore
8738560,877979.0,Willem Geubbels,1653.0,substitution,62,,,,,,regular,sofascore
8738560,806076.0,Ludovic Blas,1647.0,goal,61,,,,,,regular,sofascore
8738560,859021.0,Batista Mendy,1647.0,substitution,61,,,,,,regular,sofascore
8738560,,,,period,45,,,,,,,sofascore
8738560,,,,injuryTime,45,,,,,,,sofascore
8738560,871706.0,Randal Kolo Muani,1647.0,varDecision,20,,,,,,goalAwarded,sofascore
8738560,859025.0,Aurélien Tchouaméni,1653.0,card,11,,,,,,yellow,sofascore
8738560,149732.0,Abdoulaye Touré,1647.0,card,9,,,,,,yellow,sofascore
8738560,944164.0,Sofiane Diop,1653.0,card,7,,,,,,yellow,sofascore
8738560,944164.0,Sofiane Diop,1653.0,goal,5,,,,,,regular,sofascore
8738561,,,,period,90,,,,,,,sofascore
8738561,,,,injuryTime,90,,,,,,,sofascore
8738561,798002.0,Toma Bašić,1645.0,goal,89,,,,,,regular,sofascore
8738561,16508.0,Paul Baysse,1645.0,substitution,86,,,,,,regular,sofascore
8738561,51299.0,Frédéric Sammaritano,1686.0,substitution,82,,,,,,regular,sofascore
8738561,122815.0,Wesley Lautoa,1686.0,substitution,82,,,,,,regular,sofascore
8738561,925837.0,Mehdi Zerkane,1645.0,substitution,77,,,,,,regular,sofascore
8738561,963298.0,Dilane Bakwa,1645.0,substitution,77,,,,,,regular,sofascore
8738561,845274.0,Mounir Chouiar,1686.0,card,76,,,,,,yellow,sofascore
8738561,915567.0,Aurélien Scheidler,1686.0,substitution,74,,,,,,injury,sofascore
8738561,833030.0,Samuel Kalu,1645.0,card,74,,,,,,yellow,sofascore
8738561,243735.0,Pablo,1645.0,card,71,,,,,,yellow,sofascore
8738561,791314.0,Hwang Ui-Jo,1645.0,substitution,63,,,,,,regular,sofascore
8738561,3209.0,Jimmy Briand,1645.0,substitution,63,,,,,,regular,sofascore
8738561,867438.0,Jonathan Panzo,1686.0,card,61,,,,,,yellow,sofascore
8738561,281013.0,Bersant Celina,1686.0,substitution,59,,,,,,regular,sofascore
8738561,,,,period,45,,,,,,,sofascore
8738561,904994.0,Eric Ebimbe,1686.0,card,38,,,,,,yellow,sofascore
8738561,833030.0,Samuel Kalu,1645.0,goal,29,,,,,,regular,sofascore
8738561,842709.0,Rémi Oudin,1645.0,goal,11,,,,,,regular,sofascore
8738562,,,,period,90,,,,,,,sofascore
8738562,152734.0,Maxime Poundjé,1645.0,substitution,90,,,,,,regular,sofascore
8738562,,,,injuryTime,90,,,,,,,sofascore
8738562,979128.0,Rayan Cherki,1649.0,substitution,83,,,,,,regular,sofascore
8738562,3209.0,Jimmy Briand,1645.0,card,79,,,,,,yellow,sofascore
8738562,3209.0,Jimmy Briand,1645.0,substitution,74,,,,,,regular,sofascore
8738562,852145.0,Josh Maja,1645.0,substitution,74,,,,,,regular,sofascore
8738562,810535.0,Tino Kadewere,1649.0,substitution,73,,,,,,regular,sofascore
8738562,362682.0,Joachim Andersen,1649.0,card,68,,,,,,yellow,sofascore
8738562,859024.0,Yacine Adli,1645.0,substitution,62,,,,,,regular,sofascore
8738562,846081.0,Houssem Aouar,1649.0,substitution,59,,,,,,regular,sofascore
8738562,329303.0,Thiago Mendes,1649.0,substitution,59,,,,,,regular,sofascore
8738562,552686.0,Otávio,1645.0,card,55,,,,,,yellow,sofascore
8738562,,,,period,45,,,,,,,sofascore
8738562,,,,injuryTime,45,,,,,,,sofascore
8738562,36704.0,Marcelo,1649.0,card,30,,,,,,yellow,sofascore
8738562,318653.0,Moussa Dembélé,1649.0,card,22,,,,,,yellow,sofascore
8738563,,,,period,90,,,,,,,sofascore
8738563,605552.0,Irvin Cardona,1715.0,goal,90,,,,,,regular,sofascore
8738563,,,,injuryTime,90,,,,,,,sofascore
8738563,1048100.0,Wilitty Younoussa,1686.0,substitution,80,,,,,,injury,sofascore
8738563,328035.0,Brendan Chardonnet,1715.0,substitution,73,,,,,,regular,sofascore
8738563,605552.0,Irvin Cardona,1715.0,substitution,73,,,,,,regular,sofascore
8738563,51299.0,Frédéric Sammaritano,1686.0,substitution,63,,,,,,regular,sofascore
8738563,786029.0,Didier Ndong,1686.0,card,55,,,,,,yellow,sofascore
8738563,786305.0,Roger Assalé,1686.0,card,55,,,,,,red,sofascore
8738563,122815.0,Wesley Lautoa,1686.0,substitution,46,,,,,,regular,sofascore
8738563,786305.0,Roger Assalé,1686.0,substitution,46,,,,,,regular,sofascore
8738563,281013.0,Bersant Celina,1686.0,substitution,46,,,,,,regular,sofascore
8738563,990820.0,Hianga'a M'Bock,1715.0,substitution,46,,,,,,regular,sofascore
8738563,,,,period,45,,,,,,,sofascore
8738563,,,,injuryTime,45,,,,,,,sofascore
8738563,827519.0,Romain Perraud,1715.0,goal,42,,,,,,regular,sofascore
8738563,148196.0,Cristian Battocchio,1715.0,substitution,24,,,,,,injury,sofascore
8738563,51471.0,Julien Faussurier,1715.0,substitution,21,,,,,,injury,sofascore
8738563,826551.0,Pape Cheikh,1686.0,card,19,,,,,,yellow,sofascore
8738564,,,,period,90,,,,,,,sofascore
8738564,,,,injuryTime,90,,,,,,,sofascore
8738564,1012657.0,Lucas Gourna-Douath,1678.0,substitution,85,,,,,,regular,sofascore
8738564,191178.0,Corentin Jean,1648.0,substitution,83,,,,,,regular,sofascore
8738564,138880.0,Manuel Perez,1648.0,substitution,83,,,,,,regular,sofascore
8738564,1047364.0,Ismaël Boura,1648.0,substitution,83,,,,,,regular,sofascore
8738564,788921.0,Florian Sotoca,1648.0,goal,81,,,,,,regular,sofascore
8738564,862194.0,Zaydou Youssouf,1678.0,substitution,71,,,,,,regular,sofascore
8738564,74139.0,Romain Hamouma,1678.0,substitution,71,,,,,,regular,sofascore
8738564,593546.0,Tony Mauricio,1648.0,substitution,71,,,,,,injury,sofascore
8738564,46387.0,Gaël Kakuta,1648.0,card,67,,,,,,yellow,sofascore
8738564,51640.0,Wahbi Khazri,1678.0,card,64,,,,,,red,sofascore
8738564,1006486.0,Yvann Maçon,1678.0,card,64,,,,,,yellow,sofascore
8738564,51640.0,Wahbi Khazri,1678.0,substitution,46,,,,,,regular,sofascore
8738564,,,,period,45,,,,,,,sofascore
8738564,,,,injuryTime,45,,,,,,,sofascore
8738564,860307.0,Facundo Medina,1648.0,varDecision,22,,,,,,goalAwarded,sofascore
8738564,1063237.0,Saïdou Sow,1678.0,substitution,16,,,,,,regular,sofascore
8738564,46387.0,Gaël Kakuta,1648.0,goal,15,,,,,,penalty,sofascore
8738564,825945.0,Simon Banza,1648.0,substitution,15,,,,,,injury,sofascore
8738564,41605.0,Timothée Kolodziejczak,1678.0,card,14,,,,,,red,sofascore
8738564,1014408.0,Maxence Rivera,1678.0,varDecision,13,,,,,,cardUpgrade,sofascore
8738565,,,,period,90,,,,,,,sofascore
8738565,250133.0,Morgan Sanson,1641.0,goal,90,,,,,,regular,sofascore
8738565,848537.0,Boubakar Kouyaté,1651.0,substitution,90,,,,,,regular,sofascore
8738565,,,,injuryTime,90,,,,,,,sofascore
8738565,940360.0,Warren Tchimbembé,1651.0,substitution,87,,,,,,regular,sofascore
8738565,991359.0,Papa Ndiaga Yade,1651.0,substitution,86,,,,,,regular,sofascore
8738565,352802.0,Maxime López,1641.0,substitution,85,,,,,,regular,sofascore
8738565,879694.0,Pape Gueye,1641.0,substitution,85,,,,,,regular,sofascore
8738565,802665.0,Nemanja Radonjić,1641.0,substitution,84,,,,,,regular,sofascore
8738565,140992.0,Valère Germain,1641.0,substitution,77,,,,,,regular,sofascore
8738565,346262.0,Saîf-Eddine Khaoui,1641.0,substitution,77,,,,,,regular,sofascore
8738565,802159.0,Habibou Diallo,1651.0,substitution,76,,,,,,regular,sofascore
8738565,880775.0,Ibrahima Niane,1651.0,goal,71,,,,,,regular,sofascore
8738565,156009.0,Victorien Angban,1651.0,card,55,,,,,,yellow,sofascore
8738565,,,,period,45,,,,,,,sofascore
8738565,359246.0,Habib Maïga,1651.0,card,25,,,,,,yellow,sofascore
8738566,,,,period,90,,,,,,,sofascore
8738566,859026.0,Amine Gouiri,1661.0,card,90,,,,,,yellow,sofascore
8738566,851262.0,Myziane Maolida,1661.0,substitution,90,,,,,,regular,sofascore
8738566,,,,injuryTime,90,,,,,,,sofascore
8738566,963298.0,Dilane Bakwa,1645.0,substitution,84,,,,,,regular,sofascore
8738566,930245.0,Evann Guessand,1661.0,substitution,81,,,,,,regular,sofascore
8738566,901885.0,Flavius Daniliuc,1661.0,substitution,81,,,,,,regular,sofascore
8738566,804619.0,Enock Kwateng,1645.0,substitution,81,,,,,,regular,sofascore
8738566,3209.0,Jimmy Briand,1645.0,substitution,81,,,,,,regular,sofascore
8738566,842709.0,Rémi Oudin,1645.0,substitution,69,,,,,,regular,sofascore
8738566,791314.0,Hwang Ui-Jo,1645.0,substitution,68,,,,,,regular,sofascore
8738566,822877.0,Alexis Claude-Maurice,1661.0,substitution,57,,,,,,regular,sofascore
8738566,,,,period,45,,,,,,,sofascore
8738566,,,,injuryTime,45,,,,,,,sofascore
8738566,111803.0,Youssouf Sabaly,1645.0,card,15,,,,,,yellow,sofascore
8738567,,,,period,90,,,,,,,sofascore
8738567,794836.0,Andrei Girotto,1647.0,card,90,,,,,,yellow,sofascore
8738567,827804.0,Yusuf Yazıcı,1643.0,substitution,90,,,,,,regular,sofascore
8738567,858705.0,Xeka,1643.0,substitution,90,,,,,,regular,sofascore
8738567,,,,injuryTime,90,,,,,,,sofascore
8738567,331753.0,Renaud Emond,1647.0,substitution,87,,,,,,regular,sofascore
8738567,73056.0,Mehdi Abeid,1647.0,substitution,87,,,,,,regular,sofascore
8738567,18864.0,Burak Yılmaz,1643.0,goal,87,,,,,,penalty,sofascore
8738567,123164.0,Dennis Appiah,1647.0,card,85,,,,,,yellow,sofascore
8738567,980403.0,Isaac Lihadji,1643.0,substitution,78,,,,,,regular,sofascore
8738567,887581.0,Boubakary Soumaré,1643.0,substitution,78,,,,,,regular,sofascore
8738567,938270.0,Abdoul Kader Bamba,1647.0,substitution,73,,,,,,regular,sofascore
8738567,802142.0,Jonathan Ikoné,1643.0,substitution,64,,,,,,regular,sofascore
8738567,,,,period,45,,,,,,,sofascore
8738567,106496.0,Nicolas Pallois,1643.0,goal,43,,,,,,ownGoal,sofascore
8738568,,,,period,90,,,,,,,sofascore
8738568,155717.0,Paul Nardi,1656.0,card,90,,,,,,yellow,sofascore
8738568,,,,injuryTime,90,,,,,,,sofascore
8738568,891562.0,Franklin Wadja,1656.0,substitution,89,,,,,,regular,sofascore
8738568,906075.0,Melvin Bard,1649.0,substitution,82,,,,,,regular,sofascore
8738568,122807.0,Jonathan Delaplace,1656.0,substitution,76,,,,,,regular,sofascore
8738568,329303.0,Thiago Mendes,1649.0,substitution,75,,,,,,regular,sofascore
8738568,810535.0,Tino Kadewere,1649.0,substitution,75,,,,,,regular,sofascore
8738568,552680.0,Léo Dubois,1649.0,goal,74,,,,,,regular,sofascore
8738568,857471.0,Pierre-Yves Hamel,1656.0,varDecision,65,,,,,,goalNotAwarded,sofascore
8738568,805123.0,Yoane Wissa,1656.0,goal,63,,,,,,regular,sofascore
8738568,857471.0,Pierre-Yves Hamel,1656.0,card,53,,,,,,yellow,sofascore
8738568,150865.0,Thomas Monconduit,1656.0,substitution,46,,,,,,injury,sofascore
8738568,138833.0,Memphis Depay,1649.0,substitution,46,,,,,,regular,sofascore
8738568,,,,period,45,,,,,,,sofascore
8738568,,,,injuryTime,45,,,,,,,sofascore
8738568,857471.0,Pierre-Yves Hamel,1656.0,substitution,15,,,,,,injury,sofascore
8738569,,,,period,90,,,,,,,sofascore
8738569,869931.0,Yvan Neyou,1678.0,card,90,,,,,,yellow,sofascore
8738569,946695.0,Georginio Rutter,1658.0,substitution,90,,,,,,regular,sofascore
8738569,,,,injuryTime,90,,,,,,,sofascore
8738569,283083.0,Adrien Hunou,1658.0,goal,89,,,,,,regular,sofascore
8738569,283083.0,Adrien Hunou,1658.0,substitution,84,,,,,,regular,sofascore
8738569,123264.0,Jonas Martin,1658.0,substitution,84,,,,,,regular,sofascore
8738569,911857.0,Tyron Tormin,1678.0,substitution,81,,,,,,regular,sofascore
8738569,1014408.0,Maxence Rivera,1678.0,substitution,73,,,,,,regular,sofascore
8738569,831005.0,Raphinha,1658.0,substitution,70,,,,,,regular,sofascore
8738569,312388.0,Flavien Tait,1658.0,substitution,70,,,,,,regular,sofascore
8738569,51652.0,Steven​ N'Zonzi,1658.0,card,68,,,,,,yellow,sofascore
8738569,940328.0,Jean-Philippe Krasso,1678.0,substitution,61,,,,,,regular,sofascore
8738569,328027.0,Serhou Guirassy,1658.0,goal,53,,,,,,regular,sofascore
8738569,869931.0,Yvan Neyou,1678.0,substitution,46,,,,,,regular,sofascore
8738569,923894.0,Wesley Fofana,1678.0,substitution,46,,,,,,regular,sofascore
8738569,,,,period,45,,,,,,,sofascore
8738569,,,,injuryTime,45,,,,,,,sofascore
8738569,877102.0,Nayef Aguerd,1658.0,goal,33,,,,,,regular,sofascore
8738570,,,,period,90,,,,,,,sofascore
8738570,,,,injuryTime,90,,,,,,,sofascore
8738570,891793.0,Kévin Zohi,1659.0,substitution,77,,,,,,regular,sofascore
8738570,963198.0,Chrislain Matsima,1653.0,substitution,72,,,,,,regular,sofascore
8738570,965331.0,Giulian Biancone,1653.0,substitution,72,,,,,,regular,sofascore
8738570,102291.0,Idriss Saadi,1659.0,substitution,71,,,,,,regular,sofascore
8738570,343971.0,Ludovic Ajorque,1659.0,goal,70,,,,,,penalty,sofascore
8738570,827243.0,Axel Disasi,1653.0,card,67,,,,,,red,sofascore
8738570,1046150.0,Eliot Matazo,1653.0,substitution,61,,,,,,regular,sofascore
8738570,94822.0,Sanjin Prcić,1659.0,substitution,61,,,,,,regular,sofascore
8738570,231946.0,Adrien Thomasson,1659.0,card,60,,,,,,yellow,sofascore
8738570,859025.0,Aurélien Tchouaméni,1653.0,card,55,,,,,,yellowRed,sofascore
8738570,944164.0,Sofiane Diop,1653.0,substitution,54,,,,,,regular,sofascore
8738570,119192.0,Wissam Ben Yedder,1653.0,goal,53,,,,,,regular,sofascore
8738570,914660.0,Mehdi Chahiri,1659.0,goal,46,,,,,,regular,sofascore
8738570,365358.0,Dimitri Liénard,1659.0,substitution,46,,,,,,regular,sofascore
8738570,914660.0,Mehdi Chahiri,1659.0,substitution,46,,,,,,regular,sofascore
8738570,,,,period,45,,,,,,,sofascore
8738570,579576.0,Ruben Aguilar,1653.0,goal,45,,,,,,regular,sofascore
8738570,,,,injuryTime,45,,,,,,,sofascore
8738570,788170.0,Fodé Ballo-Touré,1653.0,card,40,,,,,,yellow,sofascore
8738570,859025.0,Aurélien Tchouaméni,1653.0,card,21,,,,,,yellow,sofascore
8738570,119192.0,Wissam Ben Yedder,1653.0,goal,9,,,,,,regular,sofascore
8738571,,,,period,90,,,,,,,sofascore
8738571,1063235.0,Mohamed Ali Cho,1684.0,card,90,,,,,,yellow,sofascore
8738571,,,,injuryTime,90,,,,,,,sofascore
8738571,72805.0,Paul Lasne,1715.0,substitution,87,,,,,,regular,sofascore
8738571,148196.0,Cristian Battocchio,1715.0,substitution,87,,,,,,regular,sofascore
8738571,605552.0,Irvin Cardona,1715.0,card,85,,,,,,yellow,sofascore
8738571,787540.0,Angelo Fulgini,1684.0,goal,80,,,,,,regular,sofascore
8738571,848279.0,Enzo Ebosse,1684.0,substitution,78,,,,,,regular,sofascore
8738571,25506.0,Ismaël Traoré,1684.0,goal,77,,,,,,regular,sofascore
8738571,605552.0,Irvin Cardona,1715.0,substitution,71,,,,,,regular,sofascore
8738571,280453.0,Franck Honorat,1715.0,substitution,71,,,,,,regular,sofascore
8738571,294641.0,Loïs Diony,1684.0,substitution,71,,,,,,regular,sofascore
8738571,308130.0,Jimmy Cabot,1684.0,substitution,71,,,,,,regular,sofascore
8738571,307096.0,Romain Philippoteaux,1715.0,substitution,62,,,,,,regular,sofascore
8738571,1063235.0,Mohamed Ali Cho,1684.0,substitution,46,,,,,,regular,sofascore
8738571,804621.0,Lassana Coulibaly,1684.0,substitution,46,,,,,,regular,sofascore
8738571,,,,period,45,,,,,,,sofascore
8738571,14142.0,Thomas Mangani,1684.0,card,43,,,,,,yellow,sofascore
8738571,51321.0,Mateo Pavlović,1684.0,card,39,,,,,,yellow,sofascore
8738571,44213.0,Gaëtan Charbonnier,1715.0,goal,32,,,,,,regular,sofascore
8738571,949785.0,Ibrahima Diallo,1715.0,card,27,,,,,,yellow,sofascore
8738571,787542.0,Sada Thioub,1684.0,goal,21,,,,,,regular,sofascore
8738571,345035.0,Steve Mounié,1715.0,goal,3,,,,,,penalty,sofascore
8738572,,,,period,90,,,,,,,sofascore
8738572,846445.0,Martin Terrier,1658.0,card,90,,,,,,yellow,sofascore
8738572,37126.0,Stevan Jovetić,1653.0,substitution,90,,,,,,regular,sofascore
8738572,339909.0,Guillermo Maripán,1653.0,substitution,90,,,,,,regular,sofascore
8738572,999028.0,Adrien Truffert,1658.0,goal,90,,,,,,regular,sofascore
8738572,,,,injuryTime,90,,,,,,,sofascore
8738572,364618.0,Gelson Martins,1653.0,substitution,83,,,,,,regular,sofascore
8738572,809220.0,Henry Onyekuru,1653.0,substitution,82,,,,,,regular,sofascore
8738572,51652.0,Steven​ N'Zonzi,1658.0,goal,81,,,,,,regular,sofascore
8738572,312388.0,Flavien Tait,1658.0,substitution,80,,,,,,regular,sofascore
8738572,123264.0,Jonas Martin,1658.0,substitution,80,,,,,,regular,sofascore
8738572,877979.0,Willem Geubbels,1653.0,card,76,,,,,,yellow,sofascore
8738572,877979.0,Willem Geubbels,1653.0,substitution,72,,,,,,regular,sofascore
8738572,827243.0,Axel Disasi,1653.0,card,68,,,,,,yellow,sofascore
8738572,825681.0,Romain Del Castillo,1658.0,substitution,58,,,,,,regular,sofascore
8738572,,,,period,45,,,,,,,sofascore
8738572,,,,injuryTime,45,,,,,,,sofascore
8738572,999028.0,Adrien Truffert,1658.0,substitution,41,,,,,,injury,sofascore
8738572,119192.0,Wissam Ben Yedder,1653.0,goal,28,,,,,,regular,sofascore
8738573,,,,period,90,,,,,,,sofascore
8738573,156682.0,Teji Savanier,1642.0,goal,90,,,,,,penalty,sofascore
8738573,,,,injuryTime,90,,,,,,,sofascore
8738573,867438.0,Jonathan Panzo,1686.0,card,88,,,,,,yellow,sofascore
8738573,51299.0,Frédéric Sammaritano,1686.0,substitution,83,,,,,,regular,sofascore
8738573,159739.0,Ambroise Oyongo,1642.0,substitution,82,,,,,,regular,sofascore
8738573,122815.0,Wesley Lautoa,1686.0,substitution,82,,,,,,regular,sofascore
8738573,605338.0,Stephy Mavididi,1642.0,card,77,,,,,,yellow,sofascore
8738573,309510.0,Jordan Marié,1686.0,substitution,73,,,,,,regular,sofascore
8738573,605338.0,Stephy Mavididi,1642.0,substitution,65,,,,,,regular,sofascore
8738573,234230.0,Florent Mollet,1642.0,substitution,65,,,,,,regular,sofascore
8738573,880525.0,Ngonda Muzinga,1686.0,substitution,61,,,,,,regular,sofascore
8738573,845274.0,Mounir Chouiar,1686.0,substitution,61,,,,,,regular,sofascore
8738573,31993.0,Bruno Ecuele Manga,1686.0,goal,60,,,,,,regular,sofascore
8738573,84744.0,Andy Delort,1642.0,goal,50,,,,,,regular,sofascore
8738573,,,,period,45,,,,,,,sofascore
8738573,,,,injuryTime,45,,,,,,,sofascore
8738573,904994.0,Eric Ebimbe,1686.0,card,28,,,,,,yellow,sofascore
8738573,281013.0,Bersant Celina,1686.0,card,19,,,,,,yellow,sofascore
8738573,208234.0,Fouad Chafik,1686.0,card,9,,,,,,yellow,sofascore
8738573,904994.0,Eric Ebimbe,1686.0,goal,8,,,,,,regular,sofascore
8738574,,,,period,90,,,,,,,sofascore
8738574,,,,injuryTime,90,,,,,,,sofascore
8738574,234230.0,Florent Mollet,1642.0,goal,86,,,,,,regular,sofascore
8738574,605338.0,Stephy Mavididi,1642.0,substitution,85,,,,,,regular,sofascore
8738574,976396.0,Joris Chotard,1642.0,substitution,84,,,,,,regular,sofascore
8738574,234230.0,Florent Mollet,1642.0,substitution,74,,,,,,regular,sofascore
8738574,1063235.0,Mohamed Ali Cho,1684.0,substitution,74,,,,,,regular,sofascore
8738574,294641.0,Loïs Diony,1684.0,substitution,73,,,,,,regular,sofascore
8738574,159739.0,Ambroise Oyongo,1642.0,substitution,68,,,,,,regular,sofascore
8738574,886286.0,Nicolas Cozza,1642.0,card,66,,,,,,yellow,sofascore
8738574,931278.0,Rayan Aït-Nouri,1684.0,substitution,63,,,,,,regular,sofascore
8738574,787542.0,Sada Thioub,1684.0,substitution,63,,,,,,regular,sofascore
8738574,51321.0,Mateo Pavlović,1684.0,card,62,,,,,,yellow,sofascore
8738574,84744.0,Andy Delort,1642.0,goal,60,,,,,,regular,sofascore
8738574,153220.0,Stéphane Bahoken,1684.0,card,56,,,,,,yellow,sofascore
8738574,603738.0,Junior Sambia,1642.0,substitution,46,,,,,,regular,sofascore
8738574,,,,period,45,,,,,,,sofascore
8738574,,,,injuryTime,45,,,,,,,sofascore
8738574,84744.0,Andy Delort,1642.0,goal,43,,,,,,regular,sofascore
8738574,93570.0,Arnaud Souquet,1642.0,card,41,,,,,,yellow,sofascore
8738574,84744.0,Andy Delort,1642.0,card,33,,,,,,yellow,sofascore
8738574,153220.0,Stéphane Bahoken,1684.0,goal,25,,,,,,regular,sofascore
8738574,93570.0,Arnaud Souquet,1642.0,goal,18,,,,,,regular,sofascore
8738574,5585.0,Daniel Congré,1642.0,card,16,,,,,,yellow,sofascore
8738574,848279.0,Enzo Ebosse,1684.0,card,11,,,,,,yellow,sofascore
8738575,,,,period,90,,,,,,,sofascore
8738575,,,,injuryTime,90,,,,,,,sofascore
8738575,991824.0,Rayan Philippe,1686.0,substitution,85,,,,,,regular,sofascore
8738575,1048100.0,Wilitty Younoussa,1686.0,substitution,85,,,,,,regular,sofascore
8738575,108736.0,Stefan Mitrović,1659.0,goal,80,,,,,,regular,sofascore
8738575,94822.0,Sanjin Prcić,1659.0,substitution,77,,,,,,regular,sofascore
8738575,102291.0,Idriss Saadi,1659.0,substitution,77,,,,,,regular,sofascore
8738575,914660.0,Mehdi Chahiri,1659.0,substitution,68,,,,,,regular,sofascore
8738575,122815.0,Wesley Lautoa,1686.0,substitution,66,,,,,,regular,sofascore
8738575,845274.0,Mounir Chouiar,1686.0,substitution,60,,,,,,regular,sofascore
8738575,122922.0,Lionel Carole,1659.0,substitution,59,,,,,,regular,sofascore
8738575,365358.0,Dimitri Liénard,1659.0,substitution,58,,,,,,regular,sofascore
8738575,,,,period,45,,,,,,,sofascore
8738575,51299.0,Frédéric Sammaritano,1686.0,card,33,,,,,,yellow,sofascore
8738575,343971.0,Ludovic Ajorque,1659.0,card,13,,,,,,yellow,sofascore
8738576,,,,period,90,,,,,,,sofascore
8738576,155995.0,Marquinhos,1644.0,card,90,,,,,,yellow,sofascore
8738576,,,,injuryTime,90,,,,,,,sofascore
8738576,280435.0,Abdou Diallo,1644.0,substitution,85,,,,,,regular,sofascore
8738576,914877.0,Fraser Hornby,1682.0,substitution,81,,,,,,regular,sofascore
8738576,962872.0,Kays Ruiz-Atil,1644.0,substitution,78,,,,,,regular,sofascore
8738576,138573.0,Pablo Sarabia,1644.0,substitution,78,,,,,,regular,sofascore
8738576,245615.0,Thomas Foket,1682.0,card,73,,,,,,yellow,sofascore
8738576,126691.0,Marco Verratti,1644.0,substitution,68,,,,,,regular,sofascore
8738576,82474.0,Ander Herrera,1644.0,substitution,68,,,,,,regular,sofascore
8738576,789984.0,Dereck Kutesa,1682.0,substitution,65,,,,,,regular,sofascore
8738576,227892.0,Arbër Zeneli,1682.0,substitution,65,,,,,,regular,sofascore
8738576,233114.0,Mauro Icardi,1644.0,goal,62,,,,,,regular,sofascore
8738576,960080.0,Boulaye Dia,1682.0,substitution,58,,,,,,regular,sofascore
8738576,142680.0,Julian Draxler,1644.0,card,51,,,,,,yellow,sofascore
8738576,,,,period,45,,,,,,,sofascore
8738576,845750.0,Moreto Cassama,1682.0,card,35,,,,,,yellow,sofascore
8738576,233114.0,Mauro Icardi,1644.0,goal,9,,,,,,regular,sofascore
8738578,,,,period,90,,,,,,,sofascore
8738578,866469.0,Bruno Guimarães,1649.0,substitution,90,,,,,,regular,sofascore
8738578,352966.0,Aaron Leya Iseka,1651.0,card,90,,,,,,yellow,sofascore
8738578,352966.0,Aaron Leya Iseka,1651.0,goal,90,,,,,,regular,sofascore
8738578,,,,injuryTime,90,,,,,,,sofascore
8738578,848537.0,Boubakar Kouyaté,1651.0,card,86,,,,,,yellow,sofascore
8738578,846081.0,Houssem Aouar,1649.0,varDecision,77,,,,,,goalAwarded,sofascore
8738578,238708.0,Islam Slimani,1649.0,substitution,76,,,,,,regular,sofascore
8738578,979128.0,Rayan Cherki,1649.0,substitution,76,,,,,,regular,sofascore
8738578,1002711.0,Pape Matar Sarr,1651.0,substitution,76,,,,,,regular,sofascore
8738578,280439.0,Maxwel Cornet,1649.0,substitution,68,,,,,,regular,sofascore
8738578,846081.0,Houssem Aouar,1649.0,substitution,67,,,,,,regular,sofascore
8738578,352966.0,Aaron Leya Iseka,1651.0,substitution,61,,,,,,regular,sofascore
8738578,991359.0,Papa Ndiaga Yade,1651.0,substitution,61,,,,,,regular,sofascore
8738578,787827.0,Matthieu Udol,1651.0,substitution,54,,,,,,injury,sofascore
8738578,,,,period,45,,,,,,,sofascore
8738578,,,,injuryTime,45,,,,,,,sofascore
8738578,73188.0,John Boye,1651.0,card,27,,,,,,yellow,sofascore
8738578,552680.0,Léo Dubois,1649.0,card,27,,,,,,yellow,sofascore
8738578,,,1651.0,card,-5,,,,,,yellow,sofascore
8738579,,,,period,90,,,,,,,sofascore
8738579,,,,injuryTime,90,,,,,,,sofascore
8738579,996951.0,Sinaly Diomandé,1649.0,substitution,89,,,,,,regular,sofascore
8738579,324399.0,Benjamin Bourigeaud,1658.0,card,87,,,,,,yellow,sofascore
8738579,352664.0,Jason Denayer,1649.0,goal,82,,,,,,regular,sofascore
8738579,138833.0,Memphis Depay,1649.0,goal,79,,,,,,regular,sofascore
8738579,312388.0,Flavien Tait,1658.0,substitution,77,,,,,,regular,sofascore
8738579,946695.0,Georginio Rutter,1658.0,substitution,77,,,,,,regular,sofascore
8738579,979128.0,Rayan Cherki,1649.0,substitution,67,,,,,,regular,sofascore
8738579,859027.0,Maxence Caqueret,1649.0,substitution,67,,,,,,regular,sofascore
8738579,352664.0,Jason Denayer,1649.0,varDecision,66,,,,,,goalAwarded,sofascore
8738579,324399.0,Benjamin Bourigeaud,1658.0,goal,55,,,,,,regular,sofascore
8738579,839981.0,Lucas Paquetá,1649.0,card,54,,,,,,yellow,sofascore
8738579,,,,period,45,,,,,,,sofascore
8738579,39009.0,Clément Grenier,1658.0,goal,20,,,,,,regular,sofascore
8738579,846081.0,Houssem Aouar,1649.0,card,14,,,,,,yellow,sofascore
8738580,,,,period,90,,,,,,,sofascore
8738580,974418.0,Karim Aribi,1663.0,substitution,90,,,,,,regular,sofascore
8738580,558522.0,Anthony Briançon,1663.0,card,90,,,,,,yellow,sofascore
8738580,,,,injuryTime,90,,,,,,,sofascore
8738580,122630.0,Darío Benedetto,1641.0,goal,85,,,,,,regular,sofascore
8738580,944142.0,Yassine Benrahou,1663.0,substitution,84,,,,,,regular,sofascore
8738580,257091.0,Duje Ćaleta-Car,1641.0,card,68,,,,,,yellow,sofascore
8738580,346262.0,Saîf-Eddine Khaoui,1641.0,substitution,66,,,,,,regular,sofascore
8738580,802665.0,Nemanja Radonjić,1641.0,substitution,66,,,,,,regular,sofascore
8738580,140992.0,Valère Germain,1641.0,substitution,66,,,,,,regular,sofascore
8738580,826208.0,Michaël Cuisance,1641.0,substitution,65,,,,,,regular,sofascore
8738580,581314.0,Valentin Rongier,1641.0,card,61,,,,,,yellow,sofascore
8738580,316196.0,Niclas Eliasson,1663.0,goal,58,,,,,,regular,sofascore
8738580,316196.0,Niclas Eliasson,1663.0,goal,55,,,,,,regular,sofascore
8738580,,,,period,45,,,,,,,sofascore
8738580,,,,injuryTime,45,,,,,,,sofascore
8738580,148824.0,Florian Thauvin,1641.0,inGamePenalty,35,,,,,,missed,sofascore
8738580,546416.0,Andrés Cubas,1663.0,card,20,,,,,,yellow,sofascore
8738580,879694.0,Pape Gueye,1641.0,substitution,18,,,,,,injury,sofascore
8738581,,,,period,90,,,,,,,sofascore
8738581,,,,injuryTime,90,,,,,,,sofascore
8738581,845930.0,Jean-Kévin Duverne,1715.0,substitution,88,,,,,,regular,sofascore
8738581,44213.0,Gaëtan Charbonnier,1715.0,substitution,87,,,,,,regular,sofascore
8738581,801287.0,Faitout Maouassa,1658.0,substitution,87,,,,,,regular,sofascore
8738581,225092.0,Christophe Herelle,1715.0,card,84,,,,,,yellow,sofascore
8738581,307096.0,Romain Philippoteaux,1715.0,substitution,82,,,,,,regular,sofascore
8738581,927975.0,Jean Lucas,1715.0,substitution,77,,,,,,regular,sofascore
8738581,39009.0,Clément Grenier,1658.0,goal,77,,,,,,penalty,sofascore
8738581,324399.0,Benjamin Bourigeaud,1658.0,card,56,,,,,,yellow,sofascore
8738581,,,,period,45,,,,,,,sofascore
8738581,,,,injuryTime,45,,,,,,,sofascore
8738581,324399.0,Benjamin Bourigeaud,1658.0,goal,7,,,,,,regular,sofascore
8738581,280453.0,Franck Honorat,1715.0,goal,4,,,,,,regular,sofascore
8738582,,,,period,90,,,,,,,sofascore
8738582,840451.0,Luiz Araújo,1643.0,card,90,,,,,,yellow,sofascore
8738582,935564.0,Jonathan David,1643.0,goal,90,,,,,,regular,sofascore
8738582,858705.0,Xeka,1643.0,substitution,86,,,,,,regular,sofascore
8738582,892735.0,Tiago Djaló,1643.0,card,85,,,,,,yellow,sofascore
8738582,789984.0,Dereck Kutesa,1682.0,substitution,81,,,,,,regular,sofascore
8738582,855810.0,Tim Weah,1643.0,substitution,81,,,,,,regular,sofascore
8738582,982615.0,El Bilal Touré,1682.0,substitution,73,,,,,,regular,sofascore
8738582,840451.0,Luiz Araújo,1643.0,substitution,60,,,,,,regular,sofascore
8738582,894733.0,Marshall Munetsi,1682.0,substitution,60,,,,,,regular,sofascore
8738582,595576.0,Jonathan Bamba,1643.0,goal,48,,,,,,regular,sofascore
8738582,,,,period,45,,,,,,,sofascore
8738582,227892.0,Arbër Zeneli,1682.0,goal,36,,,,,,regular,sofascore
8738582,845750.0,Moreto Cassama,1682.0,card,31,,,,,,yellow,sofascore
8738583,,,,period,90,,,,,,,sofascore
8738583,827243.0,Axel Disasi,1653.0,substitution,90,,,,,,regular,sofascore
8738583,963198.0,Chrislain Matsima,1653.0,substitution,90,,,,,,regular,sofascore
8738583,156682.0,Teji Savanier,1642.0,card,90,,,,,,yellow,sofascore
8738583,,,,injuryTime,90,,,,,,,sofascore
8738583,339909.0,Guillermo Maripán,1653.0,card,88,,,,,,yellow,sofascore
8738583,976396.0,Joris Chotard,1642.0,card,83,,,,,,yellow,sofascore
8738583,976396.0,Joris Chotard,1642.0,substitution,83,,,,,,regular,sofascore
8738583,605338.0,Stephy Mavididi,1642.0,substitution,82,,,,,,regular,sofascore
8738583,37126.0,Stevan Jovetić,1653.0,substitution,80,,,,,,regular,sofascore
8738583,788170.0,Fodé Ballo-Touré,1653.0,substitution,80,,,,,,regular,sofascore
8738583,318963.0,Aleksandr Golovin,1653.0,substitution,70,,,,,,regular,sofascore
8738583,84744.0,Andy Delort,1642.0,goal,69,,,,,,regular,sofascore
8738583,979315.0,Elye Wahi,1642.0,goal,64,,,,,,regular,sofascore
8738583,119192.0,Wissam Ben Yedder,1653.0,goal,61,,,,,,penalty,sofascore
8738583,579576.0,Ruben Aguilar,1653.0,card,59,,,,,,yellow,sofascore
8738583,156682.0,Teji Savanier,1642.0,substitution,54,,,,,,regular,sofascore
8738583,979315.0,Elye Wahi,1642.0,substitution,54,,,,,,regular,sofascore
8738583,,,,period,45,,,,,,,sofascore
8738583,,,,injuryTime,45,,,,,,,sofascore
8738583,119192.0,Wissam Ben Yedder,1653.0,goal,35,,,,,,regular,sofascore
8738583,117373.0,Kevin Volland,1653.0,goal,24,,,,,,regular,sofascore
8738583,945062.0,Youssouf Fofana,1653.0,card,18,,,,,,yellow,sofascore
8738584,,,,period,90,,,,,,,sofascore
8738584,124712.0,Neymar,1644.0,card,90,,,,,,yellow,sofascore
8738584,,,,injuryTime,90,,,,,,,sofascore
8738584,126691.0,Marco Verratti,1644.0,card,89,,,,,,yellow,sofascore
8738584,352916.0,Presnel Kimpembe,1644.0,substitution,86,,,,,,injury,sofascore
8738584,930584.0,Farid El Melali,1684.0,substitution,86,,,,,,regular,sofascore
8738584,138573.0,Pablo Sarabia,1644.0,substitution,80,,,,,,regular,sofascore
8738584,82474.0,Ander Herrera,1644.0,substitution,79,,,,,,regular,sofascore
8738584,787542.0,Sada Thioub,1684.0,substitution,75,,,,,,regular,sofascore
8738584,308130.0,Jimmy Cabot,1684.0,substitution,75,,,,,,regular,sofascore
8738584,135775.0,Layvin Kurzawa,1644.0,goal,70,,,,,,regular,sofascore
8738584,233114.0,Mauro Icardi,1644.0,substitution,69,,,,,,regular,sofascore
8738584,153220.0,Stéphane Bahoken,1684.0,substitution,61,,,,,,regular,sofascore
8738584,,,,period,45,,,,,,,sofascore
8738584,,,1684.0,card,-5,,,,,,yellow,sofascore
8738585,,,,period,90,,,,,,,sofascore
8738585,,,,injuryTime,90,,,,,,,sofascore
8738585,788170.0,Fodé Ballo-Touré,1653.0,substitution,85,,,,,,regular,sofascore
8738585,579576.0,Ruben Aguilar,1653.0,substitution,84,,,,,,regular,sofascore
8738585,827243.0,Axel Disasi,1653.0,substitution,84,,,,,,regular,sofascore
8738585,37126.0,Stevan Jovetić,1653.0,goal,81,,,,,,regular,sofascore
8738585,37126.0,Stevan Jovetić,1653.0,substitution,78,,,,,,regular,sofascore
8738585,757730.0,Antonin Bobichon,1684.0,substitution,76,,,,,,regular,sofascore
8738585,787542.0,Sada Thioub,1684.0,substitution,76,,,,,,regular,sofascore
8738585,117373.0,Kevin Volland,1653.0,goal,72,,,,,,regular,sofascore
8738585,318963.0,Aleksandr Golovin,1653.0,substitution,66,,,,,,regular,sofascore
8738585,831400.0,Mathias Pereira Lage,1684.0,substitution,56,,,,,,regular,sofascore
8738585,804621.0,Lassana Coulibaly,1684.0,substitution,56,,,,,,regular,sofascore
8738585,153220.0,Stéphane Bahoken,1684.0,substitution,56,,,,,,regular,sofascore
8738585,,,,period,45,,,,,,,sofascore
8738585,,,,injuryTime,45,,,,,,,sofascore
8738585,339909.0,Guillermo Maripán,1653.0,goal,40,,,,,,regular,sofascore
8738585,117373.0,Kevin Volland,1653.0,card,29,,,,,,yellow,sofascore
8738585,904827.0,Benoît Badiashile,1653.0,card,18,,,,,,yellow,sofascore
8738586,,,,period,90,,,,,,,sofascore
8738586,,,,injuryTime,90,,,,,,,sofascore
8738586,938270.0,Abdoul Kader Bamba,1647.0,substitution,82,,,,,,regular,sofascore
8738586,845083.0,Keagan Dolly,1642.0,substitution,80,,,,,,regular,sofascore
8738586,5585.0,Daniel Congré,1642.0,card,75,,,,,,yellow,sofascore
8738586,123229.0,Jordan Ferri,1642.0,card,73,,,,,,yellow,sofascore
8738586,603738.0,Junior Sambia,1642.0,substitution,64,,,,,,regular,sofascore
8738586,363774.0,Mihailo Ristić,1642.0,substitution,64,,,,,,regular,sofascore
8738586,38688.0,Damien Le Tallec,1642.0,card,59,,,,,,yellow,sofascore
8738586,84744.0,Andy Delort,1642.0,card,55,,,,,,yellow,sofascore
8738586,38688.0,Damien Le Tallec,1642.0,substitution,54,,,,,,regular,sofascore
8738586,965943.0,Imrân Louza,1647.0,goal,51,,,,,,regular,sofascore
8738586,,,,period,45,,,,,,,sofascore
8738586,,,,injuryTime,45,,,,,,,sofascore
8738586,816115.0,Charles Traoré,1647.0,substitution,44,,,,,,injury,sofascore
8738586,93570.0,Arnaud Souquet,1642.0,card,31,,,,,,yellow,sofascore
8738586,159739.0,Ambroise Oyongo,1642.0,goal,6,,,,,,regular,sofascore
8738589,,,,period,90,,,,,,,sofascore
8738589,996958.0,Malo Gusto,1649.0,substitution,90,,,,,,regular,sofascore
8738589,906075.0,Melvin Bard,1649.0,substitution,89,,,,,,regular,sofascore
8738589,996951.0,Sinaly Diomandé,1649.0,substitution,86,,,,,,regular,sofascore
8738589,979128.0,Rayan Cherki,1649.0,substitution,86,,,,,,regular,sofascore
8738589,238708.0,Islam Slimani,1649.0,substitution,85,,,,,,regular,sofascore
8738589,760618.0,Denis Bouanga,1678.0,card,84,,,,,,yellow,sofascore
8738589,760618.0,Denis Bouanga,1649.0,goal,82,,,,,,ownGoal,sofascore
8738589,862194.0,Zaydou Youssouf,1678.0,substitution,76,,,,,,regular,sofascore
8738589,74139.0,Romain Hamouma,1678.0,card,74,,,,,,yellow,sofascore
8738589,962877.0,Adil Aouchiche,1678.0,substitution,69,,,,,,regular,sofascore
8738589,1063237.0,Saïdou Sow,1678.0,substitution,69,,,,,,regular,sofascore
8738589,810535.0,Tino Kadewere,1649.0,goal,68,,,,,,regular,sofascore
8738589,36704.0,Marcelo,1649.0,goal,59,,,,,,regular,sofascore
8738589,41605.0,Timothée Kolodziejczak,1678.0,card,54,,,,,,yellow,sofascore
8738589,760618.0,Denis Bouanga,1678.0,substitution,46,,,,,,regular,sofascore
8738589,848458.0,Arnaud Nordin,1678.0,substitution,46,,,,,,regular,sofascore
8738589,,,,period,45,,,,,,,sofascore
8738589,36704.0,Marcelo,1649.0,goal,36,,,,,,regular,sofascore
8738589,866469.0,Bruno Guimarães,1649.0,card,23,,,,,,yellow,sofascore
8738589,810535.0,Tino Kadewere,1649.0,goal,16,,,,,,regular,sofascore
8738590,,,,period,90,,,,,,,sofascore
8738590,14142.0,Thomas Mangani,1684.0,card,90,,,,,,yellow,sofascore
8738590,,,,injuryTime,90,,,,,,,sofascore
8738590,73979.0,Romain Thomas,1684.0,card,87,,,,,,yellow,sofascore
8738590,904832.0,Khéphren Thuram,1661.0,substitution,86,,,,,,regular,sofascore
8738590,894238.0,Youcef Atal,1661.0,substitution,85,,,,,,regular,sofascore
8738590,1063235.0,Mohamed Ali Cho,1684.0,substitution,84,,,,,,regular,sofascore
8738590,804621.0,Lassana Coulibaly,1684.0,card,80,,,,,,yellow,sofascore
8738590,985923.0,Hicham Boudaoui,1661.0,goal,77,,,,,,regular,sofascore
8738590,831400.0,Mathias Pereira Lage,1684.0,substitution,76,,,,,,regular,sofascore
8738590,804621.0,Lassana Coulibaly,1684.0,substitution,76,,,,,,regular,sofascore
8738590,153220.0,Stéphane Bahoken,1684.0,substitution,67,,,,,,regular,sofascore
8738590,985923.0,Hicham Boudaoui,1661.0,substitution,67,,,,,,regular,sofascore
8738590,795761.0,Kasper Dolberg,1661.0,substitution,66,,,,,,regular,sofascore
8738590,901885.0,Flavius Daniliuc,1661.0,substitution,55,,,,,,injury,sofascore
8738590,787542.0,Sada Thioub,1684.0,substitution,46,,,,,,regular,sofascore
8738590,,,,period,45,,,,,,,sofascore
8738590,,,,injuryTime,45,,,,,,,sofascore
8738590,190147.0,Rony Lopes,1661.0,card,40,,,,,,yellow,sofascore
8738590,923186.0,Robson Bambu,1661.0,card,36,,,,,,yellow,sofascore
8738590,366760.0,Souleyman Doumbia,1684.0,card,35,,,,,,yellow,sofascore
8738590,801306.0,Pierre Lees Melou,1661.0,goal,23,,,,,,penalty,sofascore
8738590,361314.0,Paul Bernardoni,1684.0,card,22,,,,,,yellow,sofascore
8738590,794269.0,Jeff Reine-Adélaïde,1661.0,varDecision,21,,,,,,penaltyAwarded,sofascore
8738590,190147.0,Rony Lopes,1661.0,goal,12,,,,,,regular,sofascore
8738591,,,,period,90,,,,,,,sofascore
8738591,,,,injuryTime,90,,,,,,,sofascore
8738591,1014408.0,Maxence Rivera,1678.0,substitution,84,,,,,,regular,sofascore
8738591,789984.0,Dereck Kutesa,1682.0,substitution,84,,,,,,regular,sofascore
8738591,855847.0,Kaj Sierhuis,1682.0,substitution,84,,,,,,regular,sofascore
8738591,941161.0,Charles Abi,1678.0,goal,72,,,,,,regular,sofascore
8738591,941161.0,Charles Abi,1678.0,substitution,69,,,,,,regular,sofascore
8738591,760618.0,Denis Bouanga,1678.0,card,69,,,,,,yellow,sofascore
8738591,982615.0,El Bilal Touré,1682.0,substitution,64,,,,,,regular,sofascore
8738591,816810.0,Mathieu Cafaro,1682.0,goal,58,,,,,,regular,sofascore
8738591,9086.0,Jessy Moulin,1678.0,card,58,,,,,,yellow,sofascore
8738591,894733.0,Marshall Munetsi,1682.0,substitution,56,,,,,,regular,sofascore
8738591,579596.0,Moussa Doumbia,1682.0,substitution,56,,,,,,regular,sofascore
8738591,1012657.0,Lucas Gourna-Douath,1678.0,substitution,46,,,,,,regular,sofascore
8738591,1063237.0,Saïdou Sow,1678.0,substitution,46,,,,,,injury,sofascore
8738591,74139.0,Romain Hamouma,1678.0,substitution,46,,,,,,regular,sofascore
8738591,,,,period,45,,,,,,,sofascore
8738591,,,,injuryTime,45,,,,,,,sofascore
8738591,848458.0,Arnaud Nordin,1678.0,card,43,,,,,,yellow,sofascore
8738591,960080.0,Boulaye Dia,1682.0,goal,37,,,,,,regular,sofascore
8738591,963399.0,Nathanaël Mbuku,1682.0,card,32,,,,,,yellow,sofascore
8738591,845750.0,Moreto Cassama,1682.0,card,14,,,,,,yellow,sofascore
8738591,960080.0,Boulaye Dia,1682.0,goal,12,,,,,,penalty,sofascore
8738591,38716.0,Ryad Boudebouz,1678.0,card,11,,,,,,yellow,sofascore
8738592,,,,period,90,,,,,,,sofascore
8738592,16508.0,Paul Baysse,1645.0,card,90,,,,,,yellow,sofascore
8738592,,,,injuryTime,90,,,,,,,sofascore
8738592,852145.0,Josh Maja,1645.0,substitution,86,,,,,,regular,sofascore
8738592,963298.0,Dilane Bakwa,1645.0,substitution,86,,,,,,regular,sofascore
8738592,282095.0,Adrian Grbić,1656.0,substitution,79,,,,,,regular,sofascore
8738592,963300.0,Amadou Traoré,1645.0,substitution,74,,,,,,regular,sofascore
8738592,805123.0,Yoane Wissa,1656.0,substitution,70,,,,,,regular,sofascore
8738592,859024.0,Yacine Adli,1645.0,substitution,61,,,,,,regular,sofascore
8738592,296434.0,Laurent Abergel,1656.0,substitution,58,,,,,,regular,sofascore
8738592,,,,period,45,,,,,,,sofascore
8738592,,,,injuryTime,45,,,,,,,sofascore
8738592,842709.0,Rémi Oudin,1645.0,goal,43,,,,,,regular,sofascore
8738592,791314.0,Hwang Ui-Jo,1645.0,card,41,,,,,,yellow,sofascore
8738592,894396.0,Terem Moffi,1656.0,goal,23,,,,,,regular,sofascore
8738592,842709.0,Rémi Oudin,1645.0,goal,13,,,,,,regular,sofascore
8738593,,,,period,90,,,,,,,sofascore
8738593,,,,injuryTime,90,,,,,,,sofascore
8738593,822877.0,Alexis Claude-Maurice,1661.0,substitution,89,,,,,,regular,sofascore
8738593,944327.0,Dan Ndoye,1661.0,substitution,88,,,,,,regular,sofascore
8738593,73188.0,John Boye,1651.0,goal,79,,,,,,regular,sofascore
8738593,985923.0,Hicham Boudaoui,1661.0,card,76,,,,,,yellow,sofascore
8738593,356024.0,Thierry Ambrose,1651.0,substitution,70,,,,,,regular,sofascore
8738593,991359.0,Papa Ndiaga Yade,1651.0,substitution,70,,,,,,regular,sofascore
8738593,1002711.0,Pape Matar Sarr,1651.0,substitution,69,,,,,,regular,sofascore
8738593,904991.0,Stanley Nsoki,1661.0,card,67,,,,,,yellow,sofascore
8738593,795761.0,Kasper Dolberg,1661.0,substitution,66,,,,,,regular,sofascore
8738593,796279.0,Jordan Lotomba,1661.0,substitution,66,,,,,,regular,sofascore
8738593,,,,period,45,,,,,,,sofascore
8738593,,,,injuryTime,45,,,,,,,sofascore
8738593,862821.0,Youssef Maziz,1651.0,card,36,,,,,,yellow,sofascore
8738593,859026.0,Amine Gouiri,1661.0,goal,18,,,,,,penalty,sofascore
8738593,848537.0,Boubakar Kouyaté,1651.0,card,17,,,,,,yellow,sofascore
8738593,859026.0,Amine Gouiri,1661.0,varDecision,15,,,,,,penaltyNotAwarded,sofascore
8738594,,,,period,90,,,,,,,sofascore
8738594,,,,injuryTime,90,,,,,,,sofascore
8738594,915567.0,Aurélien Scheidler,1686.0,substitution,84,,,,,,regular,sofascore
8738594,26890.0,Fabien Lemoine,1656.0,card,80,,,,,,yellow,sofascore
8738594,26890.0,Fabien Lemoine,1656.0,substitution,74,,,,,,regular,sofascore
8738594,984014.0,Enzo Le Fée,1656.0,substitution,69,,,,,,regular,sofascore
8738594,834881.0,Stéphane Diarra,1656.0,substitution,68,,,,,,regular,sofascore
8738594,880525.0,Ngonda Muzinga,1686.0,substitution,68,,,,,,regular,sofascore
8738594,826551.0,Pape Cheikh,1686.0,substitution,58,,,,,,regular,sofascore
8738594,845274.0,Mounir Chouiar,1686.0,substitution,58,,,,,,regular,sofascore
8738594,805123.0,Yoane Wissa,1656.0,inGamePenalty,57,,,,,,missed,sofascore
8738594,785438.0,Saturnin Allagbe,1686.0,card,55,,,,,,yellow,sofascore
8738594,932643.0,Armand Laurienté,1656.0,substitution,46,,,,,,regular,sofascore
8738594,,,,period,45,,,,,,,sofascore
8738594,980418.0,Sacha Boey,1686.0,card,42,,,,,,yellow,sofascore
8738595,,,,period,90,,,,,,,sofascore
8738595,894396.0,Terem Moffi,1656.0,goal,90,,,,,,regular,sofascore
8738595,296434.0,Laurent Abergel,1656.0,card,90,,,,,,yellow,sofascore
8738595,,,,injuryTime,90,,,,,,,sofascore
8738595,138573.0,Pablo Sarabia,1644.0,substitution,81,,,,,,regular,sofascore
8738595,106337.0,Idrissa Gana Gueye,1644.0,substitution,81,,,,,,regular,sofascore
8738595,805123.0,Yoane Wissa,1656.0,goal,80,,,,,,regular,sofascore
8738595,857471.0,Pierre-Yves Hamel,1656.0,substitution,78,,,,,,regular,sofascore
8738595,255389.0,Leandro Paredes,1644.0,card,75,,,,,,yellow,sofascore
8738595,805123.0,Yoane Wissa,1656.0,substitution,61,,,,,,regular,sofascore
8738595,894396.0,Terem Moffi,1656.0,substitution,61,,,,,,regular,sofascore
8738595,122807.0,Jonathan Delaplace,1656.0,substitution,60,,,,,,regular,sofascore
8738595,124712.0,Neymar,1644.0,goal,58,,,,,,penalty,sofascore
8738595,124712.0,Neymar,1644.0,varDecision,54,,,,,,penaltyNotAwarded,sofascore
8738595,826134.0,Trevoh Chalobah,1656.0,substitution,46,,,,,,regular,sofascore
8738595,,,,period,45,,,,,,,sofascore
8738595,124712.0,Neymar,1644.0,goal,45,,,,,,penalty,sofascore
8738595,,,,injuryTime,45,,,,,,,sofascore
8738595,296434.0,Laurent Abergel,1656.0,goal,36,,,,,,regular,sofascore
8738595,150865.0,Thomas Monconduit,1656.0,card,28,,,,,,yellow,sofascore
8738595,984014.0,Enzo Le Fée,1656.0,card,12,,,,,,yellow,sofascore
8738595,99545.0,Danilo Pereira,1644.0,card,2,,,,,,yellow,sofascore
8738595,26890.0,Fabien Lemoine,1656.0,card,-5,,,,,,yellow,sofascore
8738596,,,,period,90,,,,,,,sofascore
8738596,365358.0,Dimitri Liénard,1659.0,substitution,90,,,,,,regular,sofascore
8738596,,,,injuryTime,90,,,,,,,sofascore
8738596,191178.0,Corentin Jean,1648.0,substitution,80,,,,,,regular,sofascore
8738596,825945.0,Simon Banza,1648.0,substitution,80,,,,,,regular,sofascore
8738596,109851.0,Majeed Waris,1659.0,substitution,80,,,,,,regular,sofascore
8738596,821728.0,Jonathan Clauss,1648.0,substitution,80,,,,,,regular,sofascore
8738596,890329.0,Ignatius Kpene Ganago,1648.0,substitution,73,,,,,,regular,sofascore
8738596,906047.0,Cheick Doucouré,1648.0,substitution,73,,,,,,regular,sofascore
8738596,122922.0,Lionel Carole,1659.0,substitution,72,,,,,,regular,sofascore
8738596,845273.0,Jean-Ricner Bellegarde,1659.0,card,50,,,,,,yellow,sofascore
8738596,51363.0,Yannick Cahuzac,1648.0,card,50,,,,,,yellow,sofascore
8738596,108736.0,Stefan Mitrović,1659.0,substitution,46,,,,,,regular,sofascore
8738596,,,,period,45,,,,,,,sofascore
8738596,,,,injuryTime,45,,,,,,,sofascore
8738596,802159.0,Habibou Diallo,1659.0,goal,21,,,,,,regular,sofascore
8738597,,,,period,90,,,,,,,sofascore
8738597,915567.0,Aurélien Scheidler,1686.0,substitution,90,,,,,,regular,sofascore
8738597,,,,injuryTime,90,,,,,,,sofascore
8738597,897623.0,Alex Dobre,1686.0,substitution,78,,,,,,regular,sofascore
8738597,988839.0,Marley Aké,1641.0,substitution,76,,,,,,regular,sofascore
8738597,122815.0,Wesley Lautoa,1686.0,card,66,,,,,,yellow,sofascore
8738597,34221.0,Kevin Strootman,1641.0,substitution,65,,,,,,regular,sofascore
8738597,51299.0,Frédéric Sammaritano,1686.0,substitution,65,,,,,,regular,sofascore
8738597,122815.0,Wesley Lautoa,1686.0,substitution,64,,,,,,injury,sofascore
8738597,581314.0,Valentin Rongier,1641.0,card,63,,,,,,yellow,sofascore
8738597,140992.0,Valère Germain,1641.0,substitution,61,,,,,,regular,sofascore
8738597,826208.0,Michaël Cuisance,1641.0,substitution,60,,,,,,regular,sofascore
8738597,14216.0,Dimitri Payet,1641.0,substitution,60,,,,,,regular,sofascore
8738597,,,,period,45,,,,,,,sofascore
8738597,879694.0,Pape Gueye,1641.0,card,29,,,,,,yellow,sofascore
8738597,31993.0,Bruno Ecuele Manga,1686.0,card,23,,,,,,yellow,sofascore
8738597,826551.0,Pape Cheikh,1686.0,card,19,,,,,,yellow,sofascore
8738598,,,,period,90,,,,,,,sofascore
8738598,858705.0,Xeka,1643.0,card,90,,,,,,yellow,sofascore
8738598,,,,injuryTime,90,,,,,,,sofascore
8738598,858705.0,Xeka,1643.0,substitution,85,,,,,,regular,sofascore
8738598,907003.0,Kelyan Guessoum,1663.0,substitution,83,,,,,,regular,sofascore
8738598,796085.0,Moussa Koné,1663.0,substitution,83,,,,,,regular,sofascore
8738598,881952.0,Matteo Ahlinvi,1663.0,substitution,76,,,,,,regular,sofascore
8738598,980403.0,Isaac Lihadji,1643.0,substitution,76,,,,,,injury,sofascore
8738598,935564.0,Jonathan David,1643.0,substitution,75,,,,,,regular,sofascore
8738598,230766.0,Haris Duljević,1663.0,substitution,70,,,,,,regular,sofascore
8738598,831424.0,Reinildo Mandava,1643.0,substitution,65,,,,,,regular,sofascore
8738598,318967.0,Renato Sanches,1643.0,substitution,65,,,,,,regular,sofascore
8738598,,,,period,45,,,,,,,sofascore
8738598,,,,injuryTime,45,,,,,,,sofascore
8738598,887581.0,Boubakary Soumaré,1643.0,card,34,,,,,,yellow,sofascore
8738598,18864.0,Burak Yılmaz,1643.0,goal,29,,,,,,regular,sofascore
8738598,897594.0,Domagoj Bradarić,1643.0,card,19,,,,,,yellow,sofascore
8738600,,,,period,90,,,,,,,sofascore
8738600,945062.0,Youssouf Fofana,1653.0,card,90,,,,,,yellow,sofascore
8738600,37126.0,Stevan Jovetić,1653.0,goal,90,,,,,,regular,sofascore
8738600,839226.0,Pietro Pellegri,1653.0,substitution,90,,,,,,regular,sofascore
8738600,879694.0,Pape Gueye,1641.0,card,90,,,,,,yellow,sofascore
8738600,,,,injuryTime,90,,,,,,,sofascore
8738600,318963.0,Aleksandr Golovin,1653.0,card,89,,,,,,yellow,sofascore
8738600,346262.0,Saîf-Eddine Khaoui,1641.0,card,82,,,,,,yellow,sofascore
8738600,873534.0,Krépin Diatta,1653.0,card,81,,,,,,yellow,sofascore
8738600,37126.0,Stevan Jovetić,1653.0,substitution,78,,,,,,regular,sofascore
8738600,150212.0,Álvaro González,1641.0,card,76,,,,,,yellow,sofascore
8738600,346262.0,Saîf-Eddine Khaoui,1641.0,substitution,76,,,,,,regular,sofascore
8738600,859025.0,Aurélien Tchouaméni,1653.0,goal,75,,,,,,regular,sofascore
8738600,14216.0,Dimitri Payet,1641.0,substitution,68,,,,,,regular,sofascore
8738600,873534.0,Krépin Diatta,1653.0,substitution,68,,,,,,regular,sofascore
8738600,140992.0,Valère Germain,1641.0,substitution,67,,,,,,regular,sofascore
8738600,161325.0,Arkadiusz Milik,1641.0,substitution,59,,,,,,regular,sofascore
8738600,48335.0,Hiroki Sakai,1641.0,card,49,,,,,,yellow,sofascore
8738600,339909.0,Guillermo Maripán,1653.0,goal,47,,,,,,regular,sofascore
8738600,318963.0,Aleksandr Golovin,1653.0,substitution,46,,,,,,regular,sofascore
8738600,,,,period,45,,,,,,,sofascore
8738600,,,,injuryTime,45,,,,,,,sofascore
8738600,928236.0,Leonardo Balerdi,1641.0,card,21,,,,,,yellow,sofascore
8738600,802665.0,Nemanja Radonjić,1641.0,goal,12,,,,,,regular,sofascore
8738601,,,,period,90,,,,,,,sofascore
8738601,944142.0,Yassine Benrahou,1663.0,substitution,90,,,,,,regular,sofascore
8738601,,,,injuryTime,90,,,,,,,sofascore
8738601,930584.0,Farid El Melali,1684.0,substitution,80,,,,,,regular,sofascore
8738601,1063235.0,Mohamed Ali Cho,1684.0,substitution,80,,,,,,regular,sofascore
8738601,257421.0,Ibrahim Amadou,1684.0,substitution,79,,,,,,regular,sofascore
8738601,51421.0,Nolan Roux,1663.0,substitution,73,,,,,,regular,sofascore
8738601,1067123.0,Marco Majouga,1663.0,substitution,73,,,,,,regular,sofascore
8738601,230766.0,Haris Duljević,1663.0,substitution,61,,,,,,regular,sofascore
8738601,881952.0,Matteo Ahlinvi,1663.0,substitution,61,,,,,,regular,sofascore
8738601,294641.0,Loïs Diony,1684.0,goal,55,,,,,,regular,sofascore
8738601,,,,period,45,,,,,,,sofascore
8738601,,,,injuryTime,45,,,,,,,sofascore
8738601,804621.0,Lassana Coulibaly,1684.0,card,42,,,,,,yellow,sofascore
8738601,247445.0,Renaud Ripart,1663.0,goal,41,,,,,,penalty,sofascore
8738601,804621.0,Lassana Coulibaly,1684.0,goal,35,,,,,,regular,sofascore
8738601,546416.0,Andrés Cubas,1663.0,card,34,,,,,,yellow,sofascore
8738601,838688.0,Sofiane Alakouch,1663.0,card,27,,,,,,yellow,sofascore
8738601,209768.0,Pierrick Capelle,1684.0,goal,20,,,,,,regular,sofascore
8738601,822878.0,Lamine Fomba,1663.0,card,18,,,,,,yellow,sofascore
8738601,787542.0,Sada Thioub,1684.0,substitution,10,,,,,,injury,sofascore
8738602,,,,period,90,,,,,,,sofascore
8738602,862821.0,Youssef Maziz,1651.0,substitution,90,,,,,,regular,sofascore
8738602,229722.0,Farid Boulaya,1651.0,card,90,,,,,,yellow,sofascore
8738602,822703.0,Mamadou Fofana,1651.0,card,90,,,,,,yellow,sofascore
8738602,,,,injuryTime,90,,,,,,,sofascore
8738602,51471.0,Julien Faussurier,1715.0,substitution,89,,,,,,regular,sofascore
8738602,44213.0,Gaëtan Charbonnier,1715.0,substitution,89,,,,,,regular,sofascore
8738602,991359.0,Papa Ndiaga Yade,1651.0,card,89,,,,,,yellow,sofascore
8738602,913191.0,Vagner Dias,1651.0,goal,87,,,,,,penalty,sofascore
8738602,991359.0,Papa Ndiaga Yade,1651.0,goal,81,,,,,,regular,sofascore
8738602,1047296.0,Jérémy Le Douaron,1715.0,substitution,81,,,,,,regular,sofascore
8738602,927975.0,Jean Lucas,1715.0,substitution,81,,,,,,regular,sofascore
8738602,32664.0,Ludovic Baal,1715.0,substitution,74,,,,,,injury,sofascore
8738602,1002711.0,Pape Matar Sarr,1651.0,goal,73,,,,,,regular,sofascore
8738602,913191.0,Vagner Dias,1651.0,substitution,68,,,,,,regular,sofascore
8738602,940360.0,Warren Tchimbembé,1651.0,substitution,55,,,,,,regular,sofascore
8738602,991359.0,Papa Ndiaga Yade,1651.0,substitution,55,,,,,,regular,sofascore
8738602,605552.0,Irvin Cardona,1715.0,goal,47,,,,,,regular,sofascore
8738602,,,,period,45,,,,,,,sofascore
8738602,229722.0,Farid Boulaya,1651.0,goal,37,,,,,,regular,sofascore
8738602,280453.0,Franck Honorat,1715.0,goal,33,,,,,,regular,sofascore
8738602,827519.0,Romain Perraud,1715.0,card,31,,,,,,yellow,sofascore
8738604,,,,period,90,,,,,,,sofascore
8738604,,,,injuryTime,90,,,,,,,sofascore
8738604,980403.0,Isaac Lihadji,1643.0,substitution,89,,,,,,regular,sofascore
8738604,935564.0,Jonathan David,1643.0,substitution,89,,,,,,regular,sofascore
8738604,158573.0,Adama Soumaoro,1643.0,card,88,,,,,,yellow,sofascore
8738604,318653.0,Moussa Dembélé,1649.0,substitution,74,,,,,,regular,sofascore
8738604,866469.0,Bruno Guimarães,1649.0,substitution,74,,,,,,regular,sofascore
8738604,827804.0,Yusuf Yazıcı,1643.0,substitution,67,,,,,,regular,sofascore
8738604,849651.0,Djamel Benlamri,1649.0,substitution,52,,,,,,regular,sofascore
8738604,36704.0,Marcelo,1649.0,card,50,,,,,,yellowRed,sofascore
8738604,,,,period,45,,,,,,,sofascore
8738604,158573.0,Adama Soumaoro,1643.0,substitution,45,,,,,,regular,sofascore
8738604,,,,injuryTime,45,,,,,,,sofascore
8738604,18864.0,Burak Yılmaz,1643.0,card,41,,,,,,yellow,sofascore
8738604,893008.0,Zeki Çelik,1649.0,goal,41,,,,,,ownGoal,sofascore
8738604,842931.0,Karl Toko Ekambi,1649.0,card,33,,,,,,yellow,sofascore
8738604,27622.0,José Fonte,1643.0,card,28,,,,,,yellow,sofascore
8738604,595576.0,Jonathan Bamba,1643.0,goal,22,,,,,,regular,sofascore
8738604,36704.0,Marcelo,1649.0,card,3,,,,,,yellow,sofascore
8738605,,,,period,90,,,,,,,sofascore
8738605,884963.0,Moise Sakava,1682.0,substitution,83,,,,,,regular,sofascore
8738605,825959.0,Dario Marešić,1682.0,substitution,83,,,,,,regular,sofascore
8738605,358306.0,Il-Lok Yun,1642.0,substitution,80,,,,,,regular,sofascore
8738605,579596.0,Moussa Doumbia,1682.0,substitution,78,,,,,,regular,sofascore
8738605,1035695.0,Fodé Doucouré,1682.0,substitution,78,,,,,,regular,sofascore
8738605,605338.0,Stephy Mavididi,1642.0,substitution,61,,,,,,regular,sofascore
8738605,845083.0,Keagan Dolly,1642.0,substitution,60,,,,,,regular,sofascore
8738605,1048422.0,Hugo Ekitiké,1682.0,substitution,59,,,,,,regular,sofascore
8738605,960080.0,Boulaye Dia,1682.0,goal,56,,,,,,penalty,sofascore
8738605,159739.0,Ambroise Oyongo,1642.0,card,55,,,,,,yellow,sofascore
8738605,794465.0,Dimitry Bertaud,1642.0,substitution,46,,,,,,regular,sofascore
8738605,123229.0,Jordan Ferri,1642.0,substitution,46,,,,,,regular,sofascore
8738605,,,,period,45,,,,,,,sofascore
8738605,,,,injuryTime,45,,,,,,,sofascore
8738605,38688.0,Damien Le Tallec,1642.0,card,42,,,,,,red,sofascore
8738605,963399.0,Nathanaël Mbuku,1682.0,goal,31,,,,,,regular,sofascore
8738605,963399.0,Nathanaël Mbuku,1682.0,varDecision,24,,,,,,goalAwarded,sofascore
8738605,960080.0,Boulaye Dia,1682.0,goal,13,,,,,,regular,sofascore
8738605,960080.0,Boulaye Dia,1682.0,goal,9,,,,,,penalty,sofascore
8738605,3420.0,Vitorino Hilton,1642.0,card,7,,,,,,red,sofascore
8738606,,,,period,90,,,,,,,sofascore
8738606,,,,injuryTime,90,,,,,,,sofascore
8738606,191210.0,Mike Maignan,1643.0,card,89,,,,,,yellow,sofascore
8738606,887581.0,Boubakary Soumaré,1643.0,substitution,88,,,,,,regular,sofascore
8738606,980403.0,Isaac Lihadji,1643.0,substitution,88,,,,,,regular,sofascore
8738606,27622.0,José Fonte,1643.0,card,84,,,,,,yellow,sofascore
8738606,794269.0,Jeff Reine-Adélaïde,1661.0,substitution,81,,,,,,regular,sofascore
8738606,985923.0,Hicham Boudaoui,1661.0,substitution,81,,,,,,regular,sofascore
8738606,935564.0,Jonathan David,1643.0,substitution,79,,,,,,regular,sofascore
8738606,858705.0,Xeka,1643.0,substitution,79,,,,,,regular,sofascore
8738606,18864.0,Burak Yılmaz,1643.0,card,78,,,,,,yellow,sofascore
8738606,893008.0,Zeki Çelik,1643.0,card,75,,,,,,yellow,sofascore
8738606,904832.0,Khéphren Thuram,1661.0,substitution,74,,,,,,regular,sofascore
8738606,894238.0,Youcef Atal,1661.0,substitution,73,,,,,,regular,sofascore
8738606,859026.0,Amine Gouiri,1661.0,substitution,67,,,,,,regular,sofascore
8738606,840451.0,Luiz Araújo,1643.0,card,64,,,,,,yellow,sofascore
8738606,827804.0,Yusuf Yazıcı,1643.0,substitution,62,,,,,,regular,sofascore
8738606,18864.0,Burak Yılmaz,1643.0,goal,58,,,,,,regular,sofascore
8738606,795761.0,Kasper Dolberg,1661.0,goal,49,,,,,,regular,sofascore
8738606,,,,period,45,,,,,,,sofascore
8738606,910046.0,Sven Botman,1643.0,card,43,,,,,,yellow,sofascore
8738606,801306.0,Pierre Lees Melou,1661.0,card,10,,,,,,yellow,sofascore
8738607,,,,period,90,,,,,,,sofascore
8738607,,,,injuryTime,90,,,,,,,sofascore
8738607,178721.0,Yunis Abdelhamid,1682.0,card,84,,,,,,yellow,sofascore
8738607,982615.0,El Bilal Touré,1682.0,substitution,81,,,,,,regular,sofascore
8738607,361696.0,Wout Faes,1682.0,card,76,,,,,,yellow,sofascore
8738607,927975.0,Jean Lucas,1715.0,substitution,72,,,,,,regular,sofascore
8738607,44213.0,Gaëtan Charbonnier,1715.0,substitution,72,,,,,,regular,sofascore
8738607,816810.0,Mathieu Cafaro,1682.0,card,70,,,,,,yellow,sofascore
8738607,789984.0,Dereck Kutesa,1682.0,substitution,68,,,,,,regular,sofascore
8738607,605552.0,Irvin Cardona,1715.0,substitution,58,,,,,,regular,sofascore
8738607,,,,period,45,,,,,,,sofascore
8738607,963399.0,Nathanaël Mbuku,1682.0,goal,40,,,,,,regular,sofascore
8738608,,,,period,90,,,,,,,sofascore
8738608,,,,injuryTime,90,,,,,,,sofascore
8738608,324399.0,Benjamin Bourigeaud,1658.0,substitution,81,,,,,,regular,sofascore
8738608,294641.0,Loïs Diony,1684.0,substitution,80,,,,,,regular,sofascore
8738608,825681.0,Romain Del Castillo,1658.0,substitution,71,,,,,,regular,sofascore
8738608,385386.0,Dalbert,1658.0,substitution,71,,,,,,regular,sofascore
8738608,787542.0,Sada Thioub,1684.0,substitution,71,,,,,,regular,sofascore
8738608,757730.0,Antonin Bobichon,1684.0,substitution,71,,,,,,regular,sofascore
8738608,328027.0,Serhou Guirassy,1658.0,substitution,61,,,,,,regular,sofascore
8738608,846445.0,Martin Terrier,1658.0,substitution,61,,,,,,regular,sofascore
8738608,787540.0,Angelo Fulgini,1684.0,goal,57,,,,,,regular,sofascore
8738608,,,,period,45,,,,,,,sofascore
8738608,74083.0,Damien Da Silva,1658.0,card,45,,,,,,yellow,sofascore
8738608,,,,injuryTime,45,,,,,,,sofascore
8738608,366760.0,Souleyman Doumbia,1684.0,substitution,28,,,,,,injury,sofascore
8738608,257205.0,Sofiane Boufal,1684.0,goal,27,,,,,,regular,sofascore
8738608,283083.0,Adrien Hunou,1658.0,goal,18,,,,,,regular,sofascore
8738608,51652.0,Steven​ N'Zonzi,1658.0,card,12,,,,,,yellow,sofascore
8738609,,,,period,90,,,,,,,sofascore
8738609,831400.0,Mathias Pereira Lage,1684.0,substitution,90,,,,,,regular,sofascore
8738609,,,,injuryTime,90,,,,,,,sofascore
8738609,963300.0,Amadou Traoré,1645.0,substitution,81,,,,,,regular,sofascore
8738609,152734.0,Maxime Poundjé,1645.0,substitution,81,,,,,,regular,sofascore
8738609,73979.0,Romain Thomas,1684.0,card,74,,,,,,yellow,sofascore
8738609,257205.0,Sofiane Boufal,1684.0,substitution,73,,,,,,regular,sofascore
8738609,51340.0,Laurent Koscielny,1645.0,card,67,,,,,,yellow,sofascore
8738609,294641.0,Loïs Diony,1684.0,substitution,65,,,,,,regular,sofascore
8738609,308130.0,Jimmy Cabot,1684.0,substitution,65,,,,,,regular,sofascore
8738609,14142.0,Thomas Mangani,1684.0,substitution,65,,,,,,regular,sofascore
8738609,1047931.0,Tom Lacoux,1645.0,substitution,61,,,,,,regular,sofascore
8738609,74045.0,Nicolas de Préville,1645.0,substitution,61,,,,,,regular,sofascore
8738609,,,,period,45,,,,,,,sofascore
8738609,,,,injuryTime,45,,,,,,,sofascore
8738609,787540.0,Angelo Fulgini,1684.0,goal,39,,,,,,regular,sofascore
8738609,257421.0,Ibrahim Amadou,1684.0,card,32,,,,,,yellow,sofascore
8738609,791314.0,Hwang Ui-Jo,1645.0,goal,11,,,,,,regular,sofascore
8738609,791314.0,Hwang Ui-Jo,1645.0,goal,8,,,,,,regular,sofascore
8738610,,,,period,90,,,,,,,sofascore
8738610,891793.0,Kévin Zohi,1659.0,substitution,90,,,,,,regular,sofascore
8738610,231946.0,Adrien Thomasson,1659.0,substitution,90,,,,,,regular,sofascore
8738610,,,,injuryTime,90,,,,,,,sofascore
8738610,94822.0,Sanjin Prcić,1659.0,substitution,81,,,,,,regular,sofascore
8738610,51444.0,Lamine Koné,1659.0,substitution,81,,,,,,regular,sofascore
8738610,156004.0,Jean-Eudes Aholou,1659.0,card,80,,,,,,yellow,sofascore
8738610,72805.0,Paul Lasne,1715.0,substitution,71,,,,,,regular,sofascore
8738610,605552.0,Irvin Cardona,1715.0,substitution,70,,,,,,regular,sofascore
8738610,122922.0,Lionel Carole,1659.0,substitution,70,,,,,,regular,sofascore
8738610,343971.0,Ludovic Ajorque,1659.0,goal,67,,,,,,regular,sofascore
8738610,307096.0,Romain Philippoteaux,1715.0,substitution,64,,,,,,regular,sofascore
8738610,280453.0,Franck Honorat,1715.0,substitution,64,,,,,,regular,sofascore
8738610,,,,period,45,,,,,,,sofascore
8738610,,,,injuryTime,45,,,,,,,sofascore
8738610,44213.0,Gaëtan Charbonnier,1715.0,card,42,,,,,,yellow,sofascore
8738610,108736.0,Stefan Mitrović,1659.0,card,41,,,,,,yellow,sofascore
8738610,141080.0,Kenny Lala,1659.0,goal,40,,,,,,penalty,sofascore
8738610,343971.0,Ludovic Ajorque,1659.0,varDecision,38,,,,,,penaltyNotAwarded,sofascore
8738610,802159.0,Habibou Diallo,1659.0,goal,27,,,,,,regular,sofascore
8738610,343971.0,Ludovic Ajorque,1659.0,card,21,,,,,,yellow,sofascore
8738611,,,,period,90,,,,,,,sofascore
8738611,985923.0,Hicham Boudaoui,1661.0,card,90,,,,,,yellow,sofascore
8738611,,,,injuryTime,90,,,,,,,sofascore
8738611,944327.0,Dan Ndoye,1661.0,substitution,85,,,,,,regular,sofascore
8738611,851262.0,Myziane Maolida,1661.0,substitution,76,,,,,,regular,sofascore
8738611,593546.0,Tony Mauricio,1648.0,substitution,74,,,,,,regular,sofascore
8738611,339227.0,Steven Fortes,1648.0,card,68,,,,,,yellow,sofascore
8738611,821728.0,Jonathan Clauss,1648.0,varDecision,63,,,,,,penaltyNotAwarded,sofascore
8738611,821728.0,Jonathan Clauss,1648.0,substitution,61,,,,,,regular,sofascore
8738611,51363.0,Yannick Cahuzac,1648.0,card,61,,,,,,yellow,sofascore
8738611,825945.0,Simon Banza,1648.0,substitution,59,,,,,,regular,sofascore
8738611,191188.0,Seko Fofana,1648.0,substitution,59,,,,,,regular,sofascore
8738611,954061.0,Arnaud Kalimuendo,1648.0,substitution,59,,,,,,regular,sofascore
8738611,796279.0,Jordan Lotomba,1661.0,substitution,51,,,,,,injury,sofascore
8738611,894238.0,Youcef Atal,1661.0,goal,49,,,,,,regular,sofascore
8738611,,,,period,45,,,,,,,sofascore
8738611,,,,injuryTime,45,,,,,,,sofascore
8738612,,,,period,90,,,,,,,sofascore
8738612,51444.0,Lamine Koné,1659.0,substitution,90,,,,,,injury,sofascore
8738612,365358.0,Dimitri Liénard,1659.0,substitution,90,,,,,,regular,sofascore
8738612,122922.0,Lionel Carole,1659.0,substitution,90,,,,,,regular,sofascore
8738612,,,,injuryTime,90,,,,,,,sofascore
8738612,891793.0,Kévin Zohi,1659.0,substitution,78,,,,,,regular,sofascore
8738612,845274.0,Mounir Chouiar,1686.0,substitution,74,,,,,,regular,sofascore
8738612,826551.0,Pape Cheikh,1686.0,substitution,73,,,,,,regular,sofascore
8738612,845273.0,Jean-Ricner Bellegarde,1659.0,substitution,68,,,,,,regular,sofascore
8738612,937741.0,Senou Coulibaly,1686.0,goal,63,,,,,,regular,sofascore
8738612,157143.0,Moussa Konaté,1686.0,substitution,59,,,,,,regular,sofascore
8738612,786305.0,Roger Assalé,1686.0,substitution,59,,,,,,regular,sofascore
8738612,880525.0,Ngonda Muzinga,1686.0,card,54,,,,,,yellow,sofascore
8738612,343971.0,Ludovic Ajorque,1659.0,varDecision,52,,,,,,goalNotAwarded,sofascore
8738612,343971.0,Ludovic Ajorque,1659.0,goal,51,,,,,,regular,sofascore
8738612,,,,period,45,,,,,,,sofascore
8738613,,,,period,90,,,,,,,sofascore
8738613,51665.0,Benjamin André,1643.0,card,90,,,,,,yellow,sofascore
8738613,,,,injuryTime,90,,,,,,,sofascore
8738613,318967.0,Renato Sanches,1643.0,substitution,89,,,,,,regular,sofascore
8738613,892735.0,Tiago Djaló,1643.0,substitution,88,,,,,,regular,sofascore
8738613,385386.0,Dalbert,1658.0,substitution,87,,,,,,regular,sofascore
8738613,283083.0,Adrien Hunou,1658.0,substitution,78,,,,,,regular,sofascore
8738613,855810.0,Tim Weah,1643.0,substitution,75,,,,,,regular,sofascore
8738613,802142.0,Jonathan Ikoné,1643.0,substitution,62,,,,,,regular,sofascore
8738613,825681.0,Romain Del Castillo,1658.0,substitution,56,,,,,,regular,sofascore
8738613,,,,period,45,,,,,,,sofascore
8738613,,,,injuryTime,45,,,,,,,sofascore
8738613,39009.0,Clément Grenier,1658.0,card,40,,,,,,yellow,sofascore
8738613,893008.0,Zeki Çelik,1643.0,card,34,,,,,,yellow,sofascore
8738613,51652.0,Steven​ N'Zonzi,1658.0,card,22,,,,,,yellow,sofascore
8738613,935564.0,Jonathan David,1643.0,goal,16,,,,,,regular,sofascore
8738614,,,,period,90,,,,,,,sofascore
8738614,,,,injuryTime,90,,,,,,,sofascore
8738614,138573.0,Pablo Sarabia,1644.0,goal,88,,,,,,regular,sofascore
8738614,788181.0,Roli Pereira de Sa,1647.0,substitution,84,,,,,,regular,sofascore
8738614,941300.0,Colin Dagba,1644.0,card,80,,,,,,yellow,sofascore
8738614,954059.0,Bandiougou Fadiga,1644.0,substitution,74,,,,,,regular,sofascore
8738614,135775.0,Layvin Kurzawa,1644.0,substitution,74,,,,,,regular,sofascore
8738614,149732.0,Abdoulaye Touré,1647.0,substitution,73,,,,,,regular,sofascore
8738614,352938.0,Jean-Kévin Augustin,1647.0,substitution,73,,,,,,regular,sofascore
8738614,938270.0,Abdoul Kader Bamba,1647.0,inGamePenalty,70,,,,,,missed,sofascore
8738614,785418.0,Marcus Coco,1647.0,card,67,,,,,,yellow,sofascore
8738614,281277.0,Thilo Kehrer,1644.0,substitution,66,,,,,,regular,sofascore
8738614,155995.0,Marquinhos,1644.0,substitution,66,,,,,,regular,sofascore
8738614,826643.0,Kylian Mbappé,1644.0,goal,65,,,,,,penalty,sofascore
8738614,82474.0,Ander Herrera,1644.0,goal,47,,,,,,regular,sofascore
8738614,962872.0,Kays Ruiz-Atil,1644.0,substitution,46,,,,,,regular,sofascore
8738614,,,,period,45,,,,,,,sofascore
8738614,,,,injuryTime,45,,,,,,,sofascore
8738614,806076.0,Ludovic Blas,1647.0,card,32,,,,,,yellow,sofascore
8738614,938270.0,Abdoul Kader Bamba,1647.0,substitution,25,,,,,,injury,sofascore
8738615,,,,period,90,,,,,,,sofascore
8738615,,,,injuryTime,90,,,,,,,sofascore
8738615,257091.0,Duje Ćaleta-Car,1641.0,substitution,89,,,,,,regular,sofascore
8738615,988839.0,Marley Aké,1641.0,substitution,89,,,,,,regular,sofascore
8738615,150865.0,Thomas Monconduit,1656.0,substitution,83,,,,,,regular,sofascore
8738615,834881.0,Stéphane Diarra,1656.0,substitution,82,,,,,,regular,sofascore
8738615,122807.0,Jonathan Delaplace,1656.0,substitution,82,,,,,,regular,sofascore
8738615,802665.0,Nemanja Radonjić,1641.0,substitution,82,,,,,,regular,sofascore
8738615,827934.0,Andreaw Gravillon,1656.0,card,74,,,,,,yellow,sofascore
8738615,581314.0,Valentin Rongier,1641.0,card,72,,,,,,yellow,sofascore
8738615,282095.0,Adrian Grbić,1656.0,substitution,72,,,,,,regular,sofascore
8738615,250133.0,Morgan Sanson,1641.0,substitution,71,,,,,,regular,sofascore
8738615,932643.0,Armand Laurienté,1656.0,substitution,63,,,,,,regular,sofascore
8738615,150212.0,Álvaro González,1641.0,card,56,,,,,,yellow,sofascore
8738615,928236.0,Leonardo Balerdi,1641.0,goal,54,,,,,,regular,sofascore
8738615,845119.0,Houboulang Mendes,1656.0,card,54,,,,,,yellow,sofascore
8738615,,,,period,45,,,,,,,sofascore
8738615,122630.0,Darío Benedetto,1641.0,card,37,,,,,,yellow,sofascore
8738615,827386.0,Quentin Boisgard,1656.0,card,20,,,,,,yellow,sofascore
8738616,,,,period,90,,,,,,,sofascore
8738616,229722.0,Farid Boulaya,1651.0,goal,90,,,,,,regular,sofascore
8738616,,,,injuryTime,90,,,,,,,sofascore
8738616,229722.0,Farid Boulaya,1651.0,card,89,,,,,,yellow,sofascore
8738616,331753.0,Renaud Emond,1647.0,substitution,88,,,,,,regular,sofascore
8738616,1002711.0,Pape Matar Sarr,1651.0,card,85,,,,,,yellow,sofascore
8738616,822703.0,Mamadou Fofana,1651.0,substitution,78,,,,,,regular,sofascore
8738616,938270.0,Abdoul Kader Bamba,1647.0,substitution,76,,,,,,regular,sofascore
8738616,785418.0,Marcus Coco,1647.0,card,66,,,,,,yellow,sofascore
8738616,1046147.0,Lamine Gueye,1651.0,substitution,64,,,,,,regular,sofascore
8738616,356024.0,Thierry Ambrose,1651.0,substitution,64,,,,,,regular,sofascore
8738616,330051.0,Moses Simon,1647.0,substitution,46,,,,,,regular,sofascore
8738616,,,,period,45,,,,,,,sofascore
8738616,,,,injuryTime,45,,,,,,,sofascore
8738616,352966.0,Aaron Leya Iseka,1651.0,goal,35,,,,,,regular,sofascore
8738616,913191.0,Vagner Dias,1651.0,card,29,,,,,,yellow,sofascore
8738618,,,,period,90,,,,,,,sofascore
8738618,119192.0,Wissam Ben Yedder,1653.0,card,90,,,,,,yellow,sofascore
8738618,,,,injuryTime,90,,,,,,,sofascore
8738618,906075.0,Melvin Bard,1649.0,card,89,,,,,,red,sofascore
8738618,329303.0,Thiago Mendes,1649.0,card,83,,,,,,yellow,sofascore
8738618,906075.0,Melvin Bard,1649.0,substitution,81,,,,,,regular,sofascore
8738618,137667.0,Mattia De Sciglio,1649.0,substitution,81,,,,,,regular,sofascore
8738618,866469.0,Bruno Guimarães,1649.0,substitution,81,,,,,,regular,sofascore
8738618,944164.0,Sofiane Diop,1653.0,substitution,78,,,,,,regular,sofascore
8738618,117373.0,Kevin Volland,1653.0,substitution,78,,,,,,regular,sofascore
8738618,996951.0,Sinaly Diomandé,1649.0,card,73,,,,,,yellow,sofascore
8738618,318653.0,Moussa Dembélé,1649.0,substitution,64,,,,,,regular,sofascore
8738618,859027.0,Maxence Caqueret,1649.0,substitution,57,,,,,,regular,sofascore
8738618,579576.0,Ruben Aguilar,1653.0,card,55,,,,,,yellow,sofascore
8738618,963198.0,Chrislain Matsima,1653.0,card,50,,,,,,yellow,sofascore
8738618,119192.0,Wissam Ben Yedder,1653.0,goal,48,,,,,,penalty,sofascore
8738618,518.0,Cesc Fàbregas,1653.0,substitution,46,,,,,,regular,sofascore
8738618,845170.0,Caio Henrique,1653.0,substitution,46,,,,,,regular,sofascore
8738618,963198.0,Chrislain Matsima,1653.0,substitution,46,,,,,,regular,sofascore
8738618,,,,period,45,,,,,,,sofascore
8738618,,,,injuryTime,45,,,,,,,sofascore
8738618,842931.0,Karl Toko Ekambi,1649.0,goal,44,,,,,,regular,sofascore
8738618,846081.0,Houssem Aouar,1649.0,goal,41,,,,,,penalty,sofascore
8738618,123388.0,Djibril Sidibé,1653.0,card,40,,,,,,yellow,sofascore
8738618,842931.0,Karl Toko Ekambi,1649.0,goal,34,,,,,,regular,sofascore
8738618,810535.0,Tino Kadewere,1649.0,card,22,,,,,,yellow,sofascore
8738618,138833.0,Memphis Depay,1649.0,goal,12,,,,,,regular,sofascore
8738619,,,,period,90,,,,,,,sofascore
8738619,930584.0,Farid El Melali,1684.0,substitution,90,,,,,,regular,sofascore
8738619,,,,injuryTime,90,,,,,,,sofascore
8738619,346262.0,Saîf-Eddine Khaoui,1641.0,card,88,,,,,,yellow,sofascore
8738619,51321.0,Mateo Pavlović,1684.0,substitution,86,,,,,,injury,sofascore
8738619,1063235.0,Mohamed Ali Cho,1684.0,substitution,79,,,,,,regular,sofascore
8738619,757730.0,Antonin Bobichon,1684.0,substitution,79,,,,,,regular,sofascore
8738619,581314.0,Valentin Rongier,1641.0,goal,75,,,,,,regular,sofascore
8738619,988839.0,Marley Aké,1641.0,substitution,74,,,,,,regular,sofascore
8738619,34221.0,Kevin Strootman,1641.0,substitution,74,,,,,,regular,sofascore
8738619,14216.0,Dimitri Payet,1641.0,inGamePenalty,71,,,,,,missed,sofascore
8738619,977679.0,Luís Henrique,1641.0,substitution,61,,,,,,regular,sofascore
8738619,148824.0,Florian Thauvin,1641.0,substitution,60,,,,,,regular,sofascore
8738619,257091.0,Duje Ćaleta-Car,1641.0,card,55,,,,,,yellow,sofascore
8738619,787540.0,Angelo Fulgini,1684.0,card,48,,,,,,yellow,sofascore
8738619,366760.0,Souleyman Doumbia,1684.0,card,46,,,,,,yellow,sofascore
8738619,346262.0,Saîf-Eddine Khaoui,1641.0,substitution,46,,,,,,regular,sofascore
8738619,,,,period,45,,,,,,,sofascore
8738619,,,,injuryTime,45,,,,,,,sofascore
8738619,48335.0,Hiroki Sakai,1641.0,card,38,,,,,,yellow,sofascore
8738619,294641.0,Loïs Diony,1684.0,goal,23,,,,,,regular,sofascore
8738619,581314.0,Valentin Rongier,1641.0,card,14,,,,,,yellow,sofascore
8738619,831400.0,Mathias Pereira Lage,1684.0,goal,4,,,,,,regular,sofascore
8738620,,,,period,90,,,,,,,sofascore
8738620,,,,injuryTime,90,,,,,,,sofascore
8738620,798002.0,Toma Bašić,1645.0,goal,87,,,,,,regular,sofascore
8738620,963300.0,Amadou Traoré,1645.0,substitution,84,,,,,,regular,sofascore
8738620,963298.0,Dilane Bakwa,1645.0,substitution,84,,,,,,regular,sofascore
8738620,944327.0,Dan Ndoye,1661.0,substitution,76,,,,,,regular,sofascore
8738620,16508.0,Paul Baysse,1645.0,goal,75,,,,,,regular,sofascore
8738620,822877.0,Alexis Claude-Maurice,1661.0,substitution,70,,,,,,injury,sofascore
8738620,892104.0,Hicham Mahou,1661.0,substitution,70,,,,,,regular,sofascore
8738620,74045.0,Nicolas de Préville,1645.0,substitution,62,,,,,,regular,sofascore
8738620,801306.0,Pierre Lees Melou,1661.0,substitution,58,,,,,,regular,sofascore
8738620,851262.0,Myziane Maolida,1661.0,substitution,58,,,,,,regular,sofascore
8738620,791314.0,Hwang Ui-Jo,1645.0,goal,50,,,,,,regular,sofascore
8738620,,,,period,45,,,,,,,sofascore
8738620,,,,injuryTime,45,,,,,,,sofascore
8738620,798002.0,Toma Bašić,1645.0,card,33,,,,,,yellow,sofascore
8738621,,,,period,90,,,,,,,sofascore
8738621,938270.0,Abdoul Kader Bamba,1647.0,substitution,90,,,,,,regular,sofascore
8738621,,,,injuryTime,90,,,,,,,sofascore
8738621,149732.0,Abdoulaye Touré,1647.0,card,87,,,,,,yellow,sofascore
8738621,46387.0,Gaël Kakuta,1648.0,goal,81,,,,,,regular,sofascore
8738621,593546.0,Tony Mauricio,1648.0,substitution,78,,,,,,regular,sofascore
8738621,806076.0,Ludovic Blas,1647.0,substitution,77,,,,,,regular,sofascore
8738621,339227.0,Steven Fortes,1648.0,card,77,,,,,,yellow,sofascore
8738621,954061.0,Arnaud Kalimuendo,1648.0,substitution,72,,,,,,regular,sofascore
8738621,825945.0,Simon Banza,1648.0,substitution,72,,,,,,regular,sofascore
8738621,143344.0,Massadio Haïdara,1648.0,card,69,,,,,,yellow,sofascore
8738621,47549.0,Sébastien Corchia,1647.0,card,67,,,,,,yellow,sofascore
8738621,871706.0,Randal Kolo Muani,1647.0,card,50,,,,,,yellow,sofascore
8738621,,,,period,45,,,,,,,sofascore
8738621,,,,injuryTime,45,,,,,,,sofascore
8738621,965943.0,Imrân Louza,1647.0,goal,36,,,,,,penalty,sofascore
8738621,369650.0,Jonathan Gradit,1648.0,card,35,,,,,,yellow,sofascore
8738621,46387.0,Gaël Kakuta,1648.0,inGamePenalty,33,,,,,,missed,sofascore
8738622,,,,period,90,,,,,,,sofascore
8738622,,,,injuryTime,90,,,,,,,sofascore
8738622,826643.0,Kylian Mbappé,1644.0,goal,87,,,,,,regular,sofascore
8738622,954059.0,Bandiougou Fadiga,1644.0,substitution,85,,,,,,regular,sofascore
8738622,826643.0,Kylian Mbappé,1644.0,goal,82,,,,,,regular,sofascore
8738622,915567.0,Aurélien Scheidler,1686.0,substitution,80,,,,,,regular,sofascore
8738622,208234.0,Fouad Chafik,1686.0,substitution,79,,,,,,regular,sofascore
8738622,962872.0,Kays Ruiz-Atil,1644.0,substitution,73,,,,,,regular,sofascore
8738622,826643.0,Kylian Mbappé,1644.0,substitution,72,,,,,,injury,sofascore
8738622,281013.0,Bersant Celina,1686.0,substitution,69,,,,,,regular,sofascore
8738622,867438.0,Jonathan Panzo,1686.0,card,69,,,,,,yellow,sofascore
8738622,82474.0,Ander Herrera,1644.0,substitution,59,,,,,,injury,sofascore
8738622,826551.0,Pape Cheikh,1686.0,substitution,55,,,,,,regular,sofascore
8738622,,,,period,45,,,,,,,sofascore
8738622,157143.0,Moussa Konaté,1686.0,card,45,,,,,,yellow,sofascore
8738622,,,,injuryTime,45,,,,,,,sofascore
8738622,835601.0,Moise Kean,1644.0,goal,23,,,,,,regular,sofascore
8738622,835601.0,Moise Kean,1644.0,goal,3,,,,,,regular,sofascore
8738623,,,,period,90,,,,,,,sofascore
8738623,822703.0,Mamadou Fofana,1651.0,substitution,90,,,,,,injury,sofascore
8738623,,,,injuryTime,90,,,,,,,sofascore
8738623,940360.0,Warren Tchimbembé,1651.0,substitution,89,,,,,,regular,sofascore
8738623,911857.0,Tyron Tormin,1678.0,substitution,82,,,,,,regular,sofascore
8738623,1014408.0,Maxence Rivera,1678.0,substitution,82,,,,,,regular,sofascore
8738623,122921.0,Vincent Pajot,1651.0,card,81,,,,,,yellow,sofascore
8738623,942839.0,Alpha Sissoko,1651.0,goal,78,,,,,,ownGoal,sofascore
8738623,359246.0,Habib Maïga,1651.0,card,73,,,,,,yellow,sofascore
8738623,869931.0,Yvan Neyou,1678.0,card,72,,,,,,yellow,sofascore
8738623,1012657.0,Lucas Gourna-Douath,1678.0,substitution,63,,,,,,regular,sofascore
8738623,913191.0,Vagner Dias,1651.0,substitution,56,,,,,,regular,sofascore
8738623,966923.0,Marvin Tshibuabua,1678.0,substitution,48,,,,,,injury,sofascore
8738623,51640.0,Wahbi Khazri,1678.0,substitution,46,,,,,,regular,sofascore
8738623,,,,period,45,,,,,,,sofascore
8738623,156009.0,Victorien Angban,1651.0,card,31,,,,,,yellow,sofascore
8738623,760618.0,Denis Bouanga,1678.0,card,31,,,,,,yellow,sofascore
8738623,828971.0,Panagiotis Retsos,1678.0,card,23,,,,,,yellow,sofascore
8738623,229722.0,Farid Boulaya,1651.0,goal,5,,,,,,regular,sofascore
8738624,,,,period,90,,,,,,,sofascore
8738624,138573.0,Pablo Sarabia,1644.0,substitution,82,,,,,,regular,sofascore
8738624,126691.0,Marco Verratti,1644.0,card,82,,,,,,yellow,sofascore
8738624,124712.0,Neymar,1644.0,card,76,,,,,,yellow,sofascore
8738624,856638.0,Mitchel Bakker,1644.0,substitution,76,,,,,,regular,sofascore
8738624,99545.0,Danilo Pereira,1644.0,substitution,76,,,,,,regular,sofascore
8738624,605338.0,Stephy Mavididi,1642.0,substitution,68,,,,,,regular,sofascore
8738624,979315.0,Elye Wahi,1642.0,substitution,68,,,,,,regular,sofascore
8738624,886286.0,Nicolas Cozza,1642.0,substitution,68,,,,,,regular,sofascore
8738624,826643.0,Kylian Mbappé,1644.0,goal,63,,,,,,regular,sofascore
8738624,233114.0,Mauro Icardi,1644.0,goal,61,,,,,,regular,sofascore
8738624,124712.0,Neymar,1644.0,goal,60,,,,,,regular,sofascore
8738624,281277.0,Thilo Kehrer,1644.0,substitution,52,,,,,,regular,sofascore
8738624,211064.0,Sergio Rico,1644.0,substitution,46,,,,,,regular,sofascore
8738624,,,,period,45,,,,,,,sofascore
8738624,44563.0,Pedro Mendes,1642.0,card,45,,,,,,yellow,sofascore
8738624,,,,injuryTime,45,,,,,,,sofascore
8738624,976396.0,Joris Chotard,1642.0,substitution,35,,,,,,injury,sofascore
8738624,826643.0,Kylian Mbappé,1644.0,goal,34,,,,,,regular,sofascore
8738624,794465.0,Dimitry Bertaud,1642.0,substitution,21,,,,,,regular,sofascore
8738624,571622.0,Jonas Omlin,1642.0,card,19,,,,,,red,sofascore
8738624,571622.0,Jonas Omlin,1642.0,varDecision,18,,,,,,cardUpgrade,sofascore
8738625,,,,period,90,,,,,,,sofascore
8738625,1047931.0,Tom Lacoux,1645.0,substitution,90,,,,,,regular,sofascore
8738625,,,,injuryTime,90,,,,,,,sofascore
8738625,894733.0,Marshall Munetsi,1682.0,goal,88,,,,,,regular,sofascore
8738625,963300.0,Amadou Traoré,1645.0,substitution,83,,,,,,regular,sofascore
8738625,963298.0,Dilane Bakwa,1645.0,substitution,83,,,,,,regular,sofascore
8738625,894733.0,Marshall Munetsi,1682.0,substitution,83,,,,,,regular,sofascore
8738625,579596.0,Moussa Doumbia,1682.0,substitution,83,,,,,,regular,sofascore
8738625,982615.0,El Bilal Touré,1682.0,substitution,82,,,,,,regular,sofascore
8738625,859024.0,Yacine Adli,1645.0,card,78,,,,,,yellow,sofascore
8738625,98197.0,Valon Berisha,1682.0,card,78,,,,,,yellow,sofascore
8738625,791314.0,Hwang Ui-Jo,1645.0,goal,73,,,,,,regular,sofascore
8738625,798002.0,Toma Bašić,1645.0,card,66,,,,,,yellow,sofascore
8738625,852145.0,Josh Maja,1645.0,substitution,46,,,,,,regular,sofascore
8738625,152734.0,Maxime Poundjé,1645.0,substitution,46,,,,,,regular,sofascore
8738625,,,,period,45,,,,,,,sofascore
8738625,,,,injuryTime,45,,,,,,,sofascore
8738625,67308.0,Loris Benito,1645.0,card,41,,,,,,yellow,sofascore
8738625,960080.0,Boulaye Dia,1682.0,goal,18,,,,,,regular,sofascore
8738625,178721.0,Yunis Abdelhamid,1682.0,goal,15,,,,,,regular,sofascore
8738626,,,,period,90,,,,,,,sofascore
8738626,,,,injuryTime,90,,,,,,,sofascore
8738626,911857.0,Tyron Tormin,1678.0,substitution,89,,,,,,regular,sofascore
8738626,941163.0,Bilal Benkhedim,1678.0,substitution,89,,,,,,regular,sofascore
8738626,109851.0,Majeed Waris,1659.0,substitution,89,,,,,,regular,sofascore
8738626,94822.0,Sanjin Prcić,1659.0,substitution,88,,,,,,regular,sofascore
8738626,365358.0,Dimitri Liénard,1659.0,substitution,75,,,,,,regular,sofascore
8738626,891793.0,Kévin Zohi,1659.0,substitution,67,,,,,,regular,sofascore
8738626,962877.0,Adil Aouchiche,1678.0,substitution,64,,,,,,regular,sofascore
8738626,1014408.0,Maxence Rivera,1678.0,substitution,64,,,,,,regular,sofascore
8738626,1012657.0,Lucas Gourna-Douath,1678.0,card,56,,,,,,yellow,sofascore
8738626,156004.0,Jean-Eudes Aholou,1659.0,card,51,,,,,,yellow,sofascore
8738626,,,,period,45,,,,,,,sofascore
8738626,829093.0,Ibrahima Sissoko,1659.0,card,36,,,,,,yellow,sofascore
8738626,343971.0,Ludovic Ajorque,1659.0,goal,29,,,,,,regular,sofascore
8738626,1096960.0,Baptiste Gabard,1678.0,card,12,,,,,,yellow,sofascore
8738626,38716.0,Ryad Boudebouz,1678.0,inGamePenalty,9,,,,,,missed,sofascore
8738627,,,,period,90,,,,,,,sofascore
8738627,,,,injuryTime,90,,,,,,,sofascore
8738627,796085.0,Moussa Koné,1663.0,substitution,88,,,,,,regular,sofascore
8738627,963300.0,Amadou Traoré,1645.0,substitution,83,,,,,,regular,sofascore
8738627,944142.0,Yassine Benrahou,1663.0,substitution,83,,,,,,regular,sofascore
8738627,842709.0,Rémi Oudin,1645.0,goal,82,,,,,,regular,sofascore
8738627,146659.0,Baptiste Reynet,1663.0,card,81,,,,,,yellow,sofascore
8738627,3209.0,Jimmy Briand,1645.0,goal,80,,,,,,penalty,sofascore
8738627,777067.0,Florian Miguel,1663.0,card,78,,,,,,yellow,sofascore
8738627,3209.0,Jimmy Briand,1645.0,card,71,,,,,,yellow,sofascore
8738627,925837.0,Mehdi Zerkane,1645.0,substitution,65,,,,,,regular,sofascore
8738627,3209.0,Jimmy Briand,1645.0,substitution,65,,,,,,regular,sofascore
8738627,343955.0,Gaëtan Paquiez,1663.0,substitution,65,,,,,,regular,sofascore
8738627,974418.0,Karim Aribi,1663.0,substitution,64,,,,,,regular,sofascore
8738627,558522.0,Anthony Briançon,1663.0,card,46,,,,,,yellow,sofascore
8738627,,,,period,45,,,,,,,sofascore
8738627,,,,injuryTime,45,,,,,,,sofascore
8738627,852145.0,Josh Maja,1645.0,card,43,,,,,,yellow,sofascore
8738627,842709.0,Rémi Oudin,1645.0,substitution,41,,,,,,regular,sofascore
8738627,859024.0,Yacine Adli,1645.0,substitution,41,,,,,,regular,sofascore
8738627,552686.0,Otávio,1645.0,card,37,,,,,,yellow,sofascore
8738628,,,,period,90,,,,,,,sofascore
8738628,,,,injuryTime,90,,,,,,,sofascore
8738628,328027.0,Serhou Guirassy,1658.0,substitution,87,,,,,,regular,sofascore
8738628,901470.0,Gerzino Nyamsi,1658.0,substitution,87,,,,,,regular,sofascore
8738628,801287.0,Faitout Maouassa,1658.0,substitution,86,,,,,,regular,sofascore
8738628,857179.0,James Léa Siliki,1658.0,substitution,82,,,,,,regular,sofascore
8738628,102291.0,Idriss Saadi,1659.0,substitution,80,,,,,,regular,sofascore
8738628,825681.0,Romain Del Castillo,1658.0,substitution,76,,,,,,regular,sofascore
8738628,891793.0,Kévin Zohi,1659.0,substitution,70,,,,,,regular,sofascore
8738628,,,,period,45,,,,,,,sofascore
8738628,,,,injuryTime,45,,,,,,,sofascore
8738628,845273.0,Jean-Ricner Bellegarde,1659.0,card,31,,,,,,yellow,sofascore
8738628,324399.0,Benjamin Bourigeaud,1658.0,goal,25,,,,,,regular,sofascore
8738628,51444.0,Lamine Koné,1659.0,card,22,,,,,,yellow,sofascore
8738628,109851.0,Majeed Waris,1659.0,substitution,18,,,,,,injury,sofascore
8738629,,,,period,90,,,,,,,sofascore
8738629,66309.0,Petar Škuletić,1642.0,substitution,90,,,,,,regular,sofascore
8738629,,,,injuryTime,90,,,,,,,sofascore
8738629,846439.0,Patrick Burner,1663.0,substitution,87,,,,,,regular,sofascore
8738629,51421.0,Nolan Roux,1663.0,substitution,87,,,,,,regular,sofascore
8738629,84744.0,Andy Delort,1642.0,goal,79,,,,,,regular,sofascore
8738629,979315.0,Elye Wahi,1642.0,substitution,74,,,,,,regular,sofascore
8738629,316196.0,Niclas Eliasson,1663.0,substitution,73,,,,,,regular,sofascore
8738629,51349.0,Lucas Deaux,1663.0,substitution,72,,,,,,regular,sofascore
8738629,822878.0,Lamine Fomba,1663.0,card,67,,,,,,yellow,sofascore
8738629,796085.0,Moussa Koné,1663.0,goal,63,,,,,,regular,sofascore
8738629,84744.0,Andy Delort,1642.0,varDecision,60,,,,,,goalAwarded,sofascore
8738629,838688.0,Sofiane Alakouch,1663.0,card,47,,,,,,yellow,sofascore
8738629,,,,period,45,,,,,,,sofascore
8738629,343955.0,Gaëtan Paquiez,1663.0,substitution,45,,,,,,injury,sofascore
8738629,,,,injuryTime,45,,,,,,,sofascore
8738630,,,,period,90,,,,,,,sofascore
8738630,835601.0,Moise Kean,1644.0,goal,90,,,,,,regular,sofascore
8738630,,,,injuryTime,90,,,,,,,sofascore
8738630,954059.0,Bandiougou Fadiga,1644.0,substitution,89,,,,,,regular,sofascore
8738630,914660.0,Mehdi Chahiri,1659.0,substitution,89,,,,,,regular,sofascore
8738630,106337.0,Idrissa Gana Gueye,1644.0,goal,88,,,,,,regular,sofascore
8738630,835601.0,Moise Kean,1644.0,substitution,84,,,,,,regular,sofascore
8738630,142680.0,Julian Draxler,1644.0,substitution,83,,,,,,regular,sofascore
8738630,826643.0,Kylian Mbappé,1644.0,goal,79,,,,,,regular,sofascore
8738630,106337.0,Idrissa Gana Gueye,1644.0,substitution,78,,,,,,regular,sofascore
8738630,802159.0,Habibou Diallo,1659.0,substitution,77,,,,,,regular,sofascore
8738630,94822.0,Sanjin Prcić,1659.0,substitution,64,,,,,,regular,sofascore
8738630,231946.0,Adrien Thomasson,1659.0,substitution,64,,,,,,regular,sofascore
8738630,,,,period,45,,,,,,,sofascore
8738630,1824137.0,Timothee Pembele,1644.0,goal,18,,,,,,regular,sofascore
8738631,,,,period,90,,,,,,,sofascore
8738631,,,,injuryTime,90,,,,,,,sofascore
8738631,869931.0,Yvan Neyou,1678.0,card,82,,,,,,yellow,sofascore
8738631,1012657.0,Lucas Gourna-Douath,1678.0,substitution,78,,,,,,regular,sofascore
8738631,1014408.0,Maxence Rivera,1678.0,substitution,78,,,,,,regular,sofascore
8738631,796085.0,Moussa Koné,1663.0,substitution,74,,,,,,regular,sofascore
8738631,1067123.0,Marco Majouga,1663.0,substitution,74,,,,,,regular,sofascore
8738631,822878.0,Lamine Fomba,1663.0,substitution,69,,,,,,regular,sofascore
8738631,796082.0,Sidy Sarr,1663.0,card,67,,,,,,yellow,sofascore
8738631,848458.0,Arnaud Nordin,1678.0,goal,63,,,,,,regular,sofascore
8738631,940328.0,Jean-Philippe Krasso,1678.0,substitution,62,,,,,,regular,sofascore
8738631,760618.0,Denis Bouanga,1678.0,substitution,62,,,,,,regular,sofascore
8738631,247445.0,Renaud Ripart,1663.0,goal,56,,,,,,penalty,sofascore
8738631,247445.0,Renaud Ripart,1663.0,substitution,52,,,,,,regular,sofascore
8738631,974418.0,Karim Aribi,1663.0,substitution,52,,,,,,regular,sofascore
8738631,,,,period,45,,,,,,,sofascore
8738631,,,,injuryTime,45,,,,,,,sofascore
8738631,38716.0,Ryad Boudebouz,1678.0,inGamePenalty,36,,,,,,missed,sofascore
8738631,146659.0,Baptiste Reynet,1663.0,card,35,,,,,,yellow,sofascore
8738631,316196.0,Niclas Eliasson,1663.0,card,30,,,,,,yellow,sofascore
8738631,74139.0,Romain Hamouma,1678.0,card,26,,,,,,yellow,sofascore
8738631,962877.0,Adil Aouchiche,1678.0,substitution,17,,,,,,injury,sofascore
8738631,881952.0,Matteo Ahlinvi,1663.0,goal,14,,,,,,regular,sofascore
8738631,795128.0,Harold Moukoudi,1678.0,goal,8,,,,,,regular,sofascore
8738632,,,,period,90,,,,,,,sofascore
8738632,965353.0,Bridge Ndilu,1647.0,substitution,90,,,,,,regular,sofascore
8738632,,,,injuryTime,90,,,,,,,sofascore
8738632,996951.0,Sinaly Diomandé,1649.0,substitution,89,,,,,,regular,sofascore
8738632,957623.0,Yaya Soumare,1649.0,substitution,89,,,,,,regular,sofascore
8738632,149732.0,Abdoulaye Touré,1647.0,substitution,80,,,,,,regular,sofascore
8738632,979128.0,Rayan Cherki,1649.0,substitution,71,,,,,,regular,sofascore
8738632,866469.0,Bruno Guimarães,1649.0,substitution,70,,,,,,regular,sofascore
8738632,137667.0,Mattia De Sciglio,1649.0,substitution,70,,,,,,regular,sofascore
8738632,106496.0,Nicolas Pallois,1647.0,card,68,,,,,,yellow,sofascore
8738632,965943.0,Imrân Louza,1647.0,substitution,60,,,,,,regular,sofascore
8738632,159701.0,Kalifa Coulibaly,1647.0,substitution,60,,,,,,regular,sofascore
8738632,330051.0,Moses Simon,1647.0,substitution,59,,,,,,regular,sofascore
8738632,73056.0,Mehdi Abeid,1647.0,card,56,,,,,,yellow,sofascore
8738632,,,,period,45,,,,,,,sofascore
8738632,,,,injuryTime,45,,,,,,,sofascore
8738632,839981.0,Lucas Paquetá,1649.0,goal,44,,,,,,regular,sofascore
8738632,810535.0,Tino Kadewere,1649.0,goal,37,,,,,,regular,sofascore
8738632,785418.0,Marcus Coco,1647.0,card,34,,,,,,yellow,sofascore
8738632,36704.0,Marcelo,1649.0,card,14,,,,,,yellow,sofascore
8738632,842931.0,Karl Toko Ekambi,1649.0,goal,4,,,,,,regular,sofascore
8738633,,,,period,90,,,,,,,sofascore
8738633,,,,injuryTime,90,,,,,,,sofascore
8738633,887581.0,Boubakary Soumaré,1643.0,substitution,89,,,,,,regular,sofascore
8738633,827804.0,Yusuf Yazıcı,1643.0,substitution,89,,,,,,regular,sofascore
8738633,840451.0,Luiz Araújo,1643.0,card,83,,,,,,yellow,sofascore
8738633,51665.0,Benjamin André,1643.0,card,83,,,,,,yellow,sofascore
8738633,123388.0,Djibril Sidibé,1653.0,card,82,,,,,,yellow,sofascore
8738633,18864.0,Burak Yılmaz,1643.0,substitution,78,,,,,,regular,sofascore
8738633,37126.0,Stevan Jovetić,1653.0,substitution,76,,,,,,regular,sofascore
8738633,518.0,Cesc Fàbregas,1653.0,substitution,76,,,,,,regular,sofascore
8738633,123388.0,Djibril Sidibé,1653.0,substitution,75,,,,,,regular,sofascore
8738633,858705.0,Xeka,1643.0,substitution,69,,,,,,regular,sofascore
8738633,840451.0,Luiz Araújo,1643.0,substitution,69,,,,,,regular,sofascore
8738633,944164.0,Sofiane Diop,1653.0,substitution,68,,,,,,regular,sofascore
8738633,827243.0,Axel Disasi,1653.0,card,51,,,,,,yellow,sofascore
8738633,,,,period,45,,,,,,,sofascore
8738633,,,,injuryTime,45,,,,,,,sofascore
8738633,318967.0,Renato Sanches,1643.0,card,35,,,,,,yellow,sofascore
8738633,859025.0,Aurélien Tchouaméni,1653.0,card,16,,,,,,yellow,sofascore
8738634,,,,period,90,,,,,,,sofascore
8738634,906075.0,Melvin Bard,1649.0,substitution,90,,,,,,injury,sofascore
8738634,810535.0,Tino Kadewere,1649.0,goal,90,,,,,,regular,sofascore
8738634,,,,injuryTime,90,,,,,,,sofascore
8738634,1035695.0,Fodé Doucouré,1682.0,substitution,74,,,,,,injury,sofascore
8738634,227892.0,Arbër Zeneli,1682.0,substitution,74,,,,,,regular,sofascore
8738634,894733.0,Marshall Munetsi,1682.0,card,68,,,,,,yellow,sofascore
8738634,238708.0,Islam Slimani,1649.0,substitution,67,,,,,,regular,sofascore
8738634,982615.0,El Bilal Touré,1682.0,substitution,67,,,,,,regular,sofascore
8738634,178721.0,Yunis Abdelhamid,1682.0,card,60,,,,,,yellow,sofascore
8738634,810535.0,Tino Kadewere,1649.0,substitution,46,,,,,,regular,sofascore
8738634,859027.0,Maxence Caqueret,1649.0,substitution,46,,,,,,regular,sofascore
8738634,280439.0,Maxwel Cornet,1649.0,substitution,46,,,,,,regular,sofascore
8738634,,,,period,45,,,,,,,sofascore
8738634,,,,injuryTime,45,,,,,,,sofascore
8738634,816810.0,Mathieu Cafaro,1682.0,card,42,,,,,,yellow,sofascore
8738634,816810.0,Mathieu Cafaro,1682.0,goal,33,,,,,,regular,sofascore
8738634,138833.0,Memphis Depay,1649.0,card,30,,,,,,yellow,sofascore
8738635,,,,period,90,,,,,,,sofascore
8738635,826208.0,Michaël Cuisance,1641.0,goal,90,,,,,,regular,sofascore
8738635,,,,injuryTime,90,,,,,,,sofascore
8738635,148824.0,Florian Thauvin,1641.0,goal,88,,,,,,regular,sofascore
8738635,826208.0,Michaël Cuisance,1641.0,substitution,84,,,,,,regular,sofascore
8738635,122630.0,Darío Benedetto,1641.0,substitution,84,,,,,,regular,sofascore
8738635,580642.0,Haris Belkebla,1715.0,substitution,77,,,,,,regular,sofascore
8738635,977679.0,Luís Henrique,1641.0,substitution,77,,,,,,regular,sofascore
8738635,988907.0,Lilian Brassier,1715.0,goal,71,,,,,,regular,sofascore
8738635,48335.0,Hiroki Sakai,1641.0,substitution,66,,,,,,regular,sofascore
8738635,605552.0,Irvin Cardona,1715.0,substitution,63,,,,,,regular,sofascore
8738635,954059.0,Bandiougou Fadiga,1715.0,substitution,63,,,,,,regular,sofascore
8738635,345035.0,Steve Mounié,1715.0,card,55,,,,,,yellow,sofascore
8738635,879694.0,Pape Gueye,1641.0,substitution,46,,,,,,regular,sofascore
8738635,,,,period,45,,,,,,,sofascore
8738635,161325.0,Arkadiusz Milik,1641.0,goal,45,,,,,,regular,sofascore
8738635,,,,injuryTime,45,,,,,,,sofascore
8738635,148824.0,Florian Thauvin,1641.0,card,38,,,,,,yellow,sofascore
8738635,150212.0,Álvaro González,1641.0,card,23,,,,,,yellow,sofascore
8738635,257091.0,Duje Ćaleta-Car,1641.0,card,21,,,,,,yellow,sofascore
8738636,,,,period,90,,,,,,,sofascore
8738636,44213.0,Gaëtan Charbonnier,1715.0,goal,90,,,,,,penalty,sofascore
8738636,,,,injuryTime,90,,,,,,,sofascore
8738636,890329.0,Ignatius Kpene Ganago,1648.0,substitution,85,,,,,,regular,sofascore
8738636,796930.0,Wuilker Faríñez,1648.0,substitution,85,,,,,,injury,sofascore
8738636,328035.0,Brendan Chardonnet,1715.0,substitution,83,,,,,,regular,sofascore
8738636,307096.0,Romain Philippoteaux,1715.0,substitution,75,,,,,,regular,sofascore
8738636,148196.0,Cristian Battocchio,1715.0,substitution,75,,,,,,regular,sofascore
8738636,46387.0,Gaël Kakuta,1648.0,substitution,73,,,,,,regular,sofascore
8738636,143344.0,Massadio Haïdara,1648.0,substitution,65,,,,,,regular,sofascore
8738636,906047.0,Cheick Doucouré,1648.0,substitution,64,,,,,,injury,sofascore
8738636,32664.0,Ludovic Baal,1715.0,substitution,64,,,,,,regular,sofascore
8738636,44213.0,Gaëtan Charbonnier,1715.0,substitution,64,,,,,,regular,sofascore
8738636,,,,period,45,,,,,,,sofascore
8738636,,,,injuryTime,45,,,,,,,sofascore
8738636,788921.0,Florian Sotoca,1648.0,goal,34,,,,,,penalty,sofascore
8738636,845930.0,Jean-Kévin Duverne,1715.0,card,32,,,,,,yellow,sofascore
8738636,826293.0,Ronaël Pierre-Gabriel,1715.0,card,12,,,,,,yellow,sofascore
8738636,954061.0,Arnaud Kalimuendo,1648.0,goal,11,,,,,,regular,sofascore
8738637,,,,period,90,,,,,,,sofascore
8738637,,,,injuryTime,90,,,,,,,sofascore
8738637,979128.0,Rayan Cherki,1649.0,substitution,87,,,,,,regular,sofascore
8738637,927975.0,Jean Lucas,1649.0,substitution,87,,,,,,regular,sofascore
8738637,849651.0,Djamel Benlamri,1649.0,substitution,81,,,,,,regular,sofascore
8738637,318653.0,Moussa Dembélé,1649.0,substitution,79,,,,,,regular,sofascore
8738637,137667.0,Mattia De Sciglio,1649.0,substitution,78,,,,,,regular,sofascore
8738637,988732.0,Alexis Trouillet,1661.0,substitution,74,,,,,,regular,sofascore
8738637,846081.0,Houssem Aouar,1649.0,goal,73,,,,,,regular,sofascore
8738637,280439.0,Maxwel Cornet,1649.0,card,66,,,,,,yellow,sofascore
8738637,842931.0,Karl Toko Ekambi,1649.0,goal,63,,,,,,regular,sofascore
8738637,894238.0,Youcef Atal,1661.0,substitution,62,,,,,,regular,sofascore
8738637,944327.0,Dan Ndoye,1661.0,substitution,62,,,,,,regular,sofascore
8738637,904832.0,Khéphren Thuram,1661.0,card,57,,,,,,yellow,sofascore
8738637,,,,period,45,,,,,,,sofascore
8738637,859026.0,Amine Gouiri,1661.0,goal,43,,,,,,regular,sofascore
8738637,810535.0,Tino Kadewere,1649.0,goal,39,,,,,,regular,sofascore
8738637,138833.0,Memphis Depay,1649.0,goal,32,,,,,,penalty,sofascore
8738638,,,,period,90,,,,,,,sofascore
8738638,,,,injuryTime,90,,,,,,,sofascore
8738638,804619.0,Enock Kwateng,1645.0,substitution,89,,,,,,regular,sofascore
8738638,829093.0,Ibrahima Sissoko,1659.0,card,81,,,,,,yellow,sofascore
8738638,109851.0,Majeed Waris,1659.0,substitution,79,,,,,,regular,sofascore
8738638,122922.0,Lionel Carole,1659.0,substitution,79,,,,,,regular,sofascore
8738638,74045.0,Nicolas de Préville,1645.0,substitution,75,,,,,,regular,sofascore
8738638,859024.0,Yacine Adli,1645.0,substitution,74,,,,,,regular,sofascore
8738638,365358.0,Dimitri Liénard,1659.0,substitution,71,,,,,,regular,sofascore
8738638,3209.0,Jimmy Briand,1645.0,substitution,67,,,,,,regular,sofascore
8738638,552686.0,Otávio,1645.0,goal,66,,,,,,regular,sofascore
8738638,802159.0,Habibou Diallo,1659.0,substitution,57,,,,,,regular,sofascore
8738638,891793.0,Kévin Zohi,1659.0,substitution,57,,,,,,regular,sofascore
8738638,,,,period,45,,,,,,,sofascore
8738638,,,,injuryTime,45,,,,,,,sofascore
8738638,243735.0,Pablo,1645.0,goal,38,,,,,,regular,sofascore
8738638,289977.0,Alexander Djiku,1659.0,card,4,,,,,,yellow,sofascore
8738638,243735.0,Pablo,1645.0,card,1,,,,,,yellow,sofascore
8738638,,,1659.0,card,-5,,,,,,yellow,sofascore
8738639,,,,period,90,,,,,,,sofascore
8738639,21931.0,Anthony Modeste,1678.0,substitution,90,,,,,,regular,sofascore
8738639,,,,injuryTime,90,,,,,,,sofascore
8738639,787540.0,Angelo Fulgini,1684.0,card,88,,,,,,yellow,sofascore
8738639,1063235.0,Mohamed Ali Cho,1684.0,substitution,82,,,,,,regular,sofascore
8738639,848458.0,Arnaud Nordin,1678.0,substitution,82,,,,,,regular,sofascore
8738639,990227.0,Aimen Moueffek,1678.0,substitution,82,,,,,,regular,sofascore
8738639,209768.0,Pierrick Capelle,1684.0,substitution,68,,,,,,regular,sofascore
8738639,153220.0,Stéphane Bahoken,1684.0,substitution,68,,,,,,regular,sofascore
8738639,16635.0,Kévin Monnet-Paquet,1678.0,substitution,60,,,,,,regular,sofascore
8738639,38716.0,Ryad Boudebouz,1678.0,substitution,60,,,,,,regular,sofascore
8738639,962877.0,Adil Aouchiche,1678.0,card,59,,,,,,yellow,sofascore
8738639,831400.0,Mathias Pereira Lage,1684.0,substitution,57,,,,,,regular,sofascore
8738639,366760.0,Souleyman Doumbia,1684.0,substitution,57,,,,,,regular,sofascore
8738639,294641.0,Loïs Diony,1684.0,varDecision,56,,,,,,goalAwarded,sofascore
8738639,760618.0,Denis Bouanga,1678.0,card,54,,,,,,yellow,sofascore
8738639,51640.0,Wahbi Khazri,1678.0,goal,52,,,,,,regular,sofascore
8738639,,,,period,45,,,,,,,sofascore
8738639,,,,injuryTime,45,,,,,,,sofascore
8738640,,,,period,90,,,,,,,sofascore
8738640,857179.0,James Léa Siliki,1658.0,substitution,90,,,,,,regular,sofascore
8738640,,,,injuryTime,90,,,,,,,sofascore
8738640,988839.0,Marley Aké,1641.0,substitution,85,,,,,,regular,sofascore
8738640,283083.0,Adrien Hunou,1658.0,goal,83,,,,,,regular,sofascore
8738640,826208.0,Michaël Cuisance,1641.0,card,80,,,,,,yellow,sofascore
8738640,324399.0,Benjamin Bourigeaud,1658.0,substitution,73,,,,,,regular,sofascore
8738640,946695.0,Georginio Rutter,1658.0,substitution,73,,,,,,regular,sofascore
8738640,283083.0,Adrien Hunou,1658.0,card,72,,,,,,yellow,sofascore
8738640,34221.0,Kevin Strootman,1641.0,substitution,71,,,,,,regular,sofascore
8738640,826208.0,Michaël Cuisance,1641.0,substitution,71,,,,,,regular,sofascore
8738640,362014.0,Hamari Traoré,1658.0,goal,63,,,,,,regular,sofascore
8738640,999028.0,Adrien Truffert,1658.0,substitution,62,,,,,,regular,sofascore
8738640,283083.0,Adrien Hunou,1658.0,substitution,62,,,,,,regular,sofascore
8738640,140992.0,Valère Germain,1641.0,substitution,46,,,,,,regular,sofascore
8738640,,,,period,45,,,,,,,sofascore
8738640,,,,injuryTime,45,,,,,,,sofascore
8738640,928236.0,Leonardo Balerdi,1641.0,card,42,,,,,,yellow,sofascore
8738640,879694.0,Pape Gueye,1641.0,card,37,,,,,,yellowRed,sofascore
8738640,879694.0,Pape Gueye,1641.0,goal,24,,,,,,regular,sofascore
8738640,34639.0,Yuto Nagatomo,1641.0,substitution,20,,,,,,injury,sofascore
8738640,879694.0,Pape Gueye,1641.0,card,11,,,,,,yellow,sofascore
8738641,,,,period,90,,,,,,,sofascore
8738641,796279.0,Jordan Lotomba,1661.0,card,90,,,,,,yellow,sofascore
8738641,907003.0,Kelyan Guessoum,1663.0,card,90,,,,,,yellow,sofascore
8738641,,,,injuryTime,90,,,,,,,sofascore
8738641,51421.0,Nolan Roux,1663.0,substitution,85,,,,,,regular,sofascore
8738641,155790.0,Naomichi Ueda,1663.0,substitution,80,,,,,,regular,sofascore
8738641,343955.0,Gaëtan Paquiez,1663.0,substitution,80,,,,,,regular,sofascore
8738641,27009.0,Morgan Schneiderlin,1661.0,card,79,,,,,,yellow,sofascore
8738641,904832.0,Khéphren Thuram,1661.0,substitution,76,,,,,,regular,sofascore
8738641,822877.0,Alexis Claude-Maurice,1661.0,goal,75,,,,,,regular,sofascore
8738641,316196.0,Niclas Eliasson,1663.0,substitution,70,,,,,,regular,sofascore
8738641,230766.0,Haris Duljević,1663.0,substitution,69,,,,,,regular,sofascore
8738641,796279.0,Jordan Lotomba,1661.0,substitution,61,,,,,,regular,sofascore
8738641,795761.0,Kasper Dolberg,1661.0,substitution,61,,,,,,regular,sofascore
8738641,822878.0,Lamine Fomba,1663.0,card,60,,,,,,yellow,sofascore
8738641,606530.0,Birger Meling,1663.0,card,55,,,,,,yellow,sofascore
8738641,894238.0,Youcef Atal,1661.0,card,54,,,,,,yellow,sofascore
8738641,143871.0,Loïck Landre,1663.0,goal,50,,,,,,regular,sofascore
8738641,801306.0,Pierre Lees Melou,1661.0,substitution,46,,,,,,regular,sofascore
8738641,,,,period,45,,,,,,,sofascore
8738641,859026.0,Amine Gouiri,1661.0,goal,4,,,,,,regular,sofascore
8738642,,,,period,90,,,,,,,sofascore
8738642,845750.0,Moreto Cassama,1682.0,card,90,,,,,,yellow,sofascore
8738642,,,,injuryTime,90,,,,,,,sofascore
8738642,789984.0,Dereck Kutesa,1682.0,substitution,88,,,,,,regular,sofascore
8738642,802665.0,Nemanja Radonjić,1641.0,substitution,85,,,,,,regular,sofascore
8738642,982615.0,El Bilal Touré,1682.0,card,78,,,,,,yellow,sofascore
8738642,982615.0,El Bilal Touré,1682.0,substitution,72,,,,,,regular,sofascore
8738642,963399.0,Nathanaël Mbuku,1682.0,substitution,72,,,,,,regular,sofascore
8738642,140992.0,Valère Germain,1641.0,substitution,68,,,,,,regular,sofascore
8738642,1035695.0,Fodé Doucouré,1682.0,substitution,63,,,,,,regular,sofascore
8738642,826208.0,Michaël Cuisance,1641.0,substitution,56,,,,,,regular,sofascore
8738642,346262.0,Saîf-Eddine Khaoui,1641.0,substitution,56,,,,,,regular,sofascore
8738642,,,,period,45,,,,,,,sofascore
8738642,148824.0,Florian Thauvin,1641.0,goal,45,,,,,,regular,sofascore
8738642,34639.0,Yuto Nagatomo,1641.0,card,24,,,,,,yellow,sofascore
8738642,34639.0,Yuto Nagatomo,1682.0,goal,20,,,,,,ownGoal,sofascore
8738642,844744.0,Thibault De Smet,1682.0,card,19,,,,,,yellow,sofascore
8738643,,,,period,90,,,,,,,sofascore
8738643,,,,injuryTime,90,,,,,,,sofascore
8738643,191188.0,Seko Fofana,1648.0,card,86,,,,,,yellow,sofascore
8738643,836678.0,Clément Michelin,1648.0,substitution,84,,,,,,regular,sofascore
8738643,1002711.0,Pape Matar Sarr,1651.0,card,82,,,,,,yellow,sofascore
8738643,356024.0,Thierry Ambrose,1651.0,substitution,76,,,,,,regular,sofascore
8738643,46387.0,Gaël Kakuta,1648.0,substitution,70,,,,,,regular,sofascore
8738643,825945.0,Simon Banza,1648.0,substitution,70,,,,,,regular,sofascore
8738643,153218.0,Thomas Delaine,1651.0,goal,57,,,,,,regular,sofascore
8738643,73188.0,John Boye,1651.0,card,50,,,,,,yellow,sofascore
8738643,,,,period,45,,,,,,,sofascore
8738643,,,,injuryTime,45,,,,,,,sofascore
8738643,913191.0,Vagner Dias,1651.0,card,37,,,,,,yellow,sofascore
8738643,860307.0,Facundo Medina,1648.0,card,37,,,,,,yellow,sofascore
8738643,51363.0,Yannick Cahuzac,1648.0,goal,36,,,,,,regular,sofascore
8738643,913191.0,Vagner Dias,1651.0,goal,27,,,,,,penalty,sofascore
8738643,143344.0,Massadio Haïdara,1648.0,card,19,,,,,,yellow,sofascore
8738643,821728.0,Jonathan Clauss,1648.0,goal,13,,,,,,regular,sofascore
8738643,369650.0,Jonathan Gradit,1648.0,card,7,,,,,,yellow,sofascore
8738644,,,,period,90,,,,,,,sofascore
8738644,816115.0,Charles Traoré,1647.0,goal,90,,,,,,regular,sofascore
8738644,965353.0,Bridge Ndilu,1647.0,substitution,88,,,,,,regular,sofascore
8738644,930584.0,Farid El Melali,1684.0,substitution,76,,,,,,regular,sofascore
8738644,831400.0,Mathias Pereira Lage,1684.0,substitution,76,,,,,,regular,sofascore
8738644,47549.0,Sébastien Corchia,1647.0,substitution,70,,,,,,regular,sofascore
8738644,153220.0,Stéphane Bahoken,1684.0,substitution,65,,,,,,injury,sofascore
8738644,106496.0,Nicolas Pallois,1647.0,card,62,,,,,,yellow,sofascore
8738644,785418.0,Marcus Coco,1647.0,substitution,55,,,,,,regular,sofascore
8738644,871706.0,Randal Kolo Muani,1647.0,substitution,55,,,,,,regular,sofascore
8738644,799216.0,Pedro Chirivella,1647.0,substitution,55,,,,,,regular,sofascore
8738644,,,,period,45,,,,,,,sofascore
8738644,816115.0,Charles Traoré,1647.0,card,45,,,,,,yellow,sofascore
8738644,,,,injuryTime,45,,,,,,,sofascore
8738644,73979.0,Romain Thomas,1684.0,goal,42,,,,,,regular,sofascore
8738644,73056.0,Mehdi Abeid,1647.0,card,27,,,,,,yellow,sofascore
8738644,785418.0,Marcus Coco,1647.0,card,-5,,,,,,yellow,sofascore
8738645,,,,period,90,,,,,,,sofascore
8738645,,,,injuryTime,90,,,,,,,sofascore
8738645,857179.0,James Léa Siliki,1658.0,substitution,81,,,,,,regular,sofascore
8738645,139228.0,M'Baye Niang,1658.0,substitution,81,,,,,,regular,sofascore
8738645,16460.0,Sylvain Marveaux,1656.0,substitution,80,,,,,,regular,sofascore
8738645,282095.0,Adrian Grbić,1656.0,substitution,80,,,,,,regular,sofascore
8738645,385386.0,Dalbert,1658.0,substitution,77,,,,,,injury,sofascore
8738645,846445.0,Martin Terrier,1658.0,goal,76,,,,,,regular,sofascore
8738645,122807.0,Jonathan Delaplace,1656.0,card,74,,,,,,yellow,sofascore
8738645,150865.0,Thomas Monconduit,1656.0,substitution,73,,,,,,regular,sofascore
8738645,827386.0,Quentin Boisgard,1656.0,substitution,72,,,,,,regular,sofascore
8738645,39009.0,Clément Grenier,1658.0,substitution,71,,,,,,regular,sofascore
8738645,846445.0,Martin Terrier,1658.0,substitution,71,,,,,,regular,sofascore
8738645,324399.0,Benjamin Bourigeaud,1658.0,goal,70,,,,,,regular,sofascore
8738645,999028.0,Adrien Truffert,1658.0,card,66,,,,,,yellow,sofascore
8738645,894396.0,Terem Moffi,1656.0,substitution,51,,,,,,injury,sofascore
8738645,801287.0,Faitout Maouassa,1658.0,card,48,,,,,,yellow,sofascore
8738645,,,,period,45,,,,,,,sofascore
8738645,74083.0,Damien Da Silva,1658.0,goal,23,,,,,,regular,sofascore
8738646,,,,period,90,,,,,,,sofascore
8738646,,,,injuryTime,90,,,,,,,sofascore
8738646,282095.0,Adrian Grbić,1656.0,substitution,84,,,,,,regular,sofascore
8738646,904832.0,Khéphren Thuram,1661.0,substitution,77,,,,,,regular,sofascore
8738646,27009.0,Morgan Schneiderlin,1661.0,card,73,,,,,,yellow,sofascore
8738646,296434.0,Laurent Abergel,1656.0,card,73,,,,,,yellow,sofascore
8738646,805123.0,Yoane Wissa,1656.0,goal,66,,,,,,regular,sofascore
8738646,805123.0,Yoane Wissa,1656.0,substitution,65,,,,,,regular,sofascore
8738646,851262.0,Myziane Maolida,1661.0,goal,58,,,,,,regular,sofascore
8738646,845119.0,Houboulang Mendes,1656.0,substitution,57,,,,,,regular,sofascore
8738646,,,,period,45,,,,,,,sofascore
8738646,351434.0,Hassane Kamara,1661.0,card,42,,,,,,yellow,sofascore
8738646,827386.0,Quentin Boisgard,1656.0,card,3,,,,,,yellow,sofascore
8738647,,,,period,90,,,,,,,sofascore
8738647,798002.0,Toma Bašić,1645.0,card,90,,,,,,yellow,sofascore
8738647,786029.0,Didier Ndong,1686.0,card,90,,,,,,yellow,sofascore
8738647,904994.0,Eric Ebimbe,1686.0,card,90,,,,,,yellow,sofascore
8738647,157143.0,Moussa Konaté,1686.0,goal,90,,,,,,regular,sofascore
8738647,,,,injuryTime,90,,,,,,,sofascore
8738647,937741.0,Senou Coulibaly,1686.0,card,86,,,,,,yellow,sofascore
8738647,880525.0,Ngonda Muzinga,1686.0,card,73,,,,,,yellow,sofascore
8738647,3209.0,Jimmy Briand,1645.0,substitution,72,,,,,,regular,sofascore
8738647,963300.0,Amadou Traoré,1645.0,substitution,72,,,,,,regular,sofascore
8738647,804619.0,Enock Kwateng,1645.0,substitution,72,,,,,,injury,sofascore
8738647,157143.0,Moussa Konaté,1686.0,substitution,70,,,,,,regular,sofascore
8738647,51299.0,Frédéric Sammaritano,1686.0,substitution,70,,,,,,regular,sofascore
8738647,798002.0,Toma Bašić,1645.0,substitution,65,,,,,,regular,sofascore
8738647,281013.0,Bersant Celina,1686.0,substitution,56,,,,,,regular,sofascore
8738647,155718.0,Yassine Benzia,1686.0,substitution,56,,,,,,regular,sofascore
8738647,74045.0,Nicolas de Préville,1645.0,goal,50,,,,,,regular,sofascore
8738647,,,,period,45,,,,,,,sofascore
8738647,791314.0,Hwang Ui-Jo,1645.0,goal,45,,,,,,regular,sofascore
8738647,,,,injuryTime,45,,,,,,,sofascore
8738647,791314.0,Hwang Ui-Jo,1645.0,goal,33,,,,,,regular,sofascore
8738647,603736.0,Aboubakar Kamara,1686.0,card,31,,,,,,yellow,sofascore
8738647,74045.0,Nicolas de Préville,1645.0,substitution,16,,,,,,injury,sofascore
8738648,,,,period,90,,,,,,,sofascore
8738648,229722.0,Farid Boulaya,1651.0,goal,90,,,,,,regular,sofascore
8738648,788921.0,Florian Sotoca,1648.0,card,90,,,,,,yellow,sofascore
8738648,,,,injuryTime,90,,,,,,,sofascore
8738648,593546.0,Tony Mauricio,1648.0,substitution,84,,,,,,regular,sofascore
8738648,825945.0,Simon Banza,1648.0,substitution,84,,,,,,regular,sofascore
8738648,356024.0,Thierry Ambrose,1651.0,substitution,83,,,,,,injury,sofascore
8738648,191178.0,Corentin Jean,1648.0,substitution,74,,,,,,regular,sofascore
8738648,954061.0,Arnaud Kalimuendo,1648.0,substitution,74,,,,,,regular,sofascore
8738648,913191.0,Vagner Dias,1651.0,substitution,74,,,,,,regular,sofascore
8738648,191188.0,Seko Fofana,1648.0,substitution,56,,,,,,regular,sofascore
8738648,229722.0,Farid Boulaya,1651.0,card,49,,,,,,yellow,sofascore
8738648,,,,period,45,,,,,,,sofascore
8738648,,,,injuryTime,45,,,,,,,sofascore
8738648,250453.0,Opa Nguette,1651.0,goal,30,,,,,,regular,sofascore
8738649,,,,period,90,,,,,,,sofascore
8738649,760618.0,Denis Bouanga,1678.0,goal,90,,,,,,penalty,sofascore
8738649,1023091.0,David Pereira Da Costa,1648.0,goal,90,,,,,,regular,sofascore
8738649,,,,injuryTime,90,,,,,,,sofascore
8738649,836678.0,Clément Michelin,1648.0,substitution,85,,,,,,regular,sofascore
8738649,788921.0,Florian Sotoca,1648.0,card,84,,,,,,yellow,sofascore
8738649,38716.0,Ryad Boudebouz,1678.0,substitution,83,,,,,,regular,sofascore
8738649,825945.0,Simon Banza,1648.0,card,77,,,,,,yellow,sofascore
8738649,1023091.0,David Pereira Da Costa,1648.0,substitution,75,,,,,,regular,sofascore
8738649,825945.0,Simon Banza,1648.0,substitution,75,,,,,,regular,sofascore
8738649,869931.0,Yvan Neyou,1678.0,substitution,71,,,,,,regular,sofascore
8738649,247665.0,Miguel Trauco,1678.0,substitution,71,,,,,,regular,sofascore
8738649,1012657.0,Lucas Gourna-Douath,1678.0,card,66,,,,,,yellow,sofascore
8738649,760618.0,Denis Bouanga,1678.0,substitution,61,,,,,,regular,sofascore
8738649,21931.0,Anthony Modeste,1678.0,substitution,61,,,,,,regular,sofascore
8738649,,,,period,45,,,,,,,sofascore
8738649,,,,injuryTime,45,,,,,,,sofascore
8738649,795128.0,Harold Moukoudi,1678.0,goal,40,,,,,,regular,sofascore
8738649,3579.0,Mathieu Debuchy,1678.0,card,26,,,,,,yellow,sofascore
8738649,954061.0,Arnaud Kalimuendo,1648.0,goal,24,,,,,,regular,sofascore
8738649,788921.0,Florian Sotoca,1648.0,goal,20,,,,,,penalty,sofascore
8738649,795128.0,Harold Moukoudi,1678.0,card,19,,,,,,yellow,sofascore
8738649,,,1648.0,card,-5,,,,,,yellow,sofascore
8738650,,,,period,90,,,,,,,sofascore
8738650,,,,injuryTime,90,,,,,,,sofascore
8738650,330051.0,Moses Simon,1647.0,substitution,89,,,,,,regular,sofascore
8738650,901470.0,Gerzino Nyamsi,1658.0,substitution,87,,,,,,injury,sofascore
8738650,938270.0,Abdoul Kader Bamba,1647.0,substitution,79,,,,,,regular,sofascore
8738650,40677.0,Fábio,1647.0,substitution,79,,,,,,regular,sofascore
8738650,846445.0,Martin Terrier,1658.0,card,78,,,,,,yellow,sofascore
8738650,973887.0,Eduardo Camavinga,1658.0,substitution,74,,,,,,regular,sofascore
8738650,816115.0,Charles Traoré,1647.0,card,68,,,,,,yellow,sofascore
8738650,139228.0,M'Baye Niang,1658.0,substitution,62,,,,,,regular,sofascore
8738650,324399.0,Benjamin Bourigeaud,1658.0,card,55,,,,,,yellow,sofascore
8738650,,,,period,45,,,,,,,sofascore
8738650,39009.0,Clément Grenier,1658.0,card,25,,,,,,yellow,sofascore
8738650,159701.0,Kalifa Coulibaly,1647.0,card,13,,,,,,yellow,sofascore
8738651,,,,period,90,,,,,,,sofascore
8738651,,,,injuryTime,90,,,,,,,sofascore
8738651,965943.0,Imrân Louza,1647.0,substitution,84,,,,,,regular,sofascore
8738651,331753.0,Renaud Emond,1647.0,substitution,84,,,,,,regular,sofascore
8738651,938270.0,Abdoul Kader Bamba,1647.0,substitution,83,,,,,,regular,sofascore
8738651,138573.0,Pablo Sarabia,1644.0,substitution,74,,,,,,regular,sofascore
8738651,281277.0,Thilo Kehrer,1644.0,substitution,74,,,,,,regular,sofascore
8738651,330051.0,Moses Simon,1647.0,goal,71,,,,,,regular,sofascore
8738651,126691.0,Marco Verratti,1644.0,card,67,,,,,,yellow,sofascore
8738651,255389.0,Leandro Paredes,1644.0,substitution,62,,,,,,regular,sofascore
8738651,871706.0,Randal Kolo Muani,1647.0,goal,59,,,,,,regular,sofascore
8738651,233114.0,Mauro Icardi,1644.0,substitution,56,,,,,,regular,sofascore
8738651,816115.0,Charles Traoré,1647.0,card,50,,,,,,yellow,sofascore
8738651,96367.0,Rafinha Alcântara,1644.0,card,48,,,,,,yellow,sofascore
8738651,,,,period,45,,,,,,,sofascore
8738651,330051.0,Moses Simon,1647.0,card,45,,,,,,yellow,sofascore
8738651,,,,injuryTime,45,,,,,,,sofascore
8738651,142680.0,Julian Draxler,1644.0,goal,42,,,,,,regular,sofascore
8738652,,,,period,90,,,,,,,sofascore
8738652,940365.0,Mahamé Siby,1659.0,substitution,90,,,,,,regular,sofascore
8738652,372430.0,Frédéric Guilbert,1659.0,goal,90,,,,,,regular,sofascore
8738652,,,,injuryTime,90,,,,,,,sofascore
8738652,788170.0,Fodé Ballo-Touré,1653.0,substitution,85,,,,,,regular,sofascore
8738652,845273.0,Jean-Ricner Bellegarde,1659.0,substitution,78,,,,,,injury,sofascore
8738652,873534.0,Krépin Diatta,1653.0,substitution,73,,,,,,regular,sofascore
8738652,944164.0,Sofiane Diop,1653.0,substitution,61,,,,,,regular,sofascore
8738652,37126.0,Stevan Jovetić,1653.0,substitution,60,,,,,,regular,sofascore
8738652,518.0,Cesc Fàbregas,1653.0,substitution,60,,,,,,regular,sofascore
8738652,231946.0,Adrien Thomasson,1659.0,card,53,,,,,,yellow,sofascore
8738652,,,,period,45,,,,,,,sofascore
8738652,343971.0,Ludovic Ajorque,1659.0,card,27,,,,,,yellow,sofascore
8738652,365358.0,Dimitri Liénard,1659.0,card,19,,,,,,yellow,sofascore
8738653,,,,period,90,,,,,,,sofascore
8738653,,,,injuryTime,90,,,,,,,sofascore
8738653,44213.0,Gaëtan Charbonnier,1715.0,substitution,89,,,,,,regular,sofascore
8738653,358306.0,Il-Lok Yun,1642.0,substitution,83,,,,,,regular,sofascore
8738653,605338.0,Stephy Mavididi,1642.0,substitution,83,,,,,,regular,sofascore
8738653,363774.0,Mihailo Ristić,1642.0,substitution,82,,,,,,regular,sofascore
8738653,84744.0,Andy Delort,1642.0,goal,82,,,,,,regular,sofascore
8738653,328035.0,Brendan Chardonnet,1715.0,goal,79,,,,,,regular,sofascore
8738653,280453.0,Franck Honorat,1715.0,substitution,71,,,,,,regular,sofascore
8738653,845930.0,Jean-Kévin Duverne,1715.0,substitution,71,,,,,,regular,sofascore
8738653,976396.0,Joris Chotard,1642.0,card,65,,,,,,yellow,sofascore
8738653,603738.0,Junior Sambia,1642.0,substitution,65,,,,,,regular,sofascore
8738653,123229.0,Jordan Ferri,1642.0,substitution,65,,,,,,regular,sofascore
8738653,307096.0,Romain Philippoteaux,1715.0,goal,58,,,,,,regular,sofascore
8738653,225092.0,Christophe Herelle,1715.0,card,50,,,,,,yellow,sofascore
8738653,,,,period,45,,,,,,,sofascore
8738653,328035.0,Brendan Chardonnet,1715.0,card,45,,,,,,yellow,sofascore
8738653,149730.0,Gaëtan Laborde,1642.0,goal,45,,,,,,regular,sofascore
8738653,,,,injuryTime,45,,,,,,,sofascore
8738654,,,,period,90,,,,,,,sofascore
8738654,,,,injuryTime,90,,,,,,,sofascore
8738654,941300.0,Colin Dagba,1644.0,substitution,87,,,,,,injury,sofascore
8738654,82474.0,Ander Herrera,1644.0,substitution,87,,,,,,injury,sofascore
8738654,856638.0,Mitchel Bakker,1644.0,substitution,81,,,,,,injury,sofascore
8738654,858705.0,Xeka,1643.0,substitution,79,,,,,,regular,sofascore
8738654,142680.0,Julian Draxler,1644.0,substitution,77,,,,,,regular,sofascore
8738654,826643.0,Kylian Mbappé,1644.0,substitution,77,,,,,,regular,sofascore
8738654,855810.0,Tim Weah,1643.0,substitution,61,,,,,,regular,sofascore
8738654,935564.0,Jonathan David,1643.0,substitution,61,,,,,,regular,sofascore
8738654,,,,period,45,,,,,,,sofascore
8738654,,,,injuryTime,45,,,,,,,sofascore
8738654,352916.0,Presnel Kimpembe,1644.0,card,19,,,,,,yellow,sofascore
8738654,281277.0,Thilo Kehrer,1644.0,card,6,,,,,,yellow,sofascore
8738655,,,,period,90,,,,,,,sofascore
8738655,,,,injuryTime,90,,,,,,,sofascore
8738655,157143.0,Moussa Konaté,1686.0,substitution,84,,,,,,regular,sofascore
8738655,51299.0,Frédéric Sammaritano,1686.0,card,79,,,,,,yellow,sofascore
8738655,982615.0,El Bilal Touré,1682.0,substitution,77,,,,,,regular,sofascore
8738655,309510.0,Jordan Marié,1686.0,substitution,77,,,,,,regular,sofascore
8738655,157029.0,Xavier Chavalerin,1682.0,card,74,,,,,,yellow,sofascore
8738655,579596.0,Moussa Doumbia,1682.0,substitution,66,,,,,,regular,sofascore
8738655,816810.0,Mathieu Cafaro,1682.0,substitution,66,,,,,,regular,sofascore
8738655,51299.0,Frédéric Sammaritano,1686.0,substitution,65,,,,,,regular,sofascore
8738655,845274.0,Mounir Chouiar,1686.0,substitution,64,,,,,,regular,sofascore
8738655,245615.0,Thomas Foket,1682.0,card,59,,,,,,yellow,sofascore
8738655,,,,period,45,,,,,,,sofascore
8738655,281013.0,Bersant Celina,1686.0,card,42,,,,,,yellow,sofascore
8738655,826551.0,Pape Cheikh,1686.0,card,25,,,,,,yellow,sofascore
8738656,,,,period,90,,,,,,,sofascore
8738656,839226.0,Pietro Pellegri,1653.0,substitution,90,,,,,,regular,sofascore
8738656,965893.0,Strahinja Pavlović,1653.0,substitution,90,,,,,,regular,sofascore
8738656,,,,injuryTime,90,,,,,,,sofascore
8738656,123388.0,Djibril Sidibé,1653.0,substitution,82,,,,,,regular,sofascore
8738656,51299.0,Frédéric Sammaritano,1686.0,substitution,79,,,,,,regular,sofascore
8738656,826551.0,Pape Cheikh,1686.0,substitution,70,,,,,,regular,sofascore
8738656,37126.0,Stevan Jovetić,1653.0,substitution,65,,,,,,regular,sofascore
8738656,877979.0,Willem Geubbels,1653.0,substitution,65,,,,,,regular,sofascore
8738656,557166.0,Mama Baldé,1686.0,substitution,60,,,,,,regular,sofascore
8738656,,,,period,45,,,,,,,sofascore
8738656,,,,injuryTime,45,,,,,,,sofascore
8738656,786029.0,Didier Ndong,1686.0,card,37,,,,,,yellow,sofascore
8738656,859025.0,Aurélien Tchouaméni,1653.0,card,26,,,,,,yellow,sofascore
8738656,117373.0,Kevin Volland,1653.0,goal,15,,,,,,regular,sofascore
8738656,845274.0,Mounir Chouiar,1686.0,card,5,,,,,,yellow,sofascore
8738657,,,,period,90,,,,,,,sofascore
8738657,109851.0,Majeed Waris,1659.0,goal,90,,,,,,penalty,sofascore
8738657,,,,injuryTime,90,,,,,,,sofascore
8738657,822878.0,Lamine Fomba,1663.0,card,89,,,,,,yellow,sofascore
8738657,343955.0,Gaëtan Paquiez,1663.0,substitution,85,,,,,,regular,sofascore
8738657,891793.0,Kévin Zohi,1659.0,substitution,82,,,,,,regular,sofascore
8738657,940365.0,Mahamé Siby,1659.0,substitution,82,,,,,,regular,sofascore
8738657,94822.0,Sanjin Prcić,1659.0,substitution,81,,,,,,regular,sofascore
8738657,109851.0,Majeed Waris,1659.0,substitution,73,,,,,,regular,sofascore
8738657,944142.0,Yassine Benrahou,1663.0,substitution,70,,,,,,regular,sofascore
8738657,365358.0,Dimitri Liénard,1659.0,substitution,65,,,,,,regular,sofascore
8738657,822878.0,Lamine Fomba,1663.0,substitution,65,,,,,,regular,sofascore
8738657,343971.0,Ludovic Ajorque,1659.0,inGamePenalty,58,,,,,,missed,sofascore
8738657,51349.0,Lucas Deaux,1663.0,card,57,,,,,,yellow,sofascore
8738657,231946.0,Adrien Thomasson,1659.0,varDecision,56,,,,,,penaltyNotAwarded,sofascore
8738657,343971.0,Ludovic Ajorque,1659.0,goal,51,,,,,,regular,sofascore
8738657,51421.0,Nolan Roux,1663.0,substitution,46,,,,,,regular,sofascore
8738657,316196.0,Niclas Eliasson,1663.0,substitution,46,,,,,,regular,sofascore
8738657,,,,period,45,,,,,,,sofascore
8738657,141080.0,Kenny Lala,1659.0,goal,45,,,,,,penalty,sofascore
8738657,845273.0,Jean-Ricner Bellegarde,1659.0,varDecision,45,,,,,,penaltyNotAwarded,sofascore
8738657,802159.0,Habibou Diallo,1659.0,goal,38,,,,,,regular,sofascore
8738657,343971.0,Ludovic Ajorque,1659.0,goal,36,,,,,,regular,sofascore
8738657,156004.0,Jean-Eudes Aholou,1659.0,card,8,,,,,,yellow,sofascore
8738658,,,,period,90,,,,,,,sofascore
8738658,,,,injuryTime,90,,,,,,,sofascore
8738658,142680.0,Julian Draxler,1644.0,substitution,86,,,,,,regular,sofascore
8738658,152420.0,Alessandro Florenzi,1644.0,substitution,86,,,,,,regular,sofascore
8738658,138573.0,Pablo Sarabia,1644.0,goal,83,,,,,,regular,sofascore
8738658,233114.0,Mauro Icardi,1644.0,goal,81,,,,,,regular,sofascore
8738658,345035.0,Steve Mounié,1715.0,substitution,80,,,,,,regular,sofascore
8738658,148196.0,Cristian Battocchio,1715.0,substitution,77,,,,,,regular,sofascore
8738658,1047296.0,Jérémy Le Douaron,1715.0,substitution,77,,,,,,regular,sofascore
8738658,72805.0,Paul Lasne,1715.0,card,76,,,,,,yellow,sofascore
8738658,44213.0,Gaëtan Charbonnier,1715.0,substitution,69,,,,,,regular,sofascore
8738658,233114.0,Mauro Icardi,1644.0,substitution,65,,,,,,regular,sofascore
8738658,135775.0,Layvin Kurzawa,1644.0,substitution,65,,,,,,regular,sofascore
8738658,126691.0,Marco Verratti,1644.0,card,62,,,,,,yellow,sofascore
8738658,138573.0,Pablo Sarabia,1644.0,substitution,55,,,,,,injury,sofascore
8738658,,,,period,45,,,,,,,sofascore
8738658,,,,injuryTime,45,,,,,,,sofascore
8738658,835601.0,Moise Kean,1644.0,goal,16,,,,,,regular,sofascore
8738659,,,,period,90,,,,,,,sofascore
8738659,,,,injuryTime,90,,,,,,,sofascore
8738659,906047.0,Cheick Doucouré,1648.0,goal,89,,,,,,regular,sofascore
8738659,849651.0,Djamel Benlamri,1649.0,substitution,88,,,,,,regular,sofascore
8738659,927975.0,Jean Lucas,1649.0,substitution,87,,,,,,regular,sofascore
8738659,906075.0,Melvin Bard,1649.0,substitution,87,,,,,,regular,sofascore
8738659,1006489.0,Loïc Badé,1648.0,card,85,,,,,,yellow,sofascore
8738659,1023091.0,David Pereira Da Costa,1648.0,substitution,83,,,,,,regular,sofascore
8738659,836678.0,Clément Michelin,1648.0,substitution,83,,,,,,regular,sofascore
8738659,954061.0,Arnaud Kalimuendo,1648.0,substitution,78,,,,,,regular,sofascore
8738659,825945.0,Simon Banza,1648.0,substitution,77,,,,,,regular,sofascore
8738659,291695.0,Issiaga Sylla,1648.0,substitution,71,,,,,,regular,sofascore
8738659,859027.0,Maxence Caqueret,1649.0,substitution,71,,,,,,regular,sofascore
8738659,979128.0,Rayan Cherki,1649.0,substitution,66,,,,,,injury,sofascore
8738659,788921.0,Florian Sotoca,1648.0,goal,56,,,,,,regular,sofascore
8738659,138833.0,Memphis Depay,1649.0,goal,52,,,,,,penalty,sofascore
8738659,39224.0,Jean-Louis Leca,1648.0,card,51,,,,,,yellow,sofascore
8738659,339227.0,Steven Fortes,1649.0,goal,46,,,,,,ownGoal,sofascore
8738659,,,,period,45,,,,,,,sofascore
8738659,846081.0,Houssem Aouar,1649.0,card,40,,,,,,yellow,sofascore
8738659,138833.0,Memphis Depay,1649.0,goal,39,,,,,,regular,sofascore
8738660,,,,period,90,,,,,,,sofascore
8738660,,,,injuryTime,90,,,,,,,sofascore
8738660,877979.0,Willem Geubbels,1653.0,substitution,84,,,,,,regular,sofascore
8738660,788170.0,Fodé Ballo-Touré,1653.0,substitution,84,,,,,,regular,sofascore
8738660,916041.0,Mahdi Camara,1678.0,card,81,,,,,,yellow,sofascore
8738660,117373.0,Kevin Volland,1653.0,card,71,,,,,,yellow,sofascore
8738660,848458.0,Arnaud Nordin,1678.0,substitution,70,,,,,,regular,sofascore
8738660,940328.0,Jean-Philippe Krasso,1678.0,substitution,69,,,,,,regular,sofascore
8738660,839226.0,Pietro Pellegri,1653.0,substitution,69,,,,,,regular,sofascore
8738660,123388.0,Djibril Sidibé,1653.0,substitution,60,,,,,,regular,sofascore
8738660,74139.0,Romain Hamouma,1678.0,substitution,59,,,,,,regular,sofascore
8738660,117373.0,Kevin Volland,1653.0,goal,48,,,,,,regular,sofascore
8738660,38716.0,Ryad Boudebouz,1678.0,substitution,46,,,,,,regular,sofascore
8738660,855845.0,Florentino Luís,1653.0,substitution,46,,,,,,regular,sofascore
8738660,,,,period,45,,,,,,,sofascore
8738660,,,,injuryTime,45,,,,,,,sofascore
8738660,1012657.0,Lucas Gourna-Douath,1678.0,card,44,,,,,,yellow,sofascore
8738660,579576.0,Ruben Aguilar,1653.0,card,40,,,,,,yellow,sofascore
8738660,1046150.0,Eliot Matazo,1653.0,card,35,,,,,,red,sofascore
8738660,1046150.0,Eliot Matazo,1653.0,varDecision,34,,,,,,cardUpgrade,sofascore
8738660,760618.0,Denis Bouanga,1678.0,goal,29,,,,,,penalty,sofascore
8738660,339909.0,Guillermo Maripán,1653.0,card,28,,,,,,yellow,sofascore
8738660,3579.0,Mathieu Debuchy,1678.0,goal,21,,,,,,regular,sofascore
8738660,944164.0,Sofiane Diop,1653.0,goal,7,,,,,,regular,sofascore
8738661,,,,period,90,,,,,,,sofascore
8738661,,,,injuryTime,90,,,,,,,sofascore
8738661,385386.0,Dalbert,1658.0,substitution,81,,,,,,regular,sofascore
8738661,283083.0,Adrien Hunou,1658.0,substitution,72,,,,,,regular,sofascore
8738661,913191.0,Vagner Dias,1651.0,substitution,66,,,,,,regular,sofascore
8738661,940360.0,Warren Tchimbembé,1651.0,substitution,65,,,,,,regular,sofascore
8738661,356024.0,Thierry Ambrose,1651.0,substitution,65,,,,,,regular,sofascore
8738661,973887.0,Eduardo Camavinga,1658.0,substitution,65,,,,,,regular,sofascore
8738661,39009.0,Clément Grenier,1658.0,goal,52,,,,,,regular,sofascore
8738661,,,,period,45,,,,,,,sofascore
8738661,,,,injuryTime,45,,,,,,,sofascore
8738661,324399.0,Benjamin Bourigeaud,1658.0,card,42,,,,,,yellow,sofascore
8738661,991359.0,Papa Ndiaga Yade,1651.0,card,26,,,,,,yellow,sofascore
8738662,,,,period,90,,,,,,,sofascore
8738662,121180.0,Abdoulaye Bamba,1684.0,card,90,,,,,,yellow,sofascore
8738662,,,,injuryTime,90,,,,,,,sofascore
8738662,980403.0,Isaac Lihadji,1643.0,substitution,86,,,,,,regular,sofascore
8738662,18864.0,Burak Yılmaz,1643.0,card,83,,,,,,yellow,sofascore
8738662,787542.0,Sada Thioub,1684.0,substitution,80,,,,,,regular,sofascore
8738662,257421.0,Ibrahim Amadou,1684.0,substitution,80,,,,,,regular,sofascore
8738662,897594.0,Domagoj Bradarić,1643.0,substitution,79,,,,,,regular,sofascore
8738662,887581.0,Boubakary Soumaré,1643.0,substitution,79,,,,,,regular,sofascore
8738662,308130.0,Jimmy Cabot,1684.0,substitution,75,,,,,,regular,sofascore
8738662,153220.0,Stéphane Bahoken,1684.0,substitution,72,,,,,,regular,sofascore
8738662,51665.0,Benjamin André,1643.0,card,68,,,,,,yellow,sofascore
8738662,27622.0,José Fonte,1643.0,card,66,,,,,,yellow,sofascore
8738662,855810.0,Tim Weah,1643.0,substitution,61,,,,,,regular,sofascore
8738662,,,,period,45,,,,,,,sofascore
8738662,,,,injuryTime,45,,,,,,,sofascore
8738662,18864.0,Burak Yılmaz,1643.0,goal,42,,,,,,regular,sofascore
8738662,73979.0,Romain Thomas,1684.0,goal,10,,,,,,regular,sofascore
8738662,73979.0,Romain Thomas,1684.0,goal,5,,,,,,regular,sofascore
8738663,,,,period,90,,,,,,,sofascore
8738663,,,,injuryTime,90,,,,,,,sofascore
8738663,942839.0,Alpha Sissoko,1678.0,substitution,88,,,,,,regular,sofascore
8738663,138573.0,Pablo Sarabia,1644.0,substitution,84,,,,,,regular,sofascore
8738663,142680.0,Julian Draxler,1644.0,card,83,,,,,,yellow,sofascore
8738663,990227.0,Aimen Moueffek,1678.0,substitution,83,,,,,,regular,sofascore
8738663,941161.0,Charles Abi,1678.0,substitution,83,,,,,,regular,sofascore
8738663,962877.0,Adil Aouchiche,1678.0,substitution,83,,,,,,regular,sofascore
8738663,828971.0,Panagiotis Retsos,1678.0,card,77,,,,,,yellow,sofascore
8738663,38716.0,Ryad Boudebouz,1678.0,substitution,63,,,,,,regular,sofascore
8738663,1824137.0,Timothee Pembele,1644.0,substitution,63,,,,,,regular,sofascore
8738663,142680.0,Julian Draxler,1644.0,substitution,63,,,,,,regular,sofascore
8738663,,,,period,45,,,,,,,sofascore
8738663,,,,injuryTime,45,,,,,,,sofascore
8738663,835601.0,Moise Kean,1644.0,goal,22,,,,,,regular,sofascore
8738663,74139.0,Romain Hamouma,1678.0,goal,19,,,,,,regular,sofascore
8738664,,,,period,90,,,,,,,sofascore
8738664,339909.0,Guillermo Maripán,1653.0,goal,89,,,,,,regular,sofascore
8738664,16460.0,Sylvain Marveaux,1656.0,substitution,83,,,,,,regular,sofascore
8738664,156303.0,Jérôme Hergault,1656.0,substitution,83,,,,,,regular,sofascore
8738664,984014.0,Enzo Le Fée,1656.0,substitution,83,,,,,,regular,sofascore
8738664,845170.0,Caio Henrique,1653.0,substitution,83,,,,,,regular,sofascore
8738664,944164.0,Sofiane Diop,1653.0,goal,78,,,,,,regular,sofascore
8738664,282095.0,Adrian Grbić,1656.0,substitution,73,,,,,,regular,sofascore
8738664,37126.0,Stevan Jovetić,1653.0,substitution,73,,,,,,regular,sofascore
8738664,117373.0,Kevin Volland,1653.0,goal,68,,,,,,regular,sofascore
8738664,827934.0,Andreaw Gravillon,1656.0,goal,67,,,,,,regular,sofascore
8738664,944164.0,Sofiane Diop,1653.0,card,66,,,,,,yellow,sofascore
8738664,318963.0,Aleksandr Golovin,1653.0,goal,64,,,,,,regular,sofascore
8738664,318963.0,Aleksandr Golovin,1653.0,substitution,64,,,,,,regular,sofascore
8738664,826134.0,Trevoh Chalobah,1656.0,substitution,61,,,,,,regular,sofascore
8738664,122807.0,Jonathan Delaplace,1656.0,card,48,,,,,,red,sofascore
8738664,944164.0,Sofiane Diop,1653.0,substitution,46,,,,,,regular,sofascore
8738664,339909.0,Guillermo Maripán,1653.0,substitution,46,,,,,,regular,sofascore
8738664,,,,period,45,,,,,,,sofascore
8738664,,,,injuryTime,45,,,,,,,sofascore
8738664,932643.0,Armand Laurienté,1656.0,card,34,,,,,,yellow,sofascore
8738664,894396.0,Terem Moffi,1656.0,goal,31,,,,,,regular,sofascore
8738664,827243.0,Axel Disasi,1653.0,goal,9,,,,,,regular,sofascore
8738664,364618.0,Gelson Martins,1653.0,card,6,,,,,,yellow,sofascore
8738664,123388.0,Djibril Sidibé,1653.0,card,3,,,,,,yellow,sofascore
8738665,,,,period,90,,,,,,,sofascore
8738665,,,,injuryTime,90,,,,,,,sofascore
8738665,3420.0,Vitorino Hilton,1642.0,substitution,85,,,,,,regular,sofascore
8738665,140992.0,Valère Germain,1641.0,goal,84,,,,,,regular,sofascore
8738665,14216.0,Dimitri Payet,1641.0,goal,80,,,,,,regular,sofascore
8738665,346262.0,Saîf-Eddine Khaoui,1641.0,substitution,79,,,,,,regular,sofascore
8738665,140992.0,Valère Germain,1641.0,substitution,79,,,,,,regular,sofascore
8738665,14216.0,Dimitri Payet,1641.0,substitution,73,,,,,,regular,sofascore
8738665,38688.0,Damien Le Tallec,1642.0,substitution,73,,,,,,regular,sofascore
8738665,34221.0,Kevin Strootman,1641.0,substitution,65,,,,,,regular,sofascore
8738665,234230.0,Florent Mollet,1642.0,goal,52,,,,,,regular,sofascore
8738665,845083.0,Keagan Dolly,1642.0,substitution,46,,,,,,regular,sofascore
8738665,,,,period,45,,,,,,,sofascore
8738665,802665.0,Nemanja Radonjić,1641.0,goal,41,,,,,,regular,sofascore
8738666,,,,period,90,,,,,,,sofascore
8738666,892104.0,Hicham Mahou,1661.0,card,90,,,,,,yellow,sofascore
8738666,,,,injuryTime,90,,,,,,,sofascore
8738666,861324.0,Hugo Magnetti,1715.0,substitution,89,,,,,,regular,sofascore
8738666,307096.0,Romain Philippoteaux,1715.0,substitution,87,,,,,,regular,sofascore
8738666,845930.0,Jean-Kévin Duverne,1715.0,substitution,80,,,,,,regular,sofascore
8738666,148196.0,Cristian Battocchio,1715.0,substitution,80,,,,,,regular,sofascore
8738666,44213.0,Gaëtan Charbonnier,1715.0,substitution,80,,,,,,regular,sofascore
8738666,892104.0,Hicham Mahou,1661.0,substitution,78,,,,,,regular,sofascore
8738666,904832.0,Khéphren Thuram,1661.0,substitution,78,,,,,,regular,sofascore
8738666,72805.0,Paul Lasne,1715.0,card,71,,,,,,yellow,sofascore
8738666,944327.0,Dan Ndoye,1661.0,substitution,69,,,,,,regular,sofascore
8738666,859026.0,Amine Gouiri,1661.0,card,63,,,,,,yellow,sofascore
8738666,822877.0,Alexis Claude-Maurice,1661.0,substitution,57,,,,,,regular,sofascore
8738666,351434.0,Hassane Kamara,1661.0,substitution,57,,,,,,regular,sofascore
8738666,280453.0,Franck Honorat,1715.0,card,52,,,,,,yellow,sofascore
8738666,,,,period,45,,,,,,,sofascore
8738666,,,,injuryTime,45,,,,,,,sofascore
8738666,280453.0,Franck Honorat,1715.0,goal,28,,,,,,regular,sofascore
8738666,345035.0,Steve Mounié,1715.0,goal,23,,,,,,regular,sofascore
8738666,941168.0,William Saliba,1661.0,card,12,,,,,,yellow,sofascore
8738667,,,,period,90,,,,,,,sofascore
8738667,,,,injuryTime,90,,,,,,,sofascore
8738667,74045.0,Nicolas de Préville,1645.0,substitution,71,,,,,,regular,sofascore
8738667,833030.0,Samuel Kalu,1645.0,substitution,71,,,,,,regular,sofascore
8738667,3209.0,Jimmy Briand,1645.0,substitution,70,,,,,,regular,sofascore
8738667,940360.0,Warren Tchimbembé,1651.0,substitution,61,,,,,,regular,sofascore
8738667,913191.0,Vagner Dias,1651.0,substitution,61,,,,,,regular,sofascore
8738667,356024.0,Thierry Ambrose,1651.0,substitution,61,,,,,,regular,sofascore
8738667,925837.0,Mehdi Zerkane,1645.0,substitution,56,,,,,,regular,sofascore
8738667,51340.0,Laurent Koscielny,1645.0,substitution,56,,,,,,regular,sofascore
8738667,,,,period,45,,,,,,,sofascore
8738667,,,,injuryTime,45,,,,,,,sofascore
8738667,352966.0,Aaron Leya Iseka,1651.0,card,39,,,,,,yellow,sofascore
8738667,243735.0,Pablo,1645.0,card,26,,,,,,yellow,sofascore
8738667,859024.0,Yacine Adli,1645.0,card,20,,,,,,yellow,sofascore
8738668,,,,period,90,,,,,,,sofascore
8738668,,,,injuryTime,90,,,,,,,sofascore
8738668,123229.0,Jordan Ferri,1642.0,card,87,,,,,,yellow,sofascore
8738668,18864.0,Burak Yılmaz,1643.0,goal,86,,,,,,regular,sofascore
8738668,605338.0,Stephy Mavididi,1642.0,substitution,80,,,,,,regular,sofascore
8738668,159739.0,Ambroise Oyongo,1642.0,substitution,78,,,,,,regular,sofascore
8738668,858705.0,Xeka,1643.0,card,77,,,,,,yellow,sofascore
8738668,827804.0,Yusuf Yazıcı,1643.0,substitution,76,,,,,,regular,sofascore
8738668,18864.0,Burak Yılmaz,1643.0,substitution,75,,,,,,regular,sofascore
8738668,845083.0,Keagan Dolly,1642.0,substitution,73,,,,,,regular,sofascore
8738668,84744.0,Andy Delort,1642.0,goal,70,,,,,,regular,sofascore
8738668,802142.0,Jonathan Ikoné,1643.0,goal,68,,,,,,penalty,sofascore
8738668,363774.0,Mihailo Ristić,1642.0,card,66,,,,,,yellow,sofascore
8738668,897594.0,Domagoj Bradarić,1643.0,substitution,58,,,,,,regular,sofascore
8738668,149730.0,Gaëtan Laborde,1642.0,goal,57,,,,,,regular,sofascore
8738668,234230.0,Florent Mollet,1642.0,varDecision,54,,,,,,penaltyAwarded,sofascore
8738668,603738.0,Junior Sambia,1642.0,card,50,,,,,,yellow,sofascore
8738668,887581.0,Boubakary Soumaré,1643.0,substitution,46,,,,,,regular,sofascore
8738668,,,,period,45,,,,,,,sofascore
8738668,,,,injuryTime,45,,,,,,,sofascore
8738668,892735.0,Tiago Djaló,1643.0,substitution,27,,,,,,injury,sofascore
8738668,855810.0,Tim Weah,1643.0,goal,23,,,,,,regular,sofascore
8738668,51665.0,Benjamin André,1643.0,card,17,,,,,,yellow,sofascore
8738668,,,1642.0,card,-5,,,,,,yellowRed,sofascore
8738668,,,1643.0,card,-5,,,,,,yellow,sofascore
8738668,,,1642.0,card,-5,,,,,,yellow,sofascore
8738669,,,,period,90,,,,,,,sofascore
8738669,,,,injuryTime,90,,,,,,,sofascore
8738669,940365.0,Mahamé Siby,1659.0,substitution,88,,,,,,regular,sofascore
8738669,122922.0,Lionel Carole,1659.0,substitution,88,,,,,,regular,sofascore
8738669,94822.0,Sanjin Prcić,1659.0,substitution,84,,,,,,regular,sofascore
8738669,902547.0,Ismaël Aaneba,1659.0,substitution,84,,,,,,regular,sofascore
8738669,891793.0,Kévin Zohi,1659.0,goal,83,,,,,,regular,sofascore
8738669,799216.0,Pedro Chirivella,1647.0,substitution,82,,,,,,regular,sofascore
8738669,965353.0,Bridge Ndilu,1647.0,substitution,82,,,,,,regular,sofascore
8738669,343971.0,Ludovic Ajorque,1659.0,goal,78,,,,,,penalty,sofascore
8738669,47549.0,Sébastien Corchia,1647.0,card,77,,,,,,yellow,sofascore
8738669,891793.0,Kévin Zohi,1659.0,substitution,75,,,,,,regular,sofascore
8738669,785418.0,Marcus Coco,1647.0,substitution,74,,,,,,regular,sofascore
8738669,965943.0,Imrân Louza,1647.0,card,67,,,,,,yellow,sofascore
8738669,73056.0,Mehdi Abeid,1647.0,card,64,,,,,,yellow,sofascore
8738669,141080.0,Kenny Lala,1659.0,card,61,,,,,,yellow,sofascore
8738669,965943.0,Imrân Louza,1647.0,substitution,61,,,,,,regular,sofascore
8738669,,,,period,45,,,,,,,sofascore
8738669,,,,injuryTime,45,,,,,,,sofascore
8738669,802159.0,Habibou Diallo,1659.0,goal,34,,,,,,regular,sofascore
8738669,365358.0,Dimitri Liénard,1659.0,card,32,,,,,,yellow,sofascore
8738669,365358.0,Dimitri Liénard,1659.0,goal,16,,,,,,penalty,sofascore
8738669,,,1647.0,card,-5,,,,,,yellow,sofascore
8738670,,,,period,90,,,,,,,sofascore
8738670,794269.0,Jeff Reine-Adélaïde,1661.0,card,90,,,,,,yellow,sofascore
8738670,984014.0,Enzo Le Fée,1656.0,card,90,,,,,,yellow,sofascore
8738670,869839.0,Umut Bozok,1656.0,substitution,90,,,,,,regular,sofascore
8738670,796279.0,Jordan Lotomba,1661.0,card,90,,,,,,yellow,sofascore
8738670,984014.0,Enzo Le Fée,1656.0,substitution,83,,,,,,regular,sofascore
8738670,282095.0,Adrian Grbić,1656.0,goal,82,,,,,,penalty,sofascore
8738670,923186.0,Robson Bambu,1661.0,card,81,,,,,,red,sofascore
8738670,822877.0,Alexis Claude-Maurice,1661.0,substitution,80,,,,,,regular,sofascore
8738670,904991.0,Stanley Nsoki,1661.0,substitution,74,,,,,,regular,sofascore
8738670,985923.0,Hicham Boudaoui,1661.0,card,73,,,,,,yellow,sofascore
8738670,944327.0,Dan Ndoye,1661.0,substitution,65,,,,,,regular,sofascore
8738670,282095.0,Adrian Grbić,1656.0,substitution,63,,,,,,regular,sofascore
8738670,122807.0,Jonathan Delaplace,1656.0,substitution,63,,,,,,regular,sofascore
8738670,894396.0,Terem Moffi,1656.0,goal,49,,,,,,regular,sofascore
8738670,351434.0,Hassane Kamara,1661.0,substitution,46,,,,,,regular,sofascore
8738670,805123.0,Yoane Wissa,1656.0,substitution,46,,,,,,regular,sofascore
8738670,,,,period,45,,,,,,,sofascore
8738670,26890.0,Fabien Lemoine,1656.0,card,45,,,,,,yellow,sofascore
8738670,,,,injuryTime,45,,,,,,,sofascore
8738670,150865.0,Thomas Monconduit,1656.0,card,44,,,,,,yellow,sofascore
8738670,791048.0,Julien Laporte,1656.0,card,38,,,,,,yellow,sofascore
8738670,794269.0,Jeff Reine-Adélaïde,1661.0,goal,34,,,,,,regular,sofascore
8738670,796279.0,Jordan Lotomba,1661.0,goal,18,,,,,,regular,sofascore
8738671,,,,period,90,,,,,,,sofascore
8738671,51421.0,Nolan Roux,1663.0,substitution,90,,,,,,regular,sofascore
8738671,838688.0,Sofiane Alakouch,1663.0,substitution,90,,,,,,regular,sofascore
8738671,,,,injuryTime,90,,,,,,,sofascore
8738671,977679.0,Luís Henrique,1641.0,substitution,87,,,,,,regular,sofascore
8738671,34221.0,Kevin Strootman,1641.0,substitution,87,,,,,,regular,sofascore
8738671,140992.0,Valère Germain,1641.0,goal,84,,,,,,regular,sofascore
8738671,546416.0,Andrés Cubas,1663.0,card,77,,,,,,yellowRed,sofascore
8738671,546416.0,Andrés Cubas,1663.0,card,74,,,,,,yellow,sofascore
8738671,140992.0,Valère Germain,1641.0,substitution,71,,,,,,regular,sofascore
8738671,148824.0,Florian Thauvin,1641.0,substitution,71,,,,,,regular,sofascore
8738671,879694.0,Pape Gueye,1641.0,substitution,69,,,,,,regular,sofascore
8738671,796085.0,Moussa Koné,1663.0,substitution,61,,,,,,regular,sofascore
8738671,822878.0,Lamine Fomba,1663.0,substitution,61,,,,,,regular,sofascore
8738671,122630.0,Darío Benedetto,1641.0,goal,57,,,,,,regular,sofascore
8738671,,,,period,45,,,,,,,sofascore
8738671,,,,injuryTime,45,,,,,,,sofascore
8738671,143871.0,Loïck Landre,1663.0,card,44,,,,,,yellow,sofascore
8738671,150212.0,Álvaro González,1641.0,card,44,,,,,,yellow,sofascore
8738671,257091.0,Duje Ćaleta-Car,1641.0,card,40,,,,,,yellow,sofascore
8738671,826208.0,Michaël Cuisance,1641.0,card,21,,,,,,yellow,sofascore
8738671,342915.0,Jordan Amavi,1641.0,card,1,,,,,,yellow,sofascore
8738672,,,,period,90,,,,,,,sofascore
8738672,157143.0,Moussa Konaté,1686.0,goal,90,,,,,,regular,sofascore
8738672,281013.0,Bersant Celina,1686.0,card,90,,,,,,yellow,sofascore
8738672,,,,injuryTime,90,,,,,,,sofascore
8738672,316196.0,Niclas Eliasson,1663.0,substitution,89,,,,,,regular,sofascore
8738672,557166.0,Mama Baldé,1686.0,goal,77,,,,,,regular,sofascore
8738672,777067.0,Florian Miguel,1663.0,card,76,,,,,,red,sofascore
8738672,157143.0,Moussa Konaté,1686.0,goal,75,,,,,,regular,sofascore
8738672,1095645.0,Adilson Malanda,1663.0,substitution,72,,,,,,injury,sofascore
8738672,897623.0,Alex Dobre,1686.0,substitution,72,,,,,,regular,sofascore
8738672,51421.0,Nolan Roux,1663.0,substitution,65,,,,,,regular,sofascore
8738672,157143.0,Moussa Konaté,1686.0,substitution,61,,,,,,injury,sofascore
8738672,,,,period,45,,,,,,,sofascore
8738672,,,,injuryTime,45,,,,,,,sofascore
8738672,842400.0,Zinedine Ferhat,1663.0,card,43,,,,,,yellow,sofascore
8738672,838688.0,Sofiane Alakouch,1663.0,card,43,,,,,,yellow,sofascore
8738672,881952.0,Matteo Ahlinvi,1663.0,goal,31,,,,,,regular,sofascore
8738672,557166.0,Mama Baldé,1686.0,card,14,,,,,,yellow,sofascore
8738673,,,,period,90,,,,,,,sofascore
8738673,,,,injuryTime,90,,,,,,,sofascore
8738673,877978.0,Andy Pelmard,1661.0,substitution,87,,,,,,regular,sofascore
8738673,330063.0,Danilo Barbosa,1661.0,card,85,,,,,,yellow,sofascore
8738673,855847.0,Kaj Sierhuis,1682.0,substitution,81,,,,,,regular,sofascore
8738673,904832.0,Khéphren Thuram,1661.0,substitution,74,,,,,,regular,sofascore
8738673,553454.0,Racine Coly,1661.0,substitution,74,,,,,,regular,sofascore
8738673,963399.0,Nathanaël Mbuku,1682.0,substitution,66,,,,,,regular,sofascore
8738673,789984.0,Dereck Kutesa,1682.0,substitution,66,,,,,,regular,sofascore
8738673,982615.0,El Bilal Touré,1682.0,substitution,66,,,,,,regular,sofascore
8738673,960080.0,Boulaye Dia,1682.0,card,59,,,,,,yellow,sofascore
8738673,944327.0,Dan Ndoye,1661.0,substitution,55,,,,,,regular,sofascore
8738673,,,,period,45,,,,,,,sofascore
8738673,,,,injuryTime,45,,,,,,,sofascore
8738673,985923.0,Hicham Boudaoui,1661.0,card,16,,,,,,yellow,sofascore
8738674,,,,period,90,,,,,,,sofascore
8738674,189859.0,Marc-Aurele Caillard,1651.0,substitution,90,,,,,,injury,sofascore
8738674,979128.0,Rayan Cherki,1649.0,card,90,,,,,,red,sofascore
8738674,,,,injuryTime,90,,,,,,,sofascore
8738674,73188.0,John Boye,1651.0,card,87,,,,,,red,sofascore
8738674,996951.0,Sinaly Diomandé,1649.0,substitution,82,,,,,,injury,sofascore
8738674,979128.0,Rayan Cherki,1649.0,substitution,79,,,,,,regular,sofascore
8738674,229722.0,Farid Boulaya,1651.0,goal,75,,,,,,regular,sofascore
8738674,552680.0,Léo Dubois,1649.0,substitution,64,,,,,,regular,sofascore
8738674,859027.0,Maxence Caqueret,1649.0,substitution,64,,,,,,regular,sofascore
8738674,318653.0,Moussa Dembélé,1649.0,substitution,63,,,,,,regular,sofascore
8738674,848537.0,Boubakar Kouyaté,1651.0,substitution,63,,,,,,regular,sofascore
8738674,842931.0,Karl Toko Ekambi,1649.0,goal,60,,,,,,regular,sofascore
8738674,842931.0,Karl Toko Ekambi,1649.0,goal,47,,,,,,regular,sofascore
8738674,352966.0,Aaron Leya Iseka,1651.0,substitution,46,,,,,,regular,sofascore
8738674,940360.0,Warren Tchimbembé,1651.0,substitution,46,,,,,,regular,sofascore
8738674,,,,period,45,,,,,,,sofascore
8738674,1002711.0,Pape Matar Sarr,1651.0,card,29,,,,,,yellow,sofascore
8738674,138833.0,Memphis Depay,1649.0,goal,17,,,,,,regular,sofascore
8738674,229722.0,Farid Boulaya,1651.0,inGamePenalty,7,,,,,,missed,sofascore
8738674,,,1651.0,card,-5,,,,,,yellow,sofascore
8738675,,,,period,90,,,,,,,sofascore
8738675,329303.0,Thiago Mendes,1649.0,card,90,,,,,,red,sofascore
8738675,329303.0,Thiago Mendes,1649.0,varDecision,90,,,,,,cardUpgrade,sofascore
8738675,352916.0,Presnel Kimpembe,1644.0,card,90,,,,,,yellow,sofascore
8738675,,,,injuryTime,90,,,,,,,sofascore
8738675,859027.0,Maxence Caqueret,1649.0,substitution,88,,,,,,regular,sofascore
8738675,866469.0,Bruno Guimarães,1649.0,substitution,78,,,,,,regular,sofascore
8738675,318653.0,Moussa Dembélé,1649.0,substitution,78,,,,,,regular,sofascore
8738675,996951.0,Sinaly Diomandé,1649.0,substitution,77,,,,,,regular,sofascore
8738675,96367.0,Rafinha Alcântara,1644.0,substitution,72,,,,,,regular,sofascore
8738675,124712.0,Neymar,1644.0,card,71,,,,,,yellow,sofascore
8738675,137667.0,Mattia De Sciglio,1649.0,substitution,65,,,,,,regular,sofascore
8738675,826643.0,Kylian Mbappé,1644.0,substitution,65,,,,,,regular,sofascore
8738675,82474.0,Ander Herrera,1644.0,substitution,64,,,,,,regular,sofascore
8738675,106337.0,Idrissa Gana Gueye,1644.0,substitution,64,,,,,,regular,sofascore
8738675,255389.0,Leandro Paredes,1644.0,card,56,,,,,,yellow,sofascore
8738675,281277.0,Thilo Kehrer,1644.0,card,46,,,,,,yellow,sofascore
8738675,,,,period,45,,,,,,,sofascore
8738675,,,,injuryTime,45,,,,,,,sofascore
8738675,552680.0,Léo Dubois,1649.0,card,38,,,,,,yellow,sofascore
8738675,810535.0,Tino Kadewere,1649.0,goal,35,,,,,,regular,sofascore
8738675,281277.0,Thilo Kehrer,1644.0,substitution,29,,,,,,injury,sofascore
8738676,,,,period,90,,,,,,,sofascore
8738676,,,,injuryTime,90,,,,,,,sofascore
8738676,51652.0,Steven​ N'Zonzi,1658.0,card,87,,,,,,yellow,sofascore
8738676,836678.0,Clément Michelin,1648.0,substitution,79,,,,,,regular,sofascore
8738676,890329.0,Ignatius Kpene Ganago,1648.0,goal,77,,,,,,regular,sofascore
8738676,890329.0,Ignatius Kpene Ganago,1648.0,substitution,72,,,,,,regular,sofascore
8738676,593546.0,Tony Mauricio,1648.0,substitution,71,,,,,,regular,sofascore
8738676,911851.0,Yann Gboho,1658.0,substitution,69,,,,,,regular,sofascore
8738676,973887.0,Eduardo Camavinga,1658.0,substitution,46,,,,,,regular,sofascore
8738676,139228.0,M'Baye Niang,1658.0,substitution,46,,,,,,regular,sofascore
8738676,801287.0,Faitout Maouassa,1658.0,substitution,46,,,,,,regular,sofascore
8738676,934386.0,Jérémy Doku,1658.0,substitution,46,,,,,,regular,sofascore
8738676,,,,period,45,,,,,,,sofascore
8738676,,,,injuryTime,45,,,,,,,sofascore
8738676,51363.0,Yannick Cahuzac,1648.0,card,42,,,,,,yellow,sofascore
8738676,1006489.0,Loïc Badé,1648.0,card,42,,,,,,yellow,sofascore
8738676,954061.0,Arnaud Kalimuendo,1648.0,goal,28,,,,,,regular,sofascore
8738676,369650.0,Jonathan Gradit,1648.0,card,20,,,,,,yellow,sofascore
8738677,,,,period,90,,,,,,,sofascore
8738677,,,,injuryTime,90,,,,,,,sofascore
8738677,3420.0,Vitorino Hilton,1642.0,substitution,89,,,,,,regular,sofascore
8738677,825945.0,Simon Banza,1648.0,substitution,83,,,,,,regular,sofascore
8738677,845083.0,Keagan Dolly,1642.0,substitution,80,,,,,,regular,sofascore
8738677,358306.0,Il-Lok Yun,1642.0,substitution,80,,,,,,regular,sofascore
8738677,1047364.0,Ismaël Boura,1648.0,substitution,77,,,,,,regular,sofascore
8738677,836678.0,Clément Michelin,1648.0,substitution,77,,,,,,regular,sofascore
8738677,51363.0,Yannick Cahuzac,1648.0,card,75,,,,,,yellow,sofascore
8738677,890329.0,Ignatius Kpene Ganago,1648.0,substitution,69,,,,,,regular,sofascore
8738677,149730.0,Gaëtan Laborde,1642.0,goal,69,,,,,,regular,sofascore
8738677,46387.0,Gaël Kakuta,1648.0,goal,50,,,,,,penalty,sofascore
8738677,,,,period,45,,,,,,,sofascore
8738677,,,,injuryTime,45,,,,,,,sofascore
8738677,44563.0,Pedro Mendes,1642.0,card,38,,,,,,yellow,sofascore
8738677,571622.0,Jonas Omlin,1648.0,goal,36,,,,,,ownGoal,sofascore
8738677,44563.0,Pedro Mendes,1642.0,goal,26,,,,,,regular,sofascore
8738677,605338.0,Stephy Mavididi,1642.0,goal,16,,,,,,regular,sofascore
8738678,,,,period,90,,,,,,,sofascore
8738678,148196.0,Cristian Battocchio,1715.0,substitution,90,,,,,,regular,sofascore
8738678,,,,injuryTime,90,,,,,,,sofascore
8738678,579596.0,Moussa Doumbia,1682.0,substitution,84,,,,,,regular,sofascore
8738678,990820.0,Hianga'a M'Bock,1715.0,substitution,81,,,,,,regular,sofascore
8738678,345035.0,Steve Mounié,1715.0,goal,77,,,,,,regular,sofascore
8738678,44213.0,Gaëtan Charbonnier,1715.0,substitution,70,,,,,,regular,sofascore
8738678,855847.0,Kaj Sierhuis,1682.0,substitution,67,,,,,,regular,sofascore
8738678,227892.0,Arbër Zeneli,1682.0,goal,65,,,,,,regular,sofascore
8738678,845750.0,Moreto Cassama,1682.0,substitution,59,,,,,,regular,sofascore
8738678,227892.0,Arbër Zeneli,1682.0,substitution,58,,,,,,regular,sofascore
8738678,894733.0,Marshall Munetsi,1682.0,card,51,,,,,,yellow,sofascore
8738678,225092.0,Christophe Herelle,1715.0,card,50,,,,,,yellow,sofascore
8738678,225092.0,Christophe Herelle,1715.0,substitution,46,,,,,,regular,sofascore
8738678,,,,period,45,,,,,,,sofascore
8738678,,,,injuryTime,45,,,,,,,sofascore
8738678,345035.0,Steve Mounié,1715.0,inGamePenalty,37,,,,,,missed,sofascore
8738678,280453.0,Franck Honorat,1715.0,goal,30,,,,,,regular,sofascore
8738678,827519.0,Romain Perraud,1715.0,varDecision,21,,,,,,penaltyNotAwarded,sofascore
8738679,,,,period,90,,,,,,,sofascore
8738679,887581.0,Boubakary Soumaré,1643.0,card,90,,,,,,yellow,sofascore
8738679,855810.0,Tim Weah,1643.0,card,90,,,,,,yellow,sofascore
8738679,839226.0,Pietro Pellegri,1653.0,goal,90,,,,,,regular,sofascore
8738679,,,,injuryTime,90,,,,,,,sofascore
8738679,897594.0,Domagoj Bradarić,1643.0,substitution,83,,,,,,regular,sofascore
8738679,980403.0,Isaac Lihadji,1643.0,substitution,83,,,,,,regular,sofascore
8738679,339909.0,Guillermo Maripán,1653.0,substitution,80,,,,,,regular,sofascore
8738679,877979.0,Willem Geubbels,1653.0,substitution,69,,,,,,regular,sofascore
8738679,855810.0,Tim Weah,1643.0,substitution,69,,,,,,regular,sofascore
8738679,839226.0,Pietro Pellegri,1653.0,substitution,69,,,,,,regular,sofascore
8738679,858705.0,Xeka,1643.0,substitution,69,,,,,,regular,sofascore
8738679,827804.0,Yusuf Yazıcı,1643.0,goal,65,,,,,,regular,sofascore
8738679,892735.0,Tiago Djaló,1643.0,card,64,,,,,,yellow,sofascore
8738679,827804.0,Yusuf Yazıcı,1643.0,substitution,62,,,,,,regular,sofascore
8738679,788170.0,Fodé Ballo-Touré,1653.0,substitution,58,,,,,,regular,sofascore
8738679,518.0,Cesc Fàbregas,1653.0,substitution,58,,,,,,regular,sofascore
8738679,935564.0,Jonathan David,1643.0,goal,53,,,,,,regular,sofascore
8738679,,,,period,45,,,,,,,sofascore
8738680,,,,period,90,,,,,,,sofascore
8738680,157143.0,Moussa Konaté,1686.0,card,90,,,,,,yellow,sofascore
8738680,,,,injuryTime,90,,,,,,,sofascore
8738680,309510.0,Jordan Marié,1686.0,substitution,85,,,,,,regular,sofascore
8738680,1012643.0,Salim Ben Seghir,1661.0,substitution,84,,,,,,regular,sofascore
8738680,826551.0,Pape Cheikh,1686.0,card,83,,,,,,yellow,sofascore
8738680,859026.0,Amine Gouiri,1661.0,goal,80,,,,,,penalty,sofascore
8738680,796279.0,Jordan Lotomba,1661.0,varDecision,78,,,,,,penaltyNotAwarded,sofascore
8738680,157143.0,Moussa Konaté,1686.0,substitution,73,,,,,,regular,sofascore
8738680,944327.0,Dan Ndoye,1661.0,substitution,70,,,,,,regular,sofascore
8738680,880525.0,Ngonda Muzinga,1686.0,card,68,,,,,,yellow,sofascore
8738680,557166.0,Mama Baldé,1686.0,goal,66,,,,,,regular,sofascore
8738680,786305.0,Roger Assalé,1686.0,substitution,66,,,,,,regular,sofascore
8738680,190147.0,Rony Lopes,1661.0,substitution,63,,,,,,regular,sofascore
8738680,988732.0,Alexis Trouillet,1661.0,substitution,63,,,,,,regular,sofascore
8738680,985923.0,Hicham Boudaoui,1661.0,card,57,,,,,,yellow,sofascore
8738680,,,,period,45,,,,,,,sofascore
8738680,,,,injuryTime,45,,,,,,,sofascore
8738680,859026.0,Amine Gouiri,1661.0,card,34,,,,,,yellow,sofascore
8738680,880525.0,Ngonda Muzinga,1686.0,goal,31,,,,,,regular,sofascore
8738680,330063.0,Danilo Barbosa,1661.0,card,24,,,,,,yellow,sofascore
8738680,557166.0,Mama Baldé,1686.0,goal,21,,,,,,regular,sofascore
8738681,,,,period,90,,,,,,,sofascore
8738681,209768.0,Pierrick Capelle,1684.0,goal,90,,,,,,regular,sofascore
8738681,827386.0,Quentin Boisgard,1656.0,varDecision,90,,,,,,penaltyNotAwarded,sofascore
8738681,,,,injuryTime,90,,,,,,,sofascore
8738681,282095.0,Adrian Grbić,1656.0,substitution,84,,,,,,regular,sofascore
8738681,294641.0,Loïs Diony,1684.0,substitution,83,,,,,,regular,sofascore
8738681,209768.0,Pierrick Capelle,1684.0,substitution,83,,,,,,regular,sofascore
8738681,930584.0,Farid El Melali,1684.0,substitution,83,,,,,,regular,sofascore
8738681,894396.0,Terem Moffi,1656.0,substitution,76,,,,,,regular,sofascore
8738681,984014.0,Enzo Le Fée,1656.0,substitution,76,,,,,,regular,sofascore
8738681,827386.0,Quentin Boisgard,1656.0,substitution,70,,,,,,regular,sofascore
8738681,804621.0,Lassana Coulibaly,1684.0,substitution,58,,,,,,injury,sofascore
8738681,308130.0,Jimmy Cabot,1684.0,substitution,55,,,,,,injury,sofascore
8738681,,,,period,45,,,,,,,sofascore
8738681,153220.0,Stéphane Bahoken,1684.0,card,45,,,,,,yellow,sofascore
8738681,,,,injuryTime,45,,,,,,,sofascore
8738681,257205.0,Sofiane Boufal,1684.0,card,40,,,,,,yellow,sofascore
8738681,257421.0,Ibrahim Amadou,1684.0,card,21,,,,,,yellow,sofascore
8738681,787540.0,Angelo Fulgini,1684.0,goal,10,,,,,,regular,sofascore
8738682,,,,period,90,,,,,,,sofascore
8738682,845789.0,Heriberto Tavares,1715.0,substitution,90,,,,,,regular,sofascore
8738682,,,,injuryTime,90,,,,,,,sofascore
8738682,152734.0,Maxime Poundjé,1645.0,substitution,89,,,,,,regular,sofascore
8738682,3305.0,Hatem Ben Arfa,1645.0,goal,84,,,,,,regular,sofascore
8738682,1047296.0,Jérémy Le Douaron,1715.0,substitution,77,,,,,,regular,sofascore
8738682,148196.0,Cristian Battocchio,1715.0,substitution,77,,,,,,regular,sofascore
8738682,44213.0,Gaëtan Charbonnier,1715.0,substitution,74,,,,,,regular,sofascore
8738682,580642.0,Haris Belkebla,1715.0,card,70,,,,,,yellow,sofascore
8738682,842709.0,Rémi Oudin,1645.0,substitution,68,,,,,,regular,sofascore
8738682,859024.0,Yacine Adli,1645.0,substitution,68,,,,,,regular,sofascore
8738682,74045.0,Nicolas de Préville,1645.0,substitution,63,,,,,,regular,sofascore
8738682,3209.0,Jimmy Briand,1645.0,substitution,62,,,,,,regular,sofascore
8738682,845930.0,Jean-Kévin Duverne,1715.0,card,60,,,,,,yellow,sofascore
8738682,328035.0,Brendan Chardonnet,1715.0,varDecision,52,,,,,,goalAwarded,sofascore
8738682,,,,period,45,,,,,,,sofascore
8738682,826293.0,Ronaël Pierre-Gabriel,1715.0,card,43,,,,,,yellow,sofascore
8738683,,,,period,90,,,,,,,sofascore
8738683,157143.0,Moussa Konaté,1686.0,substitution,90,,,,,,regular,sofascore
8738683,,,,injuryTime,90,,,,,,,sofascore
8738683,848458.0,Arnaud Nordin,1678.0,substitution,79,,,,,,regular,sofascore
8738683,897623.0,Alex Dobre,1686.0,substitution,79,,,,,,regular,sofascore
8738683,38716.0,Ryad Boudebouz,1678.0,substitution,63,,,,,,regular,sofascore
8738683,51299.0,Frédéric Sammaritano,1686.0,substitution,63,,,,,,regular,sofascore
8738683,,,,period,45,,,,,,,sofascore
8738683,,,,injuryTime,45,,,,,,,sofascore
8738683,795128.0,Harold Moukoudi,1678.0,card,22,,,,,,yellow,sofascore
8738684,,,,period,90,,,,,,,sofascore
8738684,,,,injuryTime,90,,,,,,,sofascore
8738684,579576.0,Ruben Aguilar,1653.0,card,89,,,,,,yellow,sofascore
8738684,877979.0,Willem Geubbels,1653.0,substitution,89,,,,,,injury,sofascore
8738684,593546.0,Tony Mauricio,1648.0,card,80,,,,,,yellow,sofascore
8738684,191178.0,Corentin Jean,1648.0,substitution,79,,,,,,regular,sofascore
8738684,839226.0,Pietro Pellegri,1653.0,card,76,,,,,,yellow,sofascore
8738684,1047364.0,Ismaël Boura,1648.0,substitution,72,,,,,,regular,sofascore
8738684,51363.0,Yannick Cahuzac,1648.0,substitution,72,,,,,,regular,sofascore
8738684,339227.0,Steven Fortes,1648.0,substitution,71,,,,,,regular,sofascore
8738684,839226.0,Pietro Pellegri,1653.0,substitution,60,,,,,,regular,sofascore
8738684,593546.0,Tony Mauricio,1648.0,substitution,57,,,,,,regular,sofascore
8738684,1046150.0,Eliot Matazo,1653.0,substitution,46,,,,,,regular,sofascore
8738684,123388.0,Djibril Sidibé,1653.0,substitution,46,,,,,,regular,sofascore
8738684,,,,period,45,,,,,,,sofascore
8738684,,,,injuryTime,45,,,,,,,sofascore
8738684,46387.0,Gaël Kakuta,1648.0,goal,39,,,,,,regular,sofascore
8738684,825945.0,Simon Banza,1648.0,goal,33,,,,,,regular,sofascore
8738684,825945.0,Simon Banza,1648.0,card,30,,,,,,yellow,sofascore
8738684,904827.0,Benoît Badiashile,1653.0,substitution,28,,,,,,regular,sofascore
8738684,827243.0,Axel Disasi,1653.0,card,23,,,,,,red,sofascore
8738684,339909.0,Guillermo Maripán,1653.0,varDecision,19,,,,,,cardUpgrade,sofascore
8738684,364618.0,Gelson Martins,1653.0,varDecision,17,,,,,,penaltyAwarded,sofascore
8738684,906047.0,Cheick Doucouré,1648.0,card,11,,,,,,yellow,sofascore
8738684,369650.0,Jonathan Gradit,1648.0,card,9,,,,,,yellow,sofascore
8738684,291695.0,Issiaga Sylla,1648.0,goal,1,,,,,,regular,sofascore
8738685,,,,period,90,,,,,,,sofascore
8738685,,,,injuryTime,90,,,,,,,sofascore
8738685,902547.0,Ismaël Aaneba,1659.0,substitution,87,,,,,,regular,sofascore
8738685,914660.0,Mehdi Chahiri,1659.0,substitution,87,,,,,,regular,sofascore
8738685,122922.0,Lionel Carole,1659.0,substitution,73,,,,,,regular,sofascore
8738685,139228.0,M'Baye Niang,1658.0,substitution,70,,,,,,regular,sofascore
8738685,365358.0,Dimitri Liénard,1659.0,substitution,63,,,,,,regular,sofascore
8738685,283083.0,Adrien Hunou,1658.0,goal,60,,,,,,regular,sofascore
8738685,857179.0,James Léa Siliki,1658.0,substitution,46,,,,,,regular,sofascore
8738685,911851.0,Yann Gboho,1658.0,substitution,46,,,,,,regular,sofascore
8738685,999028.0,Adrien Truffert,1658.0,substitution,46,,,,,,regular,sofascore
8738685,,,,period,45,,,,,,,sofascore
8738685,283083.0,Adrien Hunou,1658.0,substitution,45,,,,,,injury,sofascore
8738685,,,,injuryTime,45,,,,,,,sofascore
8738685,108736.0,Stefan Mitrović,1659.0,card,40,,,,,,red,sofascore
8738685,231946.0,Adrien Thomasson,1659.0,goal,24,,,,,,regular,sofascore
8738686,,,,period,90,,,,,,,sofascore
8738686,826643.0,Kylian Mbappé,1644.0,goal,90,,,,,,regular,sofascore
8738686,,,,injuryTime,90,,,,,,,sofascore
8738686,826643.0,Kylian Mbappé,1644.0,substitution,78,,,,,,regular,sofascore
8738686,962872.0,Kays Ruiz-Atil,1644.0,substitution,78,,,,,,regular,sofascore
8738686,835601.0,Moise Kean,1644.0,goal,77,,,,,,regular,sofascore
8738686,66309.0,Petar Škuletić,1642.0,substitution,74,,,,,,regular,sofascore
8738686,159739.0,Ambroise Oyongo,1642.0,substitution,74,,,,,,regular,sofascore
8738686,156682.0,Teji Savanier,1642.0,card,71,,,,,,yellow,sofascore
8738686,281277.0,Thilo Kehrer,1644.0,substitution,64,,,,,,regular,sofascore
8738686,99545.0,Danilo Pereira,1644.0,substitution,64,,,,,,regular,sofascore
8738686,255389.0,Leandro Paredes,1644.0,substitution,63,,,,,,regular,sofascore
8738686,845083.0,Keagan Dolly,1642.0,substitution,63,,,,,,regular,sofascore
8738686,,,,period,45,,,,,,,sofascore
8738686,941300.0,Colin Dagba,1644.0,card,42,,,,,,yellow,sofascore
8738686,605338.0,Stephy Mavididi,1642.0,goal,41,,,,,,regular,sofascore
8738686,941300.0,Colin Dagba,1644.0,goal,33,,,,,,regular,sofascore
8738686,835601.0,Moise Kean,1644.0,card,23,,,,,,yellow,sofascore
8738686,135775.0,Layvin Kurzawa,1644.0,card,13,,,,,,yellow,sofascore
8738687,,,,period,90,,,,,,,sofascore
8738687,1012657.0,Lucas Gourna-Douath,1678.0,substitution,90,,,,,,regular,sofascore
8738687,942839.0,Alpha Sissoko,1678.0,substitution,90,,,,,,regular,sofascore
8738687,,,,injuryTime,90,,,,,,,sofascore
8738687,935564.0,Jonathan David,1643.0,substitution,86,,,,,,regular,sofascore
8738687,858705.0,Xeka,1643.0,substitution,86,,,,,,regular,sofascore
8738687,38716.0,Ryad Boudebouz,1678.0,substitution,74,,,,,,regular,sofascore
8738687,831424.0,Reinildo Mandava,1643.0,substitution,68,,,,,,regular,sofascore
8738687,595576.0,Jonathan Bamba,1643.0,substitution,68,,,,,,regular,sofascore
8738687,827804.0,Yusuf Yazıcı,1643.0,substitution,67,,,,,,regular,sofascore
8738687,41605.0,Timothée Kolodziejczak,1678.0,card,67,,,,,,yellow,sofascore
8738687,848458.0,Arnaud Nordin,1678.0,substitution,66,,,,,,regular,sofascore
8738687,802142.0,Jonathan Ikoné,1643.0,goal,65,,,,,,regular,sofascore
8738687,3579.0,Mathieu Debuchy,1678.0,card,52,,,,,,yellow,sofascore
8738687,,,,period,45,,,,,,,sofascore
8738687,,,,injuryTime,45,,,,,,,sofascore
8738687,916041.0,Mahdi Camara,1678.0,card,38,,,,,,yellow,sofascore
8738687,51640.0,Wahbi Khazri,1678.0,goal,33,,,,,,penalty,sofascore
8738687,897594.0,Domagoj Bradarić,1643.0,card,28,,,,,,yellow,sofascore
8738687,869931.0,Yvan Neyou,1678.0,card,16,,,,,,yellow,sofascore
8738688,,,,period,90,,,,,,,sofascore
8738688,,,,injuryTime,90,,,,,,,sofascore
8738688,283083.0,Adrien Hunou,1658.0,substitution,83,,,,,,regular,sofascore
8738688,825681.0,Romain Del Castillo,1658.0,substitution,83,,,,,,regular,sofascore
8738688,280439.0,Maxwel Cornet,1649.0,substitution,82,,,,,,regular,sofascore
8738688,362014.0,Hamari Traoré,1658.0,card,75,,,,,,yellow,sofascore
8738688,846081.0,Houssem Aouar,1649.0,goal,74,,,,,,regular,sofascore
8738688,312388.0,Flavien Tait,1658.0,substitution,69,,,,,,regular,sofascore
8738688,324399.0,Benjamin Bourigeaud,1658.0,substitution,69,,,,,,regular,sofascore
8738688,39009.0,Clément Grenier,1658.0,card,61,,,,,,yellow,sofascore
8738688,973887.0,Eduardo Camavinga,1658.0,substitution,60,,,,,,regular,sofascore
8738688,846081.0,Houssem Aouar,1649.0,substitution,58,,,,,,regular,sofascore
8738688,810535.0,Tino Kadewere,1649.0,substitution,58,,,,,,regular,sofascore
8738688,123264.0,Jonas Martin,1658.0,card,54,,,,,,yellow,sofascore
8738688,,,,period,45,,,,,,,sofascore
8738688,,,,injuryTime,45,,,,,,,sofascore
8738688,859027.0,Maxence Caqueret,1649.0,card,41,,,,,,yellow,sofascore
8738689,,,,period,90,,,,,,,sofascore
8738689,1063237.0,Saïdou Sow,1678.0,substitution,90,,,,,,regular,sofascore
8738689,,,,injuryTime,90,,,,,,,sofascore
8738689,842709.0,Rémi Oudin,1645.0,substitution,81,,,,,,regular,sofascore
8738689,51640.0,Wahbi Khazri,1678.0,card,77,,,,,,yellow,sofascore
8738689,869931.0,Yvan Neyou,1678.0,goal,75,,,,,,regular,sofascore
8738689,1012657.0,Lucas Gourna-Douath,1678.0,substitution,73,,,,,,regular,sofascore
8738689,862194.0,Zaydou Youssouf,1678.0,substitution,73,,,,,,regular,sofascore
8738689,51640.0,Wahbi Khazri,1678.0,substitution,65,,,,,,regular,sofascore
8738689,74139.0,Romain Hamouma,1678.0,substitution,65,,,,,,regular,sofascore
8738689,925837.0,Mehdi Zerkane,1645.0,substitution,61,,,,,,regular,sofascore
8738689,152734.0,Maxime Poundjé,1645.0,substitution,61,,,,,,regular,sofascore
8738689,74045.0,Nicolas de Préville,1645.0,substitution,61,,,,,,regular,sofascore
8738689,3209.0,Jimmy Briand,1645.0,substitution,61,,,,,,regular,sofascore
8738689,111803.0,Youssouf Sabaly,1645.0,card,54,,,,,,yellow,sofascore
8738689,,,,period,45,,,,,,,sofascore
8738689,,,,injuryTime,45,,,,,,,sofascore
8738689,38716.0,Ryad Boudebouz,1678.0,card,36,,,,,,yellow,sofascore
8738689,552686.0,Otávio,1645.0,card,30,,,,,,yellow,sofascore
8738689,791314.0,Hwang Ui-Jo,1645.0,goal,24,,,,,,regular,sofascore
8738689,848458.0,Arnaud Nordin,1678.0,goal,15,,,,,,regular,sofascore
8738689,804619.0,Enock Kwateng,1645.0,card,8,,,,,,yellow,sofascore
8738689,,,1645.0,card,-5,,,,,,yellow,sofascore
8738690,,,,period,90,,,,,,,sofascore
8738690,,,,injuryTime,90,,,,,,,sofascore
8738690,178721.0,Yunis Abdelhamid,1682.0,goal,89,,,,,,regular,sofascore
8738690,1102501.0,Abdoulaye Sylla,1647.0,substitution,84,,,,,,injury,sofascore
8738690,855847.0,Kaj Sierhuis,1682.0,substitution,83,,,,,,injury,sofascore
8738690,331753.0,Renaud Emond,1647.0,substitution,81,,,,,,regular,sofascore
8738690,938270.0,Abdoul Kader Bamba,1647.0,substitution,81,,,,,,regular,sofascore
8738690,178721.0,Yunis Abdelhamid,1682.0,card,81,,,,,,yellow,sofascore
8738690,157029.0,Xavier Chavalerin,1682.0,card,70,,,,,,yellow,sofascore
8738690,579596.0,Moussa Doumbia,1682.0,substitution,46,,,,,,regular,sofascore
8738690,982615.0,El Bilal Touré,1682.0,substitution,46,,,,,,regular,sofascore
8738690,894733.0,Marshall Munetsi,1682.0,substitution,46,,,,,,regular,sofascore
8738690,,,,period,45,,,,,,,sofascore
8738690,831781.0,Ghislain Konan,1682.0,goal,39,,,,,,regular,sofascore
8738690,845750.0,Moreto Cassama,1682.0,card,30,,,,,,yellow,sofascore
8738690,330051.0,Moses Simon,1647.0,goal,14,,,,,,regular,sofascore
8738690,831781.0,Ghislain Konan,1682.0,card,12,,,,,,yellow,sofascore
8738690,361696.0,Wout Faes,1682.0,card,7,,,,,,yellow,sofascore
8738691,,,,period,90,,,,,,,sofascore
8738691,913191.0,Vagner Dias,1651.0,substitution,90,,,,,,regular,sofascore
8738691,156009.0,Victorien Angban,1651.0,substitution,90,,,,,,regular,sofascore
8738691,845083.0,Keagan Dolly,1642.0,substitution,90,,,,,,regular,sofascore
8738691,359246.0,Habib Maïga,1651.0,goal,90,,,,,,regular,sofascore
8738691,,,,injuryTime,90,,,,,,,sofascore
8738691,979315.0,Elye Wahi,1642.0,substitution,86,,,,,,regular,sofascore
8738691,93570.0,Arnaud Souquet,1642.0,substitution,79,,,,,,regular,sofascore
8738691,66309.0,Petar Škuletić,1642.0,substitution,79,,,,,,regular,sofascore
8738691,358306.0,Il-Lok Yun,1642.0,substitution,79,,,,,,regular,sofascore
8738691,149730.0,Gaëtan Laborde,1642.0,card,76,,,,,,yellow,sofascore
8738691,991359.0,Papa Ndiaga Yade,1651.0,substitution,70,,,,,,regular,sofascore
8738691,605338.0,Stephy Mavididi,1642.0,card,64,,,,,,yellow,sofascore
8738691,250453.0,Opa Nguette,1651.0,substitution,63,,,,,,regular,sofascore
8738691,352966.0,Aaron Leya Iseka,1651.0,goal,50,,,,,,penalty,sofascore
8738691,,,,period,45,,,,,,,sofascore
8738691,,,,injuryTime,45,,,,,,,sofascore
8738691,234230.0,Florent Mollet,1642.0,card,39,,,,,,yellow,sofascore
8738691,153218.0,Thomas Delaine,1651.0,card,38,,,,,,yellow,sofascore
8738691,359246.0,Habib Maïga,1651.0,card,30,,,,,,yellow,sofascore
8738691,352966.0,Aaron Leya Iseka,1651.0,card,7,,,,,,yellow,sofascore
8738691,,,1651.0,card,-5,,,,,,yellow,sofascore
8738692,,,,period,90,,,,,,,sofascore
8738692,855810.0,Tim Weah,1643.0,goal,90,,,,,,regular,sofascore
8738692,,,,injuryTime,90,,,,,,,sofascore
8738692,18864.0,Burak Yılmaz,1643.0,varDecision,87,,,,,,penaltyAwarded,sofascore
8738692,892735.0,Tiago Djaló,1643.0,substitution,84,,,,,,regular,sofascore
8738692,980403.0,Isaac Lihadji,1643.0,substitution,84,,,,,,injury,sofascore
8738692,980418.0,Sacha Boey,1686.0,substitution,72,,,,,,regular,sofascore
8738692,897623.0,Alex Dobre,1686.0,substitution,72,,,,,,regular,sofascore
8738692,887581.0,Boubakary Soumaré,1643.0,substitution,72,,,,,,regular,sofascore
8738692,855810.0,Tim Weah,1643.0,substitution,71,,,,,,regular,sofascore
8738692,309510.0,Jordan Marié,1686.0,substitution,62,,,,,,regular,sofascore
8738692,904994.0,Eric Ebimbe,1686.0,substitution,62,,,,,,regular,sofascore
8738692,18864.0,Burak Yılmaz,1643.0,substitution,58,,,,,,regular,sofascore
8738692,,,,period,45,,,,,,,sofascore
8738692,827804.0,Yusuf Yazıcı,1643.0,goal,19,,,,,,regular,sofascore
8738693,,,,period,90,,,,,,,sofascore
8738693,,,,injuryTime,90,,,,,,,sofascore
8738693,579596.0,Moussa Doumbia,1682.0,substitution,82,,,,,,regular,sofascore
8738693,157029.0,Xavier Chavalerin,1682.0,substitution,82,,,,,,regular,sofascore
8738693,938270.0,Abdoul Kader Bamba,1647.0,substitution,80,,,,,,regular,sofascore
8738693,331753.0,Renaud Emond,1647.0,substitution,79,,,,,,regular,sofascore
8738693,799216.0,Pedro Chirivella,1647.0,substitution,79,,,,,,regular,sofascore
8738693,806076.0,Ludovic Blas,1647.0,goal,79,,,,,,regular,sofascore
8738693,894733.0,Marshall Munetsi,1682.0,substitution,76,,,,,,regular,sofascore
8738693,816810.0,Mathieu Cafaro,1682.0,goal,74,,,,,,regular,sofascore
8738693,785418.0,Marcus Coco,1647.0,substitution,73,,,,,,regular,sofascore
8738693,960080.0,Boulaye Dia,1682.0,goal,72,,,,,,penalty,sofascore
8738693,816115.0,Charles Traoré,1647.0,card,72,,,,,,yellow,sofascore
8738693,245615.0,Thomas Foket,1682.0,varDecision,71,,,,,,penaltyNotAwarded,sofascore
8738693,982615.0,El Bilal Touré,1682.0,goal,68,,,,,,regular,sofascore
8738693,816810.0,Mathieu Cafaro,1682.0,substitution,61,,,,,,regular,sofascore
8738693,845750.0,Moreto Cassama,1682.0,card,58,,,,,,yellow,sofascore
8738693,123164.0,Dennis Appiah,1647.0,substitution,46,,,,,,regular,sofascore
8738693,,,,period,45,,,,,,,sofascore
8738693,,,,injuryTime,45,,,,,,,sofascore
8738693,106496.0,Nicolas Pallois,1647.0,goal,18,,,,,,regular,sofascore
8738693,831781.0,Ghislain Konan,1682.0,card,7,,,,,,yellow,sofascore
8738693,40677.0,Fábio,1647.0,card,5,,,,,,yellow,sofascore
8738694,,,,period,90,,,,,,,sofascore
8738694,32668.0,Alexandre Oukidja,1651.0,card,90,,,,,,red,sofascore
8738694,366760.0,Souleyman Doumbia,1684.0,card,90,,,,,,yellow,sofascore
8738694,,,,injuryTime,90,,,,,,,sofascore
8738694,757730.0,Antonin Bobichon,1684.0,substitution,89,,,,,,regular,sofascore
8738694,913191.0,Vagner Dias,1651.0,substitution,83,,,,,,regular,sofascore
8738694,831400.0,Mathias Pereira Lage,1684.0,card,79,,,,,,yellow,sofascore
8738694,209768.0,Pierrick Capelle,1684.0,substitution,77,,,,,,regular,sofascore
8738694,356024.0,Thierry Ambrose,1651.0,card,76,,,,,,yellow,sofascore
8738694,153218.0,Thomas Delaine,1651.0,substitution,72,,,,,,regular,sofascore
8738694,991359.0,Papa Ndiaga Yade,1651.0,substitution,72,,,,,,regular,sofascore
8738694,156009.0,Victorien Angban,1651.0,substitution,72,,,,,,regular,sofascore
8738694,356024.0,Thierry Ambrose,1651.0,substitution,72,,,,,,regular,sofascore
8738694,153220.0,Stéphane Bahoken,1684.0,substitution,66,,,,,,regular,sofascore
8738694,,,,period,45,,,,,,,sofascore
8738694,,,,injuryTime,45,,,,,,,sofascore
8738694,787540.0,Angelo Fulgini,1684.0,goal,44,,,,,,penalty,sofascore
8738694,848537.0,Boubakar Kouyaté,1651.0,card,44,,,,,,yellow,sofascore
8738695,,,,period,90,,,,,,,sofascore
8738695,842709.0,Rémi Oudin,1645.0,card,90,,,,,,yellow,sofascore
8738695,,,,injuryTime,90,,,,,,,sofascore
8738695,135775.0,Layvin Kurzawa,1644.0,card,88,,,,,,yellow,sofascore
8738695,280435.0,Abdou Diallo,1644.0,substitution,87,,,,,,regular,sofascore
8738695,3209.0,Jimmy Briand,1645.0,substitution,87,,,,,,regular,sofascore
8738695,1047931.0,Tom Lacoux,1645.0,substitution,78,,,,,,regular,sofascore
8738695,963300.0,Amadou Traoré,1645.0,substitution,78,,,,,,regular,sofascore
8738695,281277.0,Thilo Kehrer,1644.0,substitution,78,,,,,,regular,sofascore
8738695,82474.0,Ander Herrera,1644.0,substitution,74,,,,,,regular,sofascore
8738695,3305.0,Hatem Ben Arfa,1645.0,substitution,65,,,,,,regular,sofascore
8738695,74045.0,Nicolas de Préville,1645.0,substitution,65,,,,,,regular,sofascore
8738695,859024.0,Yacine Adli,1645.0,card,50,,,,,,yellow,sofascore
8738695,,,,period,45,,,,,,,sofascore
8738695,,,,injuryTime,45,,,,,,,sofascore
8738695,99545.0,Danilo Pereira,1644.0,card,43,,,,,,yellow,sofascore
8738695,138573.0,Pablo Sarabia,1644.0,card,40,,,,,,yellow,sofascore
8738695,138573.0,Pablo Sarabia,1644.0,goal,20,,,,,,regular,sofascore
8738695,305282.0,Jean Michaël Seri,1645.0,card,18,,,,,,yellow,sofascore
8738696,,,,period,90,,,,,,,sofascore
8738696,822877.0,Alexis Claude-Maurice,1661.0,goal,90,,,,,,regular,sofascore
8738696,,,,injuryTime,90,,,,,,,sofascore
8738696,877978.0,Andy Pelmard,1661.0,substitution,89,,,,,,regular,sofascore
8738696,247445.0,Renaud Ripart,1663.0,substitution,88,,,,,,regular,sofascore
8738696,1067123.0,Marco Majouga,1663.0,substitution,88,,,,,,regular,sofascore
8738696,838688.0,Sofiane Alakouch,1663.0,substitution,88,,,,,,regular,sofascore
8738696,944327.0,Dan Ndoye,1661.0,goal,85,,,,,,regular,sofascore
8738696,796085.0,Moussa Koné,1663.0,substitution,83,,,,,,regular,sofascore
8738696,822877.0,Alexis Claude-Maurice,1661.0,substitution,79,,,,,,regular,sofascore
8738696,944327.0,Dan Ndoye,1661.0,substitution,68,,,,,,regular,sofascore
8738696,51421.0,Nolan Roux,1663.0,card,60,,,,,,yellow,sofascore
8738696,27009.0,Morgan Schneiderlin,1661.0,card,56,,,,,,yellowRed,sofascore
8738696,,,,period,45,,,,,,,sofascore
8738696,,,,injuryTime,45,,,,,,,sofascore
8738696,27009.0,Morgan Schneiderlin,1661.0,card,28,,,,,,yellow,sofascore
8738696,907003.0,Kelyan Guessoum,1663.0,substitution,7,,,,,,injury,sofascore
8738697,,,,period,90,,,,,,,sofascore
8738697,343971.0,Ludovic Ajorque,1659.0,card,90,,,,,,yellow,sofascore
8738697,940365.0,Mahamé Siby,1659.0,substitution,90,,,,,,regular,sofascore
8738697,891793.0,Kévin Zohi,1659.0,substitution,90,,,,,,regular,sofascore
8738697,343971.0,Ludovic Ajorque,1659.0,goal,90,,,,,,regular,sofascore
8738697,,,,injuryTime,90,,,,,,,sofascore
8738697,787542.0,Sada Thioub,1684.0,substitution,81,,,,,,regular,sofascore
8738697,1063235.0,Mohamed Ali Cho,1684.0,substitution,81,,,,,,regular,sofascore
8738697,802159.0,Habibou Diallo,1659.0,goal,77,,,,,,regular,sofascore
8738697,366760.0,Souleyman Doumbia,1684.0,card,73,,,,,,yellow,sofascore
8738697,365358.0,Dimitri Liénard,1659.0,substitution,69,,,,,,injury,sofascore
8738697,914660.0,Mehdi Chahiri,1659.0,substitution,67,,,,,,regular,sofascore
8738697,343971.0,Ludovic Ajorque,1659.0,substitution,66,,,,,,regular,sofascore
8738697,294641.0,Loïs Diony,1684.0,substitution,62,,,,,,regular,sofascore
8738697,209768.0,Pierrick Capelle,1684.0,substitution,62,,,,,,injury,sofascore
8738697,308130.0,Jimmy Cabot,1684.0,substitution,46,,,,,,regular,sofascore
8738697,,,,period,45,,,,,,,sofascore
8738697,,,,injuryTime,45,,,,,,,sofascore
8738697,289977.0,Alexander Djiku,1659.0,card,11,,,,,,yellow,sofascore
8738698,,,,period,90,,,,,,,sofascore
8738698,,,,injuryTime,90,,,,,,,sofascore
8738698,891562.0,Franklin Wadja,1656.0,substitution,89,,,,,,regular,sofascore
8738698,827934.0,Andreaw Gravillon,1656.0,card,87,,,,,,yellow,sofascore
8738698,66309.0,Petar Škuletić,1642.0,substitution,83,,,,,,regular,sofascore
8738698,976396.0,Joris Chotard,1642.0,substitution,83,,,,,,regular,sofascore
8738698,93570.0,Arnaud Souquet,1642.0,substitution,83,,,,,,regular,sofascore
8738698,894396.0,Terem Moffi,1656.0,varDecision,78,,,,,,goalAwarded,sofascore
8738698,44563.0,Pedro Mendes,1642.0,card,70,,,,,,yellow,sofascore
8738698,894396.0,Terem Moffi,1656.0,substitution,67,,,,,,regular,sofascore
8738698,805123.0,Yoane Wissa,1656.0,substitution,67,,,,,,regular,sofascore
8738698,826134.0,Trevoh Chalobah,1656.0,card,63,,,,,,yellow,sofascore
8738698,44563.0,Pedro Mendes,1642.0,substitution,61,,,,,,regular,sofascore
8738698,123229.0,Jordan Ferri,1642.0,card,61,,,,,,yellow,sofascore
8738698,,,,period,45,,,,,,,sofascore
8738698,26890.0,Fabien Lemoine,1656.0,card,36,,,,,,yellow,sofascore
8738698,605338.0,Stephy Mavididi,1642.0,goal,28,,,,,,regular,sofascore
8738698,282095.0,Adrian Grbić,1656.0,goal,9,,,,,,penalty,sofascore
8738699,,,,period,90,,,,,,,sofascore
8738699,,,,injuryTime,90,,,,,,,sofascore
8738699,16508.0,Paul Baysse,1645.0,card,88,,,,,,yellow,sofascore
8738699,892735.0,Tiago Djaló,1643.0,substitution,84,,,,,,regular,sofascore
8738699,804619.0,Enock Kwateng,1645.0,substitution,83,,,,,,regular,sofascore
8738699,852145.0,Josh Maja,1645.0,substitution,83,,,,,,regular,sofascore
8738699,855810.0,Tim Weah,1643.0,substitution,78,,,,,,regular,sofascore
8738699,858705.0,Xeka,1643.0,substitution,78,,,,,,regular,sofascore
8738699,3209.0,Jimmy Briand,1645.0,substitution,64,,,,,,regular,sofascore
8738699,791314.0,Hwang Ui-Jo,1645.0,substitution,64,,,,,,regular,sofascore
8738699,859024.0,Yacine Adli,1645.0,substitution,63,,,,,,regular,sofascore
8738699,827804.0,Yusuf Yazıcı,1643.0,substitution,62,,,,,,regular,sofascore
8738699,,,,period,45,,,,,,,sofascore
8738699,27622.0,José Fonte,1643.0,goal,45,,,,,,regular,sofascore
8738699,798002.0,Toma Bašić,1645.0,goal,29,,,,,,regular,sofascore
8738699,74045.0,Nicolas de Préville,1645.0,card,24,,,,,,yellow,sofascore
8738699,595576.0,Jonathan Bamba,1643.0,goal,17,,,,,,regular,sofascore
8738700,,,,period,90,,,,,,,sofascore
8738700,156004.0,Jean-Eudes Aholou,1659.0,card,90,,,,,,yellow,sofascore
8738700,848537.0,Boubakar Kouyaté,1651.0,card,90,,,,,,yellow,sofascore
8738700,156009.0,Victorien Angban,1651.0,card,90,,,,,,yellow,sofascore
8738700,862821.0,Youssef Maziz,1651.0,substitution,90,,,,,,regular,sofascore
8738700,,,,injuryTime,90,,,,,,,sofascore
8738700,32668.0,Alexandre Oukidja,1651.0,card,87,,,,,,yellow,sofascore
8738700,231946.0,Adrien Thomasson,1659.0,card,84,,,,,,yellow,sofascore
8738700,359246.0,Habib Maïga,1651.0,card,80,,,,,,yellow,sofascore
8738700,231946.0,Adrien Thomasson,1659.0,goal,78,,,,,,regular,sofascore
8738700,891793.0,Kévin Zohi,1659.0,substitution,74,,,,,,regular,sofascore
8738700,156004.0,Jean-Eudes Aholou,1659.0,substitution,74,,,,,,regular,sofascore
8738700,153218.0,Thomas Delaine,1651.0,card,73,,,,,,yellow,sofascore
8738700,250453.0,Opa Nguette,1651.0,goal,70,,,,,,regular,sofascore
8738700,945063.0,Mohamed Simakan,1659.0,goal,66,,,,,,regular,sofascore
8738700,845271.0,Dylan Bronn,1651.0,inGamePenalty,51,,,,,,missed,sofascore
8738700,229722.0,Farid Boulaya,1651.0,varDecision,49,,,,,,penaltyNotAwarded,sofascore
8738700,,,,period,45,,,,,,,sofascore
8738700,,,,injuryTime,45,,,,,,,sofascore
8738700,845271.0,Dylan Bronn,1651.0,goal,35,,,,,,penalty,sofascore
8738700,945063.0,Mohamed Simakan,1659.0,card,34,,,,,,yellow,sofascore
8738700,,,1659.0,card,-5,,,,,,yellow,sofascore
8738701,,,,period,90,,,,,,,sofascore
8738701,839981.0,Lucas Paquetá,1649.0,card,90,,,,,,yellow,sofascore
8738701,913942.0,Romain Faivre,1715.0,goal,90,,,,,,penalty,sofascore
8738701,48535.0,Anthony Lopes,1649.0,card,90,,,,,,yellow,sofascore
8738701,,,,injuryTime,90,,,,,,,sofascore
8738701,328035.0,Brendan Chardonnet,1715.0,varDecision,89,,,,,,review,sofascore
8738701,861324.0,Hugo Magnetti,1715.0,substitution,84,,,,,,regular,sofascore
8738701,996951.0,Sinaly Diomandé,1649.0,substitution,84,,,,,,regular,sofascore
8738701,345035.0,Steve Mounié,1715.0,substitution,83,,,,,,regular,sofascore
8738701,827519.0,Romain Perraud,1715.0,substitution,83,,,,,,regular,sofascore
8738701,280439.0,Maxwel Cornet,1649.0,goal,81,,,,,,regular,sofascore
8738701,979128.0,Rayan Cherki,1649.0,substitution,78,,,,,,regular,sofascore
8738701,72805.0,Paul Lasne,1715.0,card,74,,,,,,red,sofascore
8738701,32664.0,Ludovic Baal,1715.0,varDecision,73,,,,,,cardUpgrade,sofascore
8738701,138833.0,Memphis Depay,1649.0,goal,69,,,,,,penalty,sofascore
8738701,913942.0,Romain Faivre,1715.0,substitution,64,,,,,,regular,sofascore
8738701,605552.0,Irvin Cardona,1715.0,substitution,64,,,,,,regular,sofascore
8738701,138833.0,Memphis Depay,1649.0,substitution,55,,,,,,regular,sofascore
8738701,839981.0,Lucas Paquetá,1649.0,substitution,55,,,,,,regular,sofascore
8738701,280439.0,Maxwel Cornet,1649.0,substitution,54,,,,,,regular,sofascore
8738701,,,,period,45,,,,,,,sofascore
8738701,48535.0,Anthony Lopes,1715.0,goal,39,,,,,,ownGoal,sofascore
8738701,137667.0,Mattia De Sciglio,1649.0,card,15,,,,,,yellow,sofascore
8738702,,,,period,90,,,,,,,sofascore
8738702,,,,injuryTime,90,,,,,,,sofascore
8738702,904994.0,Eric Ebimbe,1686.0,card,84,,,,,,yellow,sofascore
8738702,155718.0,Yassine Benzia,1686.0,substitution,83,,,,,,regular,sofascore
8738702,826293.0,Ronaël Pierre-Gabriel,1715.0,substitution,81,,,,,,regular,sofascore
8738702,1047296.0,Jérémy Le Douaron,1715.0,substitution,80,,,,,,regular,sofascore
8738702,904994.0,Eric Ebimbe,1686.0,substitution,78,,,,,,regular,sofascore
8738702,157143.0,Moussa Konaté,1686.0,substitution,78,,,,,,regular,sofascore
8738702,913942.0,Romain Faivre,1715.0,substitution,74,,,,,,regular,sofascore
8738702,580642.0,Haris Belkebla,1715.0,substitution,73,,,,,,regular,sofascore
8738702,44213.0,Gaëtan Charbonnier,1715.0,card,61,,,,,,yellow,sofascore
8738702,,,,period,45,,,,,,,sofascore
8738702,,,,injuryTime,45,,,,,,,sofascore
8738702,605552.0,Irvin Cardona,1715.0,goal,40,,,,,,regular,sofascore
8738702,786305.0,Roger Assalé,1686.0,goal,29,,,,,,regular,sofascore
8738702,827519.0,Romain Perraud,1715.0,card,28,,,,,,yellow,sofascore
8738702,345035.0,Steve Mounié,1715.0,goal,27,,,,,,regular,sofascore
8738702,988907.0,Lilian Brassier,1715.0,card,22,,,,,,yellow,sofascore
8738702,280453.0,Franck Honorat,1715.0,goal,17,,,,,,regular,sofascore
8738703,,,,period,90,,,,,,,sofascore
8738703,879694.0,Pape Gueye,1641.0,card,90,,,,,,yellow,sofascore
8738703,935564.0,Jonathan David,1643.0,goal,90,,,,,,regular,sofascore
8738703,935564.0,Jonathan David,1643.0,goal,90,,,,,,regular,sofascore
8738703,,,,injuryTime,90,,,,,,,sofascore
8738703,122630.0,Darío Benedetto,1641.0,substitution,87,,,,,,regular,sofascore
8738703,840451.0,Luiz Araújo,1643.0,substitution,75,,,,,,regular,sofascore
8738703,858705.0,Xeka,1643.0,substitution,73,,,,,,regular,sofascore
8738703,140992.0,Valère Germain,1641.0,substitution,62,,,,,,regular,sofascore
8738703,595576.0,Jonathan Bamba,1643.0,substitution,58,,,,,,regular,sofascore
8738703,346262.0,Saîf-Eddine Khaoui,1641.0,substitution,46,,,,,,regular,sofascore
8738703,,,,period,45,,,,,,,sofascore
8738704,,,,period,90,,,,,,,sofascore
8738704,930584.0,Farid El Melali,1684.0,card,90,,,,,,yellow,sofascore
8738704,,,,injuryTime,90,,,,,,,sofascore
8738704,1014408.0,Maxence Rivera,1678.0,substitution,89,,,,,,regular,sofascore
8738704,1012657.0,Lucas Gourna-Douath,1678.0,substitution,88,,,,,,regular,sofascore
8738704,366760.0,Souleyman Doumbia,1684.0,card,88,,,,,,yellow,sofascore
8738704,209768.0,Pierrick Capelle,1684.0,card,85,,,,,,yellow,sofascore
8738704,209768.0,Pierrick Capelle,1684.0,substitution,83,,,,,,regular,sofascore
8738704,757730.0,Antonin Bobichon,1684.0,substitution,83,,,,,,regular,sofascore
8738704,294641.0,Loïs Diony,1684.0,substitution,74,,,,,,regular,sofascore
8738704,1063235.0,Mohamed Ali Cho,1684.0,substitution,74,,,,,,regular,sofascore
8738704,941161.0,Charles Abi,1678.0,substitution,74,,,,,,regular,sofascore
8738704,962877.0,Adil Aouchiche,1678.0,substitution,74,,,,,,regular,sofascore
8738704,930584.0,Farid El Melali,1684.0,substitution,68,,,,,,regular,sofascore
8738704,916041.0,Mahdi Camara,1678.0,card,66,,,,,,yellow,sofascore
8738704,51640.0,Wahbi Khazri,1678.0,substitution,60,,,,,,regular,sofascore
8738704,,,,period,45,,,,,,,sofascore
8738704,795128.0,Harold Moukoudi,1678.0,card,39,,,,,,yellow,sofascore
8738704,3579.0,Mathieu Debuchy,1678.0,card,33,,,,,,yellow,sofascore
8738705,,,,period,90,,,,,,,sofascore
8738705,,,,injuryTime,90,,,,,,,sofascore
8738705,954059.0,Bandiougou Fadiga,1644.0,card,87,,,,,,yellow,sofascore
8738705,16460.0,Sylvain Marveaux,1656.0,substitution,78,,,,,,regular,sofascore
8738705,142680.0,Julian Draxler,1644.0,substitution,77,,,,,,regular,sofascore
8738705,1094793.0,Loris Mouyokolo,1656.0,substitution,71,,,,,,regular,sofascore
8738705,126691.0,Marco Verratti,1644.0,substitution,71,,,,,,regular,sofascore
8738705,954059.0,Bandiougou Fadiga,1644.0,substitution,71,,,,,,regular,sofascore
8738705,30027.0,Ángel Di María,1644.0,substitution,71,,,,,,regular,sofascore
8738705,932643.0,Armand Laurienté,1656.0,substitution,66,,,,,,regular,sofascore
8738705,282095.0,Adrian Grbić,1656.0,substitution,66,,,,,,regular,sofascore
8738705,835601.0,Moise Kean,1644.0,goal,61,,,,,,regular,sofascore
8738705,835601.0,Moise Kean,1644.0,card,58,,,,,,yellow,sofascore
8738705,826643.0,Kylian Mbappé,1644.0,goal,51,,,,,,penalty,sofascore
8738705,827934.0,Andreaw Gravillon,1656.0,card,49,,,,,,red,sofascore
8738705,826134.0,Trevoh Chalobah,1656.0,substitution,46,,,,,,regular,sofascore
8738705,,,,period,45,,,,,,,sofascore
8738705,,,,injuryTime,45,,,,,,,sofascore
8738705,826643.0,Kylian Mbappé,1644.0,card,34,,,,,,yellow,sofascore
8738705,1824137.0,Timothee Pembele,1644.0,substitution,11,,,,,,injury,sofascore
8738706,,,,period,90,,,,,,,sofascore
8738706,140992.0,Valère Germain,1641.0,card,90,,,,,,yellow,sofascore
8738706,,,,injuryTime,90,,,,,,,sofascore
8738706,977679.0,Luís Henrique,1641.0,substitution,87,,,,,,regular,sofascore
8738706,928236.0,Leonardo Balerdi,1641.0,substitution,87,,,,,,regular,sofascore
8738706,119192.0,Wissam Ben Yedder,1653.0,goal,79,,,,,,penalty,sofascore
8738706,148824.0,Florian Thauvin,1641.0,card,77,,,,,,yellow,sofascore
8738706,957889.0,Enzo Millot,1653.0,substitution,76,,,,,,regular,sofascore
8738706,826204.0,Boubacar Kamara,1641.0,card,76,,,,,,yellow,sofascore
8738706,788170.0,Fodé Ballo-Touré,1653.0,substitution,69,,,,,,regular,sofascore
8738706,827243.0,Axel Disasi,1653.0,card,67,,,,,,yellow,sofascore
8738706,140992.0,Valère Germain,1641.0,substitution,65,,,,,,regular,sofascore
8738706,839226.0,Pietro Pellegri,1653.0,substitution,58,,,,,,regular,sofascore
8738706,37126.0,Stevan Jovetić,1653.0,substitution,58,,,,,,regular,sofascore
8738706,827243.0,Axel Disasi,1653.0,varDecision,52,,,,,,penaltyNotAwarded,sofascore
8738706,339909.0,Guillermo Maripán,1653.0,substitution,46,,,,,,regular,sofascore
8738706,,,,period,45,,,,,,,sofascore
8738706,,,,injuryTime,45,,,,,,,sofascore
8738706,945062.0,Youssouf Fofana,1653.0,card,43,,,,,,yellow,sofascore
8738706,879694.0,Pape Gueye,1641.0,substitution,24,,,,,,injury,sofascore
8738706,122630.0,Darío Benedetto,1641.0,goal,13,,,,,,regular,sofascore
8738706,148824.0,Florian Thauvin,1641.0,goal,5,,,,,,regular,sofascore
8738707,,,,period,90,,,,,,,sofascore
8738707,859026.0,Amine Gouiri,1661.0,card,90,,,,,,yellow,sofascore
8738707,312388.0,Flavien Tait,1658.0,substitution,90,,,,,,regular,sofascore
8738707,,,,injuryTime,90,,,,,,,sofascore
8738707,846445.0,Martin Terrier,1658.0,substitution,89,,,,,,regular,sofascore
8738707,946695.0,Georginio Rutter,1658.0,substitution,80,,,,,,regular,sofascore
8738707,904832.0,Khéphren Thuram,1661.0,substitution,75,,,,,,regular,sofascore
8738707,904991.0,Stanley Nsoki,1661.0,card,71,,,,,,yellow,sofascore
8738707,324399.0,Benjamin Bourigeaud,1658.0,substitution,66,,,,,,regular,sofascore
8738707,923186.0,Robson Bambu,1661.0,substitution,63,,,,,,injury,sofascore
8738707,362014.0,Hamari Traoré,1658.0,card,63,,,,,,yellow,sofascore
8738707,795761.0,Kasper Dolberg,1661.0,substitution,57,,,,,,regular,sofascore
8738707,,,,period,45,,,,,,,sofascore
8738707,139228.0,M'Baye Niang,1658.0,goal,28,,,,,,regular,sofascore
8738708,,,,period,90,,,,,,,sofascore
8738708,805123.0,Yoane Wissa,1656.0,goal,90,,,,,,regular,sofascore
8738708,,,,injuryTime,90,,,,,,,sofascore
8738708,932643.0,Armand Laurienté,1656.0,varDecision,89,,,,,,goalAwarded,sofascore
8738708,51421.0,Nolan Roux,1663.0,varDecision,86,,,,,,goalAwarded,sofascore
8738708,974418.0,Karim Aribi,1663.0,substitution,84,,,,,,regular,sofascore
8738708,894396.0,Terem Moffi,1656.0,substitution,83,,,,,,regular,sofascore
8738708,150865.0,Thomas Monconduit,1656.0,substitution,77,,,,,,regular,sofascore
8738708,984014.0,Enzo Le Fée,1656.0,substitution,77,,,,,,regular,sofascore
8738708,156303.0,Jérôme Hergault,1656.0,substitution,77,,,,,,regular,sofascore
8738708,796082.0,Sidy Sarr,1663.0,substitution,76,,,,,,regular,sofascore
8738708,51421.0,Nolan Roux,1663.0,substitution,66,,,,,,regular,sofascore
8738708,805123.0,Yoane Wissa,1656.0,substitution,60,,,,,,regular,sofascore
8738708,827934.0,Andreaw Gravillon,1656.0,card,55,,,,,,yellow,sofascore
8738708,230766.0,Haris Duljević,1663.0,substitution,46,,,,,,injury,sofascore
8738708,,,,period,45,,,,,,,sofascore
8738708,857471.0,Pierre-Yves Hamel,1656.0,goal,29,,,,,,penalty,sofascore
8738708,932643.0,Armand Laurienté,1656.0,card,19,,,,,,yellow,sofascore
8738708,827386.0,Quentin Boisgard,1656.0,goal,2,,,,,,regular,sofascore
8738709,,,,period,90,,,,,,,sofascore
8738709,,,,injuryTime,90,,,,,,,sofascore
8738709,839226.0,Pietro Pellegri,1653.0,substitution,85,,,,,,regular,sofascore
8738709,123388.0,Djibril Sidibé,1653.0,substitution,85,,,,,,regular,sofascore
8738709,944327.0,Dan Ndoye,1661.0,substitution,83,,,,,,injury,sofascore
8738709,855845.0,Florentino Luís,1653.0,substitution,79,,,,,,regular,sofascore
8738709,119192.0,Wissam Ben Yedder,1653.0,card,75,,,,,,yellow,sofascore
8738709,877979.0,Willem Geubbels,1653.0,substitution,73,,,,,,regular,sofascore
8738709,944164.0,Sofiane Diop,1653.0,card,69,,,,,,yellow,sofascore
8738709,27009.0,Morgan Schneiderlin,1661.0,card,69,,,,,,yellow,sofascore
8738709,801306.0,Pierre Lees Melou,1661.0,goal,69,,,,,,regular,sofascore
8738709,851262.0,Myziane Maolida,1661.0,substitution,67,,,,,,regular,sofascore
8738709,190147.0,Rony Lopes,1661.0,substitution,67,,,,,,regular,sofascore
8738709,822877.0,Alexis Claude-Maurice,1661.0,substitution,67,,,,,,regular,sofascore
8738709,944164.0,Sofiane Diop,1653.0,goal,53,,,,,,regular,sofascore
8738709,877978.0,Andy Pelmard,1661.0,substitution,46,,,,,,regular,sofascore
8738709,,,,period,45,,,,,,,sofascore
8738709,,,,injuryTime,45,,,,,,,sofascore
8738709,827243.0,Axel Disasi,1653.0,goal,23,,,,,,regular,sofascore
8738709,985923.0,Hicham Boudaoui,1661.0,card,18,,,,,,yellow,sofascore
8738710,,,,period,90,,,,,,,sofascore
8738710,1046150.0,Eliot Matazo,1653.0,substitution,90,,,,,,regular,sofascore
8738710,37126.0,Stevan Jovetić,1653.0,substitution,90,,,,,,regular,sofascore
8738710,855845.0,Florentino Luís,1653.0,substitution,90,,,,,,injury,sofascore
8738710,,,,injuryTime,90,,,,,,,sofascore
8738710,352916.0,Presnel Kimpembe,1644.0,card,88,,,,,,yellow,sofascore
8738710,518.0,Cesc Fàbregas,1653.0,card,87,,,,,,yellow,sofascore
8738710,152420.0,Alessandro Florenzi,1644.0,substitution,85,,,,,,regular,sofascore
8738710,518.0,Cesc Fàbregas,1653.0,goal,84,,,,,,penalty,sofascore
8738710,280435.0,Abdou Diallo,1644.0,card,83,,,,,,red,sofascore
8738710,280435.0,Abdou Diallo,1644.0,varDecision,82,,,,,,cardUpgrade,sofascore
8738710,962872.0,Kays Ruiz-Atil,1644.0,card,80,,,,,,yellow,sofascore
8738710,962872.0,Kays Ruiz-Atil,1644.0,substitution,69,,,,,,regular,sofascore
8738710,255389.0,Leandro Paredes,1644.0,substitution,69,,,,,,regular,sofascore
8738710,856638.0,Mitchel Bakker,1644.0,substitution,68,,,,,,regular,sofascore
8738710,117373.0,Kevin Volland,1653.0,goal,65,,,,,,regular,sofascore
8738710,124712.0,Neymar,1644.0,substitution,60,,,,,,regular,sofascore
8738710,117373.0,Kevin Volland,1653.0,goal,52,,,,,,regular,sofascore
8738710,845170.0,Caio Henrique,1653.0,substitution,46,,,,,,regular,sofascore
8738710,518.0,Cesc Fàbregas,1653.0,substitution,46,,,,,,regular,sofascore
8738710,,,,period,45,,,,,,,sofascore
8738710,,,,injuryTime,45,,,,,,,sofascore
8738710,826643.0,Kylian Mbappé,1644.0,varDecision,45,,,,,,goalAwarded,sofascore
8738710,826643.0,Kylian Mbappé,1644.0,goal,37,,,,,,penalty,sofascore
8738710,945062.0,Youssouf Fofana,1653.0,card,35,,,,,,yellow,sofascore
8738710,826643.0,Kylian Mbappé,1644.0,goal,25,,,,,,regular,sofascore
8738710,99545.0,Danilo Pereira,1644.0,card,20,,,,,,yellow,sofascore
8738711,,,,period,90,,,,,,,sofascore
8738711,123264.0,Jonas Martin,1658.0,card,90,,,,,,yellow,sofascore
8738711,,,,injuryTime,90,,,,,,,sofascore
8738711,826134.0,Trevoh Chalobah,1656.0,card,87,,,,,,yellow,sofascore
8738711,845119.0,Houboulang Mendes,1656.0,substitution,85,,,,,,regular,sofascore
8738711,827386.0,Quentin Boisgard,1656.0,goal,83,,,,,,regular,sofascore
8738711,328027.0,Serhou Guirassy,1658.0,substitution,82,,,,,,regular,sofascore
8738711,123264.0,Jonas Martin,1658.0,substitution,81,,,,,,regular,sofascore
8738711,963211.0,Brandon Soppy,1658.0,card,79,,,,,,yellow,sofascore
8738711,999028.0,Adrien Truffert,1658.0,substitution,69,,,,,,regular,sofascore
8738711,932643.0,Armand Laurienté,1656.0,substitution,65,,,,,,regular,sofascore
8738711,827386.0,Quentin Boisgard,1656.0,substitution,65,,,,,,regular,sofascore
8738711,282095.0,Adrian Grbić,1656.0,substitution,65,,,,,,regular,sofascore
8738711,296434.0,Laurent Abergel,1656.0,substitution,55,,,,,,regular,sofascore
8738711,,,,period,45,,,,,,,sofascore
8738711,,,,injuryTime,45,,,,,,,sofascore
8738711,963211.0,Brandon Soppy,1658.0,substitution,24,,,,,,injury,sofascore
8738711,846445.0,Martin Terrier,1658.0,goal,14,,,,,,regular,sofascore
8738712,,,,period,90,,,,,,,sofascore
8738712,915567.0,Aurélien Scheidler,1686.0,card,90,,,,,,yellow,sofascore
8738712,,,,injuryTime,90,,,,,,,sofascore
8738712,123164.0,Dennis Appiah,1647.0,substitution,89,,,,,,regular,sofascore
8738712,915567.0,Aurélien Scheidler,1686.0,substitution,87,,,,,,regular,sofascore
8738712,897623.0,Alex Dobre,1686.0,substitution,76,,,,,,regular,sofascore
8738712,806076.0,Ludovic Blas,1647.0,substitution,75,,,,,,regular,sofascore
8738712,871706.0,Randal Kolo Muani,1647.0,substitution,63,,,,,,regular,sofascore
8738712,149732.0,Abdoulaye Touré,1647.0,substitution,63,,,,,,regular,sofascore
8738712,938270.0,Abdoul Kader Bamba,1647.0,substitution,62,,,,,,regular,sofascore
8738712,157143.0,Moussa Konaté,1686.0,goal,54,,,,,,regular,sofascore
8738712,845274.0,Mounir Chouiar,1686.0,substitution,46,,,,,,regular,sofascore
8738712,,,,period,45,,,,,,,sofascore
8738712,,,,injuryTime,45,,,,,,,sofascore
8738712,799216.0,Pedro Chirivella,1647.0,card,31,,,,,,yellow,sofascore
8738712,330051.0,Moses Simon,1647.0,goal,24,,,,,,penalty,sofascore
8738712,867438.0,Jonathan Panzo,1686.0,card,22,,,,,,yellow,sofascore
8738712,806076.0,Ludovic Blas,1647.0,card,-5,,,,,,yellow,sofascore
8738713,,,,period,90,,,,,,,sofascore
8738713,51371.0,Vincent Manceau,1684.0,varDecision,90,,,,,,cardUpgrade,sofascore
8738713,51371.0,Vincent Manceau,1684.0,card,90,,,,,,yellow,sofascore
8738713,308130.0,Jimmy Cabot,1684.0,goal,90,,,,,,regular,sofascore
8738713,796085.0,Moussa Koné,1663.0,goal,90,,,,,,regular,sofascore
8738713,,,,injuryTime,90,,,,,,,sofascore
8738713,757730.0,Antonin Bobichon,1684.0,substitution,84,,,,,,regular,sofascore
8738713,294641.0,Loïs Diony,1684.0,goal,82,,,,,,penalty,sofascore
8738713,804621.0,Lassana Coulibaly,1684.0,card,78,,,,,,yellow,sofascore
8738713,804621.0,Lassana Coulibaly,1684.0,substitution,75,,,,,,regular,sofascore
8738713,930584.0,Farid El Melali,1684.0,substitution,75,,,,,,regular,sofascore
8738713,308130.0,Jimmy Cabot,1684.0,substitution,69,,,,,,regular,sofascore
8738713,294641.0,Loïs Diony,1684.0,substitution,69,,,,,,regular,sofascore
8738713,796085.0,Moussa Koné,1663.0,substitution,67,,,,,,regular,sofascore
8738713,247445.0,Renaud Ripart,1663.0,substitution,66,,,,,,regular,sofascore
8738713,153220.0,Stéphane Bahoken,1684.0,varDecision,58,,,,,,goalNotAwarded,sofascore
8738713,153220.0,Stéphane Bahoken,1684.0,goal,56,,,,,,regular,sofascore
8738713,51349.0,Lucas Deaux,1663.0,card,55,,,,,,yellow,sofascore
8738713,257421.0,Ibrahim Amadou,1684.0,card,54,,,,,,yellow,sofascore
8738713,862470.0,Kévin Denkey,1663.0,substitution,46,,,,,,regular,sofascore
8738713,,,,period,45,,,,,,,sofascore
8738713,,,,injuryTime,45,,,,,,,sofascore
8738713,944142.0,Yassine Benrahou,1663.0,card,39,,,,,,yellow,sofascore
8738713,153220.0,Stéphane Bahoken,1684.0,goal,23,,,,,,regular,sofascore
8738713,14142.0,Thomas Mangani,1684.0,card,17,,,,,,yellow,sofascore
8738713,831400.0,Mathias Pereira Lage,1684.0,card,14,,,,,,yellow,sofascore
8738713,831400.0,Mathias Pereira Lage,1684.0,goal,1,,,,,,regular,sofascore
8738714,,,,period,90,,,,,,,sofascore
8738714,,,,injuryTime,90,,,,,,,sofascore
8738714,891793.0,Kévin Zohi,1659.0,substitution,89,,,,,,regular,sofascore
8738714,27029.0,Steve Mandanda,1641.0,card,89,,,,,,yellow,sofascore
8738714,346262.0,Saîf-Eddine Khaoui,1641.0,card,87,,,,,,yellow,sofascore
8738714,829093.0,Ibrahima Sissoko,1659.0,substitution,82,,,,,,regular,sofascore
8738714,109851.0,Majeed Waris,1659.0,substitution,82,,,,,,regular,sofascore
8738714,346262.0,Saîf-Eddine Khaoui,1641.0,substitution,81,,,,,,regular,sofascore
8738714,34221.0,Kevin Strootman,1641.0,substitution,77,,,,,,injury,sofascore
8738714,914660.0,Mehdi Chahiri,1659.0,substitution,75,,,,,,regular,sofascore
8738714,250133.0,Morgan Sanson,1641.0,goal,72,,,,,,regular,sofascore
8738714,122630.0,Darío Benedetto,1641.0,substitution,65,,,,,,regular,sofascore
8738714,14216.0,Dimitri Payet,1641.0,substitution,65,,,,,,regular,sofascore
8738714,826204.0,Boubacar Kamara,1641.0,card,58,,,,,,yellow,sofascore
8738714,342915.0,Jordan Amavi,1641.0,card,52,,,,,,yellow,sofascore
8738714,250133.0,Morgan Sanson,1641.0,substitution,46,,,,,,regular,sofascore
8738714,,,,period,45,,,,,,,sofascore
8738715,,,,period,90,,,,,,,sofascore
8738715,,,,injuryTime,90,,,,,,,sofascore
8738715,789984.0,Dereck Kutesa,1682.0,substitution,87,,,,,,regular,sofascore
8738715,831400.0,Mathias Pereira Lage,1684.0,substitution,85,,,,,,injury,sofascore
8738715,831781.0,Ghislain Konan,1682.0,substitution,83,,,,,,injury,sofascore
8738715,930584.0,Farid El Melali,1684.0,substitution,81,,,,,,regular,sofascore
8738715,579596.0,Moussa Doumbia,1682.0,substitution,79,,,,,,regular,sofascore
8738715,982615.0,El Bilal Touré,1682.0,substitution,79,,,,,,regular,sofascore
8738715,361696.0,Wout Faes,1682.0,card,75,,,,,,yellow,sofascore
8738715,257421.0,Ibrahim Amadou,1684.0,substitution,71,,,,,,regular,sofascore
8738715,1063235.0,Mohamed Ali Cho,1684.0,substitution,71,,,,,,regular,sofascore
8738715,257205.0,Sofiane Boufal,1684.0,substitution,71,,,,,,regular,sofascore
8738715,,,,period,45,,,,,,,sofascore
8738715,,,,injuryTime,45,,,,,,,sofascore
8738715,845750.0,Moreto Cassama,1682.0,card,24,,,,,,yellow,sofascore
8738715,121180.0,Abdoulaye Bamba,1684.0,card,20,,,,,,yellow,sofascore
8738716,,,,period,90,,,,,,,sofascore
8738716,,,,injuryTime,90,,,,,,,sofascore
8738716,37126.0,Stevan Jovetić,1653.0,substitution,83,,,,,,regular,sofascore
8738716,788170.0,Fodé Ballo-Touré,1653.0,substitution,83,,,,,,regular,sofascore
8738716,901885.0,Flavius Daniliuc,1661.0,substitution,75,,,,,,regular,sofascore
8738716,190147.0,Rony Lopes,1661.0,substitution,73,,,,,,regular,sofascore
8738716,579576.0,Ruben Aguilar,1653.0,substitution,69,,,,,,regular,sofascore
8738716,318963.0,Aleksandr Golovin,1653.0,substitution,64,,,,,,regular,sofascore
8738716,877978.0,Andy Pelmard,1661.0,substitution,60,,,,,,regular,sofascore
8738716,119192.0,Wissam Ben Yedder,1653.0,goal,51,,,,,,regular,sofascore
8738716,796279.0,Jordan Lotomba,1661.0,card,50,,,,,,yellow,sofascore
8738716,801306.0,Pierre Lees Melou,1661.0,goal,47,,,,,,regular,sofascore
8738716,794269.0,Jeff Reine-Adélaïde,1661.0,substitution,46,,,,,,regular,sofascore
8738716,827243.0,Axel Disasi,1653.0,substitution,46,,,,,,regular,sofascore
8738716,851262.0,Myziane Maolida,1661.0,substitution,46,,,,,,regular,sofascore
8738716,,,,period,45,,,,,,,sofascore
8738716,,,,injuryTime,45,,,,,,,sofascore
8738716,27009.0,Morgan Schneiderlin,1661.0,card,40,,,,,,yellow,sofascore
8738716,822877.0,Alexis Claude-Maurice,1661.0,card,34,,,,,,yellow,sofascore
8738716,119192.0,Wissam Ben Yedder,1653.0,goal,28,,,,,,penalty,sofascore
8738716,945217.0,Jean-Clair Todibo,1661.0,card,17,,,,,,yellow,sofascore
8738717,,,,period,90,,,,,,,sofascore
8738717,149732.0,Abdoulaye Touré,1647.0,substitution,90,,,,,,regular,sofascore
8738717,,,,injuryTime,90,,,,,,,sofascore
8738717,760618.0,Denis Bouanga,1678.0,card,89,,,,,,yellow,sofascore
8738717,159701.0,Kalifa Coulibaly,1647.0,substitution,80,,,,,,regular,sofascore
8738717,51640.0,Wahbi Khazri,1678.0,card,80,,,,,,yellow,sofascore
8738717,51640.0,Wahbi Khazri,1678.0,substitution,74,,,,,,regular,sofascore
8738717,794836.0,Andrei Girotto,1647.0,card,65,,,,,,yellow,sofascore
8738717,790198.0,Pape Abou Cissé,1678.0,card,61,,,,,,yellow,sofascore
8738717,916041.0,Mahdi Camara,1678.0,goal,57,,,,,,regular,sofascore
8738717,21931.0,Anthony Modeste,1678.0,substitution,46,,,,,,regular,sofascore
8738717,74139.0,Romain Hamouma,1678.0,substitution,46,,,,,,regular,sofascore
8738717,,,,period,45,,,,,,,sofascore
8738717,,,,injuryTime,45,,,,,,,sofascore
8738717,871706.0,Randal Kolo Muani,1647.0,goal,36,,,,,,regular,sofascore
8738717,1012657.0,Lucas Gourna-Douath,1678.0,substitution,27,,,,,,injury,sofascore
8738718,,,,period,90,,,,,,,sofascore
8738718,,,,injuryTime,90,,,,,,,sofascore
8738718,935564.0,Jonathan David,1643.0,goal,89,,,,,,regular,sofascore
8738718,980403.0,Isaac Lihadji,1643.0,substitution,81,,,,,,regular,sofascore
8738718,892735.0,Tiago Djaló,1643.0,substitution,81,,,,,,regular,sofascore
8738718,963298.0,Dilane Bakwa,1645.0,substitution,78,,,,,,regular,sofascore
8738718,963300.0,Amadou Traoré,1645.0,substitution,78,,,,,,regular,sofascore
8738718,1047931.0,Tom Lacoux,1645.0,substitution,78,,,,,,regular,sofascore
8738718,887581.0,Boubakary Soumaré,1643.0,substitution,72,,,,,,regular,sofascore
8738718,74045.0,Nicolas de Préville,1645.0,substitution,72,,,,,,regular,sofascore
8738718,318967.0,Renato Sanches,1643.0,card,69,,,,,,yellow,sofascore
8738718,855810.0,Tim Weah,1643.0,goal,66,,,,,,regular,sofascore
8738718,3305.0,Hatem Ben Arfa,1645.0,card,63,,,,,,yellow,sofascore
8738718,840451.0,Luiz Araújo,1643.0,substitution,62,,,,,,injury,sofascore
8738718,935564.0,Jonathan David,1643.0,substitution,62,,,,,,regular,sofascore
8738718,827804.0,Yusuf Yazıcı,1643.0,goal,54,,,,,,regular,sofascore
8738718,,,,period,45,,,,,,,sofascore
8738718,858705.0,Xeka,1643.0,card,45,,,,,,yellow,sofascore
8738718,,,,injuryTime,45,,,,,,,sofascore
8738719,,,,period,90,,,,,,,sofascore
8738719,,,,injuryTime,90,,,,,,,sofascore
8738719,980418.0,Sacha Boey,1686.0,substitution,85,,,,,,regular,sofascore
8738719,309510.0,Jordan Marié,1686.0,substitution,80,,,,,,regular,sofascore
8738719,859027.0,Maxence Caqueret,1649.0,substitution,76,,,,,,regular,sofascore
8738719,238708.0,Islam Slimani,1649.0,substitution,75,,,,,,regular,sofascore
8738719,937741.0,Senou Coulibaly,1686.0,card,74,,,,,,yellow,sofascore
8738719,329303.0,Thiago Mendes,1649.0,substitution,63,,,,,,regular,sofascore
8738719,845274.0,Mounir Chouiar,1686.0,card,61,,,,,,yellow,sofascore
8738719,845274.0,Mounir Chouiar,1686.0,substitution,59,,,,,,regular,sofascore
8738719,557166.0,Mama Baldé,1686.0,substitution,59,,,,,,regular,sofascore
8738719,281013.0,Bersant Celina,1686.0,substitution,59,,,,,,regular,sofascore
8738719,137667.0,Mattia De Sciglio,1649.0,substitution,46,,,,,,regular,sofascore
8738719,,,,period,45,,,,,,,sofascore
8738719,839981.0,Lucas Paquetá,1649.0,goal,22,,,,,,regular,sofascore
8738720,,,,period,90,,,,,,,sofascore
8738720,191178.0,Corentin Jean,1648.0,varDecision,90,,,,,,penaltyAwarded,sofascore
8738720,788921.0,Florian Sotoca,1648.0,goal,90,,,,,,regular,sofascore
8738720,788921.0,Florian Sotoca,1648.0,goal,90,,,,,,regular,sofascore
8738720,,,,injuryTime,90,,,,,,,sofascore
8738720,789984.0,Dereck Kutesa,1682.0,substitution,86,,,,,,regular,sofascore
8738720,191178.0,Corentin Jean,1648.0,substitution,82,,,,,,regular,sofascore
8738720,960080.0,Boulaye Dia,1682.0,goal,81,,,,,,regular,sofascore
8738720,860307.0,Facundo Medina,1682.0,goal,79,,,,,,ownGoal,sofascore
8738720,245615.0,Thomas Foket,1648.0,goal,77,,,,,,ownGoal,sofascore
8738720,1006489.0,Loïc Badé,1648.0,card,76,,,,,,yellow,sofascore
8738720,954061.0,Arnaud Kalimuendo,1648.0,substitution,73,,,,,,regular,sofascore
8738720,1023091.0,David Pereira Da Costa,1648.0,substitution,72,,,,,,regular,sofascore
8738720,845750.0,Moreto Cassama,1682.0,substitution,69,,,,,,regular,sofascore
8738720,191188.0,Seko Fofana,1648.0,substitution,63,,,,,,regular,sofascore
8738720,291695.0,Issiaga Sylla,1648.0,substitution,63,,,,,,regular,sofascore
8738720,982615.0,El Bilal Touré,1682.0,substitution,63,,,,,,regular,sofascore
8738720,960080.0,Boulaye Dia,1682.0,goal,54,,,,,,regular,sofascore
8738720,816810.0,Mathieu Cafaro,1682.0,goal,47,,,,,,regular,sofascore
8738720,361696.0,Wout Faes,1682.0,card,46,,,,,,yellow,sofascore
8738720,579596.0,Moussa Doumbia,1682.0,substitution,46,,,,,,regular,sofascore
8738720,,,,period,45,,,,,,,sofascore
8738720,,,,injuryTime,45,,,,,,,sofascore
8738720,825945.0,Simon Banza,1648.0,goal,21,,,,,,regular,sofascore
8738720,593546.0,Tony Mauricio,1648.0,card,18,,,,,,yellow,sofascore
8738720,860307.0,Facundo Medina,1648.0,card,14,,,,,,yellow,sofascore
8738721,,,,period,90,,,,,,,sofascore
8738721,990227.0,Aimen Moueffek,1678.0,card,90,,,,,,yellow,sofascore
8738721,329303.0,Thiago Mendes,1649.0,card,90,,,,,,yellow,sofascore
8738721,,,,injuryTime,90,,,,,,,sofascore
8738721,760618.0,Denis Bouanga,1678.0,inGamePenalty,88,,,,,,missed,sofascore
8738721,1014408.0,Maxence Rivera,1678.0,varDecision,87,,,,,,penaltyNotAwarded,sofascore
8738721,927975.0,Jean Lucas,1649.0,substitution,86,,,,,,regular,sofascore
8738721,839981.0,Lucas Paquetá,1649.0,card,83,,,,,,yellow,sofascore
8738721,1014408.0,Maxence Rivera,1678.0,substitution,79,,,,,,regular,sofascore
8738721,990227.0,Aimen Moueffek,1678.0,substitution,79,,,,,,regular,sofascore
8738721,906075.0,Melvin Bard,1649.0,substitution,78,,,,,,regular,sofascore
8738721,51640.0,Wahbi Khazri,1678.0,substitution,75,,,,,,regular,sofascore
8738721,810535.0,Tino Kadewere,1649.0,goal,74,,,,,,regular,sofascore
8738721,280439.0,Maxwel Cornet,1649.0,card,68,,,,,,yellow,sofascore
8738721,74139.0,Romain Hamouma,1678.0,substitution,67,,,,,,regular,sofascore
8738721,810535.0,Tino Kadewere,1649.0,goal,65,,,,,,regular,sofascore
8738721,1012657.0,Lucas Gourna-Douath,1678.0,card,64,,,,,,yellow,sofascore
8738721,810535.0,Tino Kadewere,1649.0,substitution,57,,,,,,regular,sofascore
8738721,839981.0,Lucas Paquetá,1649.0,substitution,57,,,,,,regular,sofascore
8738721,329303.0,Thiago Mendes,1649.0,substitution,56,,,,,,injury,sofascore
8738721,862194.0,Zaydou Youssouf,1678.0,card,52,,,,,,yellow,sofascore
8738721,866469.0,Bruno Guimarães,1649.0,card,50,,,,,,yellow,sofascore
8738721,,,,period,45,,,,,,,sofascore
8738721,,,,injuryTime,45,,,,,,,sofascore
8738721,859027.0,Maxence Caqueret,1649.0,card,42,,,,,,yellow,sofascore
8738721,48535.0,Anthony Lopes,1678.0,goal,40,,,,,,ownGoal,sofascore
8738722,,,,period,90,,,,,,,sofascore
8738722,356024.0,Thierry Ambrose,1651.0,card,90,,,,,,yellow,sofascore
8738722,,,,injuryTime,90,,,,,,,sofascore
8738722,845271.0,Dylan Bronn,1651.0,card,82,,,,,,yellow,sofascore
8738722,787827.0,Matthieu Udol,1651.0,substitution,79,,,,,,regular,sofascore
8738722,940360.0,Warren Tchimbembé,1651.0,substitution,79,,,,,,regular,sofascore
8738722,802034.0,Fabien Centonze,1651.0,card,76,,,,,,yellow,sofascore
8738722,359246.0,Habib Maïga,1651.0,card,74,,,,,,yellow,sofascore
8738722,66309.0,Petar Škuletić,1642.0,substitution,72,,,,,,regular,sofascore
8738722,38688.0,Damien Le Tallec,1642.0,substitution,72,,,,,,regular,sofascore
8738722,149730.0,Gaëtan Laborde,1642.0,goal,70,,,,,,regular,sofascore
8738722,1046147.0,Lamine Gueye,1651.0,substitution,66,,,,,,regular,sofascore
8738722,979315.0,Elye Wahi,1642.0,substitution,61,,,,,,regular,sofascore
8738722,5585.0,Daniel Congré,1642.0,card,58,,,,,,yellow,sofascore
8738722,93570.0,Arnaud Souquet,1642.0,substitution,53,,,,,,regular,sofascore
8738722,356024.0,Thierry Ambrose,1651.0,substitution,53,,,,,,regular,sofascore
8738722,822703.0,Mamadou Fofana,1651.0,substitution,53,,,,,,regular,sofascore
8738722,1002711.0,Pape Matar Sarr,1651.0,goal,47,,,,,,regular,sofascore
8738722,886286.0,Nicolas Cozza,1642.0,substitution,46,,,,,,injury,sofascore
8738722,,,,period,45,,,,,,,sofascore
8738722,,,,injuryTime,45,,,,,,,sofascore
8738722,352966.0,Aaron Leya Iseka,1651.0,card,33,,,,,,yellow,sofascore
8738722,73188.0,John Boye,1651.0,card,9,,,,,,yellow,sofascore
8738723,,,,period,90,,,,,,,sofascore
8738723,855845.0,Florentino Luís,1653.0,card,90,,,,,,yellow,sofascore
8738723,331753.0,Renaud Emond,1647.0,card,90,,,,,,yellow,sofascore
8738723,788170.0,Fodé Ballo-Touré,1653.0,substitution,90,,,,,,regular,sofascore
8738723,,,,injuryTime,90,,,,,,,sofascore
8738723,965353.0,Bridge Ndilu,1647.0,substitution,87,,,,,,regular,sofascore
8738723,331753.0,Renaud Emond,1647.0,goal,83,,,,,,regular,sofascore
8738723,855845.0,Florentino Luís,1653.0,substitution,80,,,,,,regular,sofascore
8738723,839226.0,Pietro Pellegri,1653.0,substitution,79,,,,,,regular,sofascore
8738723,106496.0,Nicolas Pallois,1647.0,card,73,,,,,,red,sofascore
8738723,106496.0,Nicolas Pallois,1647.0,card,73,,,,,,yellow,sofascore
8738723,37126.0,Stevan Jovetić,1653.0,substitution,69,,,,,,regular,sofascore
8738723,318963.0,Aleksandr Golovin,1653.0,substitution,69,,,,,,regular,sofascore
8738723,799216.0,Pedro Chirivella,1647.0,substitution,62,,,,,,regular,sofascore
8738723,331753.0,Renaud Emond,1647.0,substitution,62,,,,,,regular,sofascore
8738723,806076.0,Ludovic Blas,1647.0,substitution,62,,,,,,regular,sofascore
8738723,117373.0,Kevin Volland,1653.0,goal,60,,,,,,regular,sofascore
8738723,123164.0,Dennis Appiah,1647.0,card,55,,,,,,yellow,sofascore
8738723,,,,period,45,,,,,,,sofascore
8738723,339909.0,Guillermo Maripán,1653.0,goal,45,,,,,,regular,sofascore
8738723,,,,injuryTime,45,,,,,,,sofascore
8738723,123164.0,Dennis Appiah,1647.0,substitution,34,,,,,,injury,sofascore
8738723,945062.0,Youssouf Fofana,1653.0,card,29,,,,,,yellow,sofascore
8738723,873534.0,Krépin Diatta,1653.0,card,19,,,,,,yellow,sofascore
8738724,,,,period,90,,,,,,,sofascore
8738724,191178.0,Corentin Jean,1648.0,card,90,,,,,,yellow,sofascore
8738724,150212.0,Álvaro González,1641.0,card,90,,,,,,yellow,sofascore
8738724,,,,injuryTime,90,,,,,,,sofascore
8738724,977679.0,Luís Henrique,1641.0,substitution,89,,,,,,regular,sofascore
8738724,593546.0,Tony Mauricio,1648.0,substitution,82,,,,,,regular,sofascore
8738724,1006489.0,Loïc Badé,1648.0,substitution,82,,,,,,regular,sofascore
8738724,191178.0,Corentin Jean,1648.0,substitution,82,,,,,,regular,sofascore
8738724,1046473.0,Cheick Souaré,1641.0,substitution,81,,,,,,regular,sofascore
8738724,34639.0,Yuto Nagatomo,1641.0,substitution,81,,,,,,regular,sofascore
8738724,860307.0,Facundo Medina,1648.0,card,63,,,,,,yellow,sofascore
8738724,860307.0,Facundo Medina,1648.0,goal,61,,,,,,regular,sofascore
8738724,122630.0,Darío Benedetto,1641.0,substitution,60,,,,,,regular,sofascore
8738724,844480.0,Pol Lirola,1641.0,card,60,,,,,,yellow,sofascore
8738724,906047.0,Cheick Doucouré,1648.0,card,48,,,,,,yellow,sofascore
8738724,788921.0,Florian Sotoca,1648.0,goal,46,,,,,,regular,sofascore
8738724,954061.0,Arnaud Kalimuendo,1648.0,substitution,46,,,,,,regular,sofascore
8738724,,,,period,45,,,,,,,sofascore
8738724,161325.0,Arkadiusz Milik,1641.0,goal,45,,,,,,regular,sofascore
8738724,,,,injuryTime,45,,,,,,,sofascore
8738724,191188.0,Seko Fofana,1648.0,card,43,,,,,,yellow,sofascore
8738724,148824.0,Florian Thauvin,1641.0,goal,37,,,,,,regular,sofascore
8738725,,,,period,90,,,,,,,sofascore
8738725,153218.0,Thomas Delaine,1651.0,card,90,,,,,,yellow,sofascore
8738725,845274.0,Mounir Chouiar,1686.0,card,90,,,,,,yellow,sofascore
8738725,,,,injuryTime,90,,,,,,,sofascore
8738725,826551.0,Pape Cheikh,1686.0,substitution,82,,,,,,regular,sofascore
8738725,356024.0,Thierry Ambrose,1651.0,substitution,77,,,,,,regular,sofascore
8738725,880525.0,Ngonda Muzinga,1686.0,substitution,68,,,,,,regular,sofascore
8738725,913191.0,Vagner Dias,1651.0,card,64,,,,,,yellow,sofascore
8738725,157143.0,Moussa Konaté,1686.0,substitution,63,,,,,,regular,sofascore
8738725,352966.0,Aaron Leya Iseka,1651.0,substitution,60,,,,,,regular,sofascore
8738725,913191.0,Vagner Dias,1651.0,substitution,60,,,,,,regular,sofascore
8738725,,,,period,45,,,,,,,sofascore
8738725,,,,injuryTime,45,,,,,,,sofascore
8738725,845274.0,Mounir Chouiar,1686.0,inGamePenalty,31,,,,,,missed,sofascore
8738725,991359.0,Papa Ndiaga Yade,1651.0,goal,21,,,,,,regular,sofascore
8738725,557166.0,Mama Baldé,1686.0,goal,13,,,,,,regular,sofascore
8738725,250453.0,Opa Nguette,1651.0,inGamePenalty,7,,,,,,missed,sofascore
8738726,,,,period,90,,,,,,,sofascore
8738726,,,,injuryTime,90,,,,,,,sofascore
8738726,984014.0,Enzo Le Fée,1656.0,substitution,85,,,,,,regular,sofascore
8738726,282095.0,Adrian Grbić,1656.0,substitution,84,,,,,,regular,sofascore
8738726,806076.0,Ludovic Blas,1647.0,goal,83,,,,,,regular,sofascore
8738726,16429.0,Jérémy Morel,1656.0,card,81,,,,,,yellow,sofascore
8738726,938270.0,Abdoul Kader Bamba,1647.0,goal,80,,,,,,regular,sofascore
8738726,834881.0,Stéphane Diarra,1656.0,substitution,79,,,,,,regular,sofascore
8738726,150865.0,Thomas Monconduit,1656.0,substitution,79,,,,,,regular,sofascore
8738726,938270.0,Abdoul Kader Bamba,1647.0,substitution,77,,,,,,regular,sofascore
8738726,16460.0,Sylvain Marveaux,1656.0,substitution,65,,,,,,regular,sofascore
8738726,,,,period,45,,,,,,,sofascore
8738726,,,,injuryTime,45,,,,,,,sofascore
8738726,965943.0,Imrân Louza,1647.0,card,32,,,,,,yellow,sofascore
8738726,816115.0,Charles Traoré,1647.0,substitution,23,,,,,,injury,sofascore
8738726,932643.0,Armand Laurienté,1656.0,card,19,,,,,,yellow,sofascore
8738726,296434.0,Laurent Abergel,1656.0,card,18,,,,,,yellow,sofascore
8738727,,,,period,90,,,,,,,sofascore
8738727,358306.0,Il-Lok Yun,1642.0,card,90,,,,,,yellow,sofascore
8738727,,,,injuryTime,90,,,,,,,sofascore
8738727,1014408.0,Maxence Rivera,1678.0,substitution,86,,,,,,regular,sofascore
8738727,855944.0,Rayan Souici,1678.0,substitution,86,,,,,,regular,sofascore
8738727,66309.0,Petar Škuletić,1642.0,substitution,77,,,,,,regular,sofascore
8738727,886286.0,Nicolas Cozza,1642.0,substitution,76,,,,,,injury,sofascore
8738727,962877.0,Adil Aouchiche,1678.0,card,72,,,,,,yellow,sofascore
8738727,941161.0,Charles Abi,1678.0,substitution,70,,,,,,regular,sofascore
8738727,976396.0,Joris Chotard,1642.0,substitution,69,,,,,,regular,sofascore
8738727,845083.0,Keagan Dolly,1642.0,card,68,,,,,,yellow,sofascore
8738727,358306.0,Il-Lok Yun,1642.0,substitution,63,,,,,,regular,sofascore
8738727,149730.0,Gaëtan Laborde,1642.0,card,62,,,,,,yellow,sofascore
8738727,760618.0,Denis Bouanga,1678.0,substitution,60,,,,,,regular,sofascore
8738727,74139.0,Romain Hamouma,1678.0,card,51,,,,,,yellow,sofascore
8738727,962877.0,Adil Aouchiche,1678.0,substitution,46,,,,,,regular,sofascore
8738727,,,,period,45,,,,,,,sofascore
8738727,51640.0,Wahbi Khazri,1678.0,card,31,,,,,,yellow,sofascore
8738727,605338.0,Stephy Mavididi,1642.0,goal,14,,,,,,regular,sofascore
8738728,,,,period,90,,,,,,,sofascore
8738728,,,,injuryTime,90,,,,,,,sofascore
8738728,135775.0,Layvin Kurzawa,1644.0,card,86,,,,,,yellow,sofascore
8738728,825681.0,Romain Del Castillo,1658.0,substitution,79,,,,,,regular,sofascore
8738728,74083.0,Damien Da Silva,1644.0,goal,73,,,,,,ownGoal,sofascore
8738728,283083.0,Adrien Hunou,1658.0,substitution,67,,,,,,regular,sofascore
8738728,99545.0,Danilo Pereira,1644.0,substitution,61,,,,,,injury,sofascore
8738728,39009.0,Clément Grenier,1658.0,substitution,56,,,,,,regular,sofascore
8738728,846445.0,Martin Terrier,1658.0,substitution,56,,,,,,regular,sofascore
8738728,941300.0,Colin Dagba,1644.0,card,49,,,,,,yellow,sofascore
8738728,941300.0,Colin Dagba,1644.0,substitution,46,,,,,,regular,sofascore
8738728,,,,period,45,,,,,,,sofascore
8738728,,,,injuryTime,45,,,,,,,sofascore
8738728,856638.0,Mitchel Bakker,1644.0,substitution,36,,,,,,injury,sofascore
8738728,30027.0,Ángel Di María,1644.0,goal,21,,,,,,regular,sofascore
8738728,96367.0,Rafinha Alcântara,1644.0,substitution,13,,,,,,injury,sofascore
8738728,835601.0,Moise Kean,1644.0,goal,11,,,,,,regular,sofascore
8738728,82474.0,Ander Herrera,1644.0,card,4,,,,,,yellow,sofascore
8738729,,,,period,90,,,,,,,sofascore
8738729,552680.0,Léo Dubois,1649.0,goal,90,,,,,,regular,sofascore
8738729,1047931.0,Tom Lacoux,1645.0,substitution,90,,,,,,regular,sofascore
8738729,,,,injuryTime,90,,,,,,,sofascore
8738729,798002.0,Toma Bašić,1645.0,card,83,,,,,,yellow,sofascore
8738729,67308.0,Loris Benito,1645.0,card,83,,,,,,yellow,sofascore
8738729,152734.0,Maxime Poundjé,1645.0,substitution,83,,,,,,regular,sofascore
8738729,963300.0,Amadou Traoré,1645.0,substitution,82,,,,,,regular,sofascore
8738729,74045.0,Nicolas de Préville,1645.0,substitution,76,,,,,,regular,sofascore
8738729,238708.0,Islam Slimani,1649.0,substitution,72,,,,,,regular,sofascore
8738729,846081.0,Houssem Aouar,1649.0,substitution,72,,,,,,regular,sofascore
8738729,839981.0,Lucas Paquetá,1649.0,substitution,63,,,,,,regular,sofascore
8738729,280439.0,Maxwel Cornet,1649.0,substitution,63,,,,,,regular,sofascore
8738729,833030.0,Samuel Kalu,1645.0,goal,55,,,,,,regular,sofascore
8738729,,,,period,45,,,,,,,sofascore
8738729,,,,injuryTime,45,,,,,,,sofascore
8738729,842931.0,Karl Toko Ekambi,1649.0,goal,32,,,,,,regular,sofascore
8738729,996951.0,Sinaly Diomandé,1649.0,substitution,23,,,,,,injury,sofascore
8738729,329303.0,Thiago Mendes,1649.0,card,15,,,,,,yellow,sofascore
8738730,,,,period,90,,,,,,,sofascore
8738730,358306.0,Il-Lok Yun,1642.0,substitution,90,,,,,,regular,sofascore
8738730,,,,injuryTime,90,,,,,,,sofascore
8738730,886286.0,Nicolas Cozza,1642.0,substitution,89,,,,,,injury,sofascore
8738730,976396.0,Joris Chotard,1642.0,substitution,81,,,,,,regular,sofascore
8738730,363774.0,Mihailo Ristić,1642.0,substitution,81,,,,,,regular,sofascore
8738730,845083.0,Keagan Dolly,1642.0,substitution,74,,,,,,regular,sofascore
8738730,84744.0,Andy Delort,1642.0,goal,66,,,,,,regular,sofascore
8738730,243735.0,Pablo,1645.0,card,65,,,,,,yellow,sofascore
8738730,859024.0,Yacine Adli,1645.0,substitution,62,,,,,,regular,sofascore
8738730,74045.0,Nicolas de Préville,1645.0,substitution,62,,,,,,regular,sofascore
8738730,3209.0,Jimmy Briand,1645.0,substitution,61,,,,,,regular,sofascore
8738730,804619.0,Enock Kwateng,1645.0,card,51,,,,,,yellow,sofascore
8738730,234230.0,Florent Mollet,1642.0,goal,49,,,,,,regular,sofascore
8738730,,,,period,45,,,,,,,sofascore
8738730,,,,injuryTime,45,,,,,,,sofascore
8738730,123229.0,Jordan Ferri,1642.0,card,32,,,,,,yellow,sofascore
8738731,,,,period,90,,,,,,,sofascore
8738731,27622.0,José Fonte,1643.0,card,90,,,,,,yellow,sofascore
8738731,,,,injuryTime,90,,,,,,,sofascore
8738731,810526.0,Gautier Larsonneur,1715.0,card,87,,,,,,yellow,sofascore
8738731,148196.0,Cristian Battocchio,1715.0,substitution,83,,,,,,regular,sofascore
8738731,44213.0,Gaëtan Charbonnier,1715.0,substitution,78,,,,,,regular,sofascore
8738731,1047296.0,Jérémy Le Douaron,1715.0,substitution,78,,,,,,regular,sofascore
8738731,855810.0,Tim Weah,1643.0,substitution,76,,,,,,regular,sofascore
8738731,935564.0,Jonathan David,1643.0,substitution,66,,,,,,regular,sofascore
8738731,831424.0,Reinildo Mandava,1643.0,card,63,,,,,,yellow,sofascore
8738731,18864.0,Burak Yılmaz,1643.0,goal,57,,,,,,regular,sofascore
8738731,345035.0,Steve Mounié,1715.0,card,56,,,,,,yellow,sofascore
8738731,328035.0,Brendan Chardonnet,1715.0,card,52,,,,,,yellow,sofascore
8738731,980403.0,Isaac Lihadji,1643.0,substitution,46,,,,,,regular,sofascore
8738731,831424.0,Reinildo Mandava,1643.0,substitution,46,,,,,,regular,sofascore
8738731,858705.0,Xeka,1643.0,substitution,46,,,,,,regular,sofascore
8738731,,,,period,45,,,,,,,sofascore
8738731,18864.0,Burak Yılmaz,1643.0,card,45,,,,,,yellow,sofascore
8738731,18864.0,Burak Yılmaz,1643.0,goal,45,,,,,,penalty,sofascore
8738731,,,,injuryTime,45,,,,,,,sofascore
8738731,910046.0,Sven Botman,1643.0,card,42,,,,,,yellow,sofascore
8738731,605552.0,Irvin Cardona,1715.0,goal,41,,,,,,regular,sofascore
8738731,827804.0,Yusuf Yazıcı,1643.0,varDecision,40,,,,,,penaltyAwarded,sofascore
8738731,827519.0,Romain Perraud,1715.0,goal,19,,,,,,regular,sofascore
8738731,826293.0,Ronaël Pierre-Gabriel,1715.0,goal,15,,,,,,regular,sofascore
8738731,51471.0,Julien Faussurier,1715.0,card,-5,,,,,,yellow,sofascore
8738732,,,,period,90,,,,,,,sofascore
8738732,944327.0,Dan Ndoye,1661.0,substitution,90,,,,,,regular,sofascore
8738732,,,,injuryTime,90,,,,,,,sofascore
8738732,941161.0,Charles Abi,1678.0,goal,88,,,,,,regular,sofascore
8738732,941161.0,Charles Abi,1678.0,substitution,81,,,,,,regular,sofascore
8738732,16635.0,Kévin Monnet-Paquet,1678.0,substitution,81,,,,,,regular,sofascore
8738732,1012657.0,Lucas Gourna-Douath,1678.0,card,78,,,,,,yellow,sofascore
8738732,1012657.0,Lucas Gourna-Douath,1678.0,substitution,72,,,,,,regular,sofascore
8738732,851262.0,Myziane Maolida,1661.0,substitution,71,,,,,,regular,sofascore
8738732,985923.0,Hicham Boudaoui,1661.0,card,68,,,,,,yellow,sofascore
8738732,822877.0,Alexis Claude-Maurice,1661.0,substitution,62,,,,,,regular,sofascore
8738732,923186.0,Robson Bambu,1661.0,card,48,,,,,,yellow,sofascore
8738732,,,,period,45,,,,,,,sofascore
8738732,795128.0,Harold Moukoudi,1678.0,card,41,,,,,,yellow,sofascore
8738733,,,,period,90,,,,,,,sofascore
8738733,208234.0,Fouad Chafik,1686.0,card,90,,,,,,yellow,sofascore
8738733,,,,injuryTime,90,,,,,,,sofascore
8738733,855810.0,Tim Weah,1643.0,substitution,84,,,,,,regular,sofascore
8738733,858705.0,Xeka,1643.0,card,82,,,,,,yellow,sofascore
8738733,858705.0,Xeka,1643.0,substitution,81,,,,,,regular,sofascore
8738733,318967.0,Renato Sanches,1643.0,substitution,81,,,,,,regular,sofascore
8738733,157143.0,Moussa Konaté,1686.0,substitution,80,,,,,,regular,sofascore
8738733,897623.0,Alex Dobre,1686.0,substitution,80,,,,,,regular,sofascore
8738733,880525.0,Ngonda Muzinga,1686.0,card,75,,,,,,yellow,sofascore
8738733,802142.0,Jonathan Ikoné,1643.0,substitution,70,,,,,,regular,sofascore
8738733,892735.0,Tiago Djaló,1643.0,substitution,70,,,,,,regular,sofascore
8738733,208234.0,Fouad Chafik,1686.0,substitution,67,,,,,,regular,sofascore
8738733,51299.0,Frédéric Sammaritano,1686.0,substitution,67,,,,,,regular,sofascore
8738733,,,,period,45,,,,,,,sofascore
8738733,,,,injuryTime,45,,,,,,,sofascore
8738733,827804.0,Yusuf Yazıcı,1643.0,goal,29,,,,,,regular,sofascore
8738733,904994.0,Eric Ebimbe,1686.0,substitution,25,,,,,,injury,sofascore
8738733,910046.0,Sven Botman,1643.0,card,13,,,,,,yellow,sofascore
8738734,,,,period,90,,,,,,,sofascore
8738734,838688.0,Sofiane Alakouch,1663.0,substitution,90,,,,,,regular,sofascore
8738734,,,,injuryTime,90,,,,,,,sofascore
8738734,233114.0,Mauro Icardi,1644.0,substitution,88,,,,,,regular,sofascore
8738734,135775.0,Layvin Kurzawa,1644.0,substitution,88,,,,,,regular,sofascore
8738734,944142.0,Yassine Benrahou,1663.0,substitution,84,,,,,,regular,sofascore
8738734,99545.0,Danilo Pereira,1644.0,substitution,80,,,,,,regular,sofascore
8738734,142680.0,Julian Draxler,1644.0,substitution,80,,,,,,regular,sofascore
8738734,796085.0,Moussa Koné,1663.0,substitution,77,,,,,,regular,sofascore
8738734,1067123.0,Marco Majouga,1663.0,substitution,77,,,,,,regular,sofascore
8738734,96367.0,Rafinha Alcântara,1644.0,substitution,70,,,,,,regular,sofascore
8738734,826643.0,Kylian Mbappé,1644.0,goal,68,,,,,,regular,sofascore
8738734,51349.0,Lucas Deaux,1663.0,substitution,46,,,,,,regular,sofascore
8738734,,,,period,45,,,,,,,sofascore
8738734,138573.0,Pablo Sarabia,1644.0,goal,36,,,,,,regular,sofascore
8738734,606530.0,Birger Meling,1663.0,card,21,,,,,,yellow,sofascore
8738734,30027.0,Ángel Di María,1644.0,goal,18,,,,,,regular,sofascore
8738735,,,,period,90,,,,,,,sofascore
8738735,518.0,Cesc Fàbregas,1653.0,card,90,,,,,,yellow,sofascore
8738735,518.0,Cesc Fàbregas,1653.0,substitution,84,,,,,,regular,sofascore
8738735,37126.0,Stevan Jovetić,1653.0,substitution,83,,,,,,regular,sofascore
8738735,67308.0,Loris Benito,1645.0,card,73,,,,,,yellow,sofascore
8738735,339909.0,Guillermo Maripán,1653.0,substitution,72,,,,,,regular,sofascore
8738735,839226.0,Pietro Pellegri,1653.0,substitution,67,,,,,,regular,sofascore
8738735,804619.0,Enock Kwateng,1645.0,substitution,62,,,,,,regular,sofascore
8738735,117373.0,Kevin Volland,1653.0,goal,58,,,,,,regular,sofascore
8738735,123388.0,Djibril Sidibé,1653.0,substitution,46,,,,,,regular,sofascore
8738735,74045.0,Nicolas de Préville,1645.0,substitution,46,,,,,,regular,sofascore
8738735,3209.0,Jimmy Briand,1645.0,substitution,46,,,,,,regular,sofascore
8738735,925837.0,Mehdi Zerkane,1645.0,substitution,46,,,,,,regular,sofascore
8738735,,,,period,45,,,,,,,sofascore
8738735,579576.0,Ruben Aguilar,1653.0,card,41,,,,,,yellow,sofascore
8738735,117373.0,Kevin Volland,1653.0,goal,31,,,,,,regular,sofascore
8738735,364618.0,Gelson Martins,1653.0,goal,30,,,,,,regular,sofascore
8738735,119192.0,Wissam Ben Yedder,1653.0,goal,28,,,,,,penalty,sofascore
8738735,243735.0,Pablo,1645.0,card,27,,,,,,yellow,sofascore
8738736,,,,period,90,,,,,,,sofascore
8738736,,,,injuryTime,90,,,,,,,sofascore
8738736,982615.0,El Bilal Touré,1682.0,substitution,89,,,,,,regular,sofascore
8738736,157029.0,Xavier Chavalerin,1682.0,card,85,,,,,,yellow,sofascore
8738736,845273.0,Jean-Ricner Bellegarde,1659.0,substitution,81,,,,,,regular,sofascore
8738736,789984.0,Dereck Kutesa,1682.0,goal,80,,,,,,regular,sofascore
8738736,98197.0,Valon Berisha,1682.0,substitution,79,,,,,,regular,sofascore
8738736,789984.0,Dereck Kutesa,1682.0,substitution,75,,,,,,regular,sofascore
8738736,891793.0,Kévin Zohi,1659.0,substitution,64,,,,,,regular,sofascore
8738736,289977.0,Alexander Djiku,1659.0,card,64,,,,,,yellow,sofascore
8738736,,,,period,45,,,,,,,sofascore
8738736,361696.0,Wout Faes,1682.0,card,37,,,,,,yellow,sofascore
8738736,,,1659.0,card,-5,,,,,,yellow,sofascore
8738737,,,,period,90,,,,,,,sofascore
8738737,802034.0,Fabien Centonze,1651.0,card,90,,,,,,yellow,sofascore
8738737,,,,injuryTime,90,,,,,,,sofascore
8738737,352966.0,Aaron Leya Iseka,1651.0,substitution,87,,,,,,regular,sofascore
8738737,913191.0,Vagner Dias,1651.0,substitution,82,,,,,,regular,sofascore
8738737,991359.0,Papa Ndiaga Yade,1651.0,substitution,77,,,,,,regular,sofascore
8738737,1067123.0,Marco Majouga,1663.0,substitution,67,,,,,,regular,sofascore
8738737,974418.0,Karim Aribi,1663.0,substitution,67,,,,,,regular,sofascore
8738737,862470.0,Kévin Denkey,1663.0,substitution,66,,,,,,regular,sofascore
8738737,144976.0,Pablo Martinez,1663.0,card,65,,,,,,yellow,sofascore
8738737,1046147.0,Lamine Gueye,1651.0,card,57,,,,,,yellow,sofascore
8738737,822703.0,Mamadou Fofana,1651.0,substitution,46,,,,,,regular,sofascore
8738737,153218.0,Thomas Delaine,1651.0,substitution,46,,,,,,regular,sofascore
8738737,944142.0,Yassine Benrahou,1663.0,substitution,46,,,,,,regular,sofascore
8738737,,,,period,45,,,,,,,sofascore
8738737,822878.0,Lamine Fomba,1663.0,card,45,,,,,,yellow,sofascore
8738737,,,,injuryTime,45,,,,,,,sofascore
8738737,787827.0,Matthieu Udol,1651.0,card,44,,,,,,red,sofascore
8738737,51421.0,Nolan Roux,1663.0,card,40,,,,,,yellow,sofascore
8738737,1046147.0,Lamine Gueye,1651.0,goal,15,,,,,,regular,sofascore
8738738,,,,period,90,,,,,,,sofascore
8738738,,,,injuryTime,90,,,,,,,sofascore
8738738,37126.0,Stevan Jovetić,1653.0,substitution,83,,,,,,regular,sofascore
8738738,1046150.0,Eliot Matazo,1653.0,substitution,83,,,,,,regular,sofascore
8738738,945062.0,Youssouf Fofana,1653.0,card,83,,,,,,yellow,sofascore
8738738,777067.0,Florian Miguel,1663.0,substitution,80,,,,,,regular,sofascore
8738738,839226.0,Pietro Pellegri,1653.0,substitution,80,,,,,,regular,sofascore
8738738,788170.0,Fodé Ballo-Touré,1653.0,substitution,80,,,,,,regular,sofascore
8738738,117373.0,Kevin Volland,1653.0,goal,77,,,,,,regular,sofascore
8738738,364618.0,Gelson Martins,1653.0,goal,75,,,,,,regular,sofascore
8738738,51349.0,Lucas Deaux,1663.0,card,69,,,,,,red,sofascore
8738738,51349.0,Lucas Deaux,1663.0,varDecision,68,,,,,,cardUpgrade,sofascore
8738738,119192.0,Wissam Ben Yedder,1653.0,substitution,61,,,,,,regular,sofascore
8738738,316196.0,Niclas Eliasson,1663.0,substitution,46,,,,,,regular,sofascore
8738738,,,,period,45,,,,,,,sofascore
8738738,230766.0,Haris Duljević,1663.0,substitution,45,,,,,,injury,sofascore
8738738,944164.0,Sofiane Diop,1653.0,goal,19,,,,,,regular,sofascore
8738738,862470.0,Kévin Denkey,1663.0,card,4,,,,,,yellow,sofascore
8738739,,,,period,90,,,,,,,sofascore
8738739,34221.0,Kevin Strootman,1641.0,card,90,,,,,,yellow,sofascore
8738739,,,,injuryTime,90,,,,,,,sofascore
8738739,34639.0,Yuto Nagatomo,1641.0,substitution,87,,,,,,regular,sofascore
8738739,988839.0,Marley Aké,1641.0,substitution,85,,,,,,regular,sofascore
8738739,806076.0,Ludovic Blas,1647.0,card,83,,,,,,yellow,sofascore
8738739,34221.0,Kevin Strootman,1641.0,substitution,77,,,,,,regular,sofascore
8738739,140992.0,Valère Germain,1641.0,substitution,77,,,,,,regular,sofascore
8738739,352938.0,Jean-Kévin Augustin,1647.0,substitution,74,,,,,,regular,sofascore
8738739,785418.0,Marcus Coco,1647.0,substitution,74,,,,,,regular,sofascore
8738739,806076.0,Ludovic Blas,1647.0,goal,73,,,,,,regular,sofascore
8738739,150212.0,Álvaro González,1641.0,card,71,,,,,,yellow,sofascore
8738739,73056.0,Mehdi Abeid,1647.0,substitution,61,,,,,,regular,sofascore
8738739,794836.0,Andrei Girotto,1647.0,substitution,61,,,,,,regular,sofascore
8738739,122630.0,Darío Benedetto,1641.0,goal,60,,,,,,penalty,sofascore
8738739,581314.0,Valentin Rongier,1641.0,varDecision,59,,,,,,penaltyNotAwarded,sofascore
8738739,191204.0,Jean-Charles Castelletto,1647.0,card,57,,,,,,yellow,sofascore
8738739,581314.0,Valentin Rongier,1641.0,card,54,,,,,,yellow,sofascore
8738739,14216.0,Dimitri Payet,1641.0,card,47,,,,,,yellow,sofascore
8738739,330051.0,Moses Simon,1647.0,substitution,46,,,,,,regular,sofascore
8738739,,,,period,45,,,,,,,sofascore
8738739,,,,injuryTime,45,,,,,,,sofascore
8738739,14216.0,Dimitri Payet,1641.0,goal,35,,,,,,regular,sofascore
8738739,148824.0,Florian Thauvin,1641.0,goal,2,,,,,,regular,sofascore
8738740,,,,period,90,,,,,,,sofascore
8738740,,,,injuryTime,90,,,,,,,sofascore
8738740,1085101.0,Mouhamadou Drammeh,1682.0,substitution,87,,,,,,regular,sofascore
8738740,789984.0,Dereck Kutesa,1682.0,substitution,78,,,,,,regular,sofascore
8738740,109851.0,Majeed Waris,1659.0,substitution,76,,,,,,regular,sofascore
8738740,891793.0,Kévin Zohi,1659.0,substitution,76,,,,,,regular,sofascore
8738740,94822.0,Sanjin Prcić,1659.0,card,73,,,,,,yellow,sofascore
8738740,982615.0,El Bilal Touré,1682.0,substitution,66,,,,,,regular,sofascore
8738740,579596.0,Moussa Doumbia,1682.0,substitution,66,,,,,,regular,sofascore
8738740,231946.0,Adrien Thomasson,1659.0,substitution,58,,,,,,regular,sofascore
8738740,,,,period,45,,,,,,,sofascore
8738740,343971.0,Ludovic Ajorque,1659.0,goal,30,,,,,,penalty,sofascore
8738740,361696.0,Wout Faes,1682.0,goal,26,,,,,,regular,sofascore
8738740,583312.0,Bingourou Kamara,1682.0,goal,22,,,,,,ownGoal,sofascore
8738740,802159.0,Habibou Diallo,1659.0,card,3,,,,,,yellow,sofascore
8738741,,,,period,90,,,,,,,sofascore
8738741,44213.0,Gaëtan Charbonnier,1715.0,substitution,90,,,,,,regular,sofascore
8738741,,,,injuryTime,90,,,,,,,sofascore
8738741,352966.0,Aaron Leya Iseka,1651.0,substitution,81,,,,,,regular,sofascore
8738741,148196.0,Cristian Battocchio,1715.0,substitution,81,,,,,,regular,sofascore
8738741,1047296.0,Jérémy Le Douaron,1715.0,substitution,81,,,,,,regular,sofascore
8738741,862821.0,Youssef Maziz,1651.0,substitution,73,,,,,,regular,sofascore
8738741,802034.0,Fabien Centonze,1651.0,card,66,,,,,,yellow,sofascore
8738741,605552.0,Irvin Cardona,1715.0,goal,64,,,,,,regular,sofascore
8738741,356024.0,Thierry Ambrose,1651.0,substitution,55,,,,,,regular,sofascore
8738741,991359.0,Papa Ndiaga Yade,1651.0,substitution,55,,,,,,regular,sofascore
8738741,1002711.0,Pape Matar Sarr,1651.0,substitution,55,,,,,,regular,sofascore
8738741,605552.0,Irvin Cardona,1715.0,card,54,,,,,,yellow,sofascore
8738741,,,,period,45,,,,,,,sofascore
8738741,,,,injuryTime,45,,,,,,,sofascore
8738741,229722.0,Farid Boulaya,1651.0,varDecision,44,,,,,,penaltyAwarded,sofascore
8738741,32668.0,Alexandre Oukidja,1651.0,card,32,,,,,,yellow,sofascore
8738741,605552.0,Irvin Cardona,1715.0,goal,12,,,,,,regular,sofascore
8738742,,,,period,90,,,,,,,sofascore
8738742,,,,injuryTime,90,,,,,,,sofascore
8738742,859027.0,Maxence Caqueret,1649.0,substitution,82,,,,,,regular,sofascore
8738742,318653.0,Moussa Dembélé,1649.0,card,82,,,,,,yellow,sofascore
8738742,137667.0,Mattia De Sciglio,1649.0,substitution,72,,,,,,regular,sofascore
8738742,1085101.0,Mouhamadou Drammeh,1682.0,substitution,72,,,,,,regular,sofascore
8738742,855847.0,Kaj Sierhuis,1682.0,substitution,72,,,,,,regular,sofascore
8738742,979128.0,Rayan Cherki,1649.0,substitution,71,,,,,,regular,sofascore
8738742,996951.0,Sinaly Diomandé,1649.0,substitution,71,,,,,,regular,sofascore
8738742,318653.0,Moussa Dembélé,1649.0,goal,66,,,,,,regular,sofascore
8738742,280439.0,Maxwel Cornet,1649.0,card,62,,,,,,yellow,sofascore
8738742,318653.0,Moussa Dembélé,1649.0,substitution,61,,,,,,regular,sofascore
8738742,963399.0,Nathanaël Mbuku,1682.0,substitution,55,,,,,,regular,sofascore
8738742,227892.0,Arbër Zeneli,1682.0,substitution,55,,,,,,regular,sofascore
8738742,866469.0,Bruno Guimarães,1649.0,goal,49,,,,,,regular,sofascore
8738742,,,,period,45,,,,,,,sofascore
8738742,,,,injuryTime,45,,,,,,,sofascore
8738742,845750.0,Moreto Cassama,1682.0,card,32,,,,,,red,sofascore
8738742,842931.0,Karl Toko Ekambi,1649.0,goal,22,,,,,,regular,sofascore
8738742,982615.0,El Bilal Touré,1682.0,card,14,,,,,,yellow,sofascore
8738743,,,,period,90,,,,,,,sofascore
8738743,,,,injuryTime,90,,,,,,,sofascore
8738743,139228.0,M'Baye Niang,1658.0,substitution,77,,,,,,regular,sofascore
8738743,859024.0,Yacine Adli,1645.0,substitution,76,,,,,,regular,sofascore
8738743,999028.0,Adrien Truffert,1658.0,card,71,,,,,,yellow,sofascore
8738743,911851.0,Yann Gboho,1658.0,substitution,70,,,,,,regular,sofascore
8738743,312388.0,Flavien Tait,1658.0,card,69,,,,,,yellow,sofascore
8738743,804619.0,Enock Kwateng,1645.0,card,66,,,,,,yellow,sofascore
8738743,963300.0,Amadou Traoré,1645.0,substitution,60,,,,,,regular,sofascore
8738743,3209.0,Jimmy Briand,1645.0,substitution,59,,,,,,regular,sofascore
8738743,842709.0,Rémi Oudin,1645.0,substitution,59,,,,,,regular,sofascore
8738743,362014.0,Hamari Traoré,1658.0,substitution,59,,,,,,regular,sofascore
8738743,283083.0,Adrien Hunou,1658.0,substitution,58,,,,,,regular,sofascore
8738743,934386.0,Jérémy Doku,1658.0,substitution,58,,,,,,regular,sofascore
8738743,833030.0,Samuel Kalu,1645.0,card,47,,,,,,yellow,sofascore
8738743,,,,period,45,,,,,,,sofascore
8738743,3305.0,Hatem Ben Arfa,1645.0,goal,37,,,,,,regular,sofascore
8738745,,,,period,90,,,,,,,sofascore
8738745,44213.0,Gaëtan Charbonnier,1715.0,card,90,,,,,,yellow,sofascore
8738745,148196.0,Cristian Battocchio,1715.0,substitution,90,,,,,,regular,sofascore
8738745,,,,injuryTime,90,,,,,,,sofascore
8738745,44213.0,Gaëtan Charbonnier,1715.0,substitution,83,,,,,,regular,sofascore
8738745,307096.0,Romain Philippoteaux,1715.0,substitution,83,,,,,,regular,sofascore
8738745,39009.0,Clément Grenier,1658.0,substitution,82,,,,,,regular,sofascore
8738745,1047296.0,Jérémy Le Douaron,1715.0,substitution,75,,,,,,regular,sofascore
8738745,827519.0,Romain Perraud,1715.0,card,72,,,,,,yellow,sofascore
8738745,877102.0,Nayef Aguerd,1658.0,goal,70,,,,,,regular,sofascore
8738745,911851.0,Yann Gboho,1658.0,substitution,67,,,,,,regular,sofascore
8738745,324399.0,Benjamin Bourigeaud,1658.0,substitution,67,,,,,,regular,sofascore
8738745,283083.0,Adrien Hunou,1658.0,substitution,67,,,,,,regular,sofascore
8738745,74083.0,Damien Da Silva,1658.0,goal,66,,,,,,regular,sofascore
8738745,280453.0,Franck Honorat,1715.0,card,64,,,,,,yellow,sofascore
8738745,280453.0,Franck Honorat,1715.0,goal,57,,,,,,regular,sofascore
8738745,,,,period,45,,,,,,,sofascore
8738745,385386.0,Dalbert,1658.0,card,32,,,,,,yellow,sofascore
8738746,,,,period,90,,,,,,,sofascore
8738746,1824137.0,Timothee Pembele,1644.0,card,90,,,,,,yellow,sofascore
8738746,,,,injuryTime,90,,,,,,,sofascore
8738746,233114.0,Mauro Icardi,1644.0,substitution,85,,,,,,regular,sofascore
8738746,3209.0,Jimmy Briand,1645.0,substitution,81,,,,,,regular,sofascore
8738746,138573.0,Pablo Sarabia,1644.0,substitution,81,,,,,,regular,sofascore
8738746,82474.0,Ander Herrera,1644.0,substitution,64,,,,,,regular,sofascore
8738746,30027.0,Ángel Di María,1644.0,substitution,63,,,,,,regular,sofascore
8738746,859024.0,Yacine Adli,1645.0,goal,60,,,,,,regular,sofascore
8738746,74045.0,Nicolas de Préville,1645.0,substitution,59,,,,,,regular,sofascore
8738746,842709.0,Rémi Oudin,1645.0,substitution,59,,,,,,regular,sofascore
8738746,859024.0,Yacine Adli,1645.0,substitution,58,,,,,,regular,sofascore
8738746,67308.0,Loris Benito,1645.0,substitution,46,,,,,,regular,sofascore
8738746,,,,period,45,,,,,,,sofascore
8738746,,,,injuryTime,45,,,,,,,sofascore
8738746,835601.0,Moise Kean,1644.0,goal,28,,,,,,regular,sofascore
8738746,124712.0,Neymar,1644.0,goal,27,,,,,,penalty,sofascore
8738746,552686.0,Otávio,1645.0,card,26,,,,,,yellow,sofascore
8738746,124712.0,Neymar,1644.0,varDecision,26,,,,,,penaltyNotAwarded,sofascore
8738746,1824137.0,Timothee Pembele,1645.0,goal,10,,,,,,ownGoal,sofascore
8738747,,,,period,90,,,,,,,sofascore
8738747,143344.0,Massadio Haïdara,1648.0,card,90,,,,,,yellow,sofascore
8738747,,,,injuryTime,90,,,,,,,sofascore
8738747,51363.0,Yannick Cahuzac,1648.0,substitution,89,,,,,,regular,sofascore
8738747,66309.0,Petar Škuletić,1642.0,substitution,87,,,,,,regular,sofascore
8738747,593546.0,Tony Mauricio,1648.0,card,83,,,,,,yellow,sofascore
8738747,1006489.0,Loïc Badé,1648.0,substitution,81,,,,,,regular,sofascore
8738747,979315.0,Elye Wahi,1642.0,goal,78,,,,,,regular,sofascore
8738747,38688.0,Damien Le Tallec,1642.0,substitution,78,,,,,,regular,sofascore
8738747,358306.0,Il-Lok Yun,1642.0,substitution,77,,,,,,regular,sofascore
8738747,593546.0,Tony Mauricio,1648.0,substitution,72,,,,,,regular,sofascore
8738747,954061.0,Arnaud Kalimuendo,1648.0,substitution,72,,,,,,regular,sofascore
8738747,46387.0,Gaël Kakuta,1648.0,goal,67,,,,,,regular,sofascore
8738747,979315.0,Elye Wahi,1642.0,substitution,63,,,,,,regular,sofascore
8738747,93570.0,Arnaud Souquet,1642.0,substitution,63,,,,,,regular,sofascore
8738747,825945.0,Simon Banza,1648.0,card,55,,,,,,yellow,sofascore
8738747,788921.0,Florian Sotoca,1648.0,card,50,,,,,,yellow,sofascore
8738747,3420.0,Vitorino Hilton,1642.0,card,48,,,,,,yellow,sofascore
8738747,,,,period,45,,,,,,,sofascore
8738747,149730.0,Gaëtan Laborde,1642.0,card,18,,,,,,yellow,sofascore
8738747,44563.0,Pedro Mendes,1642.0,card,16,,,,,,yellow,sofascore
8738747,605338.0,Stephy Mavididi,1642.0,card,15,,,,,,yellow,sofascore
8738747,906047.0,Cheick Doucouré,1648.0,goal,7,,,,,,regular,sofascore
8738747,,,1642.0,card,-5,,,,,,yellow,sofascore
8738748,,,,period,90,,,,,,,sofascore
8738748,1047296.0,Jérémy Le Douaron,1715.0,goal,90,,,,,,regular,sofascore
8738748,,,,injuryTime,90,,,,,,,sofascore
8738748,365358.0,Dimitri Liénard,1659.0,substitution,89,,,,,,regular,sofascore
8738748,24201.0,Eiji Kawashima,1659.0,card,87,,,,,,yellow,sofascore
8738748,891793.0,Kévin Zohi,1659.0,substitution,85,,,,,,regular,sofascore
8738748,44213.0,Gaëtan Charbonnier,1715.0,goal,83,,,,,,regular,sofascore
8738748,1047296.0,Jérémy Le Douaron,1715.0,substitution,80,,,,,,regular,sofascore
8738748,51471.0,Julien Faussurier,1715.0,substitution,79,,,,,,regular,sofascore
8738748,44213.0,Gaëtan Charbonnier,1715.0,substitution,79,,,,,,regular,sofascore
8738748,51444.0,Lamine Koné,1659.0,substitution,73,,,,,,regular,sofascore
8738748,914660.0,Mehdi Chahiri,1659.0,substitution,73,,,,,,regular,sofascore
8738748,156004.0,Jean-Eudes Aholou,1659.0,goal,70,,,,,,regular,sofascore
8738748,913942.0,Romain Faivre,1715.0,substitution,68,,,,,,regular,sofascore
8738748,605552.0,Irvin Cardona,1715.0,substitution,61,,,,,,regular,sofascore
8738748,108736.0,Stefan Mitrović,1659.0,card,48,,,,,,yellow,sofascore
8738748,,,,period,45,,,,,,,sofascore
8738748,231946.0,Adrien Thomasson,1659.0,goal,8,,,,,,regular,sofascore
8738749,,,,period,90,,,,,,,sofascore
8738749,,,,injuryTime,90,,,,,,,sofascore
8738749,3420.0,Vitorino Hilton,1642.0,substitution,89,,,,,,regular,sofascore
8738749,976396.0,Joris Chotard,1642.0,substitution,88,,,,,,regular,sofascore
8738749,891793.0,Kévin Zohi,1659.0,substitution,84,,,,,,regular,sofascore
8738749,231946.0,Adrien Thomasson,1659.0,substitution,84,,,,,,regular,sofascore
8738749,845083.0,Keagan Dolly,1642.0,substitution,82,,,,,,regular,sofascore
8738749,914660.0,Mehdi Chahiri,1659.0,substitution,74,,,,,,regular,sofascore
8738749,149730.0,Gaëtan Laborde,1642.0,goal,68,,,,,,regular,sofascore
8738749,358306.0,Il-Lok Yun,1642.0,substitution,66,,,,,,regular,sofascore
8738749,365358.0,Dimitri Liénard,1659.0,substitution,65,,,,,,regular,sofascore
8738749,5585.0,Daniel Congré,1642.0,card,54,,,,,,yellow,sofascore
8738749,156004.0,Jean-Eudes Aholou,1659.0,card,49,,,,,,yellow,sofascore
8738749,,,,period,45,,,,,,,sofascore
8738749,343971.0,Ludovic Ajorque,1659.0,goal,45,,,,,,regular,sofascore
8738749,,,,injuryTime,45,,,,,,,sofascore
8738749,84744.0,Andy Delort,1642.0,goal,31,,,,,,regular,sofascore
8738749,802159.0,Habibou Diallo,1659.0,goal,26,,,,,,penalty,sofascore
8738749,44563.0,Pedro Mendes,1642.0,card,25,,,,,,yellow,sofascore
8738749,141080.0,Kenny Lala,1659.0,goal,22,,,,,,penalty,sofascore
8738749,141080.0,Kenny Lala,1659.0,varDecision,21,,,,,,review,sofascore
8738749,802159.0,Habibou Diallo,1659.0,varDecision,19,,,,,,penaltyNotAwarded,sofascore
8738749,84744.0,Andy Delort,1642.0,goal,13,,,,,,regular,sofascore
8738749,44563.0,Pedro Mendes,1642.0,goal,8,,,,,,regular,sofascore
8738749,,,1642.0,card,-5,,,,,,yellow,sofascore
8738750,,,,period,90,,,,,,,sofascore
8738750,861324.0,Hugo Magnetti,1715.0,substitution,90,,,,,,regular,sofascore
8738750,990820.0,Hianga'a M'Bock,1715.0,substitution,90,,,,,,regular,sofascore
8738750,,,,injuryTime,90,,,,,,,sofascore
8738750,44213.0,Gaëtan Charbonnier,1715.0,substitution,79,,,,,,regular,sofascore
8738750,1014408.0,Maxence Rivera,1678.0,substitution,78,,,,,,regular,sofascore
8738750,962877.0,Adil Aouchiche,1678.0,substitution,73,,,,,,regular,sofascore
8738750,148196.0,Cristian Battocchio,1715.0,substitution,73,,,,,,regular,sofascore
8738750,1047296.0,Jérémy Le Douaron,1715.0,substitution,73,,,,,,regular,sofascore
8738750,247665.0,Miguel Trauco,1678.0,card,55,,,,,,yellow,sofascore
8738750,247665.0,Miguel Trauco,1678.0,substitution,46,,,,,,regular,sofascore
8738750,3579.0,Mathieu Debuchy,1678.0,substitution,46,,,,,,regular,sofascore
8738750,848458.0,Arnaud Nordin,1678.0,substitution,46,,,,,,regular,sofascore
8738750,,,,period,45,,,,,,,sofascore
8738750,,,,injuryTime,45,,,,,,,sofascore
8738750,345035.0,Steve Mounié,1715.0,goal,38,,,,,,regular,sofascore
8738750,605552.0,Irvin Cardona,1715.0,goal,33,,,,,,regular,sofascore
8738750,916041.0,Mahdi Camara,1678.0,goal,30,,,,,,regular,sofascore
8738750,988907.0,Lilian Brassier,1715.0,card,30,,,,,,yellow,sofascore
8738750,845930.0,Jean-Kévin Duverne,1715.0,goal,23,,,,,,regular,sofascore
8738750,280453.0,Franck Honorat,1715.0,goal,7,,,,,,regular,sofascore
8738751,,,,period,90,,,,,,,sofascore
8738751,156682.0,Teji Savanier,1642.0,card,90,,,,,,yellow,sofascore
8738751,,,,injuryTime,90,,,,,,,sofascore
8738751,3420.0,Vitorino Hilton,1642.0,substitution,88,,,,,,regular,sofascore
8738751,894396.0,Terem Moffi,1656.0,substitution,82,,,,,,regular,sofascore
8738751,834881.0,Stéphane Diarra,1656.0,substitution,82,,,,,,regular,sofascore
8738751,66309.0,Petar Škuletić,1642.0,goal,79,,,,,,regular,sofascore
8738751,66309.0,Petar Škuletić,1642.0,substitution,78,,,,,,regular,sofascore
8738751,845083.0,Keagan Dolly,1642.0,substitution,78,,,,,,regular,sofascore
8738751,26890.0,Fabien Lemoine,1656.0,substitution,72,,,,,,regular,sofascore
8738751,932643.0,Armand Laurienté,1656.0,substitution,72,,,,,,regular,sofascore
8738751,159739.0,Ambroise Oyongo,1642.0,substitution,68,,,,,,regular,sofascore
8738751,358306.0,Il-Lok Yun,1642.0,substitution,67,,,,,,regular,sofascore
8738751,857471.0,Pierre-Yves Hamel,1656.0,substitution,61,,,,,,regular,sofascore
8738751,984014.0,Enzo Le Fée,1656.0,card,52,,,,,,yellow,sofascore
8738751,791048.0,Julien Laporte,1656.0,card,49,,,,,,yellow,sofascore
8738751,,,,period,45,,,,,,,sofascore
8738751,156682.0,Teji Savanier,1642.0,inGamePenalty,45,,,,,,missed,sofascore
8738752,,,,period,90,,,,,,,sofascore
8738752,209768.0,Pierrick Capelle,1684.0,goal,90,,,,,,regular,sofascore
8738752,,,,injuryTime,90,,,,,,,sofascore
8738752,757730.0,Antonin Bobichon,1684.0,substitution,86,,,,,,regular,sofascore
8738752,788921.0,Florian Sotoca,1648.0,card,83,,,,,,yellow,sofascore
8738752,930584.0,Farid El Melali,1684.0,substitution,79,,,,,,regular,sofascore
8738752,209768.0,Pierrick Capelle,1684.0,substitution,78,,,,,,injury,sofascore
8738752,593546.0,Tony Mauricio,1648.0,substitution,75,,,,,,regular,sofascore
8738752,825945.0,Simon Banza,1648.0,substitution,75,,,,,,regular,sofascore
8738752,257205.0,Sofiane Boufal,1684.0,substitution,68,,,,,,regular,sofascore
8738752,294641.0,Loïs Diony,1684.0,substitution,68,,,,,,regular,sofascore
8738752,25506.0,Ismaël Traoré,1684.0,card,65,,,,,,yellow,sofascore
8738752,890329.0,Ignatius Kpene Ganago,1648.0,substitution,63,,,,,,regular,sofascore
8738752,191178.0,Corentin Jean,1648.0,substitution,62,,,,,,regular,sofascore
8738752,291695.0,Issiaga Sylla,1648.0,substitution,53,,,,,,regular,sofascore
8738752,51371.0,Vincent Manceau,1684.0,card,52,,,,,,yellow,sofascore
8738752,153220.0,Stéphane Bahoken,1684.0,goal,49,,,,,,regular,sofascore
8738752,,,,period,45,,,,,,,sofascore
8738752,,,,injuryTime,45,,,,,,,sofascore
8738752,954061.0,Arnaud Kalimuendo,1648.0,goal,34,,,,,,regular,sofascore
8738752,860307.0,Facundo Medina,1648.0,card,25,,,,,,yellow,sofascore
8738752,831400.0,Mathias Pereira Lage,1684.0,goal,22,,,,,,regular,sofascore
8738753,,,,period,90,,,,,,,sofascore
8738753,352938.0,Jean-Kévin Augustin,1647.0,substitution,90,,,,,,regular,sofascore
8738753,,,,injuryTime,90,,,,,,,sofascore
8738753,73188.0,John Boye,1651.0,card,87,,,,,,yellow,sofascore
8738753,32668.0,Alexandre Oukidja,1651.0,card,84,,,,,,yellow,sofascore
8738753,331753.0,Renaud Emond,1647.0,substitution,77,,,,,,regular,sofascore
8738753,822703.0,Mamadou Fofana,1651.0,card,71,,,,,,yellow,sofascore
8738753,913191.0,Vagner Dias,1651.0,substitution,66,,,,,,regular,sofascore
8738753,250453.0,Opa Nguette,1651.0,substitution,55,,,,,,regular,sofascore
8738753,,,,period,45,,,,,,,sofascore
8738753,352966.0,Aaron Leya Iseka,1651.0,goal,45,,,,,,penalty,sofascore
8738753,40677.0,Fábio,1647.0,card,45,,,,,,yellow,sofascore
8738753,1046147.0,Lamine Gueye,1651.0,varDecision,45,,,,,,penaltyNotAwarded,sofascore
8738753,,,,injuryTime,45,,,,,,,sofascore
8738753,73056.0,Mehdi Abeid,1647.0,card,40,,,,,,yellow,sofascore
8738753,871706.0,Randal Kolo Muani,1647.0,goal,29,,,,,,regular,sofascore
8738753,822703.0,Mamadou Fofana,1651.0,substitution,26,,,,,,injury,sofascore
8738753,153218.0,Thomas Delaine,1651.0,substitution,25,,,,,,injury,sofascore
8738754,,,,period,90,,,,,,,sofascore
8738754,,,,injuryTime,90,,,,,,,sofascore
8738754,98197.0,Valon Berisha,1682.0,card,82,,,,,,yellow,sofascore
8738754,974418.0,Karim Aribi,1663.0,substitution,80,,,,,,injury,sofascore
8738754,227892.0,Arbër Zeneli,1682.0,substitution,78,,,,,,regular,sofascore
8738754,831781.0,Ghislain Konan,1682.0,substitution,67,,,,,,regular,sofascore
8738754,247445.0,Renaud Ripart,1663.0,goal,62,,,,,,penalty,sofascore
8738754,982615.0,El Bilal Touré,1682.0,substitution,58,,,,,,regular,sofascore
8738754,579596.0,Moussa Doumbia,1682.0,substitution,58,,,,,,regular,sofascore
8738754,862470.0,Kévin Denkey,1663.0,substitution,55,,,,,,regular,sofascore
8738754,894733.0,Marshall Munetsi,1682.0,card,47,,,,,,yellow,sofascore
8738754,,,,period,45,,,,,,,sofascore
8738754,247445.0,Renaud Ripart,1663.0,card,34,,,,,,yellow,sofascore
8738754,855847.0,Kaj Sierhuis,1682.0,card,18,,,,,,yellow,sofascore
8738755,,,,period,90,,,,,,,sofascore
8738755,,,,injuryTime,90,,,,,,,sofascore
8738755,825945.0,Simon Banza,1648.0,substitution,88,,,,,,regular,sofascore
8738755,836678.0,Clément Michelin,1648.0,substitution,88,,,,,,regular,sofascore
8738755,980418.0,Sacha Boey,1686.0,substitution,82,,,,,,regular,sofascore
8738755,906047.0,Cheick Doucouré,1648.0,substitution,72,,,,,,regular,sofascore
8738755,890329.0,Ignatius Kpene Ganago,1648.0,substitution,66,,,,,,regular,sofascore
8738755,46387.0,Gaël Kakuta,1648.0,substitution,66,,,,,,regular,sofascore
8738755,915567.0,Aurélien Scheidler,1686.0,substitution,62,,,,,,regular,sofascore
8738755,51299.0,Frédéric Sammaritano,1686.0,substitution,62,,,,,,regular,sofascore
8738755,309510.0,Jordan Marié,1686.0,card,56,,,,,,yellow,sofascore
8738755,208234.0,Fouad Chafik,1686.0,card,54,,,,,,yellow,sofascore
8738755,,,,period,45,,,,,,,sofascore
8738755,,,,injuryTime,45,,,,,,,sofascore
8738755,309510.0,Jordan Marié,1686.0,substitution,26,,,,,,injury,sofascore
8738755,954061.0,Arnaud Kalimuendo,1648.0,goal,23,,,,,,regular,sofascore
8738757,,,,period,90,,,,,,,sofascore
8738757,927975.0,Jean Lucas,1649.0,substitution,90,,,,,,injury,sofascore
8738757,,,,injuryTime,90,,,,,,,sofascore
8738757,329303.0,Thiago Mendes,1649.0,card,85,,,,,,yellow,sofascore
8738757,804621.0,Lassana Coulibaly,1684.0,substitution,81,,,,,,regular,sofascore
8738757,1063235.0,Mohamed Ali Cho,1684.0,substitution,81,,,,,,regular,sofascore
8738757,996951.0,Sinaly Diomandé,1649.0,substitution,80,,,,,,regular,sofascore
8738757,757730.0,Antonin Bobichon,1684.0,substitution,79,,,,,,regular,sofascore
8738757,810535.0,Tino Kadewere,1649.0,goal,78,,,,,,regular,sofascore
8738757,137667.0,Mattia De Sciglio,1649.0,card,69,,,,,,yellow,sofascore
8738757,294641.0,Loïs Diony,1684.0,substitution,68,,,,,,regular,sofascore
8738757,930584.0,Farid El Melali,1684.0,substitution,68,,,,,,regular,sofascore
8738757,831400.0,Mathias Pereira Lage,1684.0,card,60,,,,,,yellow,sofascore
8738757,866469.0,Bruno Guimarães,1649.0,substitution,59,,,,,,regular,sofascore
8738757,318653.0,Moussa Dembélé,1649.0,substitution,59,,,,,,regular,sofascore
8738757,137667.0,Mattia De Sciglio,1649.0,substitution,59,,,,,,regular,sofascore
8738757,552680.0,Léo Dubois,1649.0,varDecision,49,,,,,,penaltyAwarded,sofascore
8738757,366760.0,Souleyman Doumbia,1684.0,card,46,,,,,,yellow,sofascore
8738757,,,,period,45,,,,,,,sofascore
8738757,,,,injuryTime,45,,,,,,,sofascore
8738757,979128.0,Rayan Cherki,1649.0,card,32,,,,,,yellow,sofascore
8738758,,,,period,90,,,,,,,sofascore
8738758,,,,injuryTime,90,,,,,,,sofascore
8738758,935564.0,Jonathan David,1643.0,goal,89,,,,,,regular,sofascore
8738758,855810.0,Tim Weah,1643.0,substitution,86,,,,,,regular,sofascore
8738758,156303.0,Jérôme Hergault,1656.0,substitution,83,,,,,,regular,sofascore
8738758,802142.0,Jonathan Ikoné,1643.0,substitution,80,,,,,,regular,sofascore
8738758,980403.0,Isaac Lihadji,1643.0,substitution,80,,,,,,regular,sofascore
8738758,26890.0,Fabien Lemoine,1656.0,card,79,,,,,,yellow,sofascore
8738758,892735.0,Tiago Djaló,1643.0,substitution,70,,,,,,regular,sofascore
8738758,887581.0,Boubakary Soumaré,1643.0,substitution,70,,,,,,regular,sofascore
8738758,26890.0,Fabien Lemoine,1656.0,substitution,69,,,,,,regular,sofascore
8738758,984014.0,Enzo Le Fée,1656.0,substitution,69,,,,,,regular,sofascore
8738758,282095.0,Adrian Grbić,1656.0,substitution,59,,,,,,regular,sofascore
8738758,857471.0,Pierre-Yves Hamel,1656.0,substitution,58,,,,,,regular,sofascore
8738758,840451.0,Luiz Araújo,1643.0,goal,57,,,,,,regular,sofascore
8738758,827804.0,Yusuf Yazıcı,1643.0,goal,51,,,,,,regular,sofascore
8738758,,,,period,45,,,,,,,sofascore
8738758,845119.0,Houboulang Mendes,1656.0,card,45,,,,,,yellow,sofascore
8738758,,,,injuryTime,45,,,,,,,sofascore
8738758,858705.0,Xeka,1643.0,card,37,,,,,,yellow,sofascore
8738758,805123.0,Yoane Wissa,1656.0,card,32,,,,,,yellow,sofascore
8738758,827804.0,Yusuf Yazıcı,1643.0,varDecision,31,,,,,,goalNotAwarded,sofascore
8738758,827804.0,Yusuf Yazıcı,1643.0,goal,29,,,,,,regular,sofascore
8738759,,,,period,90,,,,,,,sofascore
8738759,34639.0,Yuto Nagatomo,1641.0,substitution,90,,,,,,regular,sofascore
8738759,844480.0,Pol Lirola,1641.0,goal,90,,,,,,regular,sofascore
8738759,,,,injuryTime,90,,,,,,,sofascore
8738759,282095.0,Adrian Grbić,1656.0,substitution,83,,,,,,injury,sofascore
8738759,827386.0,Quentin Boisgard,1656.0,substitution,81,,,,,,regular,sofascore
8738759,346262.0,Saîf-Eddine Khaoui,1641.0,substitution,75,,,,,,regular,sofascore
8738759,894396.0,Terem Moffi,1656.0,goal,70,,,,,,regular,sofascore
8738759,984014.0,Enzo Le Fée,1656.0,substitution,65,,,,,,regular,sofascore
8738759,844480.0,Pol Lirola,1641.0,goal,56,,,,,,regular,sofascore
8738759,14216.0,Dimitri Payet,1641.0,goal,53,,,,,,regular,sofascore
8738759,150865.0,Thomas Monconduit,1656.0,substitution,46,,,,,,regular,sofascore
8738759,977679.0,Luís Henrique,1641.0,substitution,46,,,,,,regular,sofascore
8738759,,,,period,45,,,,,,,sofascore
8738759,928236.0,Leonardo Balerdi,1641.0,card,39,,,,,,yellow,sofascore
8738759,894396.0,Terem Moffi,1656.0,goal,19,,,,,,regular,sofascore
8738760,,,,period,90,,,,,,,sofascore
8738760,,,,injuryTime,90,,,,,,,sofascore
8738760,789984.0,Dereck Kutesa,1682.0,substitution,88,,,,,,regular,sofascore
8738760,848537.0,Boubakar Kouyaté,1651.0,card,81,,,,,,yellow,sofascore
8738760,855847.0,Kaj Sierhuis,1682.0,substitution,71,,,,,,regular,sofascore
8738760,245615.0,Thomas Foket,1682.0,card,65,,,,,,yellow,sofascore
8738760,227892.0,Arbër Zeneli,1682.0,substitution,63,,,,,,regular,sofascore
8738760,816810.0,Mathieu Cafaro,1682.0,substitution,63,,,,,,regular,sofascore
8738760,787827.0,Matthieu Udol,1651.0,substitution,61,,,,,,regular,sofascore
8738760,356024.0,Thierry Ambrose,1651.0,substitution,61,,,,,,regular,sofascore
8738760,1046147.0,Lamine Gueye,1651.0,substitution,60,,,,,,regular,sofascore
8738760,831781.0,Ghislain Konan,1682.0,card,53,,,,,,yellow,sofascore
8738760,,,,period,45,,,,,,,sofascore
8738760,,,,injuryTime,45,,,,,,,sofascore
8738760,894733.0,Marshall Munetsi,1682.0,card,18,,,,,,yellow,sofascore
8738761,,,,period,90,,,,,,,sofascore
8738761,,,,injuryTime,90,,,,,,,sofascore
8738761,16635.0,Kévin Monnet-Paquet,1678.0,substitution,84,,,,,,regular,sofascore
8738761,990227.0,Aimen Moueffek,1678.0,substitution,83,,,,,,injury,sofascore
8738761,862194.0,Zaydou Youssouf,1678.0,goal,81,,,,,,regular,sofascore
8738761,941161.0,Charles Abi,1678.0,substitution,73,,,,,,regular,sofascore
8738761,848458.0,Arnaud Nordin,1678.0,substitution,73,,,,,,regular,sofascore
8738761,51640.0,Wahbi Khazri,1678.0,goal,72,,,,,,penalty,sofascore
8738761,795128.0,Harold Moukoudi,1678.0,card,66,,,,,,yellow,sofascore
8738761,862194.0,Zaydou Youssouf,1678.0,substitution,61,,,,,,regular,sofascore
8738761,3209.0,Jimmy Briand,1645.0,substitution,57,,,,,,regular,sofascore
8738761,3305.0,Hatem Ben Arfa,1645.0,substitution,57,,,,,,regular,sofascore
8738761,74045.0,Nicolas de Préville,1645.0,substitution,57,,,,,,regular,sofascore
8738761,,,,period,45,,,,,,,sofascore
8738761,760618.0,Denis Bouanga,1678.0,card,45,,,,,,yellow,sofascore
8738761,,,,injuryTime,45,,,,,,,sofascore
8738761,51640.0,Wahbi Khazri,1678.0,goal,23,,,,,,regular,sofascore
8738761,51640.0,Wahbi Khazri,1678.0,goal,19,,,,,,penalty,sofascore
8738761,869931.0,Yvan Neyou,1678.0,card,12,,,,,,yellow,sofascore
8738761,791314.0,Hwang Ui-Jo,1645.0,goal,9,,,,,,penalty,sofascore
8738762,,,,period,90,,,,,,,sofascore
8738762,,,,injuryTime,90,,,,,,,sofascore
8738762,974418.0,Karim Aribi,1663.0,substitution,89,,,,,,regular,sofascore
8738762,51421.0,Nolan Roux,1663.0,substitution,89,,,,,,regular,sofascore
8738762,316196.0,Niclas Eliasson,1663.0,substitution,83,,,,,,regular,sofascore
8738762,365358.0,Dimitri Liénard,1659.0,goal,82,,,,,,regular,sofascore
8738762,365358.0,Dimitri Liénard,1659.0,inGamePenalty,82,,,,,,missed,sofascore
8738762,1113031.0,Moïse Sahi Dion,1659.0,substitution,76,,,,,,regular,sofascore
8738762,914660.0,Mehdi Chahiri,1659.0,substitution,76,,,,,,regular,sofascore
8738762,845273.0,Jean-Ricner Bellegarde,1659.0,substitution,67,,,,,,regular,sofascore
8738762,231946.0,Adrien Thomasson,1659.0,card,61,,,,,,yellow,sofascore
8738762,122922.0,Lionel Carole,1659.0,substitution,55,,,,,,regular,sofascore
8738762,247445.0,Renaud Ripart,1663.0,goal,55,,,,,,penalty,sofascore
8738762,372430.0,Frédéric Guilbert,1659.0,card,47,,,,,,red,sofascore
8738762,,,,period,45,,,,,,,sofascore
8738762,,,,injuryTime,45,,,,,,,sofascore
8738762,156004.0,Jean-Eudes Aholou,1659.0,card,29,,,,,,yellow,sofascore
8738763,,,,period,90,,,,,,,sofascore
8738763,957623.0,Yaya Soumare,1649.0,substitution,90,,,,,,regular,sofascore
8738763,,,,injuryTime,90,,,,,,,sofascore
8738763,47549.0,Sébastien Corchia,1647.0,substitution,80,,,,,,regular,sofascore
8738763,785418.0,Marcus Coco,1647.0,substitution,80,,,,,,regular,sofascore
8738763,996951.0,Sinaly Diomandé,1649.0,substitution,78,,,,,,regular,sofascore
8738763,846081.0,Houssem Aouar,1649.0,substitution,78,,,,,,regular,sofascore
8738763,352664.0,Jason Denayer,1649.0,card,67,,,,,,yellow,sofascore
8738763,938270.0,Abdoul Kader Bamba,1647.0,substitution,66,,,,,,regular,sofascore
8738763,329303.0,Thiago Mendes,1649.0,substitution,63,,,,,,regular,sofascore
8738763,137667.0,Mattia De Sciglio,1649.0,substitution,63,,,,,,regular,sofascore
8738763,106496.0,Nicolas Pallois,1647.0,goal,60,,,,,,regular,sofascore
8738763,,,,period,45,,,,,,,sofascore
8738763,,,,injuryTime,45,,,,,,,sofascore
8738763,138833.0,Memphis Depay,1649.0,goal,37,,,,,,penalty,sofascore
8738763,123164.0,Dennis Appiah,1647.0,substitution,37,,,,,,injury,sofascore
8738763,138833.0,Memphis Depay,1649.0,goal,5,,,,,,regular,sofascore
8738764,,,,period,90,,,,,,,sofascore
8738764,,,,injuryTime,90,,,,,,,sofascore
8738764,66309.0,Petar Škuletić,1642.0,substitution,87,,,,,,regular,sofascore
8738764,38688.0,Damien Le Tallec,1642.0,substitution,87,,,,,,regular,sofascore
8738764,897594.0,Domagoj Bradarić,1643.0,substitution,86,,,,,,regular,sofascore
8738764,840451.0,Luiz Araújo,1643.0,goal,85,,,,,,regular,sofascore
8738764,831424.0,Reinildo Mandava,1643.0,card,81,,,,,,yellow,sofascore
8738764,840451.0,Luiz Araújo,1643.0,substitution,77,,,,,,regular,sofascore
8738764,827804.0,Yusuf Yazıcı,1643.0,substitution,77,,,,,,regular,sofascore
8738764,93570.0,Arnaud Souquet,1642.0,substitution,77,,,,,,regular,sofascore
8738764,858705.0,Xeka,1643.0,substitution,68,,,,,,regular,sofascore
8738764,935564.0,Jonathan David,1643.0,substitution,68,,,,,,regular,sofascore
8738764,3420.0,Vitorino Hilton,1642.0,substitution,53,,,,,,injury,sofascore
8738764,,,,period,45,,,,,,,sofascore
8738764,,,,injuryTime,45,,,,,,,sofascore
8738764,893008.0,Zeki Çelik,1643.0,card,43,,,,,,yellow,sofascore
8738764,51665.0,Benjamin André,1643.0,card,30,,,,,,yellow,sofascore
8738764,84744.0,Andy Delort,1642.0,goal,21,,,,,,regular,sofascore
8738764,234230.0,Florent Mollet,1642.0,card,14,,,,,,yellow,sofascore
8738765,,,,period,90,,,,,,,sofascore
8738765,191204.0,Jean-Charles Castelletto,1647.0,card,90,,,,,,yellow,sofascore
8738765,,,,injuryTime,90,,,,,,,sofascore
8738765,799216.0,Pedro Chirivella,1647.0,substitution,87,,,,,,regular,sofascore
8738765,283083.0,Adrien Hunou,1658.0,substitution,82,,,,,,regular,sofascore
8738765,159701.0,Kalifa Coulibaly,1647.0,substitution,75,,,,,,regular,sofascore
8738765,331753.0,Renaud Emond,1647.0,substitution,75,,,,,,regular,sofascore
8738765,39009.0,Clément Grenier,1658.0,substitution,68,,,,,,regular,sofascore
8738765,825681.0,Romain Del Castillo,1658.0,substitution,68,,,,,,regular,sofascore
8738765,312388.0,Flavien Tait,1658.0,card,68,,,,,,yellow,sofascore
8738765,938270.0,Abdoul Kader Bamba,1647.0,substitution,65,,,,,,injury,sofascore
8738765,801287.0,Faitout Maouassa,1658.0,substitution,64,,,,,,regular,sofascore
8738765,973887.0,Eduardo Camavinga,1658.0,card,57,,,,,,yellow,sofascore
8738765,846445.0,Martin Terrier,1658.0,goal,52,,,,,,regular,sofascore
8738765,,,,period,45,,,,,,,sofascore
8738765,,,,injuryTime,45,,,,,,,sofascore
8738765,328027.0,Serhou Guirassy,1658.0,card,43,,,,,,yellow,sofascore
8738765,330051.0,Moses Simon,1647.0,card,40,,,,,,yellow,sofascore
8738765,330051.0,Moses Simon,1647.0,varDecision,39,,,,,,cardUpgrade,sofascore
8738765,74083.0,Damien Da Silva,1658.0,card,36,,,,,,yellow,sofascore
8738765,877102.0,Nayef Aguerd,1658.0,card,19,,,,,,yellow,sofascore
8738765,27069.0,Romain Salin,1658.0,card,-5,,,,,,yellow,sofascore
8738766,,,,period,90,,,,,,,sofascore
8738766,,,,injuryTime,90,,,,,,,sofascore
8738766,982327.0,Dion Lopy,1682.0,substitution,88,,,,,,regular,sofascore
8738766,39009.0,Clément Grenier,1658.0,substitution,87,,,,,,injury,sofascore
8738766,845750.0,Moreto Cassama,1682.0,card,85,,,,,,red,sofascore
8738766,188107.0,Predrag Rajković,1682.0,card,84,,,,,,yellow,sofascore
8738766,328027.0,Serhou Guirassy,1658.0,goal,83,,,,,,regular,sofascore
8738766,855847.0,Kaj Sierhuis,1682.0,substitution,82,,,,,,regular,sofascore
8738766,831781.0,Ghislain Konan,1682.0,goal,81,,,,,,regular,sofascore
8738766,51652.0,Steven​ N'Zonzi,1658.0,card,76,,,,,,yellow,sofascore
8738766,328027.0,Serhou Guirassy,1658.0,goal,75,,,,,,penalty,sofascore
8738766,361696.0,Wout Faes,1682.0,card,74,,,,,,yellow,sofascore
8738766,825681.0,Romain Del Castillo,1658.0,substitution,71,,,,,,regular,sofascore
8738766,801287.0,Faitout Maouassa,1658.0,substitution,71,,,,,,regular,sofascore
8738766,227892.0,Arbër Zeneli,1682.0,substitution,71,,,,,,regular,sofascore
8738766,846445.0,Martin Terrier,1658.0,card,67,,,,,,yellow,sofascore
8738766,960080.0,Boulaye Dia,1682.0,goal,60,,,,,,regular,sofascore
8738766,,,,period,45,,,,,,,sofascore
8738766,157029.0,Xavier Chavalerin,1682.0,card,39,,,,,,yellow,sofascore
8738766,324399.0,Benjamin Bourigeaud,1658.0,card,39,,,,,,yellow,sofascore
8738766,,,1658.0,card,-5,,,,,,yellow,sofascore
8738767,,,,period,90,,,,,,,sofascore
8738767,,,,injuryTime,90,,,,,,,sofascore
8738767,982615.0,El Bilal Touré,1682.0,card,88,,,,,,yellow,sofascore
8738767,789984.0,Dereck Kutesa,1682.0,substitution,86,,,,,,regular,sofascore
8738767,855847.0,Kaj Sierhuis,1682.0,substitution,82,,,,,,regular,sofascore
8738767,801306.0,Pierre Lees Melou,1661.0,substitution,74,,,,,,regular,sofascore
8738767,944327.0,Dan Ndoye,1661.0,substitution,74,,,,,,regular,sofascore
8738767,227892.0,Arbër Zeneli,1682.0,substitution,67,,,,,,regular,sofascore
8738767,982615.0,El Bilal Touré,1682.0,substitution,46,,,,,,regular,sofascore
8738767,851262.0,Myziane Maolida,1661.0,substitution,46,,,,,,regular,sofascore
8738767,,,,period,45,,,,,,,sofascore
8738767,,,,injuryTime,45,,,,,,,sofascore
8738768,,,,period,90,,,,,,,sofascore
8738768,,,,injuryTime,90,,,,,,,sofascore
8738768,990820.0,Hianga'a M'Bock,1715.0,substitution,87,,,,,,regular,sofascore
8738768,1047296.0,Jérémy Le Douaron,1715.0,substitution,87,,,,,,regular,sofascore
8738768,32664.0,Ludovic Baal,1715.0,substitution,83,,,,,,regular,sofascore
8738768,927975.0,Jean Lucas,1715.0,substitution,78,,,,,,regular,sofascore
8738768,605552.0,Irvin Cardona,1715.0,substitution,78,,,,,,regular,sofascore
8738768,106337.0,Idrissa Gana Gueye,1644.0,substitution,72,,,,,,regular,sofascore
8738768,233114.0,Mauro Icardi,1644.0,substitution,72,,,,,,regular,sofascore
8738768,826643.0,Kylian Mbappé,1644.0,goal,71,,,,,,regular,sofascore
8738768,,,,period,45,,,,,,,sofascore
8738768,913942.0,Romain Faivre,1644.0,goal,37,,,,,,ownGoal,sofascore
8738768,861324.0,Hugo Magnetti,1715.0,card,35,,,,,,yellow,sofascore
8738768,124712.0,Neymar,1644.0,card,34,,,,,,yellow,sofascore
8738768,82474.0,Ander Herrera,1644.0,card,27,,,,,,yellow,sofascore
8738768,124712.0,Neymar,1644.0,inGamePenalty,19,,,,,,missed,sofascore
8738769,,,,period,90,,,,,,,sofascore
8738769,806076.0,Ludovic Blas,1647.0,card,90,,,,,,yellow,sofascore
8738769,,,,injuryTime,90,,,,,,,sofascore
8738769,816115.0,Charles Traoré,1647.0,substitution,84,,,,,,regular,sofascore
8738769,331753.0,Renaud Emond,1647.0,substitution,84,,,,,,regular,sofascore
8738769,66309.0,Petar Škuletić,1642.0,substitution,84,,,,,,regular,sofascore
8738769,1122641.0,Sacha Delaye,1642.0,substitution,84,,,,,,regular,sofascore
8738769,979311.0,Samy Benchama,1642.0,substitution,83,,,,,,regular,sofascore
8738769,785418.0,Marcus Coco,1647.0,card,81,,,,,,yellow,sofascore
8738769,785418.0,Marcus Coco,1647.0,varDecision,80,,,,,,penaltyAwarded,sofascore
8738769,84744.0,Andy Delort,1642.0,goal,76,,,,,,regular,sofascore
8738769,794836.0,Andrei Girotto,1647.0,substitution,75,,,,,,regular,sofascore
8738769,785418.0,Marcus Coco,1647.0,substitution,75,,,,,,regular,sofascore
8738769,979315.0,Elye Wahi,1642.0,substitution,61,,,,,,regular,sofascore
8738769,,,,period,45,,,,,,,sofascore
8738769,93570.0,Arnaud Souquet,1642.0,card,45,,,,,,yellow,sofascore
8738769,,,,injuryTime,45,,,,,,,sofascore
8738769,871706.0,Randal Kolo Muani,1647.0,goal,33,,,,,,regular,sofascore
8738769,149730.0,Gaëtan Laborde,1642.0,goal,30,,,,,,regular,sofascore
8738769,84744.0,Andy Delort,1642.0,inGamePenalty,30,,,,,,missed,sofascore
8738769,363774.0,Mihailo Ristić,1642.0,substitution,25,,,,,,injury,sofascore
8738769,3420.0,Vitorino Hilton,1642.0,card,18,,,,,,yellow,sofascore
8738770,,,,period,90,,,,,,,sofascore
8738770,787540.0,Angelo Fulgini,1684.0,goal,90,,,,,,regular,sofascore
8738770,802142.0,Jonathan Ikoné,1643.0,substitution,90,,,,,,regular,sofascore
8738770,,,,injuryTime,90,,,,,,,sofascore
8738770,840451.0,Luiz Araújo,1643.0,substitution,82,,,,,,regular,sofascore
8738770,858705.0,Xeka,1643.0,substitution,82,,,,,,regular,sofascore
8738770,1063235.0,Mohamed Ali Cho,1684.0,substitution,81,,,,,,regular,sofascore
8738770,893008.0,Zeki Çelik,1643.0,card,78,,,,,,yellow,sofascore
8738770,318967.0,Renato Sanches,1643.0,card,75,,,,,,yellow,sofascore
8738770,595576.0,Jonathan Bamba,1643.0,substitution,67,,,,,,regular,sofascore
8738770,153220.0,Stéphane Bahoken,1684.0,substitution,66,,,,,,regular,sofascore
8738770,366760.0,Souleyman Doumbia,1684.0,substitution,57,,,,,,regular,sofascore
8738770,787542.0,Sada Thioub,1684.0,substitution,57,,,,,,regular,sofascore
8738770,,,,period,45,,,,,,,sofascore
8738770,18864.0,Burak Yılmaz,1643.0,goal,45,,,,,,penalty,sofascore
8738770,935564.0,Jonathan David,1643.0,goal,10,,,,,,regular,sofascore
8738771,,,,period,90,,,,,,,sofascore
8738771,,,,injuryTime,90,,,,,,,sofascore
8738771,893008.0,Zeki Çelik,1643.0,goal,89,,,,,,regular,sofascore
8738771,897594.0,Domagoj Bradarić,1643.0,substitution,88,,,,,,regular,sofascore
8738771,858705.0,Xeka,1643.0,substitution,84,,,,,,regular,sofascore
8738771,1002711.0,Pape Matar Sarr,1651.0,card,76,,,,,,yellow,sofascore
8738771,855810.0,Tim Weah,1643.0,substitution,75,,,,,,regular,sofascore
8738771,848537.0,Boubakar Kouyaté,1651.0,card,65,,,,,,yellow,sofascore
8738771,991359.0,Papa Ndiaga Yade,1651.0,substitution,64,,,,,,regular,sofascore
8738771,153218.0,Thomas Delaine,1651.0,substitution,64,,,,,,regular,sofascore
8738771,18864.0,Burak Yılmaz,1643.0,goal,60,,,,,,regular,sofascore
8738771,,,,period,45,,,,,,,sofascore
8738771,18864.0,Burak Yılmaz,1643.0,card,45,,,,,,yellow,sofascore
8738771,,,,injuryTime,45,,,,,,,sofascore
8738771,352966.0,Aaron Leya Iseka,1651.0,inGamePenalty,17,,,,,,missed,sofascore
8738771,27622.0,José Fonte,1643.0,card,16,,,,,,yellow,sofascore
8738771,73188.0,John Boye,1651.0,varDecision,15,,,,,,penaltyNotAwarded,sofascore
8738772,,,,period,90,,,,,,,sofascore
8738772,,,,injuryTime,90,,,,,,,sofascore
8738772,979128.0,Rayan Cherki,1649.0,substitution,89,,,,,,regular,sofascore
8738772,757730.0,Antonin Bobichon,1684.0,substitution,84,,,,,,regular,sofascore
8738772,138833.0,Memphis Depay,1649.0,goal,83,,,,,,regular,sofascore
8738772,989899.0,Zinédine Ould Khaled,1684.0,substitution,81,,,,,,regular,sofascore
8738772,906075.0,Melvin Bard,1649.0,substitution,73,,,,,,regular,sofascore
8738772,329303.0,Thiago Mendes,1649.0,substitution,73,,,,,,regular,sofascore
8738772,1063235.0,Mohamed Ali Cho,1684.0,substitution,60,,,,,,regular,sofascore
8738772,294641.0,Loïs Diony,1684.0,substitution,60,,,,,,regular,sofascore
8738772,14142.0,Thomas Mangani,1684.0,substitution,59,,,,,,regular,sofascore
8738772,137667.0,Mattia De Sciglio,1649.0,substitution,59,,,,,,regular,sofascore
8738772,,,,period,45,,,,,,,sofascore
8738772,,,,injuryTime,45,,,,,,,sofascore
8738772,839981.0,Lucas Paquetá,1649.0,goal,41,,,,,,regular,sofascore
8738772,138833.0,Memphis Depay,1649.0,goal,21,,,,,,regular,sofascore
8738773,,,,period,90,,,,,,,sofascore
8738773,149730.0,Gaëtan Laborde,1642.0,goal,90,,,,,,regular,sofascore
8738773,,,,injuryTime,90,,,,,,,sofascore
8738773,352676.0,Olivier Ntcham,1641.0,substitution,89,,,,,,regular,sofascore
8738773,122630.0,Darío Benedetto,1641.0,substitution,89,,,,,,regular,sofascore
8738773,66309.0,Petar Škuletić,1642.0,substitution,86,,,,,,regular,sofascore
8738773,363774.0,Mihailo Ristić,1642.0,substitution,86,,,,,,regular,sofascore
8738773,826208.0,Michaël Cuisance,1641.0,substitution,82,,,,,,regular,sofascore
8738773,93570.0,Arnaud Souquet,1642.0,substitution,79,,,,,,regular,sofascore
8738773,979315.0,Elye Wahi,1642.0,substitution,79,,,,,,regular,sofascore
8738773,976396.0,Joris Chotard,1642.0,substitution,79,,,,,,regular,sofascore
8738773,123229.0,Jordan Ferri,1642.0,card,76,,,,,,yellow,sofascore
8738773,941077.0,Lucas Perrin,1641.0,goal,71,,,,,,regular,sofascore
8738773,941077.0,Lucas Perrin,1641.0,substitution,64,,,,,,regular,sofascore
8738773,257091.0,Duje Ćaleta-Car,1641.0,card,62,,,,,,red,sofascore
8738773,150212.0,Álvaro González,1641.0,card,54,,,,,,yellow,sofascore
8738773,149730.0,Gaëtan Laborde,1642.0,goal,47,,,,,,regular,sofascore
8738773,,,,period,45,,,,,,,sofascore
8738773,879694.0,Pape Gueye,1641.0,goal,45,,,,,,regular,sofascore
8738773,,,,injuryTime,45,,,,,,,sofascore
8738773,161325.0,Arkadiusz Milik,1641.0,goal,43,,,,,,regular,sofascore
8738773,148824.0,Florian Thauvin,1641.0,card,40,,,,,,yellow,sofascore
8738773,234230.0,Florent Mollet,1642.0,card,8,,,,,,yellow,sofascore
8738773,84744.0,Andy Delort,1642.0,varDecision,2,,,,,,goalNotAwarded,sofascore
8738773,84744.0,Andy Delort,1642.0,goal,1,,,,,,regular,sofascore
8738774,,,,period,90,,,,,,,sofascore
8738774,,,,injuryTime,90,,,,,,,sofascore
8738774,119192.0,Wissam Ben Yedder,1653.0,goal,89,,,,,,penalty,sofascore
8738774,788170.0,Fodé Ballo-Touré,1653.0,substitution,85,,,,,,injury,sofascore
8738774,208234.0,Fouad Chafik,1686.0,substitution,85,,,,,,regular,sofascore
8738774,897623.0,Alex Dobre,1686.0,substitution,84,,,,,,regular,sofascore
8738774,1046150.0,Eliot Matazo,1653.0,substitution,83,,,,,,regular,sofascore
8738774,873534.0,Krépin Diatta,1653.0,substitution,82,,,,,,regular,sofascore
8738774,1114408.0,Jacques Siwe,1686.0,substitution,79,,,,,,regular,sofascore
8738774,904994.0,Eric Ebimbe,1686.0,substitution,73,,,,,,regular,sofascore
8738774,786305.0,Roger Assalé,1686.0,substitution,73,,,,,,regular,sofascore
8738774,339909.0,Guillermo Maripán,1653.0,card,67,,,,,,yellow,sofascore
8738774,119192.0,Wissam Ben Yedder,1653.0,goal,63,,,,,,regular,sofascore
8738774,37126.0,Stevan Jovetić,1653.0,goal,49,,,,,,regular,sofascore
8738774,119192.0,Wissam Ben Yedder,1653.0,inGamePenalty,49,,,,,,missed,sofascore
8738774,31993.0,Bruno Ecuele Manga,1686.0,card,48,,,,,,yellow,sofascore
8738774,119192.0,Wissam Ben Yedder,1653.0,substitution,46,,,,,,regular,sofascore
8738774,518.0,Cesc Fàbregas,1653.0,substitution,46,,,,,,regular,sofascore
8738774,,,,period,45,,,,,,,sofascore
8738774,,,,injuryTime,45,,,,,,,sofascore
8738775,,,,period,90,,,,,,,sofascore
8738775,161325.0,Arkadiusz Milik,1641.0,goal,90,,,,,,penalty,sofascore
8738775,150212.0,Álvaro González,1641.0,varDecision,90,,,,,,penaltyNotAwarded,sofascore
8738775,229722.0,Farid Boulaya,1651.0,goal,90,,,,,,penalty,sofascore
8738775,14216.0,Dimitri Payet,1641.0,card,90,,,,,,yellow,sofascore
8738775,229722.0,Farid Boulaya,1651.0,varDecision,90,,,,,,penaltyNotAwarded,sofascore
8738775,787827.0,Matthieu Udol,1651.0,substitution,90,,,,,,regular,sofascore
8738775,229722.0,Farid Boulaya,1651.0,varDecision,90,,,,,,penaltyAwarded,sofascore
8738775,,,,injuryTime,90,,,,,,,sofascore
8738775,1102503.0,Ahmadou Bamba Dieng,1641.0,substitution,88,,,,,,regular,sofascore
8738775,913191.0,Vagner Dias,1651.0,substitution,78,,,,,,regular,sofascore
8738775,1046147.0,Lamine Gueye,1651.0,substitution,78,,,,,,regular,sofascore
8738775,977679.0,Luís Henrique,1641.0,substitution,72,,,,,,regular,sofascore
8738775,844480.0,Pol Lirola,1641.0,card,71,,,,,,yellow,sofascore
8738775,34639.0,Yuto Nagatomo,1641.0,substitution,67,,,,,,regular,sofascore
8738775,356024.0,Thierry Ambrose,1651.0,card,54,,,,,,yellow,sofascore
8738775,,,,period,45,,,,,,,sofascore
8738775,1002711.0,Pape Matar Sarr,1651.0,card,42,,,,,,yellow,sofascore
8738775,845271.0,Dylan Bronn,1651.0,card,36,,,,,,yellow,sofascore
8738775,,,1651.0,card,-5,,,,,,yellow,sofascore
8738776,,,,period,90,,,,,,,sofascore
8738776,,,,injuryTime,90,,,,,,,sofascore
8738776,1063235.0,Mohamed Ali Cho,1684.0,substitution,83,,,,,,regular,sofascore
8738776,308130.0,Jimmy Cabot,1684.0,substitution,82,,,,,,regular,sofascore
8738776,119192.0,Wissam Ben Yedder,1653.0,goal,79,,,,,,regular,sofascore
8738776,518.0,Cesc Fàbregas,1653.0,substitution,79,,,,,,regular,sofascore
8738776,788170.0,Fodé Ballo-Touré,1653.0,substitution,79,,,,,,regular,sofascore
8738776,989899.0,Zinédine Ould Khaled,1684.0,card,74,,,,,,yellow,sofascore
8738776,119192.0,Wissam Ben Yedder,1653.0,card,74,,,,,,yellow,sofascore
8738776,787542.0,Sada Thioub,1684.0,substitution,71,,,,,,regular,sofascore
8738776,989899.0,Zinédine Ould Khaled,1684.0,substitution,71,,,,,,regular,sofascore
8738776,904827.0,Benoît Badiashile,1653.0,substitution,59,,,,,,regular,sofascore
8738776,859025.0,Aurélien Tchouaméni,1653.0,card,57,,,,,,yellow,sofascore
8738776,,,,period,45,,,,,,,sofascore
8738776,51371.0,Vincent Manceau,1684.0,card,45,,,,,,yellow,sofascore
8738776,,,,injuryTime,45,,,,,,,sofascore
8738776,153220.0,Stéphane Bahoken,1684.0,substitution,28,,,,,,injury,sofascore
8738776,119192.0,Wissam Ben Yedder,1653.0,substitution,18,,,,,,injury,sofascore
8738777,,,,period,90,,,,,,,sofascore
8738777,,,,injuryTime,90,,,,,,,sofascore
8738777,825945.0,Simon Banza,1648.0,goal,88,,,,,,penalty,sofascore
8738777,942843.0,Ansou Sow,1648.0,substitution,85,,,,,,regular,sofascore
8738777,857471.0,Pierre-Yves Hamel,1656.0,substitution,82,,,,,,regular,sofascore
8738777,834881.0,Stéphane Diarra,1656.0,substitution,80,,,,,,regular,sofascore
8738777,825945.0,Simon Banza,1648.0,substitution,77,,,,,,regular,sofascore
8738777,803761.0,Cheick Traoré,1648.0,substitution,77,,,,,,regular,sofascore
8738777,1023091.0,David Pereira Da Costa,1648.0,substitution,66,,,,,,regular,sofascore
8738777,282095.0,Adrian Grbić,1656.0,substitution,65,,,,,,regular,sofascore
8738777,122807.0,Jonathan Delaplace,1656.0,substitution,65,,,,,,regular,sofascore
8738777,932643.0,Armand Laurienté,1656.0,substitution,65,,,,,,regular,sofascore
8738777,954061.0,Arnaud Kalimuendo,1648.0,goal,55,,,,,,regular,sofascore
8738777,,,,period,45,,,,,,,sofascore
8738777,191178.0,Corentin Jean,1648.0,goal,39,,,,,,regular,sofascore
8738777,894396.0,Terem Moffi,1656.0,goal,29,,,,,,regular,sofascore
8738777,46387.0,Gaël Kakuta,1648.0,goal,16,,,,,,penalty,sofascore
8738778,,,,period,90,,,,,,,sofascore
8738778,,,,injuryTime,90,,,,,,,sofascore
8738778,1001864.0,Kenny Nagera,1644.0,substitution,89,,,,,,regular,sofascore
8738778,997183.0,Xavi Simons,1644.0,substitution,89,,,,,,regular,sofascore
8738778,122922.0,Lionel Carole,1659.0,substitution,82,,,,,,regular,sofascore
8738778,891793.0,Kévin Zohi,1659.0,substitution,81,,,,,,regular,sofascore
8738778,255389.0,Leandro Paredes,1644.0,goal,79,,,,,,regular,sofascore
8738778,142680.0,Julian Draxler,1644.0,substitution,75,,,,,,regular,sofascore
8738778,106337.0,Idrissa Gana Gueye,1644.0,substitution,74,,,,,,regular,sofascore
8738778,1113031.0,Moïse Sahi Dion,1659.0,goal,63,,,,,,regular,sofascore
8738778,1113031.0,Moïse Sahi Dion,1659.0,substitution,61,,,,,,regular,sofascore
8738778,94822.0,Sanjin Prcić,1659.0,substitution,59,,,,,,regular,sofascore
8738778,914660.0,Mehdi Chahiri,1659.0,substitution,59,,,,,,regular,sofascore
8738778,835601.0,Moise Kean,1644.0,card,57,,,,,,yellow,sofascore
8738778,211064.0,Sergio Rico,1644.0,substitution,46,,,,,,injury,sofascore
8738778,,,,period,45,,,,,,,sofascore
8738778,835601.0,Moise Kean,1644.0,goal,45,,,,,,regular,sofascore
8738778,138573.0,Pablo Sarabia,1644.0,goal,27,,,,,,regular,sofascore
8738778,826643.0,Kylian Mbappé,1644.0,goal,16,,,,,,regular,sofascore
8738779,,,,period,90,,,,,,,sofascore
8738779,827243.0,Axel Disasi,1653.0,substitution,90,,,,,,regular,sofascore
8738779,839226.0,Pietro Pellegri,1653.0,substitution,90,,,,,,regular,sofascore
8738779,,,,injuryTime,90,,,,,,,sofascore
8738779,825945.0,Simon Banza,1648.0,substitution,88,,,,,,regular,sofascore
8738779,46387.0,Gaël Kakuta,1648.0,substitution,86,,,,,,regular,sofascore
8738779,339909.0,Guillermo Maripán,1653.0,card,85,,,,,,yellow,sofascore
8738779,117373.0,Kevin Volland,1653.0,card,82,,,,,,yellow,sofascore
8738779,51363.0,Yannick Cahuzac,1648.0,card,82,,,,,,yellow,sofascore
8738779,821728.0,Jonathan Clauss,1648.0,card,82,,,,,,yellow,sofascore
8738779,518.0,Cesc Fàbregas,1653.0,substitution,78,,,,,,regular,sofascore
8738779,860307.0,Facundo Medina,1648.0,card,74,,,,,,yellow,sofascore
8738779,191178.0,Corentin Jean,1648.0,substitution,73,,,,,,regular,sofascore
8738779,954061.0,Arnaud Kalimuendo,1648.0,substitution,72,,,,,,regular,sofascore
8738779,873534.0,Krépin Diatta,1653.0,substitution,72,,,,,,regular,sofascore
8738779,,,,period,45,,,,,,,sofascore
8738779,,,,injuryTime,45,,,,,,,sofascore
8738780,,,,period,90,,,,,,,sofascore
8738780,879694.0,Pape Gueye,1641.0,card,90,,,,,,yellow,sofascore
8738780,161325.0,Arkadiusz Milik,1641.0,card,90,,,,,,yellow,sofascore
8738780,1113031.0,Moïse Sahi Dion,1659.0,substitution,90,,,,,,regular,sofascore
8738780,,,,injuryTime,90,,,,,,,sofascore
8738780,122630.0,Darío Benedetto,1641.0,goal,86,,,,,,regular,sofascore
8738780,940365.0,Mahamé Siby,1659.0,substitution,86,,,,,,regular,sofascore
8738780,802159.0,Habibou Diallo,1659.0,card,85,,,,,,yellow,sofascore
8738780,122630.0,Darío Benedetto,1641.0,substitution,83,,,,,,regular,sofascore
8738780,844480.0,Pol Lirola,1641.0,card,81,,,,,,yellow,sofascore
8738780,829093.0,Ibrahima Sissoko,1659.0,substitution,76,,,,,,regular,sofascore
8738780,108736.0,Stefan Mitrović,1659.0,goal,73,,,,,,regular,sofascore
8738780,879694.0,Pape Gueye,1641.0,substitution,58,,,,,,regular,sofascore
8738780,977679.0,Luís Henrique,1641.0,substitution,57,,,,,,regular,sofascore
8738780,581314.0,Valentin Rongier,1641.0,card,55,,,,,,yellow,sofascore
8738780,51444.0,Lamine Koné,1659.0,card,53,,,,,,yellow,sofascore
8738780,,,,period,45,,,,,,,sofascore
8738780,,,,injuryTime,45,,,,,,,sofascore
8738781,,,,period,90,,,,,,,sofascore
8738781,,,,injuryTime,90,,,,,,,sofascore
8738781,233114.0,Mauro Icardi,1644.0,goal,89,,,,,,penalty,sofascore
8738781,142680.0,Julian Draxler,1644.0,substitution,87,,,,,,injury,sofascore
8738781,991359.0,Papa Ndiaga Yade,1651.0,substitution,87,,,,,,regular,sofascore
8738781,787827.0,Matthieu Udol,1651.0,substitution,87,,,,,,regular,sofascore
8738781,913191.0,Vagner Dias,1651.0,substitution,87,,,,,,regular,sofascore
8738781,233114.0,Mauro Icardi,1644.0,substitution,81,,,,,,regular,sofascore
8738781,82474.0,Ander Herrera,1644.0,card,79,,,,,,yellow,sofascore
8738781,880775.0,Ibrahima Niane,1651.0,substitution,68,,,,,,regular,sofascore
8738781,823476.0,Kévin N'Doram,1651.0,substitution,68,,,,,,regular,sofascore
8738781,30027.0,Ángel Di María,1644.0,substitution,65,,,,,,regular,sofascore
8738781,856638.0,Mitchel Bakker,1644.0,substitution,64,,,,,,regular,sofascore
8738781,135775.0,Layvin Kurzawa,1644.0,card,60,,,,,,yellow,sofascore
8738781,826643.0,Kylian Mbappé,1644.0,goal,59,,,,,,regular,sofascore
8738781,826643.0,Kylian Mbappé,1644.0,card,58,,,,,,yellow,sofascore
8738781,802034.0,Fabien Centonze,1651.0,goal,46,,,,,,regular,sofascore
8738781,,,,period,45,,,,,,,sofascore
8738781,126691.0,Marco Verratti,1644.0,card,37,,,,,,yellow,sofascore
8738781,156009.0,Victorien Angban,1651.0,card,15,,,,,,yellow,sofascore
8738781,826643.0,Kylian Mbappé,1644.0,goal,4,,,,,,regular,sofascore
8738781,,,1651.0,card,-5,,,,,,yellow,sofascore
8738782,,,,period,90,,,,,,,sofascore
8738782,,,,injuryTime,90,,,,,,,sofascore
8738782,796279.0,Jordan Lotomba,1661.0,substitution,88,,,,,,injury,sofascore
8738782,27009.0,Morgan Schneiderlin,1661.0,substitution,83,,,,,,regular,sofascore
8738782,944327.0,Dan Ndoye,1661.0,substitution,78,,,,,,regular,sofascore
8738782,137667.0,Mattia De Sciglio,1649.0,substitution,74,,,,,,regular,sofascore
8738782,329303.0,Thiago Mendes,1649.0,substitution,67,,,,,,regular,sofascore
8738782,979128.0,Rayan Cherki,1649.0,substitution,67,,,,,,regular,sofascore
8738782,945217.0,Jean-Clair Todibo,1661.0,card,65,,,,,,yellow,sofascore
8738782,238708.0,Islam Slimani,1649.0,substitution,61,,,,,,regular,sofascore
8738782,941168.0,William Saliba,1661.0,goal,57,,,,,,regular,sofascore
8738782,36704.0,Marcelo,1649.0,card,56,,,,,,yellow,sofascore
8738782,351434.0,Hassane Kamara,1661.0,goal,50,,,,,,regular,sofascore
8738782,,,,period,45,,,,,,,sofascore
8738782,904832.0,Khéphren Thuram,1661.0,card,45,,,,,,yellow,sofascore
8738782,,,,injuryTime,45,,,,,,,sofascore
8738782,842931.0,Karl Toko Ekambi,1649.0,varDecision,44,,,,,,goalAwarded,sofascore
8738782,842931.0,Karl Toko Ekambi,1649.0,goal,40,,,,,,regular,sofascore
8738782,795761.0,Kasper Dolberg,1661.0,varDecision,30,,,,,,goalNotAwarded,sofascore
8738782,795761.0,Kasper Dolberg,1661.0,goal,27,,,,,,regular,sofascore
8738782,842931.0,Karl Toko Ekambi,1649.0,goal,14,,,,,,regular,sofascore
8738783,,,,period,90,,,,,,,sofascore
8738783,94822.0,Sanjin Prcić,1659.0,substitution,90,,,,,,regular,sofascore
8738783,,,,injuryTime,90,,,,,,,sofascore
8738783,857471.0,Pierre-Yves Hamel,1656.0,substitution,78,,,,,,regular,sofascore
8738783,826134.0,Trevoh Chalobah,1656.0,goal,55,,,,,,regular,sofascore
8738783,791048.0,Julien Laporte,1656.0,card,53,,,,,,yellow,sofascore
8738783,,,,period,45,,,,,,,sofascore
8738783,802159.0,Habibou Diallo,1659.0,goal,18,,,,,,regular,sofascore
8738783,122922.0,Lionel Carole,1659.0,card,10,,,,,,yellow,sofascore
8738784,,,,period,90,,,,,,,sofascore
8738784,,,,injuryTime,90,,,,,,,sofascore
8738784,927975.0,Jean Lucas,1715.0,card,86,,,,,,yellow,sofascore
8738784,44213.0,Gaëtan Charbonnier,1715.0,substitution,82,,,,,,regular,sofascore
8738784,307096.0,Romain Philippoteaux,1715.0,substitution,81,,,,,,regular,sofascore
8738784,1047296.0,Jérémy Le Douaron,1715.0,substitution,75,,,,,,regular,sofascore
8738784,974418.0,Karim Aribi,1663.0,substitution,67,,,,,,regular,sofascore
8738784,944142.0,Yassine Benrahou,1663.0,substitution,67,,,,,,regular,sofascore
8738784,51349.0,Lucas Deaux,1663.0,substitution,56,,,,,,regular,sofascore
8738784,861324.0,Hugo Magnetti,1715.0,card,50,,,,,,yellow,sofascore
8738784,827519.0,Romain Perraud,1715.0,card,47,,,,,,yellow,sofascore
8738784,345035.0,Steve Mounié,1715.0,card,46,,,,,,yellow,sofascore
8738784,,,,period,45,,,,,,,sofascore
8738784,,,,injuryTime,45,,,,,,,sofascore
8738784,328035.0,Brendan Chardonnet,1715.0,goal,26,,,,,,regular,sofascore
8738784,822878.0,Lamine Fomba,1663.0,card,22,,,,,,yellow,sofascore
8738784,796085.0,Moussa Koné,1663.0,goal,11,,,,,,regular,sofascore
8738787,,,,period,90,,,,,,,sofascore
8738787,827804.0,Yusuf Yazıcı,1643.0,card,90,,,,,,yellow,sofascore
8738787,,,,injuryTime,90,,,,,,,sofascore
8738787,18864.0,Burak Yılmaz,1643.0,card,86,,,,,,yellow,sofascore
8738787,18864.0,Burak Yılmaz,1643.0,goal,85,,,,,,regular,sofascore
8738787,827804.0,Yusuf Yazıcı,1643.0,substitution,80,,,,,,regular,sofascore
8738787,846081.0,Houssem Aouar,1649.0,substitution,79,,,,,,regular,sofascore
8738787,849651.0,Djamel Benlamri,1649.0,substitution,79,,,,,,regular,sofascore
8738787,858705.0,Xeka,1643.0,substitution,73,,,,,,regular,sofascore
8738787,840451.0,Luiz Araújo,1643.0,substitution,73,,,,,,regular,sofascore
8738787,810535.0,Tino Kadewere,1649.0,substitution,73,,,,,,regular,sofascore
8738787,280439.0,Maxwel Cornet,1649.0,substitution,73,,,,,,regular,sofascore
8738787,866469.0,Bruno Guimarães,1649.0,substitution,64,,,,,,regular,sofascore
8738787,595576.0,Jonathan Bamba,1643.0,substitution,61,,,,,,regular,sofascore
8738787,935564.0,Jonathan David,1643.0,goal,60,,,,,,regular,sofascore
8738787,831424.0,Reinildo Mandava,1643.0,substitution,46,,,,,,regular,sofascore
8738787,,,,period,45,,,,,,,sofascore
8738787,18864.0,Burak Yılmaz,1643.0,goal,45,,,,,,regular,sofascore
8738787,,,,injuryTime,45,,,,,,,sofascore
8738787,51665.0,Benjamin André,1643.0,card,43,,,,,,yellow,sofascore
8738787,27622.0,José Fonte,1649.0,goal,35,,,,,,ownGoal,sofascore
8738787,238708.0,Islam Slimani,1649.0,goal,20,,,,,,regular,sofascore
8738788,,,,period,90,,,,,,,sofascore
8738788,,,,injuryTime,90,,,,,,,sofascore
8738788,1114408.0,Jacques Siwe,1686.0,substitution,88,,,,,,regular,sofascore
8738788,1064307.0,Malik Sellouki,1661.0,substitution,85,,,,,,regular,sofascore
8738788,51299.0,Frédéric Sammaritano,1686.0,substitution,81,,,,,,regular,sofascore
8738788,155718.0,Yassine Benzia,1686.0,goal,77,,,,,,penalty,sofascore
8738788,897623.0,Alex Dobre,1686.0,substitution,75,,,,,,regular,sofascore
8738788,985923.0,Hicham Boudaoui,1661.0,substitution,64,,,,,,regular,sofascore
8738788,894238.0,Youcef Atal,1661.0,substitution,64,,,,,,regular,sofascore
8738788,904991.0,Stanley Nsoki,1661.0,substitution,64,,,,,,regular,sofascore
8738788,27009.0,Morgan Schneiderlin,1661.0,card,51,,,,,,yellow,sofascore
8738788,208234.0,Fouad Chafik,1686.0,goal,49,,,,,,regular,sofascore
8738788,,,,period,45,,,,,,,sofascore
8738788,208234.0,Fouad Chafik,1686.0,card,19,,,,,,yellow,sofascore
8738789,,,,period,90,,,,,,,sofascore
8738789,233114.0,Mauro Icardi,1644.0,goal,90,,,,,,regular,sofascore
8738789,74139.0,Romain Hamouma,1678.0,goal,90,,,,,,regular,sofascore
8738789,,,,injuryTime,90,,,,,,,sofascore
8738789,941161.0,Charles Abi,1678.0,substitution,89,,,,,,regular,sofascore
8738789,826643.0,Kylian Mbappé,1644.0,goal,87,,,,,,penalty,sofascore
8738789,352916.0,Presnel Kimpembe,1644.0,card,85,,,,,,yellow,sofascore
8738789,826643.0,Kylian Mbappé,1644.0,goal,79,,,,,,regular,sofascore
8738789,760618.0,Denis Bouanga,1678.0,goal,78,,,,,,regular,sofascore
8738789,941300.0,Colin Dagba,1644.0,substitution,77,,,,,,regular,sofascore
8738789,962877.0,Adil Aouchiche,1678.0,substitution,68,,,,,,regular,sofascore
8738789,233114.0,Mauro Icardi,1644.0,substitution,68,,,,,,regular,sofascore
8738789,126691.0,Marco Verratti,1644.0,substitution,67,,,,,,regular,sofascore
8738789,30027.0,Ángel Di María,1644.0,substitution,67,,,,,,regular,sofascore
8738789,869931.0,Yvan Neyou,1678.0,card,57,,,,,,yellow,sofascore
8738789,990227.0,Aimen Moueffek,1678.0,substitution,56,,,,,,injury,sofascore
8738789,760618.0,Denis Bouanga,1678.0,substitution,46,,,,,,regular,sofascore
8738789,848458.0,Arnaud Nordin,1678.0,substitution,46,,,,,,regular,sofascore
8738789,,,,period,45,,,,,,,sofascore
8738789,,,,injuryTime,45,,,,,,,sofascore
8738790,,,,period,90,,,,,,,sofascore
8738790,39009.0,Clément Grenier,1658.0,goal,90,,,,,,regular,sofascore
8738790,,,,injuryTime,90,,,,,,,sofascore
8738790,999070.0,Matthis Abline,1658.0,substitution,89,,,,,,regular,sofascore
8738790,1048916.0,Lesley Ugochukwu,1658.0,substitution,89,,,,,,regular,sofascore
8738790,825681.0,Romain Del Castillo,1658.0,card,86,,,,,,yellow,sofascore
8738790,281013.0,Bersant Celina,1686.0,card,86,,,,,,yellow,sofascore
8738790,901470.0,Gerzino Nyamsi,1658.0,goal,81,,,,,,regular,sofascore
8738790,937741.0,Senou Coulibaly,1686.0,card,81,,,,,,yellow,sofascore
8738790,51299.0,Frédéric Sammaritano,1686.0,substitution,79,,,,,,regular,sofascore
8738790,39009.0,Clément Grenier,1658.0,substitution,77,,,,,,regular,sofascore
8738790,385386.0,Dalbert,1658.0,card,76,,,,,,yellow,sofascore
8738790,312388.0,Flavien Tait,1658.0,goal,72,,,,,,regular,sofascore
8738790,825681.0,Romain Del Castillo,1658.0,substitution,72,,,,,,regular,sofascore
8738790,385386.0,Dalbert,1658.0,substitution,72,,,,,,regular,sofascore
8738790,846445.0,Martin Terrier,1658.0,goal,71,,,,,,regular,sofascore
8738790,897623.0,Alex Dobre,1686.0,substitution,67,,,,,,injury,sofascore
8738790,51652.0,Steven​ N'Zonzi,1658.0,card,59,,,,,,yellow,sofascore
8738790,973887.0,Eduardo Camavinga,1658.0,card,57,,,,,,yellow,sofascore
8738790,557166.0,Mama Baldé,1686.0,substitution,56,,,,,,regular,sofascore
8738790,,,,period,45,,,,,,,sofascore
8738790,,,,injuryTime,45,,,,,,,sofascore
8738790,867438.0,Jonathan Panzo,1686.0,card,43,,,,,,yellow,sofascore
8738790,999028.0,Adrien Truffert,1658.0,card,40,,,,,,yellow,sofascore
8738790,901470.0,Gerzino Nyamsi,1658.0,card,18,,,,,,yellow,sofascore
8738790,846445.0,Martin Terrier,1658.0,goal,15,,,,,,regular,sofascore
8738790,155718.0,Yassine Benzia,1686.0,goal,9,,,,,,penalty,sofascore
8738791,,,,period,90,,,,,,,sofascore
8738791,777067.0,Florian Miguel,1663.0,card,90,,,,,,yellow,sofascore
8738791,,,,injuryTime,90,,,,,,,sofascore
8738791,51421.0,Nolan Roux,1663.0,substitution,87,,,,,,regular,sofascore
8738791,881952.0,Matteo Ahlinvi,1663.0,substitution,87,,,,,,regular,sofascore
8738791,796085.0,Moussa Koné,1663.0,card,81,,,,,,yellow,sofascore
8738791,796930.0,Wuilker Faríñez,1648.0,substitution,80,,,,,,injury,sofascore
8738791,343955.0,Gaëtan Paquiez,1663.0,substitution,80,,,,,,regular,sofascore
8738791,230766.0,Haris Duljević,1663.0,substitution,80,,,,,,regular,sofascore
8738791,143344.0,Massadio Haïdara,1648.0,goal,76,,,,,,regular,sofascore
8738791,593546.0,Tony Mauricio,1648.0,substitution,67,,,,,,regular,sofascore
8738791,954061.0,Arnaud Kalimuendo,1648.0,substitution,67,,,,,,regular,sofascore
8738791,842400.0,Zinedine Ferhat,1663.0,goal,52,,,,,,penalty,sofascore
8738791,,,,period,45,,,,,,,sofascore
8738791,,,,injuryTime,45,,,,,,,sofascore
8738791,1006489.0,Loïc Badé,1648.0,card,34,,,,,,yellow,sofascore
8738791,316196.0,Niclas Eliasson,1663.0,substitution,28,,,,,,injury,sofascore
8738791,1047364.0,Ismaël Boura,1648.0,substitution,28,,,,,,regular,sofascore
8738791,291695.0,Issiaga Sylla,1648.0,card,24,,,,,,red,sofascore
8738791,890329.0,Ignatius Kpene Ganago,1648.0,goal,17,,,,,,regular,sofascore
8738792,,,,period,90,,,,,,,sofascore
8738792,,,,injuryTime,90,,,,,,,sofascore
8738792,1104948.0,Issouf Sissokho,1645.0,card,87,,,,,,yellow,sofascore
8738792,282095.0,Adrian Grbić,1656.0,substitution,85,,,,,,regular,sofascore
8738792,857471.0,Pierre-Yves Hamel,1656.0,substitution,84,,,,,,regular,sofascore
8738792,1104948.0,Issouf Sissokho,1645.0,goal,83,,,,,,regular,sofascore
8738792,1104948.0,Issouf Sissokho,1645.0,substitution,83,,,,,,regular,sofascore
8738792,963300.0,Amadou Traoré,1645.0,substitution,83,,,,,,regular,sofascore
8738792,894396.0,Terem Moffi,1656.0,card,81,,,,,,yellow,sofascore
8738792,894396.0,Terem Moffi,1656.0,goal,80,,,,,,regular,sofascore
8738792,111803.0,Youssouf Sabaly,1645.0,card,74,,,,,,yellow,sofascore
8738792,150865.0,Thomas Monconduit,1656.0,substitution,74,,,,,,regular,sofascore
8738792,932643.0,Armand Laurienté,1656.0,substitution,65,,,,,,regular,sofascore
8738792,3305.0,Hatem Ben Arfa,1645.0,substitution,54,,,,,,regular,sofascore
8738792,1047484.0,Sékou Mara,1645.0,substitution,54,,,,,,regular,sofascore
8738792,833030.0,Samuel Kalu,1645.0,substitution,54,,,,,,regular,sofascore
8738792,,,,period,45,,,,,,,sofascore
8738792,,,,injuryTime,45,,,,,,,sofascore
8738792,894396.0,Terem Moffi,1656.0,goal,43,,,,,,regular,sofascore
8738792,894396.0,Terem Moffi,1656.0,goal,20,,,,,,regular,sofascore
8738792,805123.0,Yoane Wissa,1656.0,goal,18,,,,,,regular,sofascore
8738792,16508.0,Paul Baysse,1645.0,card,12,,,,,,yellow,sofascore
8738792,26890.0,Fabien Lemoine,1656.0,card,7,,,,,,yellow,sofascore
8738792,,,1645.0,card,-5,,,,,,red,sofascore
8738793,,,,period,90,,,,,,,sofascore
8738793,904991.0,Stanley Nsoki,1661.0,substitution,90,,,,,,regular,sofascore
8738793,,,,injuryTime,90,,,,,,,sofascore
8738793,944327.0,Dan Ndoye,1661.0,substitution,80,,,,,,regular,sofascore
8738793,66309.0,Petar Škuletić,1642.0,substitution,79,,,,,,regular,sofascore
8738793,940993.0,Clement Vidal,1642.0,substitution,78,,,,,,regular,sofascore
8738793,979315.0,Elye Wahi,1642.0,card,66,,,,,,yellow,sofascore
8738793,801306.0,Pierre Lees Melou,1661.0,substitution,64,,,,,,regular,sofascore
8738793,901885.0,Flavius Daniliuc,1661.0,substitution,64,,,,,,regular,sofascore
8738793,976396.0,Joris Chotard,1642.0,substitution,60,,,,,,regular,sofascore
8738793,979315.0,Elye Wahi,1642.0,substitution,60,,,,,,regular,sofascore
8738793,38688.0,Damien Le Tallec,1642.0,substitution,59,,,,,,regular,sofascore
8738793,985923.0,Hicham Boudaoui,1661.0,card,59,,,,,,yellow,sofascore
8738793,234230.0,Florent Mollet,1642.0,card,56,,,,,,yellow,sofascore
8738793,,,,period,45,,,,,,,sofascore
8738793,,,,injuryTime,45,,,,,,,sofascore
8738793,822877.0,Alexis Claude-Maurice,1661.0,goal,40,,,,,,regular,sofascore
8738793,945217.0,Jean-Clair Todibo,1661.0,goal,39,,,,,,regular,sofascore
8738793,985923.0,Hicham Boudaoui,1661.0,goal,6,,,,,,regular,sofascore
8738793,149730.0,Gaëtan Laborde,1642.0,goal,3,,,,,,regular,sofascore
8738794,,,,period,90,,,,,,,sofascore
8738794,788181.0,Roli Pereira de Sa,1647.0,substitution,90,,,,,,regular,sofascore
8738794,,,,injuryTime,90,,,,,,,sofascore
8738794,794836.0,Andrei Girotto,1647.0,substitution,83,,,,,,regular,sofascore
8738794,1113031.0,Moïse Sahi Dion,1659.0,substitution,80,,,,,,regular,sofascore
8738794,785418.0,Marcus Coco,1647.0,substitution,80,,,,,,regular,sofascore
8738794,914660.0,Mehdi Chahiri,1659.0,substitution,80,,,,,,regular,sofascore
8738794,806076.0,Ludovic Blas,1647.0,goal,76,,,,,,regular,sofascore
8738794,845273.0,Jean-Ricner Bellegarde,1659.0,substitution,68,,,,,,regular,sofascore
8738794,191204.0,Jean-Charles Castelletto,1647.0,card,57,,,,,,yellow,sofascore
8738794,191204.0,Jean-Charles Castelletto,1647.0,goal,53,,,,,,regular,sofascore
8738794,,,,period,45,,,,,,,sofascore
8738794,,,,injuryTime,45,,,,,,,sofascore
8738794,343971.0,Ludovic Ajorque,1659.0,goal,43,,,,,,regular,sofascore
8738794,965943.0,Imrân Louza,1647.0,card,22,,,,,,yellow,sofascore
8738794,289977.0,Alexander Djiku,1659.0,card,17,,,,,,yellow,sofascore
8738794,799216.0,Pedro Chirivella,1647.0,card,16,,,,,,yellow,sofascore
8738795,,,,period,90,,,,,,,sofascore
8738795,32664.0,Ludovic Baal,1715.0,substitution,90,,,,,,regular,sofascore
8738795,916041.0,Mahdi Camara,1678.0,card,90,,,,,,yellow,sofascore
8738795,,,,injuryTime,90,,,,,,,sofascore
8738795,1063237.0,Saïdou Sow,1678.0,substitution,89,,,,,,regular,sofascore
8738795,990820.0,Hianga'a M'Bock,1715.0,substitution,88,,,,,,regular,sofascore
8738795,1047296.0,Jérémy Le Douaron,1715.0,substitution,88,,,,,,injury,sofascore
8738795,845930.0,Jean-Kévin Duverne,1715.0,substitution,80,,,,,,regular,sofascore
8738795,38716.0,Ryad Boudebouz,1678.0,substitution,80,,,,,,regular,sofascore
8738795,44213.0,Gaëtan Charbonnier,1715.0,goal,79,,,,,,regular,sofascore
8738795,580642.0,Haris Belkebla,1715.0,card,77,,,,,,yellow,sofascore
8738795,44213.0,Gaëtan Charbonnier,1715.0,goal,66,,,,,,regular,sofascore
8738795,862194.0,Zaydou Youssouf,1678.0,card,65,,,,,,yellow,sofascore
8738795,941161.0,Charles Abi,1678.0,substitution,55,,,,,,regular,sofascore
8738795,16635.0,Kévin Monnet-Paquet,1678.0,substitution,55,,,,,,regular,sofascore
8738795,74139.0,Romain Hamouma,1678.0,substitution,55,,,,,,regular,sofascore
8738795,,,,period,45,,,,,,,sofascore
8738795,,,,injuryTime,45,,,,,,,sofascore
8738795,51640.0,Wahbi Khazri,1678.0,goal,11,,,,,,regular,sofascore
8738796,,,,period,90,,,,,,,sofascore
8738796,,,,injuryTime,90,,,,,,,sofascore
8738796,122815.0,Wesley Lautoa,1686.0,card,87,,,,,,yellow,sofascore
8738796,786029.0,Didier Ndong,1686.0,card,78,,,,,,yellow,sofascore
8738796,157143.0,Moussa Konaté,1686.0,substitution,72,,,,,,regular,sofascore
8738796,603736.0,Aboubakar Kamara,1686.0,substitution,72,,,,,,regular,sofascore
8738796,51299.0,Frédéric Sammaritano,1686.0,substitution,72,,,,,,regular,sofascore
8738796,98197.0,Valon Berisha,1682.0,substitution,72,,,,,,regular,sofascore
8738796,789984.0,Dereck Kutesa,1682.0,substitution,71,,,,,,regular,sofascore
8738796,557166.0,Mama Baldé,1686.0,card,59,,,,,,yellow,sofascore
8738796,557166.0,Mama Baldé,1686.0,substitution,58,,,,,,injury,sofascore
8738796,960080.0,Boulaye Dia,1682.0,goal,50,,,,,,regular,sofascore
8738796,,,,period,45,,,,,,,sofascore
8738797,,,,period,90,,,,,,,sofascore
8738797,825681.0,Romain Del Castillo,1658.0,substitution,90,,,,,,regular,sofascore
8738797,328027.0,Serhou Guirassy,1658.0,goal,90,,,,,,regular,sofascore
8738797,,,,injuryTime,90,,,,,,,sofascore
8738797,989899.0,Zinédine Ould Khaled,1684.0,substitution,83,,,,,,regular,sofascore
8738797,39009.0,Clément Grenier,1658.0,substitution,77,,,,,,regular,sofascore
8738797,385386.0,Dalbert,1658.0,substitution,76,,,,,,regular,sofascore
8738797,826211.0,Yassin Fortune,1684.0,substitution,76,,,,,,regular,sofascore
8738797,996961.0,Noah Fatar,1684.0,substitution,76,,,,,,regular,sofascore
8738797,1002623.0,Waniss Taibi,1684.0,substitution,66,,,,,,regular,sofascore
8738797,787542.0,Sada Thioub,1684.0,substitution,66,,,,,,regular,sofascore
8738797,25506.0,Ismaël Traoré,1684.0,card,65,,,,,,yellow,sofascore
8738797,328027.0,Serhou Guirassy,1658.0,substitution,64,,,,,,regular,sofascore
8738797,846445.0,Martin Terrier,1658.0,goal,63,,,,,,regular,sofascore
8738797,,,,period,45,,,,,,,sofascore
8738797,257421.0,Ibrahim Amadou,1684.0,card,45,,,,,,yellow,sofascore
8738797,934386.0,Jérémy Doku,1658.0,goal,45,,,,,,regular,sofascore
8738797,,,,injuryTime,45,,,,,,,sofascore
8738798,,,,period,90,,,,,,,sofascore
8738798,798002.0,Toma Bašić,1645.0,card,90,,,,,,yellow,sofascore
8738798,,,,injuryTime,90,,,,,,,sofascore
8738798,40677.0,Fábio,1647.0,substitution,88,,,,,,regular,sofascore
8738798,331753.0,Renaud Emond,1647.0,substitution,82,,,,,,regular,sofascore
8738798,785418.0,Marcus Coco,1647.0,substitution,82,,,,,,regular,sofascore
8738798,74045.0,Nicolas de Préville,1645.0,card,74,,,,,,yellow,sofascore
8738798,788181.0,Roli Pereira de Sa,1647.0,substitution,71,,,,,,regular,sofascore
8738798,871706.0,Randal Kolo Muani,1647.0,goal,70,,,,,,regular,sofascore
8738798,16508.0,Paul Baysse,1645.0,substitution,58,,,,,,regular,sofascore
8738798,842709.0,Rémi Oudin,1645.0,substitution,58,,,,,,regular,sofascore
8738798,74045.0,Nicolas de Préville,1645.0,substitution,58,,,,,,regular,sofascore
8738798,963300.0,Amadou Traoré,1645.0,substitution,58,,,,,,regular,sofascore
8738798,1047931.0,Tom Lacoux,1645.0,card,57,,,,,,yellow,sofascore
8738798,965943.0,Imrân Louza,1647.0,goal,51,,,,,,penalty,sofascore
8738798,67308.0,Loris Benito,1645.0,card,50,,,,,,yellow,sofascore
8738798,,,,period,45,,,,,,,sofascore
8738798,,,,injuryTime,45,,,,,,,sofascore
8738798,581328.0,Edson Andre Sitoe,1645.0,card,31,,,,,,yellow,sofascore
8738798,159701.0,Kalifa Coulibaly,1647.0,goal,19,,,,,,regular,sofascore
8738799,,,,period,90,,,,,,,sofascore
8738799,996958.0,Malo Gusto,1649.0,substitution,90,,,,,,regular,sofascore
8738799,957623.0,Yaya Soumare,1649.0,substitution,90,,,,,,regular,sofascore
8738799,,,,injuryTime,90,,,,,,,sofascore
8738799,1082953.0,Habib Keita,1649.0,substitution,85,,,,,,regular,sofascore
8738799,150865.0,Thomas Monconduit,1656.0,goal,83,,,,,,regular,sofascore
8738799,857471.0,Pierre-Yves Hamel,1656.0,card,79,,,,,,yellow,sofascore
8738799,834881.0,Stéphane Diarra,1656.0,substitution,78,,,,,,regular,sofascore
8738799,866469.0,Bruno Guimarães,1649.0,goal,77,,,,,,regular,sofascore
8738799,150865.0,Thomas Monconduit,1656.0,substitution,73,,,,,,regular,sofascore
8738799,282095.0,Adrian Grbić,1656.0,substitution,72,,,,,,regular,sofascore
8738799,857471.0,Pierre-Yves Hamel,1656.0,substitution,72,,,,,,regular,sofascore
8738799,866469.0,Bruno Guimarães,1649.0,goal,71,,,,,,penalty,sofascore
8738799,866469.0,Bruno Guimarães,1649.0,varDecision,71,,,,,,review,sofascore
8738799,26890.0,Fabien Lemoine,1656.0,card,69,,,,,,yellow,sofascore
8738799,839981.0,Lucas Paquetá,1649.0,goal,65,,,,,,regular,sofascore
8738799,932643.0,Armand Laurienté,1656.0,substitution,64,,,,,,regular,sofascore
8738799,329303.0,Thiago Mendes,1649.0,substitution,60,,,,,,regular,sofascore
8738799,846081.0,Houssem Aouar,1649.0,goal,53,,,,,,regular,sofascore
8738799,238708.0,Islam Slimani,1649.0,substitution,46,,,,,,regular,sofascore
8738799,,,,period,45,,,,,,,sofascore
8738799,,,,injuryTime,45,,,,,,,sofascore
8738799,846081.0,Houssem Aouar,1649.0,card,41,,,,,,yellow,sofascore
8738799,866469.0,Bruno Guimarães,1649.0,card,18,,,,,,yellow,sofascore
8738800,,,,period,90,,,,,,,sofascore
8738800,37126.0,Stevan Jovetić,1653.0,goal,90,,,,,,regular,sofascore
8738800,,,,injuryTime,90,,,,,,,sofascore
8738800,305282.0,Jean Michaël Seri,1645.0,card,84,,,,,,yellow,sofascore
8738800,788170.0,Fodé Ballo-Touré,1653.0,substitution,83,,,,,,regular,sofascore
8738800,855845.0,Florentino Luís,1653.0,substitution,83,,,,,,regular,sofascore
8738800,963300.0,Amadou Traoré,1645.0,substitution,82,,,,,,regular,sofascore
8738800,305282.0,Jean Michaël Seri,1645.0,substitution,82,,,,,,regular,sofascore
8738800,1047931.0,Tom Lacoux,1645.0,card,78,,,,,,yellowRed,sofascore
8738800,925837.0,Mehdi Zerkane,1645.0,card,75,,,,,,yellow,sofascore
8738800,579576.0,Ruben Aguilar,1653.0,substitution,75,,,,,,regular,sofascore
8738800,1047931.0,Tom Lacoux,1645.0,card,72,,,,,,yellow,sofascore
8738800,944164.0,Sofiane Diop,1653.0,substitution,66,,,,,,regular,sofascore
8738800,37126.0,Stevan Jovetić,1653.0,substitution,66,,,,,,regular,sofascore
8738800,74045.0,Nicolas de Préville,1645.0,substitution,63,,,,,,regular,sofascore
8738800,925837.0,Mehdi Zerkane,1645.0,substitution,62,,,,,,regular,sofascore
8738800,364618.0,Gelson Martins,1653.0,goal,47,,,,,,regular,sofascore
8738800,,,,period,45,,,,,,,sofascore
8738800,,,,injuryTime,45,,,,,,,sofascore
8738800,117373.0,Kevin Volland,1653.0,goal,29,,,,,,regular,sofascore
8738800,581328.0,Edson Andre Sitoe,1645.0,substitution,24,,,,,,injury,sofascore
8738800,945062.0,Youssouf Fofana,1653.0,card,15,,,,,,yellow,sofascore
8738801,,,,period,90,,,,,,,sofascore
8738801,363774.0,Mihailo Ristić,1642.0,card,90,,,,,,yellow,sofascore
8738801,891793.0,Kévin Zohi,1659.0,goal,90,,,,,,regular,sofascore
8738801,289977.0,Alexander Djiku,1659.0,card,90,,,,,,yellow,sofascore
8738801,,,,injuryTime,90,,,,,,,sofascore
8738801,891793.0,Kévin Zohi,1659.0,substitution,82,,,,,,regular,sofascore
8738801,94822.0,Sanjin Prcić,1659.0,substitution,82,,,,,,regular,sofascore
8738801,979315.0,Elye Wahi,1642.0,substitution,77,,,,,,regular,sofascore
8738801,979311.0,Samy Benchama,1642.0,substitution,77,,,,,,regular,sofascore
8738801,845083.0,Keagan Dolly,1642.0,substitution,71,,,,,,regular,sofascore
8738801,343971.0,Ludovic Ajorque,1659.0,goal,69,,,,,,regular,sofascore
8738801,122922.0,Lionel Carole,1659.0,substitution,66,,,,,,injury,sofascore
8738801,976396.0,Joris Chotard,1642.0,card,61,,,,,,yellow,sofascore
8738801,976396.0,Joris Chotard,1642.0,substitution,60,,,,,,regular,sofascore
8738801,66309.0,Petar Škuletić,1642.0,substitution,60,,,,,,regular,sofascore
8738801,1113031.0,Moïse Sahi Dion,1659.0,substitution,54,,,,,,regular,sofascore
8738801,829093.0,Ibrahima Sissoko,1659.0,substitution,54,,,,,,regular,sofascore
8738801,149730.0,Gaëtan Laborde,1642.0,goal,49,,,,,,regular,sofascore
8738801,84744.0,Andy Delort,1642.0,goal,46,,,,,,regular,sofascore
8738801,,,,period,45,,,,,,,sofascore
8738801,,,,injuryTime,45,,,,,,,sofascore
8738801,38688.0,Damien Le Tallec,1642.0,card,43,,,,,,yellow,sofascore
8738801,156004.0,Jean-Eudes Aholou,1659.0,card,37,,,,,,yellow,sofascore
8738801,149730.0,Gaëtan Laborde,1642.0,goal,36,,,,,,regular,sofascore
8738802,,,,period,90,,,,,,,sofascore
8738802,954059.0,Bandiougou Fadiga,1715.0,substitution,90,,,,,,regular,sofascore
8738802,,,,injuryTime,90,,,,,,,sofascore
8738802,825945.0,Simon Banza,1648.0,card,89,,,,,,yellowRed,sofascore
8738802,927975.0,Jean Lucas,1715.0,card,89,,,,,,yellowRed,sofascore
8738802,927975.0,Jean Lucas,1715.0,card,87,,,,,,yellow,sofascore
8738802,1114368.0,Adrien Louveau,1648.0,substitution,83,,,,,,regular,sofascore
8738802,339227.0,Steven Fortes,1648.0,card,81,,,,,,yellowRed,sofascore
8738802,1047364.0,Ismaël Boura,1648.0,substitution,72,,,,,,regular,sofascore
8738802,46387.0,Gaël Kakuta,1648.0,goal,72,,,,,,penalty,sofascore
8738802,890329.0,Ignatius Kpene Ganago,1648.0,varDecision,69,,,,,,penaltyNotAwarded,sofascore
8738802,821728.0,Jonathan Clauss,1648.0,card,63,,,,,,yellow,sofascore
8738802,825945.0,Simon Banza,1648.0,card,59,,,,,,yellow,sofascore
8738802,825945.0,Simon Banza,1648.0,substitution,59,,,,,,regular,sofascore
8738802,890329.0,Ignatius Kpene Ganago,1648.0,substitution,58,,,,,,regular,sofascore
8738802,339227.0,Steven Fortes,1648.0,card,53,,,,,,yellow,sofascore
8738802,143344.0,Massadio Haïdara,1648.0,card,48,,,,,,yellow,sofascore
8738802,,,,period,45,,,,,,,sofascore
8738802,,,,injuryTime,45,,,,,,,sofascore
8738802,51363.0,Yannick Cahuzac,1715.0,goal,37,,,,,,ownGoal,sofascore
8738802,1006489.0,Loïc Badé,1648.0,card,35,,,,,,yellow,sofascore
8738802,1047296.0,Jérémy Le Douaron,1715.0,substitution,3,,,,,,injury,sofascore
8738802,,,1648.0,card,-5,,,,,,red,sofascore
8738803,,,,period,90,,,,,,,sofascore
8738803,39224.0,Jean-Louis Leca,1648.0,card,90,,,,,,yellow,sofascore
8738803,191178.0,Corentin Jean,1648.0,card,90,,,,,,yellow,sofascore
8738803,191178.0,Corentin Jean,1648.0,substitution,90,,,,,,regular,sofascore
8738803,,,,injuryTime,90,,,,,,,sofascore
8738803,906047.0,Cheick Doucouré,1648.0,card,86,,,,,,yellow,sofascore
8738803,836678.0,Clément Michelin,1648.0,substitution,80,,,,,,regular,sofascore
8738803,891793.0,Kévin Zohi,1659.0,substitution,80,,,,,,regular,sofascore
8738803,788921.0,Florian Sotoca,1648.0,substitution,72,,,,,,regular,sofascore
8738803,802159.0,Habibou Diallo,1659.0,substitution,69,,,,,,regular,sofascore
8738803,365358.0,Dimitri Liénard,1659.0,substitution,56,,,,,,injury,sofascore
8738803,,,,period,45,,,,,,,sofascore
8738803,,,,injuryTime,45,,,,,,,sofascore
8738803,860307.0,Facundo Medina,1648.0,card,44,,,,,,yellow,sofascore
8738803,829093.0,Ibrahima Sissoko,1659.0,card,44,,,,,,yellow,sofascore
8738803,231946.0,Adrien Thomasson,1659.0,card,42,,,,,,yellow,sofascore
8738803,191188.0,Seko Fofana,1648.0,goal,40,,,,,,regular,sofascore
8738803,845273.0,Jean-Ricner Bellegarde,1659.0,goal,20,,,,,,regular,sofascore
8738803,1006489.0,Loïc Badé,1648.0,card,19,,,,,,yellow,sofascore
8738803,143344.0,Massadio Haïdara,1648.0,goal,5,,,,,,regular,sofascore
8738803,,,1659.0,card,-5,,,,,,yellow,sofascore
8738804,,,,period,90,,,,,,,sofascore
8738804,,,,injuryTime,90,,,,,,,sofascore
8738804,789984.0,Dereck Kutesa,1682.0,substitution,87,,,,,,regular,sofascore
8738804,1085101.0,Mouhamadou Drammeh,1682.0,substitution,87,,,,,,regular,sofascore
8738804,14216.0,Dimitri Payet,1641.0,goal,76,,,,,,regular,sofascore
8738804,977679.0,Luís Henrique,1641.0,substitution,75,,,,,,injury,sofascore
8738804,227892.0,Arbër Zeneli,1682.0,substitution,74,,,,,,regular,sofascore
8738804,825959.0,Dario Marešić,1682.0,substitution,74,,,,,,regular,sofascore
8738804,361696.0,Wout Faes,1682.0,card,69,,,,,,yellowRed,sofascore
8738804,855847.0,Kaj Sierhuis,1682.0,substitution,64,,,,,,regular,sofascore
8738804,,,,period,45,,,,,,,sofascore
8738804,161325.0,Arkadiusz Milik,1641.0,goal,45,,,,,,regular,sofascore
8738804,,,,injuryTime,45,,,,,,,sofascore
8738804,14216.0,Dimitri Payet,1641.0,goal,41,,,,,,regular,sofascore
8738804,581314.0,Valentin Rongier,1641.0,substitution,40,,,,,,injury,sofascore
8738804,963399.0,Nathanaël Mbuku,1682.0,goal,38,,,,,,regular,sofascore
8738804,361696.0,Wout Faes,1682.0,card,29,,,,,,yellow,sofascore
8738804,,,1641.0,card,-5,,,,,,yellow,sofascore
8738805,,,,period,90,,,,,,,sofascore
8738805,881952.0,Matteo Ahlinvi,1663.0,substitution,90,,,,,,regular,sofascore
8738805,,,,injuryTime,90,,,,,,,sofascore
8738805,1003317.0,Nassim Chadli,1663.0,substitution,89,,,,,,regular,sofascore
8738805,842400.0,Zinedine Ferhat,1663.0,goal,89,,,,,,regular,sofascore
8738805,51349.0,Lucas Deaux,1663.0,substitution,84,,,,,,regular,sofascore
8738805,1102522.0,Mahamadou Doucouré,1663.0,substitution,83,,,,,,regular,sofascore
8738805,913191.0,Vagner Dias,1651.0,varDecision,77,,,,,,goalAwarded,sofascore
8738805,846439.0,Patrick Burner,1663.0,substitution,76,,,,,,regular,sofascore
8738805,822878.0,Lamine Fomba,1663.0,card,70,,,,,,yellow,sofascore
8738805,606530.0,Birger Meling,1663.0,card,69,,,,,,yellow,sofascore
8738805,247445.0,Renaud Ripart,1663.0,goal,67,,,,,,penalty,sofascore
8738805,356024.0,Thierry Ambrose,1651.0,substitution,67,,,,,,regular,sofascore
8738805,982613.0,Boubacar Traoré,1651.0,substitution,66,,,,,,regular,sofascore
8738805,822878.0,Lamine Fomba,1663.0,goal,61,,,,,,regular,sofascore
8738805,1046147.0,Lamine Gueye,1651.0,substitution,60,,,,,,regular,sofascore
8738805,913191.0,Vagner Dias,1651.0,substitution,59,,,,,,regular,sofascore
8738805,848537.0,Boubakar Kouyaté,1651.0,substitution,54,,,,,,regular,sofascore
8738805,,,,period,45,,,,,,,sofascore
8738805,,,,injuryTime,45,,,,,,,sofascore
8738805,359246.0,Habib Maïga,1651.0,card,1,,,,,,yellow,sofascore
8738806,,,,period,90,,,,,,,sofascore
8738806,126691.0,Marco Verratti,1644.0,card,90,,,,,,yellow,sofascore
8738806,835601.0,Moise Kean,1644.0,substitution,90,,,,,,regular,sofascore
8738806,96367.0,Rafinha Alcântara,1644.0,substitution,90,,,,,,injury,sofascore
8738806,155995.0,Marquinhos,1644.0,card,90,,,,,,yellow,sofascore
8738806,,,,injuryTime,90,,,,,,,sofascore
8738806,281277.0,Thilo Kehrer,1644.0,card,89,,,,,,yellow,sofascore
8738806,233114.0,Mauro Icardi,1644.0,varDecision,84,,,,,,goalAwarded,sofascore
8738806,191178.0,Corentin Jean,1648.0,substitution,81,,,,,,regular,sofascore
8738806,82474.0,Ander Herrera,1644.0,card,78,,,,,,yellow,sofascore
8738806,593546.0,Tony Mauricio,1648.0,substitution,76,,,,,,injury,sofascore
8738806,788921.0,Florian Sotoca,1648.0,card,75,,,,,,yellow,sofascore
8738806,788921.0,Florian Sotoca,1648.0,substitution,69,,,,,,regular,sofascore
8738806,825945.0,Simon Banza,1648.0,substitution,69,,,,,,regular,sofascore
8738806,46387.0,Gaël Kakuta,1648.0,substitution,69,,,,,,regular,sofascore
8738806,860307.0,Facundo Medina,1648.0,card,66,,,,,,yellow,sofascore
8738806,890329.0,Ignatius Kpene Ganago,1648.0,goal,61,,,,,,regular,sofascore
8738806,82474.0,Ander Herrera,1644.0,substitution,60,,,,,,regular,sofascore
8738806,126691.0,Marco Verratti,1644.0,substitution,60,,,,,,regular,sofascore
8738806,155995.0,Marquinhos,1644.0,goal,59,,,,,,regular,sofascore
8738806,,,,period,45,,,,,,,sofascore
8738806,,,,injuryTime,45,,,,,,,sofascore
8738806,124712.0,Neymar,1644.0,goal,33,,,,,,regular,sofascore
8738806,281277.0,Thilo Kehrer,1644.0,substitution,19,,,,,,injury,sofascore
8738807,,,,period,90,,,,,,,sofascore
8738807,318963.0,Aleksandr Golovin,1653.0,card,90,,,,,,yellow,sofascore
8738807,963198.0,Chrislain Matsima,1653.0,substitution,90,,,,,,regular,sofascore
8738807,788170.0,Fodé Ballo-Touré,1653.0,substitution,90,,,,,,regular,sofascore
8738807,,,,injuryTime,90,,,,,,,sofascore
8738807,339909.0,Guillermo Maripán,1653.0,card,89,,,,,,yellow,sofascore
8738807,855847.0,Kaj Sierhuis,1682.0,substitution,86,,,,,,regular,sofascore
8738807,318963.0,Aleksandr Golovin,1653.0,substitution,80,,,,,,regular,sofascore
8738807,982615.0,El Bilal Touré,1682.0,substitution,75,,,,,,regular,sofascore
8738807,879672.0,Alexis Flips,1682.0,substitution,66,,,,,,regular,sofascore
8738807,789984.0,Dereck Kutesa,1682.0,substitution,65,,,,,,regular,sofascore
8738807,364618.0,Gelson Martins,1653.0,substitution,65,,,,,,regular,sofascore
8738807,123388.0,Djibril Sidibé,1653.0,substitution,65,,,,,,regular,sofascore
8738807,,,,period,45,,,,,,,sofascore
8738807,117373.0,Kevin Volland,1653.0,varDecision,45,,,,,,penaltyAwarded,sofascore
8738807,,,,injuryTime,45,,,,,,,sofascore
8738807,904827.0,Benoît Badiashile,1653.0,card,39,,,,,,yellow,sofascore
8738807,894733.0,Marshall Munetsi,1682.0,card,31,,,,,,yellow,sofascore
8738807,1046150.0,Eliot Matazo,1653.0,goal,20,,,,,,regular,sofascore
8738808,,,,period,90,,,,,,,sofascore
8738808,36704.0,Marcelo,1649.0,card,90,,,,,,red,sofascore
8738808,877979.0,Willem Geubbels,1653.0,card,90,,,,,,red,sofascore
8738808,839226.0,Pietro Pellegri,1653.0,card,90,,,,,,red,sofascore
8738808,137667.0,Mattia De Sciglio,1649.0,card,90,,,,,,red,sofascore
8738808,,,,injuryTime,90,,,,,,,sofascore
8738808,979128.0,Rayan Cherki,1649.0,goal,89,,,,,,regular,sofascore
8738808,979128.0,Rayan Cherki,1649.0,substitution,88,,,,,,regular,sofascore
8738808,866469.0,Bruno Guimarães,1649.0,substitution,88,,,,,,regular,sofascore
8738808,119192.0,Wissam Ben Yedder,1653.0,goal,86,,,,,,penalty,sofascore
8738808,48535.0,Anthony Lopes,1649.0,card,85,,,,,,yellow,sofascore
8738808,839226.0,Pietro Pellegri,1653.0,varDecision,84,,,,,,penaltyNotAwarded,sofascore
8738808,839226.0,Pietro Pellegri,1653.0,substitution,81,,,,,,regular,sofascore
8738808,877979.0,Willem Geubbels,1653.0,substitution,81,,,,,,regular,sofascore
8738808,36704.0,Marcelo,1649.0,goal,77,,,,,,regular,sofascore
8738808,846081.0,Houssem Aouar,1649.0,substitution,75,,,,,,regular,sofascore
8738808,810535.0,Tino Kadewere,1649.0,card,72,,,,,,yellow,sofascore
8738808,859027.0,Maxence Caqueret,1649.0,card,70,,,,,,yellowRed,sofascore
8738808,788170.0,Fodé Ballo-Touré,1653.0,substitution,68,,,,,,regular,sofascore
8738808,945062.0,Youssouf Fofana,1653.0,card,63,,,,,,yellow,sofascore
8738808,1046150.0,Eliot Matazo,1653.0,substitution,61,,,,,,regular,sofascore
8738808,904827.0,Benoît Badiashile,1653.0,substitution,61,,,,,,regular,sofascore
8738808,138833.0,Memphis Depay,1649.0,goal,57,,,,,,regular,sofascore
8738808,810535.0,Tino Kadewere,1649.0,substitution,46,,,,,,regular,sofascore
8738808,,,,period,45,,,,,,,sofascore
8738808,,,,injuryTime,45,,,,,,,sofascore
8738808,859027.0,Maxence Caqueret,1649.0,card,30,,,,,,yellow,sofascore
8738808,996951.0,Sinaly Diomandé,1649.0,substitution,29,,,,,,injury,sofascore
8738808,117373.0,Kevin Volland,1653.0,goal,25,,,,,,regular,sofascore
8738809,,,,period,90,,,,,,,sofascore
8738809,845083.0,Keagan Dolly,1642.0,card,90,,,,,,yellow,sofascore
8738809,,,,injuryTime,90,,,,,,,sofascore
8738809,941161.0,Charles Abi,1678.0,substitution,89,,,,,,regular,sofascore
8738809,862194.0,Zaydou Youssouf,1678.0,substitution,89,,,,,,regular,sofascore
8738809,66309.0,Petar Škuletić,1642.0,substitution,86,,,,,,regular,sofascore
8738809,979311.0,Samy Benchama,1642.0,card,80,,,,,,yellow,sofascore
8738809,962877.0,Adil Aouchiche,1678.0,substitution,75,,,,,,injury,sofascore
8738809,979311.0,Samy Benchama,1642.0,substitution,75,,,,,,regular,sofascore
8738809,16635.0,Kévin Monnet-Paquet,1678.0,substitution,72,,,,,,regular,sofascore
8738809,845083.0,Keagan Dolly,1642.0,substitution,64,,,,,,regular,sofascore
8738809,605338.0,Stephy Mavididi,1642.0,substitution,64,,,,,,regular,sofascore
8738809,3579.0,Mathieu Debuchy,1678.0,goal,50,,,,,,regular,sofascore
8738809,124802.0,Gabriel Silva,1678.0,card,47,,,,,,yellow,sofascore
8738809,,,,period,45,,,,,,,sofascore
8738809,74139.0,Romain Hamouma,1678.0,goal,16,,,,,,regular,sofascore
8738809,84744.0,Andy Delort,1642.0,goal,6,,,,,,regular,sofascore
8738809,,,1642.0,card,-5,,,,,,yellow,sofascore
8738810,,,,period,90,,,,,,,sofascore
8738810,1114408.0,Jacques Siwe,1686.0,substitution,86,,,,,,regular,sofascore
8738810,845271.0,Dylan Bronn,1651.0,goal,85,,,,,,regular,sofascore
8738810,862821.0,Youssef Maziz,1651.0,substitution,85,,,,,,injury,sofascore
8738810,122815.0,Wesley Lautoa,1686.0,card,83,,,,,,yellow,sofascore
8738810,913191.0,Vagner Dias,1651.0,goal,82,,,,,,regular,sofascore
8738810,845274.0,Mounir Chouiar,1686.0,substitution,75,,,,,,regular,sofascore
8738810,897623.0,Alex Dobre,1686.0,substitution,75,,,,,,regular,sofascore
8738810,208234.0,Fouad Chafik,1651.0,goal,70,,,,,,ownGoal,sofascore
8738810,156009.0,Victorien Angban,1651.0,substitution,68,,,,,,regular,sofascore
8738810,229722.0,Farid Boulaya,1651.0,substitution,59,,,,,,regular,sofascore
8738810,913191.0,Vagner Dias,1651.0,substitution,59,,,,,,regular,sofascore
8738810,557166.0,Mama Baldé,1686.0,goal,48,,,,,,regular,sofascore
8738810,880525.0,Ngonda Muzinga,1686.0,substitution,46,,,,,,regular,sofascore
8738810,51299.0,Frédéric Sammaritano,1686.0,substitution,46,,,,,,regular,sofascore
8738810,356024.0,Thierry Ambrose,1651.0,substitution,46,,,,,,regular,sofascore
8738810,,,,period,45,,,,,,,sofascore
8738810,,,,injuryTime,45,,,,,,,sofascore
8738810,281013.0,Bersant Celina,1686.0,card,43,,,,,,red,sofascore
8738810,1002711.0,Pape Matar Sarr,1651.0,goal,42,,,,,,regular,sofascore
8738810,1046147.0,Lamine Gueye,1651.0,goal,37,,,,,,regular,sofascore
8738810,991359.0,Papa Ndiaga Yade,1651.0,card,5,,,,,,yellow,sofascore
8738811,,,,period,90,,,,,,,sofascore
8738811,,,,injuryTime,90,,,,,,,sofascore
8738811,862194.0,Zaydou Youssouf,1678.0,substitution,86,,,,,,regular,sofascore
8738811,150212.0,Álvaro González,1641.0,varDecision,86,,,,,,cardUpgrade,sofascore
8738811,150212.0,Álvaro González,1641.0,card,85,,,,,,yellow,sofascore
8738811,122630.0,Darío Benedetto,1641.0,substitution,83,,,,,,regular,sofascore
8738811,41605.0,Timothée Kolodziejczak,1678.0,card,76,,,,,,yellow,sofascore
8738811,74139.0,Romain Hamouma,1678.0,substitution,69,,,,,,regular,sofascore
8738811,962877.0,Adil Aouchiche,1678.0,substitution,69,,,,,,regular,sofascore
8738811,1012657.0,Lucas Gourna-Douath,1678.0,substitution,69,,,,,,regular,sofascore
8738811,928236.0,Leonardo Balerdi,1641.0,card,67,,,,,,yellow,sofascore
8738811,148824.0,Florian Thauvin,1641.0,card,63,,,,,,yellow,sofascore
8738811,48335.0,Hiroki Sakai,1641.0,substitution,61,,,,,,regular,sofascore
8738811,581314.0,Valentin Rongier,1641.0,substitution,61,,,,,,regular,sofascore
8738811,,,,period,45,,,,,,,sofascore
8738811,,,,injuryTime,45,,,,,,,sofascore
8738811,848458.0,Arnaud Nordin,1678.0,goal,43,,,,,,regular,sofascore
8738811,41605.0,Timothée Kolodziejczak,1678.0,substitution,27,,,,,,injury,sofascore
8738812,,,,period,90,,,,,,,sofascore
8738812,,,,injuryTime,90,,,,,,,sofascore
8738812,351434.0,Hassane Kamara,1661.0,goal,89,,,,,,regular,sofascore
8738812,1047296.0,Jérémy Le Douaron,1715.0,substitution,85,,,,,,regular,sofascore
8738812,605552.0,Irvin Cardona,1715.0,substitution,80,,,,,,regular,sofascore
8738812,877978.0,Andy Pelmard,1661.0,substitution,79,,,,,,regular,sofascore
8738812,944327.0,Dan Ndoye,1661.0,substitution,79,,,,,,regular,sofascore
8738812,945217.0,Jean-Clair Todibo,1661.0,card,70,,,,,,yellow,sofascore
8738812,861324.0,Hugo Magnetti,1715.0,substitution,67,,,,,,regular,sofascore
8738812,859026.0,Amine Gouiri,1661.0,substitution,66,,,,,,regular,sofascore
8738812,927975.0,Jean Lucas,1715.0,card,64,,,,,,yellow,sofascore
8738812,985923.0,Hicham Boudaoui,1661.0,goal,61,,,,,,regular,sofascore
8738812,904832.0,Khéphren Thuram,1661.0,substitution,56,,,,,,regular,sofascore
8738812,801306.0,Pierre Lees Melou,1661.0,card,52,,,,,,red,sofascore
8738812,801306.0,Pierre Lees Melou,1661.0,varDecision,51,,,,,,cardUpgrade,sofascore
8738812,,,,period,45,,,,,,,sofascore
8738812,,,,injuryTime,45,,,,,,,sofascore
8738812,345035.0,Steve Mounié,1715.0,goal,43,,,,,,regular,sofascore
8738812,190147.0,Rony Lopes,1661.0,goal,38,,,,,,regular,sofascore
8738812,345035.0,Steve Mounié,1715.0,goal,4,,,,,,regular,sofascore
8738813,,,,period,90,,,,,,,sofascore
8738813,581328.0,Edson Andre Sitoe,1645.0,card,90,,,,,,yellow,sofascore
8738813,,,,injuryTime,90,,,,,,,sofascore
8738813,3209.0,Jimmy Briand,1645.0,substitution,84,,,,,,regular,sofascore
8738813,1104948.0,Issouf Sissokho,1645.0,card,82,,,,,,yellow,sofascore
8738813,963211.0,Brandon Soppy,1658.0,substitution,79,,,,,,regular,sofascore
8738813,39009.0,Clément Grenier,1658.0,substitution,79,,,,,,regular,sofascore
8738813,67308.0,Loris Benito,1645.0,card,76,,,,,,yellow,sofascore
8738813,312388.0,Flavien Tait,1658.0,card,74,,,,,,yellow,sofascore
8738813,1104948.0,Issouf Sissokho,1645.0,substitution,71,,,,,,regular,sofascore
8738813,1047931.0,Tom Lacoux,1645.0,card,69,,,,,,yellow,sofascore
8738813,825681.0,Romain Del Castillo,1658.0,substitution,66,,,,,,regular,sofascore
8738813,842709.0,Rémi Oudin,1645.0,substitution,60,,,,,,regular,sofascore
8738813,963300.0,Amadou Traoré,1645.0,substitution,59,,,,,,regular,sofascore
8738813,3305.0,Hatem Ben Arfa,1645.0,substitution,59,,,,,,regular,sofascore
8738813,328027.0,Serhou Guirassy,1658.0,substitution,54,,,,,,regular,sofascore
8738813,801287.0,Faitout Maouassa,1658.0,substitution,54,,,,,,regular,sofascore
8738813,,,,period,45,,,,,,,sofascore
8738813,,,,injuryTime,45,,,,,,,sofascore
8738813,1047484.0,Sékou Mara,1645.0,goal,11,,,,,,regular,sofascore
8738813,51652.0,Steven​ N'Zonzi,1658.0,card,8,,,,,,red,sofascore
8738814,,,,period,90,,,,,,,sofascore
8738814,,,,injuryTime,90,,,,,,,sofascore
8738814,257205.0,Sofiane Boufal,1684.0,card,84,,,,,,yellow,sofascore
8738814,209768.0,Pierrick Capelle,1684.0,substitution,79,,,,,,regular,sofascore
8738814,804621.0,Lassana Coulibaly,1684.0,substitution,78,,,,,,regular,sofascore
8738814,294641.0,Loïs Diony,1684.0,substitution,65,,,,,,regular,sofascore
8738814,257205.0,Sofiane Boufal,1684.0,substitution,64,,,,,,regular,sofascore
8738814,257421.0,Ibrahim Amadou,1684.0,card,47,,,,,,yellow,sofascore
8738814,72805.0,Paul Lasne,1715.0,card,46,,,,,,yellow,sofascore
8738814,72805.0,Paul Lasne,1715.0,substitution,46,,,,,,regular,sofascore
8738814,280453.0,Franck Honorat,1715.0,substitution,46,,,,,,regular,sofascore
8738814,307096.0,Romain Philippoteaux,1715.0,substitution,46,,,,,,regular,sofascore
8738814,,,,period,45,,,,,,,sofascore
8738814,366760.0,Souleyman Doumbia,1684.0,card,24,,,,,,yellow,sofascore
8738815,,,,period,90,,,,,,,sofascore
8738815,,,,injuryTime,90,,,,,,,sofascore
8738815,897594.0,Domagoj Bradarić,1643.0,substitution,88,,,,,,regular,sofascore
8738815,858705.0,Xeka,1643.0,card,87,,,,,,yellow,sofascore
8738815,801306.0,Pierre Lees Melou,1661.0,substitution,75,,,,,,regular,sofascore
8738815,858705.0,Xeka,1643.0,substitution,75,,,,,,regular,sofascore
8738815,802142.0,Jonathan Ikoné,1643.0,substitution,75,,,,,,regular,sofascore
8738815,827804.0,Yusuf Yazıcı,1643.0,substitution,71,,,,,,regular,sofascore
8738815,904991.0,Stanley Nsoki,1661.0,substitution,70,,,,,,regular,sofascore
8738815,877978.0,Andy Pelmard,1661.0,substitution,70,,,,,,regular,sofascore
8738815,893008.0,Zeki Çelik,1643.0,goal,56,,,,,,regular,sofascore
8738815,901885.0,Flavius Daniliuc,1661.0,substitution,52,,,,,,regular,sofascore
8738815,796279.0,Jordan Lotomba,1661.0,card,48,,,,,,yellowRed,sofascore
8738815,,,,period,45,,,,,,,sofascore
8738815,,,,injuryTime,45,,,,,,,sofascore
8738815,796279.0,Jordan Lotomba,1661.0,card,34,,,,,,yellow,sofascore
8738815,822877.0,Alexis Claude-Maurice,1661.0,card,27,,,,,,yellow,sofascore
8738815,893008.0,Zeki Çelik,1643.0,card,21,,,,,,yellow,sofascore
8738815,18864.0,Burak Yılmaz,1643.0,goal,13,,,,,,regular,sofascore
8738815,,,1643.0,card,-5,,,,,,yellow,sofascore
8738816,,,,period,90,,,,,,,sofascore
8738816,51321.0,Mateo Pavlović,1684.0,card,90,,,,,,yellow,sofascore
8738816,834881.0,Stéphane Diarra,1656.0,substitution,90,,,,,,regular,sofascore
8738816,,,,injuryTime,90,,,,,,,sofascore
8738816,282095.0,Adrian Grbić,1656.0,substitution,85,,,,,,regular,sofascore
8738816,150865.0,Thomas Monconduit,1656.0,substitution,85,,,,,,regular,sofascore
8738816,757730.0,Antonin Bobichon,1684.0,substitution,84,,,,,,regular,sofascore
8738816,1063235.0,Mohamed Ali Cho,1684.0,substitution,78,,,,,,regular,sofascore
8738816,1002623.0,Waniss Taibi,1684.0,substitution,78,,,,,,regular,sofascore
8738816,932643.0,Armand Laurienté,1656.0,substitution,71,,,,,,regular,sofascore
8738816,984014.0,Enzo Le Fée,1656.0,card,65,,,,,,yellow,sofascore
8738816,791048.0,Julien Laporte,1656.0,card,50,,,,,,yellowRed,sofascore
8738816,26890.0,Fabien Lemoine,1656.0,goal,48,,,,,,regular,sofascore
8738816,831400.0,Mathias Pereira Lage,1684.0,card,46,,,,,,yellow,sofascore
8738816,930584.0,Farid El Melali,1684.0,substitution,46,,,,,,regular,sofascore
8738816,,,,period,45,,,,,,,sofascore
8738816,,,,injuryTime,45,,,,,,,sofascore
8738816,805123.0,Yoane Wissa,1656.0,goal,44,,,,,,penalty,sofascore
8738816,51371.0,Vincent Manceau,1684.0,card,43,,,,,,yellow,sofascore
8738816,791048.0,Julien Laporte,1656.0,card,28,,,,,,yellow,sofascore
8738816,308130.0,Jimmy Cabot,1684.0,substitution,24,,,,,,injury,sofascore
8738816,804621.0,Lassana Coulibaly,1684.0,card,15,,,,,,red,sofascore
8738817,,,,period,90,,,,,,,sofascore
8738817,,,,injuryTime,90,,,,,,,sofascore
8738817,846439.0,Patrick Burner,1663.0,substitution,87,,,,,,regular,sofascore
8738817,230766.0,Haris Duljević,1663.0,substitution,86,,,,,,regular,sofascore
8738817,881952.0,Matteo Ahlinvi,1663.0,substitution,85,,,,,,regular,sofascore
8738817,879672.0,Alexis Flips,1682.0,goal,80,,,,,,regular,sofascore
8738817,855847.0,Kaj Sierhuis,1682.0,substitution,80,,,,,,regular,sofascore
8738817,879672.0,Alexis Flips,1682.0,substitution,73,,,,,,regular,sofascore
8738817,796085.0,Moussa Koné,1663.0,card,73,,,,,,yellow,sofascore
8738817,796085.0,Moussa Koné,1663.0,goal,71,,,,,,regular,sofascore
8738817,316196.0,Niclas Eliasson,1663.0,substitution,64,,,,,,regular,sofascore
8738817,789984.0,Dereck Kutesa,1682.0,substitution,64,,,,,,regular,sofascore
8738817,844744.0,Thibault De Smet,1682.0,card,56,,,,,,yellow,sofascore
8738817,247445.0,Renaud Ripart,1663.0,goal,47,,,,,,regular,sofascore
8738817,822878.0,Lamine Fomba,1663.0,substitution,46,,,,,,regular,sofascore
8738817,,,,period,45,,,,,,,sofascore
8738817,343955.0,Gaëtan Paquiez,1663.0,card,45,,,,,,yellow,sofascore
8738817,,,,injuryTime,45,,,,,,,sofascore
8738817,963399.0,Nathanaël Mbuku,1682.0,goal,30,,,,,,regular,sofascore
8738817,227892.0,Arbër Zeneli,1682.0,card,21,,,,,,yellow,sofascore
8738820,,,,period,90,,,,,,,sofascore
8738820,804619.0,Enock Kwateng,1645.0,card,90,,,,,,yellow,sofascore
8738820,855847.0,Kaj Sierhuis,1682.0,card,90,,,,,,yellow,sofascore
8738820,,,,injuryTime,90,,,,,,,sofascore
8738820,1035695.0,Fodé Doucouré,1682.0,substitution,85,,,,,,regular,sofascore
8738820,925837.0,Mehdi Zerkane,1645.0,substitution,85,,,,,,regular,sofascore
8738820,1104948.0,Issouf Sissokho,1645.0,substitution,81,,,,,,regular,sofascore
8738820,855847.0,Kaj Sierhuis,1682.0,substitution,71,,,,,,regular,sofascore
8738820,227892.0,Arbër Zeneli,1682.0,substitution,71,,,,,,regular,sofascore
8738820,1047484.0,Sékou Mara,1645.0,substitution,66,,,,,,regular,sofascore
8738820,963300.0,Amadou Traoré,1645.0,substitution,66,,,,,,regular,sofascore
8738820,789984.0,Dereck Kutesa,1682.0,substitution,61,,,,,,regular,sofascore
8738820,804619.0,Enock Kwateng,1645.0,goal,58,,,,,,regular,sofascore
8738820,842709.0,Rémi Oudin,1645.0,substitution,46,,,,,,regular,sofascore
8738820,,,,period,45,,,,,,,sofascore
8738820,859024.0,Yacine Adli,1645.0,goal,44,,,,,,regular,sofascore
8738820,982615.0,El Bilal Touré,1682.0,goal,15,,,,,,regular,sofascore
8738821,,,,period,90,,,,,,,sofascore
8738821,,,,injuryTime,90,,,,,,,sofascore
8738821,558522.0,Anthony Briançon,1663.0,card,89,,,,,,yellow,sofascore
8738821,230766.0,Haris Duljević,1663.0,card,89,,,,,,yellow,sofascore
8738821,247445.0,Renaud Ripart,1663.0,inGamePenalty,87,,,,,,missed,sofascore
8738821,1012657.0,Lucas Gourna-Douath,1678.0,substitution,83,,,,,,regular,sofascore
8738821,974418.0,Karim Aribi,1663.0,substitution,83,,,,,,regular,sofascore
8738821,16635.0,Kévin Monnet-Paquet,1678.0,substitution,83,,,,,,regular,sofascore
8738821,760618.0,Denis Bouanga,1678.0,card,76,,,,,,yellow,sofascore
8738821,558522.0,Anthony Briançon,1663.0,substitution,73,,,,,,regular,sofascore
8738821,230766.0,Haris Duljević,1663.0,substitution,73,,,,,,injury,sofascore
8738821,862194.0,Zaydou Youssouf,1678.0,varDecision,70,,,,,,goalAwarded,sofascore
8738821,760618.0,Denis Bouanga,1678.0,goal,66,,,,,,regular,sofascore
8738821,990227.0,Aimen Moueffek,1678.0,substitution,63,,,,,,regular,sofascore
8738821,862194.0,Zaydou Youssouf,1678.0,substitution,59,,,,,,regular,sofascore
8738821,74139.0,Romain Hamouma,1678.0,substitution,59,,,,,,regular,sofascore
8738821,846439.0,Patrick Burner,1663.0,substitution,59,,,,,,regular,sofascore
8738821,944142.0,Yassine Benrahou,1663.0,substitution,59,,,,,,regular,sofascore
8738821,,,,period,45,,,,,,,sofascore
8738821,51640.0,Wahbi Khazri,1678.0,card,45,,,,,,yellow,sofascore
8738821,,,,injuryTime,45,,,,,,,sofascore
8738821,546416.0,Andrés Cubas,1663.0,card,43,,,,,,yellow,sofascore
8738821,247445.0,Renaud Ripart,1663.0,card,37,,,,,,yellow,sofascore
8738821,51640.0,Wahbi Khazri,1678.0,goal,23,,,,,,regular,sofascore
8738821,838688.0,Sofiane Alakouch,1663.0,card,11,,,,,,yellow,sofascore
8738821,,,1678.0,card,-5,,,,,,yellow,sofascore
8738822,,,,period,90,,,,,,,sofascore
8738822,,,,injuryTime,90,,,,,,,sofascore
8738822,44213.0,Gaëtan Charbonnier,1715.0,card,89,,,,,,yellow,sofascore
8738822,913942.0,Romain Faivre,1715.0,goal,83,,,,,,regular,sofascore
8738822,331753.0,Renaud Emond,1647.0,substitution,81,,,,,,regular,sofascore
8738822,785418.0,Marcus Coco,1647.0,substitution,81,,,,,,regular,sofascore
8738822,788181.0,Roli Pereira de Sa,1647.0,substitution,70,,,,,,regular,sofascore
8738822,1047296.0,Jérémy Le Douaron,1715.0,substitution,63,,,,,,regular,sofascore
8738822,845930.0,Jean-Kévin Duverne,1715.0,substitution,63,,,,,,regular,sofascore
8738822,159701.0,Kalifa Coulibaly,1647.0,goal,62,,,,,,penalty,sofascore
8738822,810526.0,Gautier Larsonneur,1715.0,card,61,,,,,,yellow,sofascore
8738822,965943.0,Imrân Louza,1647.0,goal,56,,,,,,regular,sofascore
8738822,927975.0,Jean Lucas,1715.0,substitution,46,,,,,,regular,sofascore
8738822,345035.0,Steve Mounié,1715.0,substitution,46,,,,,,regular,sofascore
8738822,,,,period,45,,,,,,,sofascore
8738822,,,,injuryTime,45,,,,,,,sofascore
8738822,806076.0,Ludovic Blas,1647.0,goal,27,,,,,,regular,sofascore
8738822,330051.0,Moses Simon,1647.0,goal,15,,,,,,regular,sofascore
8738822,794836.0,Andrei Girotto,1647.0,substitution,11,,,,,,injury,sofascore
8738823,,,,period,90,,,,,,,sofascore
8738823,,,,injuryTime,90,,,,,,,sofascore
8738823,1122634.0,Charles Costes,1686.0,substitution,89,,,,,,injury,sofascore
8738823,1122638.0,Mathys Saban,1678.0,substitution,78,,,,,,regular,sofascore
8738823,862194.0,Zaydou Youssouf,1678.0,substitution,78,,,,,,regular,sofascore
8738823,1005171.0,Ahmad Toure Ngouyamsa,1686.0,substitution,78,,,,,,regular,sofascore
8738823,157143.0,Moussa Konaté,1686.0,inGamePenalty,76,,,,,,missed,sofascore
8738823,1014408.0,Maxence Rivera,1678.0,substitution,71,,,,,,regular,sofascore
8738823,1122642.0,Yanis Lhéry,1678.0,substitution,61,,,,,,regular,sofascore
8738823,990227.0,Aimen Moueffek,1678.0,substitution,61,,,,,,regular,sofascore
8738823,1121465.0,Erwan Belhadji,1686.0,substitution,61,,,,,,regular,sofascore
8738823,1012657.0,Lucas Gourna-Douath,1678.0,card,56,,,,,,yellow,sofascore
8738823,,,,period,45,,,,,,,sofascore
8738823,603736.0,Aboubakar Kamara,1686.0,goal,39,,,,,,regular,sofascore
8738824,,,,period,90,,,,,,,sofascore
8738824,,,,injuryTime,90,,,,,,,sofascore
8738824,835601.0,Moise Kean,1644.0,goal,89,,,,,,regular,sofascore
8738824,1824137.0,Timothee Pembele,1644.0,substitution,86,,,,,,regular,sofascore
8738824,789984.0,Dereck Kutesa,1682.0,substitution,84,,,,,,regular,sofascore
8738824,835601.0,Moise Kean,1644.0,substitution,77,,,,,,regular,sofascore
8738824,255389.0,Leandro Paredes,1644.0,substitution,77,,,,,,regular,sofascore
8738824,138573.0,Pablo Sarabia,1644.0,substitution,77,,,,,,regular,sofascore
8738824,982615.0,El Bilal Touré,1682.0,substitution,73,,,,,,regular,sofascore
8738824,155995.0,Marquinhos,1644.0,goal,68,,,,,,regular,sofascore
8738824,227892.0,Arbër Zeneli,1682.0,substitution,56,,,,,,regular,sofascore
8738824,,,,period,45,,,,,,,sofascore
8738824,,,,injuryTime,45,,,,,,,sofascore
8738824,96367.0,Rafinha Alcântara,1644.0,substitution,40,,,,,,injury,sofascore
8738824,826643.0,Kylian Mbappé,1644.0,goal,24,,,,,,regular,sofascore
8738824,124712.0,Neymar,1644.0,goal,13,,,,,,penalty,sofascore
8738824,178721.0,Yunis Abdelhamid,1682.0,card,10,,,,,,red,sofascore
8738825,,,,period,90,,,,,,,sofascore
8738825,802034.0,Fabien Centonze,1651.0,card,90,,,,,,yellow,sofascore
8738825,,,,injuryTime,90,,,,,,,sofascore
8738825,119192.0,Wissam Ben Yedder,1653.0,goal,89,,,,,,penalty,sofascore
8738825,73188.0,John Boye,1651.0,card,87,,,,,,yellowRed,sofascore
8738825,73188.0,John Boye,1651.0,card,85,,,,,,yellow,sofascore
8738825,848537.0,Boubakar Kouyaté,1651.0,card,85,,,,,,yellow,sofascore
8738825,963198.0,Chrislain Matsima,1653.0,substitution,83,,,,,,regular,sofascore
8738825,153218.0,Thomas Delaine,1651.0,substitution,78,,,,,,regular,sofascore
8738825,119192.0,Wissam Ben Yedder,1653.0,goal,77,,,,,,regular,sofascore
8738825,855845.0,Florentino Luís,1653.0,substitution,76,,,,,,regular,sofascore
8738825,364618.0,Gelson Martins,1653.0,substitution,76,,,,,,regular,sofascore
8738825,156009.0,Victorien Angban,1651.0,substitution,65,,,,,,regular,sofascore
8738825,823476.0,Kévin N'Doram,1651.0,substitution,65,,,,,,regular,sofascore
8738825,119192.0,Wissam Ben Yedder,1653.0,substitution,64,,,,,,regular,sofascore
8738825,873534.0,Krépin Diatta,1653.0,substitution,64,,,,,,regular,sofascore
8738825,913191.0,Vagner Dias,1651.0,substitution,56,,,,,,regular,sofascore
8738825,352966.0,Aaron Leya Iseka,1651.0,substitution,56,,,,,,injury,sofascore
8738825,117373.0,Kevin Volland,1653.0,goal,52,,,,,,regular,sofascore
8738825,518.0,Cesc Fàbregas,1653.0,goal,50,,,,,,penalty,sofascore
8738825,189859.0,Marc-Aurele Caillard,1651.0,card,48,,,,,,yellow,sofascore
8738825,,,,period,45,,,,,,,sofascore
8738825,,,,injuryTime,45,,,,,,,sofascore
8738825,991359.0,Papa Ndiaga Yade,1651.0,card,36,,,,,,yellow,sofascore
8738826,,,,period,90,,,,,,,sofascore
8738826,346262.0,Saîf-Eddine Khaoui,1641.0,substitution,90,,,,,,regular,sofascore
8738826,826551.0,Pape Cheikh,1686.0,substitution,90,,,,,,regular,sofascore
8738826,,,,injuryTime,90,,,,,,,sofascore
8738826,122630.0,Darío Benedetto,1641.0,substitution,80,,,,,,regular,sofascore
8738826,910053.0,Arthur Zagre,1686.0,substitution,80,,,,,,regular,sofascore
8738826,827140.0,Anibal Chalá,1686.0,substitution,80,,,,,,regular,sofascore
8738826,150212.0,Álvaro González,1641.0,goal,79,,,,,,regular,sofascore
8738826,937741.0,Senou Coulibaly,1686.0,card,78,,,,,,yellow,sofascore
8738826,879694.0,Pape Gueye,1641.0,card,73,,,,,,yellow,sofascore
8738826,826208.0,Michaël Cuisance,1641.0,substitution,68,,,,,,regular,sofascore
8738826,897623.0,Alex Dobre,1686.0,substitution,65,,,,,,regular,sofascore
8738826,51299.0,Frédéric Sammaritano,1686.0,substitution,64,,,,,,regular,sofascore
8738826,,,,period,45,,,,,,,sofascore
8738826,928236.0,Leonardo Balerdi,1641.0,goal,45,,,,,,regular,sofascore
8738826,880525.0,Ngonda Muzinga,1686.0,card,38,,,,,,yellow,sofascore
8738826,150212.0,Álvaro González,1641.0,card,32,,,,,,yellow,sofascore
8738826,155718.0,Yassine Benzia,1686.0,card,24,,,,,,yellow,sofascore
8738826,157143.0,Moussa Konaté,1686.0,card,9,,,,,,yellow,sofascore
8738827,,,,period,90,,,,,,,sofascore
8738827,,,,injuryTime,90,,,,,,,sofascore
8738827,1048916.0,Lesley Ugochukwu,1658.0,card,89,,,,,,yellow,sofascore
8738827,1048916.0,Lesley Ugochukwu,1658.0,substitution,88,,,,,,regular,sofascore
8738827,385386.0,Dalbert,1658.0,substitution,88,,,,,,regular,sofascore
8738827,1003317.0,Nassim Chadli,1663.0,substitution,77,,,,,,regular,sofascore
8738827,777153.0,Clément Depres,1663.0,substitution,76,,,,,,regular,sofascore
8738827,825681.0,Romain Del Castillo,1658.0,substitution,76,,,,,,regular,sofascore
8738827,39009.0,Clément Grenier,1658.0,substitution,76,,,,,,regular,sofascore
8738827,895306.0,Lucas Buades,1663.0,substitution,71,,,,,,regular,sofascore
8738827,907003.0,Kelyan Guessoum,1663.0,substitution,71,,,,,,regular,sofascore
8738827,1102522.0,Mahamadou Doucouré,1663.0,substitution,63,,,,,,injury,sofascore
8738827,801287.0,Faitout Maouassa,1658.0,substitution,60,,,,,,regular,sofascore
8738827,324399.0,Benjamin Bourigeaud,1658.0,goal,50,,,,,,regular,sofascore
8738827,,,,period,45,,,,,,,sofascore
8738827,328027.0,Serhou Guirassy,1658.0,goal,24,,,,,,regular,sofascore
8738828,,,,period,90,,,,,,,sofascore
8738828,979311.0,Samy Benchama,1642.0,substitution,90,,,,,,regular,sofascore
8738828,605552.0,Irvin Cardona,1715.0,substitution,90,,,,,,regular,sofascore
8738828,,,,injuryTime,90,,,,,,,sofascore
8738828,976396.0,Joris Chotard,1642.0,substitution,81,,,,,,regular,sofascore
8738828,363774.0,Mihailo Ristić,1642.0,substitution,80,,,,,,regular,sofascore
8738828,328035.0,Brendan Chardonnet,1715.0,card,72,,,,,,yellow,sofascore
8738828,603738.0,Junior Sambia,1642.0,substitution,69,,,,,,regular,sofascore
8738828,580642.0,Haris Belkebla,1715.0,card,50,,,,,,yellow,sofascore
8738828,,,,period,45,,,,,,,sofascore
8738828,,,,injuryTime,45,,,,,,,sofascore
8738828,345035.0,Steve Mounié,1715.0,card,42,,,,,,yellow,sofascore
8738828,234230.0,Florent Mollet,1642.0,card,39,,,,,,red,sofascore
8738828,,,1642.0,card,-5,,,,,,yellow,sofascore
8738829,,,,period,90,,,,,,,sofascore
8738829,,,,injuryTime,90,,,,,,,sofascore
8738829,150865.0,Thomas Monconduit,1656.0,substitution,89,,,,,,regular,sofascore
8738829,123164.0,Dennis Appiah,1647.0,substitution,89,,,,,,regular,sofascore
8738829,932643.0,Armand Laurienté,1656.0,goal,87,,,,,,regular,sofascore
8738829,282095.0,Adrian Grbić,1656.0,substitution,83,,,,,,regular,sofascore
8738829,984014.0,Enzo Le Fée,1656.0,substitution,83,,,,,,regular,sofascore
8738829,965943.0,Imrân Louza,1647.0,substitution,76,,,,,,regular,sofascore
8738829,938270.0,Abdoul Kader Bamba,1647.0,substitution,76,,,,,,regular,sofascore
8738829,159701.0,Kalifa Coulibaly,1647.0,substitution,76,,,,,,regular,sofascore
8738829,122807.0,Jonathan Delaplace,1656.0,substitution,71,,,,,,regular,sofascore
8738829,,,,period,45,,,,,,,sofascore
8738829,932643.0,Armand Laurienté,1656.0,card,24,,,,,,yellow,sofascore
8738829,871706.0,Randal Kolo Muani,1647.0,goal,2,,,,,,regular,sofascore
8738830,,,,period,90,,,,,,,sofascore
8738830,,,,injuryTime,90,,,,,,,sofascore
8738830,979315.0,Elye Wahi,1642.0,substitution,85,,,,,,regular,sofascore
8738830,996961.0,Noah Fatar,1684.0,substitution,85,,,,,,regular,sofascore
8738830,38688.0,Damien Le Tallec,1642.0,substitution,77,,,,,,regular,sofascore
8738830,363774.0,Mihailo Ristić,1642.0,substitution,77,,,,,,regular,sofascore
8738830,153220.0,Stéphane Bahoken,1684.0,goal,72,,,,,,regular,sofascore
8738830,294641.0,Loïs Diony,1684.0,substitution,65,,,,,,injury,sofascore
8738830,209768.0,Pierrick Capelle,1684.0,card,49,,,,,,yellow,sofascore
8738830,605338.0,Stephy Mavididi,1642.0,goal,47,,,,,,regular,sofascore
8738830,,,,period,45,,,,,,,sofascore
8738830,,,,injuryTime,45,,,,,,,sofascore
8738830,603738.0,Junior Sambia,1642.0,card,30,,,,,,yellow,sofascore
8738831,,,,period,90,,,,,,,sofascore
8738831,282095.0,Adrian Grbić,1656.0,card,90,,,,,,yellow,sofascore
8738831,,,,injuryTime,90,,,,,,,sofascore
8738831,282095.0,Adrian Grbić,1656.0,substitution,86,,,,,,regular,sofascore
8738831,857471.0,Pierre-Yves Hamel,1656.0,substitution,85,,,,,,regular,sofascore
8738831,150865.0,Thomas Monconduit,1656.0,substitution,85,,,,,,injury,sofascore
8738831,802034.0,Fabien Centonze,1651.0,card,84,,,,,,yellow,sofascore
8738831,156303.0,Jérôme Hergault,1656.0,goal,74,,,,,,regular,sofascore
8738831,982613.0,Boubacar Traoré,1651.0,goal,72,,,,,,regular,sofascore
8738831,932643.0,Armand Laurienté,1656.0,substitution,71,,,,,,regular,sofascore
8738831,356024.0,Thierry Ambrose,1651.0,card,65,,,,,,yellow,sofascore
8738831,982613.0,Boubacar Traoré,1651.0,substitution,62,,,,,,regular,sofascore
8738831,862821.0,Youssef Maziz,1651.0,substitution,46,,,,,,regular,sofascore
8738831,356024.0,Thierry Ambrose,1651.0,substitution,46,,,,,,regular,sofascore
8738831,991359.0,Papa Ndiaga Yade,1651.0,substitution,46,,,,,,regular,sofascore
8738831,,,,period,45,,,,,,,sofascore
8738831,805123.0,Yoane Wissa,1656.0,goal,31,,,,,,penalty,sofascore
8738831,845271.0,Dylan Bronn,1651.0,card,30,,,,,,yellow,sofascore
8738831,848537.0,Boubakar Kouyaté,1651.0,card,23,,,,,,yellow,sofascore
8738832,,,,period,90,,,,,,,sofascore
8738832,925837.0,Mehdi Zerkane,1645.0,card,90,,,,,,yellow,sofascore
8738832,925837.0,Mehdi Zerkane,1645.0,goal,90,,,,,,regular,sofascore
8738832,,,,injuryTime,90,,,,,,,sofascore
8738832,111803.0,Youssouf Sabaly,1645.0,goal,89,,,,,,regular,sofascore
8738832,305282.0,Jean Michaël Seri,1645.0,substitution,85,,,,,,regular,sofascore
8738832,925837.0,Mehdi Zerkane,1645.0,substitution,84,,,,,,regular,sofascore
8738832,152734.0,Maxime Poundjé,1645.0,card,82,,,,,,yellow,sofascore
8738832,1023091.0,David Pereira Da Costa,1648.0,substitution,80,,,,,,regular,sofascore
8738832,593546.0,Tony Mauricio,1648.0,substitution,80,,,,,,regular,sofascore
8738832,842709.0,Rémi Oudin,1645.0,substitution,75,,,,,,regular,sofascore
8738832,1104948.0,Issouf Sissokho,1645.0,substitution,75,,,,,,regular,sofascore
8738832,803761.0,Cheick Traoré,1648.0,substitution,66,,,,,,regular,sofascore
8738832,1047484.0,Sékou Mara,1645.0,substitution,66,,,,,,regular,sofascore
8738832,954061.0,Arnaud Kalimuendo,1648.0,substitution,60,,,,,,regular,sofascore
8738832,191178.0,Corentin Jean,1648.0,substitution,60,,,,,,regular,sofascore
8738832,46387.0,Gaël Kakuta,1648.0,card,58,,,,,,yellow,sofascore
8738832,1006489.0,Loïc Badé,1648.0,card,56,,,,,,yellow,sofascore
8738832,,,,period,45,,,,,,,sofascore
8738832,791314.0,Hwang Ui-Jo,1645.0,goal,32,,,,,,penalty,sofascore
8738833,,,,period,90,,,,,,,sofascore
8738833,331753.0,Renaud Emond,1647.0,substitution,90,,,,,,regular,sofascore
8738833,788181.0,Roli Pereira de Sa,1647.0,substitution,90,,,,,,regular,sofascore
8738833,871706.0,Randal Kolo Muani,1647.0,goal,90,,,,,,regular,sofascore
8738833,806076.0,Ludovic Blas,1647.0,goal,90,,,,,,regular,sofascore
8738833,,,,injuryTime,90,,,,,,,sofascore
8738833,31993.0,Bruno Ecuele Manga,1686.0,card,84,,,,,,yellow,sofascore
8738833,794836.0,Andrei Girotto,1647.0,substitution,79,,,,,,regular,sofascore
8738833,603736.0,Aboubakar Kamara,1686.0,substitution,71,,,,,,regular,sofascore
8738833,785418.0,Marcus Coco,1647.0,substitution,64,,,,,,regular,sofascore
8738833,159701.0,Kalifa Coulibaly,1647.0,card,61,,,,,,yellow,sofascore
8738833,557166.0,Mama Baldé,1686.0,substitution,60,,,,,,regular,sofascore
8738833,,,,period,45,,,,,,,sofascore
8738833,,,,injuryTime,45,,,,,,,sofascore
8738833,871706.0,Randal Kolo Muani,1647.0,goal,32,,,,,,regular,sofascore
8738833,309510.0,Jordan Marié,1686.0,card,27,,,,,,yellow,sofascore
8738833,159701.0,Kalifa Coulibaly,1647.0,goal,6,,,,,,regular,sofascore
8738834,,,,period,90,,,,,,,sofascore
8738834,940365.0,Mahamé Siby,1659.0,substitution,90,,,,,,regular,sofascore
8738834,1113031.0,Moïse Sahi Dion,1659.0,substitution,90,,,,,,regular,sofascore
8738834,,,,injuryTime,90,,,,,,,sofascore
8738834,845273.0,Jean-Ricner Bellegarde,1659.0,substitution,85,,,,,,regular,sofascore
8738834,1047484.0,Sékou Mara,1645.0,substitution,79,,,,,,regular,sofascore
8738834,963300.0,Amadou Traoré,1645.0,substitution,79,,,,,,regular,sofascore
8738834,122922.0,Lionel Carole,1659.0,substitution,79,,,,,,regular,sofascore
8738834,914660.0,Mehdi Chahiri,1659.0,substitution,78,,,,,,regular,sofascore
8738834,798002.0,Toma Bašić,1645.0,substitution,67,,,,,,regular,sofascore
8738834,925837.0,Mehdi Zerkane,1645.0,substitution,67,,,,,,regular,sofascore
8738834,152734.0,Maxime Poundjé,1645.0,substitution,67,,,,,,regular,sofascore
8738834,372430.0,Frédéric Guilbert,1659.0,card,57,,,,,,yellow,sofascore
8738834,,,,period,45,,,,,,,sofascore
8738834,791314.0,Hwang Ui-Jo,1645.0,goal,45,,,,,,penalty,sofascore
8738834,16508.0,Paul Baysse,1645.0,goal,36,,,,,,regular,sofascore
8738834,343971.0,Ludovic Ajorque,1659.0,goal,30,,,,,,penalty,sofascore
8738834,581328.0,Edson Andre Sitoe,1645.0,card,29,,,,,,yellow,sofascore
8738834,802159.0,Habibou Diallo,1659.0,goal,21,,,,,,regular,sofascore
8738834,51444.0,Lamine Koné,1659.0,goal,6,,,,,,regular,sofascore
8738835,,,,period,90,,,,,,,sofascore
8738835,593546.0,Tony Mauricio,1648.0,substitution,90,,,,,,injury,sofascore
8738835,238708.0,Islam Slimani,1649.0,card,90,,,,,,red,sofascore
8738835,,,,injuryTime,90,,,,,,,sofascore
8738835,836678.0,Clément Michelin,1648.0,card,87,,,,,,yellow,sofascore
8738835,839981.0,Lucas Paquetá,1649.0,goal,81,,,,,,regular,sofascore
8738835,137667.0,Mattia De Sciglio,1649.0,card,78,,,,,,yellow,sofascore
8738835,906075.0,Melvin Bard,1649.0,substitution,76,,,,,,regular,sofascore
8738835,836678.0,Clément Michelin,1648.0,substitution,76,,,,,,regular,sofascore
8738835,979128.0,Rayan Cherki,1649.0,substitution,76,,,,,,regular,sofascore
8738835,825945.0,Simon Banza,1648.0,substitution,76,,,,,,regular,sofascore
8738835,238708.0,Islam Slimani,1649.0,substitution,70,,,,,,regular,sofascore
8738835,788921.0,Florian Sotoca,1648.0,card,70,,,,,,yellow,sofascore
8738835,1047364.0,Ismaël Boura,1648.0,substitution,66,,,,,,regular,sofascore
8738835,821728.0,Jonathan Clauss,1648.0,goal,65,,,,,,regular,sofascore
8738835,137667.0,Mattia De Sciglio,1649.0,substitution,59,,,,,,injury,sofascore
8738835,859027.0,Maxence Caqueret,1649.0,substitution,59,,,,,,regular,sofascore
8738835,138833.0,Memphis Depay,1649.0,card,48,,,,,,yellow,sofascore
8738835,,,,period,45,,,,,,,sofascore
8738835,,,,injuryTime,45,,,,,,,sofascore
8738835,906047.0,Cheick Doucouré,1648.0,varDecision,35,,,,,,goalAwarded,sofascore
8738835,866469.0,Bruno Guimarães,1649.0,card,7,,,,,,yellow,sofascore
8738835,339227.0,Steven Fortes,1648.0,card,6,,,,,,yellow,sofascore
8738836,,,,period,90,,,,,,,sofascore
8738836,,,,injuryTime,90,,,,,,,sofascore
8738836,897594.0,Domagoj Bradarić,1643.0,substitution,89,,,,,,regular,sofascore
8738836,862194.0,Zaydou Youssouf,1678.0,substitution,81,,,,,,regular,sofascore
8738836,990227.0,Aimen Moueffek,1678.0,substitution,81,,,,,,regular,sofascore
8738836,827804.0,Yusuf Yazıcı,1643.0,substitution,77,,,,,,regular,sofascore
8738836,1012657.0,Lucas Gourna-Douath,1678.0,substitution,71,,,,,,regular,sofascore
8738836,858705.0,Xeka,1643.0,substitution,63,,,,,,regular,sofascore
8738836,318967.0,Renato Sanches,1643.0,substitution,63,,,,,,regular,sofascore
8738836,802142.0,Jonathan Ikoné,1643.0,substitution,63,,,,,,regular,sofascore
8738836,962877.0,Adil Aouchiche,1678.0,substitution,62,,,,,,regular,sofascore
8738836,941161.0,Charles Abi,1678.0,substitution,62,,,,,,regular,sofascore
8738836,51640.0,Wahbi Khazri,1678.0,card,47,,,,,,yellow,sofascore
8738836,,,,period,45,,,,,,,sofascore
8738836,,,,injuryTime,45,,,,,,,sofascore
8738836,51665.0,Benjamin André,1643.0,card,26,,,,,,yellow,sofascore
8738836,869931.0,Yvan Neyou,1678.0,card,21,,,,,,yellow,sofascore
8738837,,,,period,90,,,,,,,sofascore
8738837,,,,injuryTime,90,,,,,,,sofascore
8738837,944327.0,Dan Ndoye,1661.0,substitution,84,,,,,,regular,sofascore
8738837,938270.0,Abdoul Kader Bamba,1647.0,substitution,84,,,,,,regular,sofascore
8738837,788181.0,Roli Pereira de Sa,1647.0,substitution,84,,,,,,regular,sofascore
8738837,249859.0,Walter Benítez,1661.0,card,72,,,,,,yellow,sofascore
8738837,159701.0,Kalifa Coulibaly,1647.0,substitution,68,,,,,,regular,sofascore
8738837,190147.0,Rony Lopes,1661.0,substitution,61,,,,,,regular,sofascore
8738837,796279.0,Jordan Lotomba,1661.0,substitution,61,,,,,,regular,sofascore
8738837,851262.0,Myziane Maolida,1661.0,card,61,,,,,,yellow,sofascore
8738837,,,,period,45,,,,,,,sofascore
8738837,106496.0,Nicolas Pallois,1647.0,card,43,,,,,,yellow,sofascore
8738837,149732.0,Abdoulaye Touré,1647.0,goal,32,,,,,,regular,sofascore
8738837,795761.0,Kasper Dolberg,1661.0,goal,29,,,,,,regular,sofascore
8738837,795761.0,Kasper Dolberg,1661.0,goal,11,,,,,,penalty,sofascore
8738838,,,,period,90,,,,,,,sofascore
8738838,822877.0,Alexis Claude-Maurice,1661.0,goal,90,,,,,,regular,sofascore
8738838,249859.0,Walter Benítez,1661.0,card,90,,,,,,yellow,sofascore
8738838,,,,injuryTime,90,,,,,,,sofascore
8738838,122630.0,Darío Benedetto,1641.0,varDecision,87,,,,,,goalAwarded,sofascore
8738838,257091.0,Duje Ćaleta-Car,1641.0,card,78,,,,,,yellow,sofascore
8738838,859026.0,Amine Gouiri,1661.0,goal,74,,,,,,regular,sofascore
8738838,122630.0,Darío Benedetto,1641.0,substitution,73,,,,,,regular,sofascore
8738838,346262.0,Saîf-Eddine Khaoui,1641.0,substitution,69,,,,,,regular,sofascore
8738838,894238.0,Youcef Atal,1661.0,substitution,67,,,,,,regular,sofascore
8738838,977679.0,Luís Henrique,1641.0,substitution,46,,,,,,regular,sofascore
8738838,,,,period,45,,,,,,,sofascore
8738838,,,,injuryTime,45,,,,,,,sofascore
8738838,904832.0,Khéphren Thuram,1661.0,goal,34,,,,,,regular,sofascore
8738838,48335.0,Hiroki Sakai,1641.0,substitution,15,,,,,,injury,sofascore
8738839,,,,period,90,,,,,,,sofascore
8738839,580642.0,Haris Belkebla,1715.0,card,90,,,,,,red,sofascore
8738839,827386.0,Quentin Boisgard,1656.0,substitution,90,,,,,,regular,sofascore
8738839,,,,injuryTime,90,,,,,,,sofascore
8738839,857471.0,Pierre-Yves Hamel,1656.0,card,88,,,,,,yellow,sofascore
8738839,857471.0,Pierre-Yves Hamel,1656.0,substitution,87,,,,,,regular,sofascore
8738839,988907.0,Lilian Brassier,1715.0,card,85,,,,,,yellow,sofascore
8738839,44213.0,Gaëtan Charbonnier,1715.0,substitution,82,,,,,,regular,sofascore
8738839,954059.0,Bandiougou Fadiga,1715.0,substitution,82,,,,,,regular,sofascore
8738839,51471.0,Julien Faussurier,1715.0,substitution,81,,,,,,regular,sofascore
8738839,150865.0,Thomas Monconduit,1656.0,card,78,,,,,,yellow,sofascore
8738839,984014.0,Enzo Le Fée,1656.0,substitution,77,,,,,,regular,sofascore
8738839,150865.0,Thomas Monconduit,1656.0,substitution,77,,,,,,regular,sofascore
8738839,1047296.0,Jérémy Le Douaron,1715.0,substitution,67,,,,,,regular,sofascore
8738839,605552.0,Irvin Cardona,1715.0,substitution,58,,,,,,regular,sofascore
8738839,345035.0,Steve Mounié,1715.0,card,52,,,,,,yellow,sofascore
8738839,,,,period,45,,,,,,,sofascore
8738839,296434.0,Laurent Abergel,1656.0,goal,45,,,,,,regular,sofascore
8738839,296434.0,Laurent Abergel,1656.0,card,20,,,,,,yellow,sofascore
8738840,,,,period,90,,,,,,,sofascore
8738840,897594.0,Domagoj Bradarić,1643.0,substitution,90,,,,,,regular,sofascore
8738840,892735.0,Tiago Djaló,1643.0,card,90,,,,,,yellowRed,sofascore
8738840,124712.0,Neymar,1644.0,card,90,,,,,,yellowRed,sofascore
8738840,,,,injuryTime,90,,,,,,,sofascore
8738840,51665.0,Benjamin André,1643.0,card,87,,,,,,yellow,sofascore
8738840,826643.0,Kylian Mbappé,1644.0,card,85,,,,,,yellow,sofascore
8738840,18864.0,Burak Yılmaz,1643.0,substitution,73,,,,,,regular,sofascore
8738840,96367.0,Rafinha Alcântara,1644.0,substitution,71,,,,,,regular,sofascore
8738840,142680.0,Julian Draxler,1644.0,substitution,64,,,,,,regular,sofascore
8738840,941300.0,Colin Dagba,1644.0,substitution,64,,,,,,regular,sofascore
8738840,856638.0,Mitchel Bakker,1644.0,substitution,64,,,,,,regular,sofascore
8738840,280435.0,Abdou Diallo,1644.0,card,57,,,,,,yellow,sofascore
8738840,124712.0,Neymar,1644.0,card,48,,,,,,yellow,sofascore
8738840,,,,period,45,,,,,,,sofascore
8738840,,,,injuryTime,45,,,,,,,sofascore
8738840,892735.0,Tiago Djaló,1643.0,card,36,,,,,,yellow,sofascore
8738840,855810.0,Tim Weah,1643.0,substitution,35,,,,,,injury,sofascore
8738840,935564.0,Jonathan David,1643.0,goal,20,,,,,,regular,sofascore
8738840,106337.0,Idrissa Gana Gueye,1644.0,card,19,,,,,,yellow,sofascore
8738840,255389.0,Leandro Paredes,1644.0,card,17,,,,,,yellow,sofascore
8738840,27622.0,José Fonte,1643.0,card,4,,,,,,yellow,sofascore
8738841,,,,period,90,,,,,,,sofascore
8738841,,,,injuryTime,90,,,,,,,sofascore
8738841,238708.0,Islam Slimani,1649.0,goal,87,,,,,,regular,sofascore
8738841,996951.0,Sinaly Diomandé,1649.0,substitution,87,,,,,,regular,sofascore
8738841,881952.0,Matteo Ahlinvi,1663.0,substitution,86,,,,,,injury,sofascore
8738841,1102522.0,Mahamadou Doucouré,1663.0,substitution,81,,,,,,regular,sofascore
8738841,238708.0,Islam Slimani,1649.0,substitution,76,,,,,,regular,sofascore
8738841,1003317.0,Nassim Chadli,1663.0,substitution,76,,,,,,regular,sofascore
8738841,51349.0,Lucas Deaux,1663.0,substitution,75,,,,,,regular,sofascore
8738841,329303.0,Thiago Mendes,1649.0,substitution,64,,,,,,regular,sofascore
8738841,979128.0,Rayan Cherki,1649.0,substitution,64,,,,,,regular,sofascore
8738841,796085.0,Moussa Koné,1663.0,goal,62,,,,,,regular,sofascore
8738841,846081.0,Houssem Aouar,1649.0,goal,55,,,,,,regular,sofascore
8738841,838688.0,Sofiane Alakouch,1663.0,substitution,46,,,,,,regular,sofascore
8738841,,,,period,45,,,,,,,sofascore
8738841,839981.0,Lucas Paquetá,1649.0,goal,24,,,,,,regular,sofascore
8738841,138833.0,Memphis Depay,1649.0,goal,20,,,,,,regular,sofascore
8738841,839981.0,Lucas Paquetá,1649.0,goal,8,,,,,,regular,sofascore
8738841,796085.0,Moussa Koné,1663.0,goal,5,,,,,,regular,sofascore
8738842,,,,period,90,,,,,,,sofascore
8738842,,,,injuryTime,90,,,,,,,sofascore
8738842,897594.0,Domagoj Bradarić,1643.0,substitution,85,,,,,,regular,sofascore
8738842,593546.0,Tony Mauricio,1648.0,substitution,85,,,,,,regular,sofascore
8738842,1023091.0,David Pereira Da Costa,1648.0,substitution,85,,,,,,regular,sofascore
8738842,37761.0,Jérémy Pied,1643.0,substitution,75,,,,,,regular,sofascore
8738842,827804.0,Yusuf Yazıcı,1643.0,substitution,75,,,,,,regular,sofascore
8738842,954061.0,Arnaud Kalimuendo,1648.0,substitution,72,,,,,,injury,sofascore
8738842,788921.0,Florian Sotoca,1648.0,substitution,72,,,,,,regular,sofascore
8738842,802142.0,Jonathan Ikoné,1643.0,substitution,67,,,,,,regular,sofascore
8738842,855810.0,Tim Weah,1643.0,substitution,67,,,,,,regular,sofascore
8738842,1047364.0,Ismaël Boura,1648.0,substitution,67,,,,,,regular,sofascore
8738842,339227.0,Steven Fortes,1648.0,card,66,,,,,,yellow,sofascore
8738842,27622.0,José Fonte,1643.0,card,65,,,,,,yellow,sofascore
8738842,935564.0,Jonathan David,1643.0,goal,60,,,,,,regular,sofascore
8738842,,,,period,45,,,,,,,sofascore
8738842,,,,injuryTime,45,,,,,,,sofascore
8738842,18864.0,Burak Yılmaz,1643.0,goal,40,,,,,,regular,sofascore
8738842,840451.0,Luiz Araújo,1643.0,card,39,,,,,,yellow,sofascore
8738842,836678.0,Clément Michelin,1648.0,card,35,,,,,,yellowRed,sofascore
8738842,836678.0,Clément Michelin,1648.0,card,29,,,,,,yellow,sofascore
8738842,18864.0,Burak Yılmaz,1643.0,goal,4,,,,,,penalty,sofascore
8738843,,,,period,90,,,,,,,sofascore
8738843,142680.0,Julian Draxler,1644.0,substitution,90,,,,,,regular,sofascore
8738843,996951.0,Sinaly Diomandé,1649.0,card,90,,,,,,yellow,sofascore
8738843,,,,injuryTime,90,,,,,,,sofascore
8738843,941300.0,Colin Dagba,1644.0,substitution,86,,,,,,regular,sofascore
8738843,82474.0,Ander Herrera,1644.0,substitution,86,,,,,,regular,sofascore
8738843,280439.0,Maxwel Cornet,1649.0,goal,81,,,,,,regular,sofascore
8738843,996951.0,Sinaly Diomandé,1649.0,substitution,78,,,,,,regular,sofascore
8738843,979128.0,Rayan Cherki,1649.0,substitution,74,,,,,,regular,sofascore
8738843,124712.0,Neymar,1644.0,substitution,70,,,,,,injury,sofascore
8738843,238708.0,Islam Slimani,1649.0,goal,62,,,,,,regular,sofascore
8738843,238708.0,Islam Slimani,1649.0,substitution,56,,,,,,regular,sofascore
8738843,866469.0,Bruno Guimarães,1649.0,substitution,56,,,,,,regular,sofascore
8738843,552680.0,Léo Dubois,1649.0,substitution,56,,,,,,regular,sofascore
8738843,826643.0,Kylian Mbappé,1644.0,goal,52,,,,,,regular,sofascore
8738843,30027.0,Ángel Di María,1644.0,goal,47,,,,,,regular,sofascore
8738843,,,,period,45,,,,,,,sofascore
8738843,810535.0,Tino Kadewere,1649.0,card,40,,,,,,yellow,sofascore
8738843,99545.0,Danilo Pereira,1644.0,goal,32,,,,,,regular,sofascore
8738843,826643.0,Kylian Mbappé,1644.0,goal,15,,,,,,regular,sofascore
8738844,,,,period,90,,,,,,,sofascore
8738844,21931.0,Anthony Modeste,1678.0,card,90,,,,,,yellow,sofascore
8738844,,,,injuryTime,90,,,,,,,sofascore
8738844,788170.0,Fodé Ballo-Touré,1653.0,substitution,84,,,,,,regular,sofascore
8738844,963198.0,Chrislain Matsima,1653.0,substitution,83,,,,,,regular,sofascore
8738844,990227.0,Aimen Moueffek,1678.0,substitution,81,,,,,,regular,sofascore
8738844,873534.0,Krépin Diatta,1653.0,goal,76,,,,,,regular,sofascore
8738844,873534.0,Krépin Diatta,1653.0,substitution,76,,,,,,regular,sofascore
8738844,119192.0,Wissam Ben Yedder,1653.0,substitution,76,,,,,,regular,sofascore
8738844,1014408.0,Maxence Rivera,1678.0,substitution,68,,,,,,regular,sofascore
8738844,21931.0,Anthony Modeste,1678.0,substitution,67,,,,,,regular,sofascore
8738844,518.0,Cesc Fàbregas,1653.0,substitution,66,,,,,,regular,sofascore
8738844,944164.0,Sofiane Diop,1653.0,goal,64,,,,,,regular,sofascore
8738844,862194.0,Zaydou Youssouf,1678.0,substitution,60,,,,,,regular,sofascore
8738844,859025.0,Aurélien Tchouaméni,1653.0,goal,55,,,,,,regular,sofascore
8738844,941161.0,Charles Abi,1678.0,substitution,46,,,,,,regular,sofascore
8738844,,,,period,45,,,,,,,sofascore
8738844,,,,injuryTime,45,,,,,,,sofascore
8738844,904827.0,Benoît Badiashile,1653.0,card,44,,,,,,yellow,sofascore
8738844,37126.0,Stevan Jovetić,1653.0,card,38,,,,,,yellow,sofascore
8738844,37126.0,Stevan Jovetić,1653.0,goal,13,,,,,,regular,sofascore
8738844,37126.0,Stevan Jovetić,1653.0,inGamePenalty,12,,,,,,missed,sofascore
8738845,,,,period,90,,,,,,,sofascore
8738845,928236.0,Leonardo Balerdi,1641.0,substitution,90,,,,,,regular,sofascore
8738845,161325.0,Arkadiusz Milik,1641.0,goal,90,,,,,,penalty,sofascore
8738845,73979.0,Romain Thomas,1684.0,card,90,,,,,,yellow,sofascore
8738845,1102503.0,Ahmadou Bamba Dieng,1641.0,varDecision,90,,,,,,penaltyNotAwarded,sofascore
8738845,,,,injuryTime,90,,,,,,,sofascore
8738845,122630.0,Darío Benedetto,1641.0,substitution,88,,,,,,regular,sofascore
8738845,150212.0,Álvaro González,1641.0,card,87,,,,,,yellow,sofascore
8738845,73979.0,Romain Thomas,1684.0,varDecision,86,,,,,,goalNotAwarded,sofascore
8738845,73979.0,Romain Thomas,1684.0,goal,85,,,,,,regular,sofascore
8738845,1102503.0,Ahmadou Bamba Dieng,1641.0,substitution,84,,,,,,regular,sofascore
8738845,342915.0,Jordan Amavi,1641.0,substitution,84,,,,,,regular,sofascore
8738845,1063235.0,Mohamed Ali Cho,1684.0,substitution,71,,,,,,regular,sofascore
8738845,153220.0,Stéphane Bahoken,1684.0,substitution,71,,,,,,regular,sofascore
8738845,831400.0,Mathias Pereira Lage,1684.0,card,62,,,,,,yellow,sofascore
8738845,831400.0,Mathias Pereira Lage,1684.0,goal,57,,,,,,regular,sofascore
8738845,161325.0,Arkadiusz Milik,1641.0,goal,48,,,,,,regular,sofascore
8738845,831400.0,Mathias Pereira Lage,1684.0,substitution,46,,,,,,regular,sofascore
8738845,308130.0,Jimmy Cabot,1684.0,substitution,46,,,,,,regular,sofascore
8738845,,,,period,45,,,,,,,sofascore
8738845,,,,injuryTime,45,,,,,,,sofascore
8738845,161325.0,Arkadiusz Milik,1641.0,card,37,,,,,,yellow,sofascore
8738845,581314.0,Valentin Rongier,1641.0,card,22,,,,,,yellow,sofascore
8738845,161325.0,Arkadiusz Milik,1641.0,goal,9,,,,,,regular,sofascore
8738845,,,1641.0,card,-5,,,,,,yellowRed,sofascore
8738845,,,1641.0,card,-5,,,,,,yellow,sofascore
8738846,,,,period,90,,,,,,,sofascore
8738846,294641.0,Loïs Diony,1684.0,goal,89,,,,,,regular,sofascore
8738846,1063235.0,Mohamed Ali Cho,1684.0,substitution,85,,,,,,regular,sofascore
8738846,157143.0,Moussa Konaté,1686.0,substitution,83,,,,,,regular,sofascore
8738846,845274.0,Mounir Chouiar,1686.0,substitution,70,,,,,,regular,sofascore
8738846,910053.0,Arthur Zagre,1686.0,substitution,70,,,,,,regular,sofascore
8738846,294641.0,Loïs Diony,1684.0,substitution,70,,,,,,regular,sofascore
8738846,831400.0,Mathias Pereira Lage,1684.0,substitution,70,,,,,,regular,sofascore
8738846,308130.0,Jimmy Cabot,1684.0,substitution,70,,,,,,regular,sofascore
8738846,603736.0,Aboubakar Kamara,1686.0,substitution,66,,,,,,regular,sofascore
8738846,930584.0,Farid El Melali,1684.0,goal,50,,,,,,regular,sofascore
8738846,,,,period,45,,,,,,,sofascore
8738846,,,,injuryTime,45,,,,,,,sofascore
8738846,757730.0,Antonin Bobichon,1684.0,substitution,14,,,,,,injury,sofascore
8738846,787540.0,Angelo Fulgini,1684.0,goal,7,,,,,,regular,sofascore
8738847,,,,period,90,,,,,,,sofascore
8738847,,,,injuryTime,90,,,,,,,sofascore
8738847,944327.0,Dan Ndoye,1661.0,substitution,80,,,,,,regular,sofascore
8738847,796279.0,Jordan Lotomba,1661.0,substitution,80,,,,,,regular,sofascore
8738847,829093.0,Ibrahima Sissoko,1659.0,substitution,77,,,,,,regular,sofascore
8738847,1064307.0,Malik Sellouki,1661.0,substitution,73,,,,,,regular,sofascore
8738847,901885.0,Flavius Daniliuc,1661.0,substitution,73,,,,,,regular,sofascore
8738847,343971.0,Ludovic Ajorque,1659.0,goal,66,,,,,,regular,sofascore
8738847,985923.0,Hicham Boudaoui,1661.0,card,58,,,,,,yellow,sofascore
8738847,,,,period,45,,,,,,,sofascore
8738847,,,,injuryTime,45,,,,,,,sofascore
8738847,845273.0,Jean-Ricner Bellegarde,1659.0,substitution,39,,,,,,injury,sofascore
8738847,904832.0,Khéphren Thuram,1661.0,substitution,39,,,,,,injury,sofascore
8738847,231946.0,Adrien Thomasson,1659.0,card,38,,,,,,yellow,sofascore
8738847,941168.0,William Saliba,1661.0,card,26,,,,,,yellow,sofascore
8738847,343971.0,Ludovic Ajorque,1659.0,goal,2,,,,,,regular,sofascore
8738848,,,,period,90,,,,,,,sofascore
8738848,846439.0,Patrick Burner,1663.0,substitution,90,,,,,,regular,sofascore
8738848,,,,injuryTime,90,,,,,,,sofascore
8738848,887581.0,Boubakary Soumaré,1643.0,card,80,,,,,,yellow,sofascore
8738848,51349.0,Lucas Deaux,1663.0,substitution,77,,,,,,regular,sofascore
8738848,887581.0,Boubakary Soumaré,1643.0,substitution,76,,,,,,regular,sofascore
8738848,892735.0,Tiago Djaló,1643.0,substitution,75,,,,,,injury,sofascore
8738848,827804.0,Yusuf Yazıcı,1643.0,substitution,64,,,,,,regular,sofascore
8738848,318967.0,Renato Sanches,1643.0,substitution,64,,,,,,regular,sofascore
8738848,595576.0,Jonathan Bamba,1643.0,card,53,,,,,,yellow,sofascore
8738848,840451.0,Luiz Araújo,1643.0,substitution,46,,,,,,regular,sofascore
8738848,,,,period,45,,,,,,,sofascore
8738848,247445.0,Renaud Ripart,1663.0,goal,45,,,,,,regular,sofascore
8738848,858705.0,Xeka,1643.0,goal,20,,,,,,regular,sofascore
8738848,796085.0,Moussa Koné,1663.0,goal,12,,,,,,regular,sofascore
8738849,,,,period,90,,,,,,,sofascore
8738849,,,,injuryTime,90,,,,,,,sofascore
8738849,901470.0,Gerzino Nyamsi,1658.0,substitution,87,,,,,,regular,sofascore
8738849,74083.0,Damien Da Silva,1658.0,card,85,,,,,,red,sofascore
8738849,788170.0,Fodé Ballo-Touré,1653.0,substitution,84,,,,,,regular,sofascore
8738849,579576.0,Ruben Aguilar,1653.0,substitution,83,,,,,,regular,sofascore
8738849,873534.0,Krépin Diatta,1653.0,substitution,71,,,,,,regular,sofascore
8738849,1046150.0,Eliot Matazo,1653.0,substitution,71,,,,,,regular,sofascore
8738849,877102.0,Nayef Aguerd,1658.0,card,70,,,,,,yellow,sofascore
8738849,827243.0,Axel Disasi,1658.0,goal,68,,,,,,ownGoal,sofascore
8738849,999028.0,Adrien Truffert,1658.0,substitution,67,,,,,,regular,sofascore
8738849,825681.0,Romain Del Castillo,1658.0,substitution,67,,,,,,regular,sofascore
8738849,827243.0,Axel Disasi,1653.0,substitution,63,,,,,,regular,sofascore
8738849,324399.0,Benjamin Bourigeaud,1658.0,card,61,,,,,,yellow,sofascore
8738849,328027.0,Serhou Guirassy,1658.0,substitution,46,,,,,,regular,sofascore
8738849,,,,period,45,,,,,,,sofascore
8738849,339909.0,Guillermo Maripán,1653.0,card,31,,,,,,yellow,sofascore
8738849,318963.0,Aleksandr Golovin,1653.0,goal,29,,,,,,regular,sofascore
8738849,904827.0,Benoît Badiashile,1653.0,card,17,,,,,,yellow,sofascore
8738849,119192.0,Wissam Ben Yedder,1653.0,goal,16,,,,,,regular,sofascore
8738850,,,,period,90,,,,,,,sofascore
8738850,963211.0,Brandon Soppy,1658.0,substitution,90,,,,,,regular,sofascore
8738850,825681.0,Romain Del Castillo,1658.0,substitution,90,,,,,,regular,sofascore
8738850,312388.0,Flavien Tait,1658.0,card,90,,,,,,yellow,sofascore
8738850,,,,injuryTime,90,,,,,,,sofascore
8738850,352916.0,Presnel Kimpembe,1644.0,card,87,,,,,,red,sofascore
8738850,233114.0,Mauro Icardi,1644.0,substitution,80,,,,,,regular,sofascore
8738850,152420.0,Alessandro Florenzi,1644.0,substitution,80,,,,,,regular,sofascore
8738850,1048889.0,Andy Diouf,1658.0,card,80,,,,,,yellow,sofascore
8738850,385386.0,Dalbert,1658.0,substitution,79,,,,,,regular,sofascore
8738850,1048889.0,Andy Diouf,1658.0,substitution,79,,,,,,regular,sofascore
8738850,328027.0,Serhou Guirassy,1658.0,goal,70,,,,,,regular,sofascore
8738850,106337.0,Idrissa Gana Gueye,1644.0,substitution,70,,,,,,regular,sofascore
8738850,96367.0,Rafinha Alcântara,1644.0,substitution,69,,,,,,regular,sofascore
8738850,39009.0,Clément Grenier,1658.0,substitution,61,,,,,,regular,sofascore
8738850,82474.0,Ander Herrera,1644.0,card,57,,,,,,yellow,sofascore
8738850,280435.0,Abdou Diallo,1644.0,substitution,55,,,,,,injury,sofascore
8738850,,,,period,45,,,,,,,sofascore
8738850,124712.0,Neymar,1644.0,goal,45,,,,,,penalty,sofascore
8738850,877102.0,Nayef Aguerd,1658.0,card,45,,,,,,yellow,sofascore
8738850,135775.0,Layvin Kurzawa,1644.0,varDecision,45,,,,,,penaltyNotAwarded,sofascore
8738850,,,,injuryTime,45,,,,,,,sofascore
8738850,825681.0,Romain Del Castillo,1658.0,card,-5,,,,,,yellow,sofascore
8738851,,,,period,90,,,,,,,sofascore
8738851,328027.0,Serhou Guirassy,1658.0,card,90,,,,,,yellow,sofascore
8738851,991359.0,Papa Ndiaga Yade,1651.0,goal,90,,,,,,regular,sofascore
8738851,,,,injuryTime,90,,,,,,,sofascore
8738851,328027.0,Serhou Guirassy,1658.0,goal,88,,,,,,regular,sofascore
8738851,143695.0,Alfred Gomis,1658.0,card,84,,,,,,yellow,sofascore
8738851,825681.0,Romain Del Castillo,1658.0,substitution,79,,,,,,regular,sofascore
8738851,385386.0,Dalbert,1658.0,substitution,74,,,,,,regular,sofascore
8738851,328027.0,Serhou Guirassy,1658.0,substitution,74,,,,,,regular,sofascore
8738851,1002711.0,Pape Matar Sarr,1651.0,substitution,73,,,,,,regular,sofascore
8738851,991359.0,Papa Ndiaga Yade,1651.0,substitution,73,,,,,,regular,sofascore
8738851,787827.0,Matthieu Udol,1651.0,substitution,73,,,,,,regular,sofascore
8738851,352966.0,Aaron Leya Iseka,1651.0,substitution,68,,,,,,regular,sofascore
8738851,934386.0,Jérémy Doku,1658.0,card,51,,,,,,red,sofascore
8738851,,,,period,45,,,,,,,sofascore
8738851,,,,injuryTime,45,,,,,,,sofascore
8738851,846445.0,Martin Terrier,1658.0,goal,38,,,,,,penalty,sofascore
8738851,362014.0,Hamari Traoré,1658.0,varDecision,37,,,,,,penaltyNotAwarded,sofascore
8738851,934386.0,Jérémy Doku,1658.0,goal,18,,,,,,regular,sofascore
8738852,,,,period,90,,,,,,,sofascore
8738852,67308.0,Loris Benito,1645.0,card,90,,,,,,yellow,sofascore
8738852,,,,injuryTime,90,,,,,,,sofascore
8738852,3209.0,Jimmy Briand,1645.0,substitution,88,,,,,,regular,sofascore
8738852,1047484.0,Sékou Mara,1645.0,substitution,83,,,,,,regular,sofascore
8738852,44563.0,Pedro Mendes,1642.0,substitution,82,,,,,,regular,sofascore
8738852,1104948.0,Issouf Sissokho,1645.0,substitution,82,,,,,,regular,sofascore
8738852,963300.0,Amadou Traoré,1645.0,substitution,74,,,,,,regular,sofascore
8738852,93570.0,Arnaud Souquet,1642.0,substitution,74,,,,,,injury,sofascore
8738852,363774.0,Mihailo Ristić,1642.0,substitution,74,,,,,,regular,sofascore
8738852,886286.0,Nicolas Cozza,1642.0,card,72,,,,,,yellow,sofascore
8738852,979315.0,Elye Wahi,1642.0,substitution,70,,,,,,regular,sofascore
8738852,976396.0,Joris Chotard,1642.0,substitution,70,,,,,,regular,sofascore
8738852,605338.0,Stephy Mavididi,1642.0,goal,69,,,,,,regular,sofascore
8738852,149730.0,Gaëtan Laborde,1642.0,goal,58,,,,,,regular,sofascore
8738852,,,,period,45,,,,,,,sofascore
8738852,603738.0,Junior Sambia,1642.0,goal,35,,,,,,regular,sofascore
8738852,305282.0,Jean Michaël Seri,1645.0,card,34,,,,,,yellow,sofascore
8738852,791314.0,Hwang Ui-Jo,1645.0,goal,28,,,,,,regular,sofascore
8738857,,,,period,90,,,,,,,sofascore
8738857,990227.0,Aimen Moueffek,1678.0,substitution,90,,,,,,regular,sofascore
8738857,,,,injuryTime,90,,,,,,,sofascore
8738857,941161.0,Charles Abi,1678.0,card,80,,,,,,yellow,sofascore
8738857,801287.0,Faitout Maouassa,1658.0,substitution,77,,,,,,regular,sofascore
8738857,362014.0,Hamari Traoré,1658.0,card,77,,,,,,yellow,sofascore
8738857,848458.0,Arnaud Nordin,1678.0,goal,71,,,,,,regular,sofascore
8738857,862194.0,Zaydou Youssouf,1678.0,substitution,68,,,,,,regular,sofascore
8738857,941161.0,Charles Abi,1678.0,substitution,68,,,,,,regular,sofascore
8738857,877102.0,Nayef Aguerd,1658.0,card,63,,,,,,yellow,sofascore
8738857,283083.0,Adrien Hunou,1658.0,substitution,58,,,,,,regular,sofascore
8738857,911851.0,Yann Gboho,1658.0,substitution,58,,,,,,regular,sofascore
8738857,51652.0,Steven​ N'Zonzi,1658.0,substitution,58,,,,,,regular,sofascore
8738857,328027.0,Serhou Guirassy,1658.0,card,57,,,,,,yellow,sofascore
8738857,848458.0,Arnaud Nordin,1678.0,substitution,57,,,,,,regular,sofascore
8738857,74083.0,Damien Da Silva,1658.0,card,48,,,,,,yellow,sofascore
8738857,,,,period,45,,,,,,,sofascore
8738857,,,,injuryTime,45,,,,,,,sofascore
8738857,934386.0,Jérémy Doku,1658.0,card,37,,,,,,yellow,sofascore
8738857,3579.0,Mathieu Debuchy,1678.0,card,33,,,,,,yellow,sofascore
8738857,760618.0,Denis Bouanga,1678.0,goal,27,,,,,,regular,sofascore
8738858,,,,period,90,,,,,,,sofascore
8738858,,,,injuryTime,90,,,,,,,sofascore
8738858,941161.0,Charles Abi,1678.0,goal,89,,,,,,regular,sofascore
8738858,579596.0,Moussa Doumbia,1682.0,card,89,,,,,,yellow,sofascore
8738858,1085101.0,Mouhamadou Drammeh,1682.0,substitution,80,,,,,,regular,sofascore
8738858,963399.0,Nathanaël Mbuku,1682.0,card,79,,,,,,yellow,sofascore
8738858,862194.0,Zaydou Youssouf,1678.0,substitution,79,,,,,,regular,sofascore
8738858,982615.0,El Bilal Touré,1682.0,goal,72,,,,,,regular,sofascore
8738858,982615.0,El Bilal Touré,1682.0,substitution,60,,,,,,regular,sofascore
8738858,579596.0,Moussa Doumbia,1682.0,substitution,59,,,,,,regular,sofascore
8738858,941161.0,Charles Abi,1678.0,substitution,59,,,,,,regular,sofascore
8738858,962877.0,Adil Aouchiche,1678.0,substitution,46,,,,,,regular,sofascore
8738858,848458.0,Arnaud Nordin,1678.0,substitution,46,,,,,,regular,sofascore
8738858,,,,period,45,,,,,,,sofascore
8738858,,,,injuryTime,45,,,,,,,sofascore
8738859,,,,period,90,,,,,,,sofascore
8738859,940365.0,Mahamé Siby,1659.0,substitution,90,,,,,,regular,sofascore
8738859,,,,injuryTime,90,,,,,,,sofascore
8738859,831400.0,Mathias Pereira Lage,1684.0,substitution,84,,,,,,regular,sofascore
8738859,94822.0,Sanjin Prcić,1659.0,substitution,83,,,,,,regular,sofascore
8738859,209768.0,Pierrick Capelle,1684.0,substitution,80,,,,,,regular,sofascore
8738859,294641.0,Loïs Diony,1684.0,card,76,,,,,,yellow,sofascore
8738859,257205.0,Sofiane Boufal,1684.0,substitution,70,,,,,,regular,sofascore
8738859,108736.0,Stefan Mitrović,1659.0,card,58,,,,,,yellow,sofascore
8738859,845273.0,Jean-Ricner Bellegarde,1659.0,substitution,46,,,,,,regular,sofascore
8738859,,,,period,45,,,,,,,sofascore
8738859,829093.0,Ibrahima Sissoko,1659.0,card,45,,,,,,yellow,sofascore
8738859,,,,injuryTime,45,,,,,,,sofascore
8738860,,,,period,90,,,,,,,sofascore
8738860,,,,injuryTime,90,,,,,,,sofascore
8738860,925837.0,Mehdi Zerkane,1645.0,card,87,,,,,,yellow,sofascore
8738860,3209.0,Jimmy Briand,1645.0,substitution,78,,,,,,regular,sofascore
8738860,152734.0,Maxime Poundjé,1645.0,substitution,78,,,,,,regular,sofascore
8738860,925837.0,Mehdi Zerkane,1645.0,substitution,78,,,,,,regular,sofascore
8738860,881952.0,Matteo Ahlinvi,1663.0,substitution,77,,,,,,regular,sofascore
8738860,230766.0,Haris Duljević,1663.0,substitution,77,,,,,,regular,sofascore
8738860,247445.0,Renaud Ripart,1663.0,goal,71,,,,,,regular,sofascore
8738860,67308.0,Loris Benito,1645.0,card,68,,,,,,red,sofascore
8738860,963300.0,Amadou Traoré,1645.0,substitution,62,,,,,,regular,sofascore
8738860,74045.0,Nicolas de Préville,1645.0,substitution,61,,,,,,regular,sofascore
8738860,846439.0,Patrick Burner,1663.0,substitution,58,,,,,,regular,sofascore
8738860,974418.0,Karim Aribi,1663.0,substitution,58,,,,,,regular,sofascore
8738860,859024.0,Yacine Adli,1645.0,card,53,,,,,,yellow,sofascore
8738860,833030.0,Samuel Kalu,1645.0,card,49,,,,,,yellow,sofascore
8738860,,,,period,45,,,,,,,sofascore
8738860,,,,injuryTime,45,,,,,,,sofascore
8738860,316196.0,Niclas Eliasson,1663.0,substitution,36,,,,,,injury,sofascore
8738860,606530.0,Birger Meling,1663.0,goal,14,,,,,,regular,sofascore
8738861,,,,period,90,,,,,,,sofascore
8738861,,,,injuryTime,90,,,,,,,sofascore
8738861,801287.0,Faitout Maouassa,1658.0,card,89,,,,,,yellow,sofascore
8738861,66309.0,Petar Škuletić,1642.0,substitution,86,,,,,,regular,sofascore
8738861,825681.0,Romain Del Castillo,1658.0,substitution,81,,,,,,injury,sofascore
8738861,328027.0,Serhou Guirassy,1658.0,goal,78,,,,,,regular,sofascore
8738861,93570.0,Arnaud Souquet,1642.0,substitution,75,,,,,,regular,sofascore
8738861,901470.0,Gerzino Nyamsi,1658.0,substitution,65,,,,,,injury,sofascore
8738861,74083.0,Damien Da Silva,1658.0,card,64,,,,,,yellow,sofascore
8738861,801287.0,Faitout Maouassa,1658.0,substitution,62,,,,,,regular,sofascore
8738861,973887.0,Eduardo Camavinga,1658.0,substitution,62,,,,,,regular,sofascore
8738861,39009.0,Clément Grenier,1658.0,substitution,62,,,,,,regular,sofascore
8738861,976396.0,Joris Chotard,1642.0,substitution,56,,,,,,injury,sofascore
8738861,156682.0,Teji Savanier,1642.0,inGamePenalty,51,,,,,,missed,sofascore
8738861,,,,period,45,,,,,,,sofascore
8738861,,,,injuryTime,45,,,,,,,sofascore
8738861,605338.0,Stephy Mavididi,1642.0,goal,27,,,,,,regular,sofascore
8738861,156682.0,Teji Savanier,1642.0,card,23,,,,,,yellow,sofascore
8738861,605338.0,Stephy Mavididi,1642.0,goal,17,,,,,,regular,sofascore
8738862,,,,period,90,,,,,,,sofascore
8738862,848537.0,Boubakar Kouyaté,1651.0,card,90,,,,,,yellow,sofascore
8738862,1064307.0,Malik Sellouki,1661.0,card,90,,,,,,yellow,sofascore
8738862,,,,injuryTime,90,,,,,,,sofascore
8738862,27009.0,Morgan Schneiderlin,1661.0,substitution,67,,,,,,regular,sofascore
8738862,991359.0,Papa Ndiaga Yade,1651.0,substitution,67,,,,,,regular,sofascore
8738862,352966.0,Aaron Leya Iseka,1651.0,substitution,66,,,,,,regular,sofascore
8738862,904991.0,Stanley Nsoki,1661.0,substitution,62,,,,,,regular,sofascore
8738862,1064307.0,Malik Sellouki,1661.0,substitution,62,,,,,,regular,sofascore
8738862,859026.0,Amine Gouiri,1661.0,goal,61,,,,,,penalty,sofascore
8738862,,,,period,45,,,,,,,sofascore
8738862,1046147.0,Lamine Gueye,1651.0,goal,38,,,,,,regular,sofascore
8738862,848537.0,Boubakar Kouyaté,1651.0,goal,15,,,,,,regular,sofascore
8738863,,,,period,90,,,,,,,sofascore
8738863,,,,injuryTime,90,,,,,,,sofascore
8738863,1048011.0,Édouard Michut,1644.0,substitution,89,,,,,,injury,sofascore
8738863,99545.0,Danilo Pereira,1644.0,goal,82,,,,,,regular,sofascore
8738863,106337.0,Idrissa Gana Gueye,1644.0,substitution,82,,,,,,regular,sofascore
8738863,51299.0,Frédéric Sammaritano,1686.0,substitution,75,,,,,,regular,sofascore
8738863,138573.0,Pablo Sarabia,1644.0,substitution,72,,,,,,regular,sofascore
8738863,309510.0,Jordan Marié,1686.0,substitution,71,,,,,,injury,sofascore
8738863,897623.0,Alex Dobre,1686.0,substitution,61,,,,,,regular,sofascore
8738863,786305.0,Roger Assalé,1686.0,substitution,61,,,,,,regular,sofascore
8738863,826643.0,Kylian Mbappé,1644.0,goal,51,,,,,,regular,sofascore
8738863,,,,period,45,,,,,,,sofascore
8738863,,,,injuryTime,45,,,,,,,sofascore
8738863,835601.0,Moise Kean,1644.0,card,33,,,,,,yellow,sofascore
8738863,826643.0,Kylian Mbappé,1644.0,goal,32,,,,,,penalty,sofascore
8738863,281013.0,Bersant Celina,1686.0,card,31,,,,,,yellow,sofascore
8738863,904994.0,Eric Ebimbe,1686.0,card,25,,,,,,yellow,sofascore
8738863,835601.0,Moise Kean,1644.0,goal,6,,,,,,regular,sofascore
8738864,,,,period,90,,,,,,,sofascore
8738864,844480.0,Pol Lirola,1641.0,substitution,90,,,,,,regular,sofascore
8738864,48335.0,Hiroki Sakai,1641.0,card,90,,,,,,red,sofascore
8738864,342915.0,Jordan Amavi,1641.0,substitution,90,,,,,,regular,sofascore
8738864,,,,injuryTime,90,,,,,,,sofascore
8738864,938270.0,Abdoul Kader Bamba,1647.0,card,88,,,,,,yellow,sofascore
8738864,150212.0,Álvaro González,1641.0,card,88,,,,,,yellow,sofascore
8738864,785418.0,Marcus Coco,1647.0,substitution,82,,,,,,regular,sofascore
8738864,331753.0,Renaud Emond,1647.0,substitution,82,,,,,,regular,sofascore
8738864,826208.0,Michaël Cuisance,1641.0,substitution,79,,,,,,regular,sofascore
8738864,799216.0,Pedro Chirivella,1647.0,card,74,,,,,,yellow,sofascore
8738864,14216.0,Dimitri Payet,1641.0,goal,69,,,,,,regular,sofascore
8738864,938270.0,Abdoul Kader Bamba,1647.0,substitution,67,,,,,,regular,sofascore
8738864,806076.0,Ludovic Blas,1647.0,goal,50,,,,,,regular,sofascore
8738864,140992.0,Valère Germain,1641.0,substitution,46,,,,,,regular,sofascore
8738864,581314.0,Valentin Rongier,1641.0,substitution,46,,,,,,regular,sofascore
8738864,,,,period,45,,,,,,,sofascore
8738864,191204.0,Jean-Charles Castelletto,1647.0,card,43,,,,,,yellow,sofascore
8738864,816115.0,Charles Traoré,1647.0,card,32,,,,,,yellow,sofascore
8738865,,,,period,90,,,,,,,sofascore
8738865,826643.0,Kylian Mbappé,1644.0,card,90,,,,,,yellow,sofascore
8738865,788170.0,Fodé Ballo-Touré,1653.0,substitution,90,,,,,,regular,sofascore
8738865,,,,injuryTime,90,,,,,,,sofascore
8738865,318963.0,Aleksandr Golovin,1653.0,substitution,80,,,,,,regular,sofascore
8738865,123388.0,Djibril Sidibé,1653.0,substitution,80,,,,,,regular,sofascore
8738865,99545.0,Danilo Pereira,1644.0,substitution,73,,,,,,regular,sofascore
8738865,142680.0,Julian Draxler,1644.0,substitution,73,,,,,,regular,sofascore
8738865,37126.0,Stevan Jovetić,1653.0,substitution,71,,,,,,regular,sofascore
8738865,255389.0,Leandro Paredes,1644.0,card,57,,,,,,yellow,sofascore
8738865,126691.0,Marco Verratti,1644.0,substitution,55,,,,,,regular,sofascore
8738865,96367.0,Rafinha Alcântara,1644.0,substitution,55,,,,,,regular,sofascore
8738865,339909.0,Guillermo Maripán,1653.0,goal,51,,,,,,regular,sofascore
8738865,352916.0,Presnel Kimpembe,1644.0,card,50,,,,,,yellow,sofascore
8738865,,,,period,45,,,,,,,sofascore
8738865,106337.0,Idrissa Gana Gueye,1644.0,card,45,,,,,,yellow,sofascore
8738865,859025.0,Aurélien Tchouaméni,1653.0,card,15,,,,,,yellow,sofascore
8738865,944164.0,Sofiane Diop,1653.0,goal,6,,,,,,regular,sofascore
8738866,,,,period,90,,,,,,,sofascore
8738866,897594.0,Domagoj Bradarić,1643.0,goal,90,,,,,,regular,sofascore
8738866,,,,injuryTime,90,,,,,,,sofascore
8738866,897594.0,Domagoj Bradarić,1643.0,substitution,86,,,,,,regular,sofascore
8738866,318967.0,Renato Sanches,1643.0,substitution,75,,,,,,regular,sofascore
8738866,282095.0,Adrian Grbić,1656.0,substitution,73,,,,,,regular,sofascore
8738866,827386.0,Quentin Boisgard,1656.0,substitution,73,,,,,,regular,sofascore
8738866,150865.0,Thomas Monconduit,1656.0,card,70,,,,,,yellow,sofascore
8738866,150865.0,Thomas Monconduit,1656.0,substitution,65,,,,,,regular,sofascore
8738866,932643.0,Armand Laurienté,1656.0,substitution,65,,,,,,regular,sofascore
8738866,827804.0,Yusuf Yazıcı,1643.0,substitution,65,,,,,,regular,sofascore
8738866,855810.0,Tim Weah,1643.0,substitution,64,,,,,,regular,sofascore
8738866,296434.0,Laurent Abergel,1656.0,substitution,64,,,,,,regular,sofascore
8738866,26890.0,Fabien Lemoine,1656.0,card,61,,,,,,yellow,sofascore
8738866,802142.0,Jonathan Ikoné,1643.0,goal,59,,,,,,regular,sofascore
8738866,,,,period,45,,,,,,,sofascore
8738866,,,,injuryTime,45,,,,,,,sofascore
8738866,27622.0,José Fonte,1643.0,goal,38,,,,,,regular,sofascore
8738866,156303.0,Jérôme Hergault,1656.0,goal,23,,,,,,regular,sofascore
8738866,827934.0,Andreaw Gravillon,1643.0,goal,20,,,,,,ownGoal,sofascore
8738867,,,,period,90,,,,,,,sofascore
8738867,871706.0,Randal Kolo Muani,1647.0,card,90,,,,,,yellow,sofascore
8738867,757730.0,Antonin Bobichon,1684.0,substitution,90,,,,,,regular,sofascore
8738867,1063235.0,Mohamed Ali Cho,1684.0,substitution,90,,,,,,regular,sofascore
8738867,,,,injuryTime,90,,,,,,,sofascore
8738867,106496.0,Nicolas Pallois,1647.0,substitution,87,,,,,,regular,sofascore
8738867,785418.0,Marcus Coco,1647.0,substitution,87,,,,,,regular,sofascore
8738867,938270.0,Abdoul Kader Bamba,1647.0,goal,86,,,,,,regular,sofascore
8738867,806076.0,Ludovic Blas,1647.0,card,83,,,,,,yellow,sofascore
8738867,831400.0,Mathias Pereira Lage,1684.0,substitution,79,,,,,,regular,sofascore
8738867,804621.0,Lassana Coulibaly,1684.0,card,77,,,,,,yellow,sofascore
8738867,787542.0,Sada Thioub,1684.0,substitution,68,,,,,,injury,sofascore
8738867,294641.0,Loïs Diony,1684.0,card,61,,,,,,yellow,sofascore
8738867,938270.0,Abdoul Kader Bamba,1647.0,substitution,60,,,,,,regular,sofascore
8738867,308130.0,Jimmy Cabot,1684.0,substitution,46,,,,,,regular,sofascore
8738867,,,,period,45,,,,,,,sofascore
8738867,859021.0,Batista Mendy,1647.0,substitution,45,,,,,,regular,sofascore
8738867,,,,injuryTime,45,,,,,,,sofascore
8738867,826201.0,Alban Lafont,1647.0,card,33,,,,,,yellow,sofascore
8738867,14142.0,Thomas Mangani,1684.0,goal,33,,,,,,penalty,sofascore
8738867,257205.0,Sofiane Boufal,1684.0,varDecision,31,,,,,,review,sofascore
8738867,965943.0,Imrân Louza,1647.0,goal,7,,,,,,penalty,sofascore
8738867,330051.0,Moses Simon,1647.0,goal,4,,,,,,regular,sofascore
8738868,,,,period,90,,,,,,,sofascore
8738868,119192.0,Wissam Ben Yedder,1653.0,goal,90,,,,,,regular,sofascore
8738868,826134.0,Trevoh Chalobah,1656.0,card,90,,,,,,yellow,sofascore
8738868,,,,injuryTime,90,,,,,,,sofascore
8738868,26869.0,Matthieu Dreyer,1656.0,card,88,,,,,,yellow,sofascore
8738868,857471.0,Pierre-Yves Hamel,1656.0,substitution,84,,,,,,regular,sofascore
8738868,839226.0,Pietro Pellegri,1653.0,substitution,80,,,,,,regular,sofascore
8738868,122807.0,Jonathan Delaplace,1656.0,substitution,79,,,,,,regular,sofascore
8738868,827386.0,Quentin Boisgard,1656.0,substitution,78,,,,,,regular,sofascore
8738868,26890.0,Fabien Lemoine,1656.0,substitution,71,,,,,,regular,sofascore
8738868,826134.0,Trevoh Chalobah,1656.0,substitution,71,,,,,,regular,sofascore
8738868,579576.0,Ruben Aguilar,1653.0,substitution,67,,,,,,regular,sofascore
8738868,788170.0,Fodé Ballo-Touré,1653.0,substitution,67,,,,,,regular,sofascore
8738868,894396.0,Terem Moffi,1656.0,goal,62,,,,,,regular,sofascore
8738868,518.0,Cesc Fàbregas,1653.0,substitution,58,,,,,,regular,sofascore
8738868,119192.0,Wissam Ben Yedder,1653.0,goal,48,,,,,,penalty,sofascore
8738868,37126.0,Stevan Jovetić,1653.0,substitution,46,,,,,,regular,sofascore
8738868,,,,period,45,,,,,,,sofascore
8738868,859025.0,Aurélien Tchouaméni,1653.0,card,45,,,,,,yellow,sofascore
8738868,,,,injuryTime,45,,,,,,,sofascore
8738868,944164.0,Sofiane Diop,1653.0,card,39,,,,,,yellow,sofascore
8738868,845119.0,Houboulang Mendes,1656.0,card,35,,,,,,yellow,sofascore
8738868,894396.0,Terem Moffi,1656.0,goal,7,,,,,,penalty,sofascore
8738868,123207.0,Benjamin Lecomte,1653.0,card,6,,,,,,yellow,sofascore
8738869,,,,period,90,,,,,,,sofascore
8738869,51363.0,Yannick Cahuzac,1648.0,substitution,90,,,,,,regular,sofascore
8738869,291695.0,Issiaga Sylla,1648.0,substitution,90,,,,,,regular,sofascore
8738869,,,,injuryTime,90,,,,,,,sofascore
8738869,143344.0,Massadio Haïdara,1648.0,card,88,,,,,,yellow,sofascore
8738869,906047.0,Cheick Doucouré,1648.0,card,86,,,,,,yellow,sofascore
8738869,897623.0,Alex Dobre,1686.0,substitution,85,,,,,,regular,sofascore
8738869,1006489.0,Loïc Badé,1648.0,card,79,,,,,,yellow,sofascore
8738869,603736.0,Aboubakar Kamara,1686.0,card,74,,,,,,red,sofascore
8738869,593546.0,Tony Mauricio,1648.0,substitution,74,,,,,,regular,sofascore
8738869,836678.0,Clément Michelin,1648.0,substitution,73,,,,,,regular,sofascore
8738869,208234.0,Fouad Chafik,1686.0,substitution,73,,,,,,regular,sofascore
8738869,827140.0,Anibal Chalá,1686.0,substitution,73,,,,,,regular,sofascore
8738869,825945.0,Simon Banza,1648.0,goal,64,,,,,,regular,sofascore
8738869,825945.0,Simon Banza,1648.0,substitution,62,,,,,,regular,sofascore
8738869,880525.0,Ngonda Muzinga,1686.0,goal,61,,,,,,regular,sofascore
8738869,281013.0,Bersant Celina,1686.0,substitution,46,,,,,,regular,sofascore
8738869,157143.0,Moussa Konaté,1686.0,substitution,46,,,,,,regular,sofascore
8738869,,,,period,45,,,,,,,sofascore
8738869,191188.0,Seko Fofana,1648.0,goal,30,,,,,,regular,sofascore
8738870,,,,period,90,,,,,,,sofascore
8738870,,,,injuryTime,90,,,,,,,sofascore
8738870,231946.0,Adrien Thomasson,1659.0,goal,84,,,,,,regular,sofascore
8738870,845273.0,Jean-Ricner Bellegarde,1659.0,substitution,80,,,,,,injury,sofascore
8738870,352966.0,Aaron Leya Iseka,1651.0,substitution,63,,,,,,regular,sofascore
8738870,862821.0,Youssef Maziz,1651.0,substitution,63,,,,,,regular,sofascore
8738870,,,,period,45,,,,,,,sofascore
8738870,,,,injuryTime,45,,,,,,,sofascore
8738870,848537.0,Boubakar Kouyaté,1651.0,card,44,,,,,,yellow,sofascore
8738870,829093.0,Ibrahima Sissoko,1659.0,card,42,,,,,,yellow,sofascore
8738870,940360.0,Warren Tchimbembé,1651.0,substitution,37,,,,,,injury,sofascore
8738870,231946.0,Adrien Thomasson,1659.0,goal,33,,,,,,regular,sofascore
8738870,153218.0,Thomas Delaine,1651.0,card,26,,,,,,yellow,sofascore
8738870,153218.0,Thomas Delaine,1651.0,goal,17,,,,,,regular,sofascore
8738871,,,,period,90,,,,,,,sofascore
8738871,,,,injuryTime,90,,,,,,,sofascore
8738871,44563.0,Pedro Mendes,1642.0,substitution,80,,,,,,regular,sofascore
8738871,66309.0,Petar Škuletić,1642.0,substitution,80,,,,,,regular,sofascore
8738871,38688.0,Damien Le Tallec,1642.0,substitution,75,,,,,,regular,sofascore
8738871,238708.0,Islam Slimani,1649.0,substitution,72,,,,,,regular,sofascore
8738871,979128.0,Rayan Cherki,1649.0,substitution,72,,,,,,regular,sofascore
8738871,886286.0,Nicolas Cozza,1642.0,substitution,68,,,,,,injury,sofascore
8738871,979315.0,Elye Wahi,1642.0,goal,65,,,,,,regular,sofascore
8738871,137667.0,Mattia De Sciglio,1649.0,substitution,62,,,,,,injury,sofascore
8738871,866469.0,Bruno Guimarães,1649.0,substitution,62,,,,,,regular,sofascore
8738871,363774.0,Mihailo Ristić,1642.0,card,49,,,,,,yellow,sofascore
8738871,979315.0,Elye Wahi,1642.0,substitution,46,,,,,,regular,sofascore
8738871,,,,period,45,,,,,,,sofascore
8738871,839981.0,Lucas Paquetá,1649.0,goal,45,,,,,,regular,sofascore
8738871,,,,injuryTime,45,,,,,,,sofascore
8738871,849651.0,Djamel Benlamri,1649.0,substitution,26,,,,,,injury,sofascore
8738871,156682.0,Teji Savanier,1642.0,goal,20,,,,,,regular,sofascore
8738872,,,,period,90,,,,,,,sofascore
8738872,839981.0,Lucas Paquetá,1649.0,card,90,,,,,,yellow,sofascore
8738872,225092.0,Christophe Herelle,1715.0,card,90,,,,,,yellow,sofascore
8738872,,,,injuryTime,90,,,,,,,sofascore
8738872,238708.0,Islam Slimani,1649.0,substitution,88,,,,,,regular,sofascore
8738872,1047296.0,Jérémy Le Douaron,1715.0,substitution,87,,,,,,regular,sofascore
8738872,954059.0,Bandiougou Fadiga,1715.0,substitution,87,,,,,,regular,sofascore
8738872,280439.0,Maxwel Cornet,1649.0,substitution,78,,,,,,regular,sofascore
8738872,605552.0,Irvin Cardona,1715.0,goal,74,,,,,,regular,sofascore
8738872,810535.0,Tino Kadewere,1649.0,substitution,72,,,,,,regular,sofascore
8738872,859027.0,Maxence Caqueret,1649.0,substitution,71,,,,,,regular,sofascore
8738872,44213.0,Gaëtan Charbonnier,1715.0,substitution,67,,,,,,regular,sofascore
8738872,51471.0,Julien Faussurier,1715.0,substitution,67,,,,,,regular,sofascore
8738872,137667.0,Mattia De Sciglio,1649.0,card,56,,,,,,yellow,sofascore
8738872,328035.0,Brendan Chardonnet,1715.0,goal,53,,,,,,regular,sofascore
8738872,,,,period,45,,,,,,,sofascore
8738872,138833.0,Memphis Depay,1649.0,goal,44,,,,,,penalty,sofascore
8738872,580642.0,Haris Belkebla,1715.0,card,40,,,,,,yellow,sofascore
8738872,846081.0,Houssem Aouar,1649.0,goal,29,,,,,,regular,sofascore
8738872,839981.0,Lucas Paquetá,1649.0,goal,9,,,,,,regular,sofascore
8738873,,,,period,90,,,,,,,sofascore
8738873,,,,injuryTime,90,,,,,,,sofascore
8738873,836678.0,Clément Michelin,1648.0,substitution,87,,,,,,regular,sofascore
8738873,593546.0,Tony Mauricio,1648.0,substitution,87,,,,,,regular,sofascore
8738873,855847.0,Kaj Sierhuis,1682.0,substitution,87,,,,,,regular,sofascore
8738873,291695.0,Issiaga Sylla,1648.0,substitution,82,,,,,,regular,sofascore
8738873,191178.0,Corentin Jean,1648.0,substitution,82,,,,,,regular,sofascore
8738873,789984.0,Dereck Kutesa,1682.0,substitution,78,,,,,,regular,sofascore
8738873,844744.0,Thibault De Smet,1682.0,substitution,77,,,,,,regular,sofascore
8738873,982615.0,El Bilal Touré,1682.0,substitution,69,,,,,,regular,sofascore
8738873,825945.0,Simon Banza,1648.0,varDecision,68,,,,,,goalAwarded,sofascore
8738873,788921.0,Florian Sotoca,1648.0,goal,61,,,,,,regular,sofascore
8738873,361696.0,Wout Faes,1682.0,card,49,,,,,,yellow,sofascore
8738873,,,,period,45,,,,,,,sofascore
8738873,46387.0,Gaël Kakuta,1648.0,inGamePenalty,45,,,,,,missed,sofascore
8738873,,,,injuryTime,45,,,,,,,sofascore
8738873,831781.0,Ghislain Konan,1682.0,card,43,,,,,,yellow,sofascore
8738873,227892.0,Arbër Zeneli,1682.0,goal,13,,,,,,regular,sofascore
8738874,,,,period,90,,,,,,,sofascore
8738874,,,,injuryTime,90,,,,,,,sofascore
8738874,833030.0,Samuel Kalu,1645.0,substitution,84,,,,,,regular,sofascore
8738874,1047931.0,Tom Lacoux,1645.0,substitution,84,,,,,,regular,sofascore
8738874,1102503.0,Ahmadou Bamba Dieng,1641.0,substitution,84,,,,,,regular,sofascore
8738874,859024.0,Yacine Adli,1645.0,card,65,,,,,,yellow,sofascore
8738874,74045.0,Nicolas de Préville,1645.0,substitution,64,,,,,,regular,sofascore
8738874,352676.0,Olivier Ntcham,1641.0,substitution,63,,,,,,regular,sofascore
8738874,941077.0,Lucas Perrin,1641.0,substitution,60,,,,,,regular,sofascore
8738874,122630.0,Darío Benedetto,1641.0,card,59,,,,,,red,sofascore
8738874,928236.0,Leonardo Balerdi,1641.0,card,55,,,,,,red,sofascore
8738874,,,,period,45,,,,,,,sofascore
8738874,581314.0,Valentin Rongier,1641.0,card,45,,,,,,yellow,sofascore
8738874,,,,injuryTime,45,,,,,,,sofascore
8738874,925837.0,Mehdi Zerkane,1645.0,substitution,38,,,,,,injury,sofascore
8738875,,,,period,90,,,,,,,sofascore
8738875,786029.0,Didier Ndong,1686.0,card,90,,,,,,yellow,sofascore
8738875,51299.0,Frédéric Sammaritano,1686.0,card,90,,,,,,red,sofascore
8738875,,,,injuryTime,90,,,,,,,sofascore
8738875,822878.0,Lamine Fomba,1663.0,substitution,88,,,,,,regular,sofascore
8738875,316196.0,Niclas Eliasson,1663.0,goal,87,,,,,,regular,sofascore
8738875,827140.0,Anibal Chalá,1686.0,substitution,85,,,,,,regular,sofascore
8738875,51299.0,Frédéric Sammaritano,1686.0,card,79,,,,,,yellow,sofascore
8738875,51299.0,Frédéric Sammaritano,1686.0,substitution,77,,,,,,regular,sofascore
8738875,157143.0,Moussa Konaté,1686.0,substitution,77,,,,,,regular,sofascore
8738875,247445.0,Renaud Ripart,1663.0,goal,76,,,,,,regular,sofascore
8738875,316196.0,Niclas Eliasson,1663.0,substitution,74,,,,,,regular,sofascore
8738875,904994.0,Eric Ebimbe,1686.0,substitution,62,,,,,,regular,sofascore
8738875,122815.0,Wesley Lautoa,1686.0,card,61,,,,,,yellow,sofascore
8738875,845274.0,Mounir Chouiar,1686.0,card,49,,,,,,yellow,sofascore
8738875,,,,period,45,,,,,,,sofascore
8738875,907003.0,Kelyan Guessoum,1663.0,substitution,45,,,,,,injury,sofascore
8738875,,,,injuryTime,45,,,,,,,sofascore
8738875,842400.0,Zinedine Ferhat,1663.0,card,42,,,,,,yellow,sofascore
8738876,,,,period,90,,,,,,,sofascore
8738876,1047296.0,Jérémy Le Douaron,1715.0,substitution,90,,,,,,regular,sofascore
8738876,980403.0,Isaac Lihadji,1643.0,substitution,90,,,,,,regular,sofascore
8738876,,,,injuryTime,90,,,,,,,sofascore
8738876,595576.0,Jonathan Bamba,1643.0,card,75,,,,,,yellow,sofascore
8738876,318967.0,Renato Sanches,1643.0,substitution,71,,,,,,regular,sofascore
8738876,855810.0,Tim Weah,1643.0,substitution,61,,,,,,regular,sofascore
8738876,827804.0,Yusuf Yazıcı,1643.0,substitution,61,,,,,,regular,sofascore
8738876,,,,period,45,,,,,,,sofascore
8738876,893008.0,Zeki Çelik,1643.0,card,44,,,,,,yellow,sofascore
8738876,580642.0,Haris Belkebla,1715.0,card,7,,,,,,yellow,sofascore
8738877,,,,period,90,,,,,,,sofascore
8738877,879694.0,Pape Gueye,1641.0,card,90,,,,,,yellow,sofascore
8738877,,,,injuryTime,90,,,,,,,sofascore
8738877,996951.0,Sinaly Diomandé,1649.0,substitution,87,,,,,,regular,sofascore
8738877,238708.0,Islam Slimani,1649.0,substitution,87,,,,,,regular,sofascore
8738877,150212.0,Álvaro González,1641.0,card,81,,,,,,yellow,sofascore
8738877,138833.0,Memphis Depay,1649.0,card,81,,,,,,yellow,sofascore
8738877,14216.0,Dimitri Payet,1641.0,card,78,,,,,,yellow,sofascore
8738877,329303.0,Thiago Mendes,1649.0,card,78,,,,,,yellow,sofascore
8738877,137667.0,Mattia De Sciglio,1649.0,substitution,73,,,,,,regular,sofascore
8738877,866469.0,Bruno Guimarães,1649.0,substitution,73,,,,,,regular,sofascore
8738877,826208.0,Michaël Cuisance,1641.0,substitution,72,,,,,,regular,sofascore
8738877,839981.0,Lucas Paquetá,1649.0,card,70,,,,,,yellowRed,sofascore
8738877,979128.0,Rayan Cherki,1649.0,substitution,66,,,,,,regular,sofascore
8738877,826204.0,Boubacar Kamara,1641.0,card,64,,,,,,yellow,sofascore
8738877,,,,period,45,,,,,,,sofascore
8738877,,,,injuryTime,45,,,,,,,sofascore
8738877,161325.0,Arkadiusz Milik,1641.0,goal,44,,,,,,penalty,sofascore
8738877,839981.0,Lucas Paquetá,1649.0,card,42,,,,,,yellow,sofascore
8738877,842931.0,Karl Toko Ekambi,1649.0,goal,21,,,,,,regular,sofascore
8738878,,,,period,90,,,,,,,sofascore
8738878,,,,injuryTime,90,,,,,,,sofascore
8738878,82474.0,Ander Herrera,1644.0,card,89,,,,,,yellow,sofascore
8738878,826643.0,Kylian Mbappé,1644.0,card,87,,,,,,yellow,sofascore
8738878,99545.0,Danilo Pereira,1644.0,substitution,83,,,,,,regular,sofascore
8738878,82474.0,Ander Herrera,1644.0,substitution,83,,,,,,regular,sofascore
8738878,138573.0,Pablo Sarabia,1644.0,substitution,77,,,,,,regular,sofascore
8738878,856638.0,Mitchel Bakker,1644.0,substitution,77,,,,,,regular,sofascore
8738878,835601.0,Moise Kean,1644.0,goal,76,,,,,,regular,sofascore
8738878,190147.0,Rony Lopes,1661.0,goal,50,,,,,,regular,sofascore
8738878,,,,period,45,,,,,,,sofascore
8738878,,,,injuryTime,45,,,,,,,sofascore
8738878,142680.0,Julian Draxler,1644.0,goal,22,,,,,,regular,sofascore
8738879,,,,period,90,,,,,,,sofascore
8738879,,,,injuryTime,90,,,,,,,sofascore
8738879,923186.0,Robson Bambu,1661.0,substitution,88,,,,,,injury,sofascore
8738879,825681.0,Romain Del Castillo,1658.0,substitution,79,,,,,,regular,sofascore
8738879,904832.0,Khéphren Thuram,1661.0,substitution,79,,,,,,regular,sofascore
8738879,283083.0,Adrien Hunou,1658.0,substitution,79,,,,,,regular,sofascore
8738879,801306.0,Pierre Lees Melou,1661.0,substitution,67,,,,,,regular,sofascore
8738879,324399.0,Benjamin Bourigeaud,1658.0,substitution,65,,,,,,regular,sofascore
8738879,385386.0,Dalbert,1658.0,substitution,65,,,,,,regular,sofascore
8738879,901885.0,Flavius Daniliuc,1661.0,goal,58,,,,,,regular,sofascore
8738879,945217.0,Jean-Clair Todibo,1661.0,card,56,,,,,,yellow,sofascore
8738879,,,,period,45,,,,,,,sofascore
8738879,846445.0,Martin Terrier,1658.0,goal,39,,,,,,regular,sofascore
8738879,904991.0,Stanley Nsoki,1661.0,card,37,,,,,,yellow,sofascore
8738879,859026.0,Amine Gouiri,1661.0,goal,19,,,,,,penalty,sofascore
8738879,,,1658.0,card,-5,,,,,,yellow,sofascore
8738880,,,,period,90,,,,,,,sofascore
8738880,66309.0,Petar Škuletić,1642.0,goal,90,,,,,,regular,sofascore
8738880,,,,injuryTime,90,,,,,,,sofascore
8738880,157143.0,Moussa Konaté,1686.0,goal,88,,,,,,penalty,sofascore
8738880,38688.0,Damien Le Tallec,1642.0,card,86,,,,,,yellow,sofascore
8738880,157143.0,Moussa Konaté,1686.0,substitution,84,,,,,,regular,sofascore
8738880,976396.0,Joris Chotard,1642.0,substitution,81,,,,,,regular,sofascore
8738880,66309.0,Petar Škuletić,1642.0,substitution,81,,,,,,regular,sofascore
8738880,826551.0,Pape Cheikh,1686.0,substitution,73,,,,,,regular,sofascore
8738880,937741.0,Senou Coulibaly,1686.0,card,69,,,,,,yellowRed,sofascore
8738880,38688.0,Damien Le Tallec,1642.0,substitution,67,,,,,,regular,sofascore
8738880,979315.0,Elye Wahi,1642.0,substitution,66,,,,,,regular,sofascore
8738880,897623.0,Alex Dobre,1686.0,substitution,64,,,,,,regular,sofascore
8738880,208234.0,Fouad Chafik,1686.0,substitution,63,,,,,,regular,sofascore
8738880,51299.0,Frédéric Sammaritano,1686.0,substitution,63,,,,,,regular,sofascore
8738880,156682.0,Teji Savanier,1642.0,goal,61,,,,,,regular,sofascore
8738880,603738.0,Junior Sambia,1642.0,substitution,57,,,,,,regular,sofascore
8738880,149730.0,Gaëtan Laborde,1642.0,goal,56,,,,,,regular,sofascore
8738880,149730.0,Gaëtan Laborde,1642.0,goal,48,,,,,,regular,sofascore
8738880,,,,period,45,,,,,,,sofascore
8738880,937741.0,Senou Coulibaly,1686.0,card,44,,,,,,yellow,sofascore
8738880,234230.0,Florent Mollet,1642.0,card,39,,,,,,yellow,sofascore
8738880,84744.0,Andy Delort,1642.0,card,31,,,,,,yellow,sofascore
8738880,557166.0,Mama Baldé,1686.0,card,27,,,,,,yellow,sofascore
8738880,937741.0,Senou Coulibaly,1686.0,goal,5,,,,,,regular,sofascore
8738881,,,,period,90,,,,,,,sofascore
8738881,,,,injuryTime,90,,,,,,,sofascore
8738881,990227.0,Aimen Moueffek,1678.0,substitution,77,,,,,,regular,sofascore
8738881,247665.0,Miguel Trauco,1678.0,substitution,77,,,,,,regular,sofascore
8738881,41605.0,Timothée Kolodziejczak,1678.0,card,73,,,,,,yellow,sofascore
8738881,802034.0,Fabien Centonze,1651.0,card,73,,,,,,yellow,sofascore
8738881,862194.0,Zaydou Youssouf,1678.0,substitution,64,,,,,,regular,sofascore
8738881,991359.0,Papa Ndiaga Yade,1651.0,substitution,58,,,,,,regular,sofascore
8738881,1046147.0,Lamine Gueye,1651.0,substitution,58,,,,,,regular,sofascore
8738881,848458.0,Arnaud Nordin,1678.0,substitution,52,,,,,,injury,sofascore
8738881,,,,period,45,,,,,,,sofascore
8738881,,,,injuryTime,45,,,,,,,sofascore
8738881,74139.0,Romain Hamouma,1678.0,card,37,,,,,,yellow,sofascore
8738881,359246.0,Habib Maïga,1651.0,card,25,,,,,,yellow,sofascore
8738881,73188.0,John Boye,1678.0,goal,14,,,,,,ownGoal,sofascore
8738882,,,,period,90,,,,,,,sofascore
8738882,,,,injuryTime,90,,,,,,,sofascore
8738882,923186.0,Robson Bambu,1661.0,substitution,87,,,,,,regular,sofascore
8738882,859026.0,Amine Gouiri,1661.0,goal,83,,,,,,regular,sofascore
8738882,904832.0,Khéphren Thuram,1661.0,substitution,77,,,,,,regular,sofascore
8738882,831400.0,Mathias Pereira Lage,1684.0,substitution,75,,,,,,regular,sofascore
8738882,1063235.0,Mohamed Ali Cho,1684.0,substitution,75,,,,,,regular,sofascore
8738882,944327.0,Dan Ndoye,1661.0,substitution,65,,,,,,regular,sofascore
8738882,27009.0,Morgan Schneiderlin,1661.0,substitution,65,,,,,,regular,sofascore
8738882,787542.0,Sada Thioub,1684.0,substitution,62,,,,,,regular,sofascore
8738882,804621.0,Lassana Coulibaly,1684.0,substitution,62,,,,,,regular,sofascore
8738882,209768.0,Pierrick Capelle,1684.0,substitution,62,,,,,,regular,sofascore
8738882,,,,period,45,,,,,,,sofascore
8738882,859026.0,Amine Gouiri,1661.0,card,36,,,,,,yellow,sofascore
8738882,257421.0,Ibrahim Amadou,1684.0,card,33,,,,,,yellow,sofascore
8738882,851262.0,Myziane Maolida,1661.0,goal,17,,,,,,regular,sofascore
8738882,945217.0,Jean-Clair Todibo,1661.0,card,15,,,,,,yellow,sofascore
8738882,366760.0,Souleyman Doumbia,1661.0,goal,9,,,,,,ownGoal,sofascore
8738883,,,,period,90,,,,,,,sofascore
8738883,117373.0,Kevin Volland,1653.0,goal,90,,,,,,regular,sofascore
8738883,,,,injuryTime,90,,,,,,,sofascore
8738883,873534.0,Krépin Diatta,1653.0,card,85,,,,,,yellow,sofascore
8738883,307096.0,Romain Philippoteaux,1715.0,substitution,81,,,,,,regular,sofascore
8738883,51471.0,Julien Faussurier,1715.0,substitution,81,,,,,,regular,sofascore
8738883,123388.0,Djibril Sidibé,1653.0,substitution,81,,,,,,regular,sofascore
8738883,37126.0,Stevan Jovetić,1653.0,goal,76,,,,,,regular,sofascore
8738883,44213.0,Gaëtan Charbonnier,1715.0,substitution,73,,,,,,regular,sofascore
8738883,605552.0,Irvin Cardona,1715.0,substitution,73,,,,,,regular,sofascore
8738883,518.0,Cesc Fàbregas,1653.0,substitution,69,,,,,,regular,sofascore
8738883,37126.0,Stevan Jovetić,1653.0,substitution,59,,,,,,regular,sofascore
8738883,873534.0,Krépin Diatta,1653.0,substitution,59,,,,,,regular,sofascore
8738883,318963.0,Aleksandr Golovin,1653.0,substitution,59,,,,,,regular,sofascore
8738883,,,,period,45,,,,,,,sofascore
8738883,,,,injuryTime,45,,,,,,,sofascore
8738883,119192.0,Wissam Ben Yedder,1653.0,inGamePenalty,30,,,,,,missed,sofascore
8738883,339909.0,Guillermo Maripán,1653.0,card,28,,,,,,yellow,sofascore
8738884,,,,period,90,,,,,,,sofascore
8738884,157029.0,Xavier Chavalerin,1682.0,card,90,,,,,,yellow,sofascore
8738884,,,,injuryTime,90,,,,,,,sofascore
8738884,844744.0,Thibault De Smet,1682.0,card,87,,,,,,yellow,sofascore
8738884,122807.0,Jonathan Delaplace,1656.0,substitution,82,,,,,,regular,sofascore
8738884,855847.0,Kaj Sierhuis,1682.0,substitution,81,,,,,,regular,sofascore
8738884,579596.0,Moussa Doumbia,1682.0,substitution,75,,,,,,regular,sofascore
8738884,844744.0,Thibault De Smet,1682.0,substitution,75,,,,,,regular,sofascore
8738884,963399.0,Nathanaël Mbuku,1682.0,card,74,,,,,,yellow,sofascore
8738884,282095.0,Adrian Grbić,1656.0,substitution,68,,,,,,regular,sofascore
8738884,963399.0,Nathanaël Mbuku,1682.0,substitution,63,,,,,,regular,sofascore
8738884,982615.0,El Bilal Touré,1682.0,substitution,63,,,,,,regular,sofascore
8738884,805123.0,Yoane Wissa,1656.0,substitution,61,,,,,,regular,sofascore
8738884,984014.0,Enzo Le Fée,1656.0,substitution,61,,,,,,regular,sofascore
8738884,296434.0,Laurent Abergel,1656.0,goal,53,,,,,,regular,sofascore
8738884,,,,period,45,,,,,,,sofascore
8738884,,,,injuryTime,45,,,,,,,sofascore
8738884,789984.0,Dereck Kutesa,1682.0,card,27,,,,,,yellow,sofascore
8738885,,,,period,90,,,,,,,sofascore
8738885,842400.0,Zinedine Ferhat,1663.0,card,90,,,,,,yellow,sofascore
8738885,,,,injuryTime,90,,,,,,,sofascore
8738885,579576.0,Ruben Aguilar,1653.0,substitution,87,,,,,,regular,sofascore
8738885,230766.0,Haris Duljević,1663.0,substitution,86,,,,,,regular,sofascore
8738885,316196.0,Niclas Eliasson,1663.0,goal,81,,,,,,regular,sofascore
8738885,117373.0,Kevin Volland,1653.0,goal,77,,,,,,regular,sofascore
8738885,822878.0,Lamine Fomba,1663.0,substitution,72,,,,,,regular,sofascore
8738885,316196.0,Niclas Eliasson,1663.0,substitution,72,,,,,,regular,sofascore
8738885,51421.0,Nolan Roux,1663.0,substitution,66,,,,,,regular,sofascore
8738885,845170.0,Caio Henrique,1653.0,substitution,64,,,,,,regular,sofascore
8738885,318963.0,Aleksandr Golovin,1653.0,goal,62,,,,,,regular,sofascore
8738885,904827.0,Benoît Badiashile,1653.0,card,58,,,,,,yellow,sofascore
8738885,37126.0,Stevan Jovetić,1653.0,substitution,56,,,,,,regular,sofascore
8738885,518.0,Cesc Fàbregas,1653.0,substitution,56,,,,,,regular,sofascore
8738885,873534.0,Krépin Diatta,1653.0,substitution,46,,,,,,regular,sofascore
8738885,,,,period,45,,,,,,,sofascore
8738885,,,,injuryTime,45,,,,,,,sofascore
8738885,606530.0,Birger Meling,1663.0,card,37,,,,,,yellow,sofascore
8738885,842400.0,Zinedine Ferhat,1663.0,goal,32,,,,,,regular,sofascore
8738885,51349.0,Lucas Deaux,1663.0,goal,23,,,,,,regular,sofascore
8738885,318963.0,Aleksandr Golovin,1653.0,goal,12,,,,,,regular,sofascore
8738885,788170.0,Fodé Ballo-Touré,1653.0,card,4,,,,,,yellow,sofascore
8738885,318963.0,Aleksandr Golovin,1653.0,goal,3,,,,,,regular,sofascore
8738886,,,,period,90,,,,,,,sofascore
8738886,137667.0,Mattia De Sciglio,1649.0,substitution,89,,,,,,regular,sofascore
8738886,1385467.0,Florent Sanchez Da Silva,1649.0,substitution,88,,,,,,regular,sofascore
8738886,845273.0,Jean-Ricner Bellegarde,1659.0,substitution,77,,,,,,regular,sofascore
8738886,914660.0,Mehdi Chahiri,1659.0,substitution,77,,,,,,regular,sofascore
8738886,979128.0,Rayan Cherki,1649.0,substitution,72,,,,,,regular,sofascore
8738886,849651.0,Djamel Benlamri,1649.0,substitution,71,,,,,,regular,sofascore
8738886,238708.0,Islam Slimani,1649.0,substitution,71,,,,,,regular,sofascore
8738886,138833.0,Memphis Depay,1649.0,goal,68,,,,,,regular,sofascore
8738886,829093.0,Ibrahima Sissoko,1659.0,substitution,67,,,,,,regular,sofascore
8738886,365358.0,Dimitri Liénard,1659.0,substitution,67,,,,,,regular,sofascore
8738886,996951.0,Sinaly Diomandé,1649.0,card,61,,,,,,yellow,sofascore
8738886,,,,period,45,,,,,,,sofascore
8738886,,,,injuryTime,45,,,,,,,sofascore
8738886,36704.0,Marcelo,1649.0,card,41,,,,,,yellow,sofascore
8738886,842931.0,Karl Toko Ekambi,1649.0,goal,30,,,,,,regular,sofascore
8738886,138833.0,Memphis Depay,1649.0,goal,20,,,,,,regular,sofascore
8738886,231946.0,Adrien Thomasson,1659.0,card,14,,,,,,yellowRed,sofascore
8738886,231946.0,Adrien Thomasson,1659.0,card,14,,,,,,yellow,sofascore
8738886,,,1659.0,card,-5,,,,,,yellow,sofascore
8738887,,,,period,90,,,,,,,sofascore
8738887,14216.0,Dimitri Payet,1641.0,card,90,,,,,,red,sofascore
8738887,,,,injuryTime,90,,,,,,,sofascore
8738887,826208.0,Michaël Cuisance,1641.0,substitution,88,,,,,,regular,sofascore
8738887,835601.0,Moise Kean,1644.0,substitution,88,,,,,,regular,sofascore
8738887,281277.0,Thilo Kehrer,1644.0,substitution,88,,,,,,regular,sofascore
8738887,977679.0,Luís Henrique,1641.0,substitution,78,,,,,,regular,sofascore
8738887,941077.0,Lucas Perrin,1641.0,substitution,78,,,,,,injury,sofascore
8738887,99545.0,Danilo Pereira,1644.0,substitution,66,,,,,,regular,sofascore
8738887,124712.0,Neymar,1644.0,substitution,65,,,,,,regular,sofascore
8738887,844480.0,Pol Lirola,1641.0,substitution,56,,,,,,regular,sofascore
8738887,122630.0,Darío Benedetto,1641.0,substitution,56,,,,,,regular,sofascore
8738887,233114.0,Mauro Icardi,1644.0,card,53,,,,,,yellow,sofascore
8738887,879694.0,Pape Gueye,1641.0,card,49,,,,,,yellow,sofascore
8738887,,,,period,45,,,,,,,sofascore
8738887,255389.0,Leandro Paredes,1644.0,card,45,,,,,,yellow,sofascore
8738887,,,,injuryTime,45,,,,,,,sofascore
8738887,233114.0,Mauro Icardi,1644.0,goal,24,,,,,,regular,sofascore
8738887,138573.0,Pablo Sarabia,1644.0,substitution,11,,,,,,injury,sofascore
8738887,826643.0,Kylian Mbappé,1644.0,goal,9,,,,,,regular,sofascore
8738888,,,,period,90,,,,,,,sofascore
8738888,280453.0,Franck Honorat,1715.0,card,90,,,,,,yellow,sofascore
8738888,,,,injuryTime,90,,,,,,,sofascore
8738888,963298.0,Dilane Bakwa,1645.0,substitution,88,,,,,,regular,sofascore
8738888,963300.0,Amadou Traoré,1645.0,substitution,87,,,,,,regular,sofascore
8738888,913942.0,Romain Faivre,1715.0,goal,85,,,,,,regular,sofascore
8738888,1047296.0,Jérémy Le Douaron,1715.0,substitution,81,,,,,,regular,sofascore
8738888,345035.0,Steve Mounié,1715.0,goal,80,,,,,,regular,sofascore
8738888,345035.0,Steve Mounié,1715.0,substitution,75,,,,,,regular,sofascore
8738888,1047931.0,Tom Lacoux,1645.0,substitution,75,,,,,,regular,sofascore
8738888,280453.0,Franck Honorat,1715.0,substitution,72,,,,,,regular,sofascore
8738888,3209.0,Jimmy Briand,1645.0,substitution,58,,,,,,regular,sofascore
8738888,305282.0,Jean Michaël Seri,1645.0,substitution,57,,,,,,regular,sofascore
8738888,791314.0,Hwang Ui-Jo,1645.0,goal,56,,,,,,regular,sofascore
8738888,798002.0,Toma Bašić,1645.0,card,51,,,,,,yellow,sofascore
8738888,51340.0,Laurent Koscielny,1645.0,card,48,,,,,,yellow,sofascore
8738888,,,,period,45,,,,,,,sofascore
8738888,,,,injuryTime,45,,,,,,,sofascore
8738888,3305.0,Hatem Ben Arfa,1645.0,card,6,,,,,,yellow,sofascore
8738889,,,,period,90,,,,,,,sofascore
8738889,801287.0,Faitout Maouassa,1658.0,card,90,,,,,,yellow,sofascore
8738889,123264.0,Jonas Martin,1658.0,card,90,,,,,,yellow,sofascore
8738889,51363.0,Yannick Cahuzac,1648.0,card,90,,,,,,yellow,sofascore
8738889,973887.0,Eduardo Camavinga,1658.0,card,90,,,,,,yellow,sofascore
8738889,,,,injuryTime,90,,,,,,,sofascore
8738889,801287.0,Faitout Maouassa,1658.0,substitution,76,,,,,,regular,sofascore
8738889,934386.0,Jérémy Doku,1658.0,substitution,76,,,,,,regular,sofascore
8738889,821728.0,Jonathan Clauss,1648.0,substitution,70,,,,,,regular,sofascore
8738889,825945.0,Simon Banza,1648.0,substitution,70,,,,,,regular,sofascore
8738889,906047.0,Cheick Doucouré,1648.0,card,46,,,,,,yellow,sofascore
8738889,,,,period,45,,,,,,,sofascore
8738889,,,,injuryTime,45,,,,,,,sofascore
8738889,362014.0,Hamari Traoré,1658.0,card,21,,,,,,yellow,sofascore
8738890,,,,period,90,,,,,,,sofascore
8738890,777067.0,Florian Miguel,1663.0,card,90,,,,,,yellowRed,sofascore
8738890,149732.0,Abdoulaye Touré,1647.0,substitution,90,,,,,,regular,sofascore
8738890,1102501.0,Abdoulaye Sylla,1647.0,substitution,90,,,,,,regular,sofascore
8738890,,,,injuryTime,90,,,,,,,sofascore
8738890,846439.0,Patrick Burner,1663.0,substitution,88,,,,,,regular,sofascore
8738890,331753.0,Renaud Emond,1647.0,substitution,85,,,,,,regular,sofascore
8738890,796085.0,Moussa Koné,1663.0,goal,76,,,,,,regular,sofascore
8738890,965943.0,Imrân Louza,1647.0,substitution,72,,,,,,regular,sofascore
8738890,938270.0,Abdoul Kader Bamba,1647.0,substitution,72,,,,,,regular,sofascore
8738890,796085.0,Moussa Koné,1663.0,substitution,70,,,,,,regular,sofascore
8738890,230766.0,Haris Duljević,1663.0,substitution,64,,,,,,regular,sofascore
8738890,123164.0,Dennis Appiah,1647.0,card,58,,,,,,yellow,sofascore
8738890,,,,period,45,,,,,,,sofascore
8738890,,,,injuryTime,45,,,,,,,sofascore
8738890,806076.0,Ludovic Blas,1647.0,goal,27,,,,,,regular,sofascore
8738890,777067.0,Florian Miguel,1663.0,card,5,,,,,,yellow,sofascore
8738891,,,,period,90,,,,,,,sofascore
8738891,156004.0,Jean-Eudes Aholou,1659.0,card,90,,,,,,yellow,sofascore
8738891,,,,injuryTime,90,,,,,,,sofascore
8738891,122922.0,Lionel Carole,1659.0,substitution,89,,,,,,regular,sofascore
8738891,27622.0,José Fonte,1643.0,goal,86,,,,,,regular,sofascore
8738891,980403.0,Isaac Lihadji,1643.0,substitution,86,,,,,,regular,sofascore
8738891,914660.0,Mehdi Chahiri,1659.0,substitution,80,,,,,,regular,sofascore
8738891,892735.0,Tiago Djaló,1643.0,substitution,73,,,,,,regular,sofascore
8738891,802159.0,Habibou Diallo,1659.0,substitution,71,,,,,,regular,sofascore
8738891,855810.0,Tim Weah,1643.0,substitution,61,,,,,,regular,sofascore
8738891,827804.0,Yusuf Yazıcı,1643.0,substitution,60,,,,,,regular,sofascore
8738891,858705.0,Xeka,1643.0,substitution,60,,,,,,regular,sofascore
8738891,,,,period,45,,,,,,,sofascore
8738891,372430.0,Frédéric Guilbert,1659.0,card,44,,,,,,yellow,sofascore
8738891,343971.0,Ludovic Ajorque,1659.0,goal,36,,,,,,regular,sofascore
8738892,,,,period,90,,,,,,,sofascore
8738892,,,,injuryTime,90,,,,,,,sofascore
8738892,1014408.0,Maxence Rivera,1678.0,substitution,88,,,,,,regular,sofascore
8738892,932643.0,Armand Laurienté,1656.0,goal,86,,,,,,regular,sofascore
8738892,1012657.0,Lucas Gourna-Douath,1678.0,card,84,,,,,,yellow,sofascore
8738892,282095.0,Adrian Grbić,1656.0,substitution,83,,,,,,regular,sofascore
8738892,962877.0,Adil Aouchiche,1678.0,substitution,83,,,,,,regular,sofascore
8738892,1012657.0,Lucas Gourna-Douath,1678.0,substitution,83,,,,,,regular,sofascore
8738892,990227.0,Aimen Moueffek,1678.0,card,73,,,,,,yellow,sofascore
8738892,932643.0,Armand Laurienté,1656.0,goal,65,,,,,,regular,sofascore
8738892,805123.0,Yoane Wissa,1656.0,substitution,61,,,,,,regular,sofascore
8738892,932643.0,Armand Laurienté,1656.0,substitution,61,,,,,,regular,sofascore
8738892,26890.0,Fabien Lemoine,1656.0,substitution,61,,,,,,regular,sofascore
8738892,941161.0,Charles Abi,1678.0,substitution,60,,,,,,regular,sofascore
8738892,990227.0,Aimen Moueffek,1678.0,substitution,59,,,,,,regular,sofascore
8738892,3579.0,Mathieu Debuchy,1678.0,card,56,,,,,,yellow,sofascore
8738892,826134.0,Trevoh Chalobah,1656.0,card,48,,,,,,yellow,sofascore
8738892,,,,period,45,,,,,,,sofascore
8738892,795128.0,Harold Moukoudi,1678.0,goal,14,,,,,,regular,sofascore
8738893,,,,period,90,,,,,,,sofascore
8738893,,,,injuryTime,90,,,,,,,sofascore
8738893,149732.0,Abdoulaye Touré,1647.0,substitution,88,,,,,,injury,sofascore
8738893,980403.0,Isaac Lihadji,1643.0,substitution,88,,,,,,regular,sofascore
8738893,858705.0,Xeka,1643.0,substitution,88,,,,,,regular,sofascore
8738893,331753.0,Renaud Emond,1647.0,substitution,85,,,,,,regular,sofascore
8738893,935564.0,Jonathan David,1643.0,goal,83,,,,,,regular,sofascore
8738893,855810.0,Tim Weah,1643.0,substitution,79,,,,,,regular,sofascore
8738893,318967.0,Renato Sanches,1643.0,substitution,70,,,,,,regular,sofascore
8738893,897594.0,Domagoj Bradarić,1643.0,substitution,46,,,,,,regular,sofascore
8738893,,,,period,45,,,,,,,sofascore
8738893,,,,injuryTime,45,,,,,,,sofascore
8738893,965943.0,Imrân Louza,1647.0,card,32,,,,,,yellow,sofascore
8738893,47549.0,Sébastien Corchia,1647.0,card,31,,,,,,yellow,sofascore
8738893,785418.0,Marcus Coco,1647.0,card,29,,,,,,yellow,sofascore
8738893,785418.0,Marcus Coco,1647.0,substitution,26,,,,,,injury,sofascore
8738893,935564.0,Jonathan David,1643.0,goal,9,,,,,,regular,sofascore
8738894,,,,period,90,,,,,,,sofascore
8738894,954061.0,Arnaud Kalimuendo,1648.0,goal,90,,,,,,regular,sofascore
8738894,,,,injuryTime,90,,,,,,,sofascore
8738894,593546.0,Tony Mauricio,1648.0,substitution,85,,,,,,regular,sofascore
8738894,836678.0,Clément Michelin,1648.0,substitution,84,,,,,,regular,sofascore
8738894,930584.0,Farid El Melali,1684.0,substitution,84,,,,,,regular,sofascore
8738894,1047364.0,Ismaël Boura,1648.0,substitution,84,,,,,,regular,sofascore
8738894,954061.0,Arnaud Kalimuendo,1648.0,substitution,76,,,,,,regular,sofascore
8738894,191178.0,Corentin Jean,1648.0,substitution,76,,,,,,regular,sofascore
8738894,257421.0,Ibrahim Amadou,1684.0,substitution,76,,,,,,regular,sofascore
8738894,153220.0,Stéphane Bahoken,1684.0,substitution,75,,,,,,regular,sofascore
8738894,831400.0,Mathias Pereira Lage,1684.0,substitution,62,,,,,,regular,sofascore
8738894,,,,period,45,,,,,,,sofascore
8738894,821728.0,Jonathan Clauss,1648.0,goal,22,,,,,,regular,sofascore
8738894,14142.0,Thomas Mangani,1684.0,goal,10,,,,,,penalty,sofascore
8738894,294641.0,Loïs Diony,1684.0,goal,5,,,,,,regular,sofascore
8738895,,,,period,90,,,,,,,sofascore
8738895,913191.0,Vagner Dias,1651.0,goal,90,,,,,,regular,sofascore
8738895,,,,injuryTime,90,,,,,,,sofascore
8738895,1047484.0,Sékou Mara,1645.0,substitution,84,,,,,,regular,sofascore
8738895,356024.0,Thierry Ambrose,1651.0,substitution,83,,,,,,regular,sofascore
8738895,1104948.0,Issouf Sissokho,1645.0,substitution,76,,,,,,regular,sofascore
8738895,3305.0,Hatem Ben Arfa,1645.0,substitution,76,,,,,,regular,sofascore
8738895,153218.0,Thomas Delaine,1651.0,goal,72,,,,,,regular,sofascore
8738895,122921.0,Vincent Pajot,1651.0,substitution,66,,,,,,regular,sofascore
8738895,913191.0,Vagner Dias,1651.0,substitution,66,,,,,,regular,sofascore
8738895,229722.0,Farid Boulaya,1651.0,card,57,,,,,,yellow,sofascore
8738895,51340.0,Laurent Koscielny,1645.0,card,54,,,,,,yellow,sofascore
8738895,802034.0,Fabien Centonze,1651.0,card,51,,,,,,yellow,sofascore
8738895,,,,period,45,,,,,,,sofascore
8738895,833030.0,Samuel Kalu,1645.0,goal,14,,,,,,regular,sofascore
8738896,,,,period,90,,,,,,,sofascore
8738896,,,,injuryTime,90,,,,,,,sofascore
8738896,982615.0,El Bilal Touré,1682.0,substitution,83,,,,,,regular,sofascore
8738896,960080.0,Boulaye Dia,1682.0,card,81,,,,,,yellow,sofascore
8738896,98197.0,Valon Berisha,1682.0,substitution,74,,,,,,regular,sofascore
8738896,93570.0,Arnaud Souquet,1642.0,substitution,73,,,,,,regular,sofascore
8738896,976396.0,Joris Chotard,1642.0,substitution,73,,,,,,regular,sofascore
8738896,3420.0,Vitorino Hilton,1642.0,card,64,,,,,,yellow,sofascore
8738896,227892.0,Arbër Zeneli,1682.0,substitution,58,,,,,,regular,sofascore
8738896,979315.0,Elye Wahi,1642.0,substitution,55,,,,,,regular,sofascore
8738896,,,,period,45,,,,,,,sofascore
8850701,,,,period,90,,,,,,,sofascore
8850701,142680.0,Julian Draxler,1644.0,goal,90,,,,,,regular,sofascore
8850701,,,,injuryTime,90,,,,,,,sofascore
8850701,156009.0,Victorien Angban,1651.0,substitution,86,,,,,,regular,sofascore
8850701,954059.0,Bandiougou Fadiga,1644.0,substitution,84,,,,,,regular,sofascore
8850701,356024.0,Thierry Ambrose,1651.0,substitution,82,,,,,,regular,sofascore
8850701,862821.0,Youssef Maziz,1651.0,substitution,81,,,,,,regular,sofascore
8850701,250453.0,Opa Nguette,1651.0,substitution,73,,,,,,regular,sofascore
8850701,352916.0,Presnel Kimpembe,1644.0,substitution,69,,,,,,regular,sofascore
8850701,280435.0,Abdou Diallo,1644.0,card,65,,,,,,yellowRed,sofascore
8850701,96368.0,Juan Bernat,1644.0,substitution,63,,,,,,regular,sofascore
8850701,802034.0,Fabien Centonze,1651.0,card,61,,,,,,yellow,sofascore
8850701,142680.0,Julian Draxler,1644.0,card,56,,,,,,yellow,sofascore
8850701,359246.0,Habib Maïga,1651.0,card,46,,,,,,yellow,sofascore
8850701,,,,period,45,,,,,,,sofascore
8850701,,,,injuryTime,45,,,,,,,sofascore
8850701,280435.0,Abdou Diallo,1644.0,card,1,,,,,,yellow,sofascore
8856073,,,,period,90,,,,,,,sofascore
8856073,,,,injuryTime,90,,,,,,,sofascore
8856073,603738.0,Junior Sambia,1642.0,substitution,86,,,,,,regular,sofascore
8856073,138833.0,Memphis Depay,1649.0,goal,82,,,,,,penalty,sofascore
8856073,3420.0,Vitorino Hilton,1642.0,card,81,,,,,,red,sofascore
8856073,979128.0,Rayan Cherki,1649.0,varDecision,81,,,,,,penaltyNotAwarded,sofascore
8856073,976396.0,Joris Chotard,1642.0,substitution,75,,,,,,regular,sofascore
8856073,318653.0,Moussa Dembélé,1649.0,substitution,75,,,,,,regular,sofascore
8856073,3420.0,Vitorino Hilton,1642.0,card,71,,,,,,yellow,sofascore
8856073,979128.0,Rayan Cherki,1649.0,substitution,68,,,,,,regular,sofascore
8856073,906075.0,Melvin Bard,1649.0,substitution,68,,,,,,regular,sofascore
8856073,605338.0,Stephy Mavididi,1642.0,substitution,63,,,,,,regular,sofascore
8856073,234230.0,Florent Mollet,1642.0,substitution,63,,,,,,regular,sofascore
8856073,123229.0,Jordan Ferri,1642.0,card,62,,,,,,yellow,sofascore
8856073,156682.0,Teji Savanier,1642.0,goal,59,,,,,,regular,sofascore
8856073,138833.0,Memphis Depay,1649.0,substitution,55,,,,,,regular,sofascore
8856073,927975.0,Jean Lucas,1649.0,substitution,55,,,,,,regular,sofascore
8856073,,,,period,45,,,,,,,sofascore
8856073,842931.0,Karl Toko Ekambi,1649.0,card,45,,,,,,yellow,sofascore
8856073,,,,injuryTime,45,,,,,,,sofascore
8856073,846081.0,Houssem Aouar,1649.0,card,44,,,,,,red,sofascore
8856073,846081.0,Houssem Aouar,1649.0,varDecision,44,,,,,,cardUpgrade,sofascore
8856073,156682.0,Teji Savanier,1642.0,goal,38,,,,,,penalty,sofascore
8856073,866469.0,Bruno Guimarães,1649.0,card,36,,,,,,yellow,sofascore
8856073,84744.0,Andy Delort,1642.0,card,7,,,,,,yellow,sofascore
8858170,,,,period,90,,,,,,,sofascore
8858170,,,,injuryTime,90,,,,,,,sofascore
8858170,1012657.0,Lucas Gourna-Douath,1678.0,card,85,,,,,,yellow,sofascore
8858170,914894.0,Christopher Rocchia,1641.0,substitution,79,,,,,,regular,sofascore
8858170,34221.0,Kevin Strootman,1641.0,substitution,78,,,,,,regular,sofascore
8858170,760618.0,Denis Bouanga,1678.0,goal,75,,,,,,regular,sofascore
8858170,942839.0,Alpha Sissoko,1678.0,substitution,71,,,,,,regular,sofascore
8858170,1012657.0,Lucas Gourna-Douath,1678.0,substitution,71,,,,,,regular,sofascore
8858170,140992.0,Valère Germain,1641.0,substitution,71,,,,,,regular,sofascore
8858170,862194.0,Zaydou Youssouf,1678.0,substitution,58,,,,,,regular,sofascore
8858170,158233.0,Bouna Sarr,1641.0,substitution,46,,,,,,regular,sofascore
8858170,988839.0,Marley Aké,1641.0,substitution,46,,,,,,regular,sofascore
8858170,848458.0,Arnaud Nordin,1678.0,substitution,46,,,,,,regular,sofascore
8858170,,,,period,45,,,,,,,sofascore
8858170,250133.0,Morgan Sanson,1641.0,card,45,,,,,,yellow,sofascore
8858170,,,,injuryTime,45,,,,,,,sofascore
8858170,48335.0,Hiroki Sakai,1641.0,card,30,,,,,,yellow,sofascore
8858170,1006486.0,Yvann Maçon,1678.0,card,21,,,,,,yellow,sofascore
8858170,990227.0,Aimen Moueffek,1678.0,substitution,9,,,,,,injury,sofascore
8858170,74139.0,Romain Hamouma,1678.0,goal,6,,,,,,regular,sofascore
8909435,,,,period,90,,,,,,,sofascore
8909435,,,,injuryTime,90,,,,,,,sofascore
8909435,856638.0,Mitchel Bakker,1644.0,substitution,84,,,,,,regular,sofascore
8909435,1047364.0,Ismaël Boura,1648.0,substitution,83,,,,,,regular,sofascore
8909435,593546.0,Tony Mauricio,1648.0,substitution,83,,,,,,regular,sofascore
8909435,96368.0,Juan Bernat,1644.0,card,78,,,,,,yellow,sofascore
8909435,110781.0,Jesé Rodríguez,1644.0,substitution,74,,,,,,regular,sofascore
8909435,280435.0,Abdou Diallo,1644.0,substitution,74,,,,,,regular,sofascore
8909435,191178.0,Corentin Jean,1648.0,substitution,71,,,,,,regular,sofascore
8909435,51363.0,Yannick Cahuzac,1648.0,substitution,71,,,,,,regular,sofascore
8909435,788921.0,Florian Sotoca,1648.0,card,70,,,,,,yellow,sofascore
8909435,941300.0,Colin Dagba,1644.0,substitution,68,,,,,,regular,sofascore
8909435,788921.0,Florian Sotoca,1648.0,substitution,65,,,,,,regular,sofascore
8909435,890329.0,Ignatius Kpene Ganago,1648.0,goal,57,,,,,,regular,sofascore
8909435,,,,period,45,,,,,,,sofascore
8909435,906047.0,Cheick Doucouré,1648.0,card,44,,,,,,yellow,sofascore
8909435,138573.0,Pablo Sarabia,1644.0,card,38,,,,,,yellow,sofascore
9173040,,,,period,90,,,,,,,sofascore
9173040,,,,injuryTime,90,,,,,,,sofascore
9173040,159701.0,Kalifa Coulibaly,1647.0,substitution,88,,,,,,regular,sofascore
9173040,954061.0,Arnaud Kalimuendo,1648.0,substitution,88,,,,,,regular,sofascore
9173040,1006489.0,Loïc Badé,1648.0,card,85,,,,,,yellow,sofascore
9173040,860307.0,Facundo Medina,1648.0,substitution,84,,,,,,regular,sofascore
9173040,191188.0,Seko Fofana,1648.0,substitution,84,,,,,,regular,sofascore
9173040,149732.0,Abdoulaye Touré,1647.0,goal,81,,,,,,penalty,sofascore
9173040,149732.0,Abdoulaye Touré,1647.0,varDecision,79,,,,,,review,sofascore
9173040,369650.0,Jonathan Gradit,1648.0,card,78,,,,,,yellow,sofascore
9173040,785418.0,Marcus Coco,1647.0,substitution,72,,,,,,regular,sofascore
9173040,871706.0,Randal Kolo Muani,1647.0,card,71,,,,,,yellow,sofascore
9173040,593546.0,Tony Mauricio,1648.0,substitution,66,,,,,,regular,sofascore
9173040,788921.0,Florian Sotoca,1648.0,substitution,66,,,,,,regular,sofascore
9173040,46387.0,Gaël Kakuta,1648.0,card,63,,,,,,yellow,sofascore
9173040,40677.0,Fábio,1647.0,substitution,46,,,,,,regular,sofascore
9173040,938270.0,Abdoul Kader Bamba,1647.0,substitution,46,,,,,,regular,sofascore
9173040,799216.0,Pedro Chirivella,1647.0,substitution,46,,,,,,regular,sofascore
9173040,,,,period,45,,,,,,,sofascore
9173040,906047.0,Cheick Doucouré,1648.0,card,37,,,,,,yellow,sofascore
9173040,46387.0,Gaël Kakuta,1648.0,goal,27,,,,,,regular,sofascore
9173040,794836.0,Andrei Girotto,1647.0,card,7,,,,,,yellow,sofascore
9216939,,,,period,90,,,,,,,sofascore
9216939,826208.0,Michaël Cuisance,1641.0,card,90,,,,,,yellow,sofascore
9216939,,,,injuryTime,90,,,,,,,sofascore
9216939,346262.0,Saîf-Eddine Khaoui,1641.0,card,81,,,,,,yellow,sofascore
9216939,954061.0,Arnaud Kalimuendo,1648.0,substitution,78,,,,,,regular,sofascore
9216939,593546.0,Tony Mauricio,1648.0,substitution,73,,,,,,regular,sofascore
9216939,941077.0,Lucas Perrin,1641.0,card,69,,,,,,yellow,sofascore
9216939,346262.0,Saîf-Eddine Khaoui,1641.0,substitution,66,,,,,,regular,sofascore
9216939,941077.0,Lucas Perrin,1641.0,substitution,63,,,,,,regular,sofascore
9216939,802665.0,Nemanja Radonjić,1641.0,substitution,63,,,,,,regular,sofascore
9216939,14216.0,Dimitri Payet,1641.0,substitution,63,,,,,,regular,sofascore
9216939,928236.0,Leonardo Balerdi,1641.0,card,61,,,,,,yellow,sofascore
9216939,825945.0,Simon Banza,1648.0,goal,59,,,,,,regular,sofascore
9216939,860307.0,Facundo Medina,1648.0,card,55,,,,,,yellow,sofascore
9216939,879694.0,Pape Gueye,1641.0,card,55,,,,,,yellow,sofascore
9216939,,,,period,45,,,,,,,sofascore
9216939,,,,injuryTime,45,,,,,,,sofascore
9216939,826208.0,Michaël Cuisance,1641.0,substitution,44,,,,,,regular,sofascore
9216939,825945.0,Simon Banza,1648.0,card,25,,,,,,yellow,sofascore
9216939,143344.0,Massadio Haïdara,1648.0,card,19,,,,,,yellow,sofascore
9304444,,,,period,90,,,,,,,sofascore
9304444,827934.0,Andreaw Gravillon,1656.0,goal,90,,,,,,regular,sofascore
9304444,826134.0,Trevoh Chalobah,1656.0,card,90,,,,,,yellow,sofascore
9304444,,,,injuryTime,90,,,,,,,sofascore
9304444,897623.0,Alex Dobre,1686.0,substitution,88,,,,,,regular,sofascore
9304444,857471.0,Pierre-Yves Hamel,1656.0,substitution,87,,,,,,regular,sofascore
9304444,984014.0,Enzo Le Fée,1656.0,substitution,80,,,,,,injury,sofascore
9304444,122815.0,Wesley Lautoa,1686.0,substitution,79,,,,,,regular,sofascore
9304444,786029.0,Didier Ndong,1686.0,card,73,,,,,,yellow,sofascore
9304444,786305.0,Roger Assalé,1686.0,substitution,72,,,,,,regular,sofascore
9304444,281013.0,Bersant Celina,1686.0,substitution,72,,,,,,regular,sofascore
9304444,296434.0,Laurent Abergel,1656.0,substitution,70,,,,,,regular,sofascore
9304444,943246.0,Yoann Etienne,1656.0,card,65,,,,,,yellow,sofascore
9304444,943246.0,Yoann Etienne,1656.0,varDecision,65,,,,,,redCardGiven,sofascore
9304444,894396.0,Terem Moffi,1656.0,goal,58,,,,,,regular,sofascore
9304444,,,,period,45,,,,,,,sofascore
9304444,557166.0,Mama Baldé,1686.0,goal,42,,,,,,regular,sofascore
9304444,31993.0,Bruno Ecuele Manga,1686.0,goal,39,,,,,,regular,sofascore
9304444,826134.0,Trevoh Chalobah,1656.0,goal,30,,,,,,regular,sofascore
9304444,157143.0,Moussa Konaté,1686.0,card,26,,,,,,yellow,sofascore
9304444,557166.0,Mama Baldé,1686.0,card,10,,,,,,yellow,sofascore
9332599,,,,period,90,,,,,,,sofascore
9332599,48335.0,Hiroki Sakai,1641.0,card,90,,,,,,yellow,sofascore
9332599,342915.0,Jordan Amavi,1641.0,substitution,90,,,,,,regular,sofascore
9332599,,,,injuryTime,90,,,,,,,sofascore
9332599,1064307.0,Malik Sellouki,1661.0,goal,87,,,,,,regular,sofascore
9332599,904832.0,Khéphren Thuram,1661.0,substitution,80,,,,,,regular,sofascore
9332599,1064307.0,Malik Sellouki,1661.0,substitution,77,,,,,,injury,sofascore
9332599,581314.0,Valentin Rongier,1641.0,substitution,76,,,,,,regular,sofascore
9332599,944327.0,Dan Ndoye,1661.0,substitution,73,,,,,,regular,sofascore
9332599,801306.0,Pierre Lees Melou,1661.0,card,73,,,,,,yellow,sofascore
9332599,148824.0,Florian Thauvin,1641.0,substitution,68,,,,,,regular,sofascore
9332599,140992.0,Valère Germain,1641.0,substitution,68,,,,,,regular,sofascore
9332599,346262.0,Saîf-Eddine Khaoui,1641.0,goal,53,,,,,,regular,sofascore
9332599,859026.0,Amine Gouiri,1661.0,goal,47,,,,,,regular,sofascore
9332599,27009.0,Morgan Schneiderlin,1661.0,substitution,46,,,,,,regular,sofascore
9332599,,,,period,45,,,,,,,sofascore
9332599,826204.0,Boubacar Kamara,1641.0,card,44,,,,,,yellow,sofascore
9332599,346262.0,Saîf-Eddine Khaoui,1641.0,goal,42,,,,,,regular,sofascore
9332599,150212.0,Álvaro González,1641.0,goal,14,,,,,,regular,sofascore
9343516,,,,period,90,,,,,,,sofascore
9343516,791048.0,Julien Laporte,1656.0,card,90,,,,,,yellow,sofascore
9343516,282095.0,Adrian Grbić,1656.0,card,90,,,,,,yellow,sofascore
9343516,146659.0,Baptiste Reynet,1663.0,card,90,,,,,,yellow,sofascore
9343516,,,,injuryTime,90,,,,,,,sofascore
9343516,857471.0,Pierre-Yves Hamel,1656.0,substitution,89,,,,,,regular,sofascore
9343516,834881.0,Stéphane Diarra,1656.0,substitution,89,,,,,,regular,sofascore
9343516,247445.0,Renaud Ripart,1663.0,goal,88,,,,,,penalty,sofascore
9343516,316196.0,Niclas Eliasson,1663.0,varDecision,86,,,,,,penaltyNotAwarded,sofascore
9343516,876013.0,Sami Ben Amar,1663.0,substitution,84,,,,,,regular,sofascore
9343516,984014.0,Enzo Le Fée,1656.0,substitution,79,,,,,,regular,sofascore
9343516,881952.0,Matteo Ahlinvi,1663.0,substitution,75,,,,,,regular,sofascore
9343516,282095.0,Adrian Grbić,1656.0,substitution,66,,,,,,regular,sofascore
9343516,907003.0,Kelyan Guessoum,1663.0,card,65,,,,,,yellow,sofascore
9343516,827386.0,Quentin Boisgard,1656.0,card,61,,,,,,yellow,sofascore
9343516,,,,period,45,,,,,,,sofascore
9343516,,,,injuryTime,45,,,,,,,sofascore
9343516,894396.0,Terem Moffi,1656.0,card,38,,,,,,yellow,sofascore
9362861,,,,period,90,,,,,,,sofascore
9362861,283083.0,Adrien Hunou,1658.0,substitution,90,,,,,,regular,sofascore
9362861,,,,injuryTime,90,,,,,,,sofascore
9362861,826208.0,Michaël Cuisance,1641.0,goal,88,,,,,,regular,sofascore
9362861,312388.0,Flavien Tait,1658.0,substitution,85,,,,,,regular,sofascore
9362861,914894.0,Christopher Rocchia,1641.0,substitution,81,,,,,,regular,sofascore
9362861,826208.0,Michaël Cuisance,1641.0,substitution,81,,,,,,regular,sofascore
9362861,826204.0,Boubacar Kamara,1641.0,card,79,,,,,,yellow,sofascore
9362861,122630.0,Darío Benedetto,1641.0,substitution,70,,,,,,regular,sofascore
9362861,324399.0,Benjamin Bourigeaud,1658.0,substitution,66,,,,,,injury,sofascore
9362861,999028.0,Adrien Truffert,1658.0,substitution,66,,,,,,regular,sofascore
9362861,977679.0,Luís Henrique,1641.0,substitution,62,,,,,,regular,sofascore
9362861,,,,period,45,,,,,,,sofascore
9362861,901470.0,Gerzino Nyamsi,1658.0,card,45,,,,,,yellow,sofascore
9362861,,,,injuryTime,45,,,,,,,sofascore
9362861,877102.0,Nayef Aguerd,1658.0,card,41,,,,,,yellow,sofascore
9362861,973887.0,Eduardo Camavinga,1658.0,card,33,,,,,,yellow,sofascore
9362861,257091.0,Duje Ćaleta-Car,1641.0,card,32,,,,,,yellow,sofascore
9362861,148824.0,Florian Thauvin,1641.0,varDecision,5,,,,,,penaltyAwarded,sofascore
9362861,,,1658.0,card,-5,,,,,,yellow,sofascore
9524306,,,,period,90,,,,,,,sofascore
9524306,,,,injuryTime,90,,,,,,,sofascore
9524306,889052.0,Willy Semedo,1671.0,goal,87,,,,,,regular,sofascore
9524306,790765.0,David Henen,1671.0,substitution,85,,,,,,regular,sofascore
9524306,991644.0,Jules Sylvestre-Brac,1671.0,substitution,84,,,,,,regular,sofascore
9524306,889052.0,Willy Semedo,1671.0,substitution,74,,,,,,regular,sofascore
9524306,939662.0,Moussa Djitté,1671.0,substitution,74,,,,,,regular,sofascore
9524306,199586.0,Lalaina Nomenjanahary,6070.0,substitution,68,,,,,,regular,sofascore
9524306,990743.0,Morgan Guilavogui,6070.0,substitution,68,,,,,,regular,sofascore
9524306,39226.0,Yoric Ravet,1671.0,card,67,,,,,,yellow,sofascore
9524306,247031.0,Anthony Belmonte,1671.0,substitution,65,,,,,,regular,sofascore
9524306,74839.0,Gaëtan Belaud,6070.0,substitution,58,,,,,,regular,sofascore
9524306,334151.0,Florian Martin,6070.0,substitution,57,,,,,,regular,sofascore
9524306,,,,period,45,,,,,,,sofascore
9524306,,,,injuryTime,45,,,,,,,sofascore
9524306,914700.0,Ousmane Kanté,6070.0,card,21,,,,,,yellow,sofascore
9524306,997358.0,Achille Anani,1671.0,goal,8,,,,,,regular,sofascore
9524306,,,6070.0,card,-5,,,,,,yellow,sofascore
9529401,,,,period,90,,,,,,,sofascore
9529401,219952.0,Rhys Healey,1681.0,goal,90,,,,,,regular,sofascore
9529401,,,,injuryTime,90,,,,,,,sofascore
9529401,962409.0,Nathan N'Goumou,1681.0,substitution,81,,,,,,regular,sofascore
9529401,790765.0,David Henen,1671.0,substitution,80,,,,,,regular,sofascore
9529401,997358.0,Achille Anani,1671.0,substitution,75,,,,,,regular,sofascore
9529401,365830.0,Mamadou Diallo,1671.0,substitution,75,,,,,,regular,sofascore
9529401,991478.0,Amine Adli,1681.0,card,69,,,,,,yellow,sofascore
9529401,991831.0,Sam Sanna,1681.0,substitution,69,,,,,,regular,sofascore
9529401,219952.0,Rhys Healey,1681.0,substitution,65,,,,,,regular,sofascore
9529401,190883.0,Branco Van den Boomen,1681.0,substitution,64,,,,,,regular,sofascore
9529401,862001.0,Akim Abdallah,1671.0,substitution,57,,,,,,regular,sofascore
9529401,214078.0,Florian Michel,1671.0,substitution,57,,,,,,regular,sofascore
9529401,247031.0,Anthony Belmonte,1671.0,card,54,,,,,,yellow,sofascore
9529401,,,,period,45,,,,,,,sofascore
9529401,939662.0,Moussa Djitté,1671.0,card,36,,,,,,yellow,sofascore
9529401,974087.0,Manu Koné,1681.0,goal,23,,,,,,regular,sofascore
9529401,122859.0,Brecht Dejaegere,1681.0,card,16,,,,,,yellow,sofascore
9529401,758664.0,Charles Pickel,1671.0,card,4,,,,,,yellow,sofascore
9529401,788977.0,Stijn Spierings,1681.0,goal,3,,,,,,regular,sofascore
9529401,788977.0,Stijn Spierings,1681.0,inGamePenalty,3,,,,,,missed,sofascore
9536880,,,,period,90,,,,,,,sofascore
9536880,,,,injuryTime,90,,,,,,,sofascore
9536880,47549.0,Sébastien Corchia,1647.0,substitution,87,,,,,,regular,sofascore
9536880,331753.0,Renaud Emond,1647.0,substitution,87,,,,,,regular,sofascore
9536880,788181.0,Roli Pereira de Sa,1647.0,substitution,79,,,,,,regular,sofascore
9536880,794836.0,Andrei Girotto,1647.0,substitution,79,,,,,,regular,sofascore
9536880,962409.0,Nathan N'Goumou,1681.0,substitution,79,,,,,,regular,sofascore
9536880,991831.0,Sam Sanna,1681.0,substitution,72,,,,,,regular,sofascore
9536880,287833.0,Steven Moreira,1681.0,card,72,,,,,,yellow,sofascore
9536880,785418.0,Marcus Coco,1647.0,substitution,65,,,,,,regular,sofascore
9536880,974087.0,Manu Koné,1681.0,card,63,,,,,,yellow,sofascore
9536880,190883.0,Branco Van den Boomen,1681.0,substitution,62,,,,,,regular,sofascore
9536880,219952.0,Rhys Healey,1681.0,substitution,62,,,,,,regular,sofascore
9536880,799216.0,Pedro Chirivella,1647.0,card,46,,,,,,yellow,sofascore
9536880,,,,period,45,,,,,,,sofascore
9536880,,,,injuryTime,45,,,,,,,sofascore
9536880,871706.0,Randal Kolo Muani,1647.0,goal,22,,,,,,regular,sofascore
9536880,822110.0,Deiver Machado,1681.0,goal,18,,,,,,regular,sofascore
9536880,806076.0,Ludovic Blas,1647.0,goal,10,,,,,,regular,sofascore
9536881,,,,period,90,,,,,,,sofascore
9536881,,,,injuryTime,90,,,,,,,sofascore
9536881,962409.0,Nathan N'Goumou,1681.0,card,87,,,,,,red,sofascore
9536881,962409.0,Nathan N'Goumou,1681.0,substitution,85,,,,,,regular,sofascore
9536881,794836.0,Andrei Girotto,1647.0,substitution,83,,,,,,regular,sofascore
9536881,963398.0,Janis Antiste,1681.0,card,81,,,,,,yellow,sofascore
9536881,190883.0,Branco Van den Boomen,1681.0,substitution,78,,,,,,regular,sofascore
9536881,799216.0,Pedro Chirivella,1647.0,card,77,,,,,,yellow,sofascore
9536881,963398.0,Janis Antiste,1681.0,substitution,73,,,,,,regular,sofascore
9536881,822110.0,Deiver Machado,1681.0,card,70,,,,,,yellow,sofascore
9536881,785418.0,Marcus Coco,1647.0,substitution,65,,,,,,regular,sofascore
9536881,796455.0,Vakoun Issouf Bayo,1681.0,goal,62,,,,,,regular,sofascore
9536881,796455.0,Vakoun Issouf Bayo,1681.0,card,53,,,,,,yellow,sofascore
9536881,,,,period,45,,,,,,,sofascore
9536881,871706.0,Randal Kolo Muani,1647.0,card,41,,,,,,yellow,sofascore
9536881,123164.0,Dennis Appiah,1647.0,card,5,,,,,,yellow,sofascore
9536881,,,1681.0,card,-5,,,,,,yellow,sofascore
