match_id_ss,player_id_ss,player_name,team_id_ss,minute,x,y,xg,result,shot_type,situation,data_source
8738494,312388,Flavien Tait,,88,11.4,33.1,,block,right-foot,regular,sofascore
8738494,825681,Romain Del Castillo,,86,19.5,40.2,,block,left-foot,assisted,sofascore
8738494,801287,Faitout Maouassa,,85,5.4,29.3,,miss,left-foot,regular,sofascore
8738494,846445,Martin Terrier,,85,8.1,44.7,,post,right-foot,regular,sofascore
8738494,840451,Luiz Araújo,,84,21.8,73.0,,miss,left-foot,assisted,sofascore
8738494,801287,Faitout Maouassa,,82,30.2,49.1,,miss,left-foot,free-kick,sofascore
8738494,74083,Damien Da Silva,,74,2.6,45.4,,goal,right-foot,corner,sofascore
8738494,973887,Eduardo Camavinga,,74,7.4,60.6,,miss,head,corner,sofascore
8738494,973887,Eduardo Camavinga,,69,2.8,42.7,,miss,left-foot,assisted,sofascore
8738494,973887,Eduardo Camavinga,,65,19.6,44.3,,block,left-foot,regular,sofascore
8738494,825681,Romain Del Castillo,,65,9.4,59.4,,block,head,assisted,sofascore
8738494,831005,Raphinha,,52,9.5,69.3,,save,left-foot,assisted,sofascore
8738494,963211,Brandon Soppy,,52,25.9,60.0,,miss,right-foot,corner,sofascore
8738494,318967,Renato Sanches,,51,26.2,41.7,,miss,right-foot,assisted,sofascore
8738494,595576,Jonathan Bamba,,40,17.4,55.7,,goal,right-foot,assisted,sofascore
8738494,318967,Renato Sanches,,33,29.5,77.5,,miss,right-foot,assisted,sofascore
8738494,802142,Jonathan Ikoné,,31,12.2,60.4,,miss,other,assisted,sofascore
8738494,139228,M'Baye Niang,,28,16.0,64.5,,block,right-foot,regular,sofascore
8738494,51652,Steven​ N'Zonzi,,21,17.5,50.3,,miss,head,set-piece,sofascore
8738494,831005,Raphinha,,13,29.6,62.5,,miss,left-foot,assisted,sofascore
8738494,801287,Faitout Maouassa,,3,22.5,25.6,,miss,left-foot,assisted,sofascore
8738497,862470,Kévin Denkey,,89,7.9,50.4,,miss,right-foot,assisted,sofascore
8738497,796085,Moussa Koné,,84,9.5,67.6,,goal,right-foot,assisted,sofascore
8738497,307096,Romain Philippoteaux,,69,12.4,42.4,,goal,right-foot,assisted,sofascore
8738497,143871,Loïck Landre,,62,3.9,48.6,,miss,head,corner,sofascore
8738497,842400,Zinedine Ferhat,,61,20.1,70.9,,save,right-foot,regular,sofascore
8738497,1047296,Jérémy Le Douaron,,60,8.1,59.0,,miss,head,set-piece,sofascore
8738497,913942,Romain Faivre,,59,27.8,63.9,,miss,left-foot,free-kick,sofascore
8738497,328035,Brendan Chardonnet,,54,9.7,59.4,,save,head,corner,sofascore
8738497,328035,Brendan Chardonnet,,52,4.3,48.0,,miss,head,corner,sofascore
8738497,862470,Kévin Denkey,,46,3.0,53.4,,block,right-foot,assisted,sofascore
8738497,280453,Franck Honorat,,45,6.8,71.4,,save,right-foot,assisted,sofascore
8738497,913942,Romain Faivre,,38,20.5,29.7,,save,left-foot,regular,sofascore
8738497,1047296,Jérémy Le Douaron,,37,2.0,39.2,,miss,head,set-piece,sofascore
8738497,913942,Romain Faivre,,34,8.9,42.7,,block,left-foot,assisted,sofascore
8738497,605552,Irvin Cardona,,34,17.8,63.9,,miss,right-foot,throw-in-set-piece,sofascore
8738497,606530,Birger Meling,,31,5.4,32.8,,goal,left-foot,assisted,sofascore
8738497,944142,Yassine Benrahou,,26,23.5,63.6,,miss,left-foot,free-kick,sofascore
8738497,862470,Kévin Denkey,,17,13.8,68.0,,miss,right-foot,assisted,sofascore
8738497,862470,Kévin Denkey,,8,10.3,43.5,,goal,left-foot,assisted,sofascore
8738497,143871,Loïck Landre,,7,4.3,57.9,,post,head,corner,sofascore
8738497,944142,Yassine Benrahou,,6,9.3,30.5,,block,left-foot,assisted,sofascore
8738497,51471,Julien Faussurier,,5,20.7,32.2,,block,right-foot,assisted,sofascore
8738499,827243,Axel Disasi,,90,8.5,52.7,,miss,head,corner,sofascore
8738499,156004,Jean-Eudes Aholou,,90,15.0,50.1,,block,right-foot,assisted,sofascore
8738499,156004,Jean-Eudes Aholou,,90,14.2,56.5,,save,head,corner,sofascore
8738499,960080,Boulaye Dia,,74,8.1,49.3,,miss,right-foot,regular,sofascore
8738499,318963,Aleksandr Golovin,,71,22.2,31.2,,miss,left-foot,assisted,sofascore
8738499,227892,Arbër Zeneli,,68,19.4,35.5,,block,right-foot,fast-break,sofascore
8738499,904827,Benoît Badiashile,,65,7.4,49.7,,miss,head,corner,sofascore
8738499,98197,Valon Berisha,,60,11.1,33.2,,miss,right-foot,assisted,sofascore
8738499,944164,Sofiane Diop,,58,22.6,45.2,,block,right-foot,assisted,sofascore
8738499,904827,Benoît Badiashile,,55,2.6,41.7,,goal,left-foot,set-piece,sofascore
8738499,859025,Aurélien Tchouaméni,,52,24.4,71.7,,miss,right-foot,assisted,sofascore
8738499,982615,El Bilal Touré,,52,11.6,41.6,,save,right-foot,assisted,sofascore
8738499,361696,Wout Faes,,48,7.8,54.8,,miss,head,corner,sofascore
8738499,944164,Sofiane Diop,,47,11.9,28.8,,miss,right-foot,assisted,sofascore
8738499,827243,Axel Disasi,,45,4.9,46.6,,goal,head,corner,sofascore
8738499,859025,Aurélien Tchouaméni,,45,13.1,63.1,,miss,left-foot,assisted,sofascore
8738499,859025,Aurélien Tchouaméni,,39,4.6,42.1,,miss,left-foot,corner,sofascore
8738499,119192,Wissam Ben Yedder,,39,6.1,56.1,,post,right-foot,corner,sofascore
8738499,364618,Gelson Martins,,38,14.1,53.8,,block,right-foot,assisted,sofascore
8738499,318963,Aleksandr Golovin,,36,14.1,38.2,,miss,left-foot,assisted,sofascore
8738499,364618,Gelson Martins,,33,13.6,68.8,,miss,left-foot,assisted,sofascore
8738499,318963,Aleksandr Golovin,,32,8.7,51.2,,save,head,assisted,sofascore
8738499,960080,Boulaye Dia,,30,15.0,31.2,,block,right-foot,fast-break,sofascore
8738499,364618,Gelson Martins,,30,13.2,64.5,,save,right-foot,assisted,sofascore
8738499,809220,Henry Onyekuru,,28,8.5,48.4,,block,head,assisted,sofascore
8738499,982615,El Bilal Touré,,21,20.3,57.6,,goal,left-foot,regular,sofascore
8738499,945062,Youssouf Fofana,,15,23.1,70.6,,miss,right-foot,corner,sofascore
8738499,960080,Boulaye Dia,,11,13.4,63.1,,miss,right-foot,assisted,sofascore
8738499,945062,Youssouf Fofana,,7,29.5,58.5,,block,right-foot,corner,sofascore
8738499,960080,Boulaye Dia,,5,12.8,54.4,,goal,right-foot,assisted,sofascore
8738499,318963,Aleksandr Golovin,,4,25.4,30.1,,miss,right-foot,assisted,sofascore
8738500,794836,Andrei Girotto,,87,26.2,71.1,,miss,right-foot,assisted,sofascore
8738500,938270,Abdoul Kader Bamba,,72,22.2,44.6,,block,right-foot,free-kick,sofascore
8738500,552686,Otávio,,62,29.3,42.3,,miss,right-foot,assisted,sofascore
8738500,799216,Pedro Chirivella,,52,28.1,56.9,,miss,right-foot,assisted,sofascore
8738500,791314,Hwang Ui-Jo,,45,2.6,46.4,,miss,head,corner,sofascore
8738500,791314,Hwang Ui-Jo,,43,28.8,47.2,,miss,right-foot,assisted,sofascore
8738500,552686,Otávio,,39,40.0,71.8,,miss,right-foot,regular,sofascore
8738500,798002,Toma Bašić,,37,27.1,67.2,,save,left-foot,assisted,sofascore
8738500,892624,Samuel Moutoussamy,,35,22.0,33.5,,miss,left-foot,assisted,sofascore
8738500,330051,Moses Simon,,28,19.7,27.3,,save,right-foot,assisted,sofascore
8738500,892624,Samuel Moutoussamy,,25,20.7,62.0,,block,left-foot,assisted,sofascore
8738501,109851,Majeed Waris,,90,15.8,64.4,,block,right-foot,assisted,sofascore
8738501,845273,Jean-Ricner Bellegarde,,90,23.4,55.7,,block,right-foot,throw-in-set-piece,sofascore
8738501,891793,Kévin Zohi,,90,19.0,53.7,,miss,right-foot,assisted,sofascore
8738501,857471,Pierre-Yves Hamel,,87,11.0,52.4,,goal,right-foot,regular,sofascore
8738501,16460,Sylvain Marveaux,,87,11.2,41.5,,save,left-foot,assisted,sofascore
8738501,282095,Adrian Grbić,,74,6.3,60.2,,block,head,corner,sofascore
8738501,282095,Adrian Grbić,,73,15.2,66.4,,save,right-foot,regular,sofascore
8738501,827386,Quentin Boisgard,,69,10.0,64.9,,save,right-foot,regular,sofascore
8738501,805123,Yoane Wissa,,69,12.7,29.9,,save,right-foot,assisted,sofascore
8738501,282095,Adrian Grbić,,60,11.6,49.9,,goal,right-foot,penalty,sofascore
8738501,282095,Adrian Grbić,,56,4.6,52.2,,miss,head,fast-break,sofascore
8738501,805123,Yoane Wissa,,51,4.3,46.0,,goal,head,assisted,sofascore
8738501,282095,Adrian Grbić,,45,26.4,38.8,,miss,right-foot,free-kick,sofascore
8738501,343971,Ludovic Ajorque,,37,22.2,51.9,,block,left-foot,assisted,sofascore
8738501,914660,Mehdi Chahiri,,30,17.7,48.2,,goal,right-foot,fast-break,sofascore
8738501,914660,Mehdi Chahiri,,29,24.2,40.8,,miss,right-foot,assisted,sofascore
8738501,231946,Adrien Thomasson,,3,46.9,80.4,,miss,right-foot,regular,sofascore
8738502,787542,Sada Thioub,,87,8.5,41.3,,block,head,set-piece,sofascore
8738502,930584,Farid El Melali,,80,4.8,54.6,,miss,head,assisted,sofascore
8738502,122811,Romain Amalfitano,,70,29.6,64.0,,block,right-foot,regular,sofascore
8738502,831400,Mathias Pereira Lage,,63,10.5,80.6,,miss,right-foot,set-piece,sofascore
8738502,787540,Angelo Fulgini,,61,9.1,45.8,,save,right-foot,assisted,sofascore
8738502,915567,Aurélien Scheidler,,52,15.4,45.4,,miss,head,assisted,sofascore
8738502,25506,Ismaël Traoré,,40,8.2,68.4,,miss,head,corner,sofascore
8738502,309510,Jordan Marié,,37,2.0,58.3,,post,right-foot,assisted,sofascore
8738502,915567,Aurélien Scheidler,,37,4.3,44.3,,miss,right-foot,assisted,sofascore
8738502,904994,Eric Ebimbe,,33,24.5,44.7,,miss,left-foot,assisted,sofascore
8738502,915567,Aurélien Scheidler,,28,18.7,53.2,,block,left-foot,assisted,sofascore
8738502,787540,Angelo Fulgini,,25,19.1,57.8,,miss,right-foot,corner,sofascore
8738502,25506,Ismaël Traoré,,22,8.7,56.1,,goal,right-foot,corner,sofascore
8738502,787542,Sada Thioub,,22,7.4,32.0,,post,left-foot,corner,sofascore
8738502,787542,Sada Thioub,,22,21.1,42.9,,block,right-foot,corner,sofascore
8738502,904994,Eric Ebimbe,,20,14.4,35.8,,block,left-foot,assisted,sofascore
8738502,344751,Baptiste Santamaria,,16,6.5,34.6,,save,head,corner,sofascore
8738502,787542,Sada Thioub,,16,14.7,61.2,,block,left-foot,assisted,sofascore
8738502,838640,Wilfried Kanga,,12,14.5,68.9,,save,right-foot,assisted,sofascore
8738502,880525,Ngonda Muzinga,,5,24.8,32.2,,save,left-foot,assisted,sofascore
8738502,904994,Eric Ebimbe,,4,9.9,37.3,,miss,head,set-piece,sofascore
8738503,1006489,Loïc Badé,,90,8.3,64.8,,save,head,corner,sofascore
8738503,191178,Corentin Jean,,87,11.5,48.2,,miss,head,assisted,sofascore
8738503,825945,Simon Banza,,85,9.4,51.5,,miss,head,assisted,sofascore
8738503,801306,Pierre Lees Melou,,83,27.8,42.8,,block,right-foot,assisted,sofascore
8738503,51363,Yannick Cahuzac,,81,7.2,57.5,,miss,right-foot,assisted,sofascore
8738503,191178,Corentin Jean,,80,10.8,73.3,,save,right-foot,assisted,sofascore
8738503,859026,Amine Gouiri,,75,15.5,34.5,,goal,right-foot,assisted,sofascore
8738503,825945,Simon Banza,,69,8.7,54.6,,save,right-foot,assisted,sofascore
8738503,860307,Facundo Medina,,65,6.8,42.5,,miss,head,corner,sofascore
8738503,191178,Corentin Jean,,64,25.4,38.0,,block,right-foot,free-kick,sofascore
8738503,788921,Florian Sotoca,,48,25.1,55.2,,miss,right-foot,regular,sofascore
8738503,788921,Florian Sotoca,,45,4.2,36.3,,miss,right-foot,corner,sofascore
8738503,46387,Gaël Kakuta,,45,27.3,64.2,,miss,left-foot,free-kick,sofascore
8738503,859026,Amine Gouiri,,35,29.6,42.4,,block,right-foot,free-kick,sofascore
8738503,1006489,Loïc Badé,,30,6.2,47.6,,miss,head,corner,sofascore
8738503,890329,Ignatius Kpene Ganago,,27,15.5,48.8,,block,right-foot,corner,sofascore
8738503,859026,Amine Gouiri,,23,15.1,40.9,,goal,right-foot,assisted,sofascore
8738503,890329,Ignatius Kpene Ganago,,21,3.5,47.3,,miss,left-foot,fast-break,sofascore
8738503,836678,Clément Michelin,,17,32.8,42.5,,block,right-foot,free-kick,sofascore
8738503,46387,Gaël Kakuta,,11,11.5,50.0,,goal,left-foot,penalty,sofascore
8738517,331753,Renaud Emond,,90,8.6,62.4,,block,right-foot,assisted,sofascore
8738517,796279,Jordan Lotomba,,90,13.5,67.4,,block,right-foot,corner,sofascore
8738517,73056,Mehdi Abeid,,89,25.9,59.0,,miss,left-foot,assisted,sofascore
8738517,331753,Renaud Emond,,84,10.5,52.4,,miss,head,assisted,sofascore
8738517,190147,Rony Lopes,,82,21.3,57.0,,miss,right-foot,assisted,sofascore
8738517,3577,Dante,,82,13.9,55.0,,block,right-foot,corner,sofascore
8738517,901885,Flavius Daniliuc,,82,18.6,49.0,,block,right-foot,corner,sofascore
8738517,190147,Rony Lopes,,81,14.2,56.7,,save,right-foot,regular,sofascore
8738517,73056,Mehdi Abeid,,76,28.7,65.7,,miss,right-foot,regular,sofascore
8738517,938270,Abdoul Kader Bamba,,75,23.7,40.0,,block,left-foot,assisted,sofascore
8738517,859026,Amine Gouiri,,72,4.9,32.9,,save,right-foot,assisted,sofascore
8738517,795761,Kasper Dolberg,,71,3.2,32.0,,save,right-foot,assisted,sofascore
8738517,904832,Khéphren Thuram,,64,25.5,56.9,,block,right-foot,regular,sofascore
8738517,904832,Khéphren Thuram,,62,15.0,52.0,,goal,left-foot,regular,sofascore
8738517,190147,Rony Lopes,,61,11.4,47.4,,miss,left-foot,assisted,sofascore
8738517,859026,Amine Gouiri,,57,24.3,48.4,,save,right-foot,free-kick,sofascore
8738517,965943,Imrân Louza,,45,11.5,50.0,,goal,left-foot,penalty,sofascore
8738517,871706,Randal Kolo Muani,,45,6.6,50.7,,block,other,corner,sofascore
8738517,871706,Randal Kolo Muani,,45,8.5,37.1,,block,left-foot,assisted,sofascore
8738517,106496,Nicolas Pallois,,44,17.5,62.3,,miss,head,set-piece,sofascore
8738517,351434,Hassane Kamara,,43,5.4,28.7,,save,left-foot,assisted,sofascore
8738517,859026,Amine Gouiri,,38,22.4,56.7,,block,right-foot,regular,sofascore
8738517,801306,Pierre Lees Melou,,33,24.9,60.5,,miss,right-foot,assisted,sofascore
8738517,795761,Kasper Dolberg,,31,16.1,50.1,,miss,right-foot,regular,sofascore
8738517,3577,Dante,,27,3.7,47.9,,goal,head,corner,sofascore
8738517,871706,Randal Kolo Muani,,24,6.7,58.1,,miss,head,corner,sofascore
8738517,795761,Kasper Dolberg,,22,7.3,46.7,,miss,head,assisted,sofascore
8738517,859026,Amine Gouiri,,21,15.4,41.9,,miss,right-foot,assisted,sofascore
8738517,871706,Randal Kolo Muani,,12,26.2,56.7,,miss,right-foot,assisted,sofascore
8738517,795761,Kasper Dolberg,,10,4.8,56.0,,save,right-foot,assisted,sofascore
8738518,73056,Mehdi Abeid,,90,15.4,60.4,,block,right-foot,fast-break,sofascore
8738518,330051,Moses Simon,,90,13.5,24.7,,save,left-foot,fast-break,sofascore
8738518,330051,Moses Simon,,88,8.7,51.3,,save,right-foot,regular,sofascore
8738518,345035,Steve Mounié,,84,5.5,45.1,,miss,head,corner,sofascore
8738518,605552,Irvin Cardona,,84,5.4,39.0,,save,head,corner,sofascore
8738518,605552,Irvin Cardona,,84,21.6,25.6,,miss,right-foot,assisted,sofascore
8738518,938270,Abdoul Kader Bamba,,79,15.2,50.4,,goal,right-foot,assisted,sofascore
8738518,345035,Steve Mounié,,72,9.5,51.6,,miss,right-foot,assisted,sofascore
8738518,913942,Romain Faivre,,68,24.7,62.7,,goal,left-foot,free-kick,sofascore
8738518,871706,Randal Kolo Muani,,61,8.2,31.3,,save,left-foot,fast-break,sofascore
8738518,827519,Romain Perraud,,58,3.4,42.2,,miss,left-foot,assisted,sofascore
8738518,806076,Ludovic Blas,,57,19.8,56.7,,block,left-foot,assisted,sofascore
8738518,965943,Imrân Louza,,55,22.3,76.6,,save,left-foot,set-piece,sofascore
8738518,40677,Fábio,,44,4.6,31.8,,post,right-foot,assisted,sofascore
8738518,861324,Hugo Magnetti,,32,27.1,30.5,,miss,right-foot,assisted,sofascore
8738518,806076,Ludovic Blas,,30,11.4,36.5,,goal,left-foot,assisted,sofascore
8738518,861324,Hugo Magnetti,,27,23.1,57.8,,miss,right-foot,assisted,sofascore
8738518,827519,Romain Perraud,,26,29.3,59.0,,save,left-foot,free-kick,sofascore
8738518,845930,Jean-Kévin Duverne,,21,10.8,51.3,,miss,head,corner,sofascore
8738518,871706,Randal Kolo Muani,,16,4.6,51.8,,goal,right-foot,regular,sofascore
8738518,785418,Marcus Coco,,16,3.8,39.7,,save,left-foot,assisted,sofascore
8738518,345035,Steve Mounié,,14,6.1,57.7,,save,head,assisted,sofascore
8738518,827519,Romain Perraud,,10,22.5,37.9,,save,left-foot,assisted,sofascore
8738518,307096,Romain Philippoteaux,,9,10.8,28.1,,block,left-foot,assisted,sofascore
8738518,307096,Romain Philippoteaux,,3,23.2,31.3,,miss,right-foot,assisted,sofascore
8738518,785418,Marcus Coco,,2,10.5,42.5,,miss,head,assisted,sofascore
8738519,37126,Stevan Jovetić,,88,26.1,36.0,,save,right-foot,assisted,sofascore
8738519,839226,Pietro Pellegri,,78,5.0,48.0,,save,head,corner,sofascore
8738519,839226,Pietro Pellegri,,76,7.0,47.6,,miss,head,assisted,sofascore
8738519,37126,Stevan Jovetić,,76,22.2,31.2,,save,right-foot,assisted,sofascore
8738519,364618,Gelson Martins,,75,20.2,30.0,,save,right-foot,assisted,sofascore
8738519,3420,Vitorino Hilton,,75,11.7,62.3,,miss,head,set-piece,sofascore
8738519,119192,Wissam Ben Yedder,,70,11.5,50.0,,goal,right-foot,penalty,sofascore
8738519,944164,Sofiane Diop,,66,3.0,45.8,,miss,head,regular,sofascore
8738519,963198,Chrislain Matsima,,65,20.6,57.0,,miss,right-foot,assisted,sofascore
8738519,37126,Stevan Jovetić,,65,8.0,51.3,,block,head,corner,sofascore
8738519,579576,Ruben Aguilar,,61,12.5,63.0,,miss,right-foot,corner,sofascore
8738519,963198,Chrislain Matsima,,53,27.2,58.1,,block,right-foot,assisted,sofascore
8738519,605338,Stephy Mavididi,,51,19.4,60.1,,goal,right-foot,regular,sofascore
8738519,904827,Benoît Badiashile,,51,33.3,43.7,,block,left-foot,assisted,sofascore
8738519,944164,Sofiane Diop,,46,12.5,38.8,,save,left-foot,assisted,sofascore
8738519,944164,Sofiane Diop,,45,24.2,27.1,,miss,right-foot,assisted,sofascore
8738519,119192,Wissam Ben Yedder,,45,20.1,70.6,,block,right-foot,free-kick,sofascore
8738519,364618,Gelson Martins,,37,14.1,35.1,,miss,right-foot,assisted,sofascore
8738519,855845,Florentino Luís,,28,10.9,52.2,,miss,head,corner,sofascore
8738519,859025,Aurélien Tchouaméni,,27,6.7,66.0,,block,right-foot,assisted,sofascore
8738519,859025,Aurélien Tchouaméni,,25,13.9,53.0,,save,right-foot,assisted,sofascore
8738519,859025,Aurélien Tchouaméni,,17,19.5,51.8,,block,right-foot,regular,sofascore
8738519,149730,Gaëtan Laborde,,12,16.4,29.3,,save,left-foot,assisted,sofascore
8738519,364618,Gelson Martins,,3,17.8,49.6,,block,right-foot,assisted,sofascore
8738520,229722,Farid Boulaya,,90,31.1,35.8,,save,right-foot,free-kick,sofascore
8738520,787540,Angelo Fulgini,,79,15.1,61.7,,block,right-foot,corner,sofascore
8738520,308130,Jimmy Cabot,,67,4.1,64.1,,save,right-foot,regular,sofascore
8738520,294641,Loïs Diony,,54,16.5,67.3,,miss,right-foot,assisted,sofascore
8738520,250453,Opa Nguette,,43,10.0,44.6,,miss,right-foot,assisted,sofascore
8738520,250453,Opa Nguette,,39,2.5,47.9,,goal,left-foot,assisted,sofascore
8738520,14142,Thomas Mangani,,38,11.4,50.0,,goal,left-foot,penalty,sofascore
8738520,787540,Angelo Fulgini,,37,20.8,69.6,,block,right-foot,regular,sofascore
8738520,787827,Matthieu Udol,,32,20.9,27.5,,save,right-foot,regular,sofascore
8738520,73188,John Boye,,29,10.3,51.9,,miss,head,corner,sofascore
8738520,156009,Victorien Angban,,27,23.3,31.2,,miss,left-foot,assisted,sofascore
8738520,14142,Thomas Mangani,,22,15.0,48.8,,block,right-foot,assisted,sofascore
8738520,787540,Angelo Fulgini,,7,24.9,44.9,,miss,right-foot,free-kick,sofascore
8738520,229722,Farid Boulaya,,3,23.7,70.0,,block,right-foot,free-kick,sofascore
8738521,282095,Adrian Grbić,,88,9.0,30.1,,miss,left-foot,assisted,sofascore
8738521,805123,Yoane Wissa,,83,20.0,39.5,,miss,right-foot,assisted,sofascore
8738521,894396,Terem Moffi,,80,2.8,50.7,,goal,left-foot,assisted,sofascore
8738521,894396,Terem Moffi,,79,3.6,57.0,,miss,right-foot,assisted,sofascore
8738521,855847,Kaj Sierhuis,,78,8.1,63.7,,block,right-foot,assisted,sofascore
8738521,1048422,Hugo Ekitiké,,77,18.8,54.4,,miss,left-foot,assisted,sofascore
8738521,805123,Yoane Wissa,,65,11.5,50.0,,goal,right-foot,penalty,sofascore
8738521,857471,Pierre-Yves Hamel,,61,4.5,51.2,,goal,left-foot,corner,sofascore
8738521,805123,Yoane Wissa,,61,21.3,36.6,,save,left-foot,corner,sofascore
8738521,16429,Jérémy Morel,,61,9.9,38.5,,block,left-foot,corner,sofascore
8738521,827386,Quentin Boisgard,,54,25.0,32.4,,miss,right-foot,free-kick,sofascore
8738521,1048422,Hugo Ekitiké,,47,8.0,54.8,,block,head,assisted,sofascore
8738521,894396,Terem Moffi,,46,13.9,58.1,,block,right-foot,set-piece,sofascore
8738521,827386,Quentin Boisgard,,46,19.9,25.8,,block,right-foot,set-piece,sofascore
8738521,963399,Nathanaël Mbuku,,45,10.0,75.4,,save,left-foot,corner,sofascore
8738521,805123,Yoane Wissa,,44,16.9,44.7,,block,left-foot,corner,sofascore
8738521,805123,Yoane Wissa,,41,20.2,46.8,,miss,right-foot,regular,sofascore
8738521,857471,Pierre-Yves Hamel,,29,16.1,48.5,,block,right-foot,regular,sofascore
8738521,816810,Mathieu Cafaro,,26,25.5,50.1,,save,right-foot,assisted,sofascore
8738521,845750,Moreto Cassama,,15,24.4,52.4,,goal,right-foot,assisted,sofascore
8738522,852145,Josh Maja,,90,4.3,42.9,,save,left-foot,corner,sofascore
8738522,243735,Pablo,,90,10.5,55.7,,miss,head,corner,sofascore
8738522,791314,Hwang Ui-Jo,,90,5.1,66.2,,block,right-foot,assisted,sofascore
8738522,852145,Josh Maja,,83,15.2,39.4,,goal,left-foot,fast-break,sofascore
8738522,798002,Toma Bašić,,72,20.0,82.1,,save,left-foot,free-kick,sofascore
8738522,842709,Rémi Oudin,,70,19.7,77.5,,block,left-foot,assisted,sofascore
8738522,243735,Pablo,,64,9.8,46.7,,goal,right-foot,regular,sofascore
8738522,342915,Jordan Amavi,,64,12.3,33.4,,miss,left-foot,assisted,sofascore
8738522,342915,Jordan Amavi,,54,10.4,34.9,,goal,head,set-piece,sofascore
8738522,148824,Florian Thauvin,,30,12.7,68.8,,save,left-foot,assisted,sofascore
8738522,798002,Toma Bašić,,25,18.8,46.8,,save,right-foot,assisted,sofascore
8738522,342915,Jordan Amavi,,19,7.4,43.9,,miss,head,corner,sofascore
8738522,148824,Florian Thauvin,,14,11.6,50.0,,save,left-foot,penalty,sofascore
8738522,74045,Nicolas de Préville,,10,2.5,58.7,,block,right-foot,set-piece,sofascore
8738522,148824,Florian Thauvin,,5,25.4,68.1,,goal,left-foot,assisted,sofascore
8738523,851262,Myziane Maolida,,90,7.9,44.9,,goal,left-foot,assisted,sofascore
8738523,760618,Denis Bouanga,,85,13.7,32.6,,save,right-foot,assisted,sofascore
8738523,904991,Stanley Nsoki,,82,6.8,52.4,,miss,head,corner,sofascore
8738523,923186,Robson Bambu,,82,5.8,63.0,,block,right-foot,corner,sofascore
8738523,1012657,Lucas Gourna-Douath,,77,19.5,35.2,,block,right-foot,assisted,sofascore
8738523,859026,Amine Gouiri,,73,23.6,38.0,,miss,right-foot,free-kick,sofascore
8738523,74139,Romain Hamouma,,69,23.2,52.5,,save,right-foot,free-kick,sofascore
8738523,962877,Adil Aouchiche,,57,9.4,51.2,,goal,right-foot,assisted,sofascore
8738523,801306,Pierre Lees Melou,,54,20.7,38.7,,miss,right-foot,regular,sofascore
8738523,862194,Zaydou Youssouf,,51,20.5,36.4,,miss,right-foot,corner,sofascore
8738523,760618,Denis Bouanga,,50,11.6,32.6,,block,head,corner,sofascore
8738523,828971,Panagiotis Retsos,,50,11.6,40.6,,block,head,set-piece,sofascore
8738523,962877,Adil Aouchiche,,49,28.5,49.7,,block,left-foot,assisted,sofascore
8738523,16635,Kévin Monnet-Paquet,,44,7.0,69.9,,miss,right-foot,assisted,sofascore
8738523,962877,Adil Aouchiche,,39,15.3,33.4,,block,right-foot,assisted,sofascore
8738523,859026,Amine Gouiri,,30,1.7,50.6,,goal,right-foot,regular,sofascore
8738523,190147,Rony Lopes,,25,14.7,30.8,,miss,left-foot,fast-break,sofascore
8738523,801306,Pierre Lees Melou,,21,14.5,48.7,,save,right-foot,regular,sofascore
8738523,859026,Amine Gouiri,,21,7.1,47.0,,save,head,assisted,sofascore
8738523,862194,Zaydou Youssouf,,11,13.9,22.4,,save,left-foot,corner,sofascore
8738523,801306,Pierre Lees Melou,,8,17.7,53.8,,goal,left-foot,corner,sofascore
8738524,825945,Simon Banza,,90,8.5,59.9,,save,left-foot,assisted,sofascore
8738524,858705,Xeka,,90,5.9,57.6,,block,right-foot,corner,sofascore
8738524,935564,Jonathan David,,89,11.2,56.1,,block,right-foot,regular,sofascore
8738524,827804,Yusuf Yazıcı,,85,9.3,55.3,,miss,left-foot,assisted,sofascore
8738524,802142,Jonathan Ikoné,,85,14.5,43.3,,block,left-foot,assisted,sofascore
8738524,827804,Yusuf Yazıcı,,79,14.8,44.3,,goal,left-foot,assisted,sofascore
8738524,802142,Jonathan Ikoné,,69,12.2,42.1,,goal,left-foot,assisted,sofascore
8738524,318967,Renato Sanches,,59,29.7,46.2,,block,right-foot,free-kick,sofascore
8738524,595576,Jonathan Bamba,,56,19.9,41.8,,miss,right-foot,assisted,sofascore
8738524,906047,Cheick Doucouré,,54,15.0,51.2,,miss,other,set-piece,sofascore
8738524,906047,Cheick Doucouré,,53,20.4,70.6,,block,right-foot,assisted,sofascore
8738524,595576,Jonathan Bamba,,48,5.5,50.6,,goal,right-foot,regular,sofascore
8738524,840451,Luiz Araújo,,44,8.7,63.3,,save,left-foot,fast-break,sofascore
8738524,935564,Jonathan David,,40,15.0,66.9,,miss,left-foot,regular,sofascore
8738524,46387,Gaël Kakuta,,37,19.8,35.1,,miss,left-foot,regular,sofascore
8738524,788921,Florian Sotoca,,36,3.1,37.3,,block,right-foot,corner,sofascore
8738524,893008,Zeki Çelik,,33,20.8,53.6,,block,left-foot,assisted,sofascore
8738524,18864,Burak Yılmaz,,31,29.4,43.9,,save,right-foot,free-kick,sofascore
8738524,840451,Luiz Araújo,,28,8.4,59.6,,block,right-foot,assisted,sofascore
8738524,18864,Burak Yılmaz,,11,3.3,41.9,,goal,head,set-piece,sofascore
8738524,27622,José Fonte,,11,10.4,58.4,,miss,head,set-piece,sofascore
8738524,788921,Florian Sotoca,,9,20.5,40.8,,save,right-foot,assisted,sofascore
8738524,788921,Florian Sotoca,,5,13.3,53.6,,miss,other,set-piece,sofascore
8738525,139273,Daniele Rugani,,90,8.0,45.6,,save,head,set-piece,sofascore
8738525,557166,Mama Baldé,,90,29.9,35.9,,save,right-foot,assisted,sofascore
8738525,915567,Aurélien Scheidler,,90,8.3,59.4,,miss,head,assisted,sofascore
8738525,557166,Mama Baldé,,86,9.3,58.8,,block,right-foot,set-piece,sofascore
8738525,312388,Flavien Tait,,84,9.0,57.1,,post,right-foot,regular,sofascore
8738525,324399,Benjamin Bourigeaud,,78,11.7,48.7,,miss,left-foot,regular,sofascore
8738525,911851,Yann Gboho,,78,10.4,33.0,,block,right-foot,assisted,sofascore
8738525,122815,Wesley Lautoa,,75,27.8,59.8,,block,left-foot,assisted,sofascore
8738525,877102,Nayef Aguerd,,73,5.6,50.9,,miss,head,corner,sofascore
8738525,324399,Benjamin Bourigeaud,,67,27.2,51.5,,block,right-foot,free-kick,sofascore
8738525,122815,Wesley Lautoa,,63,32.0,65.1,,miss,left-foot,regular,sofascore
8738525,845274,Mounir Chouiar,,59,14.7,40.2,,save,right-foot,assisted,sofascore
8738525,557166,Mama Baldé,,54,12.4,43.7,,goal,right-foot,assisted,sofascore
8738525,51299,Frédéric Sammaritano,,45,25.7,53.4,,miss,right-foot,regular,sofascore
8738525,825681,Romain Del Castillo,,43,25.0,63.4,,miss,left-foot,assisted,sofascore
8738525,39009,Clément Grenier,,40,25.0,39.5,,miss,left-foot,corner,sofascore
8738525,324399,Benjamin Bourigeaud,,36,25.9,66.8,,block,right-foot,assisted,sofascore
8738525,845274,Mounir Chouiar,,32,21.7,39.1,,block,right-foot,assisted,sofascore
8738525,904994,Eric Ebimbe,,26,12.0,68.6,,save,right-foot,assisted,sofascore
8738525,846445,Martin Terrier,,24,10.7,55.7,,goal,right-foot,assisted,sofascore
8738525,557166,Mama Baldé,,19,11.4,43.4,,miss,head,assisted,sofascore
8738525,845274,Mounir Chouiar,,15,14.8,34.2,,miss,right-foot,assisted,sofascore
8738525,324399,Benjamin Bourigeaud,,10,18.5,51.0,,save,right-foot,assisted,sofascore
8738525,39009,Clément Grenier,,2,28.3,54.8,,miss,right-foot,free-kick,sofascore
8738526,247445,Renaud Ripart,,84,7.4,62.7,,goal,right-foot,assisted,sofascore
8738526,149730,Gaëtan Laborde,,81,21.1,54.4,,miss,left-foot,regular,sofascore
8738526,51349,Lucas Deaux,,78,14.1,65.5,,miss,right-foot,assisted,sofascore
8738526,247445,Renaud Ripart,,68,11.2,44.1,,block,head,assisted,sofascore
8738526,5585,Daniel Congré,,65,9.9,41.3,,miss,head,corner,sofascore
8738526,84744,Andy Delort,,62,3.6,38.2,,save,right-foot,assisted,sofascore
8738526,84744,Andy Delort,,60,24.7,29.6,,block,right-foot,assisted,sofascore
8738526,156682,Teji Savanier,,47,13.2,37.1,,miss,left-foot,assisted,sofascore
8738526,862470,Kévin Denkey,,40,27.1,74.4,,block,right-foot,assisted,sofascore
8738526,149730,Gaëtan Laborde,,39,12.2,50.9,,save,head,assisted,sofascore
8738526,846439,Patrick Burner,,38,27.1,54.6,,miss,left-foot,regular,sofascore
8738526,247445,Renaud Ripart,,38,13.1,32.7,,block,right-foot,assisted,sofascore
8738526,149730,Gaëtan Laborde,,35,6.5,57.5,,block,right-foot,corner,sofascore
8738526,156682,Teji Savanier,,35,23.3,25.6,,block,right-foot,free-kick,sofascore
8738526,149730,Gaëtan Laborde,,31,15.0,72.8,,block,left-foot,assisted,sofascore
8738526,38688,Damien Le Tallec,,29,6.0,44.3,,miss,head,set-piece,sofascore
8738526,149730,Gaëtan Laborde,,12,13.4,44.2,,block,left-foot,regular,sofascore
8738526,93570,Arnaud Souquet,,8,27.2,57.9,,miss,right-foot,corner,sofascore
8738526,247445,Renaud Ripart,,5,6.9,28.6,,miss,left-foot,assisted,sofascore
8738526,842400,Zinedine Ferhat,,4,25.0,61.8,,miss,right-foot,free-kick,sofascore
8738527,328027,Serhou Guirassy,,90,15.1,43.3,,miss,right-foot,assisted,sofascore
8738527,324399,Benjamin Bourigeaud,,90,20.2,55.7,,miss,right-foot,assisted,sofascore
8738527,51652,Steven​ N'Zonzi,,90,8.0,54.4,,post,head,assisted,sofascore
8738527,74083,Damien Da Silva,,86,7.1,34.3,,save,head,corner,sofascore
8738527,980418,Sacha Boey,,80,8.4,33.4,,block,right-foot,set-piece,sofascore
8738527,831005,Raphinha,,68,19.4,71.9,,block,left-foot,free-kick,sofascore
8738527,960080,Boulaye Dia,,66,11.3,43.5,,goal,left-foot,assisted,sofascore
8738527,324399,Benjamin Bourigeaud,,64,21.8,35.2,,miss,right-foot,regular,sofascore
8738527,831005,Raphinha,,58,23.8,75.0,,miss,left-foot,free-kick,sofascore
8738527,894733,Marshall Munetsi,,56,9.8,53.3,,miss,head,regular,sofascore
8738527,157029,Xavier Chavalerin,,56,19.0,29.4,,block,left-foot,assisted,sofascore
8738527,74083,Damien Da Silva,,52,6.2,28.9,,block,head,set-piece,sofascore
8738527,982615,El Bilal Touré,,51,18.6,60.8,,save,right-foot,assisted,sofascore
8738527,960080,Boulaye Dia,,49,18.4,32.2,,miss,right-foot,assisted,sofascore
8738527,328027,Serhou Guirassy,,41,6.0,50.1,,miss,head,set-piece,sofascore
8738527,361696,Wout Faes,,39,13.8,47.6,,miss,left-foot,set-piece,sofascore
8738527,74083,Damien Da Silva,,37,3.4,44.7,,goal,head,corner,sofascore
8738527,324399,Benjamin Bourigeaud,,34,7.5,46.7,,miss,right-foot,regular,sofascore
8738527,831005,Raphinha,,34,9.9,69.8,,block,left-foot,assisted,sofascore
8738527,831005,Raphinha,,24,9.3,54.8,,goal,left-foot,assisted,sofascore
8738527,312388,Flavien Tait,,23,20.4,27.2,,miss,right-foot,assisted,sofascore
8738527,328027,Serhou Guirassy,,17,9.2,63.6,,block,right-foot,assisted,sofascore
8738527,178721,Yunis Abdelhamid,,11,4.5,45.8,,goal,head,corner,sofascore
8738527,963399,Nathanaël Mbuku,,11,3.3,34.9,,save,left-foot,assisted,sofascore
8738527,982615,El Bilal Touré,,9,6.9,55.2,,miss,head,assisted,sofascore
8738527,831005,Raphinha,,7,13.8,52.8,,miss,left-foot,assisted,sofascore
8738527,324399,Benjamin Bourigeaud,,7,19.0,32.0,,block,right-foot,assisted,sofascore
8738527,324399,Benjamin Bourigeaud,,6,29.6,64.8,,block,right-foot,assisted,sofascore
8738528,855810,Tim Weah,,90,15.0,52.8,,save,right-foot,regular,sofascore
8738528,855810,Tim Weah,,90,12.1,67.4,,miss,left-foot,regular,sofascore
8738528,827804,Yusuf Yazıcı,,90,18.1,56.3,,miss,left-foot,assisted,sofascore
8738528,840451,Luiz Araújo,,90,26.6,52.8,,miss,left-foot,assisted,sofascore
8738528,595576,Jonathan Bamba,,89,26.4,52.6,,miss,right-foot,regular,sofascore
8738528,914877,Fraser Hornby,,87,11.8,53.0,,miss,head,assisted,sofascore
8738528,280553,Anastasios Donis,,77,25.3,63.9,,miss,right-foot,assisted,sofascore
8738528,51665,Benjamin André,,63,3.2,45.8,,save,other,corner,sofascore
8738528,27622,José Fonte,,55,7.0,59.6,,miss,left-foot,corner,sofascore
8738528,802142,Jonathan Ikoné,,54,24.8,53.6,,block,left-foot,assisted,sofascore
8738528,935564,Jonathan David,,53,28.1,57.3,,miss,right-foot,assisted,sofascore
8738528,816810,Mathieu Cafaro,,51,20.5,34.2,,miss,right-foot,assisted,sofascore
8738528,845750,Moreto Cassama,,49,29.2,47.8,,miss,right-foot,set-piece,sofascore
8738528,595576,Jonathan Bamba,,32,19.5,28.5,,goal,right-foot,assisted,sofascore
8738529,102291,Idriss Saadi,,90,16.0,46.6,,block,left-foot,regular,sofascore
8738529,318967,Renato Sanches,,90,7.1,52.4,,miss,right-foot,fast-break,sofascore
8738529,891793,Kévin Zohi,,90,12.8,33.8,,block,right-foot,corner,sofascore
8738529,102291,Idriss Saadi,,84,8.3,48.0,,save,left-foot,assisted,sofascore
8738529,231946,Adrien Thomasson,,81,26.8,82.0,,miss,right-foot,regular,sofascore
8738529,18864,Burak Yılmaz,,79,26.2,36.9,,save,right-foot,assisted,sofascore
8738529,108736,Stefan Mitrović,,75,9.7,57.1,,miss,head,corner,sofascore
8738529,108736,Stefan Mitrović,,72,6.4,57.2,,block,head,corner,sofascore
8738529,343971,Ludovic Ajorque,,72,6.8,40.6,,block,left-foot,assisted,sofascore
8738529,18864,Burak Yılmaz,,68,5.8,64.7,,goal,left-foot,assisted,sofascore
8738529,840451,Luiz Araújo,,61,26.7,51.0,,block,left-foot,assisted,sofascore
8738529,945063,Mohamed Simakan,,57,7.6,56.9,,miss,head,corner,sofascore
8738529,840451,Luiz Araújo,,55,24.8,75.8,,miss,left-foot,assisted,sofascore
8738529,318967,Renato Sanches,,53,8.1,50.1,,goal,left-foot,regular,sofascore
8738529,318967,Renato Sanches,,53,10.0,53.4,,block,right-foot,regular,sofascore
8738529,18864,Burak Yılmaz,,52,9.1,73.4,,save,right-foot,assisted,sofascore
8738529,935564,Jonathan David,,48,8.7,34.9,,save,left-foot,regular,sofascore
8738529,156004,Jean-Eudes Aholou,,34,4.0,49.9,,save,right-foot,corner,sofascore
8738529,343971,Ludovic Ajorque,,34,10.8,41.7,,block,head,corner,sofascore
8738529,914660,Mehdi Chahiri,,31,13.8,69.9,,miss,right-foot,assisted,sofascore
8738529,945063,Mohamed Simakan,,28,7.2,54.6,,miss,head,corner,sofascore
8738529,318967,Renato Sanches,,25,28.2,47.8,,miss,left-foot,assisted,sofascore
8738529,893008,Zeki Çelik,,21,25.1,64.0,,goal,right-foot,regular,sofascore
8738529,935564,Jonathan David,,18,23.4,51.5,,block,left-foot,assisted,sofascore
8738529,365358,Dimitri Liénard,,13,32.0,59.0,,miss,right-foot,corner,sofascore
8738529,945063,Mohamed Simakan,,13,13.9,43.0,,miss,head,corner,sofascore
8738529,343971,Ludovic Ajorque,,7,4.8,51.8,,block,right-foot,assisted,sofascore
8738530,138573,Pablo Sarabia,,88,14.1,62.7,,goal,left-foot,assisted,sofascore
8738530,835601,Moise Kean,,87,8.7,44.8,,post,head,assisted,sofascore
8738530,962872,Kays Ruiz-Atil,,87,19.6,35.8,,block,right-foot,corner,sofascore
8738530,826643,Kylian Mbappé,,83,13.1,38.0,,goal,right-foot,assisted,sofascore
8738530,106337,Idrissa Gana Gueye,,82,16.0,63.9,,block,left-foot,regular,sofascore
8738530,152420,Alessandro Florenzi,,77,1.8,51.8,,goal,head,assisted,sofascore
8738530,138573,Pablo Sarabia,,77,1.8,41.3,,miss,head,assisted,sofascore
8738530,138573,Pablo Sarabia,,76,16.2,52.0,,miss,right-foot,regular,sofascore
8738530,152420,Alessandro Florenzi,,76,6.7,51.0,,post,head,assisted,sofascore
8738530,138573,Pablo Sarabia,,73,7.0,64.5,,block,head,corner,sofascore
8738530,826643,Kylian Mbappé,,72,12.1,45.1,,block,left-foot,regular,sofascore
8738530,316196,Niclas Eliasson,,71,12.5,43.4,,miss,left-foot,assisted,sofascore
8738530,138573,Pablo Sarabia,,67,25.1,45.7,,block,left-foot,assisted,sofascore
8738530,152420,Alessandro Florenzi,,66,12.9,66.7,,post,right-foot,assisted,sofascore
8738530,106337,Idrissa Gana Gueye,,65,27.6,37.3,,miss,right-foot,assisted,sofascore
8738530,82474,Ander Herrera,,61,13.2,52.4,,miss,head,assisted,sofascore
8738530,826643,Kylian Mbappé,,50,6.9,72.9,,miss,right-foot,assisted,sofascore
8738530,152420,Alessandro Florenzi,,49,20.6,77.8,,block,left-foot,assisted,sofascore
8738530,826643,Kylian Mbappé,,49,4.8,30.1,,save,left-foot,assisted,sofascore
8738530,106337,Idrissa Gana Gueye,,43,18.4,45.0,,block,head,regular,sofascore
8738530,826643,Kylian Mbappé,,43,8.4,45.0,,save,head,assisted,sofascore
8738530,247445,Renaud Ripart,,43,27.8,72.3,,save,left-foot,assisted,sofascore
8738530,106337,Idrissa Gana Gueye,,40,8.8,51.1,,save,head,corner,sofascore
8738530,835601,Moise Kean,,40,12.5,50.9,,save,right-foot,regular,sofascore
8738530,316196,Niclas Eliasson,,38,23.9,69.6,,save,left-foot,assisted,sofascore
8738530,152420,Alessandro Florenzi,,37,23.0,72.0,,save,right-foot,assisted,sofascore
8738530,835601,Moise Kean,,34,2.5,69.6,,miss,right-foot,assisted,sofascore
8738530,826643,Kylian Mbappé,,32,8.0,36.8,,goal,left-foot,fast-break,sofascore
8738530,82474,Ander Herrera,,29,9.8,43.1,,save,head,assisted,sofascore
8738530,826643,Kylian Mbappé,,24,7.4,45.4,,miss,head,assisted,sofascore
8738530,138573,Pablo Sarabia,,21,11.1,52.0,,miss,head,assisted,sofascore
8738530,835601,Moise Kean,,8,9.2,44.0,,miss,right-foot,assisted,sofascore
8738530,826643,Kylian Mbappé,,4,17.7,27.9,,save,right-foot,assisted,sofascore
8738530,343955,Gaëtan Paquiez,,1,26.7,45.5,,miss,right-foot,regular,sofascore
8738530,316196,Niclas Eliasson,,1,20.5,61.4,,miss,left-foot,assisted,sofascore
8738531,845273,Jean-Ricner Bellegarde,,66,13.4,69.4,,miss,left-foot,throw-in-set-piece,sofascore
8738531,795761,Kasper Dolberg,,59,10.1,57.2,,goal,right-foot,regular,sofascore
8738531,343971,Ludovic Ajorque,,56,10.5,50.0,,miss,head,assisted,sofascore
8738531,109851,Majeed Waris,,54,11.2,64.6,,miss,right-foot,corner,sofascore
8738531,795761,Kasper Dolberg,,37,11.5,50.0,,goal,right-foot,penalty,sofascore
8738531,914660,Mehdi Chahiri,,31,18.2,31.9,,miss,right-foot,assisted,sofascore
8738531,141080,Kenny Lala,,25,24.8,61.1,,miss,right-foot,free-kick,sofascore
8738531,351434,Hassane Kamara,,10,5.3,30.6,,miss,left-foot,assisted,sofascore
8738531,914660,Mehdi Chahiri,,6,23.5,22.7,,miss,right-foot,assisted,sofascore
8738532,138833,Memphis Depay,,90,10.3,44.2,,miss,right-foot,assisted,sofascore
8738532,866469,Bruno Guimarães,,90,27.1,50.7,,block,left-foot,corner,sofascore
8738532,879694,Pape Gueye,,90,34.9,46.1,,miss,left-foot,assisted,sofascore
8738532,581314,Valentin Rongier,,88,21.5,55.3,,miss,left-foot,assisted,sofascore
8738532,846081,Houssem Aouar,,84,5.6,37.3,,miss,left-foot,regular,sofascore
8738532,329303,Thiago Mendes,,79,1.7,60.0,,post,right-foot,corner,sofascore
8738532,842931,Karl Toko Ekambi,,79,3.5,46.4,,miss,right-foot,corner,sofascore
8738532,906075,Melvin Bard,,65,8.2,28.8,,save,left-foot,assisted,sofascore
8738532,329303,Thiago Mendes,,63,24.3,43.3,,block,right-foot,regular,sofascore
8738532,846081,Houssem Aouar,,58,10.3,55.8,,miss,head,corner,sofascore
8738532,859027,Maxence Caqueret,,58,12.2,56.5,,block,left-foot,assisted,sofascore
8738532,810535,Tino Kadewere,,56,11.2,52.8,,miss,head,assisted,sofascore
8738532,810535,Tino Kadewere,,49,9.9,45.2,,miss,head,assisted,sofascore
8738532,846081,Houssem Aouar,,45,13.1,60.6,,miss,right-foot,regular,sofascore
8738532,352664,Jason Denayer,,45,10.0,34.6,,miss,right-foot,corner,sofascore
8738532,352664,Jason Denayer,,42,5.7,51.8,,miss,head,corner,sofascore
8738532,842931,Karl Toko Ekambi,,42,9.9,60.2,,block,head,corner,sofascore
8738532,810535,Tino Kadewere,,39,27.1,28.6,,miss,right-foot,regular,sofascore
8738532,329303,Thiago Mendes,,29,21.7,42.4,,save,right-foot,corner,sofascore
8738532,329303,Thiago Mendes,,29,24.9,43.1,,block,right-foot,corner,sofascore
8738532,846081,Houssem Aouar,,28,11.5,50.0,,goal,right-foot,penalty,sofascore
8738532,810535,Tino Kadewere,,25,5.0,57.7,,miss,head,regular,sofascore
8738532,14216,Dimitri Payet,,16,15.2,54.5,,goal,right-foot,assisted,sofascore
8738532,552680,Léo Dubois,,13,26.7,43.9,,miss,right-foot,set-piece,sofascore
8738532,329303,Thiago Mendes,,9,21.7,29.7,,miss,right-foot,corner,sofascore
8738532,36704,Marcelo,,8,10.0,51.5,,block,head,corner,sofascore
8738532,552680,Léo Dubois,,2,5.2,65.7,,miss,right-foot,regular,sofascore
8738533,904827,Benoît Badiashile,,90,7.5,55.5,,miss,right-foot,set-piece,sofascore
8738533,37126,Stevan Jovetić,,83,7.5,40.0,,miss,head,assisted,sofascore
8738533,37126,Stevan Jovetić,,81,13.0,45.4,,block,left-foot,assisted,sofascore
8738533,37126,Stevan Jovetić,,77,27.8,37.9,,block,right-foot,free-kick,sofascore
8738533,827519,Romain Perraud,,75,1.9,32.5,,save,left-foot,assisted,sofascore
8738533,963198,Chrislain Matsima,,74,8.2,41.2,,miss,head,set-piece,sofascore
8738533,37126,Stevan Jovetić,,72,14.5,30.1,,miss,left-foot,assisted,sofascore
8738533,904827,Benoît Badiashile,,70,9.8,67.8,,miss,head,corner,sofascore
8738533,944164,Sofiane Diop,,61,21.6,38.4,,save,right-foot,regular,sofascore
8738533,944164,Sofiane Diop,,60,20.2,45.4,,miss,right-foot,corner,sofascore
8738533,579576,Ruben Aguilar,,60,11.5,54.4,,miss,head,assisted,sofascore
8738533,579576,Ruben Aguilar,,56,8.1,53.9,,miss,head,assisted,sofascore
8738533,44213,Gaëtan Charbonnier,,50,13.9,44.5,,save,right-foot,regular,sofascore
8738533,44213,Gaëtan Charbonnier,,50,11.1,51.8,,save,right-foot,set-piece,sofascore
8738533,845930,Jean-Kévin Duverne,,49,10.4,57.5,,miss,head,set-piece,sofascore
8738533,364618,Gelson Martins,,48,18.4,43.0,,miss,right-foot,set-piece,sofascore
8738533,965331,Giulian Biancone,,45,14.6,32.0,,miss,right-foot,regular,sofascore
8738533,119192,Wissam Ben Yedder,,45,24.6,39.7,,block,right-foot,free-kick,sofascore
8738533,944164,Sofiane Diop,,39,25.9,33.4,,miss,right-foot,corner,sofascore
8738533,119192,Wissam Ben Yedder,,37,8.6,35.2,,block,left-foot,assisted,sofascore
8738533,364618,Gelson Martins,,36,16.2,46.7,,save,right-foot,assisted,sofascore
8738533,518,Cesc Fàbregas,,34,30.2,45.6,,block,right-foot,assisted,sofascore
8738533,944164,Sofiane Diop,,32,22.6,63.7,,block,right-foot,corner,sofascore
8738533,44213,Gaëtan Charbonnier,,26,20.4,32.5,,miss,right-foot,assisted,sofascore
8738533,364618,Gelson Martins,,13,14.5,34.9,,miss,right-foot,assisted,sofascore
8738533,345035,Steve Mounié,,10,7.3,64.9,,save,right-foot,assisted,sofascore
8738533,913942,Romain Faivre,,8,8.5,56.3,,goal,right-foot,regular,sofascore
8738533,119192,Wissam Ben Yedder,,8,10.8,39.4,,miss,left-foot,assisted,sofascore
8738534,16460,Sylvain Marveaux,,90,11.0,31.7,,miss,left-foot,assisted,sofascore
8738534,991359,Papa Ndiaga Yade,,82,20.6,22.5,,miss,left-foot,assisted,sofascore
8738534,984014,Enzo Le Fée,,79,23.5,47.2,,block,left-foot,assisted,sofascore
8738534,834881,Stéphane Diarra,,79,25.6,56.7,,save,left-foot,assisted,sofascore
8738534,802034,Fabien Centonze,,72,11.4,65.3,,miss,right-foot,regular,sofascore
8738534,359246,Habib Maïga,,72,14.4,34.9,,save,right-foot,regular,sofascore
8738534,282095,Adrian Grbić,,70,28.9,50.4,,save,right-foot,free-kick,sofascore
8738534,150865,Thomas Monconduit,,65,27.7,71.1,,block,left-foot,assisted,sofascore
8738534,880775,Ibrahima Niane,,64,8.8,46.6,,goal,head,assisted,sofascore
8738534,880775,Ibrahima Niane,,59,19.2,48.9,,goal,right-foot,fast-break,sofascore
8738534,250453,Opa Nguette,,58,22.3,48.4,,save,right-foot,assisted,sofascore
8738534,250453,Opa Nguette,,50,18.3,38.8,,miss,right-foot,assisted,sofascore
8738534,880775,Ibrahima Niane,,45,21.1,61.4,,miss,right-foot,assisted,sofascore
8738534,880775,Ibrahima Niane,,44,11.5,50.0,,goal,right-foot,penalty,sofascore
8738534,787827,Matthieu Udol,,41,32.5,43.3,,miss,left-foot,corner,sofascore
8738534,880775,Ibrahima Niane,,39,21.7,22.8,,save,right-foot,free-kick,sofascore
8738534,857471,Pierre-Yves Hamel,,36,5.3,48.7,,goal,head,set-piece,sofascore
8738534,150865,Thomas Monconduit,,36,20.4,38.3,,block,right-foot,free-kick,sofascore
8738534,250453,Opa Nguette,,34,14.4,51.5,,miss,right-foot,assisted,sofascore
8738534,122921,Vincent Pajot,,31,8.1,56.1,,miss,head,assisted,sofascore
8738534,802034,Fabien Centonze,,22,24.4,69.9,,save,left-foot,assisted,sofascore
8738534,99945,Vincent Le Goff,,14,26.6,38.0,,miss,left-foot,corner,sofascore
8738534,845271,Dylan Bronn,,7,13.4,50.7,,save,head,corner,sofascore
8738534,250453,Opa Nguette,,6,5.0,40.8,,block,right-foot,assisted,sofascore
8738534,857471,Pierre-Yves Hamel,,5,7.4,50.3,,miss,head,corner,sofascore
8738534,857471,Pierre-Yves Hamel,,5,22.1,46.4,,save,right-foot,assisted,sofascore
8738535,66309,Petar Škuletić,,90,12.7,55.5,,save,head,assisted,sofascore
8738535,149730,Gaëtan Laborde,,90,10.5,44.4,,goal,head,assisted,sofascore
8738535,825681,Romain Del Castillo,,90,18.8,66.0,,save,left-foot,assisted,sofascore
8738535,149730,Gaëtan Laborde,,83,12.2,69.0,,miss,left-foot,regular,sofascore
8738535,973887,Eduardo Camavinga,,77,4.8,34.3,,goal,left-foot,assisted,sofascore
8738535,801287,Faitout Maouassa,,76,27.4,34.3,,block,left-foot,free-kick,sofascore
8738535,38688,Damien Le Tallec,,74,7.8,52.4,,miss,head,set-piece,sofascore
8738535,328027,Serhou Guirassy,,70,12.2,65.1,,miss,right-foot,fast-break,sofascore
8738535,976396,Joris Chotard,,69,22.9,39.6,,block,right-foot,set-piece,sofascore
8738535,846445,Martin Terrier,,67,24.4,38.0,,save,right-foot,assisted,sofascore
8738535,38688,Damien Le Tallec,,66,28.9,45.2,,miss,right-foot,regular,sofascore
8738535,74083,Damien Da Silva,,65,29.3,67.6,,miss,right-foot,regular,sofascore
8738535,831005,Raphinha,,61,8.0,50.3,,miss,head,assisted,sofascore
8738535,831005,Raphinha,,61,13.3,84.1,,post,left-foot,free-kick,sofascore
8738535,93570,Arnaud Souquet,,56,15.1,61.7,,post,left-foot,regular,sofascore
8738535,156682,Teji Savanier,,56,18.5,37.3,,save,left-foot,assisted,sofascore
8738535,801287,Faitout Maouassa,,50,26.4,45.8,,save,right-foot,assisted,sofascore
8738535,324399,Benjamin Bourigeaud,,45,25.2,63.0,,miss,right-foot,free-kick,sofascore
8738535,973887,Eduardo Camavinga,,44,24.2,34.2,,miss,left-foot,assisted,sofascore
8738535,156682,Teji Savanier,,38,26.8,32.0,,miss,right-foot,regular,sofascore
8738535,283083,Adrien Hunou,,35,8.6,45.9,,save,right-foot,assisted,sofascore
8738535,877102,Nayef Aguerd,,34,7.1,47.2,,miss,head,corner,sofascore
8738535,283083,Adrien Hunou,,33,6.0,69.0,,save,right-foot,regular,sofascore
8738535,283083,Adrien Hunou,,32,12.1,62.0,,post,right-foot,assisted,sofascore
8738535,963211,Brandon Soppy,,30,31.9,55.0,,save,right-foot,assisted,sofascore
8738535,38688,Damien Le Tallec,,22,4.1,57.0,,goal,right-foot,regular,sofascore
8738535,149730,Gaëtan Laborde,,5,8.1,41.7,,miss,head,set-piece,sofascore
8738536,255389,Leandro Paredes,,89,23.4,67.2,,block,right-foot,regular,sofascore
8738536,152420,Alessandro Florenzi,,82,5.1,66.4,,miss,head,assisted,sofascore
8738536,124712,Neymar,,76,6.3,48.9,,miss,head,assisted,sofascore
8738536,124712,Neymar,,69,3.3,49.5,,miss,right-foot,assisted,sofascore
8738536,122630,Darío Benedetto,,64,37.0,63.3,,miss,right-foot,regular,sofascore
8738536,124712,Neymar,,59,12.9,28.0,,save,left-foot,assisted,sofascore
8738536,82474,Ander Herrera,,58,21.4,66.2,,save,left-foot,assisted,sofascore
8738536,126691,Marco Verratti,,57,28.5,46.6,,miss,right-foot,regular,sofascore
8738536,138573,Pablo Sarabia,,57,9.5,53.0,,save,right-foot,assisted,sofascore
8738536,82474,Ander Herrera,,56,8.5,60.3,,miss,head,assisted,sofascore
8738536,124712,Neymar,,52,18.7,23.9,,block,right-foot,free-kick,sofascore
8738536,148824,Florian Thauvin,,45,4.3,42.9,,block,left-foot,set-piece,sofascore
8738536,257091,Duje Ćaleta-Car,,45,12.7,42.9,,block,head,set-piece,sofascore
8738536,148824,Florian Thauvin,,31,3.2,57.6,,goal,left-foot,set-piece,sofascore
8738536,124712,Neymar,,18,6.8,46.2,,miss,head,assisted,sofascore
8738536,124712,Neymar,,8,25.4,37.3,,block,right-foot,free-kick,sofascore
8738536,581314,Valentin Rongier,,5,26.9,53.6,,save,right-foot,assisted,sofascore
8738536,106337,Idrissa Gana Gueye,,2,15.2,49.6,,block,left-foot,regular,sofascore
8738536,126691,Marco Verratti,,2,6.4,48.9,,save,right-foot,assisted,sofascore
8738537,991359,Papa Ndiaga Yade,,90,19.0,78.7,,save,left-foot,free-kick,sofascore
8738537,73188,John Boye,,90,9.7,56.7,,miss,head,corner,sofascore
8738537,845271,Dylan Bronn,,89,31.9,64.6,,miss,right-foot,assisted,sofascore
8738537,122921,Vincent Pajot,,80,9.9,46.2,,save,head,assisted,sofascore
8738537,942834,Cheick Tidiane Sabaly,,80,21.2,35.6,,block,left-foot,assisted,sofascore
8738537,229722,Farid Boulaya,,70,19.4,13.2,,miss,right-foot,free-kick,sofascore
8738537,802159,Habibou Diallo,,61,8.7,47.5,,miss,head,corner,sofascore
8738537,880775,Ibrahima Niane,,60,13.4,40.4,,save,head,corner,sofascore
8738537,802034,Fabien Centonze,,60,22.8,75.2,,block,left-foot,corner,sofascore
8738537,880775,Ibrahima Niane,,58,13.2,60.9,,miss,right-foot,assisted,sofascore
8738537,880775,Ibrahima Niane,,54,15.0,37.5,,miss,right-foot,corner,sofascore
8738537,229722,Farid Boulaya,,50,24.0,29.5,,miss,right-foot,set-piece,sofascore
8738537,119192,Wissam Ben Yedder,,45,16.4,40.0,,miss,right-foot,assisted,sofascore
8738537,859025,Aurélien Tchouaméni,,41,21.7,35.8,,save,right-foot,assisted,sofascore
8738537,229722,Farid Boulaya,,27,30.9,67.9,,save,right-foot,free-kick,sofascore
8738537,904827,Benoît Badiashile,,22,10.2,44.9,,goal,left-foot,set-piece,sofascore
8738537,880775,Ibrahima Niane,,20,13.0,37.1,,miss,head,set-piece,sofascore
8738538,296434,Laurent Abergel,,85,28.5,62.3,,miss,right-foot,assisted,sofascore
8738538,834881,Stéphane Diarra,,77,15.7,63.3,,save,left-foot,assisted,sofascore
8738538,962877,Adil Aouchiche,,61,14.7,29.5,,block,right-foot,assisted,sofascore
8738538,3579,Mathieu Debuchy,,58,4.3,60.6,,miss,head,corner,sofascore
8738538,848458,Arnaud Nordin,,57,13.4,36.1,,block,left-foot,assisted,sofascore
8738538,916041,Mahdi Camara,,54,10.8,64.3,,save,right-foot,assisted,sofascore
8738538,74139,Romain Hamouma,,51,15.2,35.7,,goal,right-foot,assisted,sofascore
8738538,962877,Adil Aouchiche,,45,14.2,35.7,,save,left-foot,assisted,sofascore
8738538,282095,Adrian Grbić,,42,28.1,50.1,,block,right-foot,free-kick,sofascore
8738538,869931,Yvan Neyou,,41,28.2,41.2,,block,right-foot,assisted,sofascore
8738538,923894,Wesley Fofana,,36,11.4,40.2,,miss,head,set-piece,sofascore
8738538,805123,Yoane Wissa,,31,9.1,31.0,,block,left-foot,assisted,sofascore
8738538,760618,Denis Bouanga,,31,6.6,55.5,,miss,right-foot,set-piece,sofascore
8738538,869931,Yvan Neyou,,31,25.4,51.3,,save,right-foot,set-piece,sofascore
8738538,760618,Denis Bouanga,,23,24.9,31.2,,block,right-foot,free-kick,sofascore
8738538,74139,Romain Hamouma,,18,15.1,65.4,,goal,left-foot,fast-break,sofascore
8738538,827386,Quentin Boisgard,,17,14.4,73.2,,block,right-foot,assisted,sofascore
8738538,74139,Romain Hamouma,,13,12.2,44.7,,miss,head,assisted,sofascore
8738538,282095,Adrian Grbić,,6,15.9,72.4,,miss,right-foot,regular,sofascore
8738539,845930,Jean-Kévin Duverne,,90,8.6,43.6,,miss,head,corner,sofascore
8738539,990820,Hianga'a M'Bock,,90,8.6,58.5,,miss,head,corner,sofascore
8738539,44213,Gaëtan Charbonnier,,89,2.6,52.8,,goal,left-foot,assisted,sofascore
8738539,845789,Heriberto Tavares,,88,8.5,61.5,,save,left-foot,assisted,sofascore
8738539,928236,Leonardo Balerdi,,84,7.3,52.4,,miss,right-foot,set-piece,sofascore
8738539,44213,Gaëtan Charbonnier,,82,7.8,43.1,,miss,right-foot,corner,sofascore
8738539,257091,Duje Ćaleta-Car,,80,7.4,55.9,,goal,head,set-piece,sofascore
8738539,913942,Romain Faivre,,74,21.2,64.5,,miss,left-foot,regular,sofascore
8738539,122630,Darío Benedetto,,66,12.8,46.6,,save,left-foot,assisted,sofascore
8738539,44213,Gaëtan Charbonnier,,66,4.5,61.7,,miss,right-foot,regular,sofascore
8738539,605552,Irvin Cardona,,60,9.9,56.3,,miss,right-foot,assisted,sofascore
8738539,827519,Romain Perraud,,58,2.1,35.2,,save,left-foot,assisted,sofascore
8738539,44213,Gaëtan Charbonnier,,53,8.0,66.0,,miss,right-foot,assisted,sofascore
8738539,44213,Gaëtan Charbonnier,,53,9.3,54.2,,miss,head,corner,sofascore
8738539,913942,Romain Faivre,,45,13.4,57.9,,goal,left-foot,assisted,sofascore
8738539,605552,Irvin Cardona,,44,8.0,33.9,,block,left-foot,assisted,sofascore
8738539,913942,Romain Faivre,,43,26.3,68.2,,miss,left-foot,regular,sofascore
8738539,605552,Irvin Cardona,,41,16.0,43.3,,block,left-foot,assisted,sofascore
8738539,257091,Duje Ćaleta-Car,,27,6.5,48.6,,goal,left-foot,set-piece,sofascore
8738539,44213,Gaëtan Charbonnier,,25,12.2,57.8,,miss,head,assisted,sofascore
8738539,148824,Florian Thauvin,,20,16.1,64.9,,goal,left-foot,assisted,sofascore
8738539,913942,Romain Faivre,,16,20.8,35.7,,miss,left-foot,corner,sofascore
8738539,122630,Darío Benedetto,,14,17.5,65.5,,block,right-foot,assisted,sofascore
8738539,257091,Duje Ćaleta-Car,,14,7.8,47.8,,miss,head,set-piece,sofascore
8738539,44213,Gaëtan Charbonnier,,11,14.7,31.9,,miss,right-foot,assisted,sofascore
8738539,845930,Jean-Kévin Duverne,,8,8.6,48.2,,miss,head,set-piece,sofascore
8738541,757730,Antonin Bobichon,,90,18.1,43.7,,miss,right-foot,assisted,sofascore
8738541,153220,Stéphane Bahoken,,88,7.4,41.8,,block,right-foot,regular,sofascore
8738541,153220,Stéphane Bahoken,,88,5.9,42.6,,block,right-foot,regular,sofascore
8738541,787542,Sada Thioub,,70,23.9,55.5,,post,left-foot,assisted,sofascore
8738541,791314,Hwang Ui-Jo,,67,13.4,70.9,,save,right-foot,fast-break,sofascore
8738541,930584,Farid El Melali,,63,6.7,68.6,,save,right-foot,assisted,sofascore
8738541,787540,Angelo Fulgini,,62,10.5,57.0,,save,head,assisted,sofascore
8738541,14142,Thomas Mangani,,60,28.9,46.4,,block,left-foot,assisted,sofascore
8738541,791314,Hwang Ui-Jo,,56,8.5,55.7,,save,right-foot,assisted,sofascore
8738541,366760,Souleyman Doumbia,,52,22.3,37.9,,miss,right-foot,assisted,sofascore
8738541,787540,Angelo Fulgini,,50,22.6,43.7,,block,right-foot,assisted,sofascore
8738541,73979,Romain Thomas,,35,7.7,52.8,,block,head,set-piece,sofascore
8738541,787542,Sada Thioub,,29,25.0,33.3,,block,right-foot,assisted,sofascore
8738541,798002,Toma Bašić,,27,8.4,52.5,,goal,left-foot,assisted,sofascore
8738541,852145,Josh Maja,,25,2.5,45.2,,goal,right-foot,corner,sofascore
8738541,852145,Josh Maja,,23,9.7,48.2,,save,head,set-piece,sofascore
8738541,74045,Nicolas de Préville,,17,11.8,36.9,,save,right-foot,regular,sofascore
8738541,852145,Josh Maja,,12,15.1,34.2,,save,right-foot,assisted,sofascore
8738541,25506,Ismaël Traoré,,6,11.4,59.4,,miss,right-foot,assisted,sofascore
8738542,979128,Rayan Cherki,,85,12.5,32.8,,save,right-foot,assisted,sofascore
8738542,904994,Eric Ebimbe,,82,22.5,68.2,,save,left-foot,assisted,sofascore
8738542,318653,Moussa Dembélé,,75,11.5,40.1,,miss,head,set-piece,sofascore
8738542,979128,Rayan Cherki,,73,13.2,63.7,,save,left-foot,assisted,sofascore
8738542,794269,Jeff Reine-Adélaïde,,68,14.9,35.2,,save,left-foot,assisted,sofascore
8738542,138833,Memphis Depay,,66,11.5,50.0,,goal,right-foot,penalty,sofascore
8738542,122811,Romain Amalfitano,,61,23.9,30.7,,miss,right-foot,assisted,sofascore
8738542,138833,Memphis Depay,,60,21.5,34.7,,save,right-foot,assisted,sofascore
8738542,318653,Moussa Dembélé,,58,5.3,53.0,,miss,other,corner,sofascore
8738542,842931,Karl Toko Ekambi,,58,10.6,34.0,,save,right-foot,assisted,sofascore
8738542,915567,Aurélien Scheidler,,54,26.1,36.3,,block,left-foot,assisted,sofascore
8738542,842931,Karl Toko Ekambi,,53,4.8,45.8,,miss,head,corner,sofascore
8738542,318653,Moussa Dembélé,,52,9.1,41.9,,miss,left-foot,assisted,sofascore
8738542,842931,Karl Toko Ekambi,,51,12.5,68.4,,miss,right-foot,assisted,sofascore
8738542,318653,Moussa Dembélé,,49,11.1,32.1,,miss,right-foot,assisted,sofascore
8738542,842931,Karl Toko Ekambi,,48,14.4,69.3,,block,left-foot,assisted,sofascore
8738542,138833,Memphis Depay,,45,4.6,47.6,,goal,right-foot,regular,sofascore
8738542,122815,Wesley Lautoa,,45,3.0,49.6,,goal,left-foot,regular,sofascore
8738542,138833,Memphis Depay,,43,5.8,82.8,,miss,right-foot,regular,sofascore
8738542,280439,Maxwel Cornet,,42,15.1,29.5,,block,right-foot,assisted,sofascore
8738542,138833,Memphis Depay,,39,11.5,50.1,,goal,right-foot,penalty,sofascore
8738542,866469,Bruno Guimarães,,34,18.7,45.0,,miss,right-foot,regular,sofascore
8738542,842931,Karl Toko Ekambi,,33,6.5,57.7,,save,head,assisted,sofascore
8738542,552680,Léo Dubois,,33,13.0,66.0,,block,left-foot,regular,sofascore
8738542,318653,Moussa Dembélé,,27,8.5,49.9,,block,head,assisted,sofascore
8738542,866469,Bruno Guimarães,,26,4.4,70.9,,save,right-foot,assisted,sofascore
8738542,138833,Memphis Depay,,25,23.2,28.5,,miss,right-foot,regular,sofascore
8738542,915567,Aurélien Scheidler,,14,14.5,42.1,,goal,right-foot,regular,sofascore
8738542,915567,Aurélien Scheidler,,14,19.4,35.5,,block,left-foot,assisted,sofascore
8738542,842931,Karl Toko Ekambi,,9,8.2,52.5,,save,head,regular,sofascore
8738542,318653,Moussa Dembélé,,7,4.4,53.4,,save,right-foot,assisted,sofascore
8738542,866469,Bruno Guimarães,,5,21.4,32.0,,miss,right-foot,corner,sofascore
8738542,318653,Moussa Dembélé,,5,12.0,34.2,,block,right-foot,regular,sofascore
8738542,845274,Mounir Chouiar,,2,11.4,32.4,,block,right-foot,assisted,sofascore
8738543,146659,Baptiste Reynet,,90,10.1,36.5,,save,head,corner,sofascore
8738543,862470,Kévin Denkey,,90,14.3,40.8,,block,right-foot,regular,sofascore
8738543,862470,Kévin Denkey,,90,15.4,42.1,,save,right-foot,assisted,sofascore
8738543,230766,Haris Duljević,,90,11.3,36.1,,miss,right-foot,assisted,sofascore
8738543,862470,Kévin Denkey,,85,13.7,56.4,,save,head,assisted,sofascore
8738543,247445,Renaud Ripart,,66,7.0,59.0,,save,right-foot,corner,sofascore
8738543,247445,Renaud Ripart,,65,5.3,60.4,,block,right-foot,corner,sofascore
8738543,546416,Andrés Cubas,,63,25.9,55.5,,save,right-foot,assisted,sofascore
8738543,546416,Andrés Cubas,,62,18.2,48.2,,block,right-foot,set-piece,sofascore
8738543,842400,Zinedine Ferhat,,59,19.1,82.0,,miss,right-foot,assisted,sofascore
8738543,842400,Zinedine Ferhat,,57,22.1,72.1,,goal,left-foot,assisted,sofascore
8738543,51349,Lucas Deaux,,53,11.5,67.6,,miss,right-foot,assisted,sofascore
8738543,862470,Kévin Denkey,,50,9.4,59.8,,miss,head,assisted,sofascore
8738543,871706,Randal Kolo Muani,,45,18.4,55.9,,save,right-foot,regular,sofascore
8738543,307096,Romain Philippoteaux,,36,10.3,43.9,,save,right-foot,regular,sofascore
8738543,862470,Kévin Denkey,,36,7.5,38.3,,save,left-foot,assisted,sofascore
8738543,330051,Moses Simon,,32,14.2,52.8,,save,right-foot,fast-break,sofascore
8738543,871706,Randal Kolo Muani,,30,12.1,30.3,,block,right-foot,assisted,sofascore
8738543,965943,Imrân Louza,,27,11.6,49.7,,goal,left-foot,penalty,sofascore
8738543,842400,Zinedine Ferhat,,17,13.7,38.2,,save,right-foot,assisted,sofascore
8738543,106496,Nicolas Pallois,,15,6.1,51.8,,miss,left-foot,set-piece,sofascore
8738543,794836,Andrei Girotto,,11,9.8,52.6,,goal,head,corner,sofascore
8738543,871706,Randal Kolo Muani,,4,4.0,43.1,,miss,head,assisted,sofascore
8738543,143871,Loïck Landre,,3,9.3,65.8,,block,right-foot,set-piece,sofascore
8738543,51349,Lucas Deaux,,3,12.8,48.5,,miss,other,set-piece,sofascore
8738543,799216,Pedro Chirivella,,1,13.8,62.5,,miss,right-foot,assisted,sofascore
8738544,138833,Memphis Depay,,85,4.3,46.0,,miss,right-foot,assisted,sofascore
8738544,141080,Kenny Lala,,84,12.1,59.7,,miss,right-foot,regular,sofascore
8738544,318653,Moussa Dembélé,,83,6.8,53.1,,save,head,assisted,sofascore
8738544,156004,Jean-Eudes Aholou,,81,23.8,48.8,,miss,left-foot,regular,sofascore
8738544,231946,Adrien Thomasson,,80,12.9,29.7,,save,right-foot,assisted,sofascore
8738544,842931,Karl Toko Ekambi,,79,5.4,38.6,,miss,head,corner,sofascore
8738544,36704,Marcelo,,74,5.6,58.6,,block,head,corner,sofascore
8738544,318653,Moussa Dembélé,,73,3.6,34.2,,block,left-foot,regular,sofascore
8738544,51444,Lamine Koné,,70,9.7,50.3,,miss,head,corner,sofascore
8738544,945063,Mohamed Simakan,,68,5.3,50.3,,miss,head,corner,sofascore
8738544,329303,Thiago Mendes,,67,30.8,56.9,,miss,right-foot,assisted,sofascore
8738544,138833,Memphis Depay,,62,21.4,69.0,,save,left-foot,assisted,sofascore
8738544,839981,Lucas Paquetá,,61,26.8,67.6,,miss,left-foot,free-kick,sofascore
8738544,810535,Tino Kadewere,,59,3.8,57.9,,miss,right-foot,assisted,sofascore
8738544,156004,Jean-Eudes Aholou,,55,15.6,56.0,,goal,left-foot,assisted,sofascore
8738544,802159,Habibou Diallo,,55,7.7,51.5,,save,head,assisted,sofascore
8738544,845273,Jean-Ricner Bellegarde,,49,12.3,54.2,,miss,right-foot,assisted,sofascore
8738544,365358,Dimitri Liénard,,45,13.1,83.0,,save,left-foot,free-kick,sofascore
8738544,802159,Habibou Diallo,,43,6.5,46.4,,goal,right-foot,regular,sofascore
8738544,845273,Jean-Ricner Bellegarde,,43,14.9,64.8,,save,right-foot,assisted,sofascore
8738544,842931,Karl Toko Ekambi,,42,1.8,50.8,,goal,left-foot,assisted,sofascore
8738544,343971,Ludovic Ajorque,,39,8.3,61.6,,miss,right-foot,assisted,sofascore
8738544,108736,Stefan Mitrović,,39,8.5,48.2,,save,head,corner,sofascore
8738544,156004,Jean-Eudes Aholou,,32,14.2,47.2,,save,left-foot,assisted,sofascore
8738544,846081,Houssem Aouar,,30,12.5,61.5,,save,right-foot,regular,sofascore
8738544,842931,Karl Toko Ekambi,,25,2.3,46.6,,goal,right-foot,fast-break,sofascore
8738544,51444,Lamine Koné,,21,6.8,41.7,,miss,left-foot,set-piece,sofascore
8738544,108736,Stefan Mitrović,,21,11.0,57.2,,miss,head,set-piece,sofascore
8738544,810535,Tino Kadewere,,12,15.8,67.0,,goal,right-foot,fast-break,sofascore
8738544,810535,Tino Kadewere,,9,7.9,42.8,,miss,head,set-piece,sofascore
8738544,365358,Dimitri Liénard,,8,19.6,33.4,,miss,right-foot,throw-in-set-piece,sofascore
8738544,945063,Mohamed Simakan,,6,25.2,64.3,,miss,right-foot,regular,sofascore
8738544,343971,Ludovic Ajorque,,3,26.3,35.1,,miss,left-foot,assisted,sofascore
8738545,331753,Renaud Emond,,85,2.7,55.3,,goal,left-foot,set-piece,sofascore
8738545,794836,Andrei Girotto,,85,27.1,31.2,,miss,right-foot,set-piece,sofascore
8738545,73056,Mehdi Abeid,,74,18.1,53.0,,block,right-foot,assisted,sofascore
8738545,330051,Moses Simon,,71,4.8,39.1,,goal,left-foot,assisted,sofascore
8738545,794836,Andrei Girotto,,69,15.0,54.2,,miss,right-foot,set-piece,sofascore
8738545,1006486,Yvann Maçon,,66,18.5,25.4,,goal,right-foot,assisted,sofascore
8738545,871706,Randal Kolo Muani,,62,10.4,43.3,,miss,head,assisted,sofascore
8738545,330051,Moses Simon,,61,15.8,29.9,,miss,right-foot,assisted,sofascore
8738545,871706,Randal Kolo Muani,,55,13.6,49.4,,miss,head,assisted,sofascore
8738545,760618,Denis Bouanga,,51,16.2,69.7,,block,left-foot,assisted,sofascore
8738545,330051,Moses Simon,,32,10.2,34.3,,miss,head,assisted,sofascore
8738545,862194,Zaydou Youssouf,,27,19.7,50.7,,miss,left-foot,assisted,sofascore
8738545,73056,Mehdi Abeid,,24,30.2,25.2,,miss,right-foot,assisted,sofascore
8738545,871706,Randal Kolo Muani,,13,25.8,52.6,,miss,right-foot,regular,sofascore
8738545,106496,Nicolas Pallois,,12,14.4,28.1,,miss,left-foot,set-piece,sofascore
8738545,848458,Arnaud Nordin,,7,20.2,33.8,,block,right-foot,regular,sofascore
8738545,848458,Arnaud Nordin,,7,24.4,19.8,,save,left-foot,regular,sofascore
8738545,40677,Fábio,,6,14.6,37.7,,block,left-foot,assisted,sofascore
8738545,106496,Nicolas Pallois,,6,14.3,50.0,,save,head,corner,sofascore
8738545,785418,Marcus Coco,,4,2.8,65.0,,miss,right-foot,assisted,sofascore
8738545,962877,Adil Aouchiche,,2,2.5,49.0,,goal,right-foot,assisted,sofascore
8738546,855810,Tim Weah,,90,7.1,49.4,,miss,right-foot,assisted,sofascore
8738546,887581,Boubakary Soumaré,,88,26.6,48.9,,save,left-foot,assisted,sofascore
8738546,140992,Valère Germain,,85,3.6,53.6,,goal,head,corner,sofascore
8738546,826204,Boubacar Kamara,,77,24.2,36.4,,miss,right-foot,assisted,sofascore
8738546,27622,José Fonte,,75,12.7,44.7,,save,head,corner,sofascore
8738546,51665,Benjamin André,,75,8.4,52.4,,save,head,corner,sofascore
8738546,581314,Valentin Rongier,,70,24.2,47.2,,post,right-foot,regular,sofascore
8738546,122630,Darío Benedetto,,70,14.5,41.9,,block,right-foot,assisted,sofascore
8738546,840451,Luiz Araújo,,66,19.5,69.0,,post,left-foot,free-kick,sofascore
8738546,840451,Luiz Araújo,,62,15.7,58.5,,save,left-foot,assisted,sofascore
8738546,935564,Jonathan David,,62,15.4,59.4,,save,left-foot,assisted,sofascore
8738546,122630,Darío Benedetto,,59,28.8,71.5,,miss,right-foot,assisted,sofascore
8738546,250133,Morgan Sanson,,59,23.4,45.2,,block,left-foot,regular,sofascore
8738546,257091,Duje Ćaleta-Car,,55,9.0,48.5,,miss,head,corner,sofascore
8738546,18864,Burak Yılmaz,,48,7.4,45.0,,post,left-foot,assisted,sofascore
8738546,840451,Luiz Araújo,,47,14.4,56.1,,goal,left-foot,assisted,sofascore
8738546,595576,Jonathan Bamba,,46,22.4,36.5,,miss,right-foot,assisted,sofascore
8738546,840451,Luiz Araújo,,43,26.6,57.1,,miss,left-foot,assisted,sofascore
8738546,893008,Zeki Çelik,,43,16.8,71.1,,save,right-foot,assisted,sofascore
8738546,840451,Luiz Araújo,,30,14.8,64.4,,block,left-foot,assisted,sofascore
8738546,840451,Luiz Araújo,,29,24.2,53.8,,miss,left-foot,assisted,sofascore
8738546,14216,Dimitri Payet,,28,15.1,63.5,,miss,right-foot,assisted,sofascore
8738546,148824,Florian Thauvin,,27,28.5,58.3,,miss,left-foot,assisted,sofascore
8738546,150212,Álvaro González,,25,11.0,64.7,,save,head,corner,sofascore
8738546,122630,Darío Benedetto,,1,15.5,32.4,,block,right-foot,assisted,sofascore
8738547,833030,Samuel Kalu,,90,11.0,61.0,,goal,head,set-piece,sofascore
8738547,852145,Josh Maja,,90,22.3,42.8,,miss,left-foot,assisted,sofascore
8738547,860307,Facundo Medina,,79,7.1,56.9,,miss,head,corner,sofascore
8738547,191178,Corentin Jean,,79,5.2,73.2,,save,right-foot,assisted,sofascore
8738547,788921,Florian Sotoca,,72,14.3,34.0,,block,right-foot,assisted,sofascore
8738547,842709,Rémi Oudin,,72,1.8,35.2,,miss,left-foot,assisted,sofascore
8738547,788921,Florian Sotoca,,70,6.7,56.3,,miss,left-foot,regular,sofascore
8738547,291695,Issiaga Sylla,,70,9.2,39.8,,block,left-foot,assisted,sofascore
8738547,46387,Gaël Kakuta,,59,11.5,50.0,,goal,left-foot,penalty,sofascore
8738547,74045,Nicolas de Préville,,51,33.6,37.3,,miss,right-foot,free-kick,sofascore
8738547,890329,Ignatius Kpene Ganago,,47,3.7,34.8,,goal,right-foot,regular,sofascore
8738547,552686,Otávio,,45,21.1,40.0,,save,right-foot,regular,sofascore
8738547,46387,Gaël Kakuta,,43,14.8,69.0,,block,left-foot,assisted,sofascore
8738547,890329,Ignatius Kpene Ganago,,38,4.2,50.0,,save,right-foot,corner,sofascore
8738547,906047,Cheick Doucouré,,38,23.9,55.3,,block,right-foot,corner,sofascore
8738547,291695,Issiaga Sylla,,27,2.7,62.4,,miss,head,corner,sofascore
8738547,339227,Steven Fortes,,26,7.6,47.3,,miss,head,corner,sofascore
8738547,788921,Florian Sotoca,,25,15.0,51.9,,block,left-foot,assisted,sofascore
8738547,906047,Cheick Doucouré,,25,27.6,30.7,,miss,right-foot,assisted,sofascore
8738547,788921,Florian Sotoca,,23,28.0,65.4,,save,right-foot,assisted,sofascore
8738547,51340,Laurent Koscielny,,17,9.0,59.0,,miss,head,set-piece,sofascore
8738547,890329,Ignatius Kpene Ganago,,14,13.9,61.1,,miss,right-foot,assisted,sofascore
8738547,821728,Jonathan Clauss,,13,14.6,73.5,,miss,left-foot,regular,sofascore
8738547,890329,Ignatius Kpene Ganago,,13,9.3,61.4,,block,right-foot,assisted,sofascore
8738547,842709,Rémi Oudin,,8,4.6,35.9,,save,left-foot,set-piece,sofascore
8738547,46387,Gaël Kakuta,,4,9.4,66.6,,miss,left-foot,regular,sofascore
8738548,996951,Sinaly Diomandé,,90,9.3,67.8,,miss,head,assisted,sofascore
8738548,318653,Moussa Dembélé,,90,8.6,43.8,,block,head,assisted,sofascore
8738548,810535,Tino Kadewere,,90,8.4,44.5,,save,head,corner,sofascore
8738548,318653,Moussa Dembélé,,89,14.8,42.1,,block,right-foot,regular,sofascore
8738548,927975,Jean Lucas,,89,27.1,54.6,,block,right-foot,assisted,sofascore
8738548,979128,Rayan Cherki,,84,19.9,26.6,,block,right-foot,assisted,sofascore
8738548,866469,Bruno Guimarães,,78,20.1,32.0,,save,left-foot,regular,sofascore
8738548,927975,Jean Lucas,,70,17.1,38.2,,block,right-foot,corner,sofascore
8738548,51421,Nolan Roux,,65,46.9,59.2,,miss,right-foot,assisted,sofascore
8738548,822878,Lamine Fomba,,64,19.0,51.8,,miss,right-foot,assisted,sofascore
8738548,247445,Renaud Ripart,,64,22.6,31.6,,block,right-foot,assisted,sofascore
8738548,138833,Memphis Depay,,62,16.5,14.7,,miss,right-foot,corner,sofascore
8738548,138833,Memphis Depay,,58,11.8,35.1,,block,left-foot,assisted,sofascore
8738548,777067,Florian Miguel,,56,11.5,27.7,,save,left-foot,throw-in-set-piece,sofascore
8738548,842400,Zinedine Ferhat,,45,24.4,55.7,,block,left-foot,fast-break,sofascore
8738548,979128,Rayan Cherki,,45,22.1,57.9,,block,right-foot,assisted,sofascore
8738548,842400,Zinedine Ferhat,,40,18.2,74.8,,save,right-foot,fast-break,sofascore
8738548,866469,Bruno Guimarães,,39,20.7,38.8,,block,right-foot,corner,sofascore
8738548,796082,Sidy Sarr,,23,30.2,44.3,,save,right-foot,regular,sofascore
8738548,230766,Haris Duljević,,23,20.5,45.6,,block,left-foot,fast-break,sofascore
8738548,138833,Memphis Depay,,21,19.9,18.0,,miss,right-foot,assisted,sofascore
8738548,247445,Renaud Ripart,,11,17.4,58.1,,post,right-foot,assisted,sofascore
8738548,318653,Moussa Dembélé,,10,7.1,47.4,,miss,head,assisted,sofascore
8738548,280439,Maxwel Cornet,,8,4.7,57.5,,miss,right-foot,regular,sofascore
8738548,280439,Maxwel Cornet,,8,12.2,49.9,,save,left-foot,assisted,sofascore
8738548,822878,Lamine Fomba,,4,13.4,56.7,,miss,right-foot,regular,sofascore
8738549,3577,Dante,,90,18.2,62.9,,miss,left-foot,free-kick,sofascore
8738549,859026,Amine Gouiri,,89,9.5,17.9,,block,right-foot,regular,sofascore
8738549,859026,Amine Gouiri,,88,26.7,46.9,,save,right-foot,assisted,sofascore
8738549,930245,Evann Guessand,,78,6.8,35.3,,save,right-foot,assisted,sofascore
8738549,944327,Dan Ndoye,,75,14.0,58.1,,miss,head,assisted,sofascore
8738549,155995,Marquinhos,,66,1.8,52.4,,goal,head,set-piece,sofascore
8738549,826643,Kylian Mbappé,,64,10.1,50.4,,block,right-foot,fast-break,sofascore
8738549,233114,Mauro Icardi,,63,3.6,43.1,,post,left-foot,corner,sofascore
8738549,801306,Pierre Lees Melou,,61,24.5,43.7,,block,right-foot,assisted,sofascore
8738549,801306,Pierre Lees Melou,,60,25.4,44.9,,miss,left-foot,assisted,sofascore
8738549,233114,Mauro Icardi,,59,8.6,38.6,,save,right-foot,assisted,sofascore
8738549,30027,Ángel Di María,,56,16.9,50.1,,block,left-foot,regular,sofascore
8738549,894238,Youcef Atal,,53,13.7,68.5,,save,left-foot,assisted,sofascore
8738549,859026,Amine Gouiri,,51,7.5,44.0,,miss,head,assisted,sofascore
8738549,30027,Ángel Di María,,45,6.8,49.1,,goal,left-foot,regular,sofascore
8738549,826643,Kylian Mbappé,,45,11.2,32.8,,save,right-foot,assisted,sofascore
8738549,352916,Presnel Kimpembe,,44,10.5,36.7,,miss,left-foot,corner,sofascore
8738549,826643,Kylian Mbappé,,44,7.4,69.6,,block,right-foot,assisted,sofascore
8738549,190147,Rony Lopes,,42,8.3,56.7,,save,right-foot,assisted,sofascore
8738549,82474,Ander Herrera,,40,10.9,53.4,,block,right-foot,set-piece,sofascore
8738549,826643,Kylian Mbappé,,38,11.5,50.0,,goal,right-foot,penalty,sofascore
8738549,190147,Rony Lopes,,34,20.7,72.0,,miss,left-foot,assisted,sofascore
8738549,826643,Kylian Mbappé,,25,4.6,33.8,,miss,left-foot,assisted,sofascore
8738549,894238,Youcef Atal,,20,25.4,76.5,,block,right-foot,assisted,sofascore
8738549,27009,Morgan Schneiderlin,,19,27.5,52.1,,save,right-foot,regular,sofascore
8738549,30027,Ángel Di María,,17,12.1,66.6,,save,left-foot,assisted,sofascore
8738549,826643,Kylian Mbappé,,11,15.8,36.3,,block,right-foot,assisted,sofascore
8738549,859026,Amine Gouiri,,4,20.2,14.8,,block,right-foot,free-kick,sofascore
8738550,150865,Thomas Monconduit,,90,14.5,53.6,,goal,right-foot,assisted,sofascore
8738550,827519,Romain Perraud,,90,26.7,52.2,,save,right-foot,assisted,sofascore
8738550,345035,Steve Mounié,,90,18.7,53.4,,save,left-foot,assisted,sofascore
8738550,605552,Irvin Cardona,,89,9.7,46.8,,save,right-foot,assisted,sofascore
8738550,891562,Franklin Wadja,,82,28.2,61.7,,miss,right-foot,regular,sofascore
8738550,280453,Franck Honorat,,73,13.8,38.4,,block,right-foot,assisted,sofascore
8738550,44213,Gaëtan Charbonnier,,68,16.4,64.5,,block,right-foot,assisted,sofascore
8738550,280453,Franck Honorat,,63,25.5,59.7,,miss,right-foot,assisted,sofascore
8738550,280453,Franck Honorat,,62,14.5,67.0,,goal,right-foot,regular,sofascore
8738550,282095,Adrian Grbić,,59,22.9,35.1,,save,left-foot,assisted,sofascore
8738550,827519,Romain Perraud,,59,29.9,30.3,,block,left-foot,regular,sofascore
8738550,44213,Gaëtan Charbonnier,,59,10.8,46.9,,block,head,assisted,sofascore
8738550,913942,Romain Faivre,,57,10.5,63.9,,miss,right-foot,assisted,sofascore
8738550,44860,Thomas Fontaine,,54,6.9,57.0,,save,head,set-piece,sofascore
8738550,845930,Jean-Kévin Duverne,,39,14.6,55.3,,miss,left-foot,set-piece,sofascore
8738550,282095,Adrian Grbić,,38,7.0,45.9,,post,left-foot,assisted,sofascore
8738550,225092,Christophe Herelle,,34,7.0,55.7,,goal,head,set-piece,sofascore
8738550,857471,Pierre-Yves Hamel,,34,9.2,55.2,,miss,head,set-piece,sofascore
8738550,345035,Steve Mounié,,32,9.6,50.0,,goal,head,assisted,sofascore
8738550,805123,Yoane Wissa,,31,13.6,33.7,,block,right-foot,assisted,sofascore
8738550,827519,Romain Perraud,,30,10.4,35.5,,goal,left-foot,assisted,sofascore
8738550,805123,Yoane Wissa,,25,14.4,43.1,,miss,left-foot,fast-break,sofascore
8738550,16429,Jérémy Morel,,23,12.8,55.9,,miss,left-foot,corner,sofascore
8738550,913942,Romain Faivre,,12,10.5,63.9,,miss,left-foot,assisted,sofascore
8738550,296434,Laurent Abergel,,11,29.5,26.0,,save,right-foot,assisted,sofascore
8738551,356024,Thierry Ambrose,,90,22.4,24.2,,miss,right-foot,assisted,sofascore
8738551,880775,Ibrahima Niane,,88,4.1,45.5,,goal,right-foot,assisted,sofascore
8738551,789984,Dereck Kutesa,,86,13.0,28.3,,block,right-foot,assisted,sofascore
8738551,229722,Farid Boulaya,,77,18.9,27.2,,miss,right-foot,assisted,sofascore
8738551,356024,Thierry Ambrose,,74,24.0,45.1,,block,right-foot,corner,sofascore
8738551,356024,Thierry Ambrose,,70,8.5,42.2,,block,head,corner,sofascore
8738551,831781,Ghislain Konan,,69,25.4,30.1,,miss,right-foot,regular,sofascore
8738551,787827,Matthieu Udol,,67,15.5,29.7,,miss,left-foot,assisted,sofascore
8738551,960080,Boulaye Dia,,63,10.9,62.3,,block,right-foot,assisted,sofascore
8738551,880775,Ibrahima Niane,,57,22.5,65.2,,miss,right-foot,assisted,sofascore
8738551,229722,Farid Boulaya,,56,29.1,60.5,,save,right-foot,assisted,sofascore
8738551,229722,Farid Boulaya,,51,25.9,34.0,,miss,right-foot,free-kick,sofascore
8738551,156009,Victorien Angban,,47,12.8,78.1,,miss,right-foot,regular,sofascore
8738551,960080,Boulaye Dia,,43,11.5,50.0,,goal,right-foot,penalty,sofascore
8738551,816810,Mathieu Cafaro,,36,17.8,77.2,,block,right-foot,assisted,sofascore
8738551,250453,Opa Nguette,,31,3.9,48.4,,save,right-foot,assisted,sofascore
8738551,880775,Ibrahima Niane,,18,10.1,52.6,,goal,head,set-piece,sofascore
8738551,227892,Arbër Zeneli,,14,18.3,47.2,,save,right-foot,assisted,sofascore
8738551,880775,Ibrahima Niane,,13,16.5,69.3,,block,right-foot,regular,sofascore
8738551,960080,Boulaye Dia,,12,19.9,39.2,,miss,right-foot,assisted,sofascore
8738551,227892,Arbër Zeneli,,10,18.4,48.1,,save,right-foot,assisted,sofascore
8738551,98197,Valon Berisha,,10,14.6,34.0,,miss,right-foot,assisted,sofascore
8738551,229722,Farid Boulaya,,6,21.4,28.5,,miss,right-foot,assisted,sofascore
8738551,227892,Arbër Zeneli,,3,18.2,48.5,,save,left-foot,regular,sofascore
8738552,805123,Yoane Wissa,,90,11.5,50.0,,goal,right-foot,penalty,sofascore
8738552,890329,Ignatius Kpene Ganago,,81,21.9,66.2,,miss,right-foot,regular,sofascore
8738552,827386,Quentin Boisgard,,80,31.7,56.7,,save,right-foot,free-kick,sofascore
8738552,593546,Tony Mauricio,,77,14.3,43.9,,save,left-foot,regular,sofascore
8738552,890329,Ignatius Kpene Ganago,,73,14.2,50.1,,miss,left-foot,assisted,sofascore
8738552,138880,Manuel Perez,,73,20.2,23.7,,block,right-foot,free-kick,sofascore
8738552,890329,Ignatius Kpene Ganago,,63,13.5,42.5,,goal,left-foot,assisted,sofascore
8738552,845119,Houboulang Mendes,,52,33.5,64.1,,miss,right-foot,set-piece,sofascore
8738552,1006489,Loïc Badé,,45,12.3,54.2,,save,head,set-piece,sofascore
8738552,26890,Fabien Lemoine,,37,28.9,33.3,,miss,right-foot,assisted,sofascore
8738552,860307,Facundo Medina,,34,8.4,52.2,,goal,left-foot,set-piece,sofascore
8738552,46387,Gaël Kakuta,,31,11.5,50.0,,goal,left-foot,penalty,sofascore
8738552,46387,Gaël Kakuta,,24,21.1,60.2,,miss,left-foot,assisted,sofascore
8738552,282095,Adrian Grbić,,14,14.1,51.8,,goal,left-foot,assisted,sofascore
8738552,16460,Sylvain Marveaux,,12,14.8,74.5,,block,left-foot,assisted,sofascore
8738552,46387,Gaël Kakuta,,10,22.5,57.9,,miss,left-foot,regular,sofascore
8738552,191178,Corentin Jean,,8,4.1,41.8,,miss,head,assisted,sofascore
8738552,788921,Florian Sotoca,,5,19.0,64.3,,save,right-foot,regular,sofascore
8738553,324399,Benjamin Bourigeaud,,90,13.7,63.3,,goal,right-foot,fast-break,sofascore
8738553,558522,Anthony Briançon,,90,13.8,44.1,,save,left-foot,corner,sofascore
8738553,825681,Romain Del Castillo,,90,9.9,41.2,,save,left-foot,fast-break,sofascore
8738553,606530,Birger Meling,,90,14.3,43.3,,save,left-foot,regular,sofascore
8738553,822878,Lamine Fomba,,90,9.8,44.7,,block,right-foot,assisted,sofascore
8738553,51421,Nolan Roux,,90,9.2,41.8,,miss,head,assisted,sofascore
8738553,842400,Zinedine Ferhat,,83,8.7,64.8,,miss,head,assisted,sofascore
8738553,328027,Serhou Guirassy,,76,18.5,47.8,,miss,right-foot,assisted,sofascore
8738553,877102,Nayef Aguerd,,72,7.4,46.6,,goal,left-foot,set-piece,sofascore
8738553,801287,Faitout Maouassa,,71,26.0,23.1,,block,right-foot,assisted,sofascore
8738553,328027,Serhou Guirassy,,65,5.6,56.1,,miss,head,assisted,sofascore
8738553,842400,Zinedine Ferhat,,62,7.7,58.8,,save,head,corner,sofascore
8738553,944142,Yassine Benrahou,,61,30.2,36.3,,miss,left-foot,regular,sofascore
8738553,842400,Zinedine Ferhat,,55,13.2,47.2,,goal,left-foot,assisted,sofascore
8738553,944142,Yassine Benrahou,,42,26.4,51.3,,save,left-foot,regular,sofascore
8738553,328027,Serhou Guirassy,,39,7.7,47.6,,goal,right-foot,assisted,sofascore
8738553,546416,Andrés Cubas,,36,18.5,53.7,,goal,left-foot,corner,sofascore
8738553,862470,Kévin Denkey,,30,14.3,47.2,,save,left-foot,assisted,sofascore
8738553,51652,Steven​ N'Zonzi,,24,22.4,54.6,,miss,right-foot,fast-break,sofascore
8738553,247445,Renaud Ripart,,24,11.2,74.5,,block,right-foot,regular,sofascore
8738553,862470,Kévin Denkey,,22,4.4,59.0,,save,left-foot,regular,sofascore
8738553,842400,Zinedine Ferhat,,14,19.9,73.8,,miss,right-foot,assisted,sofascore
8738553,328027,Serhou Guirassy,,12,23.1,49.2,,goal,left-foot,assisted,sofascore
8738553,862470,Kévin Denkey,,11,19.1,66.4,,block,right-foot,assisted,sofascore
8738553,546416,Andrés Cubas,,10,25.4,37.9,,miss,right-foot,assisted,sofascore
8738553,51349,Lucas Deaux,,5,7.6,40.6,,save,right-foot,corner,sofascore
8738553,74083,Damien Da Silva,,1,5.4,37.5,,save,head,corner,sofascore
8738554,840451,Luiz Araújo,,90,9.4,54.0,,miss,left-foot,assisted,sofascore
8738554,595576,Jonathan Bamba,,90,24.4,49.5,,save,right-foot,assisted,sofascore
8738554,595576,Jonathan Bamba,,90,13.4,31.0,,block,right-foot,assisted,sofascore
8738554,840451,Luiz Araújo,,88,12.8,48.5,,goal,left-foot,assisted,sofascore
8738554,18864,Burak Yılmaz,,82,23.0,29.8,,save,right-foot,free-kick,sofascore
8738554,27622,José Fonte,,80,11.6,56.3,,miss,head,set-piece,sofascore
8738554,840451,Luiz Araújo,,77,24.5,41.5,,miss,left-foot,assisted,sofascore
8738554,802142,Jonathan Ikoné,,69,9.4,58.3,,miss,left-foot,assisted,sofascore
8738554,595576,Jonathan Bamba,,59,21.6,38.2,,save,right-foot,regular,sofascore
8738554,802142,Jonathan Ikoné,,57,19.2,48.2,,block,left-foot,assisted,sofascore
8738554,595576,Jonathan Bamba,,52,23.7,38.6,,block,right-foot,assisted,sofascore
8738554,18864,Burak Yılmaz,,46,12.7,33.4,,miss,left-foot,assisted,sofascore
8738554,935564,Jonathan David,,46,27.3,38.6,,block,right-foot,assisted,sofascore
8738554,802142,Jonathan Ikoné,,45,19.2,46.0,,miss,left-foot,regular,sofascore
8738554,880775,Ibrahima Niane,,29,7.4,41.6,,miss,head,assisted,sofascore
8738554,359246,Habib Maïga,,27,5.0,65.3,,miss,right-foot,corner,sofascore
8738554,880775,Ibrahima Niane,,26,4.6,62.3,,block,right-foot,assisted,sofascore
8738554,880775,Ibrahima Niane,,24,4.4,44.6,,miss,right-foot,assisted,sofascore
8738554,897594,Domagoj Bradarić,,19,24.2,35.5,,save,left-foot,corner,sofascore
8738554,935564,Jonathan David,,17,11.4,56.6,,save,right-foot,assisted,sofascore
8738554,845271,Dylan Bronn,,14,9.2,40.7,,save,head,corner,sofascore
8738555,108736,Stefan Mitrović,,90,3.4,39.6,,miss,head,corner,sofascore
8738555,289977,Alexander Djiku,,90,7.8,50.0,,block,head,corner,sofascore
8738555,365358,Dimitri Liénard,,90,32.0,41.9,,miss,left-foot,assisted,sofascore
8738555,914660,Mehdi Chahiri,,90,12.9,40.4,,save,right-foot,regular,sofascore
8738555,231946,Adrien Thomasson,,90,14.7,54.0,,block,left-foot,assisted,sofascore
8738555,862194,Zaydou Youssouf,,89,14.5,81.7,,miss,left-foot,free-kick,sofascore
8738555,916041,Mahdi Camara,,82,4.8,48.0,,goal,right-foot,regular,sofascore
8738555,365358,Dimitri Liénard,,80,20.0,70.9,,block,left-foot,free-kick,sofascore
8738555,914660,Mehdi Chahiri,,77,24.2,28.9,,miss,right-foot,assisted,sofascore
8738555,365358,Dimitri Liénard,,74,17.2,27.7,,miss,left-foot,assisted,sofascore
8738555,760618,Denis Bouanga,,57,11.5,50.0,,goal,right-foot,penalty,sofascore
8738555,891793,Kévin Zohi,,53,12.8,52.8,,save,right-foot,throw-in-set-piece,sofascore
8738555,141080,Kenny Lala,,45,14.8,19.4,,save,right-foot,free-kick,sofascore
8738555,962877,Adil Aouchiche,,42,17.7,46.0,,save,right-foot,free-kick,sofascore
8738555,916041,Mahdi Camara,,37,13.5,66.2,,block,right-foot,assisted,sofascore
8738555,3579,Mathieu Debuchy,,23,10.0,50.9,,miss,head,corner,sofascore
8738555,41605,Timothée Kolodziejczak,,18,8.3,50.1,,miss,head,corner,sofascore
8738555,848458,Arnaud Nordin,,15,15.2,32.5,,save,right-foot,assisted,sofascore
8738555,845273,Jean-Ricner Bellegarde,,13,14.5,51.1,,block,left-foot,assisted,sofascore
8738555,109851,Majeed Waris,,13,4.6,53.0,,save,head,assisted,sofascore
8738555,891793,Kévin Zohi,,7,14.1,40.9,,save,right-foot,assisted,sofascore
8738555,891793,Kévin Zohi,,6,19.9,43.5,,save,head,corner,sofascore
8738555,760618,Denis Bouanga,,3,18.3,65.2,,miss,left-foot,set-piece,sofascore
8738556,842400,Zinedine Ferhat,,87,10.3,54.0,,goal,right-foot,assisted,sofascore
8738556,606530,Birger Meling,,85,22.1,41.9,,block,left-foot,corner,sofascore
8738556,1067123,Marco Majouga,,84,20.5,82.4,,block,right-foot,assisted,sofascore
8738556,191178,Corentin Jean,,84,20.1,31.4,,save,right-foot,assisted,sofascore
8738556,825945,Simon Banza,,77,14.1,63.7,,miss,right-foot,assisted,sofascore
8738556,191178,Corentin Jean,,76,21.4,63.9,,save,right-foot,regular,sofascore
8738556,825945,Simon Banza,,69,7.8,42.8,,miss,head,set-piece,sofascore
8738556,247445,Renaud Ripart,,68,24.4,27.4,,save,right-foot,regular,sofascore
8738556,788921,Florian Sotoca,,61,4.1,59.2,,block,head,corner,sofascore
8738556,821728,Jonathan Clauss,,60,21.9,70.9,,block,right-foot,assisted,sofascore
8738556,46387,Gaël Kakuta,,59,24.1,71.7,,save,left-foot,regular,sofascore
8738556,51421,Nolan Roux,,48,15.5,81.4,,miss,right-foot,regular,sofascore
8738556,51421,Nolan Roux,,48,25.6,68.8,,block,right-foot,regular,sofascore
8738556,788921,Florian Sotoca,,46,5.4,43.1,,miss,right-foot,assisted,sofascore
8738556,51363,Yannick Cahuzac,,45,19.1,65.1,,block,right-foot,assisted,sofascore
8738556,46387,Gaël Kakuta,,45,33.5,35.8,,miss,left-foot,regular,sofascore
8738556,247445,Renaud Ripart,,45,9.5,57.3,,block,left-foot,assisted,sofascore
8738556,51421,Nolan Roux,,44,29.2,74.5,,block,right-foot,assisted,sofascore
8738556,546416,Andrés Cubas,,37,26.6,70.5,,save,left-foot,set-piece,sofascore
8738556,890329,Ignatius Kpene Ganago,,34,6.3,47.4,,goal,left-foot,assisted,sofascore
8738556,788921,Florian Sotoca,,30,9.9,34.7,,miss,left-foot,assisted,sofascore
8738556,343955,Gaëtan Paquiez,,30,27.8,75.8,,miss,right-foot,assisted,sofascore
8738556,546416,Andrés Cubas,,21,20.7,35.3,,miss,right-foot,corner,sofascore
8738556,788921,Florian Sotoca,,17,8.1,65.8,,block,right-foot,assisted,sofascore
8738556,606530,Birger Meling,,15,22.8,38.6,,save,left-foot,corner,sofascore
8738556,821728,Jonathan Clauss,,7,15.7,57.0,,save,left-foot,regular,sofascore
8738556,46387,Gaël Kakuta,,6,23.1,46.4,,post,left-foot,free-kick,sofascore
8738556,842400,Zinedine Ferhat,,1,12.7,64.0,,miss,left-foot,assisted,sofascore
8738557,822877,Alexis Claude-Maurice,,90,18.5,29.9,,miss,left-foot,corner,sofascore
8738557,859026,Amine Gouiri,,90,14.2,29.3,,block,right-foot,assisted,sofascore
8738557,605338,Stephy Mavididi,,87,8.5,68.4,,miss,right-foot,assisted,sofascore
8738557,84744,Andy Delort,,80,4.8,29.8,,save,right-foot,assisted,sofascore
8738557,795761,Kasper Dolberg,,72,3.1,44.6,,miss,right-foot,assisted,sofascore
8738557,3577,Dante,,69,8.2,47.2,,goal,head,set-piece,sofascore
8738557,5585,Daniel Congré,,64,6.7,53.0,,goal,right-foot,corner,sofascore
8738557,363774,Mihailo Ristić,,64,22.8,39.4,,save,left-foot,corner,sofascore
8738557,156682,Teji Savanier,,63,23.2,33.0,,save,right-foot,assisted,sofascore
8738557,156682,Teji Savanier,,58,26.2,72.6,,block,right-foot,free-kick,sofascore
8738557,801306,Pierre Lees Melou,,52,13.6,65.2,,block,right-foot,set-piece,sofascore
8738557,5585,Daniel Congré,,50,6.1,44.3,,goal,head,corner,sofascore
8738557,156682,Teji Savanier,,50,15.1,4.4,,save,right-foot,free-kick,sofascore
8738557,84744,Andy Delort,,49,13.3,72.1,,save,right-foot,assisted,sofascore
8738557,822877,Alexis Claude-Maurice,,48,32.4,60.5,,miss,right-foot,free-kick,sofascore
8738557,149730,Gaëtan Laborde,,36,13.4,43.6,,block,left-foot,corner,sofascore
8738557,3577,Dante,,28,9.3,48.1,,block,head,corner,sofascore
8738557,351434,Hassane Kamara,,27,30.6,35.9,,block,left-foot,assisted,sofascore
8738557,149730,Gaëtan Laborde,,25,7.3,42.2,,save,left-foot,regular,sofascore
8738557,149730,Gaëtan Laborde,,25,8.0,57.6,,save,head,assisted,sofascore
8738557,795761,Kasper Dolberg,,23,7.1,56.7,,miss,head,set-piece,sofascore
8738557,149730,Gaëtan Laborde,,18,12.0,43.9,,goal,left-foot,assisted,sofascore
8738557,149730,Gaëtan Laborde,,16,8.1,33.0,,save,left-foot,assisted,sofascore
8738557,149730,Gaëtan Laborde,,15,7.8,58.1,,miss,head,assisted,sofascore
8738557,84744,Andy Delort,,14,14.3,81.1,,save,right-foot,assisted,sofascore
8738557,363774,Mihailo Ristić,,12,23.6,48.1,,miss,left-foot,corner,sofascore
8738557,123229,Jordan Ferri,,8,19.2,60.6,,block,right-foot,corner,sofascore
8738557,156682,Teji Savanier,,8,5.6,34.3,,block,left-foot,assisted,sofascore
8738557,149730,Gaëtan Laborde,,5,6.6,49.3,,save,other,set-piece,sofascore
8738558,787540,Angelo Fulgini,,87,17.9,38.6,,post,right-foot,free-kick,sofascore
8738558,914877,Fraser Hornby,,84,9.0,53.9,,save,head,assisted,sofascore
8738558,344751,Baptiste Santamaria,,78,30.1,57.6,,save,left-foot,assisted,sofascore
8738558,25506,Ismaël Traoré,,74,7.4,36.1,,miss,head,set-piece,sofascore
8738558,157029,Xavier Chavalerin,,69,13.3,30.3,,miss,right-foot,assisted,sofascore
8738558,98197,Valon Berisha,,67,13.5,15.4,,miss,right-foot,free-kick,sofascore
8738558,960080,Boulaye Dia,,62,7.6,66.0,,miss,right-foot,assisted,sofascore
8738558,153220,Stéphane Bahoken,,58,22.2,23.7,,miss,right-foot,assisted,sofascore
8738558,153220,Stéphane Bahoken,,55,11.5,40.7,,goal,left-foot,assisted,sofascore
8738558,789984,Dereck Kutesa,,54,3.0,37.5,,miss,right-foot,assisted,sofascore
8738558,757730,Antonin Bobichon,,50,8.7,47.4,,miss,head,assisted,sofascore
8738558,209768,Pierrick Capelle,,47,17.0,38.9,,block,left-foot,assisted,sofascore
8738558,153220,Stéphane Bahoken,,45,11.7,43.7,,save,left-foot,assisted,sofascore
8738558,366760,Souleyman Doumbia,,45,27.6,28.5,,miss,left-foot,assisted,sofascore
8738558,153220,Stéphane Bahoken,,44,11.5,50.0,,save,right-foot,penalty,sofascore
8738558,209768,Pierrick Capelle,,40,29.4,41.3,,miss,left-foot,assisted,sofascore
8738558,209768,Pierrick Capelle,,39,12.2,63.9,,block,left-foot,regular,sofascore
8738558,757730,Antonin Bobichon,,37,29.2,49.9,,miss,right-foot,free-kick,sofascore
8738558,757730,Antonin Bobichon,,28,27.3,43.7,,block,right-foot,assisted,sofascore
8738558,153220,Stéphane Bahoken,,25,4.2,39.5,,save,right-foot,regular,sofascore
8738558,344751,Baptiste Santamaria,,25,29.3,42.3,,save,right-foot,regular,sofascore
8738558,787540,Angelo Fulgini,,22,26.6,50.1,,miss,left-foot,assisted,sofascore
8738558,816810,Mathieu Cafaro,,21,26.7,57.2,,miss,right-foot,assisted,sofascore
8738558,816810,Mathieu Cafaro,,12,19.4,69.6,,save,left-foot,assisted,sofascore
8738558,757730,Antonin Bobichon,,8,12.3,54.9,,miss,right-foot,assisted,sofascore
8738558,14142,Thomas Mangani,,4,25.5,40.3,,save,left-foot,assisted,sofascore
8738558,344751,Baptiste Santamaria,,3,29.3,42.7,,miss,right-foot,assisted,sofascore
8738559,155995,Marquinhos,,90,10.5,54.6,,save,head,corner,sofascore
8738559,124712,Neymar,,88,29.3,46.1,,miss,right-foot,free-kick,sofascore
8738559,826643,Kylian Mbappé,,84,12.2,45.7,,goal,right-foot,assisted,sofascore
8738559,124712,Neymar,,77,24.6,47.8,,block,right-foot,assisted,sofascore
8738559,233114,Mauro Icardi,,76,8.5,49.6,,block,right-foot,assisted,sofascore
8738559,106337,Idrissa Gana Gueye,,71,24.3,39.4,,goal,right-foot,assisted,sofascore
8738559,51321,Mateo Pavlović,,67,7.6,45.7,,miss,head,corner,sofascore
8738559,209768,Pierrick Capelle,,61,14.4,44.0,,miss,left-foot,assisted,sofascore
8738559,826643,Kylian Mbappé,,59,24.2,58.8,,save,right-foot,assisted,sofascore
8738559,787542,Sada Thioub,,58,19.5,57.1,,miss,left-foot,assisted,sofascore
8738559,142680,Julian Draxler,,57,15.5,49.0,,goal,right-foot,assisted,sofascore
8738559,826643,Kylian Mbappé,,54,12.1,64.3,,block,right-foot,assisted,sofascore
8738559,25506,Ismaël Traoré,,52,3.0,42.9,,goal,head,corner,sofascore
8738559,124712,Neymar,,47,9.4,54.2,,goal,right-foot,regular,sofascore
8738559,126691,Marco Verratti,,42,13.5,31.8,,save,right-foot,corner,sofascore
8738559,152420,Alessandro Florenzi,,41,9.7,52.0,,save,head,assisted,sofascore
8738559,209768,Pierrick Capelle,,38,29.5,55.4,,block,left-foot,free-kick,sofascore
8738559,124712,Neymar,,36,8.7,44.3,,goal,left-foot,assisted,sofascore
8738559,153220,Stéphane Bahoken,,28,14.1,52.6,,save,right-foot,assisted,sofascore
8738559,787540,Angelo Fulgini,,26,24.1,22.5,,miss,right-foot,assisted,sofascore
8738559,153220,Stéphane Bahoken,,13,10.4,49.7,,miss,head,assisted,sofascore
8738559,124712,Neymar,,10,24.0,31.9,,save,right-foot,assisted,sofascore
8738559,152420,Alessandro Florenzi,,7,13.4,69.9,,goal,right-foot,regular,sofascore
8738559,255389,Leandro Paredes,,6,24.8,44.8,,miss,right-foot,assisted,sofascore
8738559,826643,Kylian Mbappé,,4,8.8,30.3,,save,right-foot,regular,sofascore
8738559,233114,Mauro Icardi,,4,8.6,46.3,,block,right-foot,assisted,sofascore
8738560,37126,Stevan Jovetić,,90,26.1,73.8,,block,right-foot,regular,sofascore
8738560,839226,Pietro Pellegri,,90,3.7,64.0,,miss,right-foot,assisted,sofascore
8738560,809220,Henry Onyekuru,,90,8.8,33.0,,save,right-foot,fast-break,sofascore
8738560,839226,Pietro Pellegri,,89,14.2,69.7,,miss,right-foot,fast-break,sofascore
8738560,871706,Randal Kolo Muani,,81,9.3,64.9,,block,right-foot,assisted,sofascore
8738560,518,Cesc Fàbregas,,70,8.0,39.5,,block,left-foot,assisted,sofascore
8738560,859025,Aurélien Tchouaméni,,67,16.0,50.1,,miss,right-foot,assisted,sofascore
8738560,330051,Moses Simon,,66,17.7,25.9,,miss,right-foot,regular,sofascore
8738560,877979,Willem Geubbels,,65,14.0,50.9,,goal,right-foot,assisted,sofascore
8738560,806076,Ludovic Blas,,61,8.7,41.9,,goal,left-foot,assisted,sofascore
8738560,119192,Wissam Ben Yedder,,58,15.2,32.5,,post,right-foot,assisted,sofascore
8738560,859025,Aurélien Tchouaméni,,57,9.5,42.9,,miss,head,corner,sofascore
8738560,119192,Wissam Ben Yedder,,55,7.2,46.7,,miss,head,assisted,sofascore
8738560,518,Cesc Fàbregas,,45,16.1,46.4,,save,right-foot,regular,sofascore
8738560,330051,Moses Simon,,45,5.3,48.7,,miss,left-foot,fast-break,sofascore
8738560,330051,Moses Simon,,34,18.8,39.2,,miss,right-foot,regular,sofascore
8738560,827243,Axel Disasi,,30,8.8,57.2,,miss,head,corner,sofascore
8738560,117373,Kevin Volland,,29,8.2,42.7,,save,left-foot,assisted,sofascore
8738560,149732,Abdoulaye Touré,,21,31.3,42.8,,save,right-foot,assisted,sofascore
8738560,106496,Nicolas Pallois,,17,22.7,44.7,,miss,left-foot,set-piece,sofascore
8738560,827243,Axel Disasi,,15,7.8,53.6,,miss,head,corner,sofascore
8738560,859025,Aurélien Tchouaméni,,15,10.9,58.2,,block,right-foot,corner,sofascore
8738560,904827,Benoît Badiashile,,15,9.3,43.9,,post,left-foot,corner,sofascore
8738560,859025,Aurélien Tchouaméni,,12,23.7,54.5,,miss,right-foot,assisted,sofascore
8738560,944164,Sofiane Diop,,5,13.5,40.8,,goal,right-foot,regular,sofascore
8738561,798002,Toma Bašić,,89,10.0,59.4,,goal,right-foot,fast-break,sofascore
8738561,963298,Dilane Bakwa,,89,10.0,26.5,,save,left-foot,fast-break,sofascore
8738561,3209,Jimmy Briand,,85,5.1,60.8,,block,head,corner,sofascore
8738561,791314,Hwang Ui-Jo,,84,14.5,36.3,,block,right-foot,assisted,sofascore
8738561,904994,Eric Ebimbe,,82,24.9,54.6,,miss,right-foot,assisted,sofascore
8738561,963298,Dilane Bakwa,,80,18.5,47.8,,miss,left-foot,corner,sofascore
8738561,557166,Mama Baldé,,69,16.8,37.4,,block,right-foot,assisted,sofascore
8738561,208234,Fouad Chafik,,66,17.4,75.5,,miss,right-foot,assisted,sofascore
8738561,798002,Toma Bašić,,63,21.3,71.5,,save,left-foot,free-kick,sofascore
8738561,845274,Mounir Chouiar,,60,24.6,34.0,,block,right-foot,free-kick,sofascore
8738561,833030,Samuel Kalu,,54,12.4,32.6,,miss,right-foot,regular,sofascore
8738561,74045,Nicolas de Préville,,49,23.4,58.8,,miss,left-foot,regular,sofascore
8738561,798002,Toma Bašić,,49,25.2,51.1,,miss,left-foot,assisted,sofascore
8738561,557166,Mama Baldé,,44,10.6,57.1,,save,right-foot,corner,sofascore
8738561,852145,Josh Maja,,32,4.4,44.8,,miss,left-foot,assisted,sofascore
8738561,833030,Samuel Kalu,,29,12.6,36.3,,goal,right-foot,assisted,sofascore
8738561,842709,Rémi Oudin,,25,4.5,70.9,,miss,right-foot,assisted,sofascore
8738561,798002,Toma Bašić,,17,24.4,52.7,,save,left-foot,assisted,sofascore
8738561,842709,Rémi Oudin,,11,10.4,81.8,,goal,left-foot,free-kick,sofascore
8738561,67308,Loris Benito,,9,8.7,53.4,,miss,head,corner,sofascore
8738561,852145,Josh Maja,,8,1.0,38.6,,save,left-foot,assisted,sofascore
8738561,852145,Josh Maja,,3,27.6,49.0,,block,left-foot,regular,sofascore
8738562,846081,Houssem Aouar,,90,21.9,40.7,,miss,right-foot,assisted,sofascore
8738562,810535,Tino Kadewere,,88,6.9,50.0,,miss,head,set-piece,sofascore
8738562,859024,Yacine Adli,,83,27.5,49.5,,miss,right-foot,assisted,sofascore
8738562,859024,Yacine Adli,,82,23.9,62.1,,miss,right-foot,assisted,sofascore
8738562,280439,Maxwel Cornet,,81,13.2,41.5,,block,left-foot,regular,sofascore
8738562,846081,Houssem Aouar,,81,12.4,54.2,,post,right-foot,regular,sofascore
8738562,362682,Joachim Andersen,,80,28.6,53.4,,miss,right-foot,free-kick,sofascore
8738562,362682,Joachim Andersen,,77,26.6,64.2,,miss,right-foot,assisted,sofascore
8738562,810535,Tino Kadewere,,76,2.9,57.5,,save,right-foot,assisted,sofascore
8738562,280439,Maxwel Cornet,,67,20.4,70.0,,save,left-foot,free-kick,sofascore
8738562,329303,Thiago Mendes,,65,21.9,59.1,,miss,right-foot,assisted,sofascore
8738562,138833,Memphis Depay,,57,21.3,30.9,,block,right-foot,free-kick,sofascore
8738562,362682,Joachim Andersen,,52,6.4,49.9,,miss,head,corner,sofascore
8738562,138833,Memphis Depay,,52,20.9,37.9,,block,right-foot,assisted,sofascore
8738562,842709,Rémi Oudin,,50,9.4,31.3,,block,left-foot,assisted,sofascore
8738562,318653,Moussa Dembélé,,49,13.1,52.4,,block,right-foot,assisted,sofascore
8738562,362682,Joachim Andersen,,47,25.5,63.1,,block,right-foot,assisted,sofascore
8738562,16508,Paul Baysse,,45,10.7,43.3,,miss,right-foot,set-piece,sofascore
8738562,842931,Karl Toko Ekambi,,41,12.5,48.4,,block,right-foot,assisted,sofascore
8738562,866469,Bruno Guimarães,,34,20.7,28.5,,save,left-foot,assisted,sofascore
8738562,74045,Nicolas de Préville,,32,32.4,33.7,,miss,right-foot,free-kick,sofascore
8738562,866469,Bruno Guimarães,,20,27.1,61.2,,miss,right-foot,regular,sofascore
8738562,318653,Moussa Dembélé,,8,7.6,42.7,,miss,right-foot,assisted,sofascore
8738562,138833,Memphis Depay,,3,17.2,45.8,,miss,left-foot,assisted,sofascore
8738562,842931,Karl Toko Ekambi,,2,5.0,55.9,,miss,right-foot,assisted,sofascore
8738563,605552,Irvin Cardona,,90,4.1,57.3,,goal,right-foot,assisted,sofascore
8738563,31993,Bruno Ecuele Manga,,90,10.4,44.8,,post,left-foot,assisted,sofascore
8738563,605552,Irvin Cardona,,86,13.2,59.4,,miss,right-foot,assisted,sofascore
8738563,605552,Irvin Cardona,,85,11.3,44.0,,miss,head,set-piece,sofascore
8738563,605552,Irvin Cardona,,79,21.8,58.7,,block,right-foot,assisted,sofascore
8738563,345035,Steve Mounié,,77,12.2,42.8,,miss,right-foot,assisted,sofascore
8738563,786029,Didier Ndong,,66,21.7,47.4,,miss,left-foot,set-piece,sofascore
8738563,913942,Romain Faivre,,62,12.8,56.7,,miss,left-foot,assisted,sofascore
8738563,44213,Gaëtan Charbonnier,,60,10.4,48.5,,save,head,corner,sofascore
8738563,345035,Steve Mounié,,53,6.4,44.5,,save,right-foot,assisted,sofascore
8738563,148196,Cristian Battocchio,,51,21.4,53.0,,miss,right-foot,regular,sofascore
8738563,990820,Hianga'a M'Bock,,49,30.4,63.7,,save,right-foot,assisted,sofascore
8738563,913942,Romain Faivre,,48,21.6,28.7,,block,left-foot,assisted,sofascore
8738563,345035,Steve Mounié,,47,14.2,43.6,,miss,right-foot,assisted,sofascore
8738563,827519,Romain Perraud,,42,18.4,29.1,,goal,left-foot,assisted,sofascore
8738563,826551,Pape Cheikh,,35,14.2,38.9,,block,left-foot,regular,sofascore
8738563,826551,Pape Cheikh,,35,19.1,41.3,,block,right-foot,assisted,sofascore
8738563,31993,Bruno Ecuele Manga,,32,13.3,43.0,,save,head,corner,sofascore
8738563,991824,Rayan Philippe,,31,18.8,49.3,,save,left-foot,assisted,sofascore
8738563,148196,Cristian Battocchio,,30,23.1,21.9,,miss,right-foot,free-kick,sofascore
8738563,345035,Steve Mounié,,22,9.1,42.9,,miss,right-foot,regular,sofascore
8738563,345035,Steve Mounié,,22,9.7,49.0,,block,left-foot,assisted,sofascore
8738563,913942,Romain Faivre,,15,18.8,30.1,,miss,left-foot,regular,sofascore
8738563,786029,Didier Ndong,,13,30.9,54.6,,save,right-foot,assisted,sofascore
8738563,913942,Romain Faivre,,9,21.9,66.0,,miss,left-foot,assisted,sofascore
8738563,827519,Romain Perraud,,4,21.9,69.9,,block,right-foot,free-kick,sofascore
8738564,593546,Tony Mauricio,,90,21.4,71.1,,miss,left-foot,assisted,sofascore
8738564,788921,Florian Sotoca,,81,8.4,45.1,,goal,head,corner,sofascore
8738564,906047,Cheick Doucouré,,76,28.2,42.9,,miss,right-foot,regular,sofascore
8738564,593546,Tony Mauricio,,76,14.5,54.0,,block,left-foot,assisted,sofascore
8738564,906047,Cheick Doucouré,,73,25.4,46.2,,miss,right-foot,assisted,sofascore
8738564,143344,Massadio Haïdara,,72,12.5,58.3,,miss,left-foot,assisted,sofascore
8738564,906047,Cheick Doucouré,,60,25.9,43.1,,miss,right-foot,assisted,sofascore
8738564,821728,Jonathan Clauss,,53,27.3,44.3,,save,right-foot,assisted,sofascore
8738564,788921,Florian Sotoca,,46,2.2,57.0,,miss,right-foot,regular,sofascore
8738564,825945,Simon Banza,,46,7.4,47.6,,save,head,assisted,sofascore
8738564,788921,Florian Sotoca,,32,10.9,72.1,,block,right-foot,assisted,sofascore
8738564,788921,Florian Sotoca,,25,8.5,67.0,,save,right-foot,assisted,sofascore
8738564,46387,Gaël Kakuta,,15,11.4,50.0,,goal,left-foot,penalty,sofascore
8738564,848458,Arnaud Nordin,,4,13.4,69.7,,miss,left-foot,throw-in-set-piece,sofascore
8738564,760618,Denis Bouanga,,4,8.3,29.1,,save,left-foot,assisted,sofascore
8738565,250133,Morgan Sanson,,90,10.9,48.1,,goal,right-foot,assisted,sofascore
8738565,346262,Saîf-Eddine Khaoui,,90,24.4,27.5,,miss,left-foot,regular,sofascore
8738565,359246,Habib Maïga,,90,8.4,56.0,,miss,head,assisted,sofascore
8738565,991359,Papa Ndiaga Yade,,90,15.7,35.6,,block,left-foot,assisted,sofascore
8738565,802665,Nemanja Radonjić,,88,19.7,22.4,,block,right-foot,assisted,sofascore
8738565,122630,Darío Benedetto,,86,11.8,58.5,,miss,right-foot,assisted,sofascore
8738565,822703,Mamadou Fofana,,77,16.0,69.7,,block,right-foot,set-piece,sofascore
8738565,880775,Ibrahima Niane,,71,8.1,57.3,,goal,head,assisted,sofascore
8738565,229722,Farid Boulaya,,68,28.2,64.4,,miss,right-foot,assisted,sofascore
8738565,826204,Boubacar Kamara,,66,29.7,47.5,,miss,right-foot,assisted,sofascore
8738565,148824,Florian Thauvin,,60,54.7,17.5,,block,left-foot,regular,sofascore
8738565,229722,Farid Boulaya,,60,8.7,71.1,,block,right-foot,assisted,sofascore
8738565,14216,Dimitri Payet,,59,22.4,66.8,,miss,right-foot,assisted,sofascore
8738565,148824,Florian Thauvin,,55,8.0,67.8,,miss,left-foot,assisted,sofascore
8738565,880775,Ibrahima Niane,,51,19.5,38.0,,miss,right-foot,assisted,sofascore
8738565,250453,Opa Nguette,,46,20.2,24.8,,miss,right-foot,assisted,sofascore
8738565,122630,Darío Benedetto,,42,14.6,57.2,,save,head,set-piece,sofascore
8738565,359246,Habib Maïga,,41,7.1,29.9,,miss,right-foot,set-piece,sofascore
8738565,122630,Darío Benedetto,,39,4.1,37.9,,miss,right-foot,assisted,sofascore
8738565,880775,Ibrahima Niane,,37,6.8,30.7,,block,left-foot,set-piece,sofascore
8738565,122630,Darío Benedetto,,35,16.3,53.1,,miss,right-foot,regular,sofascore
8738565,250133,Morgan Sanson,,34,23.2,42.7,,block,right-foot,assisted,sofascore
8738565,229722,Farid Boulaya,,28,10.2,17.4,,block,right-foot,free-kick,sofascore
8738565,14216,Dimitri Payet,,25,35.0,41.9,,save,right-foot,free-kick,sofascore
8738565,359246,Habib Maïga,,20,22.9,75.8,,block,right-foot,assisted,sofascore
8738565,880775,Ibrahima Niane,,20,17.7,51.9,,save,right-foot,fast-break,sofascore
8738565,229722,Farid Boulaya,,19,19.2,60.0,,save,left-foot,regular,sofascore
8738565,122630,Darío Benedetto,,18,18.0,64.2,,miss,right-foot,assisted,sofascore
8738565,14216,Dimitri Payet,,15,9.8,44.3,,miss,right-foot,assisted,sofascore
8738565,122630,Darío Benedetto,,12,9.0,40.3,,miss,head,assisted,sofascore
8738565,150212,Álvaro González,,6,7.6,53.1,,miss,head,set-piece,sofascore
8738566,804619,Enock Kwateng,,90,16.9,74.0,,miss,right-foot,corner,sofascore
8738566,3209,Jimmy Briand,,90,4.1,59.0,,block,head,corner,sofascore
8738566,190147,Rony Lopes,,90,22.5,56.3,,miss,right-foot,assisted,sofascore
8738566,859026,Amine Gouiri,,90,9.9,75.9,,post,right-foot,assisted,sofascore
8738566,963298,Dilane Bakwa,,89,24.0,55.7,,save,left-foot,corner,sofascore
8738566,791314,Hwang Ui-Jo,,88,16.0,26.6,,block,right-foot,assisted,sofascore
8738566,190147,Rony Lopes,,88,24.2,68.7,,miss,left-foot,free-kick,sofascore
8738566,3209,Jimmy Briand,,85,4.7,55.9,,save,right-foot,assisted,sofascore
8738566,190147,Rony Lopes,,80,20.9,43.0,,miss,right-foot,corner,sofascore
8738566,859026,Amine Gouiri,,77,9.6,34.4,,block,right-foot,assisted,sofascore
8738566,842709,Rémi Oudin,,72,12.4,48.2,,block,left-foot,regular,sofascore
8738566,798002,Toma Bašić,,72,11.4,55.7,,miss,left-foot,assisted,sofascore
8738566,795761,Kasper Dolberg,,72,4.7,32.4,,save,right-foot,assisted,sofascore
8738566,791314,Hwang Ui-Jo,,70,13.0,64.6,,miss,right-foot,assisted,sofascore
8738566,842709,Rémi Oudin,,69,5.9,64.0,,miss,other,corner,sofascore
8738566,190147,Rony Lopes,,65,17.4,56.1,,post,left-foot,regular,sofascore
8738566,801306,Pierre Lees Melou,,65,17.3,44.9,,block,right-foot,assisted,sofascore
8738566,798002,Toma Bašić,,64,19.9,69.7,,block,left-foot,assisted,sofascore
8738566,833030,Samuel Kalu,,63,7.9,63.0,,miss,head,assisted,sofascore
8738566,798002,Toma Bašić,,61,3.1,61.5,,miss,left-foot,corner,sofascore
8738566,190147,Rony Lopes,,56,22.8,38.8,,save,left-foot,assisted,sofascore
8738566,798002,Toma Bašić,,54,28.8,50.1,,save,left-foot,assisted,sofascore
8738566,859026,Amine Gouiri,,53,18.0,47.0,,miss,right-foot,assisted,sofascore
8738566,798002,Toma Bašić,,49,18.3,35.2,,miss,left-foot,assisted,sofascore
8738566,351434,Hassane Kamara,,43,20.5,28.5,,miss,left-foot,corner,sofascore
8738566,801306,Pierre Lees Melou,,30,10.0,60.3,,post,right-foot,assisted,sofascore
8738566,798002,Toma Bašić,,26,19.2,62.6,,save,left-foot,assisted,sofascore
8738566,74045,Nicolas de Préville,,23,12.8,31.9,,block,right-foot,assisted,sofascore
8738566,852145,Josh Maja,,22,13.5,42.3,,block,right-foot,assisted,sofascore
8738566,801306,Pierre Lees Melou,,18,27.6,34.9,,miss,right-foot,assisted,sofascore
8738566,74045,Nicolas de Préville,,10,15.1,31.8,,save,right-foot,regular,sofascore
8738567,106496,Nicolas Pallois,,89,9.0,54.0,,block,head,corner,sofascore
8738567,331753,Renaud Emond,,89,2.7,42.3,,save,right-foot,corner,sofascore
8738567,331753,Renaud Emond,,89,9.7,59.6,,miss,right-foot,assisted,sofascore
8738567,18864,Burak Yılmaz,,87,11.5,50.0,,goal,right-foot,penalty,sofascore
8738567,965943,Imrân Louza,,77,20.5,70.6,,save,left-foot,corner,sofascore
8738567,965943,Imrân Louza,,75,17.7,48.7,,save,left-foot,assisted,sofascore
8738567,595576,Jonathan Bamba,,70,3.8,39.0,,block,right-foot,regular,sofascore
8738567,595576,Jonathan Bamba,,70,15.5,44.5,,post,right-foot,assisted,sofascore
8738567,40677,Fábio,,68,27.0,30.6,,block,right-foot,corner,sofascore
8738567,802142,Jonathan Ikoné,,66,10.4,53.4,,block,left-foot,set-piece,sofascore
8738567,935564,Jonathan David,,61,14.0,29.2,,block,right-foot,assisted,sofascore
8738567,330051,Moses Simon,,56,5.3,34.2,,save,left-foot,assisted,sofascore
8738567,806076,Ludovic Blas,,47,14.2,44.8,,block,left-foot,regular,sofascore
8738567,106496,Nicolas Pallois,,43,2.3,52.4,,goal,right-foot,regular,sofascore
8738567,935564,Jonathan David,,43,3.3,53.4,,miss,left-foot,assisted,sofascore
8738567,840451,Luiz Araújo,,43,16.0,55.0,,save,left-foot,assisted,sofascore
8738567,871706,Randal Kolo Muani,,38,6.9,31.6,,save,right-foot,fast-break,sofascore
8738567,785418,Marcus Coco,,35,10.4,68.2,,block,right-foot,assisted,sofascore
8738567,318967,Renato Sanches,,31,29.2,44.1,,miss,right-foot,free-kick,sofascore
8738567,40677,Fábio,,27,18.3,31.5,,block,left-foot,assisted,sofascore
8738567,840451,Luiz Araújo,,23,19.2,49.7,,block,left-foot,regular,sofascore
8738567,935564,Jonathan David,,22,16.7,63.3,,save,left-foot,assisted,sofascore
8738567,40677,Fábio,,14,22.2,36.3,,save,right-foot,regular,sofascore
8738567,18864,Burak Yılmaz,,8,22.4,47.6,,save,right-foot,regular,sofascore
8738567,18864,Burak Yılmaz,,6,13.7,38.8,,block,left-foot,assisted,sofascore
8738568,866469,Bruno Guimarães,,90,23.5,34.8,,save,left-foot,assisted,sofascore
8738568,906075,Melvin Bard,,88,15.2,36.7,,miss,left-foot,assisted,sofascore
8738568,138833,Memphis Depay,,86,10.2,42.5,,miss,head,assisted,sofascore
8738568,846081,Houssem Aouar,,81,12.5,37.1,,block,left-foot,assisted,sofascore
8738568,846081,Houssem Aouar,,79,1.7,41.2,,miss,left-foot,assisted,sofascore
8738568,552680,Léo Dubois,,74,14.2,57.9,,goal,left-foot,assisted,sofascore
8738568,927975,Jean Lucas,,69,28.9,52.2,,miss,right-foot,assisted,sofascore
8738568,805123,Yoane Wissa,,63,12.0,64.1,,goal,right-foot,assisted,sofascore
8738568,979128,Rayan Cherki,,62,7.1,40.3,,miss,head,set-piece,sofascore
8738568,318653,Moussa Dembélé,,60,11.9,43.4,,miss,other,set-piece,sofascore
8738568,857471,Pierre-Yves Hamel,,57,7.8,55.8,,miss,head,corner,sofascore
8738568,805123,Yoane Wissa,,56,14.8,41.2,,block,left-foot,assisted,sofascore
8738568,318653,Moussa Dembélé,,52,26.8,28.5,,save,right-foot,assisted,sofascore
8738568,866469,Bruno Guimarães,,47,28.5,42.1,,save,right-foot,regular,sofascore
8738568,979128,Rayan Cherki,,45,22.8,36.9,,miss,right-foot,assisted,sofascore
8738568,846081,Houssem Aouar,,45,20.2,28.9,,miss,right-foot,regular,sofascore
8738568,99945,Vincent Le Goff,,43,7.1,24.9,,save,left-foot,assisted,sofascore
8738568,996951,Sinaly Diomandé,,37,9.1,53.0,,miss,left-foot,corner,sofascore
8738568,846081,Houssem Aouar,,33,14.0,52.2,,block,right-foot,assisted,sofascore
8738568,996951,Sinaly Diomandé,,29,27.6,50.3,,save,right-foot,assisted,sofascore
8738568,552680,Léo Dubois,,14,30.1,59.0,,miss,right-foot,set-piece,sofascore
8738568,927975,Jean Lucas,,14,21.4,35.1,,block,right-foot,set-piece,sofascore
8738568,280439,Maxwel Cornet,,8,21.9,23.0,,save,left-foot,free-kick,sofascore
8738569,283083,Adrien Hunou,,89,16.7,69.3,,goal,right-foot,assisted,sofascore
8738569,940328,Jean-Philippe Krasso,,86,7.8,31.6,,save,left-foot,regular,sofascore
8738569,831005,Raphinha,,86,9.3,55.9,,save,head,assisted,sofascore
8738569,963211,Brandon Soppy,,82,8.4,72.3,,block,right-foot,regular,sofascore
8738569,362014,Hamari Traoré,,80,15.7,30.3,,miss,left-foot,fast-break,sofascore
8738569,41605,Timothée Kolodziejczak,,63,11.1,54.0,,save,head,set-piece,sofascore
8738569,916041,Mahdi Camara,,61,24.2,72.3,,miss,right-foot,corner,sofascore
8738569,328027,Serhou Guirassy,,53,8.0,52.4,,goal,right-foot,assisted,sofascore
8738569,1006486,Yvann Maçon,,47,27.2,34.0,,save,right-foot,assisted,sofascore
8738569,962877,Adil Aouchiche,,35,8.4,70.3,,save,right-foot,regular,sofascore
8738569,877102,Nayef Aguerd,,33,8.8,46.6,,goal,head,corner,sofascore
8738569,328027,Serhou Guirassy,,30,23.1,63.5,,save,left-foot,assisted,sofascore
8738569,825681,Romain Del Castillo,,28,11.4,68.4,,save,right-foot,assisted,sofascore
8738569,848458,Arnaud Nordin,,15,7.8,45.2,,miss,head,assisted,sofascore
8738569,877102,Nayef Aguerd,,8,10.1,31.2,,block,left-foot,set-piece,sofascore
8738569,825681,Romain Del Castillo,,5,22.9,69.3,,block,left-foot,assisted,sofascore
8738570,891793,Kévin Zohi,,90,14.5,24.6,,save,right-foot,assisted,sofascore
8738570,94822,Sanjin Prcić,,90,28.6,48.8,,block,right-foot,assisted,sofascore
8738570,343971,Ludovic Ajorque,,89,12.8,51.6,,save,head,assisted,sofascore
8738570,914660,Mehdi Chahiri,,80,20.8,47.0,,save,right-foot,assisted,sofascore
8738570,829093,Ibrahima Sissoko,,73,10.1,50.9,,miss,head,corner,sofascore
8738570,343971,Ludovic Ajorque,,70,11.5,50.0,,goal,left-foot,penalty,sofascore
8738570,37126,Stevan Jovetić,,55,14.1,51.9,,block,left-foot,regular,sofascore
8738570,944164,Sofiane Diop,,55,18.1,63.7,,block,right-foot,assisted,sofascore
8738570,119192,Wissam Ben Yedder,,53,8.9,44.7,,goal,right-foot,assisted,sofascore
8738570,914660,Mehdi Chahiri,,46,12.8,47.8,,goal,right-foot,assisted,sofascore
8738570,579576,Ruben Aguilar,,45,3.5,59.9,,goal,head,assisted,sofascore
8738570,518,Cesc Fàbregas,,44,27.4,59.0,,miss,right-foot,free-kick,sofascore
8738570,109851,Majeed Waris,,40,31.6,60.8,,miss,right-foot,set-piece,sofascore
8738570,289977,Alexander Djiku,,40,15.3,54.8,,block,right-foot,set-piece,sofascore
8738570,945062,Youssouf Fofana,,23,22.4,62.9,,block,left-foot,assisted,sofascore
8738570,37126,Stevan Jovetić,,16,22.1,62.1,,save,right-foot,assisted,sofascore
8738570,859025,Aurélien Tchouaméni,,14,29.2,59.6,,save,right-foot,assisted,sofascore
8738570,119192,Wissam Ben Yedder,,9,10.5,60.6,,goal,right-foot,assisted,sofascore
8738570,904827,Benoît Badiashile,,7,13.1,51.5,,miss,head,corner,sofascore
8738570,37126,Stevan Jovetić,,2,14.6,47.2,,miss,left-foot,assisted,sofascore
8738571,1063235,Mohamed Ali Cho,,89,4.7,50.9,,miss,left-foot,corner,sofascore
8738571,209768,Pierrick Capelle,,89,22.9,57.9,,block,left-foot,corner,sofascore
8738571,345035,Steve Mounié,,82,7.9,48.7,,save,head,assisted,sofascore
8738571,787540,Angelo Fulgini,,80,10.2,63.0,,goal,right-foot,assisted,sofascore
8738571,25506,Ismaël Traoré,,77,7.9,48.4,,goal,right-foot,corner,sofascore
8738571,44213,Gaëtan Charbonnier,,66,4.6,65.7,,miss,right-foot,assisted,sofascore
8738571,1047296,Jérémy Le Douaron,,60,9.6,61.8,,save,left-foot,assisted,sofascore
8738571,873050,Ibrahima Diallo,,57,31.8,46.7,,miss,right-foot,assisted,sofascore
8738571,153220,Stéphane Bahoken,,53,23.6,75.3,,save,left-foot,assisted,sofascore
8738571,787540,Angelo Fulgini,,48,8.8,64.6,,block,right-foot,regular,sofascore
8738571,845930,Jean-Kévin Duverne,,45,4.6,31.2,,miss,left-foot,regular,sofascore
8738571,913942,Romain Faivre,,45,8.0,63.7,,post,right-foot,regular,sofascore
8738571,913942,Romain Faivre,,45,14.2,62.0,,block,left-foot,assisted,sofascore
8738571,345035,Steve Mounié,,44,4.2,48.8,,save,right-foot,assisted,sofascore
8738571,14142,Thomas Mangani,,33,14.3,38.0,,miss,left-foot,assisted,sofascore
8738571,44213,Gaëtan Charbonnier,,32,15.3,48.7,,goal,left-foot,assisted,sofascore
8738571,913942,Romain Faivre,,29,22.1,33.4,,save,left-foot,regular,sofascore
8738571,44213,Gaëtan Charbonnier,,29,2.8,57.8,,miss,right-foot,corner,sofascore
8738571,44213,Gaëtan Charbonnier,,29,8.5,51.8,,block,head,corner,sofascore
8738571,787540,Angelo Fulgini,,23,25.0,45.8,,miss,right-foot,regular,sofascore
8738571,787542,Sada Thioub,,21,11.2,36.1,,goal,left-foot,assisted,sofascore
8738571,153220,Stéphane Bahoken,,20,10.9,62.1,,block,right-foot,assisted,sofascore
8738571,153220,Stéphane Bahoken,,16,3.8,72.7,,block,right-foot,regular,sofascore
8738571,44213,Gaëtan Charbonnier,,14,8.2,39.1,,post,head,assisted,sofascore
8738571,153220,Stéphane Bahoken,,8,8.0,41.2,,miss,other,assisted,sofascore
8738571,345035,Steve Mounié,,3,11.5,50.0,,goal,right-foot,penalty,sofascore
8738572,877979,Willem Geubbels,,90,8.0,59.7,,miss,head,corner,sofascore
8738572,999028,Adrien Truffert,,90,19.7,47.8,,goal,left-foot,assisted,sofascore
8738572,877102,Nayef Aguerd,,90,13.0,55.5,,miss,head,corner,sofascore
8738572,846445,Martin Terrier,,86,12.3,31.0,,miss,right-foot,assisted,sofascore
8738572,51652,Steven​ N'Zonzi,,81,8.4,50.4,,goal,head,assisted,sofascore
8738572,328027,Serhou Guirassy,,79,8.6,51.0,,miss,head,assisted,sofascore
8738572,123388,Djibril Sidibé,,72,26.3,34.2,,miss,right-foot,free-kick,sofascore
8738572,324399,Benjamin Bourigeaud,,69,26.3,24.7,,save,right-foot,free-kick,sofascore
8738572,945062,Youssouf Fofana,,68,20.0,42.2,,block,right-foot,assisted,sofascore
8738572,324399,Benjamin Bourigeaud,,65,24.9,47.5,,post,right-foot,assisted,sofascore
8738572,877102,Nayef Aguerd,,63,9.0,55.7,,miss,head,corner,sofascore
8738572,324399,Benjamin Bourigeaud,,60,13.8,50.0,,block,right-foot,regular,sofascore
8738572,119192,Wissam Ben Yedder,,57,9.2,55.8,,post,left-foot,corner,sofascore
8738572,846445,Martin Terrier,,50,12.7,32.1,,miss,left-foot,assisted,sofascore
8738572,324399,Benjamin Bourigeaud,,45,17.5,63.1,,block,right-foot,assisted,sofascore
8738572,945062,Youssouf Fofana,,45,14.5,72.1,,block,right-foot,corner,sofascore
8738572,827243,Axel Disasi,,32,8.5,56.3,,miss,head,corner,sofascore
8738572,904827,Benoît Badiashile,,32,4.6,47.0,,block,head,corner,sofascore
8738572,119192,Wissam Ben Yedder,,28,5.8,67.8,,goal,right-foot,corner,sofascore
8738572,944164,Sofiane Diop,,28,22.4,62.5,,miss,right-foot,corner,sofascore
8738572,859025,Aurélien Tchouaméni,,27,26.6,59.4,,block,right-foot,assisted,sofascore
8738572,846445,Martin Terrier,,27,18.9,31.6,,block,right-foot,assisted,sofascore
8738572,846445,Martin Terrier,,20,13.1,67.6,,block,right-foot,assisted,sofascore
8738572,831005,Raphinha,,17,21.6,71.1,,block,left-foot,assisted,sofascore
8738572,945062,Youssouf Fofana,,15,26.8,38.4,,block,right-foot,assisted,sofascore
8738572,119192,Wissam Ben Yedder,,10,5.6,65.1,,miss,head,corner,sofascore
8738572,827243,Axel Disasi,,8,7.8,57.9,,save,head,corner,sofascore
8738572,119192,Wissam Ben Yedder,,7,12.5,51.5,,block,right-foot,assisted,sofascore
8738572,846445,Martin Terrier,,4,8.3,49.4,,miss,head,assisted,sofascore
8738573,156682,Teji Savanier,,90,11.5,50.0,,goal,right-foot,penalty,sofascore
8738573,234230,Florent Mollet,,80,19.3,29.3,,miss,right-foot,assisted,sofascore
8738573,38688,Damien Le Tallec,,72,4.2,58.5,,miss,right-foot,corner,sofascore
8738573,845274,Mounir Chouiar,,68,12.3,34.7,,block,right-foot,regular,sofascore
8738573,845274,Mounir Chouiar,,68,12.5,37.7,,block,right-foot,fast-break,sofascore
8738573,786305,Roger Assalé,,66,9.6,40.7,,miss,right-foot,assisted,sofascore
8738573,904994,Eric Ebimbe,,66,19.0,49.4,,block,right-foot,assisted,sofascore
8738573,826551,Pape Cheikh,,66,18.6,54.3,,block,left-foot,assisted,sofascore
8738573,845274,Mounir Chouiar,,64,14.4,34.5,,block,right-foot,assisted,sofascore
8738573,31993,Bruno Ecuele Manga,,60,9.7,49.3,,goal,head,corner,sofascore
8738573,156682,Teji Savanier,,57,26.0,57.2,,miss,right-foot,free-kick,sofascore
8738573,149730,Gaëtan Laborde,,56,6.7,56.2,,save,head,assisted,sofascore
8738573,557166,Mama Baldé,,55,0.8,34.2,,miss,left-foot,set-piece,sofascore
8738573,156682,Teji Savanier,,53,21.9,66.5,,miss,right-foot,assisted,sofascore
8738573,84744,Andy Delort,,50,3.9,55.8,,goal,head,assisted,sofascore
8738573,557166,Mama Baldé,,45,19.5,33.2,,block,left-foot,assisted,sofascore
8738573,363774,Mihailo Ristić,,43,9.4,28.9,,miss,left-foot,assisted,sofascore
8738573,156682,Teji Savanier,,37,29.5,35.0,,miss,right-foot,free-kick,sofascore
8738573,557166,Mama Baldé,,35,11.3,54.2,,save,right-foot,assisted,sofascore
8738573,84744,Andy Delort,,34,8.9,44.2,,block,right-foot,assisted,sofascore
8738573,557166,Mama Baldé,,25,4.0,28.9,,block,left-foot,assisted,sofascore
8738573,149730,Gaëtan Laborde,,20,2.4,35.5,,save,left-foot,corner,sofascore
8738573,84744,Andy Delort,,20,5.7,41.8,,block,head,corner,sofascore
8738573,5585,Daniel Congré,,12,5.7,61.5,,block,right-foot,corner,sofascore
8738573,123229,Jordan Ferri,,12,25.8,52.1,,block,right-foot,assisted,sofascore
8738573,904994,Eric Ebimbe,,8,11.5,57.6,,goal,right-foot,assisted,sofascore
8738573,904994,Eric Ebimbe,,7,19.9,65.8,,block,left-foot,assisted,sofascore
8738573,557166,Mama Baldé,,5,10.7,66.4,,save,right-foot,regular,sofascore
8738573,557166,Mama Baldé,,5,18.8,62.5,,save,right-foot,regular,sofascore
8738574,603738,Junior Sambia,,90,14.4,49.7,,miss,left-foot,regular,sofascore
8738574,234230,Florent Mollet,,90,4.4,72.1,,miss,right-foot,assisted,sofascore
8738574,605338,Stephy Mavididi,,90,3.3,60.0,,save,right-foot,assisted,sofascore
8738574,234230,Florent Mollet,,86,13.1,34.9,,goal,right-foot,assisted,sofascore
8738574,25506,Ismaël Traoré,,82,11.7,62.7,,miss,left-foot,corner,sofascore
8738574,121180,Abdoulaye Bamba,,82,11.2,69.7,,save,left-foot,assisted,sofascore
8738574,757730,Antonin Bobichon,,81,31.5,47.2,,miss,right-foot,assisted,sofascore
8738574,787542,Sada Thioub,,80,15.5,31.2,,block,right-foot,assisted,sofascore
8738574,787542,Sada Thioub,,79,27.5,64.7,,miss,right-foot,assisted,sofascore
8738574,931278,Rayan Aït-Nouri,,78,12.1,35.3,,miss,left-foot,assisted,sofascore
8738574,603738,Junior Sambia,,75,2.7,58.1,,save,right-foot,regular,sofascore
8738574,84744,Andy Delort,,73,5.4,51.3,,save,head,corner,sofascore
8738574,84744,Andy Delort,,68,26.8,52.8,,block,right-foot,assisted,sofascore
8738574,209768,Pierrick Capelle,,67,33.5,26.3,,block,left-foot,regular,sofascore
8738574,757730,Antonin Bobichon,,64,14.8,50.0,,block,right-foot,assisted,sofascore
8738574,84744,Andy Delort,,60,6.2,46.0,,goal,head,assisted,sofascore
8738574,84744,Andy Delort,,58,26.0,41.9,,miss,right-foot,assisted,sofascore
8738574,84744,Andy Delort,,43,9.9,44.9,,goal,head,assisted,sofascore
8738574,84744,Andy Delort,,36,8.3,27.2,,save,left-foot,regular,sofascore
8738574,25506,Ismaël Traoré,,34,1.8,56.5,,miss,right-foot,set-piece,sofascore
8738574,209768,Pierrick Capelle,,34,12.2,43.3,,miss,head,set-piece,sofascore
8738574,153220,Stéphane Bahoken,,25,7.3,39.7,,goal,left-foot,assisted,sofascore
8738574,14142,Thomas Mangani,,21,27.0,58.6,,block,left-foot,assisted,sofascore
8738574,93570,Arnaud Souquet,,18,19.9,61.7,,goal,left-foot,assisted,sofascore
8738574,51321,Mateo Pavlović,,17,8.1,55.4,,miss,head,set-piece,sofascore
8738574,156682,Teji Savanier,,14,14.6,37.0,,block,left-foot,regular,sofascore
8738574,149730,Gaëtan Laborde,,13,29.5,47.8,,save,left-foot,assisted,sofascore
8738574,787540,Angelo Fulgini,,9,23.0,59.7,,save,right-foot,assisted,sofascore
8738575,991824,Rayan Philippe,,90,18.2,55.5,,miss,left-foot,assisted,sofascore
8738575,102291,Idriss Saadi,,88,10.1,52.2,,save,right-foot,regular,sofascore
8738575,94822,Sanjin Prcić,,88,24.8,46.4,,save,right-foot,assisted,sofascore
8738575,991824,Rayan Philippe,,86,7.1,56.3,,save,right-foot,assisted,sofascore
8738575,102291,Idriss Saadi,,84,7.3,50.9,,block,left-foot,assisted,sofascore
8738575,108736,Stefan Mitrović,,80,6.5,52.8,,goal,head,assisted,sofascore
8738575,102291,Idriss Saadi,,78,7.8,45.4,,miss,right-foot,assisted,sofascore
8738575,102291,Idriss Saadi,,78,8.1,42.9,,save,head,assisted,sofascore
8738575,231946,Adrien Thomasson,,71,22.4,37.6,,block,left-foot,corner,sofascore
8738575,289977,Alexander Djiku,,69,5.0,41.8,,miss,head,corner,sofascore
8738575,289977,Alexander Djiku,,65,47.1,52.4,,save,right-foot,free-kick,sofascore
8738575,904994,Eric Ebimbe,,58,14.2,37.5,,save,left-foot,assisted,sofascore
8738575,231946,Adrien Thomasson,,53,21.7,71.8,,block,right-foot,assisted,sofascore
8738575,208234,Fouad Chafik,,38,19.7,70.1,,miss,right-foot,assisted,sofascore
8738575,904994,Eric Ebimbe,,36,13.2,57.0,,miss,head,assisted,sofascore
8738575,109851,Majeed Waris,,34,14.1,42.5,,miss,right-foot,throw-in-set-piece,sofascore
8738575,945063,Mohamed Simakan,,26,6.0,45.4,,post,head,set-piece,sofascore
8738575,945063,Mohamed Simakan,,22,31.8,59.1,,save,right-foot,assisted,sofascore
8738575,231946,Adrien Thomasson,,20,10.3,60.8,,block,right-foot,assisted,sofascore
8738575,289977,Alexander Djiku,,11,15.0,68.1,,miss,right-foot,assisted,sofascore
8738575,289977,Alexander Djiku,,9,4.1,43.1,,miss,head,set-piece,sofascore
8738575,141080,Kenny Lala,,7,24.9,59.1,,miss,right-foot,free-kick,sofascore
8738576,138573,Pablo Sarabia,,90,19.5,57.5,,miss,left-foot,assisted,sofascore
8738576,124712,Neymar,,90,21.4,51.2,,miss,right-foot,free-kick,sofascore
8738576,789984,Dereck Kutesa,,90,10.8,68.4,,miss,right-foot,assisted,sofascore
8738576,138573,Pablo Sarabia,,89,14.8,62.7,,save,left-foot,assisted,sofascore
8738576,138573,Pablo Sarabia,,88,9.0,57.2,,miss,left-foot,assisted,sofascore
8738576,98197,Valon Berisha,,84,22.5,73.4,,miss,right-foot,assisted,sofascore
8738576,826643,Kylian Mbappé,,82,12.2,44.7,,miss,right-foot,fast-break,sofascore
8738576,155995,Marquinhos,,74,9.2,53.7,,miss,head,set-piece,sofascore
8738576,227892,Arbër Zeneli,,70,24.8,29.1,,miss,right-foot,assisted,sofascore
8738576,960080,Boulaye Dia,,67,15.7,34.5,,miss,right-foot,assisted,sofascore
8738576,826643,Kylian Mbappé,,67,14.4,38.3,,save,right-foot,fast-break,sofascore
8738576,233114,Mauro Icardi,,62,7.5,53.6,,goal,right-foot,assisted,sofascore
8738576,963399,Nathanaël Mbuku,,62,26.7,84.8,,save,left-foot,assisted,sofascore
8738576,124712,Neymar,,61,10.3,41.8,,miss,left-foot,fast-break,sofascore
8738576,960080,Boulaye Dia,,61,15.0,27.0,,block,right-foot,assisted,sofascore
8738576,124712,Neymar,,43,4.3,37.5,,miss,right-foot,regular,sofascore
8738576,963399,Nathanaël Mbuku,,42,13.3,30.3,,save,left-foot,assisted,sofascore
8738576,124712,Neymar,,38,24.3,38.5,,miss,right-foot,free-kick,sofascore
8738576,155995,Marquinhos,,36,14.4,38.6,,save,left-foot,corner,sofascore
8738576,255389,Leandro Paredes,,36,26.9,45.2,,block,right-foot,corner,sofascore
8738576,30027,Ángel Di María,,24,26.0,59.9,,miss,left-foot,assisted,sofascore
8738576,233114,Mauro Icardi,,17,6.4,50.7,,save,head,corner,sofascore
8738576,30027,Ángel Di María,,15,7.7,56.2,,miss,left-foot,assisted,sofascore
8738576,30027,Ángel Di María,,14,18.2,47.3,,miss,left-foot,assisted,sofascore
8738576,233114,Mauro Icardi,,13,4.1,38.2,,miss,head,corner,sofascore
8738576,142680,Julian Draxler,,12,13.5,63.9,,block,right-foot,assisted,sofascore
8738576,233114,Mauro Icardi,,9,9.8,60.0,,goal,right-foot,assisted,sofascore
8738576,157029,Xavier Chavalerin,,8,23.7,34.9,,save,left-foot,corner,sofascore
8738576,826643,Kylian Mbappé,,6,6.5,36.3,,save,left-foot,assisted,sofascore
8738578,352966,Aaron Leya Iseka,,90,7.1,70.8,,goal,right-foot,fast-break,sofascore
8738578,138833,Memphis Depay,,89,12.6,27.1,,save,right-foot,assisted,sofascore
8738578,1002711,Pape Matar Sarr,,89,26.7,42.7,,post,right-foot,assisted,sofascore
8738578,352966,Aaron Leya Iseka,,86,7.0,50.5,,miss,head,assisted,sofascore
8738578,979128,Rayan Cherki,,85,14.8,44.1,,miss,left-foot,regular,sofascore
8738578,846081,Houssem Aouar,,85,8.0,54.5,,save,right-foot,assisted,sofascore
8738578,138833,Memphis Depay,,85,3.0,69.7,,miss,right-foot,regular,sofascore
8738578,991359,Papa Ndiaga Yade,,81,24.0,64.0,,block,left-foot,assisted,sofascore
8738578,802034,Fabien Centonze,,78,10.2,62.4,,save,left-foot,assisted,sofascore
8738578,229722,Farid Boulaya,,78,22.5,40.4,,block,left-foot,regular,sofascore
8738578,329303,Thiago Mendes,,74,6.7,66.9,,save,right-foot,assisted,sofascore
8738578,859027,Maxence Caqueret,,72,21.9,55.3,,miss,right-foot,assisted,sofascore
8738578,36704,Marcelo,,70,4.5,61.6,,miss,head,corner,sofascore
8738578,280439,Maxwel Cornet,,70,15.2,31.3,,save,right-foot,corner,sofascore
8738578,156009,Victorien Angban,,67,4.6,50.6,,miss,right-foot,assisted,sofascore
8738578,552680,Léo Dubois,,66,18.4,50.9,,block,left-foot,regular,sofascore
8738578,352966,Aaron Leya Iseka,,64,19.5,38.1,,block,right-foot,assisted,sofascore
8738578,1046147,Lamine Gueye,,59,18.8,67.0,,miss,right-foot,assisted,sofascore
8738578,913191,Vagner Dias,,58,36.2,57.4,,miss,right-foot,regular,sofascore
8738578,552680,Léo Dubois,,54,22.7,54.9,,block,right-foot,corner,sofascore
8738578,810535,Tino Kadewere,,52,12.1,59.3,,block,right-foot,assisted,sofascore
8738578,913191,Vagner Dias,,51,13.3,49.4,,miss,left-foot,fast-break,sofascore
8738578,552680,Léo Dubois,,51,24.0,58.0,,block,right-foot,regular,sofascore
8738578,359246,Habib Maïga,,50,14.7,57.2,,miss,left-foot,regular,sofascore
8738578,138833,Memphis Depay,,45,23.4,37.5,,block,left-foot,assisted,sofascore
8738578,810535,Tino Kadewere,,44,10.3,35.1,,miss,right-foot,regular,sofascore
8738578,329303,Thiago Mendes,,43,26.8,62.4,,miss,right-foot,corner,sofascore
8738578,138833,Memphis Depay,,43,2.1,72.1,,block,right-foot,assisted,sofascore
8738578,229722,Farid Boulaya,,42,10.9,23.9,,save,right-foot,assisted,sofascore
8738578,1046147,Lamine Gueye,,42,15.2,68.7,,block,left-foot,assisted,sofascore
8738578,1046147,Lamine Gueye,,42,6.8,50.9,,block,right-foot,regular,sofascore
8738578,1046147,Lamine Gueye,,40,30.8,73.2,,block,right-foot,assisted,sofascore
8738578,842931,Karl Toko Ekambi,,39,11.8,60.6,,miss,left-foot,assisted,sofascore
8738578,842931,Karl Toko Ekambi,,37,8.3,70.9,,miss,right-foot,assisted,sofascore
8738578,153218,Thomas Delaine,,36,24.1,45.2,,miss,right-foot,assisted,sofascore
8738578,839981,Lucas Paquetá,,36,10.5,30.3,,block,left-foot,regular,sofascore
8738578,842931,Karl Toko Ekambi,,36,16.2,67.9,,save,right-foot,assisted,sofascore
8738578,359246,Habib Maïga,,31,10.8,52.0,,miss,head,set-piece,sofascore
8738578,36704,Marcelo,,18,4.0,42.5,,miss,head,corner,sofascore
8738578,36704,Marcelo,,7,10.0,52.2,,miss,head,corner,sofascore
8738578,810535,Tino Kadewere,,2,8.8,44.3,,miss,head,assisted,sofascore
8738579,324399,Benjamin Bourigeaud,,87,24.2,30.0,,save,right-foot,assisted,sofascore
8738579,877102,Nayef Aguerd,,85,6.3,48.7,,miss,head,corner,sofascore
8738579,352664,Jason Denayer,,82,7.0,51.0,,goal,head,set-piece,sofascore
8738579,842931,Karl Toko Ekambi,,81,15.0,30.3,,miss,right-foot,assisted,sofascore
8738579,138833,Memphis Depay,,79,9.8,58.9,,goal,right-foot,assisted,sofascore
8738579,138833,Memphis Depay,,76,41.9,68.2,,miss,right-foot,assisted,sofascore
8738579,137667,Mattia De Sciglio,,75,23.8,69.5,,miss,left-foot,assisted,sofascore
8738579,973887,Eduardo Camavinga,,71,21.1,58.3,,miss,left-foot,assisted,sofascore
8738579,846081,Houssem Aouar,,64,19.2,44.5,,block,right-foot,assisted,sofascore
8738579,39009,Clément Grenier,,61,3.4,59.8,,save,right-foot,assisted,sofascore
8738579,324399,Benjamin Bourigeaud,,55,8.3,39.8,,goal,right-foot,regular,sofascore
8738579,324399,Benjamin Bourigeaud,,53,20.1,56.5,,save,right-foot,assisted,sofascore
8738579,51652,Steven​ N'Zonzi,,52,25.6,37.3,,block,right-foot,regular,sofascore
8738579,846445,Martin Terrier,,51,10.3,66.4,,block,right-foot,assisted,sofascore
8738579,846445,Martin Terrier,,44,8.1,66.4,,miss,right-foot,assisted,sofascore
8738579,810535,Tino Kadewere,,43,9.4,64.1,,miss,right-foot,assisted,sofascore
8738579,324399,Benjamin Bourigeaud,,36,22.8,33.0,,miss,right-foot,assisted,sofascore
8738579,846445,Martin Terrier,,30,25.1,57.6,,save,right-foot,regular,sofascore
8738579,973887,Eduardo Camavinga,,30,15.7,68.8,,miss,right-foot,assisted,sofascore
8738579,842931,Karl Toko Ekambi,,24,7.4,62.5,,post,right-foot,set-piece,sofascore
8738579,846081,Houssem Aouar,,22,6.1,29.7,,save,left-foot,assisted,sofascore
8738579,39009,Clément Grenier,,20,13.0,58.8,,goal,right-foot,assisted,sofascore
8738579,810535,Tino Kadewere,,13,8.1,52.4,,save,head,assisted,sofascore
8738579,280439,Maxwel Cornet,,13,23.8,39.8,,miss,left-foot,corner,sofascore
8738579,810535,Tino Kadewere,,10,19.7,70.5,,miss,left-foot,regular,sofascore
8738579,362014,Hamari Traoré,,7,20.7,66.6,,miss,left-foot,assisted,sofascore
8738579,329303,Thiago Mendes,,4,20.4,35.1,,block,right-foot,assisted,sofascore
8738580,826208,Michaël Cuisance,,90,30.9,60.6,,miss,left-foot,free-kick,sofascore
8738580,346262,Saîf-Eddine Khaoui,,90,21.5,34.0,,save,left-foot,regular,sofascore
8738580,122630,Darío Benedetto,,90,14.9,60.2,,block,left-foot,assisted,sofascore
8738580,122630,Darío Benedetto,,90,14.6,56.4,,save,head,assisted,sofascore
8738580,944142,Yassine Benrahou,,90,12.0,69.3,,save,right-foot,assisted,sofascore
8738580,122630,Darío Benedetto,,85,15.9,39.8,,goal,right-foot,regular,sofascore
8738580,581314,Valentin Rongier,,64,28.2,49.8,,block,right-foot,regular,sofascore
8738580,316196,Niclas Eliasson,,58,2.4,44.9,,goal,left-foot,fast-break,sofascore
8738580,316196,Niclas Eliasson,,55,8.6,56.0,,goal,left-foot,assisted,sofascore
8738580,316196,Niclas Eliasson,,47,7.1,35.5,,save,head,assisted,sofascore
8738580,842400,Zinedine Ferhat,,45,9.3,40.3,,miss,head,corner,sofascore
8738580,796085,Moussa Koné,,45,9.9,48.4,,save,head,assisted,sofascore
8738580,122630,Darío Benedetto,,36,3.9,49.0,,save,right-foot,assisted,sofascore
8738580,148824,Florian Thauvin,,35,11.5,50.0,,miss,left-foot,penalty,sofascore
8738580,316196,Niclas Eliasson,,30,19.7,30.1,,block,left-foot,free-kick,sofascore
8738580,581314,Valentin Rongier,,19,14.7,54.6,,miss,right-foot,assisted,sofascore
8738580,14216,Dimitri Payet,,17,10.5,27.9,,save,right-foot,regular,sofascore
8738580,581314,Valentin Rongier,,17,20.4,38.0,,block,right-foot,assisted,sofascore
8738580,14216,Dimitri Payet,,16,4.2,32.1,,block,left-foot,regular,sofascore
8738580,250133,Morgan Sanson,,16,14.2,54.0,,save,right-foot,assisted,sofascore
8738580,842400,Zinedine Ferhat,,13,24.1,54.2,,miss,right-foot,assisted,sofascore
8738580,148824,Florian Thauvin,,11,9.6,46.3,,miss,head,assisted,sofascore
8738581,39009,Clément Grenier,,90,31.1,30.9,,save,right-foot,assisted,sofascore
8738581,307096,Romain Philippoteaux,,89,6.8,54.4,,miss,right-foot,regular,sofascore
8738581,345035,Steve Mounié,,89,8.8,46.2,,post,head,assisted,sofascore
8738581,345035,Steve Mounié,,87,8.8,50.9,,miss,head,assisted,sofascore
8738581,345035,Steve Mounié,,83,8.5,52.6,,miss,head,assisted,sofascore
8738581,225092,Christophe Herelle,,79,4.3,44.5,,miss,head,corner,sofascore
8738581,345035,Steve Mounié,,79,10.4,24.6,,block,right-foot,assisted,sofascore
8738581,39009,Clément Grenier,,77,11.5,50.0,,goal,right-foot,penalty,sofascore
8738581,345035,Steve Mounié,,68,13.4,43.9,,miss,head,regular,sofascore
8738581,973887,Eduardo Camavinga,,64,15.1,68.0,,save,left-foot,assisted,sofascore
8738581,973887,Eduardo Camavinga,,59,23.8,41.2,,miss,left-foot,assisted,sofascore
8738581,345035,Steve Mounié,,56,1.0,41.9,,save,left-foot,corner,sofascore
8738581,328035,Brendan Chardonnet,,56,10.5,50.3,,save,head,corner,sofascore
8738581,846445,Martin Terrier,,44,7.3,71.7,,miss,right-foot,regular,sofascore
8738581,877102,Nayef Aguerd,,36,4.6,50.5,,miss,head,corner,sofascore
8738581,826293,Ronaël Pierre-Gabriel,,32,8.4,54.8,,block,left-foot,assisted,sofascore
8738581,345035,Steve Mounié,,28,10.8,65.8,,post,right-foot,regular,sofascore
8738581,605552,Irvin Cardona,,8,13.2,33.8,,block,left-foot,regular,sofascore
8738581,324399,Benjamin Bourigeaud,,7,3.6,42.3,,goal,left-foot,assisted,sofascore
8738581,280453,Franck Honorat,,4,6.7,49.9,,goal,right-foot,regular,sofascore
8738581,280453,Franck Honorat,,4,12.7,43.9,,save,right-foot,assisted,sofascore
8738582,935564,Jonathan David,,90,3.4,49.5,,goal,right-foot,regular,sofascore
8738582,858705,Xeka,,90,27.2,42.3,,save,right-foot,assisted,sofascore
8738582,595576,Jonathan Bamba,,84,23.9,34.5,,miss,right-foot,assisted,sofascore
8738582,27622,José Fonte,,80,10.5,50.9,,save,head,corner,sofascore
8738582,827804,Yusuf Yazıcı,,79,18.5,47.6,,save,left-foot,assisted,sofascore
8738582,827804,Yusuf Yazıcı,,72,7.0,29.6,,miss,left-foot,corner,sofascore
8738582,157029,Xavier Chavalerin,,70,23.5,42.9,,block,left-foot,assisted,sofascore
8738582,960080,Boulaye Dia,,68,14.2,64.9,,save,left-foot,assisted,sofascore
8738582,27622,José Fonte,,66,7.0,48.9,,miss,head,corner,sofascore
8738582,840451,Luiz Araújo,,66,11.4,77.0,,block,left-foot,assisted,sofascore
8738582,963399,Nathanaël Mbuku,,62,19.8,53.4,,save,left-foot,assisted,sofascore
8738582,361696,Wout Faes,,53,12.8,47.2,,block,head,set-piece,sofascore
8738582,827804,Yusuf Yazıcı,,52,12.1,42.9,,miss,left-foot,assisted,sofascore
8738582,935564,Jonathan David,,50,14.7,62.5,,save,left-foot,assisted,sofascore
8738582,595576,Jonathan Bamba,,48,25.1,43.5,,goal,right-foot,regular,sofascore
8738582,51665,Benjamin André,,45,9.0,45.8,,save,head,set-piece,sofascore
8738582,595576,Jonathan Bamba,,42,19.4,50.1,,block,left-foot,assisted,sofascore
8738582,227892,Arbër Zeneli,,36,18.5,14.8,,goal,right-foot,corner,sofascore
8738582,595576,Jonathan Bamba,,23,25.5,31.0,,block,right-foot,assisted,sofascore
8738582,595576,Jonathan Bamba,,12,24.5,68.6,,block,right-foot,assisted,sofascore
8738582,157029,Xavier Chavalerin,,11,17.9,34.0,,save,right-foot,assisted,sofascore
8738582,827804,Yusuf Yazıcı,,10,21.2,78.3,,save,left-foot,assisted,sofascore
8738582,963399,Nathanaël Mbuku,,8,16.4,53.4,,miss,left-foot,assisted,sofascore
8738582,816810,Mathieu Cafaro,,2,22.5,74.4,,miss,right-foot,assisted,sofascore
8738583,945062,Youssouf Fofana,,89,23.0,52.2,,miss,right-foot,assisted,sofascore
8738583,117373,Kevin Volland,,80,10.3,44.9,,block,left-foot,assisted,sofascore
8738583,859025,Aurélien Tchouaméni,,79,26.0,40.9,,block,right-foot,assisted,sofascore
8738583,156682,Teji Savanier,,75,15.2,16.3,,block,right-foot,corner,sofascore
8738583,84744,Andy Delort,,75,22.2,53.9,,save,right-foot,assisted,sofascore
8738583,318963,Aleksandr Golovin,,73,7.6,67.3,,block,right-foot,fast-break,sofascore
8738583,234230,Florent Mollet,,72,14.4,64.5,,block,right-foot,corner,sofascore
8738583,84744,Andy Delort,,69,4.3,51.5,,goal,right-foot,assisted,sofascore
8738583,979315,Elye Wahi,,64,10.3,38.9,,goal,right-foot,assisted,sofascore
8738583,119192,Wissam Ben Yedder,,61,11.5,50.0,,goal,right-foot,penalty,sofascore
8738583,84744,Andy Delort,,60,8.8,47.6,,miss,head,assisted,sofascore
8738583,119192,Wissam Ben Yedder,,52,13.5,53.1,,miss,head,assisted,sofascore
8738583,117373,Kevin Volland,,52,14.1,46.3,,block,right-foot,assisted,sofascore
8738583,945062,Youssouf Fofana,,45,16.0,54.8,,miss,right-foot,assisted,sofascore
8738583,117373,Kevin Volland,,45,5.3,69.5,,save,right-foot,assisted,sofascore
8738583,119192,Wissam Ben Yedder,,35,8.3,43.9,,goal,head,assisted,sofascore
8738583,119192,Wissam Ben Yedder,,32,7.7,50.9,,miss,right-foot,corner,sofascore
8738583,944164,Sofiane Diop,,32,14.4,36.0,,miss,left-foot,corner,sofascore
8738583,859025,Aurélien Tchouaméni,,32,11.0,43.1,,block,left-foot,corner,sofascore
8738583,119192,Wissam Ben Yedder,,31,18.7,34.8,,block,right-foot,assisted,sofascore
8738583,117373,Kevin Volland,,24,12.0,60.6,,goal,left-foot,corner,sofascore
8738583,119192,Wissam Ben Yedder,,24,5.3,44.5,,post,right-foot,corner,sofascore
8738583,84744,Andy Delort,,22,10.7,77.1,,block,right-foot,assisted,sofascore
8738583,234230,Florent Mollet,,18,12.7,56.9,,block,left-foot,assisted,sofascore
8738583,84744,Andy Delort,,14,15.7,49.7,,block,right-foot,assisted,sofascore
8738584,787540,Angelo Fulgini,,85,23.6,75.6,,miss,right-foot,assisted,sofascore
8738584,257421,Ibrahim Amadou,,85,7.9,56.6,,save,head,corner,sofascore
8738584,135775,Layvin Kurzawa,,70,9.4,38.9,,goal,left-foot,regular,sofascore
8738584,153220,Stéphane Bahoken,,64,15.8,69.9,,block,right-foot,assisted,sofascore
8738584,30027,Ángel Di María,,57,29.9,53.6,,save,left-foot,assisted,sofascore
8738584,826643,Kylian Mbappé,,55,13.0,35.4,,save,left-foot,fast-break,sofascore
8738584,294641,Loïs Diony,,51,5.1,53.8,,save,head,assisted,sofascore
8738584,831400,Mathias Pereira Lage,,49,23.5,58.5,,block,right-foot,assisted,sofascore
8738584,294641,Loïs Diony,,49,12.0,48.7,,miss,head,assisted,sofascore
8738584,826643,Kylian Mbappé,,48,5.8,33.4,,miss,left-foot,assisted,sofascore
8738584,835601,Moise Kean,,43,6.0,53.2,,miss,head,assisted,sofascore
8738584,152420,Alessandro Florenzi,,40,6.3,71.5,,miss,right-foot,assisted,sofascore
8738584,294641,Loïs Diony,,36,15.0,31.6,,save,left-foot,assisted,sofascore
8738584,255389,Leandro Paredes,,29,31.1,51.8,,miss,right-foot,free-kick,sofascore
8738584,255389,Leandro Paredes,,27,20.9,34.9,,miss,right-foot,corner,sofascore
8738584,124712,Neymar,,26,4.2,33.9,,block,left-foot,assisted,sofascore
8738584,51371,Vincent Manceau,,25,28.6,52.8,,miss,right-foot,set-piece,sofascore
8738584,826643,Kylian Mbappé,,22,12.1,32.8,,miss,right-foot,assisted,sofascore
8738584,126691,Marco Verratti,,11,11.5,45.8,,block,left-foot,assisted,sofascore
8738584,209768,Pierrick Capelle,,8,21.2,54.0,,block,left-foot,assisted,sofascore
8738584,831400,Mathias Pereira Lage,,6,7.8,49.1,,miss,head,assisted,sofascore
8738584,209768,Pierrick Capelle,,2,18.8,67.0,,save,left-foot,assisted,sofascore
8738585,827243,Axel Disasi,,90,12.6,52.8,,miss,head,set-piece,sofascore
8738585,757730,Antonin Bobichon,,90,23.6,66.6,,save,right-foot,assisted,sofascore
8738585,37126,Stevan Jovetić,,81,15.7,58.2,,goal,right-foot,fast-break,sofascore
8738585,318963,Aleksandr Golovin,,79,28.3,68.2,,miss,left-foot,assisted,sofascore
8738585,117373,Kevin Volland,,72,4.5,54.9,,goal,left-foot,assisted,sofascore
8738585,153220,Stéphane Bahoken,,68,8.0,42.7,,block,head,assisted,sofascore
8738585,831400,Mathias Pereira Lage,,65,14.2,65.7,,miss,right-foot,assisted,sofascore
8738585,859025,Aurélien Tchouaméni,,45,10.2,49.1,,miss,head,corner,sofascore
8738585,117373,Kevin Volland,,45,13.9,38.9,,block,left-foot,assisted,sofascore
8738585,117373,Kevin Volland,,42,15.2,45.7,,miss,right-foot,assisted,sofascore
8738585,339909,Guillermo Maripán,,40,6.7,48.4,,goal,right-foot,corner,sofascore
8738585,944164,Sofiane Diop,,40,14.3,74.1,,block,right-foot,corner,sofascore
8738585,119192,Wissam Ben Yedder,,38,6.2,41.5,,save,right-foot,regular,sofascore
8738585,944164,Sofiane Diop,,37,12.9,26.2,,miss,right-foot,assisted,sofascore
8738585,294641,Loïs Diony,,22,1.1,62.9,,miss,right-foot,corner,sofascore
8738585,294641,Loïs Diony,,21,17.8,31.8,,save,left-foot,fast-break,sofascore
8738585,209768,Pierrick Capelle,,19,13.4,49.7,,miss,left-foot,fast-break,sofascore
8738585,117373,Kevin Volland,,9,12.2,53.0,,miss,left-foot,assisted,sofascore
8738585,944164,Sofiane Diop,,5,20.1,51.3,,miss,right-foot,assisted,sofascore
8738586,84744,Andy Delort,,90,12.4,46.2,,miss,right-foot,regular,sofascore
8738586,84744,Andy Delort,,90,6.7,40.6,,save,head,set-piece,sofascore
8738586,965943,Imrân Louza,,81,28.8,37.3,,miss,left-foot,regular,sofascore
8738586,159701,Kalifa Coulibaly,,79,4.5,42.7,,miss,head,corner,sofascore
8738586,794836,Andrei Girotto,,76,27.1,52.2,,block,right-foot,free-kick,sofascore
8738586,785418,Marcus Coco,,73,25.3,52.1,,block,right-foot,assisted,sofascore
8738586,38688,Damien Le Tallec,,72,9.8,60.3,,save,head,set-piece,sofascore
8738586,3420,Vitorino Hilton,,72,3.0,60.6,,save,head,set-piece,sofascore
8738586,871706,Randal Kolo Muani,,68,17.2,41.5,,miss,right-foot,assisted,sofascore
8738586,871706,Randal Kolo Muani,,68,8.3,53.0,,save,right-foot,regular,sofascore
8738586,47549,Sébastien Corchia,,62,27.2,76.9,,miss,right-foot,assisted,sofascore
8738586,965943,Imrân Louza,,60,19.3,45.2,,miss,left-foot,assisted,sofascore
8738586,73056,Mehdi Abeid,,52,23.6,53.0,,miss,right-foot,regular,sofascore
8738586,965943,Imrân Louza,,51,22.5,52.2,,goal,left-foot,assisted,sofascore
8738586,234230,Florent Mollet,,45,23.2,70.9,,block,right-foot,free-kick,sofascore
8738586,794836,Andrei Girotto,,34,21.5,68.8,,miss,right-foot,free-kick,sofascore
8738586,47549,Sébastien Corchia,,33,18.4,45.4,,save,right-foot,free-kick,sofascore
8738586,159739,Ambroise Oyongo,,6,9.1,38.1,,goal,left-foot,regular,sofascore
8738586,149730,Gaëtan Laborde,,6,4.5,45.6,,block,left-foot,regular,sofascore
8738586,976396,Joris Chotard,,6,10.5,55.9,,block,right-foot,assisted,sofascore
8738589,238708,Islam Slimani,,87,12.1,50.7,,save,right-foot,regular,sofascore
8738589,842931,Karl Toko Ekambi,,83,16.2,31.4,,save,right-foot,assisted,sofascore
8738589,760618,Denis Bouanga,,82,5.0,45.2,,goal,head,set-piece,sofascore
8738589,810535,Tino Kadewere,,73,18.5,35.2,,save,right-foot,assisted,sofascore
8738589,810535,Tino Kadewere,,68,14.1,57.7,,goal,left-foot,assisted,sofascore
8738589,842931,Karl Toko Ekambi,,67,24.9,33.7,,save,right-foot,fast-break,sofascore
8738589,36704,Marcelo,,59,8.4,51.4,,goal,head,set-piece,sofascore
8738589,848458,Arnaud Nordin,,56,10.5,66.8,,post,right-foot,fast-break,sofascore
8738589,352664,Jason Denayer,,51,27.4,57.5,,block,right-foot,set-piece,sofascore
8738589,36704,Marcelo,,36,9.4,49.9,,goal,head,set-piece,sofascore
8738589,842931,Karl Toko Ekambi,,33,14.6,36.7,,save,right-foot,assisted,sofascore
8738589,137667,Mattia De Sciglio,,23,21.7,40.3,,post,right-foot,corner,sofascore
8738589,138833,Memphis Depay,,23,10.1,33.5,,block,right-foot,corner,sofascore
8738589,329303,Thiago Mendes,,22,20.2,38.6,,block,right-foot,assisted,sofascore
8738589,810535,Tino Kadewere,,16,2.4,49.5,,goal,left-foot,corner,sofascore
8738589,329303,Thiago Mendes,,15,3.0,58.3,,miss,head,corner,sofascore
8738589,941161,Charles Abi,,9,15.1,29.1,,miss,left-foot,fast-break,sofascore
8738589,866469,Bruno Guimarães,,8,15.7,36.5,,block,left-foot,set-piece,sofascore
8738589,810535,Tino Kadewere,,5,10.0,43.9,,save,left-foot,corner,sofascore
8738589,138833,Memphis Depay,,4,7.1,71.7,,save,right-foot,regular,sofascore
8738589,810535,Tino Kadewere,,3,17.9,54.9,,miss,left-foot,assisted,sofascore
8738589,990227,Aimen Moueffek,,1,13.4,53.8,,miss,right-foot,regular,sofascore
8738590,1063235,Mohamed Ali Cho,,90,14.8,53.7,,miss,left-foot,corner,sofascore
8738590,787542,Sada Thioub,,90,13.9,30.7,,block,right-foot,assisted,sofascore
8738590,795761,Kasper Dolberg,,87,17.1,33.4,,save,head,assisted,sofascore
8738590,985923,Hicham Boudaoui,,77,1.2,52.4,,goal,right-foot,assisted,sofascore
8738590,859026,Amine Gouiri,,77,4.6,47.1,,block,head,regular,sofascore
8738590,804621,Lassana Coulibaly,,77,29.6,43.7,,save,right-foot,assisted,sofascore
8738590,801306,Pierre Lees Melou,,75,24.4,60.2,,miss,right-foot,assisted,sofascore
8738590,153220,Stéphane Bahoken,,74,31.6,34.5,,save,right-foot,assisted,sofascore
8738590,859026,Amine Gouiri,,64,24.6,41.7,,save,right-foot,fast-break,sofascore
8738590,787540,Angelo Fulgini,,62,19.4,68.4,,save,right-foot,assisted,sofascore
8738590,787542,Sada Thioub,,60,8.7,53.6,,miss,head,assisted,sofascore
8738590,190147,Rony Lopes,,49,22.7,64.9,,block,left-foot,regular,sofascore
8738590,787542,Sada Thioub,,47,11.1,54.4,,miss,head,assisted,sofascore
8738590,25506,Ismaël Traoré,,45,9.7,42.8,,save,head,corner,sofascore
8738590,366760,Souleyman Doumbia,,24,29.5,43.3,,miss,left-foot,regular,sofascore
8738590,801306,Pierre Lees Melou,,23,11.5,50.1,,goal,right-foot,penalty,sofascore
8738590,787540,Angelo Fulgini,,18,16.7,69.7,,block,left-foot,corner,sofascore
8738590,787540,Angelo Fulgini,,17,26.9,61.7,,save,right-foot,free-kick,sofascore
8738590,190147,Rony Lopes,,12,4.2,60.1,,goal,left-foot,corner,sofascore
8738590,859026,Amine Gouiri,,11,15.5,46.0,,block,right-foot,corner,sofascore
8738590,794269,Jeff Reine-Adélaïde,,10,4.0,60.4,,block,right-foot,corner,sofascore
8738590,801306,Pierre Lees Melou,,10,23.1,59.2,,block,right-foot,assisted,sofascore
8738590,351434,Hassane Kamara,,8,10.5,28.7,,miss,left-foot,assisted,sofascore
8738591,3579,Mathieu Debuchy,,90,12.0,41.0,,miss,head,assisted,sofascore
8738591,3579,Mathieu Debuchy,,87,9.6,60.3,,miss,head,assisted,sofascore
8738591,74139,Romain Hamouma,,86,18.0,50.1,,block,left-foot,assisted,sofascore
8738591,760618,Denis Bouanga,,80,23.2,47.0,,save,right-foot,assisted,sofascore
8738591,941161,Charles Abi,,72,7.7,57.3,,goal,left-foot,set-piece,sofascore
8738591,3579,Mathieu Debuchy,,72,11.5,47.4,,miss,right-foot,set-piece,sofascore
8738591,38716,Ryad Boudebouz,,68,14.7,29.1,,block,left-foot,corner,sofascore
8738591,74139,Romain Hamouma,,67,11.8,65.3,,save,left-foot,assisted,sofascore
8738591,74139,Romain Hamouma,,60,13.5,28.3,,block,right-foot,regular,sofascore
8738591,816810,Mathieu Cafaro,,58,18.0,51.6,,goal,right-foot,free-kick,sofascore
8738591,816810,Mathieu Cafaro,,55,23.0,62.1,,miss,right-foot,assisted,sofascore
8738591,3579,Mathieu Debuchy,,49,9.7,48.7,,save,head,set-piece,sofascore
8738591,960080,Boulaye Dia,,37,5.4,48.0,,goal,right-foot,assisted,sofascore
8738591,848458,Arnaud Nordin,,33,7.6,30.4,,save,left-foot,set-piece,sofascore
8738591,3579,Mathieu Debuchy,,27,4.9,57.3,,miss,left-foot,assisted,sofascore
8738591,816810,Mathieu Cafaro,,25,24.9,51.5,,miss,right-foot,assisted,sofascore
8738591,760618,Denis Bouanga,,21,8.0,42.3,,miss,head,assisted,sofascore
8738591,962877,Adil Aouchiche,,20,24.8,37.3,,save,right-foot,assisted,sofascore
8738591,157029,Xavier Chavalerin,,14,10.1,65.1,,miss,head,assisted,sofascore
8738591,960080,Boulaye Dia,,12,11.5,50.0,,goal,right-foot,penalty,sofascore
8738591,361696,Wout Faes,,10,10.3,57.1,,block,left-foot,assisted,sofascore
8738592,932643,Armand Laurienté,,85,9.4,27.7,,save,left-foot,regular,sofascore
8738592,842709,Rémi Oudin,,83,20.5,57.7,,block,left-foot,corner,sofascore
8738592,963300,Amadou Traoré,,76,18.4,50.1,,miss,right-foot,assisted,sofascore
8738592,99945,Vincent Le Goff,,73,5.6,27.9,,miss,left-foot,assisted,sofascore
8738592,842709,Rémi Oudin,,68,11.1,57.3,,block,left-foot,regular,sofascore
8738592,74045,Nicolas de Préville,,68,12.0,36.3,,save,right-foot,assisted,sofascore
8738592,833030,Samuel Kalu,,56,19.7,34.2,,save,right-foot,assisted,sofascore
8738592,74045,Nicolas de Préville,,53,8.1,49.7,,miss,head,set-piece,sofascore
8738592,833030,Samuel Kalu,,50,22.5,23.1,,save,right-foot,assisted,sofascore
8738592,552686,Otávio,,45,25.8,54.6,,miss,right-foot,assisted,sofascore
8738592,842709,Rémi Oudin,,43,10.8,66.4,,goal,left-foot,assisted,sofascore
8738592,74045,Nicolas de Préville,,33,11.8,43.9,,miss,head,assisted,sofascore
8738592,26890,Fabien Lemoine,,28,30.1,39.6,,block,right-foot,assisted,sofascore
8738592,894396,Terem Moffi,,28,10.7,49.1,,post,left-foot,regular,sofascore
8738592,150865,Thomas Monconduit,,28,23.9,31.2,,miss,left-foot,assisted,sofascore
8738592,894396,Terem Moffi,,24,9.4,48.8,,block,right-foot,regular,sofascore
8738592,894396,Terem Moffi,,23,8.1,49.9,,goal,head,regular,sofascore
8738592,894396,Terem Moffi,,23,14.0,54.4,,save,left-foot,assisted,sofascore
8738592,791314,Hwang Ui-Jo,,19,8.7,31.8,,save,left-foot,assisted,sofascore
8738592,842709,Rémi Oudin,,13,3.3,60.0,,goal,right-foot,corner,sofascore
8738592,791314,Hwang Ui-Jo,,13,8.0,49.9,,miss,right-foot,corner,sofascore
8738592,67308,Loris Benito,,13,9.3,43.7,,miss,head,corner,sofascore
8738592,67308,Loris Benito,,10,10.7,43.9,,block,head,corner,sofascore
8738592,791314,Hwang Ui-Jo,,8,5.0,69.7,,miss,right-foot,assisted,sofascore
8738592,827934,Andreaw Gravillon,,7,6.1,50.0,,miss,head,corner,sofascore
8738592,984014,Enzo Le Fée,,6,24.1,55.7,,block,left-foot,assisted,sofascore
8738592,932643,Armand Laurienté,,6,17.8,42.7,,save,right-foot,assisted,sofascore
8738592,26890,Fabien Lemoine,,1,28.2,50.7,,miss,right-foot,regular,sofascore
8738593,845271,Dylan Bronn,,90,19.7,50.5,,miss,left-foot,assisted,sofascore
8738593,991359,Papa Ndiaga Yade,,88,27.2,68.1,,miss,left-foot,assisted,sofascore
8738593,796279,Jordan Lotomba,,84,30.6,58.3,,miss,right-foot,set-piece,sofascore
8738593,73188,John Boye,,79,2.3,45.7,,goal,left-foot,corner,sofascore
8738593,359246,Habib Maïga,,79,11.8,55.4,,block,right-foot,corner,sofascore
8738593,991359,Papa Ndiaga Yade,,78,21.2,57.7,,block,left-foot,assisted,sofascore
8738593,991359,Papa Ndiaga Yade,,74,29.9,68.5,,block,left-foot,assisted,sofascore
8738593,359246,Habib Maïga,,72,16.7,70.3,,miss,right-foot,assisted,sofascore
8738593,985923,Hicham Boudaoui,,65,9.9,56.0,,save,left-foot,regular,sofascore
8738593,794269,Jeff Reine-Adélaïde,,60,15.0,46.8,,save,right-foot,regular,sofascore
8738593,862821,Youssef Maziz,,58,24.6,45.2,,block,left-foot,assisted,sofascore
8738593,802034,Fabien Centonze,,56,23.4,66.4,,miss,right-foot,regular,sofascore
8738593,862821,Youssef Maziz,,56,17.7,47.6,,block,right-foot,assisted,sofascore
8738593,1046147,Lamine Gueye,,55,22.9,60.0,,save,left-foot,regular,sofascore
8738593,190147,Rony Lopes,,55,23.9,60.6,,save,left-foot,assisted,sofascore
8738593,794269,Jeff Reine-Adélaïde,,46,31.0,59.1,,block,right-foot,assisted,sofascore
8738593,1046147,Lamine Gueye,,43,13.1,58.5,,save,head,assisted,sofascore
8738593,794269,Jeff Reine-Adélaïde,,41,24.5,28.3,,block,right-foot,assisted,sofascore
8738593,190147,Rony Lopes,,33,14.5,84.7,,block,left-foot,free-kick,sofascore
8738593,359246,Habib Maïga,,31,32.3,30.1,,miss,right-foot,corner,sofascore
8738593,1046147,Lamine Gueye,,29,13.0,74.2,,save,left-foot,fast-break,sofascore
8738593,1046147,Lamine Gueye,,22,15.0,68.6,,block,right-foot,assisted,sofascore
8738593,1046147,Lamine Gueye,,20,15.9,72.1,,save,right-foot,assisted,sofascore
8738593,859026,Amine Gouiri,,18,11.5,50.0,,goal,right-foot,penalty,sofascore
8738593,859026,Amine Gouiri,,14,10.0,36.7,,block,right-foot,assisted,sofascore
8738593,190147,Rony Lopes,,5,12.8,38.5,,block,right-foot,assisted,sofascore
8738593,794269,Jeff Reine-Adélaïde,,5,24.6,55.8,,block,left-foot,assisted,sofascore
8738594,557166,Mama Baldé,,90,27.3,52.7,,miss,right-foot,assisted,sofascore
8738594,932643,Armand Laurienté,,90,27.6,31.8,,save,right-foot,assisted,sofascore
8738594,805123,Yoane Wissa,,87,7.2,62.1,,block,right-foot,assisted,sofascore
8738594,915567,Aurélien Scheidler,,85,15.8,62.4,,save,right-foot,assisted,sofascore
8738594,845274,Mounir Chouiar,,81,33.7,46.0,,miss,right-foot,free-kick,sofascore
8738594,557166,Mama Baldé,,77,10.3,52.8,,miss,head,corner,sofascore
8738594,845274,Mounir Chouiar,,76,24.7,31.6,,block,right-foot,assisted,sofascore
8738594,309510,Jordan Marié,,66,20.4,68.4,,block,left-foot,corner,sofascore
8738594,150865,Thomas Monconduit,,64,23.3,47.3,,block,left-foot,regular,sofascore
8738594,557166,Mama Baldé,,61,21.6,46.0,,block,right-foot,assisted,sofascore
8738594,805123,Yoane Wissa,,57,11.5,50.0,,post,right-foot,penalty,sofascore
8738594,805123,Yoane Wissa,,54,11.7,46.7,,miss,head,assisted,sofascore
8738594,980418,Sacha Boey,,53,28.3,42.4,,block,right-foot,corner,sofascore
8738594,16429,Jérémy Morel,,41,7.1,48.1,,miss,head,corner,sofascore
8738594,296434,Laurent Abergel,,36,28.9,68.5,,block,left-foot,assisted,sofascore
8738594,31993,Bruno Ecuele Manga,,34,9.2,52.8,,block,head,assisted,sofascore
8738594,867438,Jonathan Panzo,,23,23.5,26.3,,save,left-foot,regular,sofascore
8738594,31993,Bruno Ecuele Manga,,22,9.7,48.5,,miss,head,corner,sofascore
8738594,282095,Adrian Grbić,,16,16.4,48.7,,block,left-foot,assisted,sofascore
8738594,805123,Yoane Wissa,,6,26.8,30.4,,block,right-foot,assisted,sofascore
8738595,894396,Terem Moffi,,90,12.1,48.5,,goal,left-foot,fast-break,sofascore
8738595,827934,Andreaw Gravillon,,89,22.4,31.0,,block,right-foot,free-kick,sofascore
8738595,826643,Kylian Mbappé,,86,9.8,56.7,,miss,left-foot,corner,sofascore
8738595,135775,Layvin Kurzawa,,84,7.8,50.7,,miss,left-foot,regular,sofascore
8738595,124712,Neymar,,84,5.3,30.7,,block,left-foot,corner,sofascore
8738595,805123,Yoane Wissa,,80,3.0,41.5,,goal,left-foot,regular,sofascore
8738595,805123,Yoane Wissa,,80,4.0,46.7,,block,right-foot,assisted,sofascore
8738595,826134,Trevoh Chalobah,,76,23.1,48.5,,block,right-foot,set-piece,sofascore
8738595,233114,Mauro Icardi,,72,4.5,44.0,,save,head,corner,sofascore
8738595,826643,Kylian Mbappé,,67,15.4,33.2,,block,right-foot,assisted,sofascore
8738595,99545,Danilo Pereira,,67,25.6,63.5,,miss,right-foot,regular,sofascore
8738595,255389,Leandro Paredes,,67,28.8,54.0,,block,right-foot,regular,sofascore
8738595,984014,Enzo Le Fée,,65,24.8,32.0,,miss,right-foot,assisted,sofascore
8738595,124712,Neymar,,58,11.5,50.0,,goal,right-foot,penalty,sofascore
8738595,152420,Alessandro Florenzi,,53,36.2,76.8,,miss,left-foot,regular,sofascore
8738595,124712,Neymar,,45,10.2,51.5,,miss,left-foot,assisted,sofascore
8738595,233114,Mauro Icardi,,45,11.3,52.8,,miss,right-foot,regular,sofascore
8738595,150865,Thomas Monconduit,,45,19.5,68.4,,save,right-foot,assisted,sofascore
8738595,124712,Neymar,,45,11.5,50.0,,goal,right-foot,penalty,sofascore
8738595,296434,Laurent Abergel,,36,15.1,53.2,,goal,right-foot,regular,sofascore
8738595,282095,Adrian Grbić,,36,19.9,47.2,,block,right-foot,assisted,sofascore
8738595,932643,Armand Laurienté,,30,3.0,31.1,,miss,left-foot,fast-break,sofascore
8738595,282095,Adrian Grbić,,30,24.7,65.4,,save,right-foot,fast-break,sofascore
8738595,845119,Houboulang Mendes,,23,18.8,59.7,,miss,right-foot,corner,sofascore
8738595,282095,Adrian Grbić,,23,15.4,76.7,,block,right-foot,fast-break,sofascore
8738595,124712,Neymar,,18,24.0,45.9,,miss,left-foot,assisted,sofascore
8738595,99545,Danilo Pereira,,15,7.8,47.2,,miss,left-foot,corner,sofascore
8738595,932643,Armand Laurienté,,8,14.9,32.3,,miss,right-foot,assisted,sofascore
8738595,932643,Armand Laurienté,,6,4.3,70.5,,miss,right-foot,set-piece,sofascore
8738595,845119,Houboulang Mendes,,1,24.9,59.6,,miss,left-foot,assisted,sofascore
8738596,343971,Ludovic Ajorque,,90,11.5,43.0,,save,left-foot,fast-break,sofascore
8738596,906047,Cheick Doucouré,,87,22.9,71.9,,miss,right-foot,regular,sofascore
8738596,829093,Ibrahima Sissoko,,83,30.6,51.3,,miss,right-foot,corner,sofascore
8738596,829093,Ibrahima Sissoko,,83,9.4,37.6,,save,right-foot,assisted,sofascore
8738596,143344,Massadio Haïdara,,76,27.6,35.1,,save,left-foot,assisted,sofascore
8738596,156004,Jean-Eudes Aholou,,66,14.1,45.6,,miss,left-foot,regular,sofascore
8738596,46387,Gaël Kakuta,,62,17.8,39.4,,miss,left-foot,regular,sofascore
8738596,291695,Issiaga Sylla,,58,10.7,38.9,,miss,left-foot,assisted,sofascore
8738596,231946,Adrien Thomasson,,54,26.1,35.5,,block,right-foot,corner,sofascore
8738596,156004,Jean-Eudes Aholou,,54,16.1,58.1,,block,right-foot,corner,sofascore
8738596,802159,Habibou Diallo,,53,14.1,66.6,,block,right-foot,assisted,sofascore
8738596,788921,Florian Sotoca,,47,12.4,64.1,,block,right-foot,assisted,sofascore
8738596,788921,Florian Sotoca,,46,15.3,55.5,,block,right-foot,regular,sofascore
8738596,291695,Issiaga Sylla,,45,11.9,29.5,,miss,left-foot,assisted,sofascore
8738596,788921,Florian Sotoca,,43,9.3,39.8,,save,right-foot,regular,sofascore
8738596,343971,Ludovic Ajorque,,36,27.2,54.9,,post,left-foot,assisted,sofascore
8738596,954061,Arnaud Kalimuendo,,31,15.1,77.1,,miss,right-foot,assisted,sofascore
8738596,802159,Habibou Diallo,,21,13.8,50.1,,goal,right-foot,regular,sofascore
8738596,191188,Seko Fofana,,20,9.7,52.1,,miss,head,assisted,sofascore
8738596,788921,Florian Sotoca,,6,20.5,60.2,,block,left-foot,assisted,sofascore
8738596,343971,Ludovic Ajorque,,1,7.2,53.6,,save,left-foot,assisted,sofascore
8738597,122815,Wesley Lautoa,,76,20.9,59.7,,miss,left-foot,assisted,sofascore
8738597,802665,Nemanja Radonjić,,50,10.0,37.7,,save,right-foot,assisted,sofascore
8738597,157143,Moussa Konaté,,48,13.4,31.9,,miss,left-foot,assisted,sofascore
8738597,904994,Eric Ebimbe,,41,26.5,53.9,,miss,right-foot,assisted,sofascore
8738597,802665,Nemanja Radonjić,,36,12.8,56.1,,miss,right-foot,assisted,sofascore
8738597,802665,Nemanja Radonjić,,33,5.4,32.4,,block,right-foot,assisted,sofascore
8738597,148824,Florian Thauvin,,26,15.5,71.8,,miss,left-foot,regular,sofascore
8738597,581314,Valentin Rongier,,26,13.7,52.6,,block,left-foot,assisted,sofascore
8738597,557166,Mama Baldé,,22,14.4,42.1,,post,left-foot,assisted,sofascore
8738597,148824,Florian Thauvin,,18,23.0,71.7,,miss,left-foot,free-kick,sofascore
8738597,826204,Boubacar Kamara,,11,23.8,61.6,,save,left-foot,assisted,sofascore
8738597,122630,Darío Benedetto,,8,21.2,16.5,,miss,right-foot,assisted,sofascore
8738597,122630,Darío Benedetto,,7,3.8,46.8,,miss,right-foot,regular,sofascore
8738597,802665,Nemanja Radonjić,,7,14.0,54.2,,save,right-foot,assisted,sofascore
8738597,802665,Nemanja Radonjić,,3,14.0,54.0,,save,left-foot,regular,sofascore
8738598,881952,Matteo Ahlinvi,,89,16.5,48.9,,miss,left-foot,assisted,sofascore
8738598,595576,Jonathan Bamba,,82,8.1,36.1,,block,left-foot,assisted,sofascore
8738598,27622,José Fonte,,81,11.4,59.7,,miss,head,corner,sofascore
8738598,247445,Renaud Ripart,,77,14.1,27.0,,miss,right-foot,regular,sofascore
8738598,842400,Zinedine Ferhat,,63,28.8,69.7,,miss,right-foot,assisted,sofascore
8738598,18864,Burak Yılmaz,,56,10.8,42.5,,save,left-foot,assisted,sofascore
8738598,18864,Burak Yılmaz,,55,23.6,31.4,,miss,right-foot,assisted,sofascore
8738598,838688,Sofiane Alakouch,,55,11.0,67.2,,block,right-foot,regular,sofascore
8738598,595576,Jonathan Bamba,,54,24.8,39.8,,miss,right-foot,assisted,sofascore
8738598,822878,Lamine Fomba,,45,22.1,50.1,,block,right-foot,assisted,sofascore
8738598,855810,Tim Weah,,41,7.4,47.6,,miss,head,assisted,sofascore
8738598,18864,Burak Yılmaz,,29,7.9,41.5,,goal,right-foot,regular,sofascore
8738598,27622,José Fonte,,15,9.9,46.7,,block,head,corner,sofascore
8738598,855810,Tim Weah,,15,10.0,73.8,,block,right-foot,regular,sofascore
8738598,18864,Burak Yılmaz,,11,14.2,61.2,,block,right-foot,assisted,sofascore
8738598,247445,Renaud Ripart,,10,16.2,54.0,,block,left-foot,corner,sofascore
8738598,822878,Lamine Fomba,,9,5.4,63.7,,block,right-foot,regular,sofascore
8738600,37126,Stevan Jovetić,,90,20.7,68.8,,goal,right-foot,free-kick,sofascore
8738600,859025,Aurélien Tchouaméni,,75,4.2,48.0,,goal,head,corner,sofascore
8738600,928236,Leonardo Balerdi,,73,23.4,59.6,,miss,right-foot,regular,sofascore
8738600,945062,Youssouf Fofana,,60,24.1,67.2,,miss,right-foot,assisted,sofascore
8738600,859025,Aurélien Tchouaméni,,51,4.6,51.2,,miss,head,corner,sofascore
8738600,119192,Wissam Ben Yedder,,50,17.4,51.7,,save,left-foot,assisted,sofascore
8738600,802665,Nemanja Radonjić,,49,21.4,45.2,,miss,right-foot,assisted,sofascore
8738600,339909,Guillermo Maripán,,47,6.5,48.2,,goal,head,corner,sofascore
8738600,117373,Kevin Volland,,40,15.8,44.6,,save,left-foot,assisted,sofascore
8738600,944164,Sofiane Diop,,29,24.5,45.0,,save,right-foot,assisted,sofascore
8738600,148824,Florian Thauvin,,14,36.3,47.6,,miss,left-foot,regular,sofascore
8738600,802665,Nemanja Radonjić,,12,6.4,39.2,,goal,right-foot,assisted,sofascore
8738600,257091,Duje Ćaleta-Car,,3,7.5,58.9,,miss,head,set-piece,sofascore
8738601,842400,Zinedine Ferhat,,90,27.0,28.9,,save,right-foot,free-kick,sofascore
8738601,230766,Haris Duljević,,81,31.1,30.5,,save,right-foot,assisted,sofascore
8738601,294641,Loïs Diony,,79,21.3,72.7,,miss,right-foot,fast-break,sofascore
8738601,804621,Lassana Coulibaly,,65,5.7,52.2,,miss,head,corner,sofascore
8738601,51321,Mateo Pavlović,,65,9.2,51.6,,miss,head,corner,sofascore
8738601,51349,Lucas Deaux,,59,8.1,50.1,,miss,head,corner,sofascore
8738601,294641,Loïs Diony,,55,4.6,42.9,,goal,right-foot,assisted,sofascore
8738601,294641,Loïs Diony,,51,12.5,68.8,,save,left-foot,assisted,sofascore
8738601,209768,Pierrick Capelle,,47,11.4,39.8,,block,head,assisted,sofascore
8738601,842400,Zinedine Ferhat,,44,29.9,46.4,,miss,right-foot,regular,sofascore
8738601,247445,Renaud Ripart,,41,11.5,50.0,,goal,right-foot,penalty,sofascore
8738601,804621,Lassana Coulibaly,,35,13.2,47.0,,goal,left-foot,assisted,sofascore
8738601,804621,Lassana Coulibaly,,26,31.2,38.8,,miss,right-foot,regular,sofascore
8738601,787542,Sada Thioub,,25,19.7,46.3,,save,right-foot,assisted,sofascore
8738601,822878,Lamine Fomba,,24,19.2,75.0,,miss,left-foot,regular,sofascore
8738601,51371,Vincent Manceau,,22,11.9,64.5,,miss,left-foot,regular,sofascore
8738601,209768,Pierrick Capelle,,20,14.4,50.2,,goal,left-foot,assisted,sofascore
8738601,842400,Zinedine Ferhat,,12,25.4,31.6,,save,right-foot,assisted,sofascore
8738601,804621,Lassana Coulibaly,,9,33.8,43.7,,miss,right-foot,assisted,sofascore
8738601,247445,Renaud Ripart,,5,9.1,50.4,,miss,head,assisted,sofascore
8738602,913191,Vagner Dias,,87,11.5,50.0,,goal,right-foot,penalty,sofascore
8738602,991359,Papa Ndiaga Yade,,81,10.3,62.9,,goal,left-foot,assisted,sofascore
8738602,345035,Steve Mounié,,79,22.4,63.1,,miss,left-foot,assisted,sofascore
8738602,991359,Papa Ndiaga Yade,,77,28.2,55.3,,miss,left-foot,assisted,sofascore
8738602,345035,Steve Mounié,,76,14.8,47.6,,miss,right-foot,assisted,sofascore
8738602,1002711,Pape Matar Sarr,,73,19.8,42.3,,goal,right-foot,regular,sofascore
8738602,280453,Franck Honorat,,72,19.7,41.3,,block,right-foot,assisted,sofascore
8738602,940360,Warren Tchimbembé,,71,24.2,44.3,,miss,left-foot,assisted,sofascore
8738602,356024,Thierry Ambrose,,67,29.5,52.2,,save,left-foot,assisted,sofascore
8738602,802034,Fabien Centonze,,66,9.3,72.1,,miss,right-foot,assisted,sofascore
8738602,280453,Franck Honorat,,66,6.7,33.8,,save,right-foot,regular,sofascore
8738602,356024,Thierry Ambrose,,57,11.4,40.0,,block,left-foot,assisted,sofascore
8738602,356024,Thierry Ambrose,,50,14.8,40.0,,miss,right-foot,assisted,sofascore
8738602,605552,Irvin Cardona,,47,7.3,49.7,,goal,head,assisted,sofascore
8738602,913942,Romain Faivre,,43,10.5,51.1,,save,head,assisted,sofascore
8738602,345035,Steve Mounié,,41,14.7,49.9,,miss,right-foot,assisted,sofascore
8738602,229722,Farid Boulaya,,37,28.1,49.5,,goal,right-foot,free-kick,sofascore
8738602,280453,Franck Honorat,,33,17.7,56.1,,goal,right-foot,regular,sofascore
8738602,356024,Thierry Ambrose,,30,24.6,47.2,,miss,right-foot,assisted,sofascore
8738602,1046147,Lamine Gueye,,20,20.8,65.8,,block,right-foot,assisted,sofascore
8738602,345035,Steve Mounié,,16,11.1,54.8,,save,left-foot,fast-break,sofascore
8738602,1046147,Lamine Gueye,,11,20.4,61.2,,miss,left-foot,assisted,sofascore
8738602,356024,Thierry Ambrose,,5,11.4,78.3,,save,left-foot,assisted,sofascore
8738602,605552,Irvin Cardona,,2,3.8,65.8,,miss,right-foot,regular,sofascore
8738602,229722,Farid Boulaya,,1,24.9,59.8,,miss,left-foot,regular,sofascore
8738604,827804,Yusuf Yazıcı,,90,18.8,69.9,,miss,left-foot,assisted,sofascore
8738604,158573,Adama Soumaoro,,90,24.0,66.7,,block,right-foot,regular,sofascore
8738604,827804,Yusuf Yazıcı,,86,19.9,53.2,,block,left-foot,assisted,sofascore
8738604,595576,Jonathan Bamba,,72,26.8,47.4,,block,right-foot,assisted,sofascore
8738604,827804,Yusuf Yazıcı,,71,13.4,61.4,,save,left-foot,assisted,sofascore
8738604,840451,Luiz Araújo,,66,12.9,71.7,,miss,left-foot,assisted,sofascore
8738604,840451,Luiz Araújo,,63,31.9,56.9,,block,left-foot,assisted,sofascore
8738604,595576,Jonathan Bamba,,61,21.8,34.5,,save,right-foot,assisted,sofascore
8738604,595576,Jonathan Bamba,,55,19.8,28.5,,save,right-foot,assisted,sofascore
8738604,318967,Renato Sanches,,51,25.9,41.7,,miss,right-foot,regular,sofascore
8738604,893008,Zeki Çelik,,41,6.0,47.0,,goal,other,regular,sofascore
8738604,846081,Houssem Aouar,,41,7.9,31.3,,miss,right-foot,assisted,sofascore
8738604,595576,Jonathan Bamba,,36,13.1,38.2,,miss,left-foot,assisted,sofascore
8738604,18864,Burak Yılmaz,,26,29.8,28.8,,save,right-foot,assisted,sofascore
8738604,810535,Tino Kadewere,,26,8.1,57.9,,block,head,corner,sofascore
8738604,802142,Jonathan Ikoné,,24,18.5,71.3,,save,left-foot,assisted,sofascore
8738604,595576,Jonathan Bamba,,22,23.7,38.3,,goal,right-foot,assisted,sofascore
8738604,842931,Karl Toko Ekambi,,22,15.0,61.8,,save,right-foot,assisted,sofascore
8738604,138833,Memphis Depay,,19,20.5,30.7,,miss,right-foot,regular,sofascore
8738604,842931,Karl Toko Ekambi,,19,13.4,34.9,,block,right-foot,assisted,sofascore
8738604,839981,Lucas Paquetá,,18,23.0,44.9,,block,left-foot,regular,sofascore
8738604,846081,Houssem Aouar,,17,18.5,35.1,,miss,right-foot,assisted,sofascore
8738604,18864,Burak Yılmaz,,13,12.1,66.6,,block,right-foot,assisted,sofascore
8738604,842931,Karl Toko Ekambi,,11,10.9,61.7,,miss,head,assisted,sofascore
8738605,855847,Kaj Sierhuis,,90,13.2,50.7,,save,right-foot,assisted,sofascore
8738605,855847,Kaj Sierhuis,,89,8.4,57.9,,block,right-foot,assisted,sofascore
8738605,884963,Moise Sakava,,89,22.5,56.5,,block,left-foot,assisted,sofascore
8738605,358306,Il-Lok Yun,,86,7.5,45.6,,miss,head,corner,sofascore
8738605,855847,Kaj Sierhuis,,80,4.0,35.1,,miss,right-foot,corner,sofascore
8738605,1035695,Fodé Doucouré,,79,20.6,64.7,,miss,left-foot,assisted,sofascore
8738605,1048422,Hugo Ekitiké,,73,9.3,66.4,,save,left-foot,assisted,sofascore
8738605,98197,Valon Berisha,,66,11.2,66.8,,block,right-foot,assisted,sofascore
8738605,93570,Arnaud Souquet,,64,24.2,71.5,,save,left-foot,assisted,sofascore
8738605,960080,Boulaye Dia,,56,11.5,50.0,,goal,right-foot,penalty,sofascore
8738605,816810,Mathieu Cafaro,,54,24.6,36.9,,save,right-foot,assisted,sofascore
8738605,84744,Andy Delort,,52,58.3,64.5,,miss,right-foot,assisted,sofascore
8738605,855847,Kaj Sierhuis,,51,11.5,45.0,,save,left-foot,assisted,sofascore
8738605,816810,Mathieu Cafaro,,48,20.9,28.3,,miss,right-foot,regular,sofascore
8738605,98197,Valon Berisha,,45,14.5,30.1,,miss,right-foot,corner,sofascore
8738605,816810,Mathieu Cafaro,,44,30.2,52.6,,block,right-foot,free-kick,sofascore
8738605,361696,Wout Faes,,39,9.0,46.2,,miss,head,corner,sofascore
8738605,963399,Nathanaël Mbuku,,31,9.7,57.7,,goal,left-foot,assisted,sofascore
8738605,963399,Nathanaël Mbuku,,29,1.7,40.6,,miss,head,corner,sofascore
8738605,855847,Kaj Sierhuis,,29,8.5,59.2,,miss,right-foot,corner,sofascore
8738605,963399,Nathanaël Mbuku,,28,15.4,57.7,,block,left-foot,fast-break,sofascore
8738605,960080,Boulaye Dia,,22,19.1,52.4,,block,right-foot,assisted,sofascore
8738605,84744,Andy Delort,,18,10.0,47.2,,miss,head,throw-in-set-piece,sofascore
8738605,84744,Andy Delort,,17,25.1,73.4,,block,right-foot,assisted,sofascore
8738605,960080,Boulaye Dia,,13,2.9,46.4,,goal,left-foot,assisted,sofascore
8738605,960080,Boulaye Dia,,9,11.5,50.0,,goal,right-foot,penalty,sofascore
8738605,98197,Valon Berisha,,4,11.7,63.1,,save,head,corner,sofascore
8738605,178721,Yunis Abdelhamid,,4,5.4,46.9,,miss,head,corner,sofascore
8738605,960080,Boulaye Dia,,1,8.7,68.8,,miss,right-foot,assisted,sofascore
8738606,904832,Khéphren Thuram,,85,4.3,55.5,,miss,head,set-piece,sofascore
8738606,18864,Burak Yılmaz,,77,12.8,68.7,,miss,right-foot,assisted,sofascore
8738606,18864,Burak Yılmaz,,70,22.9,17.8,,save,right-foot,assisted,sofascore
8738606,595576,Jonathan Bamba,,70,17.1,51.1,,miss,right-foot,assisted,sofascore
8738606,18864,Burak Yılmaz,,58,10.1,37.5,,goal,right-foot,assisted,sofascore
8738606,318967,Renato Sanches,,51,29.2,52.2,,block,right-foot,assisted,sofascore
8738606,795761,Kasper Dolberg,,50,9.3,52.6,,goal,right-foot,assisted,sofascore
8738606,893008,Zeki Çelik,,49,25.5,73.6,,miss,right-foot,assisted,sofascore
8738606,595576,Jonathan Bamba,,43,23.5,40.1,,miss,right-foot,corner,sofascore
8738606,893008,Zeki Çelik,,42,15.2,74.7,,block,right-foot,assisted,sofascore
8738606,18864,Burak Yılmaz,,40,8.3,35.5,,miss,left-foot,assisted,sofascore
8738606,904991,Stanley Nsoki,,39,10.5,48.2,,miss,head,corner,sofascore
8738606,822877,Alexis Claude-Maurice,,26,18.8,51.3,,save,right-foot,set-piece,sofascore
8738606,840451,Luiz Araújo,,15,30.1,63.3,,miss,left-foot,assisted,sofascore
8738606,27009,Morgan Schneiderlin,,13,7.1,53.6,,save,head,corner,sofascore
8738606,351434,Hassane Kamara,,12,18.2,47.5,,block,left-foot,corner,sofascore
8738606,3577,Dante,,12,11.1,57.3,,block,left-foot,corner,sofascore
8738606,3577,Dante,,12,10.4,63.3,,miss,head,corner,sofascore
8738606,18864,Burak Yılmaz,,7,7.5,29.8,,save,left-foot,assisted,sofascore
8738606,51665,Benjamin André,,2,24.4,71.5,,save,right-foot,regular,sofascore
8738607,225092,Christophe Herelle,,89,5.8,49.1,,miss,head,corner,sofascore
8738607,827519,Romain Perraud,,88,14.7,33.4,,miss,left-foot,regular,sofascore
8738607,927975,Jean Lucas,,83,30.1,51.8,,miss,right-foot,assisted,sofascore
8738607,225092,Christophe Herelle,,77,4.9,52.4,,miss,head,corner,sofascore
8738607,157029,Xavier Chavalerin,,70,8.4,35.9,,miss,head,assisted,sofascore
8738607,280453,Franck Honorat,,68,23.8,36.8,,miss,right-foot,fast-break,sofascore
8738607,579596,Moussa Doumbia,,66,21.8,53.0,,block,right-foot,assisted,sofascore
8738607,816810,Mathieu Cafaro,,65,7.6,70.3,,save,right-foot,assisted,sofascore
8738607,827519,Romain Perraud,,57,27.8,51.1,,block,left-foot,free-kick,sofascore
8738607,345035,Steve Mounié,,55,9.3,67.2,,block,right-foot,assisted,sofascore
8738607,960080,Boulaye Dia,,50,9.7,32.0,,block,right-foot,fast-break,sofascore
8738607,963399,Nathanaël Mbuku,,45,13.8,44.7,,block,left-foot,assisted,sofascore
8738607,963399,Nathanaël Mbuku,,40,10.5,52.8,,goal,head,assisted,sofascore
8738607,157029,Xavier Chavalerin,,40,20.2,40.0,,miss,left-foot,assisted,sofascore
8738607,328035,Brendan Chardonnet,,38,4.8,38.3,,post,left-foot,set-piece,sofascore
8738607,280453,Franck Honorat,,38,10.9,18.1,,block,right-foot,free-kick,sofascore
8738607,963399,Nathanaël Mbuku,,33,16.0,61.7,,miss,left-foot,assisted,sofascore
8738607,960080,Boulaye Dia,,24,7.4,45.4,,miss,right-foot,assisted,sofascore
8738607,827519,Romain Perraud,,21,28.3,52.2,,block,left-foot,free-kick,sofascore
8738607,345035,Steve Mounié,,15,11.2,49.6,,block,head,assisted,sofascore
8738607,579596,Moussa Doumbia,,14,14.1,26.2,,block,right-foot,assisted,sofascore
8738607,913942,Romain Faivre,,13,19.1,78.5,,block,left-foot,free-kick,sofascore
8738607,307096,Romain Philippoteaux,,12,22.6,53.6,,block,right-foot,assisted,sofascore
8738607,827519,Romain Perraud,,10,22.0,42.7,,miss,right-foot,assisted,sofascore
8738607,816810,Mathieu Cafaro,,6,30.2,27.0,,miss,right-foot,assisted,sofascore
8738607,826293,Ronaël Pierre-Gabriel,,5,21.9,70.5,,miss,right-foot,assisted,sofascore
8738607,963399,Nathanaël Mbuku,,3,14.2,52.4,,block,left-foot,assisted,sofascore
8738608,877102,Nayef Aguerd,,90,9.6,50.0,,miss,head,assisted,sofascore
8738608,934386,Jérémy Doku,,88,4.9,33.1,,miss,left-foot,regular,sofascore
8738608,324399,Benjamin Bourigeaud,,88,14.3,35.4,,miss,right-foot,assisted,sofascore
8738608,324399,Benjamin Bourigeaud,,84,20.0,50.3,,miss,right-foot,assisted,sofascore
8738608,74083,Damien Da Silva,,82,7.2,60.8,,miss,head,corner,sofascore
8738608,787542,Sada Thioub,,78,14.2,53.7,,block,left-foot,assisted,sofascore
8738608,153220,Stéphane Bahoken,,75,15.5,32.2,,block,right-foot,assisted,sofascore
8738608,153220,Stéphane Bahoken,,66,10.8,33.0,,block,left-foot,fast-break,sofascore
8738608,14142,Thomas Mangani,,63,22.4,55.9,,block,left-foot,assisted,sofascore
8738608,257205,Sofiane Boufal,,60,5.3,59.2,,save,head,assisted,sofascore
8738608,787540,Angelo Fulgini,,57,15.7,52.8,,goal,right-foot,assisted,sofascore
8738608,153220,Stéphane Bahoken,,53,12.3,27.4,,miss,left-foot,assisted,sofascore
8738608,877102,Nayef Aguerd,,48,7.9,51.0,,miss,head,corner,sofascore
8738608,362014,Hamari Traoré,,48,11.5,72.8,,block,right-foot,assisted,sofascore
8738608,911851,Yann Gboho,,45,12.5,71.4,,block,right-foot,assisted,sofascore
8738608,153220,Stéphane Bahoken,,43,16.0,50.1,,save,right-foot,assisted,sofascore
8738608,362014,Hamari Traoré,,40,26.8,68.1,,miss,right-foot,assisted,sofascore
8738608,257205,Sofiane Boufal,,32,22.8,44.6,,block,right-foot,free-kick,sofascore
8738608,911851,Yann Gboho,,28,4.7,28.0,,block,left-foot,assisted,sofascore
8738608,257205,Sofiane Boufal,,27,15.0,61.9,,goal,left-foot,assisted,sofascore
8738608,283083,Adrien Hunou,,18,2.4,53.9,,goal,right-foot,regular,sofascore
8738609,787540,Angelo Fulgini,,88,8.5,35.5,,miss,left-foot,corner,sofascore
8738609,804621,Lassana Coulibaly,,87,6.1,71.7,,save,right-foot,assisted,sofascore
8738609,791314,Hwang Ui-Jo,,80,19.4,33.2,,save,right-foot,assisted,sofascore
8738609,51371,Vincent Manceau,,78,17.8,70.6,,save,right-foot,regular,sofascore
8738609,294641,Loïs Diony,,78,20.6,62.7,,miss,right-foot,assisted,sofascore
8738609,74045,Nicolas de Préville,,63,15.0,59.3,,miss,right-foot,regular,sofascore
8738609,787542,Sada Thioub,,63,19.8,49.9,,block,left-foot,assisted,sofascore
8738609,153220,Stéphane Bahoken,,60,3.8,54.1,,miss,right-foot,assisted,sofascore
8738609,787542,Sada Thioub,,59,5.5,68.2,,save,right-foot,assisted,sofascore
8738609,209768,Pierrick Capelle,,52,18.4,48.5,,block,left-foot,assisted,sofascore
8738609,153220,Stéphane Bahoken,,48,4.4,36.3,,post,right-foot,regular,sofascore
8738609,153220,Stéphane Bahoken,,47,6.5,35.9,,block,head,corner,sofascore
8738609,859024,Yacine Adli,,45,24.6,28.2,,block,right-foot,assisted,sofascore
8738609,153220,Stéphane Bahoken,,44,10.1,50.2,,save,head,regular,sofascore
8738609,153220,Stéphane Bahoken,,44,13.1,50.3,,save,right-foot,regular,sofascore
8738609,787540,Angelo Fulgini,,39,21.9,42.3,,goal,right-foot,free-kick,sofascore
8738609,842709,Rémi Oudin,,18,8.5,69.0,,block,right-foot,assisted,sofascore
8738609,859024,Yacine Adli,,16,13.5,62.9,,miss,right-foot,corner,sofascore
8738609,791314,Hwang Ui-Jo,,11,7.4,63.9,,goal,right-foot,assisted,sofascore
8738609,791314,Hwang Ui-Jo,,8,2.3,57.3,,goal,left-foot,regular,sofascore
8738609,787540,Angelo Fulgini,,4,20.9,72.6,,save,right-foot,assisted,sofascore
8738609,153220,Stéphane Bahoken,,4,3.8,32.8,,miss,left-foot,assisted,sofascore
8738610,605552,Irvin Cardona,,81,24.5,28.3,,miss,right-foot,free-kick,sofascore
8738610,827519,Romain Perraud,,70,10.5,28.7,,miss,right-foot,assisted,sofascore
8738610,343971,Ludovic Ajorque,,67,8.1,34.4,,goal,left-foot,assisted,sofascore
8738610,44213,Gaëtan Charbonnier,,62,8.8,38.4,,miss,other,corner,sofascore
8738610,827519,Romain Perraud,,60,30.8,25.2,,block,left-foot,assisted,sofascore
8738610,345035,Steve Mounié,,58,11.5,48.2,,save,head,assisted,sofascore
8738610,1047296,Jérémy Le Douaron,,53,7.1,39.0,,miss,left-foot,corner,sofascore
8738610,1047296,Jérémy Le Douaron,,52,28.7,55.5,,save,left-foot,regular,sofascore
8738610,51471,Julien Faussurier,,48,1.9,57.9,,miss,head,assisted,sofascore
8738610,845273,Jean-Ricner Bellegarde,,45,13.4,33.8,,block,right-foot,assisted,sofascore
8738610,802159,Habibou Diallo,,45,18.9,80.7,,save,right-foot,assisted,sofascore
8738610,1047296,Jérémy Le Douaron,,45,9.1,53.8,,miss,head,assisted,sofascore
8738610,827519,Romain Perraud,,43,13.1,35.2,,save,left-foot,assisted,sofascore
8738610,141080,Kenny Lala,,40,11.5,50.0,,goal,right-foot,penalty,sofascore
8738610,44213,Gaëtan Charbonnier,,33,6.4,50.1,,save,head,corner,sofascore
8738610,44213,Gaëtan Charbonnier,,31,8.5,49.1,,miss,head,assisted,sofascore
8738610,44213,Gaëtan Charbonnier,,29,15.0,75.1,,miss,left-foot,assisted,sofascore
8738610,802159,Habibou Diallo,,27,10.8,47.0,,goal,head,assisted,sofascore
8738610,580642,Haris Belkebla,,27,28.5,42.3,,block,right-foot,assisted,sofascore
8738610,829093,Ibrahima Sissoko,,14,27.0,61.5,,miss,right-foot,assisted,sofascore
8738610,343971,Ludovic Ajorque,,12,29.1,49.5,,save,left-foot,regular,sofascore
8738611,191188,Seko Fofana,,90,24.2,37.5,,save,right-foot,assisted,sofascore
8738611,191188,Seko Fofana,,90,16.9,64.1,,block,right-foot,set-piece,sofascore
8738611,821728,Jonathan Clauss,,88,18.2,63.5,,block,right-foot,regular,sofascore
8738611,825945,Simon Banza,,87,5.6,52.4,,miss,head,regular,sofascore
8738611,821728,Jonathan Clauss,,84,31.8,75.6,,save,right-foot,assisted,sofascore
8738611,593546,Tony Mauricio,,83,19.1,73.0,,miss,left-foot,corner,sofascore
8738611,851262,Myziane Maolida,,81,14.1,61.2,,miss,left-foot,regular,sofascore
8738611,821728,Jonathan Clauss,,80,21.6,61.6,,miss,right-foot,assisted,sofascore
8738611,821728,Jonathan Clauss,,79,14.9,68.0,,miss,right-foot,corner,sofascore
8738611,51363,Yannick Cahuzac,,79,5.7,63.1,,block,right-foot,corner,sofascore
8738611,593546,Tony Mauricio,,78,28.1,58.3,,block,left-foot,assisted,sofascore
8738611,794269,Jeff Reine-Adélaïde,,76,31.3,57.3,,miss,right-foot,regular,sofascore
8738611,191188,Seko Fofana,,72,26.4,65.1,,miss,right-foot,assisted,sofascore
8738611,859026,Amine Gouiri,,71,10.5,66.0,,miss,right-foot,fast-break,sofascore
8738611,795761,Kasper Dolberg,,70,10.7,37.7,,miss,head,assisted,sofascore
8738611,894238,Youcef Atal,,49,6.9,68.4,,goal,left-foot,assisted,sofascore
8738611,985923,Hicham Boudaoui,,40,27.9,40.4,,block,right-foot,regular,sofascore
8738611,890329,Ignatius Kpene Ganago,,31,5.6,54.2,,miss,head,assisted,sofascore
8738611,890329,Ignatius Kpene Ganago,,27,5.6,16.9,,save,right-foot,assisted,sofascore
8738611,894238,Youcef Atal,,13,18.2,63.3,,save,left-foot,assisted,sofascore
8738612,845273,Jean-Ricner Bellegarde,,90,3.3,55.9,,miss,head,assisted,sofascore
8738612,231946,Adrien Thomasson,,85,4.9,56.5,,miss,right-foot,assisted,sofascore
8738612,891793,Kévin Zohi,,85,13.5,43.7,,miss,right-foot,assisted,sofascore
8738612,157143,Moussa Konaté,,83,18.3,55.5,,miss,right-foot,assisted,sofascore
8738612,156004,Jean-Eudes Aholou,,80,19.4,47.8,,miss,left-foot,fast-break,sofascore
8738612,786305,Roger Assalé,,77,22.2,76.1,,miss,right-foot,assisted,sofascore
8738612,845273,Jean-Ricner Bellegarde,,76,19.1,64.3,,block,left-foot,assisted,sofascore
8738612,343971,Ludovic Ajorque,,70,4.1,56.5,,miss,head,assisted,sofascore
8738612,156004,Jean-Eudes Aholou,,66,30.6,42.9,,block,left-foot,regular,sofascore
8738612,937741,Senou Coulibaly,,63,3.6,47.8,,goal,left-foot,corner,sofascore
8738612,937741,Senou Coulibaly,,63,8.0,51.6,,save,head,corner,sofascore
8738612,343971,Ludovic Ajorque,,59,19.7,58.5,,miss,right-foot,assisted,sofascore
8738612,231946,Adrien Thomasson,,54,9.5,52.2,,post,left-foot,assisted,sofascore
8738612,343971,Ludovic Ajorque,,51,6.0,56.5,,goal,head,regular,sofascore
8738612,914660,Mehdi Chahiri,,51,9.0,31.8,,save,left-foot,assisted,sofascore
8738612,904994,Eric Ebimbe,,45,13.8,53.0,,save,right-foot,assisted,sofascore
8738612,829093,Ibrahima Sissoko,,33,6.9,51.0,,miss,head,corner,sofascore
8738612,914660,Mehdi Chahiri,,28,12.7,27.0,,block,right-foot,corner,sofascore
8738612,343971,Ludovic Ajorque,,25,7.5,43.3,,miss,head,corner,sofascore
8738612,914660,Mehdi Chahiri,,14,19.4,50.7,,miss,right-foot,assisted,sofascore
8738613,39009,Clément Grenier,,90,27.2,52.2,,miss,right-foot,free-kick,sofascore
8738613,283083,Adrien Hunou,,90,8.0,55.4,,miss,right-foot,assisted,sofascore
8738613,318967,Renato Sanches,,90,15.8,43.7,,block,right-foot,assisted,sofascore
8738613,901470,Gerzino Nyamsi,,89,9.3,42.1,,miss,head,set-piece,sofascore
8738613,283083,Adrien Hunou,,84,14.3,36.3,,save,right-foot,assisted,sofascore
8738613,855810,Tim Weah,,83,16.5,50.5,,miss,right-foot,corner,sofascore
8738613,935564,Jonathan David,,71,15.6,63.9,,save,right-foot,set-piece,sofascore
8738613,935564,Jonathan David,,65,11.7,27.0,,miss,left-foot,assisted,sofascore
8738613,877102,Nayef Aguerd,,61,9.5,52.8,,block,head,corner,sofascore
8738613,846445,Martin Terrier,,61,9.0,61.2,,block,right-foot,regular,sofascore
8738613,934386,Jérémy Doku,,55,25.5,53.8,,block,right-foot,assisted,sofascore
8738613,39009,Clément Grenier,,54,28.4,30.4,,miss,right-foot,free-kick,sofascore
8738613,910046,Sven Botman,,45,55.7,10.6,,miss,left-foot,free-kick,sofascore
8738613,39009,Clément Grenier,,39,23.1,51.9,,miss,right-foot,assisted,sofascore
8738613,999028,Adrien Truffert,,27,9.3,42.5,,block,right-foot,regular,sofascore
8738613,827804,Yusuf Yazıcı,,19,13.4,39.1,,save,left-foot,regular,sofascore
8738613,935564,Jonathan David,,16,4.1,37.7,,goal,left-foot,corner,sofascore
8738613,935564,Jonathan David,,15,12.8,61.4,,save,right-foot,regular,sofascore
8738613,51665,Benjamin André,,2,13.4,51.6,,miss,head,set-piece,sofascore
8738613,801287,Faitout Maouassa,,1,23.9,25.0,,save,left-foot,assisted,sofascore
8738614,149732,Abdoulaye Touré,,90,18.2,54.8,,miss,right-foot,set-piece,sofascore
8738614,788181,Roli Pereira de Sa,,90,23.0,54.8,,block,left-foot,set-piece,sofascore
8738614,138573,Pablo Sarabia,,88,12.0,57.1,,goal,left-foot,regular,sofascore
8738614,138573,Pablo Sarabia,,76,27.0,40.1,,block,left-foot,free-kick,sofascore
8738614,938270,Abdoul Kader Bamba,,70,11.5,50.0,,save,right-foot,penalty,sofascore
8738614,826643,Kylian Mbappé,,65,11.5,50.0,,goal,right-foot,penalty,sofascore
8738614,82474,Ander Herrera,,58,21.6,41.8,,miss,right-foot,corner,sofascore
8738614,826643,Kylian Mbappé,,55,10.9,64.4,,save,right-foot,assisted,sofascore
8738614,96367,Rafinha Alcântara,,51,5.1,33.4,,block,left-foot,regular,sofascore
8738614,82474,Ander Herrera,,47,11.1,55.3,,goal,left-foot,assisted,sofascore
8738614,96367,Rafinha Alcântara,,44,20.4,28.2,,miss,left-foot,assisted,sofascore
8738614,826643,Kylian Mbappé,,41,11.7,56.9,,miss,right-foot,assisted,sofascore
8738614,806076,Ludovic Blas,,37,26.8,30.1,,block,left-foot,assisted,sofascore
8738614,871706,Randal Kolo Muani,,36,15.5,41.6,,miss,right-foot,assisted,sofascore
8738614,826643,Kylian Mbappé,,26,13.7,52.6,,miss,right-foot,assisted,sofascore
8738614,330051,Moses Simon,,16,3.5,47.9,,miss,right-foot,assisted,sofascore
8738614,99545,Danilo Pereira,,12,8.7,43.3,,miss,head,corner,sofascore
8738614,138573,Pablo Sarabia,,12,1.6,59.2,,post,right-foot,corner,sofascore
8738614,99545,Danilo Pereira,,12,8.9,45.7,,miss,head,corner,sofascore
8738615,988839,Marley Aké,,90,24.6,57.6,,miss,left-foot,assisted,sofascore
8738615,826204,Boubacar Kamara,,90,28.8,22.3,,miss,right-foot,assisted,sofascore
8738615,805123,Yoane Wissa,,88,11.7,59.4,,miss,head,assisted,sofascore
8738615,150865,Thomas Monconduit,,87,14.3,32.8,,miss,right-foot,regular,sofascore
8738615,122807,Jonathan Delaplace,,86,11.2,64.7,,miss,right-foot,assisted,sofascore
8738615,122807,Jonathan Delaplace,,85,17.8,72.3,,miss,left-foot,assisted,sofascore
8738615,148824,Florian Thauvin,,80,15.2,63.7,,miss,left-foot,assisted,sofascore
8738615,250133,Morgan Sanson,,79,23.5,47.3,,miss,right-foot,assisted,sofascore
8738615,857471,Pierre-Yves Hamel,,73,8.7,62.7,,miss,head,assisted,sofascore
8738615,805123,Yoane Wissa,,65,9.3,46.4,,miss,left-foot,regular,sofascore
8738615,827386,Quentin Boisgard,,65,22.7,29.1,,save,right-foot,assisted,sofascore
8738615,122630,Darío Benedetto,,60,10.0,56.7,,miss,head,assisted,sofascore
8738615,928236,Leonardo Balerdi,,54,1.4,58.7,,goal,head,set-piece,sofascore
8738615,827386,Quentin Boisgard,,52,9.0,64.9,,post,right-foot,assisted,sofascore
8738615,296434,Laurent Abergel,,49,31.9,40.6,,save,right-foot,assisted,sofascore
8738615,148824,Florian Thauvin,,43,14.0,68.2,,miss,left-foot,assisted,sofascore
8738615,150212,Álvaro González,,40,10.8,53.4,,block,head,corner,sofascore
8738615,148824,Florian Thauvin,,35,7.0,43.1,,miss,head,assisted,sofascore
8738615,826208,Michaël Cuisance,,33,11.0,54.8,,block,other,assisted,sofascore
8738615,879694,Pape Gueye,,28,28.7,41.6,,miss,left-foot,assisted,sofascore
8738615,826204,Boubacar Kamara,,26,8.2,51.6,,save,right-foot,regular,sofascore
8738615,581314,Valentin Rongier,,25,25.3,55.1,,block,right-foot,assisted,sofascore
8738615,148824,Florian Thauvin,,21,26.4,65.3,,miss,left-foot,set-piece,sofascore
8738615,296434,Laurent Abergel,,19,9.1,38.4,,miss,head,set-piece,sofascore
8738615,826134,Trevoh Chalobah,,13,19.1,62.4,,miss,right-foot,corner,sofascore
8738615,805123,Yoane Wissa,,10,21.5,29.2,,save,right-foot,corner,sofascore
8738615,928236,Leonardo Balerdi,,8,4.6,43.9,,save,head,corner,sofascore
8738616,229722,Farid Boulaya,,90,19.8,35.2,,goal,right-foot,assisted,sofascore
8738616,356024,Thierry Ambrose,,90,18.4,63.3,,block,left-foot,fast-break,sofascore
8738616,822703,Mamadou Fofana,,89,9.5,62.0,,block,left-foot,set-piece,sofascore
8738616,1002711,Pape Matar Sarr,,79,11.2,32.7,,miss,left-foot,corner,sofascore
8738616,330051,Moses Simon,,77,7.4,31.8,,miss,left-foot,assisted,sofascore
8738616,149732,Abdoulaye Touré,,77,26.3,31.5,,block,right-foot,assisted,sofascore
8738616,229722,Farid Boulaya,,72,31.1,47.0,,miss,right-foot,free-kick,sofascore
8738616,159701,Kalifa Coulibaly,,65,12.8,51.5,,miss,head,set-piece,sofascore
8738616,787827,Matthieu Udol,,60,7.1,30.9,,save,left-foot,regular,sofascore
8738616,229722,Farid Boulaya,,45,58.4,93.5,,miss,right-foot,regular,sofascore
8738616,352966,Aaron Leya Iseka,,35,9.9,58.5,,goal,right-foot,assisted,sofascore
8738616,1002711,Pape Matar Sarr,,32,26.4,26.1,,save,right-foot,assisted,sofascore
8738616,806076,Ludovic Blas,,31,17.4,47.2,,miss,right-foot,regular,sofascore
8738616,47549,Sébastien Corchia,,30,21.9,62.3,,block,right-foot,regular,sofascore
8738616,106496,Nicolas Pallois,,27,8.3,51.6,,miss,head,corner,sofascore
8738616,787827,Matthieu Udol,,15,30.3,36.6,,miss,left-foot,set-piece,sofascore
8738616,149732,Abdoulaye Touré,,14,27.8,68.5,,miss,right-foot,assisted,sofascore
8738616,913191,Vagner Dias,,12,26.8,29.4,,block,right-foot,assisted,sofascore
8738616,785418,Marcus Coco,,10,27.1,60.2,,miss,right-foot,regular,sofascore
8738616,229722,Farid Boulaya,,6,21.9,27.3,,block,right-foot,regular,sofascore
8738616,913191,Vagner Dias,,5,3.1,41.9,,block,head,assisted,sofascore
8738616,1002711,Pape Matar Sarr,,5,23.8,69.7,,block,right-foot,assisted,sofascore
8738618,944164,Sofiane Diop,,90,24.1,50.4,,save,right-foot,set-piece,sofascore
8738618,36704,Marcelo,,86,15.0,55.3,,save,head,corner,sofascore
8738618,827243,Axel Disasi,,84,32.0,54.3,,block,right-foot,set-piece,sofascore
8738618,119192,Wissam Ben Yedder,,84,23.5,43.0,,block,right-foot,free-kick,sofascore
8738618,318653,Moussa Dembélé,,81,10.4,42.5,,save,left-foot,assisted,sofascore
8738618,318653,Moussa Dembélé,,77,7.0,47.2,,miss,left-foot,assisted,sofascore
8738618,119192,Wissam Ben Yedder,,76,7.5,58.3,,miss,right-foot,fast-break,sofascore
8738618,963198,Chrislain Matsima,,75,10.0,55.5,,miss,head,corner,sofascore
8738618,138833,Memphis Depay,,71,21.6,31.5,,miss,right-foot,free-kick,sofascore
8738618,904827,Benoît Badiashile,,63,14.6,50.9,,miss,left-foot,corner,sofascore
8738618,138833,Memphis Depay,,61,12.4,40.4,,block,right-foot,assisted,sofascore
8738618,904827,Benoît Badiashile,,57,13.4,44.2,,block,left-foot,corner,sofascore
8738618,859025,Aurélien Tchouaméni,,57,9.5,49.3,,block,head,corner,sofascore
8738618,119192,Wissam Ben Yedder,,48,11.5,50.0,,goal,right-foot,penalty,sofascore
8738618,842931,Karl Toko Ekambi,,44,9.0,39.0,,goal,right-foot,regular,sofascore
8738618,846081,Houssem Aouar,,41,11.5,50.0,,goal,right-foot,penalty,sofascore
8738618,810535,Tino Kadewere,,40,15.4,56.1,,block,left-foot,assisted,sofascore
8738618,859025,Aurélien Tchouaméni,,37,21.1,65.3,,miss,right-foot,assisted,sofascore
8738618,839981,Lucas Paquetá,,36,10.3,36.5,,block,left-foot,assisted,sofascore
8738618,842931,Karl Toko Ekambi,,34,3.6,58.1,,goal,right-foot,assisted,sofascore
8738618,904827,Benoît Badiashile,,31,9.4,38.8,,miss,head,corner,sofascore
8738618,37126,Stevan Jovetić,,29,11.4,34.9,,miss,right-foot,assisted,sofascore
8738618,37126,Stevan Jovetić,,23,18.6,53.3,,block,right-foot,free-kick,sofascore
8738618,37126,Stevan Jovetić,,22,27.1,53.7,,block,right-foot,free-kick,sofascore
8738618,846081,Houssem Aouar,,19,24.4,27.2,,miss,right-foot,assisted,sofascore
8738618,945062,Youssouf Fofana,,19,27.8,33.8,,save,right-foot,assisted,sofascore
8738618,36704,Marcelo,,15,52.7,87.2,,miss,right-foot,free-kick,sofascore
8738618,138833,Memphis Depay,,12,13.2,55.5,,goal,right-foot,fast-break,sofascore
8738618,945062,Youssouf Fofana,,11,7.4,58.8,,save,head,assisted,sofascore
8738618,138833,Memphis Depay,,7,18.8,32.8,,miss,right-foot,assisted,sofascore
8738618,138833,Memphis Depay,,4,38.9,83.3,,miss,right-foot,fast-break,sofascore
8738618,119192,Wissam Ben Yedder,,4,9.1,60.2,,block,left-foot,corner,sofascore
8738618,37126,Stevan Jovetić,,3,11.1,60.4,,save,head,assisted,sofascore
8738619,988839,Marley Aké,,90,3.2,48.3,,miss,head,corner,sofascore
8738619,977679,Luís Henrique,,90,30.3,27.9,,miss,right-foot,assisted,sofascore
8738619,148824,Florian Thauvin,,77,8.0,58.1,,miss,head,corner,sofascore
8738619,826204,Boubacar Kamara,,76,26.1,65.5,,block,right-foot,assisted,sofascore
8738619,581314,Valentin Rongier,,75,15.7,48.9,,goal,head,assisted,sofascore
8738619,14216,Dimitri Payet,,71,11.5,50.0,,save,right-foot,penalty,sofascore
8738619,14216,Dimitri Payet,,64,29.1,31.2,,miss,right-foot,assisted,sofascore
8738619,804621,Lassana Coulibaly,,51,12.8,54.2,,block,right-foot,set-piece,sofascore
8738619,831400,Mathias Pereira Lage,,46,13.7,27.7,,block,right-foot,regular,sofascore
8738619,150212,Álvaro González,,45,7.5,47.2,,miss,head,corner,sofascore
8738619,787540,Angelo Fulgini,,39,12.0,31.8,,miss,right-foot,assisted,sofascore
8738619,294641,Loïs Diony,,23,17.8,53.6,,goal,right-foot,assisted,sofascore
8738619,294641,Loïs Diony,,20,3.7,40.0,,miss,left-foot,assisted,sofascore
8738619,831400,Mathias Pereira Lage,,18,26.4,54.4,,miss,right-foot,set-piece,sofascore
8738619,831400,Mathias Pereira Lage,,17,12.1,70.9,,block,right-foot,assisted,sofascore
8738619,787540,Angelo Fulgini,,13,12.2,43.3,,miss,left-foot,fast-break,sofascore
8738619,831400,Mathias Pereira Lage,,4,12.0,46.0,,goal,left-foot,regular,sofascore
8738620,798002,Toma Bašić,,87,10.8,51.8,,goal,left-foot,assisted,sofascore
8738620,901885,Flavius Daniliuc,,86,31.0,57.3,,miss,right-foot,assisted,sofascore
8738620,944327,Dan Ndoye,,83,5.8,31.6,,miss,right-foot,corner,sofascore
8738620,791314,Hwang Ui-Jo,,82,7.5,55.7,,save,right-foot,regular,sofascore
8738620,16508,Paul Baysse,,75,2.4,54.0,,goal,head,corner,sofascore
8738620,74045,Nicolas de Préville,,74,14.3,67.2,,block,right-foot,assisted,sofascore
8738620,801306,Pierre Lees Melou,,72,21.8,69.0,,save,left-foot,assisted,sofascore
8738620,74045,Nicolas de Préville,,71,13.0,42.5,,miss,right-foot,assisted,sofascore
8738620,842709,Rémi Oudin,,68,8.3,70.7,,save,left-foot,assisted,sofascore
8738620,795761,Kasper Dolberg,,67,16.0,71.5,,miss,right-foot,assisted,sofascore
8738620,791314,Hwang Ui-Jo,,67,11.8,32.1,,block,right-foot,assisted,sofascore
8738620,859026,Amine Gouiri,,62,7.4,43.9,,post,head,assisted,sofascore
8738620,791314,Hwang Ui-Jo,,61,13.8,37.9,,save,left-foot,assisted,sofascore
8738620,791314,Hwang Ui-Jo,,50,6.5,51.1,,goal,right-foot,assisted,sofascore
8738620,833030,Samuel Kalu,,40,20.8,41.2,,miss,right-foot,assisted,sofascore
8738620,941168,William Saliba,,40,7.8,48.7,,miss,head,corner,sofascore
8738620,833030,Samuel Kalu,,29,15.1,70.3,,block,right-foot,corner,sofascore
8738620,833030,Samuel Kalu,,28,10.7,61.2,,block,right-foot,regular,sofascore
8738620,791314,Hwang Ui-Jo,,27,4.8,71.8,,miss,right-foot,assisted,sofascore
8738620,985923,Hicham Boudaoui,,25,16.2,66.4,,miss,right-foot,assisted,sofascore
8738620,833030,Samuel Kalu,,18,3.5,37.7,,miss,head,corner,sofascore
8738620,859024,Yacine Adli,,18,23.5,54.8,,save,right-foot,assisted,sofascore
8738620,842709,Rémi Oudin,,15,23.2,60.8,,save,left-foot,assisted,sofascore
8738620,351434,Hassane Kamara,,12,18.3,36.7,,block,right-foot,assisted,sofascore
8738620,985923,Hicham Boudaoui,,10,4.7,54.4,,block,right-foot,regular,sofascore
8738620,859026,Amine Gouiri,,3,20.1,31.8,,miss,right-foot,regular,sofascore
8738620,798002,Toma Bašić,,2,24.5,56.9,,save,left-foot,assisted,sofascore
8738621,149732,Abdoulaye Touré,,85,23.6,45.4,,miss,left-foot,set-piece,sofascore
8738621,46387,Gaël Kakuta,,81,8.4,49.7,,goal,left-foot,corner,sofascore
8738621,825945,Simon Banza,,79,12.2,56.7,,miss,head,assisted,sofascore
8738621,871706,Randal Kolo Muani,,73,15.0,68.4,,miss,right-foot,set-piece,sofascore
8738621,47549,Sébastien Corchia,,66,20.4,71.2,,miss,right-foot,fast-break,sofascore
8738621,46387,Gaël Kakuta,,63,25.6,35.4,,block,left-foot,free-kick,sofascore
8738621,159701,Kalifa Coulibaly,,59,7.1,46.4,,block,head,set-piece,sofascore
8738621,47549,Sébastien Corchia,,52,11.2,60.3,,save,head,assisted,sofascore
8738621,46387,Gaël Kakuta,,42,6.4,54.2,,miss,head,assisted,sofascore
8738621,965943,Imrân Louza,,38,16.6,34.3,,block,left-foot,assisted,sofascore
8738621,965943,Imrân Louza,,36,11.5,50.0,,goal,left-foot,penalty,sofascore
8738621,46387,Gaël Kakuta,,33,11.5,50.0,,miss,left-foot,penalty,sofascore
8738621,159701,Kalifa Coulibaly,,24,18.8,28.6,,miss,right-foot,regular,sofascore
8738621,149732,Abdoulaye Touré,,23,23.7,39.5,,block,right-foot,assisted,sofascore
8738621,890329,Ignatius Kpene Ganago,,17,9.8,27.3,,miss,right-foot,regular,sofascore
8738621,46387,Gaël Kakuta,,13,31.0,66.3,,miss,left-foot,assisted,sofascore
8738621,788921,Florian Sotoca,,7,8.6,62.1,,miss,head,assisted,sofascore
8738621,871706,Randal Kolo Muani,,3,17.6,41.8,,block,right-foot,corner,sofascore
8738622,826643,Kylian Mbappé,,88,6.0,47.4,,goal,right-foot,assisted,sofascore
8738622,31993,Bruno Ecuele Manga,,86,10.0,43.3,,block,head,corner,sofascore
8738622,867438,Jonathan Panzo,,84,9.3,44.1,,save,head,corner,sofascore
8738622,826643,Kylian Mbappé,,82,9.8,33.3,,goal,left-foot,assisted,sofascore
8738622,124712,Neymar,,81,19.6,38.2,,miss,right-foot,free-kick,sofascore
8738622,124712,Neymar,,76,12.5,36.5,,save,left-foot,assisted,sofascore
8738622,557166,Mama Baldé,,75,11.8,54.8,,miss,left-foot,assisted,sofascore
8738622,904994,Eric Ebimbe,,58,9.4,49.4,,save,left-foot,regular,sofascore
8738622,904994,Eric Ebimbe,,58,10.6,48.6,,block,right-foot,assisted,sofascore
8738622,980418,Sacha Boey,,58,18.4,49.3,,block,left-foot,assisted,sofascore
8738622,138573,Pablo Sarabia,,52,4.6,66.7,,save,right-foot,set-piece,sofascore
8738622,124712,Neymar,,52,21.1,36.4,,block,right-foot,free-kick,sofascore
8738622,835601,Moise Kean,,50,14.8,49.0,,miss,right-foot,assisted,sofascore
8738622,124712,Neymar,,49,10.3,70.3,,save,right-foot,regular,sofascore
8738622,138573,Pablo Sarabia,,44,10.3,64.3,,block,left-foot,assisted,sofascore
8738622,122815,Wesley Lautoa,,43,29.8,30.6,,miss,left-foot,assisted,sofascore
8738622,157143,Moussa Konaté,,43,9.1,29.9,,block,right-foot,assisted,sofascore
8738622,904994,Eric Ebimbe,,42,13.1,55.5,,miss,head,set-piece,sofascore
8738622,557166,Mama Baldé,,41,20.1,32.0,,miss,right-foot,regular,sofascore
8738622,99545,Danilo Pereira,,35,9.0,56.0,,miss,head,corner,sofascore
8738622,557166,Mama Baldé,,33,7.6,46.1,,miss,head,corner,sofascore
8738622,99545,Danilo Pereira,,31,7.6,52.8,,save,head,set-piece,sofascore
8738622,138573,Pablo Sarabia,,30,10.0,64.7,,save,left-foot,assisted,sofascore
8738622,142680,Julian Draxler,,29,10.3,65.5,,block,left-foot,corner,sofascore
8738622,31993,Bruno Ecuele Manga,,26,11.2,44.2,,miss,head,corner,sofascore
8738622,845274,Mounir Chouiar,,25,10.3,15.5,,save,right-foot,free-kick,sofascore
8738622,835601,Moise Kean,,23,8.8,57.5,,goal,right-foot,fast-break,sofascore
8738622,904994,Eric Ebimbe,,20,18.1,49.5,,miss,right-foot,assisted,sofascore
8738622,941300,Colin Dagba,,11,12.3,69.1,,miss,right-foot,regular,sofascore
8738622,124712,Neymar,,10,19.4,53.4,,miss,right-foot,free-kick,sofascore
8738622,124712,Neymar,,8,3.1,51.9,,post,left-foot,regular,sofascore
8738622,124712,Neymar,,8,5.1,50.1,,post,head,assisted,sofascore
8738622,557166,Mama Baldé,,7,8.4,54.8,,miss,head,corner,sofascore
8738622,557166,Mama Baldé,,6,8.1,50.5,,block,right-foot,regular,sofascore
8738622,835601,Moise Kean,,5,7.3,45.8,,miss,head,assisted,sofascore
8738622,835601,Moise Kean,,3,4.0,42.9,,goal,right-foot,assisted,sofascore
8738623,1012657,Lucas Gourna-Douath,,90,24.9,47.8,,miss,right-foot,assisted,sofascore
8738623,911857,Tyron Tormin,,90,19.5,68.4,,block,left-foot,assisted,sofascore
8738623,966923,Marvin Tshibuabua,,82,11.1,68.6,,miss,head,set-piece,sofascore
8738623,942839,Alpha Sissoko,,78,3.8,46.6,,goal,other,regular,sofascore
8738623,51640,Wahbi Khazri,,74,29.2,45.0,,miss,right-foot,free-kick,sofascore
8738623,229722,Farid Boulaya,,71,27.7,29.7,,save,right-foot,free-kick,sofascore
8738623,966923,Marvin Tshibuabua,,69,7.0,47.0,,miss,head,corner,sofascore
8738623,122921,Vincent Pajot,,66,10.0,47.8,,miss,right-foot,corner,sofascore
8738623,760618,Denis Bouanga,,54,36.9,15.3,,miss,right-foot,assisted,sofascore
8738623,74139,Romain Hamouma,,34,7.8,31.4,,block,right-foot,assisted,sofascore
8738623,74139,Romain Hamouma,,26,12.4,67.0,,block,right-foot,corner,sofascore
8738623,122921,Vincent Pajot,,24,14.7,51.0,,miss,right-foot,set-piece,sofascore
8738623,869931,Yvan Neyou,,12,26.6,51.1,,block,left-foot,assisted,sofascore
8738623,229722,Farid Boulaya,,11,25.5,46.4,,save,right-foot,assisted,sofascore
8738623,760618,Denis Bouanga,,8,5.8,29.7,,miss,left-foot,assisted,sofascore
8738623,250453,Opa Nguette,,7,22.0,55.5,,miss,right-foot,assisted,sofascore
8738623,229722,Farid Boulaya,,5,21.9,67.4,,goal,right-foot,free-kick,sofascore
8738624,30027,Ángel Di María,,90,18.4,68.6,,miss,left-foot,assisted,sofascore
8738624,826643,Kylian Mbappé,,88,4.6,57.0,,save,left-foot,regular,sofascore
8738624,152420,Alessandro Florenzi,,85,22.4,68.0,,miss,right-foot,corner,sofascore
8738624,124712,Neymar,,84,24.9,33.0,,block,right-foot,free-kick,sofascore
8738624,124712,Neymar,,79,22.1,30.9,,miss,right-foot,set-piece,sofascore
8738624,30027,Ángel Di María,,79,24.9,40.0,,block,left-foot,free-kick,sofascore
8738624,124712,Neymar,,72,14.4,50.3,,block,right-foot,assisted,sofascore
8738624,135775,Layvin Kurzawa,,69,13.2,40.8,,save,left-foot,regular,sofascore
8738624,124712,Neymar,,69,8.8,57.1,,block,right-foot,assisted,sofascore
8738624,156682,Teji Savanier,,66,50.3,43.7,,save,right-foot,assisted,sofascore
8738624,156682,Teji Savanier,,65,20.7,68.4,,miss,right-foot,assisted,sofascore
8738624,826643,Kylian Mbappé,,63,5.1,45.5,,goal,right-foot,fast-break,sofascore
8738624,233114,Mauro Icardi,,61,9.0,51.2,,goal,right-foot,regular,sofascore
8738624,124712,Neymar,,60,8.7,52.8,,goal,right-foot,assisted,sofascore
8738624,281277,Thilo Kehrer,,57,8.8,53.9,,miss,head,corner,sofascore
8738624,826643,Kylian Mbappé,,57,10.6,66.9,,block,right-foot,assisted,sofascore
8738624,233114,Mauro Icardi,,54,8.4,43.7,,save,right-foot,regular,sofascore
8738624,603738,Junior Sambia,,45,28.1,60.0,,miss,right-foot,set-piece,sofascore
8738624,38688,Damien Le Tallec,,42,4.9,47.3,,miss,head,corner,sofascore
8738624,44563,Pedro Mendes,,42,7.4,49.5,,miss,head,corner,sofascore
8738624,124712,Neymar,,38,19.1,50.9,,save,right-foot,regular,sofascore
8738624,826643,Kylian Mbappé,,34,9.8,40.7,,goal,right-foot,assisted,sofascore
8738624,233114,Mauro Icardi,,32,3.3,43.5,,miss,left-foot,set-piece,sofascore
8738624,30027,Ángel Di María,,29,9.5,37.3,,miss,left-foot,assisted,sofascore
8738624,233114,Mauro Icardi,,26,4.1,39.6,,miss,left-foot,assisted,sofascore
8738624,30027,Ángel Di María,,24,11.5,37.1,,miss,left-foot,corner,sofascore
8738624,124712,Neymar,,21,18.5,35.2,,block,right-foot,free-kick,sofascore
8738624,280435,Abdou Diallo,,11,8.7,45.5,,miss,head,corner,sofascore
8738624,124712,Neymar,,9,3.6,39.8,,miss,left-foot,assisted,sofascore
8738624,233114,Mauro Icardi,,9,9.6,56.4,,miss,left-foot,assisted,sofascore
8738624,30027,Ángel Di María,,9,19.9,37.5,,block,left-foot,assisted,sofascore
8738625,243735,Pablo,,90,8.3,52.7,,block,head,set-piece,sofascore
8738625,3305,Hatem Ben Arfa,,90,23.9,26.4,,miss,left-foot,assisted,sofascore
8738625,894733,Marshall Munetsi,,88,26.1,50.7,,goal,right-foot,assisted,sofascore
8738625,791314,Hwang Ui-Jo,,73,10.8,42.7,,goal,left-foot,assisted,sofascore
8738625,16508,Paul Baysse,,64,8.4,56.1,,miss,head,corner,sofascore
8738625,3305,Hatem Ben Arfa,,58,25.4,36.5,,miss,left-foot,assisted,sofascore
8738625,98197,Valon Berisha,,57,22.5,54.0,,block,right-foot,assisted,sofascore
8738625,791314,Hwang Ui-Jo,,54,2.6,42.7,,miss,right-foot,set-piece,sofascore
8738625,3305,Hatem Ben Arfa,,54,21.4,63.4,,save,left-foot,free-kick,sofascore
8738625,791314,Hwang Ui-Jo,,46,25.8,36.1,,save,left-foot,assisted,sofascore
8738625,227892,Arbër Zeneli,,43,11.2,35.5,,block,right-foot,fast-break,sofascore
8738625,960080,Boulaye Dia,,18,10.3,47.0,,goal,left-foot,regular,sofascore
8738625,227892,Arbër Zeneli,,18,19.6,34.9,,save,right-foot,assisted,sofascore
8738625,178721,Yunis Abdelhamid,,15,3.9,46.8,,goal,head,corner,sofascore
8738625,845750,Moreto Cassama,,14,28.6,50.2,,block,right-foot,regular,sofascore
8738625,960080,Boulaye Dia,,12,14.9,43.0,,save,right-foot,assisted,sofascore
8738625,925837,Mehdi Zerkane,,11,12.5,37.1,,block,right-foot,regular,sofascore
8738625,845750,Moreto Cassama,,2,26.8,41.9,,miss,right-foot,corner,sofascore
8738625,960080,Boulaye Dia,,1,8.5,33.2,,block,right-foot,assisted,sofascore
8738626,940328,Jean-Philippe Krasso,,84,4.1,58.8,,save,right-foot,assisted,sofascore
8738626,1012657,Lucas Gourna-Douath,,69,6.5,48.2,,miss,head,corner,sofascore
8738626,940328,Jean-Philippe Krasso,,69,14.1,35.1,,save,left-foot,assisted,sofascore
8738626,940328,Jean-Philippe Krasso,,66,9.4,33.0,,block,left-foot,regular,sofascore
8738626,802159,Habibou Diallo,,64,8.3,43.5,,miss,right-foot,regular,sofascore
8738626,829093,Ibrahima Sissoko,,61,7.6,56.9,,miss,head,corner,sofascore
8738626,231946,Adrien Thomasson,,60,18.4,44.7,,miss,right-foot,regular,sofascore
8738626,846471,Anthony Caci,,59,21.8,32.0,,block,left-foot,assisted,sofascore
8738626,343971,Ludovic Ajorque,,57,6.7,51.8,,block,head,regular,sofascore
8738626,343971,Ludovic Ajorque,,57,4.7,50.9,,save,head,assisted,sofascore
8738626,156004,Jean-Eudes Aholou,,55,27.4,55.5,,miss,left-foot,corner,sofascore
8738626,846471,Anthony Caci,,54,27.5,41.2,,block,right-foot,corner,sofascore
8738626,38716,Ryad Boudebouz,,52,12.7,71.9,,save,left-foot,assisted,sofascore
8738626,1012657,Lucas Gourna-Douath,,49,4.6,48.2,,miss,head,corner,sofascore
8738626,845273,Jean-Ricner Bellegarde,,41,11.4,45.8,,miss,head,throw-in-set-piece,sofascore
8738626,156004,Jean-Eudes Aholou,,40,27.2,53.0,,miss,left-foot,regular,sofascore
8738626,848458,Arnaud Nordin,,35,22.4,36.5,,block,right-foot,assisted,sofascore
8738626,343971,Ludovic Ajorque,,29,6.7,49.0,,goal,left-foot,assisted,sofascore
8738626,802159,Habibou Diallo,,29,4.1,53.0,,block,head,assisted,sofascore
8738626,231946,Adrien Thomasson,,17,6.8,44.5,,miss,left-foot,assisted,sofascore
8738626,231946,Adrien Thomasson,,16,23.5,38.4,,block,right-foot,corner,sofascore
8738626,829093,Ibrahima Sissoko,,12,26.8,36.5,,miss,left-foot,assisted,sofascore
8738626,38716,Ryad Boudebouz,,9,11.5,50.0,,miss,left-foot,penalty,sofascore
8738627,974418,Karim Aribi,,90,10.8,62.9,,miss,right-foot,assisted,sofascore
8738627,925837,Mehdi Zerkane,,90,9.1,39.2,,save,left-foot,assisted,sofascore
8738627,842709,Rémi Oudin,,90,14.1,37.9,,block,left-foot,regular,sofascore
8738627,67308,Loris Benito,,90,12.8,50.6,,miss,head,corner,sofascore
8738627,842709,Rémi Oudin,,82,12.2,35.0,,goal,left-foot,fast-break,sofascore
8738627,3209,Jimmy Briand,,80,11.5,50.0,,goal,right-foot,penalty,sofascore
8738627,343955,Gaëtan Paquiez,,67,26.5,37.1,,miss,left-foot,corner,sofascore
8738627,822878,Lamine Fomba,,67,6.4,32.2,,save,left-foot,regular,sofascore
8738627,3305,Hatem Ben Arfa,,62,18.2,72.3,,block,left-foot,assisted,sofascore
8738627,3305,Hatem Ben Arfa,,62,9.8,68.8,,save,left-foot,assisted,sofascore
8738627,852145,Josh Maja,,61,10.9,52.4,,miss,head,assisted,sofascore
8738627,798002,Toma Bašić,,60,22.5,32.8,,miss,left-foot,corner,sofascore
8738627,852145,Josh Maja,,53,1.7,58.8,,miss,head,corner,sofascore
8738627,3305,Hatem Ben Arfa,,53,6.8,33.9,,block,left-foot,regular,sofascore
8738627,842709,Rémi Oudin,,53,13.7,33.2,,block,left-foot,assisted,sofascore
8738627,798002,Toma Bašić,,51,28.3,52.4,,miss,left-foot,regular,sofascore
8738627,852145,Josh Maja,,48,7.0,51.7,,miss,head,assisted,sofascore
8738627,842709,Rémi Oudin,,45,27.8,49.5,,save,left-foot,assisted,sofascore
8738627,243735,Pablo,,45,8.1,48.0,,miss,head,set-piece,sofascore
8738627,798002,Toma Bašić,,45,29.2,47.6,,save,left-foot,free-kick,sofascore
8738627,316196,Niclas Eliasson,,38,24.4,60.3,,miss,left-foot,free-kick,sofascore
8738627,846439,Patrick Burner,,35,4.3,67.5,,miss,right-foot,assisted,sofascore
8738627,881952,Matteo Ahlinvi,,24,8.4,70.6,,save,right-foot,assisted,sofascore
8738627,822878,Lamine Fomba,,23,19.5,51.2,,save,right-foot,assisted,sofascore
8738627,798002,Toma Bašić,,15,15.8,32.0,,block,left-foot,regular,sofascore
8738627,16508,Paul Baysse,,13,11.0,43.7,,miss,head,set-piece,sofascore
8738627,558522,Anthony Briançon,,11,6.8,51.4,,save,head,corner,sofascore
8738627,798002,Toma Bašić,,8,8.7,67.8,,miss,left-foot,set-piece,sofascore
8738628,156004,Jean-Eudes Aholou,,90,25.3,55.8,,miss,left-foot,assisted,sofascore
8738628,846445,Martin Terrier,,81,9.3,68.1,,miss,right-foot,assisted,sofascore
8738628,74083,Damien Da Silva,,75,8.8,55.8,,miss,right-foot,set-piece,sofascore
8738628,973887,Eduardo Camavinga,,72,15.4,38.0,,miss,left-foot,assisted,sofascore
8738628,312388,Flavien Tait,,63,9.4,51.2,,block,right-foot,regular,sofascore
8738628,51444,Lamine Koné,,60,10.1,47.6,,miss,head,set-piece,sofascore
8738628,108736,Stefan Mitrović,,46,5.0,61.3,,miss,head,corner,sofascore
8738628,372430,Frédéric Guilbert,,41,29.5,40.6,,block,right-foot,free-kick,sofascore
8738628,74083,Damien Da Silva,,35,12.9,49.0,,save,head,corner,sofascore
8738628,973887,Eduardo Camavinga,,32,5.4,39.4,,miss,head,corner,sofascore
8738628,312388,Flavien Tait,,27,31.5,50.9,,miss,right-foot,set-piece,sofascore
8738628,324399,Benjamin Bourigeaud,,25,8.6,45.5,,goal,right-foot,assisted,sofascore
8738628,829093,Ibrahima Sissoko,,21,18.1,54.8,,block,right-foot,regular,sofascore
8738628,109851,Majeed Waris,,21,4.5,57.0,,save,head,assisted,sofascore
8738628,74083,Damien Da Silva,,16,9.5,45.8,,miss,head,corner,sofascore
8738628,934386,Jérémy Doku,,15,18.2,33.6,,block,right-foot,assisted,sofascore
8738628,934386,Jérémy Doku,,5,20.7,26.2,,miss,left-foot,regular,sofascore
8738629,234230,Florent Mollet,,90,27.6,78.7,,save,right-foot,assisted,sofascore
8738629,84744,Andy Delort,,79,5.4,50.9,,goal,head,corner,sofascore
8738629,156682,Teji Savanier,,79,21.8,60.4,,block,right-foot,assisted,sofascore
8738629,155790,Naomichi Ueda,,77,8.3,42.7,,save,head,corner,sofascore
8738629,51349,Lucas Deaux,,76,41.7,33.4,,save,right-foot,regular,sofascore
8738629,149730,Gaëtan Laborde,,69,12.5,84.7,,miss,left-foot,regular,sofascore
8738629,796085,Moussa Koné,,63,1.7,53.2,,goal,right-foot,assisted,sofascore
8738629,143871,Loïck Landre,,59,16.1,47.2,,save,left-foot,assisted,sofascore
8738629,944142,Yassine Benrahou,,58,30.2,29.3,,block,left-foot,free-kick,sofascore
8738629,84744,Andy Delort,,53,14.4,65.1,,save,right-foot,assisted,sofascore
8738629,796085,Moussa Koné,,51,15.0,66.0,,block,right-foot,assisted,sofascore
8738629,149730,Gaëtan Laborde,,48,11.5,42.5,,miss,head,set-piece,sofascore
8738629,234230,Florent Mollet,,45,10.0,68.8,,miss,right-foot,regular,sofascore
8738629,842400,Zinedine Ferhat,,45,8.5,33.0,,block,right-foot,assisted,sofascore
8738629,838688,Sofiane Alakouch,,44,30.3,57.7,,post,right-foot,regular,sofascore
8738629,796085,Moussa Koné,,32,11.2,44.3,,save,right-foot,assisted,sofascore
8738629,3420,Vitorino Hilton,,29,4.0,41.5,,miss,head,set-piece,sofascore
8738629,84744,Andy Delort,,24,23.1,72.7,,post,right-foot,assisted,sofascore
8738629,234230,Florent Mollet,,21,29.0,44.3,,save,right-foot,free-kick,sofascore
8738629,234230,Florent Mollet,,19,9.5,66.4,,save,right-foot,assisted,sofascore
8738629,842400,Zinedine Ferhat,,12,33.2,50.1,,miss,right-foot,assisted,sofascore
8738629,234230,Florent Mollet,,7,29.9,35.3,,miss,right-foot,assisted,sofascore
8738629,247445,Renaud Ripart,,3,7.4,55.7,,miss,head,assisted,sofascore
8738629,842400,Zinedine Ferhat,,1,9.8,29.9,,save,right-foot,assisted,sofascore
8738630,835601,Moise Kean,,90,3.7,54.0,,goal,right-foot,regular,sofascore
8738630,126691,Marco Verratti,,90,9.4,42.5,,block,left-foot,assisted,sofascore
8738630,106337,Idrissa Gana Gueye,,88,26.2,44.7,,goal,right-foot,assisted,sofascore
8738630,141080,Kenny Lala,,86,30.2,68.8,,block,right-foot,assisted,sofascore
8738630,826643,Kylian Mbappé,,79,4.2,50.8,,goal,right-foot,assisted,sofascore
8738630,94822,Sanjin Prcić,,75,20.7,35.1,,miss,right-foot,regular,sofascore
8738630,96367,Rafinha Alcântara,,73,9.0,57.6,,miss,head,corner,sofascore
8738630,96367,Rafinha Alcântara,,68,7.6,33.1,,block,left-foot,regular,sofascore
8738630,945063,Mohamed Simakan,,66,6.5,51.5,,miss,right-foot,assisted,sofascore
8738630,826643,Kylian Mbappé,,61,9.2,49.9,,miss,right-foot,set-piece,sofascore
8738630,122922,Lionel Carole,,56,19.7,35.5,,block,left-foot,assisted,sofascore
8738630,30027,Ángel Di María,,54,23.8,62.9,,miss,left-foot,assisted,sofascore
8738630,141080,Kenny Lala,,45,20.8,72.7,,save,right-foot,regular,sofascore
8738630,96367,Rafinha Alcântara,,40,16.1,45.0,,save,right-foot,assisted,sofascore
8738630,30027,Ángel Di María,,32,14.7,29.6,,miss,left-foot,regular,sofascore
8738630,289977,Alexander Djiku,,29,14.4,34.9,,miss,right-foot,corner,sofascore
8738630,954050,Timothée Pembélé,,18,5.1,53.2,,goal,right-foot,regular,sofascore
8738630,30027,Ángel Di María,,18,9.7,38.2,,save,left-foot,assisted,sofascore
8738630,155995,Marquinhos,,18,9.0,48.1,,miss,head,corner,sofascore
8738630,30027,Ángel Di María,,17,22.8,70.8,,block,left-foot,assisted,sofascore
8738630,343971,Ludovic Ajorque,,12,3.9,55.4,,block,head,corner,sofascore
8738630,845273,Jean-Ricner Bellegarde,,11,9.1,66.2,,save,right-foot,regular,sofascore
8738630,96367,Rafinha Alcântara,,9,20.4,66.8,,save,left-foot,assisted,sofascore
8738630,941300,Colin Dagba,,5,23.1,27.7,,block,right-foot,assisted,sofascore
8738630,30027,Ángel Di María,,1,27.2,46.2,,miss,left-foot,assisted,sofascore
8738631,760618,Denis Bouanga,,90,19.4,30.0,,block,right-foot,assisted,sofascore
8738631,1014408,Maxence Rivera,,89,27.2,31.6,,save,right-foot,assisted,sofascore
8738631,1067123,Marco Majouga,,80,18.8,47.3,,save,right-foot,assisted,sofascore
8738631,1067123,Marco Majouga,,76,17.9,28.1,,miss,right-foot,assisted,sofascore
8738631,962877,Adil Aouchiche,,70,11.8,40.6,,save,left-foot,assisted,sofascore
8738631,869931,Yvan Neyou,,68,29.5,56.3,,block,right-foot,set-piece,sofascore
8738631,760618,Denis Bouanga,,66,28.8,46.0,,miss,right-foot,assisted,sofascore
8738631,848458,Arnaud Nordin,,63,21.1,51.8,,goal,left-foot,assisted,sofascore
8738631,907003,Kelyan Guessoum,,61,10.3,56.3,,miss,head,set-piece,sofascore
8738631,316196,Niclas Eliasson,,60,18.8,79.3,,save,left-foot,free-kick,sofascore
8738631,247445,Renaud Ripart,,56,11.5,50.0,,goal,right-foot,penalty,sofascore
8738631,848458,Arnaud Nordin,,49,8.3,48.3,,miss,head,assisted,sofascore
8738631,796082,Sidy Sarr,,48,6.7,44.9,,block,head,corner,sofascore
8738631,916041,Mahdi Camara,,45,27.3,56.5,,miss,right-foot,assisted,sofascore
8738631,74139,Romain Hamouma,,41,9.8,66.8,,save,left-foot,assisted,sofascore
8738631,869931,Yvan Neyou,,38,16.7,42.1,,save,left-foot,assisted,sofascore
8738631,74139,Romain Hamouma,,36,9.7,39.4,,miss,left-foot,set-piece,sofascore
8738631,38716,Ryad Boudebouz,,36,11.9,50.0,,save,left-foot,penalty,sofascore
8738631,848458,Arnaud Nordin,,32,3.1,45.4,,miss,left-foot,regular,sofascore
8738631,848458,Arnaud Nordin,,32,10.4,47.2,,save,head,assisted,sofascore
8738631,842400,Zinedine Ferhat,,18,19.5,50.5,,block,right-foot,fast-break,sofascore
8738631,881952,Matteo Ahlinvi,,14,11.0,51.1,,goal,right-foot,regular,sofascore
8738631,51640,Wahbi Khazri,,10,11.5,39.6,,miss,right-foot,assisted,sofascore
8738631,842400,Zinedine Ferhat,,10,23.4,32.0,,miss,right-foot,free-kick,sofascore
8738631,795128,Harold Moukoudi,,8,5.4,44.5,,goal,head,corner,sofascore
8738631,848458,Arnaud Nordin,,7,11.7,65.5,,block,left-foot,assisted,sofascore
8738631,38716,Ryad Boudebouz,,3,28.1,57.5,,save,left-foot,set-piece,sofascore
8738632,138833,Memphis Depay,,90,16.0,63.4,,save,right-foot,fast-break,sofascore
8738632,159701,Kalifa Coulibaly,,90,4.4,44.7,,block,left-foot,assisted,sofascore
8738632,965353,Bridge Ndilu,,90,16.5,55.9,,miss,right-foot,regular,sofascore
8738632,47549,Sébastien Corchia,,90,8.5,75.6,,save,right-foot,assisted,sofascore
8738632,191204,Jean-Charles Castelletto,,88,8.3,50.7,,miss,head,corner,sofascore
8738632,138833,Memphis Depay,,83,7.7,66.5,,block,right-foot,assisted,sofascore
8738632,329303,Thiago Mendes,,81,23.1,57.9,,save,left-foot,corner,sofascore
8738632,979128,Rayan Cherki,,79,12.1,71.1,,block,left-foot,assisted,sofascore
8738632,73056,Mehdi Abeid,,76,12.0,66.6,,block,right-foot,corner,sofascore
8738632,47549,Sébastien Corchia,,76,22.0,73.2,,block,left-foot,assisted,sofascore
8738632,839981,Lucas Paquetá,,70,11.0,57.7,,miss,left-foot,assisted,sofascore
8738632,810535,Tino Kadewere,,70,9.1,61.6,,save,right-foot,assisted,sofascore
8738632,191204,Jean-Charles Castelletto,,63,1.7,54.3,,save,head,corner,sofascore
8738632,191204,Jean-Charles Castelletto,,63,5.3,55.7,,save,head,corner,sofascore
8738632,794836,Andrei Girotto,,63,10.3,42.5,,miss,head,corner,sofascore
8738632,871706,Randal Kolo Muani,,59,3.6,69.0,,miss,right-foot,assisted,sofascore
8738632,138833,Memphis Depay,,54,12.4,43.7,,save,left-foot,fast-break,sofascore
8738632,842931,Karl Toko Ekambi,,52,5.4,67.0,,miss,right-foot,assisted,sofascore
8738632,846081,Houssem Aouar,,52,10.3,44.1,,save,right-foot,assisted,sofascore
8738632,138833,Memphis Depay,,50,13.7,32.4,,save,left-foot,fast-break,sofascore
8738632,47549,Sébastien Corchia,,46,17.4,73.6,,miss,right-foot,assisted,sofascore
8738632,839981,Lucas Paquetá,,44,8.5,52.0,,goal,left-foot,assisted,sofascore
8738632,846081,Houssem Aouar,,43,15.5,28.6,,block,right-foot,assisted,sofascore
8738632,36704,Marcelo,,40,3.7,60.2,,block,head,corner,sofascore
8738632,810535,Tino Kadewere,,37,1.7,62.0,,goal,right-foot,regular,sofascore
8738632,839981,Lucas Paquetá,,36,19.8,51.5,,save,left-foot,assisted,sofascore
8738632,47549,Sébastien Corchia,,34,15.6,69.5,,block,right-foot,regular,sofascore
8738632,799216,Pedro Chirivella,,33,14.2,64.4,,miss,right-foot,corner,sofascore
8738632,810535,Tino Kadewere,,24,7.4,64.7,,block,right-foot,assisted,sofascore
8738632,73056,Mehdi Abeid,,21,15.5,50.9,,block,right-foot,assisted,sofascore
8738632,73056,Mehdi Abeid,,19,29.6,32.8,,miss,right-foot,assisted,sofascore
8738632,938270,Abdoul Kader Bamba,,12,14.4,63.5,,block,left-foot,assisted,sofascore
8738632,352664,Jason Denayer,,11,29.3,46.2,,miss,right-foot,corner,sofascore
8738632,846081,Houssem Aouar,,11,13.9,34.7,,block,right-foot,assisted,sofascore
8738632,138833,Memphis Depay,,9,15.1,75.9,,miss,right-foot,assisted,sofascore
8738632,138833,Memphis Depay,,7,11.1,45.6,,save,left-foot,regular,sofascore
8738632,842931,Karl Toko Ekambi,,4,5.0,50.1,,goal,right-foot,regular,sofascore
8738632,846081,Houssem Aouar,,4,8.8,28.7,,block,right-foot,assisted,sofascore
8738632,938270,Abdoul Kader Bamba,,2,25.1,36.2,,miss,right-foot,corner,sofascore
8738632,73056,Mehdi Abeid,,2,21.5,55.4,,miss,left-foot,corner,sofascore
8738633,37126,Stevan Jovetić,,90,7.0,65.8,,save,right-foot,assisted,sofascore
8738633,827243,Axel Disasi,,74,15.2,62.0,,save,right-foot,corner,sofascore
8738633,855810,Tim Weah,,66,15.4,55.9,,block,left-foot,regular,sofascore
8738633,117373,Kevin Volland,,65,7.4,35.1,,save,left-foot,corner,sofascore
8738633,117373,Kevin Volland,,59,9.8,39.0,,block,head,assisted,sofascore
8738633,802142,Jonathan Ikoné,,57,22.5,56.5,,miss,left-foot,assisted,sofascore
8738633,318967,Renato Sanches,,45,20.7,26.0,,miss,right-foot,assisted,sofascore
8738633,855810,Tim Weah,,30,13.7,65.3,,save,left-foot,corner,sofascore
8738633,845170,Caio Henrique,,28,14.7,34.0,,miss,right-foot,assisted,sofascore
8738633,117373,Kevin Volland,,25,7.3,28.1,,save,left-foot,assisted,sofascore
8738633,117373,Kevin Volland,,21,20.2,45.5,,block,right-foot,assisted,sofascore
8738633,855810,Tim Weah,,12,19.5,27.3,,save,right-foot,assisted,sofascore
8738633,119192,Wissam Ben Yedder,,4,6.7,33.2,,block,left-foot,assisted,sofascore
8738634,238708,Islam Slimani,,90,15.8,50.9,,miss,right-foot,regular,sofascore
8738634,810535,Tino Kadewere,,90,9.8,48.7,,goal,head,assisted,sofascore
8738634,138833,Memphis Depay,,90,14.8,47.0,,block,right-foot,assisted,sofascore
8738634,138833,Memphis Depay,,88,14.8,67.4,,miss,right-foot,assisted,sofascore
8738634,238708,Islam Slimani,,88,12.2,50.5,,miss,head,corner,sofascore
8738634,859027,Maxence Caqueret,,84,15.0,46.1,,miss,left-foot,assisted,sofascore
8738634,280439,Maxwel Cornet,,82,19.4,31.4,,save,left-foot,assisted,sofascore
8738634,552680,Léo Dubois,,75,11.7,54.0,,block,left-foot,assisted,sofascore
8738634,810535,Tino Kadewere,,75,13.8,50.9,,block,right-foot,assisted,sofascore
8738634,982615,El Bilal Touré,,72,18.4,67.4,,miss,left-foot,fast-break,sofascore
8738634,245615,Thomas Foket,,70,18.4,70.9,,miss,right-foot,assisted,sofascore
8738634,963399,Nathanaël Mbuku,,70,23.1,56.7,,block,left-foot,assisted,sofascore
8738634,138833,Memphis Depay,,69,24.7,60.0,,miss,right-foot,regular,sofascore
8738634,963399,Nathanaël Mbuku,,58,7.7,41.2,,miss,left-foot,fast-break,sofascore
8738634,894733,Marshall Munetsi,,58,5.4,31.8,,save,left-foot,fast-break,sofascore
8738634,816810,Mathieu Cafaro,,53,23.8,29.5,,miss,right-foot,assisted,sofascore
8738634,842931,Karl Toko Ekambi,,50,13.0,28.1,,save,right-foot,assisted,sofascore
8738634,839981,Lucas Paquetá,,49,12.9,42.8,,save,left-foot,assisted,sofascore
8738634,98197,Valon Berisha,,45,23.2,67.6,,miss,right-foot,assisted,sofascore
8738634,839981,Lucas Paquetá,,42,25.4,54.0,,miss,left-foot,assisted,sofascore
8738634,98197,Valon Berisha,,35,21.9,45.8,,block,right-foot,regular,sofascore
8738634,816810,Mathieu Cafaro,,33,9.8,48.0,,goal,right-foot,assisted,sofascore
8738634,361696,Wout Faes,,29,14.8,28.7,,miss,head,set-piece,sofascore
8738634,846081,Houssem Aouar,,27,22.7,34.4,,save,right-foot,assisted,sofascore
8738634,178721,Yunis Abdelhamid,,26,7.7,28.0,,block,left-foot,assisted,sofascore
8738634,816810,Mathieu Cafaro,,23,21.4,21.9,,save,right-foot,assisted,sofascore
8738634,960080,Boulaye Dia,,21,15.0,33.4,,save,right-foot,assisted,sofascore
8738634,98197,Valon Berisha,,15,23.4,33.0,,save,right-foot,assisted,sofascore
8738634,846081,Houssem Aouar,,14,8.4,45.6,,miss,right-foot,regular,sofascore
8738634,137667,Mattia De Sciglio,,14,21.5,28.3,,save,left-foot,assisted,sofascore
8738634,846081,Houssem Aouar,,11,23.5,51.8,,miss,right-foot,assisted,sofascore
8738635,826208,Michaël Cuisance,,90,10.9,58.7,,goal,left-foot,assisted,sofascore
8738635,148824,Florian Thauvin,,88,8.8,40.6,,goal,left-foot,assisted,sofascore
8738635,927975,Jean Lucas,,87,18.8,48.8,,miss,right-foot,assisted,sofascore
8738635,605552,Irvin Cardona,,80,5.3,32.6,,block,left-foot,assisted,sofascore
8738635,913942,Romain Faivre,,79,25.5,34.2,,block,left-foot,regular,sofascore
8738635,257091,Duje Ćaleta-Car,,76,8.3,47.8,,save,head,set-piece,sofascore
8738635,161325,Arkadiusz Milik,,74,8.3,46.0,,block,head,assisted,sofascore
8738635,988907,Lilian Brassier,,71,3.4,42.3,,goal,head,set-piece,sofascore
8738635,345035,Steve Mounié,,67,18.7,33.4,,block,right-foot,assisted,sofascore
8738635,148824,Florian Thauvin,,60,16.7,49.7,,block,left-foot,fast-break,sofascore
8738635,844480,Pol Lirola,,57,6.4,67.4,,save,right-foot,assisted,sofascore
8738635,879694,Pape Gueye,,57,21.9,45.0,,block,left-foot,assisted,sofascore
8738635,844480,Pol Lirola,,53,10.0,59.2,,block,right-foot,assisted,sofascore
8738635,161325,Arkadiusz Milik,,45,18.9,40.1,,goal,left-foot,assisted,sofascore
8738635,161325,Arkadiusz Milik,,42,2.8,57.3,,block,head,corner,sofascore
8738635,927975,Jean Lucas,,16,32.0,60.2,,miss,right-foot,regular,sofascore
8738635,161325,Arkadiusz Milik,,8,22.8,35.1,,miss,left-foot,assisted,sofascore
8738635,34639,Yuto Nagatomo,,5,20.4,29.7,,miss,right-foot,regular,sofascore
8738636,46387,Gaël Kakuta,,90,8.9,66.1,,save,right-foot,assisted,sofascore
8738636,44213,Gaëtan Charbonnier,,90,11.5,50.0,,goal,right-foot,penalty,sofascore
8738636,890329,Ignatius Kpene Ganago,,90,14.0,40.0,,save,right-foot,assisted,sofascore
8738636,890329,Ignatius Kpene Ganago,,90,13.5,38.0,,miss,left-foot,assisted,sofascore
8738636,143344,Massadio Haïdara,,90,15.1,37.6,,miss,left-foot,assisted,sofascore
8738636,307096,Romain Philippoteaux,,80,23.4,41.8,,miss,left-foot,corner,sofascore
8738636,143344,Massadio Haïdara,,73,2.4,34.5,,miss,left-foot,assisted,sofascore
8738636,825945,Simon Banza,,73,12.6,53.3,,miss,head,assisted,sofascore
8738636,954061,Arnaud Kalimuendo,,61,2.6,30.4,,miss,left-foot,assisted,sofascore
8738636,345035,Steve Mounié,,58,14.2,38.0,,save,right-foot,assisted,sofascore
8738636,788921,Florian Sotoca,,57,10.5,54.4,,miss,left-foot,assisted,sofascore
8738636,605552,Irvin Cardona,,48,11.4,58.2,,miss,right-foot,assisted,sofascore
8738636,913942,Romain Faivre,,37,28.5,58.1,,block,left-foot,free-kick,sofascore
8738636,788921,Florian Sotoca,,34,11.5,50.0,,goal,right-foot,penalty,sofascore
8738636,345035,Steve Mounié,,30,9.4,42.1,,block,head,assisted,sofascore
8738636,225092,Christophe Herelle,,20,9.0,50.7,,miss,head,corner,sofascore
8738636,605552,Irvin Cardona,,20,8.4,66.6,,block,right-foot,assisted,sofascore
8738636,913942,Romain Faivre,,19,15.7,42.3,,save,left-foot,assisted,sofascore
8738636,280453,Franck Honorat,,18,14.5,64.5,,block,right-foot,assisted,sofascore
8738636,954061,Arnaud Kalimuendo,,11,7.6,50.8,,goal,head,assisted,sofascore
8738636,954061,Arnaud Kalimuendo,,10,27.3,45.2,,block,right-foot,regular,sofascore
8738637,839981,Lucas Paquetá,,90,15.4,37.3,,save,left-foot,regular,sofascore
8738637,796279,Jordan Lotomba,,90,20.4,38.0,,miss,right-foot,set-piece,sofascore
8738637,866469,Bruno Guimarães,,83,13.8,63.5,,save,right-foot,corner,sofascore
8738637,846081,Houssem Aouar,,73,2.7,48.2,,goal,right-foot,regular,sofascore
8738637,944327,Dan Ndoye,,70,17.8,46.0,,block,left-foot,assisted,sofascore
8738637,842931,Karl Toko Ekambi,,63,5.6,47.0,,goal,right-foot,fast-break,sofascore
8738637,904832,Khéphren Thuram,,63,18.4,66.2,,miss,right-foot,regular,sofascore
8738637,904991,Stanley Nsoki,,59,6.4,50.1,,miss,head,corner,sofascore
8738637,839981,Lucas Paquetá,,52,23.1,63.7,,miss,left-foot,regular,sofascore
8738637,859026,Amine Gouiri,,44,6.8,46.6,,goal,head,assisted,sofascore
8738637,810535,Tino Kadewere,,39,13.0,49.6,,goal,right-foot,regular,sofascore
8738637,839981,Lucas Paquetá,,35,24.1,69.4,,save,left-foot,assisted,sofascore
8738637,846081,Houssem Aouar,,34,17.8,40.0,,miss,right-foot,regular,sofascore
8738637,138833,Memphis Depay,,32,11.6,49.7,,goal,right-foot,penalty,sofascore
8738637,351434,Hassane Kamara,,26,15.5,31.8,,block,left-foot,assisted,sofascore
8738637,138833,Memphis Depay,,26,30.2,40.0,,miss,right-foot,free-kick,sofascore
8738637,822877,Alexis Claude-Maurice,,24,17.9,28.9,,miss,right-foot,corner,sofascore
8738637,846081,Houssem Aouar,,19,10.3,58.5,,save,right-foot,fast-break,sofascore
8738637,190147,Rony Lopes,,18,14.2,60.0,,block,left-foot,assisted,sofascore
8738637,138833,Memphis Depay,,7,6.6,69.4,,save,right-foot,assisted,sofascore
8738637,866469,Bruno Guimarães,,2,13.3,36.9,,miss,right-foot,regular,sofascore
8738638,365358,Dimitri Liénard,,90,25.7,33.6,,save,left-foot,free-kick,sofascore
8738638,3209,Jimmy Briand,,83,15.8,60.5,,block,head,set-piece,sofascore
8738638,842709,Rémi Oudin,,71,14.1,33.2,,block,left-foot,fast-break,sofascore
8738638,552686,Otávio,,66,12.4,47.2,,goal,right-foot,assisted,sofascore
8738638,231946,Adrien Thomasson,,66,22.8,43.4,,save,right-foot,regular,sofascore
8738638,791314,Hwang Ui-Jo,,63,14.4,75.6,,save,right-foot,assisted,sofascore
8738638,231946,Adrien Thomasson,,60,8.5,49.9,,miss,right-foot,regular,sofascore
8738638,3305,Hatem Ben Arfa,,55,15.1,60.0,,save,left-foot,assisted,sofascore
8738638,842709,Rémi Oudin,,54,18.9,37.9,,save,right-foot,assisted,sofascore
8738638,914660,Mehdi Chahiri,,53,18.0,34.5,,block,right-foot,assisted,sofascore
8738638,289977,Alexander Djiku,,51,12.7,38.6,,block,right-foot,set-piece,sofascore
8738638,829093,Ibrahima Sissoko,,51,12.1,41.5,,block,right-foot,set-piece,sofascore
8738638,343971,Ludovic Ajorque,,45,5.8,32.2,,block,left-foot,assisted,sofascore
8738638,156004,Jean-Eudes Aholou,,44,6.4,55.3,,block,head,corner,sofascore
8738638,243735,Pablo,,38,7.1,50.7,,goal,head,set-piece,sofascore
8738638,842709,Rémi Oudin,,35,10.5,27.2,,miss,left-foot,regular,sofascore
8738638,243735,Pablo,,31,11.6,46.6,,miss,head,set-piece,sofascore
8738638,945063,Mohamed Simakan,,20,9.1,49.9,,save,head,corner,sofascore
8738638,231946,Adrien Thomasson,,20,17.6,54.6,,block,right-foot,corner,sofascore
8738638,791314,Hwang Ui-Jo,,13,19.6,33.4,,miss,right-foot,fast-break,sofascore
8738638,798002,Toma Bašić,,4,7.1,57.3,,save,head,set-piece,sofascore
8738639,1063235,Mohamed Ali Cho,,88,10.2,44.8,,block,head,assisted,sofascore
8738639,848458,Arnaud Nordin,,87,19.4,50.0,,miss,right-foot,assisted,sofascore
8738639,38716,Ryad Boudebouz,,86,18.9,49.4,,save,right-foot,assisted,sofascore
8738639,153220,Stéphane Bahoken,,71,16.8,30.5,,save,right-foot,assisted,sofascore
8738639,51640,Wahbi Khazri,,52,17.8,27.4,,goal,right-foot,assisted,sofascore
8738639,804621,Lassana Coulibaly,,49,22.8,35.5,,miss,right-foot,corner,sofascore
8738639,294641,Loïs Diony,,48,13.4,65.3,,block,right-foot,assisted,sofascore
8738639,51640,Wahbi Khazri,,36,5.7,54.2,,save,head,assisted,sofascore
8738639,941161,Charles Abi,,35,7.6,65.5,,block,left-foot,corner,sofascore
8738639,51640,Wahbi Khazri,,31,2.8,39.1,,miss,left-foot,regular,sofascore
8738639,760618,Denis Bouanga,,18,4.8,69.4,,miss,right-foot,assisted,sofascore
8738640,928236,Leonardo Balerdi,,90,8.0,31.0,,miss,right-foot,throw-in-set-piece,sofascore
8738640,283083,Adrien Hunou,,83,4.4,45.8,,goal,right-foot,set-piece,sofascore
8738640,51652,Steven​ N'Zonzi,,78,19.4,49.5,,miss,right-foot,regular,sofascore
8738640,324399,Benjamin Bourigeaud,,78,20.9,53.8,,block,left-foot,assisted,sofascore
8738640,999028,Adrien Truffert,,76,13.0,41.7,,block,right-foot,assisted,sofascore
8738640,283083,Adrien Hunou,,69,23.7,56.2,,save,right-foot,assisted,sofascore
8738640,846445,Martin Terrier,,68,11.7,32.8,,save,right-foot,assisted,sofascore
8738640,362014,Hamari Traoré,,63,6.4,60.4,,goal,head,assisted,sofascore
8738640,14216,Dimitri Payet,,60,55.4,93.8,,miss,right-foot,regular,sofascore
8738640,14216,Dimitri Payet,,48,6.9,31.1,,block,left-foot,regular,sofascore
8738640,139228,M'Baye Niang,,45,20.6,54.6,,block,right-foot,assisted,sofascore
8738640,39009,Clément Grenier,,45,14.8,40.0,,block,left-foot,assisted,sofascore
8738640,846445,Martin Terrier,,45,10.0,52.7,,miss,head,assisted,sofascore
8738640,973887,Eduardo Camavinga,,41,20.5,62.9,,miss,left-foot,regular,sofascore
8738640,846445,Martin Terrier,,41,11.8,36.5,,block,right-foot,assisted,sofascore
8738640,846445,Martin Terrier,,40,18.1,21.2,,block,right-foot,assisted,sofascore
8738640,801287,Faitout Maouassa,,32,29.2,23.9,,save,left-foot,regular,sofascore
8738640,14216,Dimitri Payet,,32,25.6,39.4,,miss,right-foot,free-kick,sofascore
8738640,879694,Pape Gueye,,24,22.6,50.1,,goal,left-foot,assisted,sofascore
8738640,122630,Darío Benedetto,,17,3.9,42.8,,miss,left-foot,assisted,sofascore
8738640,122630,Darío Benedetto,,13,5.6,43.1,,miss,left-foot,assisted,sofascore
8738640,928236,Leonardo Balerdi,,9,3.6,45.1,,miss,head,set-piece,sofascore
8738640,139228,M'Baye Niang,,4,6.6,47.1,,miss,head,corner,sofascore
8738641,822878,Lamine Fomba,,90,24.6,44.6,,miss,right-foot,regular,sofascore
8738641,795761,Kasper Dolberg,,90,4.9,26.4,,miss,left-foot,assisted,sofascore
8738641,316196,Niclas Eliasson,,90,7.1,56.3,,save,left-foot,assisted,sofascore
8738641,230766,Haris Duljević,,90,6.9,46.4,,miss,other,corner,sofascore
8738641,904832,Khéphren Thuram,,88,20.4,56.4,,save,right-foot,assisted,sofascore
8738641,795761,Kasper Dolberg,,76,6.5,47.1,,miss,left-foot,fast-break,sofascore
8738641,822877,Alexis Claude-Maurice,,75,13.8,61.3,,goal,right-foot,regular,sofascore
8738641,316196,Niclas Eliasson,,73,18.5,68.5,,post,left-foot,assisted,sofascore
8738641,230766,Haris Duljević,,71,30.5,70.3,,save,right-foot,assisted,sofascore
8738641,795761,Kasper Dolberg,,70,21.7,35.4,,miss,right-foot,regular,sofascore
8738641,247445,Renaud Ripart,,68,22.1,44.9,,save,right-foot,assisted,sofascore
8738641,851262,Myziane Maolida,,66,13.1,65.1,,block,left-foot,regular,sofascore
8738641,859026,Amine Gouiri,,65,10.7,38.7,,post,right-foot,assisted,sofascore
8738641,546416,Andrés Cubas,,58,10.8,52.4,,block,right-foot,regular,sofascore
8738641,247445,Renaud Ripart,,58,13.5,33.4,,save,left-foot,assisted,sofascore
8738641,842400,Zinedine Ferhat,,53,20.6,27.3,,miss,right-foot,corner,sofascore
8738641,143871,Loïck Landre,,50,2.6,48.2,,goal,head,corner,sofascore
8738641,247445,Renaud Ripart,,50,2.3,43.1,,save,head,corner,sofascore
8738641,842400,Zinedine Ferhat,,45,15.5,73.5,,miss,left-foot,assisted,sofascore
8738641,859026,Amine Gouiri,,43,7.2,54.9,,save,right-foot,regular,sofascore
8738641,247445,Renaud Ripart,,43,12.9,25.6,,block,right-foot,assisted,sofascore
8738641,822878,Lamine Fomba,,34,8.0,40.4,,miss,head,corner,sofascore
8738641,907003,Kelyan Guessoum,,33,7.1,59.0,,block,left-foot,set-piece,sofascore
8738641,944142,Yassine Benrahou,,32,14.2,57.9,,block,left-foot,assisted,sofascore
8738641,944142,Yassine Benrahou,,31,12.0,70.3,,block,right-foot,assisted,sofascore
8738641,796085,Moussa Koné,,31,9.1,43.3,,block,right-foot,assisted,sofascore
8738641,796085,Moussa Koné,,26,15.5,29.8,,miss,right-foot,assisted,sofascore
8738641,842400,Zinedine Ferhat,,23,13.2,25.9,,save,right-foot,assisted,sofascore
8738641,894238,Youcef Atal,,22,13.9,52.5,,miss,left-foot,assisted,sofascore
8738641,247445,Renaud Ripart,,19,8.0,67.8,,block,right-foot,regular,sofascore
8738641,842400,Zinedine Ferhat,,6,7.8,34.7,,miss,right-foot,assisted,sofascore
8738641,859026,Amine Gouiri,,4,13.7,41.5,,goal,right-foot,regular,sofascore
8738642,1035695,Fodé Doucouré,,86,14.2,65.8,,save,right-foot,assisted,sofascore
8738642,845750,Moreto Cassama,,82,26.4,39.0,,miss,right-foot,corner,sofascore
8738642,816810,Mathieu Cafaro,,68,15.2,69.5,,block,left-foot,assisted,sofascore
8738642,581314,Valentin Rongier,,66,22.2,71.9,,save,right-foot,regular,sofascore
8738642,346262,Saîf-Eddine Khaoui,,57,3.6,40.8,,save,left-foot,regular,sofascore
8738642,346262,Saîf-Eddine Khaoui,,57,7.3,30.3,,save,left-foot,assisted,sofascore
8738642,148824,Florian Thauvin,,45,2.1,57.9,,goal,right-foot,assisted,sofascore
8738642,879694,Pape Gueye,,45,11.0,71.3,,block,left-foot,assisted,sofascore
8738642,148824,Florian Thauvin,,42,7.1,55.7,,miss,left-foot,corner,sofascore
8738642,826204,Boubacar Kamara,,42,13.2,35.9,,miss,left-foot,corner,sofascore
8738642,122630,Darío Benedetto,,41,11.8,62.9,,save,right-foot,assisted,sofascore
8738642,879694,Pape Gueye,,23,24.3,53.4,,block,left-foot,assisted,sofascore
8738642,34639,Yuto Nagatomo,,20,6.3,47.8,,goal,right-foot,fast-break,sofascore
8738642,581314,Valentin Rongier,,18,24.8,49.3,,miss,right-foot,corner,sofascore
8738642,148824,Florian Thauvin,,18,7.8,55.3,,miss,head,corner,sofascore
8738642,122630,Darío Benedetto,,11,5.7,55.7,,save,head,set-piece,sofascore
8738643,825945,Simon Banza,,90,7.1,48.5,,miss,head,corner,sofascore
8738643,1006489,Loïc Badé,,90,17.9,31.0,,block,right-foot,corner,sofascore
8738643,51363,Yannick Cahuzac,,90,3.6,51.1,,post,head,corner,sofascore
8738643,153218,Thomas Delaine,,87,15.9,74.2,,save,left-foot,assisted,sofascore
8738643,46387,Gaël Kakuta,,83,25.4,55.5,,miss,left-foot,free-kick,sofascore
8738643,46387,Gaël Kakuta,,80,3.9,49.7,,miss,head,assisted,sofascore
8738643,191188,Seko Fofana,,77,19.5,28.7,,miss,right-foot,assisted,sofascore
8738643,906047,Cheick Doucouré,,77,18.8,37.1,,block,right-foot,set-piece,sofascore
8738643,46387,Gaël Kakuta,,75,29.2,37.6,,save,left-foot,assisted,sofascore
8738643,906047,Cheick Doucouré,,60,25.1,42.5,,save,right-foot,assisted,sofascore
8738643,153218,Thomas Delaine,,57,18.4,69.9,,goal,left-foot,regular,sofascore
8738643,913191,Vagner Dias,,57,17.4,50.5,,block,left-foot,assisted,sofascore
8738643,229722,Farid Boulaya,,57,21.4,41.5,,block,right-foot,regular,sofascore
8738643,821728,Jonathan Clauss,,51,28.1,52.2,,miss,right-foot,free-kick,sofascore
8738643,788921,Florian Sotoca,,49,8.4,55.3,,miss,head,assisted,sofascore
8738643,954061,Arnaud Kalimuendo,,43,22.5,70.9,,save,left-foot,assisted,sofascore
8738643,51363,Yannick Cahuzac,,36,5.0,52.0,,goal,left-foot,assisted,sofascore
8738643,788921,Florian Sotoca,,35,18.4,46.6,,miss,right-foot,regular,sofascore
8738643,913191,Vagner Dias,,30,7.4,49.5,,post,right-foot,regular,sofascore
8738643,906047,Cheick Doucouré,,29,23.2,47.4,,save,right-foot,assisted,sofascore
8738643,913191,Vagner Dias,,27,11.5,50.0,,goal,right-foot,penalty,sofascore
8738643,821728,Jonathan Clauss,,13,28.8,62.6,,goal,right-foot,free-kick,sofascore
8738643,122921,Vincent Pajot,,9,9.6,56.4,,save,head,corner,sofascore
8738644,816115,Charles Traoré,,90,11.8,39.2,,goal,other,regular,sofascore
8738644,153220,Stéphane Bahoken,,90,5.5,72.5,,save,right-foot,fast-break,sofascore
8738644,965353,Bridge Ndilu,,90,13.5,52.4,,post,left-foot,assisted,sofascore
8738644,930584,Farid El Melali,,83,13.2,66.8,,save,right-foot,fast-break,sofascore
8738644,871706,Randal Kolo Muani,,82,11.5,46.0,,miss,head,set-piece,sofascore
8738644,831400,Mathias Pereira Lage,,81,21.6,40.0,,block,right-foot,corner,sofascore
8738644,806076,Ludovic Blas,,71,15.1,56.7,,miss,right-foot,corner,sofascore
8738644,209768,Pierrick Capelle,,60,15.0,48.2,,save,left-foot,assisted,sofascore
8738644,73056,Mehdi Abeid,,58,28.8,53.2,,block,right-foot,assisted,sofascore
8738644,308130,Jimmy Cabot,,49,8.7,50.7,,miss,right-foot,assisted,sofascore
8738644,330051,Moses Simon,,48,4.3,30.7,,miss,left-foot,assisted,sofascore
8738644,294641,Loïs Diony,,47,9.3,60.5,,miss,left-foot,assisted,sofascore
8738644,209768,Pierrick Capelle,,46,20.8,30.0,,miss,left-foot,assisted,sofascore
8738644,73979,Romain Thomas,,42,5.0,54.4,,goal,head,corner,sofascore
8738644,14142,Thomas Mangani,,36,19.8,65.8,,save,left-foot,set-piece,sofascore
8738644,14142,Thomas Mangani,,36,21.5,70.7,,block,left-foot,free-kick,sofascore
8738644,14142,Thomas Mangani,,32,19.3,54.6,,miss,left-foot,corner,sofascore
8738644,330051,Moses Simon,,25,7.7,42.2,,block,left-foot,assisted,sofascore
8738644,794836,Andrei Girotto,,23,26.3,39.5,,save,right-foot,set-piece,sofascore
8738644,294641,Loïs Diony,,14,10.4,72.0,,save,right-foot,assisted,sofascore
8738644,73056,Mehdi Abeid,,5,23.3,35.1,,miss,right-foot,regular,sofascore
8738645,282095,Adrian Grbić,,90,12.1,48.4,,save,head,assisted,sofascore
8738645,39009,Clément Grenier,,90,21.6,50.4,,save,right-foot,free-kick,sofascore
8738645,934386,Jérémy Doku,,88,17.6,60.0,,miss,left-foot,assisted,sofascore
8738645,74083,Damien Da Silva,,86,12.0,38.6,,miss,head,corner,sofascore
8738645,122807,Jonathan Delaplace,,85,10.5,77.7,,miss,right-foot,regular,sofascore
8738645,150865,Thomas Monconduit,,83,32.3,44.1,,miss,right-foot,assisted,sofascore
8738645,894396,Terem Moffi,,83,11.1,54.6,,miss,head,assisted,sofascore
8738645,846445,Martin Terrier,,82,14.8,28.9,,block,right-foot,assisted,sofascore
8738645,894396,Terem Moffi,,81,11.1,38.2,,block,left-foot,assisted,sofascore
8738645,39009,Clément Grenier,,79,23.8,44.1,,block,right-foot,assisted,sofascore
8738645,846445,Martin Terrier,,76,14.4,28.9,,goal,right-foot,assisted,sofascore
8738645,39009,Clément Grenier,,76,29.5,19.4,,miss,right-foot,free-kick,sofascore
8738645,324399,Benjamin Bourigeaud,,70,12.5,60.5,,goal,left-foot,assisted,sofascore
8738645,984014,Enzo Le Fée,,63,29.1,43.7,,miss,right-foot,assisted,sofascore
8738645,932643,Armand Laurienté,,58,27.9,55.0,,miss,right-foot,assisted,sofascore
8738645,973887,Eduardo Camavinga,,55,13.8,46.4,,block,left-foot,assisted,sofascore
8738645,826134,Trevoh Chalobah,,49,7.5,52.4,,miss,head,set-piece,sofascore
8738645,362014,Hamari Traoré,,46,29.5,62.1,,block,right-foot,assisted,sofascore
8738645,857471,Pierre-Yves Hamel,,45,13.6,23.2,,save,left-foot,assisted,sofascore
8738645,805123,Yoane Wissa,,41,5.4,55.5,,miss,head,assisted,sofascore
8738645,999028,Adrien Truffert,,36,19.5,45.8,,block,right-foot,set-piece,sofascore
8738645,74083,Damien Da Silva,,23,9.9,48.4,,goal,right-foot,set-piece,sofascore
8738645,999028,Adrien Truffert,,20,10.5,35.7,,block,right-foot,assisted,sofascore
8738645,283083,Adrien Hunou,,19,9.4,56.1,,post,head,assisted,sofascore
8738645,283083,Adrien Hunou,,17,16.3,50.6,,block,left-foot,assisted,sofascore
8738645,932643,Armand Laurienté,,11,28.2,9.5,,miss,right-foot,free-kick,sofascore
8738646,851262,Myziane Maolida,,75,26.9,67.4,,block,right-foot,regular,sofascore
8738646,805123,Yoane Wissa,,69,17.9,30.5,,miss,right-foot,regular,sofascore
8738646,805123,Yoane Wissa,,66,6.3,47.4,,goal,right-foot,fast-break,sofascore
8738646,932643,Armand Laurienté,,64,20.4,55.5,,block,right-foot,regular,sofascore
8738646,827386,Quentin Boisgard,,64,25.5,32.0,,block,right-foot,assisted,sofascore
8738646,932643,Armand Laurienté,,61,23.1,44.5,,save,left-foot,assisted,sofascore
8738646,851262,Myziane Maolida,,58,12.6,47.2,,goal,right-foot,regular,sofascore
8738646,984014,Enzo Le Fée,,53,28.5,65.8,,save,right-foot,assisted,sofascore
8738646,351434,Hassane Kamara,,48,8.5,52.8,,miss,head,assisted,sofascore
8738646,826134,Trevoh Chalobah,,45,13.4,54.2,,block,right-foot,corner,sofascore
8738646,932643,Armand Laurienté,,45,13.4,40.8,,block,right-foot,corner,sofascore
8738646,801306,Pierre Lees Melou,,41,24.9,54.2,,save,right-foot,assisted,sofascore
8738646,99945,Vincent Le Goff,,35,9.7,19.5,,save,left-foot,assisted,sofascore
8738646,894396,Terem Moffi,,34,10.7,37.1,,save,left-foot,assisted,sofascore
8738646,894396,Terem Moffi,,24,4.6,33.7,,save,left-foot,assisted,sofascore
8738646,822877,Alexis Claude-Maurice,,23,21.1,67.8,,miss,right-foot,assisted,sofascore
8738646,801306,Pierre Lees Melou,,21,22.2,51.3,,block,right-foot,assisted,sofascore
8738646,932643,Armand Laurienté,,17,27.0,50.0,,miss,right-foot,assisted,sofascore
8738646,894396,Terem Moffi,,17,5.4,49.9,,miss,right-foot,assisted,sofascore
8738646,894396,Terem Moffi,,15,9.3,52.0,,block,left-foot,regular,sofascore
8738646,827386,Quentin Boisgard,,15,21.0,45.9,,block,right-foot,assisted,sofascore
8738646,826134,Trevoh Chalobah,,7,12.1,60.4,,miss,right-foot,corner,sofascore
8738646,932643,Armand Laurienté,,4,5.4,31.4,,save,right-foot,assisted,sofascore
8738647,157143,Moussa Konaté,,90,11.8,46.2,,goal,right-foot,assisted,sofascore
8738647,155718,Yassine Benzia,,83,15.7,59.6,,miss,right-foot,assisted,sofascore
8738647,155718,Yassine Benzia,,82,15.7,64.7,,miss,right-foot,assisted,sofascore
8738647,31993,Bruno Ecuele Manga,,77,7.4,54.6,,miss,head,corner,sofascore
8738647,904994,Eric Ebimbe,,66,13.1,52.8,,miss,left-foot,assisted,sofascore
8738647,925837,Mehdi Zerkane,,64,17.6,64.9,,save,left-foot,assisted,sofascore
8738647,74045,Nicolas de Préville,,62,11.1,43.1,,miss,head,assisted,sofascore
8738647,791314,Hwang Ui-Jo,,60,13.0,65.2,,save,right-foot,assisted,sofascore
8738647,74045,Nicolas de Préville,,50,8.7,36.9,,goal,left-foot,assisted,sofascore
8738647,557166,Mama Baldé,,46,14.5,29.0,,block,right-foot,assisted,sofascore
8738647,791314,Hwang Ui-Jo,,45,6.9,48.2,,goal,head,assisted,sofascore
8738647,603736,Aboubakar Kamara,,40,4.8,37.3,,miss,left-foot,assisted,sofascore
8738647,904994,Eric Ebimbe,,37,15.9,31.0,,save,right-foot,assisted,sofascore
8738647,791314,Hwang Ui-Jo,,33,8.6,51.8,,goal,right-foot,assisted,sofascore
8738647,791314,Hwang Ui-Jo,,30,4.8,35.1,,miss,left-foot,assisted,sofascore
8738647,786305,Roger Assalé,,26,12.8,33.7,,block,right-foot,corner,sofascore
8738647,904994,Eric Ebimbe,,25,26.5,33.6,,miss,right-foot,corner,sofascore
8738647,842709,Rémi Oudin,,21,6.4,27.7,,block,left-foot,assisted,sofascore
8738647,786305,Roger Assalé,,19,15.5,51.3,,save,head,assisted,sofascore
8738647,122815,Wesley Lautoa,,17,18.7,50.5,,miss,head,corner,sofascore
8738647,67308,Loris Benito,,13,7.3,44.5,,save,head,corner,sofascore
8738647,842709,Rémi Oudin,,12,21.6,39.1,,block,right-foot,assisted,sofascore
8738647,786305,Roger Assalé,,7,22.4,33.5,,miss,right-foot,assisted,sofascore
8738648,229722,Farid Boulaya,,90,14.5,58.3,,goal,right-foot,assisted,sofascore
8738648,191188,Seko Fofana,,90,16.2,68.9,,miss,right-foot,assisted,sofascore
8738648,890329,Ignatius Kpene Ganago,,88,18.5,48.7,,block,right-foot,assisted,sofascore
8738648,229722,Farid Boulaya,,87,24.4,58.2,,miss,right-foot,assisted,sofascore
8738648,788921,Florian Sotoca,,83,5.1,49.3,,miss,right-foot,corner,sofascore
8738648,191188,Seko Fofana,,83,10.1,35.5,,miss,right-foot,corner,sofascore
8738648,788921,Florian Sotoca,,81,11.5,68.2,,block,right-foot,assisted,sofascore
8738648,191178,Corentin Jean,,80,27.6,53.4,,save,left-foot,assisted,sofascore
8738648,821728,Jonathan Clauss,,77,33.6,65.8,,miss,right-foot,assisted,sofascore
8738648,906047,Cheick Doucouré,,70,13.8,62.5,,save,right-foot,regular,sofascore
8738648,906047,Cheick Doucouré,,70,26.2,65.5,,block,right-foot,assisted,sofascore
8738648,153218,Thomas Delaine,,69,13.8,28.2,,save,left-foot,assisted,sofascore
8738648,191188,Seko Fofana,,66,27.8,40.6,,save,right-foot,assisted,sofascore
8738648,991359,Papa Ndiaga Yade,,64,9.5,70.5,,miss,left-foot,assisted,sofascore
8738648,788921,Florian Sotoca,,64,2.7,58.4,,miss,right-foot,assisted,sofascore
8738648,788921,Florian Sotoca,,64,8.7,68.0,,block,right-foot,assisted,sofascore
8738648,191188,Seko Fofana,,62,24.9,43.2,,miss,left-foot,regular,sofascore
8738648,46387,Gaël Kakuta,,62,25.3,72.5,,block,left-foot,assisted,sofascore
8738648,906047,Cheick Doucouré,,60,25.3,51.7,,block,right-foot,assisted,sofascore
8738648,359246,Habib Maïga,,49,29.7,63.1,,save,right-foot,assisted,sofascore
8738648,991359,Papa Ndiaga Yade,,35,12.0,66.4,,miss,right-foot,fast-break,sofascore
8738648,73188,John Boye,,34,4.4,50.2,,miss,head,corner,sofascore
8738648,845271,Dylan Bronn,,33,9.0,36.1,,block,right-foot,corner,sofascore
8738648,250453,Opa Nguette,,30,9.4,63.8,,goal,left-foot,fast-break,sofascore
8738648,788921,Florian Sotoca,,16,19.8,40.8,,block,right-foot,regular,sofascore
8738648,250453,Opa Nguette,,9,9.8,45.4,,miss,right-foot,corner,sofascore
8738648,153218,Thomas Delaine,,9,21.6,27.4,,block,right-foot,corner,sofascore
8738648,848537,Boubakar Kouyaté,,9,7.5,57.1,,post,head,corner,sofascore
8738648,291695,Issiaga Sylla,,6,11.7,31.4,,block,left-foot,assisted,sofascore
8738649,760618,Denis Bouanga,,90,11.5,50.0,,goal,right-foot,penalty,sofascore
8738649,1023091,David Pereira Da Costa,,90,13.9,51.4,,goal,right-foot,fast-break,sofascore
8738649,760618,Denis Bouanga,,90,13.9,40.4,,miss,right-foot,corner,sofascore
8738649,191188,Seko Fofana,,86,23.1,49.7,,miss,right-foot,assisted,sofascore
8738649,790198,Pape Abou Cissé,,86,24.2,59.1,,block,left-foot,set-piece,sofascore
8738649,825945,Simon Banza,,84,4.3,41.2,,miss,head,fast-break,sofascore
8738649,869931,Yvan Neyou,,84,22.5,57.3,,block,right-foot,corner,sofascore
8738649,790198,Pape Abou Cissé,,83,3.9,47.0,,block,other,corner,sofascore
8738649,21931,Anthony Modeste,,74,14.4,68.8,,miss,right-foot,assisted,sofascore
8738649,941161,Charles Abi,,72,8.3,39.4,,miss,left-foot,assisted,sofascore
8738649,788921,Florian Sotoca,,64,15.2,49.3,,save,right-foot,assisted,sofascore
8738649,860307,Facundo Medina,,59,15.5,40.7,,save,left-foot,assisted,sofascore
8738649,143344,Massadio Haïdara,,56,6.8,30.9,,post,left-foot,assisted,sofascore
8738649,790198,Pape Abou Cissé,,54,13.8,43.0,,miss,head,corner,sofascore
8738649,941161,Charles Abi,,53,19.2,66.9,,block,left-foot,assisted,sofascore
8738649,795128,Harold Moukoudi,,40,7.3,47.6,,goal,head,corner,sofascore
8738649,941161,Charles Abi,,36,9.7,54.8,,miss,head,corner,sofascore
8738649,3579,Mathieu Debuchy,,35,30.3,61.8,,save,right-foot,assisted,sofascore
8738649,790198,Pape Abou Cissé,,32,9.9,50.7,,miss,head,corner,sofascore
8738649,16635,Kévin Monnet-Paquet,,31,8.2,42.4,,miss,head,assisted,sofascore
8738649,3579,Mathieu Debuchy,,29,9.8,48.7,,block,head,assisted,sofascore
8738649,954061,Arnaud Kalimuendo,,24,15.3,55.5,,goal,right-foot,assisted,sofascore
8738649,962877,Adil Aouchiche,,24,30.9,52.2,,miss,left-foot,assisted,sofascore
8738649,788921,Florian Sotoca,,20,11.5,50.0,,goal,right-foot,penalty,sofascore
8738649,788921,Florian Sotoca,,13,8.8,62.6,,miss,head,set-piece,sofascore
8738649,941161,Charles Abi,,10,13.1,44.8,,miss,other,assisted,sofascore
8738649,916041,Mahdi Camara,,10,12.4,58.5,,miss,right-foot,assisted,sofascore
8738650,324399,Benjamin Bourigeaud,,90,14.9,63.4,,block,right-foot,assisted,sofascore
8738650,871706,Randal Kolo Muani,,84,19.8,31.2,,block,left-foot,assisted,sofascore
8738650,139228,M'Baye Niang,,83,9.3,61.2,,block,right-foot,assisted,sofascore
8738650,159701,Kalifa Coulibaly,,81,10.9,54.9,,miss,head,assisted,sofascore
8738650,324399,Benjamin Bourigeaud,,53,16.8,53.4,,miss,left-foot,assisted,sofascore
8738650,324399,Benjamin Bourigeaud,,50,14.8,49.9,,block,left-foot,assisted,sofascore
8738650,324399,Benjamin Bourigeaud,,49,12.4,49.7,,miss,right-foot,assisted,sofascore
8738650,877102,Nayef Aguerd,,40,26.9,27.9,,block,left-foot,assisted,sofascore
8738650,324399,Benjamin Bourigeaud,,23,18.7,25.2,,block,right-foot,free-kick,sofascore
8738650,871706,Randal Kolo Muani,,18,13.0,52.6,,save,right-foot,regular,sofascore
8738650,73056,Mehdi Abeid,,16,16.4,47.0,,miss,right-foot,corner,sofascore
8738650,965943,Imrân Louza,,16,13.4,47.0,,save,left-foot,assisted,sofascore
8738650,73056,Mehdi Abeid,,12,23.8,60.4,,miss,right-foot,corner,sofascore
8738650,806076,Ludovic Blas,,10,24.6,72.8,,block,left-foot,assisted,sofascore
8738650,283083,Adrien Hunou,,9,4.3,40.9,,miss,right-foot,corner,sofascore
8738651,149732,Abdoulaye Touré,,90,18.9,35.7,,save,right-foot,assisted,sofascore
8738651,255389,Leandro Paredes,,81,23.4,55.3,,save,right-foot,assisted,sofascore
8738651,871706,Randal Kolo Muani,,78,12.4,44.3,,save,right-foot,assisted,sofascore
8738651,330051,Moses Simon,,71,6.5,48.9,,goal,left-foot,assisted,sofascore
8738651,871706,Randal Kolo Muani,,59,12.5,52.0,,goal,right-foot,regular,sofascore
8738651,806076,Ludovic Blas,,58,27.2,52.2,,miss,left-foot,assisted,sofascore
8738651,826643,Kylian Mbappé,,47,9.5,73.6,,miss,right-foot,assisted,sofascore
8738651,142680,Julian Draxler,,42,14.3,44.3,,goal,left-foot,regular,sofascore
8738651,96367,Rafinha Alcântara,,40,23.9,58.3,,save,left-foot,assisted,sofascore
8738651,826643,Kylian Mbappé,,38,15.2,43.3,,save,right-foot,assisted,sofascore
8738651,30027,Ángel Di María,,36,19.4,56.1,,miss,left-foot,assisted,sofascore
8738651,149732,Abdoulaye Touré,,32,22.5,49.7,,miss,right-foot,assisted,sofascore
8738651,941300,Colin Dagba,,31,15.5,73.9,,miss,right-foot,assisted,sofascore
8738651,806076,Ludovic Blas,,30,11.4,57.9,,save,left-foot,assisted,sofascore
8738651,149732,Abdoulaye Touré,,29,24.4,54.0,,miss,left-foot,assisted,sofascore
8738651,96367,Rafinha Alcântara,,24,8.6,45.2,,miss,head,assisted,sofascore
8738651,155995,Marquinhos,,12,6.5,48.7,,miss,head,corner,sofascore
8738651,30027,Ángel Di María,,11,19.8,67.2,,save,left-foot,assisted,sofascore
8738651,96367,Rafinha Alcântara,,8,19.2,75.6,,miss,left-foot,assisted,sofascore
8738652,372430,Frédéric Guilbert,,90,22.7,42.9,,goal,left-foot,regular,sofascore
8738652,845273,Jean-Ricner Bellegarde,,84,19.2,50.1,,block,left-foot,assisted,sofascore
8738652,845273,Jean-Ricner Bellegarde,,80,21.5,65.8,,block,right-foot,regular,sofascore
8738652,873534,Krépin Diatta,,77,7.5,54.8,,miss,head,assisted,sofascore
8738652,289977,Alexander Djiku,,76,30.5,50.3,,miss,right-foot,assisted,sofascore
8738652,51444,Lamine Koné,,72,9.5,43.3,,miss,head,set-piece,sofascore
8738652,343971,Ludovic Ajorque,,70,5.4,52.8,,block,left-foot,assisted,sofascore
8738652,802159,Habibou Diallo,,68,15.2,43.5,,block,right-foot,regular,sofascore
8738652,365358,Dimitri Liénard,,63,20.5,35.3,,miss,left-foot,regular,sofascore
8738652,289977,Alexander Djiku,,63,10.3,34.3,,block,left-foot,regular,sofascore
8738652,343971,Ludovic Ajorque,,63,14.9,67.2,,save,right-foot,regular,sofascore
8738652,802159,Habibou Diallo,,57,11.1,51.1,,block,head,set-piece,sofascore
8738652,318963,Aleksandr Golovin,,51,20.7,29.8,,miss,right-foot,assisted,sofascore
8738652,231946,Adrien Thomasson,,46,11.5,59.3,,block,right-foot,assisted,sofascore
8738652,119192,Wissam Ben Yedder,,45,12.2,29.9,,save,right-foot,throw-in-set-piece,sofascore
8738652,117373,Kevin Volland,,45,10.8,37.7,,block,head,throw-in-set-piece,sofascore
8738652,372430,Frédéric Guilbert,,36,19.8,69.9,,miss,left-foot,assisted,sofascore
8738652,846471,Anthony Caci,,33,28.2,42.4,,miss,right-foot,regular,sofascore
8738652,122922,Lionel Carole,,30,29.1,59.9,,miss,left-foot,set-piece,sofascore
8738652,365358,Dimitri Liénard,,21,14.4,64.3,,miss,right-foot,assisted,sofascore
8738652,339909,Guillermo Maripán,,20,5.8,48.8,,miss,right-foot,set-piece,sofascore
8738652,51444,Lamine Koné,,13,19.4,47.8,,block,right-foot,corner,sofascore
8738653,605552,Irvin Cardona,,90,12.7,63.9,,miss,right-foot,fast-break,sofascore
8738653,149730,Gaëtan Laborde,,90,8.1,65.1,,save,head,assisted,sofascore
8738653,84744,Andy Delort,,82,23.3,52.5,,goal,right-foot,assisted,sofascore
8738653,328035,Brendan Chardonnet,,79,6.3,46.0,,goal,right-foot,corner,sofascore
8738653,84744,Andy Delort,,76,6.8,43.9,,post,head,assisted,sofascore
8738653,605552,Irvin Cardona,,74,7.1,38.6,,miss,right-foot,assisted,sofascore
8738653,328035,Brendan Chardonnet,,72,9.0,48.2,,save,head,set-piece,sofascore
8738653,827519,Romain Perraud,,68,29.5,41.0,,miss,left-foot,set-piece,sofascore
8738653,990820,Hianga'a M'Bock,,68,19.3,20.0,,block,right-foot,free-kick,sofascore
8738653,307096,Romain Philippoteaux,,65,28.3,40.6,,miss,right-foot,fast-break,sofascore
8738653,44563,Pedro Mendes,,65,9.4,52.2,,block,right-foot,set-piece,sofascore
8738653,307096,Romain Philippoteaux,,58,8.1,44.1,,goal,left-foot,assisted,sofascore
8738653,827519,Romain Perraud,,57,29.3,33.0,,miss,left-foot,assisted,sofascore
8738653,345035,Steve Mounié,,55,14.1,54.8,,save,right-foot,assisted,sofascore
8738653,345035,Steve Mounié,,53,12.4,42.3,,save,head,assisted,sofascore
8738653,234230,Florent Mollet,,50,9.2,74.8,,save,right-foot,assisted,sofascore
8738653,149730,Gaëtan Laborde,,45,12.5,56.1,,goal,head,assisted,sofascore
8738653,84744,Andy Delort,,44,25.2,27.2,,miss,right-foot,regular,sofascore
8738653,345035,Steve Mounié,,44,6.3,49.6,,save,head,corner,sofascore
8738653,44563,Pedro Mendes,,43,28.2,73.0,,miss,right-foot,assisted,sofascore
8738653,827519,Romain Perraud,,35,26.6,25.8,,miss,right-foot,assisted,sofascore
8738653,580642,Haris Belkebla,,33,27.9,41.8,,miss,left-foot,regular,sofascore
8738653,605552,Irvin Cardona,,33,11.5,35.9,,block,right-foot,assisted,sofascore
8738653,328035,Brendan Chardonnet,,28,11.3,40.4,,save,head,corner,sofascore
8738653,345035,Steve Mounié,,27,8.2,50.5,,block,head,assisted,sofascore
8738653,84744,Andy Delort,,15,12.0,31.2,,block,left-foot,fast-break,sofascore
8738653,234230,Florent Mollet,,10,17.2,64.7,,miss,right-foot,assisted,sofascore
8738654,27622,José Fonte,,75,7.1,41.0,,save,right-foot,corner,sofascore
8738654,18864,Burak Yılmaz,,75,24.8,36.9,,save,right-foot,assisted,sofascore
8738654,935564,Jonathan David,,62,17.7,37.7,,save,right-foot,regular,sofascore
8738654,835601,Moise Kean,,58,9.1,34.9,,block,left-foot,assisted,sofascore
8738654,835601,Moise Kean,,55,8.4,41.2,,miss,other,assisted,sofascore
8738654,835601,Moise Kean,,51,6.0,42.7,,miss,right-foot,assisted,sofascore
8738654,30027,Ángel Di María,,45,16.0,64.5,,block,left-foot,assisted,sofascore
8738654,835601,Moise Kean,,41,5.7,43.5,,save,right-foot,assisted,sofascore
8738654,802142,Jonathan Ikoné,,36,15.8,53.8,,block,right-foot,regular,sofascore
8738654,910046,Sven Botman,,35,7.8,50.3,,miss,head,corner,sofascore
8738654,51665,Benjamin André,,32,27.2,61.2,,block,right-foot,regular,sofascore
8738654,30027,Ángel Di María,,30,26.4,32.9,,miss,left-foot,free-kick,sofascore
8738654,96367,Rafinha Alcântara,,25,2.0,39.4,,miss,head,regular,sofascore
8738654,281277,Thilo Kehrer,,21,6.8,54.8,,miss,head,set-piece,sofascore
8738654,18864,Burak Yılmaz,,9,11.5,40.8,,miss,left-foot,assisted,sofascore
8738654,802142,Jonathan Ikoné,,8,26.6,48.7,,block,left-foot,assisted,sofascore
8738655,309510,Jordan Marié,,90,23.8,40.3,,block,right-foot,assisted,sofascore
8738655,816810,Mathieu Cafaro,,85,23.0,68.8,,miss,right-foot,assisted,sofascore
8738655,557166,Mama Baldé,,82,21.4,71.5,,block,left-foot,assisted,sofascore
8738655,845274,Mounir Chouiar,,79,18.9,73.7,,block,right-foot,assisted,sofascore
8738655,178721,Yunis Abdelhamid,,73,4.3,49.3,,save,head,corner,sofascore
8738655,579596,Moussa Doumbia,,73,6.9,59.1,,miss,left-foot,corner,sofascore
8738655,960080,Boulaye Dia,,73,16.8,27.9,,block,right-foot,fast-break,sofascore
8738655,880525,Ngonda Muzinga,,71,26.5,40.6,,miss,left-foot,corner,sofascore
8738655,31993,Bruno Ecuele Manga,,70,7.1,41.3,,miss,head,corner,sofascore
8738655,98197,Valon Berisha,,58,25.3,63.4,,save,right-foot,assisted,sofascore
8738655,963399,Nathanaël Mbuku,,46,7.3,42.6,,miss,left-foot,assisted,sofascore
8738655,98197,Valon Berisha,,34,30.8,45.0,,block,right-foot,free-kick,sofascore
8738655,980418,Sacha Boey,,30,21.8,62.4,,block,right-foot,corner,sofascore
8738655,904994,Eric Ebimbe,,23,26.0,47.2,,miss,right-foot,regular,sofascore
8738655,897623,Alex Dobre,,15,14.0,60.6,,miss,head,set-piece,sofascore
8738655,831781,Ghislain Konan,,10,25.5,28.9,,block,left-foot,corner,sofascore
8738655,245615,Thomas Foket,,4,12.8,70.7,,save,right-foot,assisted,sofascore
8738656,904994,Eric Ebimbe,,90,10.0,31.1,,save,right-foot,regular,sofascore
8738656,31993,Bruno Ecuele Manga,,82,9.2,40.7,,miss,head,corner,sofascore
8738656,904994,Eric Ebimbe,,79,9.4,55.9,,miss,right-foot,assisted,sofascore
8738656,877979,Willem Geubbels,,75,5.1,72.6,,block,right-foot,regular,sofascore
8738656,37126,Stevan Jovetić,,72,11.0,39.4,,save,head,assisted,sofascore
8738656,117373,Kevin Volland,,69,24.4,72.6,,save,left-foot,assisted,sofascore
8738656,904994,Eric Ebimbe,,68,13.3,53.6,,miss,head,set-piece,sofascore
8738656,945062,Youssouf Fofana,,66,26.2,62.5,,miss,right-foot,assisted,sofascore
8738656,904827,Benoît Badiashile,,62,6.5,46.2,,save,right-foot,corner,sofascore
8738656,859025,Aurélien Tchouaméni,,62,12.2,57.9,,miss,head,corner,sofascore
8738656,897623,Alex Dobre,,61,23.9,24.2,,miss,right-foot,regular,sofascore
8738656,904994,Eric Ebimbe,,59,21.2,66.6,,miss,left-foot,assisted,sofascore
8738656,281013,Bersant Celina,,57,23.8,54.6,,miss,right-foot,assisted,sofascore
8738656,119192,Wissam Ben Yedder,,51,10.7,70.7,,block,left-foot,assisted,sofascore
8738656,157143,Moussa Konaté,,50,9.3,54.8,,miss,left-foot,regular,sofascore
8738656,859025,Aurélien Tchouaméni,,45,7.1,47.0,,miss,head,corner,sofascore
8738656,364618,Gelson Martins,,45,12.5,34.7,,save,right-foot,regular,sofascore
8738656,897623,Alex Dobre,,44,8.5,53.2,,miss,head,assisted,sofascore
8738656,339909,Guillermo Maripán,,38,10.4,42.3,,miss,head,set-piece,sofascore
8738656,859025,Aurélien Tchouaméni,,28,27.6,42.7,,save,right-foot,assisted,sofascore
8738656,364618,Gelson Martins,,22,8.8,41.5,,block,head,assisted,sofascore
8738656,31993,Bruno Ecuele Manga,,20,8.5,50.1,,miss,head,corner,sofascore
8738656,117373,Kevin Volland,,15,12.8,43.7,,goal,right-foot,assisted,sofascore
8738656,904994,Eric Ebimbe,,10,15.2,61.5,,miss,right-foot,assisted,sofascore
8738657,109851,Majeed Waris,,90,11.5,50.0,,goal,right-foot,penalty,sofascore
8738657,94822,Sanjin Prcić,,82,29.6,50.1,,save,right-foot,corner,sofascore
8738657,109851,Majeed Waris,,81,10.7,64.1,,block,right-foot,regular,sofascore
8738657,944142,Yassine Benrahou,,77,9.4,36.9,,block,left-foot,assisted,sofascore
8738657,845273,Jean-Ricner Bellegarde,,75,21.4,45.4,,miss,right-foot,regular,sofascore
8738657,365358,Dimitri Liénard,,73,13.2,46.2,,save,left-foot,regular,sofascore
8738657,51421,Nolan Roux,,72,9.8,48.6,,miss,head,corner,sofascore
8738657,343971,Ludovic Ajorque,,68,11.0,47.5,,save,head,assisted,sofascore
8738657,156004,Jean-Eudes Aholou,,58,6.0,59.6,,post,right-foot,set-piece,sofascore
8738657,343971,Ludovic Ajorque,,58,11.5,50.0,,save,left-foot,penalty,sofascore
8738657,231946,Adrien Thomasson,,55,7.8,48.7,,block,left-foot,assisted,sofascore
8738657,343971,Ludovic Ajorque,,53,11.5,58.1,,save,left-foot,assisted,sofascore
8738657,316196,Niclas Eliasson,,53,9.0,57.7,,save,left-foot,assisted,sofascore
8738657,343971,Ludovic Ajorque,,51,3.8,47.8,,goal,right-foot,assisted,sofascore
8738657,247445,Renaud Ripart,,49,4.3,60.9,,block,other,corner,sofascore
8738657,141080,Kenny Lala,,45,11.5,50.0,,goal,right-foot,penalty,sofascore
8738657,796085,Moussa Koné,,43,14.5,39.4,,save,right-foot,fast-break,sofascore
8738657,156004,Jean-Eudes Aholou,,43,9.5,39.6,,miss,head,assisted,sofascore
8738657,343971,Ludovic Ajorque,,42,4.4,46.6,,block,head,assisted,sofascore
8738657,802159,Habibou Diallo,,38,10.4,32.9,,goal,right-foot,fast-break,sofascore
8738657,343971,Ludovic Ajorque,,36,5.6,60.6,,goal,right-foot,fast-break,sofascore
8738657,802159,Habibou Diallo,,36,15.1,29.7,,save,right-foot,fast-break,sofascore
8738657,156004,Jean-Eudes Aholou,,32,26.1,47.6,,block,left-foot,set-piece,sofascore
8738657,156004,Jean-Eudes Aholou,,27,18.5,69.9,,miss,left-foot,throw-in-set-piece,sofascore
8738657,606530,Birger Meling,,24,13.8,36.5,,block,left-foot,corner,sofascore
8738657,343971,Ludovic Ajorque,,5,7.1,59.6,,miss,head,corner,sofascore
8738657,802159,Habibou Diallo,,2,7.4,48.2,,save,head,corner,sofascore
8738658,913942,Romain Faivre,,90,24.8,46.2,,miss,left-foot,assisted,sofascore
8738658,826643,Kylian Mbappé,,90,38.0,23.3,,miss,right-foot,assisted,sofascore
8738658,138573,Pablo Sarabia,,90,13.4,66.0,,save,left-foot,assisted,sofascore
8738658,233114,Mauro Icardi,,87,10.5,51.4,,miss,head,regular,sofascore
8738658,345035,Steve Mounié,,84,11.5,43.9,,miss,head,assisted,sofascore
8738658,138573,Pablo Sarabia,,83,20.8,51.8,,goal,left-foot,assisted,sofascore
8738658,233114,Mauro Icardi,,81,10.1,47.4,,goal,right-foot,assisted,sofascore
8738658,826643,Kylian Mbappé,,79,8.0,36.9,,block,right-foot,corner,sofascore
8738658,233114,Mauro Icardi,,79,2.6,39.0,,block,left-foot,corner,sofascore
8738658,233114,Mauro Icardi,,78,6.0,62.5,,save,right-foot,assisted,sofascore
8738658,30027,Ángel Di María,,77,18.7,61.6,,block,left-foot,assisted,sofascore
8738658,280435,Abdou Diallo,,67,10.9,43.4,,miss,head,corner,sofascore
8738658,826643,Kylian Mbappé,,67,12.5,42.5,,save,right-foot,regular,sofascore
8738658,826643,Kylian Mbappé,,63,17.4,37.1,,miss,right-foot,assisted,sofascore
8738658,826643,Kylian Mbappé,,60,4.3,35.9,,save,left-foot,assisted,sofascore
8738658,827519,Romain Perraud,,58,22.1,31.5,,miss,right-foot,corner,sofascore
8738658,913942,Romain Faivre,,58,17.4,42.5,,block,left-foot,assisted,sofascore
8738658,913942,Romain Faivre,,57,10.5,64.1,,miss,left-foot,assisted,sofascore
8738658,605552,Irvin Cardona,,53,4.6,60.6,,miss,head,corner,sofascore
8738658,280453,Franck Honorat,,52,8.7,68.2,,save,right-foot,fast-break,sofascore
8738658,826643,Kylian Mbappé,,50,1.9,39.4,,save,left-foot,assisted,sofascore
8738658,826293,Ronaël Pierre-Gabriel,,44,11.0,58.5,,block,right-foot,assisted,sofascore
8738658,913942,Romain Faivre,,42,26.4,61.3,,miss,left-foot,free-kick,sofascore
8738658,605552,Irvin Cardona,,27,18.8,53.8,,block,right-foot,assisted,sofascore
8738658,106337,Idrissa Gana Gueye,,27,25.4,31.4,,save,right-foot,assisted,sofascore
8738658,155995,Marquinhos,,25,4.3,57.5,,save,head,corner,sofascore
8738658,835601,Moise Kean,,20,8.7,59.2,,miss,right-foot,assisted,sofascore
8738658,835601,Moise Kean,,16,2.4,49.3,,goal,head,corner,sofascore
8738658,155995,Marquinhos,,16,9.5,45.6,,post,head,corner,sofascore
8738658,30027,Ángel Di María,,16,7.5,29.5,,block,left-foot,assisted,sofascore
8738658,826293,Ronaël Pierre-Gabriel,,7,22.7,64.2,,block,right-foot,regular,sofascore
8738658,913942,Romain Faivre,,5,11.7,63.3,,save,left-foot,assisted,sofascore
8738658,126691,Marco Verratti,,3,9.1,55.9,,save,left-foot,regular,sofascore
8738658,126691,Marco Verratti,,3,12.2,58.1,,block,right-foot,assisted,sofascore
8738659,906047,Cheick Doucouré,,89,15.9,46.8,,goal,right-foot,assisted,sofascore
8738659,46387,Gaël Kakuta,,80,13.2,47.3,,miss,head,assisted,sofascore
8738659,191188,Seko Fofana,,70,22.5,66.8,,miss,right-foot,assisted,sofascore
8738659,46387,Gaël Kakuta,,62,10.4,43.5,,block,right-foot,assisted,sofascore
8738659,138833,Memphis Depay,,60,30.0,33.7,,save,right-foot,assisted,sofascore
8738659,890329,Ignatius Kpene Ganago,,59,17.5,43.4,,miss,right-foot,assisted,sofascore
8738659,810535,Tino Kadewere,,57,12.4,61.2,,save,right-foot,assisted,sofascore
8738659,788921,Florian Sotoca,,56,15.0,32.2,,goal,right-foot,assisted,sofascore
8738659,810535,Tino Kadewere,,54,10.9,69.0,,save,right-foot,fast-break,sofascore
8738659,138833,Memphis Depay,,52,11.5,49.9,,goal,right-foot,penalty,sofascore
8738659,788921,Florian Sotoca,,48,25.1,59.4,,miss,right-foot,assisted,sofascore
8738659,339227,Steven Fortes,,46,2.8,52.4,,goal,left-foot,regular,sofascore
8738659,46387,Gaël Kakuta,,44,18.1,45.1,,block,left-foot,free-kick,sofascore
8738659,138833,Memphis Depay,,39,10.6,45.7,,goal,right-foot,assisted,sofascore
8738659,996951,Sinaly Diomandé,,34,9.9,41.3,,miss,head,set-piece,sofascore
8738659,839981,Lucas Paquetá,,31,20.7,69.2,,block,left-foot,free-kick,sofascore
8738659,846081,Houssem Aouar,,24,17.9,42.5,,save,right-foot,assisted,sofascore
8738659,1006489,Loïc Badé,,21,7.1,51.9,,miss,right-foot,corner,sofascore
8738659,329303,Thiago Mendes,,19,27.3,72.9,,miss,left-foot,assisted,sofascore
8738659,788921,Florian Sotoca,,18,10.8,41.5,,block,right-foot,assisted,sofascore
8738659,821728,Jonathan Clauss,,16,21.9,70.9,,save,right-foot,fast-break,sofascore
8738659,138833,Memphis Depay,,10,17.8,44.6,,miss,right-foot,assisted,sofascore
8738659,280439,Maxwel Cornet,,7,12.9,36.2,,miss,left-foot,assisted,sofascore
8738660,848458,Arnaud Nordin,,87,9.4,44.9,,miss,left-foot,assisted,sofascore
8738660,916041,Mahdi Camara,,85,23.7,62.7,,miss,right-foot,regular,sofascore
8738660,3579,Mathieu Debuchy,,85,7.5,47.6,,save,head,assisted,sofascore
8738660,74139,Romain Hamouma,,84,15.7,31.9,,save,right-foot,assisted,sofascore
8738660,848458,Arnaud Nordin,,80,24.9,40.8,,save,right-foot,assisted,sofascore
8738660,247665,Miguel Trauco,,79,27.1,39.4,,miss,left-foot,assisted,sofascore
8738660,869931,Yvan Neyou,,77,26.2,38.6,,block,left-foot,assisted,sofascore
8738660,247665,Miguel Trauco,,74,24.7,29.8,,miss,left-foot,corner,sofascore
8738660,848458,Arnaud Nordin,,73,10.8,45.5,,miss,head,assisted,sofascore
8738660,869931,Yvan Neyou,,69,24.7,37.4,,miss,right-foot,assisted,sofascore
8738660,760618,Denis Bouanga,,59,7.7,44.6,,miss,right-foot,corner,sofascore
8738660,41605,Timothée Kolodziejczak,,59,12.4,25.8,,save,head,corner,sofascore
8738660,117373,Kevin Volland,,48,8.4,58.9,,goal,left-foot,assisted,sofascore
8738660,869931,Yvan Neyou,,43,7.9,44.8,,miss,right-foot,assisted,sofascore
8738660,760618,Denis Bouanga,,29,11.5,50.0,,goal,right-foot,penalty,sofascore
8738660,16635,Kévin Monnet-Paquet,,27,8.6,70.7,,miss,right-foot,assisted,sofascore
8738660,3579,Mathieu Debuchy,,21,9.2,45.8,,goal,head,corner,sofascore
8738660,760618,Denis Bouanga,,15,9.6,62.4,,miss,right-foot,corner,sofascore
8738660,760618,Denis Bouanga,,10,8.7,54.8,,miss,head,corner,sofascore
8738660,944164,Sofiane Diop,,7,13.0,49.0,,goal,right-foot,assisted,sofascore
8738661,934386,Jérémy Doku,,90,9.2,50.1,,save,left-foot,assisted,sofascore
8738661,848537,Boubakar Kouyaté,,89,7.8,49.7,,miss,right-foot,regular,sofascore
8738661,356024,Thierry Ambrose,,89,17.7,53.7,,block,left-foot,assisted,sofascore
8738661,934386,Jérémy Doku,,85,8.3,69.9,,block,left-foot,assisted,sofascore
8738661,991359,Papa Ndiaga Yade,,78,8.9,29.1,,miss,left-foot,assisted,sofascore
8738661,846445,Martin Terrier,,77,14.1,34.9,,miss,right-foot,set-piece,sofascore
8738661,324399,Benjamin Bourigeaud,,56,26.3,57.8,,save,left-foot,assisted,sofascore
8738661,39009,Clément Grenier,,52,17.5,54.7,,goal,right-foot,assisted,sofascore
8738661,229722,Farid Boulaya,,50,27.3,63.4,,save,right-foot,regular,sofascore
8738661,1046147,Lamine Gueye,,50,14.0,49.3,,save,right-foot,assisted,sofascore
8738661,73188,John Boye,,44,4.8,50.3,,miss,head,corner,sofascore
8738661,1046147,Lamine Gueye,,44,16.0,35.5,,block,right-foot,assisted,sofascore
8738661,139228,M'Baye Niang,,33,16.1,60.4,,save,left-foot,assisted,sofascore
8738661,352966,Aaron Leya Iseka,,30,14.3,38.3,,save,right-foot,assisted,sofascore
8738661,74083,Damien Da Silva,,26,9.8,41.3,,save,head,set-piece,sofascore
8738661,324399,Benjamin Bourigeaud,,23,16.9,63.1,,save,right-foot,assisted,sofascore
8738661,39009,Clément Grenier,,18,14.2,39.2,,block,right-foot,set-piece,sofascore
8738661,229722,Farid Boulaya,,14,22.6,72.8,,save,right-foot,assisted,sofascore
8738661,846445,Martin Terrier,,13,15.5,63.1,,miss,right-foot,regular,sofascore
8738661,324399,Benjamin Bourigeaud,,10,26.6,53.0,,miss,right-foot,assisted,sofascore
8738662,802142,Jonathan Ikoné,,90,19.8,54.4,,save,left-foot,assisted,sofascore
8738662,18864,Burak Yılmaz,,78,27.8,56.0,,post,right-foot,free-kick,sofascore
8738662,831400,Mathias Pereira Lage,,64,27.4,39.7,,save,right-foot,assisted,sofascore
8738662,209768,Pierrick Capelle,,57,10.8,38.0,,miss,left-foot,assisted,sofascore
8738662,892735,Tiago Djaló,,48,23.1,73.2,,miss,right-foot,regular,sofascore
8738662,27622,José Fonte,,45,9.1,54.2,,block,left-foot,corner,sofascore
8738662,18864,Burak Yılmaz,,42,10.1,64.2,,goal,right-foot,assisted,sofascore
8738662,858705,Xeka,,40,11.8,53.4,,miss,head,corner,sofascore
8738662,831424,Reinildo Mandava,,27,23.8,29.7,,block,left-foot,regular,sofascore
8738662,831400,Mathias Pereira Lage,,21,24.9,31.0,,miss,right-foot,regular,sofascore
8738662,73979,Romain Thomas,,10,8.5,53.2,,goal,head,corner,sofascore
8738662,73979,Romain Thomas,,5,19.4,38.6,,goal,left-foot,corner,sofascore
8738662,804621,Lassana Coulibaly,,5,5.4,53.4,,miss,right-foot,corner,sofascore
8738662,831400,Mathias Pereira Lage,,4,24.9,37.1,,block,right-foot,assisted,sofascore
8738663,138573,Pablo Sarabia,,90,9.6,63.9,,miss,left-foot,assisted,sofascore
8738663,281277,Thilo Kehrer,,76,4.1,35.2,,miss,left-foot,corner,sofascore
8738663,30027,Ángel Di María,,76,15.9,46.2,,save,left-foot,assisted,sofascore
8738663,835601,Moise Kean,,71,9.7,53.4,,miss,left-foot,assisted,sofascore
8738663,760618,Denis Bouanga,,70,6.1,44.7,,post,head,corner,sofascore
8738663,82474,Ander Herrera,,68,12.4,56.3,,miss,head,corner,sofascore
8738663,862194,Zaydou Youssouf,,65,29.0,45.2,,block,left-foot,regular,sofascore
8738663,760618,Denis Bouanga,,65,3.0,39.2,,save,right-foot,assisted,sofascore
8738663,848458,Arnaud Nordin,,64,5.1,52.0,,miss,other,assisted,sofascore
8738663,826643,Kylian Mbappé,,57,5.7,68.8,,miss,right-foot,assisted,sofascore
8738663,848458,Arnaud Nordin,,49,3.5,34.0,,save,left-foot,assisted,sofascore
8738663,16635,Kévin Monnet-Paquet,,49,19.5,35.2,,miss,left-foot,corner,sofascore
8738663,41605,Timothée Kolodziejczak,,44,5.8,33.4,,miss,left-foot,corner,sofascore
8738663,3579,Mathieu Debuchy,,43,16.0,55.0,,save,right-foot,corner,sofascore
8738663,30027,Ángel Di María,,35,12.6,52.8,,miss,left-foot,assisted,sofascore
8738663,30027,Ángel Di María,,33,19.6,51.5,,block,left-foot,regular,sofascore
8738663,835601,Moise Kean,,22,8.1,50.2,,goal,right-foot,assisted,sofascore
8738663,74139,Romain Hamouma,,19,12.7,46.6,,goal,left-foot,assisted,sofascore
8738663,155995,Marquinhos,,12,8.4,49.3,,save,head,corner,sofascore
8738663,835601,Moise Kean,,10,12.5,62.3,,save,right-foot,assisted,sofascore
8738663,795128,Harold Moukoudi,,9,7.6,49.0,,save,head,corner,sofascore
8738663,3579,Mathieu Debuchy,,3,11.0,54.8,,miss,head,regular,sofascore
8738664,318963,Aleksandr Golovin,,90,22.2,43.7,,save,right-foot,corner,sofascore
8738664,37126,Stevan Jovetić,,90,21.2,43.1,,block,right-foot,regular,sofascore
8738664,339909,Guillermo Maripán,,89,3.5,48.6,,goal,right-foot,corner,sofascore
8738664,859025,Aurélien Tchouaméni,,88,17.5,55.0,,block,right-foot,corner,sofascore
8738664,945062,Youssouf Fofana,,88,29.1,59.4,,block,right-foot,corner,sofascore
8738664,339909,Guillermo Maripán,,84,13.8,42.5,,save,head,set-piece,sofascore
8738664,944164,Sofiane Diop,,78,7.3,47.6,,goal,right-foot,assisted,sofascore
8738664,37126,Stevan Jovetić,,75,11.1,40.9,,save,left-foot,assisted,sofascore
8738664,117373,Kevin Volland,,68,12.2,40.0,,goal,head,assisted,sofascore
8738664,827934,Andreaw Gravillon,,67,2.0,44.3,,goal,left-foot,set-piece,sofascore
8738664,932643,Armand Laurienté,,67,28.3,41.1,,save,right-foot,free-kick,sofascore
8738664,318963,Aleksandr Golovin,,64,19.1,26.0,,goal,right-foot,corner,sofascore
8738664,932643,Armand Laurienté,,56,21.9,42.9,,miss,right-foot,assisted,sofascore
8738664,119192,Wissam Ben Yedder,,49,20.7,34.9,,block,right-foot,free-kick,sofascore
8738664,827386,Quentin Boisgard,,40,11.7,30.1,,miss,right-foot,assisted,sofascore
8738664,122807,Jonathan Delaplace,,40,29.7,42.7,,miss,right-foot,corner,sofascore
8738664,827386,Quentin Boisgard,,39,23.9,29.3,,block,right-foot,assisted,sofascore
8738664,894396,Terem Moffi,,31,9.9,40.9,,goal,right-foot,regular,sofascore
8738664,894396,Terem Moffi,,28,21.9,59.0,,miss,right-foot,regular,sofascore
8738664,904827,Benoît Badiashile,,26,10.7,48.7,,miss,head,set-piece,sofascore
8738664,904827,Benoît Badiashile,,25,14.0,60.0,,block,left-foot,regular,sofascore
8738664,119192,Wissam Ben Yedder,,25,12.7,34.5,,save,right-foot,assisted,sofascore
8738664,894396,Terem Moffi,,23,22.7,58.2,,block,left-foot,assisted,sofascore
8738664,150865,Thomas Monconduit,,21,24.8,37.5,,save,left-foot,regular,sofascore
8738664,827243,Axel Disasi,,9,0.1,47.8,,goal,right-foot,corner,sofascore
8738664,932643,Armand Laurienté,,5,20.8,61.2,,save,right-foot,free-kick,sofascore
8738665,148824,Florian Thauvin,,90,15.8,56.1,,block,left-foot,fast-break,sofascore
8738665,123229,Jordan Ferri,,87,25.4,65.3,,save,left-foot,assisted,sofascore
8738665,140992,Valère Germain,,84,8.7,45.5,,goal,right-foot,assisted,sofascore
8738665,14216,Dimitri Payet,,80,15.5,46.4,,goal,right-foot,assisted,sofascore
8738665,148824,Florian Thauvin,,78,11.1,59.2,,save,left-foot,assisted,sofascore
8738665,363774,Mihailo Ristić,,75,9.7,27.7,,miss,left-foot,regular,sofascore
8738665,84744,Andy Delort,,75,4.6,27.9,,save,left-foot,assisted,sofascore
8738665,122630,Darío Benedetto,,68,3.1,65.1,,miss,right-foot,assisted,sofascore
8738665,150212,Álvaro González,,65,10.7,43.3,,miss,head,set-piece,sofascore
8738665,363774,Mihailo Ristić,,61,24.7,45.1,,save,left-foot,assisted,sofascore
8738665,234230,Florent Mollet,,58,6.5,51.1,,miss,left-foot,assisted,sofascore
8738665,234230,Florent Mollet,,52,13.5,70.3,,goal,right-foot,assisted,sofascore
8738665,149730,Gaëtan Laborde,,49,14.5,28.7,,miss,left-foot,assisted,sofascore
8738665,84744,Andy Delort,,44,8.7,48.0,,miss,head,assisted,sofascore
8738665,802665,Nemanja Radonjić,,41,5.4,48.7,,goal,head,assisted,sofascore
8738665,84744,Andy Delort,,39,13.0,36.7,,miss,right-foot,fast-break,sofascore
8738665,826204,Boubacar Kamara,,36,22.9,56.1,,save,right-foot,assisted,sofascore
8738665,122630,Darío Benedetto,,34,43.3,63.1,,miss,right-foot,fast-break,sofascore
8738665,802665,Nemanja Radonjić,,33,14.5,31.8,,save,right-foot,assisted,sofascore
8738665,148824,Florian Thauvin,,32,24.5,56.1,,save,left-foot,fast-break,sofascore
8738665,149730,Gaëtan Laborde,,29,19.5,65.3,,block,left-foot,assisted,sofascore
8738665,122630,Darío Benedetto,,26,5.1,53.6,,miss,head,assisted,sofascore
8738665,802665,Nemanja Radonjić,,24,14.2,43.3,,block,right-foot,assisted,sofascore
8738665,122630,Darío Benedetto,,23,4.4,57.0,,post,right-foot,assisted,sofascore
8738665,976396,Joris Chotard,,22,25.4,35.7,,miss,right-foot,assisted,sofascore
8738665,84744,Andy Delort,,19,19.5,76.9,,miss,right-foot,assisted,sofascore
8738665,148824,Florian Thauvin,,16,21.6,63.7,,block,left-foot,assisted,sofascore
8738665,48335,Hiroki Sakai,,14,10.7,67.6,,block,right-foot,assisted,sofascore
8738665,148824,Florian Thauvin,,11,25.1,33.8,,miss,left-foot,assisted,sofascore
8738665,826208,Michaël Cuisance,,10,30.2,59.3,,miss,left-foot,regular,sofascore
8738665,84744,Andy Delort,,6,10.0,54.4,,save,head,assisted,sofascore
8738666,822877,Alexis Claude-Maurice,,88,21.8,50.7,,miss,right-foot,assisted,sofascore
8738666,913942,Romain Faivre,,87,25.8,66.1,,miss,left-foot,assisted,sofascore
8738666,944327,Dan Ndoye,,83,15.4,46.4,,save,left-foot,assisted,sofascore
8738666,913942,Romain Faivre,,82,20.8,69.9,,save,left-foot,regular,sofascore
8738666,328035,Brendan Chardonnet,,78,5.6,60.3,,miss,head,corner,sofascore
8738666,859026,Amine Gouiri,,76,16.1,60.4,,save,right-foot,assisted,sofascore
8738666,822877,Alexis Claude-Maurice,,71,13.1,67.8,,miss,right-foot,assisted,sofascore
8738666,913942,Romain Faivre,,68,16.1,59.2,,miss,left-foot,fast-break,sofascore
8738666,822877,Alexis Claude-Maurice,,68,17.2,41.7,,block,left-foot,assisted,sofascore
8738666,859026,Amine Gouiri,,67,13.4,42.1,,save,head,assisted,sofascore
8738666,859026,Amine Gouiri,,66,7.3,44.7,,miss,head,assisted,sofascore
8738666,27009,Morgan Schneiderlin,,51,10.3,38.4,,save,right-foot,set-piece,sofascore
8738666,796279,Jordan Lotomba,,44,15.0,33.8,,miss,left-foot,assisted,sofascore
8738666,859026,Amine Gouiri,,36,10.7,41.0,,save,right-foot,regular,sofascore
8738666,280453,Franck Honorat,,28,7.4,70.9,,goal,right-foot,regular,sofascore
8738666,859026,Amine Gouiri,,27,9.5,42.5,,save,left-foot,assisted,sofascore
8738666,345035,Steve Mounié,,23,9.8,46.9,,goal,left-foot,regular,sofascore
8738666,913942,Romain Faivre,,23,16.1,62.4,,save,left-foot,assisted,sofascore
8738666,605552,Irvin Cardona,,20,11.7,34.0,,save,right-foot,assisted,sofascore
8738666,27009,Morgan Schneiderlin,,19,22.9,63.0,,miss,right-foot,regular,sofascore
8738666,328035,Brendan Chardonnet,,14,16.0,47.8,,block,right-foot,corner,sofascore
8738666,913942,Romain Faivre,,14,24.1,57.9,,save,left-foot,assisted,sofascore
8738667,74045,Nicolas de Préville,,90,13.1,67.0,,save,right-foot,assisted,sofascore
8738667,802034,Fabien Centonze,,90,10.4,50.1,,block,right-foot,assisted,sofascore
8738667,153218,Thomas Delaine,,76,15.2,35.7,,save,right-foot,assisted,sofascore
8738667,833030,Samuel Kalu,,73,19.9,26.6,,block,right-foot,assisted,sofascore
8738667,51340,Laurent Koscielny,,66,2.6,53.6,,save,right-foot,set-piece,sofascore
8738667,51340,Laurent Koscielny,,66,8.4,51.3,,block,other,set-piece,sofascore
8738667,798002,Toma Bašić,,62,14.1,28.7,,block,left-foot,assisted,sofascore
8738667,842709,Rémi Oudin,,54,12.2,65.8,,save,left-foot,corner,sofascore
8738667,802034,Fabien Centonze,,47,17.2,66.0,,block,left-foot,assisted,sofascore
8738667,798002,Toma Bašić,,40,28.5,31.6,,block,left-foot,free-kick,sofascore
8738667,111803,Youssouf Sabaly,,37,21.9,64.7,,miss,right-foot,regular,sofascore
8738667,802034,Fabien Centonze,,36,24.4,61.2,,block,left-foot,assisted,sofascore
8738667,848537,Boubakar Kouyaté,,35,2.6,61.2,,miss,head,set-piece,sofascore
8738667,243735,Pablo,,30,9.7,51.5,,miss,head,set-piece,sofascore
8738667,862821,Youssef Maziz,,28,23.4,53.4,,miss,right-foot,assisted,sofascore
8738667,1046147,Lamine Gueye,,28,12.4,69.0,,block,left-foot,assisted,sofascore
8738667,1046147,Lamine Gueye,,19,7.5,49.1,,save,right-foot,assisted,sofascore
8738667,859024,Yacine Adli,,15,17.9,30.5,,miss,left-foot,assisted,sofascore
8738667,842709,Rémi Oudin,,13,25.8,71.9,,miss,left-foot,assisted,sofascore
8738667,859024,Yacine Adli,,6,9.5,69.5,,block,right-foot,assisted,sofascore
8738667,352966,Aaron Leya Iseka,,2,8.4,55.9,,save,head,corner,sofascore
8738668,149730,Gaëtan Laborde,,90,9.4,60.5,,save,head,set-piece,sofascore
8738668,149730,Gaëtan Laborde,,89,20.9,69.7,,block,left-foot,assisted,sofascore
8738668,18864,Burak Yılmaz,,86,10.1,46.4,,goal,right-foot,assisted,sofascore
8738668,910046,Sven Botman,,86,12.4,47.4,,save,left-foot,corner,sofascore
8738668,149730,Gaëtan Laborde,,79,12.4,59.6,,save,left-foot,set-piece,sofascore
8738668,603738,Junior Sambia,,75,26.0,64.6,,miss,left-foot,assisted,sofascore
8738668,234230,Florent Mollet,,74,7.9,28.6,,save,left-foot,assisted,sofascore
8738668,84744,Andy Delort,,70,13.8,45.6,,goal,right-foot,assisted,sofascore
8738668,802142,Jonathan Ikoné,,68,11.5,50.0,,goal,left-foot,penalty,sofascore
8738668,84744,Andy Delort,,65,17.7,55.9,,block,right-foot,assisted,sofascore
8738668,887581,Boubakary Soumaré,,64,26.8,53.9,,miss,left-foot,assisted,sofascore
8738668,84744,Andy Delort,,59,30.4,50.3,,miss,right-foot,assisted,sofascore
8738668,149730,Gaëtan Laborde,,57,4.3,49.6,,goal,head,corner,sofascore
8738668,5585,Daniel Congré,,57,3.3,60.8,,block,right-foot,corner,sofascore
8738668,234230,Florent Mollet,,53,13.8,49.7,,block,left-foot,regular,sofascore
8738668,595576,Jonathan Bamba,,42,24.9,59.7,,miss,right-foot,assisted,sofascore
8738668,802142,Jonathan Ikoné,,41,27.5,46.4,,save,left-foot,assisted,sofascore
8738668,27622,José Fonte,,38,15.0,49.6,,save,head,corner,sofascore
8738668,858705,Xeka,,37,28.6,32.2,,save,right-foot,regular,sofascore
8738668,234230,Florent Mollet,,34,7.2,50.0,,miss,head,assisted,sofascore
8738668,3420,Vitorino Hilton,,32,10.3,55.1,,save,head,corner,sofascore
8738668,358306,Il-Lok Yun,,31,26.7,50.0,,block,right-foot,regular,sofascore
8738668,855810,Tim Weah,,23,14.7,45.5,,goal,right-foot,assisted,sofascore
8738668,3420,Vitorino Hilton,,18,2.6,59.6,,miss,head,corner,sofascore
8738668,234230,Florent Mollet,,13,24.9,67.5,,miss,right-foot,assisted,sofascore
8738668,363774,Mihailo Ristić,,12,20.8,33.0,,block,left-foot,regular,sofascore
8738669,806076,Ludovic Blas,,90,3.7,34.2,,save,left-foot,assisted,sofascore
8738669,891793,Kévin Zohi,,83,13.2,49.4,,goal,right-foot,assisted,sofascore
8738669,343971,Ludovic Ajorque,,78,11.5,50.0,,goal,left-foot,penalty,sofascore
8738669,40677,Fábio,,73,10.8,30.9,,miss,right-foot,regular,sofascore
8738669,330051,Moses Simon,,71,20.3,26.7,,miss,right-foot,throw-in-set-piece,sofascore
8738669,806076,Ludovic Blas,,67,5.0,31.2,,miss,left-foot,regular,sofascore
8738669,806076,Ludovic Blas,,67,8.8,33.0,,miss,left-foot,assisted,sofascore
8738669,343971,Ludovic Ajorque,,67,14.8,36.7,,save,left-foot,assisted,sofascore
8738669,871706,Randal Kolo Muani,,66,12.4,48.9,,save,head,corner,sofascore
8738669,231946,Adrien Thomasson,,63,7.6,57.0,,miss,left-foot,assisted,sofascore
8738669,149732,Abdoulaye Touré,,59,27.8,59.0,,block,right-foot,assisted,sofascore
8738669,231946,Adrien Thomasson,,58,7.0,46.6,,miss,left-foot,regular,sofascore
8738669,343971,Ludovic Ajorque,,58,11.4,29.7,,save,left-foot,assisted,sofascore
8738669,47549,Sébastien Corchia,,52,26.1,52.2,,block,right-foot,free-kick,sofascore
8738669,914660,Mehdi Chahiri,,50,27.2,66.0,,miss,right-foot,regular,sofascore
8738669,330051,Moses Simon,,45,6.4,31.5,,block,left-foot,assisted,sofascore
8738669,802159,Habibou Diallo,,34,2.7,43.9,,goal,left-foot,corner,sofascore
8738669,802159,Habibou Diallo,,34,5.4,47.8,,save,head,corner,sofascore
8738669,149732,Abdoulaye Touré,,33,14.1,47.2,,miss,head,set-piece,sofascore
8738669,73056,Mehdi Abeid,,25,18.9,49.8,,block,right-foot,assisted,sofascore
8738669,149732,Abdoulaye Touré,,23,19.5,49.0,,block,right-foot,corner,sofascore
8738669,794836,Andrei Girotto,,21,7.0,61.1,,miss,right-foot,corner,sofascore
8738669,365358,Dimitri Liénard,,16,11.5,50.0,,goal,left-foot,penalty,sofascore
8738669,802159,Habibou Diallo,,12,22.4,68.8,,miss,left-foot,assisted,sofascore
8738669,365358,Dimitri Liénard,,10,27.4,64.5,,save,left-foot,free-kick,sofascore
8738669,806076,Ludovic Blas,,3,14.5,44.5,,block,right-foot,corner,sofascore
8738670,877978,Andy Pelmard,,90,9.8,37.9,,save,other,set-piece,sofascore
8738670,282095,Adrian Grbić,,84,11.1,67.0,,miss,right-foot,fast-break,sofascore
8738670,282095,Adrian Grbić,,82,11.5,50.0,,goal,right-foot,penalty,sofascore
8738670,827386,Quentin Boisgard,,77,24.2,62.3,,miss,right-foot,assisted,sofascore
8738670,805123,Yoane Wissa,,77,15.2,32.5,,miss,right-foot,assisted,sofascore
8738670,150865,Thomas Monconduit,,75,10.0,54.8,,block,right-foot,regular,sofascore
8738670,932643,Armand Laurienté,,73,15.1,54.8,,post,right-foot,set-piece,sofascore
8738670,282095,Adrian Grbić,,69,18.1,42.4,,save,right-foot,regular,sofascore
8738670,932643,Armand Laurienté,,65,22.3,34.6,,miss,left-foot,assisted,sofascore
8738670,827386,Quentin Boisgard,,63,13.9,70.3,,miss,right-foot,assisted,sofascore
8738670,827386,Quentin Boisgard,,61,4.8,43.8,,save,right-foot,assisted,sofascore
8738670,894396,Terem Moffi,,49,17.6,56.1,,goal,left-foot,assisted,sofascore
8738670,805123,Yoane Wissa,,47,18.1,44.3,,block,right-foot,regular,sofascore
8738670,827386,Quentin Boisgard,,37,11.1,75.8,,miss,right-foot,corner,sofascore
8738670,150865,Thomas Monconduit,,36,25.1,38.9,,block,left-foot,assisted,sofascore
8738670,794269,Jeff Reine-Adélaïde,,34,6.1,45.8,,goal,right-foot,assisted,sofascore
8738670,894396,Terem Moffi,,29,4.8,54.6,,miss,head,corner,sofascore
8738670,827386,Quentin Boisgard,,28,18.2,33.4,,save,right-foot,assisted,sofascore
8738670,796279,Jordan Lotomba,,18,19.1,37.1,,goal,right-foot,assisted,sofascore
8738670,894396,Terem Moffi,,14,20.9,57.1,,save,left-foot,assisted,sofascore
8738670,150865,Thomas Monconduit,,13,24.5,44.8,,block,left-foot,assisted,sofascore
8738670,894396,Terem Moffi,,13,11.8,48.6,,block,left-foot,assisted,sofascore
8738670,296434,Laurent Abergel,,13,28.2,27.2,,block,right-foot,assisted,sofascore
8738670,932643,Armand Laurienté,,10,28.4,42.8,,miss,right-foot,free-kick,sofascore
8738670,26890,Fabien Lemoine,,4,3.8,64.1,,miss,head,corner,sofascore
8738670,150865,Thomas Monconduit,,4,23.0,63.7,,block,right-foot,regular,sofascore
8738670,26890,Fabien Lemoine,,2,32.4,43.3,,miss,right-foot,regular,sofascore
8738671,148824,Florian Thauvin,,90,9.7,68.8,,miss,right-foot,assisted,sofascore
8738671,140992,Valère Germain,,84,2.7,49.4,,goal,right-foot,assisted,sofascore
8738671,250133,Morgan Sanson,,82,14.7,47.0,,miss,right-foot,assisted,sofascore
8738671,148824,Florian Thauvin,,80,4.4,58.5,,block,left-foot,assisted,sofascore
8738671,842400,Zinedine Ferhat,,70,24.1,22.8,,miss,right-foot,assisted,sofascore
8738671,846439,Patrick Burner,,66,27.4,52.7,,miss,right-foot,set-piece,sofascore
8738671,796085,Moussa Koné,,63,5.7,51.8,,miss,left-foot,set-piece,sofascore
8738671,122630,Darío Benedetto,,57,9.5,63.3,,goal,right-foot,assisted,sofascore
8738671,122630,Darío Benedetto,,49,9.5,48.7,,save,head,assisted,sofascore
8738671,247445,Renaud Ripart,,48,9.2,66.1,,miss,right-foot,assisted,sofascore
8738671,150212,Álvaro González,,45,9.5,47.4,,block,head,set-piece,sofascore
8738671,826204,Boubacar Kamara,,37,23.7,61.5,,miss,right-foot,assisted,sofascore
8738671,14216,Dimitri Payet,,36,11.5,29.6,,block,right-foot,assisted,sofascore
8738671,122630,Darío Benedetto,,32,32.9,43.8,,miss,right-foot,assisted,sofascore
8738671,826208,Michaël Cuisance,,27,9.5,60.8,,miss,left-foot,assisted,sofascore
8738671,826204,Boubacar Kamara,,26,9.8,49.8,,miss,head,corner,sofascore
8738671,250133,Morgan Sanson,,18,14.2,39.4,,block,right-foot,assisted,sofascore
8738671,316196,Niclas Eliasson,,17,24.9,40.8,,post,left-foot,free-kick,sofascore
8738671,257091,Duje Ćaleta-Car,,14,8.7,39.4,,miss,head,corner,sofascore
8738671,342915,Jordan Amavi,,13,3.2,68.2,,block,right-foot,corner,sofascore
8738671,581314,Valentin Rongier,,13,30.4,50.0,,block,right-foot,corner,sofascore
8738671,14216,Dimitri Payet,,12,8.1,32.8,,save,left-foot,assisted,sofascore
8738671,247445,Renaud Ripart,,10,13.4,33.7,,block,left-foot,assisted,sofascore
8738671,247445,Renaud Ripart,,2,8.0,60.0,,miss,head,set-piece,sofascore
8738672,157143,Moussa Konaté,,90,14.6,45.8,,goal,left-foot,assisted,sofascore
8738672,557166,Mama Baldé,,90,10.3,32.5,,post,right-foot,fast-break,sofascore
8738672,904994,Eric Ebimbe,,87,10.0,55.5,,miss,head,corner,sofascore
8738672,897623,Alex Dobre,,87,10.1,66.6,,block,right-foot,fast-break,sofascore
8738672,557166,Mama Baldé,,77,8.8,57.8,,goal,right-foot,regular,sofascore
8738672,157143,Moussa Konaté,,77,5.3,56.7,,block,left-foot,assisted,sofascore
8738672,157143,Moussa Konaté,,75,4.6,42.5,,goal,head,assisted,sofascore
8738672,974418,Karim Aribi,,56,13.7,58.4,,miss,right-foot,corner,sofascore
8738672,247445,Renaud Ripart,,56,9.3,37.3,,block,left-foot,regular,sofascore
8738672,557166,Mama Baldé,,48,14.4,46.9,,block,left-foot,assisted,sofascore
8738672,881952,Matteo Ahlinvi,,46,23.8,66.5,,miss,left-foot,assisted,sofascore
8738672,31993,Bruno Ecuele Manga,,38,9.1,61.0,,miss,right-foot,corner,sofascore
8738672,881952,Matteo Ahlinvi,,31,6.4,53.0,,goal,right-foot,assisted,sofascore
8738672,281013,Bersant Celina,,30,12.5,37.3,,miss,right-foot,assisted,sofascore
8738672,974418,Karim Aribi,,27,19.7,69.2,,miss,left-foot,assisted,sofascore
8738672,980418,Sacha Boey,,26,24.5,59.8,,block,left-foot,set-piece,sofascore
8738672,557166,Mama Baldé,,24,12.2,37.7,,block,left-foot,assisted,sofascore
8738672,247445,Renaud Ripart,,13,11.3,60.0,,miss,right-foot,set-piece,sofascore
8738672,907003,Kelyan Guessoum,,10,6.9,58.4,,block,head,corner,sofascore
8738672,281013,Bersant Celina,,8,19.1,46.4,,miss,right-foot,regular,sofascore
8738672,557166,Mama Baldé,,8,3.8,33.8,,save,left-foot,assisted,sofascore
8738672,247445,Renaud Ripart,,6,19.2,44.3,,block,left-foot,regular,sofascore
8738673,894733,Marshall Munetsi,,90,32.2,49.5,,miss,right-foot,regular,sofascore
8738673,98197,Valon Berisha,,87,23.8,33.8,,miss,right-foot,free-kick,sofascore
8738673,859026,Amine Gouiri,,78,27.9,45.8,,save,right-foot,assisted,sofascore
8738673,351434,Hassane Kamara,,70,27.1,41.7,,block,left-foot,assisted,sofascore
8738673,361696,Wout Faes,,65,11.0,53.3,,block,right-foot,corner,sofascore
8738673,579596,Moussa Doumbia,,65,10.7,65.3,,block,right-foot,corner,sofascore
8738673,985923,Hicham Boudaoui,,61,24.5,57.9,,miss,left-foot,regular,sofascore
8738673,859026,Amine Gouiri,,58,13.4,37.1,,save,right-foot,assisted,sofascore
8738673,190147,Rony Lopes,,53,12.1,63.5,,save,right-foot,assisted,sofascore
8738673,98197,Valon Berisha,,52,12.5,30.1,,block,right-foot,corner,sofascore
8738673,227892,Arbër Zeneli,,51,13.0,34.5,,save,right-foot,assisted,sofascore
8738673,796279,Jordan Lotomba,,51,9.4,71.9,,block,right-foot,assisted,sofascore
8738673,816810,Mathieu Cafaro,,49,14.4,60.6,,block,right-foot,regular,sofascore
8738673,901885,Flavius Daniliuc,,48,12.0,55.7,,save,left-foot,corner,sofascore
8738673,859026,Amine Gouiri,,47,5.9,69.6,,block,right-foot,regular,sofascore
8738673,579596,Moussa Doumbia,,40,26.1,68.7,,miss,right-foot,assisted,sofascore
8738673,816810,Mathieu Cafaro,,35,24.4,71.4,,save,right-foot,assisted,sofascore
8738673,904991,Stanley Nsoki,,35,9.5,55.2,,miss,head,corner,sofascore
8738673,98197,Valon Berisha,,30,15.7,71.5,,miss,right-foot,assisted,sofascore
8738673,351434,Hassane Kamara,,14,21.9,28.9,,block,left-foot,corner,sofascore
8738673,859026,Amine Gouiri,,13,27.9,49.3,,block,right-foot,regular,sofascore
8738673,794269,Jeff Reine-Adélaïde,,10,9.4,33.7,,block,right-foot,assisted,sofascore
8738673,960080,Boulaye Dia,,10,9.4,72.3,,miss,right-foot,assisted,sofascore
8738674,229722,Farid Boulaya,,89,31.0,59.4,,block,right-foot,free-kick,sofascore
8738674,842931,Karl Toko Ekambi,,80,22.3,29.2,,post,right-foot,assisted,sofascore
8738674,845271,Dylan Bronn,,79,28.2,59.2,,miss,right-foot,assisted,sofascore
8738674,802034,Fabien Centonze,,78,25.7,72.0,,save,right-foot,corner,sofascore
8738674,848537,Boubakar Kouyaté,,78,10.8,53.4,,save,head,corner,sofascore
8738674,229722,Farid Boulaya,,75,11.1,56.7,,goal,right-foot,assisted,sofascore
8738674,359246,Habib Maïga,,74,18.2,55.1,,save,right-foot,assisted,sofascore
8738674,138833,Memphis Depay,,71,7.7,31.2,,miss,right-foot,assisted,sofascore
8738674,359246,Habib Maïga,,68,31.5,54.6,,miss,right-foot,assisted,sofascore
8738674,352966,Aaron Leya Iseka,,67,7.1,50.9,,miss,head,set-piece,sofascore
8738674,839981,Lucas Paquetá,,62,17.2,46.2,,miss,left-foot,regular,sofascore
8738674,842931,Karl Toko Ekambi,,60,11.8,41.9,,goal,right-foot,fast-break,sofascore
8738674,250453,Opa Nguette,,59,7.0,49.5,,block,head,assisted,sofascore
8738674,250453,Opa Nguette,,53,14.4,33.4,,block,right-foot,fast-break,sofascore
8738674,842931,Karl Toko Ekambi,,47,8.5,32.0,,goal,left-foot,assisted,sofascore
8738674,36704,Marcelo,,43,7.0,48.7,,block,head,corner,sofascore
8738674,842931,Karl Toko Ekambi,,42,9.5,35.9,,block,left-foot,assisted,sofascore
8738674,36704,Marcelo,,40,8.4,54.8,,miss,head,corner,sofascore
8738674,810535,Tino Kadewere,,40,6.5,57.0,,block,right-foot,assisted,sofascore
8738674,138833,Memphis Depay,,38,13.8,62.5,,save,right-foot,fast-break,sofascore
8738674,846081,Houssem Aouar,,37,9.1,38.6,,save,right-foot,assisted,sofascore
8738674,356024,Thierry Ambrose,,37,17.8,47.0,,miss,right-foot,assisted,sofascore
8738674,138833,Memphis Depay,,33,10.0,67.8,,miss,right-foot,assisted,sofascore
8738674,846081,Houssem Aouar,,21,9.5,34.2,,miss,right-foot,set-piece,sofascore
8738674,138833,Memphis Depay,,17,18.2,52.8,,goal,right-foot,assisted,sofascore
8738674,229722,Farid Boulaya,,7,11.5,50.0,,save,right-foot,penalty,sofascore
8738674,846081,Houssem Aouar,,5,17.7,66.4,,miss,left-foot,assisted,sofascore
8738674,810535,Tino Kadewere,,4,9.7,61.4,,block,right-foot,assisted,sofascore
8738674,842931,Karl Toko Ekambi,,2,15.4,34.7,,block,right-foot,assisted,sofascore
8738674,138833,Memphis Depay,,1,14.7,51.1,,miss,left-foot,assisted,sofascore
8738675,826643,Kylian Mbappé,,90,16.6,38.7,,miss,right-foot,assisted,sofascore
8738675,280439,Maxwel Cornet,,90,26.4,36.0,,block,left-foot,corner,sofascore
8738675,866469,Bruno Guimarães,,90,8.0,69.2,,save,right-foot,assisted,sofascore
8738675,96367,Rafinha Alcântara,,87,11.9,31.1,,block,left-foot,assisted,sofascore
8738675,99545,Danilo Pereira,,83,10.1,50.4,,miss,head,set-piece,sofascore
8738675,152420,Alessandro Florenzi,,75,26.7,62.1,,block,right-foot,corner,sofascore
8738675,839981,Lucas Paquetá,,67,19.5,58.1,,save,right-foot,assisted,sofascore
8738675,30027,Ángel Di María,,62,13.7,62.6,,block,right-foot,assisted,sofascore
8738675,329303,Thiago Mendes,,50,25.2,32.7,,save,right-foot,assisted,sofascore
8738675,152420,Alessandro Florenzi,,43,11.2,64.9,,save,right-foot,assisted,sofascore
8738675,810535,Tino Kadewere,,35,16.1,52.4,,goal,right-foot,assisted,sofascore
8738675,810535,Tino Kadewere,,35,21.6,64.0,,miss,right-foot,assisted,sofascore
8738675,36704,Marcelo,,15,8.0,41.9,,block,head,corner,sofascore
8738675,846081,Houssem Aouar,,10,8.7,58.8,,save,right-foot,assisted,sofascore
8738675,839981,Lucas Paquetá,,10,23.1,50.0,,block,left-foot,assisted,sofascore
8738675,152420,Alessandro Florenzi,,7,7.4,68.2,,miss,right-foot,assisted,sofascore
8738676,593546,Tony Mauricio,,90,35.7,35.8,,miss,left-foot,fast-break,sofascore
8738676,890329,Ignatius Kpene Ganago,,90,19.5,62.0,,save,right-foot,set-piece,sofascore
8738676,593546,Tony Mauricio,,88,29.7,68.3,,miss,left-foot,regular,sofascore
8738676,890329,Ignatius Kpene Ganago,,78,10.8,54.2,,goal,right-foot,fast-break,sofascore
8738676,801287,Faitout Maouassa,,77,10.2,84.5,,save,left-foot,free-kick,sofascore
8738676,139228,M'Baye Niang,,73,7.8,65.2,,block,right-foot,assisted,sofascore
8738676,139228,M'Baye Niang,,60,10.9,45.5,,miss,head,assisted,sofascore
8738676,954061,Arnaud Kalimuendo,,57,11.4,65.3,,save,right-foot,assisted,sofascore
8738676,312388,Flavien Tait,,33,14.3,30.4,,save,right-foot,regular,sofascore
8738676,362014,Hamari Traoré,,32,26.4,69.7,,miss,right-foot,assisted,sofascore
8738676,312388,Flavien Tait,,31,10.0,50.0,,block,right-foot,assisted,sofascore
8738676,954061,Arnaud Kalimuendo,,28,12.5,37.3,,goal,left-foot,assisted,sofascore
8738676,312388,Flavien Tait,,25,10.7,28.9,,save,left-foot,assisted,sofascore
8738676,324399,Benjamin Bourigeaud,,21,29.6,28.8,,miss,right-foot,free-kick,sofascore
8738676,825681,Romain Del Castillo,,15,12.4,64.3,,save,left-foot,regular,sofascore
8738676,999028,Adrien Truffert,,12,27.3,31.8,,miss,right-foot,corner,sofascore
8738677,84744,Andy Delort,,90,29.1,42.1,,save,right-foot,free-kick,sofascore
8738677,1047364,Ismaël Boura,,90,9.7,43.7,,block,left-foot,assisted,sofascore
8738677,890329,Ignatius Kpene Ganago,,86,11.7,49.2,,save,left-foot,set-piece,sofascore
8738677,363774,Mihailo Ristić,,85,4.0,32.6,,save,left-foot,assisted,sofascore
8738677,46387,Gaël Kakuta,,80,10.8,60.2,,miss,left-foot,throw-in-set-piece,sofascore
8738677,836678,Clément Michelin,,79,30.9,52.9,,block,right-foot,free-kick,sofascore
8738677,149730,Gaëtan Laborde,,76,12.9,61.5,,block,left-foot,set-piece,sofascore
8738677,605338,Stephy Mavididi,,72,12.6,26.7,,save,right-foot,assisted,sofascore
8738677,149730,Gaëtan Laborde,,69,7.0,48.0,,goal,head,corner,sofascore
8738677,149730,Gaëtan Laborde,,63,9.4,58.1,,save,head,set-piece,sofascore
8738677,84744,Andy Delort,,63,27.9,69.1,,block,right-foot,free-kick,sofascore
8738677,46387,Gaël Kakuta,,55,20.7,20.3,,miss,left-foot,assisted,sofascore
8738677,954061,Arnaud Kalimuendo,,52,7.3,57.5,,miss,right-foot,assisted,sofascore
8738677,46387,Gaël Kakuta,,50,11.5,49.8,,goal,left-foot,penalty,sofascore
8738677,821728,Jonathan Clauss,,45,10.7,76.5,,save,left-foot,assisted,sofascore
8738677,1006489,Loïc Badé,,45,14.5,31.0,,miss,right-foot,assisted,sofascore
8738677,954061,Arnaud Kalimuendo,,40,8.1,52.6,,miss,head,assisted,sofascore
8738677,571622,Jonas Omlin,,36,2.1,47.2,,goal,other,regular,sofascore
8738677,191188,Seko Fofana,,36,21.9,53.2,,post,right-foot,assisted,sofascore
8738677,84744,Andy Delort,,31,8.7,56.3,,miss,head,assisted,sofascore
8738677,44563,Pedro Mendes,,26,6.2,50.6,,goal,right-foot,set-piece,sofascore
8738677,291695,Issiaga Sylla,,21,3.4,37.5,,block,left-foot,corner,sofascore
8738677,605338,Stephy Mavididi,,16,6.8,43.5,,goal,head,assisted,sofascore
8738677,788921,Florian Sotoca,,12,13.5,61.8,,save,right-foot,assisted,sofascore
8738677,46387,Gaël Kakuta,,6,30.3,56.7,,miss,left-foot,free-kick,sofascore
8738678,227892,Arbër Zeneli,,89,16.7,51.5,,save,right-foot,assisted,sofascore
8738678,960080,Boulaye Dia,,85,20.7,62.3,,miss,right-foot,assisted,sofascore
8738678,831781,Ghislain Konan,,83,8.1,34.7,,miss,left-foot,assisted,sofascore
8738678,345035,Steve Mounié,,77,3.7,48.2,,goal,right-foot,regular,sofascore
8738678,913942,Romain Faivre,,76,9.1,57.7,,save,right-foot,assisted,sofascore
8738678,855847,Kaj Sierhuis,,73,2.5,65.6,,save,right-foot,regular,sofascore
8738678,605552,Irvin Cardona,,68,7.7,41.8,,miss,head,assisted,sofascore
8738678,855847,Kaj Sierhuis,,68,12.3,45.5,,miss,head,assisted,sofascore
8738678,227892,Arbër Zeneli,,65,0.5,0.7,,goal,right-foot,corner,sofascore
8738678,98197,Valon Berisha,,63,22.7,50.3,,miss,right-foot,regular,sofascore
8738678,227892,Arbër Zeneli,,63,7.2,43.4,,block,right-foot,regular,sofascore
8738678,345035,Steve Mounié,,61,2.7,57.2,,miss,head,corner,sofascore
8738678,963399,Nathanaël Mbuku,,53,26.9,49.7,,save,left-foot,assisted,sofascore
8738678,605552,Irvin Cardona,,44,12.7,61.4,,miss,right-foot,regular,sofascore
8738678,345035,Steve Mounié,,37,11.5,50.0,,save,right-foot,penalty,sofascore
8738678,280453,Franck Honorat,,30,28.1,32.4,,goal,right-foot,assisted,sofascore
8738678,280453,Franck Honorat,,20,16.0,31.6,,save,left-foot,corner,sofascore
8738678,345035,Steve Mounié,,19,4.5,45.8,,save,head,assisted,sofascore
8738678,982615,El Bilal Touré,,15,8.9,47.4,,miss,head,assisted,sofascore
8738678,605552,Irvin Cardona,,1,12.8,57.3,,miss,left-foot,assisted,sofascore
8738679,839226,Pietro Pellegri,,90,4.7,39.2,,goal,left-foot,assisted,sofascore
8738679,18864,Burak Yılmaz,,89,15.4,53.7,,miss,right-foot,regular,sofascore
8738679,855810,Tim Weah,,89,17.4,67.4,,save,right-foot,assisted,sofascore
8738679,839226,Pietro Pellegri,,73,22.2,49.3,,miss,right-foot,assisted,sofascore
8738679,827804,Yusuf Yazıcı,,65,9.0,50.4,,goal,right-foot,fast-break,sofascore
8738679,904827,Benoît Badiashile,,59,13.2,48.8,,miss,head,set-piece,sofascore
8738679,802142,Jonathan Ikoné,,57,13.3,39.1,,block,left-foot,assisted,sofascore
8738679,935564,Jonathan David,,53,8.5,59.6,,goal,right-foot,assisted,sofascore
8738679,944164,Sofiane Diop,,50,21.5,63.7,,block,right-foot,assisted,sofascore
8738679,18864,Burak Yılmaz,,49,29.9,36.8,,save,right-foot,free-kick,sofascore
8738679,117373,Kevin Volland,,47,12.4,45.4,,miss,right-foot,assisted,sofascore
8738679,595576,Jonathan Bamba,,44,18.9,28.4,,miss,right-foot,assisted,sofascore
8738679,595576,Jonathan Bamba,,42,21.1,28.7,,save,right-foot,assisted,sofascore
8738679,119192,Wissam Ben Yedder,,35,7.8,73.8,,save,right-foot,assisted,sofascore
8738679,935564,Jonathan David,,25,23.2,44.6,,miss,right-foot,assisted,sofascore
8738679,18864,Burak Yılmaz,,24,9.3,68.1,,block,right-foot,assisted,sofascore
8738679,944164,Sofiane Diop,,13,24.5,51.2,,save,left-foot,assisted,sofascore
8738679,904827,Benoît Badiashile,,2,10.1,56.3,,block,head,assisted,sofascore
8738680,944327,Dan Ndoye,,90,18.1,38.2,,miss,right-foot,assisted,sofascore
8738680,330063,Danilo Barbosa,,90,6.3,52.6,,miss,head,corner,sofascore
8738680,859026,Amine Gouiri,,90,11.2,20.4,,save,right-foot,corner,sofascore
8738680,988732,Alexis Trouillet,,86,21.6,59.2,,block,left-foot,assisted,sofascore
8738680,944327,Dan Ndoye,,84,6.1,42.7,,miss,head,set-piece,sofascore
8738680,801306,Pierre Lees Melou,,82,6.1,70.1,,miss,right-foot,assisted,sofascore
8738680,859026,Amine Gouiri,,80,11.5,50.0,,goal,right-foot,penalty,sofascore
8738680,944327,Dan Ndoye,,76,15.8,64.9,,save,right-foot,assisted,sofascore
8738680,190147,Rony Lopes,,75,2.0,60.0,,miss,right-foot,assisted,sofascore
8738680,988732,Alexis Trouillet,,74,17.4,40.0,,miss,right-foot,assisted,sofascore
8738680,190147,Rony Lopes,,72,9.0,62.7,,save,right-foot,assisted,sofascore
8738680,557166,Mama Baldé,,67,12.0,47.8,,goal,right-foot,regular,sofascore
8738680,822877,Alexis Claude-Maurice,,65,17.0,43.5,,miss,right-foot,corner,sofascore
8738680,859026,Amine Gouiri,,65,4.6,47.1,,block,right-foot,corner,sofascore
8738680,801306,Pierre Lees Melou,,65,0.8,43.0,,post,right-foot,corner,sofascore
8738680,190147,Rony Lopes,,65,15.4,74.8,,save,left-foot,corner,sofascore
8738680,859026,Amine Gouiri,,60,7.5,47.2,,miss,head,assisted,sofascore
8738680,281013,Bersant Celina,,58,24.9,50.5,,miss,right-foot,free-kick,sofascore
8738680,904994,Eric Ebimbe,,54,9.5,60.0,,miss,head,assisted,sofascore
8738680,281013,Bersant Celina,,52,12.7,36.1,,miss,right-foot,regular,sofascore
8738680,557166,Mama Baldé,,52,27.8,50.1,,block,right-foot,regular,sofascore
8738680,985923,Hicham Boudaoui,,50,15.3,75.4,,save,right-foot,regular,sofascore
8738680,904991,Stanley Nsoki,,48,7.9,43.7,,miss,head,corner,sofascore
8738680,794269,Jeff Reine-Adélaïde,,44,14.1,52.6,,block,head,set-piece,sofascore
8738680,880525,Ngonda Muzinga,,31,19.7,33.2,,goal,left-foot,regular,sofascore
8738680,557166,Mama Baldé,,21,12.9,46.7,,goal,left-foot,fast-break,sofascore
8738680,904994,Eric Ebimbe,,21,15.5,35.3,,block,right-foot,fast-break,sofascore
8738680,822877,Alexis Claude-Maurice,,20,18.9,66.2,,miss,left-foot,corner,sofascore
8738680,801306,Pierre Lees Melou,,19,20.9,57.5,,block,right-foot,corner,sofascore
8738680,859026,Amine Gouiri,,18,1.3,48.0,,block,right-foot,regular,sofascore
8738680,801306,Pierre Lees Melou,,15,26.1,52.2,,miss,left-foot,set-piece,sofascore
8738680,904994,Eric Ebimbe,,11,14.4,35.3,,save,right-foot,corner,sofascore
8738681,209768,Pierrick Capelle,,90,8.9,54.7,,goal,left-foot,assisted,sofascore
8738681,308130,Jimmy Cabot,,90,39.3,91.9,,miss,right-foot,regular,sofascore
8738681,791048,Julien Laporte,,90,6.4,45.0,,miss,head,corner,sofascore
8738681,932643,Armand Laurienté,,89,27.5,32.3,,block,right-foot,assisted,sofascore
8738681,932643,Armand Laurienté,,87,7.0,12.6,,miss,left-foot,assisted,sofascore
8738681,209768,Pierrick Capelle,,86,13.1,20.2,,miss,left-foot,regular,sofascore
8738681,827386,Quentin Boisgard,,83,26.0,58.3,,miss,right-foot,corner,sofascore
8738681,827934,Andreaw Gravillon,,80,29.3,39.2,,miss,right-foot,assisted,sofascore
8738681,26890,Fabien Lemoine,,71,27.6,36.1,,miss,right-foot,assisted,sofascore
8738681,857471,Pierre-Yves Hamel,,62,5.0,59.3,,save,right-foot,corner,sofascore
8738681,857471,Pierre-Yves Hamel,,62,18.2,32.3,,save,left-foot,regular,sofascore
8738681,831400,Mathias Pereira Lage,,60,13.1,44.7,,block,left-foot,assisted,sofascore
8738681,257205,Sofiane Boufal,,52,15.1,65.7,,save,right-foot,assisted,sofascore
8738681,791048,Julien Laporte,,45,8.6,46.6,,miss,head,corner,sofascore
8738681,296434,Laurent Abergel,,45,28.2,58.1,,block,right-foot,corner,sofascore
8738681,296434,Laurent Abergel,,37,26.5,43.5,,save,right-foot,assisted,sofascore
8738681,787540,Angelo Fulgini,,37,16.6,32.0,,block,right-foot,assisted,sofascore
8738681,153220,Stéphane Bahoken,,32,7.7,39.4,,miss,right-foot,regular,sofascore
8738681,153220,Stéphane Bahoken,,19,9.7,38.2,,miss,left-foot,fast-break,sofascore
8738681,787540,Angelo Fulgini,,10,8.8,59.5,,goal,right-foot,regular,sofascore
8738681,932643,Armand Laurienté,,8,20.9,26.5,,miss,left-foot,fast-break,sofascore
8738681,153220,Stéphane Bahoken,,6,22.0,62.5,,miss,left-foot,regular,sofascore
8738682,859024,Yacine Adli,,87,13.7,33.0,,save,right-foot,assisted,sofascore
8738682,3305,Hatem Ben Arfa,,84,14.9,69.5,,goal,left-foot,assisted,sofascore
8738682,148196,Cristian Battocchio,,79,23.5,22.3,,miss,right-foot,assisted,sofascore
8738682,3305,Hatem Ben Arfa,,76,19.7,68.7,,miss,left-foot,assisted,sofascore
8738682,826293,Ronaël Pierre-Gabriel,,70,13.5,67.8,,save,right-foot,regular,sofascore
8738682,3305,Hatem Ben Arfa,,69,19.8,70.7,,miss,left-foot,assisted,sofascore
8738682,798002,Toma Bašić,,66,18.7,57.1,,miss,left-foot,assisted,sofascore
8738682,74045,Nicolas de Préville,,66,15.2,58.7,,post,right-foot,assisted,sofascore
8738682,791314,Hwang Ui-Jo,,61,19.3,46.3,,block,right-foot,assisted,sofascore
8738682,827519,Romain Perraud,,59,18.8,32.0,,block,right-foot,assisted,sofascore
8738682,791314,Hwang Ui-Jo,,58,6.7,42.9,,miss,left-foot,corner,sofascore
8738682,111803,Youssouf Sabaly,,58,24.6,50.1,,save,left-foot,corner,sofascore
8738682,798002,Toma Bašić,,58,18.7,51.2,,save,left-foot,regular,sofascore
8738682,243735,Pablo,,49,3.8,55.7,,miss,head,corner,sofascore
8738682,791314,Hwang Ui-Jo,,49,9.4,49.3,,save,right-foot,assisted,sofascore
8738682,791314,Hwang Ui-Jo,,48,19.4,33.2,,block,right-foot,assisted,sofascore
8738682,243735,Pablo,,45,8.9,54.6,,miss,head,set-piece,sofascore
8738682,845930,Jean-Kévin Duverne,,41,17.8,48.2,,block,right-foot,corner,sofascore
8738682,67308,Loris Benito,,39,9.3,44.5,,miss,head,set-piece,sofascore
8738682,913942,Romain Faivre,,37,26.4,61.5,,save,left-foot,assisted,sofascore
8738682,852145,Josh Maja,,34,9.5,44.1,,block,head,assisted,sofascore
8738682,791314,Hwang Ui-Jo,,29,19.8,33.4,,miss,right-foot,assisted,sofascore
8738682,16508,Paul Baysse,,24,10.3,50.1,,miss,head,corner,sofascore
8738682,345035,Steve Mounié,,15,23.6,41.0,,miss,right-foot,assisted,sofascore
8738682,852145,Josh Maja,,14,17.2,56.1,,save,left-foot,regular,sofascore
8738682,280453,Franck Honorat,,10,19.5,23.9,,save,right-foot,assisted,sofascore
8738682,72805,Paul Lasne,,10,29.8,37.3,,block,left-foot,regular,sofascore
8738682,925837,Mehdi Zerkane,,4,9.2,51.2,,post,left-foot,regular,sofascore
8738682,852145,Josh Maja,,4,6.5,48.1,,block,left-foot,assisted,sofascore
8738683,862194,Zaydou Youssouf,,81,23.4,75.7,,save,left-foot,assisted,sofascore
8738683,247665,Miguel Trauco,,81,19.5,43.7,,block,left-foot,regular,sofascore
8738683,904994,Eric Ebimbe,,74,12.8,64.5,,miss,right-foot,assisted,sofascore
8738683,31993,Bruno Ecuele Manga,,70,11.9,51.9,,miss,head,corner,sofascore
8738683,862194,Zaydou Youssouf,,69,26.9,39.8,,miss,left-foot,corner,sofascore
8738683,760618,Denis Bouanga,,68,4.7,56.5,,save,right-foot,assisted,sofascore
8738683,867438,Jonathan Panzo,,53,9.7,51.8,,miss,head,corner,sofascore
8738683,845274,Mounir Chouiar,,48,23.8,33.8,,save,right-foot,free-kick,sofascore
8738683,826551,Pape Cheikh,,42,22.8,49.7,,block,left-foot,corner,sofascore
8738683,41605,Timothée Kolodziejczak,,35,6.0,40.6,,miss,head,corner,sofascore
8738683,51640,Wahbi Khazri,,34,20.2,50.3,,miss,left-foot,assisted,sofascore
8738683,74139,Romain Hamouma,,16,11.4,53.1,,miss,right-foot,assisted,sofascore
8738683,904994,Eric Ebimbe,,9,10.5,69.5,,miss,right-foot,assisted,sofascore
8738684,191188,Seko Fofana,,66,25.3,35.8,,save,right-foot,regular,sofascore
8738684,906047,Cheick Doucouré,,63,24.5,72.1,,miss,right-foot,assisted,sofascore
8738684,369650,Jonathan Gradit,,56,23.0,73.7,,miss,right-foot,assisted,sofascore
8738684,945062,Youssouf Fofana,,56,12.0,64.7,,miss,right-foot,assisted,sofascore
8738684,945062,Youssouf Fofana,,54,19.2,58.1,,miss,right-foot,assisted,sofascore
8738684,46387,Gaël Kakuta,,39,9.8,39.6,,goal,left-foot,assisted,sofascore
8738684,825945,Simon Banza,,33,2.3,56.3,,goal,left-foot,assisted,sofascore
8738684,117373,Kevin Volland,,32,12.8,53.6,,block,head,regular,sofascore
8738684,46387,Gaël Kakuta,,24,23.7,52.8,,block,left-foot,free-kick,sofascore
8738684,339909,Guillermo Maripán,,15,8.8,50.4,,post,head,corner,sofascore
8738684,117373,Kevin Volland,,13,3.6,56.1,,save,head,corner,sofascore
8738684,117373,Kevin Volland,,12,24.2,67.2,,block,left-foot,free-kick,sofascore
8738684,117373,Kevin Volland,,7,4.3,61.0,,miss,left-foot,assisted,sofascore
8738684,890329,Ignatius Kpene Ganago,,4,12.8,57.0,,miss,head,assisted,sofascore
8738684,291695,Issiaga Sylla,,1,4.0,40.0,,goal,left-foot,assisted,sofascore
8738685,857179,James Léa Siliki,,90,9.4,51.8,,miss,head,assisted,sofascore
8738685,74083,Damien Da Silva,,90,29.3,51.6,,save,right-foot,assisted,sofascore
8738685,324399,Benjamin Bourigeaud,,88,24.3,37.3,,block,right-foot,free-kick,sofascore
8738685,283083,Adrien Hunou,,84,9.7,54.5,,post,head,assisted,sofascore
8738685,139228,M'Baye Niang,,78,7.5,54.6,,miss,head,assisted,sofascore
8738685,139228,M'Baye Niang,,75,2.8,45.5,,miss,head,corner,sofascore
8738685,324399,Benjamin Bourigeaud,,74,25.2,29.1,,save,right-foot,assisted,sofascore
8738685,24201,Eiji Kawashima,,67,64.1,61.8,,miss,right-foot,free-kick,sofascore
8738685,283083,Adrien Hunou,,65,9.0,37.1,,save,head,corner,sofascore
8738685,857179,James Léa Siliki,,64,26.9,52.4,,save,left-foot,assisted,sofascore
8738685,802159,Habibou Diallo,,63,29.5,76.6,,save,right-foot,regular,sofascore
8738685,283083,Adrien Hunou,,60,3.3,52.2,,goal,head,assisted,sofascore
8738685,911851,Yann Gboho,,59,10.3,48.7,,save,right-foot,regular,sofascore
8738685,999028,Adrien Truffert,,59,11.8,27.7,,block,left-foot,regular,sofascore
8738685,283083,Adrien Hunou,,57,21.4,42.7,,block,right-foot,assisted,sofascore
8738685,283083,Adrien Hunou,,49,6.7,48.5,,block,head,assisted,sofascore
8738685,74083,Damien Da Silva,,46,27.0,40.1,,block,right-foot,assisted,sofascore
8738685,934386,Jérémy Doku,,43,21.5,76.0,,block,left-foot,assisted,sofascore
8738685,324399,Benjamin Bourigeaud,,42,21.7,36.9,,save,right-foot,free-kick,sofascore
8738685,51652,Steven​ N'Zonzi,,36,7.2,56.3,,miss,head,corner,sofascore
8738685,343971,Ludovic Ajorque,,34,18.4,71.8,,miss,left-foot,assisted,sofascore
8738685,231946,Adrien Thomasson,,24,3.8,53.6,,goal,right-foot,assisted,sofascore
8738685,802159,Habibou Diallo,,24,26.2,40.1,,block,right-foot,assisted,sofascore
8738685,231946,Adrien Thomasson,,21,11.8,46.7,,save,right-foot,assisted,sofascore
8738685,324399,Benjamin Bourigeaud,,8,8.0,44.7,,miss,right-foot,assisted,sofascore
8738685,801287,Faitout Maouassa,,7,13.0,24.6,,miss,left-foot,assisted,sofascore
8738685,324399,Benjamin Bourigeaud,,6,2.5,35.1,,miss,head,assisted,sofascore
8738686,66309,Petar Škuletić,,90,7.5,28.5,,miss,left-foot,regular,sofascore
8738686,363774,Mihailo Ristić,,90,18.7,47.0,,post,right-foot,assisted,sofascore
8738686,826643,Kylian Mbappé,,90,4.6,52.0,,goal,right-foot,assisted,sofascore
8738686,845083,Keagan Dolly,,87,13.1,36.5,,block,left-foot,corner,sofascore
8738686,954050,Timothée Pembélé,,83,13.3,69.1,,miss,right-foot,fast-break,sofascore
8738686,156682,Teji Savanier,,82,24.3,57.8,,miss,right-foot,free-kick,sofascore
8738686,149730,Gaëtan Laborde,,80,7.6,47.8,,miss,head,assisted,sofascore
8738686,835601,Moise Kean,,77,6.3,70.3,,goal,right-foot,fast-break,sofascore
8738686,30027,Ángel Di María,,68,10.8,36.7,,save,left-foot,regular,sofascore
8738686,30027,Ángel Di María,,65,26.7,60.6,,miss,left-foot,assisted,sofascore
8738686,156682,Teji Savanier,,60,26.2,61.8,,block,right-foot,assisted,sofascore
8738686,106337,Idrissa Gana Gueye,,58,19.3,49.0,,block,right-foot,assisted,sofascore
8738686,835601,Moise Kean,,58,12.7,58.9,,save,right-foot,assisted,sofascore
8738686,149730,Gaëtan Laborde,,55,7.6,60.5,,miss,head,set-piece,sofascore
8738686,835601,Moise Kean,,52,13.3,44.9,,miss,left-foot,regular,sofascore
8738686,106337,Idrissa Gana Gueye,,50,8.0,52.8,,miss,head,set-piece,sofascore
8738686,156682,Teji Savanier,,43,18.5,51.8,,miss,right-foot,assisted,sofascore
8738686,605338,Stephy Mavididi,,43,4.6,53.4,,save,right-foot,assisted,sofascore
8738686,605338,Stephy Mavididi,,41,5.0,44.1,,goal,right-foot,regular,sofascore
8738686,605338,Stephy Mavididi,,41,2.8,43.5,,block,right-foot,regular,sofascore
8738686,96367,Rafinha Alcântara,,41,14.1,29.7,,save,left-foot,assisted,sofascore
8738686,358306,Il-Lok Yun,,39,24.9,59.3,,miss,right-foot,assisted,sofascore
8738686,603738,Junior Sambia,,35,26.1,71.9,,miss,right-foot,regular,sofascore
8738686,941300,Colin Dagba,,33,8.1,47.4,,goal,left-foot,assisted,sofascore
8738686,835601,Moise Kean,,31,7.1,37.6,,block,right-foot,assisted,sofascore
8738686,234230,Florent Mollet,,29,24.7,38.8,,miss,right-foot,assisted,sofascore
8738686,156682,Teji Savanier,,21,23.8,64.5,,block,right-foot,assisted,sofascore
8738686,156682,Teji Savanier,,5,22.7,57.5,,miss,left-foot,regular,sofascore
8738686,234230,Florent Mollet,,4,16.1,58.3,,block,right-foot,assisted,sofascore
8738686,30027,Ángel Di María,,3,29.1,31.2,,miss,left-foot,regular,sofascore
8738687,760618,Denis Bouanga,,89,7.5,30.1,,block,left-foot,regular,sofascore
8738687,840451,Luiz Araújo,,86,24.0,57.6,,miss,left-foot,assisted,sofascore
8738687,760618,Denis Bouanga,,86,12.7,19.2,,save,right-foot,assisted,sofascore
8738687,760618,Denis Bouanga,,82,43.3,58.8,,save,right-foot,assisted,sofascore
8738687,595576,Jonathan Bamba,,78,22.4,35.1,,block,right-foot,assisted,sofascore
8738687,18864,Burak Yılmaz,,76,13.8,53.6,,miss,right-foot,assisted,sofascore
8738687,840451,Luiz Araújo,,73,23.4,73.2,,block,left-foot,regular,sofascore
8738687,18864,Burak Yılmaz,,68,11.4,58.8,,miss,head,set-piece,sofascore
8738687,802142,Jonathan Ikoné,,65,12.0,42.7,,goal,left-foot,assisted,sofascore
8738687,51665,Benjamin André,,61,7.3,42.3,,post,head,corner,sofascore
8738687,18864,Burak Yılmaz,,54,18.5,26.4,,save,right-foot,free-kick,sofascore
8738687,74139,Romain Hamouma,,45,9.5,70.9,,save,right-foot,assisted,sofascore
8738687,51640,Wahbi Khazri,,40,21.4,40.2,,miss,right-foot,assisted,sofascore
8738687,51640,Wahbi Khazri,,33,11.5,50.0,,goal,right-foot,penalty,sofascore
8738687,247665,Miguel Trauco,,15,23.0,36.7,,save,left-foot,assisted,sofascore
8738687,840451,Luiz Araújo,,11,28.1,47.9,,miss,left-foot,fast-break,sofascore
8738688,999028,Adrien Truffert,,90,11.9,45.7,,miss,head,assisted,sofascore
8738688,901470,Gerzino Nyamsi,,85,12.3,53.3,,miss,head,corner,sofascore
8738688,138833,Memphis Depay,,81,12.7,9.7,,save,right-foot,corner,sofascore
8738688,846081,Houssem Aouar,,76,9.1,32.3,,save,right-foot,assisted,sofascore
8738688,846081,Houssem Aouar,,74,10.4,54.8,,goal,right-foot,fast-break,sofascore
8738688,846081,Houssem Aouar,,72,12.7,63.5,,block,right-foot,assisted,sofascore
8738688,842931,Karl Toko Ekambi,,72,11.9,48.5,,block,right-foot,regular,sofascore
8738688,51652,Steven​ N'Zonzi,,70,17.4,47.5,,save,left-foot,assisted,sofascore
8738688,846081,Houssem Aouar,,67,23.3,30.8,,save,right-foot,assisted,sofascore
8738688,846445,Martin Terrier,,64,9.3,68.3,,block,right-foot,assisted,sofascore
8738688,842931,Karl Toko Ekambi,,63,4.8,50.3,,save,right-foot,assisted,sofascore
8738688,138833,Memphis Depay,,57,5.0,45.4,,miss,right-foot,assisted,sofascore
8738688,859027,Maxence Caqueret,,57,14.9,46.1,,block,right-foot,assisted,sofascore
8738688,329303,Thiago Mendes,,55,14.8,33.7,,block,right-foot,corner,sofascore
8738688,39009,Clément Grenier,,49,14.7,48.1,,miss,left-foot,assisted,sofascore
8738688,842931,Karl Toko Ekambi,,48,25.8,34.9,,save,right-foot,regular,sofascore
8738688,138833,Memphis Depay,,47,12.4,29.3,,miss,left-foot,fast-break,sofascore
8738688,138833,Memphis Depay,,45,5.4,69.5,,save,right-foot,assisted,sofascore
8738688,39009,Clément Grenier,,43,30.3,32.4,,block,right-foot,free-kick,sofascore
8738688,328027,Serhou Guirassy,,40,28.2,76.2,,miss,right-foot,regular,sofascore
8738688,934386,Jérémy Doku,,31,14.5,71.0,,miss,left-foot,assisted,sofascore
8738688,138833,Memphis Depay,,30,27.4,43.4,,miss,right-foot,assisted,sofascore
8738688,934386,Jérémy Doku,,23,17.0,69.3,,block,right-foot,assisted,sofascore
8738688,51652,Steven​ N'Zonzi,,14,9.7,52.2,,block,left-foot,corner,sofascore
8738688,39009,Clément Grenier,,11,28.6,49.3,,miss,right-foot,regular,sofascore
8738688,328027,Serhou Guirassy,,9,9.2,55.8,,miss,right-foot,assisted,sofascore
8738688,238708,Islam Slimani,,7,9.3,56.4,,miss,head,set-piece,sofascore
8738689,74139,Romain Hamouma,,90,2.4,46.4,,save,right-foot,assisted,sofascore
8738689,74139,Romain Hamouma,,90,9.1,44.1,,block,right-foot,regular,sofascore
8738689,842709,Rémi Oudin,,90,10.1,64.9,,miss,left-foot,regular,sofascore
8738689,111803,Youssouf Sabaly,,90,22.9,71.5,,miss,right-foot,corner,sofascore
8738689,842709,Rémi Oudin,,89,11.5,42.2,,block,head,assisted,sofascore
8738689,869931,Yvan Neyou,,87,14.6,72.4,,block,left-foot,assisted,sofascore
8738689,51640,Wahbi Khazri,,86,27.2,35.3,,block,right-foot,assisted,sofascore
8738689,3579,Mathieu Debuchy,,80,29.2,78.0,,save,right-foot,assisted,sofascore
8738689,869931,Yvan Neyou,,75,21.2,54.5,,goal,right-foot,regular,sofascore
8738689,3579,Mathieu Debuchy,,75,28.8,52.5,,block,right-foot,assisted,sofascore
8738689,3209,Jimmy Briand,,74,4.4,41.5,,miss,head,corner,sofascore
8738689,962877,Adil Aouchiche,,59,28.1,32.6,,block,right-foot,assisted,sofascore
8738689,869931,Yvan Neyou,,55,27.8,52.4,,miss,right-foot,free-kick,sofascore
8738689,848458,Arnaud Nordin,,52,14.0,43.3,,miss,right-foot,assisted,sofascore
8738689,848458,Arnaud Nordin,,47,19.1,67.5,,miss,right-foot,assisted,sofascore
8738689,3305,Hatem Ben Arfa,,45,25.0,37.0,,save,left-foot,assisted,sofascore
8738689,38716,Ryad Boudebouz,,42,23.7,59.6,,miss,left-foot,free-kick,sofascore
8738689,760618,Denis Bouanga,,41,14.2,44.0,,save,right-foot,fast-break,sofascore
8738689,852145,Josh Maja,,39,13.8,37.4,,save,left-foot,assisted,sofascore
8738689,3579,Mathieu Debuchy,,31,15.7,52.8,,miss,head,set-piece,sofascore
8738689,111803,Youssouf Sabaly,,29,20.0,29.4,,post,right-foot,assisted,sofascore
8738689,791314,Hwang Ui-Jo,,29,10.0,48.1,,block,right-foot,assisted,sofascore
8738689,760618,Denis Bouanga,,27,31.5,45.8,,save,left-foot,assisted,sofascore
8738689,791314,Hwang Ui-Jo,,24,13.4,34.6,,goal,right-foot,assisted,sofascore
8738689,760618,Denis Bouanga,,23,15.1,46.6,,save,right-foot,fast-break,sofascore
8738689,111803,Youssouf Sabaly,,22,22.4,29.2,,block,right-foot,assisted,sofascore
8738689,791314,Hwang Ui-Jo,,22,7.3,67.4,,block,right-foot,assisted,sofascore
8738689,848458,Arnaud Nordin,,20,21.2,61.4,,miss,right-foot,assisted,sofascore
8738689,848458,Arnaud Nordin,,15,24.5,54.7,,goal,left-foot,assisted,sofascore
8738689,962877,Adil Aouchiche,,8,14.7,23.9,,save,left-foot,assisted,sofascore
8738690,965943,Imrân Louza,,90,14.5,45.3,,save,left-foot,set-piece,sofascore
8738690,178721,Yunis Abdelhamid,,89,6.7,49.9,,goal,head,corner,sofascore
8738690,47549,Sébastien Corchia,,83,25.9,67.8,,miss,right-foot,regular,sofascore
8738690,806076,Ludovic Blas,,69,25.2,53.0,,save,left-foot,regular,sofascore
8738690,806076,Ludovic Blas,,65,24.9,47.3,,miss,left-foot,set-piece,sofascore
8738690,965943,Imrân Louza,,65,24.9,56.3,,block,left-foot,free-kick,sofascore
8738690,965943,Imrân Louza,,62,39.7,53.7,,miss,left-foot,assisted,sofascore
8738690,982615,El Bilal Touré,,60,3.9,40.3,,miss,head,corner,sofascore
8738690,831781,Ghislain Konan,,39,7.5,29.5,,goal,left-foot,regular,sofascore
8738690,871706,Randal Kolo Muani,,33,3.0,34.5,,miss,left-foot,regular,sofascore
8738690,806076,Ludovic Blas,,33,22.0,44.6,,miss,left-foot,assisted,sofascore
8738690,330051,Moses Simon,,14,3.1,41.7,,goal,head,assisted,sofascore
8738690,871706,Randal Kolo Muani,,10,7.3,63.3,,miss,right-foot,assisted,sofascore
8738690,806076,Ludovic Blas,,7,21.1,34.0,,save,left-foot,assisted,sofascore
8738690,871706,Randal Kolo Muani,,6,7.3,70.3,,save,right-foot,assisted,sofascore
8738690,960080,Boulaye Dia,,2,6.9,50.1,,miss,head,assisted,sofascore
8738691,845083,Keagan Dolly,,90,26.7,44.6,,miss,left-foot,regular,sofascore
8738691,359246,Habib Maïga,,90,13.2,47.6,,goal,right-foot,fast-break,sofascore
8738691,991359,Papa Ndiaga Yade,,89,29.2,52.7,,save,left-foot,regular,sofascore
8738691,979315,Elye Wahi,,87,4.6,57.9,,miss,right-foot,assisted,sofascore
8738691,363774,Mihailo Ristić,,84,12.4,34.0,,miss,right-foot,assisted,sofascore
8738691,149730,Gaëtan Laborde,,82,8.1,38.6,,miss,left-foot,corner,sofascore
8738691,358306,Il-Lok Yun,,81,18.2,59.6,,block,right-foot,assisted,sofascore
8738691,229722,Farid Boulaya,,78,15.0,70.0,,save,left-foot,assisted,sofascore
8738691,229722,Farid Boulaya,,77,25.0,64.2,,block,left-foot,assisted,sofascore
8738691,363774,Mihailo Ristić,,67,11.0,30.7,,save,left-foot,assisted,sofascore
8738691,603738,Junior Sambia,,66,23.1,70.1,,miss,right-foot,assisted,sofascore
8738691,84744,Andy Delort,,61,26.4,32.5,,miss,right-foot,set-piece,sofascore
8738691,149730,Gaëtan Laborde,,59,14.0,57.7,,save,left-foot,regular,sofascore
8738691,156682,Teji Savanier,,53,23.7,55.1,,miss,right-foot,free-kick,sofascore
8738691,352966,Aaron Leya Iseka,,50,11.5,50.0,,goal,right-foot,penalty,sofascore
8738691,153218,Thomas Delaine,,45,10.5,31.8,,miss,left-foot,assisted,sofascore
8738691,229722,Farid Boulaya,,41,9.1,47.3,,miss,head,assisted,sofascore
8738691,5585,Daniel Congré,,31,6.0,57.5,,miss,head,corner,sofascore
8738691,153218,Thomas Delaine,,28,26.2,33.4,,save,left-foot,assisted,sofascore
8738691,156682,Teji Savanier,,24,8.1,66.9,,save,right-foot,assisted,sofascore
8738691,5585,Daniel Congré,,22,8.8,33.1,,block,head,corner,sofascore
8738691,848537,Boubakar Kouyaté,,19,6.2,51.9,,miss,head,corner,sofascore
8738691,363774,Mihailo Ristić,,13,29.3,46.1,,miss,left-foot,corner,sofascore
8738692,855810,Tim Weah,,90,18.7,52.0,,goal,right-foot,regular,sofascore
8738692,281013,Bersant Celina,,86,21.3,31.9,,miss,right-foot,free-kick,sofascore
8738692,880525,Ngonda Muzinga,,81,26.9,28.5,,miss,left-foot,assisted,sofascore
8738692,880525,Ngonda Muzinga,,78,28.6,54.4,,miss,left-foot,corner,sofascore
8738692,910046,Sven Botman,,77,7.4,55.0,,miss,head,set-piece,sofascore
8738692,858705,Xeka,,42,21.6,29.7,,miss,right-foot,throw-in-set-piece,sofascore
8738692,595576,Jonathan Bamba,,38,23.5,28.3,,miss,right-foot,assisted,sofascore
8738692,281013,Bersant Celina,,34,18.4,31.4,,miss,left-foot,assisted,sofascore
8738692,802142,Jonathan Ikoné,,31,13.7,57.1,,miss,left-foot,assisted,sofascore
8738692,827804,Yusuf Yazıcı,,19,11.0,63.5,,goal,left-foot,assisted,sofascore
8738692,827804,Yusuf Yazıcı,,15,26.6,52.6,,miss,left-foot,free-kick,sofascore
8738692,935564,Jonathan David,,11,11.6,61.1,,save,right-foot,assisted,sofascore
8738692,827804,Yusuf Yazıcı,,8,6.1,35.1,,save,left-foot,assisted,sofascore
8738692,827804,Yusuf Yazıcı,,6,25.4,66.0,,save,left-foot,free-kick,sofascore
8738692,157143,Moussa Konaté,,4,10.4,64.9,,save,head,corner,sofascore
8738692,281013,Bersant Celina,,4,26.2,29.3,,block,right-foot,free-kick,sofascore
8738693,149732,Abdoulaye Touré,,90,15.4,41.0,,block,right-foot,regular,sofascore
8738693,331753,Renaud Emond,,90,8.0,52.6,,block,head,assisted,sofascore
8738693,794836,Andrei Girotto,,90,27.6,68.8,,save,right-foot,assisted,sofascore
8738693,938270,Abdoul Kader Bamba,,88,26.4,45.1,,block,right-foot,assisted,sofascore
8738693,123164,Dennis Appiah,,86,8.7,69.4,,miss,right-foot,regular,sofascore
8738693,149732,Abdoulaye Touré,,86,23.9,65.5,,block,right-foot,assisted,sofascore
8738693,806076,Ludovic Blas,,79,5.0,54.0,,goal,left-foot,regular,sofascore
8738693,894733,Marshall Munetsi,,78,9.6,55.2,,save,right-foot,assisted,sofascore
8738693,816810,Mathieu Cafaro,,74,9.3,64.8,,goal,right-foot,assisted,sofascore
8738693,960080,Boulaye Dia,,72,11.5,50.1,,goal,right-foot,penalty,sofascore
8738693,816810,Mathieu Cafaro,,70,8.1,67.5,,block,right-foot,assisted,sofascore
8738693,982615,El Bilal Touré,,68,8.8,42.9,,goal,head,assisted,sofascore
8738693,806076,Ludovic Blas,,65,21.1,66.0,,save,left-foot,assisted,sofascore
8738693,178721,Yunis Abdelhamid,,62,6.5,56.7,,miss,head,corner,sofascore
8738693,960080,Boulaye Dia,,60,15.7,65.8,,block,left-foot,assisted,sofascore
8738693,227892,Arbër Zeneli,,57,18.4,30.1,,block,right-foot,assisted,sofascore
8738693,871706,Randal Kolo Muani,,56,19.1,49.6,,save,right-foot,assisted,sofascore
8738693,965943,Imrân Louza,,55,54.7,68.0,,miss,left-foot,assisted,sofascore
8738693,806076,Ludovic Blas,,51,8.5,56.9,,block,left-foot,assisted,sofascore
8738693,227892,Arbër Zeneli,,48,25.5,25.4,,miss,right-foot,assisted,sofascore
8738693,794836,Andrei Girotto,,45,30.9,59.6,,save,right-foot,assisted,sofascore
8738693,855847,Kaj Sierhuis,,45,6.7,63.5,,miss,head,corner,sofascore
8738693,98197,Valon Berisha,,41,21.9,40.0,,miss,right-foot,regular,sofascore
8738693,965943,Imrân Louza,,40,56.3,71.7,,block,left-foot,assisted,sofascore
8738693,845750,Moreto Cassama,,31,24.8,64.8,,miss,right-foot,assisted,sofascore
8738693,330051,Moses Simon,,28,14.3,24.0,,save,right-foot,assisted,sofascore
8738693,794836,Andrei Girotto,,26,19.0,52.1,,miss,right-foot,set-piece,sofascore
8738693,191204,Jean-Charles Castelletto,,21,2.7,50.7,,miss,right-foot,corner,sofascore
8738693,106496,Nicolas Pallois,,18,11.8,38.2,,goal,head,set-piece,sofascore
8738693,149732,Abdoulaye Touré,,16,27.6,39.2,,miss,left-foot,assisted,sofascore
8738693,227892,Arbër Zeneli,,6,21.6,46.6,,miss,right-foot,free-kick,sofascore
8738694,229722,Farid Boulaya,,80,28.3,49.9,,miss,right-foot,free-kick,sofascore
8738694,352966,Aaron Leya Iseka,,64,7.8,37.5,,block,left-foot,assisted,sofascore
8738694,1046147,Lamine Gueye,,63,13.8,71.4,,save,left-foot,assisted,sofascore
8738694,352966,Aaron Leya Iseka,,58,18.7,49.7,,miss,right-foot,regular,sofascore
8738694,787540,Angelo Fulgini,,56,10.7,63.4,,save,right-foot,assisted,sofascore
8738694,257205,Sofiane Boufal,,54,21.6,33.8,,miss,right-foot,assisted,sofascore
8738694,787827,Matthieu Udol,,52,13.9,32.8,,save,head,assisted,sofascore
8738694,257205,Sofiane Boufal,,45,7.5,27.4,,save,right-foot,set-piece,sofascore
8738694,787540,Angelo Fulgini,,44,11.5,50.1,,goal,right-foot,penalty,sofascore
8738694,1002711,Pape Matar Sarr,,40,26.8,37.3,,block,right-foot,assisted,sofascore
8738694,1002711,Pape Matar Sarr,,33,23.2,50.9,,miss,right-foot,set-piece,sofascore
8738694,229722,Farid Boulaya,,33,22.7,35.8,,block,right-foot,free-kick,sofascore
8738694,1002711,Pape Matar Sarr,,31,25.6,49.7,,block,right-foot,assisted,sofascore
8738694,1002711,Pape Matar Sarr,,28,23.4,48.2,,block,left-foot,corner,sofascore
8738694,787827,Matthieu Udol,,27,4.3,35.7,,block,left-foot,assisted,sofascore
8738694,122921,Vincent Pajot,,25,4.1,65.1,,miss,left-foot,corner,sofascore
8738694,1046147,Lamine Gueye,,22,6.4,80.8,,miss,right-foot,assisted,sofascore
8738694,831400,Mathias Pereira Lage,,21,24.9,50.3,,miss,left-foot,assisted,sofascore
8738694,352966,Aaron Leya Iseka,,20,10.1,54.3,,miss,left-foot,assisted,sofascore
8738694,73979,Romain Thomas,,16,8.7,45.4,,miss,head,corner,sofascore
8738694,294641,Loïs Diony,,13,11.0,37.7,,miss,right-foot,regular,sofascore
8738694,1046147,Lamine Gueye,,12,18.9,47.2,,block,left-foot,assisted,sofascore
8738694,804621,Lassana Coulibaly,,6,28.5,46.9,,save,right-foot,regular,sofascore
8738695,581328,Edson Andre Sitoe,,90,9.3,46.0,,miss,right-foot,corner,sofascore
8738695,3209,Jimmy Briand,,90,9.5,46.0,,save,head,corner,sofascore
8738695,96367,Rafinha Alcântara,,82,13.8,70.0,,miss,left-foot,regular,sofascore
8738695,155995,Marquinhos,,72,10.6,50.3,,block,head,corner,sofascore
8738695,3305,Hatem Ben Arfa,,69,9.7,71.5,,miss,right-foot,assisted,sofascore
8738695,106337,Idrissa Gana Gueye,,67,17.5,48.7,,block,left-foot,assisted,sofascore
8738695,135775,Layvin Kurzawa,,63,25.7,26.0,,block,left-foot,assisted,sofascore
8738695,99545,Danilo Pereira,,51,9.8,48.5,,miss,head,set-piece,sofascore
8738695,833030,Samuel Kalu,,46,7.3,74.5,,block,right-foot,assisted,sofascore
8738695,791314,Hwang Ui-Jo,,44,14.4,46.6,,miss,head,set-piece,sofascore
8738695,233114,Mauro Icardi,,42,2.3,60.0,,miss,right-foot,assisted,sofascore
8738695,859024,Yacine Adli,,42,12.2,54.4,,save,right-foot,regular,sofascore
8738695,111803,Youssouf Sabaly,,42,12.1,66.6,,miss,left-foot,assisted,sofascore
8738695,791314,Hwang Ui-Jo,,36,10.8,43.1,,miss,right-foot,assisted,sofascore
8738695,233114,Mauro Icardi,,33,4.0,43.9,,miss,head,set-piece,sofascore
8738695,791314,Hwang Ui-Jo,,28,20.4,35.9,,miss,right-foot,regular,sofascore
8738695,305282,Jean Michaël Seri,,28,21.2,43.3,,miss,right-foot,corner,sofascore
8738695,142680,Julian Draxler,,24,24.1,41.8,,miss,right-foot,assisted,sofascore
8738695,138573,Pablo Sarabia,,20,7.5,34.9,,goal,left-foot,assisted,sofascore
8738695,352916,Presnel Kimpembe,,19,7.7,39.4,,save,head,set-piece,sofascore
8738695,138573,Pablo Sarabia,,17,13.0,46.4,,save,left-foot,assisted,sofascore
8738695,859024,Yacine Adli,,10,20.1,43.7,,miss,right-foot,assisted,sofascore
8738695,138573,Pablo Sarabia,,8,9.8,44.3,,block,left-foot,assisted,sofascore
8738696,822877,Alexis Claude-Maurice,,90,10.1,43.7,,goal,right-foot,assisted,sofascore
8738696,247445,Renaud Ripart,,90,6.8,64.2,,miss,head,corner,sofascore
8738696,796085,Moussa Koné,,88,8.0,44.2,,miss,right-foot,assisted,sofascore
8738696,944327,Dan Ndoye,,85,7.3,32.6,,goal,right-foot,regular,sofascore
8738696,944327,Dan Ndoye,,85,13.3,26.5,,block,right-foot,assisted,sofascore
8738696,822877,Alexis Claude-Maurice,,83,19.0,29.1,,miss,right-foot,assisted,sofascore
8738696,881952,Matteo Ahlinvi,,77,25.3,92.4,,save,left-foot,assisted,sofascore
8738696,230766,Haris Duljević,,75,24.1,44.6,,save,right-foot,assisted,sofascore
8738696,859026,Amine Gouiri,,74,11.5,65.1,,miss,right-foot,corner,sofascore
8738696,796082,Sidy Sarr,,73,29.9,37.4,,block,left-foot,assisted,sofascore
8738696,796082,Sidy Sarr,,70,27.4,53.1,,block,left-foot,assisted,sofascore
8738696,904991,Stanley Nsoki,,69,6.1,56.3,,post,head,corner,sofascore
8738696,190147,Rony Lopes,,68,12.8,53.8,,save,right-foot,assisted,sofascore
8738696,881952,Matteo Ahlinvi,,66,18.3,55.2,,miss,left-foot,assisted,sofascore
8738696,859026,Amine Gouiri,,65,8.3,45.6,,miss,head,corner,sofascore
8738696,51421,Nolan Roux,,51,11.0,59.0,,save,right-foot,assisted,sofascore
8738696,190147,Rony Lopes,,41,25.3,74.2,,miss,left-foot,assisted,sofascore
8738696,51421,Nolan Roux,,40,13.1,53.2,,miss,head,corner,sofascore
8738696,343955,Gaëtan Paquiez,,40,25.9,37.5,,miss,right-foot,corner,sofascore
8738696,316196,Niclas Eliasson,,34,12.1,30.7,,miss,right-foot,assisted,sofascore
8738696,777067,Florian Miguel,,33,2.4,67.0,,save,right-foot,set-piece,sofascore
8738696,923186,Robson Bambu,,27,8.2,70.9,,save,left-foot,corner,sofascore
8738696,794269,Jeff Reine-Adélaïde,,24,4.5,34.6,,save,left-foot,assisted,sofascore
8738696,230766,Haris Duljević,,19,21.8,26.2,,miss,right-foot,regular,sofascore
8738696,51421,Nolan Roux,,14,9.8,50.6,,miss,head,assisted,sofascore
8738696,859026,Amine Gouiri,,12,10.4,50.7,,save,head,assisted,sofascore
8738696,859026,Amine Gouiri,,5,8.4,46.1,,miss,right-foot,assisted,sofascore
8738696,796082,Sidy Sarr,,3,8.3,43.7,,miss,head,corner,sofascore
8738696,794269,Jeff Reine-Adélaïde,,1,20.0,33.5,,miss,right-foot,assisted,sofascore
8738697,343971,Ludovic Ajorque,,90,14.7,33.8,,goal,left-foot,assisted,sofascore
8738697,25506,Ismaël Traoré,,90,8.7,69.7,,miss,right-foot,assisted,sofascore
8738697,156004,Jean-Eudes Aholou,,87,8.0,41.7,,miss,head,corner,sofascore
8738697,308130,Jimmy Cabot,,85,18.2,70.9,,miss,right-foot,assisted,sofascore
8738697,802159,Habibou Diallo,,77,24.7,56.5,,goal,left-foot,assisted,sofascore
8738697,73979,Romain Thomas,,64,7.8,45.5,,save,head,corner,sofascore
8738697,829093,Ibrahima Sissoko,,47,32.7,50.3,,block,right-foot,assisted,sofascore
8738697,25506,Ismaël Traoré,,45,8.0,39.0,,block,head,corner,sofascore
8738697,787540,Angelo Fulgini,,43,19.2,32.7,,block,right-foot,corner,sofascore
8738697,930584,Farid El Melali,,35,25.9,61.8,,save,right-foot,assisted,sofascore
8738697,141080,Kenny Lala,,30,21.5,69.0,,miss,left-foot,assisted,sofascore
8738697,930584,Farid El Melali,,26,18.9,32.2,,block,right-foot,assisted,sofascore
8738697,845273,Jean-Ricner Bellegarde,,26,18.4,45.8,,save,left-foot,regular,sofascore
8738697,829093,Ibrahima Sissoko,,17,7.6,58.1,,miss,head,corner,sofascore
8738697,787540,Angelo Fulgini,,14,26.4,26.8,,miss,right-foot,set-piece,sofascore
8738697,787540,Angelo Fulgini,,13,23.7,23.9,,block,right-foot,free-kick,sofascore
8738698,66309,Petar Škuletić,,90,7.8,45.8,,miss,head,assisted,sofascore
8738698,93570,Arnaud Souquet,,90,16.2,69.9,,miss,right-foot,assisted,sofascore
8738698,296434,Laurent Abergel,,85,28.8,60.3,,save,right-foot,regular,sofascore
8738698,156682,Teji Savanier,,84,26.5,62.3,,block,right-foot,free-kick,sofascore
8738698,805123,Yoane Wissa,,81,16.1,39.0,,save,left-foot,assisted,sofascore
8738698,984014,Enzo Le Fée,,71,27.9,47.0,,miss,right-foot,free-kick,sofascore
8738698,26890,Fabien Lemoine,,63,18.1,38.4,,block,left-foot,fast-break,sofascore
8738698,282095,Adrian Grbić,,58,25.3,56.6,,miss,right-foot,fast-break,sofascore
8738698,932643,Armand Laurienté,,54,9.1,32.8,,miss,left-foot,assisted,sofascore
8738698,932643,Armand Laurienté,,53,20.7,38.8,,miss,right-foot,assisted,sofascore
8738698,296434,Laurent Abergel,,44,19.2,48.8,,save,right-foot,assisted,sofascore
8738698,282095,Adrian Grbić,,43,7.7,45.6,,save,right-foot,assisted,sofascore
8738698,234230,Florent Mollet,,36,18.8,46.8,,save,right-foot,assisted,sofascore
8738698,282095,Adrian Grbić,,30,6.8,40.8,,block,right-foot,assisted,sofascore
8738698,605338,Stephy Mavididi,,28,6.2,39.9,,goal,left-foot,regular,sofascore
8738698,156682,Teji Savanier,,28,26.0,62.7,,block,right-foot,assisted,sofascore
8738698,156682,Teji Savanier,,21,23.8,48.5,,save,left-foot,regular,sofascore
8738698,932643,Armand Laurienté,,20,10.2,70.9,,save,right-foot,assisted,sofascore
8738698,363774,Mihailo Ristić,,15,23.2,19.2,,save,left-foot,assisted,sofascore
8738698,149730,Gaëtan Laborde,,11,9.4,53.2,,miss,head,assisted,sofascore
8738698,984014,Enzo Le Fée,,10,30.1,56.0,,miss,right-foot,assisted,sofascore
8738698,282095,Adrian Grbić,,9,11.4,50.1,,goal,right-foot,penalty,sofascore
8738698,791048,Julien Laporte,,7,10.8,52.0,,block,head,corner,sofascore
8738698,149730,Gaëtan Laborde,,3,12.5,50.9,,block,right-foot,regular,sofascore
8738699,892735,Tiago Djaló,,90,26.4,63.3,,miss,right-foot,regular,sofascore
8738699,855810,Tim Weah,,89,7.7,73.8,,miss,right-foot,assisted,sofascore
8738699,827804,Yusuf Yazıcı,,86,24.7,36.7,,save,left-foot,assisted,sofascore
8738699,791314,Hwang Ui-Jo,,85,18.4,30.8,,save,right-foot,fast-break,sofascore
8738699,827804,Yusuf Yazıcı,,81,16.1,37.5,,miss,left-foot,corner,sofascore
8738699,802142,Jonathan Ikoné,,66,18.1,49.7,,block,left-foot,fast-break,sofascore
8738699,18864,Burak Yılmaz,,61,6.7,42.2,,miss,head,assisted,sofascore
8738699,935564,Jonathan David,,56,9.4,57.3,,save,right-foot,assisted,sofascore
8738699,18864,Burak Yılmaz,,53,15.7,49.5,,miss,right-foot,assisted,sofascore
8738699,3305,Hatem Ben Arfa,,50,25.1,71.9,,miss,left-foot,free-kick,sofascore
8738699,27622,José Fonte,,45,10.7,52.0,,goal,head,corner,sofascore
8738699,802142,Jonathan Ikoné,,45,15.8,49.1,,save,left-foot,fast-break,sofascore
8738699,18864,Burak Yılmaz,,43,13.3,37.3,,miss,head,assisted,sofascore
8738699,18864,Burak Yılmaz,,38,23.4,40.8,,miss,right-foot,regular,sofascore
8738699,798002,Toma Bašić,,29,4.4,46.4,,goal,left-foot,corner,sofascore
8738699,802142,Jonathan Ikoné,,21,23.8,73.4,,miss,left-foot,free-kick,sofascore
8738699,595576,Jonathan Bamba,,17,13.9,34.6,,goal,right-foot,assisted,sofascore
8738699,3305,Hatem Ben Arfa,,12,9.3,34.5,,save,left-foot,assisted,sofascore
8738699,18864,Burak Yılmaz,,11,19.2,39.8,,block,left-foot,assisted,sofascore
8738700,802159,Habibou Diallo,,90,7.7,23.1,,miss,left-foot,regular,sofascore
8738700,802159,Habibou Diallo,,87,25.9,47.4,,miss,right-foot,regular,sofascore
8738700,231946,Adrien Thomasson,,78,6.7,50.1,,goal,right-foot,assisted,sofascore
8738700,231946,Adrien Thomasson,,74,8.8,57.1,,save,left-foot,assisted,sofascore
8738700,250453,Opa Nguette,,70,20.5,39.8,,goal,right-foot,assisted,sofascore
8738700,945063,Mohamed Simakan,,66,4.2,58.3,,goal,head,corner,sofascore
8738700,829093,Ibrahima Sissoko,,60,21.2,63.9,,miss,right-foot,assisted,sofascore
8738700,945063,Mohamed Simakan,,59,7.5,51.9,,save,head,corner,sofascore
8738700,343971,Ludovic Ajorque,,54,14.5,38.8,,block,left-foot,assisted,sofascore
8738700,343971,Ludovic Ajorque,,52,51.7,50.5,,miss,left-foot,regular,sofascore
8738700,845271,Dylan Bronn,,51,11.5,49.7,,save,right-foot,penalty,sofascore
8738700,914660,Mehdi Chahiri,,46,25.5,35.2,,miss,right-foot,corner,sofascore
8738700,945063,Mohamed Simakan,,39,34.3,62.9,,miss,right-foot,assisted,sofascore
8738700,940360,Warren Tchimbembé,,38,11.1,44.2,,miss,head,assisted,sofascore
8738700,343971,Ludovic Ajorque,,37,16.7,38.4,,miss,left-foot,assisted,sofascore
8738700,845271,Dylan Bronn,,35,11.4,50.0,,goal,right-foot,penalty,sofascore
8738700,940360,Warren Tchimbembé,,33,8.0,45.6,,block,right-foot,assisted,sofascore
8738700,802159,Habibou Diallo,,28,13.2,69.6,,miss,right-foot,assisted,sofascore
8738700,914660,Mehdi Chahiri,,27,17.2,35.7,,miss,right-foot,regular,sofascore
8738700,229722,Farid Boulaya,,19,29.2,51.3,,miss,right-foot,assisted,sofascore
8738700,289977,Alexander Djiku,,12,29.7,47.5,,miss,right-foot,assisted,sofascore
8738700,802159,Habibou Diallo,,10,18.1,63.1,,miss,left-foot,regular,sofascore
8738700,343971,Ludovic Ajorque,,2,20.5,38.0,,miss,left-foot,regular,sofascore
8738701,280439,Maxwel Cornet,,90,4.5,29.8,,save,left-foot,assisted,sofascore
8738701,605552,Irvin Cardona,,90,13.0,66.1,,miss,right-foot,fast-break,sofascore
8738701,913942,Romain Faivre,,90,11.5,50.0,,goal,left-foot,penalty,sofascore
8738701,280439,Maxwel Cornet,,81,6.9,38.5,,goal,left-foot,assisted,sofascore
8738701,866469,Bruno Guimarães,,80,18.8,38.6,,miss,right-foot,assisted,sofascore
8738701,810535,Tino Kadewere,,77,2.7,45.2,,post,right-foot,regular,sofascore
8738701,138833,Memphis Depay,,77,21.6,15.8,,save,right-foot,assisted,sofascore
8738701,846081,Houssem Aouar,,72,14.1,58.6,,block,right-foot,assisted,sofascore
8738701,44213,Gaëtan Charbonnier,,72,24.7,60.5,,block,left-foot,assisted,sofascore
8738701,138833,Memphis Depay,,69,11.5,50.0,,goal,right-foot,penalty,sofascore
8738701,148196,Cristian Battocchio,,67,20.8,30.9,,save,right-foot,corner,sofascore
8738701,605552,Irvin Cardona,,66,10.3,32.5,,block,left-foot,assisted,sofascore
8738701,138833,Memphis Depay,,66,26.3,34.9,,block,right-foot,assisted,sofascore
8738701,866469,Bruno Guimarães,,61,29.6,37.0,,save,right-foot,assisted,sofascore
8738701,138833,Memphis Depay,,59,14.1,64.0,,block,right-foot,fast-break,sofascore
8738701,846081,Houssem Aouar,,58,9.6,30.9,,miss,right-foot,regular,sofascore
8738701,552680,Léo Dubois,,58,18.0,68.5,,post,left-foot,regular,sofascore
8738701,839981,Lucas Paquetá,,58,19.2,43.7,,block,left-foot,corner,sofascore
8738701,318653,Moussa Dembélé,,57,4.6,58.1,,save,right-foot,assisted,sofascore
8738701,839981,Lucas Paquetá,,56,3.2,38.2,,save,left-foot,regular,sofascore
8738701,318653,Moussa Dembélé,,56,19.5,38.6,,save,right-foot,assisted,sofascore
8738701,990820,Hianga'a M'Bock,,50,26.4,52.8,,block,right-foot,regular,sofascore
8738701,859027,Maxence Caqueret,,45,25.9,57.2,,miss,right-foot,corner,sofascore
8738701,318653,Moussa Dembélé,,44,11.2,47.6,,miss,right-foot,assisted,sofascore
8738701,810535,Tino Kadewere,,43,11.5,59.8,,block,right-foot,corner,sofascore
8738701,48535,Anthony Lopes,,39,1.3,53.2,,goal,other,regular,sofascore
8738701,307096,Romain Philippoteaux,,39,22.2,66.3,,post,left-foot,assisted,sofascore
8738701,36704,Marcelo,,31,9.8,47.2,,miss,head,corner,sofascore
8738701,810535,Tino Kadewere,,29,10.3,57.2,,miss,right-foot,regular,sofascore
8738701,318653,Moussa Dembélé,,19,19.5,44.6,,save,right-foot,assisted,sofascore
8738701,552680,Léo Dubois,,17,25.2,64.9,,miss,right-foot,corner,sofascore
8738701,36704,Marcelo,,16,11.3,52.4,,miss,head,corner,sofascore
8738701,810535,Tino Kadewere,,16,10.9,67.6,,save,right-foot,assisted,sofascore
8738701,842931,Karl Toko Ekambi,,11,12.6,29.1,,save,right-foot,regular,sofascore
8738701,318653,Moussa Dembélé,,11,20.1,56.9,,block,right-foot,assisted,sofascore
8738701,148196,Cristian Battocchio,,3,11.7,36.3,,miss,right-foot,assisted,sofascore
8738701,810535,Tino Kadewere,,1,14.1,58.2,,block,left-foot,assisted,sofascore
8738702,345035,Steve Mounié,,90,7.4,51.8,,miss,head,corner,sofascore
8738702,208234,Fouad Chafik,,90,25.4,52.1,,miss,right-foot,corner,sofascore
8738702,557166,Mama Baldé,,77,21.9,68.7,,save,left-foot,assisted,sofascore
8738702,786305,Roger Assalé,,71,5.5,57.6,,miss,right-foot,assisted,sofascore
8738702,605552,Irvin Cardona,,68,5.0,68.0,,miss,right-foot,assisted,sofascore
8738702,281013,Bersant Celina,,61,22.4,47.6,,miss,right-foot,assisted,sofascore
8738702,557166,Mama Baldé,,57,7.7,64.6,,block,left-foot,regular,sofascore
8738702,557166,Mama Baldé,,51,10.7,58.2,,miss,head,corner,sofascore
8738702,31993,Bruno Ecuele Manga,,45,9.3,47.5,,block,head,set-piece,sofascore
8738702,281013,Bersant Celina,,43,30.8,44.2,,miss,right-foot,free-kick,sofascore
8738702,605552,Irvin Cardona,,40,11.1,53.2,,goal,right-foot,assisted,sofascore
8738702,827519,Romain Perraud,,35,12.1,23.7,,miss,left-foot,assisted,sofascore
8738702,281013,Bersant Celina,,32,12.7,65.2,,miss,right-foot,regular,sofascore
8738702,786305,Roger Assalé,,29,3.4,40.8,,goal,right-foot,regular,sofascore
8738702,345035,Steve Mounié,,27,6.4,52.0,,goal,head,corner,sofascore
8738702,927975,Jean Lucas,,26,24.0,27.7,,block,right-foot,free-kick,sofascore
8738702,345035,Steve Mounié,,23,8.6,66.3,,miss,right-foot,assisted,sofascore
8738702,280453,Franck Honorat,,17,4.3,59.9,,goal,right-foot,fast-break,sofascore
8738702,827519,Romain Perraud,,7,18.4,63.6,,miss,left-foot,free-kick,sofascore
8738702,605552,Irvin Cardona,,4,14.8,53.0,,miss,head,assisted,sofascore
8738703,935564,Jonathan David,,90,10.0,42.9,,goal,right-foot,assisted,sofascore
8738703,802142,Jonathan Ikoné,,90,22.6,45.0,,miss,left-foot,regular,sofascore
8738703,935564,Jonathan David,,90,15.1,43.7,,save,right-foot,assisted,sofascore
8738703,935564,Jonathan David,,90,1.8,44.9,,goal,left-foot,regular,sofascore
8738703,802142,Jonathan Ikoné,,90,11.5,36.5,,save,left-foot,assisted,sofascore
8738703,27622,José Fonte,,83,8.4,66.4,,block,right-foot,corner,sofascore
8738703,910046,Sven Botman,,75,7.2,49.3,,miss,head,corner,sofascore
8738703,935564,Jonathan David,,63,2.9,34.6,,miss,head,regular,sofascore
8738703,935564,Jonathan David,,63,4.6,36.1,,save,left-foot,assisted,sofascore
8738703,802142,Jonathan Ikoné,,60,26.2,57.5,,block,left-foot,assisted,sofascore
8738703,935564,Jonathan David,,56,7.0,40.2,,miss,left-foot,assisted,sofascore
8738703,855810,Tim Weah,,55,18.8,50.1,,save,right-foot,assisted,sofascore
8738703,161325,Arkadiusz Milik,,52,3.4,71.9,,miss,right-foot,assisted,sofascore
8738703,318967,Renato Sanches,,43,26.1,56.1,,miss,right-foot,assisted,sofascore
8738703,826204,Boubacar Kamara,,35,23.5,48.5,,save,right-foot,assisted,sofascore
8738703,935564,Jonathan David,,26,18.7,28.1,,block,right-foot,assisted,sofascore
8738703,831424,Reinildo Mandava,,22,17.8,32.6,,miss,right-foot,assisted,sofascore
8738703,855810,Tim Weah,,21,3.4,64.3,,block,right-foot,regular,sofascore
8738703,910046,Sven Botman,,17,9.0,46.8,,block,head,corner,sofascore
8738703,51665,Benjamin André,,16,13.0,63.3,,block,right-foot,regular,sofascore
8738703,802142,Jonathan Ikoné,,14,5.3,67.6,,miss,right-foot,assisted,sofascore
8738703,318967,Renato Sanches,,14,24.4,47.6,,save,right-foot,regular,sofascore
8738703,148824,Florian Thauvin,,12,25.2,73.4,,block,left-foot,free-kick,sofascore
8738703,893008,Zeki Çelik,,5,12.0,59.1,,save,head,corner,sofascore
8738703,855810,Tim Weah,,5,13.2,46.6,,block,right-foot,regular,sofascore
8738703,827804,Yusuf Yazıcı,,4,16.2,58.5,,block,left-foot,assisted,sofascore
8738704,1014408,Maxence Rivera,,90,9.3,35.2,,block,left-foot,set-piece,sofascore
8738704,869931,Yvan Neyou,,90,14.3,51.5,,save,right-foot,assisted,sofascore
8738704,930584,Farid El Melali,,71,4.6,33.8,,block,left-foot,assisted,sofascore
8738704,153220,Stéphane Bahoken,,69,8.7,74.5,,miss,right-foot,assisted,sofascore
8738704,41605,Timothée Kolodziejczak,,68,7.1,51.1,,miss,head,corner,sofascore
8738704,795128,Harold Moukoudi,,59,7.7,45.1,,miss,head,corner,sofascore
8738704,3579,Mathieu Debuchy,,59,8.5,49.9,,miss,right-foot,corner,sofascore
8738704,869931,Yvan Neyou,,58,22.4,29.8,,save,left-foot,assisted,sofascore
8738704,831400,Mathias Pereira Lage,,57,20.4,43.1,,miss,right-foot,regular,sofascore
8738704,760618,Denis Bouanga,,54,20.8,27.9,,miss,right-foot,assisted,sofascore
8738704,760618,Denis Bouanga,,52,8.1,41.6,,save,right-foot,regular,sofascore
8738704,308130,Jimmy Cabot,,47,22.9,62.5,,block,right-foot,corner,sofascore
8738704,787540,Angelo Fulgini,,46,8.7,44.2,,save,head,assisted,sofascore
8738704,38716,Ryad Boudebouz,,42,15.6,64.0,,miss,right-foot,regular,sofascore
8738704,38716,Ryad Boudebouz,,36,8.7,55.2,,block,right-foot,assisted,sofascore
8738704,831400,Mathias Pereira Lage,,35,25.3,25.3,,save,right-foot,free-kick,sofascore
8738704,831400,Mathias Pereira Lage,,30,10.0,46.6,,block,head,corner,sofascore
8738704,308130,Jimmy Cabot,,29,9.6,60.9,,save,right-foot,regular,sofascore
8738704,38716,Ryad Boudebouz,,25,23.6,63.9,,block,left-foot,assisted,sofascore
8738704,3579,Mathieu Debuchy,,25,5.7,54.3,,miss,head,set-piece,sofascore
8738704,38716,Ryad Boudebouz,,20,26.8,57.6,,miss,left-foot,assisted,sofascore
8738704,848458,Arnaud Nordin,,11,25.9,52.4,,miss,right-foot,assisted,sofascore
8738705,954059,Bandiougou Fadiga,,90,26.8,52.6,,save,right-foot,assisted,sofascore
8738705,282095,Adrian Grbić,,89,12.4,58.1,,miss,right-foot,assisted,sofascore
8738705,282095,Adrian Grbić,,88,1.4,44.0,,post,right-foot,assisted,sofascore
8738705,135775,Layvin Kurzawa,,80,3.4,29.5,,post,left-foot,assisted,sofascore
8738705,152420,Alessandro Florenzi,,79,19.6,67.3,,miss,right-foot,set-piece,sofascore
8738705,826643,Kylian Mbappé,,79,18.9,30.7,,block,right-foot,free-kick,sofascore
8738705,96367,Rafinha Alcântara,,68,10.5,56.5,,block,right-foot,assisted,sofascore
8738705,44860,Thomas Fontaine,,67,26.6,44.5,,miss,left-foot,assisted,sofascore
8738705,805123,Yoane Wissa,,65,7.3,49.1,,save,right-foot,regular,sofascore
8738705,16429,Jérémy Morel,,65,4.0,31.0,,save,left-foot,assisted,sofascore
8738705,835601,Moise Kean,,61,13.3,56.4,,goal,right-foot,assisted,sofascore
8738705,152420,Alessandro Florenzi,,56,13.2,74.2,,save,right-foot,regular,sofascore
8738705,96367,Rafinha Alcântara,,56,25.2,38.8,,save,left-foot,assisted,sofascore
8738705,826643,Kylian Mbappé,,56,13.4,43.9,,miss,right-foot,assisted,sofascore
8738705,826643,Kylian Mbappé,,53,12.6,44.8,,miss,right-foot,assisted,sofascore
8738705,826643,Kylian Mbappé,,51,11.4,50.1,,goal,right-foot,penalty,sofascore
8738705,835601,Moise Kean,,44,13.1,54.0,,miss,right-foot,regular,sofascore
8738705,96367,Rafinha Alcântara,,43,15.7,66.6,,miss,right-foot,assisted,sofascore
8738705,82474,Ander Herrera,,42,21.4,39.4,,post,right-foot,assisted,sofascore
8738705,984014,Enzo Le Fée,,39,9.9,64.8,,block,right-foot,assisted,sofascore
8738705,106337,Idrissa Gana Gueye,,29,20.9,62.0,,block,right-foot,corner,sofascore
8738705,135775,Layvin Kurzawa,,29,4.4,42.5,,block,head,corner,sofascore
8738705,954050,Timothée Pembélé,,27,9.0,49.3,,save,head,corner,sofascore
8738705,826643,Kylian Mbappé,,27,9.5,28.2,,save,left-foot,assisted,sofascore
8738705,894396,Terem Moffi,,25,10.9,35.6,,miss,left-foot,regular,sofascore
8738705,954050,Timothée Pembélé,,18,10.6,56.3,,block,left-foot,corner,sofascore
8738705,152420,Alessandro Florenzi,,18,19.9,38.0,,miss,right-foot,corner,sofascore
8738705,106337,Idrissa Gana Gueye,,15,25.7,38.5,,miss,right-foot,regular,sofascore
8738705,152420,Alessandro Florenzi,,14,25.8,42.7,,block,right-foot,corner,sofascore
8738705,805123,Yoane Wissa,,8,18.4,54.6,,save,right-foot,fast-break,sofascore
8738705,106337,Idrissa Gana Gueye,,5,26.9,44.0,,save,right-foot,assisted,sofascore
8738705,82474,Ander Herrera,,2,8.6,77.0,,miss,right-foot,regular,sofascore
8738706,957889,Enzo Millot,,90,6.7,57.3,,miss,head,set-piece,sofascore
8738706,957889,Enzo Millot,,90,13.8,34.2,,save,left-foot,assisted,sofascore
8738706,119192,Wissam Ben Yedder,,79,11.5,49.8,,goal,right-foot,penalty,sofascore
8738706,150212,Álvaro González,,67,13.1,36.7,,miss,head,corner,sofascore
8738706,826204,Boubacar Kamara,,67,18.4,52.8,,block,right-foot,assisted,sofascore
8738706,827243,Axel Disasi,,64,8.3,48.2,,miss,head,assisted,sofascore
8738706,839226,Pietro Pellegri,,60,11.0,65.5,,miss,right-foot,assisted,sofascore
8738706,148824,Florian Thauvin,,59,6.5,68.2,,miss,left-foot,assisted,sofascore
8738706,859025,Aurélien Tchouaméni,,37,14.5,34.2,,save,right-foot,assisted,sofascore
8738706,827243,Axel Disasi,,34,8.7,53.0,,block,other,corner,sofascore
8738706,904827,Benoît Badiashile,,33,24.5,52.0,,save,left-foot,set-piece,sofascore
8738706,122630,Darío Benedetto,,13,3.2,46.6,,goal,right-foot,assisted,sofascore
8738706,148824,Florian Thauvin,,5,4.8,53.2,,goal,head,assisted,sofascore
8738706,119192,Wissam Ben Yedder,,1,3.2,44.5,,miss,left-foot,assisted,sofascore
8738707,877102,Nayef Aguerd,,81,7.4,45.6,,miss,head,set-piece,sofascore
8738707,801287,Faitout Maouassa,,77,24.6,31.4,,miss,right-foot,assisted,sofascore
8738707,999028,Adrien Truffert,,76,5.0,47.2,,miss,head,assisted,sofascore
8738707,362014,Hamari Traoré,,70,6.7,69.0,,miss,right-foot,assisted,sofascore
8738707,934386,Jérémy Doku,,68,22.1,59.7,,save,left-foot,assisted,sofascore
8738707,330063,Danilo Barbosa,,60,27.3,53.0,,miss,right-foot,free-kick,sofascore
8738707,822877,Alexis Claude-Maurice,,56,18.8,62.9,,save,right-foot,regular,sofascore
8738707,801287,Faitout Maouassa,,51,23.1,59.7,,miss,left-foot,assisted,sofascore
8738707,934386,Jérémy Doku,,49,12.0,43.4,,block,left-foot,assisted,sofascore
8738707,973887,Eduardo Camavinga,,46,22.6,68.7,,block,left-foot,assisted,sofascore
8738707,859026,Amine Gouiri,,42,5.2,51.4,,miss,right-foot,assisted,sofascore
8738707,859026,Amine Gouiri,,38,14.3,50.4,,miss,head,assisted,sofascore
8738707,794269,Jeff Reine-Adélaïde,,36,12.0,28.5,,block,left-foot,assisted,sofascore
8738707,985923,Hicham Boudaoui,,33,20.8,64.9,,miss,right-foot,corner,sofascore
8738707,351434,Hassane Kamara,,30,19.9,33.4,,miss,left-foot,corner,sofascore
8738707,901885,Flavius Daniliuc,,30,10.3,40.8,,block,right-foot,corner,sofascore
8738707,139228,M'Baye Niang,,28,13.7,34.2,,goal,right-foot,assisted,sofascore
8738707,877102,Nayef Aguerd,,25,6.8,43.8,,save,head,corner,sofascore
8738707,801287,Faitout Maouassa,,24,22.3,31.5,,save,right-foot,regular,sofascore
8738707,999028,Adrien Truffert,,22,16.0,44.1,,save,left-foot,corner,sofascore
8738707,877102,Nayef Aguerd,,15,6.1,54.0,,miss,head,corner,sofascore
8738707,877102,Nayef Aguerd,,14,8.1,51.3,,block,head,corner,sofascore
8738707,934386,Jérémy Doku,,14,6.2,64.0,,block,right-foot,assisted,sofascore
8738707,822877,Alexis Claude-Maurice,,12,21.5,47.2,,save,right-foot,assisted,sofascore
8738707,822877,Alexis Claude-Maurice,,8,13.0,40.0,,miss,right-foot,assisted,sofascore
8738707,801287,Faitout Maouassa,,6,11.7,34.5,,miss,left-foot,corner,sofascore
8738707,859026,Amine Gouiri,,2,18.5,63.7,,save,right-foot,regular,sofascore
8738708,805123,Yoane Wissa,,90,6.3,54.0,,goal,right-foot,fast-break,sofascore
8738708,822878,Lamine Fomba,,79,23.8,46.4,,miss,right-foot,set-piece,sofascore
8738708,805123,Yoane Wissa,,72,11.5,51.0,,post,right-foot,assisted,sofascore
8738708,826134,Trevoh Chalobah,,69,2.7,56.7,,miss,head,corner,sofascore
8738708,842400,Zinedine Ferhat,,66,9.0,57.5,,save,head,assisted,sofascore
8738708,822878,Lamine Fomba,,63,9.1,53.0,,save,head,assisted,sofascore
8738708,777067,Florian Miguel,,57,10.0,42.5,,miss,head,corner,sofascore
8738708,932643,Armand Laurienté,,54,11.5,24.4,,save,right-foot,assisted,sofascore
8738708,857471,Pierre-Yves Hamel,,49,10.7,48.0,,miss,head,fast-break,sofascore
8738708,944142,Yassine Benrahou,,44,14.1,61.2,,block,left-foot,assisted,sofascore
8738708,316196,Niclas Eliasson,,40,10.5,33.6,,block,left-foot,assisted,sofascore
8738708,857471,Pierre-Yves Hamel,,29,11.6,50.1,,goal,right-foot,penalty,sofascore
8738708,857471,Pierre-Yves Hamel,,24,10.4,56.7,,miss,head,assisted,sofascore
8738708,932643,Armand Laurienté,,24,9.9,73.5,,save,right-foot,assisted,sofascore
8738708,826134,Trevoh Chalobah,,17,23.5,74.2,,block,right-foot,assisted,sofascore
8738708,932643,Armand Laurienté,,14,15.1,48.8,,miss,right-foot,corner,sofascore
8738708,932643,Armand Laurienté,,13,20.8,69.9,,block,left-foot,assisted,sofascore
8738708,857471,Pierre-Yves Hamel,,8,9.0,44.8,,miss,head,assisted,sofascore
8738708,827386,Quentin Boisgard,,2,11.1,57.3,,goal,right-foot,fast-break,sofascore
8738709,27009,Morgan Schneiderlin,,89,9.0,49.9,,block,head,corner,sofascore
8738709,944327,Dan Ndoye,,88,11.0,34.3,,block,right-foot,regular,sofascore
8738709,839226,Pietro Pellegri,,87,11.6,64.2,,miss,right-foot,assisted,sofascore
8738709,877979,Willem Geubbels,,83,4.3,66.0,,post,right-foot,assisted,sofascore
8738709,190147,Rony Lopes,,79,25.7,59.1,,miss,left-foot,assisted,sofascore
8738709,801306,Pierre Lees Melou,,76,30.6,34.2,,miss,right-foot,regular,sofascore
8738709,801306,Pierre Lees Melou,,69,3.9,52.2,,goal,right-foot,regular,sofascore
8738709,796279,Jordan Lotomba,,69,23.7,69.6,,save,left-foot,assisted,sofascore
8738709,119192,Wissam Ben Yedder,,65,9.5,70.3,,miss,right-foot,assisted,sofascore
8738709,944164,Sofiane Diop,,53,9.5,62.0,,goal,right-foot,regular,sofascore
8738709,794269,Jeff Reine-Adélaïde,,51,24.9,60.3,,save,left-foot,assisted,sofascore
8738709,364618,Gelson Martins,,41,2.7,38.0,,save,left-foot,assisted,sofascore
8738709,119192,Wissam Ben Yedder,,38,11.4,67.8,,block,right-foot,assisted,sofascore
8738709,795761,Kasper Dolberg,,31,21.5,34.9,,save,left-foot,assisted,sofascore
8738709,827243,Axel Disasi,,23,6.3,49.3,,goal,head,corner,sofascore
8738709,859025,Aurélien Tchouaméni,,18,7.5,44.3,,miss,head,corner,sofascore
8738709,364618,Gelson Martins,,16,19.3,43.1,,miss,right-foot,corner,sofascore
8738709,119192,Wissam Ben Yedder,,11,13.8,55.5,,save,right-foot,assisted,sofascore
8738709,945062,Youssouf Fofana,,9,25.1,69.1,,save,right-foot,regular,sofascore
8738709,117373,Kevin Volland,,9,11.4,61.5,,save,right-foot,assisted,sofascore
8738709,364618,Gelson Martins,,4,14.1,32.8,,block,right-foot,assisted,sofascore
8738709,119192,Wissam Ben Yedder,,3,18.4,40.0,,save,left-foot,assisted,sofascore
8738709,117373,Kevin Volland,,3,13.9,60.8,,save,left-foot,assisted,sofascore
8738710,518,Cesc Fàbregas,,84,11.5,50.0,,goal,right-foot,penalty,sofascore
8738710,518,Cesc Fàbregas,,80,11.6,42.4,,miss,left-foot,assisted,sofascore
8738710,138573,Pablo Sarabia,,79,15.0,60.8,,save,left-foot,assisted,sofascore
8738710,518,Cesc Fàbregas,,74,5.2,49.3,,miss,right-foot,regular,sofascore
8738710,124712,Neymar,,68,26.2,46.3,,save,right-foot,free-kick,sofascore
8738710,117373,Kevin Volland,,65,2.3,48.0,,goal,left-foot,assisted,sofascore
8738710,835601,Moise Kean,,63,12.7,35.5,,miss,left-foot,assisted,sofascore
8738710,117373,Kevin Volland,,52,5.0,48.5,,goal,left-foot,regular,sofascore
8738710,364618,Gelson Martins,,52,10.7,61.8,,block,left-foot,assisted,sofascore
8738710,117373,Kevin Volland,,50,4.8,41.2,,save,head,corner,sofascore
8738710,859025,Aurélien Tchouaméni,,49,26.9,47.9,,miss,right-foot,assisted,sofascore
8738710,845170,Caio Henrique,,49,13.4,34.6,,block,right-foot,assisted,sofascore
8738710,30027,Ángel Di María,,47,19.8,55.5,,miss,left-foot,free-kick,sofascore
8738710,835601,Moise Kean,,44,7.3,47.0,,post,head,assisted,sofascore
8738710,859025,Aurélien Tchouaméni,,41,27.5,37.5,,miss,right-foot,assisted,sofascore
8738710,826643,Kylian Mbappé,,37,11.5,50.0,,goal,right-foot,penalty,sofascore
8738710,877979,Willem Geubbels,,32,4.9,58.2,,miss,head,regular,sofascore
8738710,364618,Gelson Martins,,29,12.1,76.6,,miss,right-foot,assisted,sofascore
8738710,826643,Kylian Mbappé,,25,10.8,60.4,,goal,right-foot,fast-break,sofascore
8738710,945062,Youssouf Fofana,,24,31.3,41.5,,miss,right-foot,assisted,sofascore
8738710,30027,Ángel Di María,,18,27.2,47.6,,miss,left-foot,assisted,sofascore
8738710,99545,Danilo Pereira,,12,27.1,47.8,,miss,right-foot,assisted,sofascore
8738710,117373,Kevin Volland,,10,22.2,65.8,,save,left-foot,free-kick,sofascore
8738710,944164,Sofiane Diop,,8,24.6,33.7,,miss,right-foot,assisted,sofascore
8738711,932643,Armand Laurienté,,90,19.2,42.3,,miss,left-foot,regular,sofascore
8738711,282095,Adrian Grbić,,89,5.1,60.5,,miss,head,corner,sofascore
8738711,973887,Eduardo Camavinga,,84,22.3,36.1,,save,left-foot,regular,sofascore
8738711,827386,Quentin Boisgard,,83,13.1,48.7,,goal,right-foot,assisted,sofascore
8738711,156303,Jérôme Hergault,,81,8.3,33.4,,miss,left-foot,assisted,sofascore
8738711,932643,Armand Laurienté,,77,25.4,51.3,,miss,right-foot,assisted,sofascore
8738711,932643,Armand Laurienté,,71,24.8,57.3,,block,right-foot,assisted,sofascore
8738711,934386,Jérémy Doku,,59,13.4,51.1,,block,left-foot,assisted,sofascore
8738711,26890,Fabien Lemoine,,51,17.8,36.1,,miss,right-foot,regular,sofascore
8738711,39009,Clément Grenier,,45,13.5,38.6,,save,right-foot,corner,sofascore
8738711,324399,Benjamin Bourigeaud,,45,9.3,41.6,,save,right-foot,assisted,sofascore
8738711,39009,Clément Grenier,,43,15.7,56.3,,miss,right-foot,corner,sofascore
8738711,26890,Fabien Lemoine,,41,4.6,63.9,,miss,head,set-piece,sofascore
8738711,801287,Faitout Maouassa,,28,12.8,29.7,,miss,right-foot,corner,sofascore
8738711,894396,Terem Moffi,,25,14.5,42.5,,save,left-foot,assisted,sofascore
8738711,894396,Terem Moffi,,17,22.6,67.8,,save,left-foot,assisted,sofascore
8738711,324399,Benjamin Bourigeaud,,16,25.8,55.0,,save,right-foot,assisted,sofascore
8738711,846445,Martin Terrier,,14,6.8,43.9,,goal,left-foot,regular,sofascore
8738711,973887,Eduardo Camavinga,,14,18.4,54.2,,save,right-foot,assisted,sofascore
8738711,39009,Clément Grenier,,7,14.2,57.7,,block,right-foot,assisted,sofascore
8738711,984014,Enzo Le Fée,,5,20.4,70.9,,miss,left-foot,assisted,sofascore
8738711,827934,Andreaw Gravillon,,4,9.5,50.1,,miss,head,set-piece,sofascore
8738712,330051,Moses Simon,,90,15.1,33.3,,block,left-foot,fast-break,sofascore
8738712,880525,Ngonda Muzinga,,90,5.4,25.9,,save,left-foot,assisted,sofascore
8738712,938270,Abdoul Kader Bamba,,88,10.2,67.2,,save,right-foot,assisted,sofascore
8738712,806076,Ludovic Blas,,88,20.3,45.0,,miss,left-foot,assisted,sofascore
8738712,309510,Jordan Marié,,85,25.7,53.6,,miss,right-foot,corner,sofascore
8738712,897623,Alex Dobre,,83,20.6,31.0,,block,right-foot,assisted,sofascore
8738712,806076,Ludovic Blas,,83,27.7,52.1,,block,left-foot,assisted,sofascore
8738712,867438,Jonathan Panzo,,82,10.2,51.6,,miss,head,corner,sofascore
8738712,794836,Andrei Girotto,,78,12.9,57.2,,miss,right-foot,corner,sofascore
8738712,806076,Ludovic Blas,,78,12.5,33.2,,miss,left-foot,corner,sofascore
8738712,330051,Moses Simon,,78,14.8,28.8,,save,right-foot,assisted,sofascore
8738712,871706,Randal Kolo Muani,,68,17.6,34.3,,miss,right-foot,fast-break,sofascore
8738712,51299,Frédéric Sammaritano,,56,10.3,68.1,,save,right-foot,assisted,sofascore
8738712,157143,Moussa Konaté,,54,9.9,41.9,,goal,right-foot,fast-break,sofascore
8738712,157143,Moussa Konaté,,46,15.7,30.8,,miss,right-foot,assisted,sofascore
8738712,331753,Renaud Emond,,45,17.0,61.3,,save,right-foot,assisted,sofascore
8738712,191204,Jean-Charles Castelletto,,45,12.9,48.2,,save,head,set-piece,sofascore
8738712,157143,Moussa Konaté,,43,10.1,37.7,,miss,head,assisted,sofascore
8738712,157143,Moussa Konaté,,42,7.0,32.5,,block,left-foot,assisted,sofascore
8738712,51299,Frédéric Sammaritano,,40,11.7,61.2,,block,right-foot,regular,sofascore
8738712,330051,Moses Simon,,39,3.6,42.1,,block,left-foot,assisted,sofascore
8738712,794836,Andrei Girotto,,31,14.2,59.0,,block,head,set-piece,sofascore
8738712,309510,Jordan Marié,,30,23.8,42.7,,miss,right-foot,regular,sofascore
8738712,281013,Bersant Celina,,29,14.4,40.7,,miss,right-foot,assisted,sofascore
8738712,330051,Moses Simon,,24,11.5,50.0,,goal,right-foot,penalty,sofascore
8738712,330051,Moses Simon,,10,19.6,33.6,,block,left-foot,assisted,sofascore
8738712,281013,Bersant Celina,,9,23.6,71.7,,miss,right-foot,assisted,sofascore
8738712,330051,Moses Simon,,7,5.7,52.7,,save,right-foot,regular,sofascore
8738712,785418,Marcus Coco,,2,4.1,40.4,,miss,right-foot,assisted,sofascore
8738712,73056,Mehdi Abeid,,2,20.5,40.4,,miss,left-foot,regular,sofascore
8738713,842400,Zinedine Ferhat,,90,20.1,18.0,,block,right-foot,free-kick,sofascore
8738713,308130,Jimmy Cabot,,90,16.8,45.8,,goal,right-foot,assisted,sofascore
8738713,757730,Antonin Bobichon,,90,14.9,28.9,,block,right-foot,assisted,sofascore
8738713,796085,Moussa Koné,,90,5.1,49.9,,goal,head,assisted,sofascore
8738713,25506,Ismaël Traoré,,90,3.7,39.7,,miss,head,set-piece,sofascore
8738713,787540,Angelo Fulgini,,88,5.4,37.1,,block,right-foot,assisted,sofascore
8738713,930584,Farid El Melali,,87,20.1,66.9,,block,right-foot,assisted,sofascore
8738713,247445,Renaud Ripart,,85,17.2,45.0,,save,head,assisted,sofascore
8738713,294641,Loïs Diony,,82,11.5,49.7,,goal,right-foot,penalty,sofascore
8738713,294641,Loïs Diony,,73,19.0,50.9,,save,left-foot,assisted,sofascore
8738713,143871,Loïck Landre,,65,11.2,45.4,,block,right-foot,set-piece,sofascore
8738713,862470,Kévin Denkey,,65,12.1,37.1,,miss,left-foot,set-piece,sofascore
8738713,862470,Kévin Denkey,,64,22.6,35.9,,save,right-foot,regular,sofascore
8738713,153220,Stéphane Bahoken,,56,10.5,58.9,,goal,right-foot,assisted,sofascore
8738713,143871,Loïck Landre,,48,2.8,47.0,,miss,left-foot,corner,sofascore
8738713,862470,Kévin Denkey,,47,3.9,44.6,,miss,head,assisted,sofascore
8738713,257421,Ibrahim Amadou,,36,14.7,48.2,,save,right-foot,set-piece,sofascore
8738713,14142,Thomas Mangani,,36,19.6,60.2,,block,left-foot,free-kick,sofascore
8738713,831400,Mathias Pereira Lage,,35,29.8,27.1,,block,right-foot,assisted,sofascore
8738713,257421,Ibrahim Amadou,,33,11.3,49.8,,miss,right-foot,corner,sofascore
8738713,787540,Angelo Fulgini,,33,15.4,50.7,,save,right-foot,corner,sofascore
8738713,842400,Zinedine Ferhat,,31,11.0,76.5,,save,right-foot,assisted,sofascore
8738713,944142,Yassine Benrahou,,27,27.3,30.5,,miss,left-foot,free-kick,sofascore
8738713,153220,Stéphane Bahoken,,23,15.0,40.5,,goal,left-foot,assisted,sofascore
8738713,153220,Stéphane Bahoken,,15,9.6,61.4,,miss,right-foot,assisted,sofascore
8738713,257421,Ibrahim Amadou,,12,23.3,69.4,,block,right-foot,regular,sofascore
8738713,842400,Zinedine Ferhat,,7,13.6,55.7,,post,right-foot,corner,sofascore
8738713,787540,Angelo Fulgini,,5,7.4,53.6,,miss,left-foot,set-piece,sofascore
8738713,831400,Mathias Pereira Lage,,1,5.0,46.6,,goal,head,assisted,sofascore
8738714,914660,Mehdi Chahiri,,90,14.3,50.6,,miss,right-foot,regular,sofascore
8738714,845273,Jean-Ricner Bellegarde,,73,11.0,68.8,,save,right-foot,assisted,sofascore
8738714,250133,Morgan Sanson,,72,18.2,54.2,,goal,right-foot,assisted,sofascore
8738714,802159,Habibou Diallo,,69,24.8,53.4,,miss,right-foot,assisted,sofascore
8738714,231946,Adrien Thomasson,,60,18.7,38.8,,save,right-foot,assisted,sofascore
8738714,945063,Mohamed Simakan,,58,12.8,69.3,,miss,right-foot,assisted,sofascore
8738714,846471,Anthony Caci,,58,16.3,30.9,,block,right-foot,assisted,sofascore
8738714,802159,Habibou Diallo,,31,14.3,47.9,,miss,right-foot,assisted,sofascore
8738714,231946,Adrien Thomasson,,20,23.8,43.3,,miss,left-foot,corner,sofascore
8738714,231946,Adrien Thomasson,,10,20.9,66.4,,block,left-foot,regular,sofascore
8738715,789984,Dereck Kutesa,,90,10.9,51.0,,miss,head,set-piece,sofascore
8738715,579596,Moussa Doumbia,,81,24.5,27.2,,miss,right-foot,regular,sofascore
8738715,257205,Sofiane Boufal,,76,25.9,57.7,,miss,right-foot,free-kick,sofascore
8738715,157029,Xavier Chavalerin,,66,15.5,55.3,,save,right-foot,assisted,sofascore
8738715,960080,Boulaye Dia,,66,10.5,62.0,,block,right-foot,assisted,sofascore
8738715,816810,Mathieu Cafaro,,65,26.0,73.3,,miss,right-foot,free-kick,sofascore
8738715,845750,Moreto Cassama,,62,32.6,67.6,,miss,right-foot,regular,sofascore
8738715,963399,Nathanaël Mbuku,,61,13.9,69.1,,miss,left-foot,assisted,sofascore
8738715,757730,Antonin Bobichon,,60,13.9,39.8,,post,right-foot,corner,sofascore
8738715,757730,Antonin Bobichon,,59,18.8,53.7,,save,right-foot,regular,sofascore
8738715,787542,Sada Thioub,,59,18.1,54.2,,block,left-foot,assisted,sofascore
8738715,757730,Antonin Bobichon,,39,29.1,49.7,,save,right-foot,assisted,sofascore
8738715,816810,Mathieu Cafaro,,31,19.3,52.8,,miss,right-foot,assisted,sofascore
8738715,804621,Lassana Coulibaly,,30,17.5,68.4,,miss,right-foot,assisted,sofascore
8738715,960080,Boulaye Dia,,18,8.4,61.8,,miss,right-foot,assisted,sofascore
8738715,816810,Mathieu Cafaro,,16,10.9,47.6,,save,right-foot,regular,sofascore
8738716,37126,Stevan Jovetić,,90,9.6,44.9,,save,right-foot,assisted,sofascore
8738716,579576,Ruben Aguilar,,86,10.3,55.3,,save,left-foot,set-piece,sofascore
8738716,945062,Youssouf Fofana,,85,18.2,66.8,,block,right-foot,corner,sofascore
8738716,827243,Axel Disasi,,85,9.8,57.3,,block,right-foot,corner,sofascore
8738716,318963,Aleksandr Golovin,,79,9.3,66.0,,post,right-foot,assisted,sofascore
8738716,117373,Kevin Volland,,63,8.1,32.7,,block,left-foot,assisted,sofascore
8738716,794269,Jeff Reine-Adélaïde,,58,20.7,42.5,,save,left-foot,regular,sofascore
8738716,119192,Wissam Ben Yedder,,57,21.3,32.1,,block,right-foot,set-piece,sofascore
8738716,119192,Wissam Ben Yedder,,51,26.4,46.2,,goal,right-foot,free-kick,sofascore
8738716,801306,Pierre Lees Melou,,47,7.2,35.1,,goal,left-foot,regular,sofascore
8738716,851262,Myziane Maolida,,47,16.1,71.7,,post,right-foot,assisted,sofascore
8738716,944164,Sofiane Diop,,43,20.1,43.6,,save,right-foot,free-kick,sofascore
8738716,351434,Hassane Kamara,,39,26.1,36.3,,block,left-foot,regular,sofascore
8738716,945217,Jean-Clair Todibo,,33,12.0,42.5,,miss,head,set-piece,sofascore
8738716,119192,Wissam Ben Yedder,,28,11.4,50.1,,goal,right-foot,penalty,sofascore
8738716,339909,Guillermo Maripán,,22,15.1,47.0,,miss,head,corner,sofascore
8738716,339909,Guillermo Maripán,,18,9.0,44.3,,miss,head,set-piece,sofascore
8738716,119192,Wissam Ben Yedder,,15,4.7,56.5,,miss,right-foot,assisted,sofascore
8738716,944164,Sofiane Diop,,12,19.2,30.9,,miss,right-foot,regular,sofascore
8738716,119192,Wissam Ben Yedder,,6,15.2,49.3,,save,right-foot,assisted,sofascore
8738717,794836,Andrei Girotto,,90,19.7,46.2,,block,right-foot,free-kick,sofascore
8738717,760618,Denis Bouanga,,86,19.4,52.0,,save,left-foot,assisted,sofascore
8738717,21931,Anthony Modeste,,84,14.2,52.8,,save,head,set-piece,sofascore
8738717,871706,Randal Kolo Muani,,79,10.9,39.8,,miss,head,assisted,sofascore
8738717,760618,Denis Bouanga,,74,4.6,45.6,,miss,head,set-piece,sofascore
8738717,871706,Randal Kolo Muani,,72,1.8,69.4,,save,right-foot,assisted,sofascore
8738717,21931,Anthony Modeste,,69,6.0,55.7,,miss,head,assisted,sofascore
8738717,760618,Denis Bouanga,,66,9.1,59.1,,miss,head,set-piece,sofascore
8738717,806076,Ludovic Blas,,63,9.8,45.4,,miss,left-foot,assisted,sofascore
8738717,916041,Mahdi Camara,,57,4.6,44.6,,goal,right-foot,corner,sofascore
8738717,74139,Romain Hamouma,,57,6.7,36.3,,block,head,assisted,sofascore
8738717,760618,Denis Bouanga,,56,24.4,50.7,,save,right-foot,assisted,sofascore
8738717,760618,Denis Bouanga,,54,9.4,36.1,,miss,left-foot,set-piece,sofascore
8738717,47549,Sébastien Corchia,,49,23.7,51.5,,save,right-foot,free-kick,sofascore
8738717,330051,Moses Simon,,48,9.5,45.9,,post,right-foot,regular,sofascore
8738717,806076,Ludovic Blas,,48,7.0,50.1,,miss,left-foot,assisted,sofascore
8738717,760618,Denis Bouanga,,41,18.9,49.7,,save,left-foot,regular,sofascore
8738717,871706,Randal Kolo Muani,,41,17.2,61.5,,save,right-foot,fast-break,sofascore
8738717,965943,Imrân Louza,,39,22.3,59.4,,miss,left-foot,free-kick,sofascore
8738717,871706,Randal Kolo Muani,,36,7.8,58.5,,goal,right-foot,assisted,sofascore
8738717,941161,Charles Abi,,35,18.5,53.0,,block,left-foot,assisted,sofascore
8738717,916041,Mahdi Camara,,34,9.1,53.6,,save,head,set-piece,sofascore
8738717,941161,Charles Abi,,20,15.7,56.9,,miss,head,assisted,sofascore
8738717,330051,Moses Simon,,19,11.2,35.5,,save,right-foot,assisted,sofascore
8738717,790198,Pape Abou Cissé,,12,16.8,45.8,,save,head,set-piece,sofascore
8738717,330051,Moses Simon,,4,18.7,46.4,,save,right-foot,set-piece,sofascore
8738718,935564,Jonathan David,,89,14.2,49.7,,goal,right-foot,assisted,sofascore
8738718,859024,Yacine Adli,,86,15.2,43.0,,block,left-foot,set-piece,sofascore
8738718,51340,Laurent Koscielny,,86,11.7,43.0,,post,head,set-piece,sofascore
8738718,935564,Jonathan David,,82,11.7,29.3,,block,right-foot,assisted,sofascore
8738718,802142,Jonathan Ikoné,,76,2.4,64.9,,block,right-foot,assisted,sofascore
8738718,3305,Hatem Ben Arfa,,74,21.8,36.6,,save,right-foot,assisted,sofascore
8738718,840451,Luiz Araújo,,73,29.8,62.3,,save,left-foot,assisted,sofascore
8738718,798002,Toma Bašić,,71,9.0,40.8,,miss,left-foot,regular,sofascore
8738718,791314,Hwang Ui-Jo,,70,8.3,56.5,,save,head,assisted,sofascore
8738718,855810,Tim Weah,,66,6.5,55.9,,goal,right-foot,fast-break,sofascore
8738718,798002,Toma Bašić,,65,10.0,58.5,,block,head,corner,sofascore
8738718,827804,Yusuf Yazıcı,,54,10.3,45.4,,goal,right-foot,assisted,sofascore
8738718,791314,Hwang Ui-Jo,,39,11.1,56.0,,miss,right-foot,assisted,sofascore
8738718,833030,Samuel Kalu,,36,23.8,50.5,,miss,right-foot,assisted,sofascore
8738718,858705,Xeka,,33,18.8,51.9,,miss,right-foot,regular,sofascore
8738718,833030,Samuel Kalu,,29,8.7,34.2,,save,right-foot,assisted,sofascore
8738718,595576,Jonathan Bamba,,23,21.8,38.8,,save,right-foot,regular,sofascore
8738718,842709,Rémi Oudin,,17,22.1,68.2,,save,left-foot,assisted,sofascore
8738718,802142,Jonathan Ikoné,,11,12.7,71.5,,miss,left-foot,assisted,sofascore
8738718,827804,Yusuf Yazıcı,,10,16.3,45.9,,save,head,assisted,sofascore
8738718,802142,Jonathan Ikoné,,1,7.7,52.8,,miss,head,assisted,sofascore
8738719,329303,Thiago Mendes,,85,24.6,53.4,,block,right-foot,corner,sofascore
8738719,786029,Didier Ndong,,72,20.2,32.5,,miss,right-foot,assisted,sofascore
8738719,329303,Thiago Mendes,,69,19.0,49.7,,save,right-foot,assisted,sofascore
8738719,786029,Didier Ndong,,68,28.0,52.8,,miss,right-foot,assisted,sofascore
8738719,36704,Marcelo,,68,12.5,42.4,,miss,head,corner,sofascore
8738719,281013,Bersant Celina,,66,14.0,40.3,,save,left-foot,assisted,sofascore
8738719,557166,Mama Baldé,,65,13.7,48.6,,block,right-foot,assisted,sofascore
8738719,846081,Houssem Aouar,,57,21.6,29.8,,save,right-foot,assisted,sofascore
8738719,839981,Lucas Paquetá,,53,29.3,66.1,,save,left-foot,regular,sofascore
8738719,138833,Memphis Depay,,53,8.1,41.5,,save,head,assisted,sofascore
8738719,846081,Houssem Aouar,,49,16.8,52.0,,block,right-foot,assisted,sofascore
8738719,904994,Eric Ebimbe,,44,22.2,71.1,,miss,right-foot,assisted,sofascore
8738719,36704,Marcelo,,43,10.1,37.3,,miss,head,corner,sofascore
8738719,138833,Memphis Depay,,42,13.1,29.7,,block,right-foot,fast-break,sofascore
8738719,31993,Bruno Ecuele Manga,,41,10.2,40.6,,miss,head,set-piece,sofascore
8738719,826551,Pape Cheikh,,39,19.6,52.5,,miss,left-foot,assisted,sofascore
8738719,51299,Frédéric Sammaritano,,38,25.2,57.6,,miss,right-foot,free-kick,sofascore
8738719,157143,Moussa Konaté,,35,8.3,58.6,,save,right-foot,regular,sofascore
8738719,904994,Eric Ebimbe,,35,8.7,60.8,,miss,left-foot,fast-break,sofascore
8738719,157143,Moussa Konaté,,31,9.8,56.4,,miss,head,assisted,sofascore
8738719,51299,Frédéric Sammaritano,,27,7.9,49.0,,miss,head,assisted,sofascore
8738719,842931,Karl Toko Ekambi,,24,3.6,51.8,,miss,right-foot,assisted,sofascore
8738719,839981,Lucas Paquetá,,22,13.0,61.3,,goal,left-foot,assisted,sofascore
8738719,996951,Sinaly Diomandé,,21,9.9,39.7,,miss,head,corner,sofascore
8738719,138833,Memphis Depay,,19,4.5,71.8,,save,right-foot,assisted,sofascore
8738719,846081,Houssem Aouar,,17,4.6,44.7,,save,right-foot,regular,sofascore
8738719,846081,Houssem Aouar,,17,9.6,44.0,,post,right-foot,assisted,sofascore
8738719,51299,Frédéric Sammaritano,,10,24.5,49.9,,miss,right-foot,regular,sofascore
8738719,904994,Eric Ebimbe,,8,26.7,47.3,,block,left-foot,regular,sofascore
8738719,842931,Karl Toko Ekambi,,8,9.2,58.5,,save,right-foot,corner,sofascore
8738720,788921,Florian Sotoca,,90,10.7,56.9,,goal,head,assisted,sofascore
8738720,788921,Florian Sotoca,,90,4.8,46.0,,goal,head,assisted,sofascore
8738720,954061,Arnaud Kalimuendo,,85,22.5,66.6,,miss,left-foot,assisted,sofascore
8738720,960080,Boulaye Dia,,81,7.0,46.8,,goal,left-foot,regular,sofascore
8738720,860307,Facundo Medina,,79,13.4,63.0,,goal,left-foot,regular,sofascore
8738720,245615,Thomas Foket,,77,8.6,53.0,,goal,left-foot,regular,sofascore
8738720,821728,Jonathan Clauss,,72,5.4,67.5,,miss,right-foot,assisted,sofascore
8738720,860307,Facundo Medina,,62,9.9,48.1,,miss,left-foot,assisted,sofascore
8738720,339227,Steven Fortes,,61,24.9,61.5,,block,right-foot,assisted,sofascore
8738720,593546,Tony Mauricio,,58,22.4,59.6,,block,left-foot,assisted,sofascore
8738720,960080,Boulaye Dia,,54,6.8,31.6,,goal,left-foot,assisted,sofascore
8738720,1047364,Ismaël Boura,,51,16.5,15.5,,miss,right-foot,assisted,sofascore
8738720,816810,Mathieu Cafaro,,47,9.3,72.1,,goal,right-foot,regular,sofascore
8738720,788921,Florian Sotoca,,45,7.4,43.3,,miss,head,assisted,sofascore
8738720,960080,Boulaye Dia,,45,9.3,49.7,,save,head,assisted,sofascore
8738720,46387,Gaël Kakuta,,45,22.7,60.2,,miss,right-foot,regular,sofascore
8738720,855847,Kaj Sierhuis,,44,15.8,76.2,,miss,right-foot,assisted,sofascore
8738720,593546,Tony Mauricio,,39,25.5,45.8,,block,left-foot,assisted,sofascore
8738720,816810,Mathieu Cafaro,,34,31.7,28.7,,miss,right-foot,assisted,sofascore
8738720,816810,Mathieu Cafaro,,26,27.3,28.5,,save,right-foot,regular,sofascore
8738720,825945,Simon Banza,,21,7.0,51.2,,goal,head,corner,sofascore
8738720,825945,Simon Banza,,15,6.6,45.7,,save,other,corner,sofascore
8738720,821728,Jonathan Clauss,,14,12.6,71.4,,save,left-foot,assisted,sofascore
8738720,816810,Mathieu Cafaro,,5,3.9,32.8,,save,left-foot,regular,sofascore
8738721,842931,Karl Toko Ekambi,,90,11.1,53.2,,save,left-foot,assisted,sofascore
8738721,760618,Denis Bouanga,,90,21.9,75.2,,block,left-foot,assisted,sofascore
8738721,41605,Timothée Kolodziejczak,,90,6.2,37.1,,miss,left-foot,corner,sofascore
8738721,760618,Denis Bouanga,,88,11.5,50.0,,post,right-foot,penalty,sofascore
8738721,996951,Sinaly Diomandé,,83,9.1,54.0,,miss,head,corner,sofascore
8738721,996951,Sinaly Diomandé,,79,13.8,61.8,,miss,head,set-piece,sofascore
8738721,74139,Romain Hamouma,,76,10.3,59.4,,save,right-foot,assisted,sofascore
8738721,810535,Tino Kadewere,,74,2.2,39.7,,goal,right-foot,assisted,sofascore
8738721,842931,Karl Toko Ekambi,,73,11.8,63.7,,block,left-foot,assisted,sofascore
8738721,839981,Lucas Paquetá,,72,22.4,59.2,,miss,left-foot,assisted,sofascore
8738721,842931,Karl Toko Ekambi,,71,13.7,63.1,,post,left-foot,regular,sofascore
8738721,810535,Tino Kadewere,,65,3.6,47.2,,goal,left-foot,set-piece,sofascore
8738721,859027,Maxence Caqueret,,63,15.7,70.3,,miss,right-foot,regular,sofascore
8738721,138833,Memphis Depay,,63,7.0,67.0,,save,right-foot,assisted,sofascore
8738721,795128,Harold Moukoudi,,61,5.0,51.5,,block,head,corner,sofascore
8738721,760618,Denis Bouanga,,60,21.8,35.7,,block,right-foot,assisted,sofascore
8738721,760618,Denis Bouanga,,56,19.9,67.4,,block,right-foot,corner,sofascore
8738721,138833,Memphis Depay,,53,27.6,42.7,,miss,right-foot,free-kick,sofascore
8738721,760618,Denis Bouanga,,52,23.9,27.1,,block,right-foot,free-kick,sofascore
8738721,869931,Yvan Neyou,,48,27.1,46.2,,miss,right-foot,assisted,sofascore
8738721,318653,Moussa Dembélé,,48,7.5,42.9,,block,head,throw-in-set-piece,sofascore
8738721,846081,Houssem Aouar,,43,11.0,45.8,,block,right-foot,assisted,sofascore
8738721,842931,Karl Toko Ekambi,,41,9.7,69.9,,save,right-foot,assisted,sofascore
8738721,48535,Anthony Lopes,,40,2.1,44.3,,goal,other,regular,sofascore
8738721,760618,Denis Bouanga,,40,9.3,51.3,,save,head,assisted,sofascore
8738721,846081,Houssem Aouar,,39,11.7,43.7,,save,left-foot,assisted,sofascore
8738721,318653,Moussa Dembélé,,36,9.4,56.1,,miss,right-foot,assisted,sofascore
8738721,869931,Yvan Neyou,,33,24.8,32.2,,block,left-foot,assisted,sofascore
8738721,138833,Memphis Depay,,17,25.8,72.6,,miss,right-foot,free-kick,sofascore
8738721,760618,Denis Bouanga,,13,10.3,32.0,,save,left-foot,assisted,sofascore
8738721,941161,Charles Abi,,10,9.5,48.9,,block,head,assisted,sofascore
8738721,962877,Adil Aouchiche,,9,20.4,26.0,,block,right-foot,assisted,sofascore
8738721,138833,Memphis Depay,,6,28.2,50.5,,miss,right-foot,assisted,sofascore
8738721,916041,Mahdi Camara,,2,7.1,43.6,,save,head,set-piece,sofascore
8738722,229722,Farid Boulaya,,90,19.1,34.0,,block,right-foot,assisted,sofascore
8738722,1046147,Lamine Gueye,,90,17.4,63.9,,block,left-foot,assisted,sofascore
8738722,149730,Gaëtan Laborde,,89,6.5,28.7,,block,left-foot,assisted,sofascore
8738722,1046147,Lamine Gueye,,86,11.5,70.5,,block,right-foot,assisted,sofascore
8738722,787827,Matthieu Udol,,86,9.1,45.2,,miss,head,assisted,sofascore
8738722,845271,Dylan Bronn,,85,13.0,53.4,,miss,right-foot,corner,sofascore
8738722,979315,Elye Wahi,,83,4.8,41.5,,block,head,set-piece,sofascore
8738722,234230,Florent Mollet,,83,22.1,75.8,,save,right-foot,free-kick,sofascore
8738722,359246,Habib Maïga,,80,10.6,58.2,,miss,head,assisted,sofascore
8738722,66309,Petar Škuletić,,79,12.1,46.4,,miss,head,assisted,sofascore
8738722,234230,Florent Mollet,,75,31.2,55.9,,block,right-foot,free-kick,sofascore
8738722,149730,Gaëtan Laborde,,70,14.4,54.5,,goal,left-foot,regular,sofascore
8738722,229722,Farid Boulaya,,70,13.4,52.8,,miss,right-foot,assisted,sofascore
8738722,605338,Stephy Mavididi,,68,19.9,52.0,,block,left-foot,assisted,sofascore
8738722,234230,Florent Mollet,,62,23.2,31.2,,block,right-foot,regular,sofascore
8738722,802034,Fabien Centonze,,57,16.3,60.3,,miss,left-foot,regular,sofascore
8738722,1002711,Pape Matar Sarr,,47,22.9,50.7,,goal,right-foot,assisted,sofascore
8738722,153218,Thomas Delaine,,47,18.7,31.1,,block,right-foot,assisted,sofascore
8738722,229722,Farid Boulaya,,45,12.7,35.3,,save,left-foot,assisted,sofascore
8738722,153218,Thomas Delaine,,44,25.1,30.4,,save,right-foot,regular,sofascore
8738722,229722,Farid Boulaya,,41,17.9,46.8,,miss,right-foot,assisted,sofascore
8738722,3420,Vitorino Hilton,,39,7.8,56.9,,block,head,corner,sofascore
8738722,605338,Stephy Mavididi,,38,20.5,43.6,,block,right-foot,assisted,sofascore
8738722,848537,Boubakar Kouyaté,,30,10.4,38.4,,save,head,set-piece,sofascore
8738722,234230,Florent Mollet,,25,15.8,50.1,,block,right-foot,regular,sofascore
8738722,44563,Pedro Mendes,,24,28.2,62.9,,block,right-foot,assisted,sofascore
8738722,153218,Thomas Delaine,,20,26.5,40.2,,block,left-foot,set-piece,sofascore
8738722,234230,Florent Mollet,,17,10.5,70.3,,save,right-foot,assisted,sofascore
8738722,1002711,Pape Matar Sarr,,12,27.9,49.9,,save,right-foot,assisted,sofascore
8738722,234230,Florent Mollet,,10,19.2,77.0,,block,right-foot,free-kick,sofascore
8738722,229722,Farid Boulaya,,7,24.4,34.2,,save,right-foot,assisted,sofascore
8738722,605338,Stephy Mavididi,,4,4.6,30.9,,block,left-foot,assisted,sofascore
8738723,331753,Renaud Emond,,83,3.7,46.4,,goal,head,set-piece,sofascore
8738723,794836,Andrei Girotto,,83,12.4,54.2,,miss,head,set-piece,sofascore
8738723,123164,Dennis Appiah,,79,11.9,29.9,,miss,right-foot,assisted,sofascore
8738723,859025,Aurélien Tchouaméni,,70,23.2,41.6,,save,right-foot,assisted,sofascore
8738723,119192,Wissam Ben Yedder,,68,5.5,34.4,,save,left-foot,assisted,sofascore
8738723,119192,Wissam Ben Yedder,,68,19.7,30.1,,block,left-foot,assisted,sofascore
8738723,859025,Aurélien Tchouaméni,,64,5.8,35.5,,save,right-foot,assisted,sofascore
8738723,117373,Kevin Volland,,60,9.3,55.1,,goal,left-foot,assisted,sofascore
8738723,47549,Sébastien Corchia,,58,27.8,70.8,,miss,left-foot,assisted,sofascore
8738723,859025,Aurélien Tchouaméni,,53,8.2,41.9,,miss,head,corner,sofascore
8738723,117373,Kevin Volland,,52,13.8,56.9,,block,left-foot,regular,sofascore
8738723,119192,Wissam Ben Yedder,,47,9.0,64.3,,miss,right-foot,assisted,sofascore
8738723,47549,Sébastien Corchia,,45,27.9,56.1,,save,right-foot,free-kick,sofascore
8738723,339909,Guillermo Maripán,,45,5.8,45.2,,goal,head,corner,sofascore
8738723,945062,Youssouf Fofana,,42,14.1,66.3,,miss,right-foot,assisted,sofascore
8738723,117373,Kevin Volland,,41,17.6,48.2,,block,left-foot,assisted,sofascore
8738723,965943,Imrân Louza,,30,9.7,33.8,,miss,left-foot,regular,sofascore
8738723,119192,Wissam Ben Yedder,,25,25.0,53.9,,miss,right-foot,assisted,sofascore
8738723,944164,Sofiane Diop,,18,18.7,50.1,,post,right-foot,set-piece,sofascore
8738723,794836,Andrei Girotto,,12,26.2,52.0,,block,right-foot,regular,sofascore
8738723,794836,Andrei Girotto,,5,3.3,36.3,,save,head,corner,sofascore
8738723,945062,Youssouf Fofana,,3,27.3,50.9,,miss,right-foot,regular,sofascore
8738724,191178,Corentin Jean,,90,32.6,50.9,,block,right-foot,free-kick,sofascore
8738724,954061,Arnaud Kalimuendo,,89,20.0,24.9,,miss,right-foot,assisted,sofascore
8738724,191178,Corentin Jean,,87,12.5,44.7,,miss,left-foot,assisted,sofascore
8738724,593546,Tony Mauricio,,85,24.2,63.3,,miss,left-foot,regular,sofascore
8738724,191188,Seko Fofana,,81,15.3,48.3,,miss,right-foot,assisted,sofascore
8738724,46387,Gaël Kakuta,,78,28.0,34.9,,miss,right-foot,assisted,sofascore
8738724,788921,Florian Sotoca,,75,8.3,66.4,,miss,right-foot,assisted,sofascore
8738724,191188,Seko Fofana,,73,23.2,35.9,,miss,left-foot,assisted,sofascore
8738724,788921,Florian Sotoca,,71,3.9,57.6,,miss,head,corner,sofascore
8738724,906047,Cheick Doucouré,,62,29.1,55.3,,block,right-foot,assisted,sofascore
8738724,860307,Facundo Medina,,61,8.1,53.6,,goal,left-foot,corner,sofascore
8738724,825945,Simon Banza,,59,19.9,71.9,,block,left-foot,assisted,sofascore
8738724,826204,Boubacar Kamara,,57,21.2,44.7,,block,left-foot,corner,sofascore
8738724,825945,Simon Banza,,55,9.7,44.5,,miss,left-foot,assisted,sofascore
8738724,788921,Florian Sotoca,,55,18.7,55.3,,miss,right-foot,assisted,sofascore
8738724,788921,Florian Sotoca,,53,2.6,64.7,,miss,right-foot,corner,sofascore
8738724,788921,Florian Sotoca,,50,10.7,61.8,,miss,right-foot,regular,sofascore
8738724,148824,Florian Thauvin,,49,10.9,59.8,,miss,left-foot,assisted,sofascore
8738724,788921,Florian Sotoca,,46,7.4,54.0,,goal,right-foot,assisted,sofascore
8738724,161325,Arkadiusz Milik,,45,2.8,53.2,,goal,right-foot,set-piece,sofascore
8738724,150212,Álvaro González,,45,14.3,43.3,,miss,left-foot,set-piece,sofascore
8738724,140992,Valère Germain,,41,4.1,60.8,,miss,head,set-piece,sofascore
8738724,148824,Florian Thauvin,,37,13.2,64.8,,goal,right-foot,assisted,sofascore
8738724,821728,Jonathan Clauss,,32,19.5,65.5,,save,right-foot,set-piece,sofascore
8738724,191188,Seko Fofana,,31,15.2,64.9,,block,right-foot,regular,sofascore
8738724,161325,Arkadiusz Milik,,27,5.0,60.5,,miss,head,corner,sofascore
8738724,161325,Arkadiusz Milik,,25,45.7,36.8,,miss,left-foot,assisted,sofascore
8738724,788921,Florian Sotoca,,22,9.3,33.6,,miss,right-foot,set-piece,sofascore
8738724,906047,Cheick Doucouré,,22,27.1,50.6,,block,right-foot,set-piece,sofascore
8738724,161325,Arkadiusz Milik,,20,25.3,43.0,,save,right-foot,assisted,sofascore
8738724,941077,Lucas Perrin,,17,11.5,59.7,,miss,right-foot,set-piece,sofascore
8738724,826204,Boubacar Kamara,,5,23.0,68.4,,save,right-foot,regular,sofascore
8738725,31993,Bruno Ecuele Manga,,90,9.7,47.8,,save,head,set-piece,sofascore
8738725,157143,Moussa Konaté,,90,7.3,60.0,,block,head,regular,sofascore
8738725,356024,Thierry Ambrose,,87,10.5,28.9,,save,right-foot,corner,sofascore
8738725,845274,Mounir Chouiar,,83,15.5,43.5,,miss,left-foot,regular,sofascore
8738725,157143,Moussa Konaté,,83,12.2,44.3,,post,head,assisted,sofascore
8738725,802034,Fabien Centonze,,81,27.6,71.7,,miss,left-foot,assisted,sofascore
8738725,913191,Vagner Dias,,76,8.1,29.9,,miss,left-foot,assisted,sofascore
8738725,157143,Moussa Konaté,,70,9.7,53.2,,miss,right-foot,corner,sofascore
8738725,980418,Sacha Boey,,70,19.8,71.1,,miss,right-foot,corner,sofascore
8738725,352966,Aaron Leya Iseka,,67,9.4,47.6,,save,left-foot,assisted,sofascore
8738725,73188,John Boye,,64,9.9,59.0,,block,head,set-piece,sofascore
8738725,229722,Farid Boulaya,,62,9.8,11.6,,miss,right-foot,free-kick,sofascore
8738725,557166,Mama Baldé,,59,12.5,45.4,,miss,head,corner,sofascore
8738725,845274,Mounir Chouiar,,59,14.1,63.1,,save,left-foot,assisted,sofascore
8738725,281013,Bersant Celina,,57,20.1,63.3,,save,right-foot,assisted,sofascore
8738725,822703,Mamadou Fofana,,50,5.6,48.5,,miss,head,set-piece,sofascore
8738725,153218,Thomas Delaine,,45,30.6,13.0,,miss,left-foot,assisted,sofascore
8738725,229722,Farid Boulaya,,45,30.9,33.6,,block,right-foot,free-kick,sofascore
8738725,845274,Mounir Chouiar,,40,12.5,61.2,,miss,right-foot,fast-break,sofascore
8738725,845274,Mounir Chouiar,,39,21.6,33.2,,save,right-foot,regular,sofascore
8738725,73188,John Boye,,37,4.1,49.7,,miss,head,corner,sofascore
8738725,845271,Dylan Bronn,,36,9.3,58.5,,miss,right-foot,corner,sofascore
8738725,1046147,Lamine Gueye,,32,13.4,59.0,,block,right-foot,assisted,sofascore
8738725,845274,Mounir Chouiar,,31,11.5,50.0,,save,right-foot,penalty,sofascore
8738725,557166,Mama Baldé,,22,11.7,43.4,,miss,left-foot,assisted,sofascore
8738725,991359,Papa Ndiaga Yade,,21,14.1,51.5,,goal,left-foot,assisted,sofascore
8738725,557166,Mama Baldé,,13,6.8,55.5,,goal,right-foot,assisted,sofascore
8738725,786305,Roger Assalé,,10,23.1,53.0,,save,right-foot,regular,sofascore
8738725,250453,Opa Nguette,,7,11.5,50.0,,save,right-foot,penalty,sofascore
8738725,229722,Farid Boulaya,,6,24.6,33.5,,block,right-foot,assisted,sofascore
8738726,16460,Sylvain Marveaux,,90,24.6,43.7,,miss,left-foot,assisted,sofascore
8738726,73056,Mehdi Abeid,,90,13.3,18.1,,block,right-foot,free-kick,sofascore
8738726,806076,Ludovic Blas,,89,20.3,37.4,,miss,left-foot,corner,sofascore
8738726,938270,Abdoul Kader Bamba,,88,10.0,32.6,,block,right-foot,assisted,sofascore
8738726,806076,Ludovic Blas,,83,3.3,41.3,,goal,left-foot,assisted,sofascore
8738726,938270,Abdoul Kader Bamba,,80,10.3,31.9,,goal,left-foot,assisted,sofascore
8738726,149732,Abdoulaye Touré,,78,23.6,46.7,,miss,right-foot,assisted,sofascore
8738726,149732,Abdoulaye Touré,,75,22.1,55.2,,block,right-foot,set-piece,sofascore
8738726,16460,Sylvain Marveaux,,71,8.5,42.9,,post,left-foot,assisted,sofascore
8738726,871706,Randal Kolo Muani,,70,23.9,43.7,,block,right-foot,assisted,sofascore
8738726,296434,Laurent Abergel,,65,23.4,47.0,,block,right-foot,regular,sofascore
8738726,932643,Armand Laurienté,,65,27.6,60.2,,save,right-foot,assisted,sofascore
8738726,965943,Imrân Louza,,58,25.2,63.7,,block,left-foot,assisted,sofascore
8738726,827934,Andreaw Gravillon,,57,7.7,48.2,,block,head,corner,sofascore
8738726,805123,Yoane Wissa,,56,8.3,47.1,,block,right-foot,assisted,sofascore
8738726,894396,Terem Moffi,,56,10.5,52.9,,miss,left-foot,regular,sofascore
8738726,932643,Armand Laurienté,,56,24.7,47.8,,block,left-foot,regular,sofascore
8738726,806076,Ludovic Blas,,54,9.6,35.0,,miss,right-foot,assisted,sofascore
8738726,857471,Pierre-Yves Hamel,,52,20.3,60.2,,miss,right-foot,assisted,sofascore
8738726,806076,Ludovic Blas,,47,17.1,52.8,,miss,left-foot,assisted,sofascore
8738726,806076,Ludovic Blas,,47,21.6,48.5,,block,left-foot,assisted,sofascore
8738726,857471,Pierre-Yves Hamel,,45,9.0,63.6,,miss,right-foot,set-piece,sofascore
8738726,805123,Yoane Wissa,,40,9.5,62.9,,save,right-foot,assisted,sofascore
8738726,806076,Ludovic Blas,,39,25.5,74.4,,save,left-foot,assisted,sofascore
8738726,806076,Ludovic Blas,,38,26.2,42.9,,block,left-foot,corner,sofascore
8738726,857471,Pierre-Yves Hamel,,36,21.5,55.7,,save,right-foot,assisted,sofascore
8738726,794836,Andrei Girotto,,35,24.2,21.2,,miss,right-foot,set-piece,sofascore
8738726,894396,Terem Moffi,,33,14.4,66.0,,miss,left-foot,assisted,sofascore
8738726,16429,Jérémy Morel,,30,11.8,37.3,,block,head,corner,sofascore
8738726,932643,Armand Laurienté,,29,26.8,69.6,,save,right-foot,assisted,sofascore
8738726,894396,Terem Moffi,,25,5.2,53.7,,miss,head,assisted,sofascore
8738726,296434,Laurent Abergel,,17,29.4,27.0,,miss,right-foot,assisted,sofascore
8738726,806076,Ludovic Blas,,12,6.0,68.9,,save,right-foot,assisted,sofascore
8738726,894396,Terem Moffi,,11,15.8,66.0,,miss,left-foot,regular,sofascore
8738727,84744,Andy Delort,,85,21.5,59.2,,miss,right-foot,assisted,sofascore
8738727,66309,Petar Škuletić,,84,13.1,34.7,,miss,right-foot,assisted,sofascore
8738727,66309,Petar Škuletić,,83,13.7,46.0,,block,head,set-piece,sofascore
8738727,976396,Joris Chotard,,81,29.1,43.5,,miss,right-foot,assisted,sofascore
8738727,760618,Denis Bouanga,,74,13.6,48.8,,block,right-foot,fast-break,sofascore
8738727,149730,Gaëtan Laborde,,74,8.3,35.7,,block,left-foot,set-piece,sofascore
8738727,962877,Adil Aouchiche,,66,10.5,45.8,,miss,left-foot,assisted,sofascore
8738727,760618,Denis Bouanga,,63,18.9,49.7,,miss,right-foot,set-piece,sofascore
8738727,51640,Wahbi Khazri,,47,14.6,70.0,,block,right-foot,assisted,sofascore
8738727,74139,Romain Hamouma,,43,25.8,56.9,,block,right-foot,assisted,sofascore
8738727,149730,Gaëtan Laborde,,43,9.8,58.3,,save,head,assisted,sofascore
8738727,869931,Yvan Neyou,,37,18.9,48.9,,block,left-foot,regular,sofascore
8738727,41605,Timothée Kolodziejczak,,30,7.0,57.9,,miss,head,corner,sofascore
8738727,149730,Gaëtan Laborde,,22,8.0,42.1,,post,head,assisted,sofascore
8738727,74139,Romain Hamouma,,16,19.2,64.1,,miss,left-foot,assisted,sofascore
8738727,605338,Stephy Mavididi,,14,18.9,47.2,,goal,right-foot,regular,sofascore
8738727,234230,Florent Mollet,,8,29.2,59.2,,miss,right-foot,assisted,sofascore
8738727,234230,Florent Mollet,,7,3.0,62.3,,miss,right-foot,assisted,sofascore
8738728,74083,Damien Da Silva,,90,12.0,41.0,,save,head,corner,sofascore
8738728,283083,Adrien Hunou,,90,4.5,69.7,,block,right-foot,regular,sofascore
8738728,846445,Martin Terrier,,90,9.6,54.3,,miss,head,assisted,sofascore
8738728,155995,Marquinhos,,84,7.4,53.1,,save,head,corner,sofascore
8738728,96367,Rafinha Alcântara,,84,18.1,69.1,,save,left-foot,assisted,sofascore
8738728,328027,Serhou Guirassy,,76,15.1,34.9,,save,right-foot,assisted,sofascore
8738728,74083,Damien Da Silva,,73,23.0,65.2,,goal,left-foot,regular,sofascore
8738728,30027,Ángel Di María,,73,24.7,66.1,,miss,left-foot,assisted,sofascore
8738728,846445,Martin Terrier,,71,20.7,69.0,,miss,right-foot,assisted,sofascore
8738728,255389,Leandro Paredes,,70,42.9,9.3,,save,left-foot,free-kick,sofascore
8738728,999028,Adrien Truffert,,69,15.8,47.9,,block,left-foot,corner,sofascore
8738728,324399,Benjamin Bourigeaud,,59,22.6,50.3,,miss,right-foot,assisted,sofascore
8738728,328027,Serhou Guirassy,,45,28.6,55.3,,block,left-foot,assisted,sofascore
8738728,911851,Yann Gboho,,45,4.3,64.1,,save,right-foot,assisted,sofascore
8738728,835601,Moise Kean,,44,6.7,51.0,,miss,head,set-piece,sofascore
8738728,934386,Jérémy Doku,,38,7.0,29.8,,miss,right-foot,assisted,sofascore
8738728,934386,Jérémy Doku,,34,19.7,54.8,,miss,right-foot,assisted,sofascore
8738728,857179,James Léa Siliki,,33,18.1,71.5,,block,right-foot,assisted,sofascore
8738728,51652,Steven​ N'Zonzi,,28,6.7,41.1,,miss,head,corner,sofascore
8738728,857179,James Léa Siliki,,27,22.2,58.5,,block,left-foot,corner,sofascore
8738728,877102,Nayef Aguerd,,27,7.1,56.4,,block,head,corner,sofascore
8738728,51652,Steven​ N'Zonzi,,23,8.1,50.4,,miss,other,set-piece,sofascore
8738728,30027,Ángel Di María,,21,10.7,37.6,,goal,left-foot,assisted,sofascore
8738728,255389,Leandro Paredes,,20,27.6,36.6,,miss,right-foot,assisted,sofascore
8738728,30027,Ángel Di María,,14,21.4,31.8,,post,left-foot,assisted,sofascore
8738728,835601,Moise Kean,,11,19.1,60.0,,goal,right-foot,assisted,sofascore
8738729,552680,Léo Dubois,,90,6.4,74.4,,goal,right-foot,assisted,sofascore
8738729,3305,Hatem Ben Arfa,,90,26.7,62.3,,miss,left-foot,assisted,sofascore
8738729,996951,Sinaly Diomandé,,90,14.8,50.9,,block,left-foot,assisted,sofascore
8738729,51340,Laurent Koscielny,,86,8.7,42.5,,miss,head,corner,sofascore
8738729,152734,Maxime Poundjé,,85,21.9,36.3,,block,left-foot,assisted,sofascore
8738729,839981,Lucas Paquetá,,85,21.5,54.6,,save,left-foot,free-kick,sofascore
8738729,846081,Houssem Aouar,,80,21.4,59.6,,block,right-foot,assisted,sofascore
8738729,842709,Rémi Oudin,,79,9.3,37.3,,save,left-foot,assisted,sofascore
8738729,238708,Islam Slimani,,78,8.4,53.4,,miss,right-foot,assisted,sofascore
8738729,138833,Memphis Depay,,74,27.2,67.2,,block,right-foot,free-kick,sofascore
8738729,833030,Samuel Kalu,,69,27.3,30.3,,miss,right-foot,regular,sofascore
8738729,16508,Paul Baysse,,68,9.8,53.7,,miss,head,corner,sofascore
8738729,791314,Hwang Ui-Jo,,67,14.3,33.7,,block,right-foot,assisted,sofascore
8738729,798002,Toma Bašić,,62,23.3,73.3,,miss,left-foot,assisted,sofascore
8738729,833030,Samuel Kalu,,55,9.4,45.1,,goal,left-foot,assisted,sofascore
8738729,791314,Hwang Ui-Jo,,51,7.8,31.4,,miss,left-foot,assisted,sofascore
8738729,842709,Rémi Oudin,,49,20.5,27.1,,miss,left-foot,corner,sofascore
8738729,552680,Léo Dubois,,43,11.1,64.5,,block,right-foot,assisted,sofascore
8738729,842931,Karl Toko Ekambi,,32,6.5,48.0,,goal,right-foot,corner,sofascore
8738729,798002,Toma Bašić,,19,25.4,48.2,,block,left-foot,regular,sofascore
8738729,866469,Bruno Guimarães,,17,26.1,51.0,,save,right-foot,assisted,sofascore
8738729,866469,Bruno Guimarães,,2,25.1,44.1,,block,right-foot,assisted,sofascore
8738730,845083,Keagan Dolly,,90,28.3,74.8,,block,left-foot,assisted,sofascore
8738730,3305,Hatem Ben Arfa,,87,29.1,51.9,,block,left-foot,free-kick,sofascore
8738730,3209,Jimmy Briand,,75,10.8,46.8,,miss,head,assisted,sofascore
8738730,149730,Gaëtan Laborde,,70,7.3,48.6,,miss,head,assisted,sofascore
8738730,3305,Hatem Ben Arfa,,69,21.8,57.3,,miss,left-foot,regular,sofascore
8738730,84744,Andy Delort,,66,8.6,43.9,,goal,left-foot,fast-break,sofascore
8738730,234230,Florent Mollet,,49,10.0,54.2,,goal,left-foot,assisted,sofascore
8738730,3305,Hatem Ben Arfa,,43,14.7,55.5,,block,left-foot,assisted,sofascore
8738730,925837,Mehdi Zerkane,,42,19.6,69.9,,miss,left-foot,assisted,sofascore
8738730,243735,Pablo,,40,6.0,55.3,,miss,head,corner,sofascore
8738730,3305,Hatem Ben Arfa,,40,9.0,32.6,,save,left-foot,assisted,sofascore
8738730,552686,Otávio,,38,23.7,47.9,,miss,left-foot,assisted,sofascore
8738730,156682,Teji Savanier,,37,19.0,57.8,,block,right-foot,free-kick,sofascore
8738730,5585,Daniel Congré,,30,4.8,38.4,,miss,head,corner,sofascore
8738730,149730,Gaëtan Laborde,,29,8.8,61.2,,miss,right-foot,assisted,sofascore
8738730,84744,Andy Delort,,14,10.4,50.9,,miss,right-foot,assisted,sofascore
8738730,156682,Teji Savanier,,13,27.5,47.9,,save,right-foot,assisted,sofascore
8738730,3305,Hatem Ben Arfa,,11,18.9,63.0,,miss,left-foot,free-kick,sofascore
8738731,18864,Burak Yılmaz,,90,7.1,55.9,,post,left-foot,assisted,sofascore
8738731,855810,Tim Weah,,89,9.9,46.7,,miss,head,assisted,sofascore
8738731,18864,Burak Yılmaz,,83,9.1,34.9,,save,right-foot,assisted,sofascore
8738731,826293,Ronaël Pierre-Gabriel,,79,19.3,72.6,,miss,right-foot,assisted,sofascore
8738731,18864,Burak Yılmaz,,76,22.5,54.5,,save,right-foot,free-kick,sofascore
8738731,595576,Jonathan Bamba,,69,27.3,50.3,,block,right-foot,assisted,sofascore
8738731,980403,Isaac Lihadji,,69,13.8,55.8,,miss,other,assisted,sofascore
8738731,845930,Jean-Kévin Duverne,,65,6.0,70.9,,miss,right-foot,corner,sofascore
8738731,280453,Franck Honorat,,64,7.5,66.6,,save,right-foot,set-piece,sofascore
8738731,980403,Isaac Lihadji,,60,3.4,63.5,,save,left-foot,assisted,sofascore
8738731,18864,Burak Yılmaz,,57,9.3,50.2,,goal,right-foot,assisted,sofascore
8738731,858705,Xeka,,51,26.9,62.7,,block,right-foot,assisted,sofascore
8738731,827804,Yusuf Yazıcı,,50,14.0,36.6,,miss,left-foot,assisted,sofascore
8738731,345035,Steve Mounié,,48,8.0,45.4,,save,head,assisted,sofascore
8738731,27622,José Fonte,,47,3.9,39.8,,block,left-foot,corner,sofascore
8738731,858705,Xeka,,47,11.4,36.3,,save,left-foot,corner,sofascore
8738731,18864,Burak Yılmaz,,45,11.5,49.9,,goal,right-foot,penalty,sofascore
8738731,37761,Jérémy Pied,,44,19.4,63.0,,save,left-foot,regular,sofascore
8738731,802142,Jonathan Ikoné,,44,19.1,45.0,,block,left-foot,assisted,sofascore
8738731,605552,Irvin Cardona,,42,11.1,63.7,,goal,head,assisted,sofascore
8738731,910046,Sven Botman,,38,13.2,46.2,,block,left-foot,corner,sofascore
8738731,18864,Burak Yılmaz,,38,14.7,20.0,,block,right-foot,free-kick,sofascore
8738731,605552,Irvin Cardona,,30,10.2,65.0,,save,right-foot,assisted,sofascore
8738731,605552,Irvin Cardona,,29,4.3,62.2,,block,head,corner,sofascore
8738731,827519,Romain Perraud,,29,13.5,29.8,,save,left-foot,assisted,sofascore
8738731,318967,Renato Sanches,,24,28.4,50.0,,block,right-foot,assisted,sofascore
8738731,802142,Jonathan Ikoné,,22,4.1,61.6,,block,left-foot,regular,sofascore
8738731,605552,Irvin Cardona,,21,8.8,48.7,,block,right-foot,assisted,sofascore
8738731,827519,Romain Perraud,,19,11.1,28.3,,goal,left-foot,assisted,sofascore
8738731,595576,Jonathan Bamba,,17,13.2,49.6,,block,head,assisted,sofascore
8738731,826293,Ronaël Pierre-Gabriel,,15,5.5,56.7,,goal,head,assisted,sofascore
8738731,18864,Burak Yılmaz,,11,28.2,28.5,,block,right-foot,assisted,sofascore
8738731,318967,Renato Sanches,,6,29.0,42.8,,miss,right-foot,assisted,sofascore
8738731,913942,Romain Faivre,,5,5.4,47.4,,save,head,assisted,sofascore
8738732,941161,Charles Abi,,88,8.0,51.1,,goal,left-foot,assisted,sofascore
8738732,822877,Alexis Claude-Maurice,,79,24.3,69.5,,save,right-foot,free-kick,sofascore
8738732,760618,Denis Bouanga,,75,6.0,41.0,,miss,head,assisted,sofascore
8738732,760618,Denis Bouanga,,71,11.8,63.9,,miss,right-foot,assisted,sofascore
8738732,795761,Kasper Dolberg,,65,20.1,32.0,,save,right-foot,free-kick,sofascore
8738732,795761,Kasper Dolberg,,64,7.8,46.8,,block,head,assisted,sofascore
8738732,901885,Flavius Daniliuc,,60,10.4,45.0,,block,right-foot,fast-break,sofascore
8738732,74139,Romain Hamouma,,47,15.2,63.7,,miss,left-foot,assisted,sofascore
8738732,760618,Denis Bouanga,,42,9.9,48.8,,miss,head,assisted,sofascore
8738732,3579,Mathieu Debuchy,,40,8.5,55.3,,miss,other,corner,sofascore
8738732,794269,Jeff Reine-Adélaïde,,38,23.4,48.2,,miss,right-foot,assisted,sofascore
8738732,916041,Mahdi Camara,,38,27.1,52.0,,miss,right-foot,regular,sofascore
8738732,760618,Denis Bouanga,,37,24.8,62.0,,miss,right-foot,assisted,sofascore
8738732,859026,Amine Gouiri,,36,14.8,34.5,,miss,right-foot,assisted,sofascore
8738732,760618,Denis Bouanga,,32,9.3,49.1,,miss,head,assisted,sofascore
8738732,74139,Romain Hamouma,,22,14.4,51.3,,miss,right-foot,assisted,sofascore
8738732,795761,Kasper Dolberg,,9,13.4,60.2,,block,right-foot,assisted,sofascore
8738733,157143,Moussa Konaté,,90,19.1,46.7,,save,left-foot,assisted,sofascore
8738733,935564,Jonathan David,,81,18.6,72.8,,block,right-foot,regular,sofascore
8738733,51299,Frédéric Sammaritano,,80,22.8,51.5,,miss,left-foot,assisted,sofascore
8738733,281013,Bersant Celina,,77,10.5,34.0,,block,right-foot,assisted,sofascore
8738733,786029,Didier Ndong,,73,26.9,67.8,,miss,right-foot,assisted,sofascore
8738733,840451,Luiz Araújo,,66,23.8,51.5,,miss,left-foot,assisted,sofascore
8738733,904994,Eric Ebimbe,,66,12.3,66.9,,block,right-foot,regular,sofascore
8738733,595576,Jonathan Bamba,,62,3.0,46.4,,miss,head,assisted,sofascore
8738733,904994,Eric Ebimbe,,56,14.8,68.6,,save,right-foot,assisted,sofascore
8738733,980418,Sacha Boey,,49,25.5,50.5,,miss,right-foot,corner,sofascore
8738733,51665,Benjamin André,,44,6.8,43.7,,miss,head,corner,sofascore
8738733,309510,Jordan Marié,,42,18.0,48.2,,block,left-foot,regular,sofascore
8738733,840451,Luiz Araújo,,37,14.2,68.2,,block,left-foot,regular,sofascore
8738733,827804,Yusuf Yazıcı,,34,19.9,42.5,,block,left-foot,regular,sofascore
8738733,309510,Jordan Marié,,33,9.4,51.3,,save,head,assisted,sofascore
8738733,827804,Yusuf Yazıcı,,33,22.1,59.8,,miss,right-foot,assisted,sofascore
8738733,827804,Yusuf Yazıcı,,29,2.7,42.3,,goal,right-foot,regular,sofascore
8738733,880525,Ngonda Muzinga,,28,26.2,24.3,,miss,left-foot,assisted,sofascore
8738733,827804,Yusuf Yazıcı,,26,6.8,27.4,,miss,left-foot,assisted,sofascore
8738733,840451,Luiz Araújo,,25,15.6,71.2,,miss,left-foot,assisted,sofascore
8738733,595576,Jonathan Bamba,,18,21.8,36.9,,miss,right-foot,assisted,sofascore
8738733,910046,Sven Botman,,16,6.9,45.4,,save,head,corner,sofascore
8738733,887581,Boubakary Soumaré,,10,27.8,47.6,,miss,left-foot,assisted,sofascore
8738733,827804,Yusuf Yazıcı,,7,14.4,67.4,,block,left-foot,regular,sofascore
8738734,846439,Patrick Burner,,90,13.0,69.7,,miss,right-foot,assisted,sofascore
8738734,796085,Moussa Koné,,89,12.2,38.8,,block,right-foot,assisted,sofascore
8738734,944142,Yassine Benrahou,,87,8.4,75.2,,miss,left-foot,assisted,sofascore
8738734,796085,Moussa Koné,,87,4.5,39.8,,save,right-foot,assisted,sofascore
8738734,247445,Renaud Ripart,,74,13.8,62.3,,miss,left-foot,assisted,sofascore
8738734,255389,Leandro Paredes,,72,31.1,40.0,,save,right-foot,assisted,sofascore
8738734,606530,Birger Meling,,69,10.7,39.8,,miss,head,assisted,sofascore
8738734,826643,Kylian Mbappé,,68,20.1,32.1,,goal,right-foot,assisted,sofascore
8738734,230766,Haris Duljević,,66,11.1,54.8,,save,head,regular,sofascore
8738734,822878,Lamine Fomba,,64,18.9,47.8,,block,right-foot,corner,sofascore
8738734,842400,Zinedine Ferhat,,64,24.9,32.8,,block,right-foot,assisted,sofascore
8738734,230766,Haris Duljević,,62,5.4,55.5,,miss,right-foot,assisted,sofascore
8738734,842400,Zinedine Ferhat,,55,21.9,69.7,,block,left-foot,assisted,sofascore
8738734,230766,Haris Duljević,,55,23.3,31.3,,block,right-foot,fast-break,sofascore
8738734,558522,Anthony Briançon,,51,10.0,56.7,,save,head,corner,sofascore
8738734,247445,Renaud Ripart,,49,24.4,33.2,,save,left-foot,assisted,sofascore
8738734,247445,Renaud Ripart,,47,13.3,67.5,,block,right-foot,assisted,sofascore
8738734,30027,Ángel Di María,,43,13.0,23.7,,miss,left-foot,assisted,sofascore
8738734,546416,Andrés Cubas,,40,17.4,45.7,,save,right-foot,corner,sofascore
8738734,822878,Lamine Fomba,,39,3.8,50.7,,save,head,corner,sofascore
8738734,606530,Birger Meling,,37,11.2,24.6,,block,left-foot,regular,sofascore
8738734,138573,Pablo Sarabia,,36,7.8,51.8,,goal,head,assisted,sofascore
8738734,941300,Colin Dagba,,34,11.0,83.2,,miss,right-foot,assisted,sofascore
8738734,606530,Birger Meling,,32,19.9,41.9,,miss,left-foot,corner,sofascore
8738734,281277,Thilo Kehrer,,23,4.5,50.0,,post,head,corner,sofascore
8738734,281277,Thilo Kehrer,,22,11.6,53.4,,block,right-foot,set-piece,sofascore
8738734,255389,Leandro Paredes,,22,23.5,62.3,,save,right-foot,set-piece,sofascore
8738734,30027,Ángel Di María,,18,14.5,45.8,,goal,left-foot,regular,sofascore
8738734,826643,Kylian Mbappé,,12,8.3,61.4,,miss,right-foot,set-piece,sofascore
8738734,835601,Moise Kean,,11,12.6,55.4,,post,head,assisted,sofascore
8738734,826643,Kylian Mbappé,,7,14.9,51.9,,block,right-foot,regular,sofascore
8738734,835601,Moise Kean,,6,4.5,47.6,,miss,head,corner,sofascore
8738734,138573,Pablo Sarabia,,5,9.5,41.9,,save,left-foot,assisted,sofascore
8738735,3209,Jimmy Briand,,88,4.4,61.1,,block,right-foot,corner,sofascore
8738735,945062,Youssouf Fofana,,85,27.0,59.6,,block,right-foot,assisted,sofascore
8738735,3305,Hatem Ben Arfa,,83,22.9,34.5,,block,right-foot,assisted,sofascore
8738735,827243,Axel Disasi,,79,11.5,53.1,,miss,head,corner,sofascore
8738735,339909,Guillermo Maripán,,75,10.5,43.4,,miss,head,corner,sofascore
8738735,944164,Sofiane Diop,,74,23.9,61.2,,save,right-foot,assisted,sofascore
8738735,859025,Aurélien Tchouaméni,,69,7.5,49.7,,miss,head,corner,sofascore
8738735,944164,Sofiane Diop,,61,4.4,50.9,,miss,head,assisted,sofascore
8738735,117373,Kevin Volland,,58,2.3,53.0,,goal,left-foot,assisted,sofascore
8738735,117373,Kevin Volland,,56,7.1,38.9,,save,head,corner,sofascore
8738735,364618,Gelson Martins,,55,22.5,36.1,,block,right-foot,assisted,sofascore
8738735,3209,Jimmy Briand,,50,15.8,56.3,,block,left-foot,assisted,sofascore
8738735,904827,Benoît Badiashile,,45,28.3,59.1,,miss,left-foot,set-piece,sofascore
8738735,119192,Wissam Ben Yedder,,44,12.3,71.1,,block,right-foot,assisted,sofascore
8738735,791314,Hwang Ui-Jo,,42,11.7,41.5,,miss,head,assisted,sofascore
8738735,117373,Kevin Volland,,31,4.4,50.3,,goal,head,assisted,sofascore
8738735,364618,Gelson Martins,,30,1.8,44.1,,goal,right-foot,assisted,sofascore
8738735,119192,Wissam Ben Yedder,,28,11.5,50.0,,goal,right-foot,penalty,sofascore
8738735,119192,Wissam Ben Yedder,,26,13.0,45.7,,block,head,assisted,sofascore
8738735,944164,Sofiane Diop,,25,13.1,55.5,,block,right-foot,regular,sofascore
8738735,119192,Wissam Ben Yedder,,21,10.8,57.3,,block,right-foot,corner,sofascore
8738735,791314,Hwang Ui-Jo,,20,19.1,30.5,,block,right-foot,regular,sofascore
8738736,98197,Valon Berisha,,88,8.8,39.9,,block,right-foot,assisted,sofascore
8738736,365358,Dimitri Liénard,,87,26.2,55.8,,miss,left-foot,free-kick,sofascore
8738736,789984,Dereck Kutesa,,80,7.6,54.6,,goal,right-foot,assisted,sofascore
8738736,891793,Kévin Zohi,,75,14.4,32.2,,miss,right-foot,assisted,sofascore
8738736,343971,Ludovic Ajorque,,75,7.7,30.3,,save,left-foot,assisted,sofascore
8738736,231946,Adrien Thomasson,,74,11.5,63.7,,post,right-foot,assisted,sofascore
8738736,802159,Habibou Diallo,,61,16.4,56.1,,block,right-foot,regular,sofascore
8738736,157029,Xavier Chavalerin,,53,11.8,54.2,,miss,left-foot,assisted,sofascore
8738736,816810,Mathieu Cafaro,,50,17.9,47.1,,miss,left-foot,assisted,sofascore
8738736,802159,Habibou Diallo,,49,17.8,61.2,,block,left-foot,assisted,sofascore
8738736,365358,Dimitri Liénard,,36,23.2,44.2,,block,left-foot,assisted,sofascore
8738736,802159,Habibou Diallo,,35,10.5,54.3,,block,right-foot,assisted,sofascore
8738736,914660,Mehdi Chahiri,,30,11.5,57.7,,post,right-foot,assisted,sofascore
8738736,157029,Xavier Chavalerin,,29,24.6,52.6,,miss,right-foot,set-piece,sofascore
8738736,178721,Yunis Abdelhamid,,28,12.1,44.7,,block,right-foot,corner,sofascore
8738736,289977,Alexander Djiku,,24,26.6,34.2,,miss,right-foot,regular,sofascore
8738736,245615,Thomas Foket,,21,5.8,67.2,,save,right-foot,assisted,sofascore
8738736,829093,Ibrahima Sissoko,,17,30.3,59.4,,block,right-foot,regular,sofascore
8738736,960080,Boulaye Dia,,16,12.0,30.5,,save,right-foot,assisted,sofascore
8738736,914660,Mehdi Chahiri,,10,11.9,44.8,,save,right-foot,assisted,sofascore
8738736,831781,Ghislain Konan,,7,11.9,25.7,,save,left-foot,assisted,sofascore
8738736,963399,Nathanaël Mbuku,,6,29.7,48.8,,save,left-foot,assisted,sofascore
8738737,862470,Kévin Denkey,,90,8.2,48.3,,miss,head,set-piece,sofascore
8738737,1067123,Marco Majouga,,90,18.7,54.2,,miss,right-foot,corner,sofascore
8738737,974418,Karim Aribi,,90,8.1,43.5,,save,head,corner,sofascore
8738737,974418,Karim Aribi,,86,10.5,54.9,,miss,head,assisted,sofascore
8738737,974418,Karim Aribi,,83,6.8,51.7,,miss,right-foot,regular,sofascore
8738737,51349,Lucas Deaux,,81,28.7,41.9,,miss,right-foot,regular,sofascore
8738737,974418,Karim Aribi,,74,15.4,47.0,,save,right-foot,regular,sofascore
8738737,1067123,Marco Majouga,,74,27.6,59.6,,block,right-foot,regular,sofascore
8738737,974418,Karim Aribi,,73,8.3,42.4,,block,head,assisted,sofascore
8738737,944142,Yassine Benrahou,,70,28.5,47.6,,block,left-foot,assisted,sofascore
8738737,1046147,Lamine Gueye,,68,9.7,67.6,,save,right-foot,regular,sofascore
8738737,229722,Farid Boulaya,,67,14.6,51.3,,save,right-foot,assisted,sofascore
8738737,229722,Farid Boulaya,,56,20.5,26.4,,save,right-foot,free-kick,sofascore
8738737,247445,Renaud Ripart,,51,18.2,54.3,,miss,left-foot,regular,sofascore
8738737,247445,Renaud Ripart,,51,17.5,47.2,,block,left-foot,assisted,sofascore
8738737,51421,Nolan Roux,,46,18.8,51.9,,miss,left-foot,assisted,sofascore
8738737,247445,Renaud Ripart,,45,19.5,62.0,,block,right-foot,assisted,sofascore
8738737,558522,Anthony Briançon,,24,30.1,60.3,,block,right-foot,assisted,sofascore
8738737,940360,Warren Tchimbembé,,19,27.3,57.6,,block,left-foot,regular,sofascore
8738737,1046147,Lamine Gueye,,18,14.0,63.9,,miss,right-foot,assisted,sofascore
8738737,1046147,Lamine Gueye,,15,3.7,42.1,,goal,left-foot,assisted,sofascore
8738737,777067,Florian Miguel,,11,9.8,67.0,,miss,right-foot,corner,sofascore
8738737,940360,Warren Tchimbembé,,4,24.9,30.1,,save,right-foot,regular,sofascore
8738737,229722,Farid Boulaya,,2,22.8,34.3,,block,right-foot,free-kick,sofascore
8738738,316196,Niclas Eliasson,,88,11.7,55.5,,miss,head,assisted,sofascore
8738738,37126,Stevan Jovetić,,87,19.9,39.0,,block,left-foot,assisted,sofascore
8738738,1046150,Eliot Matazo,,85,11.8,51.1,,block,right-foot,regular,sofascore
8738738,839226,Pietro Pellegri,,85,7.4,53.4,,save,head,assisted,sofascore
8738738,119192,Wissam Ben Yedder,,79,14.6,35.2,,miss,left-foot,assisted,sofascore
8738738,119192,Wissam Ben Yedder,,79,17.2,47.8,,miss,right-foot,assisted,sofascore
8738738,117373,Kevin Volland,,77,7.0,41.9,,goal,left-foot,fast-break,sofascore
8738738,364618,Gelson Martins,,75,6.9,45.8,,goal,head,assisted,sofascore
8738738,842400,Zinedine Ferhat,,66,9.9,55.8,,miss,head,corner,sofascore
8738738,119192,Wissam Ben Yedder,,62,10.4,54.4,,miss,head,assisted,sofascore
8738738,230766,Haris Duljević,,62,21.1,72.3,,miss,right-foot,assisted,sofascore
8738738,51349,Lucas Deaux,,58,7.8,46.0,,save,head,corner,sofascore
8738738,117373,Kevin Volland,,57,3.5,50.7,,miss,right-foot,assisted,sofascore
8738738,230766,Haris Duljević,,52,27.0,57.8,,save,right-foot,assisted,sofascore
8738738,51349,Lucas Deaux,,49,23.3,66.9,,miss,right-foot,regular,sofascore
8738738,945062,Youssouf Fofana,,38,17.8,53.7,,miss,right-foot,free-kick,sofascore
8738738,364618,Gelson Martins,,34,4.0,31.8,,miss,right-foot,assisted,sofascore
8738738,945062,Youssouf Fofana,,32,8.8,54.3,,block,head,assisted,sofascore
8738738,944164,Sofiane Diop,,26,18.5,73.6,,block,right-foot,assisted,sofascore
8738738,944164,Sofiane Diop,,19,14.1,58.5,,goal,right-foot,assisted,sofascore
8738738,518,Cesc Fàbregas,,16,8.1,49.5,,save,right-foot,assisted,sofascore
8738738,364618,Gelson Martins,,4,11.5,35.9,,block,right-foot,assisted,sofascore
8738738,518,Cesc Fàbregas,,1,11.0,59.1,,block,right-foot,assisted,sofascore
8738739,785418,Marcus Coco,,90,3.1,41.0,,miss,right-foot,assisted,sofascore
8738739,148824,Florian Thauvin,,84,26.5,68.6,,block,left-foot,free-kick,sofascore
8738739,806076,Ludovic Blas,,73,18.8,47.2,,goal,left-foot,corner,sofascore
8738739,122630,Darío Benedetto,,71,6.4,61.6,,miss,head,set-piece,sofascore
8738739,122630,Darío Benedetto,,60,11.6,49.7,,goal,right-foot,penalty,sofascore
8738739,148824,Florian Thauvin,,52,4.4,40.6,,miss,head,assisted,sofascore
8738739,826208,Michaël Cuisance,,49,16.4,37.5,,miss,left-foot,corner,sofascore
8738739,826204,Boubacar Kamara,,48,29.7,51.9,,save,right-foot,assisted,sofascore
8738739,40677,Fábio,,45,27.1,31.3,,miss,right-foot,assisted,sofascore
8738739,826208,Michaël Cuisance,,45,10.9,67.2,,miss,left-foot,assisted,sofascore
8738739,965943,Imrân Louza,,41,17.8,52.4,,save,left-foot,corner,sofascore
8738739,149732,Abdoulaye Touré,,41,7.4,51.5,,post,head,corner,sofascore
8738739,14216,Dimitri Payet,,35,13.4,54.6,,goal,right-foot,assisted,sofascore
8738739,150212,Álvaro González,,33,13.6,50.6,,block,head,corner,sofascore
8738739,14216,Dimitri Payet,,22,8.5,59.4,,save,right-foot,fast-break,sofascore
8738739,149732,Abdoulaye Touré,,22,9.5,68.2,,block,right-foot,corner,sofascore
8738739,148824,Florian Thauvin,,13,9.5,82.4,,save,left-foot,free-kick,sofascore
8738739,122630,Darío Benedetto,,10,8.7,53.6,,save,right-foot,assisted,sofascore
8738739,122630,Darío Benedetto,,7,3.7,34.0,,save,left-foot,regular,sofascore
8738739,826208,Michaël Cuisance,,7,14.8,58.3,,save,left-foot,assisted,sofascore
8738739,148824,Florian Thauvin,,2,13.6,41.8,,goal,left-foot,assisted,sofascore
8738740,802159,Habibou Diallo,,83,11.7,34.7,,save,right-foot,assisted,sofascore
8738740,960080,Boulaye Dia,,77,5.3,64.1,,save,right-foot,assisted,sofascore
8738740,579596,Moussa Doumbia,,68,19.4,50.5,,miss,right-foot,assisted,sofascore
8738740,94822,Sanjin Prcić,,67,25.0,31.8,,miss,left-foot,regular,sofascore
8738740,343971,Ludovic Ajorque,,64,9.6,46.0,,block,left-foot,assisted,sofascore
8738740,845273,Jean-Ricner Bellegarde,,64,11.6,56.3,,miss,left-foot,assisted,sofascore
8738740,829093,Ibrahima Sissoko,,60,9.1,62.0,,miss,head,throw-in-set-piece,sofascore
8738740,816810,Mathieu Cafaro,,54,26.6,39.4,,block,right-foot,assisted,sofascore
8738740,845273,Jean-Ricner Bellegarde,,51,17.0,27.7,,miss,right-foot,assisted,sofascore
8738740,960080,Boulaye Dia,,39,14.2,50.3,,miss,right-foot,assisted,sofascore
8738740,894733,Marshall Munetsi,,33,27.8,48.6,,miss,right-foot,regular,sofascore
8738740,343971,Ludovic Ajorque,,30,11.5,50.0,,goal,left-foot,penalty,sofascore
8738740,361696,Wout Faes,,26,6.0,50.1,,goal,head,corner,sofascore
8738740,855847,Kaj Sierhuis,,25,35.4,43.0,,miss,right-foot,assisted,sofascore
8738740,583312,Bingourou Kamara,,22,0.4,46.4,,goal,head,set-piece,sofascore
8738740,816810,Mathieu Cafaro,,22,24.8,22.2,,post,right-foot,free-kick,sofascore
8738740,245615,Thomas Foket,,19,26.6,24.1,,miss,right-foot,assisted,sofascore
8738740,1035695,Fodé Doucouré,,18,23.7,71.1,,save,left-foot,assisted,sofascore
8738740,963399,Nathanaël Mbuku,,15,16.0,51.1,,save,left-foot,regular,sofascore
8738740,802159,Habibou Diallo,,14,6.2,41.2,,miss,head,assisted,sofascore
8738740,816810,Mathieu Cafaro,,9,25.6,25.6,,block,right-foot,assisted,sofascore
8738741,862821,Youssef Maziz,,82,9.1,37.4,,miss,head,regular,sofascore
8738741,229722,Farid Boulaya,,82,11.1,39.2,,save,left-foot,assisted,sofascore
8738741,72805,Paul Lasne,,67,2.9,52.7,,save,head,set-piece,sofascore
8738741,605552,Irvin Cardona,,64,7.4,51.5,,goal,right-foot,assisted,sofascore
8738741,328035,Brendan Chardonnet,,63,12.0,46.0,,save,head,set-piece,sofascore
8738741,827519,Romain Perraud,,60,15.1,32.8,,miss,left-foot,assisted,sofascore
8738741,802034,Fabien Centonze,,57,28.8,66.1,,miss,right-foot,corner,sofascore
8738741,73188,John Boye,,55,7.1,55.5,,miss,head,set-piece,sofascore
8738741,580642,Haris Belkebla,,53,24.5,43.1,,miss,right-foot,regular,sofascore
8738741,1046147,Lamine Gueye,,43,15.4,26.4,,block,right-foot,corner,sofascore
8738741,156009,Victorien Angban,,42,12.7,38.6,,save,right-foot,regular,sofascore
8738741,845271,Dylan Bronn,,42,26.2,60.4,,miss,right-foot,regular,sofascore
8738741,250453,Opa Nguette,,41,25.9,51.0,,save,right-foot,assisted,sofascore
8738741,229722,Farid Boulaya,,35,25.3,61.7,,block,right-foot,free-kick,sofascore
8738741,1046147,Lamine Gueye,,34,21.1,69.5,,block,left-foot,assisted,sofascore
8738741,827519,Romain Perraud,,33,18.2,27.3,,miss,left-foot,set-piece,sofascore
8738741,913942,Romain Faivre,,26,26.2,74.4,,miss,left-foot,assisted,sofascore
8738741,280453,Franck Honorat,,25,19.1,40.0,,block,right-foot,assisted,sofascore
8738741,605552,Irvin Cardona,,23,7.5,54.8,,miss,right-foot,assisted,sofascore
8738741,229722,Farid Boulaya,,21,29.4,58.8,,miss,right-foot,free-kick,sofascore
8738741,250453,Opa Nguette,,20,3.6,58.8,,save,right-foot,assisted,sofascore
8738741,845930,Jean-Kévin Duverne,,19,12.2,35.5,,block,right-foot,assisted,sofascore
8738741,605552,Irvin Cardona,,12,4.2,34.4,,goal,head,corner,sofascore
8738741,229722,Farid Boulaya,,11,29.5,39.8,,save,right-foot,assisted,sofascore
8738741,1046147,Lamine Gueye,,8,9.8,70.5,,save,right-foot,regular,sofascore
8738741,913191,Vagner Dias,,4,8.5,39.5,,block,right-foot,corner,sofascore
8738742,318653,Moussa Dembélé,,90,22.4,33.9,,miss,right-foot,free-kick,sofascore
8738742,839981,Lucas Paquetá,,89,9.8,56.1,,miss,right-foot,assisted,sofascore
8738742,855847,Kaj Sierhuis,,88,24.4,71.1,,miss,right-foot,regular,sofascore
8738742,979128,Rayan Cherki,,85,18.9,33.4,,save,right-foot,assisted,sofascore
8738742,227892,Arbër Zeneli,,77,27.3,35.1,,save,right-foot,assisted,sofascore
8738742,979128,Rayan Cherki,,73,16.1,37.3,,miss,right-foot,assisted,sofascore
8738742,839981,Lucas Paquetá,,68,24.6,67.6,,block,left-foot,free-kick,sofascore
8738742,318653,Moussa Dembélé,,66,8.1,34.4,,goal,left-foot,assisted,sofascore
8738742,866469,Bruno Guimarães,,49,23.9,47.8,,goal,right-foot,assisted,sofascore
8738742,329303,Thiago Mendes,,45,18.1,53.2,,miss,left-foot,regular,sofascore
8738742,831781,Ghislain Konan,,45,26.4,36.7,,block,left-foot,regular,sofascore
8738742,960080,Boulaye Dia,,45,4.3,65.8,,save,right-foot,regular,sofascore
8738742,842931,Karl Toko Ekambi,,44,12.1,57.7,,miss,head,set-piece,sofascore
8738742,816810,Mathieu Cafaro,,41,29.6,61.2,,miss,right-foot,assisted,sofascore
8738742,138833,Memphis Depay,,35,29.9,44.7,,block,right-foot,free-kick,sofascore
8738742,839981,Lucas Paquetá,,31,11.1,54.6,,miss,right-foot,assisted,sofascore
8738742,810535,Tino Kadewere,,31,6.0,35.1,,post,left-foot,corner,sofascore
8738742,280439,Maxwel Cornet,,31,23.6,41.9,,miss,left-foot,corner,sofascore
8738742,816810,Mathieu Cafaro,,26,26.5,42.8,,block,right-foot,free-kick,sofascore
8738742,842931,Karl Toko Ekambi,,22,5.2,56.9,,goal,right-foot,assisted,sofascore
8738742,816810,Mathieu Cafaro,,11,11.1,69.0,,miss,right-foot,fast-break,sofascore
8738742,842931,Karl Toko Ekambi,,8,9.5,65.3,,post,right-foot,fast-break,sofascore
8738742,982615,El Bilal Touré,,7,10.0,52.8,,miss,head,set-piece,sofascore
8738742,579596,Moussa Doumbia,,4,23.4,36.3,,miss,left-foot,assisted,sofascore
8738743,999028,Adrien Truffert,,90,18.1,30.1,,miss,left-foot,regular,sofascore
8738743,934386,Jérémy Doku,,82,18.4,48.8,,miss,right-foot,regular,sofascore
8738743,139228,M'Baye Niang,,82,12.7,46.4,,block,right-foot,assisted,sofascore
8738743,74083,Damien Da Silva,,80,11.5,41.5,,miss,head,corner,sofascore
8738743,934386,Jérémy Doku,,80,11.7,67.8,,post,right-foot,assisted,sofascore
8738743,283083,Adrien Hunou,,74,3.4,47.0,,miss,right-foot,assisted,sofascore
8738743,283083,Adrien Hunou,,74,20.5,64.3,,block,left-foot,assisted,sofascore
8738743,328027,Serhou Guirassy,,64,3.7,51.8,,miss,head,assisted,sofascore
8738743,324399,Benjamin Bourigeaud,,54,22.1,67.0,,block,right-foot,regular,sofascore
8738743,804619,Enock Kwateng,,46,4.4,56.9,,save,head,corner,sofascore
8738743,825681,Romain Del Castillo,,43,20.9,68.0,,post,left-foot,assisted,sofascore
8738743,3305,Hatem Ben Arfa,,37,17.4,47.3,,goal,left-foot,assisted,sofascore
8738743,925837,Mehdi Zerkane,,35,19.1,63.9,,save,left-foot,assisted,sofascore
8738743,825681,Romain Del Castillo,,24,13.8,55.5,,miss,left-foot,assisted,sofascore
8738743,877102,Nayef Aguerd,,23,9.9,46.1,,save,head,set-piece,sofascore
8738743,925837,Mehdi Zerkane,,12,12.3,62.1,,miss,head,assisted,sofascore
8738743,825681,Romain Del Castillo,,6,22.9,57.5,,miss,left-foot,corner,sofascore
8738743,833030,Samuel Kalu,,5,18.0,27.0,,block,right-foot,assisted,sofascore
8738743,3305,Hatem Ben Arfa,,3,9.2,56.0,,miss,left-foot,assisted,sofascore
8738743,312388,Flavien Tait,,2,10.0,39.2,,save,right-foot,assisted,sofascore
8738745,39009,Clément Grenier,,89,25.3,32.7,,save,right-foot,assisted,sofascore
8738745,283083,Adrien Hunou,,89,17.7,64.1,,save,right-foot,assisted,sofascore
8738745,1047296,Jérémy Le Douaron,,88,12.8,27.1,,save,left-foot,fast-break,sofascore
8738745,328027,Serhou Guirassy,,88,6.6,47.2,,save,head,corner,sofascore
8738745,328027,Serhou Guirassy,,87,12.9,57.5,,save,right-foot,assisted,sofascore
8738745,827519,Romain Perraud,,84,6.1,34.4,,miss,left-foot,regular,sofascore
8738745,877102,Nayef Aguerd,,82,7.5,50.7,,miss,head,corner,sofascore
8738745,913942,Romain Faivre,,81,25.2,56.9,,block,left-foot,regular,sofascore
8738745,827519,Romain Perraud,,79,24.1,22.7,,miss,left-foot,corner,sofascore
8738745,280453,Franck Honorat,,79,11.9,71.3,,save,right-foot,regular,sofascore
8738745,1047296,Jérémy Le Douaron,,79,7.1,46.8,,save,right-foot,assisted,sofascore
8738745,911851,Yann Gboho,,77,14.0,58.3,,save,right-foot,assisted,sofascore
8738745,911851,Yann Gboho,,73,13.5,42.2,,block,left-foot,regular,sofascore
8738745,846445,Martin Terrier,,73,15.1,37.0,,save,right-foot,regular,sofascore
8738745,877102,Nayef Aguerd,,70,7.9,49.9,,goal,head,corner,sofascore
8738745,362014,Hamari Traoré,,69,17.8,71.9,,block,right-foot,corner,sofascore
8738745,74083,Damien Da Silva,,66,3.4,59.4,,goal,head,set-piece,sofascore
8738745,280453,Franck Honorat,,57,12.5,64.4,,goal,right-foot,assisted,sofascore
8738745,913942,Romain Faivre,,56,12.8,29.5,,miss,left-foot,assisted,sofascore
8738745,857179,James Léa Siliki,,50,25.9,48.9,,miss,left-foot,set-piece,sofascore
8738745,51652,Steven​ N'Zonzi,,50,13.9,46.6,,miss,head,set-piece,sofascore
8738745,857179,James Léa Siliki,,47,17.9,52.1,,miss,left-foot,regular,sofascore
8738745,825681,Romain Del Castillo,,44,18.2,65.1,,miss,left-foot,assisted,sofascore
8738745,362014,Hamari Traoré,,43,15.1,69.0,,block,right-foot,regular,sofascore
8738745,846445,Martin Terrier,,43,9.8,58.7,,block,right-foot,assisted,sofascore
8738745,345035,Steve Mounié,,42,10.5,46.2,,block,head,assisted,sofascore
8738745,846445,Martin Terrier,,28,9.3,63.0,,miss,left-foot,assisted,sofascore
8738745,846445,Martin Terrier,,25,14.1,56.9,,post,right-foot,assisted,sofascore
8738745,825681,Romain Del Castillo,,18,13.0,74.2,,block,left-foot,assisted,sofascore
8738745,385386,Dalbert,,14,14.0,33.8,,miss,left-foot,assisted,sofascore
8738745,328027,Serhou Guirassy,,13,13.2,33.8,,block,right-foot,assisted,sofascore
8738745,385386,Dalbert,,6,32.2,24.6,,block,left-foot,assisted,sofascore
8738745,934386,Jérémy Doku,,4,24.3,25.2,,block,right-foot,assisted,sofascore
8738746,3305,Hatem Ben Arfa,,89,16.1,53.0,,miss,left-foot,fast-break,sofascore
8738746,826643,Kylian Mbappé,,87,8.8,32.2,,miss,left-foot,assisted,sofascore
8738746,3209,Jimmy Briand,,86,21.6,35.5,,block,right-foot,assisted,sofascore
8738746,74045,Nicolas de Préville,,86,18.8,37.9,,save,left-foot,fast-break,sofascore
8738746,124712,Neymar,,83,9.7,30.1,,block,right-foot,assisted,sofascore
8738746,852145,Josh Maja,,80,44.9,50.0,,save,right-foot,assisted,sofascore
8738746,124712,Neymar,,77,9.7,51.8,,save,head,set-piece,sofascore
8738746,74045,Nicolas de Préville,,74,22.1,31.0,,block,left-foot,set-piece,sofascore
8738746,842709,Rémi Oudin,,71,9.7,45.4,,block,left-foot,assisted,sofascore
8738746,835601,Moise Kean,,70,5.8,48.9,,miss,head,corner,sofascore
8738746,74045,Nicolas de Préville,,69,8.1,69.8,,miss,right-foot,assisted,sofascore
8738746,842709,Rémi Oudin,,66,13.7,61.3,,miss,left-foot,assisted,sofascore
8738746,859024,Yacine Adli,,60,20.4,56.2,,goal,right-foot,fast-break,sofascore
8738746,791314,Hwang Ui-Jo,,58,3.8,29.1,,miss,right-foot,assisted,sofascore
8738746,852145,Josh Maja,,55,17.4,58.3,,block,right-foot,regular,sofascore
8738746,124712,Neymar,,54,14.8,50.3,,block,right-foot,assisted,sofascore
8738746,67308,Loris Benito,,51,9.3,42.8,,miss,head,corner,sofascore
8738746,791314,Hwang Ui-Jo,,50,12.8,35.6,,block,right-foot,regular,sofascore
8738746,791314,Hwang Ui-Jo,,47,12.6,25.1,,miss,right-foot,assisted,sofascore
8738746,798002,Toma Bašić,,45,24.9,39.8,,miss,left-foot,regular,sofascore
8738746,96367,Rafinha Alcântara,,43,9.0,64.5,,miss,head,regular,sofascore
8738746,96367,Rafinha Alcântara,,43,20.3,68.8,,save,left-foot,regular,sofascore
8738746,925837,Mehdi Zerkane,,36,10.3,64.1,,save,right-foot,assisted,sofascore
8738746,826643,Kylian Mbappé,,35,11.4,31.0,,save,right-foot,assisted,sofascore
8738746,826643,Kylian Mbappé,,34,11.0,35.3,,save,left-foot,assisted,sofascore
8738746,835601,Moise Kean,,28,8.7,57.5,,goal,right-foot,regular,sofascore
8738746,124712,Neymar,,28,20.9,43.9,,save,left-foot,assisted,sofascore
8738746,124712,Neymar,,27,11.5,50.0,,goal,right-foot,penalty,sofascore
8738746,826643,Kylian Mbappé,,20,21.2,38.2,,miss,right-foot,assisted,sofascore
8738746,856638,Mitchel Bakker,,14,7.0,30.5,,save,left-foot,assisted,sofascore
8738746,255389,Leandro Paredes,,13,3.5,38.5,,miss,head,corner,sofascore
8738746,152420,Alessandro Florenzi,,13,12.2,66.4,,save,right-foot,assisted,sofascore
8738746,954050,Timothée Pembélé,,10,5.0,45.8,,goal,head,corner,sofascore
8738746,16508,Paul Baysse,,7,18.1,46.4,,miss,left-foot,corner,sofascore
8738746,3305,Hatem Ben Arfa,,6,11.0,59.0,,block,left-foot,assisted,sofascore
8738747,5585,Daniel Congré,,90,12.0,46.0,,miss,head,assisted,sofascore
8738747,954061,Arnaud Kalimuendo,,90,7.8,65.8,,miss,right-foot,assisted,sofascore
8738747,788921,Florian Sotoca,,90,19.1,41.9,,block,right-foot,assisted,sofascore
8738747,906047,Cheick Doucouré,,89,21.9,58.4,,miss,right-foot,assisted,sofascore
8738747,979315,Elye Wahi,,88,8.2,53.7,,save,head,set-piece,sofascore
8738747,979315,Elye Wahi,,85,8.4,49.9,,block,right-foot,corner,sofascore
8738747,5585,Daniel Congré,,85,9.2,53.1,,miss,head,assisted,sofascore
8738747,93570,Arnaud Souquet,,85,15.8,69.6,,block,right-foot,assisted,sofascore
8738747,149730,Gaëtan Laborde,,84,13.2,32.6,,block,left-foot,regular,sofascore
8738747,3420,Vitorino Hilton,,82,10.9,44.9,,miss,other,corner,sofascore
8738747,979315,Elye Wahi,,78,7.8,52.5,,goal,right-foot,corner,sofascore
8738747,603738,Junior Sambia,,77,9.3,17.5,,save,right-foot,free-kick,sofascore
8738747,603738,Junior Sambia,,74,18.6,66.9,,save,right-foot,free-kick,sofascore
8738747,979315,Elye Wahi,,70,5.8,26.0,,save,left-foot,assisted,sofascore
8738747,788921,Florian Sotoca,,69,13.0,62.6,,miss,right-foot,assisted,sofascore
8738747,46387,Gaël Kakuta,,67,25.8,51.8,,goal,right-foot,assisted,sofascore
8738747,3420,Vitorino Hilton,,65,9.3,48.2,,miss,head,corner,sofascore
8738747,821728,Jonathan Clauss,,60,22.4,66.4,,block,left-foot,assisted,sofascore
8738747,143344,Massadio Haïdara,,50,6.7,48.8,,miss,head,corner,sofascore
8738747,976396,Joris Chotard,,43,6.6,42.4,,save,head,corner,sofascore
8738747,149730,Gaëtan Laborde,,41,7.6,49.6,,miss,head,assisted,sofascore
8738747,363774,Mihailo Ristić,,37,20.4,42.4,,block,right-foot,assisted,sofascore
8738747,788921,Florian Sotoca,,31,16.8,42.3,,block,head,set-piece,sofascore
8738747,191188,Seko Fofana,,21,14.0,66.3,,miss,right-foot,regular,sofascore
8738747,836678,Clément Michelin,,17,30.0,49.1,,block,right-foot,free-kick,sofascore
8738747,149730,Gaëtan Laborde,,12,7.5,38.4,,block,left-foot,corner,sofascore
8738747,976396,Joris Chotard,,11,9.4,60.6,,save,right-foot,assisted,sofascore
8738747,906047,Cheick Doucouré,,7,24.2,55.7,,goal,right-foot,corner,sofascore
8738748,1047296,Jérémy Le Douaron,,90,14.0,44.3,,goal,left-foot,assisted,sofascore
8738748,829093,Ibrahima Sissoko,,90,30.9,61.8,,miss,right-foot,regular,sofascore
8738748,44213,Gaëtan Charbonnier,,83,3.4,52.6,,goal,left-foot,regular,sofascore
8738748,156004,Jean-Eudes Aholou,,70,25.4,63.9,,goal,left-foot,regular,sofascore
8738748,829093,Ibrahima Sissoko,,70,20.4,34.2,,save,right-foot,regular,sofascore
8738748,927975,Jean Lucas,,37,15.7,41.8,,miss,right-foot,assisted,sofascore
8738748,156004,Jean-Eudes Aholou,,33,25.5,43.3,,post,left-foot,assisted,sofascore
8738748,343971,Ludovic Ajorque,,30,10.5,42.4,,miss,left-foot,assisted,sofascore
8738748,231946,Adrien Thomasson,,16,20.2,38.4,,miss,left-foot,assisted,sofascore
8738748,231946,Adrien Thomasson,,8,8.3,60.6,,goal,left-foot,corner,sofascore
8738748,156004,Jean-Eudes Aholou,,8,21.8,60.6,,save,left-foot,corner,sofascore
8738748,343971,Ludovic Ajorque,,8,23.3,72.3,,block,left-foot,assisted,sofascore
8738749,845083,Keagan Dolly,,89,23.5,54.0,,miss,left-foot,corner,sofascore
8738749,358306,Il-Lok Yun,,81,8.1,48.4,,miss,head,assisted,sofascore
8738749,343971,Ludovic Ajorque,,78,12.7,60.6,,save,right-foot,assisted,sofascore
8738749,234230,Florent Mollet,,75,4.0,33.4,,save,left-foot,assisted,sofascore
8738749,149730,Gaëtan Laborde,,75,14.9,57.4,,miss,left-foot,assisted,sofascore
8738749,149730,Gaëtan Laborde,,72,11.0,31.8,,miss,left-foot,regular,sofascore
8738749,149730,Gaëtan Laborde,,68,16.3,55.8,,goal,right-foot,assisted,sofascore
8738749,149730,Gaëtan Laborde,,64,7.7,56.7,,miss,head,assisted,sofascore
8738749,945063,Mohamed Simakan,,55,8.3,60.2,,block,right-foot,set-piece,sofascore
8738749,84744,Andy Delort,,51,14.4,32.0,,miss,right-foot,assisted,sofascore
8738749,84744,Andy Delort,,50,18.7,54.5,,save,right-foot,corner,sofascore
8738749,603738,Junior Sambia,,50,21.1,79.8,,miss,right-foot,free-kick,sofascore
8738749,363774,Mihailo Ristić,,46,11.8,32.2,,save,left-foot,assisted,sofascore
8738749,234230,Florent Mollet,,45,29.1,43.9,,miss,right-foot,free-kick,sofascore
8738749,343971,Ludovic Ajorque,,45,6.8,42.5,,goal,right-foot,set-piece,sofascore
8738749,802159,Habibou Diallo,,42,7.6,43.7,,miss,head,assisted,sofascore
8738749,141080,Kenny Lala,,40,23.1,47.4,,miss,right-foot,regular,sofascore
8738749,84744,Andy Delort,,39,9.5,56.9,,miss,right-foot,corner,sofascore
8738749,845273,Jean-Ricner Bellegarde,,38,21.6,42.3,,miss,left-foot,regular,sofascore
8738749,84744,Andy Delort,,36,3.0,43.7,,block,right-foot,corner,sofascore
8738749,44563,Pedro Mendes,,35,4.6,60.2,,block,left-foot,corner,sofascore
8738749,234230,Florent Mollet,,33,24.4,43.0,,save,right-foot,assisted,sofascore
8738749,84744,Andy Delort,,31,7.3,50.4,,goal,head,assisted,sofascore
8738749,802159,Habibou Diallo,,26,11.5,50.0,,goal,right-foot,penalty,sofascore
8738749,603738,Junior Sambia,,25,9.6,51.2,,save,head,corner,sofascore
8738749,141080,Kenny Lala,,22,11.5,50.0,,goal,right-foot,penalty,sofascore
8738749,84744,Andy Delort,,13,11.8,37.1,,goal,head,assisted,sofascore
8738749,234230,Florent Mollet,,11,10.8,56.4,,miss,left-foot,assisted,sofascore
8738749,44563,Pedro Mendes,,8,4.4,50.9,,goal,right-foot,corner,sofascore
8738749,343971,Ludovic Ajorque,,3,13.4,43.9,,save,left-foot,assisted,sofascore
8738750,861324,Hugo Magnetti,,90,25.4,64.5,,block,right-foot,assisted,sofascore
8738750,41605,Timothée Kolodziejczak,,90,6.8,43.5,,miss,head,corner,sofascore
8738750,3579,Mathieu Debuchy,,90,11.2,45.5,,block,head,set-piece,sofascore
8738750,913942,Romain Faivre,,72,14.3,62.4,,save,left-foot,assisted,sofascore
8738750,760618,Denis Bouanga,,70,13.5,47.4,,block,head,assisted,sofascore
8738750,38716,Ryad Boudebouz,,67,12.1,58.6,,miss,head,assisted,sofascore
8738750,247665,Miguel Trauco,,67,12.7,26.8,,miss,left-foot,assisted,sofascore
8738750,848458,Arnaud Nordin,,66,19.1,34.7,,block,right-foot,regular,sofascore
8738750,760618,Denis Bouanga,,66,12.1,45.8,,block,head,assisted,sofascore
8738750,862194,Zaydou Youssouf,,63,30.6,69.6,,miss,left-foot,assisted,sofascore
8738750,913942,Romain Faivre,,57,18.9,54.9,,miss,left-foot,assisted,sofascore
8738750,848458,Arnaud Nordin,,52,11.4,61.1,,miss,left-foot,regular,sofascore
8738750,862194,Zaydou Youssouf,,51,18.4,60.0,,block,left-foot,regular,sofascore
8738750,848458,Arnaud Nordin,,51,24.5,30.3,,block,right-foot,assisted,sofascore
8738750,916041,Mahdi Camara,,50,29.8,47.2,,miss,right-foot,assisted,sofascore
8738750,345035,Steve Mounié,,50,14.0,49.5,,miss,head,fast-break,sofascore
8738750,760618,Denis Bouanga,,45,11.5,59.0,,block,right-foot,assisted,sofascore
8738750,345035,Steve Mounié,,45,18.7,62.5,,miss,right-foot,assisted,sofascore
8738750,345035,Steve Mounié,,38,5.0,54.2,,goal,head,assisted,sofascore
8738750,605552,Irvin Cardona,,33,10.4,45.4,,goal,right-foot,assisted,sofascore
8738750,916041,Mahdi Camara,,30,3.0,45.1,,goal,left-foot,set-piece,sofascore
8738750,795128,Harold Moukoudi,,30,6.6,52.4,,miss,head,set-piece,sofascore
8738750,869931,Yvan Neyou,,24,24.1,42.9,,miss,left-foot,regular,sofascore
8738750,845930,Jean-Kévin Duverne,,23,10.3,44.5,,goal,head,corner,sofascore
8738750,942839,Alpha Sissoko,,16,29.8,20.9,,miss,right-foot,assisted,sofascore
8738750,605552,Irvin Cardona,,10,6.3,25.2,,miss,left-foot,fast-break,sofascore
8738750,280453,Franck Honorat,,7,20.1,31.7,,goal,right-foot,assisted,sofascore
8738751,827934,Andreaw Gravillon,,90,6.2,43.3,,save,right-foot,assisted,sofascore
8738751,26890,Fabien Lemoine,,87,27.2,52.8,,miss,right-foot,assisted,sofascore
8738751,99945,Vincent Le Goff,,84,4.3,33.4,,save,left-foot,assisted,sofascore
8738751,857471,Pierre-Yves Hamel,,81,17.7,44.6,,miss,right-foot,regular,sofascore
8738751,984014,Enzo Le Fée,,80,11.0,28.9,,miss,left-foot,assisted,sofascore
8738751,66309,Petar Škuletić,,79,15.6,44.3,,goal,left-foot,fast-break,sofascore
8738751,156682,Teji Savanier,,77,15.9,35.6,,miss,left-foot,assisted,sofascore
8738751,358306,Il-Lok Yun,,76,10.4,34.6,,block,head,assisted,sofascore
8738751,984014,Enzo Le Fée,,68,21.2,69.9,,miss,right-foot,assisted,sofascore
8738751,605338,Stephy Mavididi,,57,9.4,48.9,,save,head,assisted,sofascore
8738751,84744,Andy Delort,,53,10.0,71.9,,block,right-foot,assisted,sofascore
8738751,156682,Teji Savanier,,45,11.4,49.7,,miss,right-foot,penalty,sofascore
8738751,5585,Daniel Congré,,45,2.7,64.7,,block,right-foot,corner,sofascore
8738751,791048,Julien Laporte,,42,15.2,37.5,,miss,head,set-piece,sofascore
8738751,149730,Gaëtan Laborde,,33,10.3,45.2,,save,head,assisted,sofascore
8738751,84744,Andy Delort,,28,15.2,32.0,,block,right-foot,assisted,sofascore
8738751,149730,Gaëtan Laborde,,23,13.0,42.6,,miss,head,assisted,sofascore
8738751,149730,Gaëtan Laborde,,20,14.3,31.7,,miss,right-foot,set-piece,sofascore
8738751,149730,Gaëtan Laborde,,20,11.4,38.9,,post,head,set-piece,sofascore
8738751,603738,Junior Sambia,,10,20.7,65.1,,miss,left-foot,assisted,sofascore
8738751,363774,Mihailo Ristić,,10,20.9,38.4,,miss,right-foot,corner,sofascore
8738751,234230,Florent Mollet,,9,14.7,40.2,,miss,left-foot,set-piece,sofascore
8738751,149730,Gaëtan Laborde,,5,12.5,40.2,,miss,right-foot,regular,sofascore
8738751,827386,Quentin Boisgard,,4,13.2,51.0,,miss,right-foot,assisted,sofascore
8738752,291695,Issiaga Sylla,,90,14.8,42.1,,miss,left-foot,set-piece,sofascore
8738752,209768,Pierrick Capelle,,90,3.8,47.2,,goal,left-foot,fast-break,sofascore
8738752,257421,Ibrahim Amadou,,90,14.4,61.8,,post,right-foot,fast-break,sofascore
8738752,821728,Jonathan Clauss,,90,21.6,62.3,,block,right-foot,regular,sofascore
8738752,930584,Farid El Melali,,88,11.2,60.6,,miss,left-foot,assisted,sofascore
8738752,294641,Loïs Diony,,85,15.4,73.7,,miss,right-foot,assisted,sofascore
8738752,593546,Tony Mauricio,,82,23.3,71.6,,save,left-foot,assisted,sofascore
8738752,930584,Farid El Melali,,81,25.5,75.6,,miss,right-foot,set-piece,sofascore
8738752,191178,Corentin Jean,,73,28.8,52.8,,save,right-foot,free-kick,sofascore
8738752,294641,Loïs Diony,,71,4.8,29.3,,miss,left-foot,assisted,sofascore
8738752,191188,Seko Fofana,,70,19.5,53.3,,block,left-foot,assisted,sofascore
8738752,294641,Loïs Diony,,69,10.7,36.5,,miss,left-foot,assisted,sofascore
8738752,257205,Sofiane Boufal,,69,18.8,52.0,,save,right-foot,regular,sofascore
8738752,191188,Seko Fofana,,64,16.5,51.9,,miss,right-foot,assisted,sofascore
8738752,14142,Thomas Mangani,,61,23.1,62.7,,miss,left-foot,assisted,sofascore
8738752,308130,Jimmy Cabot,,60,12.2,64.7,,block,left-foot,assisted,sofascore
8738752,954061,Arnaud Kalimuendo,,59,24.4,51.1,,miss,left-foot,assisted,sofascore
8738752,153220,Stéphane Bahoken,,52,16.1,55.5,,block,left-foot,assisted,sofascore
8738752,153220,Stéphane Bahoken,,49,4.4,38.6,,goal,right-foot,corner,sofascore
8738752,153220,Stéphane Bahoken,,47,24.1,69.3,,miss,right-foot,fast-break,sofascore
8738752,787540,Angelo Fulgini,,39,26.4,39.4,,save,right-foot,assisted,sofascore
8738752,788921,Florian Sotoca,,36,12.2,67.0,,save,right-foot,assisted,sofascore
8738752,954061,Arnaud Kalimuendo,,34,8.4,54.2,,goal,right-foot,assisted,sofascore
8738752,257421,Ibrahim Amadou,,33,13.4,57.6,,save,right-foot,regular,sofascore
8738752,821728,Jonathan Clauss,,31,5.1,66.8,,miss,right-foot,assisted,sofascore
8738752,831400,Mathias Pereira Lage,,22,26.8,47.2,,goal,right-foot,regular,sofascore
8738752,46387,Gaël Kakuta,,18,21.9,36.8,,post,left-foot,free-kick,sofascore
8738752,153220,Stéphane Bahoken,,12,4.9,61.5,,block,head,corner,sofascore
8738752,73979,Romain Thomas,,6,4.3,50.1,,miss,head,set-piece,sofascore
8738752,821728,Jonathan Clauss,,3,13.6,53.3,,miss,left-foot,regular,sofascore
8738752,954061,Arnaud Kalimuendo,,3,11.5,43.3,,save,right-foot,assisted,sofascore
8738753,73056,Mehdi Abeid,,79,11.4,43.6,,miss,right-foot,assisted,sofascore
8738753,938270,Abdoul Kader Bamba,,76,25.7,56.6,,save,right-foot,assisted,sofascore
8738753,229722,Farid Boulaya,,75,24.7,30.1,,save,right-foot,regular,sofascore
8738753,73056,Mehdi Abeid,,74,10.1,56.1,,miss,left-foot,assisted,sofascore
8738753,785418,Marcus Coco,,74,9.5,66.6,,block,right-foot,assisted,sofascore
8738753,913191,Vagner Dias,,71,11.2,43.8,,save,right-foot,regular,sofascore
8738753,1046147,Lamine Gueye,,70,14.3,59.6,,block,right-foot,assisted,sofascore
8738753,73056,Mehdi Abeid,,62,22.4,34.2,,block,right-foot,assisted,sofascore
8738753,871706,Randal Kolo Muani,,61,10.8,64.9,,miss,right-foot,regular,sofascore
8738753,938270,Abdoul Kader Bamba,,60,8.7,34.8,,save,left-foot,assisted,sofascore
8738753,1046147,Lamine Gueye,,59,12.9,72.7,,save,right-foot,regular,sofascore
8738753,806076,Ludovic Blas,,54,13.1,61.5,,block,right-foot,assisted,sofascore
8738753,785418,Marcus Coco,,50,19.6,70.8,,miss,right-foot,assisted,sofascore
8738753,229722,Farid Boulaya,,47,36.7,10.6,,miss,right-foot,assisted,sofascore
8738753,352966,Aaron Leya Iseka,,45,11.5,50.0,,goal,right-foot,penalty,sofascore
8738753,1046147,Lamine Gueye,,45,13.3,52.4,,block,left-foot,assisted,sofascore
8738753,1046147,Lamine Gueye,,45,10.0,53.3,,block,head,assisted,sofascore
8738753,871706,Randal Kolo Muani,,40,8.7,33.6,,save,right-foot,regular,sofascore
8738753,794836,Andrei Girotto,,34,4.8,62.3,,miss,head,corner,sofascore
8738753,806076,Ludovic Blas,,34,4.1,61.0,,save,right-foot,assisted,sofascore
8738753,871706,Randal Kolo Muani,,29,14.0,52.4,,goal,left-foot,assisted,sofascore
8738753,940360,Warren Tchimbembé,,27,9.0,41.0,,miss,left-foot,assisted,sofascore
8738753,938270,Abdoul Kader Bamba,,23,15.8,45.4,,block,left-foot,assisted,sofascore
8738753,1046147,Lamine Gueye,,23,13.8,63.0,,block,right-foot,assisted,sofascore
8738753,149732,Abdoulaye Touré,,21,25.1,34.9,,miss,right-foot,assisted,sofascore
8738753,47549,Sébastien Corchia,,17,14.7,68.5,,block,left-foot,assisted,sofascore
8738753,871706,Randal Kolo Muani,,13,13.2,66.0,,miss,right-foot,assisted,sofascore
8738753,806076,Ludovic Blas,,10,21.4,62.9,,miss,left-foot,assisted,sofascore
8738753,352966,Aaron Leya Iseka,,8,10.4,43.9,,block,right-foot,assisted,sofascore
8738754,846439,Patrick Burner,,90,18.1,51.3,,save,right-foot,fast-break,sofascore
8738754,227892,Arbër Zeneli,,90,14.0,60.4,,post,right-foot,corner,sofascore
8738754,178721,Yunis Abdelhamid,,90,8.0,47.6,,save,head,assisted,sofascore
8738754,982615,El Bilal Touré,,90,6.8,52.6,,post,head,assisted,sofascore
8738754,98197,Valon Berisha,,90,19.7,64.1,,miss,right-foot,corner,sofascore
8738754,178721,Yunis Abdelhamid,,85,25.4,43.1,,block,left-foot,regular,sofascore
8738754,960080,Boulaye Dia,,82,7.8,49.9,,block,head,assisted,sofascore
8738754,816810,Mathieu Cafaro,,74,27.2,61.8,,miss,right-foot,assisted,sofascore
8738754,894733,Marshall Munetsi,,73,23.8,53.6,,block,right-foot,assisted,sofascore
8738754,862470,Kévin Denkey,,72,19.9,64.7,,save,right-foot,assisted,sofascore
8738754,579596,Moussa Doumbia,,69,15.7,38.0,,block,right-foot,assisted,sofascore
8738754,982615,El Bilal Touré,,64,5.3,48.2,,save,right-foot,assisted,sofascore
8738754,247445,Renaud Ripart,,62,11.5,50.0,,goal,right-foot,penalty,sofascore
8738754,247445,Renaud Ripart,,56,4.8,32.6,,miss,left-foot,assisted,sofascore
8738754,816810,Mathieu Cafaro,,53,22.4,51.5,,save,right-foot,assisted,sofascore
8738754,881952,Matteo Ahlinvi,,52,27.3,65.8,,save,left-foot,assisted,sofascore
8738754,816810,Mathieu Cafaro,,45,21.7,22.3,,miss,right-foot,free-kick,sofascore
8738754,960080,Boulaye Dia,,32,17.7,34.0,,save,right-foot,assisted,sofascore
8738754,963399,Nathanaël Mbuku,,24,24.6,69.3,,save,left-foot,assisted,sofascore
8738754,98197,Valon Berisha,,17,16.8,51.4,,miss,right-foot,corner,sofascore
8738754,881952,Matteo Ahlinvi,,9,32.5,52.0,,save,left-foot,assisted,sofascore
8738754,816810,Mathieu Cafaro,,3,23.9,28.7,,save,right-foot,assisted,sofascore
8738755,557166,Mama Baldé,,90,8.3,53.4,,miss,right-foot,set-piece,sofascore
8738755,890329,Ignatius Kpene Ganago,,90,12.6,63.1,,save,right-foot,assisted,sofascore
8738755,788921,Florian Sotoca,,87,9.0,34.7,,save,right-foot,assisted,sofascore
8738755,821728,Jonathan Clauss,,85,19.7,67.0,,miss,right-foot,corner,sofascore
8738755,557166,Mama Baldé,,75,7.1,66.8,,save,right-foot,assisted,sofascore
8738755,281013,Bersant Celina,,63,22.4,30.7,,block,right-foot,assisted,sofascore
8738755,788921,Florian Sotoca,,58,6.8,56.5,,miss,right-foot,assisted,sofascore
8738755,557166,Mama Baldé,,54,18.9,50.4,,block,right-foot,assisted,sofascore
8738755,557166,Mama Baldé,,52,14.9,51.3,,miss,right-foot,regular,sofascore
8738755,309510,Jordan Marié,,47,25.4,54.1,,miss,right-foot,set-piece,sofascore
8738755,191178,Corentin Jean,,45,24.8,68.0,,save,right-foot,free-kick,sofascore
8738755,157143,Moussa Konaté,,41,11.5,22.3,,miss,left-foot,assisted,sofascore
8738755,191178,Corentin Jean,,31,11.8,42.1,,miss,right-foot,assisted,sofascore
8738755,954061,Arnaud Kalimuendo,,23,1.1,49.0,,goal,right-foot,regular,sofascore
8738755,31993,Bruno Ecuele Manga,,18,8.7,54.5,,save,head,corner,sofascore
8738755,786305,Roger Assalé,,13,15.4,47.0,,block,right-foot,corner,sofascore
8738755,31993,Bruno Ecuele Manga,,13,5.9,49.7,,block,head,corner,sofascore
8738755,31993,Bruno Ecuele Manga,,5,7.5,50.7,,miss,head,corner,sofascore
8738755,954061,Arnaud Kalimuendo,,4,8.4,39.2,,block,right-foot,corner,sofascore
8738757,757730,Antonin Bobichon,,90,22.7,57.5,,miss,left-foot,assisted,sofascore
8738757,930584,Farid El Melali,,90,14.9,71.7,,miss,right-foot,assisted,sofascore
8738757,366760,Souleyman Doumbia,,90,7.4,39.4,,block,left-foot,regular,sofascore
8738757,810535,Tino Kadewere,,78,6.3,50.6,,goal,right-foot,assisted,sofascore
8738757,318653,Moussa Dembélé,,77,15.5,66.9,,save,right-foot,fast-break,sofascore
8738757,257421,Ibrahim Amadou,,74,11.7,58.1,,miss,right-foot,corner,sofascore
8738757,73979,Romain Thomas,,74,10.6,44.0,,miss,head,corner,sofascore
8738757,51371,Vincent Manceau,,70,21.7,72.1,,block,right-foot,set-piece,sofascore
8738757,153220,Stéphane Bahoken,,57,18.1,61.8,,save,right-foot,assisted,sofascore
8738757,366760,Souleyman Doumbia,,57,5.4,32.8,,save,left-foot,regular,sofascore
8738757,257421,Ibrahim Amadou,,57,22.7,43.3,,block,right-foot,assisted,sofascore
8738757,787540,Angelo Fulgini,,54,11.2,57.5,,save,head,assisted,sofascore
8738757,329303,Thiago Mendes,,43,4.1,41.9,,miss,head,assisted,sofascore
8738757,153220,Stéphane Bahoken,,41,19.8,79.0,,miss,right-foot,assisted,sofascore
8738757,787542,Sada Thioub,,39,26.1,46.2,,block,right-foot,corner,sofascore
8738757,839981,Lucas Paquetá,,29,10.5,37.4,,block,right-foot,fast-break,sofascore
8738757,787540,Angelo Fulgini,,28,19.7,41.2,,save,right-foot,corner,sofascore
8738757,153220,Stéphane Bahoken,,27,22.1,69.3,,block,right-foot,regular,sofascore
8738757,810535,Tino Kadewere,,24,6.7,49.5,,miss,head,corner,sofascore
8738757,209768,Pierrick Capelle,,20,28.4,37.4,,block,left-foot,regular,sofascore
8738757,831400,Mathias Pereira Lage,,16,14.1,69.4,,save,right-foot,assisted,sofascore
8738757,153220,Stéphane Bahoken,,16,20.0,64.5,,save,right-foot,assisted,sofascore
8738757,787542,Sada Thioub,,12,7.1,72.1,,save,right-foot,assisted,sofascore
8738757,209768,Pierrick Capelle,,1,9.7,50.0,,miss,head,corner,sofascore
8738758,935564,Jonathan David,,90,9.8,51.8,,goal,left-foot,assisted,sofascore
8738758,51665,Benjamin André,,89,13.8,51.8,,miss,head,corner,sofascore
8738758,980403,Isaac Lihadji,,89,9.8,69.3,,block,left-foot,assisted,sofascore
8738758,887581,Boubakary Soumaré,,85,26.7,45.8,,block,left-foot,assisted,sofascore
8738758,980403,Isaac Lihadji,,84,14.4,45.0,,save,left-foot,fast-break,sofascore
8738758,857471,Pierre-Yves Hamel,,83,25.9,33.9,,block,right-foot,regular,sofascore
8738758,282095,Adrian Grbić,,82,2.8,45.6,,block,right-foot,assisted,sofascore
8738758,282095,Adrian Grbić,,79,11.7,23.5,,save,right-foot,assisted,sofascore
8738758,857471,Pierre-Yves Hamel,,72,15.4,71.1,,block,right-foot,regular,sofascore
8738758,158573,Adama Soumaoro,,64,7.7,48.5,,miss,head,corner,sofascore
8738758,51665,Benjamin André,,63,14.3,62.9,,block,right-foot,assisted,sofascore
8738758,935564,Jonathan David,,60,9.0,34.0,,save,left-foot,assisted,sofascore
8738758,840451,Luiz Araújo,,57,10.7,55.7,,goal,left-foot,assisted,sofascore
8738758,858705,Xeka,,57,9.1,45.8,,miss,head,corner,sofascore
8738758,840451,Luiz Araújo,,55,20.9,69.7,,block,left-foot,assisted,sofascore
8738758,935564,Jonathan David,,54,14.7,53.3,,save,right-foot,assisted,sofascore
8738758,827804,Yusuf Yazıcı,,51,7.8,48.7,,goal,left-foot,assisted,sofascore
8738758,827934,Andreaw Gravillon,,45,5.8,57.1,,miss,head,corner,sofascore
8738758,805123,Yoane Wissa,,45,10.1,57.6,,save,right-foot,assisted,sofascore
8738758,897594,Domagoj Bradarić,,44,7.5,30.1,,save,left-foot,assisted,sofascore
8738758,840451,Luiz Araújo,,43,15.7,63.9,,miss,left-foot,assisted,sofascore
8738758,935564,Jonathan David,,43,9.2,55.1,,post,right-foot,assisted,sofascore
8738758,827804,Yusuf Yazıcı,,36,12.4,75.0,,save,left-foot,assisted,sofascore
8738758,827804,Yusuf Yazıcı,,29,9.5,41.5,,goal,left-foot,assisted,sofascore
8738758,827804,Yusuf Yazıcı,,28,26.3,51.2,,miss,left-foot,fast-break,sofascore
8738758,595576,Jonathan Bamba,,27,27.0,33.0,,save,right-foot,assisted,sofascore
8738758,827804,Yusuf Yazıcı,,25,18.8,62.3,,block,right-foot,assisted,sofascore
8738758,296434,Laurent Abergel,,25,25.4,42.1,,block,right-foot,regular,sofascore
8738758,935564,Jonathan David,,22,14.8,44.0,,miss,right-foot,regular,sofascore
8738758,935564,Jonathan David,,22,19.6,40.4,,save,right-foot,regular,sofascore
8738758,840451,Luiz Araújo,,20,22.8,62.0,,block,left-foot,assisted,sofascore
8738758,595576,Jonathan Bamba,,19,22.5,43.9,,block,left-foot,assisted,sofascore
8738758,827804,Yusuf Yazıcı,,18,20.7,65.5,,block,left-foot,assisted,sofascore
8738758,827804,Yusuf Yazıcı,,18,21.5,67.0,,save,left-foot,assisted,sofascore
8738758,827804,Yusuf Yazıcı,,16,7.8,25.8,,block,left-foot,assisted,sofascore
8738758,935564,Jonathan David,,16,13.1,33.1,,save,left-foot,assisted,sofascore
8738758,840451,Luiz Araújo,,6,21.4,53.4,,miss,left-foot,corner,sofascore
8738758,595576,Jonathan Bamba,,5,12.1,38.8,,block,left-foot,fast-break,sofascore
8738759,827934,Andreaw Gravillon,,90,7.0,55.9,,miss,head,corner,sofascore
8738759,844480,Pol Lirola,,90,15.8,64.8,,goal,right-foot,assisted,sofascore
8738759,932643,Armand Laurienté,,87,18.9,27.4,,block,right-foot,assisted,sofascore
8738759,150865,Thomas Monconduit,,86,20.9,28.4,,miss,left-foot,assisted,sofascore
8738759,805123,Yoane Wissa,,78,18.9,55.5,,miss,right-foot,assisted,sofascore
8738759,805123,Yoane Wissa,,76,10.5,64.1,,save,right-foot,assisted,sofascore
8738759,99945,Vincent Le Goff,,75,22.6,48.6,,save,left-foot,corner,sofascore
8738759,932643,Armand Laurienté,,74,21.5,29.3,,save,right-foot,assisted,sofascore
8738759,894396,Terem Moffi,,70,13.2,57.9,,goal,left-foot,fast-break,sofascore
8738759,984014,Enzo Le Fée,,66,30.6,43.5,,save,right-foot,assisted,sofascore
8738759,161325,Arkadiusz Milik,,63,8.3,41.7,,miss,left-foot,regular,sofascore
8738759,14216,Dimitri Payet,,63,4.4,46.1,,save,right-foot,assisted,sofascore
8738759,161325,Arkadiusz Milik,,62,4.8,33.1,,miss,left-foot,assisted,sofascore
8738759,161325,Arkadiusz Milik,,61,7.0,33.1,,block,head,corner,sofascore
8738759,161325,Arkadiusz Milik,,60,16.5,49.5,,block,left-foot,assisted,sofascore
8738759,844480,Pol Lirola,,56,9.5,59.5,,goal,right-foot,assisted,sofascore
8738759,14216,Dimitri Payet,,53,18.4,51.9,,goal,right-foot,assisted,sofascore
8738759,161325,Arkadiusz Milik,,52,11.1,57.6,,save,left-foot,regular,sofascore
8738759,932643,Armand Laurienté,,40,28.2,18.8,,miss,right-foot,free-kick,sofascore
8738759,941077,Lucas Perrin,,37,12.8,72.4,,block,left-foot,assisted,sofascore
8738759,14216,Dimitri Payet,,29,14.8,49.0,,miss,left-foot,assisted,sofascore
8738759,161325,Arkadiusz Milik,,28,12.7,49.1,,miss,head,assisted,sofascore
8738759,932643,Armand Laurienté,,25,23.2,70.2,,miss,right-foot,free-kick,sofascore
8738759,894396,Terem Moffi,,19,6.8,36.1,,goal,left-foot,assisted,sofascore
8738759,928236,Leonardo Balerdi,,16,8.1,50.9,,miss,head,set-piece,sofascore
8738760,855847,Kaj Sierhuis,,90,10.0,49.8,,miss,head,set-piece,sofascore
8738760,356024,Thierry Ambrose,,84,27.3,45.8,,block,right-foot,assisted,sofascore
8738760,787827,Matthieu Udol,,80,22.8,25.0,,miss,right-foot,assisted,sofascore
8738760,816810,Mathieu Cafaro,,77,26.0,50.4,,miss,right-foot,regular,sofascore
8738760,229722,Farid Boulaya,,66,16.5,13.3,,miss,right-foot,free-kick,sofascore
8738760,802034,Fabien Centonze,,65,27.5,72.3,,block,right-foot,regular,sofascore
8738760,960080,Boulaye Dia,,57,11.7,31.7,,miss,left-foot,fast-break,sofascore
8738760,960080,Boulaye Dia,,55,11.2,74.2,,save,right-foot,assisted,sofascore
8738760,73188,John Boye,,53,9.1,45.4,,save,head,set-piece,sofascore
8738760,963399,Nathanaël Mbuku,,51,9.4,61.2,,save,right-foot,assisted,sofascore
8738760,579596,Moussa Doumbia,,47,26.6,50.5,,save,right-foot,regular,sofascore
8738760,845271,Dylan Bronn,,45,15.8,39.7,,miss,right-foot,corner,sofascore
8738760,913191,Vagner Dias,,45,2.7,67.2,,save,right-foot,fast-break,sofascore
8738760,1002711,Pape Matar Sarr,,41,24.5,68.3,,miss,right-foot,assisted,sofascore
8738760,359246,Habib Maïga,,33,22.6,39.1,,miss,right-foot,assisted,sofascore
8738760,913191,Vagner Dias,,33,9.3,50.1,,miss,head,assisted,sofascore
8738760,982327,Dion Lopy,,32,19.5,66.6,,block,right-foot,assisted,sofascore
8738760,982615,El Bilal Touré,,29,3.7,56.5,,save,head,corner,sofascore
8738760,982615,El Bilal Touré,,29,8.5,50.3,,save,left-foot,assisted,sofascore
8738760,579596,Moussa Doumbia,,29,18.7,34.7,,miss,left-foot,regular,sofascore
8738760,579596,Moussa Doumbia,,21,26.5,61.0,,save,right-foot,assisted,sofascore
8738760,229722,Farid Boulaya,,19,28.3,57.7,,block,right-foot,free-kick,sofascore
8738760,157029,Xavier Chavalerin,,17,22.1,38.0,,miss,left-foot,corner,sofascore
8738760,982615,El Bilal Touré,,16,4.4,37.5,,block,head,corner,sofascore
8738760,963399,Nathanaël Mbuku,,16,16.4,53.4,,miss,left-foot,assisted,sofascore
8738760,157029,Xavier Chavalerin,,7,21.1,55.0,,miss,left-foot,regular,sofascore
8738761,791314,Hwang Ui-Jo,,86,9.8,52.8,,miss,right-foot,regular,sofascore
8738761,941161,Charles Abi,,85,8.8,31.0,,miss,left-foot,fast-break,sofascore
8738761,862194,Zaydou Youssouf,,81,4.7,45.0,,goal,left-foot,fast-break,sofascore
8738761,760618,Denis Bouanga,,81,8.2,34.3,,save,left-foot,fast-break,sofascore
8738761,862194,Zaydou Youssouf,,78,27.7,76.0,,miss,left-foot,free-kick,sofascore
8738761,51640,Wahbi Khazri,,72,11.5,50.0,,goal,right-foot,penalty,sofascore
8738761,795128,Harold Moukoudi,,70,3.0,60.2,,block,right-foot,corner,sofascore
8738761,790198,Pape Abou Cissé,,70,9.4,52.4,,save,head,corner,sofascore
8738761,51340,Laurent Koscielny,,67,3.7,47.8,,miss,right-foot,set-piece,sofascore
8738761,74139,Romain Hamouma,,62,17.6,57.0,,block,left-foot,regular,sofascore
8738761,67308,Loris Benito,,59,18.8,33.4,,miss,left-foot,corner,sofascore
8738761,795128,Harold Moukoudi,,56,12.4,47.8,,miss,head,set-piece,sofascore
8738761,760618,Denis Bouanga,,53,9.4,35.1,,miss,left-foot,regular,sofascore
8738761,791314,Hwang Ui-Jo,,52,10.4,63.7,,miss,right-foot,assisted,sofascore
8738761,51640,Wahbi Khazri,,50,14.1,47.2,,block,right-foot,regular,sofascore
8738761,842709,Rémi Oudin,,48,16.8,57.1,,miss,left-foot,assisted,sofascore
8738761,798002,Toma Bašić,,45,26.8,64.1,,post,left-foot,free-kick,sofascore
8738761,842709,Rémi Oudin,,44,9.0,32.2,,save,left-foot,assisted,sofascore
8738761,925837,Mehdi Zerkane,,38,12.8,48.9,,miss,head,assisted,sofascore
8738761,791314,Hwang Ui-Jo,,35,1.7,40.0,,miss,right-foot,regular,sofascore
8738761,790198,Pape Abou Cissé,,28,12.2,46.8,,miss,head,corner,sofascore
8738761,51640,Wahbi Khazri,,23,15.7,37.5,,goal,right-foot,corner,sofascore
8738761,51640,Wahbi Khazri,,19,11.5,50.0,,goal,right-foot,penalty,sofascore
8738761,869931,Yvan Neyou,,16,33.0,37.7,,miss,right-foot,assisted,sofascore
8738761,74139,Romain Hamouma,,13,14.0,67.6,,miss,right-foot,assisted,sofascore
8738761,791314,Hwang Ui-Jo,,9,11.5,50.0,,goal,right-foot,penalty,sofascore
8738761,51640,Wahbi Khazri,,4,28.2,50.1,,block,right-foot,free-kick,sofascore
8738762,1113031,Moïse Sahi Dion,,88,24.8,60.0,,miss,right-foot,fast-break,sofascore
8738762,365358,Dimitri Liénard,,82,6.4,52.0,,goal,left-foot,set-piece,sofascore
8738762,365358,Dimitri Liénard,,82,11.5,50.0,,save,left-foot,penalty,sofascore
8738762,796085,Moussa Koné,,79,8.6,55.8,,miss,left-foot,assisted,sofascore
8738762,122922,Lionel Carole,,63,11.1,31.4,,save,left-foot,assisted,sofascore
8738762,247445,Renaud Ripart,,55,11.5,50.0,,goal,right-foot,penalty,sofascore
8738762,829093,Ibrahima Sissoko,,45,24.1,63.1,,block,right-foot,regular,sofascore
8738762,231946,Adrien Thomasson,,45,14.4,64.5,,block,right-foot,throw-in-set-piece,sofascore
8738762,822878,Lamine Fomba,,41,14.4,48.7,,miss,right-foot,regular,sofascore
8738762,777067,Florian Miguel,,32,9.3,49.3,,miss,head,set-piece,sofascore
8738762,777067,Florian Miguel,,21,7.1,49.1,,miss,head,corner,sofascore
8738762,365358,Dimitri Liénard,,5,23.0,25.6,,miss,left-foot,assisted,sofascore
8738763,839981,Lucas Paquetá,,90,45.0,50.4,,save,left-foot,fast-break,sofascore
8738763,846081,Houssem Aouar,,88,15.4,45.1,,block,left-foot,assisted,sofascore
8738763,842931,Karl Toko Ekambi,,86,16.0,50.6,,miss,right-foot,assisted,sofascore
8738763,839981,Lucas Paquetá,,70,12.4,46.4,,block,right-foot,assisted,sofascore
8738763,330051,Moses Simon,,65,6.9,31.0,,block,right-foot,assisted,sofascore
8738763,806076,Ludovic Blas,,65,24.7,42.2,,block,left-foot,assisted,sofascore
8738763,106496,Nicolas Pallois,,60,1.8,53.8,,goal,right-foot,corner,sofascore
8738763,871706,Randal Kolo Muani,,60,7.0,53.4,,save,head,corner,sofascore
8738763,806076,Ludovic Blas,,58,20.8,32.6,,miss,left-foot,assisted,sofascore
8738763,842931,Karl Toko Ekambi,,57,11.0,65.5,,miss,right-foot,assisted,sofascore
8738763,123164,Dennis Appiah,,56,20.7,30.4,,miss,right-foot,assisted,sofascore
8738763,138833,Memphis Depay,,53,9.5,32.2,,save,left-foot,assisted,sofascore
8738763,806076,Ludovic Blas,,52,19.5,61.8,,save,left-foot,assisted,sofascore
8738763,839981,Lucas Paquetá,,44,11.0,38.2,,miss,left-foot,assisted,sofascore
8738763,159701,Kalifa Coulibaly,,41,14.4,69.5,,miss,left-foot,regular,sofascore
8738763,806076,Ludovic Blas,,41,24.7,54.5,,block,left-foot,assisted,sofascore
8738763,138833,Memphis Depay,,37,11.5,50.0,,goal,right-foot,penalty,sofascore
8738763,806076,Ludovic Blas,,31,17.8,57.1,,block,left-foot,assisted,sofascore
8738763,799216,Pedro Chirivella,,23,24.8,63.8,,miss,right-foot,corner,sofascore
8738763,806076,Ludovic Blas,,19,23.5,48.5,,miss,left-foot,set-piece,sofascore
8738763,859027,Maxence Caqueret,,16,20.3,37.6,,miss,left-foot,corner,sofascore
8738763,138833,Memphis Depay,,5,7.6,39.9,,goal,right-foot,assisted,sofascore
8738763,138833,Memphis Depay,,3,11.2,55.7,,miss,right-foot,assisted,sofascore
8738764,18864,Burak Yılmaz,,90,11.4,75.0,,save,right-foot,assisted,sofascore
8738764,827804,Yusuf Yazıcı,,90,24.0,52.7,,miss,left-foot,regular,sofascore
8738764,840451,Luiz Araújo,,85,9.9,31.0,,goal,left-foot,assisted,sofascore
8738764,935564,Jonathan David,,80,14.1,53.6,,save,left-foot,assisted,sofascore
8738764,595576,Jonathan Bamba,,76,12.2,35.3,,save,right-foot,regular,sofascore
8738764,858705,Xeka,,76,26.5,55.3,,save,right-foot,assisted,sofascore
8738764,156682,Teji Savanier,,71,25.6,52.2,,miss,right-foot,set-piece,sofascore
8738764,595576,Jonathan Bamba,,60,26.4,49.7,,save,right-foot,assisted,sofascore
8738764,51665,Benjamin André,,57,15.7,69.0,,post,right-foot,assisted,sofascore
8738764,605338,Stephy Mavididi,,55,18.8,25.0,,miss,right-foot,assisted,sofascore
8738764,595576,Jonathan Bamba,,55,27.1,49.3,,miss,right-foot,assisted,sofascore
8738764,27622,José Fonte,,54,10.5,54.2,,save,head,corner,sofascore
8738764,234230,Florent Mollet,,49,13.4,57.6,,miss,head,assisted,sofascore
8738764,84744,Andy Delort,,45,8.0,50.3,,miss,head,set-piece,sofascore
8738764,855810,Tim Weah,,45,22.0,64.9,,miss,right-foot,regular,sofascore
8738764,605338,Stephy Mavididi,,42,26.4,38.3,,save,right-foot,assisted,sofascore
8738764,84744,Andy Delort,,40,21.4,65.8,,miss,right-foot,assisted,sofascore
8738764,887581,Boubakary Soumaré,,36,26.5,43.9,,miss,left-foot,assisted,sofascore
8738764,855810,Tim Weah,,32,26.5,53.8,,save,right-foot,assisted,sofascore
8738764,831424,Reinildo Mandava,,25,23.5,33.0,,miss,left-foot,regular,sofascore
8738764,595576,Jonathan Bamba,,25,18.5,47.0,,block,right-foot,assisted,sofascore
8738764,84744,Andy Delort,,21,5.0,46.4,,goal,head,assisted,sofascore
8738764,595576,Jonathan Bamba,,17,11.4,32.0,,block,right-foot,assisted,sofascore
8738764,156682,Teji Savanier,,16,27.5,47.4,,save,left-foot,regular,sofascore
8738764,887581,Boubakary Soumaré,,15,9.5,51.8,,miss,head,corner,sofascore
8738764,802142,Jonathan Ikoné,,15,11.5,38.6,,save,left-foot,assisted,sofascore
8738764,18864,Burak Yılmaz,,12,29.4,29.7,,block,right-foot,set-piece,sofascore
8738764,18864,Burak Yılmaz,,4,9.4,36.3,,miss,right-foot,assisted,sofascore
8738764,234230,Florent Mollet,,3,4.1,65.1,,miss,right-foot,set-piece,sofascore
8738764,156682,Teji Savanier,,3,19.2,81.0,,save,right-foot,free-kick,sofascore
8738765,159701,Kalifa Coulibaly,,90,13.0,26.0,,save,left-foot,assisted,sofascore
8738765,825681,Romain Del Castillo,,85,14.4,68.5,,miss,left-foot,assisted,sofascore
8738765,324399,Benjamin Bourigeaud,,82,12.6,70.0,,miss,right-foot,corner,sofascore
8738765,801287,Faitout Maouassa,,82,20.7,28.3,,save,right-foot,corner,sofascore
8738765,877102,Nayef Aguerd,,82,7.7,48.4,,miss,head,corner,sofascore
8738765,362014,Hamari Traoré,,76,14.1,58.4,,save,left-foot,assisted,sofascore
8738765,871706,Randal Kolo Muani,,73,7.0,57.3,,miss,head,corner,sofascore
8738765,312388,Flavien Tait,,60,14.9,40.0,,block,right-foot,regular,sofascore
8738765,362014,Hamari Traoré,,60,12.5,71.3,,miss,right-foot,assisted,sofascore
8738765,973887,Eduardo Camavinga,,60,21.2,49.3,,save,left-foot,assisted,sofascore
8738765,965943,Imrân Louza,,54,21.4,61.8,,miss,left-foot,free-kick,sofascore
8738765,846445,Martin Terrier,,52,16.6,28.8,,goal,right-foot,assisted,sofascore
8738765,324399,Benjamin Bourigeaud,,45,9.0,61.4,,miss,right-foot,assisted,sofascore
8738765,846445,Martin Terrier,,42,20.5,30.1,,miss,left-foot,assisted,sofascore
8738765,312388,Flavien Tait,,31,14.4,25.6,,miss,right-foot,assisted,sofascore
8738765,806076,Ludovic Blas,,27,25.6,72.5,,save,left-foot,assisted,sofascore
8738765,999028,Adrien Truffert,,24,28.3,35.3,,block,left-foot,set-piece,sofascore
8738765,999028,Adrien Truffert,,1,19.8,23.1,,miss,left-foot,assisted,sofascore
8738766,362014,Hamari Traoré,,90,21.4,68.0,,block,right-foot,regular,sofascore
8738766,39009,Clément Grenier,,90,17.2,50.5,,block,right-foot,assisted,sofascore
8738766,328027,Serhou Guirassy,,83,4.0,46.2,,goal,right-foot,corner,sofascore
8738766,801287,Faitout Maouassa,,83,24.5,36.5,,block,left-foot,assisted,sofascore
8738766,831781,Ghislain Konan,,81,24.6,35.5,,goal,left-foot,regular,sofascore
8738766,877102,Nayef Aguerd,,79,6.7,49.5,,miss,left-foot,corner,sofascore
8738766,825681,Romain Del Castillo,,79,20.7,73.5,,save,left-foot,free-kick,sofascore
8738766,328027,Serhou Guirassy,,75,11.5,50.0,,goal,right-foot,penalty,sofascore
8738766,999028,Adrien Truffert,,70,14.8,43.9,,block,right-foot,regular,sofascore
8738766,51652,Steven​ N'Zonzi,,64,10.8,51.3,,block,right-foot,corner,sofascore
8738766,960080,Boulaye Dia,,60,4.7,53.9,,goal,right-foot,regular,sofascore
8738766,963399,Nathanaël Mbuku,,60,14.0,38.0,,save,left-foot,assisted,sofascore
8738766,960080,Boulaye Dia,,57,8.8,69.0,,miss,right-foot,regular,sofascore
8738766,324399,Benjamin Bourigeaud,,57,18.7,35.3,,save,right-foot,assisted,sofascore
8738766,845750,Moreto Cassama,,56,11.0,65.1,,miss,right-foot,assisted,sofascore
8738766,312388,Flavien Tait,,54,20.3,42.4,,block,left-foot,assisted,sofascore
8738766,245615,Thomas Foket,,53,22.8,76.1,,save,right-foot,assisted,sofascore
8738766,816810,Mathieu Cafaro,,44,18.1,50.5,,miss,right-foot,assisted,sofascore
8738766,846445,Martin Terrier,,41,21.2,26.2,,save,right-foot,assisted,sofascore
8738766,324399,Benjamin Bourigeaud,,37,15.8,48.7,,save,left-foot,assisted,sofascore
8738766,312388,Flavien Tait,,37,24.8,39.1,,block,right-foot,assisted,sofascore
8738766,973887,Eduardo Camavinga,,29,2.7,59.2,,miss,other,corner,sofascore
8738766,846445,Martin Terrier,,28,15.1,31.0,,save,right-foot,assisted,sofascore
8738766,328027,Serhou Guirassy,,20,30.2,38.2,,miss,right-foot,assisted,sofascore
8738766,328027,Serhou Guirassy,,14,23.6,41.7,,save,right-foot,assisted,sofascore
8738766,963399,Nathanaël Mbuku,,13,27.3,82.2,,miss,left-foot,regular,sofascore
8738766,74083,Damien Da Silva,,9,11.4,37.5,,miss,right-foot,corner,sofascore
8738766,816810,Mathieu Cafaro,,2,26.9,76.4,,miss,right-foot,free-kick,sofascore
8738767,822877,Alexis Claude-Maurice,,90,18.7,47.8,,save,left-foot,assisted,sofascore
8738767,801306,Pierre Lees Melou,,80,23.8,42.9,,save,right-foot,assisted,sofascore
8738767,941168,William Saliba,,76,9.4,43.9,,miss,head,corner,sofascore
8738767,963399,Nathanaël Mbuku,,73,11.5,47.2,,miss,head,assisted,sofascore
8738767,190147,Rony Lopes,,62,27.5,31.0,,miss,left-foot,free-kick,sofascore
8738767,822877,Alexis Claude-Maurice,,57,8.8,57.6,,miss,head,assisted,sofascore
8738767,851262,Myziane Maolida,,56,22.3,69.7,,miss,right-foot,corner,sofascore
8738767,351434,Hassane Kamara,,54,15.5,32.0,,block,left-foot,regular,sofascore
8738767,579596,Moussa Doumbia,,53,12.0,30.3,,miss,right-foot,regular,sofascore
8738767,941168,William Saliba,,50,12.8,56.9,,miss,head,corner,sofascore
8738767,190147,Rony Lopes,,50,14.7,64.6,,block,left-foot,assisted,sofascore
8738767,963399,Nathanaël Mbuku,,49,24.1,35.1,,miss,left-foot,assisted,sofascore
8738767,963399,Nathanaël Mbuku,,47,8.7,55.2,,miss,other,assisted,sofascore
8738767,894733,Marshall Munetsi,,45,7.1,57.9,,block,right-foot,assisted,sofascore
8738767,816810,Mathieu Cafaro,,43,23.9,31.2,,miss,right-foot,assisted,sofascore
8738767,190147,Rony Lopes,,39,26.9,55.7,,block,left-foot,assisted,sofascore
8738767,816810,Mathieu Cafaro,,33,16.5,71.6,,save,right-foot,assisted,sofascore
8738767,816810,Mathieu Cafaro,,25,29.1,59.2,,miss,right-foot,assisted,sofascore
8738767,904832,Khéphren Thuram,,24,12.2,37.8,,miss,left-foot,assisted,sofascore
8738767,859026,Amine Gouiri,,17,8.1,72.3,,miss,right-foot,assisted,sofascore
8738767,960080,Boulaye Dia,,13,4.7,36.9,,miss,head,corner,sofascore
8738767,894733,Marshall Munetsi,,9,19.6,51.0,,block,right-foot,assisted,sofascore
8738767,795761,Kasper Dolberg,,9,22.8,27.4,,miss,right-foot,fast-break,sofascore
8738768,605552,Irvin Cardona,,89,12.4,31.4,,save,left-foot,fast-break,sofascore
8738768,826643,Kylian Mbappé,,86,7.0,56.0,,miss,right-foot,assisted,sofascore
8738768,826643,Kylian Mbappé,,77,8.8,66.6,,save,right-foot,assisted,sofascore
8738768,233114,Mauro Icardi,,75,11.2,44.7,,save,right-foot,fast-break,sofascore
8738768,826643,Kylian Mbappé,,71,2.7,43.7,,goal,left-foot,fast-break,sofascore
8738768,913942,Romain Faivre,,69,8.7,51.5,,save,left-foot,fast-break,sofascore
8738768,44213,Gaëtan Charbonnier,,66,13.0,36.3,,save,right-foot,fast-break,sofascore
8738768,99545,Danilo Pereira,,61,7.1,46.4,,save,head,corner,sofascore
8738768,124712,Neymar,,61,14.5,61.8,,block,left-foot,assisted,sofascore
8738768,30027,Ángel Di María,,59,23.0,35.2,,miss,left-foot,free-kick,sofascore
8738768,345035,Steve Mounié,,44,6.8,42.5,,miss,head,assisted,sofascore
8738768,913942,Romain Faivre,,37,1.7,84.7,,goal,other,corner,sofascore
8738768,44213,Gaëtan Charbonnier,,31,14.0,36.1,,save,left-foot,assisted,sofascore
8738768,124712,Neymar,,26,17.2,23.8,,block,right-foot,regular,sofascore
8738768,124712,Neymar,,19,11.5,50.0,,miss,right-foot,penalty,sofascore
8738768,345035,Steve Mounié,,1,11.2,57.9,,save,head,corner,sofascore
8738769,871706,Randal Kolo Muani,,90,19.1,52.5,,block,right-foot,corner,sofascore
8738769,66309,Petar Škuletić,,89,13.8,46.2,,save,head,assisted,sofascore
8738769,149730,Gaëtan Laborde,,89,15.8,39.5,,block,left-foot,regular,sofascore
8738769,84744,Andy Delort,,76,16.2,46.3,,goal,right-foot,assisted,sofascore
8738769,159701,Kalifa Coulibaly,,67,2.8,34.7,,miss,left-foot,assisted,sofascore
8738769,806076,Ludovic Blas,,66,3.7,39.5,,save,left-foot,assisted,sofascore
8738769,38688,Damien Le Tallec,,65,12.4,39.4,,miss,right-foot,corner,sofascore
8738769,965943,Imrân Louza,,62,23.5,50.9,,miss,left-foot,assisted,sofascore
8738769,871706,Randal Kolo Muani,,59,18.5,46.9,,miss,left-foot,corner,sofascore
8738769,806076,Ludovic Blas,,59,22.7,54.9,,block,left-foot,corner,sofascore
8738769,871706,Randal Kolo Muani,,57,5.1,42.7,,save,left-foot,regular,sofascore
8738769,149730,Gaëtan Laborde,,56,14.7,59.6,,miss,left-foot,assisted,sofascore
8738769,806076,Ludovic Blas,,37,23.3,67.7,,block,left-foot,assisted,sofascore
8738769,159701,Kalifa Coulibaly,,36,9.8,37.6,,block,left-foot,assisted,sofascore
8738769,123164,Dennis Appiah,,36,6.7,32.0,,block,left-foot,assisted,sofascore
8738769,871706,Randal Kolo Muani,,33,6.4,62.7,,goal,right-foot,assisted,sofascore
8738769,149730,Gaëtan Laborde,,30,6.5,60.3,,goal,right-foot,set-piece,sofascore
8738769,84744,Andy Delort,,30,11.5,50.0,,save,right-foot,penalty,sofascore
8738769,603738,Junior Sambia,,28,9.5,45.4,,save,left-foot,corner,sofascore
8738769,159701,Kalifa Coulibaly,,24,5.4,50.3,,save,head,corner,sofascore
8738769,806076,Ludovic Blas,,17,19.3,50.1,,save,left-foot,assisted,sofascore
8738769,965943,Imrân Louza,,6,21.2,54.9,,miss,left-foot,assisted,sofascore
8738769,806076,Ludovic Blas,,6,13.1,33.1,,block,left-foot,assisted,sofascore
8738770,787540,Angelo Fulgini,,90,8.2,41.9,,goal,head,regular,sofascore
8738770,1063235,Mohamed Ali Cho,,83,12.1,55.1,,miss,head,assisted,sofascore
8738770,14142,Thomas Mangani,,80,23.5,74.9,,miss,left-foot,free-kick,sofascore
8738770,787540,Angelo Fulgini,,72,19.2,40.8,,save,left-foot,assisted,sofascore
8738770,209768,Pierrick Capelle,,68,18.5,42.7,,block,right-foot,regular,sofascore
8738770,73979,Romain Thomas,,63,6.7,47.8,,miss,head,set-piece,sofascore
8738770,787540,Angelo Fulgini,,61,9.9,67.4,,save,right-foot,assisted,sofascore
8738770,787540,Angelo Fulgini,,49,15.2,75.0,,miss,left-foot,assisted,sofascore
8738770,318967,Renato Sanches,,48,9.4,65.1,,miss,right-foot,assisted,sofascore
8738770,18864,Burak Yılmaz,,45,11.5,50.0,,goal,right-foot,penalty,sofascore
8738770,787540,Angelo Fulgini,,21,12.2,74.9,,miss,right-foot,throw-in-set-piece,sofascore
8738770,787540,Angelo Fulgini,,19,22.5,75.6,,save,left-foot,assisted,sofascore
8738770,935564,Jonathan David,,10,14.1,51.1,,goal,right-foot,assisted,sofascore
8738770,827804,Yusuf Yazıcı,,7,17.9,36.7,,miss,right-foot,assisted,sofascore
8738770,18864,Burak Yılmaz,,4,30.6,42.7,,miss,right-foot,regular,sofascore
8738770,757730,Antonin Bobichon,,3,24.1,61.8,,miss,right-foot,assisted,sofascore
8738771,893008,Zeki Çelik,,89,9.7,70.1,,goal,right-foot,corner,sofascore
8738771,229722,Farid Boulaya,,81,27.6,52.8,,save,right-foot,assisted,sofascore
8738771,802142,Jonathan Ikoné,,73,20.5,70.2,,miss,left-foot,assisted,sofascore
8738771,51665,Benjamin André,,71,7.5,56.1,,save,head,set-piece,sofascore
8738771,991359,Papa Ndiaga Yade,,67,23.7,56.3,,save,left-foot,assisted,sofascore
8738771,991359,Papa Ndiaga Yade,,67,21.5,59.8,,block,left-foot,assisted,sofascore
8738771,1002711,Pape Matar Sarr,,63,21.8,55.3,,block,right-foot,assisted,sofascore
8738771,18864,Burak Yılmaz,,60,6.7,66.0,,goal,right-foot,assisted,sofascore
8738771,1046147,Lamine Gueye,,58,2.0,56.1,,save,left-foot,regular,sofascore
8738771,229722,Farid Boulaya,,58,5.3,30.5,,save,left-foot,assisted,sofascore
8738771,802142,Jonathan Ikoné,,55,29.3,46.3,,block,left-foot,assisted,sofascore
8738771,802034,Fabien Centonze,,54,15.6,70.1,,miss,left-foot,assisted,sofascore
8738771,1002711,Pape Matar Sarr,,51,30.1,58.5,,block,right-foot,assisted,sofascore
8738771,229722,Farid Boulaya,,51,12.2,24.7,,miss,right-foot,corner,sofascore
8738771,352966,Aaron Leya Iseka,,50,14.1,39.0,,save,left-foot,assisted,sofascore
8738771,51665,Benjamin André,,47,14.4,53.3,,save,head,set-piece,sofascore
8738771,887581,Boubakary Soumaré,,44,7.3,35.7,,save,head,set-piece,sofascore
8738771,893008,Zeki Çelik,,40,18.7,67.6,,save,right-foot,assisted,sofascore
8738771,802142,Jonathan Ikoné,,35,29.6,49.5,,miss,left-foot,assisted,sofascore
8738771,359246,Habib Maïga,,32,7.0,53.4,,miss,head,corner,sofascore
8738771,352966,Aaron Leya Iseka,,31,12.7,32.0,,block,left-foot,regular,sofascore
8738771,802034,Fabien Centonze,,28,26.2,33.0,,miss,right-foot,corner,sofascore
8738771,352966,Aaron Leya Iseka,,17,11.5,50.0,,save,right-foot,penalty,sofascore
8738771,73188,John Boye,,13,15.1,47.0,,block,right-foot,set-piece,sofascore
8738771,359246,Habib Maïga,,13,31.4,58.2,,block,right-foot,free-kick,sofascore
8738771,1002711,Pape Matar Sarr,,8,9.1,71.9,,miss,right-foot,assisted,sofascore
8738771,229722,Farid Boulaya,,7,23.3,39.1,,save,left-foot,assisted,sofascore
8738772,1063235,Mohamed Ali Cho,,90,7.1,52.7,,miss,right-foot,assisted,sofascore
8738772,294641,Loïs Diony,,90,7.0,40.0,,post,right-foot,regular,sofascore
8738772,1063235,Mohamed Ali Cho,,90,9.2,57.0,,block,left-foot,regular,sofascore
8738772,842931,Karl Toko Ekambi,,87,22.6,29.7,,block,right-foot,assisted,sofascore
8738772,138833,Memphis Depay,,83,14.7,63.0,,goal,right-foot,assisted,sofascore
8738772,839981,Lucas Paquetá,,78,18.0,31.3,,save,left-foot,assisted,sofascore
8738772,1063235,Mohamed Ali Cho,,66,3.3,43.6,,miss,left-foot,assisted,sofascore
8738772,787540,Angelo Fulgini,,63,8.7,69.7,,save,right-foot,assisted,sofascore
8738772,839981,Lucas Paquetá,,58,21.7,63.4,,miss,left-foot,regular,sofascore
8738772,552680,Léo Dubois,,55,20.3,65.7,,miss,right-foot,regular,sofascore
8738772,842931,Karl Toko Ekambi,,55,3.4,55.1,,miss,right-foot,assisted,sofascore
8738772,866469,Bruno Guimarães,,52,19.8,52.6,,miss,left-foot,corner,sofascore
8738772,138833,Memphis Depay,,50,15.6,34.8,,save,right-foot,assisted,sofascore
8738772,787542,Sada Thioub,,48,8.3,36.9,,block,right-foot,assisted,sofascore
8738772,787540,Angelo Fulgini,,45,24.5,61.1,,miss,right-foot,assisted,sofascore
8738772,153220,Stéphane Bahoken,,45,12.5,66.6,,miss,right-foot,assisted,sofascore
8738772,839981,Lucas Paquetá,,41,4.1,54.7,,goal,right-foot,regular,sofascore
8738772,866469,Bruno Guimarães,,32,19.5,52.2,,block,right-foot,assisted,sofascore
8738772,787540,Angelo Fulgini,,28,11.0,20.1,,save,right-foot,assisted,sofascore
8738772,138833,Memphis Depay,,21,8.3,45.3,,goal,right-foot,corner,sofascore
8738772,839981,Lucas Paquetá,,21,3.3,54.0,,post,left-foot,corner,sofascore
8738772,238708,Islam Slimani,,21,6.4,50.9,,miss,head,corner,sofascore
8738772,138833,Memphis Depay,,21,4.9,36.9,,block,right-foot,assisted,sofascore
8738772,280439,Maxwel Cornet,,19,18.2,42.5,,save,right-foot,corner,sofascore
8738772,153220,Stéphane Bahoken,,17,7.1,57.8,,save,right-foot,assisted,sofascore
8738772,787540,Angelo Fulgini,,14,14.4,56.9,,block,left-foot,assisted,sofascore
8738772,839981,Lucas Paquetá,,8,12.7,39.8,,miss,left-foot,regular,sofascore
8738773,149730,Gaëtan Laborde,,90,12.7,53.0,,goal,head,assisted,sofascore
8738773,149730,Gaëtan Laborde,,90,2.4,56.7,,save,left-foot,corner,sofascore
8738773,5585,Daniel Congré,,90,6.3,52.1,,save,head,corner,sofascore
8738773,148824,Florian Thauvin,,87,6.8,28.5,,save,left-foot,assisted,sofascore
8738773,161325,Arkadiusz Milik,,87,10.8,59.6,,block,left-foot,regular,sofascore
8738773,976396,Joris Chotard,,85,12.8,64.3,,miss,right-foot,regular,sofascore
8738773,149730,Gaëtan Laborde,,85,14.9,54.3,,block,head,assisted,sofascore
8738773,84744,Andy Delort,,84,8.1,45.4,,save,head,assisted,sofascore
8738773,156682,Teji Savanier,,83,20.7,77.3,,block,left-foot,regular,sofascore
8738773,3420,Vitorino Hilton,,81,9.2,47.8,,miss,head,corner,sofascore
8738773,148824,Florian Thauvin,,75,19.8,64.2,,miss,left-foot,assisted,sofascore
8738773,156682,Teji Savanier,,73,24.5,64.5,,block,right-foot,regular,sofascore
8738773,941077,Lucas Perrin,,71,4.4,55.7,,goal,head,set-piece,sofascore
8738773,149730,Gaëtan Laborde,,68,20.1,59.3,,block,left-foot,assisted,sofascore
8738773,149730,Gaëtan Laborde,,67,9.1,43.1,,save,left-foot,set-piece,sofascore
8738773,156682,Teji Savanier,,65,29.1,59.2,,miss,right-foot,set-piece,sofascore
8738773,234230,Florent Mollet,,57,31.2,37.0,,miss,right-foot,free-kick,sofascore
8738773,84744,Andy Delort,,52,7.8,40.7,,miss,right-foot,regular,sofascore
8738773,148824,Florian Thauvin,,48,15.8,73.3,,block,left-foot,regular,sofascore
8738773,149730,Gaëtan Laborde,,47,11.7,58.3,,goal,right-foot,assisted,sofascore
8738773,879694,Pape Gueye,,45,11.7,52.0,,goal,left-foot,regular,sofascore
8738773,148824,Florian Thauvin,,45,8.4,47.5,,block,left-foot,assisted,sofascore
8738773,161325,Arkadiusz Milik,,45,23.6,56.5,,save,left-foot,assisted,sofascore
8738773,161325,Arkadiusz Milik,,43,15.9,51.3,,goal,left-foot,assisted,sofascore
8738773,149730,Gaëtan Laborde,,38,8.4,33.6,,block,right-foot,set-piece,sofascore
8738773,149730,Gaëtan Laborde,,24,13.8,62.0,,miss,right-foot,regular,sofascore
8738773,149730,Gaëtan Laborde,,22,4.7,33.2,,block,left-foot,regular,sofascore
8738773,14216,Dimitri Payet,,19,15.5,61.2,,block,right-foot,assisted,sofascore
8738773,161325,Arkadiusz Milik,,19,22.7,48.8,,save,right-foot,assisted,sofascore
8738773,84744,Andy Delort,,18,21.2,47.3,,block,right-foot,assisted,sofascore
8738773,148824,Florian Thauvin,,15,18.5,34.6,,save,right-foot,assisted,sofascore
8738773,148824,Florian Thauvin,,6,20.6,53.4,,miss,right-foot,assisted,sofascore
8738773,84744,Andy Delort,,1,20.7,66.4,,goal,right-foot,assisted,sofascore
8738774,37126,Stevan Jovetić,,90,14.5,67.8,,miss,right-foot,assisted,sofascore
8738774,119192,Wissam Ben Yedder,,89,11.5,50.0,,goal,right-foot,penalty,sofascore
8738774,281013,Bersant Celina,,72,25.8,34.9,,miss,right-foot,assisted,sofascore
8738774,37126,Stevan Jovetić,,71,22.2,28.3,,save,right-foot,regular,sofascore
8738774,318963,Aleksandr Golovin,,70,5.1,50.0,,save,left-foot,assisted,sofascore
8738774,119192,Wissam Ben Yedder,,63,10.8,55.7,,goal,right-foot,assisted,sofascore
8738774,557166,Mama Baldé,,60,14.0,39.5,,miss,left-foot,fast-break,sofascore
8738774,603736,Aboubakar Kamara,,58,23.6,67.8,,miss,right-foot,fast-break,sofascore
8738774,845170,Caio Henrique,,58,8.7,34.9,,save,left-foot,assisted,sofascore
8738774,339909,Guillermo Maripán,,54,7.4,47.8,,miss,head,corner,sofascore
8738774,37126,Stevan Jovetić,,51,21.6,34.7,,miss,right-foot,regular,sofascore
8738774,37126,Stevan Jovetić,,49,3.3,44.1,,goal,left-foot,set-piece,sofascore
8738774,119192,Wissam Ben Yedder,,49,11.5,50.0,,save,right-foot,penalty,sofascore
8738774,603736,Aboubakar Kamara,,44,25.2,35.5,,miss,right-foot,assisted,sofascore
8738774,859025,Aurélien Tchouaméni,,42,7.1,58.3,,miss,left-foot,set-piece,sofascore
8738774,557166,Mama Baldé,,38,12.2,47.2,,save,left-foot,regular,sofascore
8738774,318963,Aleksandr Golovin,,31,12.7,70.1,,block,right-foot,regular,sofascore
8738774,37126,Stevan Jovetić,,27,8.0,64.8,,save,right-foot,assisted,sofascore
8738774,31993,Bruno Ecuele Manga,,22,12.5,41.2,,miss,head,set-piece,sofascore
8738774,318963,Aleksandr Golovin,,10,17.8,68.4,,save,right-foot,assisted,sofascore
8738774,945062,Youssouf Fofana,,2,25.2,67.0,,save,right-foot,assisted,sofascore
8738774,945062,Youssouf Fofana,,2,22.4,54.3,,block,right-foot,assisted,sofascore
8738775,161325,Arkadiusz Milik,,90,11.5,50.0,,goal,left-foot,penalty,sofascore
8738775,229722,Farid Boulaya,,90,11.5,50.0,,goal,right-foot,penalty,sofascore
8738775,229722,Farid Boulaya,,90,17.8,39.4,,block,right-foot,free-kick,sofascore
8738775,150212,Álvaro González,,84,5.0,38.9,,miss,head,corner,sofascore
8738775,161325,Arkadiusz Milik,,83,23.9,53.6,,block,left-foot,assisted,sofascore
8738775,844480,Pol Lirola,,81,8.9,67.0,,miss,right-foot,assisted,sofascore
8738775,1002711,Pape Matar Sarr,,76,63.5,44.3,,miss,right-foot,regular,sofascore
8738775,826204,Boubacar Kamara,,74,6.9,46.3,,miss,head,assisted,sofascore
8738775,150212,Álvaro González,,68,4.6,40.9,,miss,head,corner,sofascore
8738775,1002711,Pape Matar Sarr,,59,27.9,47.2,,miss,right-foot,assisted,sofascore
8738775,161325,Arkadiusz Milik,,58,25.6,51.3,,save,left-foot,free-kick,sofascore
8738775,991359,Papa Ndiaga Yade,,55,19.4,27.7,,block,right-foot,assisted,sofascore
8738775,122630,Darío Benedetto,,55,14.3,36.6,,miss,right-foot,regular,sofascore
8738775,844480,Pol Lirola,,54,23.2,91.1,,miss,right-foot,regular,sofascore
8738775,356024,Thierry Ambrose,,48,17.0,72.0,,miss,left-foot,assisted,sofascore
8738775,356024,Thierry Ambrose,,38,13.0,66.4,,save,right-foot,assisted,sofascore
8738775,1002711,Pape Matar Sarr,,37,29.6,35.3,,block,right-foot,assisted,sofascore
8738775,991359,Papa Ndiaga Yade,,34,28.6,42.7,,block,left-foot,regular,sofascore
8738775,356024,Thierry Ambrose,,13,15.5,51.0,,save,right-foot,assisted,sofascore
8738777,296434,Laurent Abergel,,90,23.2,41.2,,miss,right-foot,regular,sofascore
8738777,857471,Pierre-Yves Hamel,,90,13.8,36.1,,block,left-foot,regular,sofascore
8738777,1023091,David Pereira Da Costa,,89,19.8,48.9,,miss,right-foot,assisted,sofascore
8738777,825945,Simon Banza,,88,11.5,50.0,,goal,right-foot,penalty,sofascore
8738777,932643,Armand Laurienté,,81,1.6,65.9,,miss,right-foot,assisted,sofascore
8738777,791048,Julien Laporte,,78,3.0,55.7,,block,head,corner,sofascore
8738777,46387,Gaël Kakuta,,76,22.1,40.8,,block,left-foot,assisted,sofascore
8738777,894396,Terem Moffi,,68,8.8,45.4,,save,head,corner,sofascore
8738777,906047,Cheick Doucouré,,65,22.6,56.9,,block,right-foot,assisted,sofascore
8738777,836678,Clément Michelin,,64,31.4,33.6,,miss,right-foot,assisted,sofascore
8738777,805123,Yoane Wissa,,62,21.8,31.7,,block,right-foot,regular,sofascore
8738777,894396,Terem Moffi,,59,9.4,64.7,,block,left-foot,assisted,sofascore
8738777,954061,Arnaud Kalimuendo,,55,2.1,55.7,,goal,right-foot,corner,sofascore
8738777,143344,Massadio Haïdara,,55,4.3,50.5,,save,left-foot,corner,sofascore
8738777,46387,Gaël Kakuta,,54,12.8,29.3,,block,left-foot,assisted,sofascore
8738777,894396,Terem Moffi,,43,4.3,49.9,,miss,head,corner,sofascore
8738777,191178,Corentin Jean,,39,8.4,53.2,,goal,right-foot,regular,sofascore
8738777,954061,Arnaud Kalimuendo,,39,6.6,55.5,,block,right-foot,assisted,sofascore
8738777,984014,Enzo Le Fée,,37,8.5,70.7,,miss,right-foot,assisted,sofascore
8738777,894396,Terem Moffi,,34,17.9,47.8,,miss,left-foot,fast-break,sofascore
8738777,894396,Terem Moffi,,31,15.3,64.2,,save,left-foot,assisted,sofascore
8738777,894396,Terem Moffi,,29,8.4,54.0,,goal,head,corner,sofascore
8738777,894396,Terem Moffi,,28,9.6,62.6,,save,right-foot,assisted,sofascore
8738777,99945,Vincent Le Goff,,21,10.8,34.7,,miss,left-foot,assisted,sofascore
8738777,296434,Laurent Abergel,,20,11.0,60.6,,miss,right-foot,assisted,sofascore
8738777,296434,Laurent Abergel,,20,14.0,59.6,,block,right-foot,assisted,sofascore
8738777,339227,Steven Fortes,,17,6.1,46.0,,miss,head,corner,sofascore
8738777,46387,Gaël Kakuta,,16,11.5,50.0,,goal,left-foot,penalty,sofascore
8738777,26890,Fabien Lemoine,,13,14.1,26.8,,save,left-foot,assisted,sofascore
8738777,821728,Jonathan Clauss,,8,12.1,34.8,,miss,left-foot,set-piece,sofascore
8738777,836678,Clément Michelin,,8,21.1,35.9,,save,right-foot,set-piece,sofascore
8738778,255389,Leandro Paredes,,90,29.3,44.1,,block,right-foot,assisted,sofascore
8738778,138573,Pablo Sarabia,,90,25.1,33.8,,block,left-foot,regular,sofascore
8738778,997183,Xavi Simons,,90,20.8,65.3,,block,right-foot,assisted,sofascore
8738778,891793,Kévin Zohi,,86,10.6,51.3,,save,head,assisted,sofascore
8738778,826643,Kylian Mbappé,,84,13.5,37.7,,block,right-foot,assisted,sofascore
8738778,255389,Leandro Paredes,,79,27.1,50.1,,goal,right-foot,free-kick,sofascore
8738778,914660,Mehdi Chahiri,,75,8.5,44.6,,miss,head,assisted,sofascore
8738778,94822,Sanjin Prcić,,70,16.3,63.9,,miss,right-foot,assisted,sofascore
8738778,835601,Moise Kean,,70,5.3,45.8,,miss,right-foot,assisted,sofascore
8738778,826643,Kylian Mbappé,,69,18.4,31.4,,save,right-foot,assisted,sofascore
8738778,914660,Mehdi Chahiri,,67,12.2,32.8,,save,right-foot,assisted,sofascore
8738778,835601,Moise Kean,,66,8.8,62.4,,save,right-foot,assisted,sofascore
8738778,1113031,Moïse Sahi Dion,,63,8.0,58.3,,goal,right-foot,assisted,sofascore
8738778,835601,Moise Kean,,61,16.0,49.9,,save,right-foot,assisted,sofascore
8738778,826643,Kylian Mbappé,,51,16.4,24.2,,miss,right-foot,assisted,sofascore
8738778,835601,Moise Kean,,45,10.7,58.8,,goal,right-foot,assisted,sofascore
8738778,826643,Kylian Mbappé,,42,13.5,49.9,,miss,right-foot,regular,sofascore
8738778,372430,Frédéric Guilbert,,36,24.4,61.4,,block,right-foot,corner,sofascore
8738778,802159,Habibou Diallo,,30,5.7,44.6,,miss,head,assisted,sofascore
8738778,138573,Pablo Sarabia,,27,12.3,54.3,,goal,right-foot,assisted,sofascore
8738778,826643,Kylian Mbappé,,24,13.4,49.3,,block,right-foot,assisted,sofascore
8738778,156004,Jean-Eudes Aholou,,22,10.1,50.9,,miss,head,corner,sofascore
8738778,826643,Kylian Mbappé,,16,3.7,34.5,,goal,left-foot,assisted,sofascore
8738778,231946,Adrien Thomasson,,9,23.1,63.7,,post,right-foot,assisted,sofascore
8738778,138573,Pablo Sarabia,,7,25.4,52.2,,miss,left-foot,assisted,sofascore
8738779,119192,Wissam Ben Yedder,,79,11.2,38.9,,miss,head,set-piece,sofascore
8738779,191188,Seko Fofana,,76,11.0,34.9,,post,left-foot,assisted,sofascore
8738779,859025,Aurélien Tchouaméni,,75,17.5,33.7,,miss,left-foot,regular,sofascore
8738779,788921,Florian Sotoca,,66,3.5,61.5,,miss,head,corner,sofascore
8738779,890329,Ignatius Kpene Ganago,,65,25.1,73.3,,save,left-foot,assisted,sofascore
8738779,123388,Djibril Sidibé,,64,23.6,41.2,,miss,right-foot,free-kick,sofascore
8738779,119192,Wissam Ben Yedder,,63,10.0,40.0,,block,right-foot,regular,sofascore
8738779,117373,Kevin Volland,,55,15.4,56.7,,block,left-foot,assisted,sofascore
8738779,945062,Youssouf Fofana,,52,25.3,58.7,,miss,right-foot,regular,sofascore
8738779,123388,Djibril Sidibé,,51,21.8,72.7,,miss,right-foot,regular,sofascore
8738779,119192,Wissam Ben Yedder,,41,25.4,48.0,,miss,right-foot,free-kick,sofascore
8738779,117373,Kevin Volland,,34,11.0,60.8,,miss,head,assisted,sofascore
8738779,890329,Ignatius Kpene Ganago,,33,14.6,45.7,,miss,left-foot,assisted,sofascore
8738779,117373,Kevin Volland,,30,14.1,54.5,,save,right-foot,regular,sofascore
8738779,119192,Wissam Ben Yedder,,20,9.1,60.6,,miss,right-foot,assisted,sofascore
8738779,318963,Aleksandr Golovin,,19,21.6,63.9,,block,right-foot,corner,sofascore
8738779,364618,Gelson Martins,,19,3.2,66.0,,save,right-foot,assisted,sofascore
8738779,845170,Caio Henrique,,19,17.5,41.5,,block,right-foot,assisted,sofascore
8738779,945062,Youssouf Fofana,,17,28.1,61.4,,miss,right-foot,assisted,sofascore
8738779,364618,Gelson Martins,,16,14.7,63.3,,block,right-foot,assisted,sofascore
8738779,119192,Wissam Ben Yedder,,13,14.0,58.5,,miss,left-foot,assisted,sofascore
8738779,318963,Aleksandr Golovin,,11,15.5,26.4,,miss,right-foot,regular,sofascore
8738779,123388,Djibril Sidibé,,2,31.6,78.5,,save,right-foot,regular,sofascore
8738780,122630,Darío Benedetto,,86,4.7,58.5,,goal,head,assisted,sofascore
8738780,14216,Dimitri Payet,,82,28.2,58.1,,miss,right-foot,free-kick,sofascore
8738780,148824,Florian Thauvin,,76,21.5,78.0,,save,left-foot,assisted,sofascore
8738780,879694,Pape Gueye,,75,17.4,44.3,,miss,left-foot,assisted,sofascore
8738780,108736,Stefan Mitrović,,73,6.7,52.1,,goal,head,corner,sofascore
8738780,365358,Dimitri Liénard,,72,26.3,37.0,,save,left-foot,assisted,sofascore
8738780,161325,Arkadiusz Milik,,69,7.5,46.0,,save,head,assisted,sofascore
8738780,365358,Dimitri Liénard,,67,24.5,50.7,,save,left-foot,assisted,sofascore
8738780,14216,Dimitri Payet,,62,21.6,65.9,,miss,right-foot,assisted,sofascore
8738780,372430,Frédéric Guilbert,,45,13.5,73.4,,save,right-foot,corner,sofascore
8738780,846471,Anthony Caci,,42,19.7,29.9,,miss,left-foot,regular,sofascore
8738780,343971,Ludovic Ajorque,,37,9.4,37.1,,save,head,assisted,sofascore
8738780,343971,Ludovic Ajorque,,33,14.7,29.8,,miss,left-foot,assisted,sofascore
8738780,161325,Arkadiusz Milik,,27,29.5,42.6,,miss,left-foot,assisted,sofascore
8738780,928236,Leonardo Balerdi,,17,6.8,51.4,,save,left-foot,corner,sofascore
8738780,51444,Lamine Koné,,15,9.0,48.2,,miss,head,corner,sofascore
8738781,233114,Mauro Icardi,,89,11.5,49.7,,goal,right-foot,penalty,sofascore
8738781,1002711,Pape Matar Sarr,,86,25.1,66.2,,miss,right-foot,assisted,sofascore
8738781,82474,Ander Herrera,,81,9.7,55.3,,post,right-foot,corner,sofascore
8738781,826643,Kylian Mbappé,,81,8.1,32.8,,block,right-foot,assisted,sofascore
8738781,152420,Alessandro Florenzi,,79,13.0,57.3,,miss,right-foot,assisted,sofascore
8738781,856638,Mitchel Bakker,,77,11.4,32.2,,save,left-foot,assisted,sofascore
8738781,124712,Neymar,,76,11.4,36.3,,miss,right-foot,assisted,sofascore
8738781,30027,Ángel Di María,,75,29.6,33.4,,save,left-foot,assisted,sofascore
8738781,30027,Ángel Di María,,72,8.3,28.3,,miss,left-foot,assisted,sofascore
8738781,124712,Neymar,,69,25.3,25.8,,miss,right-foot,free-kick,sofascore
8738781,1002711,Pape Matar Sarr,,67,25.6,67.4,,miss,left-foot,assisted,sofascore
8738781,255389,Leandro Paredes,,64,28.9,49.3,,miss,right-foot,assisted,sofascore
8738781,1002711,Pape Matar Sarr,,61,23.4,46.2,,miss,right-foot,set-piece,sofascore
8738781,826643,Kylian Mbappé,,59,20.7,35.2,,goal,right-foot,regular,sofascore
8738781,255389,Leandro Paredes,,56,3.6,56.5,,save,right-foot,corner,sofascore
8738781,73188,John Boye,,53,9.3,44.2,,miss,head,corner,sofascore
8738781,1002711,Pape Matar Sarr,,53,9.4,69.9,,save,right-foot,regular,sofascore
8738781,138573,Pablo Sarabia,,50,6.0,55.7,,miss,head,assisted,sofascore
8738781,802034,Fabien Centonze,,46,4.5,55.9,,goal,head,assisted,sofascore
8738781,138573,Pablo Sarabia,,41,9.5,47.0,,save,head,assisted,sofascore
8738781,352966,Aaron Leya Iseka,,41,14.5,35.6,,block,right-foot,assisted,sofascore
8738781,82474,Ander Herrera,,31,28.2,60.0,,block,right-foot,assisted,sofascore
8738781,802034,Fabien Centonze,,29,10.6,72.1,,save,right-foot,assisted,sofascore
8738781,124712,Neymar,,16,8.3,30.9,,miss,left-foot,assisted,sofascore
8738781,124712,Neymar,,16,27.0,39.7,,miss,right-foot,free-kick,sofascore
8738781,255389,Leandro Paredes,,10,4.6,41.2,,miss,head,corner,sofascore
8738781,826643,Kylian Mbappé,,4,15.0,47.8,,goal,right-foot,assisted,sofascore
8738782,859026,Amine Gouiri,,88,11.8,30.7,,miss,right-foot,corner,sofascore
8738782,859026,Amine Gouiri,,88,19.6,35.3,,block,right-foot,free-kick,sofascore
8738782,238708,Islam Slimani,,84,14.0,47.5,,miss,right-foot,assisted,sofascore
8738782,979128,Rayan Cherki,,81,19.6,37.7,,save,right-foot,regular,sofascore
8738782,979128,Rayan Cherki,,70,5.6,72.8,,miss,right-foot,assisted,sofascore
8738782,859026,Amine Gouiri,,69,20.6,31.3,,miss,right-foot,assisted,sofascore
8738782,138833,Memphis Depay,,62,21.8,44.9,,save,right-foot,free-kick,sofascore
8738782,801306,Pierre Lees Melou,,60,8.8,56.9,,miss,head,corner,sofascore
8738782,941168,William Saliba,,57,3.3,54.0,,goal,head,set-piece,sofascore
8738782,801306,Pierre Lees Melou,,55,26.8,51.5,,miss,right-foot,assisted,sofascore
8738782,351434,Hassane Kamara,,50,25.2,41.0,,goal,left-foot,corner,sofascore
8738782,842931,Karl Toko Ekambi,,45,12.1,70.8,,block,right-foot,fast-break,sofascore
8738782,351434,Hassane Kamara,,42,25.3,31.0,,miss,right-foot,regular,sofascore
8738782,842931,Karl Toko Ekambi,,40,3.2,54.9,,goal,head,assisted,sofascore
8738782,795761,Kasper Dolberg,,39,2.8,40.3,,save,right-foot,regular,sofascore
8738782,36704,Marcelo,,33,11.1,52.0,,save,head,set-piece,sofascore
8738782,795761,Kasper Dolberg,,27,7.1,50.6,,goal,right-foot,regular,sofascore
8738782,801306,Pierre Lees Melou,,27,13.2,33.8,,block,left-foot,assisted,sofascore
8738782,138833,Memphis Depay,,23,23.6,43.7,,miss,right-foot,regular,sofascore
8738782,859027,Maxence Caqueret,,23,12.0,59.4,,block,right-foot,assisted,sofascore
8738782,859026,Amine Gouiri,,22,7.4,36.4,,miss,head,corner,sofascore
8738782,190147,Rony Lopes,,21,10.3,67.2,,save,right-foot,regular,sofascore
8738782,138833,Memphis Depay,,20,5.0,32.2,,save,left-foot,fast-break,sofascore
8738782,190147,Rony Lopes,,20,9.7,68.6,,save,left-foot,assisted,sofascore
8738782,842931,Karl Toko Ekambi,,14,4.7,45.8,,goal,head,corner,sofascore
8738782,138833,Memphis Depay,,6,18.1,39.2,,miss,right-foot,fast-break,sofascore
8738783,984014,Enzo Le Fée,,86,28.8,62.5,,miss,right-foot,assisted,sofascore
8738783,372430,Frédéric Guilbert,,81,33.4,57.8,,miss,right-foot,free-kick,sofascore
8738783,802159,Habibou Diallo,,77,26.9,57.3,,save,left-foot,assisted,sofascore
8738783,984014,Enzo Le Fée,,73,14.0,48.0,,block,head,assisted,sofascore
8738783,99945,Vincent Le Goff,,71,23.1,25.6,,miss,left-foot,regular,sofascore
8738783,343971,Ludovic Ajorque,,65,22.8,31.6,,miss,right-foot,assisted,sofascore
8738783,826134,Trevoh Chalobah,,55,8.8,48.5,,goal,left-foot,set-piece,sofascore
8738783,372430,Frédéric Guilbert,,36,29.1,63.5,,miss,right-foot,corner,sofascore
8738783,343971,Ludovic Ajorque,,32,18.4,31.2,,miss,left-foot,assisted,sofascore
8738783,826134,Trevoh Chalobah,,20,10.1,48.9,,miss,head,set-piece,sofascore
8738783,802159,Habibou Diallo,,18,12.7,46.4,,goal,head,regular,sofascore
8738783,296434,Laurent Abergel,,12,25.6,48.7,,miss,right-foot,corner,sofascore
8738783,26890,Fabien Lemoine,,11,30.3,66.6,,block,right-foot,free-kick,sofascore
8738784,1047296,Jérémy Le Douaron,,90,4.2,51.5,,save,right-foot,set-piece,sofascore
8738784,927975,Jean Lucas,,86,8.2,67.5,,block,right-foot,corner,sofascore
8738784,307096,Romain Philippoteaux,,84,4.6,26.0,,block,right-foot,assisted,sofascore
8738784,1047296,Jérémy Le Douaron,,81,4.3,51.7,,miss,head,assisted,sofascore
8738784,913942,Romain Faivre,,75,13.8,59.0,,block,left-foot,fast-break,sofascore
8738784,605552,Irvin Cardona,,72,15.1,56.9,,miss,head,corner,sofascore
8738784,913942,Romain Faivre,,60,10.9,75.7,,save,left-foot,corner,sofascore
8738784,345035,Steve Mounié,,54,6.8,53.7,,miss,head,corner,sofascore
8738784,280453,Franck Honorat,,54,14.7,48.1,,block,right-foot,assisted,sofascore
8738784,826293,Ronaël Pierre-Gabriel,,53,19.4,67.2,,miss,right-foot,regular,sofascore
8738784,280453,Franck Honorat,,52,14.3,51.5,,block,left-foot,regular,sofascore
8738784,927975,Jean Lucas,,52,18.3,42.7,,block,right-foot,assisted,sofascore
8738784,345035,Steve Mounié,,52,5.2,26.8,,save,right-foot,assisted,sofascore
8738784,913942,Romain Faivre,,51,22.5,68.8,,block,left-foot,regular,sofascore
8738784,345035,Steve Mounié,,45,14.3,51.3,,block,head,assisted,sofascore
8738784,280453,Franck Honorat,,39,17.2,40.2,,miss,right-foot,regular,sofascore
8738784,328035,Brendan Chardonnet,,26,4.1,52.2,,goal,left-foot,corner,sofascore
8738784,328035,Brendan Chardonnet,,25,35.4,58.4,,block,right-foot,regular,sofascore
8738784,605552,Irvin Cardona,,22,19.8,35.9,,miss,left-foot,regular,sofascore
8738784,988907,Lilian Brassier,,21,6.4,52.7,,miss,head,set-piece,sofascore
8738784,842400,Zinedine Ferhat,,18,6.1,56.9,,save,right-foot,assisted,sofascore
8738784,345035,Steve Mounié,,17,20.1,47.5,,miss,left-foot,assisted,sofascore
8738784,796085,Moussa Koné,,11,11.2,39.5,,goal,right-foot,fast-break,sofascore
8738784,247445,Renaud Ripart,,9,10.8,50.7,,miss,head,assisted,sofascore
8738784,842400,Zinedine Ferhat,,9,16.1,42.9,,block,right-foot,regular,sofascore
8738784,247445,Renaud Ripart,,9,13.4,52.0,,save,right-foot,assisted,sofascore
8738784,345035,Steve Mounié,,5,6.8,51.8,,miss,head,assisted,sofascore
8738788,897623,Alex Dobre,,90,14.1,30.7,,miss,right-foot,assisted,sofascore
8738788,945217,Jean-Clair Todibo,,90,9.7,53.8,,miss,head,corner,sofascore
8738788,603736,Aboubakar Kamara,,80,15.4,50.5,,block,right-foot,assisted,sofascore
8738788,155718,Yassine Benzia,,77,11.5,50.0,,goal,right-foot,penalty,sofascore
8738788,945217,Jean-Clair Todibo,,73,9.0,42.5,,miss,right-foot,corner,sofascore
8738788,27009,Morgan Schneiderlin,,63,3.6,59.1,,miss,right-foot,corner,sofascore
8738788,795761,Kasper Dolberg,,61,7.3,38.6,,save,right-foot,assisted,sofascore
8738788,281013,Bersant Celina,,54,3.1,56.5,,miss,right-foot,assisted,sofascore
8738788,208234,Fouad Chafik,,49,14.3,68.2,,goal,right-foot,regular,sofascore
8738788,786305,Roger Assalé,,49,14.0,29.1,,block,right-foot,assisted,sofascore
8738788,351434,Hassane Kamara,,44,21.6,39.2,,miss,left-foot,corner,sofascore
8738788,801306,Pierre Lees Melou,,40,20.4,61.5,,miss,right-foot,corner,sofascore
8738788,190147,Rony Lopes,,40,15.5,61.2,,save,left-foot,assisted,sofascore
8738788,796279,Jordan Lotomba,,32,9.0,39.0,,block,right-foot,assisted,sofascore
8738788,155718,Yassine Benzia,,29,26.6,61.6,,block,right-foot,assisted,sofascore
8738788,851262,Myziane Maolida,,13,9.7,34.9,,miss,right-foot,regular,sofascore
8738788,851262,Myziane Maolida,,12,14.2,32.8,,block,right-foot,assisted,sofascore
8738788,603736,Aboubakar Kamara,,10,29.6,56.3,,save,right-foot,regular,sofascore
8738788,603736,Aboubakar Kamara,,2,8.7,63.4,,block,head,corner,sofascore
8738789,233114,Mauro Icardi,,90,3.3,42.9,,goal,head,assisted,sofascore
8738789,74139,Romain Hamouma,,90,3.7,57.1,,goal,left-foot,regular,sofascore
8738789,760618,Denis Bouanga,,90,17.7,30.3,,save,right-foot,assisted,sofascore
8738789,826643,Kylian Mbappé,,87,11.5,50.0,,goal,right-foot,penalty,sofascore
8738789,826643,Kylian Mbappé,,79,6.5,41.2,,goal,right-foot,assisted,sofascore
8738789,760618,Denis Bouanga,,78,6.5,46.6,,goal,right-foot,assisted,sofascore
8738789,152420,Alessandro Florenzi,,76,10.1,74.0,,save,right-foot,assisted,sofascore
8738789,30027,Ángel Di María,,73,21.6,71.1,,miss,left-foot,assisted,sofascore
8738789,848458,Arnaud Nordin,,61,22.4,63.3,,save,right-foot,regular,sofascore
8738789,96367,Rafinha Alcântara,,59,20.4,42.1,,block,left-foot,assisted,sofascore
8738789,826643,Kylian Mbappé,,58,28.8,53.0,,miss,right-foot,free-kick,sofascore
8738789,835601,Moise Kean,,56,21.6,52.2,,block,right-foot,assisted,sofascore
8738789,826643,Kylian Mbappé,,42,15.4,49.8,,miss,right-foot,regular,sofascore
8738789,96367,Rafinha Alcântara,,35,13.3,33.9,,save,left-foot,assisted,sofascore
8738789,790198,Pape Abou Cissé,,31,9.1,52.6,,miss,head,corner,sofascore
8738789,99545,Danilo Pereira,,29,14.3,48.1,,miss,right-foot,set-piece,sofascore
8738789,138573,Pablo Sarabia,,29,25.5,59.2,,post,left-foot,free-kick,sofascore
8738789,82474,Ander Herrera,,23,28.4,63.0,,block,right-foot,assisted,sofascore
8738789,99545,Danilo Pereira,,22,14.3,58.7,,miss,left-foot,corner,sofascore
8738789,16635,Kévin Monnet-Paquet,,21,6.2,37.9,,miss,head,corner,sofascore
8738789,826643,Kylian Mbappé,,19,3.8,31.8,,miss,left-foot,assisted,sofascore
8738789,826643,Kylian Mbappé,,19,12.0,24.2,,block,right-foot,assisted,sofascore
8738789,74139,Romain Hamouma,,18,23.2,37.3,,save,right-foot,fast-break,sofascore
8738789,96367,Rafinha Alcântara,,8,27.8,39.7,,miss,left-foot,assisted,sofascore
8738795,44213,Gaëtan Charbonnier,,79,10.3,32.2,,goal,right-foot,assisted,sofascore
8738795,280453,Franck Honorat,,76,7.8,65.1,,save,right-foot,assisted,sofascore
8738795,605552,Irvin Cardona,,71,12.5,40.3,,save,right-foot,assisted,sofascore
8738795,44213,Gaëtan Charbonnier,,66,26.3,38.5,,goal,right-foot,free-kick,sofascore
8738795,74139,Romain Hamouma,,65,13.2,46.6,,save,right-foot,assisted,sofascore
8738795,916041,Mahdi Camara,,63,12.0,65.1,,save,right-foot,assisted,sofascore
8738795,3579,Mathieu Debuchy,,60,6.5,52.1,,miss,head,corner,sofascore
8738795,862194,Zaydou Youssouf,,56,12.4,46.2,,miss,left-foot,assisted,sofascore
8738795,827519,Romain Perraud,,45,11.4,27.7,,miss,left-foot,assisted,sofascore
8738795,605552,Irvin Cardona,,45,7.0,67.4,,save,right-foot,assisted,sofascore
8738795,605552,Irvin Cardona,,44,7.7,55.7,,post,head,corner,sofascore
8738795,861324,Hugo Magnetti,,42,26.4,46.6,,save,right-foot,set-piece,sofascore
8738795,913942,Romain Faivre,,42,7.5,82.7,,block,left-foot,free-kick,sofascore
8738795,861324,Hugo Magnetti,,38,29.9,41.2,,block,right-foot,assisted,sofascore
8738795,44213,Gaëtan Charbonnier,,20,6.0,53.6,,save,right-foot,assisted,sofascore
8738795,848458,Arnaud Nordin,,15,14.3,52.7,,miss,right-foot,assisted,sofascore
8738795,51640,Wahbi Khazri,,11,10.7,63.9,,goal,right-foot,regular,sofascore
8738795,988907,Lilian Brassier,,2,6.1,67.6,,miss,head,set-piece,sofascore
8738796,816810,Mathieu Cafaro,,89,25.9,44.3,,miss,right-foot,free-kick,sofascore
8738796,157143,Moussa Konaté,,85,10.4,59.8,,miss,right-foot,assisted,sofascore
8738796,157143,Moussa Konaté,,83,10.0,47.6,,miss,head,assisted,sofascore
8738796,557166,Mama Baldé,,81,5.1,59.1,,block,other,assisted,sofascore
8738796,157143,Moussa Konaté,,77,9.7,59.6,,miss,head,assisted,sofascore
8738796,557166,Mama Baldé,,68,14.9,57.2,,save,right-foot,assisted,sofascore
8738796,845750,Moreto Cassama,,58,24.1,40.9,,block,right-foot,assisted,sofascore
8738796,122815,Wesley Lautoa,,55,13.1,46.0,,save,left-foot,assisted,sofascore
8738796,816810,Mathieu Cafaro,,52,16.8,71.7,,block,right-foot,fast-break,sofascore
8738796,960080,Boulaye Dia,,50,4.9,47.6,,goal,left-foot,regular,sofascore
8738796,831781,Ghislain Konan,,50,27.2,34.0,,save,left-foot,regular,sofascore
8738796,894733,Marshall Munetsi,,48,12.0,46.3,,miss,head,assisted,sofascore
8738796,963399,Nathanaël Mbuku,,46,26.5,41.8,,block,left-foot,assisted,sofascore
8738796,894733,Marshall Munetsi,,42,14.9,43.1,,miss,right-foot,assisted,sofascore
8738796,122815,Wesley Lautoa,,40,32.9,32.1,,save,left-foot,assisted,sofascore
8738796,786029,Didier Ndong,,37,14.3,46.0,,miss,right-foot,assisted,sofascore
8738796,155718,Yassine Benzia,,19,9.5,26.2,,miss,left-foot,assisted,sofascore
8738796,281013,Bersant Celina,,7,28.3,28.0,,save,right-foot,assisted,sofascore
8738796,894733,Marshall Munetsi,,3,12.5,75.4,,miss,right-foot,assisted,sofascore
8738797,328027,Serhou Guirassy,,90,8.3,36.7,,goal,left-foot,assisted,sofascore
8738797,787542,Sada Thioub,,88,21.2,67.0,,save,left-foot,assisted,sofascore
8738797,14142,Thomas Mangani,,73,23.1,67.6,,save,left-foot,assisted,sofascore
8738797,73979,Romain Thomas,,71,3.7,45.5,,miss,head,corner,sofascore
8738797,312388,Flavien Tait,,68,23.8,35.5,,miss,right-foot,assisted,sofascore
8738797,846445,Martin Terrier,,63,8.6,53.8,,goal,right-foot,assisted,sofascore
8738797,1063235,Mohamed Ali Cho,,61,26.5,48.2,,block,left-foot,assisted,sofascore
8738797,14142,Thomas Mangani,,53,12.7,46.0,,miss,left-foot,assisted,sofascore
8738797,14142,Thomas Mangani,,52,20.2,39.4,,miss,left-foot,regular,sofascore
8738797,934386,Jérémy Doku,,45,8.5,36.1,,goal,right-foot,assisted,sofascore
8738797,257421,Ibrahim Amadou,,42,26.6,50.1,,block,right-foot,assisted,sofascore
8738797,209768,Pierrick Capelle,,42,13.4,35.9,,block,left-foot,assisted,sofascore
8738797,973887,Eduardo Camavinga,,35,23.8,58.8,,miss,left-foot,assisted,sofascore
8738797,362014,Hamari Traoré,,34,20.8,46.4,,block,left-foot,regular,sofascore
8738797,153220,Stéphane Bahoken,,33,11.4,46.6,,save,right-foot,assisted,sofascore
8738797,973887,Eduardo Camavinga,,17,18.9,55.3,,miss,left-foot,assisted,sofascore
8738797,257421,Ibrahim Amadou,,12,27.8,38.8,,miss,right-foot,assisted,sofascore
8738797,312388,Flavien Tait,,7,14.1,42.1,,block,left-foot,assisted,sofascore
8738797,312388,Flavien Tait,,3,22.1,52.7,,miss,right-foot,set-piece,sofascore
8738798,123164,Dennis Appiah,,87,23.1,34.9,,post,right-foot,assisted,sofascore
8738798,842709,Rémi Oudin,,86,5.4,46.4,,miss,head,assisted,sofascore
8738798,111803,Youssouf Sabaly,,85,25.2,28.3,,miss,right-foot,assisted,sofascore
8738798,788181,Roli Pereira de Sa,,82,27.0,56.9,,block,left-foot,set-piece,sofascore
8738798,74045,Nicolas de Préville,,80,9.0,62.0,,save,left-foot,assisted,sofascore
8738798,106496,Nicolas Pallois,,79,23.7,47.8,,miss,left-foot,corner,sofascore
8738798,842709,Rémi Oudin,,76,8.2,58.8,,miss,left-foot,set-piece,sofascore
8738798,16508,Paul Baysse,,76,5.6,61.4,,block,head,set-piece,sofascore
8738798,871706,Randal Kolo Muani,,70,8.1,41.3,,goal,right-foot,assisted,sofascore
8738798,74045,Nicolas de Préville,,68,20.7,45.4,,miss,right-foot,assisted,sofascore
8738798,806076,Ludovic Blas,,59,27.0,52.2,,miss,right-foot,assisted,sofascore
8738798,859024,Yacine Adli,,56,18.7,49.1,,block,left-foot,assisted,sofascore
8738798,965943,Imrân Louza,,51,11.5,50.1,,goal,left-foot,penalty,sofascore
8738798,111803,Youssouf Sabaly,,45,9.4,48.8,,miss,left-foot,regular,sofascore
8738798,791314,Hwang Ui-Jo,,38,10.7,60.4,,save,right-foot,assisted,sofascore
8738798,965943,Imrân Louza,,37,26.6,58.1,,block,left-foot,assisted,sofascore
8738798,804619,Enock Kwateng,,34,9.8,45.8,,miss,right-foot,corner,sofascore
8738798,871706,Randal Kolo Muani,,25,3.3,57.8,,miss,head,regular,sofascore
8738798,159701,Kalifa Coulibaly,,19,10.4,54.2,,goal,head,assisted,sofascore
8738798,794836,Andrei Girotto,,9,20.7,54.5,,block,right-foot,corner,sofascore
8738798,794836,Andrei Girotto,,5,27.6,51.1,,block,right-foot,set-piece,sofascore
8738799,150865,Thomas Monconduit,,90,9.6,52.9,,miss,head,assisted,sofascore
8738799,1082953,Habib Keita,,89,8.3,47.8,,miss,left-foot,assisted,sofascore
8738799,839981,Lucas Paquetá,,85,23.9,67.0,,miss,left-foot,assisted,sofascore
8738799,150865,Thomas Monconduit,,83,23.2,44.5,,goal,left-foot,assisted,sofascore
8738799,296434,Laurent Abergel,,83,22.6,55.5,,block,right-foot,assisted,sofascore
8738799,842931,Karl Toko Ekambi,,80,15.2,39.5,,block,right-foot,assisted,sofascore
8738799,866469,Bruno Guimarães,,77,8.5,49.1,,goal,right-foot,assisted,sofascore
8738799,552680,Léo Dubois,,77,23.2,68.0,,block,left-foot,assisted,sofascore
8738799,984014,Enzo Le Fée,,75,26.3,23.9,,miss,right-foot,assisted,sofascore
8738799,866469,Bruno Guimarães,,71,11.5,50.0,,goal,right-foot,penalty,sofascore
8738799,996951,Sinaly Diomandé,,68,5.7,44.5,,save,head,corner,sofascore
8738799,842931,Karl Toko Ekambi,,67,9.2,63.9,,block,right-foot,assisted,sofascore
8738799,839981,Lucas Paquetá,,65,6.5,55.0,,goal,head,throw-in-set-piece,sofascore
8738799,842931,Karl Toko Ekambi,,65,7.3,33.0,,block,right-foot,throw-in-set-piece,sofascore
8738799,839981,Lucas Paquetá,,61,6.8,44.5,,miss,head,corner,sofascore
8738799,280439,Maxwel Cornet,,58,9.3,34.8,,save,right-foot,regular,sofascore
8738799,866469,Bruno Guimarães,,57,20.9,61.4,,save,left-foot,assisted,sofascore
8738799,846081,Houssem Aouar,,53,7.6,45.1,,goal,right-foot,assisted,sofascore
8738799,846081,Houssem Aouar,,52,5.0,66.4,,miss,right-foot,corner,sofascore
8738799,996951,Sinaly Diomandé,,48,4.5,46.1,,miss,head,set-piece,sofascore
8738799,866469,Bruno Guimarães,,39,13.9,56.7,,block,right-foot,regular,sofascore
8738799,810535,Tino Kadewere,,39,15.0,52.4,,save,right-foot,regular,sofascore
8738799,810535,Tino Kadewere,,39,19.5,50.4,,save,left-foot,assisted,sofascore
8738799,894396,Terem Moffi,,28,16.0,67.8,,block,left-foot,fast-break,sofascore
8738799,842931,Karl Toko Ekambi,,26,24.4,43.1,,save,right-foot,assisted,sofascore
8738799,805123,Yoane Wissa,,22,12.5,55.7,,miss,right-foot,assisted,sofascore
8738799,846081,Houssem Aouar,,21,16.4,40.3,,miss,right-foot,assisted,sofascore
8738799,984014,Enzo Le Fée,,20,20.8,42.9,,save,left-foot,regular,sofascore
8738799,805123,Yoane Wissa,,19,24.4,29.5,,block,right-foot,regular,sofascore
8738799,810535,Tino Kadewere,,18,12.1,67.8,,block,right-foot,regular,sofascore
8738799,842931,Karl Toko Ekambi,,15,12.9,55.8,,miss,left-foot,assisted,sofascore
8738799,979128,Rayan Cherki,,7,10.8,36.8,,block,right-foot,assisted,sofascore
8738799,979128,Rayan Cherki,,1,11.0,42.2,,miss,head,assisted,sofascore
8738800,37126,Stevan Jovetić,,90,4.2,51.6,,goal,head,assisted,sofascore
8738800,16508,Paul Baysse,,89,8.0,50.3,,miss,head,set-piece,sofascore
8738800,798002,Toma Bašić,,81,19.8,51.9,,block,left-foot,regular,sofascore
8738800,37126,Stevan Jovetić,,79,28.2,62.3,,save,right-foot,free-kick,sofascore
8738800,944164,Sofiane Diop,,78,19.2,64.8,,block,right-foot,assisted,sofascore
8738800,74045,Nicolas de Préville,,77,6.7,53.6,,post,right-foot,assisted,sofascore
8738800,859025,Aurélien Tchouaméni,,76,27.0,52.7,,save,right-foot,assisted,sofascore
8738800,791314,Hwang Ui-Jo,,74,22.9,44.1,,block,right-foot,assisted,sofascore
8738800,925837,Mehdi Zerkane,,73,23.1,68.9,,miss,left-foot,assisted,sofascore
8738800,37126,Stevan Jovetić,,69,13.8,54.3,,block,right-foot,assisted,sofascore
8738800,74045,Nicolas de Préville,,65,4.3,36.6,,save,left-foot,regular,sofascore
8738800,74045,Nicolas de Préville,,65,10.5,45.4,,save,right-foot,assisted,sofascore
8738800,364618,Gelson Martins,,47,14.4,61.0,,goal,right-foot,assisted,sofascore
8738800,904827,Benoît Badiashile,,45,8.5,46.6,,miss,head,set-piece,sofascore
8738800,945062,Youssouf Fofana,,45,28.4,57.6,,miss,right-foot,assisted,sofascore
8738800,904827,Benoît Badiashile,,37,29.6,42.3,,miss,left-foot,assisted,sofascore
8738800,117373,Kevin Volland,,29,11.1,37.7,,goal,right-foot,assisted,sofascore
8738800,859025,Aurélien Tchouaméni,,17,18.8,37.5,,miss,left-foot,regular,sofascore
8738800,318963,Aleksandr Golovin,,17,13.1,35.5,,block,right-foot,assisted,sofascore
8738800,318963,Aleksandr Golovin,,15,9.1,42.1,,save,right-foot,assisted,sofascore
8738801,891793,Kévin Zohi,,90,14.4,40.8,,goal,right-foot,assisted,sofascore
8738801,829093,Ibrahima Sissoko,,90,8.0,46.6,,miss,head,corner,sofascore
8738801,1113031,Moïse Sahi Dion,,89,7.7,49.9,,block,left-foot,corner,sofascore
8738801,289977,Alexander Djiku,,89,3.0,48.0,,save,right-foot,corner,sofascore
8738801,289977,Alexander Djiku,,89,4.3,47.4,,save,left-foot,corner,sofascore
8738801,94822,Sanjin Prcić,,89,22.8,47.8,,block,right-foot,assisted,sofascore
8738801,802159,Habibou Diallo,,75,9.2,41.8,,miss,head,assisted,sofascore
8738801,1113031,Moïse Sahi Dion,,74,28.3,58.5,,miss,right-foot,assisted,sofascore
8738801,976396,Joris Chotard,,73,7.5,46.9,,miss,head,corner,sofascore
8738801,343971,Ludovic Ajorque,,69,4.6,56.5,,goal,right-foot,throw-in-set-piece,sofascore
8738801,231946,Adrien Thomasson,,69,13.4,47.8,,block,right-foot,throw-in-set-piece,sofascore
8738801,802159,Habibou Diallo,,64,14.4,29.5,,miss,left-foot,assisted,sofascore
8738801,156004,Jean-Eudes Aholou,,57,28.9,46.2,,miss,left-foot,assisted,sofascore
8738801,372430,Frédéric Guilbert,,52,21.1,31.8,,save,right-foot,free-kick,sofascore
8738801,149730,Gaëtan Laborde,,49,11.5,52.8,,goal,left-foot,regular,sofascore
8738801,231946,Adrien Thomasson,,47,7.8,64.7,,save,head,assisted,sofascore
8738801,84744,Andy Delort,,46,12.0,59.4,,goal,right-foot,assisted,sofascore
8738801,156004,Jean-Eudes Aholou,,39,26.2,62.5,,block,left-foot,regular,sofascore
8738801,149730,Gaëtan Laborde,,36,7.4,53.0,,goal,head,corner,sofascore
8738801,605338,Stephy Mavididi,,35,25.5,38.6,,block,right-foot,assisted,sofascore
8738801,372430,Frédéric Guilbert,,31,14.9,63.5,,miss,right-foot,assisted,sofascore
8738801,343971,Ludovic Ajorque,,12,12.3,70.4,,miss,right-foot,assisted,sofascore
8738801,603738,Junior Sambia,,6,30.9,64.8,,block,right-foot,free-kick,sofascore
8738801,802159,Habibou Diallo,,3,10.8,26.5,,save,left-foot,assisted,sofascore
8738802,280453,Franck Honorat,,90,20.2,72.6,,miss,right-foot,assisted,sofascore
8738802,280453,Franck Honorat,,90,11.0,65.2,,save,right-foot,assisted,sofascore
8738802,605552,Irvin Cardona,,82,14.5,39.5,,save,head,set-piece,sofascore
8738802,605552,Irvin Cardona,,78,5.0,68.2,,save,right-foot,assisted,sofascore
8738802,825945,Simon Banza,,77,17.9,42.9,,miss,right-foot,assisted,sofascore
8738802,46387,Gaël Kakuta,,72,11.5,50.0,,goal,left-foot,penalty,sofascore
8738802,927975,Jean Lucas,,54,18.3,38.8,,save,right-foot,free-kick,sofascore
8738802,1006489,Loïc Badé,,51,5.6,49.8,,block,head,corner,sofascore
8738802,46387,Gaël Kakuta,,41,25.0,67.7,,block,left-foot,regular,sofascore
8738802,51363,Yannick Cahuzac,,37,2.0,42.5,,goal,head,corner,sofascore
8738802,191178,Corentin Jean,,28,13.8,63.9,,miss,right-foot,assisted,sofascore
8738802,927975,Jean Lucas,,26,24.8,29.5,,save,right-foot,assisted,sofascore
8738802,821728,Jonathan Clauss,,18,28.0,42.6,,miss,right-foot,regular,sofascore
8738802,821728,Jonathan Clauss,,15,13.9,54.1,,block,left-foot,assisted,sofascore
8738802,1047296,Jérémy Le Douaron,,13,14.1,38.0,,miss,right-foot,regular,sofascore
8738802,191178,Corentin Jean,,12,21.1,32.7,,save,right-foot,assisted,sofascore
8738803,343971,Ludovic Ajorque,,90,8.1,60.0,,miss,right-foot,set-piece,sofascore
8738803,829093,Ibrahima Sissoko,,90,4.6,51.5,,block,head,corner,sofascore
8738803,108736,Stefan Mitrović,,90,9.8,50.3,,save,head,assisted,sofascore
8738803,343971,Ludovic Ajorque,,90,11.4,59.6,,miss,left-foot,regular,sofascore
8738803,108736,Stefan Mitrović,,89,4.3,43.1,,miss,head,corner,sofascore
8738803,829093,Ibrahima Sissoko,,86,24.8,64.3,,block,right-foot,regular,sofascore
8738803,231946,Adrien Thomasson,,86,11.8,42.3,,save,left-foot,regular,sofascore
8738803,191188,Seko Fofana,,85,12.8,39.8,,miss,left-foot,assisted,sofascore
8738803,231946,Adrien Thomasson,,75,19.8,38.0,,block,left-foot,corner,sofascore
8738803,825945,Simon Banza,,72,22.9,52.6,,miss,left-foot,assisted,sofascore
8738803,825945,Simon Banza,,68,10.7,43.1,,miss,right-foot,assisted,sofascore
8738803,365358,Dimitri Liénard,,63,7.5,69.0,,miss,left-foot,corner,sofascore
8738803,365358,Dimitri Liénard,,61,28.1,43.9,,miss,left-foot,assisted,sofascore
8738803,51444,Lamine Koné,,60,20.1,63.9,,miss,left-foot,regular,sofascore
8738803,821728,Jonathan Clauss,,55,21.4,63.6,,miss,right-foot,set-piece,sofascore
8738803,343971,Ludovic Ajorque,,51,9.1,45.6,,save,right-foot,assisted,sofascore
8738803,369650,Jonathan Gradit,,47,29.9,69.3,,miss,right-foot,regular,sofascore
8738803,191188,Seko Fofana,,46,13.4,43.3,,save,right-foot,assisted,sofascore
8738803,191188,Seko Fofana,,40,7.7,62.9,,goal,right-foot,assisted,sofascore
8738803,231946,Adrien Thomasson,,30,16.0,42.3,,block,left-foot,throw-in-set-piece,sofascore
8738803,829093,Ibrahima Sissoko,,26,23.8,50.9,,block,right-foot,assisted,sofascore
8738803,846471,Anthony Caci,,25,19.2,37.7,,post,left-foot,corner,sofascore
8738803,821728,Jonathan Clauss,,22,32.0,53.4,,block,right-foot,free-kick,sofascore
8738803,845273,Jean-Ricner Bellegarde,,20,1.8,52.6,,goal,head,set-piece,sofascore
8738803,372430,Frédéric Guilbert,,20,23.8,48.5,,save,right-foot,free-kick,sofascore
8738803,191188,Seko Fofana,,16,14.9,53.9,,miss,right-foot,fast-break,sofascore
8738803,143344,Massadio Haïdara,,5,5.5,48.4,,goal,left-foot,corner,sofascore
8738803,51363,Yannick Cahuzac,,5,11.1,60.0,,save,right-foot,assisted,sofascore
8738803,51363,Yannick Cahuzac,,3,4.4,63.1,,miss,head,corner,sofascore
8738804,789984,Dereck Kutesa,,90,12.1,70.9,,block,left-foot,assisted,sofascore
8738804,789984,Dereck Kutesa,,89,19.9,70.3,,block,left-foot,assisted,sofascore
8738804,1085101,Mouhamadou Drammeh,,89,26.4,66.4,,block,left-foot,assisted,sofascore
8738804,148824,Florian Thauvin,,85,18.5,46.4,,block,left-foot,assisted,sofascore
8738804,14216,Dimitri Payet,,81,7.8,38.2,,save,head,assisted,sofascore
8738804,34639,Yuto Nagatomo,,79,26.2,35.5,,miss,right-foot,assisted,sofascore
8738804,14216,Dimitri Payet,,76,12.8,51.3,,goal,right-foot,assisted,sofascore
8738804,14216,Dimitri Payet,,72,24.9,39.8,,save,right-foot,free-kick,sofascore
8738804,982327,Dion Lopy,,67,19.1,50.9,,miss,right-foot,assisted,sofascore
8738804,960080,Boulaye Dia,,66,8.3,67.4,,block,right-foot,assisted,sofascore
8738804,844480,Pol Lirola,,63,5.1,66.4,,block,right-foot,assisted,sofascore
8738804,161325,Arkadiusz Milik,,62,14.9,54.8,,save,left-foot,assisted,sofascore
8738804,161325,Arkadiusz Milik,,45,4.1,47.4,,goal,left-foot,assisted,sofascore
8738804,14216,Dimitri Payet,,41,9.1,53.3,,goal,right-foot,assisted,sofascore
8738804,963399,Nathanaël Mbuku,,38,7.3,49.1,,goal,head,corner,sofascore
8738804,960080,Boulaye Dia,,36,27.6,54.0,,block,right-foot,assisted,sofascore
8738804,148824,Florian Thauvin,,34,27.3,66.8,,miss,left-foot,assisted,sofascore
8738804,161325,Arkadiusz Milik,,33,23.2,67.8,,block,right-foot,assisted,sofascore
8738804,245615,Thomas Foket,,18,14.7,16.9,,miss,right-foot,assisted,sofascore
8738804,178721,Yunis Abdelhamid,,15,13.1,63.7,,block,left-foot,corner,sofascore
8738804,178721,Yunis Abdelhamid,,15,7.7,57.3,,miss,head,corner,sofascore
8738805,982613,Boubacar Traoré,,90,28.3,60.2,,block,right-foot,assisted,sofascore
8738805,842400,Zinedine Ferhat,,89,15.3,45.1,,goal,left-foot,assisted,sofascore
8738805,356024,Thierry Ambrose,,85,8.3,48.4,,miss,head,set-piece,sofascore
8738805,845271,Dylan Bronn,,83,26.1,77.3,,save,right-foot,assisted,sofascore
8738805,359246,Habib Maïga,,80,12.8,35.1,,block,right-foot,assisted,sofascore
8738805,356024,Thierry Ambrose,,71,16.8,55.9,,post,right-foot,regular,sofascore
8738805,247445,Renaud Ripart,,67,11.5,50.0,,goal,right-foot,penalty,sofascore
8738805,822878,Lamine Fomba,,61,5.0,55.2,,goal,left-foot,assisted,sofascore
8738805,880775,Ibrahima Niane,,60,20.8,70.7,,block,right-foot,assisted,sofascore
8738805,991359,Papa Ndiaga Yade,,59,26.5,50.3,,miss,left-foot,assisted,sofascore
8738805,229722,Farid Boulaya,,55,20.3,58.7,,block,left-foot,assisted,sofascore
8738805,1002711,Pape Matar Sarr,,51,27.5,59.8,,save,right-foot,assisted,sofascore
8738805,796085,Moussa Koné,,45,7.4,49.4,,save,head,corner,sofascore
8738805,247445,Renaud Ripart,,34,9.5,40.6,,miss,head,corner,sofascore
8738805,316196,Niclas Eliasson,,33,7.1,34.0,,block,left-foot,assisted,sofascore
8738805,316196,Niclas Eliasson,,33,7.8,43.5,,block,left-foot,assisted,sofascore
8738805,247445,Renaud Ripart,,21,26.1,60.6,,miss,left-foot,assisted,sofascore
8738805,359246,Habib Maïga,,14,8.2,47.8,,miss,head,assisted,sofascore
8738805,991359,Papa Ndiaga Yade,,9,4.2,29.6,,miss,left-foot,assisted,sofascore
8738805,546416,Andrés Cubas,,7,26.6,57.6,,save,right-foot,regular,sofascore
8738805,796085,Moussa Koné,,5,19.1,47.6,,miss,right-foot,assisted,sofascore
8738806,825945,Simon Banza,,86,13.5,53.6,,miss,right-foot,assisted,sofascore
8738806,593546,Tony Mauricio,,86,25.8,49.9,,miss,left-foot,assisted,sofascore
8738806,352916,Presnel Kimpembe,,81,11.7,31.0,,miss,left-foot,set-piece,sofascore
8738806,142680,Julian Draxler,,71,10.3,57.5,,block,right-foot,assisted,sofascore
8738806,124712,Neymar,,67,23.2,61.2,,save,right-foot,free-kick,sofascore
8738806,890329,Ignatius Kpene Ganago,,63,11.4,48.2,,miss,head,assisted,sofascore
8738806,890329,Ignatius Kpene Ganago,,61,3.8,53.0,,goal,left-foot,assisted,sofascore
8738806,954061,Arnaud Kalimuendo,,61,7.1,45.4,,miss,right-foot,assisted,sofascore
8738806,155995,Marquinhos,,59,8.1,49.5,,goal,head,corner,sofascore
8738806,339227,Steven Fortes,,56,26.1,50.7,,save,right-foot,assisted,sofascore
8738806,124712,Neymar,,55,28.4,42.4,,miss,right-foot,free-kick,sofascore
8738806,954061,Arnaud Kalimuendo,,52,10.1,50.1,,miss,right-foot,assisted,sofascore
8738806,836678,Clément Michelin,,47,20.6,31.9,,miss,right-foot,set-piece,sofascore
8738806,191188,Seko Fofana,,44,14.7,36.6,,miss,left-foot,assisted,sofascore
8738806,836678,Clément Michelin,,44,22.2,25.0,,miss,right-foot,assisted,sofascore
8738806,821728,Jonathan Clauss,,42,10.0,48.9,,miss,left-foot,regular,sofascore
8738806,954061,Arnaud Kalimuendo,,42,7.7,33.6,,save,right-foot,assisted,sofascore
8738806,106337,Idrissa Gana Gueye,,39,27.2,38.6,,block,right-foot,corner,sofascore
8738806,280435,Abdou Diallo,,39,8.3,66.8,,miss,head,corner,sofascore
8738806,138573,Pablo Sarabia,,39,11.8,61.6,,save,left-foot,assisted,sofascore
8738806,124712,Neymar,,33,10.7,42.7,,goal,right-foot,assisted,sofascore
8738806,906047,Cheick Doucouré,,30,23.2,44.5,,miss,right-foot,assisted,sofascore
8738806,233114,Mauro Icardi,,26,14.7,57.3,,miss,left-foot,assisted,sofascore
8738806,954061,Arnaud Kalimuendo,,24,14.6,29.7,,block,right-foot,fast-break,sofascore
8738806,99545,Danilo Pereira,,24,11.9,54.2,,save,head,set-piece,sofascore
8738806,233114,Mauro Icardi,,13,21.0,44.3,,miss,right-foot,assisted,sofascore
8738806,138573,Pablo Sarabia,,7,4.5,42.3,,block,left-foot,assisted,sofascore
8738806,890329,Ignatius Kpene Ganago,,3,15.0,53.4,,miss,right-foot,assisted,sofascore
8738806,106337,Idrissa Gana Gueye,,1,19.2,33.1,,save,left-foot,assisted,sofascore
8738807,945062,Youssouf Fofana,,90,20.4,44.5,,miss,right-foot,fast-break,sofascore
8738807,364618,Gelson Martins,,76,12.0,40.9,,save,right-foot,assisted,sofascore
8738807,859025,Aurélien Tchouaméni,,75,22.9,55.2,,miss,right-foot,assisted,sofascore
8738807,859025,Aurélien Tchouaméni,,69,28.3,36.2,,miss,right-foot,assisted,sofascore
8738807,816810,Mathieu Cafaro,,57,18.2,71.4,,save,right-foot,assisted,sofascore
8738807,361696,Wout Faes,,57,2.9,57.3,,miss,head,assisted,sofascore
8738807,845750,Moreto Cassama,,55,24.2,41.2,,miss,right-foot,corner,sofascore
8738807,157029,Xavier Chavalerin,,50,13.6,46.9,,block,left-foot,set-piece,sofascore
8738807,963399,Nathanaël Mbuku,,35,22.1,69.0,,block,left-foot,assisted,sofascore
8738807,960080,Boulaye Dia,,35,16.4,64.5,,miss,right-foot,assisted,sofascore
8738807,157029,Xavier Chavalerin,,29,14.2,26.6,,miss,left-foot,corner,sofascore
8738807,960080,Boulaye Dia,,28,4.8,67.3,,save,right-foot,assisted,sofascore
8738807,827243,Axel Disasi,,27,7.1,56.3,,block,head,corner,sofascore
8738807,945062,Youssouf Fofana,,27,25.8,33.8,,block,left-foot,assisted,sofascore
8738807,1046150,Eliot Matazo,,20,6.4,48.6,,goal,right-foot,fast-break,sofascore
8738808,788170,Fodé Ballo-Touré,,90,11.4,54.4,,miss,left-foot,corner,sofascore
8738808,979128,Rayan Cherki,,89,12.0,60.1,,goal,left-foot,assisted,sofascore
8738808,877979,Willem Geubbels,,87,11.8,57.1,,save,right-foot,regular,sofascore
8738808,119192,Wissam Ben Yedder,,86,11.5,50.0,,goal,right-foot,penalty,sofascore
8738808,859025,Aurélien Tchouaméni,,80,20.9,67.3,,block,right-foot,assisted,sofascore
8738808,36704,Marcelo,,77,9.0,45.0,,goal,head,set-piece,sofascore
8738808,280439,Maxwel Cornet,,69,9.5,38.0,,miss,left-foot,assisted,sofascore
8738808,904827,Benoît Badiashile,,67,9.1,52.8,,miss,head,corner,sofascore
8738808,1046150,Eliot Matazo,,66,6.7,35.5,,save,right-foot,assisted,sofascore
8738808,280439,Maxwel Cornet,,64,6.5,36.8,,save,right-foot,assisted,sofascore
8738808,138833,Memphis Depay,,62,18.8,50.5,,miss,right-foot,regular,sofascore
8738808,996951,Sinaly Diomandé,,60,7.4,77.3,,miss,right-foot,assisted,sofascore
8738808,138833,Memphis Depay,,57,18.9,55.9,,goal,left-foot,assisted,sofascore
8738808,138833,Memphis Depay,,56,25.0,71.4,,block,right-foot,assisted,sofascore
8738808,810535,Tino Kadewere,,55,15.7,53.8,,miss,right-foot,assisted,sofascore
8738808,839981,Lucas Paquetá,,44,26.4,67.0,,block,left-foot,assisted,sofascore
8738808,117373,Kevin Volland,,41,13.7,48.5,,miss,right-foot,assisted,sofascore
8738808,839981,Lucas Paquetá,,40,5.3,59.6,,miss,head,corner,sofascore
8738808,552680,Léo Dubois,,40,21.6,70.9,,block,left-foot,corner,sofascore
8738808,339909,Guillermo Maripán,,39,15.7,41.9,,miss,left-foot,corner,sofascore
8738808,117373,Kevin Volland,,25,8.3,45.2,,goal,right-foot,assisted,sofascore
8738808,839981,Lucas Paquetá,,18,10.3,57.7,,miss,left-foot,assisted,sofascore
8738808,842931,Karl Toko Ekambi,,15,22.8,71.4,,miss,right-foot,assisted,sofascore
8738808,842931,Karl Toko Ekambi,,14,23.7,58.5,,save,left-foot,assisted,sofascore
8738808,119192,Wissam Ben Yedder,,13,9.0,74.5,,block,right-foot,assisted,sofascore
8738808,117373,Kevin Volland,,11,6.7,28.9,,miss,left-foot,fast-break,sofascore
8738808,138833,Memphis Depay,,7,10.7,54.8,,miss,head,assisted,sofascore
8738808,552680,Léo Dubois,,4,9.5,58.3,,miss,right-foot,assisted,sofascore
8738808,119192,Wissam Ben Yedder,,1,31.8,46.6,,miss,right-foot,regular,sofascore
8738809,234230,Florent Mollet,,90,15.1,57.2,,block,right-foot,set-piece,sofascore
8738809,962877,Adil Aouchiche,,87,29.8,22.1,,block,right-foot,free-kick,sofascore
8738809,605338,Stephy Mavididi,,84,22.8,39.8,,miss,right-foot,assisted,sofascore
8738809,51640,Wahbi Khazri,,83,11.5,55.5,,save,right-foot,set-piece,sofascore
8738809,84744,Andy Delort,,83,8.0,42.2,,block,head,corner,sofascore
8738809,760618,Denis Bouanga,,81,12.8,36.5,,save,left-foot,set-piece,sofascore
8738809,760618,Denis Bouanga,,77,3.0,46.4,,save,right-foot,regular,sofascore
8738809,760618,Denis Bouanga,,77,11.5,34.9,,block,right-foot,assisted,sofascore
8738809,845083,Keagan Dolly,,73,23.1,71.3,,block,left-foot,assisted,sofascore
8738809,916041,Mahdi Camara,,71,27.7,59.1,,miss,right-foot,regular,sofascore
8738809,848458,Arnaud Nordin,,64,13.7,63.7,,save,right-foot,regular,sofascore
8738809,848458,Arnaud Nordin,,62,15.1,58.3,,block,left-foot,assisted,sofascore
8738809,760618,Denis Bouanga,,61,19.6,47.6,,block,right-foot,assisted,sofascore
8738809,3579,Mathieu Debuchy,,50,8.7,49.4,,goal,right-foot,set-piece,sofascore
8738809,760618,Denis Bouanga,,45,7.8,67.0,,miss,right-foot,assisted,sofascore
8738809,51640,Wahbi Khazri,,44,40.5,15.7,,save,right-foot,regular,sofascore
8738809,848458,Arnaud Nordin,,37,12.2,33.3,,block,left-foot,assisted,sofascore
8738809,760618,Denis Bouanga,,35,9.5,54.2,,block,right-foot,assisted,sofascore
8738809,760618,Denis Bouanga,,34,19.0,46.4,,block,right-foot,regular,sofascore
8738809,363774,Mihailo Ristić,,34,23.3,60.2,,miss,left-foot,set-piece,sofascore
8738809,38688,Damien Le Tallec,,31,10.3,54.6,,miss,head,assisted,sofascore
8738809,38688,Damien Le Tallec,,30,12.5,41.5,,miss,right-foot,corner,sofascore
8738809,84744,Andy Delort,,29,14.4,54.0,,block,right-foot,assisted,sofascore
8738809,979315,Elye Wahi,,18,6.5,49.7,,save,head,corner,sofascore
8738809,74139,Romain Hamouma,,16,2.9,50.4,,goal,right-foot,assisted,sofascore
8738809,790198,Pape Abou Cissé,,15,11.5,48.2,,miss,head,corner,sofascore
8738809,790198,Pape Abou Cissé,,10,9.7,51.8,,miss,head,corner,sofascore
8738809,3579,Mathieu Debuchy,,9,9.0,49.4,,block,head,set-piece,sofascore
8738809,84744,Andy Delort,,6,6.8,45.4,,goal,right-foot,set-piece,sofascore
8738809,84744,Andy Delort,,3,12.2,42.1,,miss,head,corner,sofascore
8738809,149730,Gaëtan Laborde,,3,11.2,72.0,,block,left-foot,regular,sofascore
8738809,84744,Andy Delort,,3,11.5,44.5,,block,head,assisted,sofascore
8738810,845271,Dylan Bronn,,85,8.4,51.8,,goal,head,set-piece,sofascore
8738810,356024,Thierry Ambrose,,84,8.5,37.1,,save,left-foot,assisted,sofascore
8738810,913191,Vagner Dias,,82,5.7,41.5,,goal,right-foot,assisted,sofascore
8738810,229722,Farid Boulaya,,81,28.0,31.3,,block,right-foot,free-kick,sofascore
8738810,913191,Vagner Dias,,77,23.9,25.4,,miss,right-foot,assisted,sofascore
8738810,1002711,Pape Matar Sarr,,72,30.9,28.7,,miss,right-foot,assisted,sofascore
8738810,229722,Farid Boulaya,,72,12.8,27.0,,miss,left-foot,regular,sofascore
8738810,208234,Fouad Chafik,,71,4.9,53.6,,goal,left-foot,regular,sofascore
8738810,904994,Eric Ebimbe,,69,5.6,46.9,,save,head,corner,sofascore
8738810,557166,Mama Baldé,,61,12.2,44.1,,miss,head,set-piece,sofascore
8738810,31993,Bruno Ecuele Manga,,55,10.0,55.9,,miss,head,corner,sofascore
8738810,904994,Eric Ebimbe,,55,13.8,54.2,,save,left-foot,regular,sofascore
8738810,557166,Mama Baldé,,48,5.0,52.4,,goal,head,corner,sofascore
8738810,51299,Frédéric Sammaritano,,46,9.7,47.4,,block,left-foot,regular,sofascore
8738810,557166,Mama Baldé,,46,13.0,55.0,,block,right-foot,assisted,sofascore
8738810,991359,Papa Ndiaga Yade,,44,26.8,41.2,,miss,left-foot,corner,sofascore
8738810,1002711,Pape Matar Sarr,,42,10.5,40.7,,goal,right-foot,set-piece,sofascore
8738810,1046147,Lamine Gueye,,37,9.4,47.6,,goal,right-foot,regular,sofascore
8738810,309510,Jordan Marié,,36,22.8,67.6,,miss,right-foot,regular,sofascore
8738810,359246,Habib Maïga,,33,31.2,59.0,,save,right-foot,assisted,sofascore
8738810,1046147,Lamine Gueye,,32,6.5,62.9,,miss,right-foot,assisted,sofascore
8738810,880775,Ibrahima Niane,,32,7.1,58.5,,miss,head,regular,sofascore
8738810,31993,Bruno Ecuele Manga,,30,16.1,46.0,,save,left-foot,regular,sofascore
8738810,208234,Fouad Chafik,,7,29.3,49.1,,miss,right-foot,corner,sofascore
8738810,802034,Fabien Centonze,,2,20.9,70.1,,miss,right-foot,assisted,sofascore
8738811,862194,Zaydou Youssouf,,90,8.5,38.5,,miss,left-foot,set-piece,sofascore
8738811,122630,Darío Benedetto,,84,8.7,50.3,,save,left-foot,assisted,sofascore
8738811,74139,Romain Hamouma,,83,15.6,35.8,,save,right-foot,assisted,sofascore
8738811,161325,Arkadiusz Milik,,82,6.9,44.5,,miss,head,assisted,sofascore
8738811,14216,Dimitri Payet,,77,27.3,46.0,,save,right-foot,free-kick,sofascore
8738811,928236,Leonardo Balerdi,,75,6.9,49.9,,miss,head,corner,sofascore
8738811,962877,Adil Aouchiche,,73,18.1,57.9,,block,left-foot,fast-break,sofascore
8738811,161325,Arkadiusz Milik,,68,16.0,52.2,,miss,left-foot,assisted,sofascore
8738811,977679,Luís Henrique,,65,3.3,35.5,,save,right-foot,assisted,sofascore
8738811,14216,Dimitri Payet,,63,21.3,48.4,,miss,left-foot,regular,sofascore
8738811,848458,Arnaud Nordin,,62,22.9,48.4,,miss,left-foot,assisted,sofascore
8738811,51640,Wahbi Khazri,,60,7.4,30.0,,miss,right-foot,assisted,sofascore
8738811,848458,Arnaud Nordin,,59,10.9,30.1,,block,left-foot,fast-break,sofascore
8738811,148824,Florian Thauvin,,56,6.0,52.8,,miss,head,corner,sofascore
8738811,14216,Dimitri Payet,,56,20.2,24.8,,block,right-foot,free-kick,sofascore
8738811,161325,Arkadiusz Milik,,53,11.4,42.5,,block,left-foot,regular,sofascore
8738811,148824,Florian Thauvin,,53,13.7,55.7,,block,left-foot,assisted,sofascore
8738811,14216,Dimitri Payet,,52,28.7,39.5,,miss,right-foot,free-kick,sofascore
8738811,51640,Wahbi Khazri,,45,15.9,12.2,,block,right-foot,free-kick,sofascore
8738811,848458,Arnaud Nordin,,43,3.6,57.7,,goal,left-foot,assisted,sofascore
8738811,760618,Denis Bouanga,,42,15.1,26.5,,miss,right-foot,assisted,sofascore
8738811,760618,Denis Bouanga,,39,24.8,40.4,,save,right-foot,regular,sofascore
8738811,41605,Timothée Kolodziejczak,,29,4.5,39.7,,miss,head,corner,sofascore
8738811,148824,Florian Thauvin,,27,20.8,70.6,,miss,left-foot,free-kick,sofascore
8738811,879694,Pape Gueye,,22,7.7,53.3,,save,head,assisted,sofascore
8738811,760618,Denis Bouanga,,22,16.3,70.9,,miss,left-foot,assisted,sofascore
8738811,916041,Mahdi Camara,,21,26.2,35.8,,block,right-foot,corner,sofascore
8738811,3579,Mathieu Debuchy,,19,4.6,59.0,,miss,head,corner,sofascore
8738811,51640,Wahbi Khazri,,19,3.9,40.0,,save,right-foot,corner,sofascore
8738811,51640,Wahbi Khazri,,18,23.2,38.0,,save,right-foot,corner,sofascore
8738811,760618,Denis Bouanga,,11,29.6,39.8,,miss,right-foot,assisted,sofascore
8738811,848458,Arnaud Nordin,,8,15.2,18.6,,block,right-foot,corner,sofascore
8738811,161325,Arkadiusz Milik,,2,27.0,65.8,,miss,left-foot,assisted,sofascore
8738812,351434,Hassane Kamara,,89,3.7,37.7,,goal,left-foot,assisted,sofascore
8738812,280453,Franck Honorat,,85,14.5,39.4,,block,right-foot,assisted,sofascore
8738812,945217,Jean-Clair Todibo,,83,8.7,54.3,,miss,head,corner,sofascore
8738812,913942,Romain Faivre,,79,18.2,48.5,,miss,left-foot,assisted,sofascore
8738812,827519,Romain Perraud,,73,15.4,30.7,,miss,right-foot,assisted,sofascore
8738812,580642,Haris Belkebla,,73,21.6,61.4,,block,right-foot,regular,sofascore
8738812,859026,Amine Gouiri,,69,10.4,37.3,,miss,right-foot,assisted,sofascore
8738812,795761,Kasper Dolberg,,69,8.3,42.7,,block,right-foot,assisted,sofascore
8738812,985923,Hicham Boudaoui,,61,10.7,46.2,,goal,right-foot,assisted,sofascore
8738812,827519,Romain Perraud,,56,7.4,31.4,,miss,left-foot,assisted,sofascore
8738812,801306,Pierre Lees Melou,,49,3.0,50.1,,save,right-foot,regular,sofascore
8738812,801306,Pierre Lees Melou,,49,6.3,49.5,,block,head,assisted,sofascore
8738812,345035,Steve Mounié,,43,8.1,48.2,,goal,head,assisted,sofascore
8738812,190147,Rony Lopes,,38,9.1,46.7,,goal,left-foot,assisted,sofascore
8738812,901885,Flavius Daniliuc,,36,9.1,48.5,,miss,head,corner,sofascore
8738812,822877,Alexis Claude-Maurice,,32,3.8,52.7,,miss,head,assisted,sofascore
8738812,44213,Gaëtan Charbonnier,,32,25.6,52.4,,miss,right-foot,assisted,sofascore
8738812,822877,Alexis Claude-Maurice,,25,15.3,50.0,,miss,left-foot,assisted,sofascore
8738812,795761,Kasper Dolberg,,22,9.0,46.4,,miss,left-foot,assisted,sofascore
8738812,822877,Alexis Claude-Maurice,,21,6.1,67.0,,save,right-foot,assisted,sofascore
8738812,822877,Alexis Claude-Maurice,,12,27.6,29.4,,miss,right-foot,free-kick,sofascore
8738812,345035,Steve Mounié,,4,9.6,46.4,,goal,head,assisted,sofascore
8738812,328035,Brendan Chardonnet,,3,30.5,44.3,,block,right-foot,assisted,sofascore
8738813,328027,Serhou Guirassy,,90,9.3,48.7,,save,head,regular,sofascore
8738813,842709,Rémi Oudin,,88,13.1,52.0,,block,right-foot,assisted,sofascore
8738813,328027,Serhou Guirassy,,85,13.0,38.0,,save,right-foot,assisted,sofascore
8738813,877102,Nayef Aguerd,,83,8.3,43.5,,miss,head,set-piece,sofascore
8738813,328027,Serhou Guirassy,,78,18.8,47.0,,block,right-foot,free-kick,sofascore
8738813,791314,Hwang Ui-Jo,,71,22.9,35.1,,block,right-foot,assisted,sofascore
8738813,842709,Rémi Oudin,,66,26.1,47.2,,save,right-foot,regular,sofascore
8738813,328027,Serhou Guirassy,,65,22.1,28.0,,block,right-foot,free-kick,sofascore
8738813,934386,Jérémy Doku,,49,24.2,49.9,,post,right-foot,assisted,sofascore
8738813,324399,Benjamin Bourigeaud,,45,15.7,70.3,,miss,right-foot,fast-break,sofascore
8738813,312388,Flavien Tait,,43,18.5,64.3,,miss,right-foot,assisted,sofascore
8738813,362014,Hamari Traoré,,42,17.7,50.1,,block,left-foot,regular,sofascore
8738813,791314,Hwang Ui-Jo,,31,9.7,54.2,,miss,head,assisted,sofascore
8738813,833030,Samuel Kalu,,28,19.8,27.4,,block,right-foot,free-kick,sofascore
8738813,791314,Hwang Ui-Jo,,19,1.3,58.5,,miss,head,corner,sofascore
8738813,1047484,Sékou Mara,,19,10.7,52.2,,save,head,set-piece,sofascore
8738813,1047484,Sékou Mara,,11,12.5,49.7,,goal,left-foot,assisted,sofascore
8738813,925837,Mehdi Zerkane,,11,13.5,57.1,,block,head,regular,sofascore
8738814,827519,Romain Perraud,,90,25.2,24.1,,miss,left-foot,assisted,sofascore
8738814,14142,Thomas Mangani,,75,21.9,48.3,,miss,left-foot,assisted,sofascore
8738814,787540,Angelo Fulgini,,66,21.8,35.9,,miss,left-foot,corner,sofascore
8738814,988907,Lilian Brassier,,64,31.3,31.4,,block,left-foot,assisted,sofascore
8738814,307096,Romain Philippoteaux,,63,12.5,40.0,,save,right-foot,assisted,sofascore
8738814,280453,Franck Honorat,,62,12.4,34.2,,block,right-foot,assisted,sofascore
8738814,913942,Romain Faivre,,57,23.6,48.2,,miss,left-foot,regular,sofascore
8738814,345035,Steve Mounié,,56,13.3,52.2,,save,head,assisted,sofascore
8738814,345035,Steve Mounié,,53,10.3,52.1,,miss,head,assisted,sofascore
8738814,988907,Lilian Brassier,,48,4.3,39.2,,block,head,set-piece,sofascore
8738814,831400,Mathias Pereira Lage,,45,28.2,66.4,,miss,right-foot,regular,sofascore
8738814,757730,Antonin Bobichon,,40,30.5,54.6,,miss,right-foot,assisted,sofascore
8738814,787540,Angelo Fulgini,,40,24.8,47.0,,save,right-foot,assisted,sofascore
8738814,153220,Stéphane Bahoken,,39,24.6,46.9,,save,right-foot,assisted,sofascore
8738814,787540,Angelo Fulgini,,37,11.9,39.5,,save,right-foot,assisted,sofascore
8738814,153220,Stéphane Bahoken,,36,15.5,59.0,,block,left-foot,assisted,sofascore
8738814,927975,Jean Lucas,,34,34.0,35.1,,miss,right-foot,assisted,sofascore
8738814,757730,Antonin Bobichon,,30,19.1,28.0,,miss,right-foot,assisted,sofascore
8738814,787540,Angelo Fulgini,,29,14.7,40.6,,block,right-foot,assisted,sofascore
8738814,757730,Antonin Bobichon,,26,25.0,79.4,,miss,right-foot,free-kick,sofascore
8738814,913942,Romain Faivre,,25,22.2,77.9,,miss,left-foot,free-kick,sofascore
8738814,14142,Thomas Mangani,,22,24.8,43.0,,save,left-foot,assisted,sofascore
8738814,73979,Romain Thomas,,17,10.6,49.1,,save,head,assisted,sofascore
8738814,257421,Ibrahim Amadou,,13,11.7,68.5,,miss,right-foot,assisted,sofascore
8738814,913942,Romain Faivre,,8,12.8,43.5,,block,left-foot,assisted,sofascore
8738814,14142,Thomas Mangani,,7,8.8,59.9,,miss,head,corner,sofascore
8738815,802142,Jonathan Ikoné,,90,19.3,49.4,,save,head,assisted,sofascore
8738815,802142,Jonathan Ikoné,,90,18.8,51.9,,block,left-foot,regular,sofascore
8738815,827804,Yusuf Yazıcı,,86,18.9,50.1,,miss,left-foot,regular,sofascore
8738815,595576,Jonathan Bamba,,77,19.9,25.4,,save,right-foot,assisted,sofascore
8738815,18864,Burak Yılmaz,,64,20.4,53.3,,post,right-foot,assisted,sofascore
8738815,893008,Zeki Çelik,,56,22.8,54.2,,goal,right-foot,regular,sofascore
8738815,831424,Reinildo Mandava,,44,18.9,27.7,,block,left-foot,assisted,sofascore
8738815,935564,Jonathan David,,41,14.2,42.2,,block,right-foot,fast-break,sofascore
8738815,840451,Luiz Araújo,,30,20.7,39.8,,miss,left-foot,assisted,sofascore
8738815,910046,Sven Botman,,26,13.3,47.6,,miss,head,set-piece,sofascore
8738815,18864,Burak Yılmaz,,13,21.4,38.0,,goal,right-foot,assisted,sofascore
8738815,840451,Luiz Araújo,,12,14.4,70.1,,block,left-foot,assisted,sofascore
8738816,932643,Armand Laurienté,,90,29.1,59.6,,save,right-foot,free-kick,sofascore
8738816,1063235,Mohamed Ali Cho,,90,21.5,74.8,,miss,left-foot,assisted,sofascore
8738816,930584,Farid El Melali,,81,21.4,33.0,,miss,right-foot,assisted,sofascore
8738816,209768,Pierrick Capelle,,80,22.4,35.5,,miss,left-foot,assisted,sofascore
8738816,831400,Mathias Pereira Lage,,76,24.5,62.7,,block,right-foot,assisted,sofascore
8738816,894396,Terem Moffi,,75,16.0,38.2,,miss,right-foot,assisted,sofascore
8738816,153220,Stéphane Bahoken,,74,4.0,64.1,,miss,right-foot,assisted,sofascore
8738816,932643,Armand Laurienté,,73,18.4,25.6,,miss,right-foot,assisted,sofascore
8738816,209768,Pierrick Capelle,,69,33.5,14.4,,miss,left-foot,assisted,sofascore
8738816,894396,Terem Moffi,,68,14.8,44.1,,miss,left-foot,assisted,sofascore
8738816,153220,Stéphane Bahoken,,64,7.0,54.4,,post,right-foot,regular,sofascore
8738816,930584,Farid El Melali,,64,19.5,31.8,,save,right-foot,assisted,sofascore
8738816,26890,Fabien Lemoine,,48,9.3,23.7,,goal,right-foot,corner,sofascore
8738816,805123,Yoane Wissa,,44,11.5,50.0,,goal,right-foot,penalty,sofascore
8738816,984014,Enzo Le Fée,,43,16.1,44.5,,block,right-foot,regular,sofascore
8738816,805123,Yoane Wissa,,42,3.8,47.9,,block,right-foot,regular,sofascore
8738816,26890,Fabien Lemoine,,33,8.2,36.8,,miss,left-foot,assisted,sofascore
8738816,826134,Trevoh Chalobah,,18,7.3,48.7,,miss,right-foot,corner,sofascore
8738816,805123,Yoane Wissa,,17,14.1,55.3,,save,left-foot,assisted,sofascore
8738816,984014,Enzo Le Fée,,16,24.2,61.8,,miss,right-foot,free-kick,sofascore
8738816,153220,Stéphane Bahoken,,11,21.2,68.2,,save,right-foot,assisted,sofascore
8738816,296434,Laurent Abergel,,8,24.1,49.3,,block,left-foot,assisted,sofascore
8738817,822878,Lamine Fomba,,90,10.1,48.2,,miss,right-foot,assisted,sofascore
8738817,157029,Xavier Chavalerin,,90,12.7,28.9,,save,left-foot,assisted,sofascore
8738817,855847,Kaj Sierhuis,,86,25.5,37.5,,block,right-foot,free-kick,sofascore
8738817,247445,Renaud Ripart,,84,19.4,27.4,,block,left-foot,assisted,sofascore
8738817,879672,Alexis Flips,,83,35.7,96.0,,miss,right-foot,assisted,sofascore
8738817,879672,Alexis Flips,,80,10.8,77.9,,goal,right-foot,assisted,sofascore
8738817,247445,Renaud Ripart,,77,4.1,43.9,,save,right-foot,regular,sofascore
8738817,316196,Niclas Eliasson,,77,18.2,56.3,,save,left-foot,assisted,sofascore
8738817,796085,Moussa Koné,,71,11.2,48.2,,goal,right-foot,assisted,sofascore
8738817,143871,Loïck Landre,,68,7.5,53.8,,miss,head,corner,sofascore
8738817,822878,Lamine Fomba,,68,20.4,29.5,,save,left-foot,assisted,sofascore
8738817,789984,Dereck Kutesa,,66,20.1,31.0,,save,right-foot,assisted,sofascore
8738817,963399,Nathanaël Mbuku,,65,14.8,42.5,,save,left-foot,regular,sofascore
8738817,789984,Dereck Kutesa,,65,28.9,49.3,,save,right-foot,regular,sofascore
8738817,227892,Arbër Zeneli,,55,17.2,34.9,,block,right-foot,fast-break,sofascore
8738817,606530,Birger Meling,,52,19.9,28.9,,miss,left-foot,assisted,sofascore
8738817,982327,Dion Lopy,,50,15.8,64.5,,miss,right-foot,assisted,sofascore
8738817,343955,Gaëtan Paquiez,,49,22.9,66.4,,miss,left-foot,regular,sofascore
8738817,822878,Lamine Fomba,,49,22.2,62.5,,miss,right-foot,assisted,sofascore
8738817,247445,Renaud Ripart,,47,8.1,55.9,,goal,right-foot,assisted,sofascore
8738817,842400,Zinedine Ferhat,,46,8.0,47.8,,block,right-foot,assisted,sofascore
8738817,796082,Sidy Sarr,,45,8.3,47.2,,block,head,corner,sofascore
8738817,51349,Lucas Deaux,,41,23.2,50.1,,miss,right-foot,assisted,sofascore
8738817,963399,Nathanaël Mbuku,,30,24.5,62.5,,goal,left-foot,assisted,sofascore
8738817,178721,Yunis Abdelhamid,,26,9.8,38.3,,miss,head,set-piece,sofascore
8738817,944142,Yassine Benrahou,,17,14.1,75.2,,block,left-foot,regular,sofascore
8738817,960080,Boulaye Dia,,15,14.4,50.7,,save,right-foot,assisted,sofascore
8738817,796082,Sidy Sarr,,14,26.9,35.9,,miss,left-foot,free-kick,sofascore
8738817,842400,Zinedine Ferhat,,8,15.1,46.8,,save,right-foot,assisted,sofascore
8738817,842400,Zinedine Ferhat,,5,4.7,42.3,,save,right-foot,assisted,sofascore
8738820,1104948,Issouf Sissokho,,90,28.2,53.4,,miss,right-foot,set-piece,sofascore
8738820,960080,Boulaye Dia,,79,24.2,60.6,,block,right-foot,assisted,sofascore
8738820,361696,Wout Faes,,74,7.7,42.5,,miss,head,corner,sofascore
8738820,963300,Amadou Traoré,,70,11.5,64.9,,save,right-foot,assisted,sofascore
8738820,789984,Dereck Kutesa,,67,8.1,65.9,,save,right-foot,assisted,sofascore
8738820,960080,Boulaye Dia,,65,14.8,51.0,,miss,left-foot,regular,sofascore
8738820,804619,Enock Kwateng,,58,5.3,50.3,,goal,head,corner,sofascore
8738820,960080,Boulaye Dia,,57,22.9,34.5,,miss,right-foot,assisted,sofascore
8738820,361696,Wout Faes,,55,5.7,51.3,,block,right-foot,corner,sofascore
8738820,1047931,Tom Lacoux,,49,17.7,44.0,,miss,right-foot,set-piece,sofascore
8738820,798002,Toma Bašić,,49,17.7,54.8,,block,left-foot,set-piece,sofascore
8738820,798002,Toma Bašić,,49,20.9,58.8,,block,left-foot,free-kick,sofascore
8738820,859024,Yacine Adli,,44,12.1,41.0,,goal,right-foot,set-piece,sofascore
8738820,982615,El Bilal Touré,,38,6.9,33.8,,miss,left-foot,regular,sofascore
8738820,963399,Nathanaël Mbuku,,38,14.0,64.7,,save,left-foot,assisted,sofascore
8738820,74045,Nicolas de Préville,,28,16.4,50.4,,save,left-foot,regular,sofascore
8738820,1047931,Tom Lacoux,,26,25.9,70.9,,miss,right-foot,assisted,sofascore
8738820,791314,Hwang Ui-Jo,,26,11.5,68.7,,save,right-foot,assisted,sofascore
8738820,74045,Nicolas de Préville,,17,26.6,49.9,,block,right-foot,assisted,sofascore
8738820,982615,El Bilal Touré,,15,7.0,48.2,,goal,head,assisted,sofascore
8738820,859024,Yacine Adli,,11,10.8,56.9,,block,right-foot,assisted,sofascore
8738820,982615,El Bilal Touré,,10,11.7,47.4,,block,head,assisted,sofascore
8738821,247445,Renaud Ripart,,90,25.5,39.8,,miss,right-foot,regular,sofascore
8738821,247445,Renaud Ripart,,87,11.5,50.0,,save,right-foot,penalty,sofascore
8738821,74139,Romain Hamouma,,82,7.1,46.8,,miss,right-foot,assisted,sofascore
8738821,944142,Yassine Benrahou,,79,32.5,43.3,,miss,left-foot,free-kick,sofascore
8738821,558522,Anthony Briançon,,77,9.3,50.7,,miss,head,set-piece,sofascore
8738821,796085,Moussa Koné,,68,12.0,63.5,,save,right-foot,assisted,sofascore
8738821,760618,Denis Bouanga,,66,27.2,47.2,,goal,right-foot,assisted,sofascore
8738821,916041,Mahdi Camara,,64,9.7,41.6,,block,right-foot,assisted,sofascore
8738821,247445,Renaud Ripart,,62,20.5,43.5,,miss,left-foot,assisted,sofascore
8738821,842400,Zinedine Ferhat,,57,12.2,33.8,,block,right-foot,corner,sofascore
8738821,796085,Moussa Koné,,57,4.8,55.1,,block,head,corner,sofascore
8738821,795128,Harold Moukoudi,,55,4.6,51.1,,post,head,corner,sofascore
8738821,247665,Miguel Trauco,,55,20.5,31.4,,block,left-foot,set-piece,sofascore
8738821,916041,Mahdi Camara,,52,12.2,51.3,,block,right-foot,assisted,sofascore
8738821,869931,Yvan Neyou,,50,25.1,52.2,,miss,right-foot,regular,sofascore
8738821,760618,Denis Bouanga,,50,3.0,32.0,,save,left-foot,assisted,sofascore
8738821,760618,Denis Bouanga,,50,8.3,43.7,,miss,head,assisted,sofascore
8738821,842400,Zinedine Ferhat,,47,22.0,23.3,,save,right-foot,free-kick,sofascore
8738821,247445,Renaud Ripart,,45,7.4,44.7,,block,right-foot,corner,sofascore
8738821,907003,Kelyan Guessoum,,45,12.1,56.2,,miss,left-foot,corner,sofascore
8738821,51349,Lucas Deaux,,45,12.0,64.5,,block,right-foot,corner,sofascore
8738821,941161,Charles Abi,,45,8.1,51.0,,miss,right-foot,corner,sofascore
8738821,796085,Moussa Koné,,45,23.5,57.7,,block,right-foot,assisted,sofascore
8738821,916041,Mahdi Camara,,41,12.8,34.7,,save,right-foot,assisted,sofascore
8738821,842400,Zinedine Ferhat,,39,13.7,42.4,,post,left-foot,assisted,sofascore
8738821,760618,Denis Bouanga,,38,10.1,25.9,,miss,right-foot,set-piece,sofascore
8738821,51640,Wahbi Khazri,,23,20.4,52.4,,goal,right-foot,assisted,sofascore
8738821,760618,Denis Bouanga,,12,12.0,36.1,,miss,right-foot,set-piece,sofascore
8738821,962877,Adil Aouchiche,,9,17.9,53.4,,save,left-foot,assisted,sofascore
8738822,788181,Roli Pereira de Sa,,90,11.8,62.5,,block,right-foot,regular,sofascore
8738822,913942,Romain Faivre,,83,9.3,48.7,,goal,left-foot,regular,sofascore
8738822,927975,Jean Lucas,,83,11.4,41.2,,save,right-foot,assisted,sofascore
8738822,913942,Romain Faivre,,82,26.1,57.3,,block,left-foot,set-piece,sofascore
8738822,913942,Romain Faivre,,82,25.3,56.1,,block,left-foot,free-kick,sofascore
8738822,159701,Kalifa Coulibaly,,79,13.9,43.0,,block,right-foot,assisted,sofascore
8738822,47549,Sébastien Corchia,,78,29.6,60.0,,save,left-foot,assisted,sofascore
8738822,159701,Kalifa Coulibaly,,73,10.4,46.0,,block,left-foot,assisted,sofascore
8738822,806076,Ludovic Blas,,69,7.5,57.3,,block,left-foot,assisted,sofascore
8738822,827519,Romain Perraud,,67,11.1,39.2,,save,right-foot,assisted,sofascore
8738822,913942,Romain Faivre,,66,14.8,48.2,,miss,left-foot,regular,sofascore
8738822,280453,Franck Honorat,,66,5.6,60.0,,save,left-foot,assisted,sofascore
8738822,1047296,Jérémy Le Douaron,,64,12.0,44.1,,save,left-foot,assisted,sofascore
8738822,159701,Kalifa Coulibaly,,62,11.5,50.0,,goal,right-foot,penalty,sofascore
8738822,345035,Steve Mounié,,58,14.9,52.1,,save,head,assisted,sofascore
8738822,605552,Irvin Cardona,,58,3.0,37.6,,save,left-foot,assisted,sofascore
8738822,827519,Romain Perraud,,58,22.5,31.8,,miss,right-foot,assisted,sofascore
8738822,913942,Romain Faivre,,58,14.1,65.4,,block,left-foot,regular,sofascore
8738822,965943,Imrân Louza,,56,9.2,64.1,,goal,left-foot,assisted,sofascore
8738822,927975,Jean Lucas,,53,29.3,58.6,,block,right-foot,regular,sofascore
8738822,44213,Gaëtan Charbonnier,,39,26.0,34.2,,block,right-foot,free-kick,sofascore
8738822,806076,Ludovic Blas,,27,21.4,37.9,,goal,left-foot,assisted,sofascore
8738822,806076,Ludovic Blas,,24,16.2,62.3,,block,left-foot,assisted,sofascore
8738822,861324,Hugo Magnetti,,23,23.9,65.8,,block,right-foot,assisted,sofascore
8738822,827519,Romain Perraud,,16,18.7,28.1,,miss,left-foot,regular,sofascore
8738822,330051,Moses Simon,,15,2.7,43.3,,goal,left-foot,regular,sofascore
8738822,965943,Imrân Louza,,15,19.3,72.8,,save,left-foot,assisted,sofascore
8738822,123164,Dennis Appiah,,9,13.0,41.5,,miss,right-foot,assisted,sofascore
8738823,157143,Moussa Konaté,,90,13.0,31.8,,miss,left-foot,fast-break,sofascore
8738823,1063237,Saïdou Sow,,84,4.8,56.0,,miss,head,corner,sofascore
8738823,962877,Adil Aouchiche,,84,29.9,55.7,,save,right-foot,assisted,sofascore
8738823,1122642,Yanis Lhéry,,82,23.2,63.6,,miss,right-foot,regular,sofascore
8738823,281013,Bersant Celina,,77,23.9,41.3,,miss,right-foot,assisted,sofascore
8738823,157143,Moussa Konaté,,77,11.5,50.0,,post,right-foot,penalty,sofascore
8738823,760618,Denis Bouanga,,69,24.4,72.1,,miss,left-foot,assisted,sofascore
8738823,869931,Yvan Neyou,,68,26.1,35.5,,miss,right-foot,corner,sofascore
8738823,1121465,Erwan Belhadji,,62,20.6,29.8,,block,right-foot,assisted,sofascore
8738823,1048100,Wilitty Younoussa,,57,22.2,54.0,,miss,right-foot,set-piece,sofascore
8738823,760618,Denis Bouanga,,53,15.1,33.7,,block,right-foot,regular,sofascore
8738823,1114408,Jacques Siwe,,51,8.2,53.0,,miss,head,corner,sofascore
8738823,848458,Arnaud Nordin,,48,9.3,46.7,,miss,head,assisted,sofascore
8738823,1048100,Wilitty Younoussa,,42,26.2,54.6,,miss,right-foot,set-piece,sofascore
8738823,603736,Aboubakar Kamara,,39,10.6,38.6,,goal,right-foot,assisted,sofascore
8738823,51640,Wahbi Khazri,,37,17.1,28.7,,block,right-foot,assisted,sofascore
8738823,1012657,Lucas Gourna-Douath,,34,23.9,28.8,,save,right-foot,regular,sofascore
8738823,1063237,Saïdou Sow,,32,10.8,53.4,,save,head,corner,sofascore
8738823,157143,Moussa Konaté,,25,11.0,49.0,,save,head,set-piece,sofascore
8738823,51640,Wahbi Khazri,,20,23.8,63.7,,block,right-foot,assisted,sofascore
8738823,848458,Arnaud Nordin,,17,11.6,46.1,,miss,left-foot,assisted,sofascore
8738823,848458,Arnaud Nordin,,16,9.6,54.6,,block,left-foot,assisted,sofascore
8738823,962877,Adil Aouchiche,,11,12.9,65.4,,miss,right-foot,regular,sofascore
8738823,760618,Denis Bouanga,,10,12.1,56.7,,save,right-foot,assisted,sofascore
8738823,1114408,Jacques Siwe,,9,24.8,66.0,,miss,right-foot,fast-break,sofascore
8738823,760618,Denis Bouanga,,8,21.1,31.8,,save,right-foot,regular,sofascore
8738823,760618,Denis Bouanga,,6,9.5,36.5,,miss,left-foot,regular,sofascore
8738823,962877,Adil Aouchiche,,6,10.4,41.7,,block,right-foot,assisted,sofascore
8738823,51640,Wahbi Khazri,,5,13.2,65.3,,miss,right-foot,assisted,sofascore
8738824,835601,Moise Kean,,89,14.4,46.1,,goal,left-foot,regular,sofascore
8738824,96367,Rafinha Alcântara,,86,19.9,62.7,,miss,left-foot,regular,sofascore
8738824,835601,Moise Kean,,78,21.1,62.0,,block,right-foot,assisted,sofascore
8738824,30027,Ángel Di María,,74,6.2,26.5,,miss,left-foot,regular,sofascore
8738824,826643,Kylian Mbappé,,69,12.0,60.4,,save,right-foot,assisted,sofascore
8738824,155995,Marquinhos,,68,4.4,53.2,,goal,head,corner,sofascore
8738824,826643,Kylian Mbappé,,67,12.5,56.0,,save,right-foot,assisted,sofascore
8738824,82474,Ander Herrera,,65,20.5,35.8,,miss,right-foot,assisted,sofascore
8738824,124712,Neymar,,62,1.0,41.0,,save,head,assisted,sofascore
8738824,30027,Ángel Di María,,59,9.5,62.7,,save,left-foot,assisted,sofascore
8738824,82474,Ander Herrera,,58,25.2,47.5,,post,right-foot,assisted,sofascore
8738824,157029,Xavier Chavalerin,,57,29.2,33.2,,block,left-foot,set-piece,sofascore
8738824,826643,Kylian Mbappé,,53,12.1,45.4,,miss,right-foot,assisted,sofascore
8738824,124712,Neymar,,53,18.7,31.9,,block,left-foot,assisted,sofascore
8738824,826643,Kylian Mbappé,,50,3.3,41.0,,miss,right-foot,assisted,sofascore
8738824,124712,Neymar,,48,11.9,62.7,,block,right-foot,assisted,sofascore
8738824,826643,Kylian Mbappé,,41,10.5,45.2,,miss,left-foot,assisted,sofascore
8738824,30027,Ángel Di María,,38,23.4,50.4,,block,left-foot,regular,sofascore
8738824,826643,Kylian Mbappé,,36,20.2,29.5,,save,right-foot,assisted,sofascore
8738824,30027,Ángel Di María,,35,15.5,57.3,,block,left-foot,assisted,sofascore
8738824,30027,Ángel Di María,,29,16.1,68.1,,block,left-foot,assisted,sofascore
8738824,960080,Boulaye Dia,,28,2.9,69.6,,miss,right-foot,assisted,sofascore
8738824,142680,Julian Draxler,,28,15.1,37.3,,miss,left-foot,assisted,sofascore
8738824,826643,Kylian Mbappé,,24,8.8,44.8,,goal,right-foot,regular,sofascore
8738824,826643,Kylian Mbappé,,21,23.2,32.6,,miss,right-foot,assisted,sofascore
8738824,30027,Ángel Di María,,20,24.7,31.7,,block,left-foot,assisted,sofascore
8738824,124712,Neymar,,13,11.5,50.0,,goal,right-foot,penalty,sofascore
8738824,826643,Kylian Mbappé,,10,5.5,66.2,,block,right-foot,assisted,sofascore
8738824,30027,Ángel Di María,,7,16.9,28.0,,miss,left-foot,assisted,sofascore
8738824,826643,Kylian Mbappé,,4,4.9,34.4,,miss,left-foot,assisted,sofascore
8738825,119192,Wissam Ben Yedder,,89,11.5,50.0,,goal,right-foot,penalty,sofascore
8738825,119192,Wissam Ben Yedder,,86,21.6,66.2,,block,right-foot,set-piece,sofascore
8738825,156009,Victorien Angban,,80,29.3,33.4,,miss,right-foot,assisted,sofascore
8738825,119192,Wissam Ben Yedder,,77,12.7,46.8,,goal,right-foot,assisted,sofascore
8738825,913191,Vagner Dias,,64,15.4,43.9,,block,right-foot,regular,sofascore
8738825,318963,Aleksandr Golovin,,55,14.2,63.3,,block,left-foot,regular,sofascore
8738825,117373,Kevin Volland,,52,10.3,37.9,,goal,left-foot,assisted,sofascore
8738825,318963,Aleksandr Golovin,,52,10.0,66.0,,save,left-foot,assisted,sofascore
8738825,518,Cesc Fàbregas,,50,11.5,50.0,,goal,right-foot,penalty,sofascore
8738825,1002711,Pape Matar Sarr,,45,15.9,37.1,,miss,left-foot,corner,sofascore
8738825,991359,Papa Ndiaga Yade,,45,15.2,58.5,,block,left-foot,fast-break,sofascore
8738825,229722,Farid Boulaya,,42,21.7,66.7,,miss,right-foot,free-kick,sofascore
8738825,1046147,Lamine Gueye,,41,13.0,44.1,,save,left-foot,assisted,sofascore
8738825,945062,Youssouf Fofana,,38,28.4,40.7,,block,left-foot,assisted,sofascore
8738825,117373,Kevin Volland,,33,5.4,53.7,,post,head,assisted,sofascore
8738825,117373,Kevin Volland,,23,21.8,36.9,,miss,left-foot,assisted,sofascore
8738825,37126,Stevan Jovetić,,22,12.4,42.5,,block,head,corner,sofascore
8738825,37126,Stevan Jovetić,,18,11.0,31.0,,miss,left-foot,set-piece,sofascore
8738825,37126,Stevan Jovetić,,13,23.4,51.3,,save,right-foot,assisted,sofascore
8738825,945062,Youssouf Fofana,,7,17.0,43.7,,miss,left-foot,corner,sofascore
8738825,37126,Stevan Jovetić,,7,12.2,40.0,,miss,right-foot,corner,sofascore
8738826,844480,Pol Lirola,,90,10.4,63.3,,block,left-foot,regular,sofascore
8738826,150212,Álvaro González,,79,5.0,35.1,,goal,head,set-piece,sofascore
8738826,937741,Senou Coulibaly,,75,10.4,63.3,,block,head,assisted,sofascore
8738826,150212,Álvaro González,,65,11.6,43.0,,miss,head,set-piece,sofascore
8738826,928236,Leonardo Balerdi,,62,8.1,54.8,,block,head,corner,sofascore
8738826,14216,Dimitri Payet,,60,14.4,57.5,,save,right-foot,assisted,sofascore
8738826,879694,Pape Gueye,,58,22.8,70.5,,miss,left-foot,assisted,sofascore
8738826,148824,Florian Thauvin,,58,18.8,66.6,,block,left-foot,assisted,sofascore
8738826,14216,Dimitri Payet,,54,12.2,51.8,,miss,left-foot,assisted,sofascore
8738826,148824,Florian Thauvin,,52,20.2,39.2,,miss,left-foot,assisted,sofascore
8738826,880525,Ngonda Muzinga,,49,27.6,41.5,,miss,left-foot,set-piece,sofascore
8738826,928236,Leonardo Balerdi,,45,7.3,56.6,,goal,head,corner,sofascore
8738826,161325,Arkadiusz Milik,,37,6.0,41.2,,block,head,corner,sofascore
8738826,161325,Arkadiusz Milik,,30,24.2,58.8,,miss,left-foot,assisted,sofascore
8738826,844480,Pol Lirola,,27,9.3,60.8,,miss,head,assisted,sofascore
8738826,122815,Wesley Lautoa,,18,12.3,60.6,,save,head,corner,sofascore
8738826,157143,Moussa Konaté,,17,10.4,34.9,,block,right-foot,assisted,sofascore
8738826,14216,Dimitri Payet,,13,26.1,46.2,,miss,left-foot,assisted,sofascore
8738826,148824,Florian Thauvin,,9,20.4,35.5,,block,left-foot,assisted,sofascore
8738826,14216,Dimitri Payet,,5,29.7,41.0,,block,right-foot,assisted,sofascore
8738827,546416,Andrés Cubas,,90,22.8,62.5,,miss,right-foot,corner,sofascore
8738827,801287,Faitout Maouassa,,80,12.3,46.9,,block,left-foot,assisted,sofascore
8738827,324399,Benjamin Bourigeaud,,69,14.5,60.5,,save,left-foot,regular,sofascore
8738827,801287,Faitout Maouassa,,68,22.4,34.3,,save,right-foot,assisted,sofascore
8738827,881952,Matteo Ahlinvi,,66,19.2,29.3,,miss,left-foot,assisted,sofascore
8738827,324399,Benjamin Bourigeaud,,51,20.4,34.0,,goal,right-foot,regular,sofascore
8738827,324399,Benjamin Bourigeaud,,49,5.4,10.4,,save,right-foot,free-kick,sofascore
8738827,316196,Niclas Eliasson,,45,17.1,62.0,,miss,left-foot,fast-break,sofascore
8738827,796085,Moussa Koné,,45,23.2,60.0,,save,right-foot,fast-break,sofascore
8738827,973887,Eduardo Camavinga,,42,10.4,46.8,,miss,head,assisted,sofascore
8738827,328027,Serhou Guirassy,,40,9.3,33.2,,save,left-foot,assisted,sofascore
8738827,846445,Martin Terrier,,30,24.9,57.6,,miss,right-foot,assisted,sofascore
8738827,328027,Serhou Guirassy,,25,3.0,54.2,,goal,head,assisted,sofascore
8738827,901470,Gerzino Nyamsi,,23,7.5,42.4,,miss,head,corner,sofascore
8738827,881952,Matteo Ahlinvi,,22,11.0,38.6,,save,right-foot,regular,sofascore
8738827,324399,Benjamin Bourigeaud,,19,28.3,34.0,,miss,right-foot,assisted,sofascore
8738827,796085,Moussa Koné,,14,15.3,58.8,,miss,right-foot,regular,sofascore
8738827,796085,Moussa Koné,,13,41.7,42.3,,miss,right-foot,assisted,sofascore
8738827,143871,Loïck Landre,,9,13.7,47.8,,miss,right-foot,corner,sofascore
8738827,324399,Benjamin Bourigeaud,,3,30.4,39.1,,block,right-foot,free-kick,sofascore
8738827,846439,Patrick Burner,,1,29.8,69.9,,miss,right-foot,assisted,sofascore
8738828,345035,Steve Mounié,,90,5.1,41.9,,block,head,assisted,sofascore
8738828,280453,Franck Honorat,,80,15.4,74.1,,save,right-foot,assisted,sofascore
8738828,280453,Franck Honorat,,77,11.8,59.1,,miss,head,assisted,sofascore
8738828,51471,Julien Faussurier,,76,2.1,57.5,,save,left-foot,regular,sofascore
8738828,861324,Hugo Magnetti,,75,10.4,67.6,,block,right-foot,assisted,sofascore
8738828,51471,Julien Faussurier,,71,15.7,64.5,,save,right-foot,regular,sofascore
8738828,38688,Damien Le Tallec,,64,8.3,58.5,,save,right-foot,corner,sofascore
8738828,605338,Stephy Mavididi,,62,8.4,64.6,,save,right-foot,assisted,sofascore
8738828,913942,Romain Faivre,,61,7.2,65.7,,miss,left-foot,assisted,sofascore
8738828,345035,Steve Mounié,,60,7.3,54.0,,block,right-foot,assisted,sofascore
8738828,280453,Franck Honorat,,59,11.2,64.7,,save,right-foot,assisted,sofascore
8738828,861324,Hugo Magnetti,,58,28.5,41.0,,miss,right-foot,assisted,sofascore
8738828,827519,Romain Perraud,,58,15.4,28.3,,block,right-foot,assisted,sofascore
8738828,328035,Brendan Chardonnet,,56,17.5,53.6,,post,right-foot,regular,sofascore
8738828,328035,Brendan Chardonnet,,55,7.1,49.3,,miss,head,corner,sofascore
8738828,913942,Romain Faivre,,54,7.1,31.0,,save,left-foot,assisted,sofascore
8738828,84744,Andy Delort,,52,27.2,39.4,,miss,right-foot,regular,sofascore
8738828,345035,Steve Mounié,,45,10.7,51.8,,miss,head,assisted,sofascore
8738828,280453,Franck Honorat,,45,27.6,37.1,,save,right-foot,assisted,sofascore
8738828,827519,Romain Perraud,,41,17.6,54.2,,block,left-foot,free-kick,sofascore
8738828,234230,Florent Mollet,,34,25.9,24.0,,miss,right-foot,assisted,sofascore
8738828,345035,Steve Mounié,,30,7.1,46.9,,save,head,assisted,sofascore
8738828,861324,Hugo Magnetti,,11,16.5,66.0,,miss,right-foot,assisted,sofascore
8738828,345035,Steve Mounié,,8,8.0,57.2,,miss,head,assisted,sofascore
8738828,345035,Steve Mounié,,3,13.4,31.9,,save,head,assisted,sofascore
8738829,805123,Yoane Wissa,,90,10.0,34.7,,block,left-foot,assisted,sofascore
8738829,932643,Armand Laurienté,,87,34.9,28.3,,goal,right-foot,free-kick,sofascore
8738829,149732,Abdoulaye Touré,,81,28.9,56.1,,miss,right-foot,assisted,sofascore
8738829,805123,Yoane Wissa,,80,12.8,59.4,,block,right-foot,regular,sofascore
8738829,191204,Jean-Charles Castelletto,,75,8.2,52.2,,miss,head,corner,sofascore
8738829,330051,Moses Simon,,74,3.5,68.0,,save,left-foot,assisted,sofascore
8738829,805123,Yoane Wissa,,68,30.8,48.5,,save,right-foot,assisted,sofascore
8738829,932643,Armand Laurienté,,66,22.6,43.5,,block,right-foot,assisted,sofascore
8738829,826134,Trevoh Chalobah,,59,7.7,61.4,,miss,right-foot,corner,sofascore
8738829,806076,Ludovic Blas,,56,22.1,53.2,,miss,right-foot,regular,sofascore
8738829,894396,Terem Moffi,,49,16.0,64.3,,miss,left-foot,assisted,sofascore
8738829,805123,Yoane Wissa,,39,12.7,41.2,,miss,right-foot,assisted,sofascore
8738829,932643,Armand Laurienté,,31,31.9,53.4,,save,right-foot,free-kick,sofascore
8738829,296434,Laurent Abergel,,30,26.6,63.3,,miss,right-foot,corner,sofascore
8738829,894396,Terem Moffi,,29,13.2,49.9,,block,left-foot,regular,sofascore
8738829,932643,Armand Laurienté,,29,14.8,65.1,,block,right-foot,assisted,sofascore
8738829,149732,Abdoulaye Touré,,21,11.8,46.6,,block,right-foot,corner,sofascore
8738829,827934,Andreaw Gravillon,,17,24.4,68.6,,miss,right-foot,assisted,sofascore
8738829,106496,Nicolas Pallois,,15,4.8,60.4,,miss,head,set-piece,sofascore
8738829,932643,Armand Laurienté,,7,22.9,70.0,,block,right-foot,assisted,sofascore
8738829,330051,Moses Simon,,5,9.1,51.9,,save,right-foot,assisted,sofascore
8738829,826134,Trevoh Chalobah,,4,13.0,51.3,,miss,right-foot,corner,sofascore
8738829,871706,Randal Kolo Muani,,2,4.8,53.2,,goal,right-foot,assisted,sofascore
8738830,153220,Stéphane Bahoken,,89,15.1,34.5,,save,left-foot,regular,sofascore
8738830,363774,Mihailo Ristić,,86,11.5,22.5,,miss,left-foot,regular,sofascore
8738830,51371,Vincent Manceau,,83,18.8,72.6,,save,left-foot,assisted,sofascore
8738830,787540,Angelo Fulgini,,83,10.7,36.5,,block,right-foot,assisted,sofascore
8738830,234230,Florent Mollet,,81,5.1,67.4,,miss,right-foot,assisted,sofascore
8738830,149730,Gaëtan Laborde,,80,9.0,64.3,,miss,right-foot,assisted,sofascore
8738830,605338,Stephy Mavididi,,77,8.3,45.6,,save,head,assisted,sofascore
8738830,757730,Antonin Bobichon,,76,23.2,31.8,,miss,right-foot,free-kick,sofascore
8738830,153220,Stéphane Bahoken,,72,10.4,43.9,,goal,left-foot,regular,sofascore
8738830,84744,Andy Delort,,72,13.2,38.0,,miss,right-foot,fast-break,sofascore
8738830,787540,Angelo Fulgini,,70,10.0,53.7,,miss,head,assisted,sofascore
8738830,84744,Andy Delort,,68,12.5,45.8,,save,left-foot,fast-break,sofascore
8738830,787540,Angelo Fulgini,,60,14.7,36.9,,block,right-foot,assisted,sofascore
8738830,787540,Angelo Fulgini,,58,19.7,28.3,,miss,right-foot,assisted,sofascore
8738830,605338,Stephy Mavididi,,47,5.2,46.8,,goal,head,regular,sofascore
8738830,757730,Antonin Bobichon,,37,12.4,61.0,,miss,right-foot,assisted,sofascore
8738830,257421,Ibrahim Amadou,,31,19.8,59.0,,save,right-foot,assisted,sofascore
8738830,84744,Andy Delort,,29,32.3,53.6,,miss,right-foot,assisted,sofascore
8738830,757730,Antonin Bobichon,,26,22.9,51.1,,block,right-foot,regular,sofascore
8738830,257421,Ibrahim Amadou,,23,10.0,41.9,,miss,left-foot,assisted,sofascore
8738830,14142,Thomas Mangani,,22,27.6,52.6,,block,left-foot,assisted,sofascore
8738830,209768,Pierrick Capelle,,13,11.1,73.2,,block,left-foot,assisted,sofascore
8738831,156303,Jérôme Hergault,,74,7.8,62.9,,goal,right-foot,assisted,sofascore
8738831,982613,Boubacar Traoré,,72,29.5,30.1,,goal,right-foot,assisted,sofascore
8738831,984014,Enzo Le Fée,,70,13.8,59.8,,miss,right-foot,assisted,sofascore
8738831,845271,Dylan Bronn,,68,42.8,75.0,,miss,right-foot,free-kick,sofascore
8738831,805123,Yoane Wissa,,63,27.0,60.8,,block,left-foot,assisted,sofascore
8738831,1002711,Pape Matar Sarr,,53,29.8,64.1,,block,right-foot,free-kick,sofascore
8738831,894396,Terem Moffi,,51,14.0,66.7,,block,right-foot,assisted,sofascore
8738831,894396,Terem Moffi,,44,7.1,48.5,,miss,head,corner,sofascore
8738831,805123,Yoane Wissa,,31,11.5,50.0,,goal,right-foot,penalty,sofascore
8738832,925837,Mehdi Zerkane,,90,12.8,64.5,,goal,left-foot,fast-break,sofascore
8738832,111803,Youssouf Sabaly,,89,13.4,53.0,,goal,right-foot,assisted,sofascore
8738832,890329,Ignatius Kpene Ganago,,87,2.7,55.3,,block,right-foot,assisted,sofascore
8738832,1006489,Loïc Badé,,86,6.5,52.6,,miss,head,corner,sofascore
8738832,46387,Gaël Kakuta,,78,30.9,47.9,,miss,left-foot,assisted,sofascore
8738832,798002,Toma Bašić,,73,12.7,50.3,,miss,head,fast-break,sofascore
8738832,890329,Ignatius Kpene Ganago,,72,9.7,65.8,,block,right-foot,assisted,sofascore
8738832,954061,Arnaud Kalimuendo,,72,22.5,26.4,,save,right-foot,assisted,sofascore
8738832,191178,Corentin Jean,,71,3.0,60.2,,block,right-foot,assisted,sofascore
8738832,798002,Toma Bašić,,70,25.4,63.3,,miss,left-foot,assisted,sofascore
8738832,791314,Hwang Ui-Jo,,65,15.6,31.9,,block,right-foot,assisted,sofascore
8738832,859024,Yacine Adli,,63,5.0,65.2,,save,right-foot,assisted,sofascore
8738832,191178,Corentin Jean,,63,15.8,53.0,,save,left-foot,regular,sofascore
8738832,74045,Nicolas de Préville,,62,15.5,49.1,,miss,left-foot,fast-break,sofascore
8738832,191188,Seko Fofana,,61,14.2,42.1,,save,right-foot,assisted,sofascore
8738832,791314,Hwang Ui-Jo,,59,7.5,54.6,,miss,head,set-piece,sofascore
8738832,74045,Nicolas de Préville,,48,12.4,36.1,,miss,left-foot,assisted,sofascore
8738832,906047,Cheick Doucouré,,40,23.5,56.9,,miss,right-foot,regular,sofascore
8738832,791314,Hwang Ui-Jo,,36,10.0,33.7,,block,left-foot,assisted,sofascore
8738832,890329,Ignatius Kpene Ganago,,35,4.2,46.9,,miss,head,assisted,sofascore
8738832,791314,Hwang Ui-Jo,,32,11.5,50.0,,goal,right-foot,penalty,sofascore
8738832,890329,Ignatius Kpene Ganago,,23,4.3,61.8,,save,right-foot,assisted,sofascore
8738832,825945,Simon Banza,,20,12.7,39.0,,miss,head,assisted,sofascore
8738832,890329,Ignatius Kpene Ganago,,9,11.5,46.0,,block,head,regular,sofascore
8738832,191188,Seko Fofana,,5,15.0,35.7,,block,right-foot,set-piece,sofascore
8738833,871706,Randal Kolo Muani,,90,2.6,56.3,,goal,right-foot,assisted,sofascore
8738833,806076,Ludovic Blas,,90,13.4,44.5,,goal,left-foot,assisted,sofascore
8738833,47549,Sébastien Corchia,,90,24.8,26.8,,miss,right-foot,free-kick,sofascore
8738833,806076,Ludovic Blas,,86,18.1,50.1,,miss,left-foot,regular,sofascore
8738833,965943,Imrân Louza,,86,15.0,38.0,,block,left-foot,assisted,sofascore
8738833,557166,Mama Baldé,,77,5.2,54.2,,block,right-foot,regular,sofascore
8738833,845274,Mounir Chouiar,,76,13.1,34.4,,miss,right-foot,regular,sofascore
8738833,557166,Mama Baldé,,76,3.4,66.0,,save,right-foot,assisted,sofascore
8738833,871706,Randal Kolo Muani,,69,9.2,56.6,,miss,right-foot,assisted,sofascore
8738833,904994,Eric Ebimbe,,52,12.5,48.0,,miss,right-foot,corner,sofascore
8738833,1114408,Jacques Siwe,,51,12.4,69.3,,block,right-foot,assisted,sofascore
8738833,880525,Ngonda Muzinga,,49,11.1,31.1,,block,left-foot,assisted,sofascore
8738833,845274,Mounir Chouiar,,44,14.6,38.5,,block,left-foot,assisted,sofascore
8738833,106496,Nicolas Pallois,,44,5.6,45.4,,miss,head,set-piece,sofascore
8738833,845274,Mounir Chouiar,,41,17.8,53.6,,miss,right-foot,regular,sofascore
8738833,157143,Moussa Konaté,,41,18.8,63.7,,block,right-foot,assisted,sofascore
8738833,330051,Moses Simon,,36,21.2,40.2,,miss,right-foot,assisted,sofascore
8738833,871706,Randal Kolo Muani,,32,15.0,37.0,,goal,right-foot,regular,sofascore
8738833,806076,Ludovic Blas,,31,19.7,64.2,,miss,left-foot,corner,sofascore
8738833,806076,Ludovic Blas,,28,15.3,59.9,,miss,left-foot,set-piece,sofascore
8738833,157143,Moussa Konaté,,23,8.5,35.9,,miss,head,assisted,sofascore
8738833,871706,Randal Kolo Muani,,20,16.3,51.9,,block,right-foot,corner,sofascore
8738833,965943,Imrân Louza,,15,21.5,61.6,,block,left-foot,corner,sofascore
8738833,330051,Moses Simon,,15,9.0,41.9,,miss,head,corner,sofascore
8738833,806076,Ludovic Blas,,11,15.7,62.7,,miss,left-foot,assisted,sofascore
8738833,159701,Kalifa Coulibaly,,6,6.7,45.8,,goal,head,corner,sofascore
8738834,798002,Toma Bašić,,90,11.9,86.7,,save,left-foot,free-kick,sofascore
8738834,859024,Yacine Adli,,85,12.2,74.0,,miss,right-foot,regular,sofascore
8738834,846471,Anthony Caci,,83,15.8,59.0,,miss,right-foot,fast-break,sofascore
8738834,231946,Adrien Thomasson,,74,10.9,34.6,,block,left-foot,assisted,sofascore
8738834,802159,Habibou Diallo,,66,5.5,51.7,,miss,head,corner,sofascore
8738834,74045,Nicolas de Préville,,61,2.4,63.6,,miss,head,corner,sofascore
8738834,791314,Hwang Ui-Jo,,55,9.9,31.0,,save,right-foot,assisted,sofascore
8738834,842709,Rémi Oudin,,54,21.0,25.3,,miss,left-foot,assisted,sofascore
8738834,343971,Ludovic Ajorque,,53,5.0,50.7,,miss,head,corner,sofascore
8738834,859024,Yacine Adli,,51,18.5,65.5,,miss,right-foot,assisted,sofascore
8738834,791314,Hwang Ui-Jo,,45,11.5,50.0,,goal,right-foot,penalty,sofascore
8738834,791314,Hwang Ui-Jo,,43,18.5,19.6,,miss,right-foot,assisted,sofascore
8738834,231946,Adrien Thomasson,,42,14.8,32.6,,block,left-foot,fast-break,sofascore
8738834,231946,Adrien Thomasson,,40,14.8,57.7,,save,left-foot,throw-in-set-piece,sofascore
8738834,16508,Paul Baysse,,36,3.5,46.3,,goal,head,corner,sofascore
8738834,343971,Ludovic Ajorque,,30,11.5,50.0,,goal,left-foot,penalty,sofascore
8738834,859024,Yacine Adli,,25,21.8,58.2,,save,right-foot,assisted,sofascore
8738834,802159,Habibou Diallo,,21,7.0,44.6,,goal,head,assisted,sofascore
8738834,343971,Ludovic Ajorque,,21,14.8,58.5,,block,left-foot,assisted,sofascore
8738834,343971,Ludovic Ajorque,,18,24.4,66.6,,save,left-foot,assisted,sofascore
8738834,74045,Nicolas de Préville,,16,3.9,35.8,,block,head,corner,sofascore
8738834,791314,Hwang Ui-Jo,,10,9.8,37.1,,save,right-foot,assisted,sofascore
8738834,111803,Youssouf Sabaly,,7,10.8,66.5,,miss,right-foot,assisted,sofascore
8738834,51444,Lamine Koné,,6,4.7,47.8,,goal,head,corner,sofascore
8738834,111803,Youssouf Sabaly,,4,18.5,74.6,,block,left-foot,assisted,sofascore
8738834,365358,Dimitri Liénard,,2,31.6,41.2,,miss,left-foot,regular,sofascore
8738835,906047,Cheick Doucouré,,90,27.1,45.0,,block,right-foot,assisted,sofascore
8738835,839981,Lucas Paquetá,,90,25.2,49.1,,miss,left-foot,assisted,sofascore
8738835,191188,Seko Fofana,,86,4.9,30.4,,miss,left-foot,assisted,sofascore
8738835,839981,Lucas Paquetá,,81,10.7,56.4,,goal,left-foot,regular,sofascore
8738835,979128,Rayan Cherki,,81,21.9,62.7,,block,right-foot,assisted,sofascore
8738835,191188,Seko Fofana,,79,25.2,47.8,,save,right-foot,assisted,sofascore
8738835,810535,Tino Kadewere,,74,14.0,34.2,,miss,right-foot,regular,sofascore
8738835,810535,Tino Kadewere,,70,12.8,53.6,,miss,right-foot,regular,sofascore
8738835,842931,Karl Toko Ekambi,,68,15.1,62.1,,miss,right-foot,assisted,sofascore
8738835,821728,Jonathan Clauss,,65,10.3,66.6,,goal,right-foot,assisted,sofascore
8738835,138833,Memphis Depay,,64,15.7,55.1,,save,right-foot,regular,sofascore
8738835,810535,Tino Kadewere,,63,15.5,47.0,,save,right-foot,fast-break,sofascore
8738835,842931,Karl Toko Ekambi,,56,13.5,61.2,,save,right-foot,assisted,sofascore
8738835,842931,Karl Toko Ekambi,,50,4.8,38.0,,miss,head,corner,sofascore
8738835,138833,Memphis Depay,,47,9.8,54.6,,save,right-foot,assisted,sofascore
8738835,191188,Seko Fofana,,46,10.0,44.7,,save,left-foot,assisted,sofascore
8738835,138833,Memphis Depay,,45,4.0,41.0,,block,left-foot,regular,sofascore
8738835,138833,Memphis Depay,,44,10.1,74.0,,miss,right-foot,assisted,sofascore
8738835,821728,Jonathan Clauss,,39,14.1,70.7,,save,right-foot,assisted,sofascore
8738835,839981,Lucas Paquetá,,37,15.5,49.3,,miss,left-foot,assisted,sofascore
8738835,906047,Cheick Doucouré,,34,24.8,45.4,,miss,right-foot,assisted,sofascore
8738835,821728,Jonathan Clauss,,27,26.5,70.3,,miss,left-foot,assisted,sofascore
8738835,788921,Florian Sotoca,,20,18.7,45.5,,miss,right-foot,assisted,sofascore
8738835,329303,Thiago Mendes,,13,18.5,71.5,,block,left-foot,assisted,sofascore
8738836,18864,Burak Yılmaz,,90,14.2,54.4,,block,right-foot,regular,sofascore
8738836,897594,Domagoj Bradarić,,90,20.9,33.7,,miss,left-foot,set-piece,sofascore
8738836,827804,Yusuf Yazıcı,,90,18.4,83.1,,save,left-foot,free-kick,sofascore
8738836,910046,Sven Botman,,86,9.8,47.0,,block,head,set-piece,sofascore
8738836,910046,Sven Botman,,80,14.2,40.2,,save,head,assisted,sofascore
8738836,27622,José Fonte,,79,30.7,67.2,,block,right-foot,regular,sofascore
8738836,802142,Jonathan Ikoné,,79,18.7,46.0,,block,left-foot,assisted,sofascore
8738836,318967,Renato Sanches,,77,25.3,31.1,,miss,right-foot,assisted,sofascore
8738836,760618,Denis Bouanga,,73,11.2,26.0,,block,right-foot,assisted,sofascore
8738836,869931,Yvan Neyou,,63,29.0,32.5,,miss,right-foot,assisted,sofascore
8738836,887581,Boubakary Soumaré,,59,26.1,42.5,,save,right-foot,regular,sofascore
8738836,27622,José Fonte,,49,10.9,55.1,,miss,head,corner,sofascore
8738836,916041,Mahdi Camara,,48,12.7,57.5,,block,right-foot,regular,sofascore
8738836,760618,Denis Bouanga,,43,7.6,36.3,,miss,right-foot,assisted,sofascore
8738836,18864,Burak Yılmaz,,41,21.9,15.2,,miss,right-foot,free-kick,sofascore
8738836,840451,Luiz Araújo,,36,12.5,53.4,,miss,right-foot,fast-break,sofascore
8738836,595576,Jonathan Bamba,,35,26.2,28.9,,block,right-foot,assisted,sofascore
8738836,869931,Yvan Neyou,,20,14.7,55.4,,block,right-foot,corner,sofascore
8738836,893008,Zeki Çelik,,17,22.9,65.3,,miss,right-foot,assisted,sofascore
8738836,51640,Wahbi Khazri,,11,14.8,75.9,,miss,right-foot,corner,sofascore
8738836,760618,Denis Bouanga,,9,7.9,31.2,,save,left-foot,assisted,sofascore
8738836,51640,Wahbi Khazri,,3,24.4,43.3,,block,right-foot,assisted,sofascore
8738837,159701,Kalifa Coulibaly,,89,10.1,46.6,,miss,head,corner,sofascore
8738837,788181,Roli Pereira de Sa,,89,24.8,58.1,,block,left-foot,assisted,sofascore
8738837,938270,Abdoul Kader Bamba,,88,6.8,26.4,,miss,left-foot,assisted,sofascore
8738837,806076,Ludovic Blas,,86,20.8,63.9,,save,left-foot,assisted,sofascore
8738837,106496,Nicolas Pallois,,83,17.8,53.9,,miss,left-foot,regular,sofascore
8738837,816115,Charles Traoré,,78,3.3,29.1,,save,left-foot,regular,sofascore
8738837,794836,Andrei Girotto,,76,27.6,63.0,,save,right-foot,assisted,sofascore
8738837,106496,Nicolas Pallois,,74,6.0,32.0,,save,left-foot,set-piece,sofascore
8738837,799216,Pedro Chirivella,,65,24.8,49.9,,miss,right-foot,assisted,sofascore
8738837,190147,Rony Lopes,,64,4.9,31.5,,block,left-foot,assisted,sofascore
8738837,149732,Abdoulaye Touré,,60,18.9,39.4,,miss,left-foot,assisted,sofascore
8738837,851262,Myziane Maolida,,56,12.1,71.5,,miss,right-foot,assisted,sofascore
8738837,47549,Sébastien Corchia,,53,7.2,71.2,,miss,right-foot,assisted,sofascore
8738837,330051,Moses Simon,,53,18.9,33.6,,block,right-foot,assisted,sofascore
8738837,806076,Ludovic Blas,,51,24.6,57.7,,block,left-foot,assisted,sofascore
8738837,851262,Myziane Maolida,,49,9.0,76.0,,miss,right-foot,assisted,sofascore
8738837,801306,Pierre Lees Melou,,48,21.6,61.4,,post,left-foot,assisted,sofascore
8738837,149732,Abdoulaye Touré,,45,19.2,58.8,,miss,right-foot,regular,sofascore
8738837,351434,Hassane Kamara,,40,27.5,30.7,,block,left-foot,assisted,sofascore
8738837,801306,Pierre Lees Melou,,40,19.8,35.4,,save,right-foot,assisted,sofascore
8738837,795761,Kasper Dolberg,,36,9.7,40.0,,save,right-foot,regular,sofascore
8738837,965943,Imrân Louza,,33,15.2,53.0,,miss,right-foot,assisted,sofascore
8738837,149732,Abdoulaye Touré,,32,2.1,47.5,,goal,left-foot,corner,sofascore
8738837,795761,Kasper Dolberg,,29,4.3,34.2,,goal,right-foot,regular,sofascore
8738837,904832,Khéphren Thuram,,29,25.8,43.9,,save,right-foot,regular,sofascore
8738837,795761,Kasper Dolberg,,26,7.6,45.7,,save,right-foot,corner,sofascore
8738837,851262,Myziane Maolida,,24,12.8,33.4,,block,right-foot,corner,sofascore
8738837,801306,Pierre Lees Melou,,24,17.6,55.8,,miss,right-foot,corner,sofascore
8738837,795761,Kasper Dolberg,,23,9.5,49.0,,save,right-foot,fast-break,sofascore
8738837,149732,Abdoulaye Touré,,23,23.2,55.2,,save,right-foot,assisted,sofascore
8738837,806076,Ludovic Blas,,17,30.8,54.3,,block,left-foot,assisted,sofascore
8738837,795761,Kasper Dolberg,,11,11.5,49.9,,goal,right-foot,penalty,sofascore
8738837,351434,Hassane Kamara,,7,18.8,48.4,,save,left-foot,assisted,sofascore
8738837,351434,Hassane Kamara,,7,25.6,43.1,,block,right-foot,regular,sofascore
8738837,351434,Hassane Kamara,,5,11.9,37.5,,block,left-foot,assisted,sofascore
8738838,822877,Alexis Claude-Maurice,,90,1.1,42.9,,goal,right-foot,regular,sofascore
8738838,822877,Alexis Claude-Maurice,,90,10.4,43.3,,save,left-foot,regular,sofascore
8738838,795761,Kasper Dolberg,,90,21.3,47.6,,post,right-foot,assisted,sofascore
8738838,48335,Hiroki Sakai,,89,4.5,55.2,,miss,head,corner,sofascore
8738838,904832,Khéphren Thuram,,84,14.4,51.5,,miss,head,assisted,sofascore
8738838,822877,Alexis Claude-Maurice,,84,10.4,37.7,,save,right-foot,assisted,sofascore
8738838,901885,Flavius Daniliuc,,84,11.4,36.5,,block,left-foot,corner,sofascore
8738838,822877,Alexis Claude-Maurice,,83,9.5,45.2,,block,right-foot,assisted,sofascore
8738838,859026,Amine Gouiri,,74,9.3,63.9,,goal,right-foot,regular,sofascore
8738838,901885,Flavius Daniliuc,,73,23.5,27.0,,miss,right-foot,regular,sofascore
8738838,795761,Kasper Dolberg,,58,7.3,45.2,,miss,right-foot,assisted,sofascore
8738838,851262,Myziane Maolida,,48,14.0,46.0,,miss,right-foot,fast-break,sofascore
8738838,977679,Luís Henrique,,48,19.5,40.4,,block,right-foot,corner,sofascore
8738838,148824,Florian Thauvin,,45,19.3,52.7,,block,left-foot,assisted,sofascore
8738838,161325,Arkadiusz Milik,,43,19.7,49.7,,save,left-foot,assisted,sofascore
8738838,14216,Dimitri Payet,,41,14.1,53.2,,miss,right-foot,regular,sofascore
8738838,27009,Morgan Schneiderlin,,36,11.2,46.8,,miss,head,corner,sofascore
8738838,904832,Khéphren Thuram,,34,7.6,47.8,,goal,head,assisted,sofascore
8738838,148824,Florian Thauvin,,28,25.9,46.4,,save,left-foot,assisted,sofascore
8738838,859026,Amine Gouiri,,18,18.7,35.8,,save,right-foot,assisted,sofascore
8738838,148824,Florian Thauvin,,17,25.9,67.6,,block,left-foot,assisted,sofascore
8738838,351434,Hassane Kamara,,15,19.8,49.1,,block,right-foot,corner,sofascore
8738838,859026,Amine Gouiri,,10,14.7,31.0,,save,right-foot,assisted,sofascore
8738838,27009,Morgan Schneiderlin,,8,32.3,74.8,,miss,right-foot,assisted,sofascore
8738839,328035,Brendan Chardonnet,,90,9.6,40.6,,save,head,corner,sofascore
8738839,984014,Enzo Le Fée,,89,20.7,35.3,,block,left-foot,regular,sofascore
8738839,984014,Enzo Le Fée,,86,25.5,50.1,,save,right-foot,free-kick,sofascore
8738839,605552,Irvin Cardona,,82,6.2,46.4,,miss,left-foot,assisted,sofascore
8738839,345035,Steve Mounié,,81,11.8,52.5,,miss,head,corner,sofascore
8738839,988907,Lilian Brassier,,80,24.6,27.0,,block,left-foot,assisted,sofascore
8738839,932643,Armand Laurienté,,73,14.7,41.5,,post,right-foot,fast-break,sofascore
8738839,932643,Armand Laurienté,,71,22.2,73.2,,block,right-foot,free-kick,sofascore
8738839,927975,Jean Lucas,,63,29.8,69.6,,block,right-foot,assisted,sofascore
8738839,932643,Armand Laurienté,,62,9.8,16.3,,miss,right-foot,free-kick,sofascore
8738839,932643,Armand Laurienté,,48,33.9,66.2,,miss,right-foot,free-kick,sofascore
8738839,296434,Laurent Abergel,,45,4.5,43.7,,goal,right-foot,assisted,sofascore
8738839,156303,Jérôme Hergault,,37,23.6,70.5,,miss,right-foot,assisted,sofascore
8738839,805123,Yoane Wissa,,15,13.8,49.3,,save,left-foot,assisted,sofascore
8738839,296434,Laurent Abergel,,15,29.0,56.4,,block,right-foot,assisted,sofascore
8738839,932643,Armand Laurienté,,11,26.6,52.2,,save,left-foot,assisted,sofascore
8738839,894396,Terem Moffi,,3,9.4,55.3,,miss,head,corner,sofascore
8738839,791048,Julien Laporte,,2,4.6,61.4,,block,left-foot,set-piece,sofascore
8738840,155995,Marquinhos,,90,9.6,47.2,,miss,head,corner,sofascore
8738840,124712,Neymar,,88,30.1,40.4,,miss,right-foot,free-kick,sofascore
8738840,255389,Leandro Paredes,,83,25.9,43.9,,miss,left-foot,regular,sofascore
8738840,18864,Burak Yılmaz,,79,13.0,41.2,,save,right-foot,fast-break,sofascore
8738840,255389,Leandro Paredes,,72,6.9,39.7,,miss,head,corner,sofascore
8738840,124712,Neymar,,69,9.5,46.4,,miss,head,assisted,sofascore
8738840,595576,Jonathan Bamba,,62,25.6,43.7,,save,right-foot,assisted,sofascore
8738840,124712,Neymar,,61,22.1,65.4,,save,right-foot,regular,sofascore
8738840,255389,Leandro Paredes,,45,23.9,66.0,,miss,right-foot,regular,sofascore
8738840,30027,Ángel Di María,,44,14.2,62.1,,block,left-foot,assisted,sofascore
8738840,281277,Thilo Kehrer,,32,24.0,66.0,,miss,right-foot,assisted,sofascore
8738840,835601,Moise Kean,,27,13.5,58.5,,save,right-foot,assisted,sofascore
8738840,124712,Neymar,,26,12.2,29.2,,miss,left-foot,assisted,sofascore
8738840,255389,Leandro Paredes,,26,27.5,38.6,,block,right-foot,regular,sofascore
8738840,124712,Neymar,,26,18.5,31.8,,block,right-foot,assisted,sofascore
8738840,935564,Jonathan David,,20,12.1,54.8,,goal,right-foot,assisted,sofascore
8738840,826643,Kylian Mbappé,,15,7.7,31.0,,save,left-foot,assisted,sofascore
8738840,124712,Neymar,,14,22.8,27.2,,miss,right-foot,free-kick,sofascore
8738840,124712,Neymar,,7,8.7,54.6,,miss,left-foot,assisted,sofascore
8738841,996951,Sinaly Diomandé,,90,20.1,67.8,,miss,right-foot,regular,sofascore
8738841,606530,Birger Meling,,90,12.4,35.9,,save,right-foot,assisted,sofascore
8738841,238708,Islam Slimani,,87,2.7,54.5,,goal,head,assisted,sofascore
8738841,51349,Lucas Deaux,,83,12.5,53.7,,block,right-foot,assisted,sofascore
8738841,247445,Renaud Ripart,,67,24.4,47.2,,block,right-foot,regular,sofascore
8738841,796085,Moussa Koné,,62,17.5,64.0,,goal,right-foot,assisted,sofascore
8738841,138833,Memphis Depay,,57,20.2,36.9,,miss,right-foot,regular,sofascore
8738841,846081,Houssem Aouar,,55,5.8,41.9,,goal,right-foot,assisted,sofascore
8738841,247445,Renaud Ripart,,54,13.5,64.5,,save,left-foot,assisted,sofascore
8738841,838688,Sofiane Alakouch,,54,22.2,67.3,,block,right-foot,regular,sofascore
8738841,138833,Memphis Depay,,45,15.0,43.9,,save,right-foot,assisted,sofascore
8738841,552680,Léo Dubois,,42,20.5,65.1,,miss,right-foot,corner,sofascore
8738841,846081,Houssem Aouar,,37,22.2,52.0,,miss,right-foot,assisted,sofascore
8738841,846081,Houssem Aouar,,36,20.8,33.2,,save,left-foot,assisted,sofascore
8738841,839981,Lucas Paquetá,,24,14.7,50.3,,goal,right-foot,corner,sofascore
8738841,552680,Léo Dubois,,24,18.7,70.1,,save,left-foot,corner,sofascore
8738841,842931,Karl Toko Ekambi,,24,20.5,32.8,,save,right-foot,assisted,sofascore
8738841,842931,Karl Toko Ekambi,,23,18.2,59.0,,save,left-foot,assisted,sofascore
8738841,138833,Memphis Depay,,20,14.4,44.8,,goal,right-foot,assisted,sofascore
8738841,138833,Memphis Depay,,17,26.7,36.1,,block,right-foot,free-kick,sofascore
8738841,842931,Karl Toko Ekambi,,15,7.8,48.0,,miss,right-foot,regular,sofascore
8738841,138833,Memphis Depay,,15,26.4,43.5,,save,right-foot,assisted,sofascore
8738841,846081,Houssem Aouar,,13,9.7,24.4,,save,right-foot,assisted,sofascore
8738841,155790,Naomichi Ueda,,11,9.0,55.5,,block,right-foot,corner,sofascore
8738841,846081,Houssem Aouar,,10,4.6,28.1,,save,right-foot,regular,sofascore
8738841,839981,Lucas Paquetá,,8,12.7,54.0,,goal,left-foot,regular,sofascore
8738841,280439,Maxwel Cornet,,8,19.8,29.5,,block,left-foot,assisted,sofascore
8738841,796085,Moussa Koné,,5,6.5,45.8,,goal,right-foot,regular,sofascore
8738841,839981,Lucas Paquetá,,3,14.0,60.6,,block,left-foot,assisted,sofascore
8738842,191188,Seko Fofana,,84,6.4,60.4,,save,right-foot,assisted,sofascore
8738842,27622,José Fonte,,82,8.3,45.1,,miss,head,corner,sofascore
8738842,954061,Arnaud Kalimuendo,,78,10.0,52.0,,save,head,assisted,sofascore
8738842,51363,Yannick Cahuzac,,75,9.2,45.1,,miss,head,assisted,sofascore
8738842,855810,Tim Weah,,71,18.9,63.0,,miss,right-foot,fast-break,sofascore
8738842,191188,Seko Fofana,,71,27.7,45.5,,block,left-foot,assisted,sofascore
8738842,339227,Steven Fortes,,63,11.6,48.7,,block,head,assisted,sofascore
8738842,890329,Ignatius Kpene Ganago,,62,4.3,53.7,,miss,right-foot,regular,sofascore
8738842,935564,Jonathan David,,60,11.4,43.5,,goal,left-foot,regular,sofascore
8738842,595576,Jonathan Bamba,,60,23.2,31.0,,save,right-foot,regular,sofascore
8738842,858705,Xeka,,60,21.9,42.7,,miss,right-foot,regular,sofascore
8738842,910046,Sven Botman,,58,9.7,45.6,,save,head,corner,sofascore
8738842,840451,Luiz Araújo,,56,29.6,45.4,,miss,left-foot,regular,sofascore
8738842,27622,José Fonte,,56,8.5,41.9,,miss,head,corner,sofascore
8738842,840451,Luiz Araújo,,55,18.1,68.3,,save,left-foot,assisted,sofascore
8738842,18864,Burak Yılmaz,,40,27.1,38.8,,goal,left-foot,assisted,sofascore
8738842,836678,Clément Michelin,,34,20.8,30.1,,miss,right-foot,assisted,sofascore
8738842,890329,Ignatius Kpene Ganago,,33,3.7,67.6,,save,right-foot,assisted,sofascore
8738842,890329,Ignatius Kpene Ganago,,28,13.0,65.8,,save,right-foot,regular,sofascore
8738842,191188,Seko Fofana,,16,16.0,39.6,,save,right-foot,assisted,sofascore
8738842,890329,Ignatius Kpene Ganago,,13,3.7,62.7,,miss,head,corner,sofascore
8738842,18864,Burak Yılmaz,,4,11.5,50.0,,goal,right-foot,penalty,sofascore
8738843,124712,Neymar,,88,28.8,32.2,,miss,right-foot,free-kick,sofascore
8738843,859027,Maxence Caqueret,,83,24.6,46.0,,save,right-foot,set-piece,sofascore
8738843,238708,Islam Slimani,,83,6.8,47.6,,save,head,set-piece,sofascore
8738843,280439,Maxwel Cornet,,81,15.1,60.6,,goal,left-foot,assisted,sofascore
8738843,238708,Islam Slimani,,75,8.3,42.4,,miss,head,assisted,sofascore
8738843,30027,Ángel Di María,,71,17.1,47.8,,save,right-foot,regular,sofascore
8738843,835601,Moise Kean,,68,14.4,45.0,,miss,left-foot,regular,sofascore
8738843,826643,Kylian Mbappé,,68,15.9,32.0,,save,right-foot,assisted,sofascore
8738843,238708,Islam Slimani,,62,24.9,56.9,,goal,right-foot,assisted,sofascore
8738843,106337,Idrissa Gana Gueye,,55,16.0,36.5,,miss,right-foot,assisted,sofascore
8738843,826643,Kylian Mbappé,,52,18.3,56.1,,goal,right-foot,fast-break,sofascore
8738843,842931,Karl Toko Ekambi,,51,12.6,46.4,,save,right-foot,assisted,sofascore
8738843,30027,Ángel Di María,,47,24.7,93.8,,goal,left-foot,free-kick,sofascore
8738843,99545,Danilo Pereira,,32,9.8,49.0,,goal,right-foot,corner,sofascore
8738843,138833,Memphis Depay,,27,5.4,64.9,,save,right-foot,assisted,sofascore
8738843,30027,Ángel Di María,,24,5.9,65.7,,miss,right-foot,assisted,sofascore
8738843,835601,Moise Kean,,23,17.7,45.2,,save,right-foot,assisted,sofascore
8738843,826643,Kylian Mbappé,,15,4.1,38.3,,goal,left-foot,regular,sofascore
8738843,126691,Marco Verratti,,15,10.1,57.1,,save,right-foot,regular,sofascore
8738843,839981,Lucas Paquetá,,7,22.8,53.9,,save,left-foot,assisted,sofascore
8738843,30027,Ángel Di María,,6,15.8,61.6,,miss,left-foot,regular,sofascore
8738843,835601,Moise Kean,,6,9.3,50.7,,save,right-foot,assisted,sofascore
8738844,862194,Zaydou Youssouf,,88,14.8,53.7,,save,head,assisted,sofascore
8738844,945062,Youssouf Fofana,,85,18.7,62.4,,miss,left-foot,assisted,sofascore
8738844,873534,Krépin Diatta,,76,10.9,60.7,,goal,right-foot,assisted,sofascore
8738844,859025,Aurélien Tchouaméni,,72,13.2,40.6,,miss,left-foot,regular,sofascore
8738844,945062,Youssouf Fofana,,70,18.1,54.4,,block,right-foot,corner,sofascore
8738844,37126,Stevan Jovetić,,69,25.5,49.9,,block,right-foot,assisted,sofascore
8738844,944164,Sofiane Diop,,64,17.9,48.2,,goal,right-foot,regular,sofascore
8738844,869931,Yvan Neyou,,63,12.8,69.6,,save,right-foot,regular,sofascore
8738844,51640,Wahbi Khazri,,62,23.3,69.6,,block,right-foot,assisted,sofascore
8738844,941161,Charles Abi,,57,9.4,49.5,,miss,head,assisted,sofascore
8738844,859025,Aurélien Tchouaméni,,55,12.2,63.9,,goal,right-foot,assisted,sofascore
8738844,941161,Charles Abi,,51,8.6,58.4,,miss,head,assisted,sofascore
8738844,37126,Stevan Jovetić,,44,7.7,42.9,,miss,head,corner,sofascore
8738844,859025,Aurélien Tchouaméni,,43,21.4,34.5,,block,right-foot,assisted,sofascore
8738844,38716,Ryad Boudebouz,,40,26.2,54.2,,block,left-foot,free-kick,sofascore
8738844,859025,Aurélien Tchouaméni,,33,18.1,49.7,,block,right-foot,assisted,sofascore
8738844,51640,Wahbi Khazri,,26,14.9,52.8,,block,right-foot,assisted,sofascore
8738844,51640,Wahbi Khazri,,24,22.3,38.3,,block,right-foot,free-kick,sofascore
8738844,37126,Stevan Jovetić,,13,14.1,54.7,,goal,right-foot,assisted,sofascore
8738844,760618,Denis Bouanga,,13,7.4,70.1,,save,head,assisted,sofascore
8738844,37126,Stevan Jovetić,,12,11.5,50.0,,post,right-foot,penalty,sofascore
8738844,944164,Sofiane Diop,,7,8.8,49.9,,miss,head,regular,sofascore
8738844,37126,Stevan Jovetić,,7,23.8,45.6,,post,right-foot,regular,sofascore
8738844,318963,Aleksandr Golovin,,5,19.1,47.8,,miss,left-foot,assisted,sofascore
8738845,161325,Arkadiusz Milik,,90,11.5,50.0,,goal,left-foot,penalty,sofascore
8738845,73979,Romain Thomas,,85,2.3,51.5,,goal,left-foot,set-piece,sofascore
8738845,153220,Stéphane Bahoken,,83,11.0,67.4,,block,right-foot,assisted,sofascore
8738845,787540,Angelo Fulgini,,81,22.8,54.2,,save,right-foot,corner,sofascore
8738845,831400,Mathias Pereira Lage,,79,28.8,45.8,,save,right-foot,free-kick,sofascore
8738845,161325,Arkadiusz Milik,,76,20.0,38.3,,miss,left-foot,assisted,sofascore
8738845,581314,Valentin Rongier,,69,17.8,48.1,,save,right-foot,assisted,sofascore
8738845,308130,Jimmy Cabot,,68,27.2,58.8,,miss,right-foot,assisted,sofascore
8738845,14216,Dimitri Payet,,61,51.7,44.3,,miss,right-foot,assisted,sofascore
8738845,831400,Mathias Pereira Lage,,57,1.9,46.4,,goal,head,corner,sofascore
8738845,51321,Mateo Pavlović,,57,9.8,53.6,,miss,head,corner,sofascore
8738845,831400,Mathias Pereira Lage,,56,10.3,33.2,,save,right-foot,assisted,sofascore
8738845,294641,Loïs Diony,,52,24.7,27.4,,block,right-foot,assisted,sofascore
8738845,161325,Arkadiusz Milik,,48,13.2,43.1,,goal,left-foot,assisted,sofascore
8738845,161325,Arkadiusz Milik,,41,12.8,42.3,,save,left-foot,assisted,sofascore
8738845,148824,Florian Thauvin,,39,12.5,56.1,,miss,right-foot,assisted,sofascore
8738845,757730,Antonin Bobichon,,34,13.7,55.5,,miss,left-foot,assisted,sofascore
8738845,209768,Pierrick Capelle,,27,25.0,36.4,,block,right-foot,regular,sofascore
8738845,161325,Arkadiusz Milik,,26,11.4,54.0,,save,head,assisted,sofascore
8738845,977679,Luís Henrique,,25,20.0,37.6,,save,right-foot,corner,sofascore
8738845,48335,Hiroki Sakai,,21,3.9,49.8,,save,head,corner,sofascore
8738845,14216,Dimitri Payet,,21,16.3,37.9,,block,right-foot,assisted,sofascore
8738845,844480,Pol Lirola,,12,9.1,68.8,,save,right-foot,assisted,sofascore
8738845,581314,Valentin Rongier,,12,21.0,51.4,,block,right-foot,assisted,sofascore
8738845,14216,Dimitri Payet,,12,19.1,46.9,,save,right-foot,regular,sofascore
8738845,161325,Arkadiusz Milik,,9,6.4,47.8,,goal,head,assisted,sofascore
8738845,148824,Florian Thauvin,,4,12.1,70.3,,save,left-foot,assisted,sofascore
8738846,294641,Loïs Diony,,89,10.3,62.5,,goal,right-foot,assisted,sofascore
8738846,1063235,Mohamed Ali Cho,,87,1.1,42.3,,miss,left-foot,regular,sofascore
8738846,294641,Loïs Diony,,87,7.5,56.9,,save,head,assisted,sofascore
8738846,209768,Pierrick Capelle,,77,21.8,35.9,,miss,left-foot,regular,sofascore
8738846,757730,Antonin Bobichon,,62,22.4,46.0,,block,right-foot,assisted,sofascore
8738846,897623,Alex Dobre,,56,19.9,36.9,,block,left-foot,assisted,sofascore
8738846,73979,Romain Thomas,,55,7.7,52.2,,miss,head,corner,sofascore
8738846,930584,Farid El Melali,,50,6.4,31.0,,goal,left-foot,assisted,sofascore
8738846,787542,Sada Thioub,,47,16.2,32.6,,save,left-foot,fast-break,sofascore
8738846,557166,Mama Baldé,,42,10.5,33.7,,block,left-foot,assisted,sofascore
8738846,787540,Angelo Fulgini,,36,19.9,36.7,,block,right-foot,assisted,sofascore
8738846,787540,Angelo Fulgini,,31,24.7,50.3,,miss,right-foot,free-kick,sofascore
8738846,867438,Jonathan Panzo,,18,9.7,57.5,,block,left-foot,corner,sofascore
8738846,153220,Stéphane Bahoken,,12,18.5,33.0,,miss,right-foot,assisted,sofascore
8738846,787540,Angelo Fulgini,,7,7.5,45.6,,goal,right-foot,assisted,sofascore
8738846,897623,Alex Dobre,,6,8.7,55.9,,save,head,corner,sofascore
8738846,51299,Frédéric Sammaritano,,2,14.0,52.8,,miss,left-foot,assisted,sofascore
8738847,1064307,Malik Sellouki,,89,29.2,66.8,,block,left-foot,free-kick,sofascore
8738847,829093,Ibrahima Sissoko,,82,6.3,41.0,,save,head,corner,sofascore
8738847,231946,Adrien Thomasson,,81,2.4,69.3,,block,right-foot,assisted,sofascore
8738847,343971,Ludovic Ajorque,,66,3.8,53.8,,goal,head,assisted,sofascore
8738847,289977,Alexander Djiku,,53,3.7,57.3,,miss,right-foot,set-piece,sofascore
8738847,365358,Dimitri Liénard,,49,26.6,29.7,,block,left-foot,set-piece,sofascore
8738847,985923,Hicham Boudaoui,,47,12.7,34.2,,save,right-foot,assisted,sofascore
8738847,894238,Youcef Atal,,45,23.1,70.9,,save,right-foot,set-piece,sofascore
8738847,904832,Khéphren Thuram,,45,10.4,51.5,,miss,left-foot,corner,sofascore
8738847,343971,Ludovic Ajorque,,34,13.1,22.7,,block,left-foot,regular,sofascore
8738847,795761,Kasper Dolberg,,32,4.3,49.7,,miss,head,assisted,sofascore
8738847,231946,Adrien Thomasson,,23,12.1,32.2,,save,left-foot,assisted,sofascore
8738847,795761,Kasper Dolberg,,19,11.0,54.6,,miss,head,set-piece,sofascore
8738847,365358,Dimitri Liénard,,12,17.9,90.2,,block,left-foot,free-kick,sofascore
8738847,822877,Alexis Claude-Maurice,,9,10.3,69.9,,save,right-foot,regular,sofascore
8738847,802159,Habibou Diallo,,5,11.1,36.3,,miss,right-foot,regular,sofascore
8738847,343971,Ludovic Ajorque,,2,3.0,43.9,,goal,left-foot,regular,sofascore
8738847,802159,Habibou Diallo,,2,5.7,51.3,,save,head,assisted,sofascore
8738848,18864,Burak Yılmaz,,90,7.4,47.8,,miss,head,corner,sofascore
8738848,318967,Renato Sanches,,90,12.6,66.6,,save,right-foot,fast-break,sofascore
8738848,247445,Renaud Ripart,,90,14.8,28.8,,save,right-foot,assisted,sofascore
8738848,18864,Burak Yılmaz,,90,7.0,52.6,,save,head,assisted,sofascore
8738848,27622,José Fonte,,78,8.3,43.9,,miss,other,set-piece,sofascore
8738848,842400,Zinedine Ferhat,,72,16.0,25.0,,miss,right-foot,assisted,sofascore
8738848,247445,Renaud Ripart,,65,14.0,32.8,,miss,left-foot,assisted,sofascore
8738848,18864,Burak Yılmaz,,62,30.3,55.8,,block,right-foot,free-kick,sofascore
8738848,840451,Luiz Araújo,,59,25.3,57.6,,block,left-foot,assisted,sofascore
8738848,27622,José Fonte,,56,8.4,41.9,,save,head,corner,sofascore
8738848,247445,Renaud Ripart,,45,5.7,35.0,,goal,right-foot,assisted,sofascore
8738848,842400,Zinedine Ferhat,,43,21.1,30.5,,miss,right-foot,regular,sofascore
8738848,910046,Sven Botman,,40,7.7,50.0,,miss,head,corner,sofascore
8738848,18864,Burak Yılmaz,,36,9.8,48.1,,miss,head,assisted,sofascore
8738848,18864,Burak Yılmaz,,33,15.6,10.6,,miss,right-foot,free-kick,sofascore
8738848,546416,Andrés Cubas,,28,5.6,24.2,,miss,left-foot,throw-in-set-piece,sofascore
8738848,247445,Renaud Ripart,,28,12.4,43.5,,block,left-foot,assisted,sofascore
8738848,595576,Jonathan Bamba,,25,9.9,33.9,,miss,right-foot,assisted,sofascore
8738848,595576,Jonathan Bamba,,25,22.4,29.1,,block,right-foot,assisted,sofascore
8738848,858705,Xeka,,20,10.4,41.9,,goal,head,corner,sofascore
8738848,796085,Moussa Koné,,12,14.7,39.8,,goal,right-foot,fast-break,sofascore
8738848,858705,Xeka,,10,33.0,39.7,,block,right-foot,assisted,sofascore
8738848,18864,Burak Yılmaz,,9,16.3,69.9,,block,right-foot,assisted,sofascore
8738848,247445,Renaud Ripart,,5,27.6,61.8,,save,right-foot,assisted,sofascore
8738848,796085,Moussa Koné,,3,12.8,41.0,,miss,right-foot,assisted,sofascore
8738849,788170,Fodé Ballo-Touré,,90,8.8,29.7,,save,right-foot,assisted,sofascore
8738849,827243,Axel Disasi,,88,15.0,52.4,,block,right-foot,set-piece,sofascore
8738849,859025,Aurélien Tchouaméni,,83,4.0,52.4,,miss,head,corner,sofascore
8738849,825681,Romain Del Castillo,,80,13.1,29.5,,block,left-foot,regular,sofascore
8738849,999028,Adrien Truffert,,78,25.1,39.1,,miss,left-foot,assisted,sofascore
8738849,945062,Youssouf Fofana,,75,28.1,51.1,,block,right-foot,regular,sofascore
8738849,328027,Serhou Guirassy,,72,7.1,53.0,,miss,head,assisted,sofascore
8738849,827243,Axel Disasi,,68,4.0,48.2,,goal,head,corner,sofascore
8738849,859025,Aurélien Tchouaméni,,66,18.4,72.4,,miss,right-foot,assisted,sofascore
8738849,119192,Wissam Ben Yedder,,64,8.1,60.4,,block,head,corner,sofascore
8738849,859025,Aurélien Tchouaméni,,64,10.3,46.8,,block,right-foot,corner,sofascore
8738849,801287,Faitout Maouassa,,57,22.2,38.2,,miss,left-foot,regular,sofascore
8738849,328027,Serhou Guirassy,,53,21.2,49.7,,block,right-foot,regular,sofascore
8738849,934386,Jérémy Doku,,47,24.2,37.5,,miss,right-foot,regular,sofascore
8738849,973887,Eduardo Camavinga,,44,10.5,67.0,,save,left-foot,assisted,sofascore
8738849,859025,Aurélien Tchouaméni,,38,16.4,53.6,,block,right-foot,assisted,sofascore
8738849,119192,Wissam Ben Yedder,,38,15.5,56.9,,block,right-foot,assisted,sofascore
8738849,934386,Jérémy Doku,,33,8.1,33.2,,miss,left-foot,regular,sofascore
8738849,51652,Steven​ N'Zonzi,,33,24.2,61.8,,save,right-foot,assisted,sofascore
8738849,318963,Aleksandr Golovin,,29,25.2,67.8,,goal,right-foot,assisted,sofascore
8738849,119192,Wissam Ben Yedder,,16,12.2,41.5,,goal,left-foot,fast-break,sofascore
8738850,934386,Jérémy Doku,,90,14.2,34.3,,miss,right-foot,assisted,sofascore
8738850,312388,Flavien Tait,,90,22.6,38.6,,save,right-foot,assisted,sofascore
8738850,324399,Benjamin Bourigeaud,,86,24.7,38.5,,save,right-foot,regular,sofascore
8738850,328027,Serhou Guirassy,,85,20.2,36.1,,save,right-foot,regular,sofascore
8738850,124712,Neymar,,75,6.5,42.3,,save,head,regular,sofascore
8738850,328027,Serhou Guirassy,,70,7.3,46.0,,goal,head,corner,sofascore
8738850,877102,Nayef Aguerd,,68,7.7,46.4,,save,head,corner,sofascore
8738850,312388,Flavien Tait,,67,22.5,38.3,,save,right-foot,assisted,sofascore
8738850,835601,Moise Kean,,61,10.9,31.2,,miss,right-foot,assisted,sofascore
8738850,142680,Julian Draxler,,56,15.6,48.2,,miss,left-foot,assisted,sofascore
8738850,801287,Faitout Maouassa,,52,26.9,31.0,,miss,left-foot,corner,sofascore
8738850,801287,Faitout Maouassa,,52,11.2,35.2,,block,left-foot,assisted,sofascore
8738850,934386,Jérémy Doku,,47,11.8,68.1,,save,right-foot,assisted,sofascore
8738850,124712,Neymar,,45,11.5,50.0,,goal,right-foot,penalty,sofascore
8738850,30027,Ángel Di María,,45,14.9,72.3,,block,left-foot,assisted,sofascore
8738850,124712,Neymar,,43,18.5,46.7,,miss,left-foot,assisted,sofascore
8738850,74083,Damien Da Silva,,40,10.6,42.7,,save,head,corner,sofascore
8738850,934386,Jérémy Doku,,39,9.3,66.7,,block,right-foot,assisted,sofascore
8738850,1048916,Lesley Ugochukwu,,37,12.9,58.5,,miss,right-foot,corner,sofascore
8738850,312388,Flavien Tait,,37,19.4,61.6,,block,right-foot,corner,sofascore
8738850,934386,Jérémy Doku,,29,12.7,59.6,,miss,left-foot,assisted,sofascore
8738850,312388,Flavien Tait,,29,13.8,65.3,,save,right-foot,assisted,sofascore
8738850,155995,Marquinhos,,27,7.4,51.6,,miss,head,corner,sofascore
8738850,30027,Ángel Di María,,24,14.8,73.3,,save,left-foot,assisted,sofascore
8738850,124712,Neymar,,17,13.4,37.7,,miss,right-foot,assisted,sofascore
8738850,82474,Ander Herrera,,17,14.6,52.8,,save,right-foot,assisted,sofascore
8738850,801287,Faitout Maouassa,,15,25.9,71.1,,miss,left-foot,free-kick,sofascore
8738850,934386,Jérémy Doku,,12,24.3,27.6,,save,right-foot,assisted,sofascore
8738850,82474,Ander Herrera,,11,9.8,42.7,,miss,left-foot,regular,sofascore
8738850,835601,Moise Kean,,6,8.4,46.2,,miss,right-foot,regular,sofascore
8738850,328027,Serhou Guirassy,,2,9.1,35.3,,miss,right-foot,assisted,sofascore
8738851,991359,Papa Ndiaga Yade,,90,13.1,48.4,,goal,left-foot,assisted,sofascore
8738851,328027,Serhou Guirassy,,88,13.6,57.5,,goal,left-foot,regular,sofascore
8738851,229722,Farid Boulaya,,88,23.1,40.0,,block,right-foot,corner,sofascore
8738851,1002711,Pape Matar Sarr,,87,27.3,39.2,,save,right-foot,assisted,sofascore
8738851,385386,Dalbert,,85,24.1,18.4,,miss,left-foot,assisted,sofascore
8738851,802034,Fabien Centonze,,83,10.9,54.6,,miss,head,assisted,sofascore
8738851,352966,Aaron Leya Iseka,,81,10.4,58.7,,block,right-foot,assisted,sofascore
8738851,787827,Matthieu Udol,,78,21.1,30.4,,miss,left-foot,corner,sofascore
8738851,802034,Fabien Centonze,,77,14.2,73.1,,block,left-foot,assisted,sofascore
8738851,352966,Aaron Leya Iseka,,72,8.1,47.2,,miss,head,assisted,sofascore
8738851,324399,Benjamin Bourigeaud,,67,20.4,64.3,,miss,left-foot,regular,sofascore
8738851,846445,Martin Terrier,,64,12.4,57.9,,save,right-foot,regular,sofascore
8738851,229722,Farid Boulaya,,61,31.2,49.3,,miss,right-foot,regular,sofascore
8738851,1046147,Lamine Gueye,,57,18.0,53.5,,block,right-foot,fast-break,sofascore
8738851,359246,Habib Maïga,,56,27.5,61.8,,block,right-foot,regular,sofascore
8738851,1046147,Lamine Gueye,,56,15.0,72.1,,block,left-foot,assisted,sofascore
8738851,153218,Thomas Delaine,,54,3.0,35.9,,miss,left-foot,assisted,sofascore
8738851,229722,Farid Boulaya,,54,10.0,69.2,,miss,right-foot,assisted,sofascore
8738851,324399,Benjamin Bourigeaud,,47,19.7,56.9,,save,right-foot,assisted,sofascore
8738851,846445,Martin Terrier,,38,11.5,50.0,,goal,right-foot,penalty,sofascore
8738851,934386,Jérémy Doku,,18,9.5,56.7,,goal,right-foot,assisted,sofascore
8738851,999028,Adrien Truffert,,15,26.1,35.5,,miss,left-foot,corner,sofascore
8738851,362014,Hamari Traoré,,5,28.3,60.0,,miss,right-foot,assisted,sofascore
8738852,84744,Andy Delort,,90,5.0,38.2,,save,right-foot,set-piece,sofascore
8738852,791314,Hwang Ui-Jo,,83,12.2,42.1,,miss,right-foot,corner,sofascore
8738852,149730,Gaëtan Laborde,,82,11.1,51.5,,miss,head,regular,sofascore
8738852,156682,Teji Savanier,,82,21.6,63.1,,save,right-foot,assisted,sofascore
8738852,979315,Elye Wahi,,81,9.6,42.4,,save,head,assisted,sofascore
8738852,84744,Andy Delort,,80,22.6,55.0,,miss,right-foot,assisted,sofascore
8738852,791314,Hwang Ui-Jo,,79,11.0,51.8,,block,right-foot,assisted,sofascore
8738852,156682,Teji Savanier,,77,33.7,38.0,,miss,right-foot,free-kick,sofascore
8738852,605338,Stephy Mavididi,,69,12.7,28.9,,goal,right-foot,assisted,sofascore
8738852,798002,Toma Bašić,,67,28.1,52.0,,miss,left-foot,assisted,sofascore
8738852,84744,Andy Delort,,65,8.3,42.7,,save,head,assisted,sofascore
8738852,149730,Gaëtan Laborde,,61,11.7,58.1,,miss,head,assisted,sofascore
8738852,149730,Gaëtan Laborde,,58,15.1,50.9,,goal,left-foot,assisted,sofascore
8738852,798002,Toma Bašić,,56,7.8,41.5,,miss,left-foot,corner,sofascore
8738852,74045,Nicolas de Préville,,55,15.8,71.6,,save,right-foot,assisted,sofascore
8738852,84744,Andy Delort,,54,11.0,42.9,,block,right-foot,assisted,sofascore
8738852,791314,Hwang Ui-Jo,,53,11.1,45.2,,miss,right-foot,corner,sofascore
8738852,111803,Youssouf Sabaly,,52,24.8,50.7,,block,left-foot,regular,sofascore
8738852,605338,Stephy Mavididi,,52,8.0,31.2,,miss,left-foot,fast-break,sofascore
8738852,149730,Gaëtan Laborde,,51,9.7,66.2,,save,left-foot,assisted,sofascore
8738852,84744,Andy Delort,,38,27.6,34.2,,block,right-foot,assisted,sofascore
8738852,84744,Andy Delort,,37,7.6,46.3,,miss,right-foot,assisted,sofascore
8738852,603738,Junior Sambia,,35,27.9,46.2,,goal,right-foot,free-kick,sofascore
8738852,84744,Andy Delort,,33,8.7,51.5,,post,head,assisted,sofascore
8738852,74045,Nicolas de Préville,,30,26.5,32.6,,block,right-foot,regular,sofascore
8738852,791314,Hwang Ui-Jo,,28,10.6,65.4,,goal,right-foot,assisted,sofascore
8738852,149730,Gaëtan Laborde,,26,6.7,52.8,,miss,head,corner,sofascore
8738852,156682,Teji Savanier,,25,12.5,69.0,,save,right-foot,assisted,sofascore
8738852,842709,Rémi Oudin,,24,17.7,63.1,,save,left-foot,regular,sofascore
8738852,798002,Toma Bašić,,24,28.9,47.6,,block,left-foot,assisted,sofascore
8738852,605338,Stephy Mavididi,,24,10.8,33.3,,block,right-foot,assisted,sofascore
8738852,859024,Yacine Adli,,20,7.4,56.5,,miss,right-foot,regular,sofascore
8738852,842709,Rémi Oudin,,20,19.4,31.8,,block,right-foot,assisted,sofascore
8738852,149730,Gaëtan Laborde,,19,16.9,50.9,,block,left-foot,assisted,sofascore
8738852,605338,Stephy Mavididi,,14,2.8,41.9,,miss,left-foot,assisted,sofascore
8738852,84744,Andy Delort,,6,4.7,43.1,,block,head,corner,sofascore
8738857,911851,Yann Gboho,,90,10.8,44.0,,miss,left-foot,regular,sofascore
8738857,760618,Denis Bouanga,,88,14.6,29.0,,block,right-foot,assisted,sofascore
8738857,760618,Denis Bouanga,,82,40.4,16.3,,miss,right-foot,regular,sofascore
8738857,324399,Benjamin Bourigeaud,,81,30.0,48.8,,miss,right-foot,free-kick,sofascore
8738857,999028,Adrien Truffert,,77,21.9,36.3,,save,left-foot,regular,sofascore
8738857,328027,Serhou Guirassy,,74,8.8,47.4,,miss,right-foot,assisted,sofascore
8738857,324399,Benjamin Bourigeaud,,74,22.8,66.8,,miss,right-foot,regular,sofascore
8738857,848458,Arnaud Nordin,,71,9.9,68.2,,goal,right-foot,fast-break,sofascore
8738857,877102,Nayef Aguerd,,65,10.4,47.8,,miss,head,corner,sofascore
8738857,911851,Yann Gboho,,65,12.0,58.8,,miss,right-foot,assisted,sofascore
8738857,760618,Denis Bouanga,,59,24.2,30.4,,miss,right-foot,assisted,sofascore
8738857,934386,Jérémy Doku,,51,22.4,43.0,,block,right-foot,assisted,sofascore
8738857,328027,Serhou Guirassy,,47,8.6,58.8,,save,right-foot,regular,sofascore
8738857,846445,Martin Terrier,,40,9.5,40.9,,miss,right-foot,assisted,sofascore
8738857,760618,Denis Bouanga,,27,10.5,68.6,,goal,right-foot,assisted,sofascore
8738857,760618,Denis Bouanga,,20,14.1,66.0,,save,left-foot,assisted,sofascore
8738857,328027,Serhou Guirassy,,16,4.3,56.6,,miss,left-foot,assisted,sofascore
8738857,846445,Martin Terrier,,9,4.3,38.0,,miss,right-foot,corner,sofascore
8738857,877102,Nayef Aguerd,,9,11.1,53.4,,miss,head,corner,sofascore
8738858,760618,Denis Bouanga,,90,2.7,46.7,,miss,right-foot,regular,sofascore
8738858,760618,Denis Bouanga,,90,6.8,43.7,,block,head,regular,sofascore
8738858,3579,Mathieu Debuchy,,90,12.4,56.4,,miss,right-foot,regular,sofascore
8738858,941161,Charles Abi,,89,8.5,47.6,,goal,left-foot,set-piece,sofascore
8738858,795128,Harold Moukoudi,,89,7.7,59.8,,block,right-foot,set-piece,sofascore
8738858,962877,Adil Aouchiche,,87,6.5,45.0,,miss,head,assisted,sofascore
8738858,962877,Adil Aouchiche,,78,20.5,45.8,,save,right-foot,assisted,sofascore
8738858,960080,Boulaye Dia,,74,7.7,64.9,,miss,right-foot,assisted,sofascore
8738858,982615,El Bilal Touré,,72,4.0,41.7,,goal,head,corner,sofascore
8738858,3579,Mathieu Debuchy,,70,8.8,57.5,,miss,left-foot,regular,sofascore
8738858,869931,Yvan Neyou,,62,22.4,36.4,,miss,right-foot,regular,sofascore
8738858,848458,Arnaud Nordin,,62,26.1,49.1,,save,right-foot,assisted,sofascore
8738858,916041,Mahdi Camara,,61,27.3,38.4,,save,right-foot,assisted,sofascore
8738858,963399,Nathanaël Mbuku,,55,8.5,56.9,,miss,right-foot,assisted,sofascore
8738858,962877,Adil Aouchiche,,54,29.2,38.0,,save,right-foot,assisted,sofascore
8738858,21931,Anthony Modeste,,53,13.1,44.3,,miss,left-foot,assisted,sofascore
8738858,21931,Anthony Modeste,,41,18.5,29.1,,miss,right-foot,assisted,sofascore
8738858,51640,Wahbi Khazri,,39,23.7,40.1,,save,right-foot,assisted,sofascore
8738858,760618,Denis Bouanga,,31,19.8,18.2,,miss,right-foot,regular,sofascore
8738858,963399,Nathanaël Mbuku,,29,10.0,56.5,,save,left-foot,assisted,sofascore
8738858,760618,Denis Bouanga,,28,28.3,54.4,,save,right-foot,free-kick,sofascore
8738858,869931,Yvan Neyou,,11,21.2,32.6,,block,left-foot,assisted,sofascore
8738858,21931,Anthony Modeste,,2,16.1,61.6,,block,left-foot,assisted,sofascore
8738859,802159,Habibou Diallo,,89,9.3,52.6,,post,head,assisted,sofascore
8738859,365358,Dimitri Liénard,,82,26.5,69.9,,miss,left-foot,set-piece,sofascore
8738859,845273,Jean-Ricner Bellegarde,,78,29.5,35.7,,miss,right-foot,assisted,sofascore
8738859,829093,Ibrahima Sissoko,,73,3.7,38.0,,block,right-foot,corner,sofascore
8738859,343971,Ludovic Ajorque,,73,2.7,46.4,,block,head,regular,sofascore
8738859,231946,Adrien Thomasson,,73,3.6,59.3,,block,right-foot,regular,sofascore
8738859,231946,Adrien Thomasson,,73,6.0,50.3,,block,right-foot,assisted,sofascore
8738859,787540,Angelo Fulgini,,67,18.4,36.1,,block,right-foot,assisted,sofascore
8738859,845273,Jean-Ricner Bellegarde,,63,10.7,75.0,,block,right-foot,assisted,sofascore
8738859,829093,Ibrahima Sissoko,,53,18.8,60.6,,miss,left-foot,regular,sofascore
8738859,802159,Habibou Diallo,,53,7.8,34.0,,save,right-foot,assisted,sofascore
8738859,25506,Ismaël Traoré,,45,12.0,61.2,,save,head,set-piece,sofascore
8738859,231946,Adrien Thomasson,,45,11.8,64.3,,save,right-foot,assisted,sofascore
8738859,156004,Jean-Eudes Aholou,,45,27.6,43.7,,miss,left-foot,assisted,sofascore
8738859,257421,Ibrahim Amadou,,31,18.7,50.9,,save,right-foot,assisted,sofascore
8738859,257421,Ibrahim Amadou,,25,30.9,48.7,,block,right-foot,regular,sofascore
8738859,787540,Angelo Fulgini,,25,25.2,39.8,,block,right-foot,regular,sofascore
8738859,108736,Stefan Mitrović,,20,9.3,58.8,,miss,head,set-piece,sofascore
8738859,787540,Angelo Fulgini,,12,24.1,27.0,,block,right-foot,assisted,sofascore
8738859,802159,Habibou Diallo,,8,9.7,58.8,,miss,head,throw-in-set-piece,sofascore
8738859,156004,Jean-Eudes Aholou,,7,9.3,57.5,,miss,head,set-piece,sofascore
8738859,14142,Thomas Mangani,,2,12.1,34.0,,block,left-foot,assisted,sofascore
8738859,787540,Angelo Fulgini,,2,6.8,56.1,,save,head,assisted,sofascore
8738860,842709,Rémi Oudin,,85,21.5,46.0,,block,left-foot,regular,sofascore
8738860,74045,Nicolas de Préville,,83,29.0,69.6,,block,right-foot,free-kick,sofascore
8738860,74045,Nicolas de Préville,,79,6.8,49.4,,miss,head,assisted,sofascore
8738860,247445,Renaud Ripart,,71,12.3,36.6,,goal,head,set-piece,sofascore
8738860,791314,Hwang Ui-Jo,,66,10.6,53.9,,save,head,assisted,sofascore
8738860,833030,Samuel Kalu,,56,14.0,51.8,,miss,head,assisted,sofascore
8738860,842400,Zinedine Ferhat,,54,18.7,24.0,,block,right-foot,assisted,sofascore
8738860,305282,Jean Michaël Seri,,51,15.7,63.7,,block,right-foot,corner,sofascore
8738860,791314,Hwang Ui-Jo,,50,7.7,41.5,,save,left-foot,regular,sofascore
8738860,842709,Rémi Oudin,,50,19.0,53.1,,save,left-foot,regular,sofascore
8738860,247445,Renaud Ripart,,45,25.4,70.3,,miss,left-foot,assisted,sofascore
8738860,606530,Birger Meling,,45,5.3,31.8,,save,right-foot,regular,sofascore
8738860,859024,Yacine Adli,,38,19.6,57.9,,save,right-foot,regular,sofascore
8738860,833030,Samuel Kalu,,37,18.3,23.1,,miss,right-foot,assisted,sofascore
8738860,838688,Sofiane Alakouch,,28,10.5,65.1,,block,right-foot,set-piece,sofascore
8738860,305282,Jean Michaël Seri,,23,22.8,24.7,,miss,right-foot,free-kick,sofascore
8738860,822878,Lamine Fomba,,16,16.4,38.8,,block,left-foot,assisted,sofascore
8738860,796085,Moussa Koné,,16,34.2,51.5,,block,right-foot,assisted,sofascore
8738860,606530,Birger Meling,,14,11.5,37.9,,goal,left-foot,assisted,sofascore
8738861,51652,Steven​ N'Zonzi,,90,14.0,53.7,,miss,right-foot,assisted,sofascore
8738861,603738,Junior Sambia,,87,10.4,57.9,,miss,head,assisted,sofascore
8738861,328027,Serhou Guirassy,,78,4.7,62.7,,goal,right-foot,assisted,sofascore
8738861,51652,Steven​ N'Zonzi,,70,21.1,65.2,,miss,right-foot,assisted,sofascore
8738861,234230,Florent Mollet,,66,25.6,20.0,,save,right-foot,free-kick,sofascore
8738861,149730,Gaëtan Laborde,,61,3.7,45.8,,miss,right-foot,regular,sofascore
8738861,149730,Gaëtan Laborde,,61,4.7,49.7,,save,left-foot,regular,sofascore
8738861,605338,Stephy Mavididi,,61,4.3,34.2,,save,left-foot,assisted,sofascore
8738861,999028,Adrien Truffert,,60,15.0,36.9,,block,left-foot,corner,sofascore
8738861,234230,Florent Mollet,,57,14.4,21.7,,save,right-foot,regular,sofascore
8738861,362014,Hamari Traoré,,52,3.7,69.9,,save,right-foot,assisted,sofascore
8738861,156682,Teji Savanier,,51,11.5,50.0,,miss,right-foot,penalty,sofascore
8738861,149730,Gaëtan Laborde,,45,21.4,58.8,,miss,right-foot,regular,sofascore
8738861,74083,Damien Da Silva,,42,11.1,46.9,,block,head,corner,sofascore
8738861,362014,Hamari Traoré,,41,10.5,68.5,,save,right-foot,fast-break,sofascore
8738861,234230,Florent Mollet,,39,23.9,28.3,,save,right-foot,assisted,sofascore
8738861,328027,Serhou Guirassy,,37,9.8,51.5,,miss,head,set-piece,sofascore
8738861,324399,Benjamin Bourigeaud,,33,19.6,28.5,,miss,right-foot,free-kick,sofascore
8738861,605338,Stephy Mavididi,,27,7.5,41.3,,goal,left-foot,regular,sofascore
8738861,979315,Elye Wahi,,27,12.7,54.0,,block,left-foot,assisted,sofascore
8738861,328027,Serhou Guirassy,,25,27.0,39.7,,save,right-foot,assisted,sofascore
8738861,605338,Stephy Mavididi,,17,5.4,49.1,,goal,right-foot,set-piece,sofascore
8738861,328027,Serhou Guirassy,,13,19.3,37.6,,block,right-foot,assisted,sofascore
8738861,328027,Serhou Guirassy,,12,6.4,47.0,,miss,left-foot,corner,sofascore
8738861,934386,Jérémy Doku,,6,8.7,50.3,,block,left-foot,regular,sofascore
8738861,328027,Serhou Guirassy,,6,4.3,46.6,,save,left-foot,assisted,sofascore
8738862,229722,Farid Boulaya,,89,11.4,16.8,,miss,right-foot,free-kick,sofascore
8738862,822877,Alexis Claude-Maurice,,88,27.9,53.0,,block,right-foot,assisted,sofascore
8738862,822877,Alexis Claude-Maurice,,86,25.3,62.6,,block,right-foot,assisted,sofascore
8738862,991359,Papa Ndiaga Yade,,85,32.3,8.1,,miss,left-foot,fast-break,sofascore
8738862,27009,Morgan Schneiderlin,,81,12.9,52.8,,miss,head,corner,sofascore
8738862,985923,Hicham Boudaoui,,77,10.8,43.3,,block,head,assisted,sofascore
8738862,877978,Andy Pelmard,,74,16.2,70.9,,miss,right-foot,regular,sofascore
8738862,1064307,Malik Sellouki,,74,18.9,53.6,,block,left-foot,assisted,sofascore
8738862,941168,William Saliba,,66,11.2,43.6,,miss,head,set-piece,sofascore
8738862,1064307,Malik Sellouki,,64,7.4,64.9,,miss,left-foot,corner,sofascore
8738862,859026,Amine Gouiri,,61,11.5,50.0,,goal,right-foot,penalty,sofascore
8738862,848537,Boubakar Kouyaté,,55,11.1,58.4,,save,head,set-piece,sofascore
8738862,859026,Amine Gouiri,,51,27.7,35.2,,save,right-foot,free-kick,sofascore
8738862,351434,Hassane Kamara,,48,14.1,25.5,,block,left-foot,assisted,sofascore
8738862,1046147,Lamine Gueye,,38,3.1,43.3,,goal,head,assisted,sofascore
8738862,801306,Pierre Lees Melou,,25,25.5,28.6,,save,right-foot,assisted,sofascore
8738862,787827,Matthieu Udol,,17,14.5,33.3,,save,left-foot,assisted,sofascore
8738862,848537,Boubakar Kouyaté,,15,3.2,54.7,,goal,left-foot,corner,sofascore
8738862,229722,Farid Boulaya,,15,7.5,69.4,,miss,right-foot,corner,sofascore
8738862,787827,Matthieu Udol,,15,23.2,70.3,,block,left-foot,corner,sofascore
8738862,913191,Vagner Dias,,12,7.1,73.2,,miss,right-foot,corner,sofascore
8738862,848537,Boubakar Kouyaté,,11,8.6,57.7,,miss,right-foot,set-piece,sofascore
8738862,229722,Farid Boulaya,,6,24.9,67.3,,miss,right-foot,assisted,sofascore
8738863,281013,Bersant Celina,,90,19.7,64.2,,save,left-foot,assisted,sofascore
8738863,31993,Bruno Ecuele Manga,,87,11.5,45.8,,miss,head,set-piece,sofascore
8738863,99545,Danilo Pereira,,82,3.9,45.1,,goal,head,corner,sofascore
8738863,557166,Mama Baldé,,79,28.1,58.2,,block,left-foot,regular,sofascore
8738863,138573,Pablo Sarabia,,78,15.0,52.8,,save,left-foot,assisted,sofascore
8738863,31993,Bruno Ecuele Manga,,55,9.1,45.8,,miss,head,corner,sofascore
8738863,826643,Kylian Mbappé,,51,14.0,56.1,,goal,left-foot,assisted,sofascore
8738863,352916,Presnel Kimpembe,,45,18.9,54.9,,block,left-foot,corner,sofascore
8738863,826643,Kylian Mbappé,,32,11.4,50.0,,goal,right-foot,penalty,sofascore
8738863,281277,Thilo Kehrer,,30,18.4,57.3,,block,left-foot,regular,sofascore
8738863,835601,Moise Kean,,6,8.2,47.0,,goal,right-foot,assisted,sofascore
8738863,904994,Eric Ebimbe,,4,20.5,65.7,,block,left-foot,assisted,sofascore
8738864,794836,Andrei Girotto,,90,9.2,54.5,,miss,head,set-piece,sofascore
8738864,14216,Dimitri Payet,,79,34.9,62.3,,miss,right-foot,assisted,sofascore
8738864,14216,Dimitri Payet,,69,11.2,49.0,,goal,right-foot,assisted,sofascore
8738864,871706,Randal Kolo Muani,,68,3.4,68.2,,miss,right-foot,assisted,sofascore
8738864,257091,Duje Ćaleta-Car,,63,12.1,42.3,,miss,head,set-piece,sofascore
8738864,346262,Saîf-Eddine Khaoui,,62,27.9,65.8,,save,left-foot,assisted,sofascore
8738864,140992,Valère Germain,,51,21.9,55.9,,save,right-foot,assisted,sofascore
8738864,806076,Ludovic Blas,,50,2.4,55.1,,goal,right-foot,regular,sofascore
8738864,140992,Valère Germain,,48,9.3,56.9,,miss,head,assisted,sofascore
8738864,806076,Ludovic Blas,,37,16.0,73.8,,miss,left-foot,assisted,sofascore
8738864,965943,Imrân Louza,,36,27.5,33.4,,miss,left-foot,assisted,sofascore
8738864,965943,Imrân Louza,,14,25.8,36.9,,block,left-foot,corner,sofascore
8738864,1102503,Ahmadou Bamba Dieng,,12,3.7,54.8,,miss,right-foot,assisted,sofascore
8738865,352916,Presnel Kimpembe,,86,28.4,43.9,,miss,left-foot,regular,sofascore
8738865,96367,Rafinha Alcântara,,86,21.4,38.6,,block,left-foot,regular,sofascore
8738865,99545,Danilo Pereira,,84,28.9,52.6,,miss,left-foot,assisted,sofascore
8738865,99545,Danilo Pereira,,77,12.5,46.6,,miss,head,corner,sofascore
8738865,835601,Moise Kean,,77,14.4,51.5,,block,right-foot,assisted,sofascore
8738865,835601,Moise Kean,,77,12.7,57.5,,miss,right-foot,assisted,sofascore
8738865,117373,Kevin Volland,,62,4.3,47.2,,miss,head,assisted,sofascore
8738865,835601,Moise Kean,,60,7.7,50.3,,save,head,assisted,sofascore
8738865,339909,Guillermo Maripán,,51,13.8,43.9,,goal,right-foot,set-piece,sofascore
8738865,106337,Idrissa Gana Gueye,,35,27.3,39.2,,miss,right-foot,assisted,sofascore
8738865,827243,Axel Disasi,,22,8.8,56.9,,save,head,corner,sofascore
8738865,945062,Youssouf Fofana,,19,25.6,45.0,,block,right-foot,corner,sofascore
8738865,135775,Layvin Kurzawa,,16,23.2,63.3,,miss,left-foot,free-kick,sofascore
8738865,233114,Mauro Icardi,,7,10.8,67.6,,miss,right-foot,assisted,sofascore
8738865,944164,Sofiane Diop,,6,5.4,52.6,,goal,head,assisted,sofascore
8738866,897594,Domagoj Bradarić,,90,15.2,38.9,,goal,left-foot,fast-break,sofascore
8738866,122807,Jonathan Delaplace,,90,14.8,59.9,,miss,right-foot,regular,sofascore
8738866,296434,Laurent Abergel,,89,27.5,54.0,,block,right-foot,regular,sofascore
8738866,932643,Armand Laurienté,,89,11.8,46.0,,block,right-foot,regular,sofascore
8738866,827804,Yusuf Yazıcı,,85,17.2,54.4,,block,right-foot,assisted,sofascore
8738866,827804,Yusuf Yazıcı,,80,21.9,43.4,,save,left-foot,assisted,sofascore
8738866,150865,Thomas Monconduit,,73,31.9,46.4,,miss,right-foot,assisted,sofascore
8738866,802142,Jonathan Ikoné,,59,18.7,51.0,,goal,left-foot,free-kick,sofascore
8738866,894396,Terem Moffi,,57,25.2,53.4,,save,left-foot,regular,sofascore
8738866,791048,Julien Laporte,,54,13.2,46.6,,save,head,set-piece,sofascore
8738866,984014,Enzo Le Fée,,47,19.6,62.6,,miss,right-foot,assisted,sofascore
8738866,840451,Luiz Araújo,,42,19.4,59.4,,save,left-foot,assisted,sofascore
8738866,27622,José Fonte,,38,21.8,59.1,,goal,right-foot,set-piece,sofascore
8738866,595576,Jonathan Bamba,,35,24.6,28.7,,save,right-foot,assisted,sofascore
8738866,893008,Zeki Çelik,,33,22.5,57.0,,miss,left-foot,regular,sofascore
8738866,802142,Jonathan Ikoné,,33,9.9,52.2,,block,left-foot,assisted,sofascore
8738866,858705,Xeka,,27,7.9,50.7,,miss,head,corner,sofascore
8738866,858705,Xeka,,27,28.3,52.6,,block,right-foot,regular,sofascore
8738866,156303,Jérôme Hergault,,23,14.7,27.3,,goal,right-foot,assisted,sofascore
8738866,827934,Andreaw Gravillon,,20,9.4,51.2,,goal,left-foot,regular,sofascore
8738866,935564,Jonathan David,,20,13.1,60.6,,miss,left-foot,regular,sofascore
8738866,858705,Xeka,,17,22.7,67.0,,miss,right-foot,regular,sofascore
8738866,802142,Jonathan Ikoné,,10,23.2,39.4,,miss,left-foot,assisted,sofascore
8738866,27622,José Fonte,,6,9.1,44.1,,save,head,corner,sofascore
8738866,840451,Luiz Araújo,,6,13.7,44.5,,block,left-foot,assisted,sofascore
8738867,785418,Marcus Coco,,90,14.7,50.0,,block,right-foot,assisted,sofascore
8738867,938270,Abdoul Kader Bamba,,86,2.6,41.9,,goal,left-foot,assisted,sofascore
8738867,47549,Sébastien Corchia,,76,17.4,70.1,,block,left-foot,regular,sofascore
8738867,794836,Andrei Girotto,,74,8.0,65.5,,miss,head,set-piece,sofascore
8738867,816115,Charles Traoré,,62,38.6,44.6,,miss,left-foot,regular,sofascore
8738867,257205,Sofiane Boufal,,50,10.2,37.8,,block,right-foot,regular,sofascore
8738867,366760,Souleyman Doumbia,,49,6.8,53.4,,save,head,assisted,sofascore
8738867,257205,Sofiane Boufal,,46,1.1,43.0,,block,left-foot,regular,sofascore
8738867,294641,Loïs Diony,,46,8.8,53.0,,save,head,assisted,sofascore
8738867,294641,Loïs Diony,,41,7.7,42.1,,miss,head,assisted,sofascore
8738867,51371,Vincent Manceau,,38,15.6,70.1,,block,right-foot,regular,sofascore
8738867,14142,Thomas Mangani,,33,11.2,50.0,,goal,left-foot,penalty,sofascore
8738867,787540,Angelo Fulgini,,27,21.0,30.7,,block,right-foot,regular,sofascore
8738867,965943,Imrân Louza,,7,11.5,50.0,,goal,left-foot,penalty,sofascore
8738867,330051,Moses Simon,,4,13.1,63.6,,goal,right-foot,fast-break,sofascore
8738868,119192,Wissam Ben Yedder,,90,6.2,46.0,,goal,left-foot,assisted,sofascore
8738868,117373,Kevin Volland,,76,7.0,55.7,,miss,head,assisted,sofascore
8738868,894396,Terem Moffi,,73,43.7,57.2,,miss,left-foot,regular,sofascore
8738868,894396,Terem Moffi,,62,10.9,34.8,,goal,left-foot,regular,sofascore
8738868,119192,Wissam Ben Yedder,,48,11.5,50.0,,goal,right-foot,penalty,sofascore
8738868,944164,Sofiane Diop,,42,14.7,38.4,,block,right-foot,assisted,sofascore
8738868,984014,Enzo Le Fée,,41,29.9,53.4,,miss,right-foot,assisted,sofascore
8738868,119192,Wissam Ben Yedder,,36,20.1,34.2,,save,right-foot,free-kick,sofascore
8738868,119192,Wissam Ben Yedder,,33,8.6,48.3,,miss,head,assisted,sofascore
8738868,117373,Kevin Volland,,33,6.6,63.7,,block,right-foot,assisted,sofascore
8738868,859025,Aurélien Tchouaméni,,32,23.3,68.1,,miss,right-foot,assisted,sofascore
8738868,859025,Aurélien Tchouaméni,,25,10.6,51.1,,block,right-foot,corner,sofascore
8738868,117373,Kevin Volland,,24,12.0,43.3,,save,head,set-piece,sofascore
8738868,894396,Terem Moffi,,13,18.3,53.6,,miss,left-foot,regular,sofascore
8738868,944164,Sofiane Diop,,8,10.1,59.4,,block,right-foot,assisted,sofascore
8738868,894396,Terem Moffi,,7,11.5,50.0,,goal,left-foot,penalty,sofascore
8738868,904827,Benoît Badiashile,,3,11.6,52.0,,miss,left-foot,corner,sofascore
8738869,157143,Moussa Konaté,,90,7.4,37.3,,miss,head,set-piece,sofascore
8738869,825945,Simon Banza,,87,21.4,31.0,,save,right-foot,assisted,sofascore
8738869,1006489,Loïc Badé,,84,28.9,59.0,,save,right-foot,assisted,sofascore
8738869,788921,Florian Sotoca,,69,4.3,45.7,,miss,head,assisted,sofascore
8738869,906047,Cheick Doucouré,,69,21.4,69.9,,block,right-foot,regular,sofascore
8738869,788921,Florian Sotoca,,69,13.5,34.0,,block,right-foot,assisted,sofascore
8738869,157143,Moussa Konaté,,68,7.6,47.2,,miss,head,corner,sofascore
8738869,980418,Sacha Boey,,68,24.1,55.7,,block,right-foot,corner,sofascore
8738869,603736,Aboubakar Kamara,,67,18.8,73.8,,block,right-foot,assisted,sofascore
8738869,825945,Simon Banza,,64,8.7,53.1,,goal,right-foot,set-piece,sofascore
8738869,880525,Ngonda Muzinga,,61,24.1,53.6,,goal,left-foot,regular,sofascore
8738869,46387,Gaël Kakuta,,53,28.1,41.0,,miss,left-foot,assisted,sofascore
8738869,980418,Sacha Boey,,49,20.7,60.6,,miss,right-foot,corner,sofascore
8738869,31993,Bruno Ecuele Manga,,48,9.3,48.7,,save,head,corner,sofascore
8738869,31993,Bruno Ecuele Manga,,35,12.2,46.9,,miss,head,set-piece,sofascore
8738869,191188,Seko Fofana,,30,10.1,41.3,,goal,right-foot,regular,sofascore
8738869,906047,Cheick Doucouré,,27,18.8,51.6,,miss,right-foot,assisted,sofascore
8738869,821728,Jonathan Clauss,,26,19.0,71.1,,block,right-foot,assisted,sofascore
8738869,46387,Gaël Kakuta,,23,3.4,31.4,,miss,left-foot,assisted,sofascore
8738869,122815,Wesley Lautoa,,16,13.2,53.6,,miss,head,set-piece,sofascore
8738869,845274,Mounir Chouiar,,13,13.1,49.5,,block,right-foot,assisted,sofascore
8738869,309510,Jordan Marié,,4,25.4,60.8,,block,right-foot,fast-break,sofascore
8738869,603736,Aboubakar Kamara,,4,14.1,55.7,,save,left-foot,fast-break,sofascore
8738870,848537,Boubakar Kouyaté,,90,4.3,55.8,,miss,head,corner,sofascore
8738870,862821,Youssef Maziz,,87,23.9,38.0,,miss,left-foot,set-piece,sofascore
8738870,231946,Adrien Thomasson,,84,13.8,54.5,,goal,head,assisted,sofascore
8738870,229722,Farid Boulaya,,82,30.8,51.0,,block,right-foot,assisted,sofascore
8738870,156004,Jean-Eudes Aholou,,81,12.1,59.4,,miss,right-foot,assisted,sofascore
8738870,372430,Frédéric Guilbert,,73,25.1,67.6,,miss,right-foot,regular,sofascore
8738870,108736,Stefan Mitrović,,72,11.5,54.4,,block,right-foot,corner,sofascore
8738870,802159,Habibou Diallo,,61,12.4,38.2,,block,right-foot,regular,sofascore
8738870,343971,Ludovic Ajorque,,61,12.8,59.8,,block,left-foot,assisted,sofascore
8738870,359246,Habib Maïga,,60,3.4,38.6,,miss,head,corner,sofascore
8738870,153218,Thomas Delaine,,60,2.8,40.6,,save,left-foot,assisted,sofascore
8738870,913191,Vagner Dias,,58,20.7,30.1,,block,right-foot,assisted,sofascore
8738870,365358,Dimitri Liénard,,56,43.7,16.5,,miss,left-foot,assisted,sofascore
8738870,802159,Habibou Diallo,,49,7.1,49.6,,miss,head,set-piece,sofascore
8738870,991359,Papa Ndiaga Yade,,47,11.2,60.0,,miss,head,set-piece,sofascore
8738870,365358,Dimitri Liénard,,45,26.8,29.5,,miss,left-foot,free-kick,sofascore
8738870,229722,Farid Boulaya,,43,26.1,38.8,,block,right-foot,free-kick,sofascore
8738870,991359,Papa Ndiaga Yade,,41,8.6,50.9,,miss,head,assisted,sofascore
8738870,229722,Farid Boulaya,,36,18.9,33.4,,block,right-foot,assisted,sofascore
8738870,231946,Adrien Thomasson,,33,5.3,48.0,,goal,right-foot,assisted,sofascore
8738870,156004,Jean-Eudes Aholou,,32,17.9,62.5,,block,left-foot,set-piece,sofascore
8738870,372430,Frédéric Guilbert,,20,14.0,68.8,,block,head,assisted,sofascore
8738870,153218,Thomas Delaine,,17,13.8,63.5,,goal,right-foot,fast-break,sofascore
8738870,802159,Habibou Diallo,,15,11.5,60.0,,block,left-foot,assisted,sofascore
8738870,913191,Vagner Dias,,8,14.4,75.2,,miss,right-foot,assisted,sofascore
8738870,359246,Habib Maïga,,5,7.1,42.2,,miss,head,corner,sofascore
8738870,359246,Habib Maïga,,2,29.6,38.0,,block,right-foot,assisted,sofascore
8738871,238708,Islam Slimani,,90,14.2,38.6,,miss,right-foot,regular,sofascore
8738871,979128,Rayan Cherki,,90,14.2,69.8,,block,left-foot,assisted,sofascore
8738871,238708,Islam Slimani,,90,6.5,44.9,,save,head,assisted,sofascore
8738871,238708,Islam Slimani,,90,12.2,54.0,,save,head,assisted,sofascore
8738871,238708,Islam Slimani,,86,2.9,49.7,,miss,head,set-piece,sofascore
8738871,238708,Islam Slimani,,78,4.1,54.3,,miss,head,assisted,sofascore
8738871,842931,Karl Toko Ekambi,,75,3.2,53.8,,miss,left-foot,assisted,sofascore
8738871,842931,Karl Toko Ekambi,,73,11.4,34.0,,block,right-foot,assisted,sofascore
8738871,846081,Houssem Aouar,,70,11.5,64.7,,miss,right-foot,assisted,sofascore
8738871,979315,Elye Wahi,,65,2.6,46.6,,goal,right-foot,set-piece,sofascore
8738871,363774,Mihailo Ristić,,58,24.9,40.3,,miss,left-foot,assisted,sofascore
8738871,123229,Jordan Ferri,,56,10.0,30.7,,save,left-foot,assisted,sofascore
8738871,810535,Tino Kadewere,,54,10.6,63.3,,block,right-foot,assisted,sofascore
8738871,846081,Houssem Aouar,,47,11.8,64.8,,save,right-foot,fast-break,sofascore
8738871,605338,Stephy Mavididi,,46,14.9,44.9,,block,right-foot,regular,sofascore
8738871,156682,Teji Savanier,,45,50.0,49.9,,save,right-foot,regular,sofascore
8738871,839981,Lucas Paquetá,,45,3.0,49.9,,goal,left-foot,regular,sofascore
8738871,846081,Houssem Aouar,,45,6.5,54.6,,save,head,assisted,sofascore
8738871,846081,Houssem Aouar,,43,22.1,35.5,,miss,right-foot,assisted,sofascore
8738871,156682,Teji Savanier,,40,22.8,28.9,,miss,left-foot,regular,sofascore
8738871,842931,Karl Toko Ekambi,,34,11.8,41.5,,block,right-foot,fast-break,sofascore
8738871,605338,Stephy Mavididi,,33,12.6,36.6,,miss,right-foot,regular,sofascore
8738871,842931,Karl Toko Ekambi,,31,19.4,49.9,,save,right-foot,assisted,sofascore
8738871,996951,Sinaly Diomandé,,28,31.6,66.2,,block,right-foot,assisted,sofascore
8738871,149730,Gaëtan Laborde,,22,9.1,73.3,,miss,right-foot,assisted,sofascore
8738871,156682,Teji Savanier,,20,8.2,52.4,,goal,head,assisted,sofascore
8738871,234230,Florent Mollet,,16,7.6,62.4,,block,right-foot,assisted,sofascore
8738871,84744,Andy Delort,,12,12.4,76.9,,miss,right-foot,fast-break,sofascore
8738871,810535,Tino Kadewere,,12,14.4,63.9,,block,left-foot,assisted,sofascore
8738871,846081,Houssem Aouar,,10,13.1,65.7,,block,right-foot,regular,sofascore
8738871,842931,Karl Toko Ekambi,,9,11.2,49.9,,block,right-foot,assisted,sofascore
8738871,996951,Sinaly Diomandé,,8,15.4,49.3,,save,head,set-piece,sofascore
8738871,839981,Lucas Paquetá,,6,11.3,60.6,,save,left-foot,assisted,sofascore
8738871,84744,Andy Delort,,5,7.6,59.3,,save,head,assisted,sofascore
8738871,810535,Tino Kadewere,,1,3.7,44.2,,miss,right-foot,corner,sofascore
8738871,810535,Tino Kadewere,,1,14.1,58.1,,block,right-foot,assisted,sofascore
8738872,810535,Tino Kadewere,,90,11.0,63.5,,save,right-foot,assisted,sofascore
8738872,827519,Romain Perraud,,85,20.8,35.5,,miss,left-foot,corner,sofascore
8738872,225092,Christophe Herelle,,85,13.7,46.6,,block,right-foot,corner,sofascore
8738872,345035,Steve Mounié,,83,14.1,50.3,,block,left-foot,assisted,sofascore
8738872,345035,Steve Mounié,,83,27.9,43.5,,block,right-foot,assisted,sofascore
8738872,72805,Paul Lasne,,81,7.4,57.2,,miss,head,corner,sofascore
8738872,44213,Gaëtan Charbonnier,,80,24.9,41.9,,block,right-foot,free-kick,sofascore
8738872,345035,Steve Mounié,,78,5.0,54.5,,miss,head,corner,sofascore
8738872,605552,Irvin Cardona,,74,8.8,62.5,,goal,right-foot,assisted,sofascore
8738872,827519,Romain Perraud,,71,10.3,36.7,,miss,right-foot,assisted,sofascore
8738872,345035,Steve Mounié,,68,13.5,36.9,,miss,left-foot,assisted,sofascore
8738872,580642,Haris Belkebla,,64,22.2,53.0,,miss,right-foot,regular,sofascore
8738872,842931,Karl Toko Ekambi,,63,15.0,38.4,,save,right-foot,assisted,sofascore
8738872,138833,Memphis Depay,,61,6.0,63.1,,save,right-foot,assisted,sofascore
8738872,842931,Karl Toko Ekambi,,59,13.5,61.0,,miss,right-foot,regular,sofascore
8738872,842931,Karl Toko Ekambi,,55,4.8,54.8,,block,right-foot,regular,sofascore
8738872,842931,Karl Toko Ekambi,,55,8.4,54.4,,block,left-foot,assisted,sofascore
8738872,328035,Brendan Chardonnet,,53,8.8,51.1,,goal,head,corner,sofascore
8738872,280453,Franck Honorat,,50,17.9,47.2,,miss,right-foot,regular,sofascore
8738872,138833,Memphis Depay,,44,11.5,50.0,,goal,right-foot,penalty,sofascore
8738872,345035,Steve Mounié,,42,27.3,60.0,,save,right-foot,assisted,sofascore
8738872,138833,Memphis Depay,,41,22.6,65.8,,save,right-foot,free-kick,sofascore
8738872,842931,Karl Toko Ekambi,,37,5.4,59.4,,miss,head,set-piece,sofascore
8738872,846081,Houssem Aouar,,29,10.5,45.8,,goal,right-foot,assisted,sofascore
8738872,345035,Steve Mounié,,24,7.5,54.0,,save,head,assisted,sofascore
8738872,138833,Memphis Depay,,24,24.8,58.1,,miss,right-foot,assisted,sofascore
8738872,866469,Bruno Guimarães,,23,26.8,43.5,,block,right-foot,assisted,sofascore
8738872,842931,Karl Toko Ekambi,,22,5.2,61.4,,miss,right-foot,corner,sofascore
8738872,225092,Christophe Herelle,,20,6.4,57.9,,block,other,corner,sofascore
8738872,846081,Houssem Aouar,,18,13.4,46.2,,block,right-foot,assisted,sofascore
8738872,839981,Lucas Paquetá,,17,13.7,48.5,,block,left-foot,assisted,sofascore
8738872,839981,Lucas Paquetá,,9,3.3,43.5,,goal,left-foot,regular,sofascore
8738872,280453,Franck Honorat,,4,19.9,48.0,,save,right-foot,set-piece,sofascore
8738872,345035,Steve Mounié,,3,8.0,55.9,,save,head,assisted,sofascore
8738872,913942,Romain Faivre,,1,18.1,63.9,,save,right-foot,assisted,sofascore
8738873,906047,Cheick Doucouré,,90,26.3,43.4,,block,right-foot,regular,sofascore
8738873,157029,Xavier Chavalerin,,90,11.7,25.0,,save,right-foot,assisted,sofascore
8738873,982615,El Bilal Touré,,89,11.9,48.7,,miss,head,assisted,sofascore
8738873,836678,Clément Michelin,,89,9.5,67.2,,save,right-foot,assisted,sofascore
8738873,860307,Facundo Medina,,85,17.2,49.8,,block,right-foot,corner,sofascore
8738873,191178,Corentin Jean,,84,6.8,67.2,,block,right-foot,corner,sofascore
8738873,960080,Boulaye Dia,,78,25.2,51.2,,save,left-foot,assisted,sofascore
8738873,788921,Florian Sotoca,,64,7.1,55.5,,save,right-foot,assisted,sofascore
8738873,906047,Cheick Doucouré,,63,23.5,46.6,,block,right-foot,regular,sofascore
8738873,788921,Florian Sotoca,,63,5.5,60.0,,save,right-foot,assisted,sofascore
8738873,825945,Simon Banza,,63,13.0,29.4,,save,left-foot,assisted,sofascore
8738873,788921,Florian Sotoca,,61,4.6,54.0,,goal,right-foot,assisted,sofascore
8738873,143344,Massadio Haïdara,,48,12.5,32.2,,block,left-foot,assisted,sofascore
8738873,46387,Gaël Kakuta,,45,11.6,50.1,,miss,left-foot,penalty,sofascore
8738873,143344,Massadio Haïdara,,39,13.5,48.5,,miss,head,corner,sofascore
8738873,143344,Massadio Haïdara,,38,4.0,54.6,,post,other,corner,sofascore
8738873,816810,Mathieu Cafaro,,37,25.2,26.3,,save,right-foot,corner,sofascore
8738873,157029,Xavier Chavalerin,,36,16.8,64.3,,miss,left-foot,corner,sofascore
8738873,227892,Arbër Zeneli,,36,9.0,30.1,,block,right-foot,assisted,sofascore
8738873,816810,Mathieu Cafaro,,29,25.5,67.4,,save,right-foot,assisted,sofascore
8738873,46387,Gaël Kakuta,,27,77.7,17.7,,miss,left-foot,assisted,sofascore
8738873,788921,Florian Sotoca,,22,5.5,44.0,,miss,right-foot,assisted,sofascore
8738873,227892,Arbër Zeneli,,13,6.7,47.0,,goal,head,regular,sofascore
8738873,960080,Boulaye Dia,,13,9.3,30.8,,save,left-foot,assisted,sofascore
8738873,46387,Gaël Kakuta,,9,29.1,48.2,,save,left-foot,assisted,sofascore
8738873,191188,Seko Fofana,,7,23.1,44.2,,miss,right-foot,assisted,sofascore
8738874,74045,Nicolas de Préville,,90,7.3,59.2,,miss,head,corner,sofascore
8738874,3305,Hatem Ben Arfa,,89,18.8,48.7,,miss,right-foot,assisted,sofascore
8738874,842709,Rémi Oudin,,83,15.4,32.6,,miss,left-foot,assisted,sofascore
8738874,3305,Hatem Ben Arfa,,82,24.9,66.4,,miss,left-foot,assisted,sofascore
8738874,3305,Hatem Ben Arfa,,80,21.2,66.0,,miss,left-foot,assisted,sofascore
8738874,140992,Valère Germain,,80,13.5,35.9,,miss,left-foot,assisted,sofascore
8738874,842709,Rémi Oudin,,77,13.2,44.2,,block,left-foot,corner,sofascore
8738874,842709,Rémi Oudin,,75,3.4,36.9,,miss,left-foot,corner,sofascore
8738874,74045,Nicolas de Préville,,74,8.3,39.2,,block,right-foot,assisted,sofascore
8738874,352676,Olivier Ntcham,,73,18.9,70.9,,miss,right-foot,free-kick,sofascore
8738874,74045,Nicolas de Préville,,70,11.2,45.2,,miss,head,assisted,sofascore
8738874,3305,Hatem Ben Arfa,,69,15.5,70.3,,miss,left-foot,assisted,sofascore
8738874,859024,Yacine Adli,,63,13.5,64.5,,block,left-foot,assisted,sofascore
8738874,925837,Mehdi Zerkane,,61,24.8,45.6,,save,left-foot,set-piece,sofascore
8738874,842709,Rémi Oudin,,59,11.7,35.3,,block,left-foot,assisted,sofascore
8738874,791314,Hwang Ui-Jo,,58,8.2,44.5,,post,right-foot,assisted,sofascore
8738874,305282,Jean Michaël Seri,,57,21.9,25.2,,miss,right-foot,free-kick,sofascore
8738874,140992,Valère Germain,,55,8.0,35.7,,miss,right-foot,assisted,sofascore
8738874,925837,Mehdi Zerkane,,45,9.3,34.5,,miss,left-foot,assisted,sofascore
8738874,34639,Yuto Nagatomo,,40,20.1,36.5,,block,left-foot,assisted,sofascore
8738874,842709,Rémi Oudin,,30,5.3,59.8,,miss,head,corner,sofascore
8738874,791314,Hwang Ui-Jo,,23,11.7,34.5,,miss,left-foot,assisted,sofascore
8738874,842709,Rémi Oudin,,17,20.4,59.6,,block,right-foot,assisted,sofascore
8738875,980418,Sacha Boey,,90,25.4,58.3,,miss,left-foot,assisted,sofascore
8738875,316196,Niclas Eliasson,,87,6.3,54.2,,goal,left-foot,assisted,sofascore
8738875,944142,Yassine Benrahou,,84,13.2,32.0,,save,left-foot,regular,sofascore
8738875,842400,Zinedine Ferhat,,84,18.4,61.4,,block,left-foot,regular,sofascore
8738875,157143,Moussa Konaté,,83,8.4,37.3,,miss,right-foot,assisted,sofascore
8738875,316196,Niclas Eliasson,,82,7.5,50.5,,miss,head,set-piece,sofascore
8738875,247445,Renaud Ripart,,76,5.0,44.1,,goal,right-foot,fast-break,sofascore
8738875,281013,Bersant Celina,,69,13.2,41.0,,save,left-foot,assisted,sofascore
8738875,880525,Ngonda Muzinga,,66,19.4,29.9,,miss,left-foot,assisted,sofascore
8738875,247445,Renaud Ripart,,63,28.2,55.9,,miss,right-foot,assisted,sofascore
8738875,606530,Birger Meling,,58,7.5,31.6,,miss,right-foot,assisted,sofascore
8738875,31993,Bruno Ecuele Manga,,53,10.8,56.7,,save,head,set-piece,sofascore
8738875,842400,Zinedine Ferhat,,49,11.8,64.3,,save,right-foot,assisted,sofascore
8738875,845274,Mounir Chouiar,,43,17.9,73.8,,miss,right-foot,assisted,sofascore
8738875,557166,Mama Baldé,,41,8.8,45.6,,miss,head,corner,sofascore
8738875,557166,Mama Baldé,,36,3.4,64.7,,miss,right-foot,assisted,sofascore
8738875,603736,Aboubakar Kamara,,20,13.8,52.4,,miss,left-foot,regular,sofascore
8738875,980418,Sacha Boey,,13,12.5,65.1,,save,right-foot,assisted,sofascore
8738876,827804,Yusuf Yazıcı,,90,11.2,44.8,,miss,left-foot,assisted,sofascore
8738876,51665,Benjamin André,,89,10.1,54.3,,miss,other,corner,sofascore
8738876,27622,José Fonte,,84,10.0,63.6,,miss,head,corner,sofascore
8738876,27622,José Fonte,,77,18.7,66.0,,block,right-foot,regular,sofascore
8738876,595576,Jonathan Bamba,,77,13.6,37.3,,block,left-foot,regular,sofascore
8738876,595576,Jonathan Bamba,,77,10.4,44.2,,block,right-foot,assisted,sofascore
8738876,927975,Jean Lucas,,72,22.2,69.3,,block,right-foot,assisted,sofascore
8738876,595576,Jonathan Bamba,,71,19.7,25.8,,miss,right-foot,regular,sofascore
8738876,840451,Luiz Araújo,,59,20.4,87.5,,block,left-foot,assisted,sofascore
8738876,595576,Jonathan Bamba,,49,23.8,57.0,,miss,right-foot,assisted,sofascore
8738876,858705,Xeka,,47,13.3,43.7,,miss,left-foot,assisted,sofascore
8738876,913942,Romain Faivre,,34,18.1,53.9,,miss,left-foot,regular,sofascore
8738876,827519,Romain Perraud,,34,22.1,27.7,,save,left-foot,assisted,sofascore
8738876,935564,Jonathan David,,31,19.5,38.6,,miss,left-foot,assisted,sofascore
8738876,802142,Jonathan Ikoné,,27,4.5,64.9,,miss,right-foot,assisted,sofascore
8738876,840451,Luiz Araújo,,18,24.8,67.0,,miss,left-foot,assisted,sofascore
8738876,802142,Jonathan Ikoné,,8,19.8,52.8,,block,left-foot,assisted,sofascore
8738876,802142,Jonathan Ikoné,,1,22.4,57.1,,miss,left-foot,assisted,sofascore
8738877,148824,Florian Thauvin,,90,9.5,57.1,,miss,head,set-piece,sofascore
8738877,150212,Álvaro González,,86,8.7,44.6,,miss,head,corner,sofascore
8738877,879694,Pape Gueye,,85,27.9,56.3,,block,left-foot,assisted,sofascore
8738877,879694,Pape Gueye,,77,15.7,50.1,,miss,right-foot,corner,sofascore
8738877,138833,Memphis Depay,,63,30.3,40.4,,miss,right-foot,free-kick,sofascore
8738877,161325,Arkadiusz Milik,,61,15.7,48.9,,save,right-foot,assisted,sofascore
8738877,161325,Arkadiusz Milik,,61,12.7,34.9,,block,left-foot,assisted,sofascore
8738877,346262,Saîf-Eddine Khaoui,,57,9.8,32.6,,miss,left-foot,assisted,sofascore
8738877,138833,Memphis Depay,,56,23.9,47.8,,miss,left-foot,assisted,sofascore
8738877,161325,Arkadiusz Milik,,44,11.5,50.1,,goal,left-foot,penalty,sofascore
8738877,879694,Pape Gueye,,42,15.4,49.3,,block,left-foot,corner,sofascore
8738877,148824,Florian Thauvin,,38,10.5,65.5,,block,left-foot,assisted,sofascore
8738877,138833,Memphis Depay,,37,11.7,38.2,,miss,head,assisted,sofascore
8738877,846081,Houssem Aouar,,35,12.7,31.1,,block,right-foot,assisted,sofascore
8738877,846081,Houssem Aouar,,34,18.4,35.2,,block,right-foot,assisted,sofascore
8738877,148824,Florian Thauvin,,34,3.5,43.6,,miss,head,corner,sofascore
8738877,148824,Florian Thauvin,,30,28.0,32.7,,block,left-foot,assisted,sofascore
8738877,842931,Karl Toko Ekambi,,21,13.1,37.7,,goal,right-foot,assisted,sofascore
8738877,138833,Memphis Depay,,18,21.2,30.3,,miss,right-foot,assisted,sofascore
8738877,842931,Karl Toko Ekambi,,16,12.1,30.1,,miss,right-foot,assisted,sofascore
8738877,842931,Karl Toko Ekambi,,10,22.5,46.1,,block,right-foot,assisted,sofascore
8738877,839981,Lucas Paquetá,,6,25.1,40.2,,miss,left-foot,corner,sofascore
8738877,839981,Lucas Paquetá,,6,22.0,60.3,,block,right-foot,assisted,sofascore
8738878,945217,Jean-Clair Todibo,,85,7.5,56.5,,miss,head,corner,sofascore
8738878,835601,Moise Kean,,76,3.5,49.3,,goal,head,assisted,sofascore
8738878,233114,Mauro Icardi,,75,19.4,50.4,,block,right-foot,regular,sofascore
8738878,135775,Layvin Kurzawa,,75,11.9,38.8,,block,right-foot,regular,sofascore
8738878,190147,Rony Lopes,,74,23.6,68.5,,save,left-foot,assisted,sofascore
8738878,826643,Kylian Mbappé,,69,3.5,29.3,,miss,left-foot,assisted,sofascore
8738878,985923,Hicham Boudaoui,,67,29.9,49.7,,save,right-foot,regular,sofascore
8738878,233114,Mauro Icardi,,64,8.3,51.5,,miss,head,corner,sofascore
8738878,835601,Moise Kean,,63,17.7,74.7,,save,right-foot,assisted,sofascore
8738878,801306,Pierre Lees Melou,,61,18.3,47.4,,block,left-foot,regular,sofascore
8738878,859026,Amine Gouiri,,61,7.1,37.0,,save,left-foot,fast-break,sofascore
8738878,826643,Kylian Mbappé,,58,18.4,30.0,,block,right-foot,assisted,sofascore
8738878,859026,Amine Gouiri,,58,9.4,52.7,,save,head,assisted,sofascore
8738878,859026,Amine Gouiri,,58,8.8,43.1,,miss,right-foot,assisted,sofascore
8738878,826643,Kylian Mbappé,,54,20.2,32.3,,miss,right-foot,assisted,sofascore
8738878,190147,Rony Lopes,,50,11.3,63.6,,goal,right-foot,regular,sofascore
8738878,190147,Rony Lopes,,49,12.5,64.3,,miss,left-foot,assisted,sofascore
8738878,233114,Mauro Icardi,,46,7.7,40.1,,miss,right-foot,assisted,sofascore
8738878,822877,Alexis Claude-Maurice,,44,12.0,70.1,,miss,right-foot,assisted,sofascore
8738878,859026,Amine Gouiri,,42,11.8,44.3,,miss,right-foot,assisted,sofascore
8738878,826643,Kylian Mbappé,,39,8.3,47.8,,miss,right-foot,assisted,sofascore
8738878,135775,Layvin Kurzawa,,39,14.0,32.0,,miss,left-foot,assisted,sofascore
8738878,801306,Pierre Lees Melou,,36,25.9,36.3,,block,left-foot,regular,sofascore
8738878,255389,Leandro Paredes,,33,25.2,60.4,,miss,right-foot,regular,sofascore
8738878,851262,Myziane Maolida,,24,19.5,63.5,,miss,left-foot,regular,sofascore
8738878,142680,Julian Draxler,,22,8.7,46.6,,goal,right-foot,regular,sofascore
8738878,233114,Mauro Icardi,,22,3.0,46.4,,post,left-foot,assisted,sofascore
8738878,826643,Kylian Mbappé,,20,23.2,28.9,,save,right-foot,assisted,sofascore
8738878,826643,Kylian Mbappé,,3,12.0,34.4,,miss,right-foot,assisted,sofascore
8738878,255389,Leandro Paredes,,1,25.8,31.8,,miss,right-foot,regular,sofascore
8738879,328027,Serhou Guirassy,,89,8.2,49.3,,post,head,corner,sofascore
8738879,801306,Pierre Lees Melou,,86,18.9,47.9,,miss,right-foot,assisted,sofascore
8738879,324399,Benjamin Bourigeaud,,82,18.9,46.9,,block,right-foot,assisted,sofascore
8738879,328027,Serhou Guirassy,,81,21.0,65.4,,save,right-foot,free-kick,sofascore
8738879,39009,Clément Grenier,,77,24.6,36.3,,block,right-foot,assisted,sofascore
8738879,859026,Amine Gouiri,,74,15.3,29.2,,save,right-foot,fast-break,sofascore
8738879,859026,Amine Gouiri,,74,17.6,54.3,,post,right-foot,assisted,sofascore
8738879,801306,Pierre Lees Melou,,71,24.3,54.3,,save,right-foot,assisted,sofascore
8738879,324399,Benjamin Bourigeaud,,65,21.6,49.3,,block,left-foot,assisted,sofascore
8738879,973887,Eduardo Camavinga,,62,14.8,59.6,,block,left-foot,assisted,sofascore
8738879,328027,Serhou Guirassy,,62,25.9,40.1,,save,right-foot,assisted,sofascore
8738879,901885,Flavius Daniliuc,,58,11.8,57.5,,goal,head,set-piece,sofascore
8738879,934386,Jérémy Doku,,54,19.9,67.8,,block,left-foot,assisted,sofascore
8738879,822877,Alexis Claude-Maurice,,53,14.7,46.4,,save,right-foot,assisted,sofascore
8738879,74083,Damien Da Silva,,50,12.4,44.7,,miss,head,corner,sofascore
8738879,51652,Steven​ N'Zonzi,,49,18.4,54.3,,block,right-foot,regular,sofascore
8738879,934386,Jérémy Doku,,44,12.6,59.7,,miss,right-foot,regular,sofascore
8738879,985923,Hicham Boudaoui,,44,27.7,33.6,,save,right-foot,assisted,sofascore
8738879,846445,Martin Terrier,,39,22.4,33.4,,goal,right-foot,regular,sofascore
8738879,328027,Serhou Guirassy,,38,24.4,71.9,,save,right-foot,free-kick,sofascore
8738879,999028,Adrien Truffert,,36,19.0,39.0,,miss,left-foot,set-piece,sofascore
8738879,39009,Clément Grenier,,36,24.9,66.4,,block,right-foot,free-kick,sofascore
8738879,27009,Morgan Schneiderlin,,30,20.5,66.7,,miss,right-foot,regular,sofascore
8738879,851262,Myziane Maolida,,29,18.9,61.1,,post,right-foot,fast-break,sofascore
8738879,904991,Stanley Nsoki,,26,12.0,46.4,,block,left-foot,corner,sofascore
8738879,859026,Amine Gouiri,,25,4.6,52.6,,block,right-foot,regular,sofascore
8738879,851262,Myziane Maolida,,25,10.3,56.7,,save,left-foot,assisted,sofascore
8738879,39009,Clément Grenier,,23,25.5,64.5,,miss,right-foot,free-kick,sofascore
8738879,859026,Amine Gouiri,,19,11.2,50.3,,goal,right-foot,penalty,sofascore
8738879,51652,Steven​ N'Zonzi,,8,13.9,40.7,,save,right-foot,assisted,sofascore
8738879,859026,Amine Gouiri,,6,11.8,31.0,,miss,right-foot,assisted,sofascore
8738880,603738,Junior Sambia,,90,21.0,69.7,,miss,left-foot,assisted,sofascore
8738880,66309,Petar Škuletić,,90,6.8,47.3,,save,head,assisted,sofascore
8738880,66309,Petar Škuletić,,90,4.8,50.7,,goal,right-foot,set-piece,sofascore
8738880,38688,Damien Le Tallec,,90,4.0,42.5,,miss,head,set-piece,sofascore
8738880,157143,Moussa Konaté,,88,11.5,50.0,,goal,right-foot,penalty,sofascore
8738880,157143,Moussa Konaté,,87,9.3,45.7,,block,right-foot,set-piece,sofascore
8738880,38688,Damien Le Tallec,,86,7.9,54.5,,save,head,corner,sofascore
8738880,363774,Mihailo Ristić,,85,18.9,61.6,,block,left-foot,corner,sofascore
8738880,149730,Gaëtan Laborde,,85,12.2,61.8,,save,head,assisted,sofascore
8738880,557166,Mama Baldé,,83,14.1,60.6,,block,right-foot,assisted,sofascore
8738880,51299,Frédéric Sammaritano,,78,3.8,31.9,,save,left-foot,regular,sofascore
8738880,979315,Elye Wahi,,76,8.2,45.7,,miss,head,set-piece,sofascore
8738880,31993,Bruno Ecuele Manga,,74,10.2,41.0,,miss,head,set-piece,sofascore
8738880,904994,Eric Ebimbe,,73,26.1,70.0,,miss,right-foot,assisted,sofascore
8738880,31993,Bruno Ecuele Manga,,68,6.1,55.9,,miss,head,corner,sofascore
8738880,156682,Teji Savanier,,61,8.7,43.1,,goal,right-foot,assisted,sofascore
8738880,3420,Vitorino Hilton,,59,8.9,51.7,,save,right-foot,set-piece,sofascore
8738880,234230,Florent Mollet,,58,18.7,66.8,,miss,right-foot,assisted,sofascore
8738880,149730,Gaëtan Laborde,,56,8.7,59.1,,goal,right-foot,assisted,sofascore
8738880,845274,Mounir Chouiar,,55,22.3,39.7,,block,right-foot,assisted,sofascore
8738880,904994,Eric Ebimbe,,53,24.9,46.2,,block,right-foot,regular,sofascore
8738880,156682,Teji Savanier,,50,14.4,47.3,,miss,left-foot,assisted,sofascore
8738880,149730,Gaëtan Laborde,,48,1.0,53.8,,goal,right-foot,corner,sofascore
8738880,149730,Gaëtan Laborde,,48,2.6,53.3,,save,left-foot,corner,sofascore
8738880,84744,Andy Delort,,46,4.8,52.8,,block,right-foot,regular,sofascore
8738880,84744,Andy Delort,,46,7.7,46.4,,save,head,assisted,sofascore
8738880,3420,Vitorino Hilton,,45,9.0,50.9,,miss,head,corner,sofascore
8738880,557166,Mama Baldé,,43,12.2,21.9,,save,left-foot,assisted,sofascore
8738880,84744,Andy Delort,,38,14.1,56.3,,block,left-foot,regular,sofascore
8738880,904994,Eric Ebimbe,,32,14.3,62.4,,save,left-foot,assisted,sofascore
8738880,3420,Vitorino Hilton,,26,6.3,49.9,,miss,head,corner,sofascore
8738880,149730,Gaëtan Laborde,,20,10.3,41.9,,miss,head,assisted,sofascore
8738880,937741,Senou Coulibaly,,14,7.7,61.7,,miss,head,set-piece,sofascore
8738880,149730,Gaëtan Laborde,,10,10.7,36.1,,miss,right-foot,corner,sofascore
8738880,937741,Senou Coulibaly,,5,8.2,47.2,,goal,head,corner,sofascore
8738880,156682,Teji Savanier,,4,20.3,71.1,,save,left-foot,assisted,sofascore
8738880,234230,Florent Mollet,,4,9.1,51.3,,block,left-foot,assisted,sofascore
8738881,991359,Papa Ndiaga Yade,,89,24.1,56.3,,miss,left-foot,assisted,sofascore
8738881,1002711,Pape Matar Sarr,,88,33.8,48.2,,miss,right-foot,assisted,sofascore
8738881,991359,Papa Ndiaga Yade,,85,19.6,24.7,,miss,left-foot,assisted,sofascore
8738881,795128,Harold Moukoudi,,82,11.1,48.5,,miss,head,set-piece,sofascore
8738881,790198,Pape Abou Cissé,,78,8.8,49.7,,save,head,set-piece,sofascore
8738881,869931,Yvan Neyou,,75,30.8,48.8,,miss,right-foot,assisted,sofascore
8738881,229722,Farid Boulaya,,69,26.7,52.2,,miss,right-foot,assisted,sofascore
8738881,359246,Habib Maïga,,56,6.8,43.4,,miss,head,corner,sofascore
8738881,760618,Denis Bouanga,,55,34.3,18.6,,save,right-foot,regular,sofascore
8738881,802034,Fabien Centonze,,54,20.1,70.5,,miss,right-foot,set-piece,sofascore
8738881,760618,Denis Bouanga,,47,19.4,26.8,,miss,right-foot,assisted,sofascore
8738881,869931,Yvan Neyou,,45,16.6,50.5,,block,right-foot,corner,sofascore
8738881,802034,Fabien Centonze,,38,24.1,64.5,,block,left-foot,assisted,sofascore
8738881,787827,Matthieu Udol,,35,12.7,26.2,,miss,left-foot,regular,sofascore
8738881,21931,Anthony Modeste,,33,26.0,41.2,,block,right-foot,assisted,sofascore
8738881,845271,Dylan Bronn,,23,29.3,66.0,,miss,right-foot,assisted,sofascore
8738881,229722,Farid Boulaya,,22,8.2,59.4,,block,right-foot,regular,sofascore
8738881,795128,Harold Moukoudi,,18,6.7,51.5,,miss,head,corner,sofascore
8738881,73188,John Boye,,14,1.2,52.8,,goal,left-foot,set-piece,sofascore
8738881,74139,Romain Hamouma,,14,24.4,25.8,,save,right-foot,free-kick,sofascore
8738881,790198,Pape Abou Cissé,,9,10.7,50.6,,miss,head,corner,sofascore
8738881,916041,Mahdi Camara,,8,5.9,70.0,,block,right-foot,regular,sofascore
8738881,16635,Kévin Monnet-Paquet,,6,6.2,70.2,,block,right-foot,regular,sofascore
8738882,804621,Lassana Coulibaly,,90,22.4,66.9,,miss,right-foot,assisted,sofascore
8738882,366760,Souleyman Doumbia,,90,27.8,39.6,,miss,left-foot,corner,sofascore
8738882,831400,Mathias Pereira Lage,,88,4.1,74.6,,save,right-foot,assisted,sofascore
8738882,859026,Amine Gouiri,,83,12.4,36.1,,goal,right-foot,assisted,sofascore
8738882,831400,Mathias Pereira Lage,,80,18.7,51.1,,block,right-foot,corner,sofascore
8738882,14142,Thomas Mangani,,71,25.5,35.1,,miss,left-foot,regular,sofascore
8738882,851262,Myziane Maolida,,61,9.0,65.1,,miss,right-foot,assisted,sofascore
8738882,985923,Hicham Boudaoui,,59,23.6,54.8,,miss,right-foot,assisted,sofascore
8738882,257205,Sofiane Boufal,,53,12.6,31.8,,block,left-foot,corner,sofascore
8738882,73979,Romain Thomas,,53,10.3,47.6,,block,head,corner,sofascore
8738882,859026,Amine Gouiri,,44,3.7,57.7,,block,right-foot,corner,sofascore
8738882,859026,Amine Gouiri,,42,14.5,37.3,,miss,right-foot,assisted,sofascore
8738882,859026,Amine Gouiri,,35,17.5,32.6,,miss,right-foot,regular,sofascore
8738882,190147,Rony Lopes,,34,13.2,64.3,,block,left-foot,regular,sofascore
8738882,308130,Jimmy Cabot,,24,4.7,35.1,,save,left-foot,assisted,sofascore
8738882,941168,William Saliba,,20,7.0,46.6,,post,head,corner,sofascore
8738882,851262,Myziane Maolida,,17,14.5,51.8,,goal,right-foot,assisted,sofascore
8738882,257205,Sofiane Boufal,,15,7.6,53.9,,miss,right-foot,assisted,sofascore
8738882,851262,Myziane Maolida,,14,12.2,50.5,,block,right-foot,corner,sofascore
8738882,351434,Hassane Kamara,,12,11.9,20.2,,miss,right-foot,assisted,sofascore
8738882,366760,Souleyman Doumbia,,9,14.5,61.6,,goal,head,regular,sofascore
8738882,787540,Angelo Fulgini,,2,26.4,75.4,,save,right-foot,free-kick,sofascore
8738883,117373,Kevin Volland,,90,4.3,54.3,,goal,right-foot,set-piece,sofascore
8738883,927975,Jean Lucas,,87,18.5,38.8,,block,right-foot,free-kick,sofascore
8738883,927975,Jean Lucas,,83,26.3,25.0,,miss,right-foot,free-kick,sofascore
8738883,37126,Stevan Jovetić,,76,20.9,49.3,,goal,right-foot,assisted,sofascore
8738883,339909,Guillermo Maripán,,75,10.6,36.8,,miss,left-foot,corner,sofascore
8738883,859025,Aurélien Tchouaméni,,75,8.7,52.5,,save,head,corner,sofascore
8738883,37126,Stevan Jovetić,,74,20.7,53.6,,save,right-foot,assisted,sofascore
8738883,579576,Ruben Aguilar,,58,8.6,61.7,,save,right-foot,assisted,sofascore
8738883,944164,Sofiane Diop,,56,18.4,66.8,,save,right-foot,assisted,sofascore
8738883,579576,Ruben Aguilar,,55,4.6,59.8,,block,right-foot,regular,sofascore
8738883,845170,Caio Henrique,,55,12.5,34.3,,post,right-foot,regular,sofascore
8738883,72805,Paul Lasne,,51,9.7,31.4,,block,left-foot,assisted,sofascore
8738883,119192,Wissam Ben Yedder,,46,9.4,61.5,,save,right-foot,assisted,sofascore
8738883,328035,Brendan Chardonnet,,44,12.1,52.4,,miss,head,corner,sofascore
8738883,944164,Sofiane Diop,,33,25.8,64.3,,miss,right-foot,assisted,sofascore
8738883,345035,Steve Mounié,,32,3.4,43.3,,miss,right-foot,corner,sofascore
8738883,280453,Franck Honorat,,32,26.1,27.1,,block,right-foot,assisted,sofascore
8738883,345035,Steve Mounié,,31,21.7,52.5,,save,right-foot,assisted,sofascore
8738883,119192,Wissam Ben Yedder,,30,11.5,50.0,,save,right-foot,penalty,sofascore
8738883,944164,Sofiane Diop,,26,20.1,50.6,,miss,left-foot,assisted,sofascore
8738883,859025,Aurélien Tchouaméni,,20,9.4,43.7,,miss,head,set-piece,sofascore
8738883,944164,Sofiane Diop,,7,26.2,34.7,,save,right-foot,assisted,sofascore
8738884,282095,Adrian Grbić,,90,22.9,32.4,,miss,right-foot,regular,sofascore
8738884,984014,Enzo Le Fée,,90,26.6,52.7,,block,right-foot,assisted,sofascore
8738884,845750,Moreto Cassama,,90,15.4,56.7,,save,right-foot,regular,sofascore
8738884,963399,Nathanaël Mbuku,,90,11.0,53.3,,block,right-foot,regular,sofascore
8738884,805123,Yoane Wissa,,90,10.1,46.2,,save,right-foot,assisted,sofascore
8738884,579596,Moussa Doumbia,,85,28.6,47.9,,miss,left-foot,regular,sofascore
8738884,150865,Thomas Monconduit,,73,60.4,67.0,,miss,right-foot,assisted,sofascore
8738884,282095,Adrian Grbić,,71,11.8,38.5,,miss,left-foot,fast-break,sofascore
8738884,157029,Xavier Chavalerin,,68,26.9,43.5,,miss,left-foot,assisted,sofascore
8738884,816810,Mathieu Cafaro,,65,29.8,56.6,,block,right-foot,assisted,sofascore
8738884,157029,Xavier Chavalerin,,54,14.4,29.2,,save,left-foot,assisted,sofascore
8738884,296434,Laurent Abergel,,53,26.9,50.4,,goal,left-foot,assisted,sofascore
8738884,296434,Laurent Abergel,,52,28.1,29.5,,save,right-foot,regular,sofascore
8738884,827386,Quentin Boisgard,,51,22.6,27.9,,block,right-foot,assisted,sofascore
8738884,178721,Yunis Abdelhamid,,48,8.1,48.9,,block,head,corner,sofascore
8738884,960080,Boulaye Dia,,48,24.4,34.8,,block,right-foot,assisted,sofascore
8738884,816810,Mathieu Cafaro,,45,29.2,29.5,,save,right-foot,free-kick,sofascore
8738884,960080,Boulaye Dia,,42,12.7,36.5,,block,right-foot,regular,sofascore
8738884,816810,Mathieu Cafaro,,37,14.5,27.5,,miss,right-foot,assisted,sofascore
8738884,816810,Mathieu Cafaro,,35,12.2,60.6,,miss,right-foot,assisted,sofascore
8738884,816810,Mathieu Cafaro,,13,15.3,50.3,,block,right-foot,assisted,sofascore
8738884,932643,Armand Laurienté,,12,30.5,60.4,,miss,right-foot,free-kick,sofascore
8738885,822878,Lamine Fomba,,90,5.2,50.6,,miss,head,assisted,sofascore
8738885,316196,Niclas Eliasson,,81,22.4,68.2,,goal,left-foot,free-kick,sofascore
8738885,117373,Kevin Volland,,77,12.4,39.9,,goal,left-foot,assisted,sofascore
8738885,37126,Stevan Jovetić,,76,30.0,37.3,,block,left-foot,assisted,sofascore
8738885,873534,Krépin Diatta,,76,23.8,59.3,,miss,right-foot,set-piece,sofascore
8738885,859025,Aurélien Tchouaméni,,75,30.3,51.1,,block,left-foot,assisted,sofascore
8738885,37126,Stevan Jovetić,,68,10.1,42.7,,miss,head,assisted,sofascore
8738885,904827,Benoît Badiashile,,67,9.4,49.0,,miss,head,corner,sofascore
8738885,318963,Aleksandr Golovin,,62,26.5,19.4,,goal,right-foot,free-kick,sofascore
8738885,944142,Yassine Benrahou,,51,23.9,76.6,,block,left-foot,free-kick,sofascore
8738885,944164,Sofiane Diop,,45,15.0,30.9,,block,right-foot,assisted,sofascore
8738885,944164,Sofiane Diop,,41,7.1,48.2,,save,right-foot,assisted,sofascore
8738885,777067,Florian Miguel,,40,6.5,50.9,,miss,left-foot,corner,sofascore
8738885,842400,Zinedine Ferhat,,39,7.7,39.8,,block,right-foot,set-piece,sofascore
8738885,842400,Zinedine Ferhat,,32,10.0,36.3,,goal,right-foot,regular,sofascore
8738885,247445,Renaud Ripart,,32,6.6,65.1,,save,right-foot,assisted,sofascore
8738885,51349,Lucas Deaux,,23,9.1,54.0,,goal,right-foot,assisted,sofascore
8738885,247445,Renaud Ripart,,20,24.2,63.1,,miss,right-foot,assisted,sofascore
8738885,318963,Aleksandr Golovin,,12,7.3,68.6,,goal,right-foot,assisted,sofascore
8738885,318963,Aleksandr Golovin,,3,11.7,59.0,,goal,left-foot,assisted,sofascore
8738886,839981,Lucas Paquetá,,90,13.1,52.4,,save,head,assisted,sofascore
8738886,842931,Karl Toko Ekambi,,87,12.3,37.7,,miss,right-foot,assisted,sofascore
8738886,979128,Rayan Cherki,,75,15.2,64.6,,block,right-foot,assisted,sofascore
8738886,138833,Memphis Depay,,68,22.8,37.3,,goal,right-foot,free-kick,sofascore
8738886,802159,Habibou Diallo,,63,27.1,45.8,,miss,right-foot,assisted,sofascore
8738886,996951,Sinaly Diomandé,,57,9.7,46.9,,miss,head,corner,sofascore
8738886,891793,Kévin Zohi,,53,22.6,45.0,,block,right-foot,set-piece,sofascore
8738886,891793,Kévin Zohi,,52,16.2,28.5,,block,right-foot,throw-in-set-piece,sofascore
8738886,891793,Kévin Zohi,,52,8.5,37.1,,block,right-foot,assisted,sofascore
8738886,802159,Habibou Diallo,,50,28.6,43.1,,miss,left-foot,regular,sofascore
8738886,891793,Kévin Zohi,,48,12.2,28.1,,save,left-foot,regular,sofascore
8738886,329303,Thiago Mendes,,39,25.1,31.0,,save,right-foot,assisted,sofascore
8738886,138833,Memphis Depay,,37,28.2,44.1,,save,right-foot,assisted,sofascore
8738886,810535,Tino Kadewere,,32,11.9,52.9,,miss,right-foot,assisted,sofascore
8738886,842931,Karl Toko Ekambi,,32,26.8,70.9,,save,right-foot,assisted,sofascore
8738886,842931,Karl Toko Ekambi,,30,7.0,35.9,,goal,right-foot,assisted,sofascore
8738886,138833,Memphis Depay,,26,24.2,30.1,,save,right-foot,free-kick,sofascore
8738886,138833,Memphis Depay,,20,16.4,51.2,,goal,right-foot,regular,sofascore
8738886,846081,Houssem Aouar,,16,26.4,61.5,,block,right-foot,assisted,sofascore
8738886,109851,Majeed Waris,,12,7.2,71.4,,block,right-foot,assisted,sofascore
8738886,109851,Majeed Waris,,9,30.6,62.5,,miss,right-foot,corner,sofascore
8738886,846081,Houssem Aouar,,4,9.9,66.6,,block,right-foot,corner,sofascore
8738886,552680,Léo Dubois,,4,15.2,51.3,,block,right-foot,assisted,sofascore
8738886,996951,Sinaly Diomandé,,2,6.0,45.5,,miss,head,corner,sofascore
8738887,977679,Luís Henrique,,85,14.4,77.7,,save,right-foot,assisted,sofascore
8738887,124712,Neymar,,85,11.7,56.5,,miss,right-foot,fast-break,sofascore
8738887,879694,Pape Gueye,,84,28.5,59.0,,block,left-foot,assisted,sofascore
8738887,126691,Marco Verratti,,77,16.5,38.6,,miss,right-foot,regular,sofascore
8738887,124712,Neymar,,75,27.3,50.3,,miss,right-foot,assisted,sofascore
8738887,14216,Dimitri Payet,,74,22.9,49.9,,miss,left-foot,assisted,sofascore
8738887,879694,Pape Gueye,,61,10.3,53.6,,block,head,corner,sofascore
8738887,257091,Duje Ćaleta-Car,,56,6.7,54.6,,miss,head,corner,sofascore
8738887,140992,Valère Germain,,51,4.7,43.1,,block,head,assisted,sofascore
8738887,826204,Boubacar Kamara,,50,20.8,69.0,,save,right-foot,assisted,sofascore
8738887,233114,Mauro Icardi,,49,8.7,47.4,,miss,head,assisted,sofascore
8738887,233114,Mauro Icardi,,47,6.4,48.5,,miss,right-foot,assisted,sofascore
8738887,148824,Florian Thauvin,,37,9.7,72.3,,block,left-foot,assisted,sofascore
8738887,255389,Leandro Paredes,,32,25.6,54.8,,post,right-foot,regular,sofascore
8738887,233114,Mauro Icardi,,24,4.1,59.1,,goal,other,assisted,sofascore
8738887,879694,Pape Gueye,,23,24.8,32.0,,save,left-foot,regular,sofascore
8738887,581314,Valentin Rongier,,22,18.4,56.6,,save,right-foot,assisted,sofascore
8738887,826204,Boubacar Kamara,,17,18.3,48.4,,miss,right-foot,corner,sofascore
8738887,581314,Valentin Rongier,,13,27.5,41.9,,miss,right-foot,set-piece,sofascore
8738887,826643,Kylian Mbappé,,9,7.5,32.8,,goal,left-foot,fast-break,sofascore
8738887,233114,Mauro Icardi,,6,5.2,44.2,,miss,head,set-piece,sofascore
8738888,280453,Franck Honorat,,90,27.9,42.2,,miss,right-foot,assisted,sofascore
8738888,3209,Jimmy Briand,,89,27.4,31.0,,save,right-foot,assisted,sofascore
8738888,913942,Romain Faivre,,85,14.6,46.2,,goal,left-foot,regular,sofascore
8738888,827519,Romain Perraud,,83,21.3,28.8,,miss,right-foot,corner,sofascore
8738888,345035,Steve Mounié,,83,11.1,41.2,,block,right-foot,assisted,sofascore
8738888,345035,Steve Mounié,,80,6.7,53.2,,goal,right-foot,regular,sofascore
8738888,280453,Franck Honorat,,80,21.3,31.5,,save,right-foot,assisted,sofascore
8738888,51471,Julien Faussurier,,75,22.8,61.4,,miss,right-foot,regular,sofascore
8738888,328035,Brendan Chardonnet,,69,12.7,51.1,,miss,head,set-piece,sofascore
8738888,580642,Haris Belkebla,,66,10.6,69.7,,miss,right-foot,assisted,sofascore
8738888,44213,Gaëtan Charbonnier,,61,19.4,36.3,,block,right-foot,assisted,sofascore
8738888,3209,Jimmy Briand,,61,8.6,37.1,,miss,left-foot,assisted,sofascore
8738888,791314,Hwang Ui-Jo,,56,12.2,44.1,,goal,right-foot,assisted,sofascore
8738888,328035,Brendan Chardonnet,,55,6.0,50.3,,miss,head,corner,sofascore
8738888,913942,Romain Faivre,,55,8.7,62.5,,save,right-foot,assisted,sofascore
8738888,605552,Irvin Cardona,,49,4.3,34.6,,miss,left-foot,set-piece,sofascore
8738888,927975,Jean Lucas,,49,29.8,43.0,,save,right-foot,free-kick,sofascore
8738888,927975,Jean Lucas,,46,19.1,41.2,,save,right-foot,assisted,sofascore
8738888,913942,Romain Faivre,,45,20.1,63.0,,block,left-foot,regular,sofascore
8738888,927975,Jean Lucas,,44,16.0,49.3,,miss,left-foot,assisted,sofascore
8738888,605552,Irvin Cardona,,40,14.4,40.9,,miss,right-foot,corner,sofascore
8738888,605552,Irvin Cardona,,36,13.5,68.0,,block,right-foot,assisted,sofascore
8738888,827519,Romain Perraud,,34,10.7,38.0,,block,left-foot,assisted,sofascore
8738888,798002,Toma Bašić,,32,6.4,49.3,,save,left-foot,corner,sofascore
8738888,842709,Rémi Oudin,,29,16.8,29.2,,block,right-foot,assisted,sofascore
8738888,44213,Gaëtan Charbonnier,,27,14.3,45.7,,miss,right-foot,assisted,sofascore
8738888,72805,Paul Lasne,,20,21.2,66.6,,miss,left-foot,corner,sofascore
8738888,827519,Romain Perraud,,20,22.3,22.5,,block,left-foot,assisted,sofascore
8738888,3305,Hatem Ben Arfa,,12,13.2,59.8,,save,left-foot,assisted,sofascore
8738888,927975,Jean Lucas,,10,15.4,51.8,,miss,right-foot,assisted,sofascore
8738888,798002,Toma Bašić,,8,28.5,60.2,,block,left-foot,assisted,sofascore
8738888,328035,Brendan Chardonnet,,7,11.5,59.4,,miss,head,set-piece,sofascore
8738888,842709,Rémi Oudin,,3,25.2,49.9,,block,left-foot,corner,sofascore
8738889,906047,Cheick Doucouré,,90,14.0,55.9,,block,left-foot,assisted,sofascore
8738889,860307,Facundo Medina,,88,13.5,44.6,,save,left-foot,corner,sofascore
8738889,191188,Seko Fofana,,87,20.5,67.5,,block,left-foot,corner,sofascore
8738889,860307,Facundo Medina,,87,8.0,36.1,,block,head,corner,sofascore
8738889,1006489,Loïc Badé,,86,17.7,29.2,,block,right-foot,set-piece,sofascore
8738889,801287,Faitout Maouassa,,84,21.3,28.3,,miss,left-foot,corner,sofascore
8738889,801287,Faitout Maouassa,,82,23.2,41.5,,block,left-foot,corner,sofascore
8738889,999028,Adrien Truffert,,71,10.2,39.4,,miss,right-foot,fast-break,sofascore
8738889,906047,Cheick Doucouré,,60,15.1,48.7,,miss,right-foot,assisted,sofascore
8738889,328027,Serhou Guirassy,,54,13.8,57.8,,miss,right-foot,assisted,sofascore
8738889,877102,Nayef Aguerd,,47,7.0,42.3,,miss,left-foot,set-piece,sofascore
8738889,973887,Eduardo Camavinga,,39,13.1,54.4,,miss,left-foot,assisted,sofascore
8738889,328027,Serhou Guirassy,,28,19.5,35.1,,miss,right-foot,assisted,sofascore
8738889,836678,Clément Michelin,,22,23.8,35.4,,miss,right-foot,free-kick,sofascore
8738889,74083,Damien Da Silva,,16,1.6,38.8,,miss,head,set-piece,sofascore
8738889,362014,Hamari Traoré,,9,11.6,62.1,,save,right-foot,regular,sofascore
8738889,999028,Adrien Truffert,,8,21.6,36.7,,miss,left-foot,corner,sofascore
8738889,291695,Issiaga Sylla,,5,6.1,46.6,,save,left-foot,set-piece,sofascore
8738889,954061,Arnaud Kalimuendo,,5,8.0,53.0,,save,left-foot,set-piece,sofascore
8738889,836678,Clément Michelin,,5,31.9,62.7,,block,right-foot,free-kick,sofascore
8738890,871706,Randal Kolo Muani,,90,9.8,55.7,,miss,head,corner,sofascore
8738890,965943,Imrân Louza,,90,12.7,82.4,,miss,left-foot,free-kick,sofascore
8738890,842400,Zinedine Ferhat,,87,17.9,25.2,,block,right-foot,assisted,sofascore
8738890,794836,Andrei Girotto,,85,6.6,51.9,,miss,head,corner,sofascore
8738890,842400,Zinedine Ferhat,,82,10.8,32.0,,save,right-foot,assisted,sofascore
8738890,777067,Florian Miguel,,79,10.0,56.0,,save,head,set-piece,sofascore
8738890,796085,Moussa Koné,,76,13.0,41.2,,goal,left-foot,assisted,sofascore
8738890,330051,Moses Simon,,69,22.7,53.1,,block,right-foot,free-kick,sofascore
8738890,191204,Jean-Charles Castelletto,,66,4.1,42.4,,miss,head,corner,sofascore
8738890,794836,Andrei Girotto,,62,22.9,30.3,,block,right-foot,free-kick,sofascore
8738890,842400,Zinedine Ferhat,,60,12.0,56.3,,miss,head,corner,sofascore
8738890,247445,Renaud Ripart,,59,24.1,28.5,,block,right-foot,assisted,sofascore
8738890,842400,Zinedine Ferhat,,52,15.5,25.0,,miss,left-foot,assisted,sofascore
8738890,842400,Zinedine Ferhat,,45,19.2,36.7,,save,right-foot,assisted,sofascore
8738890,806076,Ludovic Blas,,27,9.1,52.7,,goal,left-foot,assisted,sofascore
8738890,799216,Pedro Chirivella,,22,12.5,63.1,,block,right-foot,regular,sofascore
8738891,372430,Frédéric Guilbert,,90,22.9,54.3,,miss,right-foot,regular,sofascore
8738891,802159,Habibou Diallo,,90,13.4,59.3,,save,left-foot,assisted,sofascore
8738891,372430,Frédéric Guilbert,,90,21.9,52.0,,block,left-foot,regular,sofascore
8738891,802159,Habibou Diallo,,90,53.3,32.4,,miss,right-foot,assisted,sofascore
8738891,51665,Benjamin André,,88,21.2,64.6,,miss,right-foot,corner,sofascore
8738891,27622,José Fonte,,86,7.4,55.4,,goal,head,assisted,sofascore
8738891,827804,Yusuf Yazıcı,,83,26.8,54.9,,save,left-foot,free-kick,sofascore
8738891,802142,Jonathan Ikoné,,79,14.2,56.7,,block,left-foot,assisted,sofascore
8738891,827804,Yusuf Yazıcı,,78,28.6,73.2,,save,left-foot,assisted,sofascore
8738891,855810,Tim Weah,,74,2.4,57.5,,miss,left-foot,corner,sofascore
8738891,855810,Tim Weah,,74,22.4,28.3,,block,right-foot,assisted,sofascore
8738891,858705,Xeka,,63,25.9,65.2,,miss,right-foot,regular,sofascore
8738891,802142,Jonathan Ikoné,,62,9.0,70.5,,save,left-foot,assisted,sofascore
8738891,372430,Frédéric Guilbert,,56,27.2,67.4,,miss,right-foot,set-piece,sofascore
8738891,845273,Jean-Ricner Bellegarde,,46,12.1,60.4,,miss,right-foot,regular,sofascore
8738891,935564,Jonathan David,,44,14.8,45.0,,miss,right-foot,fast-break,sofascore
8738891,910046,Sven Botman,,42,11.2,48.8,,save,head,corner,sofascore
8738891,840451,Luiz Araújo,,40,20.4,55.7,,block,left-foot,corner,sofascore
8738891,343971,Ludovic Ajorque,,38,6.6,52.2,,save,head,assisted,sofascore
8738891,343971,Ludovic Ajorque,,36,9.3,38.2,,goal,left-foot,assisted,sofascore
8738891,802142,Jonathan Ikoné,,33,14.7,62.0,,miss,right-foot,assisted,sofascore
8738891,910046,Sven Botman,,31,14.3,40.9,,miss,head,set-piece,sofascore
8738891,365358,Dimitri Liénard,,28,27.9,43.9,,miss,right-foot,regular,sofascore
8738891,846471,Anthony Caci,,27,20.7,38.6,,block,right-foot,regular,sofascore
8738892,932643,Armand Laurienté,,86,3.5,42.1,,goal,left-foot,regular,sofascore
8738892,848458,Arnaud Nordin,,82,12.4,63.9,,miss,right-foot,regular,sofascore
8738892,296434,Laurent Abergel,,79,14.7,54.6,,block,right-foot,regular,sofascore
8738892,941161,Charles Abi,,67,13.4,52.4,,miss,head,set-piece,sofascore
8738892,932643,Armand Laurienté,,66,26.8,44.9,,goal,right-foot,free-kick,sofascore
8738892,827386,Quentin Boisgard,,57,15.4,19.7,,miss,right-foot,free-kick,sofascore
8738892,984014,Enzo Le Fée,,51,30.6,59.2,,miss,right-foot,assisted,sofascore
8738892,790198,Pape Abou Cissé,,49,7.5,47.8,,miss,other,set-piece,sofascore
8738892,862194,Zaydou Youssouf,,44,20.9,39.6,,miss,left-foot,regular,sofascore
8738892,845119,Houboulang Mendes,,38,14.2,69.9,,miss,left-foot,assisted,sofascore
8738892,21931,Anthony Modeste,,37,6.7,45.4,,miss,head,corner,sofascore
8738892,869931,Yvan Neyou,,36,25.7,38.8,,save,right-foot,regular,sofascore
8738892,984014,Enzo Le Fée,,36,13.7,61.0,,block,left-foot,assisted,sofascore
8738892,827934,Andreaw Gravillon,,33,26.4,62.5,,miss,right-foot,assisted,sofascore
8738892,984014,Enzo Le Fée,,31,27.1,26.8,,save,right-foot,free-kick,sofascore
8738892,984014,Enzo Le Fée,,27,28.2,41.2,,miss,right-foot,assisted,sofascore
8738892,21931,Anthony Modeste,,20,14.8,47.9,,miss,head,assisted,sofascore
8738892,984014,Enzo Le Fée,,19,26.6,69.7,,block,right-foot,assisted,sofascore
8738892,916041,Mahdi Camara,,17,25.5,53.9,,miss,right-foot,regular,sofascore
8738892,795128,Harold Moukoudi,,14,3.9,52.8,,goal,right-foot,corner,sofascore
8738893,855810,Tim Weah,,90,6.4,68.2,,miss,right-foot,assisted,sofascore
8738893,935564,Jonathan David,,83,14.4,55.9,,goal,left-foot,assisted,sofascore
8738893,318967,Renato Sanches,,80,8.7,47.2,,miss,right-foot,assisted,sofascore
8738893,47549,Sébastien Corchia,,77,5.4,69.3,,save,right-foot,corner,sofascore
8738893,871706,Randal Kolo Muani,,76,5.0,51.3,,block,right-foot,set-piece,sofascore
8738893,799216,Pedro Chirivella,,76,7.8,64.3,,miss,right-foot,set-piece,sofascore
8738893,794836,Andrei Girotto,,66,13.6,38.0,,miss,right-foot,corner,sofascore
8738893,935564,Jonathan David,,59,14.4,32.2,,save,right-foot,assisted,sofascore
8738893,965943,Imrân Louza,,57,22.2,59.1,,miss,right-foot,regular,sofascore
8738893,802142,Jonathan Ikoné,,49,25.1,40.2,,miss,left-foot,fast-break,sofascore
8738893,935564,Jonathan David,,48,9.5,46.2,,miss,right-foot,assisted,sofascore
8738893,840451,Luiz Araújo,,45,20.2,72.8,,block,left-foot,assisted,sofascore
8738893,893008,Zeki Çelik,,40,12.7,65.5,,miss,right-foot,assisted,sofascore
8738893,51665,Benjamin André,,38,22.6,57.9,,miss,right-foot,corner,sofascore
8738893,595576,Jonathan Bamba,,28,23.5,32.4,,miss,right-foot,free-kick,sofascore
8738893,840451,Luiz Araújo,,25,29.1,70.3,,miss,left-foot,regular,sofascore
8738893,806076,Ludovic Blas,,21,29.6,44.0,,block,left-foot,assisted,sofascore
8738893,935564,Jonathan David,,14,11.2,52.8,,miss,head,assisted,sofascore
8738893,935564,Jonathan David,,9,9.3,41.0,,goal,right-foot,regular,sofascore
8738893,595576,Jonathan Bamba,,7,25.7,33.0,,miss,right-foot,assisted,sofascore
8738893,840451,Luiz Araújo,,5,13.6,83.0,,block,left-foot,corner,sofascore
8738894,954061,Arnaud Kalimuendo,,90,4.0,47.4,,goal,head,assisted,sofascore
8738894,153220,Stéphane Bahoken,,80,7.3,62.7,,miss,head,corner,sofascore
8738894,191178,Corentin Jean,,78,26.9,38.2,,miss,right-foot,assisted,sofascore
8738894,788921,Florian Sotoca,,72,21.9,62.3,,miss,left-foot,assisted,sofascore
8738894,191188,Seko Fofana,,66,21.9,38.4,,save,right-foot,assisted,sofascore
8738894,788921,Florian Sotoca,,66,7.1,58.5,,block,right-foot,corner,sofascore
8738894,825945,Simon Banza,,66,4.6,62.9,,block,head,corner,sofascore
8738894,821728,Jonathan Clauss,,56,25.6,71.7,,save,left-foot,regular,sofascore
8738894,825945,Simon Banza,,44,6.8,38.2,,block,right-foot,assisted,sofascore
8738894,294641,Loïs Diony,,41,21.1,29.8,,save,right-foot,assisted,sofascore
8738894,257205,Sofiane Boufal,,37,13.4,42.7,,miss,right-foot,assisted,sofascore
8738894,906047,Cheick Doucouré,,33,24.5,65.3,,miss,right-foot,regular,sofascore
8738894,788921,Florian Sotoca,,31,6.8,49.3,,miss,head,corner,sofascore
8738894,788921,Florian Sotoca,,29,22.1,38.2,,miss,right-foot,regular,sofascore
8738894,46387,Gaël Kakuta,,29,12.0,45.0,,block,left-foot,assisted,sofascore
8738894,191188,Seko Fofana,,28,14.2,36.1,,miss,right-foot,assisted,sofascore
8738894,821728,Jonathan Clauss,,22,5.6,67.8,,goal,right-foot,assisted,sofascore
8738894,804621,Lassana Coulibaly,,22,18.5,55.5,,miss,right-foot,assisted,sofascore
8738894,14142,Thomas Mangani,,10,11.5,50.0,,goal,left-foot,penalty,sofascore
8738894,294641,Loïs Diony,,5,8.8,53.2,,goal,left-foot,regular,sofascore
8738895,913191,Vagner Dias,,90,1.4,46.6,,goal,left-foot,assisted,sofascore
8738895,913191,Vagner Dias,,84,9.4,45.8,,miss,head,assisted,sofascore
8738895,153218,Thomas Delaine,,72,12.7,36.0,,goal,right-foot,assisted,sofascore
8738895,73188,John Boye,,65,9.5,46.9,,miss,head,corner,sofascore
8738895,833030,Samuel Kalu,,64,7.5,58.5,,miss,right-foot,assisted,sofascore
8738895,848537,Boubakar Kouyaté,,57,9.8,51.2,,block,head,corner,sofascore
8738895,802034,Fabien Centonze,,56,23.8,70.0,,save,right-foot,assisted,sofascore
8738895,156009,Victorien Angban,,53,28.1,45.4,,block,right-foot,regular,sofascore
8738895,153218,Thomas Delaine,,51,7.5,43.5,,save,right-foot,regular,sofascore
8738895,1002711,Pape Matar Sarr,,49,9.4,38.9,,miss,head,assisted,sofascore
8738895,1046147,Lamine Gueye,,46,8.3,73.0,,block,right-foot,assisted,sofascore
8738895,848537,Boubakar Kouyaté,,44,7.7,54.5,,block,head,corner,sofascore
8738895,73188,John Boye,,39,6.1,50.4,,miss,head,corner,sofascore
8738895,842709,Rémi Oudin,,36,13.2,26.8,,block,left-foot,assisted,sofascore
8738895,842709,Rémi Oudin,,28,18.2,62.6,,miss,left-foot,assisted,sofascore
8738895,1002711,Pape Matar Sarr,,27,8.2,47.1,,miss,head,corner,sofascore
8738895,1046147,Lamine Gueye,,20,10.0,72.1,,save,right-foot,assisted,sofascore
8738895,1047931,Tom Lacoux,,16,22.8,62.9,,miss,right-foot,corner,sofascore
8738895,848537,Boubakar Kouyaté,,15,9.0,52.1,,block,head,corner,sofascore
8738895,833030,Samuel Kalu,,14,9.5,44.7,,goal,right-foot,assisted,sofascore
8738895,111803,Youssouf Sabaly,,13,16.0,65.1,,miss,left-foot,assisted,sofascore
8738895,833030,Samuel Kalu,,11,12.0,72.4,,block,right-foot,assisted,sofascore
8738895,833030,Samuel Kalu,,1,9.4,49.9,,miss,head,assisted,sofascore
8738896,227892,Arbër Zeneli,,80,8.8,47.4,,miss,head,assisted,sofascore
8738896,816810,Mathieu Cafaro,,76,10.0,73.6,,save,right-foot,regular,sofascore
8738896,363774,Mihailo Ristić,,68,26.5,20.6,,miss,left-foot,assisted,sofascore
8738896,816810,Mathieu Cafaro,,65,19.1,18.8,,miss,right-foot,free-kick,sofascore
8738896,816810,Mathieu Cafaro,,61,26.2,77.3,,block,right-foot,assisted,sofascore
8738896,963399,Nathanaël Mbuku,,57,10.0,66.4,,miss,left-foot,assisted,sofascore
8738896,156682,Teji Savanier,,54,6.4,68.6,,miss,left-foot,corner,sofascore
8738896,156682,Teji Savanier,,54,4.1,68.4,,miss,right-foot,corner,sofascore
8738896,149730,Gaëtan Laborde,,54,11.2,54.8,,save,left-foot,corner,sofascore
8738896,5585,Daniel Congré,,54,4.3,60.6,,miss,head,corner,sofascore
8738896,156682,Teji Savanier,,54,24.9,68.4,,save,right-foot,regular,sofascore
8738896,579596,Moussa Doumbia,,42,10.2,26.6,,save,right-foot,assisted,sofascore
8738896,963399,Nathanaël Mbuku,,39,18.1,35.7,,miss,left-foot,assisted,sofascore
8738896,157029,Xavier Chavalerin,,31,24.4,38.0,,block,right-foot,set-piece,sofascore
8738896,66309,Petar Škuletić,,28,33.8,45.8,,miss,left-foot,regular,sofascore
8738896,234230,Florent Mollet,,15,25.4,47.6,,miss,left-foot,assisted,sofascore
8738896,149730,Gaëtan Laborde,,11,16.4,52.8,,block,left-foot,assisted,sofascore
8738896,178721,Yunis Abdelhamid,,8,8.3,51.8,,miss,head,corner,sofascore
8850701,142680,Julian Draxler,,90,9.0,51.5,,goal,head,regular,sofascore
8850701,862821,Youssef Maziz,,90,18.1,49.7,,miss,right-foot,assisted,sofascore
8850701,30027,Ángel Di María,,87,27.4,26.5,,miss,left-foot,free-kick,sofascore
8850701,941300,Colin Dagba,,83,8.5,69.7,,miss,left-foot,assisted,sofascore
8850701,941300,Colin Dagba,,79,25.9,67.0,,miss,right-foot,regular,sofascore
8850701,30027,Ángel Di María,,78,13.3,40.6,,save,left-foot,assisted,sofascore
8850701,233114,Mauro Icardi,,77,7.9,49.3,,save,left-foot,assisted,sofascore
8850701,250453,Opa Nguette,,76,20.0,59.4,,block,right-foot,assisted,sofascore
8850701,82474,Ander Herrera,,72,6.7,42.1,,miss,head,corner,sofascore
8850701,153218,Thomas Delaine,,58,27.2,25.2,,block,left-foot,corner,sofascore
8850701,280435,Abdou Diallo,,53,21.1,44.2,,miss,left-foot,corner,sofascore
8850701,138573,Pablo Sarabia,,39,8.0,37.1,,save,right-foot,assisted,sofascore
8850701,880775,Ibrahima Niane,,38,7.4,40.2,,miss,right-foot,assisted,sofascore
8850701,106337,Idrissa Gana Gueye,,37,20.3,57.2,,save,right-foot,regular,sofascore
8850701,233114,Mauro Icardi,,32,10.7,48.2,,miss,head,assisted,sofascore
8850701,138573,Pablo Sarabia,,32,8.5,33.8,,miss,left-foot,assisted,sofascore
8850701,82474,Ander Herrera,,29,22.9,55.0,,miss,right-foot,regular,sofascore
8850701,229722,Farid Boulaya,,25,13.1,49.9,,save,right-foot,fast-break,sofascore
8850701,142680,Julian Draxler,,22,26.1,49.9,,miss,left-foot,assisted,sofascore
8850701,138573,Pablo Sarabia,,13,4.9,39.7,,save,left-foot,assisted,sofascore
8850701,233114,Mauro Icardi,,12,8.4,47.6,,miss,head,assisted,sofascore
8850701,30027,Ángel Di María,,8,15.2,29.1,,save,left-foot,assisted,sofascore
8850701,229722,Farid Boulaya,,5,12.5,26.8,,block,right-foot,assisted,sofascore
8850701,30027,Ángel Di María,,4,20.7,83.1,,save,left-foot,assisted,sofascore
8850701,233114,Mauro Icardi,,4,6.4,66.4,,block,right-foot,corner,sofascore
8850701,30027,Ángel Di María,,3,29.1,45.0,,block,left-foot,assisted,sofascore
8850701,802159,Habibou Diallo,,2,7.4,40.4,,miss,left-foot,assisted,sofascore
8856073,318653,Moussa Dembélé,,90,21.4,44.5,,block,right-foot,assisted,sofascore
8856073,36704,Marcelo,,90,9.8,48.0,,miss,head,corner,sofascore
8856073,36704,Marcelo,,89,9.1,49.7,,save,head,corner,sofascore
8856073,318653,Moussa Dembélé,,89,5.1,60.0,,block,head,corner,sofascore
8856073,138833,Memphis Depay,,82,11.5,50.0,,goal,right-foot,penalty,sofascore
8856073,927975,Jean Lucas,,79,23.5,38.0,,block,left-foot,assisted,sofascore
8856073,138833,Memphis Depay,,76,14.1,26.8,,save,right-foot,assisted,sofascore
8856073,234230,Florent Mollet,,74,20.9,19.8,,miss,right-foot,assisted,sofascore
8856073,859027,Maxence Caqueret,,73,25.4,56.9,,miss,right-foot,corner,sofascore
8856073,138833,Memphis Depay,,73,24.4,28.1,,save,right-foot,free-kick,sofascore
8856073,362682,Joachim Andersen,,69,8.5,47.4,,miss,head,corner,sofascore
8856073,36704,Marcelo,,69,3.7,57.5,,save,head,corner,sofascore
8856073,36704,Marcelo,,61,13.1,63.7,,miss,head,set-piece,sofascore
8856073,156682,Teji Savanier,,59,12.8,43.9,,goal,left-foot,assisted,sofascore
8856073,84744,Andy Delort,,45,14.4,54.4,,block,head,corner,sofascore
8856073,810535,Tino Kadewere,,41,13.8,60.0,,block,right-foot,regular,sofascore
8856073,846081,Houssem Aouar,,41,16.2,35.3,,block,right-foot,assisted,sofascore
8856073,156682,Teji Savanier,,38,11.5,50.0,,goal,right-foot,penalty,sofascore
8856073,842931,Karl Toko Ekambi,,26,20.7,32.0,,save,right-foot,assisted,sofascore
8856073,84744,Andy Delort,,24,3.7,44.5,,miss,right-foot,regular,sofascore
8856073,84744,Andy Delort,,24,8.4,43.1,,save,head,assisted,sofascore
8856073,38688,Damien Le Tallec,,23,7.8,42.7,,block,head,corner,sofascore
8856073,846081,Houssem Aouar,,16,9.3,37.5,,save,head,assisted,sofascore
8856073,846081,Houssem Aouar,,15,26.2,41.0,,block,right-foot,regular,sofascore
8856073,156682,Teji Savanier,,11,19.8,40.6,,block,right-foot,fast-break,sofascore
8856073,846081,Houssem Aouar,,10,20.5,59.2,,miss,right-foot,assisted,sofascore
8856073,149730,Gaëtan Laborde,,8,10.3,51.5,,miss,head,assisted,sofascore
8856073,842931,Karl Toko Ekambi,,3,3.1,45.8,,post,right-foot,assisted,sofascore
8856073,156682,Teji Savanier,,2,30.2,49.5,,miss,right-foot,assisted,sofascore
8858170,148824,Florian Thauvin,,89,25.1,51.3,,save,left-foot,free-kick,sofascore
8858170,760618,Denis Bouanga,,85,19.4,37.5,,block,right-foot,free-kick,sofascore
8858170,150212,Álvaro González,,77,1.9,60.3,,miss,right-foot,corner,sofascore
8858170,760618,Denis Bouanga,,75,17.1,49.9,,goal,right-foot,fast-break,sofascore
8858170,760618,Denis Bouanga,,70,8.2,33.7,,save,left-foot,assisted,sofascore
8858170,760618,Denis Bouanga,,69,8.4,32.7,,save,head,assisted,sofascore
8858170,988839,Marley Aké,,67,8.8,40.6,,block,right-foot,assisted,sofascore
8858170,760618,Denis Bouanga,,62,9.1,23.9,,block,right-foot,assisted,sofascore
8858170,941161,Charles Abi,,61,6.3,54.4,,save,head,corner,sofascore
8858170,848458,Arnaud Nordin,,59,18.1,67.7,,block,left-foot,assisted,sofascore
8858170,158233,Bouna Sarr,,57,24.6,70.3,,block,right-foot,assisted,sofascore
8858170,148824,Florian Thauvin,,56,3.6,57.5,,miss,right-foot,assisted,sofascore
8858170,250133,Morgan Sanson,,56,9.5,46.4,,miss,left-foot,assisted,sofascore
8858170,581314,Valentin Rongier,,54,14.3,57.5,,save,right-foot,regular,sofascore
8858170,988839,Marley Aké,,54,7.7,49.5,,post,right-foot,assisted,sofascore
8858170,928236,Leonardo Balerdi,,41,7.7,48.5,,miss,head,corner,sofascore
8858170,148824,Florian Thauvin,,40,10.5,62.0,,block,right-foot,assisted,sofascore
8858170,941161,Charles Abi,,28,4.9,55.7,,miss,head,corner,sofascore
8858170,962877,Adil Aouchiche,,27,20.0,23.6,,block,right-foot,assisted,sofascore
8858170,760618,Denis Bouanga,,27,13.9,64.4,,block,right-foot,regular,sofascore
8858170,928236,Leonardo Balerdi,,22,3.6,38.4,,miss,head,set-piece,sofascore
8858170,250133,Morgan Sanson,,17,18.7,49.3,,miss,right-foot,fast-break,sofascore
8858170,962877,Adil Aouchiche,,16,10.7,43.5,,miss,right-foot,regular,sofascore
8858170,148824,Florian Thauvin,,12,9.4,48.1,,miss,left-foot,assisted,sofascore
8858170,74139,Romain Hamouma,,6,12.0,45.8,,goal,left-foot,assisted,sofascore
8909435,788921,Florian Sotoca,,79,3.6,54.8,,miss,head,set-piece,sofascore
8909435,82474,Ander Herrera,,67,21.8,33.1,,miss,right-foot,free-kick,sofascore
8909435,890329,Ignatius Kpene Ganago,,63,7.0,68.0,,save,right-foot,assisted,sofascore
8909435,825945,Simon Banza,,63,4.2,50.4,,save,other,assisted,sofascore
8909435,890329,Ignatius Kpene Ganago,,57,14.3,51.6,,goal,right-foot,regular,sofascore
8909435,135775,Layvin Kurzawa,,55,23.2,62.6,,miss,left-foot,assisted,sofascore
8909435,126691,Marco Verratti,,53,28.9,68.4,,miss,right-foot,assisted,sofascore
8909435,954061,Arnaud Kalimuendo,,40,11.2,48.7,,save,right-foot,assisted,sofascore
8909435,825945,Simon Banza,,35,4.3,63.9,,block,head,corner,sofascore
8909435,82474,Ander Herrera,,28,18.7,53.7,,block,right-foot,assisted,sofascore
8909435,962872,Kays Ruiz-Atil,,22,20.0,25.6,,miss,right-foot,assisted,sofascore
8909435,890329,Ignatius Kpene Ganago,,17,16.3,45.5,,post,right-foot,assisted,sofascore
8909435,135775,Layvin Kurzawa,,16,6.8,72.0,,miss,right-foot,regular,sofascore
8909435,954061,Arnaud Kalimuendo,,16,21.8,41.6,,block,right-foot,assisted,sofascore
8909435,825945,Simon Banza,,2,21.7,61.2,,miss,left-foot,regular,sofascore
9173040,806076,Ludovic Blas,,90,12.8,60.3,,block,left-foot,assisted,sofascore
9173040,806076,Ludovic Blas,,90,6.8,44.2,,miss,left-foot,assisted,sofascore
9173040,785418,Marcus Coco,,86,12.8,46.3,,miss,head,set-piece,sofascore
9173040,149732,Abdoulaye Touré,,81,11.4,49.9,,goal,right-foot,penalty,sofascore
9173040,871706,Randal Kolo Muani,,62,14.4,43.7,,save,left-foot,regular,sofascore
9173040,965943,Imrân Louza,,62,15.0,67.8,,block,left-foot,assisted,sofascore
9173040,871706,Randal Kolo Muani,,52,7.6,31.3,,miss,left-foot,assisted,sofascore
9173040,291695,Issiaga Sylla,,45,5.3,49.1,,miss,head,corner,sofascore
9173040,906047,Cheick Doucouré,,44,13.9,42.1,,block,right-foot,regular,sofascore
9173040,906047,Cheick Doucouré,,43,18.5,46.9,,miss,right-foot,corner,sofascore
9173040,46387,Gaël Kakuta,,38,36.5,44.1,,miss,left-foot,regular,sofascore
9173040,47549,Sébastien Corchia,,33,25.5,66.7,,block,right-foot,regular,sofascore
9173040,871706,Randal Kolo Muani,,29,5.1,70.5,,block,right-foot,assisted,sofascore
9173040,46387,Gaël Kakuta,,27,8.2,48.2,,goal,left-foot,assisted,sofascore
9173040,825945,Simon Banza,,19,30.5,57.9,,block,right-foot,assisted,sofascore
9173040,794836,Andrei Girotto,,13,31.5,53.9,,block,right-foot,free-kick,sofascore
9173040,46387,Gaël Kakuta,,7,27.4,63.9,,block,left-foot,free-kick,sofascore
9173040,871706,Randal Kolo Muani,,2,7.7,59.8,,save,left-foot,assisted,sofascore
9216939,954061,Arnaud Kalimuendo,,90,9.4,48.7,,miss,right-foot,regular,sofascore
9216939,954061,Arnaud Kalimuendo,,90,9.8,46.0,,save,right-foot,regular,sofascore
9216939,802665,Nemanja Radonjić,,85,25.9,36.5,,save,right-foot,assisted,sofascore
9216939,954061,Arnaud Kalimuendo,,85,11.4,37.3,,save,left-foot,assisted,sofascore
9216939,250133,Morgan Sanson,,83,24.6,29.7,,miss,right-foot,assisted,sofascore
9216939,14216,Dimitri Payet,,80,20.2,29.2,,miss,right-foot,free-kick,sofascore
9216939,825945,Simon Banza,,67,11.0,40.6,,miss,head,assisted,sofascore
9216939,788921,Florian Sotoca,,61,9.4,47.4,,block,right-foot,corner,sofascore
9216939,825945,Simon Banza,,59,4.6,45.0,,goal,head,assisted,sofascore
9216939,788921,Florian Sotoca,,58,27.2,35.1,,block,right-foot,assisted,sofascore
9216939,825945,Simon Banza,,57,23.9,24.9,,save,left-foot,assisted,sofascore
9216939,788921,Florian Sotoca,,54,13.7,50.1,,miss,head,set-piece,sofascore
9216939,191188,Seko Fofana,,51,21.9,49.6,,miss,right-foot,assisted,sofascore
9216939,191188,Seko Fofana,,50,21.9,26.8,,miss,right-foot,corner,sofascore
9216939,825945,Simon Banza,,26,12.1,39.8,,block,left-foot,regular,sofascore
9216939,879694,Pape Gueye,,16,23.1,70.9,,miss,left-foot,assisted,sofascore
9216939,906047,Cheick Doucouré,,7,25.4,45.4,,miss,right-foot,assisted,sofascore
9304444,827934,Andreaw Gravillon,,90,9.7,50.3,,goal,head,set-piece,sofascore
9304444,897623,Alex Dobre,,90,4.9,36.2,,miss,head,corner,sofascore
9304444,805123,Yoane Wissa,,85,12.9,26.9,,block,right-foot,assisted,sofascore
9304444,31993,Bruno Ecuele Manga,,70,9.6,52.4,,miss,head,corner,sofascore
9304444,894396,Terem Moffi,,58,9.1,47.4,,goal,right-foot,assisted,sofascore
9304444,805123,Yoane Wissa,,54,13.3,27.8,,block,right-foot,assisted,sofascore
9304444,826551,Pape Cheikh,,52,15.6,50.2,,miss,right-foot,assisted,sofascore
9304444,150865,Thomas Monconduit,,49,23.2,41.3,,miss,right-foot,corner,sofascore
9304444,557166,Mama Baldé,,42,6.5,49.0,,goal,right-foot,assisted,sofascore
9304444,31993,Bruno Ecuele Manga,,40,8.0,55.8,,goal,right-foot,set-piece,sofascore
9304444,805123,Yoane Wissa,,38,12.8,37.1,,miss,right-foot,regular,sofascore
9304444,827934,Andreaw Gravillon,,35,12.4,54.6,,save,head,set-piece,sofascore
9304444,826134,Trevoh Chalobah,,30,17.4,50.2,,goal,right-foot,corner,sofascore
9304444,26890,Fabien Lemoine,,30,10.7,68.0,,miss,right-foot,regular,sofascore
9304444,904994,Eric Ebimbe,,22,4.3,39.6,,miss,head,corner,sofascore
9304444,826134,Trevoh Chalobah,,21,8.7,48.2,,save,head,corner,sofascore
9304444,150865,Thomas Monconduit,,17,24.7,40.6,,block,left-foot,corner,sofascore
9304444,150865,Thomas Monconduit,,16,21.4,69.0,,block,right-foot,free-kick,sofascore
9304444,827386,Quentin Boisgard,,8,11.5,73.1,,miss,right-foot,assisted,sofascore
9304444,157143,Moussa Konaté,,6,6.2,49.9,,miss,left-foot,corner,sofascore
9304444,805123,Yoane Wissa,,2,9.5,53.7,,miss,head,assisted,sofascore
9332599,859026,Amine Gouiri,,90,21.8,28.4,,post,right-foot,free-kick,sofascore
9332599,1064307,Malik Sellouki,,87,8.1,63.2,,goal,left-foot,assisted,sofascore
9332599,351434,Hassane Kamara,,83,13.6,28.1,,miss,right-foot,regular,sofascore
9332599,859026,Amine Gouiri,,79,14.1,29.3,,miss,right-foot,assisted,sofascore
9332599,944327,Dan Ndoye,,74,20.5,30.3,,block,right-foot,assisted,sofascore
9332599,801306,Pierre Lees Melou,,66,10.8,52.0,,save,head,corner,sofascore
9332599,826204,Boubacar Kamara,,64,23.0,60.0,,miss,right-foot,set-piece,sofascore
9332599,859026,Amine Gouiri,,60,14.1,46.8,,miss,right-foot,assisted,sofascore
9332599,346262,Saîf-Eddine Khaoui,,53,13.7,49.9,,goal,left-foot,corner,sofascore
9332599,34639,Yuto Nagatomo,,53,29.8,44.8,,block,right-foot,corner,sofascore
9332599,859026,Amine Gouiri,,47,2.7,54.7,,goal,right-foot,assisted,sofascore
9332599,346262,Saîf-Eddine Khaoui,,42,13.4,45.5,,goal,left-foot,assisted,sofascore
9332599,801306,Pierre Lees Melou,,39,7.0,34.1,,miss,right-foot,set-piece,sofascore
9332599,150212,Álvaro González,,14,4.1,38.9,,goal,left-foot,corner,sofascore
9332599,346262,Saîf-Eddine Khaoui,,10,23.6,73.0,,miss,left-foot,assisted,sofascore
9332599,346262,Saîf-Eddine Khaoui,,9,8.3,67.2,,block,left-foot,assisted,sofascore
9332599,190147,Rony Lopes,,7,22.5,71.3,,save,left-foot,assisted,sofascore
9332599,977679,Luís Henrique,,4,20.1,29.2,,save,right-foot,assisted,sofascore
9343516,857471,Pierre-Yves Hamel,,90,12.2,47.8,,save,head,assisted,sofascore
9343516,247445,Renaud Ripart,,88,11.5,50.0,,goal,right-foot,penalty,sofascore
9343516,827934,Andreaw Gravillon,,82,30.5,44.8,,miss,right-foot,assisted,sofascore
9343516,827386,Quentin Boisgard,,80,25.2,44.7,,block,right-foot,assisted,sofascore
9343516,230766,Haris Duljević,,71,23.1,23.8,,miss,right-foot,assisted,sofascore
9343516,296434,Laurent Abergel,,70,24.5,44.7,,miss,right-foot,set-piece,sofascore
9343516,282095,Adrian Grbić,,67,19.8,77.2,,save,right-foot,free-kick,sofascore
9343516,150865,Thomas Monconduit,,59,27.9,41.0,,block,left-foot,corner,sofascore
9343516,822878,Lamine Fomba,,56,29.5,55.1,,miss,right-foot,regular,sofascore
9343516,894396,Terem Moffi,,51,10.7,52.7,,block,head,set-piece,sofascore
9343516,822878,Lamine Fomba,,37,12.4,57.5,,miss,head,corner,sofascore
9343516,791048,Julien Laporte,,31,32.0,67.2,,post,right-foot,assisted,sofascore
9343516,230766,Haris Duljević,,26,22.9,33.7,,miss,right-foot,assisted,sofascore
9343516,932643,Armand Laurienté,,25,14.0,49.1,,miss,right-foot,assisted,sofascore
9343516,230766,Haris Duljević,,22,6.2,36.7,,block,left-foot,regular,sofascore
9343516,944142,Yassine Benrahou,,13,25.6,22.6,,save,left-foot,assisted,sofascore
9343516,932643,Armand Laurienté,,12,10.2,61.2,,miss,right-foot,assisted,sofascore
9343516,932643,Armand Laurienté,,6,7.1,77.1,,save,right-foot,assisted,sofascore
9362861,324399,Benjamin Bourigeaud,,90,19.2,37.3,,block,left-foot,assisted,sofascore
9362861,826208,Michaël Cuisance,,88,6.3,50.9,,goal,head,assisted,sofascore
9362861,846445,Martin Terrier,,75,9.8,36.7,,post,right-foot,assisted,sofascore
9362861,324399,Benjamin Bourigeaud,,67,27.5,44.3,,save,right-foot,regular,sofascore
9362861,801287,Faitout Maouassa,,61,30.2,53.6,,miss,left-foot,corner,sofascore
9362861,963211,Brandon Soppy,,61,15.1,72.8,,block,right-foot,assisted,sofascore
9362861,14216,Dimitri Payet,,57,11.5,42.1,,miss,left-foot,assisted,sofascore
9362861,148824,Florian Thauvin,,54,21.2,62.3,,miss,left-foot,assisted,sofascore
9362861,161325,Arkadiusz Milik,,54,11.7,46.4,,miss,head,assisted,sofascore
9362861,973887,Eduardo Camavinga,,50,26.9,54.6,,save,left-foot,assisted,sofascore
9362861,328027,Serhou Guirassy,,46,20.2,53.0,,block,left-foot,assisted,sofascore
9362861,901470,Gerzino Nyamsi,,40,9.8,49.9,,miss,head,corner,sofascore
9362861,963211,Brandon Soppy,,37,23.4,61.0,,miss,right-foot,assisted,sofascore
9362861,14216,Dimitri Payet,,35,8.3,70.9,,miss,right-foot,assisted,sofascore
9362861,161325,Arkadiusz Milik,,35,7.3,56.9,,block,head,corner,sofascore
9362861,161325,Arkadiusz Milik,,34,8.8,64.1,,save,right-foot,assisted,sofascore
9362861,801287,Faitout Maouassa,,22,26.7,71.1,,miss,left-foot,free-kick,sofascore
9362861,346262,Saîf-Eddine Khaoui,,16,13.8,51.8,,block,left-foot,assisted,sofascore
9362861,148824,Florian Thauvin,,3,6.1,36.9,,block,head,assisted,sofascore
9524306,914700,Ousmane Kanté,,90,8.1,52.7,,miss,head,assisted,sofascore
9524306,334151,Florian Martin,,90,21.7,69.2,,block,left-foot,free-kick,sofascore
9524306,889052,Willy Semedo,,87,8.7,53.4,,goal,right-foot,fast-break,sofascore
9524306,247031,Anthony Belmonte,,87,19.8,53.4,,save,right-foot,fast-break,sofascore
9524306,997341,Moustapha Name,,82,3.4,44.8,,save,right-foot,corner,sofascore
9524306,914700,Ousmane Kanté,,82,10.5,51.3,,block,head,corner,sofascore
9524306,787352,Marvin Gakpa,,82,11.6,75.3,,block,left-foot,assisted,sofascore
9524306,334151,Florian Martin,,81,19.2,71.5,,block,left-foot,fast-break,sofascore
9524306,914700,Ousmane Kanté,,79,26.5,54.2,,miss,right-foot,assisted,sofascore
9524306,990743,Morgan Guilavogui,,79,9.0,35.5,,block,left-foot,regular,sofascore
9524306,787352,Marvin Gakpa,,76,25.5,67.2,,save,left-foot,assisted,sofascore
9524306,787352,Marvin Gakpa,,63,26.5,70.9,,save,left-foot,assisted,sofascore
9524306,580120,Jessy Benet,,58,14.6,29.8,,save,left-foot,assisted,sofascore
9524306,911850,Mohamed Lamine Diaby,,53,10.4,45.5,,miss,head,assisted,sofascore
9524306,758664,Charles Pickel,,47,27.1,58.5,,save,right-foot,assisted,sofascore
9524306,758664,Charles Pickel,,45,31.6,50.7,,miss,right-foot,regular,sofascore
9524306,997358,Achille Anani,,45,11.4,61.8,,save,left-foot,regular,sofascore
9524306,787352,Marvin Gakpa,,40,22.8,55.9,,block,left-foot,set-piece,sofascore
9524306,919027,Ali Abdi,,40,17.0,78.0,,block,left-foot,set-piece,sofascore
9524306,821461,Cyril Mandouki,,26,23.9,37.5,,post,right-foot,assisted,sofascore
9524306,580120,Jessy Benet,,22,28.9,68.0,,block,left-foot,free-kick,sofascore
9524306,365830,Mamadou Diallo,,17,11.2,62.4,,save,right-foot,assisted,sofascore
9524306,997358,Achille Anani,,12,7.6,61.7,,miss,head,assisted,sofascore
9524306,911850,Mohamed Lamine Diaby,,10,18.1,52.7,,miss,left-foot,assisted,sofascore
9524306,997358,Achille Anani,,8,2.0,54.4,,goal,right-foot,set-piece,sofascore
9524306,997358,Achille Anani,,8,4.4,53.8,,save,head,set-piece,sofascore
9524306,37227,Loïc Nestor,,6,9.2,43.1,,miss,head,corner,sofascore
9529401,365830,Mamadou Diallo,,90,22.8,56.1,,miss,left-foot,regular,sofascore
9529401,219952,Rhys Healey,,90,11.9,63.0,,goal,right-foot,fast-break,sofascore
9529401,962408,Bafodé Diakité,,90,22.1,58.5,,miss,right-foot,regular,sofascore
9529401,997358,Achille Anani,,86,14.3,45.8,,miss,right-foot,assisted,sofascore
9529401,862001,Akim Abdallah,,79,16.2,28.3,,save,left-foot,assisted,sofascore
9529401,974087,Manu Koné,,76,25.0,64.7,,miss,right-foot,assisted,sofascore
9529401,889052,Willy Semedo,,75,30.5,41.2,,miss,right-foot,assisted,sofascore
9529401,580120,Jessy Benet,,70,14.6,51.8,,block,right-foot,regular,sofascore
9529401,219952,Rhys Healey,,70,7.5,59.3,,block,right-foot,regular,sofascore
9529401,862001,Akim Abdallah,,67,27.7,40.0,,block,left-foot,corner,sofascore
9529401,939662,Moussa Djitté,,63,21.8,59.7,,block,right-foot,assisted,sofascore
9529401,39226,Yoric Ravet,,63,19.0,44.8,,miss,left-foot,assisted,sofascore
9529401,39226,Yoric Ravet,,63,13.1,17.3,,save,right-foot,free-kick,sofascore
9529401,758664,Charles Pickel,,53,26.2,44.6,,save,right-foot,assisted,sofascore
9529401,991478,Amine Adli,,51,27.7,44.7,,miss,left-foot,free-kick,sofascore
9529401,974087,Manu Koné,,50,10.0,46.9,,block,right-foot,assisted,sofascore
9529401,37227,Loïc Nestor,,47,18.0,55.8,,miss,right-foot,regular,sofascore
9529401,39226,Yoric Ravet,,38,12.9,44.5,,miss,head,assisted,sofascore
9529401,822110,Deiver Machado,,30,4.2,38.7,,save,left-foot,assisted,sofascore
9529401,796455,Vakoun Issouf Bayo,,28,18.1,47.0,,save,right-foot,assisted,sofascore
9529401,796455,Vakoun Issouf Bayo,,26,10.4,44.5,,miss,head,assisted,sofascore
9529401,974087,Manu Koné,,23,9.1,46.3,,goal,right-foot,assisted,sofascore
9529401,939662,Moussa Djitté,,11,6.4,49.1,,post,head,assisted,sofascore
9529401,788977,Stijn Spierings,,3,9.2,49.0,,goal,head,set-piece,sofascore
9529401,788977,Stijn Spierings,,3,11.5,50.0,,save,right-foot,penalty,sofascore
9536880,991478,Amine Adli,,89,24.2,37.3,,miss,left-foot,throw-in-set-piece,sofascore
9536880,190883,Branco Van den Boomen,,87,27.1,35.7,,miss,right-foot,assisted,sofascore
9536880,788181,Roli Pereira de Sa,,86,21.9,47.8,,miss,left-foot,assisted,sofascore
9536880,974087,Manu Koné,,78,18.3,46.4,,miss,right-foot,assisted,sofascore
9536880,871706,Randal Kolo Muani,,77,14.1,34.2,,miss,right-foot,fast-break,sofascore
9536880,965943,Imrân Louza,,75,26.4,60.8,,miss,left-foot,assisted,sofascore
9536880,219952,Rhys Healey,,71,13.5,52.4,,block,head,set-piece,sofascore
9536880,991478,Amine Adli,,58,25.2,73.1,,miss,left-foot,assisted,sofascore
9536880,822110,Deiver Machado,,57,17.5,24.2,,block,left-foot,assisted,sofascore
9536880,287833,Steven Moreira,,57,13.4,69.0,,block,right-foot,assisted,sofascore
9536880,122859,Brecht Dejaegere,,48,25.6,51.5,,miss,right-foot,assisted,sofascore
9536880,159701,Kalifa Coulibaly,,45,12.8,57.3,,block,left-foot,assisted,sofascore
9536880,796455,Vakoun Issouf Bayo,,40,14.3,49.4,,block,right-foot,assisted,sofascore
9536880,122859,Brecht Dejaegere,,40,17.7,55.7,,block,right-foot,assisted,sofascore
9536880,796455,Vakoun Issouf Bayo,,39,30.6,49.1,,miss,right-foot,assisted,sofascore
9536880,117082,Sébastien Dewaest,,33,12.4,54.2,,miss,left-foot,assisted,sofascore
9536880,806076,Ludovic Blas,,29,25.5,47.6,,miss,left-foot,assisted,sofascore
9536880,871706,Randal Kolo Muani,,22,6.4,56.1,,goal,right-foot,regular,sofascore
9536880,159701,Kalifa Coulibaly,,22,9.4,35.1,,save,right-foot,regular,sofascore
9536880,822110,Deiver Machado,,18,23.5,34.2,,goal,left-foot,assisted,sofascore
9536880,991478,Amine Adli,,18,13.0,53.8,,block,left-foot,regular,sofascore
9536880,965943,Imrân Louza,,14,9.0,38.9,,miss,left-foot,assisted,sofascore
9536880,330051,Moses Simon,,12,18.4,27.3,,save,right-foot,assisted,sofascore
9536880,806076,Ludovic Blas,,10,7.7,31.2,,goal,left-foot,assisted,sofascore
9536880,122859,Brecht Dejaegere,,6,18.7,70.9,,save,right-foot,assisted,sofascore
9536880,159701,Kalifa Coulibaly,,5,6.3,45.7,,miss,left-foot,assisted,sofascore
9536881,190883,Branco Van den Boomen,,81,23.8,66.0,,miss,right-foot,assisted,sofascore
9536881,871706,Randal Kolo Muani,,76,12.5,32.8,,save,right-foot,fast-break,sofascore
9536881,330051,Moses Simon,,76,13.9,36.6,,block,right-foot,assisted,sofascore
9536881,871706,Randal Kolo Muani,,67,9.4,36.4,,block,right-foot,assisted,sofascore
9536881,796455,Vakoun Issouf Bayo,,62,4.7,42.7,,goal,head,assisted,sofascore
9536881,219952,Rhys Healey,,52,12.5,25.0,,save,left-foot,assisted,sofascore
9536881,991478,Amine Adli,,49,23.9,57.5,,miss,left-foot,assisted,sofascore
9536881,806076,Ludovic Blas,,39,30.5,50.5,,save,left-foot,assisted,sofascore
9536881,991478,Amine Adli,,37,25.2,63.1,,miss,left-foot,assisted,sofascore
9536881,117082,Sébastien Dewaest,,35,9.0,59.7,,save,head,corner,sofascore
9536881,219952,Rhys Healey,,34,18.3,43.6,,block,right-foot,regular,sofascore
9536881,796455,Vakoun Issouf Bayo,,33,13.9,51.3,,save,head,assisted,sofascore
9536881,796455,Vakoun Issouf Bayo,,27,5.3,29.7,,miss,right-foot,throw-in-set-piece,sofascore
9536881,802143,Kelvin Amian,,25,14.2,63.0,,miss,right-foot,assisted,sofascore
9536881,330051,Moses Simon,,24,15.5,30.8,,block,left-foot,assisted,sofascore
9536881,816115,Charles Traoré,,22,20.1,31.8,,miss,left-foot,assisted,sofascore
9536881,191204,Jean-Charles Castelletto,,21,8.3,48.2,,miss,head,corner,sofascore
9536881,219952,Rhys Healey,,14,11.7,75.8,,save,right-foot,assisted,sofascore
9536881,159701,Kalifa Coulibaly,,8,11.7,41.6,,miss,left-foot,assisted,sofascore
9536881,962408,Bafodé Diakité,,5,8.7,52.0,,miss,head,set-piece,sofascore
