understat_shot_id,understat_match_id,understat_player_id,player_name,minute,x,y,xg,result,shot_type,situation,side,season
637584,29538,11782,Mousa Al Tamari,16,0.9330000305175781,0.285,0.2090759128332138,SavedShot,RightFoot,OpenPlay,h,2025
637586,29538,11782,Mousa Al Tamari,19,0.705,0.20700000762939452,0.013365042395889759,BlockedShot,LeftFoot,OpenPlay,h,2025
637591,29538,11782,Mousa Al Tamari,41,0.8619999694824219,0.4909999847412109,0.0780113935470581,SavedShot,LeftFoot,OpenPlay,h,2025
637592,29538,3673,Valentin Rongier,41,0.7569999694824219,0.4540000152587891,0.017566252499818802,SavedShot,RightFoot,OpenPlay,h,2025
637593,29538,12038,Fabian Rieder,43,0.7609999847412109,0.22700000762939454,0.014277187176048756,MissedShots,LeftFoot,OpenPlay,h,2025
637596,29538,11782,Mousa Al Tamari,48,0.8580000305175781,0.35700000762939454,0.08073735237121582,BlockedShot,LeftFoot,OpenPlay,h,2025
637602,29538,11782,Mousa Al Tamari,60,0.889000015258789,0.33299999237060546,0.06568475067615509,SavedShot,RightFoot,OpenPlay,h,2025
637607,29538,11782,Mousa Al Tamari,76,0.835999984741211,0.5970000076293945,0.10038633644580841,BlockedShot,LeftFoot,OpenPlay,h,2025
637608,29538,9399,Quentin Merlin,76,0.7609999847412109,0.6759999847412109,0.019013211131095886,BlockedShot,LeftFoot,OpenPlay,h,2025
637615,29538,11371,Ibrahim Salah,87,0.915,0.7030000305175781,0.0487111434340477,BlockedShot,RightFoot,OpenPlay,h,2025
637616,29538,3475,Ludovic Blas,90,0.8530000305175781,0.5229999923706055,0.3322351574897766,Goal,LeftFoot,OpenPlay,h,2025
637617,29538,12159,Mahamadou Nagida,96,0.91,0.34299999237060547,0.3364914059638977,MissedShots,RightFoot,OpenPlay,h,2025
637582,29538,6401,Amine Gouiri,8,0.88,0.44599998474121094,0.07440869510173798,BlockedShot,RightFoot,OpenPlay,a,2025
637583,29538,7490,Mason Greenwood,12,0.7709999847412109,0.44599998474121094,0.03259820491075516,MissedShots,LeftFoot,OpenPlay,a,2025
637585,29538,6401,Amine Gouiri,17,0.7780000305175782,0.505,0.09301981329917908,BlockedShot,RightFoot,OpenPlay,a,2025
637587,29538,7490,Mason Greenwood,37,0.7880000305175782,0.6759999847412109,0.0213609728962183,BlockedShot,RightFoot,SetPiece,a,2025
637588,29538,10172,Jonathan Rowe,38,0.8630000305175781,0.37599998474121094,0.09195589274168015,BlockedShot,LeftFoot,OpenPlay,a,2025
637589,29538,343,Pierre-Emile Højbjerg,38,0.98,0.41900001525878905,0.2754323482513428,MissedShots,RightFoot,FromCorner,a,2025
637590,29538,7490,Mason Greenwood,40,0.7630000305175781,0.415,0.02602398581802845,MissedShots,LeftFoot,OpenPlay,a,2025
637594,29538,10172,Jonathan Rowe,45,0.9169999694824219,0.685,0.21259084343910217,MissedShots,Head,OpenPlay,a,2025
637595,29538,3291,Adrien Rabiot,50,0.7709999847412109,0.5559999847412109,0.02854899689555168,ShotOnPost,LeftFoot,OpenPlay,a,2025
637597,29538,10172,Jonathan Rowe,51,0.740999984741211,0.7380000305175781,0.018095102161169052,MissedShots,RightFoot,OpenPlay,a,2025
637598,29538,10172,Jonathan Rowe,53,0.8680000305175781,0.590999984741211,0.07002494484186172,MissedShots,RightFoot,OpenPlay,a,2025
637599,29538,7486,Leonardo Balerdi,54,0.9480000305175781,0.49900001525878906,0.08323897421360016,BlockedShot,Head,FromCorner,a,2025
637600,29538,12111,Amir Murillo,57,0.899000015258789,0.5629999923706055,0.03249221295118332,ShotOnPost,Head,OpenPlay,a,2025
637601,29538,10172,Jonathan Rowe,59,0.98,0.5940000152587891,0.02794024907052517,MissedShots,Head,SetPiece,a,2025
637603,29538,343,Pierre-Emile Højbjerg,62,0.914000015258789,0.4640000152587891,0.05716926231980324,MissedShots,Head,OpenPlay,a,2025
637604,29538,7486,Leonardo Balerdi,65,0.9590000152587891,0.5370000076293945,0.5859361886978149,SavedShot,RightFoot,FromCorner,a,2025
637605,29538,6401,Amine Gouiri,68,0.865,0.8030000305175782,0.022977588698267937,SavedShot,RightFoot,OpenPlay,a,2025
637606,29538,7490,Mason Greenwood,74,0.860999984741211,0.3290000152587891,0.051828838884830475,BlockedShot,LeftFoot,OpenPlay,a,2025
637609,29538,5598,Angel Gomes,79,0.76,0.4620000076293945,0.02501392737030983,MissedShots,RightFoot,OpenPlay,a,2025
637610,29538,6601,Timothy Weah,81,0.7519999694824219,0.36,0.0210306067019701,BlockedShot,RightFoot,OpenPlay,a,2025
637611,29538,7490,Mason Greenwood,81,0.8490000152587891,0.305,0.03698375076055527,BlockedShot,LeftFoot,OpenPlay,a,2025
637612,29538,7486,Leonardo Balerdi,82,0.9180000305175782,0.5420000076293945,0.08698439598083496,MissedShots,RightFoot,FromCorner,a,2025
637613,29538,7490,Mason Greenwood,82,0.8859999847412109,0.6270000076293946,0.0674397423863411,BlockedShot,RightFoot,FromCorner,a,2025
637614,29538,343,Pierre-Emile Højbjerg,82,0.9069999694824219,0.4159999847412109,0.03575232997536659,MissedShots,OtherBodyPart,FromCorner,a,2025
637760,29539,13506,Rayan Fofana,2,0.894000015258789,0.725999984741211,0.03196039795875549,BlockedShot,RightFoot,OpenPlay,h,2025
637761,29539,5648,Malang Sarr,2,0.9019999694824219,0.4809999847412109,0.023808639496564865,MissedShots,Head,FromCorner,h,2025
637762,29539,3549,Adrien Thomasson,4,0.855999984741211,0.8569999694824219,0.043201081454753876,SavedShot,RightFoot,DirectFreekick,h,2025
637763,29539,6006,Ruben Aguilar,4,0.78,0.28700000762939454,0.013498863205313683,MissedShots,RightFoot,SetPiece,h,2025
637769,29539,3549,Adrien Thomasson,20,0.76,0.33599998474121096,0.018092453479766846,BlockedShot,LeftFoot,OpenPlay,h,2025
637770,29539,9632,Deiver Machado,20,0.879000015258789,0.7080000305175781,0.04270951822400093,MissedShots,LeftFoot,OpenPlay,h,2025
637771,29539,13506,Rayan Fofana,24,0.855,0.655,0.0538780614733696,MissedShots,RightFoot,OpenPlay,h,2025
637772,29539,3799,Wesley Said,39,0.955999984741211,0.255,0.4816661775112152,BlockedShot,RightFoot,OpenPlay,h,2025
637774,29539,3799,Wesley Said,40,0.9109999847412109,0.4640000152587891,0.1002962738275528,SavedShot,RightFoot,OpenPlay,h,2025
637775,29539,9632,Deiver Machado,43,0.93,0.4540000152587891,0.3739977777004242,MissedShots,Head,OpenPlay,h,2025
637777,29539,9632,Deiver Machado,48,0.7709999847412109,0.6509999847412109,0.023125605657696724,SavedShot,LeftFoot,OpenPlay,h,2025
637781,29539,9523,Andy Diouf,55,0.924000015258789,0.3820000076293945,0.06983733922243118,SavedShot,LeftFoot,OpenPlay,h,2025
637782,29539,9632,Deiver Machado,56,0.7619999694824219,0.3659999847412109,0.024324670433998108,MissedShots,LeftFoot,FromCorner,h,2025
637783,29539,3799,Wesley Said,57,0.8480000305175781,0.42700000762939455,0.06938132643699646,MissedShots,RightFoot,OpenPlay,h,2025
637784,29539,3799,Wesley Said,64,0.87,0.5029999923706054,0.3828602135181427,MissedShots,LeftFoot,OpenPlay,h,2025
637786,29539,9523,Andy Diouf,76,0.794000015258789,0.5520000076293945,0.04240836575627327,MissedShots,LeftFoot,OpenPlay,h,2025
637787,29539,9523,Andy Diouf,79,0.8590000152587891,0.639000015258789,0.06333842873573303,BlockedShot,LeftFoot,OpenPlay,h,2025
637788,29539,11762,Morgan Guilavogui,85,0.7530000305175781,0.6940000152587891,0.016666576266288757,BlockedShot,RightFoot,OpenPlay,h,2025
637764,29539,8187,Georges Mikautadze,10,0.92,0.654000015258789,0.08634994179010391,BlockedShot,LeftFoot,OpenPlay,a,2025
637765,29539,8187,Georges Mikautadze,12,0.889000015258789,0.37400001525878906,0.1367970108985901,MissedShots,RightFoot,OpenPlay,a,2025
637766,29539,3603,Corentin Tolisso,13,0.9,0.654000015258789,0.06926123797893524,SavedShot,RightFoot,OpenPlay,a,2025
637767,29539,11157,Sael Kumbedi,13,0.840999984741211,0.5120000076293946,0.03166545554995537,MissedShots,Head,FromCorner,a,2025
637768,29539,11318,Abner,16,0.9209999847412109,0.5279999923706055,0.10172150284051895,MissedShots,Head,FromCorner,a,2025
637773,29539,8187,Georges Mikautadze,40,0.7559999847412109,0.45299999237060545,0.02638949640095234,MissedShots,RightFoot,OpenPlay,a,2025
637776,29539,8187,Georges Mikautadze,45,0.9309999847412109,0.5209999847412109,0.5758469104766846,Goal,RightFoot,OpenPlay,a,2025
637778,29539,8187,Georges Mikautadze,50,0.7630000305175781,0.6559999847412109,0.028176406398415565,MissedShots,RightFoot,OpenPlay,a,2025
637779,29539,9885,Tanner Tessmann,51,0.81,0.4640000152587891,0.03618159517645836,MissedShots,RightFoot,FromCorner,a,2025
637780,29539,3603,Corentin Tolisso,53,0.970999984741211,0.4159999847412109,0.0508478544652462,MissedShots,Head,FromCorner,a,2025
637785,29539,12336,Malick Fofana,74,0.9130000305175782,0.3920000076293945,0.4717662036418915,SavedShot,RightFoot,OpenPlay,a,2025
637837,29540,12950,Jordan Teze,3,0.865,0.3270000076293945,0.05001136288046837,MissedShots,RightFoot,OpenPlay,h,2025
637839,29540,8239,Takumi Minamino,10,0.8519999694824218,0.36700000762939455,0.06612741947174072,SavedShot,LeftFoot,OpenPlay,h,2025
637840,29540,10349,Mika Biereth,17,0.7780000305175782,0.5059999847412109,0.036444101482629776,MissedShots,RightFoot,OpenPlay,h,2025
637841,29540,11799,Lamine Camara,30,0.7619999694824219,0.6029999923706054,0.02022884413599968,BlockedShot,RightFoot,OpenPlay,h,2025
637843,29540,8239,Takumi Minamino,34,0.9019999694824219,0.6170000076293946,0.11504685133695602,BlockedShot,RightFoot,OpenPlay,h,2025
637845,29540,10058,Maghnes Akliouche,47,0.905,0.34,0.0816635712981224,ShotOnPost,LeftFoot,OpenPlay,h,2025
637846,29540,2897,Aleksandr Golovin,47,0.82,0.5540000152587891,0.0801611840724945,BlockedShot,RightFoot,OpenPlay,h,2025
637847,29540,12950,Jordan Teze,47,0.7769999694824219,0.3270000076293945,0.028601836413145065,BlockedShot,RightFoot,OpenPlay,h,2025
637848,29540,11799,Lamine Camara,48,0.715999984741211,0.455,0.045729611068964005,MissedShots,RightFoot,DirectFreekick,h,2025
637849,29540,2897,Aleksandr Golovin,51,0.95,0.29399999618530276,0.0689702183008194,BlockedShot,RightFoot,OpenPlay,h,2025
637850,29540,643,Eric Dier,60,0.9569999694824218,0.5059999847412109,0.43220198154449463,Goal,Head,FromCorner,h,2025
637852,29540,10058,Maghnes Akliouche,73,0.975999984741211,0.534000015258789,0.7903141975402832,Goal,LeftFoot,OpenPlay,h,2025
637856,29540,10771,Ben Seghir,90,0.8030000305175782,0.42700000762939455,0.06498191505670547,MissedShots,LeftFoot,OpenPlay,h,2025
637838,29540,11792,Issa Soumaré,4,0.740999984741211,0.600999984741211,0.015001229010522366,SavedShot,RightFoot,OpenPlay,a,2025
637842,29540,3701,Gautier Lloris,31,0.08199999809265136,0.68,0,OwnGoal,LeftFoot,OpenPlay,a,2025
637844,29540,7649,Younes Namli,40,0.84,0.39299999237060546,0.05078916251659393,BlockedShot,LeftFoot,OpenPlay,a,2025
637851,29540,11790,Rassoul Ndiaye,66,0.9059999847412109,0.7169999694824218,0.043825484812259674,Goal,RightFoot,OpenPlay,a,2025
637853,29540,13744,Felix Mambimbi,79,0.7390000152587891,0.3920000076293945,0.015103583224117756,SavedShot,RightFoot,OpenPlay,a,2025
637854,29540,8287,Mbwana Samatta,81,0.8980000305175782,0.5820000076293945,0.05642924830317497,SavedShot,Head,SetPiece,a,2025
637855,29540,8287,Mbwana Samatta,81,0.85,0.799000015258789,0.01570851169526577,MissedShots,RightFoot,OpenPlay,a,2025
637857,29540,8287,Mbwana Samatta,96,0.845999984741211,0.46900001525878904,0.06453081965446472,BlockedShot,RightFoot,OpenPlay,a,2025
637858,29540,8684,Fodé Doucouré,98,0.815,0.5070000076293946,0.040106140077114105,MissedShots,RightFoot,FromCorner,a,2025
637859,29540,13742,Ayumu Seko,98,0.9519999694824218,0.580999984741211,0.13126477599143982,MissedShots,RightFoot,FromCorner,a,2025
637907,29541,8050,Hichem Boudaoui,10,0.78,0.415,0.030506152659654617,BlockedShot,RightFoot,OpenPlay,h,2025
637912,29541,8697,Jonathan Clauss,47,0.845,0.39099998474121095,0.07180463522672653,MissedShots,LeftFoot,OpenPlay,h,2025
637914,29541,11062,Badredine Bouanani,49,0.87,0.33299999237060546,0.05969347804784775,MissedShots,LeftFoot,OpenPlay,h,2025
637916,29541,9514,Antoine Mendy,55,0.9430000305175781,0.5020000076293946,0.4554295837879181,BlockedShot,Head,FromCorner,h,2025
637917,29541,11515,Tom Louchet,55,0.825999984741211,0.4570000076293945,0.05588877201080322,BlockedShot,RightFoot,FromCorner,h,2025
637918,29541,11515,Tom Louchet,55,0.8180000305175781,0.46700000762939453,0.052758533507585526,BlockedShot,RightFoot,FromCorner,h,2025
637919,29541,8050,Hichem Boudaoui,55,0.8059999847412109,0.5,0.04218151420354843,SavedShot,LeftFoot,FromCorner,h,2025
637920,29541,8190,Melvin Bard,56,0.7369999694824219,0.5979999923706054,0.014996525831520557,MissedShots,LeftFoot,FromCorner,h,2025
637921,29541,8697,Jonathan Clauss,61,0.695,0.45799999237060546,0.03735503926873207,MissedShots,RightFoot,DirectFreekick,h,2025
637925,29541,8190,Melvin Bard,77,0.6919999694824219,0.6270000076293946,0.017895352095365524,MissedShots,LeftFoot,FromCorner,h,2025
637926,29541,3544,Jeremie Boga,84,0.7419999694824219,0.4590000152587891,0.02247302606701851,SavedShot,RightFoot,OpenPlay,h,2025
637927,29541,6846,Sofiane Diop,86,0.8030000305175782,0.49900001525878906,0.04685630276799202,BlockedShot,LeftFoot,OpenPlay,h,2025
637929,29541,6846,Sofiane Diop,96,0.8830000305175781,0.4379999923706055,0.09878788143396378,BlockedShot,RightFoot,OpenPlay,h,2025
637908,29541,10193,Frank Magri,18,0.9169999694824219,0.46599998474121096,0.05440486967563629,MissedShots,Head,OpenPlay,a,2025
637909,29541,12045,Aron Dønnum,28,0.764000015258789,0.28600000381469726,0.024118229746818542,SavedShot,LeftFoot,OpenPlay,a,2025
637910,29541,6874,Yann Gboho,45,0.8930000305175781,0.6569999694824219,0.1603313386440277,MissedShots,RightFoot,OpenPlay,a,2025
637911,29541,13091,Jaydee Canvot,46,0.794000015258789,0.41700000762939454,0.03192291781306267,MissedShots,RightFoot,OpenPlay,a,2025
637913,29541,9220,Charlie Cresswell,47,0.8769999694824219,0.524000015258789,0.016532281413674355,MissedShots,Head,SetPiece,a,2025
637915,29541,13091,Jaydee Canvot,52,0.8730000305175781,0.2989999961853027,0.06842903047800064,MissedShots,RightFoot,OpenPlay,a,2025
637922,29541,6874,Yann Gboho,71,0.8569999694824219,0.49700000762939456,0.10073146224021912,BlockedShot,RightFoot,OpenPlay,a,2025
637923,29541,10193,Frank Magri,73,0.909000015258789,0.6070000076293945,0.02734309993684292,BlockedShot,Head,FromCorner,a,2025
637924,29541,13757,Alexis Vossah,74,0.7619999694824219,0.4590000152587891,0.01930941268801689,MissedShots,RightFoot,FromCorner,a,2025
637928,29541,3357,Djibril Sidibe,88,0.9259999847412109,0.34400001525878904,0.06632701307535172,Goal,RightFoot,OpenPlay,a,2025
638084,29542,5619,Pierre Lees-Melou,8,0.84,0.78,0.018739745020866394,MissedShots,RightFoot,OpenPlay,h,2025
638086,29542,10100,Kamory Doumbia,16,0.8690000152587891,0.5220000076293946,0.02253192663192749,BlockedShot,Head,SetPiece,h,2025
638087,29542,7747,Mama Baldé,16,0.879000015258789,0.5120000076293946,0.10185156762599945,BlockedShot,RightFoot,SetPiece,h,2025
638088,29542,5742,Hugo Magnetti,21,0.76,0.500999984741211,0.02165929414331913,MissedShots,RightFoot,OpenPlay,h,2025
638090,29542,6905,Ludovic Ajorque,33,0.9519999694824218,0.57,0.13285870850086212,BlockedShot,LeftFoot,OpenPlay,h,2025
638091,29542,10100,Kamory Doumbia,33,0.935,0.5020000076293946,0.5386571884155273,Goal,RightFoot,OpenPlay,h,2025
638093,29542,7747,Mama Baldé,40,0.8059999847412109,0.7280000305175781,0.022844919934868813,MissedShots,RightFoot,OpenPlay,h,2025
638094,29542,7747,Mama Baldé,42,0.8969999694824219,0.675,0.055676478892564774,ShotOnPost,LeftFoot,OpenPlay,h,2025
638095,29542,7747,Mama Baldé,45,0.7719999694824219,0.835999984741211,0.010123548097908497,BlockedShot,RightFoot,OpenPlay,h,2025
638097,29542,11259,Julien Le Cardinal,48,0.9330000305175781,0.5379999923706055,0.0985679030418396,MissedShots,RightFoot,SetPiece,h,2025
638098,29542,5742,Hugo Magnetti,46,0.909000015258789,0.48200000762939454,0.09623248130083084,SavedShot,Head,OpenPlay,h,2025
638099,29542,10100,Kamory Doumbia,50,0.8490000152587891,0.5079999923706054,0.08086226880550385,Goal,RightFoot,OpenPlay,h,2025
638100,29542,11259,Julien Le Cardinal,57,0.860999984741211,0.539000015258789,0.00983700156211853,MissedShots,Head,SetPiece,h,2025
638105,29542,10100,Kamory Doumbia,74,0.785,0.6090000152587891,0.020813262090086937,BlockedShot,LeftFoot,SetPiece,h,2025
638106,29542,11259,Julien Le Cardinal,74,0.8530000305175781,0.5120000076293946,0.26697686314582825,Goal,RightFoot,OpenPlay,h,2025
638107,29542,5619,Pierre Lees-Melou,76,0.7559999847412109,0.42400001525878905,0.01968010514974594,MissedShots,RightFoot,OpenPlay,h,2025
638108,29542,3721,Romain Del Castillo,78,0.8440000152587891,0.33099998474121095,0.032553933560848236,SavedShot,LeftFoot,OpenPlay,h,2025
638109,29542,10100,Kamory Doumbia,80,0.7390000152587891,0.6509999847412109,0.01911867782473564,MissedShots,RightFoot,OpenPlay,h,2025
638085,29542,502,Olivier Giroud,10,0.894000015258789,0.644000015258789,0.12164933979511261,Goal,LeftFoot,OpenPlay,a,2025
638089,29542,11757,Hákon Haraldsson,25,0.874000015258789,0.6359999847412109,0.34594541788101196,Goal,RightFoot,OpenPlay,a,2025
638092,29542,502,Olivier Giroud,39,0.7980000305175782,0.5079999923706054,0.057257335633039474,BlockedShot,LeftFoot,OpenPlay,a,2025
638096,29542,502,Olivier Giroud,46,0.7909999847412109,0.48200000762939454,0.10664241015911102,SavedShot,LeftFoot,OpenPlay,a,2025
638101,29542,12800,Ngal&#039;ayel Mukau,60,0.9219999694824219,0.28399999618530275,0.04595649987459183,BlockedShot,RightFoot,OpenPlay,a,2025
638102,29542,502,Olivier Giroud,63,0.9069999694824219,0.600999984741211,0.10966425389051437,BlockedShot,LeftFoot,OpenPlay,a,2025
638103,29542,6500,Romain Perraud,65,0.9530000305175781,0.7030000305175781,0.06035109609365463,SavedShot,LeftFoot,OpenPlay,a,2025
638104,29542,12800,Ngal&#039;ayel Mukau,65,0.965,0.48,0.600976288318634,Goal,RightFoot,FromCorner,a,2025
638110,29542,914,Nabil Bentaleb,84,0.7280000305175781,0.42200000762939455,0.04990857467055321,BlockedShot,LeftFoot,DirectFreekick,a,2025
638111,29542,12162,Ayyoub Bouaddi,92,0.9059999847412109,0.5309999847412109,0.3438287079334259,SavedShot,RightFoot,OpenPlay,a,2025
638167,29543,9092,Marvin Senaya,3,0.9480000305175781,0.5070000076293946,0.48421725630760193,MissedShots,Head,SetPiece,h,2025
638168,29543,9092,Marvin Senaya,13,0.9230000305175782,0.16600000381469726,0.022426404058933258,SavedShot,RightFoot,OpenPlay,h,2025
638171,29543,10815,Lassine Sinayoko,52,0.7780000305175782,0.4470000076293945,0.03302508965134621,Goal,RightFoot,OpenPlay,h,2025
638172,29543,11789,Josué Casimir,54,0.8469999694824218,0.5970000076293945,0.06488649547100067,SavedShot,RightFoot,OpenPlay,h,2025
638173,29543,10818,Kévin Danois,56,0.7730000305175782,0.47,0.02190282754600048,MissedShots,RightFoot,FromCorner,h,2025
638175,29543,11789,Josué Casimir,63,0.8690000152587891,0.35900001525878905,0.10594263672828674,BlockedShot,RightFoot,OpenPlay,h,2025
638176,29543,11789,Josué Casimir,68,0.885,0.5,0.7600951194763184,ShotOnPost,RightFoot,Penalty,h,2025
638166,29543,12004,Joel Mvuka,0,0.8190000152587891,0.395,0.043382253497838974,BlockedShot,LeftFoot,OpenPlay,a,2025
638169,29543,12049,Aiyegun Tosin,23,0.85,0.48400001525878905,0.530046284198761,MissedShots,RightFoot,OpenPlay,a,2025
638170,29543,12049,Aiyegun Tosin,46,0.9359999847412109,0.39299999237060546,0.031055327504873276,MissedShots,Head,OpenPlay,a,2025
638174,29543,4882,Laurent Abergel,58,0.6980000305175781,0.5309999847412109,0.01167384535074234,BlockedShot,RightFoot,OpenPlay,a,2025
638177,29543,10074,Sambou Soumano,71,0.905,0.6830000305175781,0.325244665145874,SavedShot,LeftFoot,OpenPlay,a,2025
638178,29543,10074,Sambou Soumano,80,0.9269999694824219,0.5029999923706054,0.426736444234848,SavedShot,Head,OpenPlay,a,2025
638179,29543,12049,Aiyegun Tosin,88,0.8869999694824219,0.4929999923706055,0.02254951186478138,MissedShots,Head,SetPiece,a,2025
638180,29543,9873,Montassar Talbi,88,0.8969999694824219,0.5259999847412109,0.037036482244729996,MissedShots,Head,SetPiece,a,2025
638181,29543,13795,Dermane Karim,92,0.764000015258789,0.46700000762939453,0.011932691559195518,MissedShots,RightFoot,SetPiece,a,2025
638182,29543,9873,Montassar Talbi,97,0.9019999694824219,0.6609999847412109,0.060702916234731674,MissedShots,LeftFoot,OpenPlay,a,2025
638183,29543,12049,Aiyegun Tosin,97,0.899000015258789,0.47700000762939454,0.11683978885412216,BlockedShot,RightFoot,OpenPlay,a,2025
638184,29543,4882,Laurent Abergel,97,0.8390000152587891,0.4540000152587891,0.06194240227341652,SavedShot,RightFoot,FromCorner,a,2025
638185,29543,10844,Darline Yongwa,98,0.9330000305175781,0.3890000152587891,0.08294635266065598,BlockedShot,LeftFoot,FromCorner,a,2025
638186,29543,12381,Panos Katseris,98,0.899000015258789,0.44,0.09030570089817047,BlockedShot,RightFoot,FromCorner,a,2025
638188,29544,12850,Esteban Lepaul,6,0.9080000305175782,0.38799999237060545,0.1061304435133934,MissedShots,RightFoot,OpenPlay,h,2025
638189,29544,12847,Sidiki Chérif,6,0.9540000152587891,0.5870000076293945,0.13367526233196259,BlockedShot,LeftFoot,OpenPlay,h,2025
638190,29544,12850,Esteban Lepaul,8,0.8530000305175781,0.49700000762939456,0.2880171239376068,Goal,RightFoot,OpenPlay,h,2025
638191,29544,11294,Lilian Raolisoa,11,0.7380000305175781,0.3370000076293945,0.04570027068257332,BlockedShot,RightFoot,DirectFreekick,h,2025
638192,29544,12847,Sidiki Chérif,13,0.865,0.7140000152587891,0.04889926314353943,SavedShot,RightFoot,OpenPlay,h,2025
638197,29544,10295,Louis Mouton,37,0.8090000152587891,0.3220000076293945,0.04218326508998871,MissedShots,LeftFoot,OpenPlay,h,2025
638206,29544,9645,Jim Allevinah,77,0.8069999694824219,0.485,0.06723849475383759,MissedShots,RightFoot,OpenPlay,h,2025
638211,29544,9645,Jim Allevinah,96,0.860999984741211,0.46599998474121096,0.10376323759555817,BlockedShot,RightFoot,OpenPlay,h,2025
638187,29544,8690,Jean-Phillipe Krasso,3,0.750999984741211,0.5720000076293945,0.018181022256612778,SavedShot,LeftFoot,OpenPlay,a,2025
638193,29544,9656,Ilan Kebbal,21,0.8619999694824219,0.27399999618530274,0.0362071692943573,SavedShot,LeftFoot,OpenPlay,a,2025
638194,29544,7169,Moses Simon,22,0.72,0.4859999847412109,0.012654454447329044,MissedShots,LeftFoot,OpenPlay,a,2025
638195,29544,10270,Lohann Doucet,29,0.7869999694824219,0.39799999237060546,0.026305237784981728,MissedShots,LeftFoot,SetPiece,a,2025
638196,29544,7169,Moses Simon,33,0.8169999694824219,0.485,0.05255071446299553,BlockedShot,RightFoot,FromCorner,a,2025
638198,29544,8690,Jean-Phillipe Krasso,47,0.8830000305175781,0.42400001525878905,0.031538981944322586,SavedShot,Head,OpenPlay,a,2025
638199,29544,9656,Ilan Kebbal,48,0.865,0.23299999237060548,0.025392582640051842,SavedShot,LeftFoot,OpenPlay,a,2025
638200,29544,9656,Ilan Kebbal,46,0.75,0.28600000381469726,0.016977574676275253,MissedShots,LeftFoot,OpenPlay,a,2025
638201,29544,8690,Jean-Phillipe Krasso,56,0.9630000305175781,0.38599998474121094,0.06531228870153427,SavedShot,RightFoot,OpenPlay,a,2025
638202,29544,3772,Maxime Lopez,67,0.7240000152587891,0.625999984741211,0.01638691872358322,SavedShot,RightFoot,OpenPlay,a,2025
638203,29544,5696,Vincent Marchetti,68,0.8669999694824219,0.40400001525878904,0.10890478640794754,BlockedShot,LeftFoot,OpenPlay,a,2025
638204,29544,9656,Ilan Kebbal,69,0.8030000305175782,0.3370000076293945,0.027156703174114227,BlockedShot,LeftFoot,OpenPlay,a,2025
638205,29544,3786,Mathieu Cafaro,75,0.774000015258789,0.580999984741211,0.029928170144557953,SavedShot,RightFoot,OpenPlay,a,2025
638207,29544,3786,Mathieu Cafaro,79,0.7480000305175781,0.49599998474121093,0.023826470598578453,MissedShots,RightFoot,OpenPlay,a,2025
638208,29544,5696,Vincent Marchetti,81,0.7630000305175781,0.3,0.016858140006661415,MissedShots,LeftFoot,OpenPlay,a,2025
638209,29544,3772,Maxime Lopez,88,0.7909999847412109,0.54,0.03613564744591713,BlockedShot,RightFoot,OpenPlay,a,2025
638210,29544,3786,Mathieu Cafaro,89,0.8159999847412109,0.5029999923706054,0.1669333130121231,MissedShots,RightFoot,DirectFreekick,a,2025
638214,29545,13810,Brian Madjo,13,0.9290000152587891,0.46,0.13420763611793518,MissedShots,Head,OpenPlay,h,2025
638216,29545,11798,Koffi Kouao,29,0.8469999694824218,0.4809999847412109,0.050275158137083054,MissedShots,LeftFoot,OpenPlay,h,2025
638212,29545,11817,Emanuel Emegha,8,0.765,0.2520000076293945,0.04278581216931343,BlockedShot,LeftFoot,DirectFreekick,a,2025
638213,29545,10057,Felix Lemarechal,9,0.7569999694824219,0.325,0.013037499971687794,SavedShot,RightFoot,SetPiece,a,2025
638215,29545,12284,Samir El Mourabet,20,0.715999984741211,0.505,0.014013145118951797,BlockedShot,LeftFoot,FromCorner,a,2025
638217,29545,10057,Felix Lemarechal,41,0.7869999694824219,0.48900001525878906,0.039058562368154526,BlockedShot,LeftFoot,OpenPlay,a,2025
638218,29545,10057,Felix Lemarechal,47,0.75,0.779000015258789,0.034398168325424194,MissedShots,RightFoot,DirectFreekick,a,2025
638219,29545,11817,Emanuel Emegha,59,0.895,0.56,0.033410247415304184,SavedShot,Head,OpenPlay,a,2025
638220,29545,11817,Emanuel Emegha,63,0.955999984741211,0.5029999923706054,0.1551291048526764,BlockedShot,Head,OpenPlay,a,2025
638221,29545,12413,Joaquín Panichelli,85,0.914000015258789,0.48400001525878905,0.33359575271606445,Goal,Head,OpenPlay,a,2025
638222,29545,10057,Felix Lemarechal,97,0.860999984741211,0.3240000152587891,0.0661422535777092,MissedShots,RightFoot,OpenPlay,a,2025
638312,29546,12844,Bahereba Guirassy,38,0.9269999694824219,0.649000015258789,0.01938612200319767,MissedShots,Head,FromCorner,h,2025
638317,29546,13827,Yassine Benhattab,46,0.87,0.3220000076293945,0.05131494253873825,MissedShots,LeftFoot,OpenPlay,h,2025
638320,29546,13016,Hong Hyun-Seok,58,0.7440000152587891,0.28899999618530275,0.016671238467097282,MissedShots,LeftFoot,OpenPlay,h,2025
638327,29546,12387,Dehmaine Assoumani,91,0.64,0.6569999694824219,0.021593177691102028,MissedShots,LeftFoot,OpenPlay,h,2025
638329,29546,10702,Johann Lepenant,94,0.7630000305175781,0.45799999237060546,0.015462798997759819,MissedShots,RightFoot,OpenPlay,h,2025
638307,29546,10016,Bradley Barcola,4,0.915,0.7380000305175781,0.03851969912648201,MissedShots,RightFoot,OpenPlay,a,2025
638308,29546,11767,Gonçalo Ramos,15,0.9480000305175781,0.4859999847412109,0.0786898285150528,MissedShots,Head,FromCorner,a,2025
638309,29546,11767,Gonçalo Ramos,20,0.89,0.4520000076293945,0.033166974782943726,MissedShots,Head,OpenPlay,a,2025
638310,29546,8777,Vitinha,25,0.7090000152587891,0.5540000152587891,0.015716729685664177,MissedShots,RightFoot,OpenPlay,a,2025
638311,29546,7313,Lee Kang-In,36,0.870999984741211,0.5309999847412109,0.11359727382659912,BlockedShot,LeftFoot,OpenPlay,a,2025
638313,29546,10016,Bradley Barcola,38,0.865,0.6759999847412109,0.04372130706906319,SavedShot,RightFoot,OpenPlay,a,2025
638314,29546,10016,Bradley Barcola,41,0.7969999694824219,0.7380000305175781,0.02126152627170086,BlockedShot,RightFoot,OpenPlay,a,2025
638315,29546,11767,Gonçalo Ramos,41,0.9669999694824218,0.715,0.04174453392624855,MissedShots,RightFoot,OpenPlay,a,2025
638316,29546,2276,Lucas Hernández,44,0.8930000305175781,0.5879999923706055,0.034925177693367004,SavedShot,Head,OpenPlay,a,2025
638318,29546,7313,Lee Kang-In,54,0.745999984741211,0.6509999847412109,0.019616184756159782,BlockedShot,LeftFoot,OpenPlay,a,2025
638319,29546,2447,Fabián,55,0.77,0.6480000305175782,0.020367592573165894,BlockedShot,LeftFoot,OpenPlay,a,2025
638321,29546,10016,Bradley Barcola,63,0.8919999694824219,0.675,0.07095468789339066,BlockedShot,RightFoot,OpenPlay,a,2025
638322,29546,11767,Gonçalo Ramos,64,0.8780000305175781,0.33099998474121095,0.06753280013799667,BlockedShot,RightFoot,OpenPlay,a,2025
638323,29546,8777,Vitinha,66,0.77,0.5479999923706055,0.034579429775476456,Goal,RightFoot,FromCorner,a,2025
638324,29546,11767,Gonçalo Ramos,75,0.8980000305175782,0.615,0.28997793793678284,BlockedShot,RightFoot,OpenPlay,a,2025
638325,29546,7453,Khvicha Kvaratskhelia,83,0.76,0.64,0.027201522141695023,SavedShot,RightFoot,OpenPlay,a,2025
638326,29546,10016,Bradley Barcola,88,0.9030000305175782,0.35200000762939454,0.3330438733100891,MissedShots,RightFoot,OpenPlay,a,2025
638328,29546,3226,Ousmane Dembélé,93,0.9359999847412109,0.29700000762939455,0.07219894975423813,MissedShots,RightFoot,OpenPlay,a,2025
638545,29547,3226,Ousmane Dembélé,26,0.885,0.5,0.7600951194763184,MissedShots,RightFoot,Penalty,h,2025
638546,29547,10431,Désiré Doué,31,0.749000015258789,0.5109999847412109,0.06712590157985687,MissedShots,RightFoot,DirectFreekick,h,2025
638547,29547,10431,Désiré Doué,32,0.8030000305175782,0.735999984741211,0.017824707552790642,MissedShots,RightFoot,OpenPlay,h,2025
638548,29547,5197,Achraf Hakimi,36,0.7930000305175782,0.28399999618530275,0.018620165064930916,MissedShots,RightFoot,OpenPlay,h,2025
638549,29547,12734,João Neves,37,0.749000015258789,0.4640000152587891,0.02207930013537407,MissedShots,RightFoot,OpenPlay,h,2025
638550,29547,3226,Ousmane Dembélé,40,0.9019999694824219,0.2720000076293945,0.038427941501140594,MissedShots,RightFoot,OpenPlay,h,2025
638551,29547,8777,Vitinha,41,0.7880000305175782,0.28399999618530275,0.018000826239585876,MissedShots,RightFoot,OpenPlay,h,2025
638552,29547,3226,Ousmane Dembélé,44,0.7630000305175781,0.41900001525878905,0.024981902912259102,MissedShots,LeftFoot,OpenPlay,h,2025
638553,29547,8777,Vitinha,48,0.87,0.8219999694824218,0.05555640533566475,SavedShot,RightFoot,DirectFreekick,h,2025
638554,29547,2447,Fabián,49,0.8959999847412109,0.57,0.08862090110778809,Goal,RightFoot,OpenPlay,h,2025
638555,29547,8777,Vitinha,54,0.749000015258789,0.4540000152587891,0.02674252912402153,BlockedShot,RightFoot,OpenPlay,h,2025
638556,29547,12734,João Neves,57,0.9519999694824218,0.4620000076293945,0.12970001995563507,MissedShots,Head,FromCorner,h,2025
638557,29547,10016,Bradley Barcola,65,0.8080000305175781,0.5479999923706055,0.06922370195388794,MissedShots,RightFoot,OpenPlay,h,2025
638559,29547,10786,Warren Zaïre-Emery,68,0.8930000305175781,0.30700000762939456,0.09631796926259995,MissedShots,RightFoot,OpenPlay,h,2025
638561,29547,11767,Gonçalo Ramos,74,0.8130000305175781,0.63,0.05530938878655434,SavedShot,LeftFoot,OpenPlay,h,2025
638562,29547,2447,Fabián,77,0.9169999694824219,0.534000015258789,0.3326593041419983,MissedShots,Head,OpenPlay,h,2025
638563,29547,9961,Nuno Mendes,79,0.865,0.6480000305175782,0.06488094478845596,SavedShot,RightFoot,OpenPlay,h,2025
638564,29547,8777,Vitinha,79,0.774000015258789,0.5690000152587891,0.01240845862776041,MissedShots,RightFoot,FromCorner,h,2025
638565,29547,2447,Fabián,85,0.8059999847412109,0.3110000038146973,0.029146695509552956,BlockedShot,LeftFoot,OpenPlay,h,2025
638566,29547,7313,Lee Kang-In,88,0.8530000305175781,0.5209999847412109,0.11066553741693497,BlockedShot,LeftFoot,OpenPlay,h,2025
638567,29547,9961,Nuno Mendes,90,0.7709999847412109,0.27600000381469725,0.04941295459866524,BlockedShot,LeftFoot,DirectFreekick,h,2025
638544,29547,12847,Sidiki Chérif,12,0.8490000152587891,0.5729999923706055,0.04273263365030289,MissedShots,RightFoot,OpenPlay,a,2025
638558,29547,10517,Yassin Belkhdim,67,0.8490000152587891,0.29700000762939455,0.05790247023105621,MissedShots,RightFoot,OpenPlay,a,2025
638560,29547,12850,Esteban Lepaul,69,0.895,0.54,0.07624046504497528,MissedShots,Head,OpenPlay,a,2025
638895,29548,318,Pierre-Emerick Aubameyang,12,0.925,0.45,0.47275736927986145,ShotOnPost,RightFoot,OpenPlay,h,2025
638896,29548,7490,Mason Greenwood,17,0.885,0.5,0.7600951194763184,Goal,RightFoot,Penalty,h,2025
638898,29548,318,Pierre-Emerick Aubameyang,24,0.9330000305175781,0.47200000762939454,0.3621762990951538,Goal,LeftFoot,FromCorner,h,2025
638902,29548,6401,Amine Gouiri,44,0.9730000305175781,0.41700000762939454,0.3459036946296692,SavedShot,RightFoot,OpenPlay,h,2025
638903,29548,399,Ulisses García,46,0.7219999694824218,0.4829999923706055,0.021921323612332344,MissedShots,LeftFoot,OpenPlay,h,2025
638906,29548,7486,Leonardo Balerdi,60,0.91,0.5209999847412109,0.1464424878358841,SavedShot,Head,FromCorner,h,2025
638908,29548,343,Pierre-Emile Højbjerg,70,0.9590000152587891,0.6090000152587891,0.042665645480155945,MissedShots,Head,FromCorner,h,2025
638909,29548,318,Pierre-Emerick Aubameyang,72,0.840999984741211,0.5529999923706055,0.3412138521671295,Goal,RightFoot,OpenPlay,h,2025
638910,29548,343,Pierre-Emile Højbjerg,80,0.7230000305175781,0.47900001525878905,0.019709471613168716,Goal,RightFoot,OpenPlay,h,2025
638911,29548,7490,Mason Greenwood,84,0.885,0.5,0.7600951194763184,MissedShots,RightFoot,Penalty,h,2025
638912,29548,13330,Robinio Vaz,95,0.9290000152587891,0.27299999237060546,0.06402043253183365,Goal,RightFoot,OpenPlay,h,2025
638894,29548,6332,Willem Geubbels,4,0.875,0.46799999237060547,0.16141283512115479,ShotOnPost,Head,OpenPlay,a,2025
638897,29548,5696,Vincent Marchetti,18,0.8869999694824219,0.5770000076293945,0.09175043553113937,MissedShots,RightFoot,OpenPlay,a,2025
638899,29548,9656,Ilan Kebbal,27,0.8680000305175781,0.28399999618530275,0.028589781373739243,Goal,LeftFoot,OpenPlay,a,2025
638900,29548,7169,Moses Simon,36,0.8530000305175781,0.745999984741211,0.036016207188367844,SavedShot,RightFoot,OpenPlay,a,2025
638901,29548,5696,Vincent Marchetti,36,0.7290000152587891,0.615,0.016108091920614243,SavedShot,LeftFoot,OpenPlay,a,2025
638904,29548,7169,Moses Simon,54,0.92,0.505,0.3559040129184723,MissedShots,Head,OpenPlay,a,2025
638905,29548,7169,Moses Simon,57,0.899000015258789,0.405,0.3578300178050995,Goal,RightFoot,OpenPlay,a,2025
638907,29548,9656,Ilan Kebbal,64,0.6730000305175782,0.3079999923706055,0.007542357314378023,MissedShots,LeftFoot,OpenPlay,a,2025
639015,29549,3544,Jeremie Boga,2,0.9330000305175781,0.495,0.45219886302948,Goal,LeftFoot,OpenPlay,h,2025
639019,29549,8768,Kevin Omoruyi,16,0.9119999694824219,0.49900001525878906,0.2929660975933075,MissedShots,Head,FromCorner,h,2025
639020,29549,13751,Isak Jansson,17,0.8269999694824218,0.37,0.06258212774991989,MissedShots,LeftFoot,OpenPlay,h,2025
639027,29549,11515,Tom Louchet,45,0.860999984741211,0.46,0.011140028014779091,MissedShots,Head,SetPiece,h,2025
639028,29549,8190,Melvin Bard,50,0.7769999694824219,0.3609999847412109,0.030280299484729767,SavedShot,LeftFoot,SetPiece,h,2025
639030,29549,8768,Kevin Omoruyi,53,0.8859999847412109,0.38599998474121094,0.09681501239538193,MissedShots,RightFoot,OpenPlay,h,2025
639032,29549,13751,Isak Jansson,57,0.825,0.48700000762939455,0.07386401295661926,SavedShot,RightFoot,OpenPlay,h,2025
639034,29549,8768,Kevin Omoruyi,67,0.870999984741211,0.539000015258789,0.04662267118692398,MissedShots,Head,OpenPlay,h,2025
639035,29549,9655,Pablo Rosario,71,0.879000015258789,0.265,0.043153997510671616,MissedShots,RightFoot,OpenPlay,h,2025
639036,29549,9655,Pablo Rosario,75,0.7780000305175782,0.56,0.038077469915151596,SavedShot,RightFoot,OpenPlay,h,2025
639037,29549,8997,Terem Igobor Moffi,75,0.9780000305175781,0.5059999847412109,0.7747049331665039,Goal,Head,OpenPlay,h,2025
639038,29549,6846,Sofiane Diop,83,0.764000015258789,0.5070000076293946,0.044919222593307495,MissedShots,LeftFoot,OpenPlay,h,2025
639039,29549,8050,Hichem Boudaoui,87,0.7290000152587891,0.6359999847412109,0.01844891719520092,SavedShot,RightFoot,OpenPlay,h,2025
639040,29549,8050,Hichem Boudaoui,88,0.9019999694824219,0.49900001525878906,0.5638450384140015,BlockedShot,RightFoot,OpenPlay,h,2025
639041,29549,11515,Tom Louchet,89,0.7330000305175781,0.634000015258789,0.012554206885397434,MissedShots,RightFoot,FromCorner,h,2025
639043,29549,8997,Terem Igobor Moffi,93,0.89,0.72,0.10066413134336472,ShotOnPost,LeftFoot,OpenPlay,h,2025
639016,29549,6333,Elisha Owusu,3,0.7830000305175782,0.355,0.023625552654266357,MissedShots,RightFoot,OpenPlay,a,2025
639017,29549,11789,Josué Casimir,12,0.8619999694824219,0.4129999923706055,0.07742992043495178,SavedShot,RightFoot,OpenPlay,a,2025
639018,29549,10818,Kévin Danois,12,0.93,0.475,0.3301392197608948,SavedShot,Head,OpenPlay,a,2025
639021,29549,10815,Lassine Sinayoko,18,0.9009999847412109,0.3870000076293945,0.37645718455314636,SavedShot,RightFoot,OpenPlay,a,2025
639022,29549,10815,Lassine Sinayoko,20,0.8930000305175781,0.5129999923706055,0.4271489083766937,Goal,RightFoot,OpenPlay,a,2025
639023,29549,12824,Clément Akpa,23,0.145,0.5320000076293945,0,OwnGoal,LeftFoot,OpenPlay,a,2025
639024,29549,10815,Lassine Sinayoko,30,0.8269999694824218,0.625,0.04403923079371452,BlockedShot,LeftFoot,OpenPlay,a,2025
639025,29549,13792,Ibrahim Osman,35,0.914000015258789,0.6580000305175782,0.09095241874456406,SavedShot,LeftFoot,OpenPlay,a,2025
639026,29549,11789,Josué Casimir,35,0.895,0.4859999847412109,0.2194896936416626,SavedShot,Head,OpenPlay,a,2025
639029,29549,13792,Ibrahim Osman,50,0.7719999694824219,0.6120000076293945,0.04215047135949135,BlockedShot,RightFoot,OpenPlay,a,2025
639031,29549,10815,Lassine Sinayoko,55,0.7769999694824219,0.6419999694824219,0.043000660836696625,SavedShot,LeftFoot,OpenPlay,a,2025
639033,29549,10815,Lassine Sinayoko,58,0.85,0.5770000076293945,0.0684153288602829,MissedShots,RightFoot,OpenPlay,a,2025
639042,29549,10818,Kévin Danois,93,0.905,0.48900001525878906,0.5467450618743896,SavedShot,LeftFoot,OpenPlay,a,2025
639148,29550,8187,Georges Mikautadze,5,0.8640000152587891,0.5420000076293945,0.10119888931512833,SavedShot,LeftFoot,OpenPlay,h,2025
639149,29550,8187,Georges Mikautadze,5,0.9690000152587891,0.40299999237060546,0.06076445057988167,BlockedShot,RightFoot,FromCorner,h,2025
639150,29550,13735,Pavel Sulc,7,0.914000015258789,0.5059999847412109,0.12556762993335724,MissedShots,Head,OpenPlay,h,2025
639151,29550,8187,Georges Mikautadze,9,0.5770000076293945,0.6819999694824219,0.011019496247172356,MissedShots,RightFoot,OpenPlay,h,2025
639157,29550,12336,Malick Fofana,24,0.904000015258789,0.5509999847412109,0.40061506628990173,Goal,RightFoot,OpenPlay,h,2025
639158,29550,3603,Corentin Tolisso,29,0.9309999847412109,0.500999984741211,0.5812053084373474,Goal,LeftFoot,OpenPlay,h,2025
639162,29550,11318,Abner,57,0.905,0.4540000152587891,0.06452704966068268,BlockedShot,Head,FromCorner,h,2025
639164,29550,13735,Pavel Sulc,68,0.8180000305175781,0.48900001525878906,0.08562099188566208,MissedShots,RightFoot,OpenPlay,h,2025
639165,29550,10091,Tyler Morton,70,0.7280000305175781,0.5629999923706055,0.026370834559202194,SavedShot,RightFoot,OpenPlay,h,2025
639166,29550,8187,Georges Mikautadze,71,0.8219999694824218,0.4929999923706055,0.08347199857234955,SavedShot,RightFoot,OpenPlay,h,2025
639167,29550,8187,Georges Mikautadze,75,0.9169999694824219,0.5409999847412109,0.12653589248657227,SavedShot,Head,OpenPlay,h,2025
639168,29550,9885,Tanner Tessmann,82,0.89,0.46,0.049165938049554825,SavedShot,Head,SetPiece,h,2025
639169,29550,13734,Adam Karabec,82,0.9590000152587891,0.5279999923706055,0.6717562079429626,Goal,LeftFoot,SetPiece,h,2025
639152,29550,8119,Boubacar Traore,12,0.725,0.624000015258789,0.0169448871165514,SavedShot,RightFoot,OpenPlay,a,2025
639153,29550,13810,Brian Madjo,14,0.9309999847412109,0.46,0.1155240535736084,SavedShot,RightFoot,OpenPlay,a,2025
639154,29550,13809,Giorgi Tsitaishvili,17,0.7580000305175781,0.35400001525878905,0.021502569317817688,BlockedShot,LeftFoot,OpenPlay,a,2025
639155,29550,13810,Brian Madjo,18,0.8980000305175782,0.38,0.06632263213396072,BlockedShot,RightFoot,OpenPlay,a,2025
639156,29550,13809,Giorgi Tsitaishvili,18,0.9130000305175782,0.3129999923706055,0.048637863248586655,MissedShots,LeftFoot,OpenPlay,a,2025
639159,29550,13813,Giorgi Abuashvili,49,0.7630000305175781,0.6359999847412109,0.016660386696457863,MissedShots,LeftFoot,OpenPlay,a,2025
639160,29550,13813,Giorgi Abuashvili,50,0.7819999694824219,0.40900001525878904,0.03099023923277855,BlockedShot,LeftFoot,OpenPlay,a,2025
639161,29550,5727,Gauthier Hein,52,0.8419999694824218,0.514000015258789,0.05511762201786041,BlockedShot,LeftFoot,OpenPlay,a,2025
639163,29550,8119,Boubacar Traore,61,0.87,0.600999984741211,0.018327932804822922,MissedShots,Head,FromCorner,a,2025
639170,29550,3290,Benjamin Stambouli,90,0.8859999847412109,0.5929999923706055,0.07079851627349854,BlockedShot,RightFoot,SetPiece,a,2025
639171,29550,5727,Gauthier Hein,91,0.8619999694824219,0.53,0.04726255312561989,BlockedShot,RightFoot,FromCorner,a,2025
639313,29551,12328,Arthur Avom,0,0.705999984741211,0.36,0.009230799973011017,MissedShots,RightFoot,OpenPlay,h,2025
639314,29551,13794,Arsène Kouassi,12,0.8230000305175781,0.27399999618530274,0.07417964935302734,BlockedShot,LeftFoot,DirectFreekick,h,2025
639315,29551,12328,Arthur Avom,12,0.8019999694824219,0.27399999618530274,0.014648664742708206,MissedShots,RightFoot,SetPiece,h,2025
639318,29551,12381,Panos Katseris,22,0.905,0.4159999847412109,0.12194565683603287,BlockedShot,RightFoot,OpenPlay,h,2025
639319,29551,12381,Panos Katseris,22,0.9269999694824219,0.45599998474121095,0.14217697083950043,MissedShots,LeftFoot,OpenPlay,h,2025
639320,29551,10074,Sambou Soumano,22,0.8809999847412109,0.5629999923706055,0.09270613640546799,BlockedShot,RightFoot,OpenPlay,h,2025
639321,29551,13795,Dermane Karim,22,0.8480000305175781,0.6909999847412109,0.06364350020885468,MissedShots,LeftFoot,OpenPlay,h,2025
639323,29551,10074,Sambou Soumano,41,0.7969999694824219,0.325,0.025345444679260254,MissedShots,RightFoot,OpenPlay,h,2025
639324,29551,12049,Aiyegun Tosin,43,0.769000015258789,0.5479999923706055,0.02922739088535309,BlockedShot,LeftFoot,OpenPlay,h,2025
639325,29551,10074,Sambou Soumano,48,0.919000015258789,0.4759999847412109,0.5817415714263916,Goal,LeftFoot,OpenPlay,h,2025
639326,29551,12328,Arthur Avom,51,0.845999984741211,0.49900001525878906,0.09482576698064804,MissedShots,LeftFoot,OpenPlay,h,2025
639327,29551,12049,Aiyegun Tosin,46,0.9280000305175782,0.5129999923706055,0.11791788786649704,Goal,RightFoot,FromCorner,h,2025
639329,29551,12381,Panos Katseris,53,0.7919999694824219,0.76,0.019456468522548676,SavedShot,RightFoot,OpenPlay,h,2025
639330,29551,12049,Aiyegun Tosin,53,0.755,0.43400001525878906,0.02195315808057785,BlockedShot,RightFoot,OpenPlay,h,2025
639331,29551,4882,Laurent Abergel,57,0.7930000305175782,0.36400001525878906,0.02839123271405697,MissedShots,RightFoot,OpenPlay,h,2025
639332,29551,4882,Laurent Abergel,58,0.7340000152587891,0.6909999847412109,0.014379646629095078,BlockedShot,RightFoot,OpenPlay,h,2025
639333,29551,12049,Aiyegun Tosin,60,0.884000015258789,0.4809999847412109,0.12041372805833817,SavedShot,RightFoot,OpenPlay,h,2025
639334,29551,12328,Arthur Avom,64,0.9080000305175782,0.3340000152587891,0.13519279658794403,MissedShots,RightFoot,OpenPlay,h,2025
639335,29551,10347,Pablo Pagis,64,0.8809999847412109,0.504000015258789,0.4958261549472809,Goal,RightFoot,OpenPlay,h,2025
639336,29551,9929,Théo Le Bris,68,0.98,0.435,0.5040314197540283,Goal,Head,OpenPlay,h,2025
639337,29551,10347,Pablo Pagis,70,0.95,0.6780000305175782,0.06243808940052986,SavedShot,RightFoot,OpenPlay,h,2025
639338,29551,12383,Mohamed Bamba,76,0.97,0.4779999923706055,0.7182320952415466,MissedShots,RightFoot,OpenPlay,h,2025
639316,29551,12159,Mahamadou Nagida,19,0.799000015258789,0.3029999923706055,0.024827677756547928,SavedShot,LeftFoot,OpenPlay,a,2025
639317,29551,1144,Seko Fofana,20,0.7530000305175781,0.6669999694824219,0.02076367847621441,ShotOnPost,RightFoot,OpenPlay,a,2025
639322,29551,3475,Ludovic Blas,31,0.7040000152587891,0.55,0.012677214108407497,MissedShots,LeftFoot,OpenPlay,a,2025
639328,29551,12159,Mahamadou Nagida,50,0.75,0.6669999694824219,0.014568634331226349,MissedShots,LeftFoot,FromCorner,a,2025
639418,29552,10485,Guemissongui Ouattara,6,0.8669999694824219,0.710999984741211,0.03619812801480293,BlockedShot,RightFoot,OpenPlay,h,2025
639422,29552,12413,Joaquín Panichelli,18,0.93,0.46299999237060546,0.05426561459898949,MissedShots,Head,FromCorner,h,2025
639423,29552,12284,Samir El Mourabet,20,0.74,0.39,0.020298156887292862,BlockedShot,LeftFoot,SetPiece,h,2025
639424,29552,13818,Kendry Páez,31,0.7930000305175782,0.3110000038146973,0.024991968646645546,MissedShots,LeftFoot,OpenPlay,h,2025
639430,29552,13818,Kendry Páez,59,0.7559999847412109,0.3579999923706055,0.022294025868177414,BlockedShot,LeftFoot,OpenPlay,h,2025
639431,29552,12413,Joaquín Panichelli,62,0.9019999694824219,0.46599998474121096,0.08628855645656586,MissedShots,Head,OpenPlay,h,2025
639432,29552,13818,Kendry Páez,62,0.9109999847412109,0.33099998474121095,0.05623406544327736,BlockedShot,RightFoot,OpenPlay,h,2025
639433,29552,10057,Felix Lemarechal,62,0.8909999847412109,0.40900001525878904,0.08899997919797897,BlockedShot,RightFoot,OpenPlay,h,2025
639435,29552,10485,Guemissongui Ouattara,72,0.7330000305175781,0.4929999923706055,0.019190607592463493,SavedShot,LeftFoot,OpenPlay,h,2025
639436,29552,11817,Emanuel Emegha,79,0.9769999694824218,0.49700000762939456,0.9681602716445923,MissedShots,LeftFoot,OpenPlay,h,2025
639437,29552,11817,Emanuel Emegha,80,0.9009999847412109,0.514000015258789,0.29201626777648926,Goal,Head,OpenPlay,h,2025
639438,29552,11817,Emanuel Emegha,83,0.86,0.6869999694824219,0.05839100852608681,SavedShot,LeftFoot,OpenPlay,h,2025
639439,29552,10581,Junior Mwanga,85,0.915,0.590999984741211,0.04362427815794945,MissedShots,Head,FromCorner,h,2025
639440,29552,10485,Guemissongui Ouattara,86,0.8059999847412109,0.34200000762939453,0.015682892873883247,MissedShots,RightFoot,FromCorner,h,2025
639441,29552,13916,Rafael Luís,87,0.8209999847412109,0.6519999694824219,0.04790029674768448,SavedShot,RightFoot,OpenPlay,h,2025
639419,29552,13827,Yassine Benhattab,7,0.8719999694824219,0.3160000038146973,0.048744332045316696,BlockedShot,LeftFoot,OpenPlay,a,2025
639420,29552,497,Francis Coquelin,8,0.84,0.36200000762939455,0.01823033019900322,BlockedShot,RightFoot,FromCorner,a,2025
639421,29552,3785,Kelvin Adou,9,0.769000015258789,0.315,0.015540460124611855,MissedShots,RightFoot,FromCorner,a,2025
639425,29552,12844,Bahereba Guirassy,35,0.9930000305175781,0.625,0.09143868833780289,SavedShot,LeftFoot,OpenPlay,a,2025
639426,29552,12844,Bahereba Guirassy,44,0.8919999694824219,0.3340000152587891,0.06603574752807617,SavedShot,RightFoot,OpenPlay,a,2025
639427,29552,10702,Johann Lepenant,46,0.8540000152587891,0.519000015258789,0.07578029483556747,BlockedShot,RightFoot,OpenPlay,a,2025
639428,29552,6007,Nicolas Cozza,46,0.7880000305175782,0.515,0.028830695897340775,BlockedShot,LeftFoot,OpenPlay,a,2025
639429,29552,12844,Bahereba Guirassy,51,0.8859999847412109,0.710999984741211,0.0485699437558651,BlockedShot,RightFoot,OpenPlay,a,2025
639434,29552,10831,Mostafa Mohamed,69,0.8730000305175781,0.665,0.03443752974271774,MissedShots,LeftFoot,OpenPlay,a,2025
639442,29553,11792,Issa Soumaré,2,0.9030000305175782,0.5109999847412109,0.28301990032196045,SavedShot,Head,OpenPlay,h,2025
639443,29553,8684,Fodé Doucouré,2,0.909000015258789,0.32299999237060545,0.05214666947722435,MissedShots,RightFoot,OpenPlay,h,2025
639444,29553,11792,Issa Soumaré,2,0.970999984741211,0.5279999923706055,0.7402365803718567,MissedShots,LeftFoot,OpenPlay,h,2025
639446,29553,8287,Mbwana Samatta,10,0.8619999694824219,0.4370000076293945,0.10915914922952652,SavedShot,LeftFoot,OpenPlay,h,2025
639447,29553,8684,Fodé Doucouré,10,0.985999984741211,0.37599998474121094,0.058420512825250626,BlockedShot,RightFoot,OpenPlay,h,2025
639448,29553,8684,Fodé Doucouré,13,0.750999984741211,0.2979999923706055,0.010213226079940796,SavedShot,RightFoot,SetPiece,h,2025
639449,29553,13742,Ayumu Seko,22,0.7859999847412109,0.30200000762939455,0.020312344655394554,MissedShots,LeftFoot,OpenPlay,h,2025
639450,29553,8287,Mbwana Samatta,24,0.909000015258789,0.590999984741211,0.06120193004608154,BlockedShot,Head,SetPiece,h,2025
639451,29553,8287,Mbwana Samatta,37,0.9069999694824219,0.52,0.24702437222003937,ShotOnPost,Head,OpenPlay,h,2025
639453,29553,11792,Issa Soumaré,42,0.9480000305175781,0.5420000076293945,0.37900733947753906,BlockedShot,RightFoot,OpenPlay,h,2025
639454,29553,11790,Rassoul Ndiaye,42,0.8109999847412109,0.5359999847412109,0.04623037576675415,BlockedShot,LeftFoot,OpenPlay,h,2025
639455,29553,11787,Loïc Négo,46,0.7559999847412109,0.08800000190734864,0.008243309333920479,SavedShot,RightFoot,OpenPlay,h,2025
639456,29553,8684,Fodé Doucouré,47,0.8780000305175781,0.3579999923706055,0.050788622349500656,Goal,RightFoot,FromCorner,h,2025
639457,29553,8287,Mbwana Samatta,46,0.874000015258789,0.525,0.04809165373444557,MissedShots,Head,SetPiece,h,2025
639462,29553,11792,Issa Soumaré,89,0.9059999847412109,0.49900001525878906,0.0793326124548912,MissedShots,Head,FromCorner,h,2025
639463,29553,12732,Yanis Zouaoui,96,0.715999984741211,0.5409999847412109,0.04586926847696304,SavedShot,LeftFoot,DirectFreekick,h,2025
639464,29553,3674,Abdoulaye Touré,97,0.8030000305175782,0.53,0.03286755830049515,BlockedShot,RightFoot,FromCorner,h,2025
639465,29553,11787,Loïc Négo,97,0.7669999694824219,0.31799999237060544,0.02023184485733509,MissedShots,LeftFoot,FromCorner,h,2025
639445,29553,3799,Wesley Said,8,0.885,0.5,0.7600951194763184,Goal,RightFoot,Penalty,a,2025
639452,29553,13506,Rayan Fofana,39,0.9130000305175782,0.3340000152587891,0.28270572423934937,Goal,RightFoot,OpenPlay,a,2025
639458,29553,13506,Rayan Fofana,48,0.905,0.41200000762939454,0.08656450361013412,MissedShots,Head,OpenPlay,a,2025
639459,29553,3799,Wesley Said,49,0.9,0.56,0.09778814762830734,MissedShots,Head,OpenPlay,a,2025
639460,29553,3549,Adrien Thomasson,63,0.7680000305175781,0.425,0.032372456043958664,BlockedShot,RightFoot,OpenPlay,a,2025
639461,29553,3799,Wesley Said,79,0.7530000305175781,0.5459999847412109,0.03145323321223259,SavedShot,RightFoot,OpenPlay,a,2025
639466,29554,10193,Frank Magri,13,0.9080000305175782,0.40299999237060546,0.032957278192043304,SavedShot,Head,FromCorner,h,2025
639472,29554,9220,Charlie Cresswell,25,0.92,0.4209999847412109,0.057995542883872986,MissedShots,Head,FromCorner,h,2025
639473,29554,12045,Aron Dønnum,46,0.874000015258789,0.53,0.03796835616230965,ShotOnPost,Head,OpenPlay,h,2025
639474,29554,10193,Frank Magri,51,0.909000015258789,0.63,0.10875192284584045,Goal,RightFoot,OpenPlay,h,2025
639477,29554,10193,Frank Magri,64,0.975,0.5179999923706055,0.9761682748794556,Goal,RightFoot,SetPiece,h,2025
639486,29554,13756,Santiago Hidalgo,96,0.9019999694824219,0.6880000305175781,0.11048269271850586,MissedShots,LeftFoot,OpenPlay,h,2025
639467,29554,7747,Mama Baldé,15,0.7969999694824219,0.67,0.028169531375169754,SavedShot,RightFoot,OpenPlay,a,2025
639468,29554,7747,Mama Baldé,16,0.914000015258789,0.47400001525878904,0.040688157081604004,MissedShots,Head,FromCorner,a,2025
639469,29554,3721,Romain Del Castillo,18,0.705999984741211,0.6379999923706055,0.03645855188369751,BlockedShot,LeftFoot,DirectFreekick,a,2025
639470,29554,7747,Mama Baldé,23,0.905,0.4540000152587891,0.05801117792725563,BlockedShot,Head,OpenPlay,a,2025
639471,29554,7747,Mama Baldé,24,0.8780000305175781,0.649000015258789,0.09709414094686508,BlockedShot,LeftFoot,OpenPlay,a,2025
639475,29554,6905,Ludovic Ajorque,55,0.8190000152587891,0.505,0.020869731903076172,MissedShots,Head,OpenPlay,a,2025
639476,29554,3721,Romain Del Castillo,56,0.785,0.555,0.037213508039712906,BlockedShot,LeftFoot,OpenPlay,a,2025
639478,29554,5619,Pierre Lees-Melou,81,0.7569999694824219,0.45,0.02195007912814617,BlockedShot,LeftFoot,OpenPlay,a,2025
639479,29554,11061,Michel Diaz,81,0.914000015258789,0.5420000076293945,0.031120169907808304,BlockedShot,Head,FromCorner,a,2025
639480,29554,6905,Ludovic Ajorque,86,0.895,0.45299999237060545,0.079584039747715,MissedShots,Head,OpenPlay,a,2025
639481,29554,13024,Serigne Diop,87,0.9419999694824219,0.4620000076293945,0.09503921121358871,BlockedShot,RightFoot,FromCorner,a,2025
639482,29554,9659,Bradley Locko,88,0.775,0.5879999923706055,0.027476085349917412,MissedShots,LeftFoot,OpenPlay,a,2025
639483,29554,5619,Pierre Lees-Melou,91,0.8530000305175781,0.6519999694824219,0.034521766006946564,MissedShots,LeftFoot,FromCorner,a,2025
639484,29554,11061,Michel Diaz,94,0.91,0.5409999847412109,0.029206275939941406,BlockedShot,Head,FromCorner,a,2025
639485,29554,6905,Ludovic Ajorque,94,0.950999984741211,0.5679999923706055,0.05724694952368736,MissedShots,Head,FromCorner,a,2025
639487,29554,11259,Julien Le Cardinal,98,0.925,0.46700000762939453,0.05549907684326172,SavedShot,Head,FromCorner,a,2025
639651,29555,13782,Nathan Ngoy,16,0.9169999694824219,0.525,0.04154647886753082,MissedShots,Head,FromCorner,h,2025
639652,29555,5680,Thomas Meunier,18,0.78,0.37200000762939456,0.027734003961086273,MissedShots,RightFoot,OpenPlay,h,2025
639653,29555,11757,Hákon Haraldsson,20,0.8640000152587891,0.5479999923706055,0.31850752234458923,MissedShots,RightFoot,OpenPlay,h,2025
639654,29555,11757,Hákon Haraldsson,27,0.8,0.6459999847412109,0.047968488186597824,BlockedShot,RightFoot,OpenPlay,h,2025
639655,29555,5680,Thomas Meunier,33,0.8109999847412109,0.5159999847412109,0.01878887228667736,MissedShots,RightFoot,FromCorner,h,2025
639657,29555,13782,Nathan Ngoy,50,0.8109999847412109,0.4590000152587891,0.0361112616956234,MissedShots,RightFoot,SetPiece,h,2025
639658,29555,6500,Romain Perraud,59,0.76,0.685,0.01853286474943161,MissedShots,LeftFoot,OpenPlay,h,2025
639659,29555,12162,Ayyoub Bouaddi,59,0.745999984741211,0.48400001525878905,0.01582031510770321,BlockedShot,RightFoot,OpenPlay,h,2025
639660,29555,502,Olivier Giroud,60,0.915,0.43599998474121093,0.07742679119110107,MissedShots,Head,FromCorner,h,2025
639661,29555,13782,Nathan Ngoy,67,0.914000015258789,0.534000015258789,0.05728386715054512,MissedShots,Head,FromCorner,h,2025
639662,29555,502,Olivier Giroud,72,0.9109999847412109,0.5129999923706055,0.3498440384864807,MissedShots,LeftFoot,OpenPlay,h,2025
639665,29555,6500,Romain Perraud,79,0.8590000152587891,0.41200000762939454,0.02571943774819374,BlockedShot,LeftFoot,FromCorner,h,2025
639666,29555,3223,Benjamin André,79,0.8919999694824219,0.44799999237060545,0.08565150201320648,MissedShots,RightFoot,FromCorner,h,2025
639667,29555,13782,Nathan Ngoy,84,0.7140000152587891,0.37599998474121094,0.013868513517081738,MissedShots,RightFoot,OpenPlay,h,2025
639668,29555,12162,Ayyoub Bouaddi,89,0.8630000305175781,0.2670000076293945,0.02309776097536087,BlockedShot,LeftFoot,OpenPlay,h,2025
639669,29555,11757,Hákon Haraldsson,89,0.7819999694824219,0.4640000152587891,0.024656636640429497,MissedShots,LeftFoot,OpenPlay,h,2025
639670,29555,502,Olivier Giroud,90,0.905,0.5179999923706055,0.46911829710006714,Goal,LeftFoot,OpenPlay,h,2025
639671,29555,502,Olivier Giroud,98,0.885,0.5,0.7600951194763184,MissedShots,LeftFoot,Penalty,h,2025
639649,29555,10058,Maghnes Akliouche,8,0.9269999694824219,0.4590000152587891,0.527276873588562,SavedShot,RightFoot,OpenPlay,a,2025
639650,29555,9690,Folarin Balogun,13,0.924000015258789,0.5209999847412109,0.39013680815696716,MissedShots,Head,OpenPlay,a,2025
639656,29555,10058,Maghnes Akliouche,38,0.8619999694824219,0.4229999923706055,0.09303557872772217,MissedShots,LeftFoot,OpenPlay,a,2025
639663,29555,10271,Vanderson,76,0.904000015258789,0.40599998474121096,0.08684950321912766,MissedShots,RightFoot,OpenPlay,a,2025
639664,29555,10058,Maghnes Akliouche,77,0.7869999694824219,0.46599998474121096,0.043756015598773956,BlockedShot,LeftFoot,OpenPlay,a,2025
639672,29555,10349,Mika Biereth,98,0.9159999847412109,0.495,0.38107481598854065,MissedShots,RightFoot,OpenPlay,a,2025
639969,29556,5745,Matthieu Udol,4,0.899000015258789,0.519000015258789,0.09798526018857956,BlockedShot,RightFoot,FromCorner,h,2025
639970,29556,5648,Malang Sarr,4,0.919000015258789,0.5709999847412109,0.11994965374469757,BlockedShot,RightFoot,FromCorner,h,2025
639971,29556,5648,Malang Sarr,4,0.945,0.5570000076293945,0.13953925669193268,SavedShot,LeftFoot,FromCorner,h,2025
639972,29556,5745,Matthieu Udol,4,0.8619999694824219,0.3940000152587891,0.045020077377557755,BlockedShot,LeftFoot,FromCorner,h,2025
639975,29556,13506,Rayan Fofana,22,0.899000015258789,0.600999984741211,0.07388840615749359,MissedShots,RightFoot,OpenPlay,h,2025
639978,29556,13506,Rayan Fofana,27,0.8669999694824219,0.525,0.3645593225955963,MissedShots,RightFoot,OpenPlay,h,2025
639979,29556,9632,Deiver Machado,31,0.8719999694824219,0.6919999694824219,0.03901668265461922,BlockedShot,LeftFoot,OpenPlay,h,2025
639980,29556,3549,Adrien Thomasson,32,0.9480000305175781,0.515,0.10156095027923584,MissedShots,RightFoot,OpenPlay,h,2025
639981,29556,9632,Deiver Machado,37,0.8530000305175781,0.6040000152587891,0.0719832256436348,BlockedShot,RightFoot,OpenPlay,h,2025
639982,29556,3799,Wesley Said,40,0.950999984741211,0.4809999847412109,0.4773765206336975,SavedShot,Head,FromCorner,h,2025
639984,29556,13506,Rayan Fofana,47,0.96,0.28299999237060547,0.04596538841724396,SavedShot,RightFoot,OpenPlay,h,2025
639987,29556,942,Florian Thauvin,49,0.7580000305175781,0.6179999923706054,0.06320956349372864,MissedShots,LeftFoot,DirectFreekick,h,2025
639988,29556,5745,Matthieu Udol,51,0.789000015258789,0.7069999694824218,0.02231733128428459,MissedShots,RightFoot,OpenPlay,h,2025
639989,29556,942,Florian Thauvin,59,0.885,0.5,0.7600951194763184,Goal,LeftFoot,Penalty,h,2025
639991,29556,13506,Rayan Fofana,61,0.9269999694824219,0.44400001525878907,0.6089527606964111,SavedShot,RightFoot,OpenPlay,h,2025
639992,29556,13732,Samson Baidoo,62,0.904000015258789,0.49,0.02648335136473179,SavedShot,Head,FromCorner,h,2025
639993,29556,13506,Rayan Fofana,62,0.9519999694824218,0.33299999237060546,0.3022451400756836,MissedShots,RightFoot,FromCorner,h,2025
639994,29556,13732,Samson Baidoo,65,0.8959999847412109,0.43900001525878907,0.015484408475458622,BlockedShot,Head,FromCorner,h,2025
639995,29556,13917,Mamadou Sangaré,65,0.885,0.6379999923706055,0.08556123822927475,SavedShot,LeftFoot,FromCorner,h,2025
639996,29556,5745,Matthieu Udol,66,0.9,0.44400001525878907,0.01713413931429386,SavedShot,Head,FromCorner,h,2025
639997,29556,11762,Morgan Guilavogui,76,0.9069999694824219,0.4779999923706055,0.04684657230973244,BlockedShot,Head,OpenPlay,h,2025
639998,29556,5745,Matthieu Udol,76,0.8930000305175781,0.6630000305175782,0.024798139929771423,BlockedShot,RightFoot,OpenPlay,h,2025
639999,29556,13917,Mamadou Sangaré,77,0.8109999847412109,0.53,0.019731827080249786,BlockedShot,LeftFoot,FromCorner,h,2025
640000,29556,13917,Mamadou Sangaré,77,0.8440000152587891,0.5129999923706055,0.05853123217821121,BlockedShot,LeftFoot,FromCorner,h,2025
640001,29556,11762,Morgan Guilavogui,77,0.8980000305175782,0.45799999237060546,0.3981058597564697,Goal,LeftFoot,FromCorner,h,2025
640002,29556,7206,Jonathan Gradit,81,0.745,0.29600000381469727,0.017917148768901825,MissedShots,RightFoot,OpenPlay,h,2025
640003,29556,5745,Matthieu Udol,83,0.914000015258789,0.545,0.07894648611545563,MissedShots,Head,FromCorner,h,2025
640004,29556,11762,Morgan Guilavogui,84,0.9209999847412109,0.46299999237060546,0.14734508097171783,MissedShots,LeftFoot,OpenPlay,h,2025
640005,29556,3549,Adrien Thomasson,91,0.9169999694824219,0.44299999237060544,0.1425287127494812,Goal,LeftFoot,OpenPlay,h,2025
640007,29556,13053,Saud Abdulhamid,95,0.9119999694824219,0.3220000076293945,0.07929202914237976,BlockedShot,RightFoot,OpenPlay,h,2025
639973,29556,7739,Joris Chotard,12,0.7319999694824219,0.43900001525878907,0.01708994433283806,BlockedShot,RightFoot,OpenPlay,a,2025
639974,29556,7747,Mama Baldé,14,0.8780000305175781,0.665,0.05852179974317551,BlockedShot,RightFoot,OpenPlay,a,2025
639976,29556,7747,Mama Baldé,23,0.904000015258789,0.534000015258789,0.42425668239593506,Goal,LeftFoot,OpenPlay,a,2025
639977,29556,10100,Kamory Doumbia,25,0.9430000305175781,0.6719999694824219,0.09030367434024811,SavedShot,LeftFoot,OpenPlay,a,2025
639983,29556,10100,Kamory Doumbia,43,0.8390000152587891,0.48200000762939454,0.09851216524839401,BlockedShot,LeftFoot,OpenPlay,a,2025
639985,29556,11259,Julien Le Cardinal,46,0.9069999694824219,0.48400001525878905,0.06459043174982071,MissedShots,Head,OpenPlay,a,2025
639986,29556,6905,Ludovic Ajorque,47,0.889000015258789,0.47200000762939454,0.10808447748422623,BlockedShot,RightFoot,OpenPlay,a,2025
639990,29556,10100,Kamory Doumbia,61,0.8580000305175781,0.5279999923706055,0.06829752027988434,BlockedShot,RightFoot,SetPiece,a,2025
640006,29556,13388,Justin Bourgault,94,0.8040000152587891,0.624000015258789,0.033752381801605225,MissedShots,RightFoot,OpenPlay,a,2025
640319,29557,13904,Abdoulaye Faye,4,0.905,0.5129999923706055,0.11062425374984741,MissedShots,Head,SetPiece,h,2025
640321,29557,4882,Laurent Abergel,31,0.8419999694824218,0.30700000762939456,0.016736555844545364,BlockedShot,RightFoot,FromCorner,h,2025
640330,29557,10074,Sambou Soumano,63,0.885,0.5,0.7600951194763184,SavedShot,RightFoot,Penalty,h,2025
640331,29557,10074,Sambou Soumano,63,0.9540000152587891,0.53,0.6443657875061035,MissedShots,LeftFoot,SetPiece,h,2025
640332,29557,12049,Aiyegun Tosin,63,0.9569999694824218,0.48400001525878905,0.6787382364273071,Goal,RightFoot,SetPiece,h,2025
640339,29557,9661,Igor Silva,83,0.895,0.8230000305175781,0.06034649908542633,MissedShots,RightFoot,DirectFreekick,h,2025
640320,29557,10810,Alexsandro Ribeiro,6,0.905,0.4809999847412109,0.02712457999587059,MissedShots,Head,FromCorner,a,2025
640322,29557,10810,Alexsandro Ribeiro,34,0.909000015258789,0.5790000152587891,0.01623370125889778,SavedShot,Head,FromCorner,a,2025
640323,29557,9444,Felix Correia,42,0.785,0.5479999923706055,0.024835243821144104,MissedShots,RightFoot,FromCorner,a,2025
640324,29557,3223,Benjamin André,47,0.9169999694824219,0.445,0.07723687589168549,SavedShot,Head,FromCorner,a,2025
640325,29557,13051,Matias Fernandez-Pardo,47,0.9590000152587891,0.5920000076293945,0.12201514840126038,BlockedShot,LeftFoot,FromCorner,a,2025
640326,29557,6500,Romain Perraud,45,0.9369999694824219,0.68,0.22347305715084076,Goal,LeftFoot,OpenPlay,a,2025
640327,29557,13051,Matias Fernandez-Pardo,52,0.88,0.4229999923706055,0.3543989360332489,Goal,RightFoot,OpenPlay,a,2025
640328,29557,13051,Matias Fernandez-Pardo,54,0.8530000305175781,0.38299999237060545,0.31412050127983093,SavedShot,RightFoot,OpenPlay,a,2025
640329,29557,9444,Felix Correia,57,0.774000015258789,0.664000015258789,0.013944185338914394,BlockedShot,RightFoot,SetPiece,a,2025
640333,29557,13782,Nathan Ngoy,68,0.9330000305175781,0.4490000152587891,0.5178472399711609,BlockedShot,RightFoot,FromCorner,a,2025
640334,29557,13976,Hamza Igamane,68,0.8980000305175782,0.38299999237060545,0.07649867981672287,SavedShot,RightFoot,FromCorner,a,2025
640335,29557,13051,Matias Fernandez-Pardo,76,0.894000015258789,0.5990000152587891,0.3741106390953064,Goal,RightFoot,OpenPlay,a,2025
640336,29557,13051,Matias Fernandez-Pardo,79,0.8469999694824218,0.6320000076293946,0.10809395462274551,ShotOnPost,RightFoot,OpenPlay,a,2025
640337,29557,13976,Hamza Igamane,79,0.9009999847412109,0.43099998474121093,0.28251197934150696,Goal,Head,OpenPlay,a,2025
640338,29557,11757,Hákon Haraldsson,82,0.765,0.5109999847412109,0.03697013482451439,BlockedShot,RightFoot,OpenPlay,a,2025
640340,29557,13782,Nathan Ngoy,85,0.8030000305175782,0.34599998474121096,0.051647402346134186,BlockedShot,LeftFoot,OpenPlay,a,2025
640341,29557,11757,Hákon Haraldsson,86,0.9169999694824219,0.5940000152587891,0.48199909925460815,Goal,RightFoot,OpenPlay,a,2025
640342,29557,12801,Osame Sahraoui,91,0.9180000305175782,0.6279999923706054,0.06097426638007164,BlockedShot,LeftFoot,FromCorner,a,2025
640343,29557,13976,Hamza Igamane,92,0.9230000305175782,0.47200000762939454,0.5803102254867554,Goal,RightFoot,OpenPlay,a,2025
640344,29557,12801,Osame Sahraoui,94,0.79,0.610999984741211,0.037778012454509735,Goal,RightFoot,OpenPlay,a,2025
640504,29558,10831,Mostafa Mohamed,7,0.855999984741211,0.605,0.2951961159706116,Goal,RightFoot,OpenPlay,h,2025
640509,29558,13016,Hong Hyun-Seok,44,0.805,0.47299999237060547,0.06602198630571365,SavedShot,LeftFoot,OpenPlay,h,2025
640512,29558,497,Francis Coquelin,57,0.76,0.6890000152587891,0.0226553026586771,BlockedShot,RightFoot,OpenPlay,h,2025
640519,29558,10702,Johann Lepenant,72,0.755,0.47099998474121096,0.03421802446246147,SavedShot,RightFoot,OpenPlay,h,2025
640503,29558,13792,Ibrahim Osman,5,0.9330000305175781,0.6480000305175782,0.049705054610967636,SavedShot,LeftFoot,OpenPlay,a,2025
640505,29558,9807,Gideon Mensah,15,0.7440000152587891,0.7140000152587891,0.01311845239251852,MissedShots,LeftFoot,FromCorner,a,2025
640506,29558,12824,Clément Akpa,29,0.835999984741211,0.629000015258789,0.036316342651844025,BlockedShot,LeftFoot,FromCorner,a,2025
640507,29558,9092,Marvin Senaya,32,0.905,0.545,0.03180079907178879,BlockedShot,Head,OpenPlay,a,2025
640508,29558,9092,Marvin Senaya,32,0.9009999847412109,0.44,0.051846157759428024,BlockedShot,Head,FromCorner,a,2025
640510,29558,13888,Danny Namaso,47,0.9030000305175782,0.695,0.054392773658037186,MissedShots,LeftFoot,OpenPlay,a,2025
640511,29558,13792,Ibrahim Osman,50,0.8019999694824219,0.7,0.024405986070632935,BlockedShot,RightFoot,OpenPlay,a,2025
640513,29558,13888,Danny Namaso,59,0.889000015258789,0.3679999923706055,0.1028377041220665,SavedShot,RightFoot,OpenPlay,a,2025
640514,29558,9092,Marvin Senaya,61,0.7619999694824219,0.33799999237060546,0.018859514966607094,BlockedShot,RightFoot,OpenPlay,a,2025
640515,29558,10815,Lassine Sinayoko,61,0.7619999694824219,0.6459999847412109,0.021413180977106094,MissedShots,LeftFoot,OpenPlay,a,2025
640516,29558,11789,Josué Casimir,67,0.874000015258789,0.28899999618530275,0.042184729129076004,SavedShot,RightFoot,OpenPlay,a,2025
640517,29558,13888,Danny Namaso,69,0.74,0.6769999694824219,0.01574213057756424,BlockedShot,RightFoot,OpenPlay,a,2025
640518,29558,13888,Danny Namaso,70,0.904000015258789,0.5409999847412109,0.5924951434135437,SavedShot,LeftFoot,OpenPlay,a,2025
640520,29558,13407,Fredrik Oppegård,79,0.8769999694824219,0.6830000305175781,0.05484187230467796,BlockedShot,LeftFoot,OpenPlay,a,2025
640620,29559,12045,Aron Dønnum,4,0.7759999847412109,0.25799999237060545,0.04770370200276375,BlockedShot,LeftFoot,DirectFreekick,h,2025
640628,29559,10193,Frank Magri,36,0.8519999694824218,0.5370000076293945,0.062197841703891754,BlockedShot,RightFoot,FromCorner,h,2025
640629,29559,13755,Mário Sauer,36,0.7880000305175782,0.44599998474121094,0.03801501914858818,SavedShot,RightFoot,FromCorner,h,2025
640630,29559,9220,Charlie Cresswell,36,0.9480000305175781,0.41200000762939454,0.42173388600349426,Goal,RightFoot,FromCorner,h,2025
640633,29559,11777,Cristian Cásseres Jr.,52,0.885,0.5,0.7600951194763184,SavedShot,RightFoot,Penalty,h,2025
640636,29559,13755,Mário Sauer,54,0.7609999847412109,0.46599998474121096,0.019230550155043602,MissedShots,RightFoot,FromCorner,h,2025
640637,29559,10193,Frank Magri,56,0.8230000305175781,0.669000015258789,0.03948238119482994,BlockedShot,RightFoot,OpenPlay,h,2025
640638,29559,9220,Charlie Cresswell,64,0.9459999847412109,0.44799999237060545,0.11986038833856583,MissedShots,Head,FromCorner,h,2025
640639,29559,12841,Dayann Methalie,75,0.645,0.4,0.007326140999794006,SavedShot,LeftFoot,SetPiece,h,2025
640641,29559,12330,Noah Edjouma,78,0.9159999847412109,0.3039999961853027,0.056429456919431686,BlockedShot,LeftFoot,OpenPlay,h,2025
640643,29559,6874,Yann Gboho,88,0.9380000305175781,0.5120000076293946,0.5330836772918701,Goal,RightFoot,OpenPlay,h,2025
640644,29559,13757,Alexis Vossah,90,0.8180000305175781,0.5079999923706054,0.0719752162694931,Goal,RightFoot,OpenPlay,h,2025
640645,29559,11291,Warren Kamanzi,92,0.935,0.535,0.09130808711051941,BlockedShot,Head,OpenPlay,h,2025
640646,29559,11777,Cristian Cásseres Jr.,92,0.9330000305175781,0.41400001525878904,0.1158256083726883,MissedShots,RightFoot,OpenPlay,h,2025
640621,29559,3226,Ousmane Dembélé,6,0.894000015258789,0.504000015258789,0.08838552981615067,MissedShots,LeftFoot,SetPiece,a,2025
640622,29559,12734,João Neves,6,0.93,0.4929999923706055,0.13561297953128815,Goal,RightFoot,SetPiece,a,2025
640623,29559,10016,Bradley Barcola,8,0.9680000305175781,0.6070000076293945,0.33296722173690796,Goal,RightFoot,OpenPlay,a,2025
640624,29559,12734,João Neves,10,0.905,0.42,0.020012017339468002,MissedShots,Head,OpenPlay,a,2025
640625,29559,12734,João Neves,13,0.8669999694824219,0.4129999923706055,0.06250498443841934,Goal,RightFoot,FromCorner,a,2025
640626,29559,10431,Désiré Doué,18,0.774000015258789,0.35400001525878905,0.032675933092832565,BlockedShot,RightFoot,OpenPlay,a,2025
640627,29559,3226,Ousmane Dembélé,30,0.885,0.5,0.7600951194763184,Goal,RightFoot,Penalty,a,2025
640631,29559,8777,Vitinha,45,0.754000015258789,0.5940000152587891,0.03726886212825775,BlockedShot,RightFoot,OpenPlay,a,2025
640632,29559,10431,Désiré Doué,48,0.96,0.3039999961853027,0.07889670878648758,ShotOnPost,RightFoot,OpenPlay,a,2025
640634,29559,5197,Achraf Hakimi,46,0.705999984741211,0.509000015258789,0.02005406841635704,SavedShot,RightFoot,FromCorner,a,2025
640635,29559,3226,Ousmane Dembélé,50,0.885,0.5,0.7600951194763184,Goal,RightFoot,Penalty,a,2025
640640,29559,12734,João Neves,77,0.8019999694824219,0.5229999923706055,0.049193669110536575,Goal,RightFoot,OpenPlay,a,2025
640642,29559,11767,Gonçalo Ramos,79,0.8640000152587891,0.5459999847412109,0.13031527400016785,SavedShot,RightFoot,OpenPlay,a,2025
640771,29560,13604,Prosper Peter,4,0.9130000305175782,0.45,0.4762498438358307,SavedShot,RightFoot,OpenPlay,h,2025
640772,29560,10295,Louis Mouton,6,0.8019999694824219,0.2520000076293945,0.02060258761048317,SavedShot,LeftFoot,OpenPlay,h,2025
640779,29560,12847,Sidiki Chérif,27,0.8140000152587891,0.72,0.021470915526151657,SavedShot,RightFoot,OpenPlay,h,2025
640780,29560,10243,Jacques Ekomie,47,0.875,0.72,0.05347157269716263,SavedShot,RightFoot,OpenPlay,h,2025
640781,29560,13604,Prosper Peter,50,0.9569999694824218,0.4779999923706055,0.5167672038078308,Goal,Head,OpenPlay,h,2025
640782,29560,12847,Sidiki Chérif,62,0.865,0.6730000305175782,0.08086691051721573,SavedShot,LeftFoot,OpenPlay,h,2025
640785,29560,10295,Louis Mouton,66,0.924000015258789,0.43599998474121093,0.3393753170967102,MissedShots,RightFoot,OpenPlay,h,2025
640787,29560,13612,Lanroy Machine,72,0.8019999694824219,0.6359999847412109,0.035903267562389374,MissedShots,RightFoot,OpenPlay,h,2025
640788,29560,10243,Jacques Ekomie,73,0.865,0.7340000152587891,0.029068125411868095,MissedShots,LeftFoot,FromCorner,h,2025
640789,29560,10517,Yassin Belkhdim,77,0.7230000305175781,0.685,0.012415953911840916,SavedShot,RightFoot,OpenPlay,h,2025
640769,29560,3475,Ludovic Blas,1,0.7719999694824219,0.42700000762939455,0.029602978378534317,MissedShots,LeftFoot,OpenPlay,a,2025
640770,29560,12850,Esteban Lepaul,2,0.9009999847412109,0.5990000152587891,0.11047615110874176,BlockedShot,LeftFoot,OpenPlay,a,2025
640773,29560,3475,Ludovic Blas,12,0.7569999694824219,0.41400001525878904,0.02513081021606922,BlockedShot,LeftFoot,OpenPlay,a,2025
640774,29560,9399,Quentin Merlin,14,0.83,0.6890000152587891,0.03290800377726555,SavedShot,LeftFoot,OpenPlay,a,2025
640775,29560,12850,Esteban Lepaul,18,0.855,0.45799999237060546,0.07072095572948456,SavedShot,RightFoot,OpenPlay,a,2025
640776,29560,9633,Przemyslaw Frankowski,18,0.960999984741211,0.2929999923706055,0.04196243733167648,SavedShot,RightFoot,OpenPlay,a,2025
640777,29560,12850,Esteban Lepaul,20,0.9490000152587891,0.4879999923706055,0.6172090768814087,Goal,RightFoot,OpenPlay,a,2025
640778,29560,9633,Przemyslaw Frankowski,25,0.7090000152587891,0.5570000076293945,0.04217284545302391,BlockedShot,RightFoot,DirectFreekick,a,2025
640783,29560,13210,Mohamed Meïté,63,0.9080000305175782,0.47099998474121096,0.07664012908935547,SavedShot,Head,FromCorner,a,2025
640784,29560,3475,Ludovic Blas,66,0.7069999694824218,0.48400001525878905,0.015558270737528801,SavedShot,LeftFoot,OpenPlay,a,2025
640786,29560,9399,Quentin Merlin,70,0.914000015258789,0.6969999694824218,0.05371062457561493,SavedShot,LeftFoot,OpenPlay,a,2025
640790,29560,3475,Ludovic Blas,81,0.9419999694824219,0.710999984741211,0.05572032555937767,BlockedShot,LeftFoot,OpenPlay,a,2025
640791,29560,13210,Mohamed Meïté,81,0.9419999694824219,0.48400001525878905,0.4353456199169159,MissedShots,Head,FromCorner,a,2025
640792,29560,12451,Djaoui Cissé,86,0.700999984741211,0.5890000152587891,0.012850824743509293,MissedShots,RightFoot,OpenPlay,a,2025
640793,29560,13210,Mohamed Meïté,90,0.895,0.5459999847412109,0.12054172158241272,MissedShots,RightFoot,OpenPlay,a,2025
640858,29561,11795,Yassine Kechta,1,0.7630000305175781,0.40099998474121096,0.015403570607304573,SavedShot,RightFoot,SetPiece,h,2025
640859,29561,11795,Yassine Kechta,2,0.914000015258789,0.7,0.060605429112911224,MissedShots,LeftFoot,OpenPlay,h,2025
640860,29561,8684,Fodé Doucouré,12,0.9619999694824218,0.4979999923706055,0.6211098432540894,Goal,RightFoot,OpenPlay,h,2025
640863,29561,8287,Mbwana Samatta,29,0.889000015258789,0.47900001525878905,0.10018207877874374,MissedShots,Head,OpenPlay,h,2025
640865,29561,11792,Issa Soumaré,45,0.8240000152587891,0.615,0.06563004106283188,SavedShot,LeftFoot,OpenPlay,h,2025
640866,29561,11790,Rassoul Ndiaye,49,0.8040000152587891,0.5979999923706054,0.15135817229747772,SavedShot,RightFoot,OpenPlay,h,2025
640868,29561,11790,Rassoul Ndiaye,60,0.93,0.49599998474121093,0.10849069058895111,Goal,RightFoot,OpenPlay,h,2025
640871,29561,11792,Issa Soumaré,71,0.8180000305175781,0.5370000076293945,0.1324528157711029,SavedShot,LeftFoot,OpenPlay,h,2025
640872,29561,8684,Fodé Doucouré,74,0.909000015258789,0.4,0.09448391199111938,BlockedShot,LeftFoot,OpenPlay,h,2025
640873,29561,3674,Abdoulaye Touré,74,0.850999984741211,0.5370000076293945,0.10682887583971024,BlockedShot,RightFoot,OpenPlay,h,2025
640875,29561,8287,Mbwana Samatta,80,0.9059999847412109,0.675,0.12834373116493225,SavedShot,LeftFoot,OpenPlay,h,2025
640876,29561,11792,Issa Soumaré,94,0.845999984741211,0.7440000152587891,0.17063851654529572,Goal,LeftFoot,OpenPlay,h,2025
640861,29561,8768,Kevin Omoruyi,20,0.935,0.505,0.41332903504371643,SavedShot,Head,OpenPlay,a,2025
640862,29561,8050,Hichem Boudaoui,27,0.865999984741211,0.48,0.0346112996339798,SavedShot,Head,OpenPlay,a,2025
640864,29561,13100,Juma Bah,35,0.9019999694824219,0.5420000076293945,0.020546123385429382,MissedShots,Head,FromCorner,a,2025
640867,29561,13750,Kojo Peprah Oppong,51,0.9540000152587891,0.5279999923706055,0.14223819971084595,Goal,LeftFoot,FromCorner,a,2025
640869,29561,9514,Antoine Mendy,62,0.7140000152587891,0.29700000762939455,0.013094727881252766,BlockedShot,RightFoot,OpenPlay,a,2025
640870,29561,11515,Tom Louchet,70,0.710999984741211,0.52,0.01662060059607029,BlockedShot,RightFoot,OpenPlay,a,2025
640874,29561,8997,Terem Igobor Moffi,78,0.885,0.46099998474121096,0.0751548632979393,MissedShots,RightFoot,OpenPlay,a,2025
640877,29562,9656,Ilan Kebbal,2,0.8109999847412109,0.645,0.03643402084708214,BlockedShot,LeftFoot,OpenPlay,h,2025
640878,29562,13800,Samir Chergui,3,0.8669999694824219,0.4829999923706055,0.01320077944546938,BlockedShot,Head,FromCorner,h,2025
640882,29562,5696,Vincent Marchetti,15,0.7390000152587891,0.5409999847412109,0.01936332695186138,SavedShot,LeftFoot,OpenPlay,h,2025
640883,29562,13805,Adama Camara,15,0.865999984741211,0.4759999847412109,0.3380083739757538,MissedShots,RightFoot,OpenPlay,h,2025
640885,29562,5696,Vincent Marchetti,24,0.789000015258789,0.634000015258789,0.026699060574173927,MissedShots,LeftFoot,OpenPlay,h,2025
640887,29562,9563,Mamadou Mbow,27,0.9430000305175781,0.34,0.03944583982229233,SavedShot,RightFoot,FromCorner,h,2025
640888,29562,13871,Otávio,27,0.895,0.4490000152587891,0.047327637672424316,MissedShots,Head,FromCorner,h,2025
640889,29562,5696,Vincent Marchetti,27,0.7219999694824218,0.48400001525878905,0.012721432372927666,MissedShots,LeftFoot,FromCorner,h,2025
640892,29562,6332,Willem Geubbels,33,0.870999984741211,0.33299999237060546,0.05411752313375473,ShotOnPost,RightFoot,OpenPlay,h,2025
640894,29562,9563,Mamadou Mbow,38,0.8830000305175781,0.47,0.055766310542821884,MissedShots,RightFoot,FromCorner,h,2025
640895,29562,9656,Ilan Kebbal,47,0.885,0.5,0.7600951194763184,Goal,LeftFoot,Penalty,h,2025
640896,29562,7169,Moses Simon,45,0.8719999694824219,0.669000015258789,0.05350346863269806,MissedShots,RightFoot,OpenPlay,h,2025
640897,29562,8647,Thibault De Smet,49,0.9490000152587891,0.435,0.11653381586074829,MissedShots,LeftFoot,FromCorner,h,2025
640898,29562,7169,Moses Simon,50,0.8530000305175781,0.28899999618530275,0.03208358213305473,MissedShots,RightFoot,FromCorner,h,2025
640899,29562,9656,Ilan Kebbal,51,0.9590000152587891,0.445,0.5045545101165771,Goal,RightFoot,OpenPlay,h,2025
640902,29562,13800,Samir Chergui,56,0.8469999694824218,0.34,0.04571515694260597,SavedShot,RightFoot,OpenPlay,h,2025
640903,29562,3772,Maxime Lopez,57,0.8530000305175781,0.754000015258789,0.026770131662487984,BlockedShot,RightFoot,OpenPlay,h,2025
640904,29562,13805,Adama Camara,58,0.850999984741211,0.4329999923706055,0.08577057719230652,MissedShots,RightFoot,OpenPlay,h,2025
640907,29562,7169,Moses Simon,66,0.875,0.595,0.32689806818962097,Goal,LeftFoot,OpenPlay,h,2025
640908,29562,8690,Jean-Phillipe Krasso,83,0.9269999694824219,0.34,0.5098991990089417,SavedShot,LeftFoot,OpenPlay,h,2025
640909,29562,3786,Mathieu Cafaro,92,0.8480000305175781,0.700999984741211,0.03972163423895836,MissedShots,RightFoot,OpenPlay,h,2025
640912,29562,13802,Nouha Dicko,94,0.8209999847412109,0.3170000076293945,0.052882175892591476,MissedShots,RightFoot,OpenPlay,h,2025
640913,29562,3772,Maxime Lopez,95,0.9019999694824219,0.33599998474121096,0.11706805974245071,SavedShot,RightFoot,OpenPlay,h,2025
640914,29562,9656,Ilan Kebbal,95,0.9159999847412109,0.34599998474121096,0.09094659239053726,SavedShot,RightFoot,OpenPlay,h,2025
640879,29562,13811,Idrissa Gueye,9,0.9109999847412109,0.4370000076293945,0.07642655074596405,BlockedShot,RightFoot,FromCorner,a,2025
640880,29562,4764,Jean-Philippe Gbamin,9,0.9619999694824218,0.5509999847412109,0.5177339911460876,MissedShots,RightFoot,FromCorner,a,2025
640881,29562,3290,Benjamin Stambouli,11,0.9669999694824218,0.395,0.08509351313114166,MissedShots,RightFoot,FromCorner,a,2025
640884,29562,11806,Sadibou Sané,21,0.8909999847412109,0.425,0.05063780024647713,Goal,LeftFoot,FromCorner,a,2025
640886,29562,13809,Giorgi Tsitaishvili,24,0.8569999694824219,0.43099998474121093,0.10340766608715057,MissedShots,LeftFoot,OpenPlay,a,2025
640890,29562,13813,Giorgi Abuashvili,28,0.7,0.345,0.01880372129380703,MissedShots,RightFoot,OpenPlay,a,2025
640891,29562,13809,Giorgi Tsitaishvili,32,0.855,0.30100000381469727,0.056558918207883835,BlockedShot,LeftFoot,OpenPlay,a,2025
640893,29562,13811,Idrissa Gueye,37,0.84,0.3039999961853027,0.04652789607644081,MissedShots,RightFoot,OpenPlay,a,2025
640900,29562,8119,Boubacar Traore,53,0.9069999694824219,0.4620000076293945,0.4601498544216156,Goal,RightFoot,OpenPlay,a,2025
640901,29562,13813,Giorgi Abuashvili,55,0.700999984741211,0.5740000152587891,0.014587662182748318,MissedShots,RightFoot,OpenPlay,a,2025
640905,29562,13809,Giorgi Tsitaishvili,60,0.8880000305175781,0.4570000076293945,0.03816189989447594,MissedShots,Head,OpenPlay,a,2025
640906,29562,13815,Morgan Bokele,65,0.9180000305175782,0.5129999923706055,0.11635051667690277,BlockedShot,RightFoot,OpenPlay,a,2025
640910,29562,6308,Jessy Deminguet,93,0.7169999694824218,0.5620000076293945,0.016102243214845657,BlockedShot,LeftFoot,OpenPlay,a,2025
640911,29562,5727,Gauthier Hein,93,0.76,0.47099998474121096,0.02465183101594448,BlockedShot,LeftFoot,OpenPlay,a,2025
640915,29563,9690,Folarin Balogun,3,0.9359999847412109,0.5620000076293945,0.4031301736831665,MissedShots,RightFoot,OpenPlay,h,2025
640916,29563,10058,Maghnes Akliouche,5,0.86,0.3820000076293945,0.3334836959838867,Goal,LeftFoot,OpenPlay,h,2025
640920,29563,2897,Aleksandr Golovin,23,0.8059999847412109,0.29100000381469726,0.02350803278386593,MissedShots,LeftFoot,FromCorner,h,2025
640921,29563,10058,Maghnes Akliouche,35,0.7780000305175782,0.48200000762939454,0.03597254306077957,MissedShots,LeftFoot,OpenPlay,h,2025
640923,29563,9690,Folarin Balogun,38,0.8959999847412109,0.3559999847412109,0.1494944542646408,SavedShot,RightFoot,OpenPlay,h,2025
640924,29563,9690,Folarin Balogun,47,0.905,0.3870000076293945,0.39915284514427185,Goal,RightFoot,OpenPlay,h,2025
640925,29563,10058,Maghnes Akliouche,54,0.8769999694824219,0.6279999923706054,0.10295591503381729,BlockedShot,LeftFoot,OpenPlay,h,2025
640927,29563,10058,Maghnes Akliouche,60,0.8919999694824219,0.649000015258789,0.09754804521799088,BlockedShot,LeftFoot,OpenPlay,h,2025
640931,29563,643,Eric Dier,79,0.8909999847412109,0.44099998474121094,0.03902585804462433,BlockedShot,Head,FromCorner,h,2025
640932,29563,2897,Aleksandr Golovin,81,0.8619999694824219,0.6029999923706054,0.11422949284315109,BlockedShot,RightFoot,OpenPlay,h,2025
640933,29563,9690,Folarin Balogun,81,0.9209999847412109,0.44400001525878907,0.032615549862384796,MissedShots,Head,FromCorner,h,2025
640938,29563,8239,Takumi Minamino,95,0.9680000305175781,0.47299999237060547,0.6243581175804138,Goal,Head,OpenPlay,h,2025
640917,29563,10057,Felix Lemarechal,20,0.730999984741211,0.5970000076293945,0.01776850037276745,BlockedShot,RightFoot,OpenPlay,a,2025
640918,29563,12498,Valentín Barco,21,0.9059999847412109,0.7030000305175781,0.0553390271961689,BlockedShot,LeftFoot,OpenPlay,a,2025
640919,29563,11978,Diego Moreira,22,0.8980000305175782,0.590999984741211,0.1728261411190033,SavedShot,LeftFoot,FromCorner,a,2025
640922,29563,12413,Joaquín Panichelli,37,0.8919999694824219,0.46,0.04869963228702545,MissedShots,Head,FromCorner,a,2025
640926,29563,11978,Diego Moreira,56,0.9159999847412109,0.6419999694824219,0.0871453583240509,MissedShots,LeftFoot,OpenPlay,a,2025
640928,29563,8920,Dilane Bakwa,64,0.855,0.33799999237060546,0.05545905977487564,BlockedShot,LeftFoot,OpenPlay,a,2025
640929,29563,8920,Dilane Bakwa,72,0.8819999694824219,0.3079999923706055,0.019591400399804115,Goal,LeftFoot,OpenPlay,a,2025
640930,29563,12413,Joaquín Panichelli,75,0.885,0.5,0.7600951194763184,Goal,RightFoot,Penalty,a,2025
640934,29563,13818,Kendry Páez,85,0.8809999847412109,0.6370000076293946,0.3505095839500427,SavedShot,LeftFoot,OpenPlay,a,2025
640935,29563,12284,Samir El Mourabet,85,0.8869999694824219,0.634000015258789,0.08613930642604828,MissedShots,LeftFoot,OpenPlay,a,2025
640936,29563,10057,Felix Lemarechal,90,0.7230000305175781,0.600999984741211,0.045671604573726654,MissedShots,RightFoot,DirectFreekick,a,2025
640937,29563,11618,Samuel Amo-Ameyaw,94,0.9209999847412109,0.6730000305175782,0.07395993173122406,MissedShots,LeftFoot,OpenPlay,a,2025
641138,29564,11318,Abner,13,0.9330000305175781,0.524000015258789,0.5351341366767883,SavedShot,LeftFoot,OpenPlay,h,2025
641139,29564,3603,Corentin Tolisso,14,0.9630000305175781,0.47299999237060547,0.7086406350135803,MissedShots,RightFoot,OpenPlay,h,2025
641142,29564,10091,Tyler Morton,30,0.7580000305175781,0.675,0.05303318053483963,BlockedShot,RightFoot,DirectFreekick,h,2025
641143,29564,9885,Tanner Tessmann,32,0.870999984741211,0.3060000038146973,0.04103707894682884,BlockedShot,RightFoot,OpenPlay,h,2025
641144,29564,9885,Tanner Tessmann,37,0.914000015258789,0.47200000762939454,0.08854284137487411,MissedShots,Head,FromCorner,h,2025
641145,29564,12336,Malick Fofana,39,0.7730000305175782,0.6930000305175781,0.02194824069738388,SavedShot,RightFoot,OpenPlay,h,2025
641146,29564,3603,Corentin Tolisso,44,0.92,0.5120000076293946,0.04847744107246399,BlockedShot,Head,FromCorner,h,2025
641147,29564,12336,Malick Fofana,47,0.87,0.64,0.07112278044223785,SavedShot,RightFoot,OpenPlay,h,2025
641148,29564,13734,Adam Karabec,50,0.884000015258789,0.3270000076293945,0.05826646089553833,BlockedShot,LeftFoot,OpenPlay,h,2025
641149,29564,9885,Tanner Tessmann,48,0.7330000305175781,0.4329999923706055,0.014513968490064144,SavedShot,RightFoot,OpenPlay,h,2025
641150,29564,3603,Corentin Tolisso,50,0.7809999847412109,0.285,0.019048668444156647,MissedShots,RightFoot,OpenPlay,h,2025
641152,29564,13734,Adam Karabec,62,0.784000015258789,0.27,0.01963173598051071,BlockedShot,LeftFoot,OpenPlay,h,2025
641153,29564,9885,Tanner Tessmann,66,0.95,0.3820000076293945,0.28669553995132446,MissedShots,RightFoot,OpenPlay,h,2025
641155,29564,5989,Moussa Niakhate,71,0.9319999694824219,0.524000015258789,0.060979414731264114,MissedShots,Head,FromCorner,h,2025
641156,29564,11819,Clinton Mata,76,0.78,0.6580000305175782,0.06977436691522598,MissedShots,RightFoot,DirectFreekick,h,2025
641157,29564,10701,Nicolás Tagliafico,86,0.97,0.5570000076293945,0.5235278606414795,ShotOnPost,LeftFoot,OpenPlay,h,2025
641158,29564,13735,Pavel Sulc,86,0.985999984741211,0.505,0.9161147475242615,BlockedShot,RightFoot,OpenPlay,h,2025
641140,29564,6986,Hamed Junior Traore,23,0.6990000152587891,0.615,0.01307765208184719,BlockedShot,RightFoot,OpenPlay,a,2025
641141,29564,6601,Timothy Weah,24,0.784000015258789,0.73,0.014295701868832111,BlockedShot,RightFoot,OpenPlay,a,2025
641151,29564,343,Pierre-Emile Højbjerg,62,0.894000015258789,0.6609999847412109,0.28106582164764404,SavedShot,LeftFoot,OpenPlay,a,2025
641154,29564,6986,Hamed Junior Traore,67,0.914000015258789,0.4909999847412109,0.5088154673576355,SavedShot,LeftFoot,OpenPlay,a,2025
641159,29564,7486,Leonardo Balerdi,87,0.030999999046325683,0.49700000762939456,0,OwnGoal,RightFoot,OpenPlay,a,2025
641160,29564,343,Pierre-Emile Højbjerg,95,0.9719999694824218,0.40799999237060547,0.07960734516382217,MissedShots,RightFoot,OpenPlay,a,2025
641318,29568,7490,Mason Greenwood,4,0.899000015258789,0.3110000038146973,0.06169542670249939,SavedShot,LeftFoot,OpenPlay,h,2025
641319,29568,1516,Geoffrey Kondogbia,5,0.915,0.5109999847412109,0.04149782657623291,BlockedShot,Head,FromCorner,h,2025
641320,29568,7490,Mason Greenwood,12,0.885,0.5,0.7600951194763184,Goal,RightFoot,Penalty,h,2025
641321,29568,9673,Bilal Nadir,19,0.795,0.5829999923706055,0.05069087818264961,BlockedShot,LeftFoot,OpenPlay,h,2025
641322,29568,3363,Benjamin Pavard,19,0.9259999847412109,0.544000015258789,0.3243035078048706,Goal,Head,FromCorner,h,2025
641325,29568,5598,Angel Gomes,32,0.7969999694824219,0.40299999237060546,0.025678696110844612,Goal,RightFoot,FromCorner,h,2025
641326,29568,6601,Timothy Weah,48,0.9459999847412109,0.575999984741211,0.45585787296295166,SavedShot,Head,OpenPlay,h,2025
641328,29568,3363,Benjamin Pavard,47,0.720999984741211,0.35700000762939454,0.01771378144621849,BlockedShot,RightFoot,OpenPlay,h,2025
641329,29568,9673,Bilal Nadir,51,0.88,0.265,0.03260738402605057,BlockedShot,LeftFoot,OpenPlay,h,2025
641330,29568,7490,Mason Greenwood,59,0.9419999694824219,0.4829999923706055,0.504355788230896,SavedShot,Head,OpenPlay,h,2025
641331,29568,343,Pierre-Emile Højbjerg,60,0.915,0.534000015258789,0.08722018450498581,MissedShots,Head,FromCorner,h,2025
641332,29568,14010,Igor Paixão,71,0.9019999694824219,0.6040000152587891,0.03271147608757019,SavedShot,Head,SetPiece,h,2025
641334,29568,7490,Mason Greenwood,75,0.855,0.6170000076293946,0.3952053487300873,MissedShots,RightFoot,OpenPlay,h,2025
641335,29568,343,Pierre-Emile Højbjerg,87,0.7630000305175781,0.37400001525878906,0.022270567715168,BlockedShot,RightFoot,OpenPlay,h,2025
641336,29568,6935,Naif Aguerd,92,0.74,0.52,0.021765923127532005,Goal,LeftFoot,OpenPlay,h,2025
641323,29568,13904,Abdoulaye Faye,27,0.935,0.38799999237060545,0.01728621870279312,BlockedShot,Head,SetPiece,a,2025
641324,29568,10074,Sambou Soumano,27,0.9209999847412109,0.64,0.0748964473605156,BlockedShot,RightFoot,SetPiece,a,2025
641327,29568,12004,Joel Mvuka,51,0.9569999694824218,0.33,0.09093017131090164,MissedShots,LeftFoot,OpenPlay,a,2025
641333,29568,9929,Théo Le Bris,72,0.654000015258789,0.6819999694824219,0.00555884325876832,SavedShot,RightFoot,OpenPlay,a,2025
641795,29570,8768,Kevin Omoruyi,1,0.895,0.47,0.17271651327610016,SavedShot,Head,OpenPlay,h,2025
641796,29570,8050,Hichem Boudaoui,4,0.705999984741211,0.5640000152587891,0.013646225444972515,MissedShots,RightFoot,OpenPlay,h,2025
641797,29570,8768,Kevin Omoruyi,9,0.9340000152587891,0.5929999923706055,0.05892011895775795,BlockedShot,Head,FromCorner,h,2025
641799,29570,6846,Sofiane Diop,15,0.875,0.6140000152587891,0.01833207532763481,MissedShots,Head,OpenPlay,h,2025
641800,29570,8050,Hichem Boudaoui,16,0.8530000305175781,0.4829999923706055,0.35882583260536194,SavedShot,RightFoot,OpenPlay,h,2025
641802,29570,6846,Sofiane Diop,18,0.7190000152587891,0.41900001525878905,0.0146937882527709,ShotOnPost,RightFoot,OpenPlay,h,2025
641803,29570,8050,Hichem Boudaoui,19,0.7090000152587891,0.605,0.015325091779232025,BlockedShot,RightFoot,OpenPlay,h,2025
641804,29570,13750,Kojo Peprah Oppong,19,0.705999984741211,0.4179999923706055,0.010920261032879353,SavedShot,RightFoot,OpenPlay,h,2025
641805,29570,148,Dante,25,0.6609999847412109,0.5970000076293945,0.01094086654484272,BlockedShot,LeftFoot,OpenPlay,h,2025
641806,29570,3544,Jeremie Boga,27,0.9159999847412109,0.759000015258789,0.10858003050088882,MissedShots,RightFoot,OpenPlay,h,2025
641807,29570,8190,Melvin Bard,33,0.884000015258789,0.7319999694824219,0.019234254956245422,MissedShots,LeftFoot,OpenPlay,h,2025
641808,29570,8768,Kevin Omoruyi,34,0.8669999694824219,0.5679999923706055,0.29502901434898376,SavedShot,LeftFoot,OpenPlay,h,2025
641815,29570,3544,Jeremie Boga,55,0.955999984741211,0.6580000305175782,0.327690988779068,Goal,LeftFoot,OpenPlay,h,2025
641817,29570,3544,Jeremie Boga,60,0.7430000305175781,0.6270000076293946,0.02424849197268486,MissedShots,RightFoot,OpenPlay,h,2025
641818,29570,8997,Terem Igobor Moffi,61,0.8909999847412109,0.5109999847412109,0.09368278831243515,SavedShot,Head,OpenPlay,h,2025
641819,29570,148,Dante,62,0.87,0.515,0.025994567200541496,SavedShot,Head,FromCorner,h,2025
641821,29570,3544,Jeremie Boga,67,0.9540000152587891,0.4909999847412109,0.5842971801757812,MissedShots,Head,OpenPlay,h,2025
641824,29570,8997,Terem Igobor Moffi,83,0.9440000152587891,0.47700000762939454,0.15163438022136688,MissedShots,Head,OpenPlay,h,2025
641825,29570,13751,Isak Jansson,84,0.8680000305175781,0.24399999618530274,0.041902825236320496,SavedShot,RightFoot,OpenPlay,h,2025
641798,29570,10702,Johann Lepenant,10,0.7480000305175781,0.4979999923706055,0.020450755953788757,SavedShot,RightFoot,OpenPlay,a,2025
641801,29570,13016,Hong Hyun-Seok,17,0.9269999694824219,0.49599998474121093,0.38986465334892273,SavedShot,Head,OpenPlay,a,2025
641809,29570,9490,Matthis Abline,45,0.9169999694824219,0.7469999694824219,0.02992558293044567,BlockedShot,RightFoot,OpenPlay,a,2025
641810,29570,9490,Matthis Abline,45,0.9080000305175782,0.34400001525878904,0.038289397954940796,BlockedShot,RightFoot,FromCorner,a,2025
641811,29570,3785,Kelvin Adou,46,0.840999984741211,0.43200000762939456,0.023604271933436394,MissedShots,RightFoot,FromCorner,a,2025
641812,29570,9490,Matthis Abline,46,0.8480000305175781,0.705,0.03384814411401749,MissedShots,RightFoot,OpenPlay,a,2025
641813,29570,10831,Mostafa Mohamed,49,0.8680000305175781,0.8669999694824219,0.01684628799557686,MissedShots,RightFoot,OpenPlay,a,2025
641814,29570,10831,Mostafa Mohamed,51,0.955999984741211,0.6409999847412109,0.060525648295879364,MissedShots,RightFoot,FromCorner,a,2025
641816,29570,3785,Kelvin Adou,57,0.7169999694824218,0.42,0.008843290619552135,MissedShots,RightFoot,SetPiece,a,2025
641820,29570,13828,Amady Camara,67,0.68,0.34900001525878904,0.013024644926190376,MissedShots,LeftFoot,OpenPlay,a,2025
641822,29570,9490,Matthis Abline,71,0.8030000305175782,0.6029999923706054,0.034668851643800735,SavedShot,RightFoot,OpenPlay,a,2025
641823,29570,10702,Johann Lepenant,80,0.74,0.5970000076293945,0.02073054015636444,MissedShots,LeftFoot,OpenPlay,a,2025
641826,29570,3785,Kelvin Adou,87,0.7390000152587891,0.52,0.02021733485162258,BlockedShot,LeftFoot,OpenPlay,a,2025
641827,29570,3269,Anthony Lopes,96,0.9490000152587891,0.595,0.06510544568300247,BlockedShot,Head,FromCorner,a,2025
642030,29565,13888,Danny Namaso,5,0.7959999847412109,0.66,0.017904307693243027,MissedShots,RightFoot,OpenPlay,h,2025
642034,29565,8970,Sékou Mara,20,0.7340000152587891,0.47299999237060547,0.023013176396489143,SavedShot,RightFoot,OpenPlay,h,2025
642035,29565,13888,Danny Namaso,21,0.8640000152587891,0.5359999847412109,0.030348706990480423,BlockedShot,Head,FromCorner,h,2025
642037,29565,10818,Kévin Danois,26,0.710999984741211,0.43200000762939456,0.010802850127220154,BlockedShot,RightFoot,OpenPlay,h,2025
642038,29565,11789,Josué Casimir,27,0.93,0.34900001525878904,0.14417646825313568,MissedShots,RightFoot,OpenPlay,h,2025
642039,29565,6333,Elisha Owusu,33,0.769000015258789,0.514000015258789,0.02312467247247696,MissedShots,RightFoot,FromCorner,h,2025
642046,29565,13888,Danny Namaso,72,0.97,0.600999984741211,0.24881447851657867,MissedShots,LeftFoot,FromCorner,h,2025
642048,29565,13888,Danny Namaso,75,0.8069999694824219,0.4570000076293945,0.04761034995317459,BlockedShot,RightFoot,OpenPlay,h,2025
642052,29565,13792,Ibrahim Osman,90,0.8669999694824219,0.4420000076293945,0.35843414068222046,SavedShot,RightFoot,OpenPlay,h,2025
642031,29565,9690,Folarin Balogun,7,0.92,0.34700000762939454,0.012782233767211437,BlockedShot,Head,FromCorner,a,2025
642032,29565,10349,Mika Biereth,9,0.8640000152587891,0.5429999923706055,0.10076630115509033,BlockedShot,RightFoot,OpenPlay,a,2025
642033,29565,9690,Folarin Balogun,11,0.8590000152587891,0.595999984741211,0.08236704021692276,MissedShots,LeftFoot,OpenPlay,a,2025
642036,29565,2674,Thilo Kehrer,25,0.9080000305175782,0.534000015258789,0.035190876573324203,MissedShots,Head,FromCorner,a,2025
642040,29565,2674,Thilo Kehrer,35,0.9059999847412109,0.5270000076293946,0.0736866295337677,MissedShots,Head,FromCorner,a,2025
642041,29565,9690,Folarin Balogun,35,0.9769999694824218,0.5790000152587891,0.050050750374794006,MissedShots,Head,FromCorner,a,2025
642042,29565,8239,Takumi Minamino,46,0.9019999694824219,0.4809999847412109,0.4668155014514923,Goal,RightFoot,OpenPlay,a,2025
642043,29565,9690,Folarin Balogun,56,0.8640000152587891,0.7090000152587891,0.05443271994590759,MissedShots,RightFoot,OpenPlay,a,2025
642044,29565,10349,Mika Biereth,64,0.9630000305175781,0.435,0.4556664824485779,SavedShot,Head,OpenPlay,a,2025
642045,29565,5177,Caio Henrique,69,0.769000015258789,0.47099998474121096,0.08498144894838333,BlockedShot,LeftFoot,DirectFreekick,a,2025
642047,29565,6923,Mohammed Salisu,72,0.01899999976158142,0.51,0,OwnGoal,RightFoot,FromCorner,a,2025
642049,29565,2674,Thilo Kehrer,85,0.9669999694824218,0.5259999847412109,0.13930566608905792,ShotOnPost,Head,FromCorner,a,2025
642050,29565,12255,Paris Brunner,86,0.8730000305175781,0.705,0.047651391476392746,BlockedShot,LeftFoot,OpenPlay,a,2025
642051,29565,12804,George Ilenikhena,88,0.870999984741211,0.475,0.022760465741157532,Goal,Head,OpenPlay,a,2025
642223,29567,13782,Nathan Ngoy,7,0.7959999847412109,0.4159999847412109,0.031949084252119064,BlockedShot,RightFoot,OpenPlay,h,2025
642224,29567,13782,Nathan Ngoy,13,0.9009999847412109,0.445,0.05292334780097008,MissedShots,Head,FromCorner,h,2025
642225,29567,13051,Matias Fernandez-Pardo,16,0.789000015258789,0.6669999694824219,0.02696182392537594,BlockedShot,RightFoot,OpenPlay,h,2025
642226,29567,6500,Romain Perraud,16,0.765,0.5209999847412109,0.027122749015688896,BlockedShot,RightFoot,OpenPlay,h,2025
642227,29567,12162,Ayyoub Bouaddi,16,0.745999984741211,0.42,0.020261378958821297,BlockedShot,RightFoot,OpenPlay,h,2025
642228,29567,6500,Romain Perraud,17,0.8730000305175781,0.655,0.036068420857191086,MissedShots,LeftFoot,FromCorner,h,2025
642229,29567,502,Olivier Giroud,22,0.8640000152587891,0.46700000762939453,0.10620014369487762,BlockedShot,LeftFoot,OpenPlay,h,2025
642230,29567,502,Olivier Giroud,31,0.915,0.5559999847412109,0.055022455751895905,MissedShots,Head,OpenPlay,h,2025
642231,29567,502,Olivier Giroud,31,0.9269999694824219,0.5170000076293946,0.08172979950904846,MissedShots,Head,OpenPlay,h,2025
642232,29567,6500,Romain Perraud,34,0.6980000305175781,0.7709999847412109,0.011162159033119678,MissedShots,RightFoot,OpenPlay,h,2025
642233,29567,10810,Alexsandro Ribeiro,37,0.9059999847412109,0.555,0.019868019968271255,SavedShot,Head,FromCorner,h,2025
642234,29567,12800,Ngal&#039;ayel Mukau,46,0.8719999694824219,0.48900001525878906,0.14273686707019806,MissedShots,RightFoot,OpenPlay,h,2025
642235,29567,502,Olivier Giroud,46,0.895,0.635,0.0695779100060463,SavedShot,LeftFoot,OpenPlay,h,2025
642239,29567,13051,Matias Fernandez-Pardo,52,0.8130000305175781,0.5409999847412109,0.0504009835422039,BlockedShot,LeftFoot,OpenPlay,h,2025
642241,29567,13976,Hamza Igamane,62,0.85,0.39099998474121095,0.4016256630420685,MissedShots,RightFoot,OpenPlay,h,2025
642243,29567,502,Olivier Giroud,73,0.884000015258789,0.515,0.055893346667289734,BlockedShot,Head,OpenPlay,h,2025
642246,29567,914,Nabil Bentaleb,81,0.9059999847412109,0.7180000305175781,0.04589787498116493,SavedShot,LeftFoot,OpenPlay,h,2025
642247,29567,12801,Osame Sahraoui,81,0.884000015258789,0.6909999847412109,0.044809263199567795,MissedShots,LeftFoot,OpenPlay,h,2025
642248,29567,13976,Hamza Igamane,84,0.89,0.3609999847412109,0.057920459657907486,BlockedShot,RightFoot,OpenPlay,h,2025
642249,29567,914,Nabil Bentaleb,89,0.885,0.5,0.7600951194763184,Goal,LeftFoot,Penalty,h,2025
642252,29567,12066,Ethan Mbappé,97,0.9180000305175782,0.43099998474121093,0.3249931335449219,Goal,LeftFoot,OpenPlay,h,2025
642236,29567,10788,Rasmus Nicolaisen,48,0.8919999694824219,0.4279999923706055,0.03296361491084099,BlockedShot,Head,FromCorner,a,2025
642237,29567,9220,Charlie Cresswell,49,0.875,0.5109999847412109,0.02489941194653511,SavedShot,Head,OpenPlay,a,2025
642238,29567,10193,Frank Magri,49,0.9490000152587891,0.4879999923706055,0.5233608484268188,Goal,Head,OpenPlay,a,2025
642240,29567,10193,Frank Magri,56,0.6120000076293945,0.32799999237060545,0.009684363380074501,MissedShots,RightFoot,OpenPlay,a,2025
642242,29567,12045,Aron Dønnum,71,0.7330000305175781,0.40799999237060547,0.026084449142217636,SavedShot,LeftFoot,OpenPlay,a,2025
642244,29567,12045,Aron Dønnum,73,0.8690000152587891,0.39,0.1216445118188858,MissedShots,LeftFoot,OpenPlay,a,2025
642245,29567,12841,Dayann Methalie,74,0.9769999694824218,0.605999984741211,0.4547535479068756,SavedShot,LeftFoot,OpenPlay,a,2025
642250,29567,11291,Warren Kamanzi,91,0.794000015258789,0.5409999847412109,0.017438793554902077,MissedShots,RightFoot,FromCorner,a,2025
642251,29567,13755,Mário Sauer,97,0.725,0.37200000762939456,0.014302180148661137,BlockedShot,RightFoot,OpenPlay,a,2025
642330,29566,7747,Mama Baldé,0,0.8109999847412109,0.6430000305175781,0.03981276601552963,BlockedShot,RightFoot,OpenPlay,h,2025
642331,29566,3721,Romain Del Castillo,2,0.6919999694824219,0.64,0.009428747929632664,BlockedShot,LeftFoot,OpenPlay,h,2025
642332,29566,13552,Hamidou Makalou,8,0.7330000305175781,0.545,0.010877887718379498,MissedShots,RightFoot,OpenPlay,h,2025
642335,29566,7736,Brendan Chardonnet,23,0.9380000305175781,0.5529999923706055,0.3574174642562866,SavedShot,Head,SetPiece,h,2025
642336,29566,7747,Mama Baldé,23,0.985,0.5670000076293945,0.10111930966377258,BlockedShot,RightFoot,SetPiece,h,2025
642337,29566,7736,Brendan Chardonnet,24,0.9690000152587891,0.28600000381469726,0.042836543172597885,SavedShot,RightFoot,OpenPlay,h,2025
642339,29566,3721,Romain Del Castillo,31,0.8719999694824219,0.5429999923706055,0.07163536548614502,SavedShot,LeftFoot,OpenPlay,h,2025
642340,29566,6905,Ludovic Ajorque,31,0.93,0.4329999923706055,0.46844884753227234,MissedShots,LeftFoot,OpenPlay,h,2025
642343,29566,7736,Brendan Chardonnet,36,0.8530000305175781,0.49400001525878906,0.014403678476810455,SavedShot,Head,FromCorner,h,2025
642344,29566,7739,Joris Chotard,39,0.6530000305175782,0.27399999618530274,0.006509608589112759,BlockedShot,RightFoot,OpenPlay,h,2025
642345,29566,3721,Romain Del Castillo,39,0.7709999847412109,0.28899999618530275,0.009964031167328358,MissedShots,LeftFoot,OpenPlay,h,2025
642346,29566,5975,Kenny Lala,42,0.8830000305175781,0.40099998474121096,0.0947929173707962,BlockedShot,RightFoot,OpenPlay,h,2025
642347,29566,7736,Brendan Chardonnet,42,0.9459999847412109,0.43599998474121093,0.11329042911529541,SavedShot,Head,FromCorner,h,2025
642348,29566,7747,Mama Baldé,42,0.95,0.5659999847412109,0.07638301700353622,BlockedShot,RightFoot,FromCorner,h,2025
642349,29566,7747,Mama Baldé,42,0.9269999694824219,0.5659999847412109,0.12833939492702484,BlockedShot,RightFoot,FromCorner,h,2025
642350,29566,13552,Hamidou Makalou,43,0.7769999694824219,0.43599998474121093,0.03030695766210556,MissedShots,RightFoot,SetPiece,h,2025
642351,29566,14052,Pathé Mboup,46,0.9069999694824219,0.5459999847412109,0.07761304825544357,MissedShots,LeftFoot,OpenPlay,h,2025
642352,29566,3721,Romain Del Castillo,51,0.885,0.5,0.7600951194763184,Goal,LeftFoot,Penalty,h,2025
642354,29566,7562,Eric Junior Dina Ebimbe,76,0.840999984741211,0.5579999923706055,0.009067190811038017,BlockedShot,Head,SetPiece,h,2025
642355,29566,7739,Joris Chotard,80,0.794000015258789,0.43,0.028820842504501343,BlockedShot,RightFoot,SetPiece,h,2025
642357,29566,3721,Romain Del Castillo,85,0.755,0.6329999923706054,0.05877446383237839,MissedShots,LeftFoot,DirectFreekick,h,2025
642358,29566,5975,Kenny Lala,93,0.78,0.43099998474121093,0.025988604873418808,BlockedShot,LeftFoot,OpenPlay,h,2025
642359,29566,7739,Joris Chotard,94,0.7569999694824219,0.46299999237060546,0.01848120614886284,SavedShot,RightFoot,FromCorner,h,2025
642360,29566,11061,Michel Diaz,94,0.9059999847412109,0.56,0.09414725750684738,MissedShots,RightFoot,FromCorner,h,2025
642333,29566,5696,Vincent Marchetti,10,0.7380000305175781,0.3060000038146973,0.015416070818901062,BlockedShot,LeftFoot,OpenPlay,a,2025
642334,29566,6332,Willem Geubbels,13,0.8830000305175781,0.54,0.3038339912891388,Goal,RightFoot,OpenPlay,a,2025
642338,29566,9656,Ilan Kebbal,28,0.9680000305175781,0.43099998474121093,0.47684207558631897,MissedShots,RightFoot,OpenPlay,a,2025
642341,29566,5696,Vincent Marchetti,33,0.914000015258789,0.5329999923706055,0.1448771059513092,SavedShot,RightFoot,OpenPlay,a,2025
642342,29566,5696,Vincent Marchetti,33,0.975,0.51,0.8666781187057495,Goal,RightFoot,OpenPlay,a,2025
642353,29566,9656,Ilan Kebbal,67,0.9630000305175781,0.3659999847412109,0.13328073918819427,BlockedShot,LeftFoot,OpenPlay,a,2025
642356,29566,3772,Maxime Lopez,81,0.8180000305175781,0.7090000152587891,0.034714311361312866,SavedShot,RightFoot,OpenPlay,a,2025
642361,29569,5769,Habib Diallo,13,0.915,0.5059999847412109,0.0645284354686737,SavedShot,Head,OpenPlay,h,2025
642362,29569,4764,Jean-Philippe Gbamin,13,0.9869999694824219,0.534000015258789,0.6440739035606384,Goal,RightFoot,FromCorner,h,2025
642363,29569,5727,Gauthier Hein,20,0.8480000305175781,0.3770000076293945,0.07675056159496307,BlockedShot,LeftFoot,OpenPlay,h,2025
642364,29569,12000,Ibou Sané,28,0.845999984741211,0.624000015258789,0.07917951047420502,SavedShot,RightFoot,OpenPlay,h,2025
642365,29569,11798,Koffi Kouao,32,0.8809999847412109,0.28600000381469726,0.05062272772192955,BlockedShot,LeftFoot,OpenPlay,h,2025
642370,29569,5769,Habib Diallo,63,0.885,0.5,0.7600951194763184,SavedShot,RightFoot,Penalty,h,2025
642371,29569,13999,Terry Yegbe,65,0.9180000305175782,0.515,0.04530350863933563,SavedShot,Head,FromCorner,h,2025
642372,29569,3290,Benjamin Stambouli,69,0.735999984741211,0.47,0.026278436183929443,MissedShots,LeftFoot,OpenPlay,h,2025
642378,29569,8119,Boubacar Traore,94,0.749000015258789,0.3870000076293945,0.015876002609729767,BlockedShot,RightFoot,OpenPlay,h,2025
642366,29569,11016,Ousmane Camara,41,0.9080000305175782,0.5279999923706055,0.04760125279426575,MissedShots,Head,SetPiece,a,2025
642367,29569,13604,Prosper Peter,44,0.9,0.5409999847412109,0.39419716596603394,SavedShot,RightFoot,OpenPlay,a,2025
642368,29569,13604,Prosper Peter,49,0.835999984741211,0.39099998474121095,0.09962008893489838,MissedShots,RightFoot,OpenPlay,a,2025
642369,29569,12847,Sidiki Chérif,59,0.7730000305175782,0.655,0.020959127694368362,MissedShots,RightFoot,OpenPlay,a,2025
642373,29569,5756,Carlens Arcus,70,0.7230000305175781,0.29399999618530276,0.014233386144042015,MissedShots,RightFoot,OpenPlay,a,2025
642374,29569,13604,Prosper Peter,72,0.9290000152587891,0.46799999237060547,0.42533448338508606,SavedShot,RightFoot,OpenPlay,a,2025
642375,29569,13612,Lanroy Machine,72,0.9069999694824219,0.5670000076293945,0.10198266804218292,MissedShots,RightFoot,OpenPlay,a,2025
642376,29569,10923,Himad Abdelli,89,0.885,0.5,0.7600951194763184,Goal,RightFoot,Penalty,a,2025
642377,29569,13612,Lanroy Machine,92,0.8040000152587891,0.3920000076293945,0.08435937762260437,MissedShots,RightFoot,OpenPlay,a,2025
642379,29569,13612,Lanroy Machine,98,0.9409999847412109,0.664000015258789,0.07683193683624268,SavedShot,RightFoot,OpenPlay,a,2025
642382,29571,10016,Bradley Barcola,14,0.8159999847412109,0.674000015258789,0.03294551745057106,Goal,RightFoot,OpenPlay,h,2025
642383,29571,7313,Lee Kang-In,18,0.740999984741211,0.48200000762939454,0.0610370859503746,BlockedShot,LeftFoot,DirectFreekick,h,2025
642384,29571,12733,Ibrahim Mbaye,29,0.9430000305175781,0.3160000038146973,0.2540082335472107,SavedShot,RightFoot,OpenPlay,h,2025
642388,29571,11767,Gonçalo Ramos,48,0.9259999847412109,0.40299999237060546,0.10639162361621857,SavedShot,RightFoot,OpenPlay,h,2025
642389,29571,8777,Vitinha,49,0.78,0.5170000076293946,0.05046885460615158,BlockedShot,RightFoot,OpenPlay,h,2025
642390,29571,10016,Bradley Barcola,50,0.74,0.549000015258789,0.028670279309153557,Goal,RightFoot,OpenPlay,h,2025
642391,29571,8777,Vitinha,51,0.825999984741211,0.46900001525878904,0.07853297144174576,BlockedShot,RightFoot,OpenPlay,h,2025
642392,29571,7313,Lee Kang-In,54,0.6830000305175781,0.4,0.013242678716778755,SavedShot,LeftFoot,OpenPlay,h,2025
642397,29571,2447,Fabián,78,0.86,0.524000015258789,0.12718243896961212,MissedShots,LeftFoot,OpenPlay,h,2025
642398,29571,12345,Senny Mayulu,80,0.7480000305175781,0.6179999923706054,0.02381632849574089,BlockedShot,LeftFoot,OpenPlay,h,2025
642401,29571,11767,Gonçalo Ramos,86,0.8919999694824219,0.43599998474121093,0.13801537454128265,SavedShot,RightFoot,OpenPlay,h,2025
642402,29571,12733,Ibrahim Mbaye,88,0.7880000305175782,0.33299999237060546,0.024130959063768387,MissedShots,RightFoot,OpenPlay,h,2025
642403,29571,12345,Senny Mayulu,89,0.870999984741211,0.7119999694824218,0.06401078402996063,BlockedShot,RightFoot,OpenPlay,h,2025
642404,29571,12733,Ibrahim Mbaye,91,0.8680000305175781,0.28899999618530275,0.055694956332445145,MissedShots,RightFoot,OpenPlay,h,2025
642380,29571,942,Florian Thauvin,8,0.8530000305175781,0.4590000152587891,0.08648980408906937,SavedShot,LeftFoot,SetPiece,a,2025
642381,29571,3697,Odsonne Edouard,8,0.919000015258789,0.515,0.5439900755882263,MissedShots,RightFoot,SetPiece,a,2025
642385,29571,3697,Odsonne Edouard,36,0.9269999694824219,0.605,0.29299309849739075,SavedShot,LeftFoot,OpenPlay,a,2025
642386,29571,6006,Ruben Aguilar,45,0.7819999694824219,0.3390000152587891,0.020436318591237068,MissedShots,RightFoot,SetPiece,a,2025
642387,29571,942,Florian Thauvin,46,0.905,0.38,0.08717339485883713,MissedShots,LeftFoot,OpenPlay,a,2025
642393,29571,942,Florian Thauvin,57,0.769000015258789,0.26,0.010473852045834064,SavedShot,LeftFoot,OpenPlay,a,2025
642394,29571,13506,Rayan Fofana,75,0.830999984741211,0.705999984741211,0.04046850651502609,BlockedShot,RightFoot,OpenPlay,a,2025
642395,29571,3549,Adrien Thomasson,76,0.8159999847412109,0.6459999847412109,0.027814878150820732,MissedShots,LeftFoot,OpenPlay,a,2025
642396,29571,13506,Rayan Fofana,78,0.8140000152587891,0.48200000762939454,0.08822377026081085,MissedShots,RightFoot,OpenPlay,a,2025
642399,29571,12344,Anthony Bermont,83,0.9019999694824219,0.7019999694824218,0.05864664912223816,MissedShots,LeftFoot,OpenPlay,a,2025
642400,29571,13506,Rayan Fofana,84,0.7809999847412109,0.590999984741211,0.015449113212525845,MissedShots,RightFoot,OpenPlay,a,2025
642407,29573,12498,Valentín Barco,13,0.9119999694824219,0.5729999923706055,0.08867114037275314,SavedShot,Head,OpenPlay,h,2025
642410,29573,12498,Valentín Barco,31,0.8669999694824219,0.6220000076293946,0.05897190049290657,SavedShot,LeftFoot,OpenPlay,h,2025
642411,29573,12808,Mathis Amougou,36,0.970999984741211,0.25799999237060545,0.03576268255710602,SavedShot,RightFoot,OpenPlay,h,2025
642413,29573,12413,Joaquín Panichelli,47,0.8919999694824219,0.34,0.3276943564414978,SavedShot,RightFoot,OpenPlay,h,2025
642416,29573,11618,Samuel Amo-Ameyaw,58,0.884000015258789,0.29200000762939454,0.0204607043415308,BlockedShot,LeftFoot,OpenPlay,h,2025
642418,29573,13818,Kendry Páez,75,0.8469999694824218,0.18100000381469727,0.05103878676891327,SavedShot,LeftFoot,DirectFreekick,h,2025
642419,29573,12413,Joaquín Panichelli,79,0.9230000305175782,0.5929999923706055,0.050556622445583344,BlockedShot,Head,FromCorner,h,2025
642421,29573,11164,Martial Godo,86,0.850999984741211,0.6790000152587891,0.04029260575771332,MissedShots,RightFoot,OpenPlay,h,2025
642422,29573,12413,Joaquín Panichelli,90,0.885,0.5,0.7600951194763184,Goal,RightFoot,Penalty,h,2025
642405,29573,11795,Yassine Kechta,1,0.904000015258789,0.575,0.06716518849134445,SavedShot,Head,OpenPlay,a,2025
642406,29573,11795,Yassine Kechta,1,0.895,0.580999984741211,0.08200877159833908,BlockedShot,LeftFoot,OpenPlay,a,2025
642408,29573,11792,Issa Soumaré,15,0.915,0.5359999847412109,0.12348836660385132,MissedShots,Head,OpenPlay,a,2025
642409,29573,11792,Issa Soumaré,30,0.7980000305175782,0.515,0.07348886132240295,BlockedShot,LeftFoot,OpenPlay,a,2025
642412,29573,12732,Yanis Zouaoui,40,0.7369999694824219,0.7759999847412109,0.0320834182202816,MissedShots,LeftFoot,DirectFreekick,a,2025
642414,29573,11790,Rassoul Ndiaye,51,0.7869999694824219,0.36900001525878906,0.01660461723804474,MissedShots,RightFoot,OpenPlay,a,2025
642415,29573,11792,Issa Soumaré,53,0.850999984741211,0.5720000076293945,0.017240891233086586,MissedShots,Head,OpenPlay,a,2025
642417,29573,11787,Loïc Négo,70,0.7609999847412109,0.36700000762939455,0.017666680738329887,MissedShots,RightFoot,OpenPlay,a,2025
642420,29573,12732,Yanis Zouaoui,83,0.73,0.6459999847412109,0.012509084306657314,MissedShots,LeftFoot,OpenPlay,a,2025
642423,29573,3701,Gautier Lloris,95,0.95,0.5029999923706054,0.08257623016834259,MissedShots,Head,FromCorner,a,2025
642557,29572,9633,Przemyslaw Frankowski,0,0.8930000305175781,0.37099998474121093,0.01624896563589573,MissedShots,Head,OpenPlay,h,2025
642558,29572,9399,Quentin Merlin,8,0.875,0.6669999694824219,0.06589855253696442,BlockedShot,LeftFoot,OpenPlay,h,2025
642561,29572,9633,Przemyslaw Frankowski,21,0.7030000305175781,0.5120000076293946,0.016133561730384827,BlockedShot,RightFoot,OpenPlay,h,2025
642562,29572,3475,Ludovic Blas,21,0.8190000152587891,0.6320000076293946,0.03343086689710617,BlockedShot,LeftFoot,OpenPlay,h,2025
642563,29572,12451,Djaoui Cissé,35,0.775,0.5479999923706055,0.027532795444130898,MissedShots,LeftFoot,OpenPlay,h,2025
642564,29572,9399,Quentin Merlin,40,0.879000015258789,0.6780000305175782,0.060887087136507034,BlockedShot,LeftFoot,OpenPlay,h,2025
642569,29572,3673,Valentin Rongier,49,0.7809999847412109,0.544000015258789,0.0315694622695446,MissedShots,RightFoot,OpenPlay,h,2025
642570,29572,12850,Esteban Lepaul,50,0.8190000152587891,0.545,0.04901863634586334,BlockedShot,RightFoot,OpenPlay,h,2025
642571,29572,11782,Mousa Al Tamari,51,0.8269999694824218,0.19899999618530273,0.01270439475774765,MissedShots,LeftFoot,OpenPlay,h,2025
642572,29572,5356,Breel Embolo,52,0.754000015258789,0.3820000076293945,0.021331096068024635,SavedShot,RightFoot,OpenPlay,h,2025
642574,29572,12451,Djaoui Cissé,61,0.8369999694824218,0.6709999847412109,0.04017840325832367,MissedShots,RightFoot,OpenPlay,h,2025
642575,29572,12451,Djaoui Cissé,62,0.7669999694824219,0.5690000152587891,0.029514020308852196,BlockedShot,LeftFoot,OpenPlay,h,2025
642576,29572,5356,Breel Embolo,64,0.97,0.590999984741211,0.11630992591381073,MissedShots,RightFoot,OpenPlay,h,2025
642577,29572,12451,Djaoui Cissé,67,0.8330000305175781,0.37799999237060544,0.0634811669588089,BlockedShot,RightFoot,OpenPlay,h,2025
642578,29572,12451,Djaoui Cissé,67,0.9669999694824218,0.2879999923706055,0.04190625250339508,MissedShots,RightFoot,OpenPlay,h,2025
642579,29572,13210,Mohamed Meïté,69,0.9080000305175782,0.6719999694824219,0.06359843164682388,SavedShot,LeftFoot,OpenPlay,h,2025
642580,29572,11782,Mousa Al Tamari,69,0.7830000305175782,0.5609999847412109,0.030125994235277176,BlockedShot,LeftFoot,OpenPlay,h,2025
642581,29572,11782,Mousa Al Tamari,69,0.895,0.644000015258789,0.05812518671154976,MissedShots,LeftFoot,OpenPlay,h,2025
642583,29572,11545,Jérémy Jacquet,79,0.9590000152587891,0.5209999847412109,0.12975876033306122,BlockedShot,RightFoot,FromCorner,h,2025
642584,29572,10789,Anthony Rouault,79,0.955999984741211,0.504000015258789,0.6399176120758057,Goal,RightFoot,FromCorner,h,2025
642585,29572,1144,Seko Fofana,90,0.8109999847412109,0.509000015258789,0.060197096318006516,MissedShots,RightFoot,OpenPlay,h,2025
642586,29572,13210,Mohamed Meïté,92,0.97,0.6969999694824218,0.059479985386133194,BlockedShot,RightFoot,OpenPlay,h,2025
642588,29572,13210,Mohamed Meïté,94,0.9580000305175781,0.49,0.6292797923088074,Goal,Head,OpenPlay,h,2025
642559,29572,3603,Corentin Tolisso,10,0.85,0.5420000076293945,0.09147682040929794,SavedShot,RightFoot,OpenPlay,a,2025
642560,29572,3603,Corentin Tolisso,13,0.9580000305175781,0.54,0.4966931641101837,Goal,Head,OpenPlay,a,2025
642565,29572,13736,Khalis Merah,41,0.8180000305175781,0.495,0.25095221400260925,SavedShot,RightFoot,OpenPlay,a,2025
642566,29572,13736,Khalis Merah,41,0.9309999847412109,0.34400001525878904,0.38153305649757385,SavedShot,RightFoot,OpenPlay,a,2025
642567,29572,9885,Tanner Tessmann,41,0.9230000305175782,0.53,0.04824478179216385,BlockedShot,Head,FromCorner,a,2025
642568,29572,13734,Adam Karabec,45,0.924000015258789,0.34099998474121096,0.08813575655221939,BlockedShot,LeftFoot,OpenPlay,a,2025
642573,29572,13734,Adam Karabec,61,0.9009999847412109,0.455,0.41579899191856384,SavedShot,RightFoot,OpenPlay,a,2025
642582,29572,3276,Rachid Ghezzal,74,0.905,0.55,0.06101471558213234,BlockedShot,Head,FromCorner,a,2025
642587,29572,5768,Remy Descamps,92,0.02700000047683716,0.455,0,OwnGoal,OtherBodyPart,OpenPlay,a,2025
642743,29578,9001,Martín Satriano,5,0.9259999847412109,0.5129999923706055,0.1216573566198349,MissedShots,LeftFoot,OpenPlay,h,2025
642744,29578,1750,Ainsley Maitland-Niles,5,0.96,0.41400001525878904,0.13394233584403992,SavedShot,RightFoot,OpenPlay,h,2025
642745,29578,9885,Tanner Tessmann,14,0.7069999694824218,0.529000015258789,0.015389540232717991,MissedShots,RightFoot,OpenPlay,h,2025
642747,29578,9885,Tanner Tessmann,44,0.7880000305175782,0.4809999847412109,0.042604103684425354,MissedShots,LeftFoot,OpenPlay,h,2025
642748,29578,3603,Corentin Tolisso,50,0.8209999847412109,0.6680000305175782,0.033698391169309616,SavedShot,RightFoot,OpenPlay,h,2025
642749,29578,12336,Malick Fofana,53,0.8819999694824219,0.7230000305175781,0.03636644035577774,BlockedShot,RightFoot,OpenPlay,h,2025
642750,29578,9885,Tanner Tessmann,53,0.7519999694824219,0.46599998474121096,0.03278734162449837,MissedShots,LeftFoot,OpenPlay,h,2025
642751,29578,1750,Ainsley Maitland-Niles,57,0.784000015258789,0.3220000076293945,0.019425908103585243,MissedShots,RightFoot,OpenPlay,h,2025
642752,29578,9001,Martín Satriano,64,0.905,0.524000015258789,0.26851126551628113,SavedShot,Head,FromCorner,h,2025
642753,29578,9885,Tanner Tessmann,64,0.955999984741211,0.4379999923706055,0.5422351360321045,Goal,LeftFoot,FromCorner,h,2025
642755,29578,13735,Pavel Sulc,69,0.8090000152587891,0.5590000152587891,0.06367069482803345,BlockedShot,RightFoot,OpenPlay,h,2025
642756,29578,9001,Martín Satriano,69,0.9,0.355,0.08101043850183487,BlockedShot,RightFoot,OpenPlay,h,2025
642758,29578,1750,Ainsley Maitland-Niles,78,0.9369999694824219,0.43,0.5115094184875488,MissedShots,LeftFoot,OpenPlay,h,2025
642760,29578,12336,Malick Fofana,82,0.9340000152587891,0.615999984741211,0.3808750808238983,SavedShot,LeftFoot,OpenPlay,h,2025
642761,29578,13735,Pavel Sulc,82,0.965999984741211,0.7080000305175781,0.05722532421350479,BlockedShot,RightFoot,OpenPlay,h,2025
642762,29578,13737,Mathys de Carvalho,82,0.8919999694824219,0.4209999847412109,0.030972350388765335,MissedShots,Head,FromCorner,h,2025
642746,29578,10295,Louis Mouton,25,0.9740000152587891,0.40599998474121096,0.09096765518188477,MissedShots,RightFoot,OpenPlay,a,2025
642754,29578,10517,Yassin Belkhdim,69,0.9690000152587891,0.654000015258789,0.01257479190826416,MissedShots,Head,FromCorner,a,2025
642757,29578,12847,Sidiki Chérif,75,0.7980000305175782,0.754000015258789,0.01555081456899643,BlockedShot,RightFoot,OpenPlay,a,2025
642759,29578,13604,Prosper Peter,79,0.919000015258789,0.5459999847412109,0.09878917783498764,BlockedShot,LeftFoot,OpenPlay,a,2025
642763,29578,12847,Sidiki Chérif,83,0.9009999847412109,0.7390000152587891,0.03251851722598076,BlockedShot,RightFoot,OpenPlay,a,2025
642764,29578,7732,Haris Belkebla,87,0.7819999694824219,0.45299999237060545,0.01616574078798294,MissedShots,RightFoot,FromCorner,a,2025
642765,29578,13612,Lanroy Machine,93,0.9,0.5729999923706055,0.0822087749838829,SavedShot,LeftFoot,OpenPlay,a,2025
642766,29578,6895,Jordan Lefort,95,0.9580000305175781,0.5220000076293946,0.13570594787597656,MissedShots,Head,FromCorner,a,2025
642767,29578,10243,Jacques Ekomie,95,0.9680000305175781,0.42900001525878906,0.055121347308158875,BlockedShot,Head,FromCorner,a,2025
642768,29578,10243,Jacques Ekomie,95,0.975999984741211,0.47400001525878904,0.177837535738945,SavedShot,Head,FromCorner,a,2025
643185,29581,12846,Louis Leroux,1,0.759000015258789,0.53,0.02582445740699768,BlockedShot,LeftFoot,OpenPlay,h,2025
643187,29581,10831,Mostafa Mohamed,7,0.769000015258789,0.4929999923706055,0.2680414319038391,MissedShots,RightFoot,OpenPlay,h,2025
643193,29581,10831,Mostafa Mohamed,36,0.8619999694824219,0.38,0.061587780714035034,BlockedShot,RightFoot,OpenPlay,h,2025
643194,29581,9490,Matthis Abline,36,0.8490000152587891,0.46599998474121096,0.05563529208302498,BlockedShot,RightFoot,OpenPlay,h,2025
643196,29581,9490,Matthis Abline,45,0.87,0.395,0.29091939330101013,MissedShots,RightFoot,OpenPlay,h,2025
643197,29581,10831,Mostafa Mohamed,49,0.86,0.46900001525878904,0.10282079130411148,BlockedShot,LeftFoot,OpenPlay,h,2025
643198,29581,9490,Matthis Abline,63,0.8109999847412109,0.43599998474121093,0.039566557854413986,MissedShots,RightFoot,SetPiece,h,2025
643199,29581,9490,Matthis Abline,63,0.8819999694824219,0.5,0.07412084937095642,BlockedShot,RightFoot,OpenPlay,h,2025
643200,29581,10581,Junior Mwanga,63,0.9180000305175782,0.455,0.38564589619636536,Goal,RightFoot,OpenPlay,h,2025
643201,29581,12846,Louis Leroux,65,0.8680000305175781,0.72,0.0340195894241333,BlockedShot,LeftFoot,OpenPlay,h,2025
643202,29581,10702,Johann Lepenant,65,0.8090000152587891,0.3629999923706055,0.03374343737959862,MissedShots,RightFoot,OpenPlay,h,2025
643203,29581,497,Francis Coquelin,74,0.7630000305175781,0.654000015258789,0.01872526854276657,SavedShot,RightFoot,OpenPlay,h,2025
643204,29581,9490,Matthis Abline,78,0.9269999694824219,0.5579999923706055,0.09027064591646194,MissedShots,Head,FromCorner,h,2025
643205,29581,12387,Dehmaine Assoumani,87,0.73,0.45,0.015024582855403423,MissedShots,LeftFoot,OpenPlay,h,2025
643206,29581,9490,Matthis Abline,91,0.885,0.5,0.7600951194763184,SavedShot,RightFoot,Penalty,h,2025
643208,29581,2082,Youssef El-Arabi,95,0.9019999694824219,0.5590000152587891,0.4334036111831665,Goal,RightFoot,SetPiece,h,2025
643186,29581,3475,Ludovic Blas,6,0.759000015258789,0.6070000076293945,0.010728292167186737,MissedShots,LeftFoot,SetPiece,a,2025
643188,29581,12850,Esteban Lepaul,18,0.8619999694824219,0.37799999237060544,0.050254080444574356,MissedShots,RightFoot,FromCorner,a,2025
643189,29581,3475,Ludovic Blas,26,0.705,0.295,0.0126973120495677,MissedShots,LeftFoot,OpenPlay,a,2025
643190,29581,3475,Ludovic Blas,28,0.885,0.5,0.7600951194763184,Goal,LeftFoot,Penalty,a,2025
643191,29581,12850,Esteban Lepaul,34,0.8919999694824219,0.4879999923706055,0.41756951808929443,Goal,RightFoot,OpenPlay,a,2025
643192,29581,3673,Valentin Rongier,35,0.8390000152587891,0.47200000762939454,0.10648366808891296,MissedShots,RightFoot,OpenPlay,a,2025
643195,29581,3475,Ludovic Blas,39,0.8380000305175781,0.32,0.044148094952106476,SavedShot,LeftFoot,OpenPlay,a,2025
643207,29581,1144,Seko Fofana,94,0.7980000305175782,0.5879999923706055,0.03843067213892937,SavedShot,LeftFoot,OpenPlay,a,2025
643352,29575,6905,Ludovic Ajorque,2,0.7869999694824219,0.545,0.0625588521361351,BlockedShot,LeftFoot,OpenPlay,h,2025
643355,29575,6905,Ludovic Ajorque,5,0.9790000152587891,0.5209999847412109,0.9276108145713806,Goal,LeftFoot,OpenPlay,h,2025
643356,29575,3721,Romain Del Castillo,8,0.8469999694824218,0.245,0.03154284134507179,Goal,LeftFoot,OpenPlay,h,2025
643365,29575,10100,Kamory Doumbia,46,0.8090000152587891,0.5109999847412109,0.05588877573609352,MissedShots,RightFoot,OpenPlay,h,2025
643366,29575,6905,Ludovic Ajorque,51,0.9109999847412109,0.4929999923706055,0.3937363922595978,ShotOnPost,Head,OpenPlay,h,2025
643367,29575,14052,Pathé Mboup,51,0.8959999847412109,0.6559999847412109,0.07280018925666809,MissedShots,RightFoot,OpenPlay,h,2025
643371,29575,7739,Joris Chotard,69,0.74,0.44400001525878907,0.02181136980652809,Goal,RightFoot,OpenPlay,h,2025
643374,29575,6905,Ludovic Ajorque,74,0.92,0.48400001525878905,0.04911397397518158,MissedShots,Head,FromCorner,h,2025
643375,29575,11065,Remy Labeau Lascary,75,0.87,0.43400001525878906,0.40403488278388977,Goal,RightFoot,OpenPlay,h,2025
643376,29575,6905,Ludovic Ajorque,77,0.8219999694824218,0.6129999923706054,0.042147502303123474,SavedShot,LeftFoot,OpenPlay,h,2025
643377,29575,3721,Romain Del Castillo,77,0.79,0.625999984741211,0.04118175804615021,BlockedShot,LeftFoot,OpenPlay,h,2025
643353,29575,6846,Sofiane Diop,2,0.8,0.515,0.043973665684461594,BlockedShot,LeftFoot,OpenPlay,a,2025
643354,29575,14032,Tiago Gouveia,2,0.7780000305175782,0.7440000152587891,0.01228385791182518,MissedShots,RightFoot,OpenPlay,a,2025
643357,29575,8050,Hichem Boudaoui,13,0.759000015258789,0.4779999923706055,0.0214345995336771,BlockedShot,LeftFoot,OpenPlay,a,2025
643358,29575,3544,Jeremie Boga,15,0.9490000152587891,0.55,0.12068938463926315,MissedShots,Head,OpenPlay,a,2025
643359,29575,8997,Terem Igobor Moffi,29,0.924000015258789,0.4829999923706055,0.3166765868663788,Goal,LeftFoot,OpenPlay,a,2025
643360,29575,3544,Jeremie Boga,32,0.8080000305175781,0.5029999923706054,0.05186958611011505,MissedShots,RightFoot,OpenPlay,a,2025
643361,29575,14032,Tiago Gouveia,33,0.8430000305175781,0.6090000152587891,0.06319410353899002,BlockedShot,RightFoot,OpenPlay,a,2025
643362,29575,14032,Tiago Gouveia,41,0.8669999694824219,0.6580000305175782,0.055720701813697815,MissedShots,RightFoot,OpenPlay,a,2025
643363,29575,8050,Hichem Boudaoui,42,0.8390000152587891,0.509000015258789,0.05744939669966698,MissedShots,LeftFoot,OpenPlay,a,2025
643364,29575,8190,Melvin Bard,47,0.6730000305175782,0.555,0.012199592776596546,MissedShots,LeftFoot,OpenPlay,a,2025
643368,29575,6846,Sofiane Diop,54,0.8540000152587891,0.46099998474121096,0.02035342901945114,MissedShots,Head,OpenPlay,a,2025
643369,29575,8997,Terem Igobor Moffi,57,0.8980000305175782,0.6459999847412109,0.06840833276510239,BlockedShot,LeftFoot,OpenPlay,a,2025
643370,29575,8997,Terem Igobor Moffi,58,0.9369999694824219,0.5129999923706055,0.12698641419410706,MissedShots,Head,FromCorner,a,2025
643372,29575,8768,Kevin Omoruyi,72,0.924000015258789,0.3240000152587891,0.07998398691415787,BlockedShot,RightFoot,OpenPlay,a,2025
643373,29575,8768,Kevin Omoruyi,73,0.9169999694824219,0.5479999923706055,0.08122200518846512,SavedShot,Head,FromCorner,a,2025
643378,29575,6846,Sofiane Diop,80,0.8980000305175782,0.34799999237060547,0.07392537593841553,SavedShot,RightFoot,OpenPlay,a,2025
643379,29575,8768,Kevin Omoruyi,87,0.909000015258789,0.5409999847412109,0.5179102420806885,SavedShot,Head,OpenPlay,a,2025
643380,29575,3696,Morgan Sanson,91,0.9459999847412109,0.5320000076293945,0.44220641255378723,MissedShots,Head,OpenPlay,a,2025
643381,29575,8768,Kevin Omoruyi,92,0.89,0.47200000762939454,0.04336923360824585,BlockedShot,Head,OpenPlay,a,2025
643382,29575,13751,Isak Jansson,92,0.935,0.595999984741211,0.05407041311264038,BlockedShot,Head,FromCorner,a,2025
643453,29577,6006,Ruben Aguilar,2,0.76,0.31,0.031108850613236427,BlockedShot,RightFoot,OpenPlay,h,2025
643454,29577,942,Florian Thauvin,5,0.905,0.47400001525878904,0.6303024888038635,SavedShot,LeftFoot,OpenPlay,h,2025
643459,29577,13506,Rayan Fofana,18,0.7719999694824219,0.49700000762939456,0.024585401639342308,SavedShot,RightFoot,OpenPlay,h,2025
643462,29577,942,Florian Thauvin,25,0.8919999694824219,0.35,0.08427158743143082,MissedShots,LeftFoot,OpenPlay,h,2025
643463,29577,3799,Wesley Said,27,0.85,0.69,0.04459008574485779,BlockedShot,RightFoot,OpenPlay,h,2025
643464,29577,5745,Matthieu Udol,27,0.9669999694824218,0.6,0.08997734636068344,MissedShots,LeftFoot,FromCorner,h,2025
643465,29577,3799,Wesley Said,27,0.9680000305175781,0.5279999923706055,0.6390761733055115,Goal,RightFoot,FromCorner,h,2025
643466,29577,13506,Rayan Fofana,39,0.8130000305175781,0.53,0.2738227844238281,MissedShots,RightFoot,OpenPlay,h,2025
643468,29577,942,Florian Thauvin,42,0.8980000305175782,0.3559999847412109,0.3114722669124603,Goal,LeftFoot,OpenPlay,h,2025
643470,29577,6006,Ruben Aguilar,51,0.9330000305175781,0.28200000762939453,0.07286304980516434,SavedShot,RightFoot,OpenPlay,h,2025
643471,29577,13506,Rayan Fofana,51,0.9569999694824218,0.53,0.6789623498916626,Goal,LeftFoot,OpenPlay,h,2025
643472,29577,942,Florian Thauvin,59,0.8390000152587891,0.36400001525878906,0.07485637813806534,MissedShots,RightFoot,OpenPlay,h,2025
643474,29577,942,Florian Thauvin,68,0.96,0.445,0.58522629737854,MissedShots,RightFoot,OpenPlay,h,2025
643475,29577,13917,Mamadou Sangaré,69,0.775,0.33099998474121095,0.024178342893719673,MissedShots,LeftFoot,OpenPlay,h,2025
643477,29577,11762,Morgan Guilavogui,75,0.7559999847412109,0.37400001525878906,0.30158287286758423,MissedShots,RightFoot,OpenPlay,h,2025
643455,29577,502,Olivier Giroud,5,0.9059999847412109,0.5229999923706055,0.13379688560962677,MissedShots,LeftFoot,OpenPlay,a,2025
643456,29577,9444,Felix Correia,12,0.855,0.705999984741211,0.03331046923995018,BlockedShot,RightFoot,OpenPlay,a,2025
643457,29577,9444,Felix Correia,13,0.8769999694824219,0.644000015258789,0.1078663170337677,BlockedShot,RightFoot,OpenPlay,a,2025
643458,29577,9444,Felix Correia,14,0.9019999694824219,0.590999984741211,0.37179702520370483,SavedShot,RightFoot,OpenPlay,a,2025
643460,29577,9444,Felix Correia,21,0.895,0.5479999923706055,0.4569381773471832,SavedShot,RightFoot,OpenPlay,a,2025
643461,29577,11757,Hákon Haraldsson,21,0.9209999847412109,0.46599998474121096,0.6144576072692871,ShotOnPost,RightFoot,OpenPlay,a,2025
643467,29577,849,Chancel Mbemba,41,0.914000015258789,0.7630000305175781,0.03817341476678848,SavedShot,RightFoot,FromCorner,a,2025
643469,29577,12801,Osame Sahraoui,47,0.9109999847412109,0.67,0.038485489785671234,MissedShots,LeftFoot,FromCorner,a,2025
643473,29577,12162,Ayyoub Bouaddi,65,0.7190000152587891,0.46599998474121096,0.01457397174090147,MissedShots,RightFoot,OpenPlay,a,2025
643476,29577,14048,Calvin Verdonk,71,0.74,0.5259999847412109,0.01012334693223238,BlockedShot,LeftFoot,FromCorner,a,2025
643478,29577,12800,Ngal&#039;ayel Mukau,77,0.8,0.5890000152587891,0.02074323408305645,BlockedShot,RightFoot,FromCorner,a,2025
643479,29577,12800,Ngal&#039;ayel Mukau,77,0.830999984741211,0.5259999847412109,0.0592760294675827,BlockedShot,RightFoot,FromCorner,a,2025
643480,29577,13976,Hamza Igamane,85,0.8719999694824219,0.4809999847412109,0.04767472669482231,MissedShots,Head,SetPiece,a,2025
643481,29577,3237,Aissa Mandi,88,0.8590000152587891,0.33799999237060546,0.06517069786787033,BlockedShot,RightFoot,OpenPlay,a,2025
643482,29577,13051,Matias Fernandez-Pardo,92,0.8369999694824218,0.6909999847412109,0.03581877797842026,MissedShots,RightFoot,OpenPlay,a,2025
643483,29577,13976,Hamza Igamane,93,0.8030000305175782,0.5020000076293946,0.03430252894759178,BlockedShot,LeftFoot,OpenPlay,a,2025
643484,29577,12801,Osame Sahraoui,93,0.905,0.605,0.09837904572486877,BlockedShot,LeftFoot,OpenPlay,a,2025
643649,29582,7169,Moses Simon,1,0.8040000152587891,0.7519999694824219,0.021626999601721764,SavedShot,RightFoot,OpenPlay,h,2025
643650,29582,5619,Pierre Lees-Melou,1,0.7869999694824219,0.47099998474121096,0.037668563425540924,SavedShot,RightFoot,OpenPlay,h,2025
643651,29582,13805,Adama Camara,18,0.8430000305175781,0.590999984741211,0.07328309118747711,MissedShots,LeftFoot,OpenPlay,h,2025
643653,29582,3239,Hamari Traore,28,0.9,0.3820000076293945,0.2571820020675659,MissedShots,RightFoot,OpenPlay,h,2025
643654,29582,7169,Moses Simon,33,0.8480000305175781,0.7019999694824218,0.037310294806957245,BlockedShot,LeftFoot,OpenPlay,h,2025
643655,29582,3239,Hamari Traore,34,0.8380000305175781,0.47900001525878905,0.05422906577587128,BlockedShot,LeftFoot,FromCorner,h,2025
643656,29582,6332,Willem Geubbels,38,0.8819999694824219,0.6079999923706054,0.03674532473087311,SavedShot,Head,SetPiece,h,2025
643657,29582,6332,Willem Geubbels,40,0.91,0.525,0.03812814876437187,MissedShots,Head,OpenPlay,h,2025
643658,29582,6332,Willem Geubbels,46,0.9369999694824219,0.529000015258789,0.45977622270584106,MissedShots,RightFoot,OpenPlay,h,2025
643660,29582,9656,Ilan Kebbal,51,0.8530000305175781,0.34,0.05403289198875427,SavedShot,LeftFoot,OpenPlay,h,2025
643661,29582,9656,Ilan Kebbal,57,0.730999984741211,0.43200000762939456,0.016735004261136055,MissedShots,LeftFoot,OpenPlay,h,2025
643662,29582,7169,Moses Simon,59,0.825,0.4979999923706055,0.059364501386880875,MissedShots,RightFoot,SetPiece,h,2025
643663,29582,13801,Alimami Gory,61,0.8730000305175781,0.2610000038146973,0.02709040977060795,MissedShots,RightFoot,OpenPlay,h,2025
643664,29582,7169,Moses Simon,67,0.8169999694824219,0.7269999694824218,0.023220263421535492,MissedShots,RightFoot,OpenPlay,h,2025
643667,29582,8647,Thibault De Smet,76,0.7559999847412109,0.57,0.020497875288128853,MissedShots,LeftFoot,OpenPlay,h,2025
643670,29582,13802,Nouha Dicko,80,0.9209999847412109,0.55,0.2992812991142273,Goal,Head,OpenPlay,h,2025
643673,29582,13802,Nouha Dicko,93,0.8959999847412109,0.5279999923706055,0.1228366270661354,MissedShots,LeftFoot,OpenPlay,h,2025
643674,29582,13801,Alimami Gory,93,0.9309999847412109,0.3770000076293945,0.29913920164108276,Goal,RightFoot,OpenPlay,h,2025
643652,29582,13818,Kendry Páez,26,0.9330000305175781,0.5420000076293945,0.3986758887767792,Goal,Head,OpenPlay,a,2025
643659,29582,11978,Diego Moreira,47,0.72,0.4420000076293945,0.02036510966718197,BlockedShot,LeftFoot,OpenPlay,a,2025
643665,29582,11817,Emanuel Emegha,67,0.9080000305175782,0.6880000305175781,0.11049393564462662,BlockedShot,LeftFoot,OpenPlay,a,2025
643666,29582,12808,Mathis Amougou,75,0.8430000305175781,0.4470000076293945,0.09132752567529678,MissedShots,RightFoot,OpenPlay,a,2025
643668,29582,11817,Emanuel Emegha,77,0.9069999694824219,0.5840000152587891,0.43750327825546265,BlockedShot,RightFoot,OpenPlay,a,2025
643669,29582,10868,Guela Doué,77,0.9790000152587891,0.45599998474121095,0.8775376081466675,Goal,RightFoot,OpenPlay,a,2025
643671,29582,10390,Ismaël Doukouré,86,0.9259999847412109,0.46599998474121096,0.34034958481788635,MissedShots,Head,SetPiece,a,2025
643672,29582,11817,Emanuel Emegha,86,0.9819999694824219,0.435,0.5722655653953552,Goal,RightFoot,SetPiece,a,2025
643766,29574,10815,Lassine Sinayoko,15,0.8440000152587891,0.3120000076293945,0.03306172043085098,MissedShots,LeftFoot,OpenPlay,h,2025
643768,29574,10815,Lassine Sinayoko,22,0.7030000305175781,0.395,0.01049789972603321,MissedShots,RightFoot,OpenPlay,h,2025
643770,29574,13596,Telli Siwe,29,0.8590000152587891,0.52,0.01858360320329666,MissedShots,Head,FromCorner,h,2025
643771,29574,10815,Lassine Sinayoko,35,0.8969999694824219,0.710999984741211,0.06988978385925293,BlockedShot,LeftFoot,OpenPlay,h,2025
643772,29574,13888,Danny Namaso,46,0.955999984741211,0.4640000152587891,0.6345457434654236,Goal,RightFoot,OpenPlay,h,2025
643773,29574,13888,Danny Namaso,56,0.8519999694824218,0.6459999847412109,0.11679401248693466,BlockedShot,RightFoot,OpenPlay,h,2025
643762,29574,9220,Charlie Cresswell,0,0.875,0.495,0.031195474788546562,MissedShots,Head,FromCorner,a,2025
643763,29574,10193,Frank Magri,2,0.885,0.5,0.7600951194763184,SavedShot,RightFoot,Penalty,a,2025
643764,29574,6874,Yann Gboho,3,0.8440000152587891,0.485,0.06695428490638733,BlockedShot,RightFoot,OpenPlay,a,2025
643765,29574,6874,Yann Gboho,7,0.8630000305175781,0.5279999923706055,0.07744944840669632,BlockedShot,RightFoot,OpenPlay,a,2025
643767,29574,11777,Cristian Cásseres Jr.,18,0.7580000305175781,0.33099998474121095,0.020839402452111244,SavedShot,LeftFoot,OpenPlay,a,2025
643769,29574,9220,Charlie Cresswell,23,0.9590000152587891,0.47700000762939454,0.08864764869213104,BlockedShot,Head,FromCorner,a,2025
643774,29574,10193,Frank Magri,58,0.9540000152587891,0.5129999923706055,0.14190702140331268,MissedShots,Head,OpenPlay,a,2025
643775,29574,6874,Yann Gboho,65,0.909000015258789,0.6459999847412109,0.04991898313164711,MissedShots,RightFoot,OpenPlay,a,2025
643776,29574,14082,Emersonn,79,0.9369999694824219,0.27600000381469725,0.09412429481744766,BlockedShot,RightFoot,OpenPlay,a,2025
643777,29574,14082,Emersonn,80,0.855999984741211,0.63,0.05962191894650459,SavedShot,LeftFoot,OpenPlay,a,2025
643778,29574,14082,Emersonn,84,0.9309999847412109,0.5070000076293946,0.06251520663499832,MissedShots,Head,FromCorner,a,2025
643779,29574,14082,Emersonn,85,0.875,0.529000015258789,0.04525982216000557,MissedShots,Head,OpenPlay,a,2025
643780,29574,14082,Emersonn,90,0.9180000305175782,0.644000015258789,0.011044944636523724,MissedShots,Head,OpenPlay,a,2025
643781,29576,3674,Abdoulaye Touré,3,0.885,0.5,0.7600951194763184,ShotOnPost,RightFoot,Penalty,h,2025
643782,29576,11795,Yassine Kechta,8,0.8680000305175781,0.34599998474121096,0.0556255578994751,MissedShots,LeftFoot,OpenPlay,h,2025
643786,29576,3674,Abdoulaye Touré,28,0.7169999694824218,0.43900001525878907,0.015761595219373703,MissedShots,RightFoot,OpenPlay,h,2025
643787,29576,11792,Issa Soumaré,30,0.8969999694824219,0.685,0.09790963679552078,BlockedShot,RightFoot,OpenPlay,h,2025
643788,29576,13742,Ayumu Seko,42,0.9580000305175781,0.4159999847412109,0.11949477344751358,MissedShots,Head,SetPiece,h,2025
643789,29576,3701,Gautier Lloris,46,0.9719999694824218,0.4570000076293945,0.486159086227417,BlockedShot,Head,FromCorner,h,2025
643790,29576,11792,Issa Soumaré,46,0.9869999694824219,0.52,0.9615703821182251,Goal,LeftFoot,FromCorner,h,2025
643791,29576,8287,Mbwana Samatta,58,0.75,0.34,0.014096152037382126,MissedShots,RightFoot,OpenPlay,h,2025
643792,29576,8287,Mbwana Samatta,63,0.8959999847412109,0.5079999923706054,0.09257256239652634,MissedShots,Head,OpenPlay,h,2025
643793,29576,8287,Mbwana Samatta,69,0.9569999694824218,0.590999984741211,0.05011860653758049,BlockedShot,Head,OpenPlay,h,2025
643794,29576,11792,Issa Soumaré,71,0.8959999847412109,0.735,0.03565041720867157,MissedShots,LeftFoot,OpenPlay,h,2025
643796,29576,7649,Younes Namli,83,0.700999984741211,0.3039999961853027,0.012384395115077496,MissedShots,LeftFoot,OpenPlay,h,2025
643783,29576,13904,Abdoulaye Faye,15,0.9019999694824219,0.4590000152587891,0.03549952059984207,MissedShots,Head,SetPiece,a,2025
643784,29576,12383,Mohamed Bamba,18,0.7959999847412109,0.534000015258789,0.032862987369298935,MissedShots,RightFoot,SetPiece,a,2025
643785,29576,12049,Aiyegun Tosin,20,0.9680000305175781,0.46299999237060546,0.9644333720207214,Goal,RightFoot,OpenPlay,a,2025
643795,29576,9699,Bamo Meïté,82,0.9119999694824219,0.5579999923706055,0.09820032864809036,SavedShot,Head,SetPiece,a,2025
643797,29576,12328,Arthur Avom,89,0.8180000305175781,0.615,0.04904353991150856,SavedShot,RightFoot,OpenPlay,a,2025
643798,29576,3536,Jean-Victor Makengo,90,0.78,0.5220000076293946,0.033976223319768906,SavedShot,LeftFoot,OpenPlay,a,2025
643799,29576,3536,Jean-Victor Makengo,90,0.875,0.4979999923706055,0.03194885700941086,MissedShots,Head,OpenPlay,a,2025
643800,29576,13904,Abdoulaye Faye,94,0.9119999694824219,0.445,0.023965798318386078,MissedShots,Head,FromCorner,a,2025
643803,29580,10349,Mika Biereth,27,0.9669999694824218,0.49,0.8031021356582642,Goal,RightFoot,OpenPlay,h,2025
643804,29580,12186,Kassoum Ouattara,30,0.8130000305175781,0.52,0.03861811012029648,MissedShots,RightFoot,FromCorner,h,2025
643805,29580,2674,Thilo Kehrer,30,0.8640000152587891,0.524000015258789,0.08044631779193878,MissedShots,RightFoot,FromCorner,h,2025
643806,29580,10349,Mika Biereth,35,0.945,0.5559999847412109,0.08164723962545395,SavedShot,Head,OpenPlay,h,2025
643808,29580,11799,Lamine Camara,39,0.79,0.34299999237060547,0.07754260301589966,MissedShots,RightFoot,DirectFreekick,h,2025
643809,29580,8239,Takumi Minamino,47,0.9230000305175782,0.585,0.32760733366012573,MissedShots,RightFoot,OpenPlay,h,2025
643810,29580,7967,Anssumane Fati,45,0.96,0.46599998474121096,0.681081235408783,Goal,LeftFoot,OpenPlay,h,2025
643812,29580,8239,Takumi Minamino,48,0.8530000305175781,0.48900001525878906,0.11315928399562836,BlockedShot,RightFoot,OpenPlay,h,2025
643813,29580,11799,Lamine Camara,48,0.7619999694824219,0.36400001525878906,0.029168330132961273,MissedShots,RightFoot,OpenPlay,h,2025
643816,29580,7967,Anssumane Fati,57,0.9269999694824219,0.500999984741211,0.08658065646886826,MissedShots,Head,OpenPlay,h,2025
643819,29580,12804,George Ilenikhena,71,0.8769999694824219,0.6569999694824219,0.07140101492404938,MissedShots,LeftFoot,OpenPlay,h,2025
643820,29580,7967,Anssumane Fati,82,0.9169999694824219,0.5359999847412109,0.3523291349411011,Goal,Head,OpenPlay,h,2025
643822,29580,12426,Stanis Idumbo Muzambo,86,0.8619999694824219,0.7030000305175781,0.05514945462346077,BlockedShot,LeftFoot,OpenPlay,h,2025
643823,29580,12426,Stanis Idumbo Muzambo,90,0.919000015258789,0.6509999847412109,0.4101857841014862,SavedShot,RightFoot,OpenPlay,h,2025
643824,29580,9279,Krépin Diatta,90,0.8030000305175782,0.43,0.02614334039390087,BlockedShot,RightFoot,OpenPlay,h,2025
643825,29580,12804,George Ilenikhena,92,0.874000015258789,0.6359999847412109,0.2766655683517456,Goal,LeftFoot,OpenPlay,h,2025
643801,29580,5769,Habib Diallo,12,0.8719999694824219,0.5379999923706055,0.3719632923603058,Goal,RightFoot,OpenPlay,a,2025
643802,29580,11798,Koffi Kouao,19,0.925,0.3290000152587891,0.08537482470273972,SavedShot,RightFoot,OpenPlay,a,2025
643807,29580,5769,Habib Diallo,36,0.8719999694824219,0.425,0.18885107338428497,BlockedShot,LeftFoot,OpenPlay,a,2025
643811,29580,5727,Gauthier Hein,47,0.965,0.35400001525878905,0.07520982623100281,MissedShots,RightFoot,OpenPlay,a,2025
643814,29580,8686,Cheick Tidiane Sabaly,49,0.8109999847412109,0.6379999923706055,0.03764136880636215,BlockedShot,RightFoot,OpenPlay,a,2025
643815,29580,5803,Fode Toure,50,0.8080000305175781,0.6140000152587891,0.031860314309597015,BlockedShot,LeftFoot,OpenPlay,a,2025
643817,29580,5727,Gauthier Hein,66,0.885,0.5,0.7600951194763184,Goal,LeftFoot,Penalty,a,2025
643818,29580,8686,Cheick Tidiane Sabaly,70,0.9109999847412109,0.634000015258789,0.36196330189704895,MissedShots,LeftFoot,OpenPlay,a,2025
643821,29580,11798,Koffi Kouao,85,0.035,0.36200000762939455,0,OwnGoal,RightFoot,FromCorner,a,2025
644046,29579,6401,Amine Gouiri,3,0.9359999847412109,0.44599998474121094,0.14280101656913757,BlockedShot,RightFoot,OpenPlay,h,2025
644047,29579,7490,Mason Greenwood,3,0.8569999694824219,0.26299999237060545,0.0377848781645298,BlockedShot,LeftFoot,FromCorner,h,2025
644048,29579,6935,Naif Aguerd,4,0.945,0.5220000076293946,0.45450007915496826,Goal,Head,FromCorner,h,2025
644052,29579,6401,Amine Gouiri,24,0.8440000152587891,0.669000015258789,0.0768008604645729,ShotOnPost,RightFoot,OpenPlay,h,2025
644053,29579,1245,Emerson,26,0.879000015258789,0.5029999923706054,0.09942769259214401,MissedShots,LeftFoot,OpenPlay,h,2025
644055,29579,6601,Timothy Weah,42,0.9230000305175782,0.28899999618530275,0.05402659624814987,BlockedShot,RightFoot,OpenPlay,h,2025
644056,29579,14010,Igor Paixão,47,0.7319999694824219,0.605999984741211,0.010923100635409355,MissedShots,RightFoot,SetPiece,h,2025
644065,29579,343,Pierre-Emile Højbjerg,92,0.9280000305175782,0.52,0.4397236108779907,MissedShots,Head,OpenPlay,h,2025
644066,29579,318,Pierre-Emerick Aubameyang,93,0.870999984741211,0.345,0.4614555835723877,SavedShot,RightFoot,OpenPlay,h,2025
644049,29579,5197,Achraf Hakimi,12,0.765,0.65,0.061744771897792816,MissedShots,RightFoot,DirectFreekick,a,2025
644050,29579,8777,Vitinha,16,0.79,0.28600000381469726,0.020371971651911736,SavedShot,RightFoot,OpenPlay,a,2025
644051,29579,2447,Fabián,21,0.8930000305175781,0.7530000305175781,0.2460191398859024,SavedShot,LeftFoot,OpenPlay,a,2025
644054,29579,7453,Khvicha Kvaratskhelia,30,0.865999984741211,0.73,0.02704632095992565,MissedShots,RightFoot,OpenPlay,a,2025
644057,29579,7453,Khvicha Kvaratskhelia,58,0.9280000305175782,0.565,0.09964492172002792,BlockedShot,RightFoot,OpenPlay,a,2025
644058,29579,5197,Achraf Hakimi,58,0.8219999694824218,0.4229999923706055,0.04719042405486107,SavedShot,RightFoot,OpenPlay,a,2025
644059,29579,11767,Gonçalo Ramos,64,0.919000015258789,0.5120000076293946,0.3240262269973755,MissedShots,Head,FromCorner,a,2025
644060,29579,8777,Vitinha,71,0.7030000305175781,0.5929999923706055,0.01445542462170124,SavedShot,RightFoot,OpenPlay,a,2025
644061,29579,7313,Lee Kang-In,71,0.7090000152587891,0.40400001525878904,0.01637578196823597,MissedShots,LeftFoot,OpenPlay,a,2025
644062,29579,7453,Khvicha Kvaratskhelia,79,0.720999984741211,0.7019999694824218,0.035541679710149765,MissedShots,RightFoot,DirectFreekick,a,2025
644063,29579,8777,Vitinha,85,0.629000015258789,0.7230000305175781,0.009434767998754978,MissedShots,RightFoot,OpenPlay,a,2025
644064,29579,8777,Vitinha,86,0.7609999847412109,0.7090000152587891,0.01771317422389984,SavedShot,RightFoot,OpenPlay,a,2025
644398,29590,11817,Emanuel Emegha,5,0.91,0.40599998474121096,0.054221998900175095,MissedShots,RightFoot,FromCorner,h,2025
644402,29590,13818,Kendry Páez,15,0.74,0.38299999237060545,0.013995200395584106,MissedShots,LeftFoot,OpenPlay,h,2025
644403,29590,12498,Valentín Barco,19,0.93,0.32299999237060545,0.28912386298179626,MissedShots,RightFoot,OpenPlay,h,2025
644407,29590,10485,Guemissongui Ouattara,48,0.8669999694824219,0.53,0.3573741316795349,Goal,RightFoot,OpenPlay,h,2025
644410,29590,11978,Diego Moreira,61,0.730999984741211,0.405,0.014536527916789055,BlockedShot,LeftFoot,FromCorner,h,2025
644413,29590,12413,Joaquín Panichelli,71,0.865,0.435,0.08770547062158585,BlockedShot,LeftFoot,OpenPlay,h,2025
644414,29590,12413,Joaquín Panichelli,72,0.904000015258789,0.5320000076293945,0.056596532464027405,MissedShots,Head,OpenPlay,h,2025
644418,29590,12413,Joaquín Panichelli,88,0.8769999694824219,0.465,0.07998653501272202,MissedShots,LeftFoot,FromCorner,h,2025
644421,29590,12413,Joaquín Panichelli,92,0.970999984741211,0.6029999923706054,0.14405857026576996,MissedShots,Head,OpenPlay,h,2025
644397,29590,343,Pierre-Emile Højbjerg,0,0.749000015258789,0.6980000305175781,0.014706953428685665,MissedShots,RightFoot,OpenPlay,a,2025
644399,29590,6601,Timothy Weah,7,0.7909999847412109,0.7,0.018936287611722946,SavedShot,RightFoot,OpenPlay,a,2025
644400,29590,6401,Amine Gouiri,7,0.92,0.45799999237060546,0.4681665599346161,SavedShot,RightFoot,OpenPlay,a,2025
644401,29590,7486,Leonardo Balerdi,12,0.6409999847412109,0.27,0.008639435283839703,MissedShots,RightFoot,OpenPlay,a,2025
644404,29590,6401,Amine Gouiri,29,0.6909999847412109,0.34,0.031262241303920746,SavedShot,RightFoot,DirectFreekick,a,2025
644405,29590,7486,Leonardo Balerdi,30,0.9319999694824219,0.5070000076293946,0.06384909898042679,MissedShots,Head,FromCorner,a,2025
644406,29590,14010,Igor Paixão,40,0.8490000152587891,0.27899999618530275,0.033225543797016144,SavedShot,RightFoot,OpenPlay,a,2025
644408,29590,6401,Amine Gouiri,53,0.8980000305175782,0.495,0.3269343972206116,MissedShots,RightFoot,OpenPlay,a,2025
644409,29590,14010,Igor Paixão,54,0.730999984741211,0.645,0.013479324989020824,MissedShots,RightFoot,OpenPlay,a,2025
644411,29590,7486,Leonardo Balerdi,63,0.7909999847412109,0.4570000076293945,0.03531382977962494,BlockedShot,RightFoot,FromCorner,a,2025
644412,29590,343,Pierre-Emile Højbjerg,64,0.919000015258789,0.615,0.02744954265654087,BlockedShot,Head,FromCorner,a,2025
644415,29590,318,Pierre-Emerick Aubameyang,77,0.88,0.6170000076293946,0.06877709180116653,SavedShot,RightFoot,OpenPlay,a,2025
644416,29590,318,Pierre-Emerick Aubameyang,77,0.919000015258789,0.5570000076293945,0.45112693309783936,Goal,RightFoot,OpenPlay,a,2025
644417,29590,7490,Mason Greenwood,87,0.8540000152587891,0.315,0.04050379991531372,SavedShot,LeftFoot,OpenPlay,a,2025
644419,29590,13330,Robinio Vaz,90,0.9259999847412109,0.47400001525878904,0.3865790069103241,SavedShot,Head,OpenPlay,a,2025
644420,29590,12111,Amir Murillo,90,0.8669999694824219,0.4759999847412109,0.08724542707204819,Goal,LeftFoot,OpenPlay,a,2025
644808,29585,9929,Théo Le Bris,2,0.775,0.345,0.017390603199601173,MissedShots,RightFoot,FromCorner,h,2025
644809,29585,9929,Théo Le Bris,18,0.9459999847412109,0.34900001525878904,0.07161681354045868,SavedShot,RightFoot,OpenPlay,h,2025
644810,29585,4882,Laurent Abergel,22,0.745,0.4979999923706055,0.013902668841183186,BlockedShot,RightFoot,SetPiece,h,2025
644811,29585,12383,Mohamed Bamba,22,0.7580000305175781,0.505,0.026484712958335876,MissedShots,RightFoot,OpenPlay,h,2025
644814,29585,12383,Mohamed Bamba,39,0.9459999847412109,0.5509999847412109,0.557449460029602,Goal,RightFoot,SetPiece,h,2025
644815,29585,12383,Mohamed Bamba,41,0.815,0.5320000076293945,0.04734743759036064,SavedShot,LeftFoot,OpenPlay,h,2025
644816,29585,9929,Théo Le Bris,42,0.8640000152587891,0.34,0.06924676150083542,BlockedShot,RightFoot,OpenPlay,h,2025
644817,29585,12049,Aiyegun Tosin,42,0.9009999847412109,0.524000015258789,0.14572565257549286,SavedShot,RightFoot,OpenPlay,h,2025
644818,29585,12383,Mohamed Bamba,56,0.7290000152587891,0.509000015258789,0.04807989299297333,SavedShot,RightFoot,OpenPlay,h,2025
644819,29585,12049,Aiyegun Tosin,57,0.894000015258789,0.34700000762939454,0.0829707682132721,ShotOnPost,RightFoot,OpenPlay,h,2025
644820,29585,9699,Bamo Meïté,63,0.794000015258789,0.2560000038146973,0.01392554771155119,MissedShots,RightFoot,OpenPlay,h,2025
644821,29585,13795,Dermane Karim,65,0.9209999847412109,0.5720000076293945,0.12726587057113647,MissedShots,LeftFoot,OpenPlay,h,2025
644822,29585,10074,Sambou Soumano,65,0.9380000305175781,0.5020000076293946,0.15967729687690735,BlockedShot,LeftFoot,OpenPlay,h,2025
644823,29585,10347,Pablo Pagis,75,0.92,0.534000015258789,0.1999811977148056,Goal,LeftFoot,OpenPlay,h,2025
644824,29585,10074,Sambou Soumano,79,0.9009999847412109,0.4829999923706055,0.14006012678146362,BlockedShot,RightFoot,OpenPlay,h,2025
644825,29585,10074,Sambou Soumano,79,0.9109999847412109,0.505,0.14199073612689972,BlockedShot,RightFoot,OpenPlay,h,2025
644826,29585,10347,Pablo Pagis,79,0.9,0.5220000076293946,0.13211943209171295,SavedShot,RightFoot,OpenPlay,h,2025
644827,29585,3536,Jean-Victor Makengo,79,0.9290000152587891,0.4570000076293945,0.1399848312139511,BlockedShot,LeftFoot,OpenPlay,h,2025
644828,29585,10347,Pablo Pagis,81,0.8180000305175781,0.34400001525878904,0.043355416506528854,Goal,RightFoot,OpenPlay,h,2025
644812,29585,8239,Takumi Minamino,28,0.764000015258789,0.28299999237060547,0.014620326459407806,MissedShots,LeftFoot,OpenPlay,a,2025
644813,29585,8239,Takumi Minamino,36,0.730999984741211,0.4209999847412109,0.01724288798868656,MissedShots,RightFoot,OpenPlay,a,2025
644829,29585,14098,Pape Cabral,87,0.7319999694824219,0.575999984741211,0.011923238635063171,SavedShot,RightFoot,OpenPlay,a,2025
644830,29585,9690,Folarin Balogun,88,0.8669999694824219,0.36400001525878906,0.09015319496393204,MissedShots,LeftFoot,OpenPlay,a,2025
644831,29585,7967,Anssumane Fati,97,0.885,0.5,0.7600951194763184,Goal,RightFoot,Penalty,a,2025
645009,29591,10193,Frank Magri,11,0.8590000152587891,0.32099998474121094,0.04633302614092827,SavedShot,RightFoot,OpenPlay,h,2025
645010,29591,12045,Aron Dønnum,14,0.8130000305175781,0.4540000152587891,0.05351996049284935,BlockedShot,LeftFoot,OpenPlay,h,2025
645012,29591,14049,Abu Francis,18,0.7390000152587891,0.40400001525878904,0.014646881259977818,BlockedShot,RightFoot,OpenPlay,h,2025
645013,29591,11291,Warren Kamanzi,18,0.9030000305175782,0.6880000305175781,0.06551679223775864,SavedShot,RightFoot,OpenPlay,h,2025
645014,29591,12045,Aron Dønnum,23,0.879000015258789,0.3120000076293945,0.05482489988207817,SavedShot,LeftFoot,OpenPlay,h,2025
645015,29591,9220,Charlie Cresswell,29,0.914000015258789,0.5370000076293945,0.06762262433767319,SavedShot,Head,OpenPlay,h,2025
645016,29591,10788,Rasmus Nicolaisen,29,0.909000015258789,0.549000015258789,0.03795880824327469,SavedShot,Head,OpenPlay,h,2025
645017,29591,10788,Rasmus Nicolaisen,29,0.85,0.6190000152587891,0.07509192824363708,MissedShots,LeftFoot,OpenPlay,h,2025
645018,29591,14082,Emersonn,31,0.8909999847412109,0.44400001525878907,0.08971813321113586,MissedShots,RightFoot,OpenPlay,h,2025
645020,29591,3357,Djibril Sidibe,38,0.91,0.31,0.08229116350412369,MissedShots,RightFoot,OpenPlay,h,2025
645024,29591,6874,Yann Gboho,46,0.8590000152587891,0.40099998474121096,0.24768196046352386,Goal,RightFoot,OpenPlay,h,2025
645025,29591,14049,Abu Francis,54,0.7230000305175781,0.500999984741211,0.010348484851419926,MissedShots,RightFoot,OpenPlay,h,2025
645026,29591,14049,Abu Francis,59,0.73,0.6190000152587891,0.01392428670078516,BlockedShot,LeftFoot,OpenPlay,h,2025
645028,29591,12045,Aron Dønnum,63,0.874000015258789,0.4329999923706055,0.0914398804306984,MissedShots,LeftFoot,OpenPlay,h,2025
645029,29591,11291,Warren Kamanzi,65,0.915,0.5209999847412109,0.08566414564847946,BlockedShot,RightFoot,OpenPlay,h,2025
645030,29591,12045,Aron Dønnum,67,0.885,0.5,0.7600951194763184,Goal,LeftFoot,Penalty,h,2025
645033,29591,10193,Frank Magri,75,0.9009999847412109,0.529000015258789,0.09746254980564117,MissedShots,Head,SetPiece,h,2025
645034,29591,10193,Frank Magri,77,0.909000015258789,0.5020000076293946,0.05352422222495079,MissedShots,Head,OpenPlay,h,2025
645036,29591,13755,Mário Sauer,94,0.73,0.6430000305175781,0.011424633674323559,BlockedShot,RightFoot,OpenPlay,h,2025
645037,29591,10788,Rasmus Nicolaisen,95,0.9180000305175782,0.58,0.029202794656157494,MissedShots,Head,SetPiece,h,2025
645006,29591,13828,Amady Camara,2,0.86,0.25299999237060544,0.05134155973792076,BlockedShot,RightFoot,OpenPlay,a,2025
645007,29591,13825,Tylel Tati,5,0.6859999847412109,0.5359999847412109,0.012732615694403648,BlockedShot,LeftFoot,OpenPlay,a,2025
645008,29591,14033,Mayckel Lahdo,6,0.8330000305175781,0.735,0.02630285732448101,MissedShots,RightFoot,OpenPlay,a,2025
645011,29591,12387,Dehmaine Assoumani,15,0.7040000152587891,0.5170000076293946,0.011664017103612423,MissedShots,RightFoot,OpenPlay,a,2025
645019,29591,12387,Dehmaine Assoumani,37,0.7969999694824219,0.649000015258789,0.02124396711587906,MissedShots,LeftFoot,FromCorner,a,2025
645021,29591,9490,Matthis Abline,44,0.875,0.27600000381469725,0.034232039004564285,BlockedShot,RightFoot,OpenPlay,a,2025
645022,29591,13828,Amady Camara,48,0.9459999847412109,0.5020000076293946,0.5272788405418396,BlockedShot,LeftFoot,OpenPlay,a,2025
645023,29591,14033,Mayckel Lahdo,48,0.9619999694824218,0.43900001525878907,0.5949554443359375,Goal,RightFoot,OpenPlay,a,2025
645027,29591,12846,Louis Leroux,60,0.9380000305175781,0.47,0.3948456645011902,Goal,Head,FromCorner,a,2025
645031,29591,13827,Yassine Benhattab,69,0.764000015258789,0.395,0.03363297879695892,BlockedShot,LeftFoot,OpenPlay,a,2025
645032,29591,13016,Hong Hyun-Seok,73,0.7780000305175782,0.34200000762939453,0.06838730722665787,BlockedShot,LeftFoot,DirectFreekick,a,2025
645035,29591,12844,Bahereba Guirassy,91,0.9230000305175782,0.5379999923706055,0.36739397048950195,MissedShots,RightFoot,OpenPlay,a,2025
645113,29588,7453,Khvicha Kvaratskhelia,3,0.9059999847412109,0.69,0.05592913180589676,MissedShots,LeftFoot,OpenPlay,h,2025
645114,29588,10786,Warren Zaïre-Emery,4,0.835999984741211,0.36,0.04781457409262657,SavedShot,RightFoot,OpenPlay,h,2025
645115,29588,11767,Gonçalo Ramos,5,0.9680000305175781,0.28899999618530275,0.05308353528380394,SavedShot,RightFoot,OpenPlay,h,2025
645116,29588,12346,Beraldo,20,0.9009999847412109,0.46900001525878904,0.03845585137605667,MissedShots,Head,SetPiece,h,2025
645117,29588,7313,Lee Kang-In,31,0.7290000152587891,0.3970000076293945,0.020498959347605705,SavedShot,LeftFoot,OpenPlay,h,2025
645118,29588,7453,Khvicha Kvaratskhelia,31,0.9169999694824219,0.3240000152587891,0.0575832761824131,SavedShot,RightFoot,OpenPlay,h,2025
645119,29588,11486,Illia Zabarnyi,31,0.9640000152587891,0.575,0.3527454733848572,Goal,LeftFoot,FromCorner,h,2025
645121,29588,5197,Achraf Hakimi,41,0.740999984741211,0.3609999847412109,0.021689744666218758,BlockedShot,RightFoot,OpenPlay,h,2025
645124,29588,10016,Bradley Barcola,46,0.8430000305175781,0.43900001525878907,0.5050312876701355,SavedShot,RightFoot,OpenPlay,h,2025
645125,29588,11767,Gonçalo Ramos,53,0.8030000305175782,0.534000015258789,0.06392984092235565,BlockedShot,RightFoot,OpenPlay,h,2025
645126,29588,12346,Beraldo,53,0.924000015258789,0.5359999847412109,0.2980594336986542,Goal,Head,FromCorner,h,2025
645132,29588,13626,Quentin Ndjantou,73,0.715999984741211,0.485,0.029523903504014015,MissedShots,RightFoot,OpenPlay,h,2025
645133,29588,12733,Ibrahim Mbaye,78,0.8719999694824219,0.355,0.04081233590841293,BlockedShot,RightFoot,FromCorner,h,2025
645134,29588,10016,Bradley Barcola,79,0.96,0.5320000076293945,0.39510005712509155,MissedShots,Head,FromCorner,h,2025
645136,29588,13626,Quentin Ndjantou,87,0.914000015258789,0.610999984741211,0.136464461684227,SavedShot,LeftFoot,OpenPlay,h,2025
645120,29588,11789,Josué Casimir,37,0.9419999694824219,0.26399999618530273,0.03481275588274002,MissedShots,RightFoot,OpenPlay,a,2025
645122,29588,9092,Marvin Senaya,44,0.8219999694824218,0.365,0.03867689147591591,BlockedShot,LeftFoot,OpenPlay,a,2025
645123,29588,7081,Francisco Sierralta,47,0.8980000305175782,0.49700000762939456,0.031645517796278,BlockedShot,Head,FromCorner,a,2025
645127,29588,10818,Kévin Danois,57,0.735,0.49700000762939456,0.01611090824007988,ShotOnPost,RightFoot,OpenPlay,a,2025
645128,29588,10815,Lassine Sinayoko,57,0.8919999694824219,0.34400001525878904,0.043719690293073654,MissedShots,LeftFoot,OpenPlay,a,2025
645129,29588,13888,Danny Namaso,66,0.7559999847412109,0.5229999923706055,0.03399353846907616,SavedShot,RightFoot,OpenPlay,a,2025
645130,29588,8970,Sékou Mara,66,0.8880000305175781,0.47299999237060547,0.01630203239619732,BlockedShot,Head,FromCorner,a,2025
645131,29588,10815,Lassine Sinayoko,70,0.894000015258789,0.37599998474121094,0.1001645177602768,BlockedShot,RightFoot,OpenPlay,a,2025
645135,29588,8970,Sékou Mara,80,0.749000015258789,0.514000015258789,0.019014796242117882,BlockedShot,RightFoot,OpenPlay,a,2025
645137,29588,1326,Assane Diousse,90,0.8769999694824219,0.5829999923706055,0.06964746117591858,BlockedShot,LeftFoot,SetPiece,a,2025
645138,29588,13792,Ibrahim Osman,90,0.7809999847412109,0.4859999847412109,0.04030459374189377,MissedShots,RightFoot,OpenPlay,a,2025
645139,29588,8970,Sékou Mara,92,0.894000015258789,0.4909999847412109,0.28763145208358765,SavedShot,RightFoot,OpenPlay,a,2025
645258,29587,8997,Terem Igobor Moffi,2,0.914000015258789,0.5729999923706055,0.0590883307158947,SavedShot,Head,FromCorner,h,2025
645259,29587,14031,Charles Vanhoutte,14,0.7969999694824219,0.4929999923706055,0.05926048755645752,BlockedShot,RightFoot,OpenPlay,h,2025
645263,29587,6846,Sofiane Diop,39,0.9159999847412109,0.39299999237060546,0.3852958083152771,Goal,RightFoot,OpenPlay,h,2025
645265,29587,8697,Jonathan Clauss,44,0.9030000305175782,0.42700000762939455,0.32108527421951294,SavedShot,RightFoot,OpenPlay,h,2025
645266,29587,6846,Sofiane Diop,45,0.855999984741211,0.645,0.040943555533885956,BlockedShot,RightFoot,FromCorner,h,2025
645268,29587,13750,Kojo Peprah Oppong,53,0.710999984741211,0.610999984741211,0.014821563847362995,BlockedShot,RightFoot,OpenPlay,h,2025
645273,29587,6846,Sofiane Diop,57,0.894000015258789,0.5690000152587891,0.017661314457654953,MissedShots,Head,FromCorner,h,2025
645275,29587,8190,Melvin Bard,59,0.84,0.7669999694824219,0.029808284714818,BlockedShot,LeftFoot,OpenPlay,h,2025
645277,29587,8050,Hichem Boudaoui,71,0.9130000305175782,0.500999984741211,0.37476521730422974,MissedShots,RightFoot,OpenPlay,h,2025
645280,29587,9514,Antoine Mendy,90,0.7230000305175781,0.425,0.0190610159188509,SavedShot,LeftFoot,OpenPlay,h,2025
645281,29587,13751,Isak Jansson,93,0.8859999847412109,0.43900001525878907,0.04818281903862953,SavedShot,Head,OpenPlay,h,2025
645260,29587,6332,Willem Geubbels,32,0.8680000305175781,0.36,0.11924540251493454,BlockedShot,RightFoot,OpenPlay,a,2025
645261,29587,7169,Moses Simon,33,0.7780000305175782,0.5279999923706055,0.03130887821316719,SavedShot,RightFoot,OpenPlay,a,2025
645262,29587,13805,Adama Camara,37,0.7669999694824219,0.51,0.02891119010746479,BlockedShot,RightFoot,OpenPlay,a,2025
645264,29587,5619,Pierre Lees-Melou,43,0.7780000305175782,0.46599998474121096,0.029301118105649948,BlockedShot,LeftFoot,OpenPlay,a,2025
645267,29587,6332,Willem Geubbels,52,0.925,0.4259999847412109,0.1172257587313652,MissedShots,LeftFoot,OpenPlay,a,2025
645269,29587,6332,Willem Geubbels,54,0.8219999694824218,0.5559999847412109,0.09323657304048538,SavedShot,RightFoot,OpenPlay,a,2025
645270,29587,6332,Willem Geubbels,54,0.8809999847412109,0.4420000076293945,0.13296103477478027,BlockedShot,RightFoot,OpenPlay,a,2025
645271,29587,6332,Willem Geubbels,55,0.9540000152587891,0.41700000762939454,0.05206421762704849,MissedShots,Head,FromCorner,a,2025
645272,29587,9563,Mamadou Mbow,55,0.9180000305175782,0.49,0.04568037763237953,MissedShots,Head,FromCorner,a,2025
645274,29587,7169,Moses Simon,59,0.9630000305175781,0.5929999923706055,0.036149997264146805,BlockedShot,Head,OpenPlay,a,2025
645276,29587,5619,Pierre Lees-Melou,65,0.5279999923706055,0.45099998474121095,0.010017292574048042,BlockedShot,RightFoot,OpenPlay,a,2025
645278,29587,8690,Jean-Phillipe Krasso,86,0.8680000305175781,0.455,0.05301815643906593,BlockedShot,OtherBodyPart,OpenPlay,a,2025
645279,29587,8690,Jean-Phillipe Krasso,87,0.885,0.5,0.7600951194763184,Goal,LeftFoot,Penalty,a,2025
645409,29583,10923,Himad Abdelli,6,0.8419999694824218,0.605,0.07354024797677994,BlockedShot,RightFoot,OpenPlay,h,2025
645410,29583,12847,Sidiki Chérif,7,0.92,0.47900001525878905,0.10305426269769669,MissedShots,Head,FromCorner,h,2025
645415,29583,5756,Carlens Arcus,36,0.7609999847412109,0.35200000762939454,0.018285827711224556,SavedShot,LeftFoot,OpenPlay,h,2025
645416,29583,11494,Justin-Noel Kalumba,38,0.8109999847412109,0.35400001525878905,0.016442036256194115,BlockedShot,LeftFoot,FromCorner,h,2025
645418,29583,12847,Sidiki Chérif,47,0.8690000152587891,0.46700000762939453,0.08073249459266663,MissedShots,RightFoot,OpenPlay,h,2025
645419,29583,13604,Prosper Peter,53,0.9230000305175782,0.6680000305175782,0.01010758988559246,SavedShot,Head,OpenPlay,h,2025
645420,29583,12847,Sidiki Chérif,55,0.9540000152587891,0.33299999237060546,0.048236630856990814,BlockedShot,RightFoot,OpenPlay,h,2025
645422,29583,6895,Jordan Lefort,65,0.8159999847412109,0.6480000305175782,0.025876624509692192,MissedShots,LeftFoot,FromCorner,h,2025
645424,29583,13612,Lanroy Machine,78,0.89,0.46,0.06603200733661652,MissedShots,Head,OpenPlay,h,2025
645425,29583,7732,Haris Belkebla,80,0.8240000152587891,0.37400001525878906,0.01719498261809349,BlockedShot,RightFoot,OpenPlay,h,2025
645426,29583,13612,Lanroy Machine,84,0.885,0.539000015258789,0.042323943227529526,MissedShots,OtherBodyPart,OpenPlay,h,2025
645411,29583,6905,Ludovic Ajorque,17,0.8680000305175781,0.47200000762939454,0.03538826107978821,MissedShots,Head,OpenPlay,a,2025
645412,29583,11065,Remy Labeau Lascary,20,0.8340000152587891,0.45799999237060546,0.022760601714253426,MissedShots,RightFoot,SetPiece,a,2025
645413,29583,11065,Remy Labeau Lascary,25,0.8380000305175781,0.5359999847412109,0.3312971591949463,Goal,LeftFoot,OpenPlay,a,2025
645414,29583,3721,Romain Del Castillo,31,0.885,0.5,0.7600951194763184,Goal,LeftFoot,Penalty,a,2025
645417,29583,5742,Hugo Magnetti,41,0.774000015258789,0.4229999923706055,0.02424457110464573,BlockedShot,RightFoot,SetPiece,a,2025
645421,29583,10100,Kamory Doumbia,60,0.9109999847412109,0.555,0.07306861877441406,MissedShots,Head,FromCorner,a,2025
645423,29583,10100,Kamory Doumbia,72,0.8680000305175781,0.47700000762939454,0.09506161510944366,SavedShot,RightFoot,OpenPlay,a,2025
645390,29584,12162,Ayyoub Bouaddi,6,0.899000015258789,0.5659999847412109,0.1246868222951889,BlockedShot,RightFoot,OpenPlay,h,2025
645391,29584,13051,Matias Fernandez-Pardo,10,0.8669999694824219,0.6029999923706054,0.09282004833221436,SavedShot,RightFoot,OpenPlay,h,2025
645394,29584,12800,Ngal&#039;ayel Mukau,17,0.9109999847412109,0.4859999847412109,0.4888996183872223,SavedShot,LeftFoot,OpenPlay,h,2025
645395,29584,11757,Hákon Haraldsson,18,0.8419999694824218,0.5870000076293945,0.06808576732873917,BlockedShot,RightFoot,OpenPlay,h,2025
645396,29584,11756,Tiago Santos,21,0.6809999847412109,0.28899999618530275,0.012373318895697594,BlockedShot,RightFoot,SetPiece,h,2025
645397,29584,11757,Hákon Haraldsson,32,0.76,0.629000015258789,0.06261182576417923,BlockedShot,RightFoot,DirectFreekick,h,2025
645398,29584,11757,Hákon Haraldsson,34,0.8090000152587891,0.500999984741211,0.017852619290351868,BlockedShot,RightFoot,SetPiece,h,2025
645400,29584,13051,Matias Fernandez-Pardo,58,0.875,0.73,0.03683352470397949,BlockedShot,RightFoot,OpenPlay,h,2025
645401,29584,11757,Hákon Haraldsson,65,0.909000015258789,0.59,0.10573782026767731,MissedShots,RightFoot,OpenPlay,h,2025
645402,29584,9444,Felix Correia,68,0.9019999694824219,0.47200000762939454,0.4652937948703766,MissedShots,RightFoot,OpenPlay,h,2025
645404,29584,12801,Osame Sahraoui,89,0.9490000152587891,0.3220000076293945,0.08592744916677475,SavedShot,RightFoot,OpenPlay,h,2025
645406,29584,13976,Hamza Igamane,93,0.9,0.500999984741211,0.035825494676828384,MissedShots,Head,OpenPlay,h,2025
645407,29584,13782,Nathan Ngoy,95,0.7809999847412109,0.43,0.03292180225253105,BlockedShot,LeftFoot,OpenPlay,h,2025
645408,29584,914,Nabil Bentaleb,95,0.75,0.49700000762939456,0.022842219099402428,MissedShots,LeftFoot,OpenPlay,h,2025
645392,29584,10091,Tyler Morton,12,0.924000015258789,0.4779999923706055,0.37233906984329224,Goal,Head,OpenPlay,a,2025
645393,29584,12336,Malick Fofana,15,0.895,0.624000015258789,0.08935372531414032,SavedShot,LeftFoot,OpenPlay,a,2025
645399,29584,12336,Malick Fofana,51,0.755,0.6969999694824218,0.02128557674586773,BlockedShot,RightFoot,OpenPlay,a,2025
645403,29584,12336,Malick Fofana,68,0.9,0.7269999694824218,0.05232982710003853,BlockedShot,LeftFoot,OpenPlay,a,2025
645405,29584,13735,Pavel Sulc,89,0.855,0.6719999694824219,0.10726331174373627,MissedShots,LeftFoot,OpenPlay,a,2025
645374,29586,8119,Boubacar Traore,28,0.9730000305175781,0.5670000076293945,0.13197918236255646,MissedShots,Head,SetPiece,h,2025
645381,29586,8119,Boubacar Traore,62,0.7469999694824219,0.6959999847412109,0.01525868009775877,MissedShots,RightFoot,OpenPlay,h,2025
645383,29586,5769,Habib Diallo,66,0.905,0.5,0.05074656009674072,MissedShots,Head,OpenPlay,h,2025
645384,29586,13809,Giorgi Tsitaishvili,73,0.8719999694824219,0.33099998474121095,0.03565703332424164,MissedShots,LeftFoot,FromCorner,h,2025
645387,29586,8119,Boubacar Traore,88,0.895,0.33599998474121096,0.012678699567914009,MissedShots,Head,SetPiece,h,2025
645388,29586,5769,Habib Diallo,88,0.9459999847412109,0.47,0.13023032248020172,BlockedShot,Head,FromCorner,h,2025
645389,29586,13813,Giorgi Abuashvili,93,0.9,0.705999984741211,0.02283964492380619,BlockedShot,LeftFoot,SetPiece,h,2025
645372,29586,11787,Loïc Négo,20,0.72,0.5309999847412109,0.014253179542720318,MissedShots,RightFoot,FromCorner,a,2025
645373,29586,11792,Issa Soumaré,24,0.7780000305175782,0.67,0.01858656480908394,BlockedShot,RightFoot,OpenPlay,a,2025
645375,29586,3674,Abdoulaye Touré,47,0.8109999847412109,0.4829999923706055,0.05148729309439659,BlockedShot,RightFoot,OpenPlay,a,2025
645376,29586,3701,Gautier Lloris,48,0.9459999847412109,0.4829999923706055,0.07883531600236893,MissedShots,Head,FromCorner,a,2025
645377,29586,12446,Simon Ebonog,46,0.8390000152587891,0.6129999923706054,0.04724185913801193,BlockedShot,RightFoot,SetPiece,a,2025
645378,29586,11787,Loïc Négo,47,0.775,0.4779999923706055,0.022552024573087692,BlockedShot,RightFoot,FromCorner,a,2025
645379,29586,9250,Reda Khadra,50,0.7140000152587891,0.5070000076293946,0.045583728700876236,BlockedShot,RightFoot,DirectFreekick,a,2025
645380,29586,9250,Reda Khadra,55,0.784000015258789,0.27899999618530275,0.03650601580739021,SavedShot,RightFoot,OpenPlay,a,2025
645382,29586,9250,Reda Khadra,64,0.7380000305175781,0.6790000152587891,0.04362019523978233,SavedShot,RightFoot,DirectFreekick,a,2025
645385,29586,12732,Yanis Zouaoui,74,0.730999984741211,0.35,0.01966128684580326,BlockedShot,LeftFoot,OpenPlay,a,2025
645386,29586,7765,Thomas Delaine,81,0.745999984741211,0.5579999923706055,0.017593296244740486,MissedShots,RightFoot,OpenPlay,a,2025
645593,29589,12850,Esteban Lepaul,22,0.9369999694824219,0.49,0.4715704023838043,MissedShots,Head,OpenPlay,h,2025
645596,29589,1144,Seko Fofana,27,0.705,0.4829999923706055,0.0179588682949543,MissedShots,RightFoot,OpenPlay,h,2025
645597,29589,11782,Mousa Al Tamari,37,0.950999984741211,0.3340000152587891,0.07637859135866165,MissedShots,RightFoot,OpenPlay,h,2025
645599,29589,6452,Mahdi Camara,44,0.7759999847412109,0.355,0.023965392261743546,BlockedShot,RightFoot,OpenPlay,h,2025
645600,29589,11782,Mousa Al Tamari,48,0.8019999694824219,0.31,0.025432270020246506,MissedShots,LeftFoot,OpenPlay,h,2025
645604,29589,10789,Anthony Rouault,59,0.905,0.45299999237060545,0.4584665894508362,BlockedShot,RightFoot,OpenPlay,h,2025
645605,29589,1144,Seko Fofana,59,0.889000015258789,0.6819999694824219,0.020663270726799965,MissedShots,RightFoot,FromCorner,h,2025
645608,29589,13906,Nordan Mukiele,67,0.784000015258789,0.6809999847412109,0.024690700694918633,BlockedShot,RightFoot,OpenPlay,h,2025
645610,29589,11782,Mousa Al Tamari,69,0.894000015258789,0.40599998474121096,0.09168802201747894,SavedShot,LeftFoot,OpenPlay,h,2025
645612,29589,12850,Esteban Lepaul,70,0.9530000305175781,0.32099998474121094,0.024684559553861618,ShotOnPost,RightFoot,OpenPlay,h,2025
645613,29589,13906,Nordan Mukiele,71,0.850999984741211,0.6509999847412109,0.06363857537508011,BlockedShot,RightFoot,OpenPlay,h,2025
645614,29589,13210,Mohamed Meïté,72,0.905,0.5979999923706054,0.11423284560441971,BlockedShot,RightFoot,OpenPlay,h,2025
645615,29589,12850,Esteban Lepaul,83,0.9180000305175782,0.5740000152587891,0.06716131418943405,SavedShot,RightFoot,FromCorner,h,2025
645616,29589,11782,Mousa Al Tamari,89,0.88,0.385,0.09385021030902863,BlockedShot,LeftFoot,OpenPlay,h,2025
645590,29589,3799,Wesley Said,5,0.855,0.705,0.06298700720071793,BlockedShot,LeftFoot,OpenPlay,a,2025
645591,29589,3549,Adrien Thomasson,6,0.924000015258789,0.40299999237060546,0.09244563430547714,MissedShots,RightFoot,OpenPlay,a,2025
645592,29589,3549,Adrien Thomasson,19,0.8530000305175781,0.4279999923706055,0.09252841770648956,BlockedShot,RightFoot,OpenPlay,a,2025
645594,29589,13917,Mamadou Sangaré,25,0.4570000076293945,0.4929999923706055,0.017271120101213455,MissedShots,LeftFoot,DirectFreekick,a,2025
645595,29589,5745,Matthieu Udol,26,0.9059999847412109,0.545,0.14198067784309387,SavedShot,Head,FromCorner,a,2025
645598,29589,6006,Ruben Aguilar,42,0.909000015258789,0.2720000076293945,0.0668247640132904,MissedShots,RightFoot,OpenPlay,a,2025
645601,29589,5745,Matthieu Udol,55,0.9130000305175782,0.45099998474121095,0.027110429480671883,MissedShots,Head,FromCorner,a,2025
645602,29589,942,Florian Thauvin,56,0.8290000152587891,0.34099998474121096,0.04469701275229454,BlockedShot,LeftFoot,OpenPlay,a,2025
645603,29589,3549,Adrien Thomasson,57,0.9169999694824219,0.6090000152587891,0.04726042598485947,ShotOnPost,Head,OpenPlay,a,2025
645606,29589,11762,Morgan Guilavogui,64,0.9180000305175782,0.465,0.35331663489341736,MissedShots,Head,SetPiece,a,2025
645607,29589,11762,Morgan Guilavogui,66,0.915,0.5590000152587891,0.30725619196891785,MissedShots,Head,OpenPlay,a,2025
645609,29589,13506,Rayan Fofana,68,0.9269999694824219,0.34400001525878904,0.15443913638591766,MissedShots,RightFoot,OpenPlay,a,2025
645611,29589,3549,Adrien Thomasson,69,0.874000015258789,0.465,0.11120153963565826,SavedShot,RightFoot,OpenPlay,a,2025
645796,29599,9656,Ilan Kebbal,8,0.7330000305175781,0.5820000076293945,0.021875115111470222,MissedShots,LeftFoot,OpenPlay,h,2025
645797,29599,7169,Moses Simon,10,0.8669999694824219,0.69,0.04885184392333031,BlockedShot,RightFoot,OpenPlay,h,2025
645798,29599,13871,Otávio,14,0.5470000076293945,0.6780000305175782,0.00635862210765481,MissedShots,LeftFoot,OpenPlay,h,2025
645799,29599,9656,Ilan Kebbal,24,0.8859999847412109,0.5629999923706055,0.40182366967201233,Goal,LeftFoot,OpenPlay,h,2025
645800,29599,8690,Jean-Phillipe Krasso,29,0.9730000305175781,0.5729999923706055,0.45061442255973816,Goal,LeftFoot,OpenPlay,h,2025
645803,29599,5619,Pierre Lees-Melou,40,0.7769999694824219,0.38299999237060545,0.03988680616021156,BlockedShot,RightFoot,OpenPlay,h,2025
645805,29599,8690,Jean-Phillipe Krasso,51,0.919000015258789,0.4379999923706055,0.5309710502624512,MissedShots,LeftFoot,OpenPlay,h,2025
645806,29599,8690,Jean-Phillipe Krasso,66,0.9,0.6559999847412109,0.076456718146801,MissedShots,LeftFoot,OpenPlay,h,2025
645808,29599,6332,Willem Geubbels,77,0.9030000305175782,0.3659999847412109,0.15362417697906494,MissedShots,RightFoot,OpenPlay,h,2025
645812,29599,12317,Nhoa Sangui,86,0.9,0.375,0.10640431195497513,MissedShots,LeftFoot,OpenPlay,h,2025
645801,29599,10347,Pablo Pagis,35,0.8119999694824219,0.49900001525878906,0.057434793561697006,SavedShot,RightFoot,OpenPlay,a,2025
645802,29599,4882,Laurent Abergel,35,0.9080000305175782,0.465,0.257543683052063,MissedShots,RightFoot,FromCorner,a,2025
645804,29599,10347,Pablo Pagis,42,0.8959999847412109,0.5379999923706055,0.2804170250892639,MissedShots,RightFoot,OpenPlay,a,2025
645807,29599,9873,Montassar Talbi,76,0.8859999847412109,0.36400001525878906,0.06792213767766953,MissedShots,LeftFoot,SetPiece,a,2025
645809,29599,12049,Aiyegun Tosin,80,0.7759999847412109,0.6580000305175782,0.02076992765069008,MissedShots,RightFoot,OpenPlay,a,2025
645810,29599,12004,Joel Mvuka,82,0.815,0.51,0.08665086328983307,BlockedShot,LeftFoot,OpenPlay,a,2025
645811,29599,9345,Ahmadou Bamba Dieng,83,0.9080000305175782,0.5309999847412109,0.02768002077937126,SavedShot,Head,FromCorner,a,2025
645813,29599,9345,Ahmadou Bamba Dieng,94,0.740999984741211,0.5770000076293945,0.05743367597460747,SavedShot,RightFoot,DirectFreekick,a,2025
646231,29597,5803,Fode Toure,23,0.9340000152587891,0.7419999694824219,0.06643424928188324,MissedShots,LeftFoot,OpenPlay,h,2025
646237,29597,5727,Gauthier Hein,48,0.779000015258789,0.5270000076293946,0.029010554775595665,SavedShot,LeftFoot,OpenPlay,h,2025
646242,29597,5769,Habib Diallo,61,0.815,0.34799999237060547,0.03536345809698105,BlockedShot,LeftFoot,OpenPlay,h,2025
646247,29597,13809,Giorgi Tsitaishvili,85,0.81,0.68,0.022091658785939217,MissedShots,RightFoot,OpenPlay,h,2025
646226,29597,5598,Angel Gomes,2,0.759000015258789,0.35200000762939454,0.012647419236600399,MissedShots,RightFoot,SetPiece,a,2025
646227,29597,7490,Mason Greenwood,4,0.7119999694824218,0.3659999847412109,0.012732149101793766,SavedShot,LeftFoot,OpenPlay,a,2025
646228,29597,5598,Angel Gomes,8,0.87,0.4420000076293945,0.3606170117855072,MissedShots,RightFoot,OpenPlay,a,2025
646229,29597,3363,Benjamin Pavard,10,0.9209999847412109,0.4759999847412109,0.06273064017295837,MissedShots,Head,SetPiece,a,2025
646230,29597,1245,Emerson,21,0.754000015258789,0.615,0.020202744752168655,MissedShots,LeftFoot,OpenPlay,a,2025
646232,29597,14010,Igor Paixão,24,0.7859999847412109,0.754000015258789,0.017206542193889618,BlockedShot,RightFoot,OpenPlay,a,2025
646233,29597,7490,Mason Greenwood,28,0.8119999694824219,0.799000015258789,0.020728088915348053,MissedShots,RightFoot,OpenPlay,a,2025
646234,29597,7490,Mason Greenwood,29,0.8240000152587891,0.39099998474121095,0.0464753732085228,ShotOnPost,LeftFoot,OpenPlay,a,2025
646235,29597,13330,Robinio Vaz,37,0.965,0.4759999847412109,0.6927086114883423,SavedShot,RightFoot,OpenPlay,a,2025
646236,29597,14010,Igor Paixão,47,0.8530000305175781,0.5690000152587891,0.08978120982646942,SavedShot,RightFoot,OpenPlay,a,2025
646238,29597,7490,Mason Greenwood,49,0.8430000305175781,0.35200000762939454,0.055611103773117065,ShotOnPost,RightFoot,OpenPlay,a,2025
646239,29597,14010,Igor Paixão,50,0.855,0.595,0.08776360750198364,Goal,LeftFoot,OpenPlay,a,2025
646240,29597,1245,Emerson,55,0.7819999694824219,0.43599998474121093,0.02326599508523941,MissedShots,LeftFoot,FromCorner,a,2025
646241,29597,13206,Matt O&#039;Riley,60,0.8569999694824219,0.7330000305175781,0.042351655662059784,MissedShots,LeftFoot,OpenPlay,a,2025
646243,29597,6601,Timothy Weah,64,0.919000015258789,0.35400001525878905,0.09496007114648819,MissedShots,RightFoot,OpenPlay,a,2025
646244,29597,13206,Matt O&#039;Riley,68,0.825,0.49700000762939456,0.08648025244474411,Goal,LeftFoot,OpenPlay,a,2025
646245,29597,13206,Matt O&#039;Riley,71,0.7909999847412109,0.5620000076293945,0.08792535960674286,SavedShot,LeftFoot,OpenPlay,a,2025
646246,29597,6401,Amine Gouiri,75,0.9359999847412109,0.5479999923706055,0.6324483156204224,Goal,RightFoot,OpenPlay,a,2025
646248,29597,9673,Bilal Nadir,93,0.9059999847412109,0.639000015258789,0.1098427101969719,SavedShot,LeftFoot,OpenPlay,a,2025
646249,29597,7490,Mason Greenwood,94,0.850999984741211,0.3729999923706055,0.0800696611404419,SavedShot,RightFoot,OpenPlay,a,2025
646250,29597,12111,Amir Murillo,95,0.7280000305175781,0.3270000076293945,0.04064308851957321,BlockedShot,RightFoot,DirectFreekick,a,2025
646387,29593,10100,Kamory Doumbia,12,0.78,0.5,0.021361591294407845,BlockedShot,LeftFoot,OpenPlay,h,2025
646388,29593,6905,Ludovic Ajorque,17,0.9209999847412109,0.4909999847412109,0.38240835070610046,SavedShot,LeftFoot,OpenPlay,h,2025
646389,29593,5742,Hugo Magnetti,18,0.7669999694824219,0.46799999237060547,0.02046613022685051,MissedShots,RightFoot,FromCorner,h,2025
646391,29593,9659,Bradley Locko,34,0.845999984741211,0.655,0.04356777295470238,SavedShot,RightFoot,OpenPlay,h,2025
646393,29593,7562,Eric Junior Dina Ebimbe,37,0.9330000305175781,0.47400001525878904,0.36669036746025085,SavedShot,Head,OpenPlay,h,2025
646394,29593,7739,Joris Chotard,47,0.7830000305175782,0.275,0.015639347955584526,MissedShots,RightFoot,OpenPlay,h,2025
646396,29593,14052,Pathé Mboup,56,0.935,0.5379999923706055,0.144564688205719,SavedShot,Head,OpenPlay,h,2025
646397,29593,5742,Hugo Magnetti,57,0.7569999694824219,0.505,0.018729383125901222,BlockedShot,RightFoot,FromCorner,h,2025
646398,29593,6905,Ludovic Ajorque,57,0.9059999847412109,0.5270000076293946,0.10652178525924683,BlockedShot,LeftFoot,FromCorner,h,2025
646399,29593,5742,Hugo Magnetti,57,0.779000015258789,0.49700000762939456,0.01613634079694748,MissedShots,RightFoot,FromCorner,h,2025
646400,29593,10100,Kamory Doumbia,62,0.8380000305175781,0.5379999923706055,0.06791697442531586,BlockedShot,RightFoot,OpenPlay,h,2025
646401,29593,10100,Kamory Doumbia,62,0.77,0.515,0.02794560417532921,MissedShots,RightFoot,OpenPlay,h,2025
646402,29593,10100,Kamory Doumbia,64,0.8480000305175781,0.585999984741211,0.0702020451426506,BlockedShot,RightFoot,OpenPlay,h,2025
646404,29593,10100,Kamory Doumbia,75,0.8369999694824218,0.4909999847412109,0.07437046617269516,BlockedShot,RightFoot,OpenPlay,h,2025
646405,29593,5975,Kenny Lala,88,0.7569999694824219,0.31,0.02153991349041462,BlockedShot,LeftFoot,OpenPlay,h,2025
646406,29593,6905,Ludovic Ajorque,89,0.7909999847412109,0.6430000305175781,0.022156894207000732,SavedShot,LeftFoot,OpenPlay,h,2025
646407,29593,7736,Brendan Chardonnet,90,0.87,0.524000015258789,0.02529974654316902,MissedShots,Head,FromCorner,h,2025
646385,29593,9490,Matthis Abline,2,0.8619999694824219,0.705,0.04296553507447243,BlockedShot,RightFoot,OpenPlay,a,2025
646386,29593,10831,Mostafa Mohamed,4,0.875,0.45099998474121095,0.0409497432410717,MissedShots,Head,OpenPlay,a,2025
646390,29593,10831,Mostafa Mohamed,28,0.9119999694824219,0.3240000152587891,0.03777095302939415,BlockedShot,RightFoot,FromCorner,a,2025
646392,29593,9490,Matthis Abline,36,0.9080000305175782,0.3,0.04771757870912552,MissedShots,RightFoot,OpenPlay,a,2025
646395,29593,9490,Matthis Abline,55,0.6940000152587891,0.6569999694824219,0.007763633504509926,MissedShots,RightFoot,OpenPlay,a,2025
646403,29593,10831,Mostafa Mohamed,74,0.9269999694824219,0.34799999237060547,0.3126944303512573,MissedShots,RightFoot,OpenPlay,a,2025
646471,29592,12824,Clément Akpa,4,0.6379999923706055,0.620999984741211,0.009383385069668293,MissedShots,LeftFoot,OpenPlay,h,2025
646472,29592,10815,Lassine Sinayoko,9,0.8830000305175781,0.30100000381469727,0.03994378447532654,MissedShots,RightFoot,OpenPlay,h,2025
646475,29592,7081,Francisco Sierralta,15,0.924000015258789,0.39,0.018595285713672638,BlockedShot,Head,SetPiece,h,2025
646476,29592,8970,Sékou Mara,18,0.9280000305175782,0.529000015258789,0.0525476410984993,MissedShots,Head,OpenPlay,h,2025
646477,29592,13888,Danny Namaso,33,0.7480000305175781,0.6359999847412109,0.019923657178878784,ShotOnPost,RightFoot,OpenPlay,h,2025
646478,29592,7081,Francisco Sierralta,34,0.85,0.5590000152587891,0.008737189695239067,BlockedShot,Head,SetPiece,h,2025
646479,29592,8970,Sékou Mara,34,0.8390000152587891,0.5709999847412109,0.06659741699695587,BlockedShot,RightFoot,OpenPlay,h,2025
646480,29592,7081,Francisco Sierralta,36,0.9319999694824219,0.46,0.06671217083930969,MissedShots,Head,SetPiece,h,2025
646482,29592,8970,Sékou Mara,44,0.8369999694824218,0.45799999237060546,0.06685777008533478,BlockedShot,RightFoot,OpenPlay,h,2025
646483,29592,8970,Sékou Mara,46,0.7959999847412109,0.625,0.0943860411643982,BlockedShot,RightFoot,DirectFreekick,h,2025
646485,29592,10815,Lassine Sinayoko,53,0.8109999847412109,0.3559999847412109,0.036549169570207596,BlockedShot,LeftFoot,OpenPlay,h,2025
646486,29592,10815,Lassine Sinayoko,59,0.7569999694824219,0.595,0.02008458785712719,BlockedShot,LeftFoot,OpenPlay,h,2025
646487,29592,9092,Marvin Senaya,60,0.9540000152587891,0.45,0.1252208948135376,SavedShot,Head,FromCorner,h,2025
646488,29592,7081,Francisco Sierralta,60,0.965999984741211,0.48700000762939455,0.5664646029472351,Goal,Head,FromCorner,h,2025
646489,29592,10818,Kévin Danois,71,0.8180000305175781,0.505,0.019397348165512085,BlockedShot,RightFoot,FromCorner,h,2025
646490,29592,13888,Danny Namaso,74,0.7630000305175781,0.685,0.05361563712358475,MissedShots,RightFoot,DirectFreekick,h,2025
646491,29592,12824,Clément Akpa,87,0.78,0.33099998474121095,0.06685144454240799,MissedShots,LeftFoot,DirectFreekick,h,2025
646492,29592,9092,Marvin Senaya,89,0.6880000305175781,0.4379999923706055,0.013281911611557007,BlockedShot,RightFoot,OpenPlay,h,2025
646473,29592,3697,Odsonne Edouard,10,0.879000015258789,0.6669999694824219,0.05719053000211716,SavedShot,RightFoot,OpenPlay,a,2025
646474,29592,3697,Odsonne Edouard,13,0.850999984741211,0.5229999923706055,0.07159636914730072,Goal,LeftFoot,OpenPlay,a,2025
646481,29592,3799,Wesley Said,37,0.9080000305175782,0.6129999923706054,0.13874101638793945,BlockedShot,RightFoot,OpenPlay,a,2025
646484,29592,13506,Rayan Fofana,53,0.769000015258789,0.575,0.058298029005527496,BlockedShot,RightFoot,OpenPlay,a,2025
646493,29592,5648,Malang Sarr,91,0.9569999694824218,0.37,0.021522223949432373,ShotOnPost,Head,FromCorner,a,2025
646494,29592,13732,Samson Baidoo,94,0.79,0.46,0.03746499866247177,SavedShot,RightFoot,OpenPlay,a,2025
646495,29592,11046,Abdallah Sima,95,0.9330000305175781,0.42900001525878906,0.08621427416801453,Goal,Head,FromCorner,a,2025
646741,29596,12336,Malick Fofana,5,0.8419999694824218,0.465,0.07252098619937897,BlockedShot,LeftFoot,OpenPlay,h,2025
646742,29596,3603,Corentin Tolisso,6,0.9059999847412109,0.4590000152587891,0.02322644740343094,MissedShots,Head,FromCorner,h,2025
646743,29596,12336,Malick Fofana,9,0.9080000305175782,0.664000015258789,0.3169490396976471,MissedShots,LeftFoot,OpenPlay,h,2025
646744,29596,3603,Corentin Tolisso,9,0.8780000305175781,0.41900001525878905,0.359176903963089,SavedShot,RightFoot,OpenPlay,h,2025
646747,29596,12336,Malick Fofana,23,0.9,0.445,0.31907913088798523,Goal,RightFoot,OpenPlay,h,2025
646750,29596,12336,Malick Fofana,32,0.855999984741211,0.624000015258789,0.10231896489858627,SavedShot,RightFoot,OpenPlay,h,2025
646751,29596,10701,Nicolás Tagliafico,32,0.7980000305175782,0.7080000305175781,0.02187168598175049,MissedShots,LeftFoot,OpenPlay,h,2025
646755,29596,9001,Martín Satriano,67,0.904000015258789,0.49400001525878906,0.0366724394261837,BlockedShot,Head,FromCorner,h,2025
646756,29596,3603,Corentin Tolisso,68,0.894000015258789,0.415,0.02865312620997429,BlockedShot,Head,FromCorner,h,2025
646761,29596,1750,Ainsley Maitland-Niles,74,0.75,0.3609999847412109,0.024159211665391922,MissedShots,RightFoot,OpenPlay,h,2025
646762,29596,13739,Afonso Moreira,84,0.875999984741211,0.25299999237060544,0.034377388656139374,MissedShots,RightFoot,OpenPlay,h,2025
646763,29596,12336,Malick Fofana,85,0.8480000305175781,0.6469999694824219,0.06689949333667755,MissedShots,RightFoot,OpenPlay,h,2025
646765,29596,11819,Clinton Mata,92,0.8,0.5120000076293946,0.018394269049167633,MissedShots,RightFoot,FromCorner,h,2025
646745,29596,11291,Warren Kamanzi,12,0.765,0.6519999694824219,0.019618839025497437,BlockedShot,RightFoot,OpenPlay,a,2025
646746,29596,10193,Frank Magri,22,0.895,0.505,0.03995785489678383,MissedShots,Head,OpenPlay,a,2025
646748,29596,10193,Frank Magri,30,0.885,0.45799999237060546,0.016357053071260452,SavedShot,Head,SetPiece,a,2025
646749,29596,13755,Mário Sauer,32,0.7909999847412109,0.675,0.023506222292780876,BlockedShot,LeftFoot,OpenPlay,a,2025
646752,29596,6874,Yann Gboho,39,0.875999984741211,0.500999984741211,0.06975322961807251,BlockedShot,RightFoot,OpenPlay,a,2025
646753,29596,6874,Yann Gboho,43,0.8859999847412109,0.6930000305175781,0.03417956084012985,BlockedShot,RightFoot,OpenPlay,a,2025
646754,29596,12841,Dayann Methalie,48,0.7959999847412109,0.519000015258789,0.03875824064016342,MissedShots,LeftFoot,OpenPlay,a,2025
646757,29596,12045,Aron Dønnum,70,0.8780000305175781,0.3609999847412109,0.0993342250585556,BlockedShot,RightFoot,OpenPlay,a,2025
646758,29596,14082,Emersonn,71,0.965999984741211,0.4570000076293945,0.42138671875,MissedShots,Head,FromCorner,a,2025
646759,29596,12841,Dayann Methalie,73,0.899000015258789,0.7230000305175781,0.0642823651432991,SavedShot,LeftFoot,OpenPlay,a,2025
646760,29596,11777,Cristian Cásseres Jr.,74,0.7559999847412109,0.45099998474121095,0.023110058158636093,MissedShots,RightFoot,OpenPlay,a,2025
646764,29596,14082,Emersonn,86,0.8930000305175781,0.7119999694824218,0.04047458991408348,Goal,LeftFoot,OpenPlay,a,2025
646766,29596,13757,Alexis Vossah,92,0.855,0.39799999237060546,0.08029311150312424,BlockedShot,LeftFoot,OpenPlay,a,2025
646767,29596,14082,Emersonn,95,0.9580000305175781,0.5309999847412109,0.3942420482635498,Goal,Head,FromCorner,a,2025
646850,29594,13744,Felix Mambimbi,16,0.9459999847412109,0.5359999847412109,0.3843047022819519,MissedShots,Head,OpenPlay,h,2025
646854,29594,11790,Rassoul Ndiaye,41,0.7780000305175782,0.7240000152587891,0.011414730921387672,MissedShots,LeftFoot,SetPiece,h,2025
646855,29594,11792,Issa Soumaré,45,0.885,0.5,0.7600951194763184,Goal,RightFoot,Penalty,h,2025
646856,29594,12446,Simon Ebonog,49,0.76,0.39099998474121095,0.019231610000133514,MissedShots,RightFoot,OpenPlay,h,2025
646858,29594,11787,Loïc Négo,56,0.6869999694824219,0.24799999237060547,0.010420323349535465,MissedShots,RightFoot,OpenPlay,h,2025
646859,29594,11787,Loïc Négo,64,0.8569999694824219,0.3340000152587891,0.016558010131120682,BlockedShot,RightFoot,OpenPlay,h,2025
646860,29594,11790,Rassoul Ndiaye,66,0.855,0.5579999923706055,0.3279086649417877,MissedShots,RightFoot,OpenPlay,h,2025
646861,29594,11790,Rassoul Ndiaye,78,0.92,0.4540000152587891,0.3932535648345947,Goal,RightFoot,OpenPlay,h,2025
646862,29594,13743,Godson Kyeremeh,86,0.8030000305175782,0.2570000076293945,0.03848523646593094,MissedShots,RightFoot,OpenPlay,h,2025
646863,29594,11795,Yassine Kechta,88,0.7530000305175781,0.2989999961853027,0.019295139238238335,MissedShots,LeftFoot,OpenPlay,h,2025
646848,29594,9399,Quentin Merlin,8,0.7559999847412109,0.30700000762939456,0.020547963678836823,MissedShots,LeftFoot,OpenPlay,a,2025
646849,29594,5356,Breel Embolo,9,0.9359999847412109,0.5020000076293946,0.5610525012016296,Goal,RightFoot,OpenPlay,a,2025
646851,29594,9399,Quentin Merlin,19,0.87,0.64,0.06629590690135956,BlockedShot,RightFoot,OpenPlay,a,2025
646852,29594,9652,Alidu Seidu,19,0.545,0.30100000381469727,0.008648094721138477,MissedShots,RightFoot,OpenPlay,a,2025
646853,29594,12850,Esteban Lepaul,28,0.9380000305175781,0.6659999847412109,0.34099483489990234,Goal,LeftFoot,OpenPlay,a,2025
646857,29594,12451,Djaoui Cissé,49,0.9290000152587891,0.2989999961853027,0.06344777345657349,SavedShot,RightFoot,OpenPlay,a,2025
646864,29594,9399,Quentin Merlin,91,0.8819999694824219,0.6719999694824219,0.047642726451158524,MissedShots,LeftFoot,FromCorner,a,2025
646865,29594,9399,Quentin Merlin,92,0.870999984741211,0.605999984741211,0.08593901246786118,BlockedShot,LeftFoot,OpenPlay,a,2025
646866,29594,11782,Mousa Al Tamari,93,0.7569999694824219,0.45,0.018280301243066788,MissedShots,LeftFoot,FromCorner,a,2025
646870,29598,12186,Kassoum Ouattara,18,0.9219999694824219,0.615,0.020584627985954285,MissedShots,Head,OpenPlay,h,2025
646871,29598,12285,Mamadou Coulibaly,19,0.7580000305175781,0.41700000762939454,0.04504231736063957,BlockedShot,LeftFoot,OpenPlay,h,2025
646872,29598,643,Eric Dier,22,0.9740000152587891,0.5479999923706055,0.06649763882160187,SavedShot,Head,SetPiece,h,2025
646877,29598,10349,Mika Biereth,46,0.915,0.46099998474121096,0.08486827462911606,BlockedShot,Head,FromCorner,h,2025
646878,29598,7967,Anssumane Fati,49,0.885,0.5,0.7600951194763184,Goal,RightFoot,Penalty,h,2025
646880,29598,7967,Anssumane Fati,55,0.885,0.5,0.7600951194763184,Goal,RightFoot,Penalty,h,2025
646881,29598,10058,Maghnes Akliouche,59,0.7290000152587891,0.41700000762939454,0.013337165117263794,MissedShots,LeftFoot,FromCorner,h,2025
646882,29598,12186,Kassoum Ouattara,61,0.9340000152587891,0.5540000152587891,0.06504125148057938,MissedShots,Head,OpenPlay,h,2025
646883,29598,12186,Kassoum Ouattara,67,0.7480000305175781,0.47700000762939454,0.02704930119216442,MissedShots,LeftFoot,FromCorner,h,2025
646884,29598,9690,Folarin Balogun,69,0.8390000152587891,0.6859999847412109,0.03518657758831978,SavedShot,RightFoot,OpenPlay,h,2025
646885,29598,12426,Stanis Idumbo Muzambo,74,0.8190000152587891,0.6769999694824219,0.03405541181564331,MissedShots,RightFoot,OpenPlay,h,2025
646886,29598,12804,George Ilenikhena,75,0.950999984741211,0.514000015258789,0.14995411038398743,MissedShots,Head,OpenPlay,h,2025
646887,29598,12804,George Ilenikhena,79,0.9519999694824218,0.644000015258789,0.11864928156137466,SavedShot,LeftFoot,OpenPlay,h,2025
646888,29598,6923,Mohammed Salisu,80,0.6940000152587891,0.5940000152587891,0.012813935056328773,MissedShots,LeftFoot,OpenPlay,h,2025
646889,29598,12950,Jordan Teze,86,0.789000015258789,0.58,0.033715251833200455,BlockedShot,RightFoot,OpenPlay,h,2025
646890,29598,12804,George Ilenikhena,86,0.8880000305175781,0.535,0.06888709962368011,MissedShots,Head,OpenPlay,h,2025
646891,29598,12426,Stanis Idumbo Muzambo,87,0.84,0.58,0.05955507233738899,BlockedShot,RightFoot,OpenPlay,h,2025
646892,29598,7967,Anssumane Fati,87,0.8690000152587891,0.635,0.05576752498745918,MissedShots,RightFoot,OpenPlay,h,2025
646893,29598,12426,Stanis Idumbo Muzambo,95,0.8209999847412109,0.6969999694824218,0.02830681949853897,MissedShots,RightFoot,FromCorner,h,2025
646894,29598,12950,Jordan Teze,97,0.740999984741211,0.43200000762939456,0.019422365352511406,SavedShot,RightFoot,OpenPlay,h,2025
646867,29598,8685,Mohamed Ali-Cho,5,0.904000015258789,0.3120000076293945,0.060946252197027206,BlockedShot,RightFoot,OpenPlay,a,2025
646868,29598,14031,Charles Vanhoutte,9,0.7419999694824219,0.495,0.016509396955370903,BlockedShot,RightFoot,FromCorner,a,2025
646869,29598,8997,Terem Igobor Moffi,10,0.8730000305175781,0.3320000076293945,0.07985489070415497,MissedShots,LeftFoot,OpenPlay,a,2025
646873,29598,8997,Terem Igobor Moffi,26,0.889000015258789,0.55,0.02770497463643551,BlockedShot,Head,OpenPlay,a,2025
646874,29598,6846,Sofiane Diop,28,0.8640000152587891,0.7140000152587891,0.03904412314295769,Goal,RightFoot,OpenPlay,a,2025
646875,29598,8697,Jonathan Clauss,38,0.779000015258789,0.4909999847412109,0.06413717567920685,BlockedShot,LeftFoot,OpenPlay,a,2025
646876,29598,6846,Sofiane Diop,41,0.885,0.5,0.7600951194763184,Goal,RightFoot,Penalty,a,2025
646879,29598,8697,Jonathan Clauss,48,0.8109999847412109,0.5,0.06747883558273315,MissedShots,LeftFoot,OpenPlay,a,2025
646895,29598,3544,Jeremie Boga,98,0.7419999694824219,0.674000015258789,0.01543590147048235,BlockedShot,RightFoot,OpenPlay,a,2025
646897,29600,12413,Joaquín Panichelli,25,0.9059999847412109,0.49200000762939455,0.47303134202957153,SavedShot,LeftFoot,OpenPlay,h,2025
646898,29600,12413,Joaquín Panichelli,26,0.8969999694824219,0.63,0.34501323103904724,SavedShot,RightFoot,OpenPlay,h,2025
646899,29600,10485,Guemissongui Ouattara,26,0.9219999694824219,0.3060000038146973,0.05457112193107605,SavedShot,RightFoot,OpenPlay,h,2025
646900,29600,12284,Samir El Mourabet,26,0.885,0.44400001525878907,0.09858638048171997,BlockedShot,LeftFoot,OpenPlay,h,2025
646902,29600,12498,Valentín Barco,33,0.66,0.7,0.024945920333266258,MissedShots,LeftFoot,DirectFreekick,h,2025
646903,29600,12413,Joaquín Panichelli,35,0.8580000305175781,0.44400001525878907,0.3584898114204407,Goal,RightFoot,OpenPlay,h,2025
646904,29600,12413,Joaquín Panichelli,42,0.8909999847412109,0.5320000076293945,0.07533851265907288,MissedShots,Head,SetPiece,h,2025
646905,29600,10057,Felix Lemarechal,43,0.9019999694824219,0.55,0.4530850052833557,SavedShot,RightFoot,OpenPlay,h,2025
646906,29600,11164,Martial Godo,43,0.8769999694824219,0.40400001525878904,0.09403305500745773,SavedShot,LeftFoot,OpenPlay,h,2025
646908,29600,12413,Joaquín Panichelli,50,0.9159999847412109,0.4779999923706055,0.38622742891311646,Goal,RightFoot,OpenPlay,h,2025
646910,29600,13817,Lucas Høgsberg,60,0.9369999694824219,0.38,0.050193775445222855,BlockedShot,RightFoot,FromCorner,h,2025
646911,29600,10485,Guemissongui Ouattara,60,0.9669999694824218,0.47400001525878904,0.6047850251197815,Goal,RightFoot,FromCorner,h,2025
646912,29600,10057,Felix Lemarechal,65,0.860999984741211,0.5659999847412109,0.12321789562702179,MissedShots,RightFoot,OpenPlay,h,2025
646913,29600,11164,Martial Godo,65,0.945,0.49400001525878906,0.6472394466400146,Goal,RightFoot,OpenPlay,h,2025
646914,29600,12413,Joaquín Panichelli,69,0.8090000152587891,0.519000015258789,0.06720427423715591,SavedShot,RightFoot,OpenPlay,h,2025
646915,29600,11164,Martial Godo,69,0.905,0.5509999847412109,0.48407799005508423,Goal,RightFoot,OpenPlay,h,2025
646917,29600,11058,Julio Enciso,86,0.7680000305175781,0.7290000152587891,0.03439994156360626,BlockedShot,LeftFoot,OpenPlay,h,2025
646918,29600,11058,Julio Enciso,94,0.7180000305175781,0.4640000152587891,0.021522002294659615,SavedShot,LeftFoot,OpenPlay,h,2025
646896,29600,13604,Prosper Peter,5,0.9119999694824219,0.549000015258789,0.02998030185699463,MissedShots,Head,FromCorner,a,2025
646901,29600,11294,Lilian Raolisoa,27,0.9380000305175781,0.25799999237060545,0.042793385684490204,BlockedShot,RightFoot,OpenPlay,a,2025
646907,29600,13604,Prosper Peter,44,0.9109999847412109,0.4859999847412109,0.1085146814584732,SavedShot,Head,OpenPlay,a,2025
646909,29600,10517,Yassin Belkhdim,53,0.9630000305175781,0.3940000152587891,0.05582365393638611,BlockedShot,RightFoot,FromCorner,a,2025
646916,29600,10295,Louis Mouton,82,0.8180000305175781,0.5129999923706055,0.0575096569955349,BlockedShot,RightFoot,OpenPlay,a,2025
647058,29595,5680,Thomas Meunier,22,0.8859999847412109,0.4329999923706055,0.09587704390287399,BlockedShot,RightFoot,OpenPlay,h,2025
647059,29595,502,Olivier Giroud,23,0.9009999847412109,0.4909999847412109,0.06884834915399551,SavedShot,Head,FromCorner,h,2025
647061,29595,5680,Thomas Meunier,31,0.91,0.40599998474121096,0.11817574501037598,BlockedShot,RightFoot,OpenPlay,h,2025
647063,29595,914,Nabil Bentaleb,42,0.7130000305175781,0.5540000152587891,0.010010715574026108,BlockedShot,LeftFoot,SetPiece,h,2025
647066,29595,502,Olivier Giroud,45,0.9009999847412109,0.515,0.1084776520729065,MissedShots,LeftFoot,OpenPlay,h,2025
647067,29595,914,Nabil Bentaleb,46,0.84,0.4879999923706055,0.07832341641187668,SavedShot,LeftFoot,OpenPlay,h,2025
647076,29595,13051,Matias Fernandez-Pardo,74,0.8859999847412109,0.6869999694824219,0.032410621643066406,MissedShots,LeftFoot,OpenPlay,h,2025
647081,29595,12066,Ethan Mbappé,84,0.855,0.325,0.04886510223150253,Goal,LeftFoot,OpenPlay,h,2025
647082,29595,12066,Ethan Mbappé,90,0.92,0.34200000762939453,0.08650314807891846,BlockedShot,LeftFoot,OpenPlay,h,2025
647060,29595,2276,Lucas Hernández,29,0.8440000152587891,0.6809999847412109,0.04483645781874657,BlockedShot,RightFoot,OpenPlay,a,2025
647062,29595,12345,Senny Mayulu,35,0.795,0.5540000152587891,0.04348725080490112,BlockedShot,RightFoot,OpenPlay,a,2025
647064,29595,10016,Bradley Barcola,42,0.895,0.654000015258789,0.4912182688713074,MissedShots,RightFoot,OpenPlay,a,2025
647065,29595,10016,Bradley Barcola,44,0.9309999847412109,0.49400001525878906,0.05517425015568733,SavedShot,Head,FromCorner,a,2025
647068,29595,7313,Lee Kang-In,47,0.7419999694824219,0.48700000762939455,0.022094376385211945,SavedShot,LeftFoot,OpenPlay,a,2025
647069,29595,10016,Bradley Barcola,48,0.83,0.6730000305175782,0.03689364716410637,MissedShots,RightFoot,OpenPlay,a,2025
647070,29595,2276,Lucas Hernández,51,0.725999984741211,0.725,0.00980469398200512,MissedShots,LeftFoot,OpenPlay,a,2025
647071,29595,10016,Bradley Barcola,55,0.874000015258789,0.6680000305175782,0.058630041778087616,SavedShot,RightFoot,OpenPlay,a,2025
647072,29595,10016,Bradley Barcola,55,0.8340000152587891,0.600999984741211,0.0579875111579895,BlockedShot,RightFoot,OpenPlay,a,2025
647073,29595,7313,Lee Kang-In,55,0.7630000305175781,0.415,0.02464132197201252,BlockedShot,RightFoot,OpenPlay,a,2025
647074,29595,10786,Warren Zaïre-Emery,61,0.784000015258789,0.4229999923706055,0.03536021709442139,BlockedShot,LeftFoot,OpenPlay,a,2025
647075,29595,9961,Nuno Mendes,65,0.735999984741211,0.38599998474121094,0.05074387043714523,Goal,LeftFoot,DirectFreekick,a,2025
647077,29595,7313,Lee Kang-In,77,0.7390000152587891,0.475,0.027001971378922462,MissedShots,LeftFoot,OpenPlay,a,2025
647078,29595,7313,Lee Kang-In,79,0.845999984741211,0.4540000152587891,0.16822049021720886,SavedShot,RightFoot,OpenPlay,a,2025
647079,29595,11767,Gonçalo Ramos,80,0.9569999694824218,0.43200000762939456,0.11868938058614731,MissedShots,Head,FromCorner,a,2025
647080,29595,5197,Achraf Hakimi,82,0.9180000305175782,0.4570000076293945,0.4524253308773041,MissedShots,RightFoot,OpenPlay,a,2025
647083,29595,11767,Gonçalo Ramos,94,0.8369999694824218,0.6930000305175781,0.014857380650937557,MissedShots,RightFoot,OpenPlay,a,2025
647159,29608,10431,Désiré Doué,2,0.7709999847412109,0.6120000076293945,0.026778284460306168,SavedShot,RightFoot,OpenPlay,h,2025
647160,29608,10016,Bradley Barcola,5,0.9340000152587891,0.544000015258789,0.5648870468139648,Goal,LeftFoot,OpenPlay,h,2025
647165,29608,10016,Bradley Barcola,22,0.7380000305175781,0.54,0.02560795471072197,SavedShot,RightFoot,OpenPlay,h,2025
647166,29608,7313,Lee Kang-In,23,0.8369999694824218,0.3629999923706055,0.06918540596961975,BlockedShot,LeftFoot,OpenPlay,h,2025
647167,29608,12345,Senny Mayulu,24,0.8519999694824218,0.514000015258789,0.11022170633077621,MissedShots,LeftFoot,OpenPlay,h,2025
647169,29608,10431,Désiré Doué,34,0.7769999694824219,0.58,0.08656155318021774,BlockedShot,RightFoot,DirectFreekick,h,2025
647175,29608,11767,Gonçalo Ramos,52,0.850999984741211,0.5070000076293946,0.09081544727087021,SavedShot,RightFoot,OpenPlay,h,2025
647177,29608,11767,Gonçalo Ramos,57,0.885,0.5,0.7600951194763184,Goal,RightFoot,Penalty,h,2025
647178,29608,11767,Gonçalo Ramos,60,0.8969999694824219,0.6880000305175781,0.08188842982053757,BlockedShot,LeftFoot,OpenPlay,h,2025
647179,29608,7313,Lee Kang-In,71,0.8109999847412109,0.48700000762939455,0.05439675226807594,ShotOnPost,LeftFoot,OpenPlay,h,2025
647180,29608,11767,Gonçalo Ramos,71,0.915,0.3890000152587891,0.359640508890152,SavedShot,RightFoot,OpenPlay,h,2025
647181,29608,13626,Quentin Ndjantou,71,0.8130000305175781,0.6840000152587891,0.023762403056025505,BlockedShot,LeftFoot,FromCorner,h,2025
647182,29608,13626,Quentin Ndjantou,74,0.7240000152587891,0.6569999694824219,0.01311324443668127,MissedShots,RightFoot,OpenPlay,h,2025
647183,29608,7453,Khvicha Kvaratskhelia,76,0.8119999694824219,0.29399999618530276,0.024276958778500557,BlockedShot,RightFoot,OpenPlay,h,2025
647184,29608,11767,Gonçalo Ramos,77,0.9030000305175782,0.5109999847412109,0.043949760496616364,MissedShots,Head,SetPiece,h,2025
647185,29608,12345,Senny Mayulu,78,0.9269999694824219,0.34,0.28861650824546814,SavedShot,RightFoot,OpenPlay,h,2025
647186,29608,12345,Senny Mayulu,78,0.9519999694824218,0.3970000076293945,0.17524130642414093,Goal,Head,OpenPlay,h,2025
647187,29608,7453,Khvicha Kvaratskhelia,83,0.8159999847412109,0.3079999923706055,0.0308262687176466,MissedShots,LeftFoot,OpenPlay,h,2025
647189,29608,11910,William Pacho,88,0.730999984741211,0.5429999923706055,0.01761927641928196,MissedShots,LeftFoot,OpenPlay,h,2025
647190,29608,7453,Khvicha Kvaratskhelia,94,0.8690000152587891,0.36900001525878906,0.06190727651119232,MissedShots,RightFoot,OpenPlay,h,2025
647191,29608,7453,Khvicha Kvaratskhelia,95,0.75,0.3659999847412109,0.017335407435894012,SavedShot,LeftFoot,OpenPlay,h,2025
647161,29608,12413,Joaquín Panichelli,10,0.9340000152587891,0.509000015258789,0.5028417110443115,SavedShot,LeftFoot,OpenPlay,a,2025
647162,29608,11058,Julio Enciso,10,0.909000015258789,0.500999984741211,0.46726465225219727,SavedShot,RightFoot,OpenPlay,a,2025
647163,29608,11058,Julio Enciso,17,0.9490000152587891,0.315,0.060723885893821716,BlockedShot,LeftFoot,OpenPlay,a,2025
647164,29608,12413,Joaquín Panichelli,21,0.88,0.4329999923706055,0.08754384517669678,BlockedShot,RightFoot,OpenPlay,a,2025
647168,29608,12413,Joaquín Panichelli,25,0.9019999694824219,0.549000015258789,0.03236619755625725,Goal,Head,OpenPlay,a,2025
647170,29608,11058,Julio Enciso,36,0.889000015258789,0.3990000152587891,0.07521043717861176,MissedShots,LeftFoot,OpenPlay,a,2025
647171,29608,11058,Julio Enciso,37,0.7609999847412109,0.4470000076293945,0.02525177039206028,SavedShot,LeftFoot,OpenPlay,a,2025
647172,29608,11978,Diego Moreira,40,0.9540000152587891,0.3559999847412109,0.3342537581920624,Goal,LeftFoot,OpenPlay,a,2025
647173,29608,11058,Julio Enciso,46,0.785,0.575,0.047798316925764084,SavedShot,RightFoot,OpenPlay,a,2025
647174,29608,12413,Joaquín Panichelli,48,0.895,0.5279999923706055,0.43457719683647156,Goal,RightFoot,OpenPlay,a,2025
647176,29608,11058,Julio Enciso,55,0.830999984741211,0.3220000076293945,0.04552973061800003,MissedShots,RightFoot,OpenPlay,a,2025
647188,29608,12413,Joaquín Panichelli,84,0.904000015258789,0.4540000152587891,0.04241777956485748,MissedShots,Head,OpenPlay,a,2025
647732,29606,8190,Melvin Bard,4,0.8930000305175781,0.6659999847412109,0.030208084732294083,Goal,LeftFoot,OpenPlay,h,2025
647742,29606,3544,Jeremie Boga,34,0.9919999694824219,0.6090000152587891,0.07192482054233551,MissedShots,Head,OpenPlay,h,2025
647743,29606,6846,Sofiane Diop,34,0.9840000152587891,0.46,0.9591887593269348,Goal,RightFoot,OpenPlay,h,2025
647751,29606,8050,Hichem Boudaoui,54,0.855999984741211,0.3770000076293945,0.08408507704734802,Goal,RightFoot,OpenPlay,h,2025
647755,29606,14032,Tiago Gouveia,77,0.855,0.6940000152587891,0.08724109083414078,SavedShot,RightFoot,OpenPlay,h,2025
647731,29606,12336,Malick Fofana,0,0.8930000305175781,0.5820000076293945,0.08559824526309967,BlockedShot,RightFoot,OpenPlay,a,2025
647733,29606,3603,Corentin Tolisso,6,0.8930000305175781,0.5659999847412109,0.10140353441238403,BlockedShot,RightFoot,OpenPlay,a,2025
647734,29606,10091,Tyler Morton,11,0.8209999847412109,0.47,0.04289921745657921,BlockedShot,RightFoot,FromCorner,a,2025
647735,29606,3603,Corentin Tolisso,12,0.82,0.5329999923706055,0.05896737426519394,BlockedShot,RightFoot,OpenPlay,a,2025
647736,29606,9001,Martín Satriano,18,0.9519999694824218,0.45799999237060546,0.12048245221376419,MissedShots,LeftFoot,FromCorner,a,2025
647737,29606,9001,Martín Satriano,23,0.7709999847412109,0.664000015258789,0.02163231559097767,BlockedShot,RightFoot,OpenPlay,a,2025
647738,29606,13735,Pavel Sulc,23,0.774000015258789,0.49700000762939456,0.02831988036632538,MissedShots,RightFoot,OpenPlay,a,2025
647739,29606,13735,Pavel Sulc,28,0.8780000305175781,0.45799999237060546,0.07210748642683029,BlockedShot,RightFoot,OpenPlay,a,2025
647740,29606,3603,Corentin Tolisso,28,0.7809999847412109,0.5790000152587891,0.03171500936150551,SavedShot,RightFoot,OpenPlay,a,2025
647741,29606,13735,Pavel Sulc,28,0.975,0.575,0.2979506552219391,Goal,Head,FromCorner,a,2025
647744,29606,13734,Adam Karabec,36,0.9680000305175781,0.32799999237060545,0.038210950791835785,MissedShots,RightFoot,OpenPlay,a,2025
647745,29606,12336,Malick Fofana,42,0.8909999847412109,0.6630000305175782,0.04902806878089905,BlockedShot,LeftFoot,OpenPlay,a,2025
647746,29606,11318,Abner,45,0.8480000305175781,0.639000015258789,0.03613513708114624,BlockedShot,LeftFoot,OpenPlay,a,2025
647747,29606,13735,Pavel Sulc,48,0.7569999694824219,0.495,0.01645175740122795,BlockedShot,LeftFoot,SetPiece,a,2025
647748,29606,10091,Tyler Morton,49,0.75,0.5540000152587891,0.01942281238734722,BlockedShot,RightFoot,OpenPlay,a,2025
647749,29606,11318,Abner,50,0.8640000152587891,0.6730000305175782,0.05815012380480766,BlockedShot,RightFoot,OpenPlay,a,2025
647750,29606,1750,Ainsley Maitland-Niles,52,0.885,0.5,0.7600951194763184,SavedShot,RightFoot,Penalty,a,2025
647752,29606,12336,Malick Fofana,56,0.9209999847412109,0.6930000305175781,0.06479882448911667,SavedShot,LeftFoot,OpenPlay,a,2025
647753,29606,10091,Tyler Morton,62,0.8530000305175781,0.4420000076293945,0.06833772361278534,MissedShots,RightFoot,OpenPlay,a,2025
647754,29606,10701,Nicolás Tagliafico,70,0.9640000152587891,0.49,0.6385324001312256,MissedShots,Head,OpenPlay,a,2025
647756,29606,13739,Afonso Moreira,78,0.7709999847412109,0.61,0.02503170445561409,MissedShots,RightFoot,OpenPlay,a,2025
647757,29606,10701,Nicolás Tagliafico,81,0.8919999694824219,0.6430000305175781,0.04170897230505943,BlockedShot,LeftFoot,FromCorner,a,2025
647758,29606,3603,Corentin Tolisso,81,0.86,0.509000015258789,0.07803401350975037,BlockedShot,RightFoot,FromCorner,a,2025
647759,29606,3276,Rachid Ghezzal,81,0.7330000305175781,0.3729999923706055,0.012393610551953316,SavedShot,LeftFoot,OpenPlay,a,2025
647760,29606,3603,Corentin Tolisso,84,0.7419999694824219,0.5570000076293945,0.014114226214587688,BlockedShot,RightFoot,OpenPlay,a,2025
647761,29606,9885,Tanner Tessmann,85,0.7440000152587891,0.425,0.013292730785906315,SavedShot,RightFoot,OpenPlay,a,2025
647762,29606,9885,Tanner Tessmann,92,0.8040000152587891,0.49,0.04537162184715271,BlockedShot,RightFoot,SetPiece,a,2025
647763,29606,13735,Pavel Sulc,94,0.909000015258789,0.505,0.0479125902056694,Goal,Head,FromCorner,a,2025
647764,29606,1750,Ainsley Maitland-Niles,97,0.779000015258789,0.5159999847412109,0.016109004616737366,MissedShots,RightFoot,FromCorner,a,2025
647908,29601,12848,Florent Hanin,14,0.899000015258789,0.695,0.033381473273038864,BlockedShot,LeftFoot,FromCorner,h,2025
647911,29601,14131,Amine Sbaï,19,0.8959999847412109,0.710999984741211,0.03961998596787453,BlockedShot,RightFoot,OpenPlay,h,2025
647912,29601,14131,Amine Sbaï,23,0.82,0.5620000076293945,0.08567585796117783,BlockedShot,RightFoot,OpenPlay,h,2025
647913,29601,10295,Louis Mouton,23,0.8190000152587891,0.47400001525878904,0.08249127864837646,MissedShots,RightFoot,OpenPlay,h,2025
647915,29601,13604,Prosper Peter,31,0.9530000305175781,0.5259999847412109,0.5756646394729614,MissedShots,Head,OpenPlay,h,2025
647917,29601,10923,Himad Abdelli,46,0.9669999694824218,0.5559999847412109,0.059094902127981186,MissedShots,Head,FromCorner,h,2025
647918,29601,7732,Haris Belkebla,46,0.86,0.435,0.06322962790727615,BlockedShot,RightFoot,FromCorner,h,2025
647919,29601,12848,Florent Hanin,47,0.7730000305175782,0.5409999847412109,0.026539232581853867,BlockedShot,RightFoot,FromCorner,h,2025
647921,29601,14131,Amine Sbaï,49,0.8969999694824219,0.6909999847412109,0.056031983345746994,ShotOnPost,LeftFoot,OpenPlay,h,2025
647922,29601,5756,Carlens Arcus,52,0.7040000152587891,0.46799999237060547,0.01316484808921814,MissedShots,RightFoot,FromCorner,h,2025
647926,29601,12847,Sidiki Chérif,62,0.9540000152587891,0.4929999923706055,0.1323370337486267,SavedShot,LeftFoot,FromCorner,h,2025
647930,29601,12847,Sidiki Chérif,75,0.899000015258789,0.6129999923706054,0.10246119648218155,BlockedShot,LeftFoot,OpenPlay,h,2025
647931,29601,12847,Sidiki Chérif,79,0.9109999847412109,0.465,0.12634699046611786,BlockedShot,RightFoot,OpenPlay,h,2025
647932,29601,10517,Yassin Belkhdim,79,0.7969999694824219,0.515,0.030485955998301506,BlockedShot,RightFoot,FromCorner,h,2025
647933,29601,12847,Sidiki Chérif,84,0.9,0.6419999694824219,0.0995081439614296,Goal,LeftFoot,OpenPlay,h,2025
647934,29601,10517,Yassin Belkhdim,94,0.7930000305175782,0.39299999237060546,0.06205391883850098,SavedShot,RightFoot,OpenPlay,h,2025
647909,29601,12186,Kassoum Ouattara,15,0.835,0.624000015258789,0.05087342485785484,BlockedShot,RightFoot,OpenPlay,a,2025
647910,29601,10349,Mika Biereth,15,0.95,0.595999984741211,0.021555010229349136,BlockedShot,Head,FromCorner,a,2025
647914,29601,7967,Anssumane Fati,29,0.9830000305175781,0.515,0.9081896543502808,MissedShots,Head,OpenPlay,a,2025
647916,29601,12950,Jordan Teze,38,0.7440000152587891,0.519000015258789,0.02887151390314102,MissedShots,RightFoot,OpenPlay,a,2025
647920,29601,6923,Mohammed Salisu,46,0.9230000305175782,0.53,0.04814109206199646,MissedShots,Head,FromCorner,a,2025
647923,29601,9279,Krépin Diatta,55,0.845,0.42400001525878905,0.08230561017990112,MissedShots,LeftFoot,OpenPlay,a,2025
647924,29601,10058,Maghnes Akliouche,56,0.7290000152587891,0.47700000762939454,0.022033486515283585,SavedShot,LeftFoot,OpenPlay,a,2025
647925,29601,2674,Thilo Kehrer,56,0.9080000305175782,0.4129999923706055,0.042159345000982285,SavedShot,Head,FromCorner,a,2025
647927,29601,7967,Anssumane Fati,67,0.7809999847412109,0.4929999923706055,0.03481537848711014,BlockedShot,RightFoot,OpenPlay,a,2025
647928,29601,9690,Folarin Balogun,68,0.8680000305175781,0.3370000076293945,0.052867092192173004,SavedShot,RightFoot,OpenPlay,a,2025
647929,29601,9690,Folarin Balogun,71,0.8959999847412109,0.3870000076293945,0.359849750995636,Goal,RightFoot,OpenPlay,a,2025
647990,29604,7490,Mason Greenwood,10,0.7719999694824219,0.23899999618530274,0.019415460526943207,MissedShots,LeftFoot,OpenPlay,h,2025
647991,29604,343,Pierre-Emile Højbjerg,15,0.7769999694824219,0.6969999694824218,0.017334189265966415,SavedShot,RightFoot,OpenPlay,h,2025
647992,29604,343,Pierre-Emile Højbjerg,18,0.8130000305175781,0.46599998474121096,0.019963374361395836,SavedShot,LeftFoot,OpenPlay,h,2025
647995,29604,7490,Mason Greenwood,34,0.885,0.5,0.7600951194763184,Goal,RightFoot,Penalty,h,2025
647996,29604,14010,Igor Paixão,41,0.985,0.5970000076293945,0.032192960381507874,MissedShots,Head,OpenPlay,h,2025
647997,29604,14010,Igor Paixão,45,0.8959999847412109,0.7030000305175781,0.03804926574230194,BlockedShot,RightFoot,OpenPlay,h,2025
647998,29604,14010,Igor Paixão,47,0.8530000305175781,0.37200000762939456,0.06874395161867142,MissedShots,RightFoot,OpenPlay,h,2025
647999,29604,1245,Emerson,49,0.7240000152587891,0.30100000381469727,0.03665970265865326,SavedShot,LeftFoot,DirectFreekick,h,2025
648000,29604,5598,Angel Gomes,50,0.9119999694824219,0.5479999923706055,0.3734818398952484,SavedShot,Head,OpenPlay,h,2025
648001,29604,318,Pierre-Emerick Aubameyang,46,0.9209999847412109,0.57,0.45161736011505127,SavedShot,RightFoot,OpenPlay,h,2025
648002,29604,1245,Emerson,49,0.720999984741211,0.6709999847412109,0.015278086997568607,BlockedShot,LeftFoot,OpenPlay,h,2025
648003,29604,7490,Mason Greenwood,53,0.735,0.3559999847412109,0.01849719136953354,BlockedShot,LeftFoot,SetPiece,h,2025
648005,29604,7490,Mason Greenwood,66,0.8590000152587891,0.3890000152587891,0.07887043803930283,Goal,LeftFoot,OpenPlay,h,2025
648006,29604,14010,Igor Paixão,70,0.7709999847412109,0.6909999847412109,0.026745261624455452,MissedShots,RightFoot,OpenPlay,h,2025
648007,29604,7490,Mason Greenwood,71,0.9169999694824219,0.405,0.4210163354873657,Goal,LeftFoot,OpenPlay,h,2025
648008,29604,7490,Mason Greenwood,75,0.914000015258789,0.4129999923706055,0.49516066908836365,Goal,RightFoot,OpenPlay,h,2025
648010,29604,13330,Robinio Vaz,87,0.9669999694824218,0.4829999923706055,0.6887145638465881,Goal,RightFoot,OpenPlay,h,2025
648014,29604,12111,Amir Murillo,92,0.9690000152587891,0.5370000076293945,0.642612874507904,Goal,Head,OpenPlay,h,2025
647989,29604,8684,Fodé Doucouré,7,0.8640000152587891,0.38,0.07550820708274841,MissedShots,LeftFoot,OpenPlay,a,2025
647993,29604,11795,Yassine Kechta,23,0.914000015258789,0.6709999847412109,0.035563934594392776,Goal,RightFoot,OpenPlay,a,2025
647994,29604,8684,Fodé Doucouré,28,0.87,0.325,0.06546317785978317,SavedShot,RightFoot,OpenPlay,a,2025
648004,29604,11792,Issa Soumaré,61,0.8780000305175781,0.7069999694824218,0.04105799272656441,MissedShots,RightFoot,OpenPlay,a,2025
648009,29604,12732,Yanis Zouaoui,80,0.8680000305175781,0.72,0.03352143242955208,BlockedShot,LeftFoot,OpenPlay,a,2025
648011,29604,12732,Yanis Zouaoui,90,0.6909999847412109,0.534000015258789,0.008847041986882687,MissedShots,LeftFoot,SetPiece,a,2025
648012,29604,12732,Yanis Zouaoui,90,0.9519999694824218,0.710999984741211,0.03471127897500992,BlockedShot,LeftFoot,SetPiece,a,2025
648013,29604,3674,Abdoulaye Touré,91,0.8219999694824218,0.49599998474121093,0.05831175670027733,Goal,LeftFoot,OpenPlay,a,2025
648134,29602,13732,Samson Baidoo,0,0.89,0.49200000762939455,0.05121239647269249,MissedShots,Head,FromCorner,h,2025
648136,29602,942,Florian Thauvin,8,0.885,0.5,0.7600951194763184,SavedShot,LeftFoot,Penalty,h,2025
648137,29602,3697,Odsonne Edouard,16,0.9359999847412109,0.5079999923706054,0.12560613453388214,Goal,Head,FromCorner,h,2025
648141,29602,5648,Malang Sarr,41,0.7169999694824218,0.67,0.014487307518720627,MissedShots,LeftFoot,OpenPlay,h,2025
648142,29602,13917,Mamadou Sangaré,46,0.845999984741211,0.47700000762939454,0.05113605037331581,BlockedShot,LeftFoot,OpenPlay,h,2025
648146,29602,942,Florian Thauvin,63,0.9259999847412109,0.3189999961853027,0.06371951848268509,BlockedShot,RightFoot,OpenPlay,h,2025
648147,29602,13732,Samson Baidoo,63,0.909000015258789,0.5259999847412109,0.3059348464012146,Goal,RightFoot,FromCorner,h,2025
648148,29602,13732,Samson Baidoo,67,0.9430000305175781,0.5640000152587891,0.31329917907714844,MissedShots,Head,FromCorner,h,2025
648149,29602,13732,Samson Baidoo,80,0.9369999694824219,0.575999984741211,0.08484456688165665,BlockedShot,Head,FromCorner,h,2025
648150,29602,3799,Wesley Said,80,0.89,0.4829999923706055,0.10903892666101456,MissedShots,LeftFoot,FromCorner,h,2025
648152,29602,3549,Adrien Thomasson,94,0.9340000152587891,0.36700000762939455,0.11005625128746033,BlockedShot,RightFoot,OpenPlay,h,2025
648135,29602,13800,Samir Chergui,3,0.9440000152587891,0.595999984741211,0.021386494860053062,BlockedShot,Head,FromCorner,a,2025
648138,29602,5619,Pierre Lees-Melou,27,0.8490000152587891,0.45,0.1329561024904251,Goal,RightFoot,OpenPlay,a,2025
648139,29602,5619,Pierre Lees-Melou,29,0.924000015258789,0.595999984741211,0.07298237085342407,MissedShots,Head,OpenPlay,a,2025
648140,29602,3772,Maxime Lopez,39,0.8209999847412109,0.6890000152587891,0.03279979154467583,SavedShot,RightFoot,OpenPlay,a,2025
648143,29602,13805,Adama Camara,47,0.8640000152587891,0.5329999923706055,0.1010780781507492,SavedShot,RightFoot,OpenPlay,a,2025
648144,29602,13805,Adama Camara,51,0.9180000305175782,0.605999984741211,0.12876400351524353,BlockedShot,LeftFoot,OpenPlay,a,2025
648145,29602,3239,Hamari Traore,52,0.879000015258789,0.29700000762939455,0.03152478486299515,BlockedShot,RightFoot,FromCorner,a,2025
648151,29602,6332,Willem Geubbels,83,0.8180000305175781,0.33,0.05145667493343353,MissedShots,RightFoot,OpenPlay,a,2025
648153,29602,13800,Samir Chergui,95,0.8390000152587891,0.5420000076293945,0.011017324402928352,BlockedShot,Head,OpenPlay,a,2025
648222,29603,9929,Théo Le Bris,1,0.8859999847412109,0.4490000152587891,0.3018290102481842,Goal,RightFoot,OpenPlay,h,2025
648223,29603,3536,Jean-Victor Makengo,14,0.9369999694824219,0.3270000076293945,0.08825404942035675,BlockedShot,RightFoot,OpenPlay,h,2025
648224,29603,12328,Arthur Avom,25,0.6919999694824219,0.4829999923706055,0.012548763304948807,BlockedShot,RightFoot,FromCorner,h,2025
648225,29603,13904,Abdoulaye Faye,32,0.9019999694824219,0.4590000152587891,0.2575313150882721,SavedShot,Head,SetPiece,h,2025
648228,29603,12328,Arthur Avom,37,0.8109999847412109,0.639000015258789,0.038803830742836,MissedShots,RightFoot,OpenPlay,h,2025
648231,29603,3536,Jean-Victor Makengo,43,0.048000001907348634,0.53,0,OwnGoal,Head,FromCorner,h,2025
648232,29603,3536,Jean-Victor Makengo,46,0.8869999694824219,0.45599998474121095,0.05264641344547272,SavedShot,Head,OpenPlay,h,2025
648234,29603,13794,Arsène Kouassi,54,0.945,0.6919999694824219,0.008750238455832005,Goal,Head,OpenPlay,h,2025
648236,29603,13904,Abdoulaye Faye,61,0.8590000152587891,0.6320000076293946,0.03980587050318718,MissedShots,LeftFoot,FromCorner,h,2025
648238,29603,9345,Ahmadou Bamba Dieng,74,0.894000015258789,0.47,0.05216118320822716,SavedShot,Head,OpenPlay,h,2025
648240,29603,9345,Ahmadou Bamba Dieng,88,0.8969999694824219,0.4829999923706055,0.0774846151471138,MissedShots,RightFoot,OpenPlay,h,2025
648241,29603,10074,Sambou Soumano,88,0.955999984741211,0.4620000076293945,0.5636599659919739,Goal,RightFoot,OpenPlay,h,2025
648242,29603,12049,Aiyegun Tosin,93,0.914000015258789,0.5029999923706054,0.09432390332221985,SavedShot,Head,FromCorner,h,2025
648226,29603,7562,Eric Junior Dina Ebimbe,33,0.919000015258789,0.5520000076293945,0.4778827130794525,Goal,LeftFoot,OpenPlay,a,2025
648227,29603,7562,Eric Junior Dina Ebimbe,36,0.9419999694824219,0.2929999923706055,0.04681885614991188,MissedShots,RightFoot,OpenPlay,a,2025
648229,29603,6905,Ludovic Ajorque,41,0.9130000305175782,0.32799999237060545,0.05950451269745827,MissedShots,LeftFoot,OpenPlay,a,2025
648230,29603,10467,Soumaila Coulibaly,41,0.92,0.40400001525878904,0.04510708153247833,SavedShot,Head,FromCorner,a,2025
648233,29603,7562,Eric Junior Dina Ebimbe,50,0.855,0.5879999923706055,0.09307647496461868,MissedShots,RightFoot,OpenPlay,a,2025
648235,29603,10100,Kamory Doumbia,57,0.8340000152587891,0.465,0.046083953231573105,BlockedShot,RightFoot,OpenPlay,a,2025
648237,29603,7739,Joris Chotard,64,0.8109999847412109,0.6430000305175781,0.03946355730295181,SavedShot,RightFoot,OpenPlay,a,2025
648239,29603,3721,Romain Del Castillo,85,0.885,0.5,0.7600951194763184,Goal,LeftFoot,Penalty,a,2025
648243,29607,10193,Frank Magri,1,0.835999984741211,0.51,0.11355911940336227,Goal,LeftFoot,OpenPlay,h,2025
648244,29607,12045,Aron Dønnum,7,0.885,0.5,0.7600951194763184,Goal,LeftFoot,Penalty,h,2025
648245,29607,6874,Yann Gboho,17,0.9219999694824219,0.2979999923706055,0.1367635428905487,SavedShot,RightFoot,OpenPlay,h,2025
648247,29607,10193,Frank Magri,21,0.8169999694824219,0.7230000305175781,0.061214763671159744,MissedShots,RightFoot,OpenPlay,h,2025
648249,29607,12841,Dayann Methalie,36,0.924000015258789,0.5990000152587891,0.12130410969257355,BlockedShot,RightFoot,OpenPlay,h,2025
648250,29607,6874,Yann Gboho,52,0.8969999694824219,0.644000015258789,0.08567708730697632,MissedShots,RightFoot,OpenPlay,h,2025
648251,29607,14082,Emersonn,52,0.93,0.5120000076293946,0.15091441571712494,BlockedShot,RightFoot,OpenPlay,h,2025
648252,29607,14082,Emersonn,57,0.8080000305175781,0.325,0.05281645059585571,MissedShots,LeftFoot,OpenPlay,h,2025
648253,29607,14082,Emersonn,65,0.9259999847412109,0.580999984741211,0.39879870414733887,MissedShots,RightFoot,OpenPlay,h,2025
648254,29607,9220,Charlie Cresswell,72,0.9619999694824218,0.43400001525878906,0.06480314582586288,MissedShots,Head,FromCorner,h,2025
648255,29607,14082,Emersonn,73,0.76,0.38,0.0390695184469223,SavedShot,RightFoot,OpenPlay,h,2025
648256,29607,6874,Yann Gboho,74,0.850999984741211,0.40299999237060546,0.09055762737989426,MissedShots,RightFoot,OpenPlay,h,2025
648257,29607,6874,Yann Gboho,78,0.855,0.56,0.07683175057172775,Goal,LeftFoot,OpenPlay,h,2025
648258,29607,14049,Abu Francis,79,0.8590000152587891,0.46900001525878904,0.10685322433710098,BlockedShot,RightFoot,OpenPlay,h,2025
648259,29607,9220,Charlie Cresswell,83,0.9290000152587891,0.4809999847412109,0.37104305624961853,Goal,Head,FromCorner,h,2025
648260,29607,12045,Aron Dønnum,86,0.87,0.4279999923706055,0.11299532651901245,SavedShot,LeftFoot,OpenPlay,h,2025
648246,29607,13813,Giorgi Abuashvili,21,0.7759999847412109,0.5470000076293945,0.03404146060347557,SavedShot,RightFoot,OpenPlay,a,2025
648248,29607,5769,Habib Diallo,27,0.8240000152587891,0.63,0.08506268262863159,SavedShot,RightFoot,OpenPlay,a,2025
648261,29609,12850,Esteban Lepaul,0,0.9690000152587891,0.664000015258789,0.024365419521927834,SavedShot,LeftFoot,OpenPlay,h,2025
648262,29609,10789,Anthony Rouault,5,0.915,0.45,0.07755271345376968,BlockedShot,Head,FromCorner,h,2025
648263,29609,10789,Anthony Rouault,5,0.9059999847412109,0.44400001525878907,0.09592273831367493,BlockedShot,RightFoot,FromCorner,h,2025
648264,29609,12850,Esteban Lepaul,6,0.9259999847412109,0.5879999923706055,0.06607548147439957,MissedShots,Head,FromCorner,h,2025
648266,29609,3475,Ludovic Blas,17,0.8640000152587891,0.34400001525878904,0.05733192712068558,SavedShot,LeftFoot,OpenPlay,h,2025
648267,29609,5356,Breel Embolo,17,0.94,0.49900001525878906,0.2617718577384949,Goal,Head,FromCorner,h,2025
648268,29609,12850,Esteban Lepaul,21,0.904000015258789,0.5279999923706055,0.09624398499727249,MissedShots,RightFoot,OpenPlay,h,2025
648269,29609,3475,Ludovic Blas,26,0.915,0.3870000076293945,0.2985175549983978,MissedShots,LeftFoot,OpenPlay,h,2025
648270,29609,12850,Esteban Lepaul,30,0.8640000152587891,0.45,0.06293211132287979,BlockedShot,RightFoot,OpenPlay,h,2025
648273,29609,3475,Ludovic Blas,46,0.735999984741211,0.3870000076293945,0.016505368053913116,BlockedShot,LeftFoot,SetPiece,h,2025
648274,29609,3673,Valentin Rongier,47,0.769000015258789,0.6630000305175782,0.016369124874472618,BlockedShot,RightFoot,FromCorner,h,2025
648276,29609,1144,Seko Fofana,55,0.899000015258789,0.6279999923706054,0.3757016658782959,Goal,LeftFoot,OpenPlay,h,2025
648277,29609,5356,Breel Embolo,62,0.9009999847412109,0.5129999923706055,0.11780388653278351,MissedShots,RightFoot,OpenPlay,h,2025
648278,29609,5356,Breel Embolo,66,0.9580000305175781,0.6869999694824219,0.07104334235191345,SavedShot,LeftFoot,OpenPlay,h,2025
648279,29609,1144,Seko Fofana,66,0.8130000305175781,0.5270000076293946,0.07104671001434326,BlockedShot,RightFoot,OpenPlay,h,2025
648280,29609,6452,Mahdi Camara,66,0.765,0.32799999237060545,0.027690980583429337,SavedShot,RightFoot,OpenPlay,h,2025
648283,29609,5356,Breel Embolo,74,0.8580000305175781,0.5790000152587891,0.06049305573105812,SavedShot,RightFoot,OpenPlay,h,2025
648284,29609,1144,Seko Fofana,80,0.8130000305175781,0.5159999847412109,0.06172407791018486,MissedShots,RightFoot,OpenPlay,h,2025
648286,29609,11545,Jérémy Jacquet,90,0.904000015258789,0.535,0.07678184658288956,MissedShots,Head,FromCorner,h,2025
648265,29609,13888,Danny Namaso,7,0.840999984741211,0.534000015258789,0.34466230869293213,Goal,RightFoot,OpenPlay,a,2025
648271,29609,13792,Ibrahim Osman,36,0.8619999694824219,0.7169999694824218,0.030303679406642914,BlockedShot,RightFoot,OpenPlay,a,2025
648272,29609,13792,Ibrahim Osman,41,0.5629999923706055,0.40299999237060546,0.007910314947366714,MissedShots,RightFoot,OpenPlay,a,2025
648275,29609,10815,Lassine Sinayoko,47,0.8209999847412109,0.45,0.4716036021709442,SavedShot,RightFoot,OpenPlay,a,2025
648281,29609,10815,Lassine Sinayoko,71,0.885,0.5,0.7600951194763184,Goal,RightFoot,Penalty,a,2025
648282,29609,10815,Lassine Sinayoko,72,0.7580000305175781,0.44599998474121094,0.024856623262166977,SavedShot,RightFoot,OpenPlay,a,2025
648285,29609,1326,Assane Diousse,86,0.7830000305175782,0.6229999923706054,0.026905985549092293,MissedShots,LeftFoot,OpenPlay,a,2025
648422,29605,9490,Matthis Abline,18,0.905,0.615,0.40187665820121765,SavedShot,LeftFoot,OpenPlay,h,2025
648423,29605,13826,Kwon Hyeok-Kyu,21,0.8059999847412109,0.4640000152587891,0.03903251141309738,BlockedShot,RightFoot,SetPiece,h,2025
648424,29605,6017,Chidozie Awaziem,21,0.879000015258789,0.42,0.08506662398576736,BlockedShot,LeftFoot,SetPiece,h,2025
648431,29605,9490,Matthis Abline,44,0.8680000305175781,0.46,0.0679541528224945,ShotOnPost,RightFoot,OpenPlay,h,2025
648432,29605,9490,Matthis Abline,46,0.889000015258789,0.25799999237060545,0.08142304420471191,SavedShot,RightFoot,OpenPlay,h,2025
648438,29605,9490,Matthis Abline,70,0.7769999694824219,0.7180000305175781,0.03324497118592262,BlockedShot,RightFoot,OpenPlay,h,2025
648442,29605,13826,Kwon Hyeok-Kyu,82,0.8130000305175781,0.53,0.04391704499721527,MissedShots,RightFoot,SetPiece,h,2025
648443,29605,9490,Matthis Abline,83,0.8130000305175781,0.33799999237060546,0.02340846322476864,MissedShots,RightFoot,FromCorner,h,2025
648416,29605,11757,Hákon Haraldsson,7,0.8540000152587891,0.5329999923706055,0.10252566635608673,Goal,RightFoot,OpenPlay,a,2025
648417,29605,6500,Romain Perraud,9,0.759000015258789,0.75,0.020500807091593742,BlockedShot,LeftFoot,OpenPlay,a,2025
648418,29605,502,Olivier Giroud,10,0.9080000305175782,0.4859999847412109,0.1288967728614807,MissedShots,Head,OpenPlay,a,2025
648419,29605,5680,Thomas Meunier,13,0.860999984741211,0.5259999847412109,0.027227867394685745,MissedShots,RightFoot,FromCorner,a,2025
648420,29605,12162,Ayyoub Bouaddi,15,0.7609999847412109,0.66,0.015685947611927986,MissedShots,LeftFoot,FromCorner,a,2025
648421,29605,3223,Benjamin André,16,0.9290000152587891,0.5770000076293945,0.08119156211614609,MissedShots,Head,FromCorner,a,2025
648425,29605,11757,Hákon Haraldsson,31,0.9059999847412109,0.40099998474121096,0.40048253536224365,ShotOnPost,RightFoot,OpenPlay,a,2025
648426,29605,11757,Hákon Haraldsson,34,0.8669999694824219,0.4929999923706055,0.09225133806467056,MissedShots,RightFoot,OpenPlay,a,2025
648427,29605,13051,Matias Fernandez-Pardo,36,0.9059999847412109,0.48400001525878905,0.1427149474620819,BlockedShot,RightFoot,OpenPlay,a,2025
648428,29605,13051,Matias Fernandez-Pardo,38,0.8630000305175781,0.4779999923706055,0.0711221769452095,BlockedShot,LeftFoot,FromCorner,a,2025
648429,29605,3237,Aissa Mandi,39,0.9590000152587891,0.5940000152587891,0.068841353058815,BlockedShot,Head,FromCorner,a,2025
648430,29605,13051,Matias Fernandez-Pardo,39,0.9630000305175781,0.5170000076293946,0.15451185405254364,SavedShot,LeftFoot,FromCorner,a,2025
648433,29605,13051,Matias Fernandez-Pardo,46,0.8180000305175781,0.644000015258789,0.07015162706375122,SavedShot,RightFoot,OpenPlay,a,2025
648434,29605,6500,Romain Perraud,55,0.8490000152587891,0.700999984741211,0.04520651325583458,MissedShots,RightFoot,OpenPlay,a,2025
648435,29605,13051,Matias Fernandez-Pardo,69,0.855,0.5940000152587891,0.08511334657669067,BlockedShot,RightFoot,OpenPlay,a,2025
648436,29605,3223,Benjamin André,70,0.9080000305175782,0.515,0.030898626893758774,MissedShots,Head,FromCorner,a,2025
648437,29605,13051,Matias Fernandez-Pardo,70,0.9619999694824218,0.5229999923706055,0.6627972722053528,SavedShot,LeftFoot,FromCorner,a,2025
648439,29605,9444,Felix Correia,74,0.845,0.7030000305175781,0.04272124543786049,BlockedShot,RightFoot,OpenPlay,a,2025
648440,29605,502,Olivier Giroud,74,0.975999984741211,0.40299999237060546,0.12823957204818726,MissedShots,RightFoot,OpenPlay,a,2025
648441,29605,12162,Ayyoub Bouaddi,79,0.825999984741211,0.5459999847412109,0.06549527496099472,BlockedShot,RightFoot,OpenPlay,a,2025
648444,29605,13976,Hamza Igamane,84,0.914000015258789,0.34400001525878904,0.08188161253929138,MissedShots,RightFoot,OpenPlay,a,2025
648445,29605,13976,Hamza Igamane,88,0.8669999694824219,0.47,0.16578444838523865,Goal,RightFoot,OpenPlay,a,2025
648446,29605,12066,Ethan Mbappé,95,0.8469999694824218,0.5620000076293945,0.11264774203300476,BlockedShot,LeftFoot,OpenPlay,a,2025
648643,29614,5619,Pierre Lees-Melou,8,0.8130000305175781,0.26799999237060546,0.024052681401371956,SavedShot,LeftFoot,OpenPlay,h,2025
648645,29614,5619,Pierre Lees-Melou,14,0.8369999694824218,0.500999984741211,0.024524712935090065,MissedShots,LeftFoot,FromCorner,h,2025
648646,29614,13800,Samir Chergui,14,0.91,0.5429999923706055,0.42878225445747375,Goal,RightFoot,FromCorner,h,2025
648647,29614,7169,Moses Simon,28,0.8519999694824218,0.6480000305175782,0.047613758593797684,BlockedShot,RightFoot,OpenPlay,h,2025
648648,29614,9656,Ilan Kebbal,33,0.8590000152587891,0.27100000381469724,0.03743048757314682,BlockedShot,LeftFoot,OpenPlay,h,2025
648649,29614,5696,Vincent Marchetti,34,0.8869999694824219,0.28600000381469726,0.047089263796806335,BlockedShot,LeftFoot,OpenPlay,h,2025
648651,29614,9656,Ilan Kebbal,40,0.8730000305175781,0.4520000076293945,0.1354183554649353,SavedShot,LeftFoot,OpenPlay,h,2025
648652,29614,7169,Moses Simon,42,0.8059999847412109,0.6129999923706054,0.030646001920104027,MissedShots,LeftFoot,SetPiece,h,2025
648657,29614,9656,Ilan Kebbal,60,0.774000015258789,0.37599998474121094,0.021431814879179,MissedShots,LeftFoot,OpenPlay,h,2025
648658,29614,9656,Ilan Kebbal,64,0.855999984741211,0.45,0.06372988224029541,MissedShots,LeftFoot,OpenPlay,h,2025
648659,29614,13800,Samir Chergui,67,0.895,0.4829999923706055,0.03193805739283562,MissedShots,Head,OpenPlay,h,2025
648661,29614,9656,Ilan Kebbal,76,0.860999984741211,0.29600000381469727,0.036227498203516006,BlockedShot,LeftFoot,OpenPlay,h,2025
648662,29614,9563,Mamadou Mbow,81,0.89,0.4929999923706055,0.017464522272348404,MissedShots,Head,FromCorner,h,2025
648665,29614,13871,Otávio,88,0.6940000152587891,0.615,0.015443505719304085,MissedShots,LeftFoot,SetPiece,h,2025
648642,29614,2082,Youssef El-Arabi,1,0.79,0.63,0.028889145702123642,Goal,RightFoot,OpenPlay,a,2025
648644,29614,10581,Junior Mwanga,10,0.874000015258789,0.33599998474121096,0.09481286257505417,MissedShots,RightFoot,OpenPlay,a,2025
648650,29614,9490,Matthis Abline,37,0.8009999847412109,0.3029999923706055,0.01827210932970047,Goal,RightFoot,FromCorner,a,2025
648653,29614,12844,Bahereba Guirassy,44,0.860999984741211,0.355,0.1078256368637085,BlockedShot,RightFoot,OpenPlay,a,2025
648654,29614,9490,Matthis Abline,46,0.7980000305175782,0.37,0.09465639293193817,BlockedShot,RightFoot,DirectFreekick,a,2025
648655,29614,10581,Junior Mwanga,46,0.8669999694824219,0.55,0.08356915414333344,BlockedShot,RightFoot,SetPiece,a,2025
648656,29614,12387,Dehmaine Assoumani,46,0.7230000305175781,0.55,0.03936037793755531,MissedShots,LeftFoot,OpenPlay,a,2025
648660,29614,12844,Bahereba Guirassy,73,0.9219999694824219,0.534000015258789,0.1548909842967987,MissedShots,Head,OpenPlay,a,2025
648663,29614,14034,Bahmed Deuff,83,0.7759999847412109,0.46599998474121096,0.0640622079372406,SavedShot,RightFoot,OpenPlay,a,2025
648664,29614,12844,Bahereba Guirassy,85,0.899000015258789,0.3060000038146973,0.17143546044826508,ShotOnPost,RightFoot,OpenPlay,a,2025
648666,29614,9490,Matthis Abline,100,0.794000015258789,0.6990000152587891,0.06696286052465439,MissedShots,RightFoot,DirectFreekick,a,2025
649010,29613,5742,Hugo Magnetti,8,0.7569999694824219,0.5359999847412109,0.01986643113195896,BlockedShot,LeftFoot,SetPiece,h,2025
649011,29613,5975,Kenny Lala,8,0.7669999694824219,0.22600000381469726,0.018776915967464447,MissedShots,RightFoot,FromCorner,h,2025
649012,29613,14052,Pathé Mboup,16,0.905,0.5379999923706055,0.4309293031692505,SavedShot,RightFoot,OpenPlay,h,2025
649017,29613,3721,Romain Del Castillo,32,0.7469999694824219,0.595,0.0175691619515419,MissedShots,LeftFoot,OpenPlay,h,2025
649021,29613,14052,Pathé Mboup,40,0.769000015258789,0.6519999694824219,0.011544653214514256,MissedShots,RightFoot,OpenPlay,h,2025
649022,29613,14052,Pathé Mboup,44,0.8569999694824219,0.5979999923706054,0.008044494315981865,MissedShots,Head,SetPiece,h,2025
649023,29613,3721,Romain Del Castillo,58,0.885,0.5,0.7600951194763184,MissedShots,RightFoot,Penalty,h,2025
649032,29613,7747,Mama Baldé,86,0.9540000152587891,0.5679999923706055,0.625744640827179,SavedShot,RightFoot,OpenPlay,h,2025
649013,29613,7313,Lee Kang-In,22,0.735,0.24399999618530274,0.011983108706772327,BlockedShot,LeftFoot,FromCorner,a,2025
649014,29613,12345,Senny Mayulu,23,0.9219999694824219,0.405,0.41912326216697693,SavedShot,RightFoot,OpenPlay,a,2025
649015,29613,10786,Warren Zaïre-Emery,23,0.9069999694824219,0.48900001525878906,0.08581261336803436,MissedShots,Head,FromCorner,a,2025
649016,29613,5197,Achraf Hakimi,28,0.904000015258789,0.39599998474121095,0.3010903596878052,Goal,RightFoot,OpenPlay,a,2025
649018,29613,10786,Warren Zaïre-Emery,35,0.7759999847412109,0.6869999694824219,0.02628258988261223,SavedShot,RightFoot,OpenPlay,a,2025
649019,29613,7453,Khvicha Kvaratskhelia,38,0.9269999694824219,0.56,0.45728743076324463,SavedShot,RightFoot,OpenPlay,a,2025
649020,29613,5197,Achraf Hakimi,38,0.9369999694824219,0.4209999847412109,0.5140278935432434,Goal,RightFoot,OpenPlay,a,2025
649024,29613,7313,Lee Kang-In,62,0.6940000152587891,0.40799999237060547,0.022261565551161766,MissedShots,LeftFoot,OpenPlay,a,2025
649025,29613,7453,Khvicha Kvaratskhelia,64,0.92,0.3039999961853027,0.04690834507346153,SavedShot,RightFoot,FromCorner,a,2025
649026,29613,7313,Lee Kang-In,64,0.8780000305175781,0.40400001525878904,0.07417897135019302,BlockedShot,LeftFoot,FromCorner,a,2025
649027,29613,3226,Ousmane Dembélé,68,0.79,0.3129999923706055,0.03349938616156578,MissedShots,LeftFoot,OpenPlay,a,2025
649028,29613,10431,Désiré Doué,71,0.7859999847412109,0.7780000305175782,0.02687537856400013,MissedShots,RightFoot,OpenPlay,a,2025
649029,29613,10016,Bradley Barcola,72,0.8080000305175781,0.51,0.06975680589675903,SavedShot,RightFoot,OpenPlay,a,2025
649030,29613,3226,Ousmane Dembélé,75,0.7809999847412109,0.5940000152587891,0.04567727446556091,MissedShots,RightFoot,OpenPlay,a,2025
649031,29613,3226,Ousmane Dembélé,77,0.759000015258789,0.36900001525878906,0.021976295858621597,MissedShots,LeftFoot,OpenPlay,a,2025
649033,29613,10431,Désiré Doué,88,0.9019999694824219,0.375,0.4580456018447876,ShotOnPost,RightFoot,OpenPlay,a,2025
649034,29613,8777,Vitinha,92,0.7390000152587891,0.5070000076293946,0.024543054401874542,MissedShots,RightFoot,FromCorner,a,2025
649035,29613,10431,Désiré Doué,95,0.889000015258789,0.605,0.28867992758750916,Goal,LeftFoot,OpenPlay,a,2025
649161,29615,12186,Kassoum Ouattara,1,0.8780000305175781,0.725999984741211,0.019305696710944176,BlockedShot,LeftFoot,OpenPlay,h,2025
649162,29615,6923,Mohammed Salisu,2,0.945,0.49700000762939456,0.4149690270423889,Goal,Head,FromCorner,h,2025
649163,29615,7967,Anssumane Fati,5,0.9109999847412109,0.5770000076293945,0.42456236481666565,SavedShot,RightFoot,OpenPlay,h,2025
649164,29615,8239,Takumi Minamino,6,0.9069999694824219,0.575999984741211,0.10071192681789398,BlockedShot,Head,OpenPlay,h,2025
649165,29615,8239,Takumi Minamino,13,0.8730000305175781,0.624000015258789,0.11192423850297928,BlockedShot,LeftFoot,OpenPlay,h,2025
649166,29615,8239,Takumi Minamino,25,0.905,0.43200000762939456,0.13480858504772186,BlockedShot,RightFoot,OpenPlay,h,2025
649168,29615,9690,Folarin Balogun,34,0.9330000305175781,0.514000015258789,0.597364068031311,SavedShot,RightFoot,OpenPlay,h,2025
649169,29615,7967,Anssumane Fati,34,0.919000015258789,0.49700000762939456,0.5069810748100281,MissedShots,RightFoot,OpenPlay,h,2025
649171,29615,9690,Folarin Balogun,43,0.914000015258789,0.45599998474121095,0.11602023988962173,MissedShots,Head,OpenPlay,h,2025
649173,29615,12804,George Ilenikhena,59,0.7269999694824218,0.51,0.04950786009430885,SavedShot,LeftFoot,OpenPlay,h,2025
649177,29615,14098,Pape Cabral,77,0.895,0.5470000076293945,0.4102010130882263,SavedShot,RightFoot,OpenPlay,h,2025
649178,29615,12186,Kassoum Ouattara,77,0.9519999694824218,0.5270000076293946,0.5832073092460632,ShotOnPost,LeftFoot,OpenPlay,h,2025
649180,29615,12804,George Ilenikhena,81,0.8530000305175781,0.5940000152587891,0.08047564327716827,BlockedShot,LeftFoot,OpenPlay,h,2025
649181,29615,2674,Thilo Kehrer,81,0.965,0.4420000076293945,0.1255740523338318,MissedShots,Head,FromCorner,h,2025
649167,29615,6874,Yann Gboho,29,0.7519999694824219,0.500999984741211,0.023134399205446243,SavedShot,LeftFoot,OpenPlay,a,2025
649170,29615,9220,Charlie Cresswell,38,0.9330000305175781,0.4570000076293945,0.11436156928539276,MissedShots,Head,FromCorner,a,2025
649172,29615,10788,Rasmus Nicolaisen,46,0.9259999847412109,0.4420000076293945,0.04165363311767578,MissedShots,Head,FromCorner,a,2025
649174,29615,14082,Emersonn,64,0.924000015258789,0.5109999847412109,0.09241624921560287,MissedShots,Head,OpenPlay,a,2025
649175,29615,6874,Yann Gboho,69,0.7680000305175781,0.3160000038146973,0.012849241495132446,SavedShot,RightFoot,OpenPlay,a,2025
649176,29615,13757,Alexis Vossah,71,0.885,0.4570000076293945,0.09218788146972656,MissedShots,LeftFoot,OpenPlay,a,2025
649179,29615,9220,Charlie Cresswell,79,0.9259999847412109,0.58,0.03777902200818062,MissedShots,Head,SetPiece,a,2025
649182,29615,12045,Aron Dønnum,84,0.7969999694824219,0.37,0.012731373310089111,BlockedShot,LeftFoot,OpenPlay,a,2025
649183,29615,6874,Yann Gboho,85,0.905,0.5729999923706055,0.0784887820482254,BlockedShot,RightFoot,OpenPlay,a,2025
649184,29615,13755,Mário Sauer,91,0.874000015258789,0.565,0.07851981371641159,BlockedShot,RightFoot,OpenPlay,a,2025
649277,29612,3697,Odsonne Edouard,22,0.885,0.5,0.7600951194763184,Goal,RightFoot,Penalty,h,2025
649279,29612,5745,Matthieu Udol,32,0.8719999694824219,0.6530000305175782,0.05294627323746681,MissedShots,RightFoot,OpenPlay,h,2025
649281,29612,942,Florian Thauvin,40,0.715999984741211,0.585,0.01553090289235115,MissedShots,LeftFoot,OpenPlay,h,2025
649284,29612,13917,Mamadou Sangaré,46,0.725999984741211,0.44599998474121094,0.01799946092069149,SavedShot,LeftFoot,OpenPlay,h,2025
649289,29612,942,Florian Thauvin,61,0.9669999694824218,0.4640000152587891,0.6232746243476868,SavedShot,Head,OpenPlay,h,2025
649291,29612,13732,Samson Baidoo,71,0.915,0.5679999923706055,0.021176563575863838,MissedShots,Head,FromCorner,h,2025
649293,29612,11046,Abdallah Sima,82,0.94,0.25299999237060544,0.05391061678528786,SavedShot,RightFoot,OpenPlay,h,2025
649296,29612,13917,Mamadou Sangaré,90,0.8719999694824219,0.5940000152587891,0.3310231864452362,SavedShot,LeftFoot,OpenPlay,h,2025
649272,29612,13330,Robinio Vaz,1,0.9030000305175782,0.44799999237060545,0.08857239037752151,MissedShots,Head,SetPiece,a,2025
649273,29612,7490,Mason Greenwood,3,0.8169999694824219,0.675,0.04333323985338211,BlockedShot,LeftFoot,OpenPlay,a,2025
649274,29612,14010,Igor Paixão,4,0.785,0.6619999694824219,0.025516241788864136,BlockedShot,RightFoot,OpenPlay,a,2025
649275,29612,3363,Benjamin Pavard,5,0.924000015258789,0.555,0.03686035796999931,SavedShot,Head,FromCorner,a,2025
649276,29612,7490,Mason Greenwood,16,0.7969999694824219,0.5259999847412109,0.04619349539279938,Goal,RightFoot,OpenPlay,a,2025
649278,29612,13206,Matt O&#039;Riley,30,0.7609999847412109,0.565,0.026048030704259872,MissedShots,LeftFoot,OpenPlay,a,2025
649280,29612,14010,Igor Paixão,38,0.7730000305175782,0.525,0.03670947253704071,BlockedShot,RightFoot,OpenPlay,a,2025
649282,29612,14010,Igor Paixão,45,0.8440000152587891,0.6790000152587891,0.04180622100830078,BlockedShot,RightFoot,OpenPlay,a,2025
649283,29612,6935,Naif Aguerd,46,0.8859999847412109,0.515,0.016099775210022926,BlockedShot,Head,FromCorner,a,2025
649285,29612,7490,Mason Greenwood,46,0.87,0.43599998474121093,0.10334261506795883,BlockedShot,RightFoot,OpenPlay,a,2025
649286,29612,3363,Benjamin Pavard,52,0.07,0.509000015258789,0,OwnGoal,LeftFoot,FromCorner,a,2025
649287,29612,318,Pierre-Emerick Aubameyang,53,0.77,0.48400001525878905,0.024493971839547157,SavedShot,RightFoot,OpenPlay,a,2025
649288,29612,12111,Amir Murillo,58,0.8669999694824219,0.36900001525878906,0.05861536040902138,MissedShots,LeftFoot,OpenPlay,a,2025
649290,29612,7490,Mason Greenwood,64,0.8169999694824219,0.28600000381469726,0.03537799417972565,BlockedShot,LeftFoot,FromCorner,a,2025
649292,29612,14010,Igor Paixão,79,0.8980000305175782,0.73,0.025952717289328575,BlockedShot,RightFoot,OpenPlay,a,2025
649294,29612,7486,Leonardo Balerdi,85,0.8969999694824219,0.4859999847412109,0.06171787157654762,MissedShots,Head,FromCorner,a,2025
649295,29612,7490,Mason Greenwood,85,0.93,0.3060000038146973,0.05225967988371849,MissedShots,RightFoot,FromCorner,a,2025
649297,29612,343,Pierre-Emile Højbjerg,94,0.8190000152587891,0.4470000076293945,0.0458051860332489,MissedShots,LeftFoot,SetPiece,a,2025
649547,29617,11757,Hákon Haraldsson,2,0.9030000305175782,0.4420000076293945,0.5306571125984192,MissedShots,RightFoot,OpenPlay,h,2025
649548,29617,13976,Hamza Igamane,7,0.7630000305175781,0.3290000152587891,0.020836859941482544,SavedShot,RightFoot,OpenPlay,h,2025
649549,29617,849,Chancel Mbemba,9,0.925,0.3890000152587891,0.05022765323519707,BlockedShot,RightFoot,FromCorner,h,2025
649550,29617,849,Chancel Mbemba,9,0.905,0.4470000076293945,0.03016728162765503,MissedShots,Head,FromCorner,h,2025
649551,29617,13051,Matias Fernandez-Pardo,9,0.970999984741211,0.5740000152587891,0.5256239771842957,SavedShot,RightFoot,FromCorner,h,2025
649552,29617,3223,Benjamin André,10,0.9259999847412109,0.509000015258789,0.05645512416958809,MissedShots,Head,FromCorner,h,2025
649553,29617,6500,Romain Perraud,15,0.924000015258789,0.39299999237060546,0.05482308939099312,MissedShots,Head,OpenPlay,h,2025
649554,29617,13976,Hamza Igamane,23,0.865,0.56,0.351081907749176,Goal,LeftFoot,OpenPlay,h,2025
649556,29617,13051,Matias Fernandez-Pardo,27,0.875,0.7290000152587891,0.04753953590989113,BlockedShot,RightFoot,OpenPlay,h,2025
649558,29617,13976,Hamza Igamane,30,0.749000015258789,0.605,0.026364346966147423,MissedShots,RightFoot,OpenPlay,h,2025
649559,29617,9444,Felix Correia,33,0.715,0.38299999237060545,0.24576330184936523,Goal,RightFoot,OpenPlay,h,2025
649560,29617,13051,Matias Fernandez-Pardo,38,0.9230000305175782,0.664000015258789,0.2208302617073059,SavedShot,LeftFoot,OpenPlay,h,2025
649561,29617,11757,Hákon Haraldsson,39,0.815,0.6819999694824219,0.04128854721784592,MissedShots,RightFoot,OpenPlay,h,2025
649564,29617,9444,Felix Correia,52,0.845,0.455,0.07466445863246918,Goal,RightFoot,OpenPlay,h,2025
649566,29617,13051,Matias Fernandez-Pardo,56,0.8519999694824218,0.6969999694824218,0.058657411485910416,BlockedShot,RightFoot,OpenPlay,h,2025
649568,29617,6500,Romain Perraud,63,0.85,0.46599998474121096,0.08103428035974503,Goal,LeftFoot,SetPiece,h,2025
649572,29617,12801,Osame Sahraoui,71,0.9069999694824219,0.55,0.5436116456985474,SavedShot,RightFoot,OpenPlay,h,2025
649573,29617,914,Nabil Bentaleb,78,0.7480000305175781,0.28200000762939453,0.014677932485938072,MissedShots,LeftFoot,OpenPlay,h,2025
649574,29617,3223,Benjamin André,81,0.9419999694824219,0.48700000762939455,0.5472946166992188,Goal,Head,OpenPlay,h,2025
649575,29617,13783,Marius Broholm,85,0.86,0.285,0.059655752032995224,SavedShot,LeftFoot,OpenPlay,h,2025
649576,29617,13783,Marius Broholm,90,0.8969999694824219,0.38,0.07399345934391022,SavedShot,LeftFoot,SetPiece,h,2025
649577,29617,11757,Hákon Haraldsson,92,0.9169999694824219,0.664000015258789,0.0933980941772461,Goal,LeftFoot,OpenPlay,h,2025
649579,29617,13471,Soriba Diaoune,99,0.89,0.41700000762939454,0.10189463943243027,ShotOnPost,LeftFoot,OpenPlay,h,2025
649555,29617,13812,Alpha Touré,25,0.8480000305175781,0.5209999847412109,0.06077101454138756,BlockedShot,LeftFoot,OpenPlay,a,2025
649557,29617,6308,Jessy Deminguet,30,0.9330000305175781,0.6359999847412109,0.013138899579644203,MissedShots,Head,FromCorner,a,2025
649562,29617,13809,Giorgi Tsitaishvili,48,0.8969999694824219,0.6930000305175781,0.07658074051141739,MissedShots,LeftFoot,OpenPlay,a,2025
649563,29617,13813,Giorgi Abuashvili,51,0.9059999847412109,0.6819999694824219,0.030917959287762642,SavedShot,RightFoot,FromCorner,a,2025
649565,29617,8686,Cheick Tidiane Sabaly,55,0.9169999694824219,0.40799999237060547,0.07367882132530212,MissedShots,LeftFoot,OpenPlay,a,2025
649567,29617,13815,Morgan Bokele,61,0.84,0.48900001525878906,0.07049169391393661,SavedShot,RightFoot,OpenPlay,a,2025
649569,29617,3290,Benjamin Stambouli,66,0.9330000305175781,0.43400001525878906,0.039179928600788116,MissedShots,Head,FromCorner,a,2025
649570,29617,8686,Cheick Tidiane Sabaly,68,0.9540000152587891,0.5,0.5749587416648865,SavedShot,RightFoot,OpenPlay,a,2025
649571,29617,13809,Giorgi Tsitaishvili,68,0.764000015258789,0.605999984741211,0.01788674108684063,MissedShots,LeftFoot,FromCorner,a,2025
649578,29617,12000,Ibou Sané,94,0.8730000305175781,0.34400001525878904,0.05715908110141754,Goal,RightFoot,OpenPlay,a,2025
649699,29610,14131,Amine Sbaï,9,0.795,0.624000015258789,0.03250107914209366,SavedShot,RightFoot,OpenPlay,h,2025
649700,29610,13604,Prosper Peter,15,0.9030000305175782,0.625999984741211,0.34671398997306824,Goal,LeftFoot,OpenPlay,h,2025
649704,29610,14131,Amine Sbaï,26,0.8380000305175781,0.7,0.06135707348585129,SavedShot,RightFoot,OpenPlay,h,2025
649711,29610,10923,Himad Abdelli,57,0.785,0.6129999923706054,0.0437389574944973,BlockedShot,RightFoot,OpenPlay,h,2025
649712,29610,12847,Sidiki Chérif,58,0.9740000152587891,0.34799999237060547,0.29723837971687317,Goal,RightFoot,OpenPlay,h,2025
649717,29610,11294,Lilian Raolisoa,74,0.8680000305175781,0.7169999694824218,0.09460117667913437,BlockedShot,RightFoot,OpenPlay,h,2025
649720,29610,13612,Lanroy Machine,89,0.875999984741211,0.4590000152587891,0.4278183877468109,MissedShots,RightFoot,OpenPlay,h,2025
649694,29610,10347,Pablo Pagis,2,0.725999984741211,0.39799999237060546,0.04697791859507561,BlockedShot,RightFoot,DirectFreekick,a,2025
649695,29610,13794,Arsène Kouassi,2,0.865999984741211,0.639000015258789,0.02474447712302208,MissedShots,LeftFoot,FromCorner,a,2025
649696,29610,3536,Jean-Victor Makengo,4,0.8580000305175781,0.3679999923706055,0.07049071043729782,BlockedShot,LeftFoot,OpenPlay,a,2025
649697,29610,10844,Darline Yongwa,5,0.725,0.39299999237060546,0.013921473175287247,MissedShots,LeftFoot,FromCorner,a,2025
649698,29610,10347,Pablo Pagis,7,0.8480000305175781,0.38799999237060545,0.07673268765211105,MissedShots,LeftFoot,OpenPlay,a,2025
649701,29610,3536,Jean-Victor Makengo,17,0.775,0.4640000152587891,0.032340578734874725,SavedShot,LeftFoot,OpenPlay,a,2025
649702,29610,12328,Arthur Avom,20,0.905,0.4540000152587891,0.11885544657707214,BlockedShot,RightFoot,OpenPlay,a,2025
649703,29610,12049,Aiyegun Tosin,21,0.885,0.5,0.7600951194763184,SavedShot,RightFoot,Penalty,a,2025
649705,29610,10844,Darline Yongwa,29,0.8,0.6580000305175782,0.02625741995871067,BlockedShot,LeftFoot,OpenPlay,a,2025
649706,29610,4882,Laurent Abergel,29,0.7090000152587891,0.385,0.011379293166100979,BlockedShot,RightFoot,OpenPlay,a,2025
649707,29610,4882,Laurent Abergel,35,0.8190000152587891,0.5929999923706055,0.043532904237508774,BlockedShot,RightFoot,OpenPlay,a,2025
649708,29610,10844,Darline Yongwa,46,0.78,0.6220000076293946,0.026538588106632233,BlockedShot,LeftFoot,OpenPlay,a,2025
649709,29610,3536,Jean-Victor Makengo,48,0.8619999694824219,0.4570000076293945,0.06521809846162796,BlockedShot,LeftFoot,OpenPlay,a,2025
649710,29610,12328,Arthur Avom,48,0.7469999694824219,0.515,0.025487910956144333,MissedShots,RightFoot,OpenPlay,a,2025
649713,29610,9929,Théo Le Bris,63,0.8869999694824219,0.325,0.044939085841178894,MissedShots,RightFoot,OpenPlay,a,2025
649714,29610,9873,Montassar Talbi,66,0.8619999694824219,0.49900001525878906,0.010534075088799,BlockedShot,Head,SetPiece,a,2025
649715,29610,12328,Arthur Avom,73,0.8730000305175781,0.85,0.04791101813316345,BlockedShot,RightFoot,DirectFreekick,a,2025
649716,29610,12383,Mohamed Bamba,73,0.9209999847412109,0.549000015258789,0.09366997331380844,MissedShots,Head,FromCorner,a,2025
649718,29610,9929,Théo Le Bris,81,0.8809999847412109,0.33299999237060546,0.06817852705717087,MissedShots,RightFoot,OpenPlay,a,2025
649719,29610,13795,Dermane Karim,87,0.8580000305175781,0.745999984741211,0.021257461979985237,MissedShots,RightFoot,OpenPlay,a,2025
649721,29610,10074,Sambou Soumano,91,0.895,0.749000015258789,0.028523165732622147,BlockedShot,LeftFoot,OpenPlay,a,2025
649722,29610,12383,Mohamed Bamba,91,0.9080000305175782,0.5209999847412109,0.30259594321250916,SavedShot,Head,OpenPlay,a,2025
649723,29610,13975,Noah Cadiou,92,0.874000015258789,0.47900001525878905,0.041875213384628296,SavedShot,Head,OpenPlay,a,2025
649727,29611,13888,Danny Namaso,26,0.889000015258789,0.36,0.0733916163444519,BlockedShot,RightFoot,OpenPlay,h,2025
649728,29611,13888,Danny Namaso,26,0.8930000305175781,0.4420000076293945,0.10815074294805527,SavedShot,RightFoot,OpenPlay,h,2025
649730,29611,10815,Lassine Sinayoko,35,0.9669999694824218,0.7090000152587891,0.07164978981018066,BlockedShot,LeftFoot,OpenPlay,h,2025
649731,29611,13888,Danny Namaso,36,0.83,0.6279999923706054,0.023272186517715454,MissedShots,RightFoot,OpenPlay,h,2025
649736,29611,11789,Josué Casimir,51,0.83,0.3029999923706055,0.06719738990068436,SavedShot,RightFoot,OpenPlay,h,2025
649737,29611,13888,Danny Namaso,64,0.8980000305175782,0.534000015258789,0.030672162771224976,MissedShots,Head,OpenPlay,h,2025
649738,29611,1326,Assane Diousse,66,0.7730000305175782,0.5120000076293946,0.022130252793431282,BlockedShot,LeftFoot,FromCorner,h,2025
649739,29611,12826,Lasso Coulibaly,72,0.87,0.2720000076293945,0.02461313270032406,BlockedShot,RightFoot,FromCorner,h,2025
649741,29611,13577,Rudy Matondo,80,0.9180000305175782,0.33299999237060546,0.05476932227611542,BlockedShot,RightFoot,FromCorner,h,2025
649742,29611,13888,Danny Namaso,86,0.7930000305175782,0.644000015258789,0.028803696855902672,BlockedShot,RightFoot,OpenPlay,h,2025
649743,29611,13792,Ibrahim Osman,87,0.8159999847412109,0.4929999923706055,0.04070241004228592,MissedShots,LeftFoot,FromCorner,h,2025
649744,29611,11962,Oussama El Azzouzi,89,0.7369999694824219,0.4829999923706055,0.010588954202830791,BlockedShot,RightFoot,OpenPlay,h,2025
649745,29611,7081,Francisco Sierralta,94,0.885,0.49200000762939455,0.01585800014436245,MissedShots,Head,FromCorner,h,2025
649724,29611,11788,Arouna Sangante,5,0.9309999847412109,0.5829999923706055,0.041779469698667526,MissedShots,Head,SetPiece,a,2025
649725,29611,3674,Abdoulaye Touré,16,0.74,0.4929999923706055,0.01998886652290821,BlockedShot,RightFoot,OpenPlay,a,2025
649726,29611,8287,Mbwana Samatta,16,0.96,0.4129999923706055,0.4840019643306732,SavedShot,RightFoot,OpenPlay,a,2025
649729,29611,11790,Rassoul Ndiaye,34,0.874000015258789,0.6320000076293946,0.07153239846229553,SavedShot,LeftFoot,OpenPlay,a,2025
649732,29611,13742,Ayumu Seko,41,0.8109999847412109,0.46799999237060547,0.03683008998632431,MissedShots,LeftFoot,SetPiece,a,2025
649733,29611,8287,Mbwana Samatta,44,0.879000015258789,0.5470000076293945,0.4629665017127991,MissedShots,RightFoot,OpenPlay,a,2025
649734,29611,11790,Rassoul Ndiaye,46,0.8219999694824218,0.6990000152587891,0.02931099385023117,MissedShots,RightFoot,OpenPlay,a,2025
649735,29611,3674,Abdoulaye Touré,46,0.8869999694824219,0.36400001525878906,0.06390267610549927,Goal,RightFoot,OpenPlay,a,2025
649740,29611,3674,Abdoulaye Touré,73,0.909000015258789,0.6930000305175781,0.3137103021144867,SavedShot,LeftFoot,OpenPlay,a,2025
649746,29618,3475,Ludovic Blas,4,0.7269999694824218,0.5270000076293946,0.016554400324821472,SavedShot,LeftFoot,OpenPlay,h,2025
649747,29618,12850,Esteban Lepaul,8,0.784000015258789,0.33099998474121095,0.0400850772857666,MissedShots,RightFoot,OpenPlay,h,2025
649749,29618,3673,Valentin Rongier,26,0.775,0.700999984741211,0.020640911534428596,SavedShot,RightFoot,OpenPlay,h,2025
649750,29618,5356,Breel Embolo,29,0.735,0.4909999847412109,0.037558868527412415,SavedShot,RightFoot,OpenPlay,h,2025
649752,29618,3475,Ludovic Blas,43,0.69,0.5559999847412109,0.0136879226192832,BlockedShot,LeftFoot,OpenPlay,h,2025
649754,29618,11545,Jérémy Jacquet,50,0.885,0.4,0.009777313098311424,MissedShots,Head,SetPiece,h,2025
649757,29618,5356,Breel Embolo,52,0.8919999694824219,0.47299999237060547,0.06889205425977707,MissedShots,RightFoot,OpenPlay,h,2025
649758,29618,6452,Mahdi Camara,55,0.7969999694824219,0.740999984741211,0.017336880788207054,MissedShots,RightFoot,OpenPlay,h,2025
649760,29618,12451,Djaoui Cissé,63,0.7430000305175781,0.5359999847412109,0.015001663938164711,MissedShots,RightFoot,OpenPlay,h,2025
649761,29618,13329,Abdelhamid Aït Boudlal,66,0.9669999694824218,0.5079999923706054,0.661380410194397,Goal,Head,SetPiece,h,2025
649762,29618,11545,Jérémy Jacquet,73,0.905,0.56,0.08625002205371857,SavedShot,Head,SetPiece,h,2025
649763,29618,12451,Djaoui Cissé,74,0.9069999694824219,0.6170000076293946,0.08126405626535416,SavedShot,LeftFoot,OpenPlay,h,2025
649766,29618,13210,Mohamed Meïté,82,0.9119999694824219,0.47,0.08547597378492355,BlockedShot,RightFoot,FromCorner,h,2025
649767,29618,3673,Valentin Rongier,82,0.7859999847412109,0.56,0.027740398421883583,BlockedShot,LeftFoot,OpenPlay,h,2025
649768,29618,12451,Djaoui Cissé,84,0.759000015258789,0.5420000076293945,0.022996868938207626,SavedShot,RightFoot,OpenPlay,h,2025
649769,29618,12451,Djaoui Cissé,86,0.76,0.7080000305175781,0.014144929125905037,BlockedShot,RightFoot,FromCorner,h,2025
649770,29618,13210,Mohamed Meïté,88,0.99,0.40900001525878904,0.1842007040977478,BlockedShot,Head,OpenPlay,h,2025
649771,29618,3475,Ludovic Blas,88,0.8969999694824219,0.5029999923706054,0.10603868216276169,BlockedShot,LeftFoot,OpenPlay,h,2025
649772,29618,13210,Mohamed Meïté,95,0.9109999847412109,0.3129999923706055,0.05485782027244568,BlockedShot,RightFoot,SetPiece,h,2025
649748,29618,3544,Jeremie Boga,21,0.8119999694824219,0.5359999847412109,0.32554760575294495,SavedShot,RightFoot,OpenPlay,a,2025
649751,29618,6846,Sofiane Diop,37,0.7909999847412109,0.3060000038146973,0.020041586831212044,Goal,RightFoot,OpenPlay,a,2025
649753,29618,8697,Jonathan Clauss,45,0.9,0.34200000762939453,0.08596612513065338,Goal,RightFoot,OpenPlay,a,2025
649755,29618,6846,Sofiane Diop,46,0.769000015258789,0.580999984741211,0.02851804718375206,MissedShots,LeftFoot,OpenPlay,a,2025
649756,29618,6846,Sofiane Diop,49,0.9109999847412109,0.5579999923706055,0.31793439388275146,MissedShots,Head,OpenPlay,a,2025
649759,29618,9514,Antoine Mendy,56,0.9219999694824219,0.47200000762939454,0.04769394174218178,MissedShots,Head,FromCorner,a,2025
649764,29618,3544,Jeremie Boga,78,0.7619999694824219,0.76,0.008468015119433403,BlockedShot,RightFoot,SetPiece,a,2025
649765,29618,3544,Jeremie Boga,79,0.795,0.75,0.05316993221640587,BlockedShot,RightFoot,DirectFreekick,a,2025
649942,29616,13735,Pavel Sulc,12,0.865999984741211,0.38799999237060545,0.06402021646499634,SavedShot,RightFoot,OpenPlay,h,2025
649947,29616,13735,Pavel Sulc,34,0.9730000305175781,0.57,0.06723833829164505,MissedShots,Head,FromCorner,h,2025
649948,29616,3603,Corentin Tolisso,42,0.885,0.5,0.7600951194763184,SavedShot,RightFoot,Penalty,h,2025
649949,29616,12336,Malick Fofana,43,0.91,0.6459999847412109,0.06892501562833786,BlockedShot,LeftFoot,SetPiece,h,2025
649953,29616,13739,Afonso Moreira,71,0.8669999694824219,0.74,0.030760547146201134,BlockedShot,RightFoot,OpenPlay,h,2025
649955,29616,3276,Rachid Ghezzal,83,0.8619999694824219,0.41700000762939454,0.033620383590459824,BlockedShot,LeftFoot,OpenPlay,h,2025
649956,29616,9001,Martín Satriano,89,0.9119999694824219,0.4470000076293945,0.10027728974819183,MissedShots,RightFoot,FromCorner,h,2025
649957,29616,13739,Afonso Moreira,90,0.8430000305175781,0.740999984741211,0.02071811445057392,Goal,RightFoot,OpenPlay,h,2025
649943,29616,11058,Julio Enciso,16,0.8369999694824218,0.47,0.07929107546806335,SavedShot,RightFoot,OpenPlay,a,2025
649944,29616,12413,Joaquín Panichelli,24,0.93,0.4809999847412109,0.46391043066978455,Goal,Head,OpenPlay,a,2025
649945,29616,11058,Julio Enciso,28,0.7390000152587891,0.66,0.024948230013251305,MissedShots,RightFoot,OpenPlay,a,2025
649946,29616,10390,Ismaël Doukouré,30,0.03700000047683716,0.41700000762939454,0,OwnGoal,RightFoot,OpenPlay,a,2025
649950,29616,11058,Julio Enciso,46,0.8219999694824218,0.34,0.03688916936516762,BlockedShot,RightFoot,OpenPlay,a,2025
649951,29616,11978,Diego Moreira,55,0.8590000152587891,0.6029999923706054,0.04771529510617256,MissedShots,LeftFoot,OpenPlay,a,2025
649952,29616,10485,Guemissongui Ouattara,58,0.855999984741211,0.519000015258789,0.125188410282135,BlockedShot,RightFoot,OpenPlay,a,2025
649954,29616,10485,Guemissongui Ouattara,75,0.74,0.32299999237060545,0.02020915411412716,MissedShots,RightFoot,OpenPlay,a,2025
650191,29619,7765,Thomas Delaine,3,0.909000015258789,0.6480000305175782,0.01306973583996296,BlockedShot,Head,OpenPlay,h,2025
650192,29619,13742,Ayumu Seko,5,0.7219999694824218,0.3160000038146973,0.013790098950266838,SavedShot,RightFoot,OpenPlay,h,2025
650193,29619,3701,Gautier Lloris,15,0.8859999847412109,0.42400001525878905,0.024606788530945778,BlockedShot,Head,FromCorner,h,2025
650194,29619,7765,Thomas Delaine,18,0.889000015258789,0.73,0.0503556951880455,BlockedShot,RightFoot,OpenPlay,h,2025
650199,29619,11792,Issa Soumaré,25,0.915,0.49599998474121093,0.06533629447221756,MissedShots,Head,OpenPlay,h,2025
650200,29619,12446,Simon Ebonog,44,0.7519999694824219,0.545,0.023505905643105507,BlockedShot,LeftFoot,OpenPlay,h,2025
650202,29619,12446,Simon Ebonog,46,0.7780000305175782,0.3160000038146973,0.01761295087635517,MissedShots,LeftFoot,OpenPlay,h,2025
650203,29619,11792,Issa Soumaré,50,0.7680000305175781,0.5209999847412109,0.029815159738063812,BlockedShot,LeftFoot,OpenPlay,h,2025
650204,29619,13743,Godson Kyeremeh,55,0.875,0.25,0.03040163591504097,MissedShots,RightFoot,OpenPlay,h,2025
650205,29619,11792,Issa Soumaré,61,0.9209999847412109,0.45299999237060545,0.11441557109355927,MissedShots,RightFoot,OpenPlay,h,2025
650206,29619,11788,Arouna Sangante,72,0.919000015258789,0.49599998474121093,0.04805666208267212,Goal,Head,FromCorner,h,2025
650209,29619,11792,Issa Soumaré,90,0.705,0.67,0.017939036712050438,SavedShot,RightFoot,OpenPlay,h,2025
650211,29619,13743,Godson Kyeremeh,91,0.91,0.6359999847412109,0.10715705901384354,BlockedShot,LeftFoot,OpenPlay,h,2025
650195,29619,3743,Lucas Tousart,20,0.7780000305175782,0.2989999961853027,0.015875983983278275,SavedShot,RightFoot,OpenPlay,a,2025
650196,29619,6905,Ludovic Ajorque,21,0.8109999847412109,0.41400001525878904,0.04198003560304642,BlockedShot,LeftFoot,OpenPlay,a,2025
650197,29619,5742,Hugo Magnetti,24,0.8390000152587891,0.335,0.04266258701682091,MissedShots,RightFoot,OpenPlay,a,2025
650198,29619,3743,Lucas Tousart,25,0.740999984741211,0.6170000076293946,0.015121938660740852,SavedShot,RightFoot,OpenPlay,a,2025
650201,29619,6905,Ludovic Ajorque,45,0.9730000305175781,0.6580000305175782,0.052603013813495636,BlockedShot,LeftFoot,OpenPlay,a,2025
650207,29619,7747,Mama Baldé,77,0.9069999694824219,0.485,0.079914391040802,MissedShots,Head,OpenPlay,a,2025
650208,29619,7747,Mama Baldé,88,0.9230000305175782,0.48900001525878906,0.054396066814661026,MissedShots,Head,OpenPlay,a,2025
650210,29619,7747,Mama Baldé,91,0.9319999694824219,0.49400001525878906,0.06775673478841782,MissedShots,Head,OpenPlay,a,2025
650212,29621,13795,Dermane Karim,18,0.8430000305175781,0.28600000381469726,0.05290082097053528,MissedShots,RightFoot,OpenPlay,h,2025
650214,29621,12004,Joel Mvuka,32,0.87,0.245,0.02514546550810337,SavedShot,LeftFoot,OpenPlay,h,2025
650220,29621,9661,Igor Silva,50,0.815,0.3679999923706055,0.03633732721209526,Goal,RightFoot,OpenPlay,h,2025
650225,29621,12328,Arthur Avom,76,0.735,0.5320000076293945,0.01969371736049652,MissedShots,RightFoot,OpenPlay,h,2025
650227,29621,9929,Théo Le Bris,80,0.9259999847412109,0.3089999961853027,0.058868177235126495,MissedShots,RightFoot,OpenPlay,h,2025
650213,29621,9961,Nuno Mendes,22,0.7630000305175781,0.29700000762939455,0.05015399307012558,BlockedShot,LeftFoot,DirectFreekick,a,2025
650215,29621,9961,Nuno Mendes,36,0.7269999694824218,0.615,0.015067708678543568,SavedShot,RightFoot,OpenPlay,a,2025
650216,29621,12733,Ibrahim Mbaye,42,0.8640000152587891,0.68,0.04684056341648102,SavedShot,RightFoot,OpenPlay,a,2025
650217,29621,12345,Senny Mayulu,46,0.7930000305175782,0.38099998474121094,0.0311276912689209,BlockedShot,LeftFoot,OpenPlay,a,2025
650218,29621,9961,Nuno Mendes,48,0.9459999847412109,0.6,0.08704204112291336,SavedShot,Head,OpenPlay,a,2025
650219,29621,9961,Nuno Mendes,48,0.955999984741211,0.504000015258789,0.64573073387146,Goal,RightFoot,OpenPlay,a,2025
650221,29621,10786,Warren Zaïre-Emery,56,0.7669999694824219,0.3039999961853027,0.01952662132680416,BlockedShot,RightFoot,OpenPlay,a,2025
650222,29621,12346,Beraldo,56,0.955999984741211,0.5770000076293945,0.04764951393008232,MissedShots,Head,FromCorner,a,2025
650223,29621,8777,Vitinha,56,0.7619999694824219,0.624000015258789,0.023584390059113503,SavedShot,LeftFoot,FromCorner,a,2025
650224,29621,10016,Bradley Barcola,70,0.8769999694824219,0.5020000076293946,0.09366090595722198,SavedShot,RightFoot,OpenPlay,a,2025
650226,29621,9961,Nuno Mendes,78,0.799000015258789,0.6930000305175781,0.02603928931057453,SavedShot,RightFoot,OpenPlay,a,2025
650228,29621,7453,Khvicha Kvaratskhelia,88,0.7730000305175782,0.775,0.016595706343650818,SavedShot,RightFoot,OpenPlay,a,2025
650229,29621,7453,Khvicha Kvaratskhelia,88,0.9390000152587891,0.634000015258789,0.12693192064762115,BlockedShot,RightFoot,OpenPlay,a,2025
650230,29621,10016,Bradley Barcola,88,0.9009999847412109,0.45,0.09626055508852005,MissedShots,RightFoot,OpenPlay,a,2025
650231,29621,8777,Vitinha,97,0.74,0.435,0.019252775236964226,MissedShots,RightFoot,OpenPlay,a,2025
650233,29623,14032,Tiago Gouveia,7,0.8440000152587891,0.2720000076293945,0.05316871777176857,MissedShots,LeftFoot,OpenPlay,h,2025
650237,29623,6846,Sofiane Diop,21,0.7680000305175781,0.5359999847412109,0.0491056889295578,MissedShots,RightFoot,OpenPlay,h,2025
650242,29623,6846,Sofiane Diop,28,0.885,0.5,0.7600951194763184,Goal,RightFoot,Penalty,h,2025
650248,29623,6846,Sofiane Diop,46,0.659000015258789,0.605,0.01308581605553627,MissedShots,RightFoot,OpenPlay,h,2025
650254,29623,13751,Isak Jansson,77,0.8180000305175781,0.34400001525878904,0.04851612448692322,SavedShot,RightFoot,OpenPlay,h,2025
650255,29623,13750,Kojo Peprah Oppong,82,0.9230000305175782,0.4759999847412109,0.34187018871307373,MissedShots,Head,SetPiece,h,2025
650257,29623,13751,Isak Jansson,86,0.8969999694824219,0.40299999237060546,0.3871200382709503,Goal,RightFoot,OpenPlay,h,2025
650258,29623,13751,Isak Jansson,91,0.7959999847412109,0.555,0.09163104742765427,SavedShot,RightFoot,OpenPlay,h,2025
650232,29623,5680,Thomas Meunier,5,0.9459999847412109,0.590999984741211,0.024624546989798546,SavedShot,Head,FromCorner,a,2025
650234,29623,13976,Hamza Igamane,9,0.845,0.5279999923706055,0.09206118434667587,BlockedShot,LeftFoot,OpenPlay,a,2025
650235,29623,9444,Felix Correia,10,0.9,0.3920000076293945,0.07501206547021866,BlockedShot,RightFoot,OpenPlay,a,2025
650236,29623,3223,Benjamin André,11,0.924000015258789,0.55,0.04752252995967865,MissedShots,Head,FromCorner,a,2025
650238,29623,13976,Hamza Igamane,24,0.784000015258789,0.395,0.04696196690201759,BlockedShot,RightFoot,OpenPlay,a,2025
650239,29623,13782,Nathan Ngoy,25,0.9680000305175781,0.35200000762939454,0.010424230247735977,SavedShot,Head,FromCorner,a,2025
650240,29623,13976,Hamza Igamane,25,0.8880000305175781,0.47200000762939454,0.017556967213749886,MissedShots,Head,FromCorner,a,2025
650241,29623,11757,Hákon Haraldsson,25,0.8030000305175782,0.6279999923706054,0.013899950310587883,MissedShots,RightFoot,FromCorner,a,2025
650243,29623,5680,Thomas Meunier,34,0.7319999694824219,0.4490000152587891,0.015734003856778145,BlockedShot,LeftFoot,OpenPlay,a,2025
650244,29623,6500,Romain Perraud,39,0.710999984741211,0.639000015258789,0.015725087374448776,SavedShot,LeftFoot,OpenPlay,a,2025
650245,29623,3237,Aissa Mandi,41,0.69,0.634000015258789,0.012602181173861027,BlockedShot,RightFoot,OpenPlay,a,2025
650246,29623,13976,Hamza Igamane,43,0.6909999847412109,0.29100000381469726,0.012453373521566391,MissedShots,RightFoot,OpenPlay,a,2025
650247,29623,13051,Matias Fernandez-Pardo,45,0.7859999847412109,0.6930000305175781,0.021656658500432968,BlockedShot,RightFoot,OpenPlay,a,2025
650249,29623,13976,Hamza Igamane,52,0.925,0.75,0.029673205688595772,MissedShots,LeftFoot,OpenPlay,a,2025
650250,29623,5680,Thomas Meunier,56,0.725999984741211,0.475,0.01512899249792099,MissedShots,RightFoot,OpenPlay,a,2025
650251,29623,3223,Benjamin André,65,0.795,0.4809999847412109,0.03808034583926201,BlockedShot,RightFoot,OpenPlay,a,2025
650252,29623,11757,Hákon Haraldsson,72,0.7959999847412109,0.4490000152587891,0.04243810102343559,BlockedShot,RightFoot,OpenPlay,a,2025
650253,29623,11757,Hákon Haraldsson,76,0.86,0.5520000076293945,0.08238167315721512,BlockedShot,LeftFoot,OpenPlay,a,2025
650256,29623,502,Olivier Giroud,86,0.8959999847412109,0.5229999923706055,0.019540846347808838,MissedShots,Head,FromCorner,a,2025
650259,29623,6500,Romain Perraud,92,0.7719999694824219,0.6990000152587891,0.0190704595297575,SavedShot,LeftFoot,OpenPlay,a,2025
650260,29623,914,Nabil Bentaleb,95,0.705,0.5020000076293946,0.008560290560126305,MissedShots,LeftFoot,OpenPlay,a,2025
650262,29625,5727,Gauthier Hein,6,0.750999984741211,0.49700000762939456,0.02314123883843422,MissedShots,LeftFoot,OpenPlay,h,2025
650263,29625,13812,Alpha Touré,7,0.765,0.4640000152587891,0.01487882062792778,MissedShots,LeftFoot,FromCorner,h,2025
650266,29625,13812,Alpha Touré,19,0.705,0.4590000152587891,0.012912170961499214,MissedShots,LeftFoot,OpenPlay,h,2025
650267,29625,13809,Giorgi Tsitaishvili,32,0.7969999694824219,0.6630000305175782,0.02846583165228367,MissedShots,RightFoot,OpenPlay,h,2025
650268,29625,11798,Koffi Kouao,35,0.81,0.2610000038146973,0.017465420067310333,SavedShot,LeftFoot,OpenPlay,h,2025
650269,29625,5769,Habib Diallo,35,0.955999984741211,0.575999984741211,0.488097608089447,MissedShots,LeftFoot,OpenPlay,h,2025
650270,29625,11797,Maxime Colin,37,0.9130000305175782,0.5720000076293945,0.1060289591550827,MissedShots,RightFoot,OpenPlay,h,2025
650271,29625,11798,Koffi Kouao,42,0.965,0.29399999618530276,0.051627267152071,ShotOnPost,RightFoot,OpenPlay,h,2025
650275,29625,5769,Habib Diallo,50,0.955,0.4329999923706055,0.4374271333217621,SavedShot,RightFoot,OpenPlay,h,2025
650276,29625,4764,Jean-Philippe Gbamin,51,0.9259999847412109,0.525,0.18047218024730682,MissedShots,OtherBodyPart,OpenPlay,h,2025
650277,29625,8686,Cheick Tidiane Sabaly,51,0.96,0.6070000076293945,0.1769227385520935,SavedShot,RightFoot,FromCorner,h,2025
650278,29625,4764,Jean-Philippe Gbamin,51,0.924000015258789,0.5220000076293946,0.13743947446346283,BlockedShot,RightFoot,FromCorner,h,2025
650279,29625,6308,Jessy Deminguet,56,0.904000015258789,0.7040000152587891,0.029033388942480087,SavedShot,LeftFoot,OpenPlay,h,2025
650282,29625,5727,Gauthier Hein,84,0.805,0.4520000076293945,0.049509987235069275,BlockedShot,RightFoot,OpenPlay,h,2025
650283,29625,5727,Gauthier Hein,86,0.885,0.5,0.7600951194763184,Goal,LeftFoot,Penalty,h,2025
650284,29625,5727,Gauthier Hein,90,0.980999984741211,0.575999984741211,0.6385761499404907,Goal,LeftFoot,OpenPlay,h,2025
650261,29625,3697,Odsonne Edouard,6,0.950999984741211,0.45299999237060545,0.5012288093566895,SavedShot,RightFoot,OpenPlay,a,2025
650264,29625,3697,Odsonne Edouard,15,0.9519999694824218,0.43099998474121093,0.3484812378883362,MissedShots,Head,SetPiece,a,2025
650265,29625,11046,Abdallah Sima,18,0.7959999847412109,0.5070000076293946,0.04380929097533226,BlockedShot,LeftFoot,OpenPlay,a,2025
650272,29625,5745,Matthieu Udol,45,0.9030000305175782,0.44599998474121094,0.05724923312664032,MissedShots,Head,FromCorner,a,2025
650273,29625,942,Florian Thauvin,45,0.840999984741211,0.40099998474121096,0.07037758827209473,MissedShots,LeftFoot,OpenPlay,a,2025
650274,29625,13917,Mamadou Sangaré,47,0.955999984741211,0.45599998474121095,0.07931633293628693,MissedShots,Head,FromCorner,a,2025
650280,29625,11762,Morgan Guilavogui,67,0.899000015258789,0.25799999237060545,0.04011664539575577,BlockedShot,RightFoot,OpenPlay,a,2025
650281,29625,13917,Mamadou Sangaré,67,0.8140000152587891,0.4379999923706055,0.05305956304073334,BlockedShot,LeftFoot,OpenPlay,a,2025
650285,29625,13506,Rayan Fofana,93,0.720999984741211,0.4129999923706055,0.01134080346673727,SavedShot,RightFoot,OpenPlay,a,2025
650286,29625,13732,Samson Baidoo,97,0.7869999694824219,0.44599998474121094,0.03272881358861923,MissedShots,RightFoot,OpenPlay,a,2025
650365,29620,318,Pierre-Emerick Aubameyang,11,0.9169999694824219,0.6170000076293946,0.08196133375167847,MissedShots,RightFoot,OpenPlay,h,2025
650367,29620,5598,Angel Gomes,14,0.8169999694824219,0.46900001525878904,0.03318261355161667,SavedShot,RightFoot,OpenPlay,h,2025
650368,29620,14010,Igor Paixão,22,0.889000015258789,0.6719999694824219,0.07925792038440704,SavedShot,RightFoot,OpenPlay,h,2025
650369,29620,7490,Mason Greenwood,22,0.895,0.5070000076293946,0.15051551163196564,MissedShots,LeftFoot,OpenPlay,h,2025
650373,29620,14010,Igor Paixão,38,0.874000015258789,0.6859999847412109,0.051312219351530075,BlockedShot,RightFoot,OpenPlay,h,2025
650375,29620,13330,Robinio Vaz,51,0.9219999694824219,0.56,0.6303553581237793,Goal,RightFoot,OpenPlay,h,2025
650378,29620,7490,Mason Greenwood,61,0.7280000305175781,0.6170000076293946,0.04653165489435196,SavedShot,RightFoot,DirectFreekick,h,2025
650379,29620,343,Pierre-Emile Højbjerg,65,0.7430000305175781,0.22899999618530273,0.033797670155763626,SavedShot,RightFoot,DirectFreekick,h,2025
650380,29620,13330,Robinio Vaz,69,0.8769999694824219,0.41900001525878905,0.10616550594568253,Goal,RightFoot,OpenPlay,h,2025
650381,29620,7490,Mason Greenwood,71,0.86,0.26299999237060545,0.03906938061118126,MissedShots,LeftFoot,OpenPlay,h,2025
650382,29620,318,Pierre-Emerick Aubameyang,77,0.8490000152587891,0.5309999847412109,0.3481065630912781,MissedShots,RightFoot,OpenPlay,h,2025
650364,29620,12847,Sidiki Chérif,4,0.8669999694824219,0.725,0.1089429184794426,SavedShot,LeftFoot,OpenPlay,a,2025
650366,29620,12847,Sidiki Chérif,12,0.9080000305175782,0.5309999847412109,0.3004247546195984,MissedShots,Head,OpenPlay,a,2025
650370,29620,12847,Sidiki Chérif,24,0.855,0.4420000076293945,0.06937555223703384,Goal,RightFoot,OpenPlay,a,2025
650371,29620,12847,Sidiki Chérif,28,0.799000015258789,0.6790000152587891,0.09036535769701004,SavedShot,LeftFoot,OpenPlay,a,2025
650372,29620,10295,Louis Mouton,36,0.740999984741211,0.5359999847412109,0.026171516627073288,BlockedShot,RightFoot,OpenPlay,a,2025
650374,29620,11294,Lilian Raolisoa,45,0.774000015258789,0.6780000305175782,0.02752106636762619,BlockedShot,RightFoot,OpenPlay,a,2025
650376,29620,10295,Louis Mouton,52,0.8380000305175781,0.45099998474121095,0.08103201538324356,SavedShot,RightFoot,OpenPlay,a,2025
650377,29620,11294,Lilian Raolisoa,54,0.85,0.7319999694824219,0.0296372938901186,SavedShot,RightFoot,OpenPlay,a,2025
650383,29620,14132,Djibirin Harouna,78,0.7730000305175782,0.29399999618530276,0.03396836295723915,MissedShots,LeftFoot,OpenPlay,a,2025
650384,29620,6895,Jordan Lefort,94,0.8030000305175782,0.49400001525878906,0.041822001338005066,BlockedShot,RightFoot,SetPiece,a,2025
650385,29620,14131,Amine Sbaï,95,0.9019999694824219,0.5529999923706055,0.08575644344091415,BlockedShot,RightFoot,FromCorner,a,2025
650386,29620,11016,Ousmane Camara,95,0.8919999694824219,0.5159999847412109,0.1114712804555893,Goal,RightFoot,FromCorner,a,2025
650390,29622,5619,Pierre Lees-Melou,38,0.875,0.37799999237060544,0.06423364579677582,BlockedShot,RightFoot,OpenPlay,h,2025
650391,29622,6332,Willem Geubbels,47,0.9340000152587891,0.45,0.0640622153878212,MissedShots,Head,SetPiece,h,2025
650393,29622,13871,Otávio,55,0.9119999694824219,0.43599998474121093,0.02072441764175892,MissedShots,Head,FromCorner,h,2025
650396,29622,7169,Moses Simon,63,0.965999984741211,0.7019999694824218,0.050997212529182434,BlockedShot,LeftFoot,OpenPlay,h,2025
650397,29622,13800,Samir Chergui,63,0.7340000152587891,0.3990000152587891,0.009158546105027199,BlockedShot,RightFoot,OpenPlay,h,2025
650398,29622,13805,Adama Camara,64,0.899000015258789,0.5159999847412109,0.2828495502471924,Goal,RightFoot,FromCorner,h,2025
650399,29622,13871,Otávio,75,0.730999984741211,0.6930000305175781,0.007193714380264282,BlockedShot,LeftFoot,OpenPlay,h,2025
650400,29622,13804,Tuomas Ollila,75,0.7380000305175781,0.675,0.014118330553174019,BlockedShot,LeftFoot,OpenPlay,h,2025
650401,29622,9656,Ilan Kebbal,76,0.8109999847412109,0.28100000381469725,0.01545405201613903,Goal,LeftFoot,OpenPlay,h,2025
650402,29622,5696,Vincent Marchetti,83,0.8109999847412109,0.45799999237060546,0.04652092605829239,Goal,RightFoot,OpenPlay,h,2025
650403,29622,8690,Jean-Phillipe Krasso,85,0.47900001525878905,0.5509999847412109,0.0066623808816075325,MissedShots,LeftFoot,OpenPlay,h,2025
650387,29622,3603,Corentin Tolisso,4,0.879000015258789,0.5870000076293945,0.07231374084949493,Goal,LeftFoot,OpenPlay,a,2025
650388,29622,10091,Tyler Morton,26,0.7319999694824219,0.57,0.05266794562339783,BlockedShot,RightFoot,DirectFreekick,a,2025
650389,29622,10091,Tyler Morton,28,0.799000015258789,0.5170000076293946,0.03546876460313797,BlockedShot,RightFoot,SetPiece,a,2025
650392,29622,13735,Pavel Sulc,50,0.9619999694824218,0.47200000762939454,0.850588858127594,Goal,RightFoot,OpenPlay,a,2025
650394,29622,13735,Pavel Sulc,57,0.845,0.47,0.1379791647195816,Goal,RightFoot,OpenPlay,a,2025
650395,29622,13737,Mathys de Carvalho,59,0.7880000305175782,0.42400001525878905,0.05118490010499954,MissedShots,RightFoot,OpenPlay,a,2025
650404,29622,10701,Nicolás Tagliafico,94,0.909000015258789,0.5670000076293945,0.01851040869951248,SavedShot,Head,FromCorner,a,2025
650405,29624,9490,Matthis Abline,1,0.7569999694824219,0.7169999694824218,0.018244173377752304,BlockedShot,RightFoot,OpenPlay,h,2025
650406,29624,12387,Dehmaine Assoumani,5,0.8690000152587891,0.6880000305175781,0.06521829962730408,ShotOnPost,RightFoot,OpenPlay,h,2025
650414,29624,2082,Youssef El-Arabi,17,0.9230000305175782,0.37200000762939456,0.362976610660553,SavedShot,RightFoot,OpenPlay,h,2025
650415,29624,12844,Bahereba Guirassy,18,0.9080000305175782,0.45799999237060546,0.6107071042060852,Goal,RightFoot,OpenPlay,h,2025
650418,29624,9490,Matthis Abline,35,0.745,0.649000015258789,0.05082200840115547,BlockedShot,RightFoot,DirectFreekick,h,2025
650419,29624,12844,Bahereba Guirassy,37,0.8369999694824218,0.7619999694824219,0.02251056581735611,SavedShot,RightFoot,OpenPlay,h,2025
650422,29624,2082,Youssef El-Arabi,50,0.9830000305175781,0.39299999237060546,0.26037147641181946,ShotOnPost,RightFoot,OpenPlay,h,2025
650423,29624,12844,Bahereba Guirassy,50,0.924000015258789,0.49200000762939455,0.1305762231349945,Goal,RightFoot,OpenPlay,h,2025
650425,29624,3785,Kelvin Adou,49,0.8959999847412109,0.2520000076293945,0.036249030381441116,MissedShots,RightFoot,OpenPlay,h,2025
650427,29624,12387,Dehmaine Assoumani,61,0.7019999694824218,0.3189999961853027,0.03246844559907913,MissedShots,LeftFoot,DirectFreekick,h,2025
650430,29624,12846,Louis Leroux,76,0.8969999694824219,0.7569999694824219,0.029835699126124382,BlockedShot,LeftFoot,OpenPlay,h,2025
650431,29624,10831,Mostafa Mohamed,78,0.7559999847412109,0.740999984741211,0.013133208267390728,BlockedShot,RightFoot,OpenPlay,h,2025
650432,29624,10831,Mostafa Mohamed,79,0.9069999694824219,0.534000015258789,0.08143656700849533,Goal,RightFoot,OpenPlay,h,2025
650433,29624,14034,Bahmed Deuff,82,0.885,0.4779999923706055,0.061551399528980255,MissedShots,Head,OpenPlay,h,2025
650436,29624,7763,Fabien Centonze,90,0.7469999694824219,0.3609999847412109,0.019179102033376694,MissedShots,LeftFoot,OpenPlay,h,2025
650437,29624,9490,Matthis Abline,92,0.7330000305175781,0.500999984741211,0.026603462174534798,BlockedShot,RightFoot,OpenPlay,h,2025
650440,29624,10831,Mostafa Mohamed,95,0.91,0.5220000076293946,0.2902594208717346,MissedShots,Head,OpenPlay,h,2025
650441,29624,14034,Bahmed Deuff,96,0.9459999847412109,0.2879999923706055,0.047952089458703995,MissedShots,RightFoot,OpenPlay,h,2025
650407,29624,12285,Mamadou Coulibaly,5,0.9490000152587891,0.549000015258789,0.4582529366016388,Goal,LeftFoot,OpenPlay,a,2025
650408,29624,10058,Maghnes Akliouche,9,0.845999984741211,0.495,0.10735320299863815,BlockedShot,LeftFoot,OpenPlay,a,2025
650409,29624,8239,Takumi Minamino,9,0.840999984741211,0.47299999237060547,0.07865075767040253,BlockedShot,RightFoot,OpenPlay,a,2025
650410,29624,8239,Takumi Minamino,11,0.8769999694824219,0.6909999847412109,0.06221623346209526,MissedShots,LeftFoot,OpenPlay,a,2025
650411,29624,10058,Maghnes Akliouche,12,0.8319999694824218,0.3120000076293945,0.040288686752319336,SavedShot,LeftFoot,OpenPlay,a,2025
650412,29624,9690,Folarin Balogun,13,0.845999984741211,0.40799999237060547,0.29905226826667786,MissedShots,RightFoot,OpenPlay,a,2025
650413,29624,2674,Thilo Kehrer,16,0.955,0.5379999923706055,0.5550112724304199,MissedShots,LeftFoot,SetPiece,a,2025
650416,29624,2674,Thilo Kehrer,26,0.9,0.48200000762939454,0.04969785735011101,BlockedShot,Head,FromCorner,a,2025
650417,29624,9279,Krépin Diatta,26,0.9680000305175781,0.4979999923706055,0.11947310715913773,SavedShot,Head,FromCorner,a,2025
650420,29624,9690,Folarin Balogun,40,0.850999984741211,0.43,0.33632439374923706,Goal,RightFoot,OpenPlay,a,2025
650421,29624,9690,Folarin Balogun,46,0.98,0.30100000381469727,0.05896983668208122,ShotOnPost,RightFoot,OpenPlay,a,2025
650424,29624,12285,Mamadou Coulibaly,47,0.855999984741211,0.3320000076293945,0.3150903880596161,SavedShot,LeftFoot,OpenPlay,a,2025
650426,29624,10058,Maghnes Akliouche,54,0.89,0.5320000076293945,0.12547966837882996,Goal,LeftFoot,OpenPlay,a,2025
650428,29624,9690,Folarin Balogun,72,0.9419999694824219,0.6969999694824218,0.09776920825242996,MissedShots,RightFoot,OpenPlay,a,2025
650429,29624,2897,Aleksandr Golovin,74,0.8680000305175781,0.47,0.3821622133255005,Goal,RightFoot,OpenPlay,a,2025
650434,29624,14098,Pape Cabral,89,0.85,0.595999984741211,0.08385136723518372,MissedShots,RightFoot,OpenPlay,a,2025
650435,29624,7967,Anssumane Fati,90,0.87,0.3060000038146973,0.08177456259727478,MissedShots,RightFoot,OpenPlay,a,2025
650438,29624,2897,Aleksandr Golovin,93,0.875,0.529000015258789,0.43244221806526184,SavedShot,Head,OpenPlay,a,2025
650439,29624,2897,Aleksandr Golovin,93,0.9519999694824218,0.5120000076293946,0.7518063187599182,Goal,LeftFoot,OpenPlay,a,2025
650445,29626,6874,Yann Gboho,31,0.855,0.6869999694824219,0.04437817260622978,ShotOnPost,RightFoot,OpenPlay,h,2025
650446,29626,14049,Abu Francis,35,0.7630000305175781,0.6029999923706054,0.020547345280647278,MissedShots,RightFoot,OpenPlay,h,2025
650448,29626,14049,Abu Francis,42,0.749000015258789,0.40099998474121096,0.010219055227935314,BlockedShot,RightFoot,SetPiece,h,2025
650450,29626,9220,Charlie Cresswell,45,0.884000015258789,0.38,0.06915993243455887,BlockedShot,RightFoot,SetPiece,h,2025
650451,29626,9220,Charlie Cresswell,46,0.9169999694824219,0.5359999847412109,0.054533034563064575,SavedShot,Head,SetPiece,h,2025
650454,29626,11777,Cristian Cásseres Jr.,53,0.855999984741211,0.3370000076293945,0.0510246567428112,MissedShots,LeftFoot,OpenPlay,h,2025
650456,29626,9220,Charlie Cresswell,56,0.92,0.5640000152587891,0.055955756455659866,BlockedShot,Head,OpenPlay,h,2025
650457,29626,9220,Charlie Cresswell,57,0.8780000305175781,0.46,0.33424270153045654,Goal,RightFoot,OpenPlay,h,2025
650459,29626,14082,Emersonn,66,0.9580000305175781,0.42400001525878905,0.10656236112117767,BlockedShot,Head,FromCorner,h,2025
650460,29626,12841,Dayann Methalie,74,0.805,0.645,0.027186082676053047,MissedShots,RightFoot,OpenPlay,h,2025
650461,29626,13755,Mário Sauer,81,0.7809999847412109,0.5790000152587891,0.02564910613000393,MissedShots,RightFoot,OpenPlay,h,2025
650462,29626,12045,Aron Dønnum,84,0.885,0.5,0.7600951194763184,Goal,LeftFoot,Penalty,h,2025
650463,29626,12045,Aron Dønnum,85,0.855,0.315,0.019090760499238968,MissedShots,LeftFoot,OpenPlay,h,2025
650464,29626,12842,Mark McKenzie,87,0.7859999847412109,0.3189999961853027,0.023722168058156967,MissedShots,RightFoot,OpenPlay,h,2025
650467,29626,12330,Noah Edjouma,94,0.7880000305175782,0.3060000038146973,0.018938787281513214,SavedShot,LeftFoot,OpenPlay,h,2025
650442,29626,12850,Esteban Lepaul,6,0.975999984741211,0.5640000152587891,0.12901908159255981,MissedShots,Head,FromCorner,a,2025
650443,29626,13210,Mohamed Meïté,21,0.865999984741211,0.620999984741211,0.09266303479671478,BlockedShot,RightFoot,OpenPlay,a,2025
650444,29626,13210,Mohamed Meïté,27,0.779000015258789,0.44799999237060545,0.05420977249741554,MissedShots,RightFoot,OpenPlay,a,2025
650447,29626,8677,Lilian Brassier,38,0.9669999694824218,0.37599998474121094,0.02161984331905842,MissedShots,Head,FromCorner,a,2025
650449,29626,6452,Mahdi Camara,45,0.884000015258789,0.28899999618530275,0.062230102717876434,SavedShot,RightFoot,OpenPlay,a,2025
650452,29626,13329,Abdelhamid Aït Boudlal,47,0.78,0.435,0.015518012456595898,BlockedShot,RightFoot,FromCorner,a,2025
650453,29626,12850,Esteban Lepaul,49,0.855999984741211,0.5640000152587891,0.35086575150489807,Goal,RightFoot,OpenPlay,a,2025
650455,29626,11782,Mousa Al Tamari,53,0.8630000305175781,0.6519999694824219,0.07329116761684418,Goal,LeftFoot,OpenPlay,a,2025
650458,29626,12850,Esteban Lepaul,62,0.9590000152587891,0.6090000152587891,0.3644491136074066,SavedShot,RightFoot,OpenPlay,a,2025
650465,29626,11782,Mousa Al Tamari,90,0.9290000152587891,0.6659999847412109,0.07325252145528793,SavedShot,LeftFoot,OpenPlay,a,2025
650466,29626,3673,Valentin Rongier,91,0.7319999694824219,0.5820000076293945,0.023842351511120796,MissedShots,RightFoot,FromCorner,a,2025
650468,29627,12413,Joaquín Panichelli,8,0.9019999694824219,0.42700000762939455,0.12527059018611908,MissedShots,RightFoot,OpenPlay,h,2025
650470,29627,12413,Joaquín Panichelli,18,0.914000015258789,0.509000015258789,0.4820403754711151,MissedShots,RightFoot,OpenPlay,h,2025
650471,29627,12970,Sebastian Nanasi,20,0.9019999694824219,0.644000015258789,0.12414155155420303,SavedShot,RightFoot,OpenPlay,h,2025
650472,29627,12413,Joaquín Panichelli,20,0.93,0.5359999847412109,0.5354753732681274,SavedShot,LeftFoot,OpenPlay,h,2025
650473,29627,12413,Joaquín Panichelli,20,0.945,0.5229999923706055,0.15779182314872742,SavedShot,RightFoot,OpenPlay,h,2025
650475,29627,9833,Andrew Omobamidele,38,0.9209999847412109,0.624000015258789,0.3055199086666107,MissedShots,LeftFoot,FromCorner,h,2025
650476,29627,12970,Sebastian Nanasi,39,0.9109999847412109,0.62,0.3467710018157959,MissedShots,RightFoot,OpenPlay,h,2025
650478,29627,12970,Sebastian Nanasi,45,0.9519999694824218,0.6179999923706054,0.0932246595621109,MissedShots,RightFoot,OpenPlay,h,2025
650479,29627,12413,Joaquín Panichelli,45,0.970999984741211,0.4829999923706055,0.6780437231063843,Goal,RightFoot,OpenPlay,h,2025
650482,29627,12970,Sebastian Nanasi,54,0.919000015258789,0.6029999923706054,0.40670421719551086,Goal,RightFoot,OpenPlay,h,2025
650483,29627,11978,Diego Moreira,57,0.8030000305175782,0.514000015258789,0.049079276621341705,BlockedShot,LeftFoot,OpenPlay,h,2025
650484,29627,11978,Diego Moreira,59,0.8540000152587891,0.629000015258789,0.0978073701262474,SavedShot,RightFoot,OpenPlay,h,2025
650485,29627,12498,Valentín Barco,59,0.9519999694824218,0.649000015258789,0.07201064378023148,Goal,LeftFoot,OpenPlay,h,2025
650486,29627,11164,Martial Godo,71,0.9109999847412109,0.45,0.5573582649230957,SavedShot,RightFoot,OpenPlay,h,2025
650487,29627,13818,Kendry Páez,72,0.754000015258789,0.48700000762939455,0.07119926810264587,MissedShots,LeftFoot,DirectFreekick,h,2025
650488,29627,11618,Samuel Amo-Ameyaw,78,0.735,0.4229999923706055,0.0267404206097126,MissedShots,LeftFoot,OpenPlay,h,2025
650490,29627,11164,Martial Godo,88,0.8719999694824219,0.4909999847412109,0.11463117599487305,MissedShots,LeftFoot,OpenPlay,h,2025
650491,29627,13818,Kendry Páez,90,0.7430000305175781,0.46,0.03136100620031357,SavedShot,LeftFoot,OpenPlay,h,2025
650469,29627,12824,Clément Akpa,17,0.85,0.3629999923706055,0.038721200078725815,MissedShots,LeftFoot,SetPiece,a,2025
650474,29627,9092,Marvin Senaya,34,0.8569999694824219,0.49700000762939456,0.045390572398900986,MissedShots,LeftFoot,FromCorner,a,2025
650477,29627,10815,Lassine Sinayoko,41,0.8819999694824219,0.67,0.05681389197707176,BlockedShot,RightFoot,OpenPlay,a,2025
650480,29627,13792,Ibrahim Osman,48,0.955,0.669000015258789,0.39006972312927246,SavedShot,LeftFoot,OpenPlay,a,2025
650481,29627,11789,Josué Casimir,49,0.8640000152587891,0.48400001525878905,0.1302676647901535,MissedShots,RightFoot,OpenPlay,a,2025
650489,29627,13407,Fredrik Oppegård,79,0.7769999694824219,0.6569999694824219,0.025686461478471756,MissedShots,LeftFoot,FromCorner,a,2025
650946,29634,12734,João Neves,4,0.7730000305175782,0.3370000076293945,0.020153559744358063,BlockedShot,RightFoot,OpenPlay,h,2025
650947,29634,12345,Senny Mayulu,8,0.8769999694824219,0.3029999923706055,0.04822972044348717,BlockedShot,LeftFoot,OpenPlay,h,2025
650948,29634,10016,Bradley Barcola,13,0.71,0.6790000152587891,0.011733930557966232,SavedShot,RightFoot,OpenPlay,h,2025
650949,29634,7453,Khvicha Kvaratskhelia,17,0.894000015258789,0.2589999961853027,0.03012070432305336,BlockedShot,LeftFoot,OpenPlay,h,2025
650950,29634,10786,Warren Zaïre-Emery,17,0.8690000152587891,0.34200000762939453,0.05434639751911163,BlockedShot,RightFoot,OpenPlay,h,2025
650951,29634,5197,Achraf Hakimi,20,0.7819999694824219,0.22399999618530272,0.013181239366531372,BlockedShot,RightFoot,OpenPlay,h,2025
650955,29634,5197,Achraf Hakimi,35,0.774000015258789,0.395,0.025994278490543365,BlockedShot,RightFoot,OpenPlay,h,2025
650956,29634,8777,Vitinha,35,0.7819999694824219,0.40400001525878904,0.0215141698718071,MissedShots,RightFoot,OpenPlay,h,2025
650957,29634,10016,Bradley Barcola,38,0.8969999694824219,0.47,0.4281384348869324,SavedShot,LeftFoot,OpenPlay,h,2025
650958,29634,10016,Bradley Barcola,46,0.7719999694824219,0.43400001525878906,0.025736255571246147,BlockedShot,RightFoot,OpenPlay,h,2025
650959,29634,12345,Senny Mayulu,45,0.84,0.33099998474121095,0.07370077818632126,MissedShots,RightFoot,OpenPlay,h,2025
650960,29634,12734,João Neves,52,0.725999984741211,0.36900001525878906,0.016374455764889717,MissedShots,RightFoot,OpenPlay,h,2025
650961,29634,10786,Warren Zaïre-Emery,56,0.7290000152587891,0.40700000762939453,0.015909438952803612,SavedShot,RightFoot,OpenPlay,h,2025
650962,29634,12345,Senny Mayulu,57,0.789000015258789,0.575,0.03562221676111221,MissedShots,LeftFoot,OpenPlay,h,2025
650963,29634,7453,Khvicha Kvaratskhelia,60,0.9169999694824219,0.46,0.05852114409208298,MissedShots,Head,OpenPlay,h,2025
650964,29634,10016,Bradley Barcola,64,0.9230000305175782,0.48200000762939454,0.06744692474603653,MissedShots,Head,OpenPlay,h,2025
650965,29634,9961,Nuno Mendes,67,0.840999984741211,0.655,0.05080191791057587,BlockedShot,RightFoot,OpenPlay,h,2025
650966,29634,8777,Vitinha,67,0.7169999694824218,0.43900001525878907,0.017721101641654968,SavedShot,RightFoot,OpenPlay,h,2025
650967,29634,8777,Vitinha,69,0.750999984741211,0.5209999847412109,0.02240872196853161,BlockedShot,RightFoot,OpenPlay,h,2025
650968,29634,9961,Nuno Mendes,75,0.759000015258789,0.6270000076293946,0.011098663322627544,BlockedShot,LeftFoot,FromCorner,h,2025
650969,29634,3226,Ousmane Dembélé,75,0.9569999694824218,0.600999984741211,0.08715818077325821,MissedShots,LeftFoot,OpenPlay,h,2025
650970,29634,11767,Gonçalo Ramos,79,0.865,0.4879999923706055,0.035694804042577744,SavedShot,Head,OpenPlay,h,2025
650971,29634,11767,Gonçalo Ramos,79,0.874000015258789,0.445,0.10882853716611862,MissedShots,RightFoot,OpenPlay,h,2025
650973,29634,2447,Fabián,85,0.9409999847412109,0.6819999694824219,0.009516309946775436,MissedShots,Head,OpenPlay,h,2025
650975,29634,7313,Lee Kang-In,88,0.9209999847412109,0.27600000381469725,0.020211022347211838,BlockedShot,RightFoot,OpenPlay,h,2025
650976,29634,3226,Ousmane Dembélé,92,0.8640000152587891,0.27399999618530274,0.033923178911209106,SavedShot,LeftFoot,OpenPlay,h,2025
650977,29634,11767,Gonçalo Ramos,93,0.9259999847412109,0.5129999923706055,0.07735906541347504,SavedShot,Head,FromCorner,h,2025
650978,29634,11767,Gonçalo Ramos,93,0.9530000305175781,0.51,0.46558573842048645,Goal,Head,FromCorner,h,2025
650952,29634,3696,Morgan Sanson,30,0.735999984741211,0.3659999847412109,0.018995847553014755,BlockedShot,RightFoot,OpenPlay,a,2025
650953,29634,13100,Juma Bah,31,0.9580000305175781,0.42700000762939455,0.11101272702217102,BlockedShot,RightFoot,FromCorner,a,2025
650954,29634,13750,Kojo Peprah Oppong,31,0.9459999847412109,0.44,0.1390485018491745,BlockedShot,LeftFoot,FromCorner,a,2025
650972,29634,3544,Jeremie Boga,81,0.8159999847412109,0.534000015258789,0.06767643243074417,SavedShot,RightFoot,OpenPlay,a,2025
650974,29634,9514,Antoine Mendy,88,0.89,0.29399999618530276,0.06540264189243317,SavedShot,LeftFoot,OpenPlay,a,2025
651109,29632,2897,Aleksandr Golovin,3,0.75,0.4209999847412109,0.021484099328517914,MissedShots,RightFoot,OpenPlay,h,2025
651110,29632,10349,Mika Biereth,9,0.8069999694824219,0.48200000762939454,0.05416187271475792,BlockedShot,RightFoot,OpenPlay,h,2025
651111,29632,2897,Aleksandr Golovin,13,0.904000015258789,0.5879999923706055,0.08819858729839325,MissedShots,LeftFoot,OpenPlay,h,2025
651113,29632,9279,Krépin Diatta,21,0.855,0.29399999618530276,0.038573384284973145,MissedShots,LeftFoot,OpenPlay,h,2025
651114,29632,10058,Maghnes Akliouche,27,0.8040000152587891,0.5229999923706055,0.052369143813848495,BlockedShot,LeftFoot,OpenPlay,h,2025
651118,29632,9279,Krépin Diatta,45,0.754000015258789,0.40099998474121096,0.01729143038392067,BlockedShot,RightFoot,OpenPlay,h,2025
651122,29632,10058,Maghnes Akliouche,57,0.879000015258789,0.5609999847412109,0.4013236463069916,SavedShot,LeftFoot,OpenPlay,h,2025
651123,29632,7967,Anssumane Fati,63,0.805,0.395,0.03686131536960602,BlockedShot,LeftFoot,OpenPlay,h,2025
651124,29632,9690,Folarin Balogun,63,0.8009999847412109,0.590999984741211,0.03657848387956619,MissedShots,RightFoot,OpenPlay,h,2025
651127,29632,8239,Takumi Minamino,96,0.884000015258789,0.4620000076293945,0.07545330375432968,MissedShots,RightFoot,OpenPlay,h,2025
651112,29632,5619,Pierre Lees-Melou,14,0.7080000305175781,0.5359999847412109,0.015467221848666668,MissedShots,RightFoot,OpenPlay,a,2025
651115,29632,8690,Jean-Phillipe Krasso,30,0.965,0.6129999923706054,0.08320477604866028,ShotOnPost,LeftFoot,FromCorner,a,2025
651116,29632,13800,Samir Chergui,30,0.904000015258789,0.49599998474121093,0.12500429153442383,BlockedShot,RightFoot,FromCorner,a,2025
651117,29632,9563,Mamadou Mbow,30,0.9669999694824218,0.4159999847412109,0.21802793443202972,MissedShots,Head,FromCorner,a,2025
651119,29632,7169,Moses Simon,52,0.9109999847412109,0.46,0.457148939371109,Goal,RightFoot,OpenPlay,a,2025
651120,29632,13800,Samir Chergui,56,0.9290000152587891,0.435,0.052478495985269547,BlockedShot,Head,SetPiece,a,2025
651121,29632,9656,Ilan Kebbal,57,0.9440000152587891,0.2560000038146973,0.05502694845199585,MissedShots,RightFoot,OpenPlay,a,2025
651125,29632,5619,Pierre Lees-Melou,75,0.88,0.605,0.10591749101877213,BlockedShot,LeftFoot,OpenPlay,a,2025
651126,29632,5619,Pierre Lees-Melou,76,0.8219999694824218,0.63,0.06010041385889053,BlockedShot,RightFoot,OpenPlay,a,2025
651128,29632,9656,Ilan Kebbal,98,0.73,0.33599998474121096,0.01849975250661373,MissedShots,LeftFoot,OpenPlay,a,2025
651205,29628,13888,Danny Namaso,19,0.8330000305175781,0.6309999847412109,0.05311388149857521,MissedShots,RightFoot,OpenPlay,h,2025
651208,29628,10815,Lassine Sinayoko,34,0.895,0.3559999847412109,0.0676911249756813,SavedShot,RightFoot,OpenPlay,h,2025
651211,29628,13792,Ibrahim Osman,57,0.9159999847412109,0.5409999847412109,0.331773042678833,SavedShot,RightFoot,OpenPlay,h,2025
651212,29628,11789,Josué Casimir,57,0.875999984741211,0.29600000381469727,0.0395410917699337,BlockedShot,RightFoot,OpenPlay,h,2025
651214,29628,13888,Danny Namaso,75,0.9669999694824218,0.4379999923706055,0.45318496227264404,SavedShot,Head,OpenPlay,h,2025
651215,29628,10815,Lassine Sinayoko,76,0.905,0.2589999961853027,0.031740911304950714,BlockedShot,LeftFoot,FromCorner,h,2025
651216,29628,13407,Fredrik Oppegård,82,0.904000015258789,0.715,0.04480965435504913,SavedShot,LeftFoot,OpenPlay,h,2025
651217,29628,10815,Lassine Sinayoko,88,0.8619999694824219,0.5820000076293945,0.06414749473333359,MissedShots,LeftFoot,SetPiece,h,2025
651218,29628,13792,Ibrahim Osman,94,0.8630000305175781,0.37599998474121094,0.00864142831414938,MissedShots,Head,OpenPlay,h,2025
651204,29628,318,Pierre-Emerick Aubameyang,9,0.87,0.3659999847412109,0.06100606918334961,MissedShots,RightFoot,OpenPlay,a,2025
651206,29628,12111,Amir Murillo,21,0.9069999694824219,0.4,0.01443507894873619,MissedShots,Head,FromCorner,a,2025
651207,29628,5598,Angel Gomes,29,0.9169999694824219,0.524000015258789,0.5139652490615845,Goal,RightFoot,OpenPlay,a,2025
651209,29628,3363,Benjamin Pavard,47,0.9130000305175782,0.4979999923706055,0.05678907409310341,MissedShots,Head,SetPiece,a,2025
651210,29628,399,Ulisses García,54,0.774000015258789,0.57,0.021018609404563904,SavedShot,LeftFoot,FromCorner,a,2025
651213,29628,14010,Igor Paixão,63,0.8209999847412109,0.669000015258789,0.030822915956377983,MissedShots,RightFoot,OpenPlay,a,2025
651408,29635,12850,Esteban Lepaul,8,0.95,0.52,0.5684853196144104,Goal,RightFoot,OpenPlay,h,2025
651409,29635,11782,Mousa Al Tamari,11,0.8580000305175781,0.5790000152587891,0.11976267397403717,BlockedShot,RightFoot,OpenPlay,h,2025
651410,29635,12451,Djaoui Cissé,12,0.915,0.7319999694824219,0.026444677263498306,BlockedShot,RightFoot,FromCorner,h,2025
651411,29635,12850,Esteban Lepaul,15,0.8640000152587891,0.4420000076293945,0.11141151934862137,MissedShots,RightFoot,OpenPlay,h,2025
651412,29635,12451,Djaoui Cissé,17,0.7230000305175781,0.36200000762939455,0.02077527716755867,BlockedShot,RightFoot,OpenPlay,h,2025
651415,29635,13210,Mohamed Meïté,34,0.96,0.534000015258789,0.531465470790863,Goal,LeftFoot,FromCorner,h,2025
651416,29635,12451,Djaoui Cissé,36,0.7469999694824219,0.5520000076293945,0.023070406168699265,BlockedShot,LeftFoot,OpenPlay,h,2025
651417,29635,12850,Esteban Lepaul,37,0.9109999847412109,0.46599998474121096,0.36438730359077454,SavedShot,Head,OpenPlay,h,2025
651418,29635,11545,Jérémy Jacquet,37,0.93,0.5170000076293946,0.11750736832618713,MissedShots,Head,FromCorner,h,2025
651419,29635,3673,Valentin Rongier,38,0.8330000305175781,0.3679999923706055,0.06323373317718506,SavedShot,RightFoot,OpenPlay,h,2025
651422,29635,12850,Esteban Lepaul,47,0.9309999847412109,0.5220000076293946,0.592646062374115,Goal,RightFoot,OpenPlay,h,2025
651427,29635,12850,Esteban Lepaul,59,0.88,0.435,0.4773816168308258,Goal,RightFoot,OpenPlay,h,2025
651431,29635,3475,Ludovic Blas,75,0.795,0.6040000152587891,0.0521983876824379,MissedShots,LeftFoot,OpenPlay,h,2025
651406,29635,10485,Guemissongui Ouattara,7,0.8419999694824218,0.47400001525878904,0.08955889195203781,MissedShots,RightFoot,OpenPlay,a,2025
651407,29635,11618,Samuel Amo-Ameyaw,7,0.9059999847412109,0.34,0.2865245044231415,MissedShots,LeftFoot,OpenPlay,a,2025
651413,29635,12284,Samir El Mourabet,20,0.6880000305175781,0.3970000076293945,0.013508169911801815,BlockedShot,LeftFoot,OpenPlay,a,2025
651414,29635,11058,Julio Enciso,23,0.9119999694824219,0.5320000076293945,0.48071280121803284,BlockedShot,LeftFoot,OpenPlay,a,2025
651420,29635,12413,Joaquín Panichelli,45,0.8369999694824218,0.5109999847412109,0.06418979167938232,BlockedShot,RightFoot,OpenPlay,a,2025
651421,29635,10485,Guemissongui Ouattara,45,0.9009999847412109,0.4209999847412109,0.046051811426877975,MissedShots,Head,OpenPlay,a,2025
651423,29635,10485,Guemissongui Ouattara,49,0.965,0.3189999961853027,0.08452153950929642,MissedShots,RightFoot,OpenPlay,a,2025
651424,29635,10485,Guemissongui Ouattara,53,0.8680000305175781,0.28600000381469726,0.041313011199235916,MissedShots,RightFoot,OpenPlay,a,2025
651425,29635,12498,Valentín Barco,56,0.9640000152587891,0.6609999847412109,0.23544330894947052,SavedShot,LeftFoot,OpenPlay,a,2025
651426,29635,12498,Valentín Barco,57,0.8980000305175782,0.3390000152587891,0.0742628276348114,MissedShots,LeftFoot,OpenPlay,a,2025
651428,29635,10868,Guela Doué,64,0.7069999694824218,0.3870000076293945,0.007139598485082388,MissedShots,RightFoot,OpenPlay,a,2025
651429,29635,11058,Julio Enciso,68,0.9109999847412109,0.44799999237060545,0.09996113926172256,BlockedShot,LeftFoot,FromCorner,a,2025
651430,29635,11058,Julio Enciso,73,0.7219999694824218,0.43,0.014364336617290974,BlockedShot,RightFoot,OpenPlay,a,2025
651432,29635,12970,Sebastian Nanasi,76,0.8819999694824219,0.64,0.40220752358436584,Goal,RightFoot,OpenPlay,a,2025
651433,29635,12413,Joaquín Panichelli,80,0.9069999694824219,0.485,0.029600856825709343,MissedShots,Head,FromCorner,a,2025
651434,29635,11164,Martial Godo,92,0.8219999694824218,0.6179999923706054,0.03393321856856346,BlockedShot,RightFoot,OpenPlay,a,2025
651435,29635,12498,Valentín Barco,93,0.8569999694824219,0.2539999961853027,0.027026774361729622,BlockedShot,LeftFoot,FromCorner,a,2025
651436,29635,12400,Rabby Nzingoula,93,0.8209999847412109,0.365,0.04825032129883766,BlockedShot,LeftFoot,OpenPlay,a,2025
651437,29635,13817,Lucas Høgsberg,94,0.9080000305175782,0.41700000762939454,0.016136974096298218,MissedShots,Head,FromCorner,a,2025
651438,29635,12498,Valentín Barco,94,0.7869999694824219,0.7319999694824219,0.01942247338593006,MissedShots,LeftFoot,FromCorner,a,2025
651504,29630,3697,Odsonne Edouard,1,0.9419999694824219,0.6769999694824219,0.5170913934707642,BlockedShot,RightFoot,OpenPlay,h,2025
651505,29630,3697,Odsonne Edouard,5,0.9619999694824218,0.47,0.6042072176933289,Goal,LeftFoot,FromCorner,h,2025
651506,29630,5745,Matthieu Udol,10,0.945,0.6869999694824219,0.33127734065055847,SavedShot,LeftFoot,OpenPlay,h,2025
651507,29630,3799,Wesley Said,10,0.9330000305175781,0.5879999923706055,0.06425958126783371,MissedShots,Head,FromCorner,h,2025
651508,29630,6006,Ruben Aguilar,13,0.8040000152587891,0.35200000762939454,0.029499681666493416,MissedShots,RightFoot,FromCorner,h,2025
651509,29630,942,Florian Thauvin,17,0.9480000305175781,0.5620000076293945,0.5703803300857544,SavedShot,LeftFoot,OpenPlay,h,2025
651512,29630,5648,Malang Sarr,41,0.9009999847412109,0.5840000152587891,0.03671521320939064,BlockedShot,Head,FromCorner,h,2025
651522,29630,3799,Wesley Said,76,0.950999984741211,0.48,0.5633549094200134,Goal,RightFoot,OpenPlay,h,2025
651524,29630,13732,Samson Baidoo,88,0.9569999694824218,0.51,0.4978826344013214,Goal,Head,FromCorner,h,2025
651510,29630,10844,Darline Yongwa,33,0.8819999694824219,0.6040000152587891,0.33266448974609375,BlockedShot,LeftFoot,OpenPlay,a,2025
651511,29630,9661,Igor Silva,35,0.6990000152587891,0.43099998474121093,0.010839829221367836,BlockedShot,RightFoot,OpenPlay,a,2025
651513,29630,4882,Laurent Abergel,48,0.850999984741211,0.43599998474121093,0.059015315026044846,BlockedShot,RightFoot,OpenPlay,a,2025
651514,29630,13795,Dermane Karim,49,0.9540000152587891,0.6079999923706054,0.39154496788978577,MissedShots,RightFoot,OpenPlay,a,2025
651515,29630,4882,Laurent Abergel,53,0.7769999694824219,0.6329999923706054,0.024870209395885468,SavedShot,RightFoot,OpenPlay,a,2025
651516,29630,12049,Aiyegun Tosin,53,0.980999984741211,0.43099998474121093,0.13353632390499115,SavedShot,RightFoot,OpenPlay,a,2025
651517,29630,9661,Igor Silva,56,0.754000015258789,0.43400001525878906,0.02338048815727234,BlockedShot,RightFoot,OpenPlay,a,2025
651518,29630,12049,Aiyegun Tosin,57,0.8880000305175781,0.48400001525878905,0.0788738876581192,MissedShots,RightFoot,OpenPlay,a,2025
651519,29630,12049,Aiyegun Tosin,59,0.925,0.3559999847412109,0.05132784694433212,SavedShot,RightFoot,OpenPlay,a,2025
651520,29630,12383,Mohamed Bamba,63,0.885,0.5,0.7600951194763184,ShotOnPost,RightFoot,Penalty,a,2025
651521,29630,9929,Théo Le Bris,69,0.8490000152587891,0.46900001525878904,0.05299573391675949,MissedShots,LeftFoot,OpenPlay,a,2025
651523,29630,10074,Sambou Soumano,77,0.8530000305175781,0.62,0.06784459948539734,BlockedShot,LeftFoot,OpenPlay,a,2025
651525,29631,3223,Benjamin André,10,0.935,0.47700000762939454,0.06492187082767487,MissedShots,Head,FromCorner,h,2025
651529,29631,9444,Felix Correia,24,0.8880000305175781,0.33,0.06561256945133209,MissedShots,RightFoot,OpenPlay,h,2025
651530,29631,12162,Ayyoub Bouaddi,25,0.9530000305175781,0.47700000762939454,0.11406435817480087,BlockedShot,RightFoot,OpenPlay,h,2025
651531,29631,11757,Hákon Haraldsson,27,0.8480000305175781,0.72,0.03449387848377228,BlockedShot,RightFoot,OpenPlay,h,2025
651533,29631,3223,Benjamin André,29,0.8619999694824219,0.5329999923706055,0.09948072582483292,BlockedShot,RightFoot,OpenPlay,h,2025
651535,29631,9444,Felix Correia,46,0.9619999694824218,0.600999984741211,0.4059000313282013,Goal,RightFoot,OpenPlay,h,2025
651536,29631,9444,Felix Correia,50,0.895,0.37599998474121094,0.36042147874832153,ShotOnPost,RightFoot,OpenPlay,h,2025
651538,29631,502,Olivier Giroud,53,0.925,0.47700000762939454,0.40384629368782043,MissedShots,Head,OpenPlay,h,2025
651539,29631,11757,Hákon Haraldsson,57,0.8680000305175781,0.575999984741211,0.10342716425657272,BlockedShot,RightFoot,OpenPlay,h,2025
651540,29631,3223,Benjamin André,64,0.8780000305175781,0.4829999923706055,0.08267158269882202,MissedShots,RightFoot,FromCorner,h,2025
651541,29631,9444,Felix Correia,66,0.749000015258789,0.35400001525878905,0.015023792162537575,MissedShots,RightFoot,FromCorner,h,2025
651542,29631,9444,Felix Correia,66,0.75,0.3890000152587891,0.02140442468225956,MissedShots,LeftFoot,FromCorner,h,2025
651543,29631,502,Olivier Giroud,67,0.9290000152587891,0.4829999923706055,0.40263813734054565,SavedShot,Head,OpenPlay,h,2025
651544,29631,914,Nabil Bentaleb,83,0.7290000152587891,0.5729999923706055,0.022409865632653236,MissedShots,LeftFoot,OpenPlay,h,2025
651545,29631,13976,Hamza Igamane,93,0.48,0.37799999237060544,0.012901445850729942,SavedShot,RightFoot,OpenPlay,h,2025
651526,29631,6895,Jordan Lefort,17,0.7,0.685,0.03176324814558029,MissedShots,LeftFoot,DirectFreekick,a,2025
651527,29631,6895,Jordan Lefort,20,0.775,0.595,0.04550107568502426,SavedShot,RightFoot,OpenPlay,a,2025
651528,29631,12847,Sidiki Chérif,23,0.8140000152587891,0.754000015258789,0.041940052062273026,BlockedShot,RightFoot,OpenPlay,a,2025
651532,29631,12847,Sidiki Chérif,27,0.8330000305175781,0.40099998474121096,0.05992463603615761,BlockedShot,RightFoot,OpenPlay,a,2025
651534,29631,5756,Carlens Arcus,38,0.8030000305175782,0.265,0.021450234577059746,BlockedShot,RightFoot,OpenPlay,a,2025
651537,29631,10295,Louis Mouton,51,0.85,0.57,0.0769423320889473,BlockedShot,LeftFoot,OpenPlay,a,2025
651547,29633,6017,Chidozie Awaziem,9,0.9119999694824219,0.46599998474121096,0.08170437067747116,SavedShot,Head,FromCorner,h,2025
651549,29633,9490,Matthis Abline,17,0.7659999847412109,0.44,0.027996355667710304,SavedShot,RightFoot,OpenPlay,h,2025
651550,29633,12846,Louis Leroux,18,0.8469999694824218,0.5840000152587891,0.05707702413201332,BlockedShot,LeftFoot,SetPiece,h,2025
651551,29633,9490,Matthis Abline,20,0.785,0.305,0.024182673543691635,MissedShots,RightFoot,OpenPlay,h,2025
651552,29633,12387,Dehmaine Assoumani,31,0.7630000305175781,0.6480000305175782,0.022347887977957726,MissedShots,LeftFoot,OpenPlay,h,2025
651557,29633,12387,Dehmaine Assoumani,48,0.725,0.36,0.011440743692219257,SavedShot,LeftFoot,OpenPlay,h,2025
651558,29633,12387,Dehmaine Assoumani,50,0.7440000152587891,0.4229999923706055,0.059350501745939255,BlockedShot,LeftFoot,DirectFreekick,h,2025
651559,29633,2082,Youssef El-Arabi,53,0.884000015258789,0.53,0.037041451781988144,MissedShots,Head,OpenPlay,h,2025
651560,29633,9490,Matthis Abline,53,0.95,0.35400001525878905,0.07045489549636841,BlockedShot,RightFoot,OpenPlay,h,2025
651561,29633,6007,Nicolas Cozza,54,0.7519999694824219,0.6140000152587891,0.01613537408411503,MissedShots,LeftFoot,FromCorner,h,2025
651566,29633,10581,Junior Mwanga,71,0.9059999847412109,0.3559999847412109,0.17746996879577637,BlockedShot,RightFoot,OpenPlay,h,2025
651568,29633,9490,Matthis Abline,74,0.875,0.6580000305175782,0.1350141167640686,SavedShot,RightFoot,OpenPlay,h,2025
651569,29633,9490,Matthis Abline,76,0.9080000305175782,0.5520000076293945,0.2512476444244385,MissedShots,Head,OpenPlay,h,2025
651571,29633,14034,Bahmed Deuff,84,0.759000015258789,0.4909999847412109,0.02358764410018921,MissedShots,RightFoot,OpenPlay,h,2025
651573,29633,6017,Chidozie Awaziem,92,0.899000015258789,0.6609999847412109,0.0475689060986042,BlockedShot,RightFoot,OpenPlay,h,2025
651575,29633,6017,Chidozie Awaziem,96,0.9340000152587891,0.35,0.03596710041165352,BlockedShot,RightFoot,OpenPlay,h,2025
651546,29633,13812,Alpha Touré,5,0.7909999847412109,0.43,0.03607070446014404,SavedShot,LeftFoot,OpenPlay,a,2025
651548,29633,11798,Koffi Kouao,15,0.9719999694824218,0.345,0.010921446606516838,MissedShots,Head,OpenPlay,a,2025
651553,29633,11797,Maxime Colin,33,0.7519999694824219,0.625999984741211,0.009789970703423023,MissedShots,RightFoot,FromCorner,a,2025
651554,29633,5769,Habib Diallo,35,0.8780000305175781,0.5279999923706055,0.08163943141698837,MissedShots,LeftFoot,FromCorner,a,2025
651555,29633,8686,Cheick Tidiane Sabaly,37,0.8809999847412109,0.7090000152587891,0.04214503616094589,SavedShot,RightFoot,OpenPlay,a,2025
651556,29633,13999,Terry Yegbe,38,0.919000015258789,0.58,0.01963701657950878,MissedShots,Head,FromCorner,a,2025
651562,29633,12000,Ibou Sané,60,0.92,0.3270000076293945,0.05346748232841492,SavedShot,RightFoot,OpenPlay,a,2025
651563,29633,11798,Koffi Kouao,63,0.7630000305175781,0.2670000076293945,0.015974361449480057,SavedShot,RightFoot,OpenPlay,a,2025
651564,29633,5769,Habib Diallo,65,0.9330000305175781,0.5459999847412109,0.1335970163345337,MissedShots,Head,OpenPlay,a,2025
651565,29633,11798,Koffi Kouao,65,0.86,0.45299999237060545,0.09425187110900879,MissedShots,LeftFoot,OpenPlay,a,2025
651567,29633,5769,Habib Diallo,72,0.9059999847412109,0.6769999694824219,0.08877275884151459,SavedShot,LeftFoot,OpenPlay,a,2025
651570,29633,13813,Giorgi Abuashvili,81,0.8019999694824219,0.7290000152587891,0.24526551365852356,Goal,LeftFoot,OpenPlay,a,2025
651572,29633,5769,Habib Diallo,88,0.8059999847412109,0.37400001525878906,0.4427693784236908,Goal,RightFoot,OpenPlay,a,2025
651574,29633,1754,Joel Asoro,95,0.855,0.39099998474121095,0.08815059810876846,MissedShots,RightFoot,OpenPlay,a,2025
651576,29636,12045,Aron Dønnum,6,0.9169999694824219,0.47,0.13366158306598663,MissedShots,RightFoot,OpenPlay,h,2025
651577,29636,13755,Mário Sauer,13,0.7330000305175781,0.7319999694824219,0.010046420618891716,MissedShots,RightFoot,OpenPlay,h,2025
651579,29636,10193,Frank Magri,21,0.9019999694824219,0.6459999847412109,0.08877687901258469,SavedShot,LeftFoot,OpenPlay,h,2025
651581,29636,14082,Emersonn,33,0.9290000152587891,0.57,0.08158386498689651,MissedShots,Head,FromCorner,h,2025
651582,29636,9220,Charlie Cresswell,35,0.85,0.505,0.026923108845949173,MissedShots,Head,SetPiece,h,2025
651583,29636,14082,Emersonn,38,0.7819999694824219,0.6170000076293946,0.01909913681447506,BlockedShot,LeftFoot,SetPiece,h,2025
651584,29636,6874,Yann Gboho,41,0.8419999694824218,0.6990000152587891,0.035769399255514145,BlockedShot,RightFoot,OpenPlay,h,2025
651585,29636,6874,Yann Gboho,42,0.8769999694824219,0.7180000305175781,0.05597619339823723,BlockedShot,RightFoot,OpenPlay,h,2025
651587,29636,6874,Yann Gboho,48,0.9180000305175782,0.4129999923706055,0.04995157942175865,MissedShots,Head,FromCorner,h,2025
651588,29636,14082,Emersonn,49,0.86,0.4979999923706055,0.04280439391732216,BlockedShot,LeftFoot,OpenPlay,h,2025
651589,29636,11777,Cristian Cásseres Jr.,50,0.75,0.39799999237060546,0.016607532277703285,MissedShots,LeftFoot,OpenPlay,h,2025
651590,29636,14082,Emersonn,55,0.8930000305175781,0.605999984741211,0.07789155095815659,MissedShots,RightFoot,OpenPlay,h,2025
651591,29636,12045,Aron Dønnum,59,0.945,0.315,0.07126584649085999,MissedShots,RightFoot,OpenPlay,h,2025
651594,29636,13757,Alexis Vossah,71,0.8580000305175781,0.6969999694824218,0.04389622062444687,SavedShot,LeftFoot,OpenPlay,h,2025
651596,29636,6874,Yann Gboho,75,0.8959999847412109,0.735,0.03697134554386139,BlockedShot,RightFoot,OpenPlay,h,2025
651597,29636,3357,Djibril Sidibe,76,0.9459999847412109,0.47700000762939454,0.12123562395572662,BlockedShot,RightFoot,FromCorner,h,2025
651599,29636,11291,Warren Kamanzi,88,0.850999984741211,0.7240000152587891,0.031772758811712265,BlockedShot,RightFoot,OpenPlay,h,2025
651602,29636,9220,Charlie Cresswell,93,0.94,0.44799999237060545,0.0782073363661766,MissedShots,Head,OpenPlay,h,2025
651603,29636,14082,Emersonn,95,0.9330000305175781,0.5679999923706055,0.05607333406805992,MissedShots,Head,OpenPlay,h,2025
651578,29636,11795,Yassine Kechta,19,0.855999984741211,0.3370000076293945,0.05815405398607254,MissedShots,LeftFoot,OpenPlay,a,2025
651580,29636,3674,Abdoulaye Touré,27,0.8219999694824218,0.3220000076293945,0.05954679846763611,SavedShot,RightFoot,OpenPlay,a,2025
651586,29636,11792,Issa Soumaré,47,0.88,0.5279999923706055,0.4085696339607239,ShotOnPost,RightFoot,OpenPlay,a,2025
651592,29636,11788,Arouna Sangante,68,0.8580000305175781,0.54,0.04381387680768967,SavedShot,RightFoot,FromCorner,a,2025
651593,29636,13742,Ayumu Seko,71,0.7869999694824219,0.4520000076293945,0.03737635537981987,BlockedShot,RightFoot,OpenPlay,a,2025
651595,29636,11792,Issa Soumaré,72,0.7080000305175781,0.500999984741211,0.01083536259829998,MissedShots,LeftFoot,OpenPlay,a,2025
651598,29636,11792,Issa Soumaré,87,0.9209999847412109,0.425,0.4168652594089508,SavedShot,LeftFoot,OpenPlay,a,2025
651600,29636,3674,Abdoulaye Touré,88,0.7719999694824219,0.3370000076293945,0.021837519481778145,MissedShots,LeftFoot,OpenPlay,a,2025
651601,29636,12446,Simon Ebonog,89,0.745,0.66,0.015989037230610847,BlockedShot,RightFoot,OpenPlay,a,2025
651730,29629,7747,Mama Baldé,8,0.8930000305175781,0.28899999618530275,0.04592958092689514,MissedShots,RightFoot,OpenPlay,h,2025
651731,29629,7747,Mama Baldé,9,0.8680000305175781,0.49700000762939456,0.02643234096467495,MissedShots,Head,OpenPlay,h,2025
651732,29629,6905,Ludovic Ajorque,16,0.9619999694824218,0.51,0.6104112863540649,MissedShots,LeftFoot,OpenPlay,h,2025
651733,29629,3743,Lucas Tousart,18,0.7980000305175782,0.30700000762939456,0.0241259578615427,MissedShots,LeftFoot,OpenPlay,h,2025
651736,29629,6905,Ludovic Ajorque,26,0.84,0.6170000076293946,0.052692923694849014,SavedShot,LeftFoot,OpenPlay,h,2025
651737,29629,14052,Pathé Mboup,26,0.9680000305175781,0.605999984741211,0.3328799307346344,SavedShot,RightFoot,OpenPlay,h,2025
651739,29629,7747,Mama Baldé,50,0.860999984741211,0.395,0.05451657995581627,BlockedShot,LeftFoot,FromCorner,h,2025
651740,29629,6905,Ludovic Ajorque,57,0.8580000305175781,0.7140000152587891,0.03611963987350464,BlockedShot,LeftFoot,OpenPlay,h,2025
651741,29629,10467,Soumaila Coulibaly,73,0.9080000305175782,0.515,0.030917732045054436,MissedShots,Head,FromCorner,h,2025
651742,29629,11065,Remy Labeau Lascary,81,0.86,0.610999984741211,0.355008065700531,SavedShot,RightFoot,OpenPlay,h,2025
651743,29629,7562,Eric Junior Dina Ebimbe,86,0.8590000152587891,0.32599998474121095,0.04828164353966713,BlockedShot,RightFoot,OpenPlay,h,2025
651745,29629,5742,Hugo Magnetti,91,0.7609999847412109,0.515,0.0235830657184124,MissedShots,RightFoot,OpenPlay,h,2025
651746,29629,7562,Eric Junior Dina Ebimbe,95,0.8880000305175781,0.5329999923706055,0.016065867617726326,BlockedShot,Head,FromCorner,h,2025
651734,29629,10091,Tyler Morton,21,0.7340000152587891,0.605999984741211,0.015267038717865944,MissedShots,RightFoot,OpenPlay,a,2025
651735,29629,13735,Pavel Sulc,25,0.8340000152587891,0.3920000076293945,0.056878749281167984,BlockedShot,RightFoot,OpenPlay,a,2025
651738,29629,3603,Corentin Tolisso,44,0.7090000152587891,0.5209999847412109,0.012765634804964066,SavedShot,RightFoot,OpenPlay,a,2025
651744,29629,10091,Tyler Morton,90,0.7569999694824219,0.639000015258789,0.058950603008270264,SavedShot,RightFoot,DirectFreekick,a,2025
651964,29644,9656,Ilan Kebbal,22,0.5329999923706055,0.43,0.01041493471711874,MissedShots,LeftFoot,OpenPlay,h,2025
651965,29644,9563,Mamadou Mbow,31,0.9330000305175781,0.525,0.06193801388144493,SavedShot,Head,FromCorner,h,2025
651966,29644,5619,Pierre Lees-Melou,34,0.9390000152587891,0.31799999237060544,0.28684720396995544,SavedShot,RightFoot,OpenPlay,h,2025
651967,29644,8690,Jean-Phillipe Krasso,38,0.9580000305175781,0.35200000762939454,0.31433653831481934,SavedShot,LeftFoot,OpenPlay,h,2025
651968,29644,13805,Adama Camara,38,0.9180000305175782,0.5170000076293946,0.048757102340459824,BlockedShot,Head,FromCorner,h,2025
651970,29644,5619,Pierre Lees-Melou,41,0.9540000152587891,0.3060000038146973,0.11343660950660706,BlockedShot,RightFoot,OpenPlay,h,2025
651972,29644,9656,Ilan Kebbal,46,0.8519999694824218,0.3629999923706055,0.07991226762533188,MissedShots,LeftFoot,OpenPlay,h,2025
651973,29644,13800,Samir Chergui,46,0.9319999694824219,0.27299999237060546,0.03858943656086922,SavedShot,RightFoot,OpenPlay,h,2025
651977,29644,13800,Samir Chergui,64,0.97,0.47900001525878905,0.84490966796875,ShotOnPost,RightFoot,OpenPlay,h,2025
651981,29644,13871,Otávio,72,0.8440000152587891,0.4759999847412109,0.02578180655837059,BlockedShot,LeftFoot,FromCorner,h,2025
651982,29644,7169,Moses Simon,72,0.8219999694824218,0.66,0.039941079914569855,MissedShots,LeftFoot,FromCorner,h,2025
651983,29644,9656,Ilan Kebbal,75,0.855,0.29100000381469726,0.035614464432001114,BlockedShot,LeftFoot,OpenPlay,h,2025
651984,29644,8647,Thibault De Smet,76,0.7930000305175782,0.6580000305175782,0.02578066475689411,ShotOnPost,LeftFoot,OpenPlay,h,2025
651985,29644,6332,Willem Geubbels,76,0.85,0.655,0.03853194788098335,BlockedShot,RightFoot,OpenPlay,h,2025
651986,29644,6332,Willem Geubbels,77,0.8669999694824219,0.5729999923706055,0.021282047033309937,MissedShots,Head,OpenPlay,h,2025
651988,29644,8647,Thibault De Smet,84,0.775,0.495,0.022700322791934013,BlockedShot,LeftFoot,FromCorner,h,2025
651989,29644,5696,Vincent Marchetti,88,0.815,0.5120000076293946,0.047303784638643265,MissedShots,LeftFoot,OpenPlay,h,2025
651990,29644,5696,Vincent Marchetti,92,0.835999984741211,0.3920000076293945,0.01935313083231449,BlockedShot,LeftFoot,SetPiece,h,2025
651991,29644,6332,Willem Geubbels,92,0.9680000305175781,0.5329999923706055,0.1540660858154297,MissedShots,RightFoot,SetPiece,h,2025
651969,29644,12850,Esteban Lepaul,40,0.9480000305175781,0.6519999694824219,0.012442723847925663,MissedShots,Head,FromCorner,a,2025
651971,29644,13210,Mohamed Meïté,44,0.860999984741211,0.32799999237060545,0.14420126378536224,SavedShot,RightFoot,OpenPlay,a,2025
651974,29644,12850,Esteban Lepaul,49,0.93,0.26799999237060546,0.021851958706974983,MissedShots,RightFoot,SetPiece,a,2025
651975,29644,12451,Djaoui Cissé,55,0.725999984741211,0.29600000381469727,0.03672604262828827,SavedShot,RightFoot,DirectFreekick,a,2025
651976,29644,13210,Mohamed Meïté,60,0.8819999694824219,0.485,0.05519038811326027,MissedShots,RightFoot,FromCorner,a,2025
651978,29644,3475,Ludovic Blas,66,0.825,0.514000015258789,0.05815264955163002,BlockedShot,LeftFoot,OpenPlay,a,2025
651979,29644,3475,Ludovic Blas,67,0.8069999694824219,0.5479999923706055,0.13939207792282104,MissedShots,LeftFoot,DirectFreekick,a,2025
651980,29644,11545,Jérémy Jacquet,69,0.9169999694824219,0.6170000076293946,0.046870503574609756,BlockedShot,RightFoot,FromCorner,a,2025
651987,29644,5356,Breel Embolo,80,0.8869999694824219,0.4329999923706055,0.3617055416107178,Goal,RightFoot,OpenPlay,a,2025
651992,29644,9399,Quentin Merlin,93,0.8519999694824218,0.6359999847412109,0.49074989557266235,MissedShots,LeftFoot,OpenPlay,a,2025
652336,29641,318,Pierre-Emerick Aubameyang,0,0.9030000305175782,0.40400001525878904,0.08549588918685913,MissedShots,RightFoot,OpenPlay,h,2025
652337,29641,7490,Mason Greenwood,4,0.8780000305175781,0.6959999847412109,0.04565220698714256,MissedShots,RightFoot,OpenPlay,h,2025
652338,29641,318,Pierre-Emerick Aubameyang,5,0.895,0.4370000076293945,0.29889559745788574,MissedShots,RightFoot,OpenPlay,h,2025
652340,29641,14010,Igor Paixão,8,0.7119999694824218,0.6969999694824218,0.007152969483286142,MissedShots,RightFoot,OpenPlay,h,2025
652341,29641,7490,Mason Greenwood,18,0.8059999847412109,0.47,0.05423787236213684,BlockedShot,RightFoot,OpenPlay,h,2025
652342,29641,5598,Angel Gomes,23,0.7340000152587891,0.5870000076293945,0.01420918945223093,BlockedShot,RightFoot,OpenPlay,h,2025
652343,29641,5598,Angel Gomes,24,0.7580000305175781,0.5309999847412109,0.0739690363407135,Goal,RightFoot,DirectFreekick,h,2025
652344,29641,14010,Igor Paixão,30,0.7680000305175781,0.6270000076293946,0.01767326146364212,SavedShot,RightFoot,FromCorner,h,2025
652345,29641,7490,Mason Greenwood,32,0.885,0.5,0.7600951194763184,Goal,RightFoot,Penalty,h,2025
652346,29641,318,Pierre-Emerick Aubameyang,35,0.89,0.5520000076293945,0.13914357125759125,MissedShots,LeftFoot,OpenPlay,h,2025
652348,29641,7490,Mason Greenwood,45,0.93,0.28299999237060547,0.07183437794446945,SavedShot,RightFoot,OpenPlay,h,2025
652350,29641,5598,Angel Gomes,57,0.960999984741211,0.49599998474121093,0.5989747047424316,MissedShots,Head,OpenPlay,h,2025
652352,29641,12392,Arthur Vermeeren,65,0.76,0.6459999847412109,0.019412295892834663,BlockedShot,RightFoot,OpenPlay,h,2025
652353,29641,7490,Mason Greenwood,66,0.7569999694824219,0.43900001525878907,0.03461768850684166,BlockedShot,LeftFoot,OpenPlay,h,2025
652354,29641,343,Pierre-Emile Højbjerg,67,0.8569999694824219,0.4420000076293945,0.12196212261915207,SavedShot,RightFoot,OpenPlay,h,2025
652355,29641,318,Pierre-Emerick Aubameyang,81,0.9290000152587891,0.46099998474121096,0.5810624361038208,Goal,RightFoot,OpenPlay,h,2025
652356,29641,318,Pierre-Emerick Aubameyang,84,0.9330000305175781,0.36400001525878906,0.1260461062192917,MissedShots,RightFoot,OpenPlay,h,2025
652357,29641,12601,Darryl Bakola,89,0.7680000305175781,0.6869999694824219,0.022981369867920876,SavedShot,RightFoot,OpenPlay,h,2025
652358,29641,12601,Darryl Bakola,90,0.7230000305175781,0.47200000762939454,0.017168259248137474,MissedShots,RightFoot,OpenPlay,h,2025
652339,29641,14052,Pathé Mboup,8,0.860999984741211,0.5929999923706055,0.33385902643203735,SavedShot,RightFoot,OpenPlay,a,2025
652347,29641,13968,Daouda Guindo,46,0.7480000305175781,0.735,0.010344991460442543,MissedShots,LeftFoot,OpenPlay,a,2025
652349,29641,11065,Remy Labeau Lascary,51,0.884000015258789,0.740999984741211,0.04317828267812729,SavedShot,LeftFoot,OpenPlay,a,2025
652351,29641,7739,Joris Chotard,63,0.9109999847412109,0.4859999847412109,0.3084573447704315,MissedShots,Head,OpenPlay,a,2025
652471,29638,11792,Issa Soumaré,2,0.8530000305175781,0.35,0.05759817734360695,MissedShots,RightFoot,OpenPlay,h,2025
652473,29638,11790,Rassoul Ndiaye,5,0.9130000305175782,0.46900001525878904,0.27982839941978455,SavedShot,Head,OpenPlay,h,2025
652475,29638,11790,Rassoul Ndiaye,14,0.8719999694824219,0.3290000152587891,0.04247857630252838,BlockedShot,LeftFoot,OpenPlay,h,2025
652478,29638,11792,Issa Soumaré,18,0.7319999694824219,0.7559999847412109,0.009465479291975498,SavedShot,RightFoot,OpenPlay,h,2025
652479,29638,11788,Arouna Sangante,18,0.914000015258789,0.44799999237060545,0.026866653934121132,SavedShot,Head,FromCorner,h,2025
652480,29638,11795,Yassine Kechta,22,0.735,0.6359999847412109,0.018031176179647446,MissedShots,LeftFoot,SetPiece,h,2025
652481,29638,11790,Rassoul Ndiaye,27,0.87,0.37799999237060544,0.05645720288157463,MissedShots,RightFoot,OpenPlay,h,2025
652482,29638,11792,Issa Soumaré,50,0.889000015258789,0.34599998474121096,0.06030092015862465,ShotOnPost,RightFoot,OpenPlay,h,2025
652483,29638,13742,Ayumu Seko,50,0.7380000305175781,0.644000015258789,0.013988224789500237,MissedShots,RightFoot,OpenPlay,h,2025
652484,29638,11787,Loïc Négo,73,0.94,0.42700000762939455,0.08719007670879364,BlockedShot,RightFoot,OpenPlay,h,2025
652485,29638,9250,Reda Khadra,76,0.8059999847412109,0.63,0.03301088884472847,MissedShots,RightFoot,OpenPlay,h,2025
652486,29638,11792,Issa Soumaré,82,0.9740000152587891,0.5729999923706055,0.09075427800416946,MissedShots,LeftFoot,OpenPlay,h,2025
652487,29638,8684,Fodé Doucouré,86,0.72,0.5379999923706055,0.019537953659892082,BlockedShot,LeftFoot,FromCorner,h,2025
652488,29638,7649,Younes Namli,88,0.8859999847412109,0.6769999694824219,0.05763242766261101,BlockedShot,LeftFoot,OpenPlay,h,2025
652489,29638,9250,Reda Khadra,89,0.874000015258789,0.57,0.07097878307104111,BlockedShot,RightFoot,FromCorner,h,2025
652491,29638,3674,Abdoulaye Touré,94,0.784000015258789,0.4779999923706055,0.013640309683978558,BlockedShot,RightFoot,OpenPlay,h,2025
652492,29638,3701,Gautier Lloris,94,0.9180000305175782,0.4540000152587891,0.046993404626846313,Goal,Head,OpenPlay,h,2025
652472,29638,9490,Matthis Abline,3,0.914000015258789,0.5829999923706055,0.24608202278614044,Goal,Head,OpenPlay,a,2025
652474,29638,12846,Louis Leroux,11,0.7530000305175781,0.610999984741211,0.04021751135587692,BlockedShot,LeftFoot,OpenPlay,a,2025
652476,29638,9490,Matthis Abline,16,0.7730000305175782,0.6719999694824219,0.026327937841415405,BlockedShot,RightFoot,OpenPlay,a,2025
652477,29638,9490,Matthis Abline,16,0.8590000152587891,0.6609999847412109,0.019621124491095543,BlockedShot,RightFoot,FromCorner,a,2025
652490,29638,6017,Chidozie Awaziem,92,0.6,0.40900001525878904,0.021687034517526627,SavedShot,RightFoot,DirectFreekick,a,2025
652562,29643,9690,Folarin Balogun,5,0.8880000305175781,0.5890000152587891,0.10364736616611481,SavedShot,RightFoot,OpenPlay,h,2025
652564,29643,9690,Folarin Balogun,9,0.865,0.51,0.08566562086343765,MissedShots,Head,OpenPlay,h,2025
652566,29643,10058,Maghnes Akliouche,16,0.8480000305175781,0.42,0.10452397912740707,BlockedShot,LeftFoot,OpenPlay,h,2025
652567,29643,10058,Maghnes Akliouche,18,0.8159999847412109,0.37799999237060544,0.015476996079087257,BlockedShot,LeftFoot,SetPiece,h,2025
652568,29643,12186,Kassoum Ouattara,19,0.894000015258789,0.6890000152587891,0.03517445549368858,BlockedShot,LeftFoot,FromCorner,h,2025
652571,29643,9690,Folarin Balogun,36,0.885,0.5,0.7600951194763184,Goal,RightFoot,Penalty,h,2025
652578,29643,2674,Thilo Kehrer,43,0.8869999694824219,0.4859999847412109,0.022229108959436417,MissedShots,Head,SetPiece,h,2025
652579,29643,6923,Mohammed Salisu,43,0.8859999847412109,0.5259999847412109,0.015589931979775429,BlockedShot,Head,FromCorner,h,2025
652585,29643,12804,George Ilenikhena,61,0.9119999694824219,0.46,0.08990073949098587,SavedShot,LeftFoot,OpenPlay,h,2025
652586,29643,12804,George Ilenikhena,66,0.9019999694824219,0.6419999694824219,0.08673958480358124,MissedShots,LeftFoot,OpenPlay,h,2025
652588,29643,10058,Maghnes Akliouche,72,0.73,0.6459999847412109,0.011933251284062862,SavedShot,LeftFoot,OpenPlay,h,2025
652589,29643,12376,Lucas Michal,72,0.8959999847412109,0.34200000762939453,0.044548265635967255,MissedShots,RightFoot,OpenPlay,h,2025
652594,29643,12804,George Ilenikhena,88,0.9009999847412109,0.47900001525878905,0.10033313930034637,SavedShot,Head,OpenPlay,h,2025
652595,29643,6923,Mohammed Salisu,90,0.914000015258789,0.525,0.037171367555856705,MissedShots,Head,FromCorner,h,2025
652596,29643,7967,Anssumane Fati,92,0.885,0.5,0.7600951194763184,SavedShot,RightFoot,Penalty,h,2025
652597,29643,7967,Anssumane Fati,92,0.9230000305175782,0.5070000076293946,0.5627735257148743,MissedShots,LeftFoot,SetPiece,h,2025
652563,29643,3697,Odsonne Edouard,8,0.8930000305175781,0.5709999847412109,0.05871758237481117,SavedShot,Head,OpenPlay,a,2025
652565,29643,7206,Jonathan Gradit,12,0.8959999847412109,0.43900001525878907,0.08802428096532822,BlockedShot,RightFoot,FromCorner,a,2025
652569,29643,3549,Adrien Thomasson,20,0.91,0.4809999847412109,0.48795145750045776,SavedShot,RightFoot,OpenPlay,a,2025
652570,29643,3697,Odsonne Edouard,20,0.9290000152587891,0.5220000076293946,0.5467785000801086,Goal,RightFoot,OpenPlay,a,2025
652572,29643,13917,Mamadou Sangaré,38,0.8419999694824218,0.37599998474121094,0.05303572863340378,BlockedShot,LeftFoot,OpenPlay,a,2025
652573,29643,3799,Wesley Said,38,0.8059999847412109,0.5870000076293945,0.03160558640956879,SavedShot,LeftFoot,OpenPlay,a,2025
652574,29643,3799,Wesley Said,39,0.9080000305175782,0.6840000152587891,0.2707463502883911,Goal,LeftFoot,OpenPlay,a,2025
652575,29643,942,Florian Thauvin,41,0.8490000152587891,0.49700000762939456,0.10172808915376663,BlockedShot,LeftFoot,OpenPlay,a,2025
652576,29643,13732,Samson Baidoo,42,0.8880000305175781,0.5990000152587891,0.012456626631319523,MissedShots,Head,FromCorner,a,2025
652577,29643,5745,Matthieu Udol,42,0.924000015258789,0.5279999923706055,0.10601245611906052,SavedShot,Head,FromCorner,a,2025
652580,29643,13917,Mamadou Sangaré,47,0.9030000305175782,0.49700000762939456,0.3293033242225647,Goal,LeftFoot,OpenPlay,a,2025
652581,29643,13917,Mamadou Sangaré,50,0.7830000305175782,0.28700000762939454,0.029820984229445457,BlockedShot,LeftFoot,OpenPlay,a,2025
652582,29643,3799,Wesley Said,53,0.7680000305175781,0.575,0.03702469915151596,SavedShot,RightFoot,OpenPlay,a,2025
652583,29643,942,Florian Thauvin,56,0.8280000305175781,0.37400001525878906,0.07334090024232864,MissedShots,RightFoot,OpenPlay,a,2025
652584,29643,3799,Wesley Said,59,0.9640000152587891,0.5740000152587891,0.3526460528373718,Goal,Head,FromCorner,a,2025
652587,29643,5745,Matthieu Udol,69,0.91,0.6480000305175782,0.089919313788414,BlockedShot,LeftFoot,OpenPlay,a,2025
652590,29643,3549,Adrien Thomasson,77,0.855999984741211,0.5220000076293946,0.11710027605295181,SavedShot,LeftFoot,OpenPlay,a,2025
652591,29643,13506,Rayan Fofana,80,0.9180000305175782,0.5109999847412109,0.5606448650360107,MissedShots,RightFoot,OpenPlay,a,2025
652592,29643,13506,Rayan Fofana,81,0.9119999694824219,0.624000015258789,0.13763423264026642,SavedShot,LeftFoot,OpenPlay,a,2025
652593,29643,5745,Matthieu Udol,87,0.784000015258789,0.4229999923706055,0.023321200162172318,BlockedShot,LeftFoot,SetPiece,a,2025
652718,29639,10347,Pablo Pagis,43,0.885,0.5,0.7600951194763184,Goal,RightFoot,Penalty,h,2025
652720,29639,10347,Pablo Pagis,50,0.7269999694824218,0.5029999923706054,0.024728616699576378,MissedShots,RightFoot,FromCorner,h,2025
652722,29639,10347,Pablo Pagis,58,0.8580000305175781,0.5920000076293945,0.09998250752687454,MissedShots,RightFoot,OpenPlay,h,2025
652725,29639,12004,Joel Mvuka,72,0.785,0.39,0.030027706176042557,MissedShots,LeftFoot,OpenPlay,h,2025
652727,29639,12383,Mohamed Bamba,83,0.8719999694824219,0.4929999923706055,0.11027270555496216,SavedShot,RightFoot,OpenPlay,h,2025
652728,29639,9873,Montassar Talbi,83,0.89,0.58,0.052432313561439514,BlockedShot,LeftFoot,FromCorner,h,2025
652729,29639,9661,Igor Silva,84,0.705,0.3970000076293945,0.012773287482559681,MissedShots,RightFoot,OpenPlay,h,2025
652730,29639,10074,Sambou Soumano,87,0.9540000152587891,0.565,0.13622938096523285,MissedShots,Head,SetPiece,h,2025
652731,29639,13975,Noah Cadiou,91,0.7380000305175781,0.5209999847412109,0.02656395174562931,BlockedShot,RightFoot,FromCorner,h,2025
652732,29639,3536,Jean-Victor Makengo,91,0.784000015258789,0.3509999847412109,0.01688237115740776,ShotOnPost,LeftFoot,OpenPlay,h,2025
652717,29639,14082,Emersonn,9,0.89,0.544000015258789,0.1215391680598259,BlockedShot,RightFoot,OpenPlay,a,2025
652719,29639,10193,Frank Magri,46,0.9209999847412109,0.415,0.08046175539493561,BlockedShot,RightFoot,OpenPlay,a,2025
652721,29639,10193,Frank Magri,53,0.8630000305175781,0.524000015258789,0.0954587534070015,BlockedShot,RightFoot,OpenPlay,a,2025
652723,29639,14082,Emersonn,60,0.7680000305175781,0.635,0.019738489761948586,SavedShot,RightFoot,OpenPlay,a,2025
652724,29639,3357,Djibril Sidibe,64,0.885,0.5,0.7600951194763184,Goal,RightFoot,Penalty,a,2025
652726,29639,12841,Dayann Methalie,82,0.9590000152587891,0.7080000305175781,0.07476866990327835,MissedShots,LeftFoot,OpenPlay,a,2025
652948,29637,5756,Carlens Arcus,13,0.8080000305175781,0.3120000076293945,0.02507730945944786,MissedShots,RightFoot,OpenPlay,h,2025
652951,29637,14131,Amine Sbaï,18,0.715999984741211,0.3820000076293945,0.019561737775802612,MissedShots,RightFoot,OpenPlay,h,2025
652955,29637,10295,Louis Mouton,40,0.8009999847412109,0.5259999847412109,0.05082546919584274,BlockedShot,RightFoot,OpenPlay,h,2025
652956,29637,10295,Louis Mouton,42,0.8880000305175781,0.600999984741211,0.35132840275764465,SavedShot,RightFoot,OpenPlay,h,2025
652957,29637,10923,Himad Abdelli,47,0.735999984741211,0.4909999847412109,0.02120421640574932,SavedShot,RightFoot,OpenPlay,h,2025
652960,29637,10923,Himad Abdelli,57,0.764000015258789,0.72,0.012578627094626427,MissedShots,RightFoot,OpenPlay,h,2025
652964,29637,14131,Amine Sbaï,73,0.8059999847412109,0.675,0.03653329238295555,SavedShot,RightFoot,OpenPlay,h,2025
652967,29637,14132,Djibirin Harouna,86,0.749000015258789,0.5879999923706055,0.022000307217240334,SavedShot,LeftFoot,OpenPlay,h,2025
652968,29637,13604,Prosper Peter,86,0.9540000152587891,0.4520000076293945,0.6260984539985657,Goal,RightFoot,OpenPlay,h,2025
652947,29637,10815,Lassine Sinayoko,11,0.9319999694824219,0.685,0.09286608546972275,SavedShot,LeftFoot,OpenPlay,a,2025
652949,29637,10815,Lassine Sinayoko,15,0.8909999847412109,0.475,0.12528204917907715,BlockedShot,RightFoot,OpenPlay,a,2025
652950,29637,7081,Francisco Sierralta,15,0.8969999694824219,0.5470000076293945,0.017245642840862274,SavedShot,Head,FromCorner,a,2025
652952,29637,10818,Kévin Danois,27,0.789000015258789,0.6309999847412109,0.02732589654624462,MissedShots,RightFoot,OpenPlay,a,2025
652953,29637,13792,Ibrahim Osman,29,0.8380000305175781,0.5829999923706055,0.07525921612977982,SavedShot,LeftFoot,OpenPlay,a,2025
652954,29637,13792,Ibrahim Osman,38,0.8490000152587891,0.505,0.017967158928513527,MissedShots,Head,OpenPlay,a,2025
652958,29637,13888,Danny Namaso,54,0.83,0.5259999847412109,0.07327728718519211,BlockedShot,RightFoot,OpenPlay,a,2025
652959,29637,10818,Kévin Danois,54,0.8069999694824219,0.4570000076293945,0.038271714001894,MissedShots,RightFoot,OpenPlay,a,2025
652961,29637,13577,Rudy Matondo,62,0.8219999694824218,0.5620000076293945,0.05321565270423889,MissedShots,RightFoot,OpenPlay,a,2025
652962,29637,9092,Marvin Senaya,64,0.6919999694824219,0.3160000038146973,0.01437516137957573,SavedShot,RightFoot,SetPiece,a,2025
652963,29637,12824,Clément Akpa,70,0.02700000047683716,0.46799999237060547,0,OwnGoal,RightFoot,OpenPlay,a,2025
652965,29637,13888,Danny Namaso,77,0.7930000305175782,0.6170000076293946,0.029691573232412338,ShotOnPost,RightFoot,OpenPlay,a,2025
652966,29637,8970,Sékou Mara,84,0.9,0.4379999923706055,0.027629049494862556,SavedShot,Head,OpenPlay,a,2025
652927,29642,11798,Koffi Kouao,2,0.749000015258789,0.42900001525878906,0.016750389710068703,MissedShots,RightFoot,FromCorner,h,2025
652928,29642,8686,Cheick Tidiane Sabaly,8,0.9259999847412109,0.3060000038146973,0.05530092120170593,MissedShots,RightFoot,OpenPlay,h,2025
652930,29642,6308,Jessy Deminguet,15,0.8159999847412109,0.4829999923706055,0.06596851348876953,BlockedShot,LeftFoot,OpenPlay,h,2025
652936,29642,13809,Giorgi Tsitaishvili,47,0.8219999694824218,0.705999984741211,0.028451070189476013,ShotOnPost,LeftFoot,OpenPlay,h,2025
652937,29642,5727,Gauthier Hein,52,0.885,0.5,0.7600951194763184,Goal,LeftFoot,Penalty,h,2025
652938,29642,13809,Giorgi Tsitaishvili,56,0.8019999694824219,0.514000015258789,0.04312773793935776,BlockedShot,LeftFoot,FromCorner,h,2025
652939,29642,13812,Alpha Touré,56,0.7759999847412109,0.375,0.027546102181077003,BlockedShot,LeftFoot,FromCorner,h,2025
652942,29642,5769,Habib Diallo,68,0.7980000305175782,0.664000015258789,0.027098679915070534,MissedShots,RightFoot,OpenPlay,h,2025
652944,29642,5769,Habib Diallo,83,0.8719999694824219,0.4640000152587891,0.3066195249557495,Goal,RightFoot,OpenPlay,h,2025
652929,29642,8685,Mohamed Ali-Cho,10,0.7609999847412109,0.37599998474121094,0.020042991265654564,MissedShots,LeftFoot,OpenPlay,a,2025
652931,29642,8768,Kevin Omoruyi,23,0.9540000152587891,0.4329999923706055,0.07233238220214844,MissedShots,Head,OpenPlay,a,2025
652932,29642,8685,Mohamed Ali-Cho,34,0.85,0.4829999923706055,0.09577479958534241,Goal,LeftFoot,OpenPlay,a,2025
652933,29642,6846,Sofiane Diop,38,0.7119999694824218,0.3679999923706055,0.020205000415444374,MissedShots,RightFoot,OpenPlay,a,2025
652934,29642,8768,Kevin Omoruyi,38,0.825999984741211,0.5170000076293946,0.1326456069946289,SavedShot,RightFoot,OpenPlay,a,2025
652935,29642,6846,Sofiane Diop,41,0.9019999694824219,0.41200000762939454,0.09263531863689423,SavedShot,RightFoot,OpenPlay,a,2025
652940,29642,6846,Sofiane Diop,60,0.970999984741211,0.5820000076293945,0.05363195762038231,BlockedShot,Head,FromCorner,a,2025
652941,29642,13750,Kojo Peprah Oppong,64,0.9080000305175782,0.5420000076293945,0.032403718680143356,MissedShots,Head,FromCorner,a,2025
652943,29642,8685,Mohamed Ali-Cho,73,0.9269999694824219,0.5420000076293945,0.12773744761943817,MissedShots,Head,OpenPlay,a,2025
652945,29642,8997,Terem Igobor Moffi,87,0.899000015258789,0.43900001525878907,0.056182246655225754,BlockedShot,Head,SetPiece,a,2025
652946,29642,13100,Juma Bah,95,0.8919999694824219,0.46799999237060547,0.0814010351896286,SavedShot,RightFoot,OpenPlay,a,2025
652970,29645,11817,Emanuel Emegha,13,0.860999984741211,0.34799999237060547,0.06016313657164574,BlockedShot,RightFoot,OpenPlay,h,2025
652974,29645,11817,Emanuel Emegha,32,0.8869999694824219,0.43400001525878906,0.30390143394470215,Goal,RightFoot,OpenPlay,h,2025
652976,29645,12498,Valentín Barco,49,0.74,0.6869999694824219,0.0225147046148777,MissedShots,LeftFoot,OpenPlay,h,2025
652977,29645,11817,Emanuel Emegha,61,0.8530000305175781,0.39299999237060546,0.35013651847839355,Goal,LeftFoot,OpenPlay,h,2025
652978,29645,11978,Diego Moreira,75,0.7,0.31,0.03144722804427147,MissedShots,LeftFoot,DirectFreekick,h,2025
652969,29645,11757,Hákon Haraldsson,0,0.754000015258789,0.6959999847412109,0.015222897753119469,SavedShot,RightFoot,OpenPlay,a,2025
652971,29645,13782,Nathan Ngoy,15,0.9230000305175782,0.46900001525878904,0.31498613953590393,SavedShot,Head,FromCorner,a,2025
652972,29645,11757,Hákon Haraldsson,20,0.735,0.45599998474121095,0.01834489032626152,SavedShot,RightFoot,SetPiece,a,2025
652973,29645,502,Olivier Giroud,31,0.8,0.63,0.036839574575424194,MissedShots,LeftFoot,OpenPlay,a,2025
652975,29645,13782,Nathan Ngoy,47,0.7659999847412109,0.34900001525878904,0.02042381651699543,SavedShot,RightFoot,OpenPlay,a,2025
652979,29645,3223,Benjamin André,91,0.904000015258789,0.509000015258789,0.07418619841337204,MissedShots,Head,FromCorner,a,2025
653145,29640,13739,Afonso Moreira,29,0.8640000152587891,0.595,0.2841891348361969,Goal,RightFoot,OpenPlay,h,2025
653147,29640,10701,Nicolás Tagliafico,41,0.919000015258789,0.590999984741211,0.08028408885002136,ShotOnPost,LeftFoot,OpenPlay,h,2025
653148,29640,1750,Ainsley Maitland-Niles,43,0.9159999847412109,0.4570000076293945,0.10469111800193787,BlockedShot,RightFoot,FromCorner,h,2025
653151,29640,1750,Ainsley Maitland-Niles,49,0.7390000152587891,0.52,0.08342737704515457,Goal,RightFoot,OpenPlay,h,2025
653152,29640,10091,Tyler Morton,55,0.8019999694824219,0.3840000152587891,0.026946332305669785,MissedShots,RightFoot,SetPiece,h,2025
653153,29640,10091,Tyler Morton,55,0.7219999694824218,0.5590000152587891,0.021294433623552322,BlockedShot,RightFoot,FromCorner,h,2025
653156,29640,13739,Afonso Moreira,78,0.8090000152587891,0.4570000076293945,0.01734921894967556,MissedShots,RightFoot,SetPiece,h,2025
653157,29640,10701,Nicolás Tagliafico,79,0.91,0.7119999694824218,0.05082637444138527,MissedShots,LeftFoot,OpenPlay,h,2025
653158,29640,13739,Afonso Moreira,79,0.865999984741211,0.5109999847412109,0.04357956349849701,BlockedShot,RightFoot,OpenPlay,h,2025
653142,29640,12345,Senny Mayulu,10,0.950999984741211,0.509000015258789,0.587977945804596,MissedShots,Head,OpenPlay,a,2025
653143,29640,11910,William Pacho,17,0.924000015258789,0.544000015258789,0.04909553751349449,MissedShots,Head,FromCorner,a,2025
653144,29640,10786,Warren Zaïre-Emery,25,0.955999984741211,0.33,0.2851252853870392,Goal,RightFoot,OpenPlay,a,2025
653146,29640,7453,Khvicha Kvaratskhelia,32,0.8430000305175781,0.5359999847412109,0.34586241841316223,Goal,RightFoot,OpenPlay,a,2025
653149,29640,7453,Khvicha Kvaratskhelia,48,0.845,0.7580000305175781,0.03175038844347,BlockedShot,RightFoot,OpenPlay,a,2025
653150,29640,8777,Vitinha,48,0.750999984741211,0.555,0.021115560084581375,MissedShots,LeftFoot,FromCorner,a,2025
653154,29640,7313,Lee Kang-In,61,0.7880000305175782,0.315,0.024292780086398125,SavedShot,LeftFoot,OpenPlay,a,2025
653155,29640,12734,João Neves,75,0.745,0.505,0.021220523864030838,MissedShots,LeftFoot,OpenPlay,a,2025
653159,29640,12734,João Neves,94,0.9340000152587891,0.5559999847412109,0.3322749137878418,Goal,Head,FromCorner,a,2025
653291,29651,9514,Antoine Mendy,4,0.7030000305175781,0.3659999847412109,0.013063370250165462,MissedShots,RightFoot,OpenPlay,h,2025
653295,29651,8685,Mohamed Ali-Cho,15,0.955,0.600999984741211,0.17900410294532776,SavedShot,Head,OpenPlay,h,2025
653297,29651,6846,Sofiane Diop,17,0.8130000305175781,0.4570000076293945,0.06760215014219284,BlockedShot,RightFoot,OpenPlay,h,2025
653298,29651,8997,Terem Igobor Moffi,22,0.7380000305175781,0.5559999847412109,0.019503120332956314,SavedShot,LeftFoot,OpenPlay,h,2025
653302,29651,8997,Terem Igobor Moffi,41,0.8959999847412109,0.5579999923706055,0.057062696665525436,SavedShot,LeftFoot,FromCorner,h,2025
653303,29651,6846,Sofiane Diop,44,0.8159999847412109,0.5520000076293945,0.06036674976348877,BlockedShot,RightFoot,OpenPlay,h,2025
653304,29651,8997,Terem Igobor Moffi,45,0.9019999694824219,0.3559999847412109,0.07839643955230713,SavedShot,RightFoot,OpenPlay,h,2025
653305,29651,8190,Melvin Bard,47,0.9519999694824218,0.6359999847412109,0.060299646109342575,SavedShot,LeftFoot,OpenPlay,h,2025
653307,29651,8190,Melvin Bard,45,0.855,0.6730000305175782,0.03722933307290077,MissedShots,LeftFoot,OpenPlay,h,2025
653308,29651,8997,Terem Igobor Moffi,49,0.8919999694824219,0.4570000076293945,0.3654423654079437,SavedShot,LeftFoot,OpenPlay,h,2025
653311,29651,8685,Mohamed Ali-Cho,62,0.9080000305175782,0.44099998474121094,0.3374410569667816,Goal,Head,OpenPlay,h,2025
653312,29651,13750,Kojo Peprah Oppong,65,0.78,0.6969999694824218,0.016443392261862755,BlockedShot,RightFoot,OpenPlay,h,2025
653314,29651,3544,Jeremie Boga,71,0.6809999847412109,0.42700000762939455,0.008070403710007668,MissedShots,RightFoot,OpenPlay,h,2025
653316,29651,8697,Jonathan Clauss,77,0.6730000305175782,0.6809999847412109,0.027159113436937332,BlockedShot,RightFoot,DirectFreekick,h,2025
653317,29651,8697,Jonathan Clauss,78,0.8319999694824218,0.3609999847412109,0.03422556817531586,BlockedShot,RightFoot,OpenPlay,h,2025
653292,29651,3363,Benjamin Pavard,10,0.8919999694824219,0.5729999923706055,0.1938549280166626,SavedShot,Head,FromCorner,a,2025
653293,29651,3363,Benjamin Pavard,10,0.875999984741211,0.4570000076293945,0.037298090755939484,BlockedShot,Head,FromCorner,a,2025
653294,29651,318,Pierre-Emerick Aubameyang,10,0.970999984741211,0.46799999237060547,0.7278313636779785,Goal,RightFoot,FromCorner,a,2025
653296,29651,14010,Igor Paixão,16,0.775,0.7040000152587891,0.027504174038767815,MissedShots,RightFoot,OpenPlay,a,2025
653299,29651,7490,Mason Greenwood,30,0.905,0.3340000152587891,0.11078239232301712,SavedShot,RightFoot,OpenPlay,a,2025
653300,29651,7490,Mason Greenwood,32,0.8519999694824218,0.5459999847412109,0.08791879564523697,Goal,RightFoot,OpenPlay,a,2025
653301,29651,7490,Mason Greenwood,40,0.855,0.595999984741211,0.0946250632405281,SavedShot,RightFoot,OpenPlay,a,2025
653306,29651,14010,Igor Paixão,48,0.885,0.4490000152587891,0.2683686912059784,SavedShot,RightFoot,OpenPlay,a,2025
653309,29651,7490,Mason Greenwood,52,0.8119999694824219,0.3340000152587891,0.050356004387140274,Goal,RightFoot,OpenPlay,a,2025
653310,29651,6601,Timothy Weah,57,0.92,0.3340000152587891,0.36839261651039124,Goal,RightFoot,OpenPlay,a,2025
653313,29651,318,Pierre-Emerick Aubameyang,68,0.904000015258789,0.585999984741211,0.4786689281463623,SavedShot,LeftFoot,OpenPlay,a,2025
653315,29651,14010,Igor Paixão,73,0.9180000305175782,0.46,0.5701797008514404,Goal,RightFoot,OpenPlay,a,2025
653318,29651,7490,Mason Greenwood,79,0.899000015258789,0.375,0.10299737751483917,SavedShot,LeftFoot,OpenPlay,a,2025
653733,29648,942,Florian Thauvin,0,0.9209999847412109,0.415,0.39041849970817566,MissedShots,LeftFoot,OpenPlay,h,2025
653734,29648,3697,Odsonne Edouard,4,0.835999984741211,0.5579999923706055,0.07086145877838135,SavedShot,RightFoot,OpenPlay,h,2025
653739,29648,942,Florian Thauvin,40,0.9719999694824218,0.435,0.5526876449584961,SavedShot,RightFoot,OpenPlay,h,2025
653740,29648,942,Florian Thauvin,40,0.7769999694824219,0.6519999694824219,0.017788434401154518,BlockedShot,LeftFoot,FromCorner,h,2025
653741,29648,3697,Odsonne Edouard,41,0.825,0.62,0.04597882926464081,BlockedShot,LeftFoot,OpenPlay,h,2025
653742,29648,3697,Odsonne Edouard,42,0.8919999694824219,0.6129999923706054,0.16924338042736053,SavedShot,RightFoot,OpenPlay,h,2025
653744,29648,3549,Adrien Thomasson,48,0.9109999847412109,0.45599998474121095,0.15140606462955475,BlockedShot,LeftFoot,OpenPlay,h,2025
653746,29648,11142,Pierre Ganiou,68,0.914000015258789,0.5770000076293945,0.3927777111530304,Goal,LeftFoot,SetPiece,h,2025
653748,29648,942,Florian Thauvin,70,0.89,0.4109999847412109,0.14295276999473572,BlockedShot,LeftFoot,OpenPlay,h,2025
653749,29648,942,Florian Thauvin,72,0.524000015258789,0.49200000762939455,0.011113099753856659,MissedShots,LeftFoot,OpenPlay,h,2025
653750,29648,3549,Adrien Thomasson,75,0.9209999847412109,0.3170000076293945,0.07879771292209625,BlockedShot,RightFoot,OpenPlay,h,2025
653751,29648,11762,Morgan Guilavogui,87,0.87,0.44599998474121094,0.1132378801703453,MissedShots,RightFoot,OpenPlay,h,2025
653752,29648,11046,Abdallah Sima,92,0.9419999694824219,0.675,0.08693493902683258,SavedShot,RightFoot,OpenPlay,h,2025
653735,29648,11817,Emanuel Emegha,8,0.8969999694824219,0.4540000152587891,0.0731276124715805,MissedShots,Head,OpenPlay,a,2025
653736,29648,10057,Felix Lemarechal,13,0.8,0.4259999847412109,0.02996976301074028,MissedShots,LeftFoot,OpenPlay,a,2025
653737,29648,11253,Mamadou Sarr,23,0.909000015258789,0.4759999847412109,0.049718208611011505,MissedShots,Head,SetPiece,a,2025
653738,29648,12498,Valentín Barco,33,0.750999984741211,0.5,0.06883493065834045,BlockedShot,LeftFoot,DirectFreekick,a,2025
653743,29648,11817,Emanuel Emegha,48,0.89,0.610999984741211,0.10374753177165985,BlockedShot,RightFoot,OpenPlay,a,2025
653745,29648,12498,Valentín Barco,57,0.905,0.685,0.05460348725318909,BlockedShot,LeftFoot,OpenPlay,a,2025
653747,29648,10868,Guela Doué,70,0.855,0.5479999923706055,0.020270416513085365,SavedShot,Head,OpenPlay,a,2025
653914,29653,12451,Djaoui Cissé,11,0.7669999694824219,0.27899999618530275,0.014711129479110241,BlockedShot,LeftFoot,OpenPlay,h,2025
653917,29653,13329,Abdelhamid Aït Boudlal,19,0.9309999847412109,0.5,0.4416661858558655,Goal,RightFoot,OpenPlay,h,2025
653923,29653,6452,Mahdi Camara,40,0.8669999694824219,0.4520000076293945,0.20486849546432495,SavedShot,LeftFoot,OpenPlay,h,2025
653924,29653,12850,Esteban Lepaul,40,0.7830000305175782,0.38,0.03623635321855545,BlockedShot,RightFoot,OpenPlay,h,2025
653925,29653,12451,Djaoui Cissé,40,0.7519999694824219,0.46,0.02242596261203289,MissedShots,RightFoot,OpenPlay,h,2025
653929,29653,11782,Mousa Al Tamari,47,0.7569999694824219,0.710999984741211,0.020446520298719406,SavedShot,LeftFoot,OpenPlay,h,2025
653930,29653,6452,Mahdi Camara,47,0.955,0.40700000762939453,0.30638593435287476,Goal,Head,OpenPlay,h,2025
653931,29653,11782,Mousa Al Tamari,49,0.8909999847412109,0.6630000305175782,0.11213091015815735,SavedShot,LeftFoot,OpenPlay,h,2025
653932,29653,5356,Breel Embolo,49,0.905,0.500999984741211,0.3514629900455475,BlockedShot,Head,OpenPlay,h,2025
653933,29653,12451,Djaoui Cissé,50,0.7830000305175782,0.725999984741211,0.019276179373264313,BlockedShot,RightFoot,OpenPlay,h,2025
653934,29653,12850,Esteban Lepaul,59,0.870999984741211,0.4829999923706055,0.05065544322133064,BlockedShot,RightFoot,FromCorner,h,2025
653935,29653,12850,Esteban Lepaul,59,0.860999984741211,0.5070000076293946,0.05918695777654648,BlockedShot,RightFoot,FromCorner,h,2025
653936,29653,12451,Djaoui Cissé,69,0.7190000152587891,0.664000015258789,0.016552815213799477,MissedShots,RightFoot,OpenPlay,h,2025
653938,29653,5356,Breel Embolo,72,0.9690000152587891,0.5020000076293946,0.5932487845420837,Goal,Head,FromCorner,h,2025
653939,29653,11782,Mousa Al Tamari,80,0.765,0.34200000762939453,0.024764973670244217,SavedShot,LeftFoot,OpenPlay,h,2025
653940,29653,3475,Ludovic Blas,82,0.885,0.5,0.7600951194763184,Goal,LeftFoot,Penalty,h,2025
653942,29653,3673,Valentin Rongier,92,0.8619999694824219,0.3970000076293945,0.079374760389328,MissedShots,RightFoot,OpenPlay,h,2025
653915,29653,10058,Maghnes Akliouche,12,0.7780000305175782,0.43,0.021958505734801292,BlockedShot,LeftFoot,FromCorner,a,2025
653916,29653,7967,Anssumane Fati,16,0.865,0.6170000076293946,0.07126349210739136,SavedShot,RightFoot,OpenPlay,a,2025
653918,29653,6147,Denis Zakaria,24,0.779000015258789,0.634000015258789,0.02406616508960724,BlockedShot,RightFoot,OpenPlay,a,2025
653919,29653,12804,George Ilenikhena,29,0.86,0.3220000076293945,0.033003777265548706,BlockedShot,LeftFoot,OpenPlay,a,2025
653920,29653,7967,Anssumane Fati,31,0.9309999847412109,0.40099998474121096,0.050355564802885056,SavedShot,Head,FromCorner,a,2025
653921,29653,7967,Anssumane Fati,31,0.889000015258789,0.45599998474121095,0.40908101201057434,MissedShots,RightFoot,OpenPlay,a,2025
653922,29653,7967,Anssumane Fati,38,0.8669999694824219,0.5990000152587891,0.10110682994127274,BlockedShot,RightFoot,OpenPlay,a,2025
653926,29653,12186,Kassoum Ouattara,45,0.9019999694824219,0.6359999847412109,0.07510293275117874,BlockedShot,LeftFoot,OpenPlay,a,2025
653927,29653,2674,Thilo Kehrer,47,0.9330000305175781,0.51,0.06482895463705063,BlockedShot,Head,FromCorner,a,2025
653928,29653,10058,Maghnes Akliouche,47,0.9180000305175782,0.3890000152587891,0.07865871489048004,MissedShots,RightFoot,FromCorner,a,2025
653937,29653,10349,Mika Biereth,70,0.8180000305175781,0.5790000152587891,0.0473804697394371,BlockedShot,RightFoot,OpenPlay,a,2025
653941,29653,10349,Mika Biereth,88,0.8590000152587891,0.475,0.2877855598926544,BlockedShot,RightFoot,OpenPlay,a,2025
653943,29653,10349,Mika Biereth,94,0.889000015258789,0.5259999847412109,0.3435899317264557,Goal,RightFoot,OpenPlay,a,2025
653992,29652,9961,Nuno Mendes,3,0.8019999694824219,0.69,0.024772074073553085,SavedShot,RightFoot,OpenPlay,h,2025
653995,29652,7313,Lee Kang-In,11,0.7530000305175781,0.4209999847412109,0.02377103455364704,SavedShot,LeftFoot,OpenPlay,h,2025
653997,29652,12733,Ibrahim Mbaye,18,0.8019999694824219,0.67,0.028774786740541458,SavedShot,RightFoot,OpenPlay,h,2025
653998,29652,12733,Ibrahim Mbaye,19,0.89,0.6480000305175782,0.06535068154335022,MissedShots,RightFoot,OpenPlay,h,2025
653999,29652,12733,Ibrahim Mbaye,23,0.8619999694824219,0.5609999847412109,0.07374037057161331,MissedShots,RightFoot,OpenPlay,h,2025
654001,29652,11767,Gonçalo Ramos,27,0.9019999694824219,0.3940000152587891,0.024151312187314034,MissedShots,Head,FromCorner,h,2025
654002,29652,7313,Lee Kang-In,28,0.919000015258789,0.3559999847412109,0.2774978280067444,Goal,LeftFoot,OpenPlay,h,2025
654004,29652,12734,João Neves,35,0.9069999694824219,0.5279999923706055,0.10208830237388611,BlockedShot,RightFoot,FromCorner,h,2025
654005,29652,11767,Gonçalo Ramos,35,0.9690000152587891,0.5520000076293945,0.4253298342227936,MissedShots,LeftFoot,FromCorner,h,2025
654008,29652,12733,Ibrahim Mbaye,42,0.884000015258789,0.534000015258789,0.3877173364162445,MissedShots,RightFoot,OpenPlay,h,2025
654009,29652,11767,Gonçalo Ramos,43,0.82,0.4779999923706055,0.07234646379947662,SavedShot,LeftFoot,OpenPlay,h,2025
654011,29652,8777,Vitinha,45,0.735,0.610999984741211,0.02189529500901699,BlockedShot,RightFoot,OpenPlay,h,2025
654012,29652,12345,Senny Mayulu,46,0.795,0.40900001525878904,0.04673449322581291,MissedShots,LeftFoot,OpenPlay,h,2025
654014,29652,12733,Ibrahim Mbaye,51,0.865,0.7169999694824218,0.04296758770942688,SavedShot,RightFoot,OpenPlay,h,2025
654015,29652,11767,Gonçalo Ramos,58,0.7269999694824218,0.46900001525878904,0.02635066956281662,BlockedShot,RightFoot,OpenPlay,h,2025
654016,29652,11767,Gonçalo Ramos,59,0.970999984741211,0.605,0.12381565570831299,SavedShot,RightFoot,OpenPlay,h,2025
654018,29652,11767,Gonçalo Ramos,62,0.9169999694824219,0.485,0.5109798908233643,MissedShots,LeftFoot,OpenPlay,h,2025
654019,29652,10016,Bradley Barcola,64,0.8419999694824218,0.555,0.3206198215484619,SavedShot,RightFoot,OpenPlay,h,2025
654020,29652,10016,Bradley Barcola,64,0.91,0.544000015258789,0.14343754947185516,BlockedShot,RightFoot,OpenPlay,h,2025
654021,29652,12734,João Neves,64,0.914000015258789,0.5320000076293945,0.46670016646385193,Goal,LeftFoot,OpenPlay,h,2025
654022,29652,13626,Quentin Ndjantou,66,0.835,0.6569999694824219,0.06316190958023071,MissedShots,RightFoot,OpenPlay,h,2025
654024,29652,7453,Khvicha Kvaratskhelia,74,0.874000015258789,0.6459999847412109,0.09898396581411362,MissedShots,LeftFoot,OpenPlay,h,2025
654025,29652,7453,Khvicha Kvaratskhelia,76,0.8369999694824218,0.5829999923706055,0.09570786356925964,BlockedShot,RightFoot,OpenPlay,h,2025
654026,29652,9961,Nuno Mendes,78,0.9640000152587891,0.645,0.11307507753372192,MissedShots,LeftFoot,OpenPlay,h,2025
654027,29652,10016,Bradley Barcola,80,0.9490000152587891,0.3820000076293945,0.03279414400458336,MissedShots,Head,FromCorner,h,2025
654028,29652,12734,João Neves,80,0.9159999847412109,0.5670000076293945,0.043421421200037,MissedShots,Head,FromCorner,h,2025
654029,29652,13626,Quentin Ndjantou,84,0.8580000305175781,0.3629999923706055,0.11107822507619858,BlockedShot,RightFoot,OpenPlay,h,2025
654030,29652,10016,Bradley Barcola,86,0.8719999694824219,0.45799999237060546,0.4559546411037445,Goal,RightFoot,OpenPlay,h,2025
654031,29652,7453,Khvicha Kvaratskhelia,88,0.8580000305175781,0.2620000076293945,0.031095581129193306,BlockedShot,LeftFoot,OpenPlay,h,2025
654033,29652,7453,Khvicha Kvaratskhelia,91,0.7909999847412109,0.4859999847412109,0.060359884053468704,SavedShot,RightFoot,OpenPlay,h,2025
654034,29652,7453,Khvicha Kvaratskhelia,91,0.8490000152587891,0.7419999694824219,0.04220162704586983,MissedShots,RightFoot,OpenPlay,h,2025
653993,29652,3674,Abdoulaye Touré,3,0.695,0.3270000076293945,0.011665222235023975,MissedShots,RightFoot,OpenPlay,a,2025
653994,29652,11795,Yassine Kechta,11,0.745999984741211,0.43599998474121093,0.01900901086628437,MissedShots,LeftFoot,FromCorner,a,2025
653996,29652,11795,Yassine Kechta,13,0.9480000305175781,0.33,0.22248411178588867,SavedShot,LeftFoot,OpenPlay,a,2025
654000,29652,12446,Simon Ebonog,24,0.97,0.47900001525878905,0.6397666335105896,BlockedShot,OtherBodyPart,OpenPlay,a,2025
654003,29652,11792,Issa Soumaré,30,0.9269999694824219,0.4259999847412109,0.07818157970905304,BlockedShot,Head,OpenPlay,a,2025
654006,29652,11795,Yassine Kechta,37,0.9769999694824218,0.33,0.05074698477983475,SavedShot,RightFoot,OpenPlay,a,2025
654007,29652,13742,Ayumu Seko,38,0.84,0.295,0.024948129430413246,MissedShots,LeftFoot,FromCorner,a,2025
654010,29652,11792,Issa Soumaré,45,0.97,0.28200000762939453,0.06847944855690002,MissedShots,RightFoot,OpenPlay,a,2025
654013,29652,11790,Rassoul Ndiaye,50,0.735999984741211,0.519000015258789,0.02055482380092144,MissedShots,RightFoot,OpenPlay,a,2025
654017,29652,12732,Yanis Zouaoui,61,0.7809999847412109,0.23899999618530274,0.04561951756477356,SavedShot,LeftFoot,DirectFreekick,a,2025
654023,29652,11792,Issa Soumaré,69,0.8969999694824219,0.39799999237060546,0.09276632219552994,ShotOnPost,RightFoot,OpenPlay,a,2025
654032,29652,13744,Felix Mambimbi,90,0.7280000305175781,0.5179999923706055,0.011511356569826603,MissedShots,LeftFoot,SetPiece,a,2025
654148,29646,13888,Danny Namaso,5,0.835999984741211,0.675,0.04352541267871857,BlockedShot,RightFoot,OpenPlay,h,2025
654150,29646,13888,Danny Namaso,12,0.884000015258789,0.63,0.17317141592502594,BlockedShot,RightFoot,OpenPlay,h,2025
654154,29646,10815,Lassine Sinayoko,24,0.885,0.5,0.7600951194763184,SavedShot,RightFoot,Penalty,h,2025
654156,29646,8970,Sékou Mara,37,0.715,0.44799999237060545,0.017741287127137184,SavedShot,RightFoot,OpenPlay,h,2025
654158,29646,10815,Lassine Sinayoko,45,0.779000015258789,0.22,0.012569485232234001,SavedShot,LeftFoot,OpenPlay,h,2025
654160,29646,13888,Danny Namaso,48,0.904000015258789,0.6809999847412109,0.03279601410031319,MissedShots,LeftFoot,OpenPlay,h,2025
654162,29646,8970,Sékou Mara,54,0.9530000305175781,0.475,0.12769576907157898,BlockedShot,RightFoot,OpenPlay,h,2025
654163,29646,8970,Sékou Mara,54,0.924000015258789,0.49,0.057048480957746506,MissedShots,Head,FromCorner,h,2025
654165,29646,10815,Lassine Sinayoko,66,0.9,0.625,0.059334393590688705,SavedShot,LeftFoot,FromCorner,h,2025
654168,29646,10815,Lassine Sinayoko,79,0.9490000152587891,0.49,0.13279302418231964,MissedShots,Head,FromCorner,h,2025
654169,29646,13888,Danny Namaso,81,0.924000015258789,0.6630000305175782,0.07464472204446793,SavedShot,LeftFoot,OpenPlay,h,2025
654170,29646,11789,Josué Casimir,87,0.8019999694824219,0.710999984741211,0.02058255486190319,BlockedShot,RightFoot,SetPiece,h,2025
654149,29646,9001,Martín Satriano,6,0.9059999847412109,0.46599998474121096,0.1125328466296196,SavedShot,Head,OpenPlay,a,2025
654151,29646,9001,Martín Satriano,20,0.7619999694824219,0.519000015258789,0.023896509781479836,SavedShot,RightFoot,OpenPlay,a,2025
654152,29646,9885,Tanner Tessmann,21,0.884000015258789,0.54,0.07211219519376755,MissedShots,LeftFoot,FromCorner,a,2025
654153,29646,13739,Afonso Moreira,21,0.79,0.57,0.026326950639486313,MissedShots,RightFoot,FromCorner,a,2025
654155,29646,3603,Corentin Tolisso,33,0.9169999694824219,0.7269999694824218,0.04109201952815056,MissedShots,LeftFoot,OpenPlay,a,2025
654157,29646,9885,Tanner Tessmann,43,0.735999984741211,0.5209999847412109,0.021282140165567398,MissedShots,RightFoot,OpenPlay,a,2025
654159,29646,13739,Afonso Moreira,47,0.9069999694824219,0.5790000152587891,0.0635099709033966,SavedShot,Head,OpenPlay,a,2025
654161,29646,3603,Corentin Tolisso,52,0.9730000305175781,0.5029999923706054,0.5984904766082764,MissedShots,Head,FromCorner,a,2025
654164,29646,9885,Tanner Tessmann,58,0.7609999847412109,0.5070000076293946,0.02207142300903797,SavedShot,RightFoot,OpenPlay,a,2025
654166,29646,11318,Abner,67,0.884000015258789,0.64,0.10066977143287659,BlockedShot,LeftFoot,OpenPlay,a,2025
654167,29646,13739,Afonso Moreira,69,0.8669999694824219,0.775,0.02225029654800892,BlockedShot,RightFoot,OpenPlay,a,2025
654171,29646,9001,Martín Satriano,91,0.914000015258789,0.4879999923706055,0.0931234210729599,SavedShot,Head,FromCorner,a,2025
654172,29646,13739,Afonso Moreira,91,0.7280000305175781,0.7630000305175781,0.007916001603007317,SavedShot,RightFoot,OpenPlay,a,2025
654173,29646,5989,Moussa Niakhate,92,0.8859999847412109,0.555,0.035267747938632965,BlockedShot,LeftFoot,FromCorner,a,2025
654174,29646,14195,Adil Hamdani,92,0.764000015258789,0.5670000076293945,0.027865704149007797,BlockedShot,RightFoot,FromCorner,a,2025
654175,29646,13737,Mathys de Carvalho,92,0.769000015258789,0.7809999847412109,0.008634835481643677,SavedShot,RightFoot,FromCorner,a,2025
654280,29647,14052,Pathé Mboup,1,0.8719999694824219,0.36200000762939455,0.2989632189273834,Goal,RightFoot,OpenPlay,h,2025
654282,29647,3721,Romain Del Castillo,10,0.740999984741211,0.48200000762939454,0.02003335952758789,MissedShots,RightFoot,OpenPlay,h,2025
654283,29647,10467,Soumaila Coulibaly,20,0.8980000305175782,0.40700000762939453,0.04792000725865364,MissedShots,Head,SetPiece,h,2025
654284,29647,10100,Kamory Doumbia,21,0.8630000305175781,0.605,0.07294740527868271,BlockedShot,RightFoot,OpenPlay,h,2025
654285,29647,10100,Kamory Doumbia,25,0.850999984741211,0.5120000076293946,0.08122897893190384,BlockedShot,RightFoot,OpenPlay,h,2025
654286,29647,14052,Pathé Mboup,27,0.9119999694824219,0.4570000076293945,0.11912155896425247,MissedShots,Head,OpenPlay,h,2025
654287,29647,6905,Ludovic Ajorque,30,0.9059999847412109,0.4520000076293945,0.04226633906364441,MissedShots,Head,OpenPlay,h,2025
654288,29647,5742,Hugo Magnetti,36,0.7559999847412109,0.495,0.01436653546988964,SavedShot,RightFoot,FromCorner,h,2025
654289,29647,7736,Brendan Chardonnet,37,0.9209999847412109,0.555,0.038189440965652466,SavedShot,Head,FromCorner,h,2025
654290,29647,6905,Ludovic Ajorque,41,0.88,0.575,0.07822728157043457,MissedShots,RightFoot,OpenPlay,h,2025
654291,29647,7739,Joris Chotard,42,0.7430000305175781,0.4879999923706055,0.020707491785287857,MissedShots,RightFoot,OpenPlay,h,2025
654292,29647,6905,Ludovic Ajorque,43,0.92,0.539000015258789,0.3442634046077728,MissedShots,Head,OpenPlay,h,2025
654293,29647,10100,Kamory Doumbia,47,0.905,0.4779999923706055,0.05666441097855568,Goal,Head,SetPiece,h,2025
654294,29647,10100,Kamory Doumbia,57,0.8019999694824219,0.5459999847412109,0.06355716288089752,SavedShot,RightFoot,OpenPlay,h,2025
654295,29647,13968,Daouda Guindo,58,0.85,0.7319999694824219,0.048615533858537674,MissedShots,LeftFoot,OpenPlay,h,2025
654296,29647,7739,Joris Chotard,62,0.91,0.38,0.36719682812690735,MissedShots,RightFoot,OpenPlay,h,2025
654298,29647,14052,Pathé Mboup,71,0.95,0.645,0.10589202493429184,MissedShots,LeftFoot,OpenPlay,h,2025
654300,29647,10467,Soumaila Coulibaly,78,0.075,0.6480000305175782,0,OwnGoal,RightFoot,OpenPlay,h,2025
654303,29647,3721,Romain Del Castillo,94,0.885,0.5,0.7600951194763184,SavedShot,LeftFoot,Penalty,h,2025
654304,29647,7739,Joris Chotard,95,0.76,0.44799999237060545,0.027803031727671623,MissedShots,RightFoot,OpenPlay,h,2025
654306,29647,3721,Romain Del Castillo,99,0.885,0.5,0.7600951194763184,Goal,LeftFoot,Penalty,h,2025
654281,29647,13809,Giorgi Tsitaishvili,5,0.9259999847412109,0.590999984741211,0.2602773606777191,Goal,LeftFoot,OpenPlay,a,2025
654297,29647,1754,Joel Asoro,62,0.9259999847412109,0.47900001525878905,0.536151647567749,MissedShots,LeftFoot,OpenPlay,a,2025
654299,29647,5727,Gauthier Hein,75,0.8490000152587891,0.69,0.03972647339105606,BlockedShot,RightFoot,OpenPlay,a,2025
654301,29647,8686,Cheick Tidiane Sabaly,86,0.91,0.4859999847412109,0.10695181041955948,SavedShot,RightFoot,OpenPlay,a,2025
654302,29647,5727,Gauthier Hein,88,0.7830000305175782,0.34299999237060547,0.07219947129487991,MissedShots,LeftFoot,DirectFreekick,a,2025
654305,29647,11797,Maxime Colin,96,0.44799999237060545,0.09800000190734863,0.006014371290802956,SavedShot,RightFoot,OpenPlay,a,2025
654307,29647,5727,Gauthier Hein,100,0.500999984741211,0.49900001525878906,0.007228721398860216,MissedShots,LeftFoot,OpenPlay,a,2025
654312,29650,9490,Matthis Abline,21,0.875,0.485,0.15724346041679382,MissedShots,RightFoot,OpenPlay,h,2025
654313,29650,10581,Junior Mwanga,24,0.8980000305175782,0.5479999923706055,0.09376244246959686,MissedShots,LeftFoot,OpenPlay,h,2025
654314,29650,14033,Mayckel Lahdo,25,0.850999984741211,0.6959999847412109,0.03848923370242119,BlockedShot,RightFoot,OpenPlay,h,2025
654315,29650,6017,Chidozie Awaziem,45,0.07099999904632569,0.549000015258789,0,OwnGoal,RightFoot,OpenPlay,h,2025
654316,29650,13826,Kwon Hyeok-Kyu,54,0.745,0.5279999923706055,0.019972769543528557,BlockedShot,RightFoot,OpenPlay,h,2025
654319,29650,10831,Mostafa Mohamed,69,0.8540000152587891,0.524000015258789,0.0228483434766531,BlockedShot,Head,SetPiece,h,2025
654320,29650,9490,Matthis Abline,71,0.8769999694824219,0.5259999847412109,0.40949347615242004,ShotOnPost,LeftFoot,OpenPlay,h,2025
654321,29650,12387,Dehmaine Assoumani,77,0.8069999694824219,0.4809999847412109,0.04413549229502678,MissedShots,LeftFoot,OpenPlay,h,2025
654322,29650,10831,Mostafa Mohamed,84,0.899000015258789,0.525,0.07008303701877594,MissedShots,Head,OpenPlay,h,2025
654324,29650,6017,Chidozie Awaziem,90,0.924000015258789,0.4859999847412109,0.05948713421821594,Goal,Head,OpenPlay,h,2025
654308,29650,12049,Aiyegun Tosin,1,0.8909999847412109,0.385,0.09734774380922318,BlockedShot,LeftFoot,OpenPlay,a,2025
654309,29650,12328,Arthur Avom,6,0.7030000305175781,0.40799999237060547,0.01021712739020586,MissedShots,RightFoot,OpenPlay,a,2025
654310,29650,13975,Noah Cadiou,17,0.7280000305175781,0.5559999847412109,0.015676334500312805,MissedShots,RightFoot,OpenPlay,a,2025
654311,29650,13795,Dermane Karim,19,0.8680000305175781,0.5620000076293945,0.10521414130926132,ShotOnPost,RightFoot,OpenPlay,a,2025
654317,29650,10347,Pablo Pagis,62,0.8930000305175781,0.675,0.038563039153814316,SavedShot,LeftFoot,OpenPlay,a,2025
654318,29650,3536,Jean-Victor Makengo,62,0.8230000305175781,0.36,0.05245082080364227,BlockedShot,LeftFoot,OpenPlay,a,2025
654323,29650,3536,Jean-Victor Makengo,87,0.879000015258789,0.27600000381469725,0.032685067504644394,MissedShots,LeftFoot,OpenPlay,a,2025
654325,29654,10193,Frank Magri,1,0.8530000305175781,0.725999984741211,0.04403987526893616,BlockedShot,RightFoot,OpenPlay,h,2025
654326,29654,9220,Charlie Cresswell,4,0.9309999847412109,0.55,0.08761134743690491,ShotOnPost,Head,OpenPlay,h,2025
654327,29654,13757,Alexis Vossah,4,0.8419999694824218,0.47299999237060547,0.06493709236383438,MissedShots,LeftFoot,OpenPlay,h,2025
654330,29654,12841,Dayann Methalie,24,0.8769999694824219,0.7609999847412109,0.025503328070044518,SavedShot,LeftFoot,OpenPlay,h,2025
654331,29654,11777,Cristian Cásseres Jr.,29,0.79,0.6809999847412109,0.06998731940984726,MissedShots,RightFoot,DirectFreekick,h,2025
654332,29654,13757,Alexis Vossah,30,0.8269999694824218,0.4809999847412109,0.04721163585782051,MissedShots,RightFoot,FromCorner,h,2025
654333,29654,6874,Yann Gboho,35,0.8,0.7519999694824219,0.01963794231414795,BlockedShot,RightFoot,OpenPlay,h,2025
654334,29654,12842,Mark McKenzie,42,0.9169999694824219,0.5640000152587891,0.024539077654480934,MissedShots,Head,FromCorner,h,2025
654335,29654,12841,Dayann Methalie,43,0.899000015258789,0.7280000305175781,0.0367870032787323,SavedShot,LeftFoot,OpenPlay,h,2025
654336,29654,12842,Mark McKenzie,43,0.9359999847412109,0.5790000152587891,0.029474420472979546,BlockedShot,Head,FromCorner,h,2025
654337,29654,9220,Charlie Cresswell,44,0.914000015258789,0.4520000076293945,0.18545302748680115,SavedShot,Head,OpenPlay,h,2025
654338,29654,9220,Charlie Cresswell,45,0.899000015258789,0.4909999847412109,0.02215828374028206,MissedShots,Head,FromCorner,h,2025
654339,29654,12842,Mark McKenzie,45,0.894000015258789,0.5309999847412109,0.030358921736478806,MissedShots,Head,FromCorner,h,2025
654340,29654,14082,Emersonn,46,0.8819999694824219,0.4490000152587891,0.10812924057245255,MissedShots,RightFoot,SetPiece,h,2025
654342,29654,12841,Dayann Methalie,47,0.96,0.6630000305175782,0.020851347595453262,MissedShots,Head,OpenPlay,h,2025
654344,29654,9220,Charlie Cresswell,55,0.9340000152587891,0.45799999237060546,0.056684158742427826,MissedShots,Head,FromCorner,h,2025
654345,29654,11777,Cristian Cásseres Jr.,58,0.720999984741211,0.43200000762939456,0.047040559351444244,MissedShots,RightFoot,DirectFreekick,h,2025
654346,29654,10788,Rasmus Nicolaisen,60,0.9259999847412109,0.5279999923706055,0.10720940679311752,MissedShots,Head,FromCorner,h,2025
654349,29654,14082,Emersonn,77,0.8540000152587891,0.5459999847412109,0.019788557663559914,SavedShot,Head,OpenPlay,h,2025
654350,29654,11777,Cristian Cásseres Jr.,81,0.7469999694824219,0.580999984741211,0.017312554642558098,MissedShots,RightFoot,OpenPlay,h,2025
654351,29654,12330,Noah Edjouma,84,0.85,0.5379999923706055,0.08407216519117355,SavedShot,LeftFoot,SetPiece,h,2025
654352,29654,14082,Emersonn,84,0.9290000152587891,0.4540000152587891,0.5487114787101746,ShotOnPost,RightFoot,SetPiece,h,2025
654353,29654,12330,Noah Edjouma,88,0.9059999847412109,0.42200000762939455,0.10405179858207703,SavedShot,LeftFoot,OpenPlay,h,2025
654354,29654,12330,Noah Edjouma,91,0.845999984741211,0.33299999237060546,0.045965418219566345,BlockedShot,LeftFoot,OpenPlay,h,2025
654355,29654,10788,Rasmus Nicolaisen,91,0.9269999694824219,0.500999984741211,0.05812682956457138,MissedShots,Head,FromCorner,h,2025
654328,29654,10517,Yassin Belkhdim,9,0.7880000305175782,0.41700000762939454,0.03287666290998459,MissedShots,RightFoot,OpenPlay,a,2025
654329,29654,10517,Yassin Belkhdim,15,0.884000015258789,0.32099998474121094,0.05181219056248665,Goal,LeftFoot,OpenPlay,a,2025
654341,29654,10295,Louis Mouton,46,0.5620000076293945,0.4540000152587891,0.011417028494179249,SavedShot,RightFoot,OpenPlay,a,2025
654343,29654,10517,Yassin Belkhdim,53,0.7619999694824219,0.5279999923706055,0.03475359082221985,MissedShots,LeftFoot,OpenPlay,a,2025
654347,29654,10295,Louis Mouton,60,0.8619999694824219,0.5029999923706054,0.09548479318618774,BlockedShot,RightFoot,OpenPlay,a,2025
654348,29654,14131,Amine Sbaï,63,0.8119999694824219,0.5379999923706055,0.09771225601434708,MissedShots,LeftFoot,OpenPlay,a,2025
654482,29649,502,Olivier Giroud,15,0.9469999694824218,0.505,0.44081881642341614,SavedShot,Head,OpenPlay,h,2025
654483,29649,9444,Felix Correia,15,0.8330000305175781,0.6830000305175781,0.04200918599963188,BlockedShot,RightFoot,OpenPlay,h,2025
654484,29649,6500,Romain Perraud,16,0.8530000305175781,0.715,0.03128727525472641,SavedShot,LeftFoot,OpenPlay,h,2025
654485,29649,13976,Hamza Igamane,22,0.895,0.4590000152587891,0.017575453966856003,MissedShots,Head,FromCorner,h,2025
654486,29649,13976,Hamza Igamane,24,0.8830000305175781,0.44,0.06703729927539825,BlockedShot,RightFoot,FromCorner,h,2025
654487,29649,502,Olivier Giroud,39,0.9009999847412109,0.5470000076293945,0.418532133102417,Goal,LeftFoot,OpenPlay,h,2025
654488,29649,502,Olivier Giroud,41,0.915,0.49200000762939455,0.3867862820625305,SavedShot,LeftFoot,OpenPlay,h,2025
654489,29649,13976,Hamza Igamane,44,0.8930000305175781,0.43200000762939456,0.08262349665164948,SavedShot,RightFoot,OpenPlay,h,2025
654490,29649,13976,Hamza Igamane,44,0.9590000152587891,0.42400001525878905,0.47887054085731506,MissedShots,LeftFoot,OpenPlay,h,2025
654491,29649,914,Nabil Bentaleb,44,0.7680000305175781,0.33,0.019285239279270172,SavedShot,LeftFoot,OpenPlay,h,2025
654493,29649,914,Nabil Bentaleb,53,0.7880000305175782,0.7240000152587891,0.020002152770757675,MissedShots,LeftFoot,FromCorner,h,2025
654495,29649,849,Chancel Mbemba,60,0.9219999694824219,0.5409999847412109,0.09690967202186584,SavedShot,Head,FromCorner,h,2025
654497,29649,502,Olivier Giroud,76,0.885,0.5,0.7600951194763184,Goal,LeftFoot,Penalty,h,2025
654498,29649,12162,Ayyoub Bouaddi,78,0.850999984741211,0.435,0.10532881319522858,BlockedShot,LeftFoot,OpenPlay,h,2025
654499,29649,3237,Aissa Mandi,79,0.970999984741211,0.44099998474121094,0.3814975917339325,Goal,Head,FromCorner,h,2025
654501,29649,13783,Marius Broholm,93,0.825,0.3609999847412109,0.07555601745843887,BlockedShot,LeftFoot,OpenPlay,h,2025
654502,29649,13783,Marius Broholm,95,0.885,0.5,0.7600951194763184,Goal,LeftFoot,Penalty,h,2025
654480,29649,5696,Vincent Marchetti,10,0.7290000152587891,0.49700000762939456,0.01718929037451744,BlockedShot,LeftFoot,OpenPlay,a,2025
654481,29649,6332,Willem Geubbels,10,0.9230000305175782,0.5609999847412109,0.4424791634082794,Goal,RightFoot,OpenPlay,a,2025
654492,29649,6332,Willem Geubbels,46,0.9130000305175782,0.3290000152587891,0.06344478577375412,MissedShots,RightFoot,OpenPlay,a,2025
654494,29649,5696,Vincent Marchetti,57,0.7859999847412109,0.365,0.02561957947909832,BlockedShot,RightFoot,OpenPlay,a,2025
654496,29649,5696,Vincent Marchetti,69,0.9,0.4209999847412109,0.3770086169242859,SavedShot,LeftFoot,OpenPlay,a,2025
654500,29649,10270,Lohann Doucet,83,0.9540000152587891,0.45099998474121095,0.5851842761039734,Goal,RightFoot,OpenPlay,a,2025
654738,29660,13809,Giorgi Tsitaishvili,9,0.884000015258789,0.28600000381469726,0.0334666445851326,BlockedShot,LeftFoot,SetPiece,h,2025
654742,29660,13809,Giorgi Tsitaishvili,24,0.7090000152587891,0.6930000305175781,0.013982782140374184,BlockedShot,LeftFoot,SetPiece,h,2025
654744,29660,6308,Jessy Deminguet,28,0.79,0.325,0.022807473316788673,SavedShot,LeftFoot,OpenPlay,h,2025
654745,29660,5727,Gauthier Hein,29,0.8680000305175781,0.664000015258789,0.08350827544927597,BlockedShot,LeftFoot,OpenPlay,h,2025
654746,29660,13999,Terry Yegbe,32,0.9209999847412109,0.45,0.09516875445842743,MissedShots,Head,FromCorner,h,2025
654747,29660,13999,Terry Yegbe,32,0.96,0.4809999847412109,0.6637700796127319,MissedShots,LeftFoot,FromCorner,h,2025
654748,29660,12000,Ibou Sané,39,0.9540000152587891,0.33,0.06489667296409607,MissedShots,RightFoot,OpenPlay,h,2025
654749,29660,1754,Joel Asoro,42,0.9209999847412109,0.3659999847412109,0.06490081548690796,BlockedShot,RightFoot,OpenPlay,h,2025
654750,29660,8119,Boubacar Traore,43,0.9480000305175781,0.3509999847412109,0.015267664566636086,MissedShots,Head,FromCorner,h,2025
654751,29660,12000,Ibou Sané,46,0.7669999694824219,0.555,0.028405094519257545,MissedShots,RightFoot,OpenPlay,h,2025
654752,29660,8119,Boubacar Traore,54,0.9409999847412109,0.6509999847412109,0.012593347579240799,MissedShots,Head,FromCorner,h,2025
654757,29660,13815,Morgan Bokele,89,0.8219999694824218,0.6990000152587891,0.0251476913690567,BlockedShot,RightFoot,OpenPlay,h,2025
654758,29660,1754,Joel Asoro,90,0.8590000152587891,0.32299999237060545,0.09499199688434601,SavedShot,RightFoot,OpenPlay,h,2025
654759,29660,11802,Malick Mbaye,90,0.8530000305175781,0.36400001525878906,0.049009162932634354,SavedShot,RightFoot,OpenPlay,h,2025
654760,29660,13813,Giorgi Abuashvili,91,0.76,0.66,0.015593393705785275,SavedShot,RightFoot,FromCorner,h,2025
654761,29660,4764,Jean-Philippe Gbamin,91,0.8419999694824218,0.295,0.035232365131378174,SavedShot,LeftFoot,FromCorner,h,2025
654737,29660,3673,Valentin Rongier,2,0.75,0.5990000152587891,0.019933253526687622,BlockedShot,RightFoot,OpenPlay,a,2025
654739,29660,5356,Breel Embolo,14,0.9259999847412109,0.395,0.05000130087137222,MissedShots,Head,OpenPlay,a,2025
654740,29660,3673,Valentin Rongier,15,0.8030000305175782,0.6090000152587891,0.03890452906489372,ShotOnPost,LeftFoot,OpenPlay,a,2025
654741,29660,3673,Valentin Rongier,21,0.8159999847412109,0.49599998474121093,0.05752167850732803,Goal,RightFoot,OpenPlay,a,2025
654743,29660,11545,Jérémy Jacquet,26,0.9309999847412109,0.5459999847412109,0.05131871625781059,SavedShot,Head,FromCorner,a,2025
654753,29660,12850,Esteban Lepaul,60,0.8969999694824219,0.445,0.10325194150209427,BlockedShot,RightFoot,OpenPlay,a,2025
654754,29660,11782,Mousa Al Tamari,64,0.875,0.68,0.046170059591531754,BlockedShot,LeftFoot,OpenPlay,a,2025
654755,29660,11782,Mousa Al Tamari,70,0.7119999694824218,0.6769999694824219,0.0164042916148901,MissedShots,LeftFoot,OpenPlay,a,2025
654756,29660,5356,Breel Embolo,82,0.9680000305175781,0.4590000152587891,0.5965824127197266,BlockedShot,Head,OpenPlay,a,2025
655136,29661,6923,Mohammed Salisu,3,0.875,0.4159999847412109,0.04439753666520119,SavedShot,LeftFoot,FromCorner,h,2025
655138,29661,2897,Aleksandr Golovin,21,0.7480000305175781,0.6580000305175782,0.018717775121331215,SavedShot,RightFoot,OpenPlay,h,2025
655141,29661,8239,Takumi Minamino,27,0.8719999694824219,0.5640000152587891,0.07319731265306473,SavedShot,LeftFoot,OpenPlay,h,2025
655143,29661,6923,Mohammed Salisu,32,0.9680000305175781,0.395,0.21587900817394257,ShotOnPost,Head,SetPiece,h,2025
655146,29661,2674,Thilo Kehrer,39,0.9180000305175782,0.4979999923706055,0.04656226560473442,BlockedShot,Head,FromCorner,h,2025
655147,29661,11799,Lamine Camara,40,0.919000015258789,0.6869999694824219,0.05748791992664337,BlockedShot,LeftFoot,OpenPlay,h,2025
655148,29661,10271,Vanderson,47,0.7709999847412109,0.4929999923706055,0.03099149279296398,MissedShots,LeftFoot,FromCorner,h,2025
655152,29661,2897,Aleksandr Golovin,57,0.774000015258789,0.3390000152587891,0.020247358828783035,BlockedShot,LeftFoot,SetPiece,h,2025
655153,29661,8239,Takumi Minamino,67,0.8719999694824219,0.5679999923706055,0.10332759469747543,Goal,LeftFoot,OpenPlay,h,2025
655155,29661,12950,Jordan Teze,72,0.7419999694824219,0.495,0.027067163959145546,SavedShot,RightFoot,OpenPlay,h,2025
655137,29661,2447,Fabián,19,0.855,0.7180000305175781,0.03296225517988205,MissedShots,LeftFoot,OpenPlay,a,2025
655139,29661,7453,Khvicha Kvaratskhelia,24,0.850999984741211,0.710999984741211,0.03143269568681717,BlockedShot,RightFoot,OpenPlay,a,2025
655140,29661,8777,Vitinha,25,0.82,0.495,0.0440216027200222,SavedShot,RightFoot,FromCorner,a,2025
655142,29661,7313,Lee Kang-In,31,0.8869999694824219,0.2979999923706055,0.03965997323393822,MissedShots,RightFoot,OpenPlay,a,2025
655144,29661,7453,Khvicha Kvaratskhelia,34,0.860999984741211,0.7340000152587891,0.031280819326639175,SavedShot,RightFoot,OpenPlay,a,2025
655145,29661,7313,Lee Kang-In,34,0.884000015258789,0.3820000076293945,0.08694743365049362,MissedShots,LeftFoot,OpenPlay,a,2025
655149,29661,8777,Vitinha,52,0.7859999847412109,0.5229999923706055,0.036910876631736755,BlockedShot,RightFoot,OpenPlay,a,2025
655150,29661,7453,Khvicha Kvaratskhelia,53,0.950999984741211,0.6120000076293945,0.33225712180137634,SavedShot,RightFoot,OpenPlay,a,2025
655151,29661,12345,Senny Mayulu,54,0.905,0.41700000762939454,0.0560331717133522,MissedShots,Head,FromCorner,a,2025
655154,29661,2276,Lucas Hernández,71,0.840999984741211,0.6,0.040841244161129,MissedShots,LeftFoot,OpenPlay,a,2025
655156,29661,2447,Fabián,73,0.8490000152587891,0.61,0.05633655935525894,MissedShots,LeftFoot,OpenPlay,a,2025
655157,29661,12734,João Neves,81,0.8059999847412109,0.48400001525878905,0.1435960978269577,MissedShots,RightFoot,DirectFreekick,a,2025
655158,29661,13626,Quentin Ndjantou,84,0.925,0.38099998474121094,0.33197078108787537,MissedShots,RightFoot,OpenPlay,a,2025
655159,29661,12733,Ibrahim Mbaye,86,0.840999984741211,0.67,0.04308958724141121,BlockedShot,RightFoot,OpenPlay,a,2025
655160,29661,8777,Vitinha,92,0.8480000305175781,0.34900001525878904,0.044424332678318024,SavedShot,RightFoot,OpenPlay,a,2025
655161,29661,11910,William Pacho,95,0.91,0.38,0.010158384218811989,BlockedShot,Head,SetPiece,a,2025
655162,29661,12734,João Neves,96,0.93,0.46599998474121096,0.11483360081911087,MissedShots,Head,FromCorner,a,2025
655282,29662,8690,Jean-Phillipe Krasso,22,0.8080000305175781,0.49400001525878906,0.061130356043577194,MissedShots,LeftFoot,OpenPlay,h,2025
655283,29662,9656,Ilan Kebbal,25,0.8909999847412109,0.3629999923706055,0.04595071077346802,MissedShots,LeftFoot,OpenPlay,h,2025
655284,29662,9656,Ilan Kebbal,31,0.885,0.5,0.7600951194763184,Goal,LeftFoot,Penalty,h,2025
655286,29662,13801,Alimami Gory,37,0.8930000305175781,0.2670000076293945,0.0469820499420166,MissedShots,RightFoot,OpenPlay,h,2025
655290,29662,13805,Adama Camara,47,0.8480000305175781,0.5559999847412109,0.3297525644302368,MissedShots,LeftFoot,OpenPlay,h,2025
655294,29662,5696,Vincent Marchetti,73,0.7319999694824219,0.595999984741211,0.018877042457461357,MissedShots,LeftFoot,SetPiece,h,2025
655296,29662,8690,Jean-Phillipe Krasso,76,0.8869999694824219,0.4809999847412109,0.3897694945335388,SavedShot,LeftFoot,OpenPlay,h,2025
655297,29662,5661,Jonathan Ikone,81,0.855999984741211,0.43400001525878906,0.08802716434001923,MissedShots,LeftFoot,OpenPlay,h,2025
655298,29662,6332,Willem Geubbels,83,0.9169999694824219,0.539000015258789,0.03639984130859375,MissedShots,Head,FromCorner,h,2025
655299,29662,13871,Otávio,87,0.9019999694824219,0.39799999237060546,0.014016816392540932,BlockedShot,Head,FromCorner,h,2025
655300,29662,3786,Mathieu Cafaro,87,0.730999984741211,0.5940000152587891,0.018163833767175674,BlockedShot,RightFoot,FromCorner,h,2025
655279,29662,10818,Kévin Danois,4,0.8909999847412109,0.4640000152587891,0.12665948271751404,MissedShots,LeftFoot,OpenPlay,a,2025
655280,29662,10818,Kévin Danois,8,0.7759999847412109,0.6020000076293945,0.024944763630628586,MissedShots,RightFoot,OpenPlay,a,2025
655281,29662,10815,Lassine Sinayoko,9,0.7859999847412109,0.34299999237060547,0.04470449313521385,SavedShot,LeftFoot,OpenPlay,a,2025
655285,29662,13888,Danny Namaso,36,0.9209999847412109,0.36400001525878906,0.05947081372141838,BlockedShot,RightFoot,OpenPlay,a,2025
655287,29662,8703,Sinaly Diomande,39,0.96,0.5209999847412109,0.5476826429367065,Goal,Head,SetPiece,a,2025
655288,29662,8970,Sékou Mara,47,0.8,0.49900001525878906,0.07024141401052475,SavedShot,LeftFoot,OpenPlay,a,2025
655289,29662,8970,Sékou Mara,47,0.9009999847412109,0.4640000152587891,0.10185698419809341,MissedShots,RightFoot,OpenPlay,a,2025
655291,29662,8970,Sékou Mara,64,0.7659999847412109,0.534000015258789,0.028795676305890083,BlockedShot,RightFoot,OpenPlay,a,2025
655292,29662,13888,Danny Namaso,67,0.9030000305175782,0.37099998474121093,0.04401686415076256,BlockedShot,RightFoot,FromCorner,a,2025
655293,29662,13888,Danny Namaso,68,0.9580000305175781,0.6930000305175781,0.06161685287952423,BlockedShot,LeftFoot,OpenPlay,a,2025
655295,29662,13792,Ibrahim Osman,75,0.8090000152587891,0.3940000152587891,0.041440945118665695,MissedShots,RightFoot,OpenPlay,a,2025
655373,29659,318,Pierre-Emerick Aubameyang,9,0.9169999694824219,0.4209999847412109,0.19260253012180328,MissedShots,RightFoot,OpenPlay,h,2025
655374,29659,7490,Mason Greenwood,11,0.5629999923706055,0.53,0.011072847992181778,SavedShot,LeftFoot,OpenPlay,h,2025
655376,29659,6601,Timothy Weah,29,0.7069999694824218,0.4879999923706055,0.016926953569054604,MissedShots,RightFoot,SetPiece,h,2025
655377,29659,5598,Angel Gomes,39,0.7619999694824219,0.4809999847412109,0.028048256412148476,BlockedShot,RightFoot,OpenPlay,h,2025
655379,29659,318,Pierre-Emerick Aubameyang,46,0.9230000305175782,0.6840000152587891,0.0447985976934433,BlockedShot,RightFoot,FromCorner,h,2025
655380,29659,7490,Mason Greenwood,48,0.7440000152587891,0.5770000076293945,0.021468399092555046,BlockedShot,RightFoot,OpenPlay,h,2025
655382,29659,14010,Igor Paixão,51,0.8569999694824219,0.654000015258789,0.051053691655397415,BlockedShot,RightFoot,OpenPlay,h,2025
655383,29659,343,Pierre-Emile Højbjerg,51,0.8230000305175781,0.5020000076293946,0.05106896907091141,BlockedShot,RightFoot,OpenPlay,h,2025
655384,29659,9673,Bilal Nadir,51,0.860999984741211,0.5540000152587891,0.052646707743406296,BlockedShot,RightFoot,OpenPlay,h,2025
655385,29659,318,Pierre-Emerick Aubameyang,52,0.8080000305175781,0.700999984741211,0.023981666192412376,MissedShots,RightFoot,OpenPlay,h,2025
655386,29659,6935,Naif Aguerd,53,0.8780000305175781,0.5359999847412109,0.02662937343120575,BlockedShot,Head,FromCorner,h,2025
655387,29659,9673,Bilal Nadir,58,0.855999984741211,0.62,0.04791804775595665,MissedShots,LeftFoot,FromCorner,h,2025
655388,29659,9673,Bilal Nadir,59,0.76,0.4129999923706055,0.01836719922721386,MissedShots,LeftFoot,OpenPlay,h,2025
655389,29659,6935,Naif Aguerd,61,0.96,0.5870000076293945,0.03879274055361748,MissedShots,Head,FromCorner,h,2025
655390,29659,7490,Mason Greenwood,62,0.860999984741211,0.26799999237060546,0.050242070108652115,MissedShots,RightFoot,OpenPlay,h,2025
655391,29659,13330,Robinio Vaz,63,0.8980000305175782,0.519000015258789,0.08938555419445038,MissedShots,Head,SetPiece,h,2025
655394,29659,14010,Igor Paixão,65,0.885,0.4470000076293945,0.5541776418685913,Goal,RightFoot,OpenPlay,h,2025
655395,29659,343,Pierre-Emile Højbjerg,73,0.9480000305175781,0.40900001525878904,0.22439315915107727,Goal,Head,OpenPlay,h,2025
655396,29659,343,Pierre-Emile Højbjerg,90,0.7559999847412109,0.6320000076293946,0.021763915196061134,SavedShot,RightFoot,OpenPlay,h,2025
655398,29659,318,Pierre-Emerick Aubameyang,95,0.8180000305175781,0.5540000152587891,0.06234603747725487,BlockedShot,RightFoot,OpenPlay,h,2025
655375,29659,14082,Emersonn,13,0.85,0.3579999923706055,0.25540396571159363,Goal,LeftFoot,OpenPlay,a,2025
655378,29659,14082,Emersonn,40,0.9730000305175781,0.32099998474121094,0.06253541260957718,BlockedShot,RightFoot,OpenPlay,a,2025
655381,29659,10193,Frank Magri,50,0.8090000152587891,0.6279999923706054,0.07581333816051483,SavedShot,LeftFoot,OpenPlay,a,2025
655392,29659,12045,Aron Dønnum,64,0.76,0.33799999237060546,0.025322632864117622,ShotOnPost,LeftFoot,OpenPlay,a,2025
655393,29659,14082,Emersonn,64,0.9480000305175781,0.580999984741211,0.4295596480369568,SavedShot,RightFoot,OpenPlay,a,2025
655397,29659,13756,Santiago Hidalgo,91,0.9230000305175782,0.44599998474121094,0.2561156749725342,Goal,Head,OpenPlay,a,2025
655856,29663,12413,Joaquín Panichelli,4,0.9069999694824219,0.46099998474121096,0.024801569059491158,MissedShots,Head,FromCorner,h,2025
655857,29663,11618,Samuel Amo-Ameyaw,10,0.9569999694824218,0.37200000762939456,0.25798332691192627,Goal,RightFoot,OpenPlay,h,2025
655859,29663,12413,Joaquín Panichelli,27,0.8530000305175781,0.3290000152587891,0.054977256804704666,ShotOnPost,RightFoot,OpenPlay,h,2025
655860,29663,11058,Julio Enciso,29,0.7440000152587891,0.5559999847412109,0.061201293021440506,SavedShot,RightFoot,DirectFreekick,h,2025
655862,29663,782,Ben Chilwell,38,0.8819999694824219,0.7280000305175781,0.04244621843099594,SavedShot,LeftFoot,OpenPlay,h,2025
655863,29663,12413,Joaquín Panichelli,45,0.9080000305175782,0.525,0.1301479935646057,SavedShot,RightFoot,OpenPlay,h,2025
655867,29663,10390,Ismaël Doukouré,65,0.7559999847412109,0.65,0.017553435638546944,MissedShots,RightFoot,OpenPlay,h,2025
655868,29663,11058,Julio Enciso,68,0.9419999694824219,0.40700000762939453,0.27662357687950134,BlockedShot,Head,OpenPlay,h,2025
655869,29663,10390,Ismaël Doukouré,68,0.8030000305175782,0.4209999847412109,0.032046470791101456,MissedShots,RightFoot,OpenPlay,h,2025
655870,29663,11058,Julio Enciso,69,0.725,0.4379999923706055,0.08036599308252335,MissedShots,RightFoot,OpenPlay,h,2025
655871,29663,9833,Andrew Omobamidele,72,0.9459999847412109,0.43400001525878906,0.06129470840096474,SavedShot,Head,FromCorner,h,2025
655872,29663,11164,Martial Godo,77,0.855999984741211,0.6220000076293946,0.05330006405711174,MissedShots,LeftFoot,SetPiece,h,2025
655874,29663,11817,Emanuel Emegha,88,0.879000015258789,0.639000015258789,0.007687265984714031,MissedShots,Head,OpenPlay,h,2025
655876,29663,10390,Ismaël Doukouré,95,0.8069999694824219,0.524000015258789,0.05451998859643936,SavedShot,RightFoot,OpenPlay,h,2025
655858,29663,3721,Romain Del Castillo,18,0.794000015258789,0.43599998474121093,0.035802390426397324,MissedShots,LeftFoot,OpenPlay,a,2025
655861,29663,7739,Joris Chotard,38,0.7130000305175781,0.66,0.014691909775137901,MissedShots,RightFoot,OpenPlay,a,2025
655864,29663,3721,Romain Del Castillo,54,0.885,0.5,0.7600951194763184,Goal,LeftFoot,Penalty,a,2025
655865,29663,14052,Pathé Mboup,58,0.8919999694824219,0.534000015258789,0.1251293420791626,SavedShot,LeftFoot,OpenPlay,a,2025
655866,29663,6905,Ludovic Ajorque,63,0.8180000305175781,0.34799999237060547,0.04481573402881622,MissedShots,LeftFoot,OpenPlay,a,2025
655873,29663,5742,Hugo Magnetti,81,0.735,0.505,0.016800444573163986,Goal,RightFoot,OpenPlay,a,2025
655875,29663,7739,Joris Chotard,93,0.5970000076293945,0.55,0.009043416939675808,SavedShot,RightFoot,OpenPlay,a,2025
655880,29655,12847,Sidiki Chérif,14,0.785,0.33599998474121096,0.02453087642788887,SavedShot,RightFoot,OpenPlay,h,2025
655881,29655,14131,Amine Sbaï,25,0.8430000305175781,0.529000015258789,0.1086667850613594,SavedShot,RightFoot,OpenPlay,h,2025
655882,29655,10923,Himad Abdelli,26,0.7680000305175781,0.5579999923706055,0.025720898061990738,MissedShots,RightFoot,OpenPlay,h,2025
655883,29655,10517,Yassin Belkhdim,33,0.8530000305175781,0.4,0.05152864381670952,MissedShots,RightFoot,FromCorner,h,2025
655896,29655,13604,Prosper Peter,75,0.9180000305175782,0.529000015258789,0.31201332807540894,SavedShot,Head,OpenPlay,h,2025
655897,29655,14132,Djibirin Harouna,75,0.9619999694824218,0.4620000076293945,0.6375457048416138,Goal,Head,OpenPlay,h,2025
655899,29655,12847,Sidiki Chérif,93,0.9580000305175781,0.695,0.14533768594264984,SavedShot,LeftFoot,OpenPlay,h,2025
655877,29655,942,Florian Thauvin,4,0.8540000152587891,0.37400001525878906,0.0698116198182106,SavedShot,LeftFoot,OpenPlay,a,2025
655878,29655,3799,Wesley Said,5,0.955,0.5459999847412109,0.5023409128189087,SavedShot,Head,OpenPlay,a,2025
655879,29655,3549,Adrien Thomasson,6,0.740999984741211,0.6120000076293945,0.015096300281584263,BlockedShot,LeftFoot,FromCorner,a,2025
655884,29655,13917,Mamadou Sangaré,39,0.8540000152587891,0.3609999847412109,0.06153886765241623,MissedShots,LeftFoot,OpenPlay,a,2025
655885,29655,5745,Matthieu Udol,43,0.8980000305175782,0.46599998474121096,0.05861674249172211,SavedShot,Head,FromCorner,a,2025
655886,29655,942,Florian Thauvin,44,0.8090000152587891,0.45799999237060546,0.05382465943694115,Goal,LeftFoot,OpenPlay,a,2025
655887,29655,3799,Wesley Said,47,0.9169999694824219,0.42,0.04689497873187065,MissedShots,Head,OpenPlay,a,2025
655888,29655,3549,Adrien Thomasson,51,0.7769999694824219,0.674000015258789,0.02958177775144577,MissedShots,LeftFoot,OpenPlay,a,2025
655889,29655,5648,Malang Sarr,54,0.9680000305175781,0.6,0.017421480268239975,MissedShots,Head,FromCorner,a,2025
655890,29655,3799,Wesley Said,55,0.9030000305175782,0.47700000762939454,0.3456893563270569,SavedShot,LeftFoot,OpenPlay,a,2025
655891,29655,11142,Pierre Ganiou,55,0.9730000305175781,0.545,0.4819871187210083,MissedShots,Head,FromCorner,a,2025
655892,29655,11142,Pierre Ganiou,60,0.9180000305175782,0.5379999923706055,0.03822788596153259,MissedShots,Head,FromCorner,a,2025
655893,29655,942,Florian Thauvin,63,0.7809999847412109,0.515,0.04716017469763756,MissedShots,LeftFoot,OpenPlay,a,2025
655894,29655,3549,Adrien Thomasson,72,0.7090000152587891,0.674000015258789,0.015175800770521164,MissedShots,RightFoot,SetPiece,a,2025
655895,29655,942,Florian Thauvin,73,0.850999984741211,0.37900001525878907,0.10018834471702576,Goal,LeftFoot,OpenPlay,a,2025
655898,29655,3348,Florian Sotoca,90,0.8680000305175781,0.56,0.052437786012887955,ShotOnPost,RightFoot,OpenPlay,a,2025
655900,29655,13917,Mamadou Sangaré,96,0.76,0.5540000152587891,0.027359021827578545,ShotOnPost,RightFoot,OpenPlay,a,2025
655834,29656,13743,Godson Kyeremeh,8,0.86,0.66,0.07461002469062805,SavedShot,LeftFoot,OpenPlay,h,2025
655835,29656,13742,Ayumu Seko,17,0.884000015258789,0.44400001525878907,0.01378526072949171,SavedShot,Head,SetPiece,h,2025
655838,29656,8684,Fodé Doucouré,29,0.8680000305175781,0.325,0.04430243745446205,BlockedShot,RightFoot,OpenPlay,h,2025
655839,29656,3701,Gautier Lloris,30,0.9130000305175782,0.5640000152587891,0.028061890974640846,MissedShots,Head,FromCorner,h,2025
655840,29656,11792,Issa Soumaré,32,0.845999984741211,0.7219999694824218,0.03006424941122532,MissedShots,RightFoot,OpenPlay,h,2025
655843,29656,11792,Issa Soumaré,49,0.8069999694824219,0.49900001525878906,0.14651674032211304,MissedShots,RightFoot,DirectFreekick,h,2025
655844,29656,12732,Yanis Zouaoui,53,0.799000015258789,0.6220000076293946,0.09895848482847214,BlockedShot,LeftFoot,DirectFreekick,h,2025
655845,29656,8684,Fodé Doucouré,53,0.7669999694824219,0.36700000762939455,0.015325512737035751,SavedShot,RightFoot,SetPiece,h,2025
655846,29656,12446,Simon Ebonog,59,0.9330000305175781,0.415,0.12951385974884033,SavedShot,RightFoot,OpenPlay,h,2025
655847,29656,3701,Gautier Lloris,60,0.914000015258789,0.5409999847412109,0.14438794553279877,SavedShot,Head,FromCorner,h,2025
655848,29656,8684,Fodé Doucouré,60,0.710999984741211,0.28899999618530275,0.011814291588962078,BlockedShot,RightFoot,FromCorner,h,2025
655849,29656,11795,Yassine Kechta,68,0.7830000305175782,0.5579999923706055,0.033929139375686646,BlockedShot,LeftFoot,OpenPlay,h,2025
655852,29656,11787,Loïc Négo,80,0.9680000305175781,0.37200000762939456,0.07253172993659973,SavedShot,RightFoot,OpenPlay,h,2025
655855,29656,9250,Reda Khadra,93,0.794000015258789,0.33799999237060546,0.02539348602294922,SavedShot,LeftFoot,OpenPlay,h,2025
655836,29656,5680,Thomas Meunier,21,0.8819999694824219,0.47400001525878904,0.07716657221317291,BlockedShot,RightFoot,SetPiece,a,2025
655837,29656,12801,Osame Sahraoui,21,0.8190000152587891,0.534000015258789,0.0536772646009922,BlockedShot,RightFoot,SetPiece,a,2025
655841,29656,3237,Aissa Mandi,33,0.8930000305175781,0.6480000305175782,0.05413345620036125,MissedShots,RightFoot,SetPiece,a,2025
655842,29656,12801,Osame Sahraoui,45,0.8440000152587891,0.610999984741211,0.0560666024684906,ShotOnPost,RightFoot,OpenPlay,a,2025
655850,29656,12066,Ethan Mbappé,76,0.85,0.3940000152587891,0.29108723998069763,SavedShot,LeftFoot,OpenPlay,a,2025
655851,29656,5680,Thomas Meunier,79,0.8580000305175781,0.32299999237060545,0.04586855694651604,MissedShots,RightFoot,OpenPlay,a,2025
655853,29656,11757,Hákon Haraldsson,85,0.79,0.6079999923706054,0.03188851848244667,BlockedShot,RightFoot,OpenPlay,a,2025
655854,29656,13976,Hamza Igamane,87,0.9680000305175781,0.4620000076293945,0.7402799725532532,Goal,RightFoot,OpenPlay,a,2025
655751,29657,10074,Sambou Soumano,8,0.865,0.34900001525878904,0.051386889070272446,BlockedShot,LeftFoot,OpenPlay,h,2025
655752,29657,3536,Jean-Victor Makengo,8,0.8640000152587891,0.33599998474121096,0.0431823804974556,MissedShots,RightFoot,OpenPlay,h,2025
655753,29657,12328,Arthur Avom,11,0.10899999618530273,0.5420000076293945,0,OwnGoal,Head,OpenPlay,h,2025
655754,29657,10074,Sambou Soumano,16,0.9290000152587891,0.5129999923706055,0.05688237026333809,MissedShots,Head,OpenPlay,h,2025
655756,29657,10347,Pablo Pagis,30,0.8769999694824219,0.3870000076293945,0.07973318547010422,MissedShots,RightFoot,OpenPlay,h,2025
655757,29657,4882,Laurent Abergel,30,0.7869999694824219,0.5629999923706055,0.03306848555803299,Goal,LeftFoot,OpenPlay,h,2025
655762,29657,10074,Sambou Soumano,46,0.9640000152587891,0.48,0.6053089499473572,Goal,RightFoot,OpenPlay,h,2025
655763,29657,3536,Jean-Victor Makengo,48,0.749000015258789,0.5509999847412109,0.03559533879160881,SavedShot,LeftFoot,OpenPlay,h,2025
655764,29657,10347,Pablo Pagis,51,0.720999984741211,0.6070000076293945,0.022629231214523315,BlockedShot,RightFoot,FromCorner,h,2025
655765,29657,10074,Sambou Soumano,51,0.865999984741211,0.5109999847412109,0.11973463743925095,SavedShot,LeftFoot,OpenPlay,h,2025
655766,29657,9699,Bamo Meïté,52,0.950999984741211,0.40900001525878904,0.07287891954183578,MissedShots,Head,FromCorner,h,2025
655767,29657,10074,Sambou Soumano,52,0.9669999694824218,0.5159999847412109,0.7374564409255981,Goal,RightFoot,FromCorner,h,2025
655768,29657,9929,Théo Le Bris,61,0.7819999694824219,0.47400001525878904,0.025409502908587456,SavedShot,RightFoot,SetPiece,h,2025
655770,29657,13795,Dermane Karim,74,0.8680000305175781,0.72,0.05478721484541893,MissedShots,LeftFoot,OpenPlay,h,2025
655772,29657,12004,Joel Mvuka,81,0.96,0.37200000762939456,0.3303843140602112,MissedShots,RightFoot,OpenPlay,h,2025
655773,29657,9345,Ahmadou Bamba Dieng,87,0.9280000305175782,0.49900001525878906,0.06943051517009735,MissedShots,Head,SetPiece,h,2025
655774,29657,9345,Ahmadou Bamba Dieng,87,0.9059999847412109,0.54,0.14926210045814514,ShotOnPost,LeftFoot,OpenPlay,h,2025
655775,29657,9345,Ahmadou Bamba Dieng,87,0.9490000152587891,0.4929999923706055,0.9206641316413879,SavedShot,Head,OpenPlay,h,2025
655777,29657,9345,Ahmadou Bamba Dieng,93,0.919000015258789,0.544000015258789,0.1433591991662979,MissedShots,LeftFoot,OpenPlay,h,2025
655750,29657,8685,Mohamed Ali-Cho,4,0.865,0.5359999847412109,0.13810281455516815,MissedShots,LeftFoot,OpenPlay,a,2025
655755,29657,8685,Mohamed Ali-Cho,25,0.8580000305175781,0.365,0.020953400060534477,BlockedShot,RightFoot,SetPiece,a,2025
655758,29657,13750,Kojo Peprah Oppong,34,0.895,0.5579999923706055,0.04336206614971161,MissedShots,Head,FromCorner,a,2025
655759,29657,8697,Jonathan Clauss,41,0.7809999847412109,0.39799999237060546,0.029381688684225082,BlockedShot,RightFoot,OpenPlay,a,2025
655760,29657,11515,Tom Louchet,43,0.9340000152587891,0.39599998474121095,0.3130459487438202,ShotOnPost,RightFoot,OpenPlay,a,2025
655761,29657,14032,Tiago Gouveia,45,0.895,0.565,0.0876636803150177,SavedShot,RightFoot,OpenPlay,a,2025
655769,29657,8768,Kevin Omoruyi,62,0.9330000305175781,0.5029999923706054,0.6166576147079468,SavedShot,Head,OpenPlay,a,2025
655771,29657,9514,Antoine Mendy,76,0.894000015258789,0.46700000762939453,0.0667823925614357,BlockedShot,Head,FromCorner,a,2025
655776,29657,11515,Tom Louchet,91,0.7240000152587891,0.5220000076293946,0.012546844780445099,BlockedShot,RightFoot,OpenPlay,a,2025
655978,29658,4941,Hans Hateboer,16,0.9619999694824218,0.3940000152587891,0.09338314086198807,MissedShots,RightFoot,OpenPlay,h,2025
655979,29658,9001,Martín Satriano,17,0.8540000152587891,0.435,0.011971057392656803,MissedShots,Head,OpenPlay,h,2025
655980,29658,13735,Pavel Sulc,24,0.9519999694824218,0.325,0.05446147918701172,SavedShot,RightFoot,OpenPlay,h,2025
655981,29658,13735,Pavel Sulc,25,0.8930000305175781,0.35400001525878905,0.03782884031534195,BlockedShot,RightFoot,OpenPlay,h,2025
655982,29658,9001,Martín Satriano,29,0.7869999694824219,0.43,0.035325370728969574,MissedShots,RightFoot,OpenPlay,h,2025
655984,29658,4941,Hans Hateboer,46,0.899000015258789,0.5029999923706054,0.043721284717321396,MissedShots,Head,FromCorner,h,2025
655985,29658,10091,Tyler Morton,50,0.9219999694824219,0.3509999847412109,0.09457793086767197,ShotOnPost,RightFoot,OpenPlay,h,2025
655986,29658,11318,Abner,50,0.9030000305175782,0.6809999847412109,0.0496002696454525,Goal,RightFoot,OpenPlay,h,2025
655987,29658,13737,Mathys de Carvalho,52,0.7919999694824219,0.6969999694824218,0.030303625389933586,MissedShots,RightFoot,OpenPlay,h,2025
655988,29658,11318,Abner,53,0.8719999694824219,0.6819999694824219,0.06507986038923264,BlockedShot,RightFoot,OpenPlay,h,2025
655989,29658,3603,Corentin Tolisso,54,0.784000015258789,0.5459999847412109,0.0346548818051815,SavedShot,RightFoot,OpenPlay,h,2025
655991,29658,3603,Corentin Tolisso,69,0.6959999847412109,0.6680000305175782,0.014558285474777222,MissedShots,RightFoot,OpenPlay,h,2025
655992,29658,9001,Martín Satriano,69,0.925,0.48,0.1332709789276123,Goal,RightFoot,OpenPlay,h,2025
655993,29658,3603,Corentin Tolisso,72,0.955,0.55,0.16745322942733765,BlockedShot,LeftFoot,OpenPlay,h,2025
655995,29658,9001,Martín Satriano,76,0.9290000152587891,0.534000015258789,0.5844477415084839,Goal,RightFoot,OpenPlay,h,2025
655996,29658,13735,Pavel Sulc,94,0.895,0.6430000305175781,0.05642848461866379,MissedShots,LeftFoot,FromCorner,h,2025
655997,29658,13739,Afonso Moreira,96,0.885,0.67,0.08264307677745819,MissedShots,LeftFoot,OpenPlay,h,2025
655998,29658,13734,Adam Karabec,97,0.7809999847412109,0.47900001525878905,0.0964849516749382,SavedShot,RightFoot,OpenPlay,h,2025
655999,29658,3603,Corentin Tolisso,97,0.960999984741211,0.415,0.5285218358039856,SavedShot,RightFoot,OpenPlay,h,2025
656000,29658,13735,Pavel Sulc,98,0.9430000305175781,0.73,0.031021131202578545,MissedShots,RightFoot,FromCorner,h,2025
655975,29658,9490,Matthis Abline,4,0.8340000152587891,0.5279999923706055,0.05665535852313042,SavedShot,RightFoot,OpenPlay,a,2025
655976,29658,9490,Matthis Abline,8,0.9009999847412109,0.30700000762939456,0.07515022903680801,MissedShots,RightFoot,OpenPlay,a,2025
655977,29658,10581,Junior Mwanga,13,0.9540000152587891,0.47400001525878904,0.09732027351856232,MissedShots,RightFoot,SetPiece,a,2025
655983,29658,6007,Nicolas Cozza,45,0.8880000305175781,0.6419999694824219,0.08692413568496704,MissedShots,LeftFoot,OpenPlay,a,2025
655990,29658,9490,Matthis Abline,57,0.89,0.64,0.06055249646306038,MissedShots,RightFoot,SetPiece,a,2025
655994,29658,9490,Matthis Abline,75,0.794000015258789,0.8490000152587891,0.00831904448568821,SavedShot,RightFoot,OpenPlay,a,2025
656508,29665,13968,Daouda Guindo,4,0.7119999694824218,0.615,0.013946630991995335,SavedShot,LeftFoot,OpenPlay,h,2025
656509,29665,11065,Remy Labeau Lascary,13,0.7580000305175781,0.674000015258789,0.020085889846086502,MissedShots,RightFoot,OpenPlay,h,2025
656511,29665,11065,Remy Labeau Lascary,19,0.8780000305175781,0.5379999923706055,0.35941630601882935,SavedShot,RightFoot,OpenPlay,h,2025
656512,29665,6905,Ludovic Ajorque,27,0.91,0.3270000076293945,0.05872195586562157,SavedShot,LeftFoot,OpenPlay,h,2025
656513,29665,10100,Kamory Doumbia,27,0.9309999847412109,0.514000015258789,0.47054874897003174,Goal,Head,OpenPlay,h,2025
656515,29665,5742,Hugo Magnetti,34,0.8090000152587891,0.4929999923706055,0.05779087543487549,BlockedShot,RightFoot,OpenPlay,h,2025
656516,29665,5742,Hugo Magnetti,35,0.7869999694824219,0.40700000762939453,0.02306322008371353,MissedShots,RightFoot,FromCorner,h,2025
656517,29665,6905,Ludovic Ajorque,37,0.7969999694824219,0.4229999923706055,0.05200491473078728,BlockedShot,LeftFoot,OpenPlay,h,2025
656521,29665,5742,Hugo Magnetti,47,0.7580000305175781,0.515,0.01645638607442379,MissedShots,RightFoot,OpenPlay,h,2025
656522,29665,13968,Daouda Guindo,53,0.6730000305175782,0.535,0.03126323223114014,ShotOnPost,LeftFoot,DirectFreekick,h,2025
656525,29665,5742,Hugo Magnetti,70,0.745999984741211,0.6669999694824219,0.012660466134548187,BlockedShot,LeftFoot,FromCorner,h,2025
656528,29665,7747,Mama Baldé,92,0.865999984741211,0.5329999923706055,0.049417607486248016,MissedShots,Head,OpenPlay,h,2025
656510,29665,10349,Mika Biereth,13,0.855999984741211,0.2539999961853027,0.025011111050844193,SavedShot,RightFoot,OpenPlay,a,2025
656514,29665,2897,Aleksandr Golovin,33,0.8930000305175781,0.5279999923706055,0.06165636330842972,SavedShot,Head,OpenPlay,a,2025
656518,29665,10349,Mika Biereth,37,0.870999984741211,0.33299999237060546,0.05008677765727043,MissedShots,RightFoot,OpenPlay,a,2025
656519,29665,8239,Takumi Minamino,38,0.8590000152587891,0.67,0.11349553614854813,MissedShots,LeftFoot,OpenPlay,a,2025
656520,29665,10349,Mika Biereth,42,0.924000015258789,0.524000015258789,0.09833165258169174,MissedShots,RightFoot,OpenPlay,a,2025
656523,29665,8239,Takumi Minamino,61,0.855999984741211,0.3029999923706055,0.03779293969273567,MissedShots,RightFoot,OpenPlay,a,2025
656524,29665,12950,Jordan Teze,65,0.6890000152587891,0.4859999847412109,0.014131640084087849,MissedShots,RightFoot,OpenPlay,a,2025
656526,29665,10058,Maghnes Akliouche,74,0.86,0.740999984741211,0.02772391028702259,BlockedShot,LeftFoot,OpenPlay,a,2025
656527,29665,11799,Lamine Camara,75,0.7519999694824219,0.405,0.023593883961439133,MissedShots,RightFoot,OpenPlay,a,2025
656529,29665,12255,Paris Brunner,92,0.925,0.6220000076293946,0.0331927090883255,MissedShots,Head,OpenPlay,a,2025
656553,29667,12066,Ethan Mbappé,9,0.8480000305175781,0.35200000762939454,0.2841310203075409,Goal,LeftFoot,OpenPlay,h,2025
656554,29667,6500,Romain Perraud,12,0.8830000305175781,0.7240000152587891,0.052818797528743744,SavedShot,LeftFoot,OpenPlay,h,2025
656558,29667,12801,Osame Sahraoui,63,0.935,0.3370000076293945,0.07839275151491165,BlockedShot,RightFoot,OpenPlay,h,2025
656561,29667,914,Nabil Bentaleb,74,0.7180000305175781,0.5029999923706054,0.019376317039132118,BlockedShot,LeftFoot,OpenPlay,h,2025
656566,29667,12800,Ngal&#039;ayel Mukau,89,0.8640000152587891,0.44400001525878907,0.13758346438407898,BlockedShot,LeftFoot,OpenPlay,h,2025
656555,29667,1245,Emerson,44,0.8380000305175781,0.7230000305175781,0.02122175134718418,BlockedShot,LeftFoot,OpenPlay,a,2025
656556,29667,7490,Mason Greenwood,45,0.754000015258789,0.534000015258789,0.025767209008336067,BlockedShot,LeftFoot,OpenPlay,a,2025
656557,29667,318,Pierre-Emerick Aubameyang,58,0.9830000305175781,0.6940000152587891,0.04535717889666557,MissedShots,LeftFoot,OpenPlay,a,2025
656562,29667,7490,Mason Greenwood,75,0.9059999847412109,0.5279999923706055,0.7770205140113831,SavedShot,LeftFoot,OpenPlay,a,2025
656565,29667,1516,Geoffrey Kondogbia,77,0.7380000305175781,0.5459999847412109,0.01641104742884636,SavedShot,LeftFoot,OpenPlay,a,2025
656567,29667,7490,Mason Greenwood,91,0.7980000305175782,0.6959999847412109,0.017035456374287605,BlockedShot,RightFoot,OpenPlay,a,2025
657022,29669,9490,Matthis Abline,29,0.775,0.6029999923706054,0.014837164431810379,SavedShot,RightFoot,FromCorner,h,2025
657024,29669,2082,Youssef El-Arabi,37,0.885,0.5,0.7600951194763184,SavedShot,RightFoot,Penalty,h,2025
657025,29669,2082,Youssef El-Arabi,37,0.95,0.49400001525878906,0.6478995084762573,Goal,RightFoot,SetPiece,h,2025
657030,29669,9490,Matthis Abline,51,0.8059999847412109,0.669000015258789,0.03124978020787239,MissedShots,RightFoot,OpenPlay,h,2025
657031,29669,14034,Bahmed Deuff,52,0.754000015258789,0.654000015258789,0.02034446783363819,SavedShot,RightFoot,OpenPlay,h,2025
657032,29669,9490,Matthis Abline,55,0.85,0.6480000305175782,0.051433101296424866,MissedShots,RightFoot,OpenPlay,h,2025
657034,29669,9490,Matthis Abline,63,0.8119999694824219,0.5309999847412109,0.07245390862226486,BlockedShot,RightFoot,SetPiece,h,2025
657036,29669,10831,Mostafa Mohamed,73,0.32799999237060545,0.5770000076293945,0.00936976633965969,MissedShots,RightFoot,OpenPlay,h,2025
657042,29669,13828,Amady Camara,92,0.9009999847412109,0.6669999694824219,0.053079333156347275,BlockedShot,RightFoot,OpenPlay,h,2025
657043,29669,10831,Mostafa Mohamed,94,0.8969999694824219,0.6140000152587891,0.01339880470186472,MissedShots,Head,OpenPlay,h,2025
657013,29669,13917,Mamadou Sangaré,2,0.85,0.7069999694824218,0.035691745579242706,MissedShots,LeftFoot,OpenPlay,a,2025
657014,29669,5648,Malang Sarr,5,0.9619999694824218,0.46099998474121096,0.49158039689064026,SavedShot,Head,FromCorner,a,2025
657015,29669,3799,Wesley Said,5,0.9480000305175781,0.41900001525878905,0.1300908327102661,BlockedShot,LeftFoot,FromCorner,a,2025
657016,29669,3697,Odsonne Edouard,12,0.9540000152587891,0.4590000152587891,0.2738875150680542,SavedShot,RightFoot,OpenPlay,a,2025
657017,29669,13917,Mamadou Sangaré,12,0.815,0.5170000076293946,0.09805676341056824,BlockedShot,RightFoot,OpenPlay,a,2025
657018,29669,942,Florian Thauvin,15,0.745,0.3110000038146973,0.01698574796319008,BlockedShot,LeftFoot,OpenPlay,a,2025
657019,29669,6006,Ruben Aguilar,17,0.7180000305175781,0.24200000762939453,0.01098884642124176,MissedShots,RightFoot,OpenPlay,a,2025
657020,29669,3799,Wesley Said,19,0.9409999847412109,0.674000015258789,0.07735010981559753,MissedShots,LeftFoot,OpenPlay,a,2025
657021,29669,13732,Samson Baidoo,25,0.955,0.534000015258789,0.4941332936286926,MissedShots,Head,FromCorner,a,2025
657023,29669,942,Florian Thauvin,33,0.9059999847412109,0.5059999847412109,0.25239917635917664,Goal,Head,OpenPlay,a,2025
657026,29669,13733,Andrija Bulatovic,42,0.9269999694824219,0.5870000076293945,0.30251824855804443,MissedShots,Head,OpenPlay,a,2025
657027,29669,13917,Mamadou Sangaré,45,0.74,0.5559999847412109,0.010074960067868233,SavedShot,LeftFoot,SetPiece,a,2025
657028,29669,13732,Samson Baidoo,48,0.9019999694824219,0.45599998474121095,0.09628773480653763,BlockedShot,RightFoot,FromCorner,a,2025
657029,29669,3697,Odsonne Edouard,45,0.8419999694824218,0.3870000076293945,0.05391710624098778,BlockedShot,LeftFoot,OpenPlay,a,2025
657033,29669,3799,Wesley Said,58,0.9180000305175782,0.5520000076293945,0.11712171137332916,MissedShots,Head,OpenPlay,a,2025
657035,29669,13917,Mamadou Sangaré,72,0.8540000152587891,0.5170000076293946,0.06385942548513412,MissedShots,LeftFoot,OpenPlay,a,2025
657037,29669,13917,Mamadou Sangaré,75,0.9030000305175782,0.5209999847412109,0.04459788277745247,MissedShots,Head,FromCorner,a,2025
657038,29669,11142,Pierre Ganiou,76,0.9069999694824219,0.534000015258789,0.026023441925644875,BlockedShot,Head,FromCorner,a,2025
657039,29669,3799,Wesley Said,80,0.95,0.46799999237060547,0.618403434753418,Goal,RightFoot,OpenPlay,a,2025
657040,29669,942,Florian Thauvin,84,0.8440000152587891,0.34,0.06024046987295151,SavedShot,RightFoot,OpenPlay,a,2025
657041,29669,942,Florian Thauvin,88,0.955,0.32099998474121094,0.05371436849236488,MissedShots,LeftFoot,OpenPlay,a,2025
657179,29672,14082,Emersonn,10,0.7969999694824219,0.47900001525878905,0.047943901270627975,SavedShot,LeftFoot,OpenPlay,h,2025
657180,29672,14082,Emersonn,17,0.9119999694824219,0.32099998474121094,0.3090449869632721,SavedShot,RightFoot,OpenPlay,h,2025
657181,29672,14082,Emersonn,17,0.905,0.405,0.08573342114686966,Goal,LeftFoot,OpenPlay,h,2025
657182,29672,10193,Frank Magri,31,0.9019999694824219,0.519000015258789,0.041856374591588974,MissedShots,Head,SetPiece,h,2025
657183,29672,10193,Frank Magri,31,0.8119999694824219,0.605,0.06993023306131363,MissedShots,LeftFoot,OpenPlay,h,2025
657186,29672,13756,Santiago Hidalgo,94,0.825999984741211,0.67,0.08646079897880554,BlockedShot,LeftFoot,OpenPlay,h,2025
657178,29672,11058,Julio Enciso,7,0.960999984741211,0.6730000305175782,0.018155569210648537,BlockedShot,Head,OpenPlay,a,2025
657184,29672,13818,Kendry Páez,65,0.909000015258789,0.345,0.059958621859550476,MissedShots,RightFoot,SetPiece,a,2025
657185,29672,12284,Samir El Mourabet,71,0.7580000305175781,0.6120000076293945,0.01373901404440403,BlockedShot,LeftFoot,FromCorner,a,2025
657233,29671,8777,Vitinha,8,0.73,0.585999984741211,0.01616675965487957,MissedShots,RightFoot,OpenPlay,h,2025
657234,29671,10016,Bradley Barcola,18,0.850999984741211,0.5590000152587891,0.09149017930030823,BlockedShot,RightFoot,OpenPlay,h,2025
657235,29671,10016,Bradley Barcola,24,0.8090000152587891,0.5129999923706055,0.057087600231170654,BlockedShot,LeftFoot,OpenPlay,h,2025
657238,29671,7453,Khvicha Kvaratskhelia,27,0.8469999694824218,0.48,0.09588561207056046,Goal,RightFoot,OpenPlay,h,2025
657240,29671,12345,Senny Mayulu,38,0.9280000305175782,0.49900001525878906,0.5853399038314819,Goal,RightFoot,OpenPlay,h,2025
657241,29671,7313,Lee Kang-In,42,0.8930000305175781,0.5929999923706055,0.11763936281204224,MissedShots,LeftFoot,OpenPlay,h,2025
657242,29671,7313,Lee Kang-In,45,0.85,0.6279999923706054,0.08315092325210571,MissedShots,LeftFoot,OpenPlay,h,2025
657243,29671,12345,Senny Mayulu,48,0.9080000305175782,0.7030000305175781,0.07309916615486145,ShotOnPost,LeftFoot,OpenPlay,h,2025
657244,29671,7453,Khvicha Kvaratskhelia,50,0.7080000305175781,0.45599998474121095,0.015771206468343735,SavedShot,RightFoot,OpenPlay,h,2025
657245,29671,12734,João Neves,50,0.8680000305175781,0.51,0.045466795563697815,MissedShots,Head,OpenPlay,h,2025
657248,29671,10016,Bradley Barcola,57,0.9419999694824219,0.33099998474121095,0.10367901623249054,SavedShot,RightFoot,OpenPlay,h,2025
657249,29671,7453,Khvicha Kvaratskhelia,58,0.9130000305175782,0.6480000305175782,0.13207842409610748,MissedShots,LeftFoot,OpenPlay,h,2025
657250,29671,3226,Ousmane Dembélé,64,0.8369999694824218,0.595999984741211,0.08874349296092987,SavedShot,LeftFoot,OpenPlay,h,2025
657251,29671,7453,Khvicha Kvaratskhelia,66,0.874000015258789,0.4879999923706055,0.46778449416160583,Goal,RightFoot,OpenPlay,h,2025
657252,29671,8777,Vitinha,69,0.874000015258789,0.8619999694824219,0.04498875513672829,BlockedShot,RightFoot,DirectFreekick,h,2025
657253,29671,10016,Bradley Barcola,71,0.8519999694824218,0.654000015258789,0.0728142261505127,SavedShot,RightFoot,OpenPlay,h,2025
657254,29671,3297,Marquinhos,74,0.8909999847412109,0.5220000076293946,0.02735482156276703,MissedShots,Head,SetPiece,h,2025
657255,29671,12733,Ibrahim Mbaye,87,0.774000015258789,0.634000015258789,0.031379230320453644,Goal,RightFoot,OpenPlay,h,2025
657256,29671,12733,Ibrahim Mbaye,89,0.9109999847412109,0.49,0.14669738709926605,BlockedShot,LeftFoot,OpenPlay,h,2025
657257,29671,11767,Gonçalo Ramos,90,0.7219999694824218,0.4759999847412109,0.02979694865643978,Goal,LeftFoot,OpenPlay,h,2025
657232,29671,9633,Przemyslaw Frankowski,0,0.78,0.34599998474121096,0.023735947906970978,MissedShots,RightFoot,OpenPlay,a,2025
657236,29671,3673,Valentin Rongier,27,0.72,0.6859999847412109,0.015360083431005478,BlockedShot,RightFoot,FromCorner,a,2025
657237,29671,12850,Esteban Lepaul,27,0.7430000305175781,0.5179999923706055,0.026923682540655136,SavedShot,RightFoot,FromCorner,a,2025
657239,29671,3673,Valentin Rongier,32,0.8040000152587891,0.4859999847412109,0.03840281441807747,SavedShot,RightFoot,FromCorner,a,2025
657246,29671,5356,Breel Embolo,53,0.7730000305175782,0.705999984741211,0.013598663732409477,MissedShots,RightFoot,OpenPlay,a,2025
657247,29671,11782,Mousa Al Tamari,54,0.95,0.7090000152587891,0.035527776926755905,BlockedShot,LeftFoot,OpenPlay,a,2025
657397,29670,6846,Sofiane Diop,2,0.8869999694824219,0.4420000076293945,0.11815305054187775,MissedShots,RightFoot,OpenPlay,h,2025
657398,29670,6846,Sofiane Diop,14,0.765,0.5579999923706055,0.07800359278917313,BlockedShot,RightFoot,DirectFreekick,h,2025
657399,29670,8685,Mohamed Ali-Cho,14,0.7659999847412109,0.49,0.023938730359077454,BlockedShot,LeftFoot,SetPiece,h,2025
657402,29670,13100,Juma Bah,38,0.9390000152587891,0.4829999923706055,0.41536852717399597,MissedShots,Head,FromCorner,h,2025
657403,29670,9514,Antoine Mendy,40,0.8580000305175781,0.5079999923706054,0.06544854491949081,SavedShot,LeftFoot,OpenPlay,h,2025
657405,29670,6846,Sofiane Diop,43,0.8730000305175781,0.5529999923706055,0.039984021335840225,MissedShots,Head,OpenPlay,h,2025
657407,29670,8685,Mohamed Ali-Cho,46,0.904000015258789,0.5409999847412109,0.05466580390930176,MissedShots,OtherBodyPart,OpenPlay,h,2025
657411,29670,13281,Bernard Nguene,56,0.7730000305175782,0.6759999847412109,0.06548569351434708,MissedShots,LeftFoot,OpenPlay,h,2025
657412,29670,3696,Morgan Sanson,60,0.8430000305175781,0.5270000076293946,0.07583692669868469,MissedShots,RightFoot,OpenPlay,h,2025
657413,29670,8050,Hichem Boudaoui,72,0.8009999847412109,0.5379999923706055,0.04533342644572258,MissedShots,RightFoot,OpenPlay,h,2025
657415,29670,13751,Isak Jansson,77,0.8730000305175781,0.3970000076293945,0.30893704295158386,SavedShot,RightFoot,OpenPlay,h,2025
657416,29670,5962,Tanguy NDombele Alvaro,79,0.875999984741211,0.6880000305175781,0.0519140399992466,SavedShot,LeftFoot,OpenPlay,h,2025
657417,29670,13281,Bernard Nguene,80,0.8969999694824219,0.4759999847412109,0.030360018834471703,MissedShots,Head,OpenPlay,h,2025
657418,29670,8190,Melvin Bard,89,0.6859999847412109,0.5079999923706054,0.008664855733513832,MissedShots,LeftFoot,SetPiece,h,2025
657400,29670,14131,Amine Sbaï,28,0.875999984741211,0.4259999847412109,0.4345541000366211,SavedShot,RightFoot,OpenPlay,a,2025
657401,29670,10517,Yassin Belkhdim,32,0.9059999847412109,0.4129999923706055,0.39612531661987305,Goal,LeftFoot,OpenPlay,a,2025
657404,29670,10517,Yassin Belkhdim,42,0.7419999694824219,0.6140000152587891,0.04567721486091614,MissedShots,RightFoot,OpenPlay,a,2025
657406,29670,10295,Louis Mouton,44,0.720999984741211,0.505,0.02576858550310135,BlockedShot,RightFoot,OpenPlay,a,2025
657408,29670,10243,Jacques Ekomie,54,0.950999984741211,0.6379999923706055,0.19234491884708405,MissedShots,Head,OpenPlay,a,2025
657409,29670,10243,Jacques Ekomie,55,0.9730000305175781,0.62,0.1740729659795761,SavedShot,Head,OpenPlay,a,2025
657410,29670,10517,Yassin Belkhdim,55,0.7859999847412109,0.35,0.034739766269922256,SavedShot,RightFoot,OpenPlay,a,2025
657414,29670,13604,Prosper Peter,72,0.875,0.285,0.06734684109687805,BlockedShot,RightFoot,OpenPlay,a,2025
657529,29664,13888,Danny Namaso,13,0.9159999847412109,0.3120000076293945,0.055227793753147125,SavedShot,RightFoot,OpenPlay,h,2025
657531,29664,10815,Lassine Sinayoko,35,0.885,0.5,0.7600951194763184,Goal,RightFoot,Penalty,h,2025
657532,29664,11962,Oussama El Azzouzi,39,0.8919999694824219,0.45799999237060546,0.4155159890651703,Goal,RightFoot,OpenPlay,h,2025
657533,29664,10818,Kévin Danois,40,0.4520000076293945,0.36,0.010229880921542645,SavedShot,RightFoot,OpenPlay,h,2025
657535,29664,13888,Danny Namaso,46,0.9169999694824219,0.5709999847412109,0.4406740069389343,MissedShots,RightFoot,OpenPlay,h,2025
657537,29664,11962,Oussama El Azzouzi,47,0.9440000152587891,0.445,0.2155311107635498,MissedShots,Head,FromCorner,h,2025
657538,29664,13407,Fredrik Oppegård,51,0.8490000152587891,0.6880000305175781,0.05457635596394539,BlockedShot,LeftFoot,OpenPlay,h,2025
657539,29664,10818,Kévin Danois,51,0.7909999847412109,0.6719999694824219,0.03615187481045723,BlockedShot,RightFoot,OpenPlay,h,2025
657540,29664,13888,Danny Namaso,51,0.8040000152587891,0.6459999847412109,0.060679659247398376,MissedShots,RightFoot,OpenPlay,h,2025
657541,29664,10815,Lassine Sinayoko,63,0.919000015258789,0.30700000762939456,0.058251041918992996,SavedShot,RightFoot,OpenPlay,h,2025
657542,29664,12824,Clément Akpa,63,0.9390000152587891,0.34599998474121096,0.040971651673316956,BlockedShot,LeftFoot,FromCorner,h,2025
657543,29664,13888,Danny Namaso,64,0.8159999847412109,0.3659999847412109,0.027764983475208282,SavedShot,LeftFoot,FromCorner,h,2025
657544,29664,11962,Oussama El Azzouzi,65,0.6969999694824218,0.42700000762939455,0.014644243754446507,MissedShots,RightFoot,OpenPlay,h,2025
657546,29664,10818,Kévin Danois,88,0.775,0.47,0.03342558443546295,Goal,LeftFoot,OpenPlay,h,2025
657528,29664,8119,Boubacar Traore,6,0.889000015258789,0.5170000076293946,0.04861488565802574,SavedShot,Head,FromCorner,a,2025
657530,29664,5803,Fode Toure,19,0.8730000305175781,0.5940000152587891,0.0734206810593605,SavedShot,LeftFoot,OpenPlay,a,2025
657534,29664,5727,Gauthier Hein,45,0.735999984741211,0.39299999237060546,0.051506832242012024,Goal,LeftFoot,DirectFreekick,a,2025
657536,29664,5769,Habib Diallo,46,0.8780000305175781,0.46799999237060547,0.13746318221092224,MissedShots,RightFoot,OpenPlay,a,2025
657545,29664,5727,Gauthier Hein,70,0.889000015258789,0.32099998474121094,0.035516951233148575,MissedShots,LeftFoot,OpenPlay,a,2025
657548,29666,8287,Mbwana Samatta,5,0.8619999694824219,0.4259999847412109,0.0120350057259202,BlockedShot,Head,OpenPlay,h,2025
657551,29666,11792,Issa Soumaré,11,0.6969999694824218,0.485,0.010617389343678951,MissedShots,RightFoot,OpenPlay,h,2025
657552,29666,11790,Rassoul Ndiaye,15,0.8590000152587891,0.69,0.06255766749382019,BlockedShot,RightFoot,OpenPlay,h,2025
657554,29666,11790,Rassoul Ndiaye,27,0.7340000152587891,0.6469999694824219,0.01296667568385601,MissedShots,RightFoot,OpenPlay,h,2025
657558,29666,8287,Mbwana Samatta,46,0.91,0.5409999847412109,0.2803559899330139,MissedShots,Head,OpenPlay,h,2025
657559,29666,11795,Yassine Kechta,53,0.9180000305175782,0.5740000152587891,0.13337251543998718,MissedShots,LeftFoot,OpenPlay,h,2025
657561,29666,11792,Issa Soumaré,55,0.735,0.5770000076293945,0.0198579840362072,SavedShot,RightFoot,OpenPlay,h,2025
657563,29666,11795,Yassine Kechta,57,0.8390000152587891,0.5890000152587891,0.07279709726572037,BlockedShot,RightFoot,OpenPlay,h,2025
657564,29666,8287,Mbwana Samatta,62,0.9519999694824218,0.47200000762939454,0.47589626908302307,ShotOnPost,Head,FromCorner,h,2025
657565,29666,11792,Issa Soumaré,63,0.8819999694824219,0.5029999923706054,0.039824191480875015,SavedShot,Head,FromCorner,h,2025
657568,29666,11792,Issa Soumaré,78,0.885,0.5,0.7600951194763184,MissedShots,RightFoot,Penalty,h,2025
657571,29666,7649,Younes Namli,87,0.7430000305175781,0.335,0.018923018127679825,MissedShots,LeftFoot,OpenPlay,h,2025
657573,29666,11792,Issa Soumaré,92,0.8719999694824219,0.7330000305175781,0.03441480174660683,BlockedShot,RightFoot,OpenPlay,h,2025
657547,29666,7169,Moses Simon,4,0.865,0.7530000305175781,0.04594843462109566,BlockedShot,RightFoot,OpenPlay,a,2025
657549,29666,9656,Ilan Kebbal,8,0.9030000305175782,0.3060000038146973,0.04778151959180832,MissedShots,LeftFoot,OpenPlay,a,2025
657550,29666,13804,Tuomas Ollila,10,0.7730000305175782,0.645,0.019609443843364716,ShotOnPost,RightFoot,OpenPlay,a,2025
657553,29666,9656,Ilan Kebbal,23,0.845,0.3120000076293945,0.03935885429382324,MissedShots,LeftFoot,OpenPlay,a,2025
657555,29666,8690,Jean-Phillipe Krasso,31,0.860999984741211,0.6730000305175782,0.04719926416873932,MissedShots,LeftFoot,OpenPlay,a,2025
657556,29666,13804,Tuomas Ollila,38,0.8180000305175781,0.64,0.03619866073131561,ShotOnPost,LeftFoot,OpenPlay,a,2025
657557,29666,7169,Moses Simon,39,0.7959999847412109,0.5840000152587891,0.026410210877656937,BlockedShot,RightFoot,FromCorner,a,2025
657560,29666,13805,Adama Camara,55,0.840999984741211,0.49900001525878906,0.0832381621003151,SavedShot,RightFoot,OpenPlay,a,2025
657562,29666,7169,Moses Simon,55,0.875999984741211,0.6780000305175782,0.05278303474187851,MissedShots,RightFoot,OpenPlay,a,2025
657566,29666,5661,Jonathan Ikone,70,0.8059999847412109,0.49700000762939456,0.06436773389577866,BlockedShot,LeftFoot,OpenPlay,a,2025
657567,29666,13802,Nouha Dicko,72,0.9019999694824219,0.5309999847412109,0.07083817571401596,MissedShots,Head,FromCorner,a,2025
657569,29666,13801,Alimami Gory,80,0.93,0.49700000762939456,0.35807958245277405,MissedShots,OtherBodyPart,OpenPlay,a,2025
657570,29666,13801,Alimami Gory,86,0.9169999694824219,0.5890000152587891,0.3021358847618103,MissedShots,RightFoot,OpenPlay,a,2025
657572,29666,13802,Nouha Dicko,92,0.8440000152587891,0.6220000076293946,0.0584503710269928,SavedShot,RightFoot,OpenPlay,a,2025
657660,29668,3536,Jean-Victor Makengo,8,0.895,0.705,0.04532332345843315,SavedShot,LeftFoot,OpenPlay,h,2025
657661,29668,9873,Montassar Talbi,8,0.8869999694824219,0.45,0.07303319126367569,MissedShots,RightFoot,FromCorner,h,2025
657662,29668,10074,Sambou Soumano,15,0.9369999694824219,0.49900001525878906,0.6053186058998108,MissedShots,LeftFoot,OpenPlay,h,2025
657663,29668,10074,Sambou Soumano,28,0.8869999694824219,0.48900001525878906,0.039126671850681305,SavedShot,Head,OpenPlay,h,2025
657665,29668,10347,Pablo Pagis,34,0.7140000152587891,0.465,0.045114874839782715,ShotOnPost,RightFoot,DirectFreekick,h,2025
657666,29668,9699,Bamo Meïté,35,0.9119999694824219,0.5359999847412109,0.5033118724822998,MissedShots,RightFoot,SetPiece,h,2025
657669,29668,10347,Pablo Pagis,38,0.9119999694824219,0.504000015258789,0.5053648352622986,Goal,RightFoot,OpenPlay,h,2025
657671,29668,3536,Jean-Victor Makengo,62,0.8180000305175781,0.505,0.0784047544002533,MissedShots,LeftFoot,OpenPlay,h,2025
657673,29668,10844,Darline Yongwa,66,0.774000015258789,0.5540000152587891,0.08666668087244034,SavedShot,LeftFoot,OpenPlay,h,2025
657674,29668,3536,Jean-Victor Makengo,76,0.805,0.29399999618530276,0.03243899345397949,SavedShot,LeftFoot,OpenPlay,h,2025
657677,29668,12328,Arthur Avom,81,0.8290000152587891,0.4809999847412109,0.08702929317951202,BlockedShot,RightFoot,OpenPlay,h,2025
657678,29668,13795,Dermane Karim,81,0.78,0.62,0.028522305190563202,SavedShot,RightFoot,OpenPlay,h,2025
657680,29668,13794,Arsène Kouassi,84,0.8859999847412109,0.6359999847412109,0.28967317938804626,ShotOnPost,LeftFoot,OpenPlay,h,2025
657681,29668,12328,Arthur Avom,88,0.8580000305175781,0.6669999694824219,0.06959041208028793,BlockedShot,RightFoot,OpenPlay,h,2025
657664,29668,9001,Martín Satriano,29,0.8669999694824219,0.5359999847412109,0.021853158250451088,SavedShot,Head,OpenPlay,a,2025
657667,29668,13735,Pavel Sulc,35,0.9519999694824218,0.3029999923706055,0.07003181427717209,SavedShot,RightFoot,OpenPlay,a,2025
657668,29668,13737,Mathys de Carvalho,35,0.8619999694824219,0.57,0.07280339300632477,SavedShot,RightFoot,OpenPlay,a,2025
657670,29668,4941,Hans Hateboer,54,0.815,0.3509999847412109,0.0533401183784008,BlockedShot,LeftFoot,OpenPlay,a,2025
657672,29668,13735,Pavel Sulc,63,0.8919999694824219,0.7330000305175781,0.03847470507025719,MissedShots,RightFoot,SetPiece,a,2025
657675,29668,3603,Corentin Tolisso,78,0.9069999694824219,0.5279999923706055,0.08683498203754425,SavedShot,RightFoot,OpenPlay,a,2025
657676,29668,11819,Clinton Mata,79,0.9680000305175781,0.6669999694824219,0.03676881641149521,MissedShots,RightFoot,FromCorner,a,2025
657679,29668,13739,Afonso Moreira,83,0.9330000305175781,0.6769999694824219,0.10007906705141068,SavedShot,LeftFoot,OpenPlay,a,2025
657910,29673,10295,Louis Mouton,8,0.774000015258789,0.46,0.03346746787428856,MissedShots,LeftFoot,OpenPlay,h,2025
657911,29673,10517,Yassin Belkhdim,12,0.9290000152587891,0.43599998474121093,0.34887489676475525,BlockedShot,RightFoot,OpenPlay,h,2025
657912,29673,10923,Himad Abdelli,16,0.885,0.5,0.7600951194763184,Goal,RightFoot,Penalty,h,2025
657914,29673,14131,Amine Sbaï,34,0.8109999847412109,0.57,0.02478381060063839,SavedShot,RightFoot,OpenPlay,h,2025
657915,29673,7732,Haris Belkebla,36,0.7180000305175781,0.5109999847412109,0.020343154668807983,MissedShots,RightFoot,OpenPlay,h,2025
657916,29673,14131,Amine Sbaï,38,0.7390000152587891,0.6630000305175782,0.023614201694726944,MissedShots,RightFoot,OpenPlay,h,2025
657917,29673,10517,Yassin Belkhdim,38,0.774000015258789,0.3579999923706055,0.033725205808877945,MissedShots,LeftFoot,OpenPlay,h,2025
657919,29673,10295,Louis Mouton,52,0.94,0.44799999237060545,0.15022611618041992,BlockedShot,RightFoot,OpenPlay,h,2025
657920,29673,10517,Yassin Belkhdim,53,0.754000015258789,0.7319999694824219,0.015479136258363724,SavedShot,RightFoot,OpenPlay,h,2025
657921,29673,12847,Sidiki Chérif,59,0.9030000305175782,0.605,0.415911465883255,Goal,RightFoot,OpenPlay,h,2025
657922,29673,12847,Sidiki Chérif,62,0.8109999847412109,0.6890000152587891,0.04911933094263077,BlockedShot,RightFoot,OpenPlay,h,2025
657923,29673,10923,Himad Abdelli,63,0.8209999847412109,0.590999984741211,0.03454279154539108,MissedShots,RightFoot,FromCorner,h,2025
657924,29673,10517,Yassin Belkhdim,65,0.7980000305175782,0.455,0.07249567657709122,MissedShots,LeftFoot,OpenPlay,h,2025
657925,29673,10923,Himad Abdelli,70,0.749000015258789,0.45599998474121095,0.02150467410683632,SavedShot,LeftFoot,OpenPlay,h,2025
657926,29673,10295,Louis Mouton,71,0.7909999847412109,0.7469999694824219,0.02070763148367405,BlockedShot,RightFoot,FromCorner,h,2025
657928,29673,10517,Yassin Belkhdim,76,0.8519999694824218,0.3189999961853027,0.060820113867521286,SavedShot,RightFoot,OpenPlay,h,2025
657930,29673,14132,Djibirin Harouna,84,0.8440000152587891,0.37,0.07675479352474213,BlockedShot,LeftFoot,OpenPlay,h,2025
657931,29673,10923,Himad Abdelli,84,0.7709999847412109,0.6090000152587891,0.018861036747694016,SavedShot,RightFoot,FromCorner,h,2025
657932,29673,14132,Djibirin Harouna,84,0.924000015258789,0.5790000152587891,0.44901373982429504,Goal,LeftFoot,FromCorner,h,2025
657936,29673,11294,Lilian Raolisoa,93,0.950999984741211,0.3579999923706055,0.4162856340408325,Goal,RightFoot,OpenPlay,h,2025
657913,29673,13827,Yassine Benhattab,26,0.8590000152587891,0.3189999961853027,0.04551975801587105,SavedShot,LeftFoot,OpenPlay,a,2025
657918,29673,7763,Fabien Centonze,47,0.754000015258789,0.38799999237060545,0.017969248816370964,BlockedShot,RightFoot,OpenPlay,a,2025
657927,29673,9490,Matthis Abline,73,0.805,0.52,0.03368671238422394,SavedShot,RightFoot,OpenPlay,a,2025
657929,29673,7763,Fabien Centonze,80,0.9430000305175781,0.29399999618530276,0.056347452104091644,Goal,RightFoot,OpenPlay,a,2025
657933,29673,10581,Junior Mwanga,89,0.7869999694824219,0.5359999847412109,0.039020441472530365,SavedShot,LeftFoot,OpenPlay,a,2025
657934,29673,3785,Kelvin Adou,89,0.9580000305175781,0.665,0.04148383066058159,MissedShots,LeftFoot,OpenPlay,a,2025
657935,29673,13828,Amady Camara,92,0.9030000305175782,0.20100000381469726,0.0328516848385334,MissedShots,LeftFoot,OpenPlay,a,2025
658252,29681,12850,Esteban Lepaul,23,0.905,0.5429999923706055,0.4557432234287262,Goal,RightFoot,OpenPlay,h,2025
658253,29681,11782,Mousa Al Tamari,24,0.8630000305175781,0.5709999847412109,0.35477882623672485,Goal,LeftFoot,OpenPlay,h,2025
658255,29681,11782,Mousa Al Tamari,27,0.8159999847412109,0.515,0.12254694104194641,SavedShot,RightFoot,OpenPlay,h,2025
658256,29681,12850,Esteban Lepaul,36,0.8019999694824219,0.519000015258789,0.06831378489732742,BlockedShot,RightFoot,OpenPlay,h,2025
658257,29681,12850,Esteban Lepaul,44,0.7230000305175781,0.5179999923706055,0.02742958813905716,BlockedShot,RightFoot,OpenPlay,h,2025
658259,29681,11782,Mousa Al Tamari,58,0.8780000305175781,0.6809999847412109,0.058759111911058426,BlockedShot,LeftFoot,OpenPlay,h,2025
658260,29681,10789,Anthony Rouault,58,0.95,0.5609999847412109,0.06045197695493698,MissedShots,Head,FromCorner,h,2025
658265,29681,13210,Mohamed Meïté,86,0.9069999694824219,0.4779999923706055,0.3462389409542084,Goal,LeftFoot,OpenPlay,h,2025
658266,29681,1144,Seko Fofana,91,0.894000015258789,0.700999984741211,0.09476431459188461,SavedShot,RightFoot,OpenPlay,h,2025
658246,29681,7747,Mama Baldé,0,0.9419999694824219,0.29700000762939455,0.04934796690940857,MissedShots,RightFoot,OpenPlay,a,2025
658247,29681,13968,Daouda Guindo,1,0.7469999694824219,0.7680000305175781,0.010029122233390808,SavedShot,LeftFoot,OpenPlay,a,2025
658248,29681,14052,Pathé Mboup,2,0.89,0.6669999694824219,0.06474941968917847,SavedShot,LeftFoot,OpenPlay,a,2025
658249,29681,10100,Kamory Doumbia,3,0.8619999694824219,0.5079999923706054,0.10625670105218887,BlockedShot,RightFoot,OpenPlay,a,2025
658250,29681,7747,Mama Baldé,12,0.87,0.45299999237060545,0.3710304796695709,Goal,LeftFoot,OpenPlay,a,2025
658251,29681,7747,Mama Baldé,16,0.7519999694824219,0.37200000762939456,0.014370771124958992,MissedShots,RightFoot,OpenPlay,a,2025
658254,29681,7747,Mama Baldé,27,0.915,0.3290000152587891,0.03651246055960655,MissedShots,RightFoot,FromCorner,a,2025
658258,29681,7747,Mama Baldé,46,0.855999984741211,0.4759999847412109,0.020133402198553085,MissedShots,Head,OpenPlay,a,2025
658261,29681,3721,Romain Del Castillo,69,0.7630000305175781,0.485,0.02795363776385784,BlockedShot,LeftFoot,OpenPlay,a,2025
658262,29681,10100,Kamory Doumbia,70,0.860999984741211,0.485,0.02633226476609707,SavedShot,Head,OpenPlay,a,2025
658263,29681,14052,Pathé Mboup,75,0.769000015258789,0.5970000076293945,0.02747882716357708,SavedShot,RightFoot,OpenPlay,a,2025
658264,29681,10467,Soumaila Coulibaly,81,0.8930000305175781,0.48200000762939454,0.05453655496239662,SavedShot,Head,FromCorner,a,2025
658267,29681,11065,Remy Labeau Lascary,93,0.8859999847412109,0.28200000762939453,0.036988090723752975,SavedShot,RightFoot,OpenPlay,a,2025
658268,29681,11065,Remy Labeau Lascary,94,0.8219999694824218,0.659000015258789,0.026891542598605156,MissedShots,RightFoot,OpenPlay,a,2025
658377,29677,5769,Habib Diallo,31,0.77,0.42700000762939455,0.011812138371169567,SavedShot,RightFoot,OpenPlay,h,2025
658380,29677,5769,Habib Diallo,41,0.9230000305175782,0.5929999923706055,0.08744140714406967,BlockedShot,RightFoot,OpenPlay,h,2025
658381,29677,6308,Jessy Deminguet,41,0.794000015258789,0.624000015258789,0.01668304018676281,Goal,LeftFoot,OpenPlay,h,2025
658386,29677,5769,Habib Diallo,58,0.8590000152587891,0.49599998474121093,0.05981981009244919,MissedShots,RightFoot,OpenPlay,h,2025
658387,29677,11797,Maxime Colin,61,0.8430000305175781,0.5270000076293946,0.0480496771633625,BlockedShot,LeftFoot,FromCorner,h,2025
658388,29677,11798,Koffi Kouao,61,0.7419999694824219,0.34900001525878904,0.014359102584421635,SavedShot,RightFoot,FromCorner,h,2025
658389,29677,11797,Maxime Colin,62,0.745999984741211,0.4809999847412109,0.029375562444329262,BlockedShot,RightFoot,FromCorner,h,2025
658393,29677,5727,Gauthier Hein,75,0.7180000305175781,0.5829999923706055,0.044722896069288254,SavedShot,LeftFoot,DirectFreekick,h,2025
658395,29677,13809,Giorgi Tsitaishvili,80,0.8719999694824219,0.6619999694824219,0.05287772789597511,Goal,RightFoot,OpenPlay,h,2025
658374,29677,11767,Gonçalo Ramos,16,0.9269999694824219,0.595,0.0771486833691597,SavedShot,Head,SetPiece,a,2025
658375,29677,7313,Lee Kang-In,26,0.705,0.49599998474121093,0.04162151366472244,MissedShots,LeftFoot,DirectFreekick,a,2025
658376,29677,11767,Gonçalo Ramos,30,0.92,0.5259999847412109,0.10173901170492172,Goal,Head,FromCorner,a,2025
658378,29677,7313,Lee Kang-In,35,0.9030000305175782,0.3220000076293945,0.06472160667181015,MissedShots,LeftFoot,OpenPlay,a,2025
658379,29677,13626,Quentin Ndjantou,38,0.95,0.4759999847412109,0.6638751029968262,Goal,RightFoot,OpenPlay,a,2025
658382,29677,13626,Quentin Ndjantou,45,0.955,0.34200000762939453,0.0939549058675766,SavedShot,RightFoot,OpenPlay,a,2025
658383,29677,11767,Gonçalo Ramos,51,0.8809999847412109,0.31,0.1298818141222,SavedShot,RightFoot,OpenPlay,a,2025
658384,29677,11767,Gonçalo Ramos,52,0.8519999694824218,0.48400001525878905,0.10523249953985214,BlockedShot,RightFoot,OpenPlay,a,2025
658385,29677,7313,Lee Kang-In,53,0.8690000152587891,0.3189999961853027,0.05970761552453041,SavedShot,LeftFoot,OpenPlay,a,2025
658390,29677,10431,Désiré Doué,62,0.8140000152587891,0.534000015258789,0.3370620906352997,Goal,RightFoot,OpenPlay,a,2025
658391,29677,12733,Ibrahim Mbaye,70,0.909000015258789,0.27600000381469725,0.09790566563606262,ShotOnPost,RightFoot,OpenPlay,a,2025
658392,29677,10431,Désiré Doué,70,0.789000015258789,0.63,0.03235907480120659,SavedShot,RightFoot,OpenPlay,a,2025
658394,29677,10016,Bradley Barcola,77,0.774000015258789,0.634000015258789,0.046681538224220276,MissedShots,RightFoot,OpenPlay,a,2025
658396,29677,7453,Khvicha Kvaratskhelia,80,0.865999984741211,0.40900001525878904,0.09578881412744522,SavedShot,LeftFoot,OpenPlay,a,2025
658460,29676,9656,Ilan Kebbal,0,0.71,0.335,0.01824016496539116,SavedShot,LeftFoot,OpenPlay,h,2025
658461,29676,5696,Vincent Marchetti,4,0.524000015258789,0.31,0.010138812474906445,MissedShots,LeftFoot,OpenPlay,h,2025
658465,29676,13805,Adama Camara,25,0.8819999694824219,0.42700000762939455,0.0360918864607811,MissedShots,Head,FromCorner,h,2025
658468,29676,5661,Jonathan Ikone,39,0.7769999694824219,0.38599998474121094,0.02690906636416912,SavedShot,LeftFoot,OpenPlay,h,2025
658469,29676,13805,Adama Camara,43,0.8159999847412109,0.46599998474121096,0.06294278055429459,BlockedShot,RightFoot,OpenPlay,h,2025
658470,29676,9656,Ilan Kebbal,43,0.799000015258789,0.6220000076293946,0.031672775745391846,MissedShots,LeftFoot,OpenPlay,h,2025
658471,29676,5661,Jonathan Ikone,47,0.9340000152587891,0.4540000152587891,0.08180610090494156,BlockedShot,LeftFoot,OpenPlay,h,2025
658472,29676,13805,Adama Camara,52,0.8069999694824219,0.4229999923706055,0.06398696452379227,MissedShots,RightFoot,OpenPlay,h,2025
658473,29676,5696,Vincent Marchetti,61,0.88,0.5820000076293945,0.03461049124598503,BlockedShot,Head,OpenPlay,h,2025
658462,29676,13756,Santiago Hidalgo,12,0.8640000152587891,0.5270000076293946,0.10451343655586243,MissedShots,RightFoot,OpenPlay,a,2025
658463,29676,14082,Emersonn,14,0.91,0.6730000305175782,0.09886327385902405,MissedShots,LeftFoot,OpenPlay,a,2025
658464,29676,3357,Djibril Sidibe,18,0.885,0.5,0.7600951194763184,SavedShot,RightFoot,Penalty,a,2025
658466,29676,13756,Santiago Hidalgo,28,0.9630000305175781,0.4859999847412109,0.6209758520126343,Goal,RightFoot,OpenPlay,a,2025
658467,29676,6874,Yann Gboho,36,0.8569999694824219,0.5690000152587891,0.11969316005706787,Goal,RightFoot,OpenPlay,a,2025
658474,29676,6874,Yann Gboho,68,0.899000015258789,0.40900001525878904,0.29544833302497864,Goal,RightFoot,OpenPlay,a,2025
658475,29676,12330,Noah Edjouma,92,0.8730000305175781,0.485,0.03807277977466583,MissedShots,Head,OpenPlay,a,2025
658613,29679,9001,Martín Satriano,1,0.9219999694824219,0.47400001525878904,0.38453733921051025,ShotOnPost,Head,OpenPlay,h,2025
658614,29679,3603,Corentin Tolisso,7,0.9169999694824219,0.47900001525878905,0.1406451314687729,BlockedShot,RightFoot,OpenPlay,h,2025
658615,29679,13739,Afonso Moreira,12,0.9280000305175782,0.6580000305175782,0.06531642377376556,MissedShots,LeftFoot,OpenPlay,h,2025
658616,29679,3603,Corentin Tolisso,17,0.805,0.46700000762939453,0.04456529766321182,BlockedShot,RightFoot,OpenPlay,h,2025
658617,29679,13735,Pavel Sulc,20,0.9330000305175781,0.29200000762939454,0.04797370731830597,MissedShots,RightFoot,OpenPlay,h,2025
658621,29679,4941,Hans Hateboer,39,0.9419999694824219,0.32799999237060545,0.011247356422245502,MissedShots,Head,OpenPlay,h,2025
658622,29679,4941,Hans Hateboer,41,0.950999984741211,0.3659999847412109,0.017548291012644768,SavedShot,Head,OpenPlay,h,2025
658623,29679,13735,Pavel Sulc,43,0.909000015258789,0.36,0.3412267565727234,SavedShot,RightFoot,OpenPlay,h,2025
658624,29679,3603,Corentin Tolisso,43,0.9019999694824219,0.45,0.15486733615398407,MissedShots,LeftFoot,OpenPlay,h,2025
658625,29679,13735,Pavel Sulc,46,0.8690000152587891,0.525,0.09214421361684799,BlockedShot,RightFoot,OpenPlay,h,2025
658626,29679,3603,Corentin Tolisso,47,0.9269999694824219,0.45,0.3594875931739807,SavedShot,Head,SetPiece,h,2025
658628,29679,13735,Pavel Sulc,51,0.9469999694824218,0.49599998474121093,0.5564415454864502,Goal,Head,OpenPlay,h,2025
658630,29679,10091,Tyler Morton,54,0.93,0.519000015258789,0.500519335269928,MissedShots,RightFoot,OpenPlay,h,2025
658631,29679,3603,Corentin Tolisso,54,0.764000015258789,0.5609999847412109,0.03288652002811432,BlockedShot,RightFoot,OpenPlay,h,2025
658632,29679,13739,Afonso Moreira,56,0.8180000305175781,0.624000015258789,0.03235194832086563,MissedShots,RightFoot,SetPiece,h,2025
658634,29679,13737,Mathys de Carvalho,74,0.769000015258789,0.49200000762939455,0.038252901285886765,BlockedShot,RightFoot,OpenPlay,h,2025
658635,29679,13737,Mathys de Carvalho,76,0.970999984741211,0.4470000076293945,0.13399095833301544,MissedShots,Head,FromCorner,h,2025
658639,29679,13735,Pavel Sulc,84,0.8469999694824218,0.43,0.05924351513385773,BlockedShot,LeftFoot,SetPiece,h,2025
658618,29679,11787,Loïc Négo,31,0.6519999694824219,0.35400001525878905,0.0073165749199688435,MissedShots,RightFoot,SetPiece,a,2025
658619,29679,11792,Issa Soumaré,37,0.885,0.5,0.7600951194763184,SavedShot,RightFoot,Penalty,a,2025
658620,29679,11792,Issa Soumaré,38,0.9080000305175782,0.495,0.5009826421737671,MissedShots,RightFoot,SetPiece,a,2025
658627,29679,13742,Ayumu Seko,49,0.7919999694824219,0.32,0.02055525965988636,MissedShots,RightFoot,OpenPlay,a,2025
658629,29679,8287,Mbwana Samatta,53,0.8719999694824219,0.4909999847412109,0.013456720858812332,SavedShot,Head,SetPiece,a,2025
658633,29679,8287,Mbwana Samatta,67,0.904000015258789,0.580999984741211,0.3362632095813751,SavedShot,LeftFoot,OpenPlay,a,2025
658636,29679,14241,Kenny Quetant,79,0.8719999694824219,0.39099998474121095,0.06535271555185318,MissedShots,RightFoot,OpenPlay,a,2025
658637,29679,14229,Noam Obougou,80,0.9269999694824219,0.725999984741211,0.036147940903902054,SavedShot,RightFoot,OpenPlay,a,2025
658638,29679,11792,Issa Soumaré,81,0.9169999694824219,0.5120000076293946,0.04431938752532005,MissedShots,Head,FromCorner,a,2025
658640,29679,12732,Yanis Zouaoui,93,0.740999984741211,0.29200000762939454,0.04089480638504028,MissedShots,LeftFoot,DirectFreekick,a,2025
658726,29674,8703,Sinaly Diomande,15,0.9030000305175782,0.5770000076293945,0.04427266865968704,MissedShots,Head,FromCorner,h,2025
658727,29674,11789,Josué Casimir,22,0.874000015258789,0.3679999923706055,0.10698409378528595,BlockedShot,RightFoot,OpenPlay,h,2025
658728,29674,10815,Lassine Sinayoko,28,0.8109999847412109,0.6480000305175782,0.02843574620783329,SavedShot,RightFoot,OpenPlay,h,2025
658729,29674,13888,Danny Namaso,32,0.9030000305175782,0.31,0.04779435694217682,MissedShots,RightFoot,OpenPlay,h,2025
658730,29674,10815,Lassine Sinayoko,34,0.845999984741211,0.5459999847412109,0.02565116062760353,MissedShots,LeftFoot,OpenPlay,h,2025
658731,29674,10815,Lassine Sinayoko,36,0.8080000305175781,0.4209999847412109,0.043727338314056396,SavedShot,LeftFoot,OpenPlay,h,2025
658733,29674,11789,Josué Casimir,46,0.8059999847412109,0.6409999847412109,0.034808624535799026,SavedShot,RightFoot,OpenPlay,h,2025
658734,29674,13793,Lamine Sy,46,0.8690000152587891,0.37200000762939456,0.023845309391617775,BlockedShot,RightFoot,FromCorner,h,2025
658735,29674,11789,Josué Casimir,49,0.88,0.624000015258789,0.10610286146402359,SavedShot,RightFoot,OpenPlay,h,2025
658736,29674,8970,Sékou Mara,54,0.9430000305175781,0.5479999923706055,0.0624711811542511,BlockedShot,Head,FromCorner,h,2025
658737,29674,13888,Danny Namaso,54,0.9640000152587891,0.4540000152587891,0.5847341418266296,MissedShots,RightFoot,FromCorner,h,2025
658738,29674,8703,Sinaly Diomande,54,0.98,0.5209999847412109,0.9217842817306519,MissedShots,RightFoot,FromCorner,h,2025
658739,29674,10815,Lassine Sinayoko,56,0.9319999694824219,0.5629999923706055,0.0946522131562233,Goal,Head,FromCorner,h,2025
658740,29674,10815,Lassine Sinayoko,58,0.7430000305175781,0.45,0.02034899964928627,MissedShots,RightFoot,OpenPlay,h,2025
658746,29674,10815,Lassine Sinayoko,82,0.885,0.5,0.7600951194763184,Goal,RightFoot,Penalty,h,2025
658747,29674,13888,Danny Namaso,84,0.850999984741211,0.6780000305175782,0.0430634506046772,BlockedShot,RightFoot,OpenPlay,h,2025
658749,29674,1326,Assane Diousse,96,0.805,0.629000015258789,0.03735613077878952,SavedShot,LeftFoot,OpenPlay,h,2025
658750,29674,8970,Sékou Mara,96,0.8909999847412109,0.5159999847412109,0.06148746982216835,SavedShot,LeftFoot,FromCorner,h,2025
658724,29674,12801,Osame Sahraoui,8,0.9580000305175781,0.6669999694824219,0.09517718851566315,SavedShot,LeftFoot,OpenPlay,a,2025
658725,29674,11757,Hákon Haraldsson,8,0.9269999694824219,0.544000015258789,0.4953397512435913,Goal,LeftFoot,OpenPlay,a,2025
658732,29674,12066,Ethan Mbappé,43,0.8619999694824219,0.135,0.04238339141011238,BlockedShot,LeftFoot,DirectFreekick,a,2025
658741,29674,849,Chancel Mbemba,65,0.04,0.524000015258789,0,OwnGoal,LeftFoot,OpenPlay,a,2025
658742,29674,914,Nabil Bentaleb,71,0.73,0.555,0.010235236026346684,BlockedShot,LeftFoot,OpenPlay,a,2025
658743,29674,914,Nabil Bentaleb,72,0.7219999694824218,0.4879999923706055,0.01092884223908186,MissedShots,LeftFoot,SetPiece,a,2025
658744,29674,914,Nabil Bentaleb,76,0.7580000305175781,0.5829999923706055,0.021012965589761734,Goal,LeftFoot,OpenPlay,a,2025
658745,29674,13471,Soriba Diaoune,79,0.89,0.6459999847412109,0.06442122161388397,Goal,RightFoot,OpenPlay,a,2025
658748,29674,3223,Benjamin André,85,0.914000015258789,0.4759999847412109,0.04115881025791168,Goal,Head,FromCorner,a,2025
658751,29675,6006,Ruben Aguilar,1,0.8769999694824219,0.23200000762939454,0.020629078149795532,BlockedShot,RightFoot,OpenPlay,h,2025
658752,29675,13917,Mamadou Sangaré,9,0.7709999847412109,0.645,0.019063103944063187,SavedShot,LeftFoot,OpenPlay,h,2025
658754,29675,3697,Odsonne Edouard,14,0.904000015258789,0.549000015258789,0.044210512191057205,Goal,Head,OpenPlay,h,2025
658756,29675,13732,Samson Baidoo,27,0.894000015258789,0.42200000762939455,0.022359365597367287,MissedShots,Head,SetPiece,h,2025
658757,29675,6006,Ruben Aguilar,29,0.789000015258789,0.24600000381469728,0.036178916692733765,MissedShots,RightFoot,OpenPlay,h,2025
658758,29675,942,Florian Thauvin,31,0.8690000152587891,0.40200000762939453,0.3089531660079956,MissedShots,LeftFoot,OpenPlay,h,2025
658764,29675,3697,Odsonne Edouard,56,0.9590000152587891,0.4640000152587891,0.5884191393852234,Goal,Head,OpenPlay,h,2025
658765,29675,3799,Wesley Said,59,0.840999984741211,0.674000015258789,0.10298652946949005,SavedShot,RightFoot,OpenPlay,h,2025
658767,29675,3799,Wesley Said,75,0.789000015258789,0.47,0.05259724706411362,BlockedShot,LeftFoot,OpenPlay,h,2025
658768,29675,13917,Mamadou Sangaré,76,0.8019999694824219,0.665,0.015215836465358734,MissedShots,LeftFoot,FromCorner,h,2025
658769,29675,3697,Odsonne Edouard,84,0.7859999847412109,0.4520000076293945,0.1039176732301712,BlockedShot,RightFoot,DirectFreekick,h,2025
658770,29675,3549,Adrien Thomasson,87,0.915,0.5929999923706055,0.5243171453475952,SavedShot,RightFoot,OpenPlay,h,2025
658771,29675,13506,Rayan Fofana,89,0.7519999694824219,0.45099998474121095,0.03582477942109108,BlockedShot,RightFoot,OpenPlay,h,2025
658772,29675,3348,Florian Sotoca,93,0.8009999847412109,0.7419999694824219,0.021362055093050003,BlockedShot,RightFoot,OpenPlay,h,2025
658773,29675,6006,Ruben Aguilar,93,0.855,0.2560000038146973,0.02062562294304371,MissedShots,RightFoot,OpenPlay,h,2025
658753,29675,8697,Jonathan Clauss,12,0.8190000152587891,0.4329999923706055,0.06195817515254021,BlockedShot,RightFoot,OpenPlay,a,2025
658755,29675,8685,Mohamed Ali-Cho,16,0.845,0.37799999237060544,0.062054991722106934,SavedShot,LeftFoot,OpenPlay,a,2025
658759,29675,8050,Hichem Boudaoui,36,0.9269999694824219,0.4470000076293945,0.4988754689693451,SavedShot,RightFoot,OpenPlay,a,2025
658760,29675,8685,Mohamed Ali-Cho,40,0.8590000152587891,0.35,0.019993843510746956,MissedShots,RightFoot,SetPiece,a,2025
658761,29675,8050,Hichem Boudaoui,46,0.7340000152587891,0.5640000152587891,0.01749308966100216,SavedShot,RightFoot,OpenPlay,a,2025
658762,29675,13751,Isak Jansson,47,0.774000015258789,0.605999984741211,0.017145181074738503,SavedShot,RightFoot,OpenPlay,a,2025
658763,29675,6846,Sofiane Diop,47,0.7680000305175781,0.36400001525878906,0.017316915094852448,BlockedShot,RightFoot,FromCorner,a,2025
658766,29675,14032,Tiago Gouveia,73,0.8469999694824218,0.6909999847412109,0.038574133068323135,MissedShots,RightFoot,OpenPlay,a,2025
658775,29680,10390,Ismaël Doukouré,19,0.915,0.5470000076293945,0.04888962581753731,SavedShot,OtherBodyPart,FromCorner,h,2025
658776,29680,12498,Valentín Barco,22,0.884000015258789,0.18200000762939453,0.05996132642030716,MissedShots,LeftFoot,DirectFreekick,h,2025
658780,29680,12413,Joaquín Panichelli,32,0.9169999694824219,0.485,0.06541326642036438,BlockedShot,Head,OpenPlay,h,2025
658783,29680,12413,Joaquín Panichelli,40,0.9080000305175782,0.45099998474121095,0.02267523668706417,MissedShots,Head,FromCorner,h,2025
658784,29680,11978,Diego Moreira,42,0.674000015258789,0.45,0.011695370078086853,MissedShots,LeftFoot,FromCorner,h,2025
658786,29680,12413,Joaquín Panichelli,46,0.98,0.5890000152587891,0.40628689527511597,BlockedShot,Head,OpenPlay,h,2025
658787,29680,12284,Samir El Mourabet,58,0.740999984741211,0.5990000152587891,0.015346228145062923,BlockedShot,LeftFoot,FromCorner,h,2025
658788,29680,12970,Sebastian Nanasi,59,0.9169999694824219,0.4879999923706055,0.13228769600391388,MissedShots,Head,OpenPlay,h,2025
658790,29680,12413,Joaquín Panichelli,80,0.9230000305175782,0.43200000762939456,0.04936066269874573,MissedShots,Head,OpenPlay,h,2025
658792,29680,12498,Valentín Barco,94,0.7280000305175781,0.4109999847412109,0.018476352095603943,BlockedShot,RightFoot,OpenPlay,h,2025
658793,29680,12498,Valentín Barco,96,0.7659999847412109,0.615,0.021152164787054062,BlockedShot,LeftFoot,OpenPlay,h,2025
658794,29680,12413,Joaquín Panichelli,97,0.924000015258789,0.5359999847412109,0.060302939265966415,MissedShots,Head,OpenPlay,h,2025
658774,29680,9929,Théo Le Bris,4,0.884000015258789,0.7319999694824219,0.03301088884472847,MissedShots,LeftFoot,OpenPlay,a,2025
658777,29680,10074,Sambou Soumano,24,0.9069999694824219,0.655,0.0835237056016922,MissedShots,RightFoot,OpenPlay,a,2025
658778,29680,10347,Pablo Pagis,28,0.855999984741211,0.565,0.052815116941928864,MissedShots,LeftFoot,OpenPlay,a,2025
658779,29680,4882,Laurent Abergel,30,0.67,0.69,0.009240161627531052,SavedShot,RightFoot,OpenPlay,a,2025
658781,29680,3536,Jean-Victor Makengo,37,0.9080000305175782,0.4420000076293945,0.09307560324668884,MissedShots,Head,SetPiece,a,2025
658782,29680,4882,Laurent Abergel,38,0.8030000305175782,0.6869999694824219,0.019256483763456345,MissedShots,RightFoot,FromCorner,a,2025
658785,29680,10074,Sambou Soumano,43,0.8530000305175781,0.5790000152587891,0.0720198005437851,MissedShots,RightFoot,OpenPlay,a,2025
658789,29680,10347,Pablo Pagis,71,0.745999984741211,0.7169999694824218,0.04134172946214676,SavedShot,RightFoot,DirectFreekick,a,2025
658791,29680,13975,Noah Cadiou,86,0.705999984741211,0.33599998474121096,0.01158769242465496,MissedShots,RightFoot,OpenPlay,a,2025
658896,29678,12111,Amir Murillo,1,0.870999984741211,0.3189999961853027,0.056051190942525864,BlockedShot,LeftFoot,OpenPlay,h,2025
658897,29678,318,Pierre-Emerick Aubameyang,5,0.9569999694824218,0.505,0.6418951153755188,SavedShot,LeftFoot,OpenPlay,h,2025
658898,29678,12111,Amir Murillo,5,0.8130000305175781,0.5420000076293945,0.04724057391285896,MissedShots,RightFoot,FromCorner,h,2025
658903,29678,7490,Mason Greenwood,14,0.8190000152587891,0.47700000762939454,0.0625033974647522,MissedShots,LeftFoot,OpenPlay,h,2025
658904,29678,6601,Timothy Weah,19,0.7780000305175782,0.700999984741211,0.04125745967030525,SavedShot,RightFoot,OpenPlay,h,2025
658905,29678,7490,Mason Greenwood,26,0.889000015258789,0.710999984741211,0.041247349232435226,MissedShots,LeftFoot,OpenPlay,h,2025
658911,29678,1245,Emerson,42,0.86,0.7169999694824218,0.03454069420695305,SavedShot,LeftFoot,OpenPlay,h,2025
658917,29678,13206,Matt O&#039;Riley,55,0.9209999847412109,0.48700000762939455,0.531747579574585,BlockedShot,LeftFoot,OpenPlay,h,2025
658918,29678,14010,Igor Paixão,58,0.8919999694824219,0.7,0.05368475615978241,SavedShot,RightFoot,OpenPlay,h,2025
658919,29678,6601,Timothy Weah,65,0.875,0.3270000076293945,0.05684890225529671,BlockedShot,LeftFoot,OpenPlay,h,2025
658920,29678,12392,Arthur Vermeeren,65,0.76,0.34599998474121096,0.016001153737306595,MissedShots,RightFoot,OpenPlay,h,2025
658921,29678,7490,Mason Greenwood,67,0.7340000152587891,0.5970000076293945,0.02103267051279545,MissedShots,RightFoot,FromCorner,h,2025
658922,29678,318,Pierre-Emerick Aubameyang,68,0.84,0.3559999847412109,0.05132950842380524,SavedShot,RightFoot,OpenPlay,h,2025
658923,29678,7490,Mason Greenwood,69,0.870999984741211,0.4209999847412109,0.09390360862016678,BlockedShot,RightFoot,OpenPlay,h,2025
658924,29678,7490,Mason Greenwood,70,0.8640000152587891,0.3870000076293945,0.0873308852314949,SavedShot,LeftFoot,OpenPlay,h,2025
658925,29678,13206,Matt O&#039;Riley,72,0.8519999694824218,0.32099998474121094,0.043017033487558365,MissedShots,LeftFoot,OpenPlay,h,2025
658927,29678,7490,Mason Greenwood,76,0.8030000305175782,0.47299999237060547,0.04466968774795532,BlockedShot,LeftFoot,OpenPlay,h,2025
658928,29678,7490,Mason Greenwood,81,0.8590000152587891,0.46799999237060547,0.1012786328792572,Goal,LeftFoot,OpenPlay,h,2025
658899,29678,2897,Aleksandr Golovin,6,0.7769999694824219,0.35400001525878905,0.02518591843545437,MissedShots,RightFoot,OpenPlay,a,2025
658900,29678,10058,Maghnes Akliouche,8,0.8430000305175781,0.62,0.11590453237295151,BlockedShot,LeftFoot,OpenPlay,a,2025
658901,29678,2897,Aleksandr Golovin,10,0.8590000152587891,0.5620000076293945,0.09774384647607803,BlockedShot,RightFoot,OpenPlay,a,2025
658902,29678,11799,Lamine Camara,13,0.8090000152587891,0.45,0.05516546219587326,MissedShots,RightFoot,OpenPlay,a,2025
658906,29678,2897,Aleksandr Golovin,28,0.94,0.34299999237060547,0.3278540372848511,SavedShot,RightFoot,OpenPlay,a,2025
658907,29678,8239,Takumi Minamino,41,0.905,0.3890000152587891,0.08154630661010742,SavedShot,LeftFoot,OpenPlay,a,2025
658908,29678,9690,Folarin Balogun,42,0.8580000305175781,0.5679999923706055,0.08887965232133865,BlockedShot,LeftFoot,OpenPlay,a,2025
658909,29678,9690,Folarin Balogun,42,0.87,0.5279999923706055,0.08985348045825958,BlockedShot,RightFoot,OpenPlay,a,2025
658910,29678,10058,Maghnes Akliouche,42,0.8619999694824219,0.27799999237060546,0.03300204873085022,BlockedShot,LeftFoot,OpenPlay,a,2025
658912,29678,2897,Aleksandr Golovin,44,0.8440000152587891,0.7469999694824219,0.026526983827352524,SavedShot,RightFoot,OpenPlay,a,2025
658913,29678,11799,Lamine Camara,47,0.7930000305175782,0.28200000762939453,0.06082344800233841,BlockedShot,RightFoot,DirectFreekick,a,2025
658914,29678,8239,Takumi Minamino,45,0.8590000152587891,0.46799999237060547,0.35911765694618225,MissedShots,LeftFoot,OpenPlay,a,2025
658915,29678,9690,Folarin Balogun,46,0.735,0.515,0.018056590110063553,BlockedShot,RightFoot,OpenPlay,a,2025
658916,29678,10271,Vanderson,46,0.769000015258789,0.38,0.029976243153214455,MissedShots,LeftFoot,OpenPlay,a,2025
658926,29678,8239,Takumi Minamino,73,0.855,0.534000015258789,0.2952435612678528,SavedShot,LeftFoot,OpenPlay,a,2025
658929,29678,12804,George Ilenikhena,89,0.7719999694824219,0.4540000152587891,0.020363744348287582,SavedShot,LeftFoot,SetPiece,a,2025
658930,29678,10349,Mika Biereth,89,0.9830000305175781,0.40200000762939453,0.14564186334609985,BlockedShot,RightFoot,SetPiece,a,2025
658931,29678,6923,Mohammed Salisu,90,0.919000015258789,0.555,0.0867229774594307,BlockedShot,RightFoot,OpenPlay,a,2025
660812,29690,10788,Rasmus Nicolaisen,0,0.955999984741211,0.605999984741211,0.037488289177417755,SavedShot,Head,OpenPlay,h,2025
660816,29690,14082,Emersonn,10,0.9280000305175782,0.53,0.10889032483100891,MissedShots,RightFoot,OpenPlay,h,2025
660820,29690,12045,Aron Dønnum,35,0.9080000305175782,0.29700000762939455,0.05821973830461502,BlockedShot,LeftFoot,OpenPlay,h,2025
660822,29690,12842,Mark McKenzie,43,0.9209999847412109,0.5729999923706055,0.06722833961248398,SavedShot,Head,FromCorner,h,2025
660827,29690,13756,Santiago Hidalgo,64,0.9440000152587891,0.2539999961853027,0.045236844569444656,BlockedShot,RightFoot,OpenPlay,h,2025
660829,29690,11777,Cristian Cásseres Jr.,73,0.7290000152587891,0.6759999847412109,0.01216860581189394,MissedShots,RightFoot,OpenPlay,h,2025
660832,29690,13756,Santiago Hidalgo,89,0.7769999694824219,0.4,0.025034816935658455,BlockedShot,LeftFoot,OpenPlay,h,2025
660833,29690,6874,Yann Gboho,90,0.884000015258789,0.555,0.1154530718922615,MissedShots,LeftFoot,OpenPlay,h,2025
660813,29690,13053,Saud Abdulhamid,3,0.874000015258789,0.38299999237060545,0.050718195736408234,MissedShots,RightFoot,OpenPlay,a,2025
660814,29690,5648,Malang Sarr,6,0.8,0.68,0.024600384756922722,MissedShots,LeftFoot,OpenPlay,a,2025
660815,29690,11142,Pierre Ganiou,8,0.970999984741211,0.41700000762939454,0.2864859104156494,MissedShots,Head,FromCorner,a,2025
660817,29690,3697,Odsonne Edouard,14,0.815,0.534000015258789,0.06032461300492287,BlockedShot,LeftFoot,OpenPlay,a,2025
660818,29690,942,Florian Thauvin,14,0.9290000152587891,0.38799999237060545,0.09986007213592529,MissedShots,LeftFoot,OpenPlay,a,2025
660819,29690,3799,Wesley Said,21,0.9490000152587891,0.38299999237060545,0.033900659531354904,SavedShot,Head,FromCorner,a,2025
660821,29690,13733,Andrija Bulatovic,42,0.7609999847412109,0.62,0.06491254270076752,SavedShot,RightFoot,DirectFreekick,a,2025
660823,29690,3799,Wesley Said,48,0.7659999847412109,0.764000015258789,0.010744382627308369,MissedShots,RightFoot,OpenPlay,a,2025
660824,29690,942,Florian Thauvin,53,0.93,0.7330000305175781,0.04527139663696289,MissedShots,LeftFoot,OpenPlay,a,2025
660825,29690,3799,Wesley Said,56,0.9019999694824219,0.610999984741211,0.365599125623703,Goal,RightFoot,OpenPlay,a,2025
660826,29690,11142,Pierre Ganiou,59,0.7280000305175781,0.24700000762939453,0.015651196241378784,MissedShots,RightFoot,OpenPlay,a,2025
660828,29690,3799,Wesley Said,69,0.935,0.5509999847412109,0.40552496910095215,MissedShots,Head,OpenPlay,a,2025
660830,29690,13506,Rayan Fofana,84,0.8980000305175782,0.5179999923706055,0.3377048671245575,SavedShot,RightFoot,OpenPlay,a,2025
660831,29690,3549,Adrien Thomasson,84,0.9330000305175781,0.44099998474121094,0.5001805424690247,Goal,LeftFoot,OpenPlay,a,2025
660834,29690,3549,Adrien Thomasson,91,0.8680000305175781,0.55,0.34498026967048645,SavedShot,RightFoot,OpenPlay,a,2025
660835,29690,11142,Pierre Ganiou,94,0.955,0.32,0.20616461336612701,Goal,RightFoot,OpenPlay,a,2025
661041,29687,2897,Aleksandr Golovin,4,0.8159999847412109,0.34799999237060547,0.031764719635248184,SavedShot,RightFoot,OpenPlay,h,2025
661042,29687,5177,Caio Henrique,17,0.7869999694824219,0.45599998474121095,0.10602922737598419,BlockedShot,LeftFoot,DirectFreekick,h,2025
661045,29687,10058,Maghnes Akliouche,35,0.8159999847412109,0.44599998474121094,0.043833520263433456,MissedShots,LeftFoot,SetPiece,h,2025
661049,29687,9690,Folarin Balogun,43,0.879000015258789,0.34,0.05036846548318863,BlockedShot,RightFoot,OpenPlay,h,2025
661051,29687,12285,Mamadou Coulibaly,48,0.8119999694824219,0.4929999923706055,0.49681422114372253,Goal,LeftFoot,OpenPlay,h,2025
661052,29687,9690,Folarin Balogun,50,0.88,0.42900001525878906,0.07118561863899231,BlockedShot,LeftFoot,SetPiece,h,2025
661043,29687,10091,Tyler Morton,21,0.7269999694824218,0.549000015258789,0.051161762326955795,BlockedShot,RightFoot,DirectFreekick,a,2025
661044,29687,13739,Afonso Moreira,27,0.8930000305175781,0.5890000152587891,0.11161373555660248,SavedShot,RightFoot,OpenPlay,a,2025
661046,29687,10701,Nicolás Tagliafico,37,0.935,0.5579999923706055,0.10503239929676056,MissedShots,Head,FromCorner,a,2025
661047,29687,13735,Pavel Sulc,37,0.975999984741211,0.47200000762939454,0.836677074432373,Goal,RightFoot,FromCorner,a,2025
661048,29687,1750,Ainsley Maitland-Niles,41,0.795,0.375,0.05348648503422737,SavedShot,RightFoot,OpenPlay,a,2025
661050,29687,3603,Corentin Tolisso,48,0.8909999847412109,0.4859999847412109,0.08583012223243713,MissedShots,Head,OpenPlay,a,2025
661053,29687,10701,Nicolás Tagliafico,55,0.8640000152587891,0.44,0.06671604514122009,MissedShots,LeftFoot,FromCorner,a,2025
661054,29687,13735,Pavel Sulc,56,0.7780000305175782,0.45299999237060545,0.03295079618692398,Goal,RightFoot,OpenPlay,a,2025
661055,29687,3603,Corentin Tolisso,65,0.8109999847412109,0.5209999847412109,0.057819727808237076,SavedShot,RightFoot,OpenPlay,a,2025
661056,29687,10091,Tyler Morton,74,0.7369999694824219,0.615999984741211,0.02140837348997593,SavedShot,RightFoot,OpenPlay,a,2025
661057,29687,11318,Abner,78,0.919000015258789,0.5590000152587891,0.46641409397125244,Goal,RightFoot,OpenPlay,a,2025
661058,29687,13734,Adam Karabec,87,0.830999984741211,0.5270000076293946,0.12234548479318619,SavedShot,LeftFoot,OpenPlay,a,2025
661059,29687,13739,Afonso Moreira,88,0.8019999694824219,0.754000015258789,0.03177382051944733,SavedShot,RightFoot,OpenPlay,a,2025
661144,29688,6846,Sofiane Diop,4,0.8780000305175781,0.6759999847412109,0.05563701316714287,MissedShots,RightFoot,OpenPlay,h,2025
661146,29688,14296,Everton Pereira da Silva,14,0.885,0.5790000152587891,0.07540552318096161,BlockedShot,RightFoot,FromCorner,h,2025
661147,29688,14032,Tiago Gouveia,14,0.785,0.634000015258789,0.020019078627228737,SavedShot,RightFoot,FromCorner,h,2025
661148,29688,14032,Tiago Gouveia,15,0.795,0.6020000076293945,0.024651000276207924,MissedShots,RightFoot,FromCorner,h,2025
661149,29688,5962,Tanguy NDombele Alvaro,18,0.88,0.4779999923706055,0.07424306124448776,BlockedShot,RightFoot,OpenPlay,h,2025
661150,29688,14032,Tiago Gouveia,23,0.9180000305175782,0.47400001525878904,0.12445411831140518,MissedShots,RightFoot,SetPiece,h,2025
661151,29688,6846,Sofiane Diop,23,0.9540000152587891,0.534000015258789,0.5876736640930176,ShotOnPost,LeftFoot,SetPiece,h,2025
661153,29688,3696,Morgan Sanson,33,0.7119999694824218,0.3,0.12323105335235596,MissedShots,RightFoot,OpenPlay,h,2025
661154,29688,8697,Jonathan Clauss,35,0.779000015258789,0.5479999923706055,0.09462303668260574,MissedShots,RightFoot,DirectFreekick,h,2025
661157,29688,9182,Sepe Elye Wahi,53,0.8640000152587891,0.644000015258789,0.0411343052983284,Goal,RightFoot,OpenPlay,h,2025
661158,29688,3696,Morgan Sanson,57,0.88,0.4929999923706055,0.36440640687942505,SavedShot,LeftFoot,OpenPlay,h,2025
661159,29688,9182,Sepe Elye Wahi,57,0.8959999847412109,0.5479999923706055,0.3855521082878113,SavedShot,RightFoot,OpenPlay,h,2025
661160,29688,6846,Sofiane Diop,58,0.8180000305175781,0.6519999694824219,0.03524787351489067,SavedShot,RightFoot,OpenPlay,h,2025
661163,29688,13100,Juma Bah,65,0.9059999847412109,0.43,0.05042899399995804,MissedShots,Head,FromCorner,h,2025
661164,29688,5962,Tanguy NDombele Alvaro,69,0.799000015258789,0.5020000076293946,0.03928530216217041,BlockedShot,RightFoot,OpenPlay,h,2025
661165,29688,9182,Sepe Elye Wahi,71,0.9069999694824219,0.49700000762939456,0.26195216178894043,MissedShots,Head,OpenPlay,h,2025
661166,29688,9182,Sepe Elye Wahi,75,0.9019999694824219,0.28299999237060547,0.06687524914741516,SavedShot,RightFoot,OpenPlay,h,2025
661168,29688,13281,Bernard Nguene,82,0.8669999694824219,0.575999984741211,0.08244559168815613,MissedShots,LeftFoot,OpenPlay,h,2025
661169,29688,9182,Sepe Elye Wahi,83,0.8719999694824219,0.6909999847412109,0.027962226420640945,BlockedShot,LeftFoot,SetPiece,h,2025
661145,29688,12413,Joaquín Panichelli,12,0.885,0.5,0.7600951194763184,Goal,RightFoot,Penalty,a,2025
661152,29688,11978,Diego Moreira,26,0.9030000305175782,0.3129999923706055,0.07439206540584564,MissedShots,LeftFoot,OpenPlay,a,2025
661155,29688,11164,Martial Godo,40,0.9030000305175782,0.3029999923706055,0.06871549785137177,SavedShot,RightFoot,OpenPlay,a,2025
661156,29688,12284,Samir El Mourabet,51,0.7709999847412109,0.365,0.033303119242191315,MissedShots,LeftFoot,OpenPlay,a,2025
661161,29688,13817,Lucas Høgsberg,60,0.860999984741211,0.40900001525878904,0.025856535881757736,BlockedShot,LeftFoot,FromCorner,a,2025
661162,29688,11058,Julio Enciso,63,0.905,0.5109999847412109,0.316501647233963,SavedShot,Head,OpenPlay,a,2025
661167,29688,12498,Valentín Barco,76,0.8569999694824219,0.6120000076293945,0.07413260638713837,BlockedShot,LeftFoot,OpenPlay,a,2025
661170,29688,11618,Samuel Amo-Ameyaw,89,0.7930000305175782,0.37900001525878907,0.034313421696424484,BlockedShot,LeftFoot,OpenPlay,a,2025
661225,29684,502,Olivier Giroud,26,0.6980000305175781,0.5479999923706055,0.01782819628715515,MissedShots,LeftFoot,OpenPlay,h,2025
661228,29684,5680,Thomas Meunier,32,0.845999984741211,0.3559999847412109,0.061444662511348724,MissedShots,LeftFoot,OpenPlay,h,2025
661230,29684,13051,Matias Fernandez-Pardo,39,0.884000015258789,0.65,0.434489369392395,SavedShot,LeftFoot,OpenPlay,h,2025
661234,29684,13051,Matias Fernandez-Pardo,47,0.8680000305175781,0.695,0.026569752022624016,SavedShot,RightFoot,OpenPlay,h,2025
661237,29684,14048,Calvin Verdonk,50,0.725,0.664000015258789,0.01574661396443844,MissedShots,LeftFoot,OpenPlay,h,2025
661239,29684,13051,Matias Fernandez-Pardo,58,0.8490000152587891,0.6969999694824218,0.03534584492444992,BlockedShot,RightFoot,OpenPlay,h,2025
661240,29684,502,Olivier Giroud,58,0.914000015258789,0.605,0.0612209178507328,BlockedShot,LeftFoot,OpenPlay,h,2025
661241,29684,3223,Benjamin André,58,0.8869999694824219,0.585,0.04863967001438141,MissedShots,LeftFoot,FromCorner,h,2025
661243,29684,11757,Hákon Haraldsson,72,0.7869999694824219,0.519000015258789,0.0263589546084404,BlockedShot,RightFoot,FromCorner,h,2025
661248,29684,9444,Felix Correia,79,0.8780000305175781,0.43400001525878906,0.09767989814281464,BlockedShot,RightFoot,OpenPlay,h,2025
661249,29684,9444,Felix Correia,80,0.8090000152587891,0.28899999618530275,0.05559753626585007,MissedShots,RightFoot,OpenPlay,h,2025
661250,29684,11757,Hákon Haraldsson,81,0.8519999694824218,0.46599998474121096,0.09215670078992844,BlockedShot,RightFoot,OpenPlay,h,2025
661252,29684,12162,Ayyoub Bouaddi,87,0.8780000305175781,0.37,0.08803009986877441,SavedShot,LeftFoot,OpenPlay,h,2025
661223,29684,5356,Breel Embolo,2,0.9480000305175781,0.55,0.11371523141860962,BlockedShot,RightFoot,FromCorner,a,2025
661224,29684,9633,Przemyslaw Frankowski,10,0.8540000152587891,0.2989999961853027,0.03693505376577377,BlockedShot,RightFoot,OpenPlay,a,2025
661226,29684,13210,Mohamed Meïté,27,0.7909999847412109,0.544000015258789,0.04489172622561455,MissedShots,RightFoot,OpenPlay,a,2025
661227,29684,11545,Jérémy Jacquet,31,0.759000015258789,0.495,0.023001788184046745,BlockedShot,RightFoot,OpenPlay,a,2025
661229,29684,9399,Quentin Merlin,35,0.8490000152587891,0.534000015258789,0.09106174111366272,MissedShots,LeftFoot,OpenPlay,a,2025
661231,29684,13210,Mohamed Meïté,42,0.9019999694824219,0.305,0.05243486166000366,BlockedShot,RightFoot,OpenPlay,a,2025
661232,29684,11545,Jérémy Jacquet,45,0.7340000152587891,0.500999984741211,0.019621916115283966,MissedShots,RightFoot,OpenPlay,a,2025
661233,29684,11782,Mousa Al Tamari,47,0.4490000152587891,0.695,0.009571550413966179,SavedShot,LeftFoot,OpenPlay,a,2025
661235,29684,9633,Przemyslaw Frankowski,48,0.9109999847412109,0.3659999847412109,0.05184688791632652,MissedShots,RightFoot,OpenPlay,a,2025
661236,29684,9633,Przemyslaw Frankowski,48,0.905,0.46,0.09109292179346085,Goal,Head,OpenPlay,a,2025
661238,29684,9399,Quentin Merlin,55,0.895,0.3579999923706055,0.3216235041618347,Goal,LeftFoot,OpenPlay,a,2025
661242,29684,5356,Breel Embolo,64,0.93,0.40900001525878904,0.1334843635559082,MissedShots,RightFoot,OpenPlay,a,2025
661244,29684,3475,Ludovic Blas,74,0.8490000152587891,0.45799999237060546,0.08564247936010361,SavedShot,LeftFoot,OpenPlay,a,2025
661245,29684,11545,Jérémy Jacquet,75,0.92,0.4909999847412109,0.10559036582708359,MissedShots,Head,FromCorner,a,2025
661246,29684,8677,Lilian Brassier,75,0.9290000152587891,0.5309999847412109,0.13863158226013184,MissedShots,LeftFoot,FromCorner,a,2025
661247,29684,12850,Esteban Lepaul,76,0.7369999694824219,0.5990000152587891,0.025580603629350662,MissedShots,RightFoot,OpenPlay,a,2025
661251,29684,12850,Esteban Lepaul,82,0.895,0.47200000762939454,0.13832533359527588,BlockedShot,RightFoot,OpenPlay,a,2025
661253,29684,3475,Ludovic Blas,89,0.7569999694824219,0.37,0.028971722349524498,MissedShots,LeftFoot,OpenPlay,a,2025
661322,29686,343,Pierre-Emile Højbjerg,15,0.8869999694824219,0.3320000076293945,0.039836060255765915,BlockedShot,LeftFoot,FromCorner,h,2025
661323,29686,318,Pierre-Emerick Aubameyang,18,0.9180000305175782,0.4470000076293945,0.29050639271736145,SavedShot,Head,OpenPlay,h,2025
661326,29686,7490,Mason Greenwood,22,0.784000015258789,0.5559999847412109,0.03605606406927109,BlockedShot,RightFoot,OpenPlay,h,2025
661327,29686,7490,Mason Greenwood,24,0.7090000152587891,0.36,0.03724982962012291,MissedShots,RightFoot,DirectFreekick,h,2025
661331,29686,343,Pierre-Emile Højbjerg,40,0.925,0.5079999923706054,0.11411404609680176,MissedShots,Head,FromCorner,h,2025
661332,29686,7490,Mason Greenwood,49,0.7340000152587891,0.44,0.01937027834355831,SavedShot,LeftFoot,OpenPlay,h,2025
661333,29686,343,Pierre-Emile Højbjerg,51,0.915,0.575999984741211,0.4628618061542511,SavedShot,LeftFoot,SetPiece,h,2025
661334,29686,12111,Amir Murillo,51,0.919000015258789,0.375,0.06752518564462662,MissedShots,RightFoot,OpenPlay,h,2025
661338,29686,6401,Amine Gouiri,74,0.899000015258789,0.700999984741211,0.04371047019958496,BlockedShot,RightFoot,OpenPlay,h,2025
661340,29686,6601,Timothy Weah,77,0.76,0.6170000076293946,0.019002145156264305,MissedShots,RightFoot,OpenPlay,h,2025
661344,29686,6601,Timothy Weah,89,0.7859999847412109,0.7630000305175781,0.011174071580171585,SavedShot,RightFoot,OpenPlay,h,2025
661319,29686,2082,Youssef El-Arabi,6,0.8909999847412109,0.5120000076293946,0.13772468268871307,BlockedShot,RightFoot,OpenPlay,a,2025
661320,29686,3785,Kelvin Adou,7,0.9480000305175781,0.43099998474121093,0.05135031044483185,SavedShot,Head,FromCorner,a,2025
661321,29686,13825,Tylel Tati,13,0.919000015258789,0.4829999923706055,0.059382688254117966,BlockedShot,Head,OpenPlay,a,2025
661324,29686,9490,Matthis Abline,21,0.8859999847412109,0.6790000152587891,0.04654872789978981,BlockedShot,RightFoot,SetPiece,a,2025
661325,29686,2082,Youssef El-Arabi,21,0.9630000305175781,0.4590000152587891,0.6609814763069153,SavedShot,LeftFoot,SetPiece,a,2025
661328,29686,9490,Matthis Abline,30,0.8669999694824219,0.6780000305175782,0.05432610958814621,SavedShot,RightFoot,OpenPlay,a,2025
661329,29686,7763,Fabien Centonze,30,0.9730000305175781,0.45099998474121095,0.669080913066864,Goal,RightFoot,OpenPlay,a,2025
661330,29686,12387,Dehmaine Assoumani,36,0.889000015258789,0.705,0.06170991063117981,SavedShot,LeftFoot,OpenPlay,a,2025
661335,29686,9490,Matthis Abline,56,0.735,0.5359999847412109,0.056455180048942566,BlockedShot,RightFoot,DirectFreekick,a,2025
661336,29686,9490,Matthis Abline,56,0.74,0.5229999923706055,0.014281741343438625,MissedShots,RightFoot,SetPiece,a,2025
661337,29686,12846,Louis Leroux,73,0.879000015258789,0.4179999923706055,0.41740092635154724,SavedShot,RightFoot,OpenPlay,a,2025
661339,29686,3390,Rémy Cabella,76,0.8180000305175781,0.5129999923706055,0.07421404868364334,SavedShot,RightFoot,OpenPlay,a,2025
661341,29686,12846,Louis Leroux,78,0.914000015258789,0.4279999923706055,0.10689915716648102,SavedShot,LeftFoot,OpenPlay,a,2025
661342,29686,9490,Matthis Abline,78,0.9,0.6509999847412109,0.06561705470085144,MissedShots,RightFoot,OpenPlay,a,2025
661343,29686,3390,Rémy Cabella,87,0.885,0.5,0.759896457195282,Goal,RightFoot,Penalty,a,2025
661494,29682,12258,Luc Zogbe,10,0.775,0.34200000762939453,0.017254140228033066,MissedShots,RightFoot,FromCorner,h,2025
661496,29682,12258,Luc Zogbe,29,0.735,0.33099998474121095,0.013537365943193436,BlockedShot,RightFoot,FromCorner,h,2025
661497,29682,11065,Remy Labeau Lascary,30,0.7,0.5479999923706055,0.013342452235519886,MissedShots,RightFoot,OpenPlay,h,2025
661498,29682,6905,Ludovic Ajorque,32,0.9209999847412109,0.49200000762939455,0.5414981842041016,Goal,RightFoot,OpenPlay,h,2025
661499,29682,11065,Remy Labeau Lascary,34,0.9430000305175781,0.44400001525878907,0.08336007595062256,SavedShot,Head,OpenPlay,h,2025
661501,29682,6905,Ludovic Ajorque,46,0.8969999694824219,0.41900001525878905,0.0974508747458458,BlockedShot,RightFoot,OpenPlay,h,2025
661505,29682,6905,Ludovic Ajorque,61,0.9540000152587891,0.5309999847412109,0.1451529562473297,SavedShot,LeftFoot,OpenPlay,h,2025
661507,29682,14052,Pathé Mboup,70,0.850999984741211,0.6880000305175781,0.05308954790234566,BlockedShot,RightFoot,OpenPlay,h,2025
661508,29682,7739,Joris Chotard,78,0.830999984741211,0.44099998474121094,0.0744672492146492,Goal,RightFoot,OpenPlay,h,2025
661511,29682,3743,Lucas Tousart,81,0.88,0.515,0.104678675532341,MissedShots,Head,OpenPlay,h,2025
661512,29682,13968,Daouda Guindo,89,0.924000015258789,0.5820000076293945,0.40015357732772827,MissedShots,LeftFoot,OpenPlay,h,2025
661495,29682,10818,Kévin Danois,18,0.7340000152587891,0.48400001525878905,0.019847571849822998,SavedShot,RightFoot,OpenPlay,a,2025
661500,29682,13792,Ibrahim Osman,34,0.955,0.6480000305175782,0.3440287113189697,MissedShots,RightFoot,OpenPlay,a,2025
661502,29682,13792,Ibrahim Osman,50,0.9440000152587891,0.6730000305175782,0.026913834735751152,MissedShots,LeftFoot,SetPiece,a,2025
661503,29682,13792,Ibrahim Osman,53,0.7190000152587891,0.6480000305175782,0.016155587509274483,MissedShots,RightFoot,OpenPlay,a,2025
661504,29682,13793,Lamine Sy,54,0.8569999694824219,0.42700000762939455,0.0602167472243309,MissedShots,RightFoot,OpenPlay,a,2025
661506,29682,8970,Sékou Mara,64,0.9309999847412109,0.47700000762939454,0.11260034888982773,MissedShots,RightFoot,OpenPlay,a,2025
661509,29682,10818,Kévin Danois,79,0.8809999847412109,0.625,0.08441749215126038,BlockedShot,LeftFoot,OpenPlay,a,2025
661510,29682,12826,Lasso Coulibaly,79,0.9390000152587891,0.5,0.15276309847831726,BlockedShot,LeftFoot,OpenPlay,a,2025
661513,29682,9092,Marvin Senaya,91,0.9340000152587891,0.415,0.023198474198579788,BlockedShot,Head,FromCorner,a,2025
661514,29682,6333,Elisha Owusu,93,0.6940000152587891,0.66,0.008267032913863659,BlockedShot,RightFoot,OpenPlay,a,2025
661515,29683,11792,Issa Soumaré,1,0.9290000152587891,0.580999984741211,0.09666121751070023,MissedShots,Head,OpenPlay,h,2025
661517,29683,3701,Gautier Lloris,8,0.9480000305175781,0.56,0.1192840114235878,MissedShots,Head,FromCorner,h,2025
661518,29683,11790,Rassoul Ndiaye,12,0.779000015258789,0.47200000762939454,0.02982390858232975,BlockedShot,LeftFoot,OpenPlay,h,2025
661519,29683,12732,Yanis Zouaoui,12,0.71,0.625999984741211,0.01304591353982687,SavedShot,LeftFoot,OpenPlay,h,2025
661520,29683,14241,Kenny Quetant,20,0.8540000152587891,0.37,0.061418209224939346,Goal,RightFoot,OpenPlay,h,2025
661523,29683,13742,Ayumu Seko,41,0.92,0.38,0.024795182049274445,SavedShot,Head,FromCorner,h,2025
661524,29683,11792,Issa Soumaré,41,0.97,0.5620000076293945,0.5740148425102234,ShotOnPost,RightFoot,FromCorner,h,2025
661525,29683,14241,Kenny Quetant,41,0.975,0.43099998474121093,0.5447750091552734,BlockedShot,RightFoot,FromCorner,h,2025
661529,29683,14083,Enzo Koffi,77,0.8569999694824219,0.545,0.30522680282592773,SavedShot,RightFoot,SetPiece,h,2025
661530,29683,14229,Noam Obougou,80,0.9290000152587891,0.6659999847412109,0.07358015328645706,Goal,LeftFoot,OpenPlay,h,2025
661532,29683,14229,Noam Obougou,87,0.7930000305175782,0.21700000762939453,0.038882043212652206,BlockedShot,LeftFoot,OpenPlay,h,2025
661516,29683,10517,Yassin Belkhdim,3,0.9259999847412109,0.40900001525878904,0.08026393502950668,BlockedShot,Head,OpenPlay,a,2025
661521,29683,14131,Amine Sbaï,25,0.905,0.669000015258789,0.06560453772544861,BlockedShot,LeftFoot,OpenPlay,a,2025
661522,29683,12847,Sidiki Chérif,27,0.8919999694824219,0.4829999923706055,0.08853232115507126,MissedShots,RightFoot,OpenPlay,a,2025
661526,29683,10295,Louis Mouton,54,0.9080000305175782,0.4620000076293945,0.36919423937797546,Goal,RightFoot,OpenPlay,a,2025
661527,29683,13158,Marius Courcoul,63,0.8440000152587891,0.6079999923706054,0.03678622841835022,SavedShot,RightFoot,FromCorner,a,2025
661528,29683,5756,Carlens Arcus,71,0.7,0.34299999237060547,0.012026792392134666,MissedShots,RightFoot,FromCorner,a,2025
661531,29683,13158,Marius Courcoul,85,0.7290000152587891,0.5990000152587891,0.016347922384738922,MissedShots,RightFoot,OpenPlay,a,2025
661533,29683,5732,Abdoulaye Bamba,90,0.7030000305175781,0.40599998474121096,0.014829288236796856,SavedShot,RightFoot,OpenPlay,a,2025
661534,29683,12847,Sidiki Chérif,95,0.9390000152587891,0.695,0.04739288613200188,BlockedShot,RightFoot,SetPiece,a,2025
661535,29685,10347,Pablo Pagis,12,0.8930000305175781,0.4809999847412109,0.06481260061264038,MissedShots,LeftFoot,FromCorner,h,2025
661536,29685,4882,Laurent Abergel,13,0.785,0.385,0.027970314025878906,SavedShot,RightFoot,OpenPlay,h,2025
661537,29685,3536,Jean-Victor Makengo,18,0.7330000305175781,0.5220000076293946,0.016717758029699326,MissedShots,LeftFoot,OpenPlay,h,2025
661538,29685,10074,Sambou Soumano,21,0.909000015258789,0.3559999847412109,0.0845646783709526,BlockedShot,RightFoot,OpenPlay,h,2025
661539,29685,10347,Pablo Pagis,21,0.9030000305175782,0.49900001525878906,0.45683789253234863,ShotOnPost,RightFoot,OpenPlay,h,2025
661540,29685,10347,Pablo Pagis,21,0.8869999694824219,0.5279999923706055,0.36668822169303894,MissedShots,LeftFoot,OpenPlay,h,2025
661546,29685,10347,Pablo Pagis,39,0.7630000305175781,0.5879999923706055,0.07192517817020416,BlockedShot,RightFoot,DirectFreekick,h,2025
661549,29685,10074,Sambou Soumano,58,0.8980000305175782,0.33,0.05086401104927063,SavedShot,RightFoot,OpenPlay,h,2025
661550,29685,3536,Jean-Victor Makengo,58,0.875,0.44400001525878907,0.07388599216938019,MissedShots,RightFoot,OpenPlay,h,2025
661552,29685,9345,Ahmadou Bamba Dieng,72,0.8680000305175781,0.5629999923706055,0.11019545793533325,Goal,LeftFoot,OpenPlay,h,2025
661553,29685,12383,Mohamed Bamba,74,0.745999984741211,0.49900001525878906,0.022496260702610016,SavedShot,RightFoot,OpenPlay,h,2025
661554,29685,12383,Mohamed Bamba,77,0.855999984741211,0.580999984741211,0.06669574230909348,BlockedShot,RightFoot,OpenPlay,h,2025
661555,29685,12004,Joel Mvuka,77,0.86,0.38299999237060545,0.05746703967452049,MissedShots,RightFoot,OpenPlay,h,2025
661556,29685,10347,Pablo Pagis,86,0.85,0.37599998474121094,0.04394830763339996,MissedShots,LeftFoot,FromCorner,h,2025
661557,29685,12004,Joel Mvuka,86,0.7619999694824219,0.47,0.03350985795259476,MissedShots,RightFoot,FromCorner,h,2025
661558,29685,9345,Ahmadou Bamba Dieng,94,0.8859999847412109,0.509000015258789,0.18059523403644562,SavedShot,Head,OpenPlay,h,2025
661541,29685,8119,Boubacar Traore,25,0.6830000305175781,0.6270000076293946,0.012179825454950333,MissedShots,RightFoot,OpenPlay,a,2025
661542,29685,8119,Boubacar Traore,27,0.77,0.73,0.01616697385907173,BlockedShot,RightFoot,OpenPlay,a,2025
661543,29685,11806,Sadibou Sané,28,0.9069999694824219,0.5579999923706055,0.020182538777589798,Goal,Head,FromCorner,a,2025
661544,29685,13809,Giorgi Tsitaishvili,31,0.8980000305175782,0.6930000305175781,0.09652121365070343,BlockedShot,LeftFoot,OpenPlay,a,2025
661545,29685,5727,Gauthier Hein,33,0.8590000152587891,0.45599998474121095,0.10524772107601166,BlockedShot,LeftFoot,OpenPlay,a,2025
661547,29685,11806,Sadibou Sané,50,0.9319999694824219,0.5879999923706055,0.07227431237697601,MissedShots,Head,FromCorner,a,2025
661548,29685,11797,Maxime Colin,56,0.749000015258789,0.5279999923706055,0.014496068470180035,MissedShots,RightFoot,SetPiece,a,2025
661551,29685,13809,Giorgi Tsitaishvili,68,0.7630000305175781,0.705,0.027863020077347755,SavedShot,LeftFoot,OpenPlay,a,2025
661663,29689,8777,Vitinha,2,0.75,0.40099998474121096,0.01952182687819004,MissedShots,RightFoot,OpenPlay,h,2025
661665,29689,9961,Nuno Mendes,15,0.7280000305175781,0.6419999694824219,0.02228550985455513,MissedShots,LeftFoot,FromCorner,h,2025
661666,29689,3226,Ousmane Dembélé,22,0.8180000305175781,0.295,0.028267530724406242,BlockedShot,LeftFoot,OpenPlay,h,2025
661667,29689,9961,Nuno Mendes,28,0.8580000305175781,0.2,0.05991476774215698,BlockedShot,LeftFoot,DirectFreekick,h,2025
661668,29689,12345,Senny Mayulu,30,0.9740000152587891,0.3390000152587891,0.07238422334194183,SavedShot,RightFoot,OpenPlay,h,2025
661669,29689,3226,Ousmane Dembélé,31,0.79,0.305,0.02322985790669918,MissedShots,LeftFoot,OpenPlay,h,2025
661670,29689,2447,Fabián,35,0.865,0.685,0.05368573218584061,SavedShot,LeftFoot,OpenPlay,h,2025
661671,29689,10431,Désiré Doué,39,0.8419999694824218,0.7169999694824218,0.030812954530119896,MissedShots,RightFoot,OpenPlay,h,2025
661672,29689,12345,Senny Mayulu,40,0.8080000305175781,0.5079999923706054,0.05763540044426918,MissedShots,LeftFoot,OpenPlay,h,2025
661673,29689,12734,João Neves,42,0.9180000305175782,0.40200000762939453,0.0403042696416378,BlockedShot,Head,FromCorner,h,2025
661674,29689,10431,Désiré Doué,42,0.840999984741211,0.6580000305175782,0.03685861453413963,BlockedShot,RightFoot,OpenPlay,h,2025
661675,29689,10431,Désiré Doué,44,0.8880000305175781,0.5770000076293945,0.3639378845691681,Goal,RightFoot,OpenPlay,h,2025
661676,29689,10431,Désiré Doué,46,0.9030000305175782,0.20100000381469726,0.03490159660577774,SavedShot,RightFoot,FromCorner,h,2025
661677,29689,2447,Fabián,46,0.914000015258789,0.47200000762939454,0.456804096698761,MissedShots,LeftFoot,FromCorner,h,2025
661678,29689,9961,Nuno Mendes,46,0.7959999847412109,0.6270000076293946,0.03413928300142288,MissedShots,LeftFoot,FromCorner,h,2025
661679,29689,11910,William Pacho,48,0.914000015258789,0.55,0.035154424607753754,MissedShots,Head,FromCorner,h,2025
661681,29689,3226,Ousmane Dembélé,52,0.8440000152587891,0.30100000381469727,0.03344336152076721,Goal,LeftFoot,OpenPlay,h,2025
661683,29689,9961,Nuno Mendes,66,0.9180000305175782,0.6930000305175781,0.12986652553081512,SavedShot,LeftFoot,OpenPlay,h,2025
661684,29689,11910,William Pacho,66,0.9209999847412109,0.4759999847412109,0.06345494091510773,MissedShots,OtherBodyPart,FromCorner,h,2025
661687,29689,12345,Senny Mayulu,78,0.7330000305175781,0.34700000762939454,0.02273801527917385,MissedShots,LeftFoot,OpenPlay,h,2025
661664,29689,13801,Alimami Gory,3,0.7530000305175781,0.5620000076293945,0.01745411567389965,MissedShots,LeftFoot,FromCorner,a,2025
661680,29689,6332,Willem Geubbels,50,0.885,0.5,0.7600951194763184,Goal,RightFoot,Penalty,a,2025
661682,29689,13805,Adama Camara,62,0.765,0.49,0.024332482367753983,MissedShots,RightFoot,OpenPlay,a,2025
661685,29689,6332,Willem Geubbels,76,0.88,0.4809999847412109,0.05306665599346161,SavedShot,Head,OpenPlay,a,2025
661686,29689,5696,Vincent Marchetti,76,0.865999984741211,0.5590000152587891,0.06547556817531586,SavedShot,LeftFoot,OpenPlay,a,2025
661688,29689,3786,Mathieu Cafaro,95,0.7340000152587891,0.6370000076293946,0.017910437658429146,MissedShots,RightFoot,OpenPlay,a,2025
663229,29694,9690,Folarin Balogun,1,0.8769999694824219,0.7290000152587891,0.034909557551145554,SavedShot,LeftFoot,OpenPlay,h,2025
663230,29694,9690,Folarin Balogun,6,0.899000015258789,0.5259999847412109,0.09542287886142731,SavedShot,Head,OpenPlay,h,2025
663231,29694,10058,Maghnes Akliouche,7,0.8140000152587891,0.44400001525878907,0.04978552088141441,MissedShots,LeftFoot,OpenPlay,h,2025
663234,29694,10349,Mika Biereth,11,0.8859999847412109,0.48900001525878906,0.03721512481570244,MissedShots,Head,OpenPlay,h,2025
663235,29694,2897,Aleksandr Golovin,15,0.9580000305175781,0.664000015258789,0.09511750936508179,SavedShot,LeftFoot,OpenPlay,h,2025
663241,29694,10058,Maghnes Akliouche,45,0.740999984741211,0.28399999618530275,0.01884584128856659,BlockedShot,LeftFoot,OpenPlay,h,2025
663242,29694,8646,Wout Faes,46,0.909000015258789,0.47200000762939454,0.029667971655726433,BlockedShot,Head,FromCorner,h,2025
663245,29694,10058,Maghnes Akliouche,55,0.7930000305175782,0.29700000762939455,0.024469861760735512,SavedShot,LeftFoot,OpenPlay,h,2025
663246,29694,10058,Maghnes Akliouche,57,0.7930000305175782,0.3659999847412109,0.025833159685134888,SavedShot,LeftFoot,OpenPlay,h,2025
663247,29694,9690,Folarin Balogun,59,0.874000015258789,0.4540000152587891,0.019459543749690056,MissedShots,Head,OpenPlay,h,2025
663249,29694,10058,Maghnes Akliouche,62,0.8190000152587891,0.6480000305175782,0.03773908689618111,MissedShots,LeftFoot,OpenPlay,h,2025
663251,29694,7967,Anssumane Fati,75,0.8619999694824219,0.515,0.38679710030555725,SavedShot,RightFoot,OpenPlay,h,2025
663252,29694,7967,Anssumane Fati,75,0.9590000152587891,0.5370000076293945,0.62086021900177,Goal,LeftFoot,OpenPlay,h,2025
663256,29694,9690,Folarin Balogun,90,0.9030000305175782,0.47900001525878905,0.07723787426948547,MissedShots,Head,FromCorner,h,2025
663232,29694,10347,Pablo Pagis,8,0.8159999847412109,0.485,0.06364666670560837,BlockedShot,RightFoot,OpenPlay,a,2025
663233,29694,10347,Pablo Pagis,9,0.8419999694824218,0.7080000305175781,0.03236017003655434,MissedShots,RightFoot,OpenPlay,a,2025
663236,29694,10347,Pablo Pagis,19,0.9290000152587891,0.6969999694824218,0.05325471982359886,MissedShots,LeftFoot,OpenPlay,a,2025
663237,29694,3536,Jean-Victor Makengo,21,0.8109999847412109,0.5459999847412109,0.055213794112205505,BlockedShot,LeftFoot,OpenPlay,a,2025
663238,29694,10347,Pablo Pagis,26,0.7559999847412109,0.5320000076293945,0.025550728663802147,MissedShots,RightFoot,OpenPlay,a,2025
663239,29694,9345,Ahmadou Bamba Dieng,34,0.8030000305175782,0.64,0.03848416730761528,SavedShot,RightFoot,OpenPlay,a,2025
663240,29694,9345,Ahmadou Bamba Dieng,43,0.9169999694824219,0.5970000076293945,0.24026156961917877,MissedShots,LeftFoot,SetPiece,a,2025
663243,29694,4882,Laurent Abergel,54,0.8119999694824219,0.7709999847412109,0.0161934532225132,BlockedShot,RightFoot,OpenPlay,a,2025
663244,29694,9873,Montassar Talbi,55,0.8930000305175781,0.509000015258789,0.04186759889125824,MissedShots,Head,FromCorner,a,2025
663248,29694,13975,Noah Cadiou,61,0.7090000152587891,0.5209999847412109,0.015097166411578655,MissedShots,RightFoot,OpenPlay,a,2025
663250,29694,9345,Ahmadou Bamba Dieng,67,0.89,0.41900001525878905,0.3122917711734772,Goal,RightFoot,OpenPlay,a,2025
663253,29694,13795,Dermane Karim,82,0.8440000152587891,0.47900001525878905,0.08773963898420334,MissedShots,RightFoot,OpenPlay,a,2025
663254,29694,3536,Jean-Victor Makengo,84,0.855,0.5590000152587891,0.08880014717578888,Goal,LeftFoot,OpenPlay,a,2025
663255,29694,13795,Dermane Karim,86,0.86,0.6419999694824219,0.10064771771430969,Goal,RightFoot,OpenPlay,a,2025
663281,29696,3226,Ousmane Dembélé,12,0.775,0.49,0.032689325511455536,Goal,LeftFoot,OpenPlay,h,2025
663282,29696,2447,Fabián,18,0.7869999694824219,0.4159999847412109,0.04944491758942604,BlockedShot,LeftFoot,OpenPlay,h,2025
663285,29696,9961,Nuno Mendes,24,0.74,0.6170000076293946,0.019368672743439674,MissedShots,RightFoot,OpenPlay,h,2025
663286,29696,10431,Désiré Doué,28,0.8519999694824218,0.5379999923706055,0.10748390108346939,SavedShot,LeftFoot,OpenPlay,h,2025
663287,29696,10431,Désiré Doué,55,0.7559999847412109,0.5870000076293945,0.042682211846113205,SavedShot,RightFoot,OpenPlay,h,2025
663288,29696,9961,Nuno Mendes,58,0.8640000152587891,0.6459999847412109,0.10325873643159866,MissedShots,LeftFoot,OpenPlay,h,2025
663289,29696,2447,Fabián,62,0.8159999847412109,0.32599998474121095,0.022692695260047913,SavedShot,LeftFoot,SetPiece,h,2025
663290,29696,3226,Ousmane Dembélé,63,0.8569999694824219,0.534000015258789,0.1479213535785675,Goal,LeftFoot,OpenPlay,h,2025
663291,29696,10431,Désiré Doué,69,0.745,0.5670000076293945,0.02458244189620018,MissedShots,RightFoot,OpenPlay,h,2025
663292,29696,10786,Warren Zaïre-Emery,75,0.8030000305175782,0.3120000076293945,0.07686562091112137,MissedShots,RightFoot,OpenPlay,h,2025
663293,29696,10431,Désiré Doué,79,0.8980000305175782,0.34799999237060547,0.08608251810073853,SavedShot,LeftFoot,OpenPlay,h,2025
663295,29696,9961,Nuno Mendes,84,0.8919999694824219,0.6359999847412109,0.13730782270431519,BlockedShot,LeftFoot,OpenPlay,h,2025
663296,29696,10016,Bradley Barcola,92,0.905,0.45,0.44246217608451843,Goal,LeftFoot,OpenPlay,h,2025
663278,29696,502,Olivier Giroud,1,0.759000015258789,0.4520000076293945,0.025578822940587997,ShotOnPost,LeftFoot,OpenPlay,a,2025
663279,29696,12066,Ethan Mbappé,1,0.904000015258789,0.549000015258789,0.3952863812446594,SavedShot,LeftFoot,OpenPlay,a,2025
663280,29696,12066,Ethan Mbappé,5,0.9519999694824218,0.6890000152587891,0.05338684469461441,SavedShot,LeftFoot,OpenPlay,a,2025
663283,29696,12800,Ngal&#039;ayel Mukau,19,0.894000015258789,0.34599998474121096,0.022916032001376152,MissedShots,RightFoot,OpenPlay,a,2025
663284,29696,6500,Romain Perraud,22,0.6930000305175781,0.5420000076293945,0.014618562534451485,BlockedShot,LeftFoot,OpenPlay,a,2025
663294,29696,13471,Soriba Diaoune,82,0.889000015258789,0.41700000762939454,0.09764742851257324,SavedShot,LeftFoot,OpenPlay,a,2025
663297,29696,6500,Romain Perraud,93,0.9030000305175782,0.5070000076293946,0.0806269571185112,SavedShot,RightFoot,OpenPlay,a,2025
663725,29692,13053,Saud Abdulhamid,7,0.8530000305175781,0.2570000076293945,0.027719657868146896,SavedShot,LeftFoot,OpenPlay,h,2025
663728,29692,3549,Adrien Thomasson,20,0.875,0.405,0.09946847707033157,MissedShots,RightFoot,OpenPlay,h,2025
663729,29692,942,Florian Thauvin,25,0.764000015258789,0.40099998474121096,0.025850016623735428,MissedShots,LeftFoot,OpenPlay,h,2025
663731,29692,3799,Wesley Said,47,0.8530000305175781,0.575999984741211,0.08919606357812881,BlockedShot,LeftFoot,OpenPlay,h,2025
663732,29692,5745,Matthieu Udol,47,0.9109999847412109,0.53,0.13469122350215912,BlockedShot,RightFoot,OpenPlay,h,2025
663733,29692,5745,Matthieu Udol,47,0.909000015258789,0.505,0.1371745467185974,BlockedShot,LeftFoot,OpenPlay,h,2025
663734,29692,13733,Andrija Bulatovic,51,0.725999984741211,0.5920000076293945,0.04781372845172882,SavedShot,RightFoot,DirectFreekick,h,2025
663735,29692,3549,Adrien Thomasson,54,0.9290000152587891,0.5640000152587891,0.34581494331359863,MissedShots,LeftFoot,OpenPlay,h,2025
663736,29692,5648,Malang Sarr,60,0.7430000305175781,0.46099998474121096,0.021727733314037323,BlockedShot,LeftFoot,SetPiece,h,2025
663738,29692,3799,Wesley Said,64,0.879000015258789,0.445,0.27780234813690186,Goal,LeftFoot,OpenPlay,h,2025
663740,29692,942,Florian Thauvin,72,0.8859999847412109,0.35900001525878905,0.15317070484161377,MissedShots,LeftFoot,OpenPlay,h,2025
663741,29692,13733,Andrija Bulatovic,79,0.8169999694824219,0.44799999237060545,0.08516555279493332,SavedShot,RightFoot,OpenPlay,h,2025
663742,29692,13917,Mamadou Sangaré,81,0.8619999694824219,0.3390000152587891,0.0766700729727745,SavedShot,LeftFoot,OpenPlay,h,2025
663743,29692,13732,Samson Baidoo,82,0.9280000305175782,0.5179999923706055,0.36642566323280334,MissedShots,Head,FromCorner,h,2025
663744,29692,13917,Mamadou Sangaré,88,0.874000015258789,0.535,0.5247610807418823,MissedShots,LeftFoot,OpenPlay,h,2025
663745,29692,6006,Ruben Aguilar,91,0.765,0.2979999923706055,0.023245714604854584,BlockedShot,RightFoot,OpenPlay,h,2025
663746,29692,13733,Andrija Bulatovic,92,0.805,0.5,0.06885098665952682,SavedShot,RightFoot,OpenPlay,h,2025
663747,29692,11046,Abdallah Sima,92,0.860999984741211,0.7180000305175781,0.06693869084119797,MissedShots,RightFoot,OpenPlay,h,2025
663748,29692,11762,Morgan Guilavogui,93,0.935,0.7430000305175781,0.06419701129198074,SavedShot,RightFoot,OpenPlay,h,2025
663726,29692,10815,Lassine Sinayoko,8,0.9309999847412109,0.5459999847412109,0.10935408622026443,MissedShots,Head,FromCorner,a,2025
663727,29692,12824,Clément Akpa,12,0.9430000305175781,0.4259999847412109,0.043555766344070435,BlockedShot,Head,FromCorner,a,2025
663730,29692,9274,Naouirou Ahamada,44,0.8640000152587891,0.48400001525878905,0.1051272451877594,MissedShots,LeftFoot,OpenPlay,a,2025
663737,29692,13888,Danny Namaso,61,0.8569999694824219,0.40200000762939453,0.0672195702791214,MissedShots,LeftFoot,OpenPlay,a,2025
663739,29692,13793,Lamine Sy,66,0.92,0.3340000152587891,0.06776811927556992,MissedShots,RightFoot,OpenPlay,a,2025
663832,29699,13756,Santiago Hidalgo,6,0.9269999694824219,0.5429999923706055,0.5335693955421448,Goal,LeftFoot,OpenPlay,h,2025
663834,29699,10193,Frank Magri,11,0.899000015258789,0.6909999847412109,0.0712018832564354,MissedShots,LeftFoot,OpenPlay,h,2025
663835,29699,10788,Rasmus Nicolaisen,19,0.8580000305175781,0.455,0.009228560142219067,MissedShots,Head,SetPiece,h,2025
663836,29699,10193,Frank Magri,20,0.8569999694824219,0.355,0.06268294900655746,MissedShots,RightFoot,OpenPlay,h,2025
663838,29699,14358,Pape Diop,30,0.745999984741211,0.45,0.029477115720510483,BlockedShot,RightFoot,OpenPlay,h,2025
663839,29699,10193,Frank Magri,32,0.894000015258789,0.4490000152587891,0.04536827281117439,MissedShots,Head,FromCorner,h,2025
663840,29699,12045,Aron Dønnum,32,0.8,0.645,0.026463065296411514,SavedShot,LeftFoot,FromCorner,h,2025
663841,29699,10193,Frank Magri,32,0.9230000305175782,0.43599998474121093,0.03855150192975998,BlockedShot,Head,FromCorner,h,2025
663842,29699,10193,Frank Magri,32,0.96,0.3890000152587891,0.06926672160625458,SavedShot,RightFoot,FromCorner,h,2025
663843,29699,12045,Aron Dønnum,33,0.8369999694824218,0.539000015258789,0.04859031364321709,MissedShots,LeftFoot,FromCorner,h,2025
663847,29699,13756,Santiago Hidalgo,41,0.8780000305175781,0.3770000076293945,0.08734488487243652,BlockedShot,LeftFoot,OpenPlay,h,2025
663848,29699,10193,Frank Magri,42,0.9309999847412109,0.4520000076293945,0.08112895488739014,MissedShots,Head,OpenPlay,h,2025
663849,29699,10193,Frank Magri,44,0.9259999847412109,0.5159999847412109,0.1495811641216278,Goal,LeftFoot,OpenPlay,h,2025
663854,29699,13756,Santiago Hidalgo,54,0.89,0.27,0.05301627889275551,Goal,LeftFoot,OpenPlay,h,2025
663855,29699,14358,Pape Diop,59,0.6959999847412109,0.36700000762939455,0.01637154072523117,SavedShot,RightFoot,OpenPlay,h,2025
663859,29699,11777,Cristian Cásseres Jr.,73,0.924000015258789,0.5279999923706055,0.1290513128042221,Goal,RightFoot,OpenPlay,h,2025
663860,29699,10193,Frank Magri,76,0.725999984741211,0.4209999847412109,0.01742354780435562,BlockedShot,RightFoot,OpenPlay,h,2025
663861,29699,13918,Julián Vignolo,79,0.815,0.5309999847412109,0.05409011244773865,Goal,LeftFoot,OpenPlay,h,2025
663863,29699,12330,Noah Edjouma,85,0.9119999694824219,0.669000015258789,0.036706551909446716,MissedShots,LeftFoot,FromCorner,h,2025
663864,29699,12330,Noah Edjouma,87,0.9180000305175782,0.2560000038146973,0.05436934903264046,BlockedShot,RightFoot,OpenPlay,h,2025
663866,29699,11777,Cristian Cásseres Jr.,92,0.8780000305175781,0.34599998474121096,0.11504735052585602,BlockedShot,RightFoot,OpenPlay,h,2025
663867,29699,13918,Julián Vignolo,93,0.8690000152587891,0.649000015258789,0.04495949298143387,SavedShot,RightFoot,FromCorner,h,2025
663831,29699,3696,Morgan Sanson,2,0.7709999847412109,0.534000015258789,0.029192406684160233,SavedShot,RightFoot,OpenPlay,a,2025
663833,29699,11515,Tom Louchet,10,0.8669999694824219,0.35200000762939454,0.07768278568983078,MissedShots,RightFoot,FromCorner,a,2025
663837,29699,11515,Tom Louchet,21,0.9159999847412109,0.375,0.09062743186950684,MissedShots,RightFoot,OpenPlay,a,2025
663844,29699,5962,Tanguy NDombele Alvaro,38,0.905,0.5170000076293946,0.08549753576517105,MissedShots,RightFoot,OpenPlay,a,2025
663845,29699,13751,Isak Jansson,38,0.9469999694824218,0.6179999923706054,0.06860502064228058,BlockedShot,LeftFoot,OpenPlay,a,2025
663846,29699,8190,Melvin Bard,38,0.865,0.6480000305175782,0.04983123764395714,SavedShot,LeftFoot,OpenPlay,a,2025
663850,29699,13751,Isak Jansson,46,0.9080000305175782,0.565,0.050274960696697235,SavedShot,Head,OpenPlay,a,2025
663851,29699,3696,Morgan Sanson,47,0.9580000305175781,0.5320000076293945,0.09550938010215759,MissedShots,RightFoot,OpenPlay,a,2025
663852,29699,9182,Sepe Elye Wahi,48,0.9330000305175781,0.5159999847412109,0.5232864022254944,Goal,RightFoot,OpenPlay,a,2025
663853,29699,11515,Tom Louchet,52,0.8430000305175781,0.3509999847412109,0.04779758304357529,BlockedShot,RightFoot,OpenPlay,a,2025
663856,29699,13265,Everton Pereira,61,0.8519999694824218,0.5790000152587891,0.026556679978966713,BlockedShot,LeftFoot,SetPiece,a,2025
663857,29699,14032,Tiago Gouveia,65,0.8719999694824219,0.7290000152587891,0.04556879773736,SavedShot,RightFoot,OpenPlay,a,2025
663858,29699,8685,Mohamed Ali-Cho,70,0.9280000305175782,0.4109999847412109,0.13305053114891052,SavedShot,Head,OpenPlay,a,2025
663862,29699,8697,Jonathan Clauss,83,0.7680000305175781,0.37,0.014505651779472828,MissedShots,LeftFoot,OpenPlay,a,2025
663865,29699,8768,Kevin Omoruyi,91,0.914000015258789,0.5279999923706055,0.08115692436695099,BlockedShot,RightFoot,OpenPlay,a,2025
663964,29691,14131,Amine Sbaï,44,0.98,0.644000015258789,0.04820796474814415,SavedShot,LeftFoot,OpenPlay,h,2025
663966,29691,14131,Amine Sbaï,46,0.9740000152587891,0.565,0.4702308475971222,Goal,LeftFoot,OpenPlay,h,2025
663969,29691,10295,Louis Mouton,54,0.8919999694824219,0.6959999847412109,0.01963450387120247,MissedShots,RightFoot,FromCorner,h,2025
663972,29691,10295,Louis Mouton,66,0.870999984741211,0.33799999237060546,0.047687530517578125,MissedShots,RightFoot,SetPiece,h,2025
663976,29691,10517,Yassin Belkhdim,77,0.865999984741211,0.7319999694824219,0.03335125371813774,BlockedShot,RightFoot,OpenPlay,h,2025
663979,29691,9645,Jim Allevinah,91,0.9119999694824219,0.549000015258789,0.40098777413368225,Goal,LeftFoot,OpenPlay,h,2025
663981,29691,14132,Djibirin Harouna,94,0.769000015258789,0.35400001525878905,0.017246322706341743,BlockedShot,LeftFoot,OpenPlay,h,2025
663952,29691,6601,Timothy Weah,3,0.93,0.395,0.37245526909828186,SavedShot,RightFoot,OpenPlay,a,2025
663953,29691,7490,Mason Greenwood,3,0.8490000152587891,0.35,0.042405933141708374,BlockedShot,LeftFoot,OpenPlay,a,2025
663954,29691,1245,Emerson,3,0.775,0.66,0.016223853453993797,BlockedShot,LeftFoot,OpenPlay,a,2025
663955,29691,6401,Amine Gouiri,3,0.909000015258789,0.33799999237060546,0.05930982902646065,SavedShot,RightFoot,OpenPlay,a,2025
663956,29691,6986,Hamed Junior Traore,5,0.9230000305175782,0.700999984741211,0.07095038890838623,MissedShots,LeftFoot,OpenPlay,a,2025
663957,29691,9673,Bilal Nadir,9,0.7880000305175782,0.48200000762939454,0.05976538732647896,MissedShots,LeftFoot,OpenPlay,a,2025
663958,29691,6401,Amine Gouiri,18,0.9640000152587891,0.504000015258789,0.7762241363525391,Goal,RightFoot,OpenPlay,a,2025
663959,29691,6401,Amine Gouiri,22,0.7930000305175782,0.7090000152587891,0.02395579218864441,BlockedShot,RightFoot,OpenPlay,a,2025
663960,29691,7490,Mason Greenwood,23,0.8159999847412109,0.3559999847412109,0.05403302237391472,Goal,LeftFoot,OpenPlay,a,2025
663961,29691,6986,Hamed Junior Traore,33,0.835,0.5279999923706055,0.4362906217575073,Goal,RightFoot,OpenPlay,a,2025
663962,29691,6401,Amine Gouiri,35,0.93,0.5620000076293945,0.35427460074424744,SavedShot,Head,OpenPlay,a,2025
663963,29691,6601,Timothy Weah,39,0.93,0.52,0.49339836835861206,Goal,Head,OpenPlay,a,2025
663965,29691,7490,Mason Greenwood,46,0.7619999694824219,0.5709999847412109,0.021807387471199036,SavedShot,LeftFoot,SetPiece,a,2025
663967,29691,6401,Amine Gouiri,46,0.8880000305175781,0.7030000305175781,0.10856684297323227,MissedShots,RightFoot,OpenPlay,a,2025
663968,29691,7490,Mason Greenwood,52,0.7969999694824219,0.5709999847412109,0.058498941361904144,ShotOnPost,RightFoot,OpenPlay,a,2025
663970,29691,6401,Amine Gouiri,55,0.845,0.7140000152587891,0.07278835028409958,MissedShots,RightFoot,OpenPlay,a,2025
663971,29691,343,Pierre-Emile Højbjerg,60,0.7680000305175781,0.620999984741211,0.025370510295033455,MissedShots,RightFoot,OpenPlay,a,2025
663973,29691,14010,Igor Paixão,70,0.9569999694824218,0.600999984741211,0.4369751811027527,MissedShots,LeftFoot,OpenPlay,a,2025
663974,29691,14010,Igor Paixão,73,0.5429999923706055,0.5579999923706055,0.011700649745762348,MissedShots,RightFoot,OpenPlay,a,2025
663975,29691,13206,Matt O&#039;Riley,74,0.78,0.5129999923706055,0.04299970343708992,BlockedShot,LeftFoot,OpenPlay,a,2025
663977,29691,14010,Igor Paixão,87,0.8980000305175782,0.36200000762939455,0.2651788294315338,Goal,RightFoot,OpenPlay,a,2025
663978,29691,318,Pierre-Emerick Aubameyang,89,0.9330000305175781,0.285,0.06558254361152649,SavedShot,RightFoot,OpenPlay,a,2025
663980,29691,318,Pierre-Emerick Aubameyang,93,0.899000015258789,0.7090000152587891,0.08893925696611404,SavedShot,RightFoot,OpenPlay,a,2025
664048,29698,11978,Diego Moreira,11,0.805,0.45599998474121095,0.1165047138929367,Goal,LeftFoot,OpenPlay,h,2025
664049,29698,10868,Guela Doué,14,0.8669999694824219,0.5729999923706055,0.010011132806539536,BlockedShot,Head,SetPiece,h,2025
664052,29698,11978,Diego Moreira,31,0.71,0.485,0.009960503317415714,BlockedShot,LeftFoot,SetPiece,h,2025
664053,29698,12413,Joaquín Panichelli,32,0.9109999847412109,0.34599998474121096,0.06178170070052147,SavedShot,RightFoot,OpenPlay,h,2025
664054,29698,11978,Diego Moreira,36,0.715999984741211,0.5270000076293946,0.013967583887279034,BlockedShot,LeftFoot,FromCorner,h,2025
664055,29698,11164,Martial Godo,36,0.874000015258789,0.659000015258789,0.054485201835632324,MissedShots,RightFoot,FromCorner,h,2025
664056,29698,11058,Julio Enciso,39,0.779000015258789,0.6980000305175781,0.05888879671692848,BlockedShot,RightFoot,DirectFreekick,h,2025
664057,29698,11164,Martial Godo,41,0.825999984741211,0.6940000152587891,0.03151673078536987,SavedShot,RightFoot,OpenPlay,h,2025
664058,29698,11164,Martial Godo,42,0.9259999847412109,0.5729999923706055,0.04572441428899765,Goal,Head,OpenPlay,h,2025
664059,29698,11164,Martial Godo,46,0.870999984741211,0.644000015258789,0.10400691628456116,SavedShot,RightFoot,OpenPlay,h,2025
664060,29698,11058,Julio Enciso,45,0.835999984741211,0.63,0.06296084821224213,MissedShots,LeftFoot,OpenPlay,h,2025
664063,29698,11058,Julio Enciso,53,0.86,0.57,0.3759581744670868,SavedShot,RightFoot,OpenPlay,h,2025
664064,29698,12498,Valentín Barco,59,0.9030000305175782,0.7219999694824218,0.05251910910010338,MissedShots,LeftFoot,OpenPlay,h,2025
664066,29698,11978,Diego Moreira,64,0.775,0.35400001525878905,0.021476687863469124,BlockedShot,LeftFoot,SetPiece,h,2025
664046,29698,11802,Malick Mbaye,8,0.879000015258789,0.2510000038146973,0.030486779287457466,BlockedShot,RightFoot,OpenPlay,a,2025
664047,29698,12000,Ibou Sané,9,0.8269999694824218,0.3579999923706055,0.048526059836149216,BlockedShot,LeftFoot,OpenPlay,a,2025
664050,29698,5727,Gauthier Hein,23,0.885,0.5,0.7600951194763184,Goal,LeftFoot,Penalty,a,2025
664051,29698,6308,Jessy Deminguet,27,0.705999984741211,0.37599998474121094,0.009593714959919453,MissedShots,LeftFoot,OpenPlay,a,2025
664061,29698,5803,Fode Toure,46,0.855,0.7219999694824218,0.030538232997059822,MissedShots,LeftFoot,OpenPlay,a,2025
664062,29698,5727,Gauthier Hein,50,0.8980000305175782,0.315,0.034752506762742996,MissedShots,LeftFoot,OpenPlay,a,2025
664065,29698,4764,Jean-Philippe Gbamin,61,0.769000015258789,0.525,0.02574239671230316,SavedShot,LeftFoot,OpenPlay,a,2025
664067,29698,4764,Jean-Philippe Gbamin,72,0.46799999237060547,0.47900001525878905,0.009578141383826733,MissedShots,RightFoot,OpenPlay,a,2025
664068,29698,4764,Jean-Philippe Gbamin,89,0.7880000305175782,0.4809999847412109,0.0349523164331913,BlockedShot,RightFoot,OpenPlay,a,2025
664473,29695,9490,Matthis Abline,29,0.7340000152587891,0.47700000762939454,0.05628138408064842,MissedShots,RightFoot,DirectFreekick,h,2025
664474,29695,6904,Ibrahima Sissoko,43,0.735,0.44599998474121094,0.01755424402654171,BlockedShot,RightFoot,OpenPlay,h,2025
664475,29695,10702,Johann Lepenant,44,0.855999984741211,0.47099998474121096,0.0844341292977333,MissedShots,LeftFoot,OpenPlay,h,2025
664476,29695,9490,Matthis Abline,49,0.895,0.35,0.23644642531871796,Goal,RightFoot,OpenPlay,h,2025
664482,29695,13828,Amady Camara,91,0.779000015258789,0.21700000762939453,0.016982458531856537,MissedShots,LeftFoot,OpenPlay,h,2025
664468,29695,2063,Timothée Kolodziejczak,5,0.914000015258789,0.4590000152587891,0.04284840077161789,SavedShot,Head,FromCorner,a,2025
664469,29695,9656,Ilan Kebbal,5,0.8130000305175781,0.47,0.05724211782217026,Goal,LeftFoot,OpenPlay,a,2025
664470,29695,3772,Maxime Lopez,16,0.775,0.485,0.041134607046842575,BlockedShot,RightFoot,OpenPlay,a,2025
664471,29695,9656,Ilan Kebbal,18,0.769000015258789,0.3129999923706055,0.017764391377568245,MissedShots,LeftFoot,OpenPlay,a,2025
664472,29695,13801,Alimami Gory,23,0.895,0.6129999923706054,0.017294952645897865,MissedShots,Head,OpenPlay,a,2025
664477,29695,3239,Hamari Traore,57,0.8580000305175781,0.235,0.021027160808444023,BlockedShot,LeftFoot,OpenPlay,a,2025
664478,29695,9656,Ilan Kebbal,62,0.865999984741211,0.2520000076293945,0.02048187144100666,BlockedShot,LeftFoot,SetPiece,a,2025
664479,29695,10620,Luca Koleosho,77,0.9519999694824218,0.5559999847412109,0.47844138741493225,Goal,RightFoot,OpenPlay,a,2025
664480,29695,8690,Jean-Phillipe Krasso,82,0.7230000305175781,0.40700000762939453,0.020626472309231758,BlockedShot,LeftFoot,OpenPlay,a,2025
664481,29695,5696,Vincent Marchetti,83,0.7819999694824219,0.6419999694824219,0.02207936905324459,BlockedShot,LeftFoot,SetPiece,a,2025
664215,29697,12850,Esteban Lepaul,5,0.9169999694824219,0.5420000076293945,0.11010418087244034,BlockedShot,RightFoot,OpenPlay,h,2025
664216,29697,11782,Mousa Al Tamari,17,0.7680000305175781,0.515,0.017506001517176628,SavedShot,LeftFoot,OpenPlay,h,2025
664221,29697,9399,Quentin Merlin,43,0.7430000305175781,0.53,0.01991017535328865,BlockedShot,LeftFoot,OpenPlay,h,2025
664222,29697,12850,Esteban Lepaul,48,0.7630000305175781,0.705,0.049776412546634674,SavedShot,RightFoot,DirectFreekick,h,2025
664223,29697,6452,Mahdi Camara,46,0.7380000305175781,0.3970000076293945,0.017904654145240784,BlockedShot,RightFoot,OpenPlay,h,2025
664224,29697,12850,Esteban Lepaul,49,0.955,0.5570000076293945,0.44219210743904114,SavedShot,RightFoot,FromCorner,h,2025
664225,29697,12850,Esteban Lepaul,50,0.8680000305175781,0.47099998474121096,0.11040250211954117,BlockedShot,RightFoot,OpenPlay,h,2025
664226,29697,11782,Mousa Al Tamari,50,0.8240000152587891,0.7080000305175781,0.02218354120850563,MissedShots,LeftFoot,OpenPlay,h,2025
664227,29697,9633,Przemyslaw Frankowski,51,0.799000015258789,0.3170000076293945,0.01753215119242668,SavedShot,RightFoot,OpenPlay,h,2025
664228,29697,12850,Esteban Lepaul,60,0.8240000152587891,0.5729999923706055,0.08691513538360596,BlockedShot,RightFoot,OpenPlay,h,2025
664229,29697,9399,Quentin Merlin,64,0.8090000152587891,0.7319999694824219,0.023880934342741966,MissedShots,RightFoot,OpenPlay,h,2025
664232,29697,13210,Mohamed Meïté,73,0.9359999847412109,0.4420000076293945,0.04927175119519234,MissedShots,Head,FromCorner,h,2025
664233,29697,13210,Mohamed Meïté,74,0.8640000152587891,0.5170000076293946,0.490066260099411,SavedShot,RightFoot,OpenPlay,h,2025
664234,29697,13210,Mohamed Meïté,79,0.9019999694824219,0.5129999923706055,0.45829057693481445,MissedShots,RightFoot,OpenPlay,h,2025
664236,29697,6452,Mahdi Camara,85,0.840999984741211,0.639000015258789,0.045029181987047195,BlockedShot,RightFoot,OpenPlay,h,2025
664237,29697,5356,Breel Embolo,85,0.950999984741211,0.5229999923706055,0.44074422121047974,Goal,Head,OpenPlay,h,2025
664238,29697,8677,Lilian Brassier,93,0.889000015258789,0.4620000076293945,0.04420819506049156,BlockedShot,Head,FromCorner,h,2025
664239,29697,3673,Valentin Rongier,95,0.725999984741211,0.4540000152587891,0.019521154463291168,SavedShot,RightFoot,OpenPlay,h,2025
664240,29697,3475,Ludovic Blas,98,0.88,0.425,0.0842374861240387,MissedShots,LeftFoot,OpenPlay,h,2025
664217,29697,13744,Felix Mambimbi,22,0.7819999694824219,0.3990000152587891,0.027694325894117355,BlockedShot,LeftFoot,OpenPlay,a,2025
664218,29697,13742,Ayumu Seko,31,0.9290000152587891,0.47400001525878904,0.353214293718338,SavedShot,Head,FromCorner,a,2025
664219,29697,12446,Simon Ebonog,32,0.7619999694824219,0.41700000762939454,0.025340652093291283,MissedShots,RightFoot,OpenPlay,a,2025
664220,29697,8287,Mbwana Samatta,37,0.8109999847412109,0.4829999923706055,0.018158575519919395,SavedShot,LeftFoot,SetPiece,a,2025
664230,29697,11790,Rassoul Ndiaye,68,0.7559999847412109,0.575,0.02330813929438591,BlockedShot,LeftFoot,OpenPlay,a,2025
664231,29697,13744,Felix Mambimbi,68,0.8590000152587891,0.585,0.06643343716859818,Goal,RightFoot,OpenPlay,a,2025
664235,29697,1734,Sofiane Boufal,81,0.7719999694824219,0.7090000152587891,0.026140067726373672,SavedShot,RightFoot,OpenPlay,a,2025
664288,29693,12884,Endrick,5,0.83,0.36200000762939455,0.04438885673880577,MissedShots,LeftFoot,OpenPlay,h,2025
664289,29693,9885,Tanner Tessmann,15,0.8980000305175782,0.495,0.03842136636376381,BlockedShot,Head,FromCorner,h,2025
664291,29693,11318,Abner,34,0.89,0.65,0.0737679973244667,BlockedShot,LeftFoot,OpenPlay,h,2025
664292,29693,13739,Afonso Moreira,35,0.79,0.710999984741211,0.022982340306043625,BlockedShot,RightFoot,OpenPlay,h,2025
664293,29693,12884,Endrick,38,0.8680000305175781,0.38299999237060545,0.3389471173286438,SavedShot,LeftFoot,OpenPlay,h,2025
664295,29693,13735,Pavel Sulc,40,0.9769999694824218,0.6129999923706054,0.6110922694206238,Goal,RightFoot,OpenPlay,h,2025
664296,29693,12884,Endrick,43,0.9009999847412109,0.285,0.028361521661281586,MissedShots,LeftFoot,OpenPlay,h,2025
664297,29693,12884,Endrick,43,0.7709999847412109,0.45,0.03618142008781433,SavedShot,LeftFoot,FromCorner,h,2025
664298,29693,10701,Nicolás Tagliafico,44,0.89,0.4470000076293945,0.0154855502769351,BlockedShot,Head,FromCorner,h,2025
664299,29693,10091,Tyler Morton,45,0.7569999694824219,0.6930000305175781,0.02154318243265152,BlockedShot,LeftFoot,OpenPlay,h,2025
664300,29693,11318,Abner,45,0.7980000305175782,0.610999984741211,0.048768844455480576,Goal,LeftFoot,OpenPlay,h,2025
664302,29693,9885,Tanner Tessmann,55,0.9109999847412109,0.38299999237060545,0.4394337832927704,MissedShots,RightFoot,OpenPlay,h,2025
664303,29693,10091,Tyler Morton,57,0.79,0.3270000076293945,0.028651723638176918,BlockedShot,RightFoot,OpenPlay,h,2025
664304,29693,1750,Ainsley Maitland-Niles,63,0.950999984741211,0.4540000152587891,0.510084331035614,SavedShot,RightFoot,OpenPlay,h,2025
664305,29693,13739,Afonso Moreira,65,0.695,0.669000015258789,0.03163702040910721,MissedShots,RightFoot,DirectFreekick,h,2025
664306,29693,9885,Tanner Tessmann,70,0.8209999847412109,0.4520000076293945,0.10506299138069153,SavedShot,LeftFoot,OpenPlay,h,2025
664307,29693,10701,Nicolás Tagliafico,71,0.9009999847412109,0.5579999923706055,0.01773218624293804,BlockedShot,Head,FromCorner,h,2025
664308,29693,10701,Nicolás Tagliafico,71,0.950999984741211,0.5890000152587891,0.12435658276081085,BlockedShot,LeftFoot,FromCorner,h,2025
664310,29693,6088,Orel Mangala,92,0.9580000305175781,0.3170000076293945,0.09423840045928955,MissedShots,RightFoot,OpenPlay,h,2025
664290,29693,7739,Joris Chotard,24,0.6969999694824218,0.39299999237060546,0.009185845963656902,SavedShot,RightFoot,OpenPlay,a,2025
664294,29693,7736,Brendan Chardonnet,39,0.8809999847412109,0.44,0.012625124305486679,MissedShots,Head,SetPiece,a,2025
664301,29693,6905,Ludovic Ajorque,52,0.9290000152587891,0.575,0.49135690927505493,MissedShots,LeftFoot,SetPiece,a,2025
664309,29693,7562,Eric Junior Dina Ebimbe,86,0.9319999694824219,0.395,0.41304922103881836,Goal,RightFoot,SetPiece,a,2025
664311,29693,7562,Eric Junior Dina Ebimbe,94,0.905,0.5229999923706055,0.23696239292621613,MissedShots,Head,OpenPlay,a,2025
664486,29700,10818,Kévin Danois,22,0.875,0.64,0.06083741411566734,MissedShots,LeftFoot,OpenPlay,h,2025
664494,29700,13888,Danny Namaso,52,0.7290000152587891,0.47900001525878905,0.0216824971139431,MissedShots,RightFoot,OpenPlay,h,2025
664496,29700,10815,Lassine Sinayoko,55,0.830999984741211,0.6790000152587891,0.04521317780017853,MissedShots,RightFoot,OpenPlay,h,2025
664499,29700,13577,Rudy Matondo,66,0.8159999847412109,0.2560000038146973,0.02309609018266201,BlockedShot,LeftFoot,OpenPlay,h,2025
664500,29700,11962,Oussama El Azzouzi,68,0.9019999694824219,0.53,0.03896079584956169,MissedShots,Head,SetPiece,h,2025
664501,29700,10815,Lassine Sinayoko,72,0.695,0.36400001525878906,0.00970760639756918,MissedShots,RightFoot,OpenPlay,h,2025
664505,29700,13577,Rudy Matondo,82,0.8930000305175781,0.5890000152587891,0.09428374469280243,BlockedShot,LeftFoot,OpenPlay,h,2025
664506,29700,10815,Lassine Sinayoko,90,0.8930000305175781,0.6930000305175781,0.0592157281935215,BlockedShot,LeftFoot,OpenPlay,h,2025
664483,29700,10016,Bradley Barcola,1,0.825,0.6070000076293945,0.15153950452804565,SavedShot,RightFoot,OpenPlay,a,2025
664484,29700,10016,Bradley Barcola,1,0.9730000305175781,0.6680000305175782,0.29825642704963684,SavedShot,RightFoot,OpenPlay,a,2025
664485,29700,7453,Khvicha Kvaratskhelia,7,0.8959999847412109,0.4909999847412109,0.20221740007400513,BlockedShot,RightFoot,OpenPlay,a,2025
664487,29700,11767,Gonçalo Ramos,29,0.9419999694824219,0.5209999847412109,0.25419288873672485,SavedShot,Head,FromCorner,a,2025
664488,29700,11486,Illia Zabarnyi,35,0.9569999694824218,0.5509999847412109,0.0610836036503315,BlockedShot,Head,SetPiece,a,2025
664489,29700,7453,Khvicha Kvaratskhelia,35,0.9830000305175781,0.5929999923706055,0.07606706023216248,SavedShot,RightFoot,SetPiece,a,2025
664490,29700,12733,Ibrahim Mbaye,35,0.8930000305175781,0.4640000152587891,0.08744531869888306,SavedShot,LeftFoot,SetPiece,a,2025
664491,29700,7453,Khvicha Kvaratskhelia,46,0.8490000152587891,0.5829999923706055,0.06228349357843399,BlockedShot,RightFoot,OpenPlay,a,2025
664492,29700,10786,Warren Zaïre-Emery,46,0.7680000305175781,0.40900001525878904,0.014557299204170704,BlockedShot,RightFoot,FromCorner,a,2025
664493,29700,10016,Bradley Barcola,50,0.759000015258789,0.57,0.06274403631687164,MissedShots,RightFoot,OpenPlay,a,2025
664495,29700,7453,Khvicha Kvaratskhelia,53,0.7659999847412109,0.57,0.026866860687732697,BlockedShot,LeftFoot,OpenPlay,a,2025
664497,29700,11767,Gonçalo Ramos,57,0.8030000305175782,0.7440000152587891,0.019180946052074432,MissedShots,LeftFoot,OpenPlay,a,2025
664498,29700,10016,Bradley Barcola,62,0.9519999694824218,0.33299999237060546,0.31867408752441406,MissedShots,RightFoot,OpenPlay,a,2025
664502,29700,3226,Ousmane Dembélé,72,0.960999984741211,0.7090000152587891,0.04195375367999077,SavedShot,LeftFoot,OpenPlay,a,2025
664503,29700,12345,Senny Mayulu,74,0.8119999694824219,0.515,0.05328860133886337,SavedShot,LeftFoot,OpenPlay,a,2025
664504,29700,10016,Bradley Barcola,78,0.8130000305175781,0.46799999237060547,0.46508491039276123,Goal,RightFoot,OpenPlay,a,2025
664893,29708,5356,Breel Embolo,14,0.875999984741211,0.5059999847412109,0.04903330281376839,MissedShots,Head,OpenPlay,h,2025
664894,29708,9652,Alidu Seidu,16,0.7380000305175781,0.40900001525878904,0.01586228236556053,ShotOnPost,RightFoot,OpenPlay,h,2025
664896,29708,12850,Esteban Lepaul,26,0.889000015258789,0.515,0.08378119021654129,SavedShot,RightFoot,OpenPlay,h,2025
664897,29708,12850,Esteban Lepaul,31,0.8769999694824219,0.4520000076293945,0.01781064085662365,MissedShots,Head,OpenPlay,h,2025
664898,29708,12850,Esteban Lepaul,34,0.8580000305175781,0.4229999923706055,0.06012508645653725,BlockedShot,LeftFoot,OpenPlay,h,2025
664899,29708,12850,Esteban Lepaul,36,0.8530000305175781,0.5929999923706055,0.07686347514390945,SavedShot,RightFoot,OpenPlay,h,2025
664900,29708,3673,Valentin Rongier,38,0.8169999694824219,0.549000015258789,0.046965453773736954,BlockedShot,LeftFoot,OpenPlay,h,2025
664901,29708,6452,Mahdi Camara,41,0.870999984741211,0.3160000038146973,0.04674722999334335,MissedShots,RightFoot,OpenPlay,h,2025
664902,29708,12451,Djaoui Cissé,43,0.720999984741211,0.5020000076293946,0.014401030726730824,BlockedShot,RightFoot,FromCorner,h,2025
664903,29708,9652,Alidu Seidu,44,0.7080000305175781,0.485,0.015466855838894844,SavedShot,RightFoot,OpenPlay,h,2025
664904,29708,9652,Alidu Seidu,45,0.7480000305175781,0.41200000762939454,0.020536713302135468,MissedShots,RightFoot,OpenPlay,h,2025
664905,29708,12451,Djaoui Cissé,46,0.8,0.28399999618530275,0.01889699138700962,SavedShot,RightFoot,OpenPlay,h,2025
664906,29708,8677,Lilian Brassier,47,0.960999984741211,0.46599998474121096,0.5041875243186951,MissedShots,Head,FromCorner,h,2025
664907,29708,9399,Quentin Merlin,67,0.7469999694824219,0.3129999923706055,0.018319647759199142,SavedShot,LeftFoot,OpenPlay,h,2025
664908,29708,13210,Mohamed Meïté,68,0.9,0.4540000152587891,0.11948173493146896,BlockedShot,RightFoot,OpenPlay,h,2025
664909,29708,9399,Quentin Merlin,68,0.8690000152587891,0.46900001525878904,0.07701706886291504,BlockedShot,LeftFoot,OpenPlay,h,2025
664910,29708,8677,Lilian Brassier,68,0.775,0.580999984741211,0.02920975163578987,MissedShots,LeftFoot,OpenPlay,h,2025
664911,29708,6452,Mahdi Camara,71,0.955999984741211,0.415,0.035388704389333725,BlockedShot,Head,FromCorner,h,2025
664912,29708,11545,Jérémy Jacquet,71,0.9480000305175781,0.5259999847412109,0.12185901403427124,BlockedShot,RightFoot,FromCorner,h,2025
664914,29708,5356,Breel Embolo,72,0.9069999694824219,0.5,0.045347731560468674,MissedShots,Head,OpenPlay,h,2025
664917,29708,14201,Elias Legendre,91,0.945,0.43900001525878907,0.4692566990852356,MissedShots,RightFoot,OpenPlay,h,2025
664918,29708,11782,Mousa Al Tamari,91,0.7709999847412109,0.25,0.010525756515562534,MissedShots,LeftFoot,OpenPlay,h,2025
664891,29708,3536,Jean-Victor Makengo,2,0.75,0.43400001525878906,0.024812759831547737,Goal,LeftFoot,OpenPlay,a,2025
664892,29708,13975,Noah Cadiou,12,0.924000015258789,0.66,0.09764844179153442,SavedShot,LeftFoot,OpenPlay,a,2025
664895,29708,9661,Igor Silva,24,0.9630000305175781,0.625,0.058633409440517426,MissedShots,RightFoot,FromCorner,a,2025
664913,29708,9345,Ahmadou Bamba Dieng,72,0.8590000152587891,0.6170000076293946,0.058645062148571014,SavedShot,LeftFoot,SetPiece,a,2025
664915,29708,10347,Pablo Pagis,76,0.960999984741211,0.49599998474121093,0.737970232963562,Goal,LeftFoot,OpenPlay,a,2025
664916,29708,13975,Noah Cadiou,84,0.86,0.5020000076293946,0.12588433921337128,BlockedShot,RightFoot,OpenPlay,a,2025
665020,29702,11790,Rassoul Ndiaye,1,0.765,0.6359999847412109,0.018140407279133797,MissedShots,RightFoot,OpenPlay,h,2025
665025,29702,12446,Simon Ebonog,38,0.7480000305175781,0.43599998474121093,0.023090220987796783,MissedShots,RightFoot,OpenPlay,h,2025
665027,29702,8287,Mbwana Samatta,48,0.8980000305175782,0.48400001525878905,0.02816685102880001,MissedShots,Head,FromCorner,h,2025
665028,29702,11787,Loïc Négo,47,0.8859999847412109,0.2670000076293945,0.018453404307365417,MissedShots,RightFoot,OpenPlay,h,2025
665029,29702,14241,Kenny Quetant,50,0.8059999847412109,0.45099998474121095,0.04884551465511322,BlockedShot,LeftFoot,OpenPlay,h,2025
665030,29702,12446,Simon Ebonog,50,0.8090000152587891,0.3390000152587891,0.023896006867289543,BlockedShot,RightFoot,OpenPlay,h,2025
665036,29702,14229,Noam Obougou,79,0.95,0.30700000762939456,0.012125520035624504,MissedShots,Head,FromCorner,h,2025
665021,29702,10058,Maghnes Akliouche,7,0.8159999847412109,0.5459999847412109,0.05175020545721054,MissedShots,LeftFoot,OpenPlay,a,2025
665022,29702,12804,George Ilenikhena,22,0.9380000305175781,0.7169999694824218,0.04939964413642883,MissedShots,LeftFoot,OpenPlay,a,2025
665023,29702,9690,Folarin Balogun,28,0.7869999694824219,0.40099998474121096,0.030080867931246758,SavedShot,RightFoot,OpenPlay,a,2025
665024,29702,12186,Kassoum Ouattara,34,0.8769999694824219,0.44799999237060545,0.07987463474273682,BlockedShot,RightFoot,OpenPlay,a,2025
665026,29702,12804,George Ilenikhena,40,0.8980000305175782,0.445,0.04486510157585144,MissedShots,Head,OpenPlay,a,2025
665031,29702,11799,Lamine Camara,53,0.720999984741211,0.5790000152587891,0.014155687764286995,MissedShots,RightFoot,OpenPlay,a,2025
665032,29702,10058,Maghnes Akliouche,60,0.785,0.3060000038146973,0.02360912598669529,MissedShots,LeftFoot,OpenPlay,a,2025
665033,29702,2897,Aleksandr Golovin,63,0.874000015258789,0.76,0.028939897194504738,MissedShots,RightFoot,OpenPlay,a,2025
665034,29702,6147,Denis Zakaria,72,0.9430000305175781,0.6840000152587891,0.2203180491924286,MissedShots,RightFoot,OpenPlay,a,2025
665035,29702,9690,Folarin Balogun,76,0.8640000152587891,0.7609999847412109,0.019461238756775856,SavedShot,RightFoot,FromCorner,a,2025
665080,29704,6401,Amine Gouiri,2,0.8880000305175781,0.5740000152587891,0.15183398127555847,Goal,RightFoot,OpenPlay,h,2025
665081,29704,6401,Amine Gouiri,11,0.7180000305175781,0.585999984741211,0.02370559796690941,SavedShot,RightFoot,OpenPlay,h,2025
665082,29704,11132,Ethan Nwaneri,12,0.8130000305175781,0.4470000076293945,0.09658291935920715,Goal,LeftFoot,OpenPlay,h,2025
665084,29704,343,Pierre-Emile Højbjerg,24,0.7340000152587891,0.29700000762939455,0.039237480610609055,MissedShots,RightFoot,DirectFreekick,h,2025
665088,29704,11132,Ethan Nwaneri,53,0.8130000305175781,0.45,0.07839584350585938,SavedShot,LeftFoot,OpenPlay,h,2025
665089,29704,7490,Mason Greenwood,61,0.72,0.40200000762939453,0.044564276933670044,BlockedShot,RightFoot,DirectFreekick,h,2025
665090,29704,6401,Amine Gouiri,68,0.8480000305175781,0.27100000381469724,0.043375518172979355,BlockedShot,RightFoot,OpenPlay,h,2025
665091,29704,343,Pierre-Emile Højbjerg,69,0.870999984741211,0.44400001525878907,0.021215923130512238,BlockedShot,Head,FromCorner,h,2025
665092,29704,6401,Amine Gouiri,74,0.919000015258789,0.5359999847412109,0.5479709506034851,Goal,RightFoot,OpenPlay,h,2025
665093,29704,14010,Igor Paixão,80,0.8069999694824219,0.6940000152587891,0.025511430576443672,MissedShots,RightFoot,OpenPlay,h,2025
665083,29704,3697,Odsonne Edouard,14,0.8330000305175781,0.6930000305175781,0.039151065051555634,BlockedShot,RightFoot,OpenPlay,a,2025
665085,29704,3697,Odsonne Edouard,27,0.8780000305175781,0.3559999847412109,0.281014084815979,MissedShots,RightFoot,OpenPlay,a,2025
665086,29704,3549,Adrien Thomasson,45,0.9359999847412109,0.7419999694824219,0.033776815980672836,BlockedShot,RightFoot,OpenPlay,a,2025
665087,29704,3549,Adrien Thomasson,45,0.8630000305175781,0.5970000076293945,0.3033943474292755,MissedShots,RightFoot,OpenPlay,a,2025
665094,29704,13506,Rayan Fofana,84,0.8630000305175781,0.44299999237060544,0.3091535270214081,Goal,RightFoot,OpenPlay,a,2025
665095,29704,12344,Anthony Bermont,86,0.7480000305175781,0.575999984741211,0.0205281600356102,SavedShot,RightFoot,OpenPlay,a,2025
665096,29704,11046,Abdallah Sima,88,0.735999984741211,0.5509999847412109,0.01586226373910904,BlockedShot,RightFoot,OpenPlay,a,2025
665213,29706,10831,Mostafa Mohamed,11,0.874000015258789,0.28600000381469726,0.037095487117767334,SavedShot,RightFoot,OpenPlay,h,2025
665215,29706,10581,Junior Mwanga,17,0.7719999694824219,0.4379999923706055,0.03690948337316513,SavedShot,RightFoot,SetPiece,h,2025
665218,29706,9490,Matthis Abline,36,0.8580000305175781,0.66,0.02181108668446541,BlockedShot,RightFoot,OpenPlay,h,2025
665219,29706,3785,Kelvin Adou,36,0.9169999694824219,0.5520000076293945,0.07959525287151337,MissedShots,Head,FromCorner,h,2025
665221,29706,10702,Johann Lepenant,43,0.7269999694824218,0.514000015258789,0.011417470872402191,BlockedShot,LeftFoot,SetPiece,h,2025
665222,29706,3390,Rémy Cabella,44,0.975999984741211,0.600999984741211,0.25292646884918213,SavedShot,RightFoot,OpenPlay,h,2025
665223,29706,10831,Mostafa Mohamed,46,0.975,0.48200000762939454,0.6175299882888794,Goal,Head,FromCorner,h,2025
665224,29706,6017,Chidozie Awaziem,49,0.9119999694824219,0.56,0.041366152465343475,MissedShots,Head,SetPiece,h,2025
665226,29706,10831,Mostafa Mohamed,65,0.9419999694824219,0.6669999694824219,0.012337785214185715,ShotOnPost,Head,FromCorner,h,2025
665227,29706,13825,Tylel Tati,66,0.9359999847412109,0.4979999923706055,0.42470768094062805,BlockedShot,Head,FromCorner,h,2025
665228,29706,6904,Ibrahima Sissoko,70,0.710999984741211,0.5620000076293945,0.008718096651136875,MissedShots,RightFoot,OpenPlay,h,2025
665229,29706,10831,Mostafa Mohamed,73,0.855999984741211,0.4779999923706055,0.0226431991904974,MissedShots,Head,OpenPlay,h,2025
665230,29706,6904,Ibrahima Sissoko,76,0.775,0.30700000762939456,0.011829077266156673,BlockedShot,RightFoot,OpenPlay,h,2025
665231,29706,10581,Junior Mwanga,76,0.89,0.46299999237060546,0.0942780151963234,MissedShots,RightFoot,OpenPlay,h,2025
665232,29706,10702,Johann Lepenant,77,0.8640000152587891,0.3270000076293945,0.06012248247861862,MissedShots,RightFoot,OpenPlay,h,2025
665233,29706,10831,Mostafa Mohamed,77,0.8630000305175781,0.49900001525878906,0.0304853692650795,MissedShots,Head,OpenPlay,h,2025
665234,29706,3785,Kelvin Adou,81,0.7080000305175781,0.3609999847412109,0.00965232215821743,SavedShot,LeftFoot,OpenPlay,h,2025
665236,29706,14034,Bahmed Deuff,85,0.7230000305175781,0.405,0.008907067589461803,MissedShots,RightFoot,OpenPlay,h,2025
665237,29706,2082,Youssef El-Arabi,87,0.91,0.5920000076293945,0.07329531013965607,MissedShots,LeftFoot,OpenPlay,h,2025
665238,29706,10831,Mostafa Mohamed,87,0.9230000305175782,0.509000015258789,0.14168024063110352,MissedShots,RightFoot,OpenPlay,h,2025
665214,29706,8685,Mohamed Ali-Cho,15,0.785,0.5509999847412109,0.03576319292187691,Goal,LeftFoot,OpenPlay,a,2025
665216,29706,6846,Sofiane Diop,27,0.8180000305175781,0.30100000381469727,0.04180460050702095,MissedShots,RightFoot,OpenPlay,a,2025
665217,29706,8685,Mohamed Ali-Cho,28,0.9109999847412109,0.5420000076293945,0.3453516662120819,Goal,LeftFoot,OpenPlay,a,2025
665220,29706,6846,Sofiane Diop,39,0.9009999847412109,0.5359999847412109,0.5418325662612915,Goal,RightFoot,OpenPlay,a,2025
665225,29706,9182,Sepe Elye Wahi,49,0.92,0.265,0.0968937948346138,MissedShots,RightFoot,OpenPlay,a,2025
665235,29706,8685,Mohamed Ali-Cho,84,0.8809999847412109,0.39,0.49570146203041077,MissedShots,RightFoot,OpenPlay,a,2025
665239,29706,11515,Tom Louchet,92,0.7880000305175782,0.46599998474121096,0.05385143682360649,Goal,RightFoot,OpenPlay,a,2025
665355,29701,6905,Ludovic Ajorque,3,0.8390000152587891,0.40799999237060547,0.05766460672020912,SavedShot,LeftFoot,OpenPlay,h,2025
665356,29701,5975,Kenny Lala,13,0.8109999847412109,0.325,0.013884300366044044,MissedShots,RightFoot,OpenPlay,h,2025
665360,29701,3743,Lucas Tousart,39,0.8469999694824218,0.4879999923706055,0.05369856208562851,MissedShots,RightFoot,OpenPlay,h,2025
665363,29701,14052,Pathé Mboup,51,0.8590000152587891,0.4590000152587891,0.31258493661880493,SavedShot,LeftFoot,OpenPlay,h,2025
665364,29701,10100,Kamory Doumbia,51,0.8240000152587891,0.4929999923706055,0.2832239270210266,BlockedShot,RightFoot,OpenPlay,h,2025
665365,29701,7739,Joris Chotard,53,0.8959999847412109,0.3089999961853027,0.06504745036363602,SavedShot,RightFoot,OpenPlay,h,2025
665366,29701,11065,Remy Labeau Lascary,53,0.8280000305175781,0.5020000076293946,0.09140586853027344,BlockedShot,RightFoot,OpenPlay,h,2025
665367,29701,13968,Daouda Guindo,56,0.7340000152587891,0.26799999237060546,0.014007805846631527,MissedShots,LeftFoot,SetPiece,h,2025
665368,29701,11065,Remy Labeau Lascary,58,0.8780000305175781,0.22100000381469725,0.0213632769882679,SavedShot,RightFoot,OpenPlay,h,2025
665369,29701,13968,Daouda Guindo,60,0.700999984741211,0.6669999694824219,0.03314743563532829,BlockedShot,LeftFoot,DirectFreekick,h,2025
665370,29701,5975,Kenny Lala,66,0.749000015258789,0.27899999618530275,0.011616448871791363,MissedShots,RightFoot,OpenPlay,h,2025
665374,29701,7739,Joris Chotard,86,0.7659999847412109,0.4640000152587891,0.0201876163482666,BlockedShot,RightFoot,FromCorner,h,2025
665375,29701,7562,Eric Junior Dina Ebimbe,91,0.904000015258789,0.47700000762939454,0.09897290170192719,MissedShots,Head,OpenPlay,h,2025
665357,29701,14358,Pape Diop,26,0.774000015258789,0.7240000152587891,0.01580275408923626,Goal,RightFoot,OpenPlay,a,2025
665358,29701,10788,Rasmus Nicolaisen,32,0.93,0.4909999847412109,0.061243195086717606,SavedShot,Head,FromCorner,a,2025
665359,29701,9220,Charlie Cresswell,33,0.950999984741211,0.605,0.05027851462364197,SavedShot,Head,FromCorner,a,2025
665361,29701,6874,Yann Gboho,42,0.774000015258789,0.5359999847412109,0.058893028646707535,Goal,RightFoot,OpenPlay,a,2025
665362,29701,14358,Pape Diop,46,0.7219999694824218,0.4909999847412109,0.016428207978606224,BlockedShot,RightFoot,OpenPlay,a,2025
665371,29701,12045,Aron Dønnum,67,0.8330000305175781,0.500999984741211,0.40448054671287537,SavedShot,LeftFoot,OpenPlay,a,2025
665372,29701,11777,Cristian Cásseres Jr.,74,0.875,0.3079999923706055,0.06259336322546005,MissedShots,RightFoot,OpenPlay,a,2025
665373,29701,14358,Pape Diop,81,0.7319999694824219,0.6840000152587891,0.014538257382810116,MissedShots,RightFoot,OpenPlay,a,2025
665380,29705,5769,Habib Diallo,18,0.845,0.3509999847412109,0.09034540504217148,BlockedShot,RightFoot,OpenPlay,h,2025
665381,29705,4764,Jean-Philippe Gbamin,18,0.9009999847412109,0.5,0.024043774232268333,BlockedShot,Head,FromCorner,h,2025
665382,29705,8119,Boubacar Traore,18,0.8809999847412109,0.4859999847412109,0.035333480685949326,MissedShots,Head,FromCorner,h,2025
665384,29705,11798,Koffi Kouao,33,0.9309999847412109,0.39099998474121095,0.3161816895008087,Goal,RightFoot,OpenPlay,h,2025
665386,29705,5769,Habib Diallo,42,0.7709999847412109,0.519000015258789,0.030328311026096344,SavedShot,RightFoot,OpenPlay,h,2025
665389,29705,5769,Habib Diallo,53,0.9119999694824219,0.64,0.08044681698083878,BlockedShot,LeftFoot,OpenPlay,h,2025
665390,29705,8119,Boubacar Traore,54,0.7380000305175781,0.44,0.012096507474780083,MissedShots,RightFoot,OpenPlay,h,2025
665391,29705,11798,Koffi Kouao,56,0.789000015258789,0.365,0.027299843728542328,SavedShot,LeftFoot,OpenPlay,h,2025
665395,29705,5769,Habib Diallo,63,0.9319999694824219,0.49400001525878906,0.3831983506679535,Goal,RightFoot,OpenPlay,h,2025
665396,29705,3290,Benjamin Stambouli,65,0.7709999847412109,0.7519999694824219,0.016618797555565834,SavedShot,LeftFoot,OpenPlay,h,2025
665397,29705,5727,Gauthier Hein,69,0.7619999694824219,0.3729999923706055,0.06431328505277634,BlockedShot,LeftFoot,DirectFreekick,h,2025
665398,29705,5727,Gauthier Hein,69,0.7619999694824219,0.37599998474121094,0.015035259537398815,BlockedShot,RightFoot,SetPiece,h,2025
665399,29705,8119,Boubacar Traore,70,0.805,0.5209999847412109,0.03985936939716339,BlockedShot,RightFoot,OpenPlay,h,2025
665401,29705,13809,Giorgi Tsitaishvili,82,0.8430000305175781,0.295,0.036253079771995544,SavedShot,LeftFoot,OpenPlay,h,2025
665403,29705,8119,Boubacar Traore,90,0.735,0.4779999923706055,0.013776052743196487,BlockedShot,RightFoot,OpenPlay,h,2025
665376,29705,10091,Tyler Morton,8,0.8069999694824219,0.735,0.06261985749006271,SavedShot,RightFoot,DirectFreekick,a,2025
665377,29705,13736,Khalis Merah,9,0.9619999694824218,0.6730000305175782,0.30276617407798767,SavedShot,RightFoot,OpenPlay,a,2025
665378,29705,12884,Endrick,10,0.9619999694824218,0.41700000762939454,0.49301016330718994,Goal,LeftFoot,OpenPlay,a,2025
665379,29705,13738,Ruben Kluivert,15,0.96,0.5770000076293945,0.467510849237442,Goal,LeftFoot,FromCorner,a,2025
665383,29705,10091,Tyler Morton,31,0.8130000305175781,0.43400001525878906,0.05307360365986824,Goal,RightFoot,OpenPlay,a,2025
665385,29705,12884,Endrick,40,0.8,0.3270000076293945,0.038440339267253876,SavedShot,LeftFoot,OpenPlay,a,2025
665387,29705,12884,Endrick,45,0.9180000305175782,0.40599998474121096,0.36448588967323303,Goal,LeftFoot,OpenPlay,a,2025
665388,29705,12884,Endrick,46,0.8969999694824219,0.40400001525878904,0.044602591544389725,SavedShot,Head,OpenPlay,a,2025
665392,29705,12884,Endrick,58,0.8819999694824219,0.3679999923706055,0.09487093240022659,SavedShot,LeftFoot,OpenPlay,a,2025
665393,29705,10091,Tyler Morton,60,0.9030000305175782,0.36400001525878906,0.11699486523866653,BlockedShot,RightFoot,OpenPlay,a,2025
665394,29705,1750,Ainsley Maitland-Niles,61,0.9209999847412109,0.5259999847412109,0.10963781177997589,MissedShots,RightFoot,FromCorner,a,2025
665400,29705,13739,Afonso Moreira,78,0.889000015258789,0.4470000076293945,0.4331043064594269,BlockedShot,LeftFoot,OpenPlay,a,2025
665402,29705,12884,Endrick,86,0.885,0.5,0.7600951194763184,Goal,LeftFoot,Penalty,a,2025
665406,29707,9656,Ilan Kebbal,15,0.8590000152587891,0.3060000038146973,0.0713181123137474,MissedShots,LeftFoot,OpenPlay,h,2025
665407,29707,8690,Jean-Phillipe Krasso,40,0.855999984741211,0.5029999923706054,0.06097632274031639,MissedShots,LeftFoot,OpenPlay,h,2025
665408,29707,13801,Alimami Gory,41,0.915,0.43,0.041440099477767944,BlockedShot,Head,OpenPlay,h,2025
665409,29707,13805,Adama Camara,51,0.8330000305175781,0.49900001525878906,0.07767929881811142,SavedShot,LeftFoot,OpenPlay,h,2025
665413,29707,13871,Otávio,77,0.754000015258789,0.7140000152587891,0.015103703364729881,MissedShots,LeftFoot,OpenPlay,h,2025
665414,29707,5661,Jonathan Ikone,78,0.9019999694824219,0.3189999961853027,0.042710233479738235,BlockedShot,LeftFoot,OpenPlay,h,2025
665415,29707,10620,Luca Koleosho,85,0.7580000305175781,0.5129999923706055,0.026935139670968056,ShotOnPost,RightFoot,OpenPlay,h,2025
665416,29707,6332,Willem Geubbels,85,0.9290000152587891,0.5120000076293946,0.42293357849121094,MissedShots,LeftFoot,OpenPlay,h,2025
665404,29707,14131,Amine Sbaï,4,0.8519999694824218,0.5329999923706055,0.06965833157300949,MissedShots,RightFoot,OpenPlay,a,2025
665405,29707,10517,Yassin Belkhdim,11,0.6880000305175781,0.6079999923706054,0.01146251056343317,SavedShot,RightFoot,OpenPlay,a,2025
665410,29707,9645,Jim Allevinah,61,0.8909999847412109,0.4379999923706055,0.08413118869066238,MissedShots,LeftFoot,OpenPlay,a,2025
665411,29707,13604,Prosper Peter,62,0.9490000152587891,0.4829999923706055,0.06905342638492584,BlockedShot,Head,SetPiece,a,2025
665412,29707,9645,Jim Allevinah,72,0.860999984741211,0.3559999847412109,0.05309715121984482,ShotOnPost,LeftFoot,OpenPlay,a,2025
665417,29707,5756,Carlens Arcus,88,0.7709999847412109,0.4620000076293945,0.027400564402341843,MissedShots,RightFoot,OpenPlay,a,2025
665418,29707,10295,Louis Mouton,93,0.8430000305175781,0.345,0.02793130837380886,BlockedShot,RightFoot,OpenPlay,a,2025
665526,29703,13782,Nathan Ngoy,0,0.8919999694824219,0.575999984741211,0.03110489808022976,MissedShots,Head,FromCorner,h,2025
665527,29703,502,Olivier Giroud,5,0.9369999694824219,0.575,0.1004398986697197,MissedShots,LeftFoot,OpenPlay,h,2025
665529,29703,502,Olivier Giroud,13,0.909000015258789,0.43599998474121093,0.04644908756017685,MissedShots,Head,OpenPlay,h,2025
665530,29703,12066,Ethan Mbappé,15,0.735,0.6370000076293946,0.020192064344882965,BlockedShot,LeftFoot,OpenPlay,h,2025
665531,29703,12800,Ngal&#039;ayel Mukau,15,0.754000015258789,0.53,0.024320365861058235,BlockedShot,LeftFoot,OpenPlay,h,2025
665535,29703,6500,Romain Perraud,27,0.899000015258789,0.5459999847412109,0.07802734524011612,MissedShots,RightFoot,OpenPlay,h,2025
665536,29703,13051,Matias Fernandez-Pardo,29,0.8419999694824218,0.685,0.047590941190719604,SavedShot,LeftFoot,OpenPlay,h,2025
665538,29703,502,Olivier Giroud,34,0.9080000305175782,0.52,0.04944581538438797,MissedShots,Head,SetPiece,h,2025
665540,29703,12066,Ethan Mbappé,36,0.860999984741211,0.4229999923706055,0.05391557514667511,MissedShots,RightFoot,OpenPlay,h,2025
665541,29703,12162,Ayyoub Bouaddi,37,0.755,0.46799999237060547,0.01999027281999588,SavedShot,RightFoot,OpenPlay,h,2025
665544,29703,3237,Aissa Mandi,44,0.8819999694824219,0.34900001525878904,0.011230098083615303,BlockedShot,Head,FromCorner,h,2025
665545,29703,849,Chancel Mbemba,47,0.865999984741211,0.534000015258789,0.0721098780632019,SavedShot,RightFoot,FromCorner,h,2025
665546,29703,12066,Ethan Mbappé,47,0.8919999694824219,0.315,0.06427974253892899,MissedShots,LeftFoot,OpenPlay,h,2025
665547,29703,12066,Ethan Mbappé,50,0.840999984741211,0.28,0.03017541393637657,MissedShots,LeftFoot,OpenPlay,h,2025
665549,29703,502,Olivier Giroud,55,0.9490000152587891,0.37599998474121094,0.04995792731642723,SavedShot,LeftFoot,OpenPlay,h,2025
665550,29703,12800,Ngal&#039;ayel Mukau,56,0.9180000305175782,0.47400001525878904,0.4668310880661011,MissedShots,LeftFoot,FromCorner,h,2025
665556,29703,13471,Soriba Diaoune,74,0.8930000305175781,0.710999984741211,0.046891432255506516,MissedShots,RightFoot,OpenPlay,h,2025
665558,29703,13471,Soriba Diaoune,81,0.9259999847412109,0.5109999847412109,0.3647640645503998,MissedShots,Head,OpenPlay,h,2025
665559,29703,13051,Matias Fernandez-Pardo,92,0.855,0.4620000076293945,0.09568162262439728,Goal,RightFoot,OpenPlay,h,2025
665560,29703,13471,Soriba Diaoune,93,0.8430000305175781,0.5159999847412109,0.06746936589479446,SavedShot,RightFoot,OpenPlay,h,2025
665528,29703,11058,Julio Enciso,10,0.730999984741211,0.5320000076293945,0.054167795926332474,BlockedShot,RightFoot,DirectFreekick,a,2025
665532,29703,11058,Julio Enciso,18,0.75,0.5259999847412109,0.022362347692251205,MissedShots,RightFoot,OpenPlay,a,2025
665533,29703,12413,Joaquín Panichelli,24,0.924000015258789,0.4540000152587891,0.3721420168876648,Goal,LeftFoot,OpenPlay,a,2025
665534,29703,11058,Julio Enciso,25,0.8959999847412109,0.495,0.462069571018219,Goal,RightFoot,OpenPlay,a,2025
665537,29703,11058,Julio Enciso,32,0.905,0.515,0.42388013005256653,MissedShots,RightFoot,OpenPlay,a,2025
665539,29703,11978,Diego Moreira,35,0.905,0.335,0.24327628314495087,SavedShot,LeftFoot,OpenPlay,a,2025
665542,29703,12413,Joaquín Panichelli,39,0.905,0.53,0.11020475625991821,ShotOnPost,Head,OpenPlay,a,2025
665543,29703,12413,Joaquín Panichelli,41,0.8530000305175781,0.35,0.10908357053995132,BlockedShot,RightFoot,OpenPlay,a,2025
665548,29703,11978,Diego Moreira,53,0.9430000305175781,0.33799999237060546,0.06695639342069626,BlockedShot,LeftFoot,OpenPlay,a,2025
665551,29703,11978,Diego Moreira,57,0.874000015258789,0.34400001525878904,0.0819689929485321,MissedShots,RightFoot,OpenPlay,a,2025
665552,29703,11164,Martial Godo,57,0.9930000305175781,0.5170000076293946,0.979040801525116,Goal,OtherBodyPart,OpenPlay,a,2025
665553,29703,11058,Julio Enciso,65,0.9309999847412109,0.28399999618530275,0.03835377097129822,SavedShot,LeftFoot,SetPiece,a,2025
665554,29703,11164,Martial Godo,71,0.9580000305175781,0.5029999923706054,0.6117808222770691,Goal,RightFoot,OpenPlay,a,2025
665555,29703,11058,Julio Enciso,73,0.759000015258789,0.5129999923706055,0.024507373571395874,MissedShots,RightFoot,OpenPlay,a,2025
665557,29703,10485,Guemissongui Ouattara,77,0.779000015258789,0.40099998474121096,0.04557490348815918,MissedShots,RightFoot,OpenPlay,a,2025
665806,29710,13917,Mamadou Sangaré,7,0.8669999694824219,0.47400001525878904,0.10217152535915375,BlockedShot,RightFoot,OpenPlay,h,2025
665807,29710,942,Florian Thauvin,11,0.8780000305175781,0.41900001525878905,0.3615161180496216,SavedShot,RightFoot,OpenPlay,h,2025
665808,29710,13917,Mamadou Sangaré,17,0.7580000305175781,0.34200000762939453,0.01832205429673195,BlockedShot,LeftFoot,OpenPlay,h,2025
665809,29710,942,Florian Thauvin,18,0.9030000305175782,0.35400001525878905,0.04856342822313309,MissedShots,RightFoot,OpenPlay,h,2025
665810,29710,942,Florian Thauvin,19,0.8969999694824219,0.64,0.06778062134981155,BlockedShot,LeftFoot,OpenPlay,h,2025
665812,29710,5648,Malang Sarr,30,0.7119999694824218,0.5479999923706055,0.016643572598695755,SavedShot,LeftFoot,OpenPlay,h,2025
665813,29710,5745,Matthieu Udol,35,0.8859999847412109,0.544000015258789,0.11844369024038315,MissedShots,LeftFoot,OpenPlay,h,2025
665815,29710,3549,Adrien Thomasson,44,0.870999984741211,0.42900001525878906,0.07722236961126328,MissedShots,LeftFoot,OpenPlay,h,2025
665816,29710,13917,Mamadou Sangaré,44,0.785,0.575999984741211,0.034077633172273636,MissedShots,LeftFoot,OpenPlay,h,2025
665817,29710,6006,Ruben Aguilar,45,0.9630000305175781,0.4229999923706055,0.3767576515674591,Goal,RightFoot,OpenPlay,h,2025
665821,29710,3697,Odsonne Edouard,65,0.9419999694824219,0.5070000076293946,0.138414666056633,MissedShots,RightFoot,OpenPlay,h,2025
665823,29710,3799,Wesley Said,83,0.8040000152587891,0.38099998474121094,0.029835117980837822,MissedShots,RightFoot,OpenPlay,h,2025
665825,29710,3799,Wesley Said,89,0.8959999847412109,0.590999984741211,0.1391672044992447,MissedShots,RightFoot,OpenPlay,h,2025
665826,29710,13141,Kyllian Antonio,93,0.9,0.49700000762939456,0.0487033985555172,MissedShots,Head,FromCorner,h,2025
665827,29710,13917,Mamadou Sangaré,96,0.76,0.36700000762939455,0.026047613471746445,MissedShots,LeftFoot,OpenPlay,h,2025
665805,29710,12732,Yanis Zouaoui,1,0.904000015258789,0.14699999809265138,0.05191027745604515,BlockedShot,LeftFoot,DirectFreekick,a,2025
665811,29710,11792,Issa Soumaré,27,0.8930000305175781,0.7280000305175781,0.03676365688443184,MissedShots,RightFoot,OpenPlay,a,2025
665814,29710,8372,Lucas Gourna Douath,37,0.7269999694824218,0.4229999923706055,0.015063319355249405,MissedShots,RightFoot,OpenPlay,a,2025
665818,29710,11788,Arouna Sangante,53,0.9480000305175781,0.615999984741211,0.12368719279766083,SavedShot,Head,SetPiece,a,2025
665819,29710,13742,Ayumu Seko,53,0.9230000305175782,0.5259999847412109,0.05140044912695885,MissedShots,Head,SetPiece,a,2025
665820,29710,11792,Issa Soumaré,61,0.845,0.38799999237060545,0.09401097893714905,SavedShot,RightFoot,OpenPlay,a,2025
665822,29710,8372,Lucas Gourna Douath,74,0.7559999847412109,0.5520000076293945,0.026871049776673317,MissedShots,RightFoot,OpenPlay,a,2025
665824,29710,8684,Fodé Doucouré,86,0.715999984741211,0.4909999847412109,0.013769636861979961,MissedShots,RightFoot,OpenPlay,a,2025
666114,29715,8690,Jean-Phillipe Krasso,2,0.4279999923706055,0.4640000152587891,0.009583232924342155,MissedShots,LeftFoot,OpenPlay,h,2025
666115,29715,9656,Ilan Kebbal,8,0.84,0.275,0.024443192407488823,BlockedShot,LeftFoot,OpenPlay,h,2025
666116,29715,13871,Otávio,8,0.860999984741211,0.6079999923706054,0.030476560816168785,SavedShot,Head,FromCorner,h,2025
666122,29715,8690,Jean-Phillipe Krasso,26,0.8769999694824219,0.5370000076293945,0.07263196259737015,MissedShots,LeftFoot,OpenPlay,h,2025
666130,29715,7908,Marshall Munetsi,51,0.8569999694824219,0.3629999923706055,0.08866829425096512,BlockedShot,RightFoot,OpenPlay,h,2025
666135,29715,10620,Luca Koleosho,75,0.8690000152587891,0.705999984741211,0.043486397713422775,SavedShot,RightFoot,OpenPlay,h,2025
666136,29715,7908,Marshall Munetsi,75,0.94,0.5,0.366216242313385,MissedShots,Head,FromCorner,h,2025
666137,29715,5661,Jonathan Ikone,81,0.919000015258789,0.49200000762939455,0.4249485433101654,Goal,Head,SetPiece,h,2025
666139,29715,9656,Ilan Kebbal,93,0.885,0.5,0.7600294947624207,Goal,LeftFoot,Penalty,h,2025
666113,29715,343,Pierre-Emile Højbjerg,1,0.735,0.5670000076293945,0.017256421968340874,BlockedShot,RightFoot,OpenPlay,a,2025
666117,29715,7486,Leonardo Balerdi,14,0.88,0.5359999847412109,0.02249121479690075,MissedShots,Head,FromCorner,a,2025
666118,29715,7490,Mason Greenwood,14,0.9619999694824218,0.5659999847412109,0.06937848031520844,MissedShots,Head,FromCorner,a,2025
666119,29715,7486,Leonardo Balerdi,14,0.8959999847412109,0.4809999847412109,0.05922370031476021,SavedShot,Head,FromCorner,a,2025
666120,29715,7490,Mason Greenwood,17,0.885,0.5,0.7600951194763184,Goal,RightFoot,Penalty,a,2025
666121,29715,6601,Timothy Weah,21,0.8619999694824219,0.33299999237060546,0.22936329245567322,SavedShot,RightFoot,OpenPlay,a,2025
666123,29715,11132,Ethan Nwaneri,37,0.8769999694824219,0.6419999694824219,0.07687253504991531,MissedShots,LeftFoot,OpenPlay,a,2025
666124,29715,11132,Ethan Nwaneri,39,0.889000015258789,0.7080000305175781,0.0592411570250988,BlockedShot,RightFoot,OpenPlay,a,2025
666125,29715,6601,Timothy Weah,39,0.745,0.29700000762939455,0.01367571298032999,MissedShots,RightFoot,OpenPlay,a,2025
666126,29715,7490,Mason Greenwood,40,0.919000015258789,0.6359999847412109,0.1057102307677269,BlockedShot,LeftFoot,OpenPlay,a,2025
666127,29715,6935,Naif Aguerd,44,0.9059999847412109,0.525,0.10618718713521957,MissedShots,Head,SetPiece,a,2025
666128,29715,11132,Ethan Nwaneri,48,0.8530000305175781,0.47,0.11134801059961319,BlockedShot,LeftFoot,OpenPlay,a,2025
666129,29715,14010,Igor Paixão,48,0.8819999694824219,0.6509999847412109,0.0822237879037857,MissedShots,RightFoot,OpenPlay,a,2025
666131,29715,318,Pierre-Emerick Aubameyang,52,0.9669999694824218,0.545,0.7143959403038025,Goal,RightFoot,OpenPlay,a,2025
666132,29715,343,Pierre-Emile Højbjerg,61,0.73,0.6659999847412109,0.04214691370725632,MissedShots,RightFoot,DirectFreekick,a,2025
666133,29715,7490,Mason Greenwood,72,0.8669999694824219,0.3,0.06090579181909561,BlockedShot,LeftFoot,OpenPlay,a,2025
666134,29715,7486,Leonardo Balerdi,73,0.9130000305175782,0.4570000076293945,0.084199458360672,ShotOnPost,Head,FromCorner,a,2025
666138,29715,6401,Amine Gouiri,90,0.8530000305175781,0.5829999923706055,0.09727580845355988,MissedShots,RightFoot,OpenPlay,a,2025
666248,29711,3536,Jean-Victor Makengo,21,0.8719999694824219,0.28600000381469726,0.0442354790866375,SavedShot,LeftFoot,OpenPlay,h,2025
666249,29711,9345,Ahmadou Bamba Dieng,31,0.924000015258789,0.4859999847412109,0.5421646237373352,Goal,LeftFoot,OpenPlay,h,2025
666251,29711,10347,Pablo Pagis,38,0.72,0.7030000305175781,0.0192661564797163,SavedShot,LeftFoot,OpenPlay,h,2025
666254,29711,9345,Ahmadou Bamba Dieng,56,0.9130000305175782,0.3940000152587891,0.10736828297376633,MissedShots,RightFoot,OpenPlay,h,2025
666260,29711,13794,Arsène Kouassi,88,0.8040000152587891,0.725999984741211,0.06399227678775787,Goal,LeftFoot,DirectFreekick,h,2025
666246,29711,9490,Matthis Abline,3,0.73,0.624000015258789,0.03477640077471733,BlockedShot,RightFoot,OpenPlay,a,2025
666247,29711,10831,Mostafa Mohamed,5,0.8769999694824219,0.445,0.03465333208441734,MissedShots,Head,OpenPlay,a,2025
666250,29711,3390,Rémy Cabella,35,0.8869999694824219,0.5579999923706055,0.3965553045272827,MissedShots,LeftFoot,OpenPlay,a,2025
666252,29711,10831,Mostafa Mohamed,39,0.925,0.45099998474121095,0.0965798944234848,MissedShots,Head,FromCorner,a,2025
666253,29711,10831,Mostafa Mohamed,51,0.899000015258789,0.39,0.03139099106192589,MissedShots,Head,OpenPlay,a,2025
666255,29711,10831,Mostafa Mohamed,59,0.8130000305175781,0.6,0.040190838277339935,SavedShot,LeftFoot,OpenPlay,a,2025
666256,29711,3785,Kelvin Adou,66,0.9169999694824219,0.5820000076293945,0.05405500531196594,MissedShots,Head,FromCorner,a,2025
666257,29711,10831,Mostafa Mohamed,68,0.884000015258789,0.44400001525878907,0.027212662622332573,MissedShots,Head,FromCorner,a,2025
666258,29711,12387,Dehmaine Assoumani,68,0.8569999694824219,0.5940000152587891,0.06382337212562561,BlockedShot,LeftFoot,FromCorner,a,2025
666259,29711,9490,Matthis Abline,73,0.9209999847412109,0.5729999923706055,0.42428523302078247,Goal,RightFoot,OpenPlay,a,2025
666348,29713,2674,Thilo Kehrer,5,0.97,0.3370000076293945,0.010479018092155457,MissedShots,Head,FromCorner,h,2025
666350,29713,6147,Denis Zakaria,11,0.8490000152587891,0.46599998474121096,0.02985057607293129,MissedShots,RightFoot,SetPiece,h,2025
666351,29713,6147,Denis Zakaria,15,0.8619999694824219,0.6220000076293946,0.07859892398118973,ShotOnPost,RightFoot,OpenPlay,h,2025
666353,29713,7967,Anssumane Fati,32,0.9340000152587891,0.34599998474121096,0.3246293365955353,Goal,RightFoot,OpenPlay,h,2025
666355,29713,9690,Folarin Balogun,49,0.924000015258789,0.6890000152587891,0.07961771637201309,SavedShot,LeftFoot,OpenPlay,h,2025
666356,29713,2897,Aleksandr Golovin,47,0.8669999694824219,0.7180000305175781,0.046483803540468216,BlockedShot,RightFoot,OpenPlay,h,2025
666357,29713,12186,Kassoum Ouattara,49,0.855,0.6869999694824219,0.056994128972291946,BlockedShot,LeftFoot,OpenPlay,h,2025
666358,29713,10058,Maghnes Akliouche,49,0.9590000152587891,0.4879999923706055,0.5948037505149841,Goal,RightFoot,OpenPlay,h,2025
666359,29713,12285,Mamadou Coulibaly,58,0.894000015258789,0.36,0.2810269892215729,Goal,LeftFoot,OpenPlay,h,2025
666360,29713,10349,Mika Biereth,63,0.855999984741211,0.505,0.10613065958023071,SavedShot,LeftFoot,OpenPlay,h,2025
666362,29713,10349,Mika Biereth,76,0.904000015258789,0.2879999923706055,0.0472366027534008,BlockedShot,RightFoot,OpenPlay,h,2025
666363,29713,2674,Thilo Kehrer,77,0.8930000305175781,0.5070000076293946,0.0186124537140131,MissedShots,Head,FromCorner,h,2025
666364,29713,12186,Kassoum Ouattara,87,0.8519999694824218,0.63,0.13324975967407227,MissedShots,LeftFoot,OpenPlay,h,2025
666365,29713,12426,Stanis Idumbo Muzambo,88,0.9180000305175782,0.519000015258789,0.47747015953063965,Goal,RightFoot,OpenPlay,h,2025
666347,29713,11782,Mousa Al Tamari,4,0.8480000305175781,0.7090000152587891,0.03269178047776222,SavedShot,LeftFoot,OpenPlay,a,2025
666349,29713,12850,Esteban Lepaul,8,0.9469999694824218,0.3559999847412109,0.08004934340715408,SavedShot,RightFoot,OpenPlay,a,2025
666352,29713,6452,Mahdi Camara,17,0.8569999694824219,0.33799999237060546,0.05535276234149933,SavedShot,RightFoot,OpenPlay,a,2025
666354,29713,12850,Esteban Lepaul,36,0.8909999847412109,0.505,0.03298652172088623,SavedShot,Head,OpenPlay,a,2025
666361,29713,7631,Sebastian Szymanski,74,0.7480000305175781,0.5,0.016039110720157623,BlockedShot,LeftFoot,OpenPlay,a,2025
666366,29713,5356,Breel Embolo,92,0.8959999847412109,0.43900001525878907,0.10976134985685349,MissedShots,RightFoot,OpenPlay,a,2025
666367,29713,7631,Sebastian Szymanski,95,0.840999984741211,0.435,0.07994561642408371,MissedShots,LeftFoot,OpenPlay,a,2025
666368,29713,7631,Sebastian Szymanski,96,0.8590000152587891,0.575999984741211,0.021141640841960907,BlockedShot,Head,OpenPlay,a,2025
666544,29712,11318,Abner,14,0.93,0.6680000305175782,0.09921830892562866,BlockedShot,LeftFoot,OpenPlay,h,2025
666548,29712,14406,Noah Nartey,36,0.8980000305175782,0.49599998474121093,0.43131116032600403,Goal,RightFoot,OpenPlay,h,2025
666553,29712,13735,Pavel Sulc,73,0.975999984741211,0.6930000305175781,0.08646930754184723,SavedShot,LeftFoot,OpenPlay,h,2025
666543,29712,6500,Romain Perraud,12,0.8769999694824219,0.5920000076293945,0.07257819175720215,SavedShot,RightFoot,SetPiece,a,2025
666545,29712,6500,Romain Perraud,21,0.785,0.7769999694824219,0.010952730663120747,SavedShot,LeftFoot,OpenPlay,a,2025
666546,29712,13051,Matias Fernandez-Pardo,27,0.7980000305175782,0.38,0.03372139483690262,SavedShot,RightFoot,OpenPlay,a,2025
666547,29712,12162,Ayyoub Bouaddi,30,0.774000015258789,0.669000015258789,0.02153324894607067,BlockedShot,RightFoot,OpenPlay,a,2025
666549,29712,11757,Hákon Haraldsson,47,0.749000015258789,0.375,0.021209925413131714,MissedShots,RightFoot,OpenPlay,a,2025
666550,29712,12800,Ngal&#039;ayel Mukau,58,0.865999984741211,0.655,0.0526982918381691,MissedShots,LeftFoot,OpenPlay,a,2025
666551,29712,9444,Felix Correia,63,0.6940000152587891,0.6519999694824219,0.014283197931945324,MissedShots,RightFoot,SetPiece,a,2025
666552,29712,12800,Ngal&#039;ayel Mukau,66,0.774000015258789,0.3060000038146973,0.03155870363116264,MissedShots,LeftFoot,OpenPlay,a,2025
666554,29712,13471,Soriba Diaoune,85,0.8480000305175781,0.48900001525878906,0.06093214452266693,MissedShots,RightFoot,OpenPlay,a,2025
666555,29712,13471,Soriba Diaoune,87,0.8030000305175782,0.620999984741211,0.03846720978617668,BlockedShot,RightFoot,OpenPlay,a,2025
666556,29712,13051,Matias Fernandez-Pardo,92,0.7909999847412109,0.5529999923706055,0.032735493034124374,SavedShot,RightFoot,OpenPlay,a,2025
666616,29709,10790,Branco van den Boomen,16,0.7180000305175781,0.6359999847412109,0.04065152630209923,BlockedShot,RightFoot,DirectFreekick,h,2025
666617,29709,10517,Yassin Belkhdim,18,0.7559999847412109,0.4540000152587891,0.023952119052410126,SavedShot,LeftFoot,OpenPlay,h,2025
666618,29709,10295,Louis Mouton,24,0.8919999694824219,0.3659999847412109,0.08619839698076248,Goal,RightFoot,OpenPlay,h,2025
666619,29709,10790,Branco van den Boomen,37,0.7380000305175781,0.4379999923706055,0.02526392601430416,MissedShots,RightFoot,OpenPlay,h,2025
666620,29709,10295,Louis Mouton,37,0.8209999847412109,0.5679999923706055,0.08119578659534454,BlockedShot,RightFoot,OpenPlay,h,2025
666621,29709,10790,Branco van den Boomen,39,0.7290000152587891,0.5459999847412109,0.018537577241659164,MissedShots,RightFoot,OpenPlay,h,2025
666622,29709,10295,Louis Mouton,41,0.909000015258789,0.32099998474121094,0.06845594197511673,SavedShot,RightFoot,OpenPlay,h,2025
666623,29709,10790,Branco van den Boomen,47,0.865999984741211,0.385,0.08031496405601501,SavedShot,RightFoot,OpenPlay,h,2025
666624,29709,13604,Prosper Peter,49,0.914000015258789,0.47200000762939454,0.34646204113960266,MissedShots,Head,OpenPlay,h,2025
666625,29709,6895,Jordan Lefort,54,0.9340000152587891,0.45099998474121095,0.05296385660767555,SavedShot,Head,FromCorner,h,2025
666626,29709,14131,Amine Sbaï,55,0.865,0.3120000076293945,0.05249662697315216,BlockedShot,RightFoot,OpenPlay,h,2025
666627,29709,10295,Louis Mouton,56,0.8490000152587891,0.6220000076293946,0.08360501378774643,MissedShots,RightFoot,OpenPlay,h,2025
666628,29709,11016,Ousmane Camara,68,0.950999984741211,0.6890000152587891,0.007402602583169937,MissedShots,Head,SetPiece,h,2025
666632,29709,13335,Goduine Koyalipou,83,0.914000015258789,0.3990000152587891,0.09907682985067368,BlockedShot,RightFoot,OpenPlay,h,2025
666633,29709,11294,Lilian Raolisoa,84,0.8580000305175781,0.5209999847412109,0.09686631709337234,SavedShot,RightFoot,OpenPlay,h,2025
666634,29709,10295,Louis Mouton,85,0.874000015258789,0.39599998474121095,0.10150856524705887,BlockedShot,RightFoot,OpenPlay,h,2025
666636,29709,13335,Goduine Koyalipou,92,0.8780000305175781,0.35,0.08180373162031174,SavedShot,RightFoot,OpenPlay,h,2025
666615,29709,5769,Habib Diallo,3,0.870999984741211,0.6869999694824219,0.10446776449680328,MissedShots,LeftFoot,OpenPlay,a,2025
666629,29709,13812,Alpha Touré,77,0.7930000305175782,0.33299999237060546,0.011722957715392113,BlockedShot,RightFoot,SetPiece,a,2025
666630,29709,5769,Habib Diallo,79,0.914000015258789,0.4929999923706055,0.0923074409365654,BlockedShot,RightFoot,FromCorner,a,2025
666631,29709,11798,Koffi Kouao,81,0.8730000305175781,0.43599998474121093,0.13171838223934174,MissedShots,LeftFoot,OpenPlay,a,2025
666635,29709,13812,Alpha Touré,88,0.9019999694824219,0.6279999923706054,0.057654865086078644,BlockedShot,LeftFoot,FromCorner,a,2025
666637,29714,8685,Mohamed Ali-Cho,8,0.9030000305175782,0.28399999618530275,0.017839089035987854,BlockedShot,LeftFoot,OpenPlay,h,2025
666640,29714,6846,Sofiane Diop,25,0.8680000305175781,0.745,0.027281148359179497,SavedShot,RightFoot,OpenPlay,h,2025
666641,29714,148,Dante,26,0.914000015258789,0.40599998474121096,0.014722641557455063,MissedShots,Head,FromCorner,h,2025
666642,29714,6846,Sofiane Diop,29,0.7619999694824219,0.6320000076293946,0.015558218583464622,BlockedShot,RightFoot,OpenPlay,h,2025
666643,29714,13750,Kojo Peprah Oppong,37,0.9580000305175781,0.545,0.08041058480739594,BlockedShot,Head,FromCorner,h,2025
666644,29714,3696,Morgan Sanson,39,0.9230000305175782,0.32099998474121094,0.045711178332567215,SavedShot,RightFoot,OpenPlay,h,2025
666645,29714,14031,Charles Vanhoutte,39,0.87,0.3559999847412109,0.04684200882911682,SavedShot,LeftFoot,OpenPlay,h,2025
666649,29714,14379,Kail Boudache,54,0.72,0.500999984741211,0.01075936108827591,MissedShots,RightFoot,SetPiece,h,2025
666650,29714,13070,Ali Abdi,59,0.8590000152587891,0.6179999923706054,0.04792158305644989,BlockedShot,LeftFoot,OpenPlay,h,2025
666651,29714,13070,Ali Abdi,62,0.9430000305175781,0.40099998474121096,0.08337817341089249,Goal,Head,SetPiece,h,2025
666655,29714,9182,Sepe Elye Wahi,70,0.9019999694824219,0.39299999237060546,0.38048961758613586,Goal,RightFoot,OpenPlay,h,2025
666658,29714,14379,Kail Boudache,77,0.8109999847412109,0.31,0.02240263670682907,SavedShot,LeftFoot,OpenPlay,h,2025
666661,29714,11515,Tom Louchet,86,0.8180000305175781,0.509000015258789,0.05460753291845322,SavedShot,RightFoot,OpenPlay,h,2025
666662,29714,13070,Ali Abdi,86,0.88,0.5279999923706055,0.36161163449287415,BlockedShot,RightFoot,OpenPlay,h,2025
666663,29714,8768,Kevin Omoruyi,88,0.755,0.27700000762939453,0.011109034530818462,BlockedShot,RightFoot,OpenPlay,h,2025
666638,29714,3721,Romain Del Castillo,14,0.885,0.5,0.7600951194763184,Goal,LeftFoot,Penalty,a,2025
666639,29714,10100,Kamory Doumbia,22,0.904000015258789,0.49400001525878906,0.48132774233818054,Goal,RightFoot,OpenPlay,a,2025
666646,29714,11065,Remy Labeau Lascary,47,0.98,0.6020000076293945,0.26634693145751953,MissedShots,LeftFoot,OpenPlay,a,2025
666647,29714,13968,Daouda Guindo,48,0.7930000305175782,0.73,0.034545108675956726,MissedShots,LeftFoot,OpenPlay,a,2025
666648,29714,10467,Soumaila Coulibaly,53,0.88,0.4879999923706055,0.054805558174848557,BlockedShot,LeftFoot,FromCorner,a,2025
666652,29714,7739,Joris Chotard,63,0.7140000152587891,0.6880000305175781,0.014336745254695415,MissedShots,RightFoot,OpenPlay,a,2025
666653,29714,11065,Remy Labeau Lascary,68,0.7519999694824219,0.7930000305175782,0.0135821383446455,BlockedShot,RightFoot,OpenPlay,a,2025
666654,29714,10467,Soumaila Coulibaly,69,0.9009999847412109,0.47700000762939454,0.06651099771261215,MissedShots,Head,FromCorner,a,2025
666656,29714,7739,Joris Chotard,74,0.7319999694824219,0.500999984741211,0.01769700087606907,MissedShots,RightFoot,OpenPlay,a,2025
666657,29714,7739,Joris Chotard,76,0.7469999694824219,0.44,0.018534621223807335,MissedShots,RightFoot,OpenPlay,a,2025
666659,29714,7739,Joris Chotard,78,0.8080000305175781,0.5209999847412109,0.05865488201379776,BlockedShot,LeftFoot,OpenPlay,a,2025
666660,29714,10100,Kamory Doumbia,79,0.865999984741211,0.515,0.04861100763082504,BlockedShot,RightFoot,FromCorner,a,2025
666667,29717,14358,Pape Diop,15,0.6909999847412109,0.720999984741211,0.010282137431204319,SavedShot,RightFoot,OpenPlay,h,2025
666668,29717,11777,Cristian Cásseres Jr.,20,0.799000015258789,0.3370000076293945,0.029156802222132683,BlockedShot,RightFoot,OpenPlay,h,2025
666671,29717,6874,Yann Gboho,29,0.855999984741211,0.685,0.048265356570482254,SavedShot,LeftFoot,OpenPlay,h,2025
666673,29717,6874,Yann Gboho,45,0.8480000305175781,0.5629999923706055,0.07948686927556992,MissedShots,RightFoot,OpenPlay,h,2025
666674,29717,11777,Cristian Cásseres Jr.,47,0.75,0.6120000076293945,0.01922311633825302,SavedShot,LeftFoot,OpenPlay,h,2025
666675,29717,9220,Charlie Cresswell,47,0.914000015258789,0.5659999847412109,0.021296769380569458,MissedShots,Head,FromCorner,h,2025
666676,29717,11777,Cristian Cásseres Jr.,54,0.72,0.4540000152587891,0.016010265797376633,BlockedShot,RightFoot,OpenPlay,h,2025
666677,29717,14082,Emersonn,54,0.905,0.485,0.44720327854156494,MissedShots,RightFoot,OpenPlay,h,2025
666678,29717,6874,Yann Gboho,55,0.775,0.47900001525878905,0.03457894176244736,BlockedShot,RightFoot,OpenPlay,h,2025
666680,29717,6874,Yann Gboho,75,0.7269999694824218,0.6270000076293946,0.014308787882328033,BlockedShot,RightFoot,OpenPlay,h,2025
666681,29717,12045,Aron Dønnum,81,0.9319999694824219,0.539000015258789,0.07293150573968887,MissedShots,Head,OpenPlay,h,2025
666682,29717,14358,Pape Diop,85,0.7980000305175782,0.6809999847412109,0.018981341272592545,SavedShot,LeftFoot,FromCorner,h,2025
666664,29717,10815,Lassine Sinayoko,8,0.8909999847412109,0.3370000076293945,0.1991472989320755,SavedShot,RightFoot,OpenPlay,a,2025
666665,29717,6420,Romain Faivre,10,0.8169999694824219,0.22,0.022144541144371033,BlockedShot,LeftFoot,OpenPlay,a,2025
666666,29717,13888,Danny Namaso,13,0.905,0.2589999961853027,0.033062905073165894,BlockedShot,RightFoot,OpenPlay,a,2025
666669,29717,13888,Danny Namaso,24,0.919000015258789,0.6309999847412109,0.4590242803096771,SavedShot,RightFoot,OpenPlay,a,2025
666670,29717,10815,Lassine Sinayoko,25,0.769000015258789,0.3,0.019004223868250847,ShotOnPost,LeftFoot,OpenPlay,a,2025
666672,29717,6420,Romain Faivre,29,0.8959999847412109,0.2589999961853027,0.03429866209626198,MissedShots,LeftFoot,OpenPlay,a,2025
666679,29717,10815,Lassine Sinayoko,64,0.8119999694824219,0.4829999923706055,0.0627894476056099,MissedShots,LeftFoot,OpenPlay,a,2025
666683,29717,10818,Kévin Danois,90,0.9059999847412109,0.6569999694824219,0.04189129173755646,MissedShots,RightFoot,OpenPlay,a,2025
666781,29716,11978,Diego Moreira,13,0.8530000305175781,0.3089999961853027,0.036607615649700165,SavedShot,LeftFoot,OpenPlay,h,2025
666784,29716,10485,Guemissongui Ouattara,16,0.904000015258789,0.5120000076293946,0.09947628527879715,BlockedShot,RightFoot,OpenPlay,h,2025
666785,29716,12413,Joaquín Panichelli,19,0.885,0.5,0.7600951194763184,SavedShot,RightFoot,Penalty,h,2025
666787,29716,10868,Guela Doué,26,0.9019999694824219,0.5229999923706055,0.33816203474998474,Goal,RightFoot,OpenPlay,h,2025
666789,29716,11058,Julio Enciso,40,0.9159999847412109,0.7080000305175781,0.05245218425989151,SavedShot,LeftFoot,OpenPlay,h,2025
666791,29716,10485,Guemissongui Ouattara,51,0.9130000305175782,0.6029999923706054,0.11477813869714737,BlockedShot,RightFoot,OpenPlay,h,2025
666799,29716,10868,Guela Doué,83,0.950999984741211,0.46099998474121096,0.07729797810316086,MissedShots,Head,FromCorner,h,2025
666800,29716,11164,Martial Godo,89,0.855,0.6029999923706054,0.044896893203258514,BlockedShot,RightFoot,OpenPlay,h,2025
666801,29716,11164,Martial Godo,92,0.8980000305175782,0.5259999847412109,0.4473905861377716,MissedShots,LeftFoot,OpenPlay,h,2025
666780,29716,12734,João Neves,4,0.88,0.4229999923706055,0.10651370882987976,BlockedShot,RightFoot,OpenPlay,a,2025
666782,29716,12345,Senny Mayulu,15,0.8780000305175781,0.585999984741211,0.04603026434779167,MissedShots,LeftFoot,FromCorner,a,2025
666783,29716,11910,William Pacho,15,0.924000015258789,0.47400001525878904,0.0481080524623394,MissedShots,Head,FromCorner,a,2025
666786,29716,12345,Senny Mayulu,21,0.955,0.615,0.3725137710571289,Goal,LeftFoot,OpenPlay,a,2025
666788,29716,5197,Achraf Hakimi,32,0.855999984741211,0.3559999847412109,0.06794045120477676,BlockedShot,RightFoot,OpenPlay,a,2025
666790,29716,5197,Achraf Hakimi,42,0.914000015258789,0.3129999923706055,0.02609654702246189,SavedShot,RightFoot,OpenPlay,a,2025
666792,29716,10431,Désiré Doué,55,0.860999984741211,0.6809999847412109,0.046508632600307465,MissedShots,RightFoot,OpenPlay,a,2025
666793,29716,5197,Achraf Hakimi,56,0.8590000152587891,0.44400001525878907,0.09632472693920135,MissedShots,RightFoot,OpenPlay,a,2025
666794,29716,5197,Achraf Hakimi,61,0.805,0.2929999923706055,0.03337832912802696,BlockedShot,RightFoot,FromCorner,a,2025
666795,29716,7313,Lee Kang-In,63,0.7919999694824219,0.37,0.030305780470371246,SavedShot,LeftFoot,OpenPlay,a,2025
666796,29716,3226,Ousmane Dembélé,64,0.8490000152587891,0.34099998474121096,0.04658162221312523,BlockedShot,LeftFoot,OpenPlay,a,2025
666797,29716,10786,Warren Zaïre-Emery,64,0.7869999694824219,0.3170000076293945,0.016818584874272346,BlockedShot,RightFoot,OpenPlay,a,2025
666798,29716,9961,Nuno Mendes,80,0.9259999847412109,0.5929999923706055,0.23076607286930084,Goal,Head,OpenPlay,a,2025
667520,29720,3721,Romain Del Castillo,12,0.8140000152587891,0.325,0.09066050499677658,BlockedShot,LeftFoot,DirectFreekick,h,2025
667521,29720,13968,Daouda Guindo,12,0.7969999694824219,0.3629999923706055,0.020099813118577003,SavedShot,LeftFoot,SetPiece,h,2025
667525,29720,10100,Kamory Doumbia,26,0.8,0.4909999847412109,0.01737084798514843,MissedShots,RightFoot,OpenPlay,h,2025
667526,29720,11065,Remy Labeau Lascary,28,0.8219999694824218,0.8169999694824219,0.01945659890770912,BlockedShot,RightFoot,OpenPlay,h,2025
667529,29720,10100,Kamory Doumbia,32,0.8019999694824219,0.495,0.058024127036333084,BlockedShot,RightFoot,OpenPlay,h,2025
667530,29720,11065,Remy Labeau Lascary,35,0.9540000152587891,0.5790000152587891,0.49187442660331726,MissedShots,LeftFoot,OpenPlay,h,2025
667532,29720,11065,Remy Labeau Lascary,49,0.905,0.6459999847412109,0.06747783720493317,Goal,RightFoot,OpenPlay,h,2025
667534,29720,6905,Ludovic Ajorque,58,0.9180000305175782,0.6809999847412109,0.07573366910219193,SavedShot,LeftFoot,OpenPlay,h,2025
667538,29720,6905,Ludovic Ajorque,76,0.9869999694824219,0.48,0.9709011316299438,Goal,RightFoot,OpenPlay,h,2025
667540,29720,14052,Pathé Mboup,93,0.865999984741211,0.700999984741211,0.10008999705314636,MissedShots,RightFoot,OpenPlay,h,2025
667542,29720,7562,Eric Junior Dina Ebimbe,97,0.8919999694824219,0.45799999237060546,0.1414862424135208,BlockedShot,RightFoot,OpenPlay,h,2025
667519,29720,4882,Laurent Abergel,6,0.745999984741211,0.7230000305175781,0.015537470579147339,MissedShots,RightFoot,FromCorner,a,2025
667522,29720,3536,Jean-Victor Makengo,19,0.8009999847412109,0.37599998474121094,0.042388346046209335,MissedShots,RightFoot,OpenPlay,a,2025
667523,29720,10347,Pablo Pagis,22,0.775,0.4209999847412109,0.030224455520510674,BlockedShot,RightFoot,OpenPlay,a,2025
667524,29720,9929,Théo Le Bris,22,0.8530000305175781,0.49900001525878906,0.09710857272148132,MissedShots,LeftFoot,OpenPlay,a,2025
667527,29720,10347,Pablo Pagis,28,0.8640000152587891,0.6220000076293946,0.06554052233695984,BlockedShot,RightFoot,OpenPlay,a,2025
667528,29720,10347,Pablo Pagis,29,0.7430000305175781,0.51,0.031125692650675774,MissedShots,RightFoot,FromCorner,a,2025
667531,29720,9873,Montassar Talbi,44,0.7980000305175782,0.5070000076293946,0.017240101471543312,SavedShot,RightFoot,OpenPlay,a,2025
667533,29720,10347,Pablo Pagis,55,0.7930000305175782,0.515,0.03784938156604767,BlockedShot,RightFoot,OpenPlay,a,2025
667535,29720,10347,Pablo Pagis,62,0.769000015258789,0.5129999923706055,0.021636640653014183,MissedShots,RightFoot,OpenPlay,a,2025
667536,29720,4882,Laurent Abergel,65,0.754000015258789,0.32799999237060545,0.014736349694430828,MissedShots,RightFoot,FromCorner,a,2025
667537,29720,12049,Aiyegun Tosin,71,0.6990000152587891,0.7230000305175781,0.018203476443886757,MissedShots,RightFoot,FromCorner,a,2025
667539,29720,12383,Mohamed Bamba,89,0.8640000152587891,0.4809999847412109,0.09026095271110535,BlockedShot,RightFoot,OpenPlay,a,2025
667541,29720,9873,Montassar Talbi,96,0.8930000305175781,0.45299999237060545,0.23871681094169617,SavedShot,Head,SetPiece,a,2025
667495,29722,11142,Pierre Ganiou,3,0.7769999694824219,0.56,0.02449498511850834,BlockedShot,RightFoot,FromCorner,h,2025
667496,29722,3549,Adrien Thomasson,4,0.9719999694824218,0.43900001525878907,0.14893166720867157,MissedShots,RightFoot,OpenPlay,h,2025
667497,29722,942,Florian Thauvin,6,0.799000015258789,0.63,0.03197497874498367,MissedShots,LeftFoot,OpenPlay,h,2025
667500,29722,3697,Odsonne Edouard,15,0.8190000152587891,0.44799999237060545,0.04534797742962837,BlockedShot,LeftFoot,OpenPlay,h,2025
667502,29722,3697,Odsonne Edouard,29,0.7769999694824219,0.4640000152587891,0.030484698712825775,MissedShots,RightFoot,OpenPlay,h,2025
667503,29722,3549,Adrien Thomasson,35,0.8490000152587891,0.35700000762939454,0.046223290264606476,BlockedShot,RightFoot,OpenPlay,h,2025
667504,29722,3697,Odsonne Edouard,40,0.9330000305175781,0.37599998474121094,0.25964677333831787,Goal,RightFoot,OpenPlay,h,2025
667506,29722,6006,Ruben Aguilar,53,0.9630000305175781,0.4159999847412109,0.32154861092567444,Goal,Head,OpenPlay,h,2025
667508,29722,942,Florian Thauvin,71,0.9409999847412109,0.40799999237060547,0.056522514671087265,BlockedShot,Head,OpenPlay,h,2025
667510,29722,101,Allan Saint-Maximin,77,0.7659999847412109,0.500999984741211,0.04613032564520836,Goal,RightFoot,OpenPlay,h,2025
667498,29722,12850,Esteban Lepaul,7,0.9259999847412109,0.4490000152587891,0.5039291977882385,Goal,RightFoot,OpenPlay,a,2025
667499,29722,13329,Abdelhamid Aït Boudlal,11,0.775,0.27700000762939453,0.019639790058135986,MissedShots,RightFoot,OpenPlay,a,2025
667501,29722,6452,Mahdi Camara,18,0.7369999694824219,0.5029999923706054,0.023222271353006363,MissedShots,RightFoot,OpenPlay,a,2025
667505,29722,5684,Arnaud Nordin,52,0.830999984741211,0.37400001525878906,0.034765519201755524,BlockedShot,LeftFoot,FromCorner,a,2025
667507,29722,3673,Valentin Rongier,70,0.924000015258789,0.6569999694824219,0.01270021591335535,MissedShots,Head,FromCorner,a,2025
667509,29722,11782,Mousa Al Tamari,73,0.7430000305175781,0.48900001525878906,0.021007733419537544,MissedShots,LeftFoot,OpenPlay,a,2025
667511,29722,12159,Mahamadou Nagida,85,0.72,0.5540000152587891,0.00941469892859459,BlockedShot,LeftFoot,OpenPlay,a,2025
667512,29722,3475,Ludovic Blas,85,0.870999984741211,0.3509999847412109,0.06892430782318115,BlockedShot,LeftFoot,OpenPlay,a,2025
667513,29722,11782,Mousa Al Tamari,86,0.9159999847412109,0.5479999923706055,0.05760461837053299,MissedShots,Head,OpenPlay,a,2025
667514,29722,5356,Breel Embolo,87,0.980999984741211,0.4179999923706055,0.2849162518978119,MissedShots,RightFoot,OpenPlay,a,2025
667515,29722,12850,Esteban Lepaul,88,0.919000015258789,0.5540000152587891,0.11403311789035797,BlockedShot,Head,OpenPlay,a,2025
667516,29722,8677,Lilian Brassier,89,0.9030000305175782,0.4540000152587891,0.061281364411115646,BlockedShot,Head,FromCorner,a,2025
667517,29722,6452,Mahdi Camara,89,0.9359999847412109,0.5279999923706055,0.11590449512004852,MissedShots,RightFoot,FromCorner,a,2025
667518,29722,12159,Mahamadou Nagida,91,0.6809999847412109,0.4420000076293945,0.008622841909527779,MissedShots,LeftFoot,OpenPlay,a,2025
667543,29723,5769,Habib Diallo,3,0.7180000305175781,0.48700000762939455,0.012575095519423485,BlockedShot,LeftFoot,OpenPlay,h,2025
667548,29723,11798,Koffi Kouao,41,0.8030000305175782,0.49900001525878906,0.0516573041677475,MissedShots,LeftFoot,OpenPlay,h,2025
667550,29723,5769,Habib Diallo,49,0.8009999847412109,0.3659999847412109,0.1434706151485443,MissedShots,LeftFoot,OpenPlay,h,2025
667553,29723,13808,Michel Mboula,56,0.8909999847412109,0.6940000152587891,0.04860031232237816,MissedShots,LeftFoot,OpenPlay,h,2025
667556,29723,13813,Giorgi Abuashvili,68,0.8430000305175781,0.63,0.10611409693956375,SavedShot,LeftFoot,OpenPlay,h,2025
667563,29723,5727,Gauthier Hein,95,0.8090000152587891,0.500999984741211,0.2194201648235321,SavedShot,LeftFoot,OpenPlay,h,2025
667544,29723,6500,Romain Perraud,21,0.8580000305175781,0.6619999694824219,0.056233156472444534,BlockedShot,LeftFoot,OpenPlay,a,2025
667545,29723,11757,Hákon Haraldsson,39,0.9230000305175782,0.4109999847412109,0.43048295378685,MissedShots,RightFoot,OpenPlay,a,2025
667546,29723,12330,Noah Edjouma,40,0.889000015258789,0.53,0.14750570058822632,MissedShots,LeftFoot,OpenPlay,a,2025
667547,29723,502,Olivier Giroud,41,0.905,0.5029999923706054,0.0937763899564743,MissedShots,LeftFoot,OpenPlay,a,2025
667549,29723,12330,Noah Edjouma,42,0.845999984741211,0.43599998474121093,0.08447877317667007,BlockedShot,LeftFoot,OpenPlay,a,2025
667551,29723,13051,Matias Fernandez-Pardo,50,0.7869999694824219,0.6320000076293946,0.025469830259680748,BlockedShot,RightFoot,OpenPlay,a,2025
667552,29723,11757,Hákon Haraldsson,54,0.7880000305175782,0.6129999923706054,0.02917398139834404,MissedShots,RightFoot,OpenPlay,a,2025
667554,29723,502,Olivier Giroud,58,0.855999984741211,0.40599998474121096,0.10528357326984406,MissedShots,RightFoot,OpenPlay,a,2025
667555,29723,502,Olivier Giroud,60,0.9119999694824219,0.5070000076293946,0.09344760328531265,MissedShots,Head,FromCorner,a,2025
667557,29723,13051,Matias Fernandez-Pardo,72,0.7769999694824219,0.585,0.020007973536849022,BlockedShot,RightFoot,SetPiece,a,2025
667558,29723,13051,Matias Fernandez-Pardo,74,0.884000015258789,0.62,0.0920415073633194,BlockedShot,RightFoot,OpenPlay,a,2025
667559,29723,9444,Felix Correia,74,0.904000015258789,0.395,0.11038563400506973,SavedShot,RightFoot,OpenPlay,a,2025
667560,29723,10810,Alexsandro Ribeiro,79,0.9009999847412109,0.5579999923706055,0.0523647777736187,MissedShots,Head,FromCorner,a,2025
667561,29723,9444,Felix Correia,86,0.840999984741211,0.6459999847412109,0.04964975640177727,MissedShots,RightFoot,OpenPlay,a,2025
667562,29723,3223,Benjamin André,95,0.8469999694824218,0.5170000076293946,0.1264840066432953,BlockedShot,RightFoot,OpenPlay,a,2025
667564,29723,3285,Gaetan Perrin,95,0.789000015258789,0.7469999694824219,0.018595939502120018,SavedShot,RightFoot,OpenPlay,a,2025
667587,29724,11946,Mohamed Kaba,7,0.82,0.504000015258789,0.06177131086587906,ShotOnPost,LeftFoot,OpenPlay,h,2025
667588,29724,9490,Matthis Abline,9,0.7669999694824219,0.63,0.02469511516392231,BlockedShot,RightFoot,OpenPlay,h,2025
667597,29724,3390,Rémy Cabella,31,0.9209999847412109,0.4420000076293945,0.04529543220996857,BlockedShot,Head,OpenPlay,h,2025
667598,29724,14432,Ali Youssif,33,0.6469999694824219,0.3189999961853027,0.010430777445435524,MissedShots,RightFoot,OpenPlay,h,2025
667600,29724,9490,Matthis Abline,45,0.7290000152587891,0.66,0.016993967816233635,MissedShots,RightFoot,OpenPlay,h,2025
667601,29724,2082,Youssef El-Arabi,48,0.8619999694824219,0.2989999961853027,0.035400550812482834,SavedShot,LeftFoot,OpenPlay,h,2025
667602,29724,14432,Ali Youssif,49,0.915,0.49700000762939456,0.04214359447360039,MissedShots,Head,FromCorner,h,2025
667603,29724,2082,Youssef El-Arabi,50,0.92,0.500999984741211,0.0506899319589138,ShotOnPost,Head,OpenPlay,h,2025
667605,29724,2082,Youssef El-Arabi,68,0.91,0.46099998474121096,0.3315916359424591,SavedShot,Head,OpenPlay,h,2025
667606,29724,11816,Abakar Sylla,73,0.8919999694824219,0.56,0.06212181970477104,MissedShots,Head,SetPiece,h,2025
667607,29724,7763,Fabien Centonze,89,0.9359999847412109,0.4209999847412109,0.04157702997326851,MissedShots,Head,OpenPlay,h,2025
667608,29724,12844,Bahereba Guirassy,91,0.7730000305175782,0.6969999694824218,0.01630725897848606,BlockedShot,RightFoot,OpenPlay,h,2025
667609,29724,497,Francis Coquelin,98,0.8680000305175781,0.38099998474121094,0.05664018169045448,MissedShots,RightFoot,OpenPlay,h,2025
667589,29724,13739,Afonso Moreira,18,0.9390000152587891,0.669000015258789,0.09913972020149231,SavedShot,LeftFoot,OpenPlay,a,2025
667590,29724,9885,Tanner Tessmann,19,0.924000015258789,0.34400001525878904,0.25265318155288696,MissedShots,RightFoot,OpenPlay,a,2025
667591,29724,1750,Ainsley Maitland-Niles,19,0.9230000305175782,0.505,0.12376484274864197,MissedShots,RightFoot,FromCorner,a,2025
667592,29724,14406,Noah Nartey,21,0.7369999694824219,0.4540000152587891,0.01830102503299713,MissedShots,RightFoot,OpenPlay,a,2025
667593,29724,13739,Afonso Moreira,24,0.8669999694824219,0.6730000305175782,0.036852121353149414,BlockedShot,LeftFoot,FromCorner,a,2025
667594,29724,13735,Pavel Sulc,24,0.9,0.5379999923706055,0.11601297557353973,Goal,RightFoot,FromCorner,a,2025
667595,29724,12884,Endrick,26,0.8919999694824219,0.5540000152587891,0.15264298021793365,SavedShot,RightFoot,OpenPlay,a,2025
667596,29724,9885,Tanner Tessmann,30,0.7859999847412109,0.465,0.038949329406023026,MissedShots,LeftFoot,OpenPlay,a,2025
667599,29724,13739,Afonso Moreira,43,0.889000015258789,0.3579999923706055,0.0973394513130188,MissedShots,RightFoot,OpenPlay,a,2025
667604,29724,9885,Tanner Tessmann,55,0.93,0.4909999847412109,0.05865282192826271,MissedShots,Head,SetPiece,a,2025
667727,29725,148,Dante,9,0.9340000152587891,0.5379999923706055,0.05823954939842224,MissedShots,Head,FromCorner,h,2025
667728,29725,13070,Ali Abdi,15,0.845999984741211,0.43,0.008235602639615536,MissedShots,Head,SetPiece,h,2025
667731,29725,6846,Sofiane Diop,32,0.8430000305175781,0.6519999694824219,0.06959852576255798,MissedShots,RightFoot,OpenPlay,h,2025
667733,29725,11515,Tom Louchet,38,0.7709999847412109,0.42700000762939455,0.041072241961956024,BlockedShot,RightFoot,OpenPlay,h,2025
667734,29725,6846,Sofiane Diop,40,0.8469999694824218,0.765,0.022821582853794098,MissedShots,RightFoot,FromCorner,h,2025
667736,29725,3696,Morgan Sanson,46,0.7190000152587891,0.3579999923706055,0.010364244692027569,MissedShots,RightFoot,OpenPlay,h,2025
667739,29725,13752,Gabin Bernardeau,62,0.8030000305175782,0.28,0.023723138496279716,SavedShot,LeftFoot,OpenPlay,h,2025
667742,29725,9182,Sepe Elye Wahi,70,0.8269999694824218,0.36400001525878906,0.04242466017603874,SavedShot,RightFoot,OpenPlay,h,2025
667743,29725,6846,Sofiane Diop,71,0.8030000305175782,0.695,0.02294311858713627,BlockedShot,RightFoot,OpenPlay,h,2025
667744,29725,14379,Kail Boudache,72,0.8190000152587891,0.745999984741211,0.02214890532195568,BlockedShot,LeftFoot,FromCorner,h,2025
667745,29725,8697,Jonathan Clauss,78,0.7380000305175781,0.48700000762939455,0.016275202855467796,MissedShots,RightFoot,OpenPlay,h,2025
667746,29725,9182,Sepe Elye Wahi,80,0.87,0.5229999923706055,0.09316961467266083,SavedShot,RightFoot,OpenPlay,h,2025
667747,29725,14379,Kail Boudache,81,0.8130000305175781,0.28600000381469726,0.0249268040060997,MissedShots,LeftFoot,OpenPlay,h,2025
667726,29725,9690,Folarin Balogun,2,0.960999984741211,0.56,0.4480637013912201,ShotOnPost,LeftFoot,OpenPlay,a,2025
667729,29725,9690,Folarin Balogun,30,0.9019999694824219,0.3240000152587891,0.06775455176830292,SavedShot,RightFoot,OpenPlay,a,2025
667730,29725,9690,Folarin Balogun,31,0.9019999694824219,0.6930000305175781,0.0530870296061039,BlockedShot,LeftFoot,OpenPlay,a,2025
667732,29725,12950,Jordan Teze,35,0.705999984741211,0.495,0.016481442376971245,MissedShots,RightFoot,OpenPlay,a,2025
667735,29725,2897,Aleksandr Golovin,46,0.865,0.5579999923706055,0.07328107953071594,SavedShot,RightFoot,OpenPlay,a,2025
667737,29725,6147,Denis Zakaria,53,0.8530000305175781,0.5420000076293945,0.027253739535808563,BlockedShot,RightFoot,FromCorner,a,2025
667738,29725,11710,Simon Adingra,54,0.8030000305175782,0.500999984741211,0.033510398119688034,MissedShots,RightFoot,FromCorner,a,2025
667740,29725,6147,Denis Zakaria,66,0.9109999847412109,0.425,0.025661371648311615,MissedShots,Head,SetPiece,a,2025
667741,29725,6147,Denis Zakaria,68,0.92,0.5309999847412109,0.04398288205265999,MissedShots,Head,FromCorner,a,2025
667748,29725,12285,Mamadou Coulibaly,85,0.975999984741211,0.28399999618530275,0.038225870579481125,MissedShots,RightFoot,OpenPlay,a,2025
667779,29718,11294,Lilian Raolisoa,16,0.7759999847412109,0.27600000381469725,0.0192903820425272,MissedShots,RightFoot,OpenPlay,h,2025
667782,29718,10295,Louis Mouton,23,0.879000015258789,0.3770000076293945,0.08579478412866592,SavedShot,RightFoot,OpenPlay,h,2025
667785,29718,10790,Branco van den Boomen,38,0.74,0.6359999847412109,0.050125282257795334,SavedShot,RightFoot,DirectFreekick,h,2025
667788,29718,10295,Louis Mouton,50,0.875999984741211,0.395,0.050759658217430115,MissedShots,RightFoot,OpenPlay,h,2025
667790,29718,13335,Goduine Koyalipou,60,0.91,0.4540000152587891,0.4557359218597412,MissedShots,LeftFoot,OpenPlay,h,2025
667792,29718,13612,Lanroy Machine,68,0.8,0.544000015258789,0.018088892102241516,MissedShots,RightFoot,FromCorner,h,2025
667793,29718,13335,Goduine Koyalipou,69,0.8959999847412109,0.46,0.32765841484069824,SavedShot,RightFoot,OpenPlay,h,2025
667794,29718,10517,Yassin Belkhdim,69,0.8440000152587891,0.4109999847412109,0.05693948641419411,MissedShots,RightFoot,OpenPlay,h,2025
667796,29718,10790,Branco van den Boomen,76,0.745999984741211,0.509000015258789,0.009934766218066216,MissedShots,RightFoot,OpenPlay,h,2025
667797,29718,13335,Goduine Koyalipou,76,0.865,0.5659999847412109,0.07614787667989731,MissedShots,LeftFoot,OpenPlay,h,2025
667799,29718,10517,Yassin Belkhdim,84,0.715999984741211,0.3060000038146973,0.013518833555281162,BlockedShot,RightFoot,OpenPlay,h,2025
667800,29718,11294,Lilian Raolisoa,88,0.6630000305175782,0.33799999237060546,0.02631284110248089,Goal,RightFoot,OpenPlay,h,2025
667777,29718,13756,Santiago Hidalgo,0,0.705999984741211,0.6029999923706054,0.01282586995512247,BlockedShot,LeftFoot,OpenPlay,a,2025
667778,29718,11777,Cristian Cásseres Jr.,12,0.7190000152587891,0.5079999923706054,0.015010389499366283,MissedShots,RightFoot,OpenPlay,a,2025
667780,29718,14082,Emersonn,18,0.7669999694824219,0.325,0.023203175514936447,SavedShot,RightFoot,OpenPlay,a,2025
667781,29718,6874,Yann Gboho,21,0.7219999694824218,0.590999984741211,0.01393931545317173,SavedShot,RightFoot,OpenPlay,a,2025
667783,29718,13756,Santiago Hidalgo,33,0.8530000305175781,0.36,0.05739334970712662,MissedShots,LeftFoot,OpenPlay,a,2025
667784,29718,14082,Emersonn,34,0.9169999694824219,0.505,0.32994934916496277,MissedShots,Head,OpenPlay,a,2025
667786,29718,14358,Pape Diop,42,0.6969999694824218,0.5579999923706055,0.012852557934820652,MissedShots,RightFoot,OpenPlay,a,2025
667787,29718,13756,Santiago Hidalgo,46,0.980999984741211,0.35700000762939454,0.06301207840442657,SavedShot,RightFoot,OpenPlay,a,2025
667789,29718,14358,Pape Diop,51,0.7430000305175781,0.6120000076293945,0.01494216825813055,SavedShot,RightFoot,OpenPlay,a,2025
667791,29718,14358,Pape Diop,65,0.5659999847412109,0.5620000076293945,0.011119047179818153,MissedShots,RightFoot,OpenPlay,a,2025
667795,29718,6874,Yann Gboho,74,0.815,0.41700000762939454,0.08188321441411972,BlockedShot,RightFoot,OpenPlay,a,2025
667798,29718,13918,Julián Vignolo,77,0.925,0.32799999237060545,0.05586029961705208,SavedShot,RightFoot,SetPiece,a,2025
667806,29719,13793,Lamine Sy,39,0.9,0.41400001525878904,0.39111989736557007,SavedShot,RightFoot,OpenPlay,h,2025
667807,29719,10815,Lassine Sinayoko,45,0.8390000152587891,0.5920000076293945,0.06493005156517029,SavedShot,RightFoot,OpenPlay,h,2025
667808,29719,11789,Josué Casimir,51,0.8009999847412109,0.5079999923706054,0.07065702974796295,BlockedShot,RightFoot,OpenPlay,h,2025
667809,29719,10815,Lassine Sinayoko,54,0.865999984741211,0.6809999847412109,0.04577804356813431,MissedShots,LeftFoot,OpenPlay,h,2025
667810,29719,13888,Danny Namaso,64,0.9680000305175781,0.6279999923706054,0.01918214000761509,MissedShots,Head,OpenPlay,h,2025
667812,29719,10815,Lassine Sinayoko,71,0.855999984741211,0.63,0.057634346187114716,BlockedShot,RightFoot,OpenPlay,h,2025
667813,29719,13888,Danny Namaso,73,0.815,0.6029999923706054,0.03905484080314636,BlockedShot,RightFoot,SetPiece,h,2025
667814,29719,10815,Lassine Sinayoko,73,0.9380000305175781,0.5520000076293945,0.3598951995372772,MissedShots,Head,FromCorner,h,2025
667815,29719,8970,Sékou Mara,80,0.924000015258789,0.44799999237060545,0.03893955424427986,MissedShots,Head,FromCorner,h,2025
667816,29719,13888,Danny Namaso,82,0.74,0.41400001525878904,0.013224223628640175,BlockedShot,RightFoot,OpenPlay,h,2025
667818,29719,12826,Lasso Coulibaly,93,0.789000015258789,0.625,0.08705580979585648,MissedShots,RightFoot,DirectFreekick,h,2025
667819,29719,10815,Lassine Sinayoko,95,0.955,0.415,0.0864633172750473,MissedShots,Head,FromCorner,h,2025
667801,29719,9656,Ilan Kebbal,6,0.9080000305175782,0.5709999847412109,0.09545059502124786,SavedShot,LeftFoot,OpenPlay,a,2025
667802,29719,13801,Alimami Gory,10,0.8719999694824219,0.33099998474121095,0.03767808899283409,MissedShots,RightFoot,OpenPlay,a,2025
667803,29719,9656,Ilan Kebbal,19,0.8580000305175781,0.2560000038146973,0.02837557904422283,SavedShot,LeftFoot,OpenPlay,a,2025
667804,29719,1209,Ciro Immobile,19,0.9640000152587891,0.45599998474121095,0.14583644270896912,SavedShot,Head,OpenPlay,a,2025
667805,29719,7169,Moses Simon,29,0.715999984741211,0.4379999923706055,0.012422249652445316,MissedShots,RightFoot,FromCorner,a,2025
667811,29719,5661,Jonathan Ikone,68,0.8519999694824218,0.4929999923706055,0.357643187046051,SavedShot,LeftFoot,OpenPlay,a,2025
667817,29719,8690,Jean-Phillipe Krasso,86,0.8680000305175781,0.54,0.08080132305622101,MissedShots,LeftFoot,OpenPlay,a,2025
667820,29721,12446,Simon Ebonog,3,0.76,0.36400001525878906,0.01991010457277298,MissedShots,RightFoot,OpenPlay,h,2025
667823,29721,11788,Arouna Sangante,8,0.899000015258789,0.6309999847412109,0.07211516052484512,SavedShot,LeftFoot,OpenPlay,h,2025
667824,29721,12446,Simon Ebonog,9,0.865,0.63,0.050126634538173676,BlockedShot,RightFoot,FromCorner,h,2025
667825,29721,12446,Simon Ebonog,17,0.7580000305175781,0.32099998474121094,0.021460646763443947,MissedShots,RightFoot,OpenPlay,h,2025
667826,29721,13548,Stephan Zagadou,25,0.9209999847412109,0.46799999237060547,0.100525863468647,Goal,Head,FromCorner,h,2025
667827,29721,1734,Sofiane Boufal,32,0.7730000305175782,0.3160000038146973,0.05899971351027489,BlockedShot,RightFoot,DirectFreekick,h,2025
667831,29721,11792,Issa Soumaré,40,0.8969999694824219,0.5459999847412109,0.09032786637544632,SavedShot,Head,OpenPlay,h,2025
667832,29721,11790,Rassoul Ndiaye,43,0.8590000152587891,0.5579999923706055,0.0940268412232399,BlockedShot,LeftFoot,OpenPlay,h,2025
667833,29721,11787,Loïc Négo,43,0.8680000305175781,0.34900001525878904,0.049267951399087906,SavedShot,RightFoot,OpenPlay,h,2025
667834,29721,1734,Sofiane Boufal,47,0.46799999237060547,0.48700000762939455,0.013506724499166012,SavedShot,RightFoot,OpenPlay,h,2025
667835,29721,11792,Issa Soumaré,46,0.7559999847412109,0.46599998474121096,0.048318326473236084,MissedShots,RightFoot,OpenPlay,h,2025
667836,29721,11792,Issa Soumaré,53,0.88,0.6079999923706054,0.09169115871191025,Goal,RightFoot,OpenPlay,h,2025
667837,29721,11787,Loïc Négo,64,0.7130000305175781,0.524000015258789,0.0094041358679533,MissedShots,RightFoot,FromCorner,h,2025
667838,29721,8701,Timothee Pembele,69,0.845999984741211,0.6480000305175782,0.06167353317141533,MissedShots,RightFoot,OpenPlay,h,2025
667843,29721,11795,Yassine Kechta,91,0.8669999694824219,0.6270000076293946,0.08009853959083557,SavedShot,LeftFoot,OpenPlay,h,2025
667821,29721,11058,Julio Enciso,5,0.874000015258789,0.3029999923706055,0.05224856734275818,BlockedShot,RightFoot,OpenPlay,a,2025
667822,29721,11058,Julio Enciso,5,0.799000015258789,0.3220000076293945,0.02780984714627266,SavedShot,LeftFoot,OpenPlay,a,2025
667828,29721,11164,Martial Godo,35,0.8180000305175781,0.580999984741211,0.04430462047457695,Goal,RightFoot,OpenPlay,a,2025
667829,29721,11058,Julio Enciso,39,0.75,0.6270000076293946,0.02031133696436882,BlockedShot,RightFoot,OpenPlay,a,2025
667830,29721,11058,Julio Enciso,39,0.8490000152587891,0.4809999847412109,0.09402817487716675,BlockedShot,LeftFoot,OpenPlay,a,2025
667839,29721,11164,Martial Godo,70,0.9690000152587891,0.6430000305175781,0.056849636137485504,BlockedShot,RightFoot,OpenPlay,a,2025
667840,29721,12284,Samir El Mourabet,78,0.7030000305175781,0.524000015258789,0.014988570474088192,MissedShots,LeftFoot,OpenPlay,a,2025
667841,29721,12970,Sebastian Nanasi,87,0.9009999847412109,0.5209999847412109,0.18024611473083496,SavedShot,Head,OpenPlay,a,2025
667842,29721,11978,Diego Moreira,90,0.7530000305175781,0.46900001525878904,0.022153407335281372,BlockedShot,LeftFoot,OpenPlay,a,2025
667985,29726,10431,Désiré Doué,1,0.860999984741211,0.32099998474121094,0.04549514874815941,BlockedShot,LeftFoot,OpenPlay,h,2025
667986,29726,10016,Bradley Barcola,7,0.8440000152587891,0.6070000076293945,0.05816201493144035,MissedShots,RightFoot,OpenPlay,h,2025
667987,29726,3226,Ousmane Dembélé,11,0.889000015258789,0.4229999923706055,0.3602587580680847,Goal,RightFoot,OpenPlay,h,2025
667990,29726,10431,Désiré Doué,24,0.8419999694824218,0.55,0.12663012742996216,BlockedShot,LeftFoot,OpenPlay,h,2025
667992,29726,10431,Désiré Doué,31,0.9030000305175782,0.3270000076293945,0.08105182647705078,SavedShot,RightFoot,OpenPlay,h,2025
667993,29726,3226,Ousmane Dembélé,36,0.950999984741211,0.34599998474121096,0.3015587329864502,Goal,RightFoot,OpenPlay,h,2025
667994,29726,3226,Ousmane Dembélé,42,0.8930000305175781,0.2620000076293945,0.058464810252189636,MissedShots,RightFoot,OpenPlay,h,2025
667996,29726,12734,João Neves,49,0.875,0.5829999923706055,0.09439454227685928,SavedShot,RightFoot,OpenPlay,h,2025
667997,29726,10431,Désiré Doué,49,0.92,0.405,0.4717843234539032,ShotOnPost,RightFoot,OpenPlay,h,2025
667998,29726,10431,Désiré Doué,53,0.9730000305175781,0.41900001525878905,0.5765212178230286,MissedShots,RightFoot,OpenPlay,h,2025
668000,29726,10016,Bradley Barcola,56,0.9490000152587891,0.6890000152587891,0.06678827106952667,ShotOnPost,LeftFoot,OpenPlay,h,2025
668001,29726,12345,Senny Mayulu,58,0.9669999694824218,0.675,0.08358584344387054,MissedShots,LeftFoot,OpenPlay,h,2025
668003,29726,10431,Désiré Doué,60,0.799000015258789,0.35700000762939454,0.044128455221652985,MissedShots,LeftFoot,OpenPlay,h,2025
668004,29726,10016,Bradley Barcola,63,0.97,0.6129999923706054,0.5136789083480835,MissedShots,LeftFoot,OpenPlay,h,2025
668006,29726,7453,Khvicha Kvaratskhelia,65,0.8809999847412109,0.37200000762939456,0.10429776459932327,Goal,RightFoot,OpenPlay,h,2025
668008,29726,7313,Lee Kang-In,73,0.8619999694824219,0.33599998474121096,0.0750487893819809,Goal,LeftFoot,OpenPlay,h,2025
668010,29726,11767,Gonçalo Ramos,84,0.9569999694824218,0.6519999694824219,0.08575475960969925,BlockedShot,LeftFoot,OpenPlay,h,2025
668011,29726,11767,Gonçalo Ramos,85,0.924000015258789,0.49,0.3849949836730957,MissedShots,Head,FromCorner,h,2025
668012,29726,7453,Khvicha Kvaratskhelia,88,0.9580000305175781,0.505,0.5962828993797302,ShotOnPost,RightFoot,SetPiece,h,2025
668013,29726,9961,Nuno Mendes,88,0.7709999847412109,0.7559999847412109,0.011656276881694794,MissedShots,LeftFoot,SetPiece,h,2025
668014,29726,9961,Nuno Mendes,89,0.855,0.6519999694824219,0.0739629864692688,ShotOnPost,LeftFoot,OpenPlay,h,2025
668015,29726,9961,Nuno Mendes,90,0.89,0.5640000152587891,0.4232180416584015,SavedShot,LeftFoot,SetPiece,h,2025
667988,29726,6401,Amine Gouiri,14,0.9540000152587891,0.544000015258789,0.5648321509361267,SavedShot,RightFoot,OpenPlay,a,2025
667989,29726,7490,Mason Greenwood,24,0.909000015258789,0.7090000152587891,0.043223436921834946,BlockedShot,LeftFoot,OpenPlay,a,2025
667991,29726,14376,Quinten Timber,28,0.8640000152587891,0.5520000076293945,0.08412803709506989,MissedShots,RightFoot,OpenPlay,a,2025
667995,29726,8664,Facundo Medina,47,0.745999984741211,0.74,0.010923696681857109,MissedShots,LeftFoot,OpenPlay,a,2025
667999,29726,14010,Igor Paixão,54,0.914000015258789,0.610999984741211,0.032135456800460815,SavedShot,Head,OpenPlay,a,2025
668002,29726,6601,Timothy Weah,59,0.855999984741211,0.4109999847412109,0.08904139697551727,BlockedShot,RightFoot,OpenPlay,a,2025
668005,29726,8664,Facundo Medina,63,0.07300000190734864,0.43599998474121093,0,OwnGoal,Head,OpenPlay,a,2025
668007,29726,10923,Himad Abdelli,71,0.7480000305175781,0.4829999923706055,0.020248567685484886,BlockedShot,RightFoot,OpenPlay,a,2025
668009,29726,10923,Himad Abdelli,77,0.8080000305175781,0.515,0.05442383512854576,BlockedShot,RightFoot,OpenPlay,a,2025
668016,29726,10923,Himad Abdelli,91,0.6909999847412109,0.5409999847412109,0.0071533857844769955,SavedShot,RightFoot,OpenPlay,a,2025
668437,29735,12850,Esteban Lepaul,5,0.755,0.64,0.022606855258345604,ShotOnPost,RightFoot,OpenPlay,h,2025
668438,29735,9399,Quentin Merlin,11,0.730999984741211,0.6309999847412109,0.0139686344191432,BlockedShot,LeftFoot,FromCorner,h,2025
668440,29735,5684,Arnaud Nordin,13,0.8669999694824219,0.34,0.04697848856449127,BlockedShot,LeftFoot,OpenPlay,h,2025
668441,29735,11782,Mousa Al Tamari,13,0.774000015258789,0.3659999847412109,0.017493538558483124,BlockedShot,LeftFoot,OpenPlay,h,2025
668444,29735,9399,Quentin Merlin,31,0.87,0.6769999694824219,0.05553785711526871,SavedShot,LeftFoot,OpenPlay,h,2025
668448,29735,11782,Mousa Al Tamari,33,0.8180000305175781,0.445,0.051387958228588104,Goal,LeftFoot,OpenPlay,h,2025
668450,29735,5684,Arnaud Nordin,45,0.8619999694824219,0.40400001525878904,0.35915136337280273,MissedShots,RightFoot,OpenPlay,h,2025
668452,29735,12159,Mahamadou Nagida,47,0.7519999694824219,0.2879999923706055,0.016287488862872124,BlockedShot,LeftFoot,OpenPlay,h,2025
668455,29735,5684,Arnaud Nordin,61,0.7190000152587891,0.4129999923706055,0.01993744634091854,MissedShots,RightFoot,OpenPlay,h,2025
668459,29735,3475,Ludovic Blas,68,0.8090000152587891,0.5459999847412109,0.09293868392705917,BlockedShot,LeftFoot,OpenPlay,h,2025
668460,29735,12850,Esteban Lepaul,68,0.919000015258789,0.4620000076293945,0.09240639954805374,Goal,Head,FromCorner,h,2025
668466,29735,12451,Djaoui Cissé,79,0.86,0.2979999923706055,0.050895921885967255,MissedShots,RightFoot,OpenPlay,h,2025
668467,29735,5356,Breel Embolo,80,0.9680000305175781,0.5279999923706055,0.9632753729820251,Goal,OtherBodyPart,OpenPlay,h,2025
668439,29735,10431,Désiré Doué,11,0.8,0.35200000762939454,0.21888992190361023,SavedShot,RightFoot,OpenPlay,a,2025
668442,29735,10431,Désiré Doué,23,0.874000015258789,0.34299999237060547,0.05412452667951584,BlockedShot,LeftFoot,OpenPlay,a,2025
668443,29735,10431,Désiré Doué,23,0.96,0.534000015258789,0.5966745615005493,MissedShots,RightFoot,OpenPlay,a,2025
668445,29735,3226,Ousmane Dembélé,31,0.8119999694824219,0.31,0.02581079490482807,SavedShot,LeftFoot,OpenPlay,a,2025
668446,29735,12734,João Neves,31,0.8919999694824219,0.515,0.1053491160273552,BlockedShot,RightFoot,OpenPlay,a,2025
668447,29735,7453,Khvicha Kvaratskhelia,31,0.8540000152587891,0.5840000152587891,0.09169307351112366,BlockedShot,RightFoot,OpenPlay,a,2025
668449,29735,12734,João Neves,38,0.9819999694824219,0.5579999923706055,0.6324805617332458,MissedShots,RightFoot,OpenPlay,a,2025
668451,29735,10786,Warren Zaïre-Emery,46,0.769000015258789,0.4379999923706055,0.02826717682182789,MissedShots,RightFoot,OpenPlay,a,2025
668453,29735,3226,Ousmane Dembélé,49,0.8640000152587891,0.4420000076293945,0.06156213581562042,MissedShots,LeftFoot,OpenPlay,a,2025
668454,29735,10431,Désiré Doué,56,0.9009999847412109,0.40900001525878904,0.07912652939558029,MissedShots,LeftFoot,OpenPlay,a,2025
668456,29735,3226,Ousmane Dembélé,62,0.8719999694824219,0.7080000305175781,0.042776793241500854,BlockedShot,LeftFoot,OpenPlay,a,2025
668457,29735,11910,William Pacho,63,0.9490000152587891,0.495,0.08616281300783157,BlockedShot,Head,FromCorner,a,2025
668458,29735,10786,Warren Zaïre-Emery,64,0.9259999847412109,0.539000015258789,0.10198400169610977,BlockedShot,RightFoot,FromCorner,a,2025
668461,29735,3226,Ousmane Dembélé,70,0.9569999694824218,0.4590000152587891,0.6071591377258301,Goal,Head,OpenPlay,a,2025
668462,29735,9961,Nuno Mendes,76,0.8480000305175781,0.5220000076293946,0.07233086973428726,BlockedShot,RightFoot,OpenPlay,a,2025
668463,29735,11767,Gonçalo Ramos,76,0.9009999847412109,0.544000015258789,0.11782588064670563,SavedShot,LeftFoot,OpenPlay,a,2025
668464,29735,11767,Gonçalo Ramos,76,0.9590000152587891,0.515,0.6628523468971252,SavedShot,RightFoot,OpenPlay,a,2025
668465,29735,10016,Bradley Barcola,78,0.9159999847412109,0.5879999923706055,0.4668015241622925,BlockedShot,RightFoot,OpenPlay,a,2025
668468,29735,11767,Gonçalo Ramos,88,0.889000015258789,0.5029999923706054,0.04562227800488472,MissedShots,Head,OpenPlay,a,2025
668469,29735,10016,Bradley Barcola,91,0.970999984741211,0.595,0.09804996103048325,SavedShot,LeftFoot,OpenPlay,a,2025
668470,29735,11767,Gonçalo Ramos,92,0.960999984741211,0.6179999923706054,0.03066832758486271,MissedShots,Head,FromCorner,a,2025
668471,29735,7313,Lee Kang-In,94,0.7730000305175782,0.41200000762939454,0.02792542241513729,SavedShot,LeftFoot,OpenPlay,a,2025
668511,29733,9690,Folarin Balogun,7,0.8730000305175781,0.6619999694824219,0.05504368618130684,BlockedShot,LeftFoot,OpenPlay,h,2025
668512,29733,2674,Thilo Kehrer,8,0.9230000305175782,0.5470000076293945,0.09332620352506638,MissedShots,Head,FromCorner,h,2025
668513,29733,11710,Simon Adingra,17,0.8140000152587891,0.629000015258789,0.04256219416856766,MissedShots,RightFoot,OpenPlay,h,2025
668514,29733,9690,Folarin Balogun,17,0.8690000152587891,0.3029999923706055,0.049673911184072495,SavedShot,LeftFoot,OpenPlay,h,2025
668515,29733,8646,Wout Faes,18,0.950999984741211,0.45599998474121095,0.4006643295288086,SavedShot,Head,FromCorner,h,2025
668516,29733,9690,Folarin Balogun,21,0.9359999847412109,0.4329999923706055,0.11355625838041306,MissedShots,RightFoot,OpenPlay,h,2025
668517,29733,11710,Simon Adingra,24,0.9480000305175781,0.534000015258789,0.6002370119094849,Goal,LeftFoot,OpenPlay,h,2025
668518,29733,11710,Simon Adingra,27,0.8690000152587891,0.57,0.3521631062030792,Goal,RightFoot,OpenPlay,h,2025
668519,29733,6147,Denis Zakaria,29,0.8530000305175781,0.5790000152587891,0.10039589554071426,Goal,RightFoot,OpenPlay,h,2025
668521,29733,11710,Simon Adingra,39,0.8730000305175781,0.57,0.1044008880853653,BlockedShot,RightFoot,OpenPlay,h,2025
668526,29733,9690,Folarin Balogun,55,0.8480000305175781,0.3089999961853027,0.09342663735151291,BlockedShot,RightFoot,OpenPlay,h,2025
668534,29733,7967,Anssumane Fati,93,0.7909999847412109,0.3890000152587891,0.19642546772956848,SavedShot,RightFoot,OpenPlay,h,2025
668510,29733,12387,Dehmaine Assoumani,5,0.8680000305175781,0.4420000076293945,0.0984586626291275,BlockedShot,LeftFoot,OpenPlay,a,2025
668520,29733,9490,Matthis Abline,37,0.8069999694824219,0.5320000076293945,0.05014902353286743,BlockedShot,RightFoot,OpenPlay,a,2025
668522,29733,9632,Deiver Machado,43,0.79,0.5520000076293945,0.03935788944363594,MissedShots,RightFoot,OpenPlay,a,2025
668523,29733,7763,Fabien Centonze,45,0.875,0.45299999237060545,0.10258332639932632,Goal,LeftFoot,OpenPlay,a,2025
668524,29733,11816,Abakar Sylla,49,0.91,0.47099998474121096,0.32066482305526733,MissedShots,Head,SetPiece,a,2025
668525,29733,9490,Matthis Abline,45,0.7580000305175781,0.3940000152587891,0.0233780350536108,SavedShot,RightFoot,OpenPlay,a,2025
668527,29733,9632,Deiver Machado,61,0.8869999694824219,0.669000015258789,0.05570748820900917,BlockedShot,LeftFoot,OpenPlay,a,2025
668528,29733,9490,Matthis Abline,62,0.8369999694824218,0.3089999961853027,0.01651010476052761,MissedShots,RightFoot,FromCorner,a,2025
668529,29733,12387,Dehmaine Assoumani,69,0.8880000305175781,0.34900001525878904,0.11057157814502716,BlockedShot,LeftFoot,OpenPlay,a,2025
668530,29733,10702,Johann Lepenant,80,0.7290000152587891,0.549000015258789,0.019089356064796448,BlockedShot,RightFoot,OpenPlay,a,2025
668531,29733,9490,Matthis Abline,82,0.75,0.705,0.013521731831133366,BlockedShot,RightFoot,OpenPlay,a,2025
668532,29733,6238,Ignatius Ganago,83,0.9419999694824219,0.5559999847412109,0.11647874861955643,MissedShots,Head,FromCorner,a,2025
668533,29733,12387,Dehmaine Assoumani,92,0.845999984741211,0.32799999237060545,0.04013768956065178,MissedShots,RightFoot,OpenPlay,a,2025
668762,29731,7490,Mason Greenwood,12,0.8830000305175781,0.29399999618530276,0.04000122845172882,MissedShots,LeftFoot,OpenPlay,h,2025
668763,29731,7490,Mason Greenwood,13,0.9519999694824218,0.38,0.36557596921920776,Goal,RightFoot,OpenPlay,h,2025
668765,29731,318,Pierre-Emerick Aubameyang,38,0.8969999694824219,0.654000015258789,0.11328472942113876,SavedShot,LeftFoot,OpenPlay,h,2025
668766,29731,318,Pierre-Emerick Aubameyang,38,0.914000015258789,0.6419999694824219,0.10745951533317566,SavedShot,LeftFoot,OpenPlay,h,2025
668770,29731,7490,Mason Greenwood,45,0.9159999847412109,0.34200000762939453,0.07536599785089493,SavedShot,RightFoot,OpenPlay,h,2025
668771,29731,6401,Amine Gouiri,46,0.865999984741211,0.654000015258789,0.07572143524885178,Goal,RightFoot,OpenPlay,h,2025
668773,29731,14376,Quinten Timber,49,0.9580000305175781,0.5409999847412109,0.6948176622390747,MissedShots,RightFoot,OpenPlay,h,2025
668778,29731,7490,Mason Greenwood,82,0.7969999694824219,0.33299999237060546,0.04001336172223091,MissedShots,LeftFoot,OpenPlay,h,2025
668779,29731,14010,Igor Paixão,90,0.865,0.6359999847412109,0.07459553331136703,SavedShot,RightFoot,OpenPlay,h,2025
668780,29731,6601,Timothy Weah,92,0.779000015258789,0.43,0.02851448394358158,MissedShots,RightFoot,OpenPlay,h,2025
668761,29731,11164,Martial Godo,4,0.96,0.5370000076293945,0.5488108992576599,ShotOnPost,Head,OpenPlay,a,2025
668764,29731,13817,Lucas Høgsberg,26,0.93,0.5159999847412109,0.12403656542301178,MissedShots,Head,SetPiece,a,2025
668767,29731,12413,Joaquín Panichelli,39,0.86,0.34,0.05257060006260872,MissedShots,RightFoot,OpenPlay,a,2025
668768,29731,11978,Diego Moreira,42,0.745999984741211,0.34799999237060547,0.05087731033563614,SavedShot,LeftFoot,DirectFreekick,a,2025
668769,29731,782,Ben Chilwell,44,0.710999984741211,0.6279999923706054,0.011510562151670456,MissedShots,LeftFoot,OpenPlay,a,2025
668772,29731,11164,Martial Godo,48,0.870999984741211,0.6840000152587891,0.05772173032164574,BlockedShot,RightFoot,OpenPlay,a,2025
668774,29731,14359,Gessime Yassine,65,0.8569999694824219,0.265,0.03254656866192818,MissedShots,LeftFoot,OpenPlay,a,2025
668775,29731,12970,Sebastian Nanasi,72,0.955999984741211,0.6419999694824219,0.08829370886087418,Goal,LeftFoot,OpenPlay,a,2025
668776,29731,10868,Guela Doué,75,0.914000015258789,0.5379999923706055,0.29569292068481445,SavedShot,Head,FromCorner,a,2025
668777,29731,12970,Sebastian Nanasi,75,0.925,0.6790000152587891,0.10325314849615097,MissedShots,RightFoot,FromCorner,a,2025
668781,29731,12413,Joaquín Panichelli,92,0.970999984741211,0.40599998474121096,0.2661224901676178,MissedShots,Head,OpenPlay,a,2025
668782,29731,12413,Joaquín Panichelli,96,0.885,0.5,0.7600951194763184,Goal,RightFoot,Penalty,a,2025
668852,29728,13471,Soriba Diaoune,1,0.93,0.6940000152587891,0.06111576408147812,BlockedShot,RightFoot,OpenPlay,h,2025
668853,29728,12162,Ayyoub Bouaddi,3,0.8369999694824218,0.24200000762939453,0.019799208268523216,BlockedShot,LeftFoot,OpenPlay,h,2025
668857,29728,12800,Ngal&#039;ayel Mukau,4,0.725,0.5970000076293945,0.012452825903892517,SavedShot,LeftFoot,OpenPlay,h,2025
668858,29728,11757,Hákon Haraldsson,7,0.8109999847412109,0.6940000152587891,0.02351451851427555,MissedShots,RightFoot,OpenPlay,h,2025
668859,29728,13051,Matias Fernandez-Pardo,9,0.9380000305175781,0.545,0.4260270297527313,SavedShot,Head,OpenPlay,h,2025
668860,29728,3223,Benjamin André,16,0.8580000305175781,0.46900001525878904,0.10157877951860428,BlockedShot,LeftFoot,OpenPlay,h,2025
668861,29728,13051,Matias Fernandez-Pardo,17,0.965,0.590999984741211,0.09917328506708145,BlockedShot,LeftFoot,FromCorner,h,2025
668862,29728,3223,Benjamin André,17,0.860999984741211,0.4809999847412109,0.058735497295856476,BlockedShot,RightFoot,FromCorner,h,2025
668863,29728,10810,Alexsandro Ribeiro,17,0.914000015258789,0.385,0.08531811833381653,MissedShots,LeftFoot,FromCorner,h,2025
668864,29728,13471,Soriba Diaoune,19,0.845999984741211,0.544000015258789,0.07598356902599335,SavedShot,RightFoot,OpenPlay,h,2025
668866,29728,13051,Matias Fernandez-Pardo,24,0.874000015258789,0.43099998474121093,0.0755380317568779,BlockedShot,RightFoot,OpenPlay,h,2025
668867,29728,10810,Alexsandro Ribeiro,32,0.945,0.27700000762939453,0.008601686917245388,MissedShots,Head,FromCorner,h,2025
668869,29728,3223,Benjamin André,37,0.9030000305175782,0.4209999847412109,0.0561421774327755,MissedShots,RightFoot,FromCorner,h,2025
668870,29728,10810,Alexsandro Ribeiro,48,0.8490000152587891,0.534000015258789,0.042142584919929504,MissedShots,RightFoot,FromCorner,h,2025
668875,29728,13051,Matias Fernandez-Pardo,59,0.82,0.725999984741211,0.023006124421954155,SavedShot,RightFoot,OpenPlay,h,2025
668876,29728,12800,Ngal&#039;ayel Mukau,61,0.8190000152587891,0.4829999923706055,0.060549911111593246,MissedShots,LeftFoot,OpenPlay,h,2025
668877,29728,6500,Romain Perraud,65,0.8090000152587891,0.6719999694824219,0.032870080322027206,BlockedShot,LeftFoot,OpenPlay,h,2025
668878,29728,3285,Gaetan Perrin,66,0.8430000305175781,0.6409999847412109,0.04269501194357872,BlockedShot,RightFoot,FromCorner,h,2025
668879,29728,3285,Gaetan Perrin,70,0.8680000305175781,0.37900001525878907,0.41324374079704285,Goal,RightFoot,OpenPlay,h,2025
668882,29728,13051,Matias Fernandez-Pardo,91,0.93,0.5890000152587891,0.060783568769693375,MissedShots,Head,FromCorner,h,2025
668854,29728,7562,Eric Junior Dina Ebimbe,3,0.8980000305175782,0.5679999923706055,0.08311066776514053,BlockedShot,RightFoot,OpenPlay,a,2025
668855,29728,7562,Eric Junior Dina Ebimbe,4,0.8719999694824219,0.5970000076293945,0.07166481018066406,BlockedShot,RightFoot,OpenPlay,a,2025
668856,29728,5742,Hugo Magnetti,4,0.7230000305175781,0.5879999923706055,0.01155086699873209,BlockedShot,RightFoot,OpenPlay,a,2025
668865,29728,11065,Remy Labeau Lascary,23,0.855,0.6519999694824219,0.0799289271235466,MissedShots,RightFoot,OpenPlay,a,2025
668868,29728,11065,Remy Labeau Lascary,35,0.8630000305175781,0.7380000305175781,0.02504708804190159,SavedShot,RightFoot,OpenPlay,a,2025
668871,29728,13968,Daouda Guindo,51,0.9490000152587891,0.685,0.06269673258066177,MissedShots,LeftFoot,OpenPlay,a,2025
668872,29728,5975,Kenny Lala,53,0.8119999694824219,0.2620000076293945,0.01675904169678688,SavedShot,LeftFoot,FromCorner,a,2025
668873,29728,3721,Romain Del Castillo,56,0.89,0.46599998474121096,0.41648542881011963,MissedShots,LeftFoot,OpenPlay,a,2025
668874,29728,11065,Remy Labeau Lascary,57,0.7780000305175782,0.4909999847412109,0.033581264317035675,Goal,RightFoot,OpenPlay,a,2025
668880,29728,5742,Hugo Magnetti,72,0.749000015258789,0.40900001525878904,0.017409810796380043,BlockedShot,RightFoot,OpenPlay,a,2025
668881,29728,13968,Daouda Guindo,81,0.7719999694824219,0.485,0.0314040370285511,SavedShot,RightFoot,OpenPlay,a,2025
668940,29734,9656,Ilan Kebbal,9,0.8580000305175781,0.55,0.09528558701276779,BlockedShot,LeftFoot,OpenPlay,h,2025
668941,29734,3772,Maxime Lopez,9,0.7290000152587891,0.5890000152587891,0.017005151137709618,SavedShot,RightFoot,OpenPlay,h,2025
668945,29734,13871,Otávio,15,0.7,0.7180000305175781,0.012553512118756771,BlockedShot,LeftFoot,OpenPlay,h,2025
668946,29734,1209,Ciro Immobile,22,0.8640000152587891,0.48,0.0713777020573616,BlockedShot,RightFoot,OpenPlay,h,2025
668949,29734,7908,Marshall Munetsi,32,0.81,0.515,0.04509361833333969,SavedShot,LeftFoot,OpenPlay,h,2025
668953,29734,13871,Otávio,50,0.7469999694824219,0.7480000305175781,0.007672163192182779,SavedShot,LeftFoot,OpenPlay,h,2025
668954,29734,1209,Ciro Immobile,54,0.759000015258789,0.605999984741211,0.022397097200155258,MissedShots,RightFoot,OpenPlay,h,2025
668960,29734,9656,Ilan Kebbal,75,0.7869999694824219,0.45,0.0448848195374012,SavedShot,LeftFoot,OpenPlay,h,2025
668961,29734,5696,Vincent Marchetti,76,0.7930000305175782,0.695,0.01507390197366476,MissedShots,LeftFoot,OpenPlay,h,2025
668962,29734,7169,Moses Simon,78,0.76,0.705999984741211,0.008302033878862858,SavedShot,RightFoot,OpenPlay,h,2025
668963,29734,8690,Jean-Phillipe Krasso,79,0.855999984741211,0.55,0.05969822034239769,SavedShot,LeftFoot,OpenPlay,h,2025
668939,29734,942,Florian Thauvin,7,0.8530000305175781,0.47,0.0947304219007492,SavedShot,RightFoot,OpenPlay,a,2025
668942,29734,942,Florian Thauvin,12,0.9119999694824219,0.37,0.12389681488275528,BlockedShot,RightFoot,OpenPlay,a,2025
668943,29734,3799,Wesley Said,12,0.9580000305175781,0.519000015258789,0.7810150384902954,ShotOnPost,RightFoot,OpenPlay,a,2025
668944,29734,3697,Odsonne Edouard,12,0.9719999694824218,0.5470000076293945,0.789516031742096,MissedShots,RightFoot,OpenPlay,a,2025
668947,29734,3799,Wesley Said,23,0.8669999694824219,0.534000015258789,0.11054251343011856,Goal,RightFoot,OpenPlay,a,2025
668948,29734,3799,Wesley Said,30,0.86,0.5709999847412109,0.10230907052755356,BlockedShot,LeftFoot,OpenPlay,a,2025
668950,29734,3799,Wesley Said,37,0.8440000152587891,0.5359999847412109,0.09750958532094955,Goal,RightFoot,OpenPlay,a,2025
668951,29734,3799,Wesley Said,45,0.955,0.37200000762939456,0.019185684621334076,BlockedShot,Head,FromCorner,a,2025
668952,29734,5745,Matthieu Udol,47,0.88,0.46799999237060547,0.014323529787361622,BlockedShot,Head,FromCorner,a,2025
668955,29734,942,Florian Thauvin,57,0.885,0.5,0.7600951194763184,Goal,LeftFoot,Penalty,a,2025
668956,29734,5745,Matthieu Udol,62,0.905,0.725999984741211,0.08494666963815689,MissedShots,LeftFoot,OpenPlay,a,2025
668957,29734,3697,Odsonne Edouard,67,0.96,0.46599998474121096,0.5546960234642029,MissedShots,Head,OpenPlay,a,2025
668958,29734,101,Allan Saint-Maximin,68,0.84,0.7069999694824218,0.03066278249025345,BlockedShot,RightFoot,OpenPlay,a,2025
668959,29734,5648,Malang Sarr,70,0.9269999694824219,0.5790000152587891,0.06851428747177124,ShotOnPost,Head,FromCorner,a,2025
668964,29734,101,Allan Saint-Maximin,84,0.8490000152587891,0.6669999694824219,0.03267711028456688,BlockedShot,RightFoot,FromCorner,a,2025
668965,29734,13506,Rayan Fofana,89,0.8490000152587891,0.41900001525878905,0.0980103462934494,Goal,RightFoot,OpenPlay,a,2025
668966,29734,13506,Rayan Fofana,94,0.8930000305175781,0.5509999847412109,0.4738089442253113,Goal,LeftFoot,OpenPlay,a,2025
669078,29727,1734,Sofiane Boufal,22,0.5540000152587891,0.64,0.008545709773898125,MissedShots,RightFoot,OpenPlay,h,2025
669079,29727,11790,Rassoul Ndiaye,35,0.784000015258789,0.42700000762939455,0.034306272864341736,BlockedShot,RightFoot,OpenPlay,h,2025
669082,29727,11792,Issa Soumaré,42,0.8219999694824218,0.4809999847412109,0.48718783259391785,Goal,LeftFoot,OpenPlay,h,2025
669084,29727,11792,Issa Soumaré,52,0.860999984741211,0.41700000762939454,0.33704397082328796,Goal,RightFoot,OpenPlay,h,2025
669100,29727,11790,Rassoul Ndiaye,93,0.8619999694824219,0.3189999961853027,0.11062714457511902,MissedShots,RightFoot,OpenPlay,h,2025
669073,29727,12045,Aron Dønnum,4,0.885,0.4420000076293945,0.08718883991241455,BlockedShot,LeftFoot,OpenPlay,a,2025
669074,29727,6874,Yann Gboho,9,0.93,0.45,0.5189396739006042,SavedShot,RightFoot,OpenPlay,a,2025
669075,29727,3357,Djibril Sidibe,9,0.8019999694824219,0.66,0.03067730739712715,MissedShots,RightFoot,OpenPlay,a,2025
669076,29727,14358,Pape Diop,11,0.9130000305175782,0.46099998474121096,0.054660867899656296,BlockedShot,Head,OpenPlay,a,2025
669077,29727,10788,Rasmus Nicolaisen,16,0.7719999694824219,0.585999984741211,0.0269482359290123,SavedShot,LeftFoot,OpenPlay,a,2025
669080,29727,12045,Aron Dønnum,36,0.8580000305175781,0.7119999694824218,0.030750127509236336,SavedShot,LeftFoot,OpenPlay,a,2025
669081,29727,9220,Charlie Cresswell,38,0.9269999694824219,0.44,0.08966784179210663,MissedShots,Head,FromCorner,a,2025
669083,29727,3357,Djibril Sidibe,47,0.9669999694824218,0.5159999847412109,0.6560044884681702,Goal,LeftFoot,FromCorner,a,2025
669085,29727,6874,Yann Gboho,56,0.8,0.6940000152587891,0.02437306009232998,BlockedShot,RightFoot,OpenPlay,a,2025
669086,29727,12045,Aron Dønnum,59,0.8490000152587891,0.44400001525878907,0.05901378020644188,BlockedShot,LeftFoot,OpenPlay,a,2025
669087,29727,13756,Santiago Hidalgo,61,0.970999984741211,0.705999984741211,0.09366212040185928,SavedShot,RightFoot,OpenPlay,a,2025
669088,29727,14358,Pape Diop,63,0.8090000152587891,0.49599998474121093,0.04880408197641373,SavedShot,RightFoot,OpenPlay,a,2025
669089,29727,14435,Jacen Russell-Rowe,65,0.905,0.4179999923706055,0.36062857508659363,SavedShot,RightFoot,FromCorner,a,2025
669090,29727,9220,Charlie Cresswell,66,0.8619999694824219,0.53,0.03020535223186016,MissedShots,Head,FromCorner,a,2025
669091,29727,6874,Yann Gboho,78,0.7980000305175782,0.6819999694824219,0.01750982739031315,BlockedShot,RightFoot,OpenPlay,a,2025
669092,29727,14358,Pape Diop,79,0.8959999847412109,0.8090000152587891,0.02200232446193695,BlockedShot,RightFoot,FromCorner,a,2025
669093,29727,9220,Charlie Cresswell,79,0.9009999847412109,0.5270000076293946,0.06544376164674759,MissedShots,Head,FromCorner,a,2025
669094,29727,14358,Pape Diop,88,0.7440000152587891,0.575999984741211,0.019092263653874397,MissedShots,RightFoot,OpenPlay,a,2025
669095,29727,13755,Mário Sauer,89,0.8030000305175782,0.4829999923706055,0.04812341555953026,BlockedShot,RightFoot,OpenPlay,a,2025
669096,29727,14358,Pape Diop,89,0.899000015258789,0.46700000762939453,0.07451263815164566,MissedShots,Head,OpenPlay,a,2025
669097,29727,12045,Aron Dønnum,91,0.8730000305175781,0.26399999618530273,0.03272819146513939,BlockedShot,LeftFoot,OpenPlay,a,2025
669098,29727,12842,Mark McKenzie,92,0.909000015258789,0.5059999847412109,0.08404982835054398,BlockedShot,Head,FromCorner,a,2025
669099,29727,13918,Julián Vignolo,92,0.9669999694824218,0.504000015258789,0.5838707089424133,SavedShot,Head,FromCorner,a,2025
669101,29727,12045,Aron Dønnum,95,0.8190000152587891,0.44,0.05770722031593323,SavedShot,LeftFoot,OpenPlay,a,2025
669102,29727,13918,Julián Vignolo,96,0.87,0.63,0.05593111366033554,BlockedShot,RightFoot,OpenPlay,a,2025
669153,29729,10347,Pablo Pagis,8,0.860999984741211,0.5709999847412109,0.34705421328544617,Goal,RightFoot,OpenPlay,h,2025
669155,29729,9345,Ahmadou Bamba Dieng,12,0.7830000305175782,0.575,0.039450038224458694,MissedShots,RightFoot,OpenPlay,h,2025
669156,29729,3536,Jean-Victor Makengo,14,0.8769999694824219,0.49,0.1283947229385376,MissedShots,LeftFoot,OpenPlay,h,2025
669163,29729,9345,Ahmadou Bamba Dieng,56,0.865999984741211,0.47400001525878904,0.04756085202097893,BlockedShot,RightFoot,FromCorner,h,2025
669164,29729,3536,Jean-Victor Makengo,57,0.9730000305175781,0.4909999847412109,0.7418218851089478,Goal,LeftFoot,FromCorner,h,2025
669165,29729,10347,Pablo Pagis,61,0.7659999847412109,0.56,0.032140277326107025,MissedShots,RightFoot,OpenPlay,h,2025
669168,29729,9345,Ahmadou Bamba Dieng,65,0.5070000076293946,0.5659999847412109,0.010926749557256699,MissedShots,RightFoot,OpenPlay,h,2025
669169,29729,13795,Dermane Karim,74,0.874000015258789,0.6609999847412109,0.09194917976856232,MissedShots,LeftFoot,OpenPlay,h,2025
669154,29729,11294,Lilian Raolisoa,11,0.855999984741211,0.5479999923706055,0.06242860108613968,MissedShots,RightFoot,OpenPlay,a,2025
669157,29729,10790,Branco van den Boomen,19,0.720999984741211,0.6840000152587891,0.014205456711351871,BlockedShot,RightFoot,OpenPlay,a,2025
669158,29729,10243,Jacques Ekomie,21,0.8669999694824219,0.5640000152587891,0.06196611374616623,BlockedShot,LeftFoot,OpenPlay,a,2025
669159,29729,13335,Goduine Koyalipou,24,0.884000015258789,0.39,0.08292781561613083,MissedShots,RightFoot,OpenPlay,a,2025
669160,29729,11016,Ousmane Camara,30,0.7380000305175781,0.47900001525878905,0.018659377470612526,SavedShot,LeftFoot,OpenPlay,a,2025
669161,29729,13335,Goduine Koyalipou,34,0.8119999694824219,0.685,0.026728466153144836,SavedShot,RightFoot,OpenPlay,a,2025
669162,29729,10517,Yassin Belkhdim,41,0.855,0.315,0.04437787085771561,SavedShot,LeftFoot,OpenPlay,a,2025
669166,29729,11294,Lilian Raolisoa,63,0.7380000305175781,0.524000015258789,0.021058062091469765,BlockedShot,RightFoot,OpenPlay,a,2025
669167,29729,10790,Branco van den Boomen,64,0.764000015258789,0.43900001525878907,0.02111607976257801,BlockedShot,LeftFoot,OpenPlay,a,2025
669170,29729,6895,Jordan Lefort,93,0.914000015258789,0.5640000152587891,0.05254378542304039,MissedShots,Head,OpenPlay,a,2025
669171,29732,11798,Koffi Kouao,0,0.769000015258789,0.285,0.01624157465994358,MissedShots,RightFoot,OpenPlay,h,2025
669174,29732,11806,Sadibou Sané,3,0.12800000190734864,0.5109999847412109,0,OwnGoal,Head,OpenPlay,h,2025
669175,29732,14147,Believe Munongo,9,0.7930000305175782,0.4520000076293945,0.03612803667783737,MissedShots,RightFoot,OpenPlay,h,2025
669176,29732,11798,Koffi Kouao,17,0.98,0.38,0.24738988280296326,SavedShot,RightFoot,OpenPlay,h,2025
669177,29732,14147,Believe Munongo,20,0.8269999694824218,0.47400001525878904,0.052045781165361404,BlockedShot,LeftFoot,OpenPlay,h,2025
669178,29732,5727,Gauthier Hein,22,0.885,0.3629999923706055,0.057171501219272614,BlockedShot,LeftFoot,OpenPlay,h,2025
669180,29732,5727,Gauthier Hein,34,0.87,0.43400001525878906,0.0874403566122055,BlockedShot,LeftFoot,OpenPlay,h,2025
669182,29732,13808,Michel Mboula,49,0.889000015258789,0.5170000076293946,0.06142324209213257,SavedShot,LeftFoot,FromCorner,h,2025
669184,29732,13812,Alpha Touré,54,0.8469999694824218,0.5279999923706055,0.0769064798951149,BlockedShot,LeftFoot,OpenPlay,h,2025
669189,29732,13812,Alpha Touré,69,0.7290000152587891,0.365,0.015400014817714691,MissedShots,LeftFoot,OpenPlay,h,2025
669191,29732,13812,Alpha Touré,74,0.7569999694824219,0.385,0.019194602966308594,MissedShots,LeftFoot,OpenPlay,h,2025
669193,29732,13808,Michel Mboula,75,0.07300000190734864,0.519000015258789,0,OwnGoal,OtherBodyPart,OpenPlay,h,2025
669194,29732,13813,Giorgi Abuashvili,80,0.7380000305175781,0.5259999847412109,0.01214299164712429,MissedShots,RightFoot,OpenPlay,h,2025
669196,29732,14431,Giorgi Kvilitaia,88,0.7180000305175781,0.5120000076293946,0.017569297924637794,SavedShot,RightFoot,OpenPlay,h,2025
669199,29732,14407,Nathan Mbala,93,0.8590000152587891,0.32,0.05454855039715767,Goal,LeftFoot,OpenPlay,h,2025
669172,29732,8703,Sinaly Diomande,3,0.700999984741211,0.4640000152587891,0.010345444083213806,MissedShots,RightFoot,OpenPlay,a,2025
669173,29732,10815,Lassine Sinayoko,3,0.8140000152587891,0.5579999923706055,0.1221230998635292,BlockedShot,RightFoot,OpenPlay,a,2025
669179,29732,9274,Naouirou Ahamada,28,0.8119999694824219,0.495,0.07463302463293076,BlockedShot,RightFoot,OpenPlay,a,2025
669181,29732,6420,Romain Faivre,43,0.8180000305175781,0.6580000305175782,0.052655335515737534,MissedShots,RightFoot,OpenPlay,a,2025
669183,29732,10815,Lassine Sinayoko,53,0.8490000152587891,0.7080000305175781,0.06924699246883392,SavedShot,LeftFoot,OpenPlay,a,2025
669185,29732,8970,Sékou Mara,56,0.9590000152587891,0.6909999847412109,0.06717218458652496,BlockedShot,LeftFoot,OpenPlay,a,2025
669186,29732,13793,Lamine Sy,58,0.9630000305175781,0.33599998474121096,0.08570833504199982,MissedShots,RightFoot,OpenPlay,a,2025
669187,29732,10815,Lassine Sinayoko,59,0.855,0.7019999694824218,0.06976071745157242,BlockedShot,RightFoot,OpenPlay,a,2025
669188,29732,9274,Naouirou Ahamada,68,0.730999984741211,0.509000015258789,0.04787380248308182,MissedShots,RightFoot,OpenPlay,a,2025
669190,29732,8970,Sékou Mara,70,0.77,0.5,0.06164473667740822,SavedShot,RightFoot,OpenPlay,a,2025
669192,29732,10815,Lassine Sinayoko,75,0.8969999694824219,0.4879999923706055,0.11878582090139389,MissedShots,RightFoot,OpenPlay,a,2025
669195,29732,10818,Kévin Danois,87,0.85,0.5120000076293946,0.13484448194503784,BlockedShot,LeftFoot,OpenPlay,a,2025
669197,29732,10818,Kévin Danois,88,0.799000015258789,0.5970000076293945,0.05609793961048126,Goal,RightFoot,OpenPlay,a,2025
669198,29732,10815,Lassine Sinayoko,91,0.8280000305175781,0.72,0.0873979926109314,MissedShots,RightFoot,OpenPlay,a,2025
669265,29730,5989,Moussa Niakhate,1,0.6859999847412109,0.5379999923706055,0.013755121268332005,MissedShots,LeftFoot,OpenPlay,h,2025
669270,29730,13735,Pavel Sulc,26,0.9490000152587891,0.34200000762939453,0.07892473042011261,BlockedShot,RightFoot,OpenPlay,h,2025
669271,29730,3603,Corentin Tolisso,26,0.9209999847412109,0.43,0.024691658094525337,BlockedShot,Head,FromCorner,h,2025
669274,29730,10091,Tyler Morton,33,0.799000015258789,0.44,0.042121682316064835,BlockedShot,RightFoot,OpenPlay,h,2025
669276,29730,13735,Pavel Sulc,45,0.950999984741211,0.580999984741211,0.45669782161712646,MissedShots,Head,OpenPlay,h,2025
669277,29730,3603,Corentin Tolisso,45,0.9619999694824218,0.43099998474121093,0.6399446129798889,Goal,RightFoot,OpenPlay,h,2025
669279,29730,13735,Pavel Sulc,50,0.8469999694824218,0.63,0.1279413402080536,MissedShots,RightFoot,OpenPlay,h,2025
669280,29730,13735,Pavel Sulc,62,0.9030000305175782,0.519000015258789,0.4806777536869049,MissedShots,RightFoot,OpenPlay,h,2025
669281,29730,14406,Noah Nartey,63,0.9180000305175782,0.5320000076293945,0.424905002117157,Goal,LeftFoot,OpenPlay,h,2025
669266,29730,6846,Sofiane Diop,8,0.9080000305175782,0.5820000076293945,0.12509265542030334,BlockedShot,RightFoot,OpenPlay,a,2025
669267,29730,8685,Mohamed Ali-Cho,11,0.955,0.4570000076293945,0.38035517930984497,MissedShots,Head,FromCorner,a,2025
669268,29730,14379,Kail Boudache,11,0.9819999694824219,0.5579999923706055,0.6241309642791748,MissedShots,LeftFoot,FromCorner,a,2025
669269,29730,6846,Sofiane Diop,21,0.9059999847412109,0.37099998474121093,0.11894366890192032,SavedShot,RightFoot,OpenPlay,a,2025
669272,29730,11515,Tom Louchet,27,0.799000015258789,0.6419999694824219,0.031103532761335373,SavedShot,RightFoot,OpenPlay,a,2025
669273,29730,11515,Tom Louchet,30,0.7530000305175781,0.5620000076293945,0.02370099537074566,BlockedShot,RightFoot,OpenPlay,a,2025
669275,29730,14379,Kail Boudache,41,0.9740000152587891,0.40299999237060546,0.08228299766778946,MissedShots,Head,OpenPlay,a,2025
669278,29730,11515,Tom Louchet,48,0.8719999694824219,0.3679999923706055,0.10083667933940887,SavedShot,RightFoot,OpenPlay,a,2025
669282,29730,6846,Sofiane Diop,73,0.7369999694824219,0.295,0.013304655440151691,MissedShots,RightFoot,OpenPlay,a,2025
669283,29730,13751,Isak Jansson,93,0.885,0.6659999847412109,0.04241494834423065,BlockedShot,RightFoot,OpenPlay,a,2025
669481,29738,10100,Kamory Doumbia,5,0.6359999847412109,0.66,0.009021325968205929,SavedShot,RightFoot,OpenPlay,h,2025
669483,29738,6905,Ludovic Ajorque,9,0.9269999694824219,0.5609999847412109,0.0590544156730175,Goal,Head,OpenPlay,h,2025
669484,29738,13968,Daouda Guindo,13,0.8530000305175781,0.6120000076293945,0.07705807685852051,MissedShots,LeftFoot,OpenPlay,h,2025
669485,29738,13968,Daouda Guindo,13,0.830999984741211,0.5359999847412109,0.048713568598032,MissedShots,RightFoot,FromCorner,h,2025
669486,29738,6905,Ludovic Ajorque,14,0.8530000305175781,0.6719999694824219,0.27125096321105957,MissedShots,LeftFoot,OpenPlay,h,2025
669490,29738,6905,Ludovic Ajorque,28,0.8809999847412109,0.4859999847412109,0.01828126609325409,Goal,Head,SetPiece,h,2025
669491,29738,7562,Eric Junior Dina Ebimbe,34,0.895,0.34,0.13831326365470886,MissedShots,RightFoot,OpenPlay,h,2025
669492,29738,11061,Michel Diaz,36,0.9259999847412109,0.38299999237060545,0.10022266954183578,MissedShots,Head,SetPiece,h,2025
669495,29738,6905,Ludovic Ajorque,40,0.8859999847412109,0.6359999847412109,0.495229572057724,ShotOnPost,LeftFoot,OpenPlay,h,2025
669499,29738,6905,Ludovic Ajorque,55,0.9130000305175782,0.4779999923706055,0.04789300262928009,BlockedShot,Head,OpenPlay,h,2025
669502,29738,7562,Eric Junior Dina Ebimbe,58,0.7969999694824219,0.669000015258789,0.04298635572195053,SavedShot,RightFoot,OpenPlay,h,2025
669504,29738,13968,Daouda Guindo,65,0.6759999847412109,0.720999984741211,0.026053698733448982,BlockedShot,LeftFoot,DirectFreekick,h,2025
669482,29738,7490,Mason Greenwood,7,0.6859999847412109,0.5720000076293945,0.03380485624074936,MissedShots,RightFoot,DirectFreekick,a,2025
669487,29738,7490,Mason Greenwood,19,0.8869999694824219,0.24200000762939453,0.02759764902293682,BlockedShot,LeftFoot,OpenPlay,a,2025
669488,29738,7490,Mason Greenwood,24,0.8809999847412109,0.3060000038146973,0.04333646968007088,MissedShots,RightFoot,OpenPlay,a,2025
669489,29738,14376,Quinten Timber,26,0.9830000305175781,0.40900001525878904,0.05748997628688812,MissedShots,RightFoot,OpenPlay,a,2025
669493,29738,7490,Mason Greenwood,38,0.7880000305175782,0.24,0.016746459528803825,SavedShot,LeftFoot,OpenPlay,a,2025
669494,29738,6935,Naif Aguerd,39,0.925,0.3659999847412109,0.013203874230384827,MissedShots,Head,FromCorner,a,2025
669496,29738,3363,Benjamin Pavard,54,0.93,0.600999984741211,0.04657013341784477,MissedShots,Head,FromCorner,a,2025
669497,29738,6935,Naif Aguerd,54,0.935,0.534000015258789,0.14043644070625305,BlockedShot,LeftFoot,FromCorner,a,2025
669498,29738,1245,Emerson,54,0.6880000305175781,0.7230000305175781,0.00730169378221035,MissedShots,LeftFoot,OpenPlay,a,2025
669500,29738,6935,Naif Aguerd,57,0.6909999847412109,0.6840000152587891,0.008376295678317547,BlockedShot,LeftFoot,OpenPlay,a,2025
669501,29738,14376,Quinten Timber,58,0.774000015258789,0.505,0.07169019430875778,SavedShot,RightFoot,OpenPlay,a,2025
669503,29738,6401,Amine Gouiri,61,0.9069999694824219,0.5670000076293945,0.03148491308093071,MissedShots,Head,OpenPlay,a,2025
669505,29738,11132,Ethan Nwaneri,70,0.7369999694824219,0.58,0.019245615229010582,BlockedShot,LeftFoot,OpenPlay,a,2025
669506,29738,7490,Mason Greenwood,74,0.79,0.625,0.0211526770144701,MissedShots,LeftFoot,OpenPlay,a,2025
669507,29738,7490,Mason Greenwood,81,0.885,0.5,0.7600951194763184,SavedShot,RightFoot,Penalty,a,2025
669508,29738,7490,Mason Greenwood,84,0.840999984741211,0.28399999618530275,0.02815254218876362,MissedShots,LeftFoot,OpenPlay,a,2025
669509,29738,6986,Hamed Junior Traore,91,0.8859999847412109,0.55,0.03735976666212082,SavedShot,Head,OpenPlay,a,2025
669799,29739,3697,Odsonne Edouard,2,0.8640000152587891,0.43900001525878907,0.06389222294092178,Goal,RightFoot,OpenPlay,h,2025
669800,29739,942,Florian Thauvin,4,0.755,0.46299999237060546,0.03119445964694023,MissedShots,LeftFoot,OpenPlay,h,2025
669801,29739,5648,Malang Sarr,5,0.715,0.54,0.01989736035466194,MissedShots,LeftFoot,OpenPlay,h,2025
669802,29739,942,Florian Thauvin,6,0.8080000305175781,0.649000015258789,0.04813620448112488,SavedShot,LeftFoot,OpenPlay,h,2025
669803,29739,942,Florian Thauvin,8,0.855999984741211,0.3970000076293945,0.09025765210390091,BlockedShot,RightFoot,OpenPlay,h,2025
669805,29739,5648,Malang Sarr,21,0.720999984741211,0.610999984741211,0.012463947758078575,MissedShots,LeftFoot,OpenPlay,h,2025
669808,29739,13733,Andrija Bulatovic,33,0.8119999694824219,0.3729999923706055,0.04236572980880737,MissedShots,RightFoot,OpenPlay,h,2025
669809,29739,942,Florian Thauvin,35,0.8580000305175781,0.37599998474121094,0.0839909017086029,BlockedShot,LeftFoot,OpenPlay,h,2025
669813,29739,3697,Odsonne Edouard,48,0.8219999694824218,0.35400001525878905,0.0535702183842659,SavedShot,LeftFoot,OpenPlay,h,2025
669814,29739,942,Florian Thauvin,54,0.7969999694824219,0.5359999847412109,0.05148932337760925,SavedShot,LeftFoot,OpenPlay,h,2025
669815,29739,101,Allan Saint-Maximin,54,0.7809999847412109,0.5320000076293945,0.035507649183273315,BlockedShot,RightFoot,OpenPlay,h,2025
669816,29739,5648,Malang Sarr,55,0.779000015258789,0.620999984741211,0.03333022817969322,SavedShot,LeftFoot,OpenPlay,h,2025
669817,29739,942,Florian Thauvin,55,0.975,0.445,0.6697088479995728,Goal,LeftFoot,OpenPlay,h,2025
669818,29739,101,Allan Saint-Maximin,59,0.775,0.425,0.03934304788708687,BlockedShot,RightFoot,OpenPlay,h,2025
669820,29739,942,Florian Thauvin,66,0.89,0.55,0.12994538247585297,MissedShots,LeftFoot,OpenPlay,h,2025
669824,29739,5745,Matthieu Udol,76,0.895,0.5259999847412109,0.05631926655769348,SavedShot,Head,FromCorner,h,2025
669825,29739,13506,Rayan Fofana,79,0.875,0.40900001525878904,0.3467065691947937,BlockedShot,RightFoot,OpenPlay,h,2025
669826,29739,5745,Matthieu Udol,92,0.88,0.4329999923706055,0.04247370362281799,MissedShots,Head,SetPiece,h,2025
669804,29739,9690,Folarin Balogun,20,0.8930000305175781,0.4909999847412109,0.3606945872306824,SavedShot,RightFoot,OpenPlay,a,2025
669806,29739,11799,Lamine Camara,24,0.77,0.535,0.08559072762727737,BlockedShot,RightFoot,DirectFreekick,a,2025
669807,29739,9690,Folarin Balogun,25,0.9430000305175781,0.5070000076293946,0.4377375841140747,MissedShots,Head,OpenPlay,a,2025
669810,29739,8646,Wout Faes,37,0.8980000305175782,0.40099998474121096,0.025066103786230087,MissedShots,Head,FromCorner,a,2025
669811,29739,11710,Simon Adingra,41,0.8440000152587891,0.634000015258789,0.0573151558637619,MissedShots,LeftFoot,OpenPlay,a,2025
669812,29739,9690,Folarin Balogun,42,0.8219999694824218,0.4809999847412109,0.3064216375350952,SavedShot,RightFoot,OpenPlay,a,2025
669819,29739,9690,Folarin Balogun,61,0.8590000152587891,0.4209999847412109,0.08932790160179138,Goal,RightFoot,OpenPlay,a,2025
669821,29739,6147,Denis Zakaria,69,0.955,0.49200000762939455,0.5708246827125549,Goal,Head,SetPiece,a,2025
669822,29739,7967,Anssumane Fati,71,0.81,0.38299999237060545,0.38969528675079346,Goal,RightFoot,OpenPlay,a,2025
669823,29739,11799,Lamine Camara,75,0.53,0.8969999694824219,0.01736493408679962,MissedShots,RightFoot,DirectFreekick,a,2025
669964,29744,14358,Pape Diop,5,0.919000015258789,0.5820000076293945,0.413106769323349,SavedShot,LeftFoot,OpenPlay,h,2025
669965,29744,14082,Emersonn,8,0.9030000305175782,0.63,0.07847577333450317,BlockedShot,LeftFoot,OpenPlay,h,2025
669966,29744,11777,Cristian Cásseres Jr.,14,0.789000015258789,0.5540000152587891,0.03920109197497368,SavedShot,RightFoot,OpenPlay,h,2025
669967,29744,9220,Charlie Cresswell,14,0.899000015258789,0.4929999923706055,0.022280069068074226,MissedShots,Head,FromCorner,h,2025
669969,29744,12841,Dayann Methalie,33,0.8119999694824219,0.4490000152587891,0.03620858117938042,BlockedShot,LeftFoot,FromCorner,h,2025
669971,29744,13756,Santiago Hidalgo,40,0.915,0.46,0.3419642746448517,SavedShot,RightFoot,OpenPlay,h,2025
669972,29744,6874,Yann Gboho,49,0.7419999694824219,0.4979999923706055,0.020893320441246033,MissedShots,RightFoot,OpenPlay,h,2025
669973,29744,6874,Yann Gboho,52,0.8269999694824218,0.6559999847412109,0.036931928247213364,BlockedShot,LeftFoot,OpenPlay,h,2025
669975,29744,11777,Cristian Cásseres Jr.,55,0.7809999847412109,0.7290000152587891,0.012775854207575321,BlockedShot,RightFoot,OpenPlay,h,2025
669976,29744,9220,Charlie Cresswell,56,0.9569999694824218,0.5359999847412109,0.0716741606593132,BlockedShot,Head,FromCorner,h,2025
669977,29744,6874,Yann Gboho,56,0.955999984741211,0.49599998474121093,0.12218073010444641,SavedShot,LeftFoot,FromCorner,h,2025
669978,29744,6874,Yann Gboho,59,0.875,0.7,0.04630173742771149,BlockedShot,RightFoot,OpenPlay,h,2025
669979,29744,14358,Pape Diop,60,0.8069999694824219,0.49700000762939456,0.0355980210006237,SavedShot,RightFoot,FromCorner,h,2025
669980,29744,13756,Santiago Hidalgo,64,0.8519999694824218,0.509000015258789,0.06615015864372253,SavedShot,LeftFoot,SetPiece,h,2025
669981,29744,14435,Jacen Russell-Rowe,65,0.9390000152587891,0.6070000076293945,0.21755094826221466,MissedShots,Head,OpenPlay,h,2025
669982,29744,14358,Pape Diop,70,0.8209999847412109,0.4370000076293945,0.04745465889573097,MissedShots,RightFoot,OpenPlay,h,2025
669984,29744,11777,Cristian Cásseres Jr.,73,0.7619999694824219,0.5970000076293945,0.02053556591272354,BlockedShot,RightFoot,OpenPlay,h,2025
669985,29744,13918,Julián Vignolo,74,0.79,0.5640000152587891,0.025717543438076973,SavedShot,RightFoot,FromCorner,h,2025
669986,29744,14358,Pape Diop,78,0.795,0.36900001525878906,0.09108738601207733,SavedShot,RightFoot,DirectFreekick,h,2025
669987,29744,13756,Santiago Hidalgo,79,0.965999984741211,0.34799999237060547,0.06913521885871887,SavedShot,RightFoot,OpenPlay,h,2025
669988,29744,13756,Santiago Hidalgo,80,0.8959999847412109,0.6559999847412109,0.07108534872531891,BlockedShot,LeftFoot,OpenPlay,h,2025
669990,29744,13756,Santiago Hidalgo,86,0.9619999694824218,0.39099998474121095,0.04129061475396156,MissedShots,Head,FromCorner,h,2025
669991,29744,13918,Julián Vignolo,86,0.9730000305175781,0.5279999923706055,0.7832910418510437,Goal,RightFoot,FromCorner,h,2025
669968,29744,9656,Ilan Kebbal,29,0.765,0.43599998474121093,0.027980975806713104,SavedShot,LeftFoot,OpenPlay,a,2025
669970,29744,7908,Marshall Munetsi,38,0.9169999694824219,0.425,0.43772760033607483,Goal,RightFoot,OpenPlay,a,2025
669974,29744,5619,Pierre Lees-Melou,52,0.769000015258789,0.5109999847412109,0.02114984579384327,BlockedShot,LeftFoot,FromCorner,a,2025
669983,29744,5619,Pierre Lees-Melou,72,0.82,0.43200000762939456,0.06965668499469757,BlockedShot,RightFoot,OpenPlay,a,2025
669989,29744,8690,Jean-Phillipe Krasso,85,0.845999984741211,0.5379999923706055,0.13129131495952606,MissedShots,LeftFoot,OpenPlay,a,2025
670067,29742,10431,Désiré Doué,2,0.855,0.40299999237060546,0.3091616928577423,Goal,RightFoot,OpenPlay,h,2025
670068,29742,10016,Bradley Barcola,6,0.7719999694824219,0.69,0.026190707460045815,BlockedShot,RightFoot,OpenPlay,h,2025
670069,29742,11767,Gonçalo Ramos,8,0.8580000305175781,0.46799999237060547,0.12388090789318085,BlockedShot,LeftFoot,OpenPlay,h,2025
670070,29742,5197,Achraf Hakimi,19,0.76,0.3559999847412109,0.02110620029270649,MissedShots,RightFoot,OpenPlay,h,2025
670071,29742,13749,Dro Fernández,20,0.9540000152587891,0.5790000152587891,0.4673161804676056,SavedShot,LeftFoot,OpenPlay,h,2025
670072,29742,5197,Achraf Hakimi,31,0.735999984741211,0.34400001525878904,0.045740894973278046,MissedShots,RightFoot,DirectFreekick,h,2025
670073,29742,10016,Bradley Barcola,34,0.835999984741211,0.6959999847412109,0.0436989925801754,MissedShots,RightFoot,OpenPlay,h,2025
670074,29742,2276,Lucas Hernández,47,0.9469999694824218,0.5890000152587891,0.0741613432765007,SavedShot,Head,FromCorner,h,2025
670075,29742,10016,Bradley Barcola,47,0.9690000152587891,0.46,0.5245298743247986,Goal,Head,FromCorner,h,2025
670078,29742,11767,Gonçalo Ramos,61,0.7040000152587891,0.39799999237060546,0.0139017254114151,BlockedShot,LeftFoot,OpenPlay,h,2025
670079,29742,12733,Ibrahim Mbaye,62,0.7469999694824219,0.3559999847412109,0.030272291973233223,MissedShots,LeftFoot,OpenPlay,h,2025
670081,29742,11767,Gonçalo Ramos,76,0.9119999694824219,0.65,0.12807734310626984,Goal,LeftFoot,OpenPlay,h,2025
670082,29742,10786,Warren Zaïre-Emery,78,0.9419999694824219,0.395,0.41402947902679443,SavedShot,RightFoot,OpenPlay,h,2025
670083,29742,2276,Lucas Hernández,79,0.9359999847412109,0.5820000076293945,0.02705574408173561,MissedShots,Head,FromCorner,h,2025
670084,29742,5197,Achraf Hakimi,81,0.7880000305175782,0.34400001525878904,0.02709270641207695,BlockedShot,RightFoot,OpenPlay,h,2025
670085,29742,12733,Ibrahim Mbaye,89,0.93,0.34900001525878904,0.1074630618095398,BlockedShot,RightFoot,OpenPlay,h,2025
670086,29742,8777,Vitinha,91,0.8380000305175781,0.27399999618530274,0.030769603326916695,SavedShot,RightFoot,OpenPlay,h,2025
670076,29742,13809,Giorgi Tsitaishvili,49,0.7809999847412109,0.7180000305175781,0.01398490834981203,BlockedShot,RightFoot,OpenPlay,a,2025
670077,29742,8119,Boubacar Traore,59,0.7909999847412109,0.72,0.016415342688560486,MissedShots,RightFoot,OpenPlay,a,2025
670080,29742,6308,Jessy Deminguet,74,0.7930000305175782,0.40299999237060546,0.028714362531900406,MissedShots,LeftFoot,OpenPlay,a,2025
670145,29737,13888,Danny Namaso,25,0.7419999694824219,0.375,0.010777820833027363,BlockedShot,LeftFoot,OpenPlay,h,2025
670146,29737,13888,Danny Namaso,31,0.860999984741211,0.48700000762939455,0.019838063046336174,MissedShots,Head,FromCorner,h,2025
670151,29737,10818,Kévin Danois,56,0.7030000305175781,0.5359999847412109,0.011236889287829399,MissedShots,RightFoot,OpenPlay,h,2025
670152,29737,13407,Fredrik Oppegård,62,0.8159999847412109,0.624000015258789,0.08275436609983444,MissedShots,LeftFoot,OpenPlay,h,2025
670153,29737,10815,Lassine Sinayoko,64,0.8780000305175781,0.23200000762939454,0.05603782460093498,MissedShots,RightFoot,OpenPlay,h,2025
670157,29737,14408,Bryan Okoh,76,0.9080000305175782,0.43200000762939456,0.032162874937057495,MissedShots,Head,SetPiece,h,2025
670158,29737,13888,Danny Namaso,77,0.8219999694824218,0.485,0.05880202353000641,MissedShots,RightFoot,OpenPlay,h,2025
670161,29737,14408,Bryan Okoh,86,0.93,0.529000015258789,0.1158030778169632,BlockedShot,Head,FromCorner,h,2025
670162,29737,10815,Lassine Sinayoko,89,0.8519999694824218,0.6070000076293945,0.23406097292900085,SavedShot,RightFoot,OpenPlay,h,2025
670163,29737,11789,Josué Casimir,89,0.8480000305175781,0.3659999847412109,0.03351234644651413,MissedShots,RightFoot,OpenPlay,h,2025
670164,29737,11789,Josué Casimir,92,0.865,0.44400001525878907,0.052900105714797974,SavedShot,RightFoot,OpenPlay,h,2025
670142,29737,12159,Mahamadou Nagida,19,0.9680000305175781,0.33099998474121095,0.06581209599971771,SavedShot,LeftFoot,OpenPlay,a,2025
670143,29737,6452,Mahdi Camara,19,0.8909999847412109,0.44799999237060545,0.10884544253349304,Goal,RightFoot,OpenPlay,a,2025
670144,29737,12850,Esteban Lepaul,21,0.8719999694824219,0.549000015258789,0.3692852556705475,Goal,RightFoot,OpenPlay,a,2025
670147,29737,7631,Sebastian Szymanski,37,0.6909999847412109,0.27299999237060546,0.013565251603722572,MissedShots,LeftFoot,OpenPlay,a,2025
670148,29737,5684,Arnaud Nordin,38,0.9119999694824219,0.3629999923706055,0.10291419923305511,MissedShots,RightFoot,OpenPlay,a,2025
670149,29737,12850,Esteban Lepaul,40,0.8719999694824219,0.3189999961853027,0.06712053716182709,BlockedShot,RightFoot,OpenPlay,a,2025
670150,29737,6452,Mahdi Camara,44,0.8209999847412109,0.45299999237060545,0.11167546361684799,Goal,RightFoot,OpenPlay,a,2025
670154,29737,5684,Arnaud Nordin,68,0.85,0.6569999694824219,0.06269995868206024,MissedShots,RightFoot,OpenPlay,a,2025
670155,29737,3475,Ludovic Blas,69,0.7969999694824219,0.3579999923706055,0.06098860874772072,SavedShot,LeftFoot,OpenPlay,a,2025
670156,29737,9399,Quentin Merlin,70,0.764000015258789,0.6329999923706054,0.01693236269056797,BlockedShot,LeftFoot,FromCorner,a,2025
670159,29737,10789,Anthony Rouault,82,0.9290000152587891,0.5459999847412109,0.10505001991987228,BlockedShot,RightFoot,FromCorner,a,2025
670160,29737,12451,Djaoui Cissé,84,0.745,0.705,0.02824557013809681,SavedShot,RightFoot,OpenPlay,a,2025
670299,29736,13335,Goduine Koyalipou,30,0.93,0.5209999847412109,0.07390815764665604,MissedShots,Head,SetPiece,h,2025
670300,29736,10295,Louis Mouton,34,0.8109999847412109,0.5270000076293946,0.08834581077098846,MissedShots,LeftFoot,OpenPlay,h,2025
670302,29736,10295,Louis Mouton,46,0.49900001525878906,0.5020000076293946,0.007216764613986015,MissedShots,RightFoot,OpenPlay,h,2025
670306,29736,13335,Goduine Koyalipou,50,0.914000015258789,0.514000015258789,0.046097081154584885,SavedShot,Head,OpenPlay,h,2025
670309,29736,10517,Yassin Belkhdim,82,0.9230000305175782,0.6519999694824219,0.024822430685162544,SavedShot,Head,OpenPlay,h,2025
670292,29736,9444,Felix Correia,5,0.894000015258789,0.6220000076293946,0.0983024314045906,BlockedShot,RightFoot,OpenPlay,a,2025
670293,29736,9444,Felix Correia,5,0.96,0.4520000076293945,0.6395997405052185,MissedShots,RightFoot,OpenPlay,a,2025
670294,29736,13051,Matias Fernandez-Pardo,11,0.9019999694824219,0.37799999237060544,0.3201313614845276,SavedShot,RightFoot,OpenPlay,a,2025
670295,29736,13051,Matias Fernandez-Pardo,14,0.9390000152587891,0.4420000076293945,0.45613208413124084,MissedShots,Head,OpenPlay,a,2025
670296,29736,3237,Aissa Mandi,18,0.905,0.37799999237060544,0.038689978420734406,SavedShot,LeftFoot,SetPiece,a,2025
670297,29736,11756,Tiago Santos,18,0.7290000152587891,0.40700000762939453,0.012586810626089573,MissedShots,RightFoot,SetPiece,a,2025
670298,29736,3223,Benjamin André,26,0.9219999694824219,0.7,0.09728896617889404,BlockedShot,LeftFoot,SetPiece,a,2025
670301,29736,502,Olivier Giroud,46,0.885,0.5,0.7600951194763184,Goal,LeftFoot,Penalty,a,2025
670303,29736,13051,Matias Fernandez-Pardo,46,0.784000015258789,0.3559999847412109,0.03434687480330467,BlockedShot,RightFoot,OpenPlay,a,2025
670304,29736,3237,Aissa Mandi,47,0.8980000305175782,0.5320000076293945,0.059246014803647995,MissedShots,Head,FromCorner,a,2025
670305,29736,13782,Nathan Ngoy,49,0.845,0.5120000076293946,0.04224396497011185,SavedShot,RightFoot,FromCorner,a,2025
670307,29736,502,Olivier Giroud,57,0.89,0.5209999847412109,0.0488535575568676,SavedShot,Head,OpenPlay,a,2025
670308,29736,9444,Felix Correia,66,0.8780000305175781,0.600999984741211,0.08934721350669861,MissedShots,RightFoot,OpenPlay,a,2025
670310,29736,11756,Tiago Santos,88,0.8530000305175781,0.38599998474121094,0.04627285897731781,ShotOnPost,RightFoot,OpenPlay,a,2025
670314,29740,6238,Ignatius Ganago,33,0.885,0.5,0.7600951194763184,Goal,RightFoot,Penalty,h,2025
670315,29740,6238,Ignatius Ganago,36,0.9630000305175781,0.40400001525878904,0.29520830512046814,BlockedShot,Head,OpenPlay,h,2025
670316,29740,6017,Chidozie Awaziem,36,0.8640000152587891,0.529000015258789,0.013002334162592888,MissedShots,Head,FromCorner,h,2025
670317,29740,10702,Johann Lepenant,36,0.9469999694824218,0.29100000381469726,0.04773428663611412,MissedShots,RightFoot,FromCorner,h,2025
670318,29740,2082,Youssef El-Arabi,53,0.9119999694824219,0.500999984741211,0.1250438541173935,BlockedShot,RightFoot,OpenPlay,h,2025
670319,29740,12846,Louis Leroux,53,0.9480000305175781,0.6129999923706054,0.11265548318624496,BlockedShot,LeftFoot,OpenPlay,h,2025
670320,29740,10702,Johann Lepenant,54,0.8130000305175781,0.44,0.03590798377990723,BlockedShot,RightFoot,FromCorner,h,2025
670321,29740,2082,Youssef El-Arabi,59,0.9019999694824219,0.47900001525878905,0.2595723569393158,SavedShot,Head,OpenPlay,h,2025
670326,29740,12387,Dehmaine Assoumani,94,0.7969999694824219,0.56,0.05893008038401604,BlockedShot,RightFoot,OpenPlay,h,2025
670311,29740,12732,Yanis Zouaoui,2,0.13600000381469726,0.7180000305175781,0,OwnGoal,RightFoot,OpenPlay,a,2025
670312,29740,8684,Fodé Doucouré,14,0.87,0.35400001525878905,0.05237029120326042,BlockedShot,RightFoot,SetPiece,a,2025
670313,29740,3701,Gautier Lloris,20,0.8430000305175781,0.485,0.008821449242532253,MissedShots,Head,SetPiece,a,2025
670322,29740,11790,Rassoul Ndiaye,69,0.8640000152587891,0.539000015258789,0.3056311011314392,MissedShots,LeftFoot,OpenPlay,a,2025
670323,29740,14083,Enzo Koffi,79,0.8769999694824219,0.5770000076293945,0.012579942122101784,MissedShots,Head,FromCorner,a,2025
670324,29740,14241,Kenny Quetant,85,0.895,0.445,0.08503749966621399,BlockedShot,LeftFoot,OpenPlay,a,2025
670325,29740,11795,Yassine Kechta,94,0.9009999847412109,0.53,0.28890910744667053,SavedShot,LeftFoot,OpenPlay,a,2025
670327,29741,9514,Antoine Mendy,6,0.7580000305175781,0.27700000762939453,0.008164403028786182,BlockedShot,RightFoot,OpenPlay,h,2025
670329,29741,11515,Tom Louchet,11,0.9669999694824218,0.52,0.6299095153808594,Goal,LeftFoot,OpenPlay,h,2025
670330,29741,9514,Antoine Mendy,19,0.905,0.5209999847412109,0.035260822623968124,MissedShots,Head,FromCorner,h,2025
670332,29741,8685,Mohamed Ali-Cho,26,0.74,0.36900001525878906,0.021870173513889313,BlockedShot,LeftFoot,OpenPlay,h,2025
670337,29741,8685,Mohamed Ali-Cho,45,0.919000015258789,0.33,0.3084147870540619,BlockedShot,LeftFoot,OpenPlay,h,2025
670338,29741,11515,Tom Louchet,45,0.9869999694824219,0.53,0.9771963357925415,Goal,LeftFoot,OpenPlay,h,2025
670343,29741,14379,Kail Boudache,50,0.8809999847412109,0.41900001525878905,0.5330504179000854,MissedShots,LeftFoot,OpenPlay,h,2025
670346,29741,14379,Kail Boudache,58,0.924000015258789,0.46599998474121096,0.5339747071266174,Goal,LeftFoot,OpenPlay,h,2025
670328,29741,9345,Ahmadou Bamba Dieng,6,0.7809999847412109,0.6859999847412109,0.042710717767477036,BlockedShot,RightFoot,OpenPlay,a,2025
670331,29741,9929,Théo Le Bris,21,0.8959999847412109,0.3870000076293945,0.26941803097724915,SavedShot,RightFoot,OpenPlay,a,2025
670333,29741,13795,Dermane Karim,39,0.8219999694824218,0.30100000381469727,0.026139501482248306,BlockedShot,LeftFoot,OpenPlay,a,2025
670334,29741,13795,Dermane Karim,39,0.8969999694824219,0.32599998474121095,0.0532626211643219,MissedShots,RightFoot,OpenPlay,a,2025
670335,29741,10347,Pablo Pagis,43,0.855,0.545,0.12475290894508362,BlockedShot,RightFoot,OpenPlay,a,2025
670336,29741,13795,Dermane Karim,44,0.8640000152587891,0.6,0.08455760031938553,MissedShots,LeftFoot,OpenPlay,a,2025
670339,29741,10347,Pablo Pagis,48,0.7280000305175781,0.4640000152587891,0.05227978155016899,Goal,RightFoot,DirectFreekick,a,2025
670340,29741,9699,Bamo Meïté,47,0.93,0.5020000076293946,0.06158936768770218,MissedShots,Head,FromCorner,a,2025
670341,29741,9345,Ahmadou Bamba Dieng,48,0.8680000305175781,0.37400001525878906,0.023895349353551865,MissedShots,RightFoot,FromCorner,a,2025
670342,29741,9661,Igor Silva,49,0.9480000305175781,0.4929999923706055,0.13189266622066498,MissedShots,Head,FromCorner,a,2025
670344,29741,9345,Ahmadou Bamba Dieng,51,0.8519999694824218,0.3820000076293945,0.09740082174539566,MissedShots,RightFoot,OpenPlay,a,2025
670345,29741,4882,Laurent Abergel,56,0.715,0.38799999237060545,0.014895395375788212,MissedShots,LeftFoot,OpenPlay,a,2025
670347,29741,10347,Pablo Pagis,62,0.8730000305175781,0.4590000152587891,0.059785548597574234,SavedShot,RightFoot,OpenPlay,a,2025
670348,29741,9345,Ahmadou Bamba Dieng,66,0.885,0.5,0.7600951194763184,Goal,RightFoot,Penalty,a,2025
670349,29741,3536,Jean-Victor Makengo,75,0.745,0.25299999237060544,0.015634305775165558,MissedShots,LeftFoot,OpenPlay,a,2025
670350,29741,10074,Sambou Soumano,88,0.8930000305175781,0.57,0.08835292607545853,MissedShots,RightFoot,OpenPlay,a,2025
670351,29741,13975,Noah Cadiou,94,0.8880000305175781,0.34799999237060547,0.07031203806400299,Goal,RightFoot,OpenPlay,a,2025
670472,29743,12413,Joaquín Panichelli,5,0.840999984741211,0.49599998474121093,0.08839984983205795,SavedShot,RightFoot,OpenPlay,h,2025
670473,29743,11164,Martial Godo,5,0.9269999694824219,0.6190000152587891,0.33355849981307983,MissedShots,RightFoot,OpenPlay,h,2025
670474,29743,10868,Guela Doué,10,0.91,0.34599998474121096,0.012676246464252472,MissedShots,Head,FromCorner,h,2025
670476,29743,12413,Joaquín Panichelli,23,0.9009999847412109,0.5940000152587891,0.03251092880964279,SavedShot,Head,OpenPlay,h,2025
670477,29743,11164,Martial Godo,31,0.9030000305175782,0.575,0.4015364944934845,SavedShot,RightFoot,OpenPlay,h,2025
670478,29743,11058,Julio Enciso,33,0.8669999694824219,0.29100000381469726,0.0616527758538723,MissedShots,RightFoot,OpenPlay,h,2025
670479,29743,11164,Martial Godo,36,0.914000015258789,0.5529999923706055,0.3243267834186554,Goal,RightFoot,OpenPlay,h,2025
670480,29743,782,Ben Chilwell,47,0.8580000305175781,0.6719999694824219,0.06331776827573776,BlockedShot,LeftFoot,OpenPlay,h,2025
670482,29743,11978,Diego Moreira,50,0.8059999847412109,0.5170000076293946,0.06747245788574219,SavedShot,LeftFoot,OpenPlay,h,2025
670483,29743,11978,Diego Moreira,51,0.7169999694824218,0.39099998474121095,0.018157461658120155,Goal,LeftFoot,FromCorner,h,2025
670485,29743,12413,Joaquín Panichelli,66,0.76,0.6,0.03248416259884834,MissedShots,RightFoot,OpenPlay,h,2025
670487,29743,10868,Guela Doué,72,0.9680000305175781,0.3920000076293945,0.062304601073265076,BlockedShot,RightFoot,SetPiece,h,2025
670488,29743,12413,Joaquín Panichelli,82,0.885,0.5,0.7600951194763184,Goal,RightFoot,Penalty,h,2025
670475,29743,9885,Tanner Tessmann,17,0.870999984741211,0.53,0.11078239232301712,MissedShots,LeftFoot,OpenPlay,a,2025
670481,29743,12884,Endrick,49,0.7630000305175781,0.43900001525878907,0.026835313066840172,BlockedShot,LeftFoot,OpenPlay,a,2025
670484,29743,3603,Corentin Tolisso,58,0.88,0.5179999923706055,0.2729928195476532,Goal,RightFoot,OpenPlay,a,2025
670486,29743,12884,Endrick,69,0.7340000152587891,0.3160000038146973,0.016713591292500496,SavedShot,LeftFoot,OpenPlay,a,2025
670706,29753,11058,Julio Enciso,10,0.8119999694824219,0.36400001525878906,0.28886541724205017,SavedShot,RightFoot,OpenPlay,h,2025
670707,29753,12413,Joaquín Panichelli,11,0.9769999694824218,0.6170000076293946,0.020277949050068855,BlockedShot,Head,FromCorner,h,2025
670708,29753,12413,Joaquín Panichelli,17,0.8130000305175781,0.6980000305175781,0.3063466250896454,Goal,RightFoot,OpenPlay,h,2025
670712,29753,10390,Ismaël Doukouré,30,0.9009999847412109,0.43900001525878907,0.016757044941186905,SavedShot,Head,FromCorner,h,2025
670713,29753,11058,Julio Enciso,33,0.870999984741211,0.7140000152587891,0.04724191129207611,MissedShots,RightFoot,OpenPlay,h,2025
670722,29753,11164,Martial Godo,44,0.8630000305175781,0.6120000076293945,0.1296200305223465,BlockedShot,RightFoot,OpenPlay,h,2025
670733,29753,10485,Guemissongui Ouattara,71,0.7140000152587891,0.395,0.010930364951491356,SavedShot,RightFoot,OpenPlay,h,2025
670734,29753,10485,Guemissongui Ouattara,81,0.8590000152587891,0.34400001525878904,0.05468123033642769,SavedShot,RightFoot,OpenPlay,h,2025
670709,29753,3697,Odsonne Edouard,22,0.91,0.5309999847412109,0.09499450773000717,MissedShots,RightFoot,OpenPlay,a,2025
670710,29753,3549,Adrien Thomasson,26,0.8909999847412109,0.5929999923706055,0.037821896374225616,MissedShots,Head,OpenPlay,a,2025
670711,29753,3799,Wesley Said,29,0.8809999847412109,0.4370000076293945,0.0472242645919323,MissedShots,Head,SetPiece,a,2025
670714,29753,942,Florian Thauvin,35,0.8140000152587891,0.539000015258789,0.05349057540297508,MissedShots,LeftFoot,OpenPlay,a,2025
670715,29753,3799,Wesley Said,37,0.815,0.425,0.08795681595802307,BlockedShot,RightFoot,OpenPlay,a,2025
670716,29753,3697,Odsonne Edouard,37,0.9059999847412109,0.4909999847412109,0.08964096754789352,MissedShots,Head,OpenPlay,a,2025
670717,29753,3799,Wesley Said,40,0.9669999694824218,0.4,0.06834832578897476,BlockedShot,LeftFoot,FromCorner,a,2025
670718,29753,3799,Wesley Said,40,0.950999984741211,0.39099998474121095,0.04415581375360489,MissedShots,Head,FromCorner,a,2025
670719,29753,3697,Odsonne Edouard,40,0.9669999694824218,0.6179999923706054,0.3266543447971344,MissedShots,LeftFoot,FromCorner,a,2025
670720,29753,3697,Odsonne Edouard,42,0.79,0.49,0.03594539687037468,MissedShots,RightFoot,OpenPlay,a,2025
670721,29753,3697,Odsonne Edouard,43,0.92,0.515,0.46212488412857056,MissedShots,RightFoot,OpenPlay,a,2025
670723,29753,13917,Mamadou Sangaré,47,0.710999984741211,0.549000015258789,0.013524513691663742,BlockedShot,LeftFoot,FromCorner,a,2025
670724,29753,5745,Matthieu Udol,48,0.8780000305175781,0.539000015258789,0.03459980711340904,MissedShots,OtherBodyPart,FromCorner,a,2025
670725,29753,5745,Matthieu Udol,48,0.8869999694824219,0.5129999923706055,0.08981058746576309,MissedShots,LeftFoot,FromCorner,a,2025
670726,29753,5745,Matthieu Udol,56,0.845,0.504000015258789,0.02896455116569996,SavedShot,Head,OpenPlay,a,2025
670727,29753,3697,Odsonne Edouard,57,0.860999984741211,0.615,0.05655154585838318,SavedShot,LeftFoot,OpenPlay,a,2025
670728,29753,942,Florian Thauvin,57,0.8830000305175781,0.56,0.03382791578769684,MissedShots,Head,OpenPlay,a,2025
670729,29753,942,Florian Thauvin,58,0.8959999847412109,0.7519999694824219,0.08105409890413284,SavedShot,LeftFoot,OpenPlay,a,2025
670730,29753,11142,Pierre Ganiou,59,0.905,0.519000015258789,0.0742277055978775,MissedShots,Head,FromCorner,a,2025
670731,29753,942,Florian Thauvin,61,0.884000015258789,0.45099998474121095,0.07683993875980377,BlockedShot,RightFoot,OpenPlay,a,2025
670732,29753,13917,Mamadou Sangaré,61,0.7869999694824219,0.5890000152587891,0.023313123732805252,Goal,LeftFoot,FromCorner,a,2025
670735,29753,5745,Matthieu Udol,82,0.875,0.6509999847412109,0.06465239822864532,MissedShots,LeftFoot,OpenPlay,a,2025
670736,29753,11046,Abdallah Sima,84,0.8540000152587891,0.5790000152587891,0.08470901846885681,MissedShots,LeftFoot,OpenPlay,a,2025
670737,29753,13917,Mamadou Sangaré,89,0.7709999847412109,0.45099998474121095,0.026785608381032944,MissedShots,LeftFoot,OpenPlay,a,2025
670738,29753,7501,Amadou Haidara,94,0.785,0.7340000152587891,0.015271280892193317,SavedShot,RightFoot,OpenPlay,a,2025
671172,29752,9399,Quentin Merlin,0,0.7440000152587891,0.625,0.01716095767915249,MissedShots,LeftFoot,OpenPlay,h,2025
671173,29752,11782,Mousa Al Tamari,10,0.865999984741211,0.24799999237060547,0.029737506061792374,BlockedShot,LeftFoot,OpenPlay,h,2025
671174,29752,12850,Esteban Lepaul,12,0.875,0.529000015258789,0.02548273652791977,MissedShots,Head,OpenPlay,h,2025
671175,29752,9399,Quentin Merlin,21,0.7630000305175781,0.3770000076293945,0.06575548648834229,SavedShot,LeftFoot,DirectFreekick,h,2025
671177,29752,5684,Arnaud Nordin,26,0.92,0.5379999923706055,0.06028423085808754,Goal,Head,OpenPlay,h,2025
671178,29752,11782,Mousa Al Tamari,30,0.8109999847412109,0.5220000076293946,0.0668748989701271,MissedShots,LeftFoot,OpenPlay,h,2025
671179,29752,6452,Mahdi Camara,38,0.815,0.30700000762939456,0.28324654698371887,MissedShots,RightFoot,OpenPlay,h,2025
671184,29752,11782,Mousa Al Tamari,64,0.76,0.34299999237060547,0.02238389477133751,BlockedShot,LeftFoot,FromCorner,h,2025
671185,29752,12159,Mahamadou Nagida,73,0.7140000152587891,0.27799999237060546,0.011477647349238396,MissedShots,LeftFoot,OpenPlay,h,2025
671188,29752,12850,Esteban Lepaul,79,0.9490000152587891,0.43,0.1267338991165161,MissedShots,RightFoot,OpenPlay,h,2025
671176,29752,13756,Santiago Hidalgo,21,0.86,0.53,0.02256251685321331,MissedShots,Head,OpenPlay,a,2025
671180,29752,9220,Charlie Cresswell,41,0.775,0.6140000152587891,0.023052509874105453,BlockedShot,RightFoot,OpenPlay,a,2025
671181,29752,14082,Emersonn,46,0.8059999847412109,0.3579999923706055,0.20898541808128357,MissedShots,RightFoot,OpenPlay,a,2025
671182,29752,6874,Yann Gboho,55,0.8319999694824218,0.6659999847412109,0.036559805274009705,MissedShots,RightFoot,OpenPlay,a,2025
671183,29752,14082,Emersonn,56,0.8280000305175781,0.6790000152587891,0.0572504922747612,SavedShot,RightFoot,OpenPlay,a,2025
671186,29752,13756,Santiago Hidalgo,75,0.759000015258789,0.27899999618530275,0.012813398614525795,MissedShots,LeftFoot,OpenPlay,a,2025
671187,29752,14358,Pape Diop,77,0.7880000305175782,0.3129999923706055,0.014603718183934689,MissedShots,RightFoot,SetPiece,a,2025
671189,29752,14435,Jacen Russell-Rowe,86,0.8540000152587891,0.534000015258789,0.030644996091723442,MissedShots,LeftFoot,OpenPlay,a,2025
671190,29752,9220,Charlie Cresswell,91,0.9530000305175781,0.580999984741211,0.26191332936286926,SavedShot,Head,OpenPlay,a,2025
671294,29750,7967,Anssumane Fati,16,0.9680000305175781,0.625999984741211,0.018815770745277405,BlockedShot,Head,FromCorner,h,2025
671296,29750,2897,Aleksandr Golovin,32,0.950999984741211,0.3870000076293945,0.07220808416604996,MissedShots,RightFoot,OpenPlay,h,2025
671298,29750,11799,Lamine Camara,39,0.874000015258789,0.5070000076293946,0.1260090470314026,MissedShots,RightFoot,OpenPlay,h,2025
671299,29750,12950,Jordan Teze,42,0.95,0.42400001525878905,0.10408998280763626,MissedShots,Head,OpenPlay,h,2025
671300,29750,7967,Anssumane Fati,46,0.8440000152587891,0.4929999923706055,0.08833951503038406,SavedShot,RightFoot,OpenPlay,h,2025
671302,29750,2897,Aleksandr Golovin,56,0.8,0.6070000076293945,0.03882613778114319,SavedShot,RightFoot,OpenPlay,h,2025
671303,29750,9690,Folarin Balogun,56,0.9530000305175781,0.585,0.1711910218000412,BlockedShot,Head,OpenPlay,h,2025
671304,29750,9690,Folarin Balogun,56,0.9830000305175781,0.5320000076293945,0.9263904690742493,Goal,RightFoot,OpenPlay,h,2025
671305,29750,11710,Simon Adingra,61,0.8180000305175781,0.6719999694824219,0.04136284440755844,Goal,RightFoot,OpenPlay,h,2025
671306,29750,2674,Thilo Kehrer,73,0.9330000305175781,0.5729999923706055,0.08359168469905853,MissedShots,Head,FromCorner,h,2025
671295,29750,13604,Prosper Peter,31,0.8930000305175781,0.47400001525878904,0.08074697852134705,SavedShot,Head,OpenPlay,a,2025
671297,29750,10517,Yassin Belkhdim,32,0.905,0.315,0.052717164158821106,MissedShots,RightFoot,OpenPlay,a,2025
671301,29750,10517,Yassin Belkhdim,49,0.865999984741211,0.37799999237060544,0.347771555185318,SavedShot,RightFoot,OpenPlay,a,2025
671307,29750,5756,Carlens Arcus,88,0.924000015258789,0.5229999923706055,0.05612419173121452,BlockedShot,Head,SetPiece,a,2025
671308,29750,11016,Ousmane Camara,88,0.8680000305175781,0.40599998474121096,0.030449574813246727,BlockedShot,LeftFoot,SetPiece,a,2025
671309,29750,10243,Jacques Ekomie,92,0.865,0.5659999847412109,0.041549332439899445,MissedShots,LeftFoot,OpenPlay,a,2025
671395,29745,8372,Lucas Gourna Douath,43,0.74,0.7680000305175781,0.010830993764102459,BlockedShot,RightFoot,OpenPlay,h,2025
671396,29745,1734,Sofiane Boufal,44,0.8130000305175781,0.5329999923706055,0.03431804105639458,BlockedShot,RightFoot,OpenPlay,h,2025
671402,29745,11792,Issa Soumaré,53,0.8830000305175781,0.56,0.40592336654663086,SavedShot,LeftFoot,OpenPlay,h,2025
671403,29745,8372,Lucas Gourna Douath,55,0.765,0.6090000152587891,0.02243819274008274,BlockedShot,RightFoot,OpenPlay,h,2025
671409,29745,8684,Fodé Doucouré,74,0.8019999694824219,0.26600000381469724,0.018089357763528824,MissedShots,RightFoot,OpenPlay,h,2025
671410,29745,14241,Kenny Quetant,74,0.89,0.45,0.08796598762273788,MissedShots,LeftFoot,OpenPlay,h,2025
671414,29745,8287,Mbwana Samatta,88,0.8,0.07199999809265137,0.009767593815922737,MissedShots,RightFoot,OpenPlay,h,2025
671415,29745,11792,Issa Soumaré,94,0.8159999847412109,0.5070000076293946,0.04667485132813454,BlockedShot,RightFoot,SetPiece,h,2025
671416,29745,14241,Kenny Quetant,94,0.9209999847412109,0.3940000152587891,0.017067793756723404,MissedShots,Head,FromCorner,h,2025
671417,29745,11792,Issa Soumaré,94,0.855999984741211,0.5020000076293946,0.03185538202524185,SavedShot,Head,FromCorner,h,2025
671386,29745,7453,Khvicha Kvaratskhelia,1,0.9490000152587891,0.5259999847412109,0.1319504678249359,BlockedShot,Head,FromCorner,a,2025
671387,29745,5197,Achraf Hakimi,2,0.735,0.38,0.023376699537038803,ShotOnPost,RightFoot,FromCorner,a,2025
671388,29745,8777,Vitinha,7,0.8130000305175781,0.46599998474121096,0.058879341930150986,BlockedShot,RightFoot,OpenPlay,a,2025
671389,29745,10016,Bradley Barcola,12,0.9590000152587891,0.6609999847412109,0.09341728687286377,BlockedShot,LeftFoot,OpenPlay,a,2025
671390,29745,7453,Khvicha Kvaratskhelia,13,0.875,0.74,0.03169421851634979,MissedShots,RightFoot,OpenPlay,a,2025
671391,29745,7313,Lee Kang-In,23,0.8419999694824218,0.34200000762939453,0.044791463762521744,SavedShot,LeftFoot,OpenPlay,a,2025
671392,29745,10786,Warren Zaïre-Emery,29,0.9019999694824219,0.47200000762939454,0.10636366158723831,MissedShots,Head,OpenPlay,a,2025
671393,29745,10016,Bradley Barcola,36,0.9180000305175782,0.49200000762939455,0.3520253002643585,Goal,Head,OpenPlay,a,2025
671394,29745,7313,Lee Kang-In,38,0.9019999694824219,0.4129999923706055,0.5601469278335571,MissedShots,LeftFoot,OpenPlay,a,2025
671397,29745,5197,Achraf Hakimi,44,0.745999984741211,0.34400001525878904,0.01989544741809368,SavedShot,RightFoot,OpenPlay,a,2025
671398,29745,7453,Khvicha Kvaratskhelia,46,0.840999984741211,0.6170000076293946,0.09017930924892426,MissedShots,LeftFoot,OpenPlay,a,2025
671399,29745,7453,Khvicha Kvaratskhelia,49,0.9169999694824219,0.3110000038146973,0.07530011236667633,ShotOnPost,RightFoot,OpenPlay,a,2025
671400,29745,10016,Bradley Barcola,50,0.914000015258789,0.4809999847412109,0.36926308274269104,MissedShots,Head,OpenPlay,a,2025
671401,29745,2276,Lucas Hernández,53,0.79,0.72,0.025657782331109047,BlockedShot,LeftFoot,OpenPlay,a,2025
671404,29745,7453,Khvicha Kvaratskhelia,58,0.7440000152587891,0.664000015258789,0.023347383365035057,SavedShot,RightFoot,OpenPlay,a,2025
671405,29745,9961,Nuno Mendes,65,0.905,0.515,0.36563676595687866,SavedShot,LeftFoot,OpenPlay,a,2025
671406,29745,7453,Khvicha Kvaratskhelia,66,0.8440000152587891,0.3170000076293945,0.028099728748202324,BlockedShot,LeftFoot,FromCorner,a,2025
671407,29745,10431,Désiré Doué,67,0.7809999847412109,0.4829999923706055,0.04247237741947174,BlockedShot,RightFoot,OpenPlay,a,2025
671408,29745,7453,Khvicha Kvaratskhelia,69,0.9080000305175782,0.335,0.07751524448394775,MissedShots,RightFoot,OpenPlay,a,2025
671411,29745,12733,Ibrahim Mbaye,77,0.955,0.43200000762939456,0.666678249835968,SavedShot,RightFoot,OpenPlay,a,2025
671412,29745,10431,Désiré Doué,78,0.885,0.5,0.7600951194763184,SavedShot,RightFoot,Penalty,a,2025
671413,29745,10431,Désiré Doué,84,0.83,0.45799999237060546,0.08948347717523575,SavedShot,RightFoot,OpenPlay,a,2025
671620,29751,5619,Pierre Lees-Melou,7,0.77,0.46,0.020986607298254967,MissedShots,RightFoot,FromCorner,h,2025
671622,29751,1209,Ciro Immobile,12,0.850999984741211,0.6819999694824219,0.03820176050066948,SavedShot,RightFoot,OpenPlay,h,2025
671623,29751,7169,Moses Simon,25,0.8,0.754000015258789,0.01794200763106346,SavedShot,RightFoot,OpenPlay,h,2025
671624,29751,7908,Marshall Munetsi,25,0.975,0.5629999923706055,0.5933771133422852,Goal,LeftFoot,OpenPlay,h,2025
671627,29751,9656,Ilan Kebbal,50,0.799000015258789,0.63,0.03719059377908707,MissedShots,LeftFoot,OpenPlay,h,2025
671628,29751,5661,Jonathan Ikone,51,0.76,0.4979999923706055,0.027690105140209198,BlockedShot,LeftFoot,OpenPlay,h,2025
671629,29751,5619,Pierre Lees-Melou,51,0.815,0.4570000076293945,0.056724902242422104,SavedShot,LeftFoot,OpenPlay,h,2025
671630,29751,7169,Moses Simon,59,0.8590000152587891,0.525,0.06806272268295288,MissedShots,RightFoot,FromCorner,h,2025
671631,29751,7908,Marshall Munetsi,59,0.909000015258789,0.4809999847412109,0.12829071283340454,BlockedShot,RightFoot,FromCorner,h,2025
671635,29751,8690,Jean-Phillipe Krasso,69,0.8669999694824219,0.5770000076293945,0.11785401403903961,SavedShot,LeftFoot,OpenPlay,h,2025
671636,29751,5619,Pierre Lees-Melou,70,0.805,0.634000015258789,0.030325617641210556,MissedShots,LeftFoot,FromCorner,h,2025
671638,29751,5661,Jonathan Ikone,77,0.835999984741211,0.27899999618530275,0.03592045232653618,BlockedShot,LeftFoot,OpenPlay,h,2025
671639,29751,8690,Jean-Phillipe Krasso,84,0.85,0.325,0.05380053445696831,ShotOnPost,LeftFoot,OpenPlay,h,2025
671640,29751,8690,Jean-Phillipe Krasso,85,0.7130000305175781,0.46900001525878904,0.01636449620127678,BlockedShot,LeftFoot,OpenPlay,h,2025
671641,29751,5619,Pierre Lees-Melou,86,0.7040000152587891,0.505,0.04121043533086777,SavedShot,RightFoot,DirectFreekick,h,2025
671642,29751,13805,Adama Camara,87,0.8109999847412109,0.38099998474121094,0.02806158736348152,MissedShots,RightFoot,FromCorner,h,2025
671619,29751,11515,Tom Louchet,2,0.9359999847412109,0.52,0.48442286252975464,MissedShots,RightFoot,OpenPlay,a,2025
671621,29751,8685,Mohamed Ali-Cho,10,0.8619999694824219,0.52,0.03553064912557602,BlockedShot,Head,FromCorner,a,2025
671625,29751,13750,Kojo Peprah Oppong,35,0.9459999847412109,0.445,0.488540381193161,SavedShot,RightFoot,OpenPlay,a,2025
671626,29751,8697,Jonathan Clauss,35,0.8469999694824218,0.3659999847412109,0.049554210156202316,MissedShots,RightFoot,OpenPlay,a,2025
671632,29751,3696,Morgan Sanson,61,0.7519999694824219,0.4620000076293945,0.023452626541256905,BlockedShot,LeftFoot,OpenPlay,a,2025
671633,29751,8685,Mohamed Ali-Cho,62,0.8819999694824219,0.534000015258789,0.055122531950473785,SavedShot,LeftFoot,FromCorner,a,2025
671634,29751,8697,Jonathan Clauss,67,0.8569999694824219,0.3629999923706055,0.04882937669754028,SavedShot,LeftFoot,OpenPlay,a,2025
671637,29751,13752,Gabin Bernardeau,72,0.865999984741211,0.24100000381469727,0.01984628662467003,MissedShots,LeftFoot,FromCorner,a,2025
671643,29751,13752,Gabin Bernardeau,91,0.8580000305175781,0.33,0.053123410791158676,BlockedShot,LeftFoot,OpenPlay,a,2025
671644,29751,8190,Melvin Bard,91,0.8180000305175781,0.6309999847412109,0.028739430010318756,MissedShots,LeftFoot,FromCorner,a,2025
671740,29746,3223,Benjamin André,14,0.945,0.544000015258789,0.06802909076213837,MissedShots,Head,FromCorner,h,2025
671741,29746,3223,Benjamin André,18,0.9359999847412109,0.6,0.08272890746593475,SavedShot,Head,OpenPlay,h,2025
671742,29746,13051,Matias Fernandez-Pardo,33,0.8469999694824218,0.685,0.03554200008511543,SavedShot,RightFoot,OpenPlay,h,2025
671743,29746,11756,Tiago Santos,35,0.7669999694824219,0.2520000076293945,0.017743131145834923,MissedShots,RightFoot,OpenPlay,h,2025
671744,29746,13051,Matias Fernandez-Pardo,53,0.8619999694824219,0.47099998474121096,0.10534758865833282,BlockedShot,LeftFoot,OpenPlay,h,2025
671746,29746,12800,Ngal&#039;ayel Mukau,67,0.89,0.6120000076293945,0.0958038941025734,BlockedShot,LeftFoot,OpenPlay,h,2025
671747,29746,13782,Nathan Ngoy,78,0.7580000305175781,0.315,0.017850924283266068,BlockedShot,RightFoot,OpenPlay,h,2025
671749,29746,3223,Benjamin André,92,0.91,0.40299999237060546,0.0149075360968709,BlockedShot,Head,FromCorner,h,2025
671750,29746,13782,Nathan Ngoy,93,0.8630000305175781,0.4759999847412109,0.0577395036816597,Goal,RightFoot,FromCorner,h,2025
671739,29746,6238,Ignatius Ganago,7,0.815,0.46,0.08023177832365036,SavedShot,LeftFoot,OpenPlay,a,2025
671745,29746,9490,Matthis Abline,66,0.72,0.48400001525878905,0.020840732380747795,MissedShots,RightFoot,OpenPlay,a,2025
671748,29746,3390,Rémy Cabella,91,0.83,0.529000015258789,0.06994160264730453,BlockedShot,RightFoot,OpenPlay,a,2025
671752,29747,10347,Pablo Pagis,4,0.7280000305175781,0.49599998474121093,0.01517443172633648,BlockedShot,RightFoot,OpenPlay,h,2025
671753,29747,10347,Pablo Pagis,10,0.8819999694824219,0.5329999923706055,0.07404907047748566,BlockedShot,LeftFoot,OpenPlay,h,2025
671754,29747,9345,Ahmadou Bamba Dieng,13,0.905,0.4909999847412109,0.22345884144306183,SavedShot,Head,SetPiece,h,2025
671755,29747,9345,Ahmadou Bamba Dieng,18,0.8969999694824219,0.5829999923706055,0.07658419758081436,Goal,LeftFoot,OpenPlay,h,2025
671756,29747,10347,Pablo Pagis,22,0.8780000305175781,0.6809999847412109,0.05843216925859451,BlockedShot,RightFoot,OpenPlay,h,2025
671758,29747,9345,Ahmadou Bamba Dieng,28,0.9019999694824219,0.46799999237060547,0.1877238005399704,Goal,Head,SetPiece,h,2025
671760,29747,9929,Théo Le Bris,35,0.8119999694824219,0.3160000038146973,0.031179344281554222,BlockedShot,LeftFoot,OpenPlay,h,2025
671762,29747,9929,Théo Le Bris,41,0.8480000305175781,0.4829999923706055,0.058749955147504807,MissedShots,RightFoot,OpenPlay,h,2025
671764,29747,4882,Laurent Abergel,49,0.7680000305175781,0.4809999847412109,0.026484813541173935,MissedShots,RightFoot,OpenPlay,h,2025
671765,29747,3536,Jean-Victor Makengo,54,0.754000015258789,0.505,0.0252994317561388,BlockedShot,LeftFoot,OpenPlay,h,2025
671766,29747,10844,Darline Yongwa,54,0.899000015258789,0.675,0.05166993662714958,MissedShots,LeftFoot,OpenPlay,h,2025
671767,29747,3536,Jean-Victor Makengo,60,0.9359999847412109,0.6170000076293946,0.07582128047943115,MissedShots,LeftFoot,OpenPlay,h,2025
671771,29747,3536,Jean-Victor Makengo,68,0.7969999694824219,0.4640000152587891,0.029443060979247093,SavedShot,LeftFoot,FromCorner,h,2025
671774,29747,9699,Bamo Meïté,92,0.865999984741211,0.5159999847412109,0.04205583035945892,MissedShots,Head,SetPiece,h,2025
671775,29747,12381,Panos Katseris,93,0.9280000305175782,0.40599998474121096,0.052839245647192,SavedShot,Head,FromCorner,h,2025
671751,29747,9092,Marvin Senaya,0,0.9169999694824219,0.45799999237060546,0.42333146929740906,Goal,RightFoot,FromCorner,a,2025
671757,29747,11789,Josué Casimir,23,0.9019999694824219,0.425,0.47706249356269836,Goal,RightFoot,OpenPlay,a,2025
671759,29747,10815,Lassine Sinayoko,32,0.87,0.5379999923706055,0.09049618989229202,BlockedShot,RightFoot,OpenPlay,a,2025
671761,29747,13407,Fredrik Oppegård,39,0.764000015258789,0.45099998474121095,0.014724088832736015,BlockedShot,LeftFoot,FromCorner,a,2025
671763,29747,10815,Lassine Sinayoko,45,0.93,0.4379999923706055,0.360737681388855,MissedShots,Head,SetPiece,a,2025
671768,29747,13407,Fredrik Oppegård,61,0.8630000305175781,0.6359999847412109,0.06609360128641129,BlockedShot,LeftFoot,OpenPlay,a,2025
671769,29747,13888,Danny Namaso,64,0.9059999847412109,0.4520000076293945,0.03786253556609154,MissedShots,Head,SetPiece,a,2025
671770,29747,10815,Lassine Sinayoko,66,0.855,0.5070000076293946,0.36658087372779846,SavedShot,LeftFoot,OpenPlay,a,2025
671772,29747,8970,Sékou Mara,88,0.805,0.265,0.024195097386837006,MissedShots,RightFoot,OpenPlay,a,2025
671773,29747,8970,Sékou Mara,90,0.8859999847412109,0.5879999923706055,0.10558228939771652,BlockedShot,RightFoot,OpenPlay,a,2025
671776,29749,14147,Believe Munongo,3,0.8109999847412109,0.5070000076293946,0.050574492663145065,MissedShots,LeftFoot,OpenPlay,h,2025
671777,29749,13812,Alpha Touré,3,0.91,0.6029999923706054,0.09650859236717224,BlockedShot,LeftFoot,OpenPlay,h,2025
671778,29749,13812,Alpha Touré,9,0.9719999694824218,0.5820000076293945,0.3236100673675537,MissedShots,Head,OpenPlay,h,2025
671782,29749,5769,Habib Diallo,26,0.965999984741211,0.6079999923706054,0.04893007501959801,MissedShots,Head,FromCorner,h,2025
671783,29749,5769,Habib Diallo,26,0.7869999694824219,0.6229999923706054,0.03189999982714653,BlockedShot,RightFoot,OpenPlay,h,2025
671784,29749,11798,Koffi Kouao,29,0.6890000152587891,0.5179999923706055,0.009784278459846973,BlockedShot,LeftFoot,OpenPlay,h,2025
671786,29749,8119,Boubacar Traore,46,0.7240000152587891,0.47200000762939454,0.017472513020038605,MissedShots,RightFoot,OpenPlay,h,2025
671788,29749,11797,Maxime Colin,56,0.7559999847412109,0.625999984741211,0.018334707245230675,SavedShot,RightFoot,OpenPlay,h,2025
671789,29749,4764,Jean-Philippe Gbamin,57,0.81,0.36,0.02519313618540764,BlockedShot,RightFoot,FromCorner,h,2025
671790,29749,4764,Jean-Philippe Gbamin,57,0.8690000152587891,0.525,0.07523087412118912,SavedShot,LeftFoot,FromCorner,h,2025
671791,29749,11798,Koffi Kouao,58,0.735999984741211,0.4129999923706055,0.019795289263129234,MissedShots,RightFoot,OpenPlay,h,2025
671792,29749,14431,Giorgi Kvilitaia,65,0.9159999847412109,0.585,0.050261400640010834,MissedShots,Head,FromCorner,h,2025
671793,29749,5769,Habib Diallo,65,0.9359999847412109,0.48700000762939455,0.3618224561214447,SavedShot,Head,FromCorner,h,2025
671795,29749,14407,Nathan Mbala,78,0.7719999694824219,0.750999984741211,0.012577942572534084,BlockedShot,LeftFoot,OpenPlay,h,2025
671796,29749,5769,Habib Diallo,79,0.8640000152587891,0.5520000076293945,0.02827559784054756,MissedShots,Head,OpenPlay,h,2025
671797,29749,13813,Giorgi Abuashvili,81,0.7269999694824218,0.46599998474121096,0.01973261684179306,BlockedShot,LeftFoot,OpenPlay,h,2025
671798,29749,13813,Giorgi Abuashvili,82,0.8919999694824219,0.6940000152587891,0.0551038421690464,BlockedShot,LeftFoot,OpenPlay,h,2025
671799,29749,14407,Nathan Mbala,83,0.8080000305175781,0.73,0.01689189113676548,BlockedShot,RightFoot,FromCorner,h,2025
671800,29749,4764,Jean-Philippe Gbamin,84,0.83,0.5259999847412109,0.04877638444304466,SavedShot,RightFoot,FromCorner,h,2025
671801,29749,12376,Lucas Michal,89,0.874000015258789,0.4779999923706055,0.02909710817039013,SavedShot,Head,FromCorner,h,2025
671802,29749,5769,Habib Diallo,91,0.850999984741211,0.4879999923706055,0.09184519201517105,BlockedShot,RightFoot,OpenPlay,h,2025
671803,29749,14431,Giorgi Kvilitaia,91,0.94,0.575999984741211,0.08867647498846054,MissedShots,Head,FromCorner,h,2025
671804,29749,14407,Nathan Mbala,95,0.7340000152587891,0.48700000762939455,0.056494154036045074,SavedShot,LeftFoot,DirectFreekick,h,2025
671805,29749,13809,Giorgi Tsitaishvili,95,0.889000015258789,0.2879999923706055,0.02992106042802334,MissedShots,LeftFoot,SetPiece,h,2025
671779,29749,7562,Eric Junior Dina Ebimbe,10,0.7969999694824219,0.674000015258789,0.026773326098918915,BlockedShot,RightFoot,OpenPlay,a,2025
671780,29749,7562,Eric Junior Dina Ebimbe,10,0.784000015258789,0.615999984741211,0.030421847477555275,BlockedShot,RightFoot,OpenPlay,a,2025
671781,29749,10100,Kamory Doumbia,13,0.9009999847412109,0.544000015258789,0.04022076353430748,MissedShots,Head,OpenPlay,a,2025
671785,29749,10100,Kamory Doumbia,36,0.8859999847412109,0.45099998474121095,0.3852665424346924,ShotOnPost,RightFoot,OpenPlay,a,2025
671787,29749,10100,Kamory Doumbia,53,0.8,0.5409999847412109,0.04360712692141533,BlockedShot,RightFoot,OpenPlay,a,2025
671794,29749,6905,Ludovic Ajorque,68,0.9119999694824219,0.52,0.43692612648010254,Goal,LeftFoot,OpenPlay,a,2025
671916,29748,7490,Mason Greenwood,8,0.9009999847412109,0.42400001525878905,0.10887139290571213,SavedShot,RightFoot,OpenPlay,h,2025
671917,29748,318,Pierre-Emerick Aubameyang,12,0.894000015258789,0.4179999923706055,0.07239307463169098,BlockedShot,RightFoot,OpenPlay,h,2025
671918,29748,7490,Mason Greenwood,12,0.89,0.3579999923706055,0.06758876889944077,SavedShot,LeftFoot,OpenPlay,h,2025
671920,29748,6601,Timothy Weah,17,0.7869999694824219,0.28899999618530275,0.021182170137763023,MissedShots,RightFoot,OpenPlay,h,2025
671921,29748,14376,Quinten Timber,18,0.725999984741211,0.3970000076293945,0.01732568070292473,BlockedShot,RightFoot,OpenPlay,h,2025
671922,29748,7490,Mason Greenwood,22,0.9119999694824219,0.7090000152587891,0.048509400337934494,BlockedShot,RightFoot,OpenPlay,h,2025
671923,29748,1516,Geoffrey Kondogbia,23,0.915,0.53,0.0896419957280159,MissedShots,Head,FromCorner,h,2025
671924,29748,7490,Mason Greenwood,24,0.8190000152587891,0.6419999694824219,0.04336820915341377,SavedShot,LeftFoot,SetPiece,h,2025
671925,29748,7490,Mason Greenwood,30,0.965,0.6930000305175781,0.07042981684207916,SavedShot,LeftFoot,SetPiece,h,2025
671928,29748,7490,Mason Greenwood,46,0.774000015258789,0.6869999694824219,0.01590803824365139,BlockedShot,RightFoot,FromCorner,h,2025
671929,29748,6935,Naif Aguerd,46,0.8619999694824219,0.5479999923706055,0.05981958657503128,MissedShots,LeftFoot,FromCorner,h,2025
671931,29748,14010,Igor Paixão,51,0.769000015258789,0.6509999847412109,0.022979386150836945,Goal,RightFoot,OpenPlay,h,2025
671932,29748,7490,Mason Greenwood,53,0.8769999694824219,0.3189999961853027,0.07963123172521591,MissedShots,RightFoot,OpenPlay,h,2025
671933,29748,318,Pierre-Emerick Aubameyang,58,0.8640000152587891,0.41700000762939454,0.05311863124370575,MissedShots,RightFoot,OpenPlay,h,2025
671935,29748,343,Pierre-Emile Højbjerg,64,0.7230000305175781,0.5129999923706055,0.020323943346738815,BlockedShot,RightFoot,OpenPlay,h,2025
671938,29748,343,Pierre-Emile Højbjerg,79,0.8980000305175782,0.5359999847412109,0.032802000641822815,BlockedShot,Head,OpenPlay,h,2025
671939,29748,318,Pierre-Emerick Aubameyang,80,0.9209999847412109,0.4279999923706055,0.2774195373058319,Goal,RightFoot,FromCorner,h,2025
671944,29748,318,Pierre-Emerick Aubameyang,90,0.960999984741211,0.4490000152587891,0.6863273978233337,Goal,RightFoot,OpenPlay,h,2025
671915,29748,3603,Corentin Tolisso,2,0.8469999694824218,0.5179999923706055,0.31948697566986084,Goal,LeftFoot,OpenPlay,a,2025
671919,29748,12884,Endrick,15,0.8640000152587891,0.47200000762939454,0.27250880002975464,MissedShots,LeftFoot,OpenPlay,a,2025
671926,29748,12884,Endrick,36,0.85,0.40299999237060546,0.09571421891450882,SavedShot,LeftFoot,OpenPlay,a,2025
671927,29748,12041,Roman Yaremchuk,51,0.9230000305175782,0.30100000381469727,0.2826387882232666,SavedShot,RightFoot,OpenPlay,a,2025
671930,29748,9885,Tanner Tessmann,47,0.89,0.42700000762939455,0.10487620532512665,SavedShot,RightFoot,OpenPlay,a,2025
671934,29748,14363,Rémi Himbert,62,0.92,0.634000015258789,0.3361349105834961,MissedShots,RightFoot,OpenPlay,a,2025
671936,29748,12884,Endrick,71,0.7680000305175781,0.37,0.1385428011417389,SavedShot,LeftFoot,OpenPlay,a,2025
671937,29748,14363,Rémi Himbert,75,0.850999984741211,0.6359999847412109,0.08525516092777252,Goal,LeftFoot,OpenPlay,a,2025
671940,29748,14363,Rémi Himbert,81,0.8519999694824218,0.5770000076293945,0.0736955776810646,BlockedShot,RightFoot,OpenPlay,a,2025
671941,29748,12884,Endrick,83,0.700999984741211,0.7219999694824218,0.013385999016463757,MissedShots,LeftFoot,OpenPlay,a,2025
671942,29748,10701,Nicolás Tagliafico,85,0.8680000305175781,0.5540000152587891,0.03212546929717064,MissedShots,Head,OpenPlay,a,2025
671943,29748,14363,Rémi Himbert,87,0.8690000152587891,0.4379999923706055,0.030877716839313507,MissedShots,Head,OpenPlay,a,2025
672379,29761,5197,Achraf Hakimi,5,0.9540000152587891,0.5790000152587891,0.3800360858440399,SavedShot,LeftFoot,OpenPlay,h,2025
672380,29761,5197,Achraf Hakimi,9,0.7709999847412109,0.20799999237060546,0.01441542524844408,MissedShots,RightFoot,OpenPlay,h,2025
672382,29761,13749,Dro Fernández,21,0.879000015258789,0.6659999847412109,0.05925086885690689,MissedShots,LeftFoot,OpenPlay,h,2025
672383,29761,7453,Khvicha Kvaratskhelia,23,0.950999984741211,0.7,0.0760759562253952,BlockedShot,LeftFoot,OpenPlay,h,2025
672384,29761,8777,Vitinha,25,0.7290000152587891,0.46599998474121096,0.01720380410552025,MissedShots,RightFoot,OpenPlay,h,2025
672386,29761,10016,Bradley Barcola,38,0.7930000305175782,0.549000015258789,0.042829517275094986,BlockedShot,RightFoot,OpenPlay,h,2025
672388,29761,7453,Khvicha Kvaratskhelia,49,0.899000015258789,0.31799999237060544,0.07163799554109573,MissedShots,RightFoot,OpenPlay,h,2025
672391,29761,9961,Nuno Mendes,61,0.875,0.5559999847412109,0.02018677443265915,SavedShot,Head,OpenPlay,h,2025
672392,29761,9961,Nuno Mendes,64,0.8569999694824219,0.565,0.09107620269060135,MissedShots,RightFoot,OpenPlay,h,2025
672393,29761,10016,Bradley Barcola,68,0.89,0.6120000076293945,0.047536712139844894,MissedShots,RightFoot,OpenPlay,h,2025
672394,29761,3226,Ousmane Dembélé,69,0.8009999847412109,0.37799999237060544,0.03399783372879028,MissedShots,LeftFoot,OpenPlay,h,2025
672395,29761,10016,Bradley Barcola,70,0.8669999694824219,0.6940000152587891,0.05104148015379906,Goal,RightFoot,OpenPlay,h,2025
672399,29761,3226,Ousmane Dembélé,78,0.8490000152587891,0.27299999237060546,0.029385600239038467,SavedShot,RightFoot,OpenPlay,h,2025
672400,29761,11767,Gonçalo Ramos,78,0.9180000305175782,0.49,0.13278967142105103,BlockedShot,RightFoot,OpenPlay,h,2025
672401,29761,3226,Ousmane Dembélé,79,0.93,0.28899999618530275,0.03570163622498512,MissedShots,RightFoot,OpenPlay,h,2025
672402,29761,11767,Gonçalo Ramos,83,0.9419999694824219,0.585999984741211,0.03387082740664482,MissedShots,Head,FromCorner,h,2025
672403,29761,9961,Nuno Mendes,83,0.8330000305175781,0.685,0.024920495226979256,SavedShot,LeftFoot,FromCorner,h,2025
672404,29761,8777,Vitinha,84,0.7680000305175781,0.31799999237060544,0.01440980564802885,MissedShots,RightFoot,OpenPlay,h,2025
672406,29761,10016,Bradley Barcola,89,0.8419999694824218,0.66,0.049322519451379776,BlockedShot,RightFoot,OpenPlay,h,2025
672378,29761,6147,Denis Zakaria,4,0.9490000152587891,0.48700000762939455,0.4456806182861328,MissedShots,Head,FromCorner,a,2025
672381,29761,10058,Maghnes Akliouche,16,0.8540000152587891,0.41400001525878904,0.07783667743206024,MissedShots,LeftFoot,OpenPlay,a,2025
672385,29761,10058,Maghnes Akliouche,26,0.924000015258789,0.40700000762939453,0.4073212444782257,Goal,LeftFoot,OpenPlay,a,2025
672387,29761,12285,Mamadou Coulibaly,47,0.749000015258789,0.6120000076293945,0.01746991276741028,MissedShots,LeftFoot,SetPiece,a,2025
672389,29761,2897,Aleksandr Golovin,54,0.8530000305175781,0.5379999923706055,0.36949798464775085,Goal,LeftFoot,OpenPlay,a,2025
672390,29761,2897,Aleksandr Golovin,56,0.79,0.735,0.012853365391492844,SavedShot,RightFoot,SetPiece,a,2025
672396,29761,11799,Lamine Camara,71,0.8169999694824219,0.545,0.12038252502679825,SavedShot,RightFoot,OpenPlay,a,2025
672397,29761,6147,Denis Zakaria,72,0.8209999847412109,0.49700000762939456,0.04823973774909973,BlockedShot,RightFoot,FromCorner,a,2025
672398,29761,9690,Folarin Balogun,72,0.7619999694824219,0.6530000305175782,0.026328248903155327,Goal,RightFoot,OpenPlay,a,2025
672405,29761,11710,Simon Adingra,87,0.85,0.37900001525878907,0.11592954397201538,BlockedShot,RightFoot,OpenPlay,a,2025
672407,29761,2897,Aleksandr Golovin,94,0.884000015258789,0.35700000762939454,0.11140348017215729,SavedShot,RightFoot,OpenPlay,a,2025
672708,29759,11946,Mohamed Kaba,6,0.89,0.5209999847412109,0.023861855268478394,MissedShots,Head,SetPiece,h,2025
672712,29759,6238,Ignatius Ganago,23,0.759000015258789,0.47400001525878904,0.05449465289711952,MissedShots,RightFoot,OpenPlay,h,2025
672714,29759,10702,Johann Lepenant,34,0.93,0.335,0.08277615904808044,MissedShots,RightFoot,OpenPlay,h,2025
672715,29759,10702,Johann Lepenant,40,0.774000015258789,0.435,0.02019858919084072,BlockedShot,RightFoot,SetPiece,h,2025
672716,29759,12846,Louis Leroux,40,0.92,0.4379999923706055,0.08963063359260559,MissedShots,LeftFoot,SetPiece,h,2025
672717,29759,6017,Chidozie Awaziem,43,0.904000015258789,0.524000015258789,0.04413784667849541,MissedShots,Head,SetPiece,h,2025
672719,29759,7763,Fabien Centonze,54,0.7140000152587891,0.3,0.008511139079928398,BlockedShot,RightFoot,SetPiece,h,2025
672726,29759,12387,Dehmaine Assoumani,68,0.8,0.6790000152587891,0.011633743532001972,SavedShot,LeftFoot,OpenPlay,h,2025
672727,29759,10831,Mostafa Mohamed,74,0.87,0.3990000152587891,0.020809710025787354,MissedShots,Head,OpenPlay,h,2025
672728,29759,12387,Dehmaine Assoumani,82,0.8059999847412109,0.47700000762939454,0.14274896681308746,SavedShot,LeftFoot,DirectFreekick,h,2025
672729,29759,10831,Mostafa Mohamed,83,0.845,0.7280000305175781,0.02043032832443714,SavedShot,RightFoot,SetPiece,h,2025
672730,29759,11946,Mohamed Kaba,89,0.8119999694824219,0.45599998474121095,0.04489493742585182,MissedShots,RightFoot,OpenPlay,h,2025
672731,29759,9490,Matthis Abline,90,0.8419999694824218,0.6190000152587891,0.047554031014442444,MissedShots,LeftFoot,OpenPlay,h,2025
672709,29759,13335,Goduine Koyalipou,8,0.9069999694824219,0.4979999923706055,0.11182121932506561,MissedShots,Head,OpenPlay,a,2025
672710,29759,13335,Goduine Koyalipou,14,0.870999984741211,0.24,0.027396665886044502,BlockedShot,LeftFoot,OpenPlay,a,2025
672711,29759,13335,Goduine Koyalipou,20,0.9009999847412109,0.545,0.08551117777824402,SavedShot,Head,OpenPlay,a,2025
672713,29759,5756,Carlens Arcus,26,0.855999984741211,0.29700000762939455,0.017089731991291046,MissedShots,RightFoot,FromCorner,a,2025
672718,29759,14131,Amine Sbaï,51,0.9130000305175782,0.4229999923706055,0.2556246519088745,Goal,RightFoot,FromCorner,a,2025
672720,29759,14131,Amine Sbaï,54,0.8059999847412109,0.5870000076293945,0.10711854696273804,SavedShot,RightFoot,OpenPlay,a,2025
672721,29759,14131,Amine Sbaï,56,0.865999984741211,0.34599998474121096,0.07318679988384247,SavedShot,RightFoot,OpenPlay,a,2025
672722,29759,3495,Pierrick Capelle,58,0.779000015258789,0.305,0.05962436646223068,BlockedShot,LeftFoot,DirectFreekick,a,2025
672723,29759,10790,Branco van den Boomen,58,0.745,0.35400001525878905,0.012863103300333023,MissedShots,RightFoot,SetPiece,a,2025
672724,29759,13335,Goduine Koyalipou,63,0.9030000305175782,0.6809999847412109,0.06499368697404861,MissedShots,LeftFoot,OpenPlay,a,2025
672725,29759,6895,Jordan Lefort,64,0.8680000305175781,0.5179999923706055,0.03875991329550743,MissedShots,Head,SetPiece,a,2025
672847,29754,11789,Josué Casimir,15,0.7969999694824219,0.3129999923706055,0.05256054550409317,SavedShot,RightFoot,OpenPlay,h,2025
672848,29754,9092,Marvin Senaya,19,0.8830000305175781,0.48700000762939455,0.056537140160799026,BlockedShot,RightFoot,FromCorner,h,2025
672849,29754,13888,Danny Namaso,21,0.715999984741211,0.4540000152587891,0.0456928089261055,MissedShots,RightFoot,DirectFreekick,h,2025
672850,29754,13888,Danny Namaso,24,0.8630000305175781,0.539000015258789,0.4406118392944336,SavedShot,RightFoot,OpenPlay,h,2025
672851,29754,11789,Josué Casimir,33,0.8669999694824219,0.32099998474121094,0.07740989327430725,SavedShot,RightFoot,OpenPlay,h,2025
672855,29754,13407,Fredrik Oppegård,47,0.9619999694824218,0.6079999923706054,0.11363893002271652,BlockedShot,LeftFoot,OpenPlay,h,2025
672862,29754,10815,Lassine Sinayoko,81,0.9330000305175781,0.36,0.04394793510437012,BlockedShot,RightFoot,FromCorner,h,2025
672863,29754,9274,Naouirou Ahamada,83,0.884000015258789,0.3370000076293945,0.06443624198436737,MissedShots,RightFoot,OpenPlay,h,2025
672864,29754,13888,Danny Namaso,84,0.9790000152587891,0.385,0.11193189769983292,SavedShot,RightFoot,OpenPlay,h,2025
672866,29754,13407,Fredrik Oppegård,89,0.8009999847412109,0.6940000152587891,0.02548888698220253,MissedShots,LeftFoot,OpenPlay,h,2025
672844,29754,782,Ben Chilwell,2,0.8419999694824218,0.5029999923706054,0.07500675320625305,SavedShot,RightFoot,OpenPlay,a,2025
672845,29754,782,Ben Chilwell,10,0.97,0.6220000076293946,0.09859520196914673,SavedShot,LeftFoot,OpenPlay,a,2025
672846,29754,11058,Julio Enciso,13,0.8140000152587891,0.37,0.06138144060969353,MissedShots,LeftFoot,OpenPlay,a,2025
672852,29754,10485,Guemissongui Ouattara,39,0.8090000152587891,0.6840000152587891,0.027600573375821114,BlockedShot,LeftFoot,OpenPlay,a,2025
672853,29754,11295,David Datro Fofana,45,0.9669999694824218,0.40799999237060547,0.2233942747116089,MissedShots,Head,SetPiece,a,2025
672854,29754,11164,Martial Godo,47,0.845,0.675,0.05092423036694527,BlockedShot,RightFoot,OpenPlay,a,2025
672856,29754,11295,David Datro Fofana,49,0.9730000305175781,0.595,0.080215685069561,MissedShots,LeftFoot,OpenPlay,a,2025
672857,29754,11058,Julio Enciso,67,0.7090000152587891,0.36,0.01660536788403988,SavedShot,RightFoot,OpenPlay,a,2025
672858,29754,12970,Sebastian Nanasi,69,0.925,0.6569999694824219,0.29094329476356506,SavedShot,LeftFoot,OpenPlay,a,2025
672859,29754,12498,Valentín Barco,69,0.8680000305175781,0.6409999847412109,0.28330764174461365,SavedShot,LeftFoot,OpenPlay,a,2025
672860,29754,11058,Julio Enciso,76,0.8030000305175782,0.649000015258789,0.022505048662424088,MissedShots,LeftFoot,FromCorner,a,2025
672861,29754,11618,Samuel Amo-Ameyaw,78,0.8109999847412109,0.27700000762939453,0.02460070699453354,MissedShots,LeftFoot,OpenPlay,a,2025
672865,29754,12413,Joaquín Panichelli,88,0.8809999847412109,0.3970000076293945,0.10058891028165817,BlockedShot,RightFoot,OpenPlay,a,2025
672916,29762,10788,Rasmus Nicolaisen,9,0.8959999847412109,0.5320000076293945,0.05568231642246246,MissedShots,Head,FromCorner,h,2025
672923,29762,11777,Cristian Cásseres Jr.,42,0.8590000152587891,0.27899999618530275,0.028800660744309425,BlockedShot,RightFoot,OpenPlay,h,2025
672924,29762,12045,Aron Dønnum,42,0.874000015258789,0.46599998474121096,0.09629916399717331,MissedShots,LeftFoot,OpenPlay,h,2025
672925,29762,11291,Warren Kamanzi,44,0.8330000305175781,0.32299999237060545,0.036882493644952774,MissedShots,LeftFoot,OpenPlay,h,2025
672927,29762,13756,Santiago Hidalgo,45,0.9230000305175782,0.34,0.33303624391555786,MissedShots,RightFoot,OpenPlay,h,2025
672929,29762,6874,Yann Gboho,47,0.8019999694824219,0.43,0.04186291620135307,MissedShots,RightFoot,OpenPlay,h,2025
672930,29762,6874,Yann Gboho,52,0.8869999694824219,0.46599998474121096,0.40628868341445923,ShotOnPost,RightFoot,OpenPlay,h,2025
672932,29762,14358,Pape Diop,67,0.75,0.84,0.01187383197247982,SavedShot,RightFoot,OpenPlay,h,2025
672933,29762,13756,Santiago Hidalgo,82,0.8730000305175781,0.46099998474121096,0.0895129144191742,MissedShots,RightFoot,OpenPlay,h,2025
672934,29762,13918,Julián Vignolo,85,0.9209999847412109,0.6869999694824219,0.08377224206924438,SavedShot,LeftFoot,OpenPlay,h,2025
672935,29762,13757,Alexis Vossah,85,0.74,0.5409999847412109,0.018916387110948563,BlockedShot,RightFoot,OpenPlay,h,2025
672936,29762,14435,Jacen Russell-Rowe,88,0.9109999847412109,0.5790000152587891,0.08420509099960327,BlockedShot,LeftFoot,OpenPlay,h,2025
672917,29762,7490,Mason Greenwood,15,0.7580000305175781,0.32099998474121094,0.0197298564016819,MissedShots,LeftFoot,SetPiece,a,2025
672918,29762,7490,Mason Greenwood,17,0.8530000305175781,0.5479999923706055,0.08837659657001495,Goal,LeftFoot,OpenPlay,a,2025
672919,29762,318,Pierre-Emerick Aubameyang,20,0.8909999847412109,0.675,0.035275381058454514,BlockedShot,RightFoot,FromCorner,a,2025
672920,29762,14010,Igor Paixão,20,0.754000015258789,0.65,0.019959382712841034,SavedShot,RightFoot,FromCorner,a,2025
672921,29762,318,Pierre-Emerick Aubameyang,26,0.904000015258789,0.3089999961853027,0.3234102129936218,MissedShots,RightFoot,OpenPlay,a,2025
672922,29762,1516,Geoffrey Kondogbia,30,0.9730000305175781,0.385,0.12763074040412903,MissedShots,Head,FromCorner,a,2025
672926,29762,343,Pierre-Emile Højbjerg,47,0.85,0.34799999237060547,0.08784576505422592,SavedShot,RightFoot,OpenPlay,a,2025
672928,29762,14010,Igor Paixão,45,0.8909999847412109,0.720999984741211,0.055082056671381,MissedShots,RightFoot,OpenPlay,a,2025
672931,29762,14010,Igor Paixão,65,0.7440000152587891,0.3820000076293945,0.05457908287644386,MissedShots,RightFoot,DirectFreekick,a,2025
672937,29762,14010,Igor Paixão,94,0.8640000152587891,0.43400001525878906,0.5114175081253052,MissedShots,RightFoot,OpenPlay,a,2025
673048,29756,13053,Saud Abdulhamid,4,0.710999984741211,0.4979999923706055,0.019203176721930504,BlockedShot,RightFoot,OpenPlay,h,2025
673050,29756,5745,Matthieu Udol,14,0.9680000305175781,0.47,0.14314883947372437,SavedShot,Head,SetPiece,h,2025
673051,29756,5745,Matthieu Udol,14,0.9330000305175781,0.47400001525878904,0.13561153411865234,SavedShot,LeftFoot,SetPiece,h,2025
673052,29756,5745,Matthieu Udol,17,0.9330000305175781,0.47099998474121096,0.1203765794634819,MissedShots,Head,FromCorner,h,2025
673053,29756,11046,Abdallah Sima,17,0.9119999694824219,0.45099998474121095,0.10460158437490463,MissedShots,RightFoot,OpenPlay,h,2025
673054,29756,3697,Odsonne Edouard,24,0.9269999694824219,0.585,0.12579207122325897,BlockedShot,RightFoot,OpenPlay,h,2025
673055,29756,11046,Abdallah Sima,24,0.85,0.49400001525878906,0.08927846699953079,BlockedShot,RightFoot,OpenPlay,h,2025
673056,29756,3549,Adrien Thomasson,31,0.9130000305175782,0.5590000152587891,0.09222882241010666,MissedShots,RightFoot,OpenPlay,h,2025
673057,29756,13917,Mamadou Sangaré,34,0.7869999694824219,0.5670000076293945,0.03448287397623062,BlockedShot,LeftFoot,OpenPlay,h,2025
673058,29756,5745,Matthieu Udol,36,0.795,0.6880000305175781,0.021336456760764122,MissedShots,RightFoot,OpenPlay,h,2025
673059,29756,11046,Abdallah Sima,36,0.925,0.55,0.0810471773147583,MissedShots,RightFoot,OpenPlay,h,2025
673060,29756,11046,Abdallah Sima,38,0.855999984741211,0.639000015258789,0.07095571607351303,BlockedShot,RightFoot,OpenPlay,h,2025
673061,29756,3697,Odsonne Edouard,42,0.8969999694824219,0.4590000152587891,0.1270488202571869,SavedShot,RightFoot,OpenPlay,h,2025
673062,29756,13053,Saud Abdulhamid,43,0.8930000305175781,0.4329999923706055,0.12053501605987549,Goal,RightFoot,OpenPlay,h,2025
673063,29756,942,Florian Thauvin,45,0.8469999694824218,0.45799999237060546,0.08581311255693436,Goal,LeftFoot,OpenPlay,h,2025
673064,29756,3549,Adrien Thomasson,50,0.815,0.4640000152587891,0.06998732686042786,MissedShots,LeftFoot,OpenPlay,h,2025
673065,29756,7501,Amadou Haidara,51,0.91,0.6320000076293946,0.3417055010795593,Goal,LeftFoot,OpenPlay,h,2025
673066,29756,13917,Mamadou Sangaré,58,0.77,0.46700000762939453,0.05073421075940132,SavedShot,LeftFoot,OpenPlay,h,2025
673068,29756,3348,Florian Sotoca,62,0.9290000152587891,0.549000015258789,0.10369577258825302,MissedShots,Head,FromCorner,h,2025
673070,29756,13506,Rayan Fofana,69,0.9230000305175782,0.524000015258789,0.06556902080774307,MissedShots,Head,SetPiece,h,2025
673071,29756,13506,Rayan Fofana,77,0.9159999847412109,0.585999984741211,0.023921960964798927,MissedShots,Head,SetPiece,h,2025
673072,29756,13506,Rayan Fofana,80,0.845,0.3609999847412109,0.10052429884672165,MissedShots,LeftFoot,OpenPlay,h,2025
673075,29756,3348,Florian Sotoca,90,0.9180000305175782,0.34400001525878904,0.01603434793651104,MissedShots,Head,SetPiece,h,2025
673076,29756,13506,Rayan Fofana,92,0.9640000152587891,0.435,0.09684280306100845,MissedShots,Head,OpenPlay,h,2025
673049,29756,5803,Fode Toure,6,0.8109999847412109,0.5820000076293945,0.03788343444466591,MissedShots,LeftFoot,FromCorner,a,2025
673067,29756,3393,Bouna Sarr,59,0.889000015258789,0.610999984741211,0.04766315966844559,BlockedShot,LeftFoot,OpenPlay,a,2025
673069,29756,13812,Alpha Touré,64,0.9580000305175781,0.7380000305175781,0.041423942893743515,BlockedShot,RightFoot,OpenPlay,a,2025
673073,29756,13812,Alpha Touré,83,0.9309999847412109,0.42200000762939455,0.07170586287975311,MissedShots,LeftFoot,OpenPlay,a,2025
673074,29756,13809,Giorgi Tsitaishvili,84,0.875,0.30100000381469727,0.052129365503787994,BlockedShot,LeftFoot,OpenPlay,a,2025
673173,29755,5975,Kenny Lala,6,0.735,0.24200000762939453,0.033442143350839615,MissedShots,RightFoot,DirectFreekick,h,2025
673177,29755,3721,Romain Del Castillo,34,0.7980000305175782,0.30100000381469727,0.02111154794692993,MissedShots,LeftFoot,OpenPlay,h,2025
673178,29755,10100,Kamory Doumbia,40,0.9169999694824219,0.46799999237060547,0.10306239873170853,MissedShots,LeftFoot,OpenPlay,h,2025
673181,29755,3721,Romain Del Castillo,46,0.8640000152587891,0.265,0.274496465921402,Goal,LeftFoot,OpenPlay,h,2025
673182,29755,7736,Brendan Chardonnet,51,0.950999984741211,0.685,0.03462058678269386,MissedShots,LeftFoot,FromCorner,h,2025
673183,29755,5742,Hugo Magnetti,51,0.7340000152587891,0.5870000076293945,0.018054300919175148,MissedShots,RightFoot,FromCorner,h,2025
673188,29755,10100,Kamory Doumbia,66,0.8109999847412109,0.49900001525878906,0.04351067543029785,MissedShots,LeftFoot,SetPiece,h,2025
673189,29755,10100,Kamory Doumbia,70,0.8640000152587891,0.53,0.11496477574110031,BlockedShot,LeftFoot,OpenPlay,h,2025
673190,29755,6905,Ludovic Ajorque,70,0.9109999847412109,0.47400001525878904,0.13073007762432098,Goal,LeftFoot,OpenPlay,h,2025
673196,29755,14052,Pathé Mboup,95,0.9790000152587891,0.43,0.49059730768203735,MissedShots,Head,OpenPlay,h,2025
673174,29755,13742,Ayumu Seko,8,0.7390000152587891,0.21,0.013278273865580559,MissedShots,RightFoot,OpenPlay,a,2025
673175,29755,1734,Sofiane Boufal,17,0.805,0.46799999237060547,0.052544914186000824,BlockedShot,RightFoot,OpenPlay,a,2025
673176,29755,11790,Rassoul Ndiaye,22,0.85,0.615,0.07355442643165588,BlockedShot,RightFoot,OpenPlay,a,2025
673179,29755,12446,Simon Ebonog,43,0.87,0.35200000762939454,0.06773999333381653,BlockedShot,RightFoot,OpenPlay,a,2025
673180,29755,1734,Sofiane Boufal,43,0.79,0.500999984741211,0.029884224757552147,MissedShots,LeftFoot,OpenPlay,a,2025
673184,29755,14241,Kenny Quetant,54,0.8959999847412109,0.64,0.062089044600725174,MissedShots,RightFoot,SetPiece,a,2025
673185,29755,11788,Arouna Sangante,58,0.8580000305175781,0.5479999923706055,0.0378645695745945,MissedShots,Head,SetPiece,a,2025
673186,29755,11792,Issa Soumaré,59,0.925,0.35,0.06509128212928772,MissedShots,RightFoot,OpenPlay,a,2025
673187,29755,11792,Issa Soumaré,61,0.875999984741211,0.5409999847412109,0.01901276968419552,MissedShots,Head,OpenPlay,a,2025
673191,29755,8287,Mbwana Samatta,79,0.8580000305175781,0.644000015258789,0.062182191759347916,MissedShots,RightFoot,OpenPlay,a,2025
673192,29755,8287,Mbwana Samatta,82,0.8930000305175781,0.4470000076293945,0.04190251976251602,MissedShots,Head,OpenPlay,a,2025
673193,29755,8287,Mbwana Samatta,87,0.924000015258789,0.5840000152587891,0.5187856554985046,MissedShots,LeftFoot,OpenPlay,a,2025
673194,29755,8287,Mbwana Samatta,89,0.8969999694824219,0.5840000152587891,0.043490223586559296,MissedShots,Head,OpenPlay,a,2025
673195,29755,11792,Issa Soumaré,93,0.860999984741211,0.5409999847412109,0.01746857352554798,MissedShots,Head,SetPiece,a,2025
673197,29757,11756,Tiago Santos,3,0.955999984741211,0.375,0.21943601965904236,MissedShots,Head,OpenPlay,h,2025
673199,29757,6500,Romain Perraud,19,0.865999984741211,0.750999984741211,0.018079767003655434,BlockedShot,LeftFoot,OpenPlay,h,2025
673201,29757,914,Nabil Bentaleb,38,0.7319999694824219,0.615,0.012661133892834187,BlockedShot,LeftFoot,FromCorner,h,2025
673203,29757,13051,Matias Fernandez-Pardo,50,0.909000015258789,0.7330000305175781,0.044517070055007935,BlockedShot,RightFoot,OpenPlay,h,2025
673205,29757,11756,Tiago Santos,53,0.7340000152587891,0.355,0.018288280814886093,MissedShots,RightFoot,OpenPlay,h,2025
673207,29757,3285,Gaetan Perrin,57,0.785,0.6090000152587891,0.02192116342484951,SavedShot,RightFoot,OpenPlay,h,2025
673208,29757,13051,Matias Fernandez-Pardo,58,0.884000015258789,0.5359999847412109,0.0586194284260273,MissedShots,Head,OpenPlay,h,2025
673209,29757,3285,Gaetan Perrin,61,0.7530000305175781,0.40700000762939453,0.013693257234990597,MissedShots,RightFoot,FromCorner,h,2025
673211,29757,13051,Matias Fernandez-Pardo,64,0.865999984741211,0.455,0.3232521414756775,Goal,RightFoot,OpenPlay,h,2025
673212,29757,11756,Tiago Santos,69,0.9,0.27899999618530275,0.04410633072257042,MissedShots,RightFoot,OpenPlay,h,2025
673213,29757,3285,Gaetan Perrin,70,0.8580000305175781,0.8440000152587891,0.04671855643391609,ShotOnPost,RightFoot,DirectFreekick,h,2025
673215,29757,3237,Aissa Mandi,81,0.9309999847412109,0.28600000381469726,0.028798654675483704,MissedShots,RightFoot,SetPiece,h,2025
673198,29757,13975,Noah Cadiou,17,0.915,0.4620000076293945,0.11919724941253662,SavedShot,Head,SetPiece,a,2025
673200,29757,12049,Aiyegun Tosin,35,0.755,0.38099998474121094,0.020435361191630363,MissedShots,RightFoot,OpenPlay,a,2025
673202,29757,12049,Aiyegun Tosin,48,0.85,0.27,0.036902956664562225,MissedShots,RightFoot,OpenPlay,a,2025
673204,29757,3536,Jean-Victor Makengo,52,0.794000015258789,0.3089999961853027,0.0422348827123642,BlockedShot,LeftFoot,OpenPlay,a,2025
673206,29757,12328,Arthur Avom,54,0.855,0.5329999923706055,0.07120689749717712,BlockedShot,RightFoot,OpenPlay,a,2025
673210,29757,13975,Noah Cadiou,62,0.82,0.64,0.04311357066035271,SavedShot,RightFoot,OpenPlay,a,2025
673214,29757,13975,Noah Cadiou,71,0.9790000152587891,0.65,0.5327492356300354,SavedShot,RightFoot,OpenPlay,a,2025
673216,29757,12328,Arthur Avom,92,0.7559999847412109,0.504000015258789,0.011369691230356693,Goal,RightFoot,SetPiece,a,2025
673217,29757,10844,Darline Yongwa,95,0.8530000305175781,0.6459999847412109,0.052058711647987366,MissedShots,LeftFoot,OpenPlay,a,2025
673225,29760,8685,Mohamed Ali-Cho,43,0.889000015258789,0.585,0.24725712835788727,SavedShot,RightFoot,OpenPlay,h,2025
673226,29760,8697,Jonathan Clauss,44,0.8590000152587891,0.2560000038146973,0.02705811895430088,MissedShots,RightFoot,OpenPlay,h,2025
673228,29760,8768,Kevin Omoruyi,52,0.850999984741211,0.505,0.07106903195381165,BlockedShot,RightFoot,OpenPlay,h,2025
673231,29760,8768,Kevin Omoruyi,64,0.9590000152587891,0.435,0.5939414501190186,MissedShots,Head,OpenPlay,h,2025
673232,29760,11515,Tom Louchet,68,0.795,0.6940000152587891,0.02303934283554554,BlockedShot,RightFoot,OpenPlay,h,2025
673233,29760,3696,Morgan Sanson,68,0.845999984741211,0.5359999847412109,0.08934169262647629,BlockedShot,LeftFoot,FromCorner,h,2025
673234,29760,13100,Juma Bah,68,0.895,0.44599998474121094,0.08924490213394165,MissedShots,RightFoot,FromCorner,h,2025
673235,29760,14379,Kail Boudache,68,0.924000015258789,0.4520000076293945,0.46820375323295593,ShotOnPost,LeftFoot,FromCorner,h,2025
673237,29760,8190,Melvin Bard,89,0.740999984741211,0.5520000076293945,0.011535720899701118,BlockedShot,LeftFoot,FromCorner,h,2025
673238,29760,9514,Antoine Mendy,89,0.909000015258789,0.5059999847412109,0.44942960143089294,SavedShot,LeftFoot,FromCorner,h,2025
673239,29760,3696,Morgan Sanson,90,0.9469999694824218,0.605,0.3712380528450012,MissedShots,LeftFoot,FromCorner,h,2025
673241,29760,8768,Kevin Omoruyi,93,0.9209999847412109,0.42700000762939455,0.07868658751249313,BlockedShot,RightFoot,OpenPlay,h,2025
673242,29760,14032,Tiago Gouveia,93,0.9590000152587891,0.4470000076293945,0.2904508411884308,MissedShots,Head,FromCorner,h,2025
673243,29760,8768,Kevin Omoruyi,95,0.9519999694824218,0.41900001525878905,0.09055368602275848,BlockedShot,RightFoot,FromCorner,h,2025
673218,29760,11782,Mousa Al Tamari,11,0.705999984741211,0.37,0.012224550358951092,BlockedShot,LeftFoot,OpenPlay,a,2025
673219,29760,12850,Esteban Lepaul,12,0.955999984741211,0.39599998474121095,0.4021435081958771,Goal,RightFoot,OpenPlay,a,2025
673220,29760,11782,Mousa Al Tamari,15,0.7869999694824219,0.575,0.039213649928569794,MissedShots,LeftFoot,OpenPlay,a,2025
673221,29760,7631,Sebastian Szymanski,19,0.84,0.52,0.12654633820056915,Goal,LeftFoot,OpenPlay,a,2025
673222,29760,5684,Arnaud Nordin,21,0.884000015258789,0.675,0.0786505863070488,MissedShots,LeftFoot,OpenPlay,a,2025
673223,29760,5684,Arnaud Nordin,30,0.8930000305175781,0.6170000076293946,0.1253286600112915,SavedShot,LeftFoot,OpenPlay,a,2025
673224,29760,12850,Esteban Lepaul,35,0.885,0.5,0.7600951194763184,MissedShots,RightFoot,Penalty,a,2025
673227,29760,3673,Valentin Rongier,50,0.845999984741211,0.6990000152587891,0.03738356754183769,SavedShot,RightFoot,OpenPlay,a,2025
673229,29760,11782,Mousa Al Tamari,53,0.8809999847412109,0.36,0.10427570343017578,BlockedShot,LeftFoot,OpenPlay,a,2025
673230,29760,11782,Mousa Al Tamari,53,0.8430000305175781,0.42700000762939455,0.054645173251628876,MissedShots,LeftFoot,OpenPlay,a,2025
673236,29760,3475,Ludovic Blas,73,0.860999984741211,0.5990000152587891,0.0979190468788147,Goal,LeftFoot,OpenPlay,a,2025
673240,29760,13906,Nordan Mukiele,91,0.8140000152587891,0.7180000305175781,0.038652073591947556,Goal,RightFoot,OpenPlay,a,2025
673363,29758,14363,Rémi Himbert,1,0.7230000305175781,0.6090000152587891,0.020275911316275597,BlockedShot,RightFoot,OpenPlay,h,2025
673364,29758,14363,Rémi Himbert,9,0.955,0.5679999923706055,0.4069828689098358,MissedShots,Head,SetPiece,h,2025
673366,29758,9885,Tanner Tessmann,16,0.7130000305175781,0.39299999237060546,0.013149531558156013,SavedShot,RightFoot,OpenPlay,h,2025
673367,29758,14363,Rémi Himbert,19,0.9109999847412109,0.47700000762939454,0.11151965707540512,BlockedShot,RightFoot,OpenPlay,h,2025
673368,29758,13736,Khalis Merah,22,0.8159999847412109,0.45599998474121095,0.03406402841210365,MissedShots,RightFoot,OpenPlay,h,2025
673370,29758,14363,Rémi Himbert,37,0.870999984741211,0.595999984741211,0.07416358590126038,MissedShots,RightFoot,OpenPlay,h,2025
673371,29758,14363,Rémi Himbert,39,0.7969999694824219,0.6809999847412109,0.026436012238264084,MissedShots,RightFoot,OpenPlay,h,2025
673375,29758,14363,Rémi Himbert,42,0.8590000152587891,0.46,0.015270667150616646,MissedShots,Head,OpenPlay,h,2025
673380,29758,11318,Abner,54,0.9059999847412109,0.4640000152587891,0.2785276174545288,MissedShots,Head,OpenPlay,h,2025
673381,29758,13734,Adam Karabec,55,0.960999984741211,0.3189999961853027,0.05203917622566223,SavedShot,LeftFoot,OpenPlay,h,2025
673385,29758,12884,Endrick,81,0.7680000305175781,0.25,0.019207455217838287,MissedShots,LeftFoot,SetPiece,h,2025
673388,29758,12884,Endrick,90,0.815,0.46599998474121096,0.047582436352968216,SavedShot,LeftFoot,OpenPlay,h,2025
673389,29758,3603,Corentin Tolisso,95,0.885,0.5,0.7600951194763184,Goal,RightFoot,Penalty,h,2025
673390,29758,12884,Endrick,97,0.845,0.555,0.06590794771909714,MissedShots,LeftFoot,OpenPlay,h,2025
673365,29758,5619,Pierre Lees-Melou,10,0.8530000305175781,0.4470000076293945,0.09026607871055603,BlockedShot,RightFoot,OpenPlay,a,2025
673369,29758,7908,Marshall Munetsi,32,0.884000015258789,0.5420000076293945,0.07935335487127304,MissedShots,LeftFoot,OpenPlay,a,2025
673372,29758,5661,Jonathan Ikone,41,0.9419999694824219,0.27799999237060546,0.046378858387470245,BlockedShot,RightFoot,OpenPlay,a,2025
673373,29758,13805,Adama Camara,41,0.8809999847412109,0.615,0.014953874051570892,MissedShots,Head,FromCorner,a,2025
673374,29758,5619,Pierre Lees-Melou,41,0.84,0.7140000152587891,0.0328998789191246,MissedShots,LeftFoot,FromCorner,a,2025
673376,29758,8690,Jean-Phillipe Krasso,47,0.9030000305175782,0.3110000038146973,0.20322631299495697,MissedShots,LeftFoot,OpenPlay,a,2025
673377,29758,12317,Nhoa Sangui,49,0.754000015258789,0.7280000305175781,0.013491686433553696,BlockedShot,LeftFoot,OpenPlay,a,2025
673378,29758,7169,Moses Simon,52,0.850999984741211,0.720999984741211,0.05237767472863197,SavedShot,LeftFoot,OpenPlay,a,2025
673379,29758,5661,Jonathan Ikone,52,0.8159999847412109,0.47,0.10674111545085907,MissedShots,LeftFoot,OpenPlay,a,2025
673382,29758,7908,Marshall Munetsi,57,0.8909999847412109,0.485,0.09026589244604111,MissedShots,Head,OpenPlay,a,2025
673383,29758,13577,Rudy Matondo,62,0.8430000305175781,0.34200000762939453,0.01689051277935505,SavedShot,RightFoot,FromCorner,a,2025
673384,29758,7908,Marshall Munetsi,62,0.9540000152587891,0.5279999923706055,0.5828443765640259,Goal,RightFoot,FromCorner,a,2025
673386,29758,7908,Marshall Munetsi,89,0.914000015258789,0.35400001525878905,0.36478129029273987,SavedShot,RightFoot,OpenPlay,a,2025
673387,29758,10620,Luca Koleosho,89,0.914000015258789,0.45599998474121095,0.6318104863166809,ShotOnPost,Head,OpenPlay,a,2025
673578,29766,7490,Mason Greenwood,26,0.715999984741211,0.495,0.019002867862582207,MissedShots,LeftFoot,SetPiece,h,2025
673579,29766,6601,Timothy Weah,45,0.7659999847412109,0.27299999237060546,0.016927670687437057,BlockedShot,RightFoot,SetPiece,h,2025
673580,29766,8664,Facundo Medina,46,0.9419999694824219,0.605,0.016725439578294754,MissedShots,Head,FromCorner,h,2025
673581,29766,7490,Mason Greenwood,47,0.7869999694824219,0.45,0.04516824334859848,SavedShot,LeftFoot,OpenPlay,h,2025
673582,29766,343,Pierre-Emile Højbjerg,48,0.9009999847412109,0.5579999923706055,0.09218743443489075,SavedShot,RightFoot,FromCorner,h,2025
673583,29766,7490,Mason Greenwood,51,0.7869999694824219,0.29200000762939454,0.022504467517137527,MissedShots,LeftFoot,OpenPlay,h,2025
673586,29766,7490,Mason Greenwood,60,0.8419999694824218,0.31,0.042023926973342896,BlockedShot,LeftFoot,FromCorner,h,2025
673587,29766,14010,Igor Paixão,63,0.7269999694824218,0.524000015258789,0.012122327461838722,MissedShots,RightFoot,OpenPlay,h,2025
673588,29766,7490,Mason Greenwood,65,0.9440000152587891,0.33,0.08887148648500443,MissedShots,RightFoot,OpenPlay,h,2025
673589,29766,7490,Mason Greenwood,69,0.7809999847412109,0.5720000076293945,0.09274155646562576,BlockedShot,RightFoot,DirectFreekick,h,2025
673590,29766,6601,Timothy Weah,71,0.8130000305175781,0.2510000038146973,0.02072124183177948,MissedShots,RightFoot,OpenPlay,h,2025
673591,29766,343,Pierre-Emile Højbjerg,73,0.745,0.6229999923706054,0.018427321687340736,MissedShots,RightFoot,SetPiece,h,2025
673592,29766,1245,Emerson,76,0.805,0.639000015258789,0.03221511095762253,BlockedShot,LeftFoot,OpenPlay,h,2025
673593,29766,14010,Igor Paixão,76,0.81,0.725,0.01739567145705223,BlockedShot,RightFoot,FromCorner,h,2025
673594,29766,6401,Amine Gouiri,78,0.9209999847412109,0.5470000076293945,0.5012946128845215,Goal,RightFoot,OpenPlay,h,2025
673595,29766,6401,Amine Gouiri,84,0.8630000305175781,0.41200000762939454,0.09064561128616333,BlockedShot,RightFoot,OpenPlay,h,2025
673577,29766,8970,Sékou Mara,14,0.9209999847412109,0.72,0.043630003929138184,BlockedShot,LeftFoot,OpenPlay,a,2025
673584,29766,13888,Danny Namaso,53,0.9269999694824219,0.505,0.06130776181817055,MissedShots,Head,FromCorner,a,2025
673585,29766,10818,Kévin Danois,58,0.735,0.5059999847412109,0.02306070178747177,MissedShots,RightFoot,OpenPlay,a,2025
673596,29766,6333,Elisha Owusu,85,0.7880000305175782,0.45599998474121095,0.026763854548335075,BlockedShot,LeftFoot,FromCorner,a,2025
673597,29766,6420,Romain Faivre,85,0.8959999847412109,0.26,0.03058290109038353,SavedShot,LeftFoot,FromCorner,a,2025
673598,29766,13888,Danny Namaso,88,0.7469999694824219,0.41400001525878904,0.021066583693027496,SavedShot,RightFoot,OpenPlay,a,2025
673599,29766,6420,Romain Faivre,89,0.86,0.6,0.05927793309092522,BlockedShot,LeftFoot,OpenPlay,a,2025
673600,29766,6420,Romain Faivre,90,0.7930000305175782,0.6619999694824219,0.02735774964094162,SavedShot,LeftFoot,OpenPlay,a,2025
673939,29765,9873,Montassar Talbi,9,0.8130000305175781,0.45099998474121095,0.03833331540226936,BlockedShot,LeftFoot,SetPiece,h,2025
673940,29765,9345,Ahmadou Bamba Dieng,13,0.7959999847412109,0.34700000762939454,0.05096114054322243,MissedShots,RightFoot,OpenPlay,h,2025
673941,29765,9873,Montassar Talbi,17,0.889000015258789,0.40200000762939453,0.012529930099844933,BlockedShot,Head,FromCorner,h,2025
673942,29765,9345,Ahmadou Bamba Dieng,17,0.9619999694824218,0.5109999847412109,0.6258234977722168,SavedShot,RightFoot,FromCorner,h,2025
673943,29765,9345,Ahmadou Bamba Dieng,17,0.9669999694824218,0.49400001525878906,0.6674171090126038,Goal,RightFoot,FromCorner,h,2025
673958,29765,12049,Aiyegun Tosin,64,0.9869999694824219,0.47,0.978389322757721,Goal,RightFoot,OpenPlay,h,2025
673944,29765,11046,Abdallah Sima,22,0.904000015258789,0.5770000076293945,0.01611783728003502,SavedShot,Head,FromCorner,a,2025
673945,29765,942,Florian Thauvin,24,0.9169999694824219,0.664000015258789,0.055699195712804794,SavedShot,LeftFoot,OpenPlay,a,2025
673946,29765,942,Florian Thauvin,33,0.919000015258789,0.529000015258789,0.12805654108524323,MissedShots,Head,SetPiece,a,2025
673947,29765,13917,Mamadou Sangaré,36,0.779000015258789,0.4370000076293945,0.035718463361263275,MissedShots,LeftFoot,OpenPlay,a,2025
673948,29765,942,Florian Thauvin,38,0.87,0.40799999237060547,0.06350108981132507,SavedShot,LeftFoot,OpenPlay,a,2025
673949,29765,13917,Mamadou Sangaré,45,0.8090000152587891,0.4540000152587891,0.043534114956855774,BlockedShot,LeftFoot,OpenPlay,a,2025
673950,29765,3697,Odsonne Edouard,46,0.9269999694824219,0.535,0.05161100625991821,SavedShot,Head,FromCorner,a,2025
673951,29765,5745,Matthieu Udol,47,0.9069999694824219,0.5270000076293946,0.03734457865357399,SavedShot,Head,OpenPlay,a,2025
673952,29765,3697,Odsonne Edouard,48,0.8419999694824218,0.3659999847412109,0.04697810485959053,Goal,RightFoot,OpenPlay,a,2025
673953,29765,11142,Pierre Ganiou,51,0.7280000305175781,0.47900001525878905,0.016599424183368683,BlockedShot,RightFoot,OpenPlay,a,2025
673954,29765,13917,Mamadou Sangaré,54,0.7959999847412109,0.3220000076293945,0.027062300592660904,MissedShots,LeftFoot,OpenPlay,a,2025
673955,29765,942,Florian Thauvin,57,0.8780000305175781,0.5259999847412109,0.033003903925418854,MissedShots,Head,OpenPlay,a,2025
673956,29765,942,Florian Thauvin,58,0.9169999694824219,0.4979999923706055,0.10033401846885681,MissedShots,Head,FromCorner,a,2025
673957,29765,3697,Odsonne Edouard,61,0.7969999694824219,0.705,0.025162985548377037,BlockedShot,RightFoot,OpenPlay,a,2025
673959,29765,5745,Matthieu Udol,76,0.9180000305175782,0.5520000076293945,0.06601224094629288,BlockedShot,LeftFoot,OpenPlay,a,2025
673960,29765,13917,Mamadou Sangaré,78,0.8630000305175781,0.7180000305175781,0.02635217271745205,BlockedShot,LeftFoot,FromCorner,a,2025
673961,29765,11142,Pierre Ganiou,86,0.9009999847412109,0.44299999237060544,0.01786564290523529,MissedShots,Head,FromCorner,a,2025
673962,29765,5745,Matthieu Udol,92,0.91,0.4929999923706055,0.08589162677526474,MissedShots,Head,FromCorner,a,2025
673963,29765,13506,Rayan Fofana,93,0.909000015258789,0.51,0.0981142669916153,MissedShots,RightFoot,OpenPlay,a,2025
673964,29765,12344,Anthony Bermont,95,0.9319999694824219,0.4179999923706055,0.037202753126621246,MissedShots,Head,OpenPlay,a,2025
674115,29763,13335,Goduine Koyalipou,10,0.8640000152587891,0.44299999237060544,0.06627891957759857,MissedShots,RightFoot,OpenPlay,h,2025
674116,29763,3495,Pierrick Capelle,23,0.8390000152587891,0.6619999694824219,0.046714529395103455,BlockedShot,LeftFoot,OpenPlay,h,2025
674117,29763,3495,Pierrick Capelle,23,0.85,0.585999984741211,0.060371216386556625,MissedShots,RightFoot,OpenPlay,h,2025
674124,29763,13335,Goduine Koyalipou,54,0.83,0.3729999923706055,0.06988576054573059,MissedShots,RightFoot,OpenPlay,h,2025
674128,29763,10295,Louis Mouton,71,0.8480000305175781,0.34,0.09581856429576874,BlockedShot,RightFoot,OpenPlay,h,2025
674129,29763,11016,Ousmane Camara,77,0.9359999847412109,0.4229999923706055,0.08211236447095871,MissedShots,RightFoot,FromCorner,h,2025
674130,29763,14131,Amine Sbaï,82,0.875,0.4809999847412109,0.35306036472320557,MissedShots,RightFoot,OpenPlay,h,2025
674132,29763,14132,Djibirin Harouna,90,0.785,0.33099998474121095,0.02547258511185646,MissedShots,LeftFoot,OpenPlay,h,2025
674133,29763,11294,Lilian Raolisoa,92,0.9180000305175782,0.39599998474121095,0.03313184529542923,MissedShots,Head,FromCorner,h,2025
674134,29763,14160,Dan Sinaté,94,0.945,0.63,0.059151530265808105,MissedShots,LeftFoot,OpenPlay,h,2025
674118,29763,8050,Hichem Boudaoui,39,0.730999984741211,0.4129999923706055,0.02067958191037178,MissedShots,RightFoot,OpenPlay,a,2025
674119,29763,3696,Morgan Sanson,43,0.855999984741211,0.485,0.06572665274143219,SavedShot,LeftFoot,OpenPlay,a,2025
674120,29763,8050,Hichem Boudaoui,45,0.72,0.639000015258789,0.011419917456805706,SavedShot,RightFoot,OpenPlay,a,2025
674121,29763,8697,Jonathan Clauss,50,0.8119999694824219,0.5120000076293946,0.1570703089237213,SavedShot,RightFoot,DirectFreekick,a,2025
674122,29763,8050,Hichem Boudaoui,51,0.9540000152587891,0.3679999923706055,0.04477060213685036,BlockedShot,RightFoot,FromCorner,a,2025
674123,29763,9514,Antoine Mendy,53,0.905,0.3320000076293945,0.32854583859443665,SavedShot,RightFoot,OpenPlay,a,2025
674125,29763,8050,Hichem Boudaoui,58,0.7290000152587891,0.6659999847412109,0.01419598888605833,MissedShots,RightFoot,OpenPlay,a,2025
674126,29763,8190,Melvin Bard,64,0.9269999694824219,0.519000015258789,0.40696075558662415,Goal,LeftFoot,OpenPlay,a,2025
674127,29763,9182,Sepe Elye Wahi,70,0.8059999847412109,0.6459999847412109,0.049250636249780655,SavedShot,RightFoot,OpenPlay,a,2025
674131,29763,9182,Sepe Elye Wahi,89,0.855,0.29600000381469727,0.04717070236802101,BlockedShot,RightFoot,OpenPlay,a,2025
674135,29763,9182,Sepe Elye Wahi,95,0.8959999847412109,0.6029999923706054,0.42302894592285156,SavedShot,LeftFoot,OpenPlay,a,2025
674136,29763,9182,Sepe Elye Wahi,95,0.674000015258789,0.46700000762939453,0.03245985135436058,Goal,RightFoot,OpenPlay,a,2025
674223,29768,9690,Folarin Balogun,18,0.9259999847412109,0.5220000076293946,0.5467957854270935,Goal,LeftFoot,OpenPlay,h,2025
674225,29768,10058,Maghnes Akliouche,25,0.960999984741211,0.515,0.620479166507721,MissedShots,LeftFoot,OpenPlay,h,2025
674226,29768,11799,Lamine Camara,28,0.88,0.34799999237060547,0.05376213788986206,MissedShots,RightFoot,OpenPlay,h,2025
674228,29768,2897,Aleksandr Golovin,34,0.8230000305175781,0.7080000305175781,0.08203955739736557,SavedShot,RightFoot,DirectFreekick,h,2025
674229,29768,9690,Folarin Balogun,34,0.9519999694824218,0.5529999923706055,0.5640924572944641,MissedShots,LeftFoot,SetPiece,h,2025
674232,29768,2897,Aleksandr Golovin,51,0.8469999694824218,0.700999984741211,0.0393364392220974,SavedShot,RightFoot,OpenPlay,h,2025
674233,29768,10058,Maghnes Akliouche,52,0.8809999847412109,0.605,0.042848169803619385,BlockedShot,RightFoot,FromCorner,h,2025
674235,29768,9690,Folarin Balogun,67,0.9440000152587891,0.67,0.32834646105766296,MissedShots,LeftFoot,OpenPlay,h,2025
674236,29768,7967,Anssumane Fati,74,0.9269999694824219,0.6869999694824219,0.0939943939447403,BlockedShot,LeftFoot,OpenPlay,h,2025
674237,29768,2897,Aleksandr Golovin,77,0.895,0.4620000076293945,0.44175204634666443,Goal,RightFoot,OpenPlay,h,2025
674220,29768,7739,Joris Chotard,0,0.7230000305175781,0.5259999847412109,0.012489330023527145,BlockedShot,RightFoot,OpenPlay,a,2025
674221,29768,3721,Romain Del Castillo,10,0.850999984741211,0.4929999923706055,0.09989386051893234,MissedShots,LeftFoot,OpenPlay,a,2025
674222,29768,6905,Ludovic Ajorque,11,0.9569999694824218,0.665,0.028064612299203873,MissedShots,LeftFoot,OpenPlay,a,2025
674224,29768,3721,Romain Del Castillo,22,0.7669999694824219,0.644000015258789,0.01922518201172352,MissedShots,LeftFoot,OpenPlay,a,2025
674227,29768,7562,Eric Junior Dina Ebimbe,30,0.9569999694824218,0.519000015258789,0.591457188129425,MissedShots,LeftFoot,SetPiece,a,2025
674230,29768,7736,Brendan Chardonnet,40,0.914000015258789,0.495,0.05366386100649834,MissedShots,Head,FromCorner,a,2025
674231,29768,13968,Daouda Guindo,49,0.8090000152587891,0.514000015258789,0.016759037971496582,BlockedShot,LeftFoot,OpenPlay,a,2025
674234,29768,7736,Brendan Chardonnet,62,0.904000015258789,0.5270000076293946,0.044583432376384735,MissedShots,Head,FromCorner,a,2025
674238,29768,10100,Kamory Doumbia,79,0.899000015258789,0.44299999237060544,0.0502183698117733,MissedShots,Head,FromCorner,a,2025
674239,29768,11065,Remy Labeau Lascary,80,0.845999984741211,0.63,0.06246968358755112,BlockedShot,RightFoot,OpenPlay,a,2025
674240,29768,10100,Kamory Doumbia,81,0.9269999694824219,0.505,0.5552486777305603,SavedShot,Head,OpenPlay,a,2025
674241,29768,6905,Ludovic Ajorque,84,0.93,0.5990000152587891,0.026895375922322273,MissedShots,Head,FromCorner,a,2025
674466,29771,14359,Gessime Yassine,6,0.7530000305175781,0.36400001525878906,0.027369972318410873,BlockedShot,LeftFoot,OpenPlay,h,2025
674467,29771,11164,Martial Godo,7,0.9369999694824219,0.52,0.12962289154529572,BlockedShot,RightFoot,FromCorner,h,2025
674468,29771,10485,Guemissongui Ouattara,11,0.904000015258789,0.5429999923706055,0.4611065685749054,SavedShot,LeftFoot,OpenPlay,h,2025
674470,29771,11058,Julio Enciso,13,0.8640000152587891,0.649000015258789,0.0553322471678257,BlockedShot,RightFoot,OpenPlay,h,2025
674471,29771,10485,Guemissongui Ouattara,14,0.6780000305175782,0.3970000076293945,0.012665890157222748,BlockedShot,RightFoot,OpenPlay,h,2025
674473,29771,10485,Guemissongui Ouattara,24,0.8869999694824219,0.18799999237060547,0.017082715407013893,MissedShots,RightFoot,OpenPlay,h,2025
674474,29771,10868,Guela Doué,33,0.9580000305175781,0.44099998474121094,0.06762002408504486,SavedShot,Head,FromCorner,h,2025
674477,29771,14359,Gessime Yassine,49,0.879000015258789,0.4279999923706055,0.07956462353467941,BlockedShot,LeftFoot,OpenPlay,h,2025
674478,29771,12498,Valentín Barco,52,0.7680000305175781,0.27399999618530274,0.04782703518867493,BlockedShot,LeftFoot,DirectFreekick,h,2025
674479,29771,11164,Martial Godo,55,0.93,0.6809999847412109,0.06647946685552597,MissedShots,LeftFoot,OpenPlay,h,2025
674480,29771,12413,Joaquín Panichelli,56,0.88,0.509000015258789,0.11904134601354599,SavedShot,RightFoot,OpenPlay,h,2025
674481,29771,12498,Valentín Barco,61,0.960999984741211,0.7,0.11850158870220184,BlockedShot,LeftFoot,OpenPlay,h,2025
674465,29771,7908,Marshall Munetsi,1,0.7319999694824219,0.4420000076293945,0.02778308093547821,MissedShots,RightFoot,OpenPlay,a,2025
674469,29771,1209,Ciro Immobile,12,0.7369999694824219,0.3679999923706055,0.036803022027015686,MissedShots,RightFoot,OpenPlay,a,2025
674472,29771,13577,Rudy Matondo,15,0.7230000305175781,0.4540000152587891,0.01721017062664032,BlockedShot,RightFoot,OpenPlay,a,2025
674475,29771,7908,Marshall Munetsi,43,0.9290000152587891,0.534000015258789,0.0699644684791565,MissedShots,Head,OpenPlay,a,2025
674476,29771,7908,Marshall Munetsi,47,0.9580000305175781,0.4159999847412109,0.08999036252498627,BlockedShot,Head,FromCorner,a,2025
674482,29771,10620,Luca Koleosho,64,0.8769999694824219,0.6909999847412109,0.09900650382041931,SavedShot,RightFoot,OpenPlay,a,2025
674483,29771,5619,Pierre Lees-Melou,65,0.8780000305175781,0.3189999961853027,0.037623681128025055,MissedShots,RightFoot,FromCorner,a,2025
674484,29771,10169,Diego Coppola,74,0.89,0.500999984741211,0.05276913940906525,MissedShots,Head,FromCorner,a,2025
674485,29771,10620,Luca Koleosho,76,0.895,0.6909999847412109,0.08135547488927841,SavedShot,RightFoot,OpenPlay,a,2025
674486,29771,8690,Jean-Phillipe Krasso,82,0.715999984741211,0.475,0.0788126215338707,MissedShots,LeftFoot,OpenPlay,a,2025
674487,29771,10620,Luca Koleosho,83,0.7709999847412109,0.644000015258789,0.025076841935515404,BlockedShot,RightFoot,OpenPlay,a,2025
674678,29764,11792,Issa Soumaré,5,0.9590000152587891,0.5670000076293945,0.07540234178304672,SavedShot,Head,OpenPlay,h,2025
674679,29764,11792,Issa Soumaré,6,0.71,0.48700000762939455,0.012501297518610954,MissedShots,RightFoot,OpenPlay,h,2025
674680,29764,8372,Lucas Gourna Douath,9,0.895,0.28700000762939454,0.04138009622693062,SavedShot,RightFoot,OpenPlay,h,2025
674682,29764,8287,Mbwana Samatta,18,0.8619999694824219,0.45099998474121095,0.028232872486114502,SavedShot,Head,OpenPlay,h,2025
674683,29764,11787,Loïc Négo,25,0.8919999694824219,0.33799999237060546,0.06660468131303787,MissedShots,LeftFoot,OpenPlay,h,2025
674685,29764,8287,Mbwana Samatta,29,0.925,0.4329999923706055,0.09207469969987869,SavedShot,LeftFoot,SetPiece,h,2025
674686,29764,14083,Enzo Koffi,34,0.7569999694824219,0.634000015258789,0.017109837383031845,MissedShots,LeftFoot,OpenPlay,h,2025
674689,29764,11792,Issa Soumaré,50,0.915,0.539000015258789,0.113528773188591,MissedShots,Head,OpenPlay,h,2025
674692,29764,1734,Sofiane Boufal,53,0.9440000152587891,0.7290000152587891,0.017658177763223648,ShotOnPost,RightFoot,OpenPlay,h,2025
674693,29764,11790,Rassoul Ndiaye,54,0.8619999694824219,0.6419999694824219,0.06846033036708832,BlockedShot,RightFoot,OpenPlay,h,2025
674694,29764,11787,Loïc Négo,63,0.8969999694824219,0.335,0.05645918846130371,ShotOnPost,RightFoot,OpenPlay,h,2025
674695,29764,11787,Loïc Négo,63,0.8969999694824219,0.335,0.05369884893298149,MissedShots,RightFoot,OpenPlay,h,2025
674677,29764,12884,Endrick,4,0.8580000305175781,0.585999984741211,0.2810564935207367,MissedShots,LeftFoot,OpenPlay,a,2025
674681,29764,12884,Endrick,11,0.870999984741211,0.6609999847412109,0.05354189872741699,SavedShot,LeftFoot,OpenPlay,a,2025
674684,29764,11318,Abner,26,0.8869999694824219,0.6769999694824219,0.057974718511104584,SavedShot,LeftFoot,OpenPlay,a,2025
674687,29764,12884,Endrick,40,0.8590000152587891,0.4540000152587891,0.07394836097955704,SavedShot,RightFoot,SetPiece,a,2025
674688,29764,10701,Nicolás Tagliafico,46,0.899000015258789,0.5459999847412109,0.09392942488193512,MissedShots,Head,OpenPlay,a,2025
674690,29764,12884,Endrick,51,0.845999984741211,0.46599998474121096,0.06659356504678726,BlockedShot,LeftFoot,OpenPlay,a,2025
674691,29764,10091,Tyler Morton,51,0.874000015258789,0.495,0.07218344509601593,BlockedShot,RightFoot,OpenPlay,a,2025
674696,29764,12041,Roman Yaremchuk,64,0.914000015258789,0.46599998474121096,0.1108207106590271,MissedShots,Head,OpenPlay,a,2025
674697,29764,12884,Endrick,66,0.779000015258789,0.4379999923706055,0.03335660696029663,SavedShot,LeftFoot,OpenPlay,a,2025
674698,29764,12884,Endrick,75,0.87,0.505,0.07317417114973068,MissedShots,LeftFoot,OpenPlay,a,2025
674699,29764,12041,Roman Yaremchuk,77,0.9130000305175782,0.4779999923706055,0.12835945188999176,MissedShots,Head,OpenPlay,a,2025
674700,29764,3603,Corentin Tolisso,80,0.8009999847412109,0.6519999694824219,0.030158404260873795,MissedShots,RightFoot,OpenPlay,a,2025
674701,29764,14195,Adil Hamdani,92,0.8640000152587891,0.6190000152587891,0.06323526799678802,MissedShots,RightFoot,OpenPlay,a,2025
674561,29767,14407,Nathan Mbala,14,0.874000015258789,0.6029999923706054,0.13041658699512482,MissedShots,LeftFoot,OpenPlay,h,2025
674562,29767,6308,Jessy Deminguet,19,0.899000015258789,0.505,0.0904034674167633,MissedShots,Head,OpenPlay,h,2025
674565,29767,14407,Nathan Mbala,29,0.855999984741211,0.5159999847412109,0.044330112636089325,Goal,LeftFoot,OpenPlay,h,2025
674566,29767,11798,Koffi Kouao,30,0.905,0.47,0.296347439289093,Goal,Head,OpenPlay,h,2025
674568,29767,4764,Jean-Philippe Gbamin,35,0.874000015258789,0.53,0.14403963088989258,SavedShot,RightFoot,OpenPlay,h,2025
674572,29767,3393,Bouna Sarr,38,0.9519999694824218,0.3559999847412109,0.2998615503311157,SavedShot,RightFoot,OpenPlay,h,2025
674573,29767,6308,Jessy Deminguet,39,0.9330000305175781,0.38299999237060545,0.0313546285033226,BlockedShot,Head,FromCorner,h,2025
674574,29767,13809,Giorgi Tsitaishvili,41,0.945,0.6969999694824218,0.1083487942814827,SavedShot,LeftFoot,OpenPlay,h,2025
674575,29767,6308,Jessy Deminguet,42,0.884000015258789,0.5379999923706055,0.042800646275281906,SavedShot,Head,OpenPlay,h,2025
674578,29767,14407,Nathan Mbala,53,0.77,0.4179999923706055,0.023550011217594147,BlockedShot,LeftFoot,SetPiece,h,2025
674579,29767,11798,Koffi Kouao,65,0.78,0.34,0.022662442177534103,BlockedShot,LeftFoot,OpenPlay,h,2025
674580,29767,14407,Nathan Mbala,66,0.9430000305175781,0.5129999923706055,0.06790276616811752,MissedShots,Head,OpenPlay,h,2025
674585,29767,13812,Alpha Touré,81,0.93,0.435,0.10549657046794891,MissedShots,Head,OpenPlay,h,2025
674586,29767,13813,Giorgi Abuashvili,87,0.8809999847412109,0.40299999237060546,0.06491158157587051,Goal,LeftFoot,OpenPlay,h,2025
674587,29767,12376,Lucas Michal,88,0.9480000305175781,0.615,0.08343052119016647,MissedShots,LeftFoot,OpenPlay,h,2025
674590,29767,13813,Giorgi Abuashvili,95,0.7930000305175782,0.36200000762939455,0.01258150301873684,MissedShots,LeftFoot,SetPiece,h,2025
674592,29767,12376,Lucas Michal,97,0.815,0.6480000305175782,0.05772632732987404,SavedShot,RightFoot,OpenPlay,h,2025
674558,29767,6874,Yann Gboho,4,0.7709999847412109,0.6379999923706055,0.023361319676041603,MissedShots,LeftFoot,OpenPlay,a,2025
674559,29767,12045,Aron Dønnum,5,0.8090000152587891,0.49900001525878906,0.056748662143945694,Goal,LeftFoot,OpenPlay,a,2025
674560,29767,6874,Yann Gboho,13,0.8530000305175781,0.4620000076293945,0.33585989475250244,Goal,RightFoot,OpenPlay,a,2025
674563,29767,14435,Jacen Russell-Rowe,21,0.759000015258789,0.625999984741211,0.03214593231678009,MissedShots,RightFoot,OpenPlay,a,2025
674564,29767,14435,Jacen Russell-Rowe,28,0.919000015258789,0.43599998474121093,0.02612869068980217,MissedShots,Head,FromCorner,a,2025
674567,29767,6874,Yann Gboho,33,0.8219999694824218,0.69,0.03187843784689903,BlockedShot,RightFoot,OpenPlay,a,2025
674569,29767,11291,Warren Kamanzi,36,0.925,0.585,0.3592415452003479,MissedShots,Head,OpenPlay,a,2025
674570,29767,13756,Santiago Hidalgo,37,0.7769999694824219,0.649000015258789,0.023187488317489624,BlockedShot,LeftFoot,OpenPlay,a,2025
674571,29767,10788,Rasmus Nicolaisen,38,0.89,0.46599998474121096,0.04683929309248924,BlockedShot,Head,FromCorner,a,2025
674576,29767,6874,Yann Gboho,45,0.8780000305175781,0.6379999923706055,0.0377267524600029,BlockedShot,RightFoot,OpenPlay,a,2025
674577,29767,6874,Yann Gboho,47,0.8169999694824219,0.720999984741211,0.022254563868045807,Goal,RightFoot,OpenPlay,a,2025
674581,29767,14082,Emersonn,67,0.9259999847412109,0.6370000076293946,0.023120619356632233,SavedShot,Head,OpenPlay,a,2025
674582,29767,13755,Mário Sauer,71,0.77,0.6940000152587891,0.011971983127295971,BlockedShot,RightFoot,SetPiece,a,2025
674583,29767,11291,Warren Kamanzi,78,0.8019999694824219,0.6419999694824219,0.043293580412864685,MissedShots,RightFoot,OpenPlay,a,2025
674584,29767,13758,Seny Koumbassa,80,0.8980000305175782,0.675,0.05885527282953262,MissedShots,RightFoot,SetPiece,a,2025
674588,29767,12045,Aron Dønnum,91,0.7219999694824218,0.544000015258789,0.015960365533828735,BlockedShot,LeftFoot,OpenPlay,a,2025
674589,29767,14082,Emersonn,93,0.9269999694824219,0.605,0.14395557343959808,BlockedShot,LeftFoot,OpenPlay,a,2025
674591,29767,13755,Mário Sauer,97,0.8019999694824219,0.44799999237060545,0.0771857351064682,SavedShot,RightFoot,OpenPlay,a,2025
674593,29767,13755,Mário Sauer,98,0.919000015258789,0.48400001525878905,0.3729081451892853,Goal,RightFoot,OpenPlay,a,2025
674780,29770,10789,Anthony Rouault,36,0.924000015258789,0.5059999847412109,0.4148058593273163,MissedShots,Head,SetPiece,h,2025
674781,29770,11782,Mousa Al Tamari,38,0.799000015258789,0.29100000381469726,0.02332201600074768,MissedShots,LeftFoot,OpenPlay,h,2025
674782,29770,3475,Ludovic Blas,45,0.905,0.685,0.031503353267908096,BlockedShot,LeftFoot,OpenPlay,h,2025
674784,29770,5684,Arnaud Nordin,49,0.7809999847412109,0.7669999694824219,0.016398083418607712,SavedShot,RightFoot,OpenPlay,h,2025
674785,29770,3475,Ludovic Blas,52,0.7280000305175781,0.41900001525878905,0.01502314954996109,BlockedShot,LeftFoot,OpenPlay,h,2025
674786,29770,5684,Arnaud Nordin,58,0.8440000152587891,0.669000015258789,0.03511026129126549,BlockedShot,RightFoot,OpenPlay,h,2025
674787,29770,12850,Esteban Lepaul,58,0.9119999694824219,0.5629999923706055,0.34494486451148987,Goal,LeftFoot,OpenPlay,h,2025
674789,29770,5684,Arnaud Nordin,66,0.85,0.49900001525878906,0.06222445145249367,MissedShots,LeftFoot,OpenPlay,h,2025
674790,29770,6452,Mahdi Camara,69,0.9340000152587891,0.5659999847412109,0.49266740679740906,MissedShots,RightFoot,OpenPlay,h,2025
674791,29770,7631,Sebastian Szymanski,74,0.765,0.600999984741211,0.025412702932953835,SavedShot,LeftFoot,OpenPlay,h,2025
674795,29770,6452,Mahdi Camara,87,0.970999984741211,0.4379999923706055,0.08018162846565247,SavedShot,RightFoot,OpenPlay,h,2025
674796,29770,6452,Mahdi Camara,88,0.754000015258789,0.36400001525878906,0.016812346875667572,MissedShots,RightFoot,OpenPlay,h,2025
674778,29770,13051,Matias Fernandez-Pardo,1,0.8440000152587891,0.3890000152587891,0.28682196140289307,Goal,RightFoot,OpenPlay,a,2025
674779,29770,5680,Thomas Meunier,21,0.9169999694824219,0.49900001525878906,0.06094786524772644,SavedShot,Head,SetPiece,a,2025
674783,29770,11757,Hákon Haraldsson,46,0.9430000305175781,0.534000015258789,0.680589497089386,Goal,LeftFoot,OpenPlay,a,2025
674788,29770,5680,Thomas Meunier,63,0.909000015258789,0.5740000152587891,0.13715477287769318,BlockedShot,LeftFoot,OpenPlay,a,2025
674792,29770,13782,Nathan Ngoy,76,0.9209999847412109,0.5029999923706054,0.050627630203962326,BlockedShot,Head,FromCorner,a,2025
674793,29770,13782,Nathan Ngoy,76,0.7440000152587891,0.435,0.014727840200066566,MissedShots,RightFoot,OpenPlay,a,2025
674794,29770,11757,Hákon Haraldsson,79,0.4420000076293945,0.35,0.0099795488640666,MissedShots,RightFoot,OpenPlay,a,2025
674797,29770,11756,Tiago Santos,91,0.8669999694824219,0.39099998474121095,0.10994988679885864,BlockedShot,LeftFoot,OpenPlay,a,2025
674978,29773,3348,Florian Sotoca,1,0.625999984741211,0.32299999237060545,0.00871647521853447,MissedShots,RightFoot,OpenPlay,h,2025
674980,29773,3348,Florian Sotoca,6,0.945,0.4259999847412109,0.09840817004442215,MissedShots,Head,FromCorner,h,2025
674981,29773,942,Florian Thauvin,7,0.8269999694824218,0.32299999237060545,0.03683480992913246,BlockedShot,LeftFoot,OpenPlay,h,2025
674985,29773,942,Florian Thauvin,12,0.909000015258789,0.3679999923706055,0.3072417676448822,Goal,RightFoot,OpenPlay,h,2025
674986,29773,5648,Malang Sarr,14,0.9319999694824219,0.5379999923706055,0.11542476713657379,MissedShots,Head,FromCorner,h,2025
674987,29773,11142,Pierre Ganiou,14,0.9419999694824219,0.4640000152587891,0.06284155696630478,MissedShots,Head,FromCorner,h,2025
674988,29773,3348,Florian Sotoca,18,0.8080000305175781,0.644000015258789,0.04160117730498314,BlockedShot,RightFoot,OpenPlay,h,2025
674989,29773,3697,Odsonne Edouard,23,0.96,0.5679999923706055,0.5821931958198547,MissedShots,RightFoot,OpenPlay,h,2025
674990,29773,3697,Odsonne Edouard,24,0.935,0.4779999923706055,0.7423993349075317,Goal,RightFoot,OpenPlay,h,2025
674992,29773,13917,Mamadou Sangaré,29,0.8019999694824219,0.6029999923706054,0.0565749928355217,SavedShot,LeftFoot,OpenPlay,h,2025
674993,29773,13917,Mamadou Sangaré,38,0.7759999847412109,0.5120000076293946,0.04557085409760475,BlockedShot,LeftFoot,OpenPlay,h,2025
674994,29773,13917,Mamadou Sangaré,38,0.78,0.6029999923706054,0.037221770733594894,Goal,LeftFoot,OpenPlay,h,2025
674996,29773,3697,Odsonne Edouard,42,0.8540000152587891,0.6179999923706054,0.2508753836154938,SavedShot,RightFoot,OpenPlay,h,2025
674998,29773,3348,Florian Sotoca,43,0.7519999694824219,0.3820000076293945,0.03349779173731804,MissedShots,RightFoot,OpenPlay,h,2025
675002,29773,3697,Odsonne Edouard,47,0.8930000305175781,0.45799999237060546,0.5079115629196167,Goal,RightFoot,OpenPlay,h,2025
675003,29773,942,Florian Thauvin,52,0.905,0.3039999961853027,0.10931044071912766,BlockedShot,LeftFoot,OpenPlay,h,2025
675004,29773,13053,Saud Abdulhamid,54,0.745,0.65,0.021575791761279106,MissedShots,RightFoot,OpenPlay,h,2025
675005,29773,5648,Malang Sarr,56,0.784000015258789,0.34700000762939454,0.02373547852039337,MissedShots,LeftFoot,OpenPlay,h,2025
675006,29773,13432,Nidal Celik,59,0.9280000305175782,0.5029999923706054,0.11843641102313995,SavedShot,Head,FromCorner,h,2025
675010,29773,3348,Florian Sotoca,67,0.9390000152587891,0.49,0.10574410110712051,MissedShots,Head,OpenPlay,h,2025
675011,29773,5745,Matthieu Udol,71,0.9580000305175781,0.585,0.13663123548030853,Goal,LeftFoot,OpenPlay,h,2025
675012,29773,13506,Rayan Fofana,75,0.9290000152587891,0.3270000076293945,0.08935228735208511,BlockedShot,RightFoot,OpenPlay,h,2025
675013,29773,13506,Rayan Fofana,79,0.8730000305175781,0.3120000076293945,0.10432100296020508,SavedShot,LeftFoot,OpenPlay,h,2025
675014,29773,5745,Matthieu Udol,81,0.9540000152587891,0.49700000762939456,0.5485212802886963,MissedShots,Head,SetPiece,h,2025
675016,29773,101,Allan Saint-Maximin,86,0.8009999847412109,0.3039999961853027,0.03355540707707405,MissedShots,RightFoot,OpenPlay,h,2025
675018,29773,5745,Matthieu Udol,88,0.875,0.580999984741211,0.12808436155319214,MissedShots,LeftFoot,OpenPlay,h,2025
674979,29773,10295,Louis Mouton,3,0.8930000305175781,0.45,0.03541281446814537,MissedShots,Head,OpenPlay,a,2025
674982,29773,14131,Amine Sbaï,10,0.7680000305175781,0.6680000305175782,0.03753090649843216,SavedShot,RightFoot,OpenPlay,a,2025
674983,29773,10295,Louis Mouton,10,0.8519999694824218,0.6359999847412109,0.059117063879966736,BlockedShot,RightFoot,OpenPlay,a,2025
674984,29773,7732,Haris Belkebla,10,0.8390000152587891,0.49200000762939455,0.04793845862150192,MissedShots,RightFoot,OpenPlay,a,2025
674991,29773,14131,Amine Sbaï,26,0.8580000305175781,0.5890000152587891,0.10635098814964294,SavedShot,RightFoot,OpenPlay,a,2025
674995,29773,10517,Yassin Belkhdim,41,0.74,0.28200000762939453,0.009543854743242264,SavedShot,RightFoot,OpenPlay,a,2025
674997,29773,10517,Yassin Belkhdim,43,0.8619999694824219,0.4620000076293945,0.04721207916736603,SavedShot,RightFoot,OpenPlay,a,2025
674999,29773,13612,Lanroy Machine,44,0.8719999694824219,0.6270000076293946,0.07487736642360687,BlockedShot,LeftFoot,OpenPlay,a,2025
675000,29773,10295,Louis Mouton,46,0.8630000305175781,0.34700000762939454,0.09256836026906967,MissedShots,RightFoot,OpenPlay,a,2025
675001,29773,10295,Louis Mouton,46,0.855,0.515,0.04684755578637123,MissedShots,RightFoot,OpenPlay,a,2025
675007,29773,13612,Lanroy Machine,61,0.9309999847412109,0.47200000762939454,0.34562307596206665,Goal,RightFoot,OpenPlay,a,2025
675008,29773,14131,Amine Sbaï,65,0.874000015258789,0.585,0.06255277246236801,BlockedShot,LeftFoot,OpenPlay,a,2025
675009,29773,14131,Amine Sbaï,65,0.8909999847412109,0.6029999923706054,0.07721716165542603,BlockedShot,RightFoot,OpenPlay,a,2025
675015,29773,6895,Jordan Lefort,85,0.9169999694824219,0.38,0.07356180995702744,MissedShots,RightFoot,FromCorner,a,2025
675017,29773,11294,Lilian Raolisoa,87,0.7869999694824219,0.33599998474121096,0.023511173203587532,MissedShots,LeftFoot,OpenPlay,a,2025
675019,29773,11294,Lilian Raolisoa,92,0.7219999694824218,0.5620000076293945,0.01198097039014101,BlockedShot,RightFoot,OpenPlay,a,2025
675370,29780,14358,Pape Diop,0,0.8769999694824219,0.34599998474121096,0.3227694630622864,SavedShot,RightFoot,OpenPlay,h,2025
675371,29780,13756,Santiago Hidalgo,10,0.9119999694824219,0.57,0.09500238299369812,MissedShots,Head,OpenPlay,h,2025
675372,29780,13756,Santiago Hidalgo,12,0.750999984741211,0.28,0.014669978991150856,MissedShots,LeftFoot,OpenPlay,h,2025
675375,29780,12045,Aron Dønnum,48,0.875999984741211,0.2879999923706055,0.03973511978983879,BlockedShot,LeftFoot,OpenPlay,h,2025
675376,29780,13756,Santiago Hidalgo,48,0.884000015258789,0.39799999237060546,0.029319649562239647,MissedShots,Head,SetPiece,h,2025
675377,29780,6874,Yann Gboho,49,0.8519999694824218,0.7319999694824219,0.02899434044957161,MissedShots,RightFoot,OpenPlay,h,2025
675378,29780,14358,Pape Diop,53,0.665,0.6370000076293946,0.010822052136063576,BlockedShot,RightFoot,OpenPlay,h,2025
675381,29780,12045,Aron Dønnum,71,0.7559999847412109,0.4209999847412109,0.06763181835412979,MissedShots,LeftFoot,DirectFreekick,h,2025
675383,29780,14082,Emersonn,79,0.8009999847412109,0.5779999923706055,0.043470609933137894,SavedShot,RightFoot,OpenPlay,h,2025
675384,29780,14082,Emersonn,80,0.9490000152587891,0.34400001525878904,0.23414060473442078,Goal,RightFoot,OpenPlay,h,2025
675387,29780,14082,Emersonn,96,0.8640000152587891,0.645,0.15004006028175354,SavedShot,LeftFoot,OpenPlay,h,2025
675388,29780,13755,Mário Sauer,96,0.8980000305175782,0.4420000076293945,0.5270630717277527,MissedShots,LeftFoot,OpenPlay,h,2025
675373,29780,10844,Darline Yongwa,46,0.7390000152587891,0.37900001525878907,0.01892206072807312,SavedShot,LeftFoot,OpenPlay,a,2025
675374,29780,13975,Noah Cadiou,47,0.794000015258789,0.5020000076293946,0.06325966119766235,MissedShots,RightFoot,OpenPlay,a,2025
675379,29780,10844,Darline Yongwa,59,0.8159999847412109,0.31,0.04934089630842209,BlockedShot,LeftFoot,OpenPlay,a,2025
675380,29780,9345,Ahmadou Bamba Dieng,61,0.8630000305175781,0.5429999923706055,0.2572595477104187,BlockedShot,RightFoot,OpenPlay,a,2025
675382,29780,12328,Arthur Avom,74,0.7169999694824218,0.6329999923706054,0.013086758553981781,MissedShots,RightFoot,FromCorner,a,2025
675385,29780,10074,Sambou Soumano,90,0.8569999694824219,0.5920000076293945,0.04365713149309158,MissedShots,RightFoot,OpenPlay,a,2025
675386,29780,13794,Arsène Kouassi,93,0.9219999694824219,0.6940000152587891,0.032150112092494965,SavedShot,LeftFoot,OpenPlay,a,2025
675547,29772,13793,Lamine Sy,3,0.785,0.315,0.009875244460999966,BlockedShot,RightFoot,OpenPlay,h,2025
675550,29772,14408,Bryan Okoh,23,0.92,0.54,0.1706000417470932,Goal,Head,FromCorner,h,2025
675551,29772,10815,Lassine Sinayoko,27,0.8519999694824218,0.6419999694824219,0.07286928594112396,BlockedShot,LeftFoot,OpenPlay,h,2025
675552,29772,14408,Bryan Okoh,36,0.9080000305175782,0.4929999923706055,0.03173260763287544,BlockedShot,Head,FromCorner,h,2025
675555,29772,14408,Bryan Okoh,57,0.9569999694824218,0.4490000152587891,0.47753456234931946,Goal,Head,SetPiece,h,2025
675556,29772,13888,Danny Namaso,69,0.8090000152587891,0.5029999923706054,0.07820622622966766,Goal,RightFoot,OpenPlay,h,2025
675558,29772,13793,Lamine Sy,77,0.91,0.34900001525878904,0.10915280133485794,MissedShots,RightFoot,OpenPlay,h,2025
675560,29772,10815,Lassine Sinayoko,79,0.9540000152587891,0.28899999618530275,0.08364062011241913,SavedShot,RightFoot,OpenPlay,h,2025
675561,29772,10815,Lassine Sinayoko,85,0.8330000305175781,0.45599998474121095,0.42397555708885193,SavedShot,RightFoot,OpenPlay,h,2025
675563,29772,10815,Lassine Sinayoko,92,0.8669999694824219,0.725999984741211,0.05419927462935448,SavedShot,RightFoot,OpenPlay,h,2025
675564,29772,10815,Lassine Sinayoko,95,0.9340000152587891,0.5709999847412109,0.5455103516578674,SavedShot,LeftFoot,OpenPlay,h,2025
675548,29772,13968,Daouda Guindo,8,0.8080000305175781,0.3290000152587891,0.08724452555179596,BlockedShot,LeftFoot,DirectFreekick,a,2025
675549,29772,11065,Remy Labeau Lascary,13,0.8490000152587891,0.37900001525878907,0.4565146267414093,SavedShot,RightFoot,OpenPlay,a,2025
675553,29772,11061,Michel Diaz,39,0.9619999694824218,0.6090000152587891,0.0584702268242836,ShotOnPost,Head,SetPiece,a,2025
675554,29772,7562,Eric Junior Dina Ebimbe,45,0.91,0.34099998474121096,0.05624391883611679,BlockedShot,RightFoot,OpenPlay,a,2025
675557,29772,11065,Remy Labeau Lascary,73,0.784000015258789,0.46700000762939453,0.040743160992860794,SavedShot,RightFoot,OpenPlay,a,2025
675559,29772,7747,Mama Baldé,78,0.895,0.4520000076293945,0.07038507610559464,BlockedShot,RightFoot,OpenPlay,a,2025
675562,29772,7747,Mama Baldé,88,0.815,0.505,0.06532364338636398,MissedShots,LeftFoot,OpenPlay,a,2025
675565,29772,14052,Pathé Mboup,96,0.754000015258789,0.5970000076293945,0.017442386597394943,BlockedShot,RightFoot,OpenPlay,a,2025
675566,29772,11065,Remy Labeau Lascary,96,0.7719999694824219,0.5059999847412109,0.029951369389891624,MissedShots,RightFoot,OpenPlay,a,2025
675617,29777,8697,Jonathan Clauss,29,0.75,0.3770000076293945,0.00851809699088335,BlockedShot,RightFoot,FromCorner,h,2025
675618,29777,6846,Sofiane Diop,30,0.7659999847412109,0.425,0.02798677794635296,SavedShot,RightFoot,OpenPlay,h,2025
675619,29777,148,Dante,32,0.904000015258789,0.6079999923706054,0.012723487801849842,MissedShots,Head,FromCorner,h,2025
675624,29777,8190,Melvin Bard,47,0.9180000305175782,0.43099998474121093,0.03861285373568535,MissedShots,Head,OpenPlay,h,2025
675626,29777,8697,Jonathan Clauss,53,0.8830000305175781,0.31,0.021981079131364822,BlockedShot,RightFoot,OpenPlay,h,2025
675627,29777,3696,Morgan Sanson,56,0.9119999694824219,0.425,0.06679772585630417,MissedShots,RightFoot,OpenPlay,h,2025
675612,29777,10786,Warren Zaïre-Emery,8,0.8119999694824219,0.4370000076293945,0.052602797746658325,BlockedShot,RightFoot,OpenPlay,a,2025
675613,29777,7453,Khvicha Kvaratskhelia,11,0.909000015258789,0.6709999847412109,0.11985662579536438,SavedShot,LeftFoot,OpenPlay,a,2025
675614,29777,7453,Khvicha Kvaratskhelia,18,0.9340000152587891,0.6419999694824219,0.11126703023910522,SavedShot,LeftFoot,OpenPlay,a,2025
675615,29777,11486,Illia Zabarnyi,21,0.8540000152587891,0.485,0.028113264590501785,SavedShot,Head,SetPiece,a,2025
675616,29777,10431,Désiré Doué,27,0.840999984741211,0.740999984741211,0.055480048060417175,BlockedShot,RightFoot,OpenPlay,a,2025
675620,29777,7453,Khvicha Kvaratskhelia,36,0.8930000305175781,0.53,0.29837122559547424,BlockedShot,Head,OpenPlay,a,2025
675621,29777,10431,Désiré Doué,37,0.9390000152587891,0.580999984741211,0.07986020296812057,MissedShots,Head,FromCorner,a,2025
675622,29777,10431,Désiré Doué,37,0.915,0.654000015258789,0.06503354758024216,MissedShots,RightFoot,FromCorner,a,2025
675623,29777,9961,Nuno Mendes,41,0.885,0.5,0.7600951194763184,Goal,LeftFoot,Penalty,a,2025
675625,29777,10431,Désiré Doué,48,0.905,0.504000015258789,0.49363255500793457,Goal,RightFoot,OpenPlay,a,2025
675628,29777,10431,Désiré Doué,62,0.8769999694824219,0.46700000762939453,0.3800547122955322,SavedShot,LeftFoot,OpenPlay,a,2025
675629,29777,10431,Désiré Doué,69,0.8859999847412109,0.5070000076293946,0.5443395972251892,MissedShots,RightFoot,OpenPlay,a,2025
675630,29777,3226,Ousmane Dembélé,78,0.8019999694824219,0.23299999237060548,0.018094848841428757,MissedShots,RightFoot,OpenPlay,a,2025
675631,29777,13749,Dro Fernández,80,0.85,0.5179999923706055,0.31108295917510986,Goal,RightFoot,OpenPlay,a,2025
675632,29777,10786,Warren Zaïre-Emery,84,0.9119999694824219,0.49599998474121093,0.5705392360687256,Goal,RightFoot,OpenPlay,a,2025
675633,29777,3226,Ousmane Dembélé,88,0.825999984741211,0.5209999847412109,0.07544121891260147,SavedShot,LeftFoot,OpenPlay,a,2025
675634,29777,3226,Ousmane Dembélé,92,0.7880000305175782,0.37400001525878906,0.0857510194182396,BlockedShot,RightFoot,DirectFreekick,a,2025
675803,29774,12884,Endrick,15,0.7819999694824219,0.5470000076293945,0.05561332032084465,SavedShot,LeftFoot,OpenPlay,h,2025
675804,29774,13735,Pavel Sulc,16,0.8669999694824219,0.47299999237060547,0.033817071467638016,MissedShots,Head,OpenPlay,h,2025
675805,29774,6088,Orel Mangala,19,0.7330000305175781,0.49,0.017858421429991722,SavedShot,RightFoot,OpenPlay,h,2025
675807,29774,10701,Nicolás Tagliafico,29,0.7819999694824219,0.5370000076293945,0.03010910004377365,MissedShots,LeftFoot,OpenPlay,h,2025
675808,29774,13735,Pavel Sulc,32,0.7869999694824219,0.44,0.036513801664114,BlockedShot,RightFoot,OpenPlay,h,2025
675812,29774,13735,Pavel Sulc,41,0.9109999847412109,0.45799999237060546,0.1372217833995819,Goal,RightFoot,OpenPlay,h,2025
675813,29774,3603,Corentin Tolisso,46,0.899000015258789,0.750999984741211,0.06175746023654938,ShotOnPost,RightFoot,OpenPlay,h,2025
675814,29774,12884,Endrick,56,0.914000015258789,0.3659999847412109,0.37314847111701965,BlockedShot,LeftFoot,OpenPlay,h,2025
675815,29774,6088,Orel Mangala,56,0.7480000305175781,0.3820000076293945,0.020601656287908554,BlockedShot,RightFoot,OpenPlay,h,2025
675817,29774,4941,Hans Hateboer,60,0.93,0.295,0.08006711304187775,MissedShots,RightFoot,OpenPlay,h,2025
675823,29774,12884,Endrick,78,0.7469999694824219,0.2520000076293945,0.014214258641004562,BlockedShot,LeftFoot,OpenPlay,h,2025
675828,29774,12884,Endrick,87,0.6980000305175781,0.6,0.01084674708545208,BlockedShot,LeftFoot,OpenPlay,h,2025
675829,29774,5989,Moussa Niakhate,94,0.8619999694824219,0.42,0.06097349151968956,BlockedShot,LeftFoot,OpenPlay,h,2025
675830,29774,14406,Noah Nartey,94,0.8419999694824218,0.54,0.07186685502529144,BlockedShot,RightFoot,OpenPlay,h,2025
675831,29774,13735,Pavel Sulc,94,0.909000015258789,0.4470000076293945,0.11056788265705109,BlockedShot,RightFoot,OpenPlay,h,2025
675800,29774,9690,Folarin Balogun,10,0.8680000305175781,0.544000015258789,0.10444009304046631,BlockedShot,LeftFoot,OpenPlay,a,2025
675801,29774,10058,Maghnes Akliouche,15,0.9319999694824219,0.3390000152587891,0.289372056722641,SavedShot,RightFoot,OpenPlay,a,2025
675802,29774,11799,Lamine Camara,15,0.9330000305175781,0.505,0.08357395231723785,BlockedShot,Head,OpenPlay,a,2025
675806,29774,9690,Folarin Balogun,25,0.8540000152587891,0.27100000381469724,0.032018691301345825,BlockedShot,RightFoot,OpenPlay,a,2025
675809,29774,11799,Lamine Camara,33,0.919000015258789,0.23899999618530274,0.031276799738407135,BlockedShot,RightFoot,OpenPlay,a,2025
675810,29774,9690,Folarin Balogun,34,0.875999984741211,0.5709999847412109,0.02504715509712696,SavedShot,Head,FromCorner,a,2025
675811,29774,10058,Maghnes Akliouche,38,0.750999984741211,0.639000015258789,0.020988203585147858,MissedShots,LeftFoot,OpenPlay,a,2025
675816,29774,2897,Aleksandr Golovin,60,0.8580000305175781,0.3170000076293945,0.04772551730275154,BlockedShot,LeftFoot,OpenPlay,a,2025
675818,29774,10058,Maghnes Akliouche,61,0.8430000305175781,0.46799999237060547,0.23271572589874268,Goal,RightFoot,OpenPlay,a,2025
675819,29774,11710,Simon Adingra,66,0.8930000305175781,0.6940000152587891,0.049347277730703354,BlockedShot,RightFoot,OpenPlay,a,2025
675820,29774,9690,Folarin Balogun,71,0.885,0.5,0.7600951194763184,Goal,RightFoot,Penalty,a,2025
675821,29774,7967,Anssumane Fati,75,0.8580000305175781,0.5679999923706055,0.10080475360155106,SavedShot,RightFoot,OpenPlay,a,2025
675822,29774,8646,Wout Faes,76,0.9130000305175782,0.5229999923706055,0.08801589161157608,MissedShots,Head,FromCorner,a,2025
675824,29774,9690,Folarin Balogun,79,0.9480000305175781,0.580999984741211,0.14620551466941833,BlockedShot,RightFoot,OpenPlay,a,2025
675825,29774,9690,Folarin Balogun,79,0.9080000305175782,0.56,0.43773165345191956,MissedShots,RightFoot,OpenPlay,a,2025
675826,29774,7967,Anssumane Fati,82,0.9390000152587891,0.675,0.45228469371795654,SavedShot,LeftFoot,OpenPlay,a,2025
675827,29774,9690,Folarin Balogun,83,0.855,0.3089999961853027,0.1107596606016159,MissedShots,RightFoot,OpenPlay,a,2025
675832,29774,12285,Mamadou Coulibaly,96,0.8190000152587891,0.48900001525878906,0.07533255219459534,BlockedShot,LeftFoot,OpenPlay,a,2025
675833,29774,11131,Christian Mawissa Elebi,97,0.9530000305175781,0.6519999694824219,0.29555004835128784,SavedShot,LeftFoot,OpenPlay,a,2025
675834,29774,6147,Denis Zakaria,97,0.86,0.590999984741211,0.08836469054222107,BlockedShot,RightFoot,FromCorner,a,2025
675835,29774,11799,Lamine Camara,97,0.7969999694824219,0.655,0.03076648712158203,MissedShots,RightFoot,FromCorner,a,2025
676049,29775,7490,Mason Greenwood,2,0.8340000152587891,0.395,0.04587308689951897,MissedShots,RightFoot,SetPiece,h,2025
676052,29775,1245,Emerson,8,0.774000015258789,0.3189999961853027,0.06024723872542381,MissedShots,LeftFoot,DirectFreekick,h,2025
676057,29775,11132,Ethan Nwaneri,37,0.8469999694824218,0.38299999237060545,0.07410333305597305,BlockedShot,LeftFoot,OpenPlay,h,2025
676058,29775,11132,Ethan Nwaneri,42,0.895,0.5170000076293946,0.32205942273139954,Goal,LeftFoot,OpenPlay,h,2025
676059,29775,318,Pierre-Emerick Aubameyang,46,0.8390000152587891,0.27799999237060546,0.22165070474147797,SavedShot,RightFoot,OpenPlay,h,2025
676061,29775,1245,Emerson,50,0.7559999847412109,0.6790000152587891,0.015086553059518337,BlockedShot,RightFoot,OpenPlay,h,2025
676062,29775,14376,Quinten Timber,51,0.815,0.515,0.04834524542093277,BlockedShot,RightFoot,FromCorner,h,2025
676063,29775,343,Pierre-Emile Højbjerg,55,0.7280000305175781,0.40299999237060546,0.016526587307453156,MissedShots,RightFoot,OpenPlay,h,2025
676064,29775,6401,Amine Gouiri,72,0.8090000152587891,0.3170000076293945,0.029474135488271713,MissedShots,RightFoot,OpenPlay,h,2025
676065,29775,6401,Amine Gouiri,73,0.96,0.6790000152587891,0.06058454513549805,BlockedShot,RightFoot,OpenPlay,h,2025
676066,29775,6601,Timothy Weah,79,0.7430000305175781,0.6070000076293945,0.018027309328317642,BlockedShot,RightFoot,OpenPlay,h,2025
676068,29775,6601,Timothy Weah,80,0.775,0.29100000381469726,0.01971537061035633,SavedShot,RightFoot,OpenPlay,h,2025
676072,29775,8664,Facundo Medina,87,0.904000015258789,0.5309999847412109,0.07926127314567566,MissedShots,Head,OpenPlay,h,2025
676073,29775,14010,Igor Paixão,89,0.8830000305175781,0.6229999923706054,0.018338484689593315,MissedShots,Head,OpenPlay,h,2025
676050,29775,12800,Ngal&#039;ayel Mukau,5,0.85,0.46599998474121096,0.09168095886707306,BlockedShot,LeftFoot,OpenPlay,a,2025
676051,29775,5680,Thomas Meunier,6,0.7719999694824219,0.47400001525878904,0.021718492731451988,MissedShots,RightFoot,FromCorner,a,2025
676053,29775,11757,Hákon Haraldsson,20,0.8719999694824219,0.5929999923706055,0.07205687463283539,MissedShots,LeftFoot,OpenPlay,a,2025
676054,29775,13051,Matias Fernandez-Pardo,25,0.8930000305175781,0.3110000038146973,0.05243784561753273,SavedShot,RightFoot,OpenPlay,a,2025
676055,29775,914,Nabil Bentaleb,25,0.8580000305175781,0.5459999847412109,0.043708786368370056,MissedShots,LeftFoot,FromCorner,a,2025
676056,29775,13051,Matias Fernandez-Pardo,29,0.8590000152587891,0.6730000305175782,0.04326412454247475,BlockedShot,RightFoot,OpenPlay,a,2025
676060,29775,5680,Thomas Meunier,48,0.925,0.4379999923706055,0.4794203042984009,Goal,LeftFoot,OpenPlay,a,2025
676067,29775,13051,Matias Fernandez-Pardo,80,0.8130000305175781,0.7069999694824218,0.04684816673398018,BlockedShot,RightFoot,OpenPlay,a,2025
676069,29775,11757,Hákon Haraldsson,83,0.914000015258789,0.43,0.3119160830974579,SavedShot,RightFoot,OpenPlay,a,2025
676070,29775,6500,Romain Perraud,84,0.7,0.5790000152587891,0.012707220390439034,MissedShots,LeftFoot,FromCorner,a,2025
676071,29775,502,Olivier Giroud,85,0.9309999847412109,0.535,0.4353148639202118,Goal,Head,OpenPlay,a,2025
676014,29778,10169,Diego Coppola,5,0.915,0.5029999923706054,0.12850047647953033,MissedShots,LeftFoot,FromCorner,h,2025
676015,29778,7908,Marshall Munetsi,5,0.895,0.555,0.08898825198411942,SavedShot,RightFoot,FromCorner,h,2025
676017,29778,5661,Jonathan Ikone,21,0.86,0.4979999923706055,0.34206244349479675,MissedShots,LeftFoot,OpenPlay,h,2025
676018,29778,1209,Ciro Immobile,28,0.9230000305175782,0.6070000076293945,0.33166176080703735,Goal,RightFoot,FromCorner,h,2025
676019,29778,7169,Moses Simon,31,0.914000015258789,0.644000015258789,0.2772579491138458,SavedShot,RightFoot,OpenPlay,h,2025
676020,29778,5619,Pierre Lees-Melou,32,0.8930000305175781,0.34200000762939453,0.02338908240199089,MissedShots,RightFoot,FromCorner,h,2025
676022,29778,13577,Rudy Matondo,33,0.8580000305175781,0.325,0.06369882822036743,BlockedShot,RightFoot,OpenPlay,h,2025
676023,29778,1209,Ciro Immobile,34,0.9030000305175782,0.5729999923706055,0.20840013027191162,MissedShots,Head,FromCorner,h,2025
676027,29778,12317,Nhoa Sangui,41,0.7930000305175782,0.6090000152587891,0.03774586319923401,MissedShots,RightFoot,OpenPlay,h,2025
676028,29778,5661,Jonathan Ikone,45,0.9119999694824219,0.45299999237060545,0.04811378940939903,MissedShots,Head,OpenPlay,h,2025
676029,29778,1209,Ciro Immobile,49,0.860999984741211,0.5029999923706054,0.13858254253864288,BlockedShot,RightFoot,OpenPlay,h,2025
676030,29778,1209,Ciro Immobile,49,0.8530000305175781,0.495,0.07069388031959534,ShotOnPost,RightFoot,OpenPlay,h,2025
676040,29778,9563,Mamadou Mbow,72,0.9009999847412109,0.4929999923706055,0.06904135644435883,MissedShots,Head,FromCorner,h,2025
676043,29778,5619,Pierre Lees-Melou,81,0.865,0.24799999237060547,0.012165903113782406,MissedShots,RightFoot,FromCorner,h,2025
676045,29778,13801,Alimami Gory,85,0.9640000152587891,0.4109999847412109,0.5957732200622559,Goal,RightFoot,OpenPlay,h,2025
676013,29778,1734,Sofiane Boufal,0,0.740999984741211,0.4809999847412109,0.020831385627388954,MissedShots,RightFoot,OpenPlay,a,2025
676016,29778,12446,Simon Ebonog,13,0.8430000305175781,0.45599998474121095,0.0661286786198616,MissedShots,RightFoot,OpenPlay,a,2025
676021,29778,13742,Ayumu Seko,32,0.049000000953674315,0.5079999923706054,0,OwnGoal,LeftFoot,FromCorner,a,2025
676024,29778,11788,Arouna Sangante,35,0.749000015258789,0.47700000762939454,0.030437538400292397,BlockedShot,LeftFoot,OpenPlay,a,2025
676025,29778,14083,Enzo Koffi,39,0.85,0.195,0.016798201948404312,SavedShot,LeftFoot,OpenPlay,a,2025
676026,29778,12446,Simon Ebonog,40,0.745999984741211,0.37799999237060544,0.01701872982084751,MissedShots,RightFoot,OpenPlay,a,2025
676031,29778,11792,Issa Soumaré,50,0.8590000152587891,0.47400001525878904,0.060396477580070496,MissedShots,LeftFoot,OpenPlay,a,2025
676032,29778,11790,Rassoul Ndiaye,47,0.9230000305175782,0.3870000076293945,0.059631261974573135,MissedShots,RightFoot,OpenPlay,a,2025
676033,29778,8701,Timothee Pembele,48,0.7769999694824219,0.624000015258789,0.016734536737203598,SavedShot,RightFoot,OpenPlay,a,2025
676034,29778,8701,Timothee Pembele,54,0.9290000152587891,0.6990000152587891,0.054847296327352524,SavedShot,LeftFoot,OpenPlay,a,2025
676035,29778,11792,Issa Soumaré,58,0.9119999694824219,0.40400001525878904,0.040467195212841034,MissedShots,Head,OpenPlay,a,2025
676036,29778,11790,Rassoul Ndiaye,60,0.9180000305175782,0.47400001525878904,0.3059288561344147,Goal,Head,OpenPlay,a,2025
676037,29778,8372,Lucas Gourna Douath,61,0.72,0.505,0.017475655302405357,MissedShots,RightFoot,OpenPlay,a,2025
676038,29778,1734,Sofiane Boufal,62,0.86,0.7469999694824219,0.03655347228050232,MissedShots,RightFoot,OpenPlay,a,2025
676039,29778,12446,Simon Ebonog,67,0.860999984741211,0.5629999923706055,0.0842181146144867,MissedShots,RightFoot,OpenPlay,a,2025
676041,29778,8287,Mbwana Samatta,76,0.9209999847412109,0.41900001525878905,0.040279533714056015,SavedShot,Head,OpenPlay,a,2025
676042,29778,11792,Issa Soumaré,78,0.8830000305175781,0.47400001525878904,0.050898510962724686,MissedShots,Head,OpenPlay,a,2025
676044,29778,8701,Timothee Pembele,81,0.9540000152587891,0.47400001525878904,0.09156915545463562,MissedShots,Head,OpenPlay,a,2025
676046,29778,8287,Mbwana Samatta,88,0.935,0.49,0.11157717555761337,MissedShots,Head,OpenPlay,a,2025
676047,29778,8287,Mbwana Samatta,91,0.9290000152587891,0.4229999923706055,0.0732581615447998,MissedShots,Head,FromCorner,a,2025
676048,29778,13743,Godson Kyeremeh,92,0.970999984741211,0.524000015258789,0.5921931862831116,Goal,Head,FromCorner,a,2025
676075,29779,3673,Valentin Rongier,9,0.7869999694824219,0.38,0.029690077528357506,SavedShot,RightFoot,OpenPlay,h,2025
676077,29779,5684,Arnaud Nordin,11,0.855999984741211,0.675,0.04571574553847313,SavedShot,RightFoot,OpenPlay,h,2025
676078,29779,7631,Sebastian Szymanski,12,0.7680000305175781,0.5129999923706055,0.0847306028008461,SavedShot,LeftFoot,DirectFreekick,h,2025
676079,29779,3475,Ludovic Blas,13,0.870999984741211,0.6580000305175782,0.03562016040086746,MissedShots,LeftFoot,FromCorner,h,2025
676080,29779,5684,Arnaud Nordin,15,0.8519999694824218,0.36200000762939455,0.07126335054636002,BlockedShot,LeftFoot,OpenPlay,h,2025
676081,29779,10789,Anthony Rouault,25,0.925,0.47099998474121096,0.4222562313079834,SavedShot,RightFoot,SetPiece,h,2025
676082,29779,8677,Lilian Brassier,27,0.6930000305175781,0.74,0.010165131650865078,SavedShot,LeftFoot,OpenPlay,h,2025
676083,29779,3475,Ludovic Blas,32,0.8119999694824219,0.34799999237060547,0.03360598161816597,BlockedShot,LeftFoot,OpenPlay,h,2025
676084,29779,6452,Mahdi Camara,37,0.745999984741211,0.6320000076293946,0.017525946721434593,SavedShot,RightFoot,OpenPlay,h,2025
676085,29779,3475,Ludovic Blas,41,0.9340000152587891,0.45,0.36527982354164124,MissedShots,Head,OpenPlay,h,2025
676086,29779,3673,Valentin Rongier,44,0.8109999847412109,0.3870000076293945,0.03977055102586746,SavedShot,LeftFoot,OpenPlay,h,2025
676087,29779,5684,Arnaud Nordin,59,0.7559999847412109,0.6909999847412109,0.020712340250611305,MissedShots,RightFoot,OpenPlay,h,2025
676088,29779,7631,Sebastian Szymanski,60,0.7580000305175781,0.335,0.01526081282645464,BlockedShot,LeftFoot,FromCorner,h,2025
676089,29779,5684,Arnaud Nordin,60,0.9080000305175782,0.37,0.0453217551112175,MissedShots,RightFoot,FromCorner,h,2025
676090,29779,3475,Ludovic Blas,62,0.8619999694824219,0.30100000381469727,0.04321868717670441,ShotOnPost,LeftFoot,OpenPlay,h,2025
676092,29779,11782,Mousa Al Tamari,67,0.8440000152587891,0.2539999961853027,0.026381438598036766,MissedShots,LeftFoot,OpenPlay,h,2025
676093,29779,12159,Mahamadou Nagida,71,0.76,0.5529999923706055,0.022648561745882034,SavedShot,LeftFoot,OpenPlay,h,2025
676094,29779,8677,Lilian Brassier,73,0.715999984741211,0.5540000152587891,0.016047829762101173,MissedShots,LeftFoot,OpenPlay,h,2025
676096,29779,12159,Mahamadou Nagida,75,0.695,0.23700000762939452,0.00922449491918087,MissedShots,LeftFoot,OpenPlay,h,2025
676098,29779,6452,Mahdi Camara,78,0.9059999847412109,0.4229999923706055,0.07867708057165146,BlockedShot,LeftFoot,SetPiece,h,2025
676099,29779,5356,Breel Embolo,81,0.9490000152587891,0.32099998474121094,0.06148504465818405,BlockedShot,RightFoot,OpenPlay,h,2025
676100,29779,12159,Mahamadou Nagida,81,0.7319999694824219,0.3559999847412109,0.013810970820486546,BlockedShot,LeftFoot,FromCorner,h,2025
676102,29779,12451,Djaoui Cissé,84,0.860999984741211,0.34799999237060547,0.0615723691880703,MissedShots,RightFoot,OpenPlay,h,2025
676104,29779,14459,Yassir Zabiri,92,0.8969999694824219,0.49700000762939456,0.09406677633523941,MissedShots,LeftFoot,SetPiece,h,2025
676105,29779,12850,Esteban Lepaul,93,0.860999984741211,0.5359999847412109,0.04146615043282509,MissedShots,Head,SetPiece,h,2025
676074,29779,11798,Koffi Kouao,3,0.855999984741211,0.2620000076293945,0.03797290846705437,SavedShot,RightFoot,OpenPlay,a,2025
676076,29779,5769,Habib Diallo,10,0.9330000305175781,0.500999984741211,0.06528092175722122,MissedShots,Head,FromCorner,a,2025
676091,29779,3393,Bouna Sarr,65,0.8669999694824219,0.4829999923706055,0.07464698702096939,BlockedShot,LeftFoot,SetPiece,a,2025
676095,29779,13812,Alpha Touré,74,0.735,0.385,0.018795616924762726,MissedShots,LeftFoot,OpenPlay,a,2025
676097,29779,3393,Bouna Sarr,76,0.785,0.5990000152587891,0.031171320006251335,MissedShots,RightFoot,OpenPlay,a,2025
676101,29779,3393,Bouna Sarr,82,0.7519999694824219,0.754000015258789,0.009940591640770435,MissedShots,RightFoot,OpenPlay,a,2025
676103,29779,14407,Nathan Mbala,86,0.855,0.7180000305175781,0.07710592448711395,SavedShot,LeftFoot,OpenPlay,a,2025
676203,29776,9490,Matthis Abline,0,0.7880000305175782,0.65,0.0275317020714283,MissedShots,RightFoot,OpenPlay,h,2025
676204,29776,12387,Dehmaine Assoumani,3,0.7859999847412109,0.675,0.01775592379271984,MissedShots,LeftFoot,FromCorner,h,2025
676205,29776,9490,Matthis Abline,4,0.8390000152587891,0.6580000305175782,0.007145232986658812,SavedShot,Head,SetPiece,h,2025
676206,29776,12387,Dehmaine Assoumani,5,0.845999984741211,0.43599998474121093,0.08302256464958191,Goal,LeftFoot,OpenPlay,h,2025
676207,29776,9490,Matthis Abline,16,0.799000015258789,0.645,0.08978098630905151,MissedShots,RightFoot,DirectFreekick,h,2025
676208,29776,11946,Mohamed Kaba,17,0.8580000305175781,0.5420000076293945,0.1041119396686554,SavedShot,LeftFoot,OpenPlay,h,2025
676212,29776,6238,Ignatius Ganago,25,0.895,0.5929999923706055,0.10384789109230042,MissedShots,LeftFoot,OpenPlay,h,2025
676214,29776,12387,Dehmaine Assoumani,33,0.865,0.38299999237060545,0.08297742903232574,SavedShot,LeftFoot,OpenPlay,h,2025
676215,29776,9490,Matthis Abline,37,0.754000015258789,0.6659999847412109,0.024298937991261482,MissedShots,RightFoot,OpenPlay,h,2025
676216,29776,10702,Johann Lepenant,42,0.784000015258789,0.32799999237060545,0.015044928528368473,SavedShot,RightFoot,SetPiece,h,2025
676219,29776,9490,Matthis Abline,52,0.9359999847412109,0.425,0.6274256706237793,Goal,RightFoot,OpenPlay,h,2025
676222,29776,6238,Ignatius Ganago,74,0.87,0.47900001525878905,0.5922462344169617,SavedShot,RightFoot,OpenPlay,h,2025
676224,29776,6238,Ignatius Ganago,81,0.9209999847412109,0.4129999923706055,0.08396594226360321,SavedShot,Head,OpenPlay,h,2025
676225,29776,12844,Bahereba Guirassy,86,0.8830000305175781,0.2670000076293945,0.05553450062870979,SavedShot,RightFoot,OpenPlay,h,2025
676209,29776,12970,Sebastian Nanasi,19,0.9209999847412109,0.495,0.4306866526603699,MissedShots,LeftFoot,OpenPlay,a,2025
676210,29776,12498,Valentín Barco,21,0.9730000305175781,0.44,0.4879339039325714,SavedShot,Head,OpenPlay,a,2025
676211,29776,10868,Guela Doué,21,0.93,0.5329999923706055,0.05579507723450661,BlockedShot,Head,FromCorner,a,2025
676213,29776,12498,Valentín Barco,30,0.8580000305175781,0.465,0.08271169662475586,SavedShot,LeftFoot,OpenPlay,a,2025
676217,29776,12498,Valentín Barco,44,0.8669999694824219,0.33,0.04799061641097069,BlockedShot,RightFoot,OpenPlay,a,2025
676218,29776,13819,Maxi Oyedele,46,0.87,0.39099998474121095,0.05795126035809517,Goal,RightFoot,OpenPlay,a,2025
676220,29776,10485,Guemissongui Ouattara,65,0.9080000305175782,0.30700000762939456,0.056902460753917694,SavedShot,RightFoot,OpenPlay,a,2025
676221,29776,10485,Guemissongui Ouattara,72,0.74,0.39299999237060546,0.015415330417454243,SavedShot,RightFoot,OpenPlay,a,2025
676223,29776,12413,Joaquín Panichelli,77,0.9359999847412109,0.415,0.4683762192726135,Goal,RightFoot,OpenPlay,a,2025
676226,29776,11058,Julio Enciso,91,0.794000015258789,0.685,0.07137555629014969,SavedShot,RightFoot,DirectFreekick,a,2025
676227,29776,12970,Sebastian Nanasi,91,0.970999984741211,0.585999984741211,0.4812733829021454,SavedShot,LeftFoot,SetPiece,a,2025
676228,29776,12413,Joaquín Panichelli,91,0.9490000152587891,0.5079999923706054,0.5907015204429626,Goal,LeftFoot,SetPiece,a,2025
676229,29776,11164,Martial Godo,93,0.76,0.6669999694824219,0.026309002190828323,BlockedShot,RightFoot,OpenPlay,a,2025
676288,29788,7453,Khvicha Kvaratskhelia,2,0.7830000305175782,0.6509999847412109,0.04640355333685875,SavedShot,RightFoot,OpenPlay,h,2025
676289,29788,10431,Désiré Doué,2,0.740999984741211,0.644000015258789,0.018984150141477585,BlockedShot,RightFoot,OpenPlay,h,2025
676290,29788,3226,Ousmane Dembélé,13,0.7319999694824219,0.48900001525878906,0.08797915279865265,MissedShots,LeftFoot,OpenPlay,h,2025
676292,29788,5197,Achraf Hakimi,20,0.8190000152587891,0.4540000152587891,0.06373142451047897,MissedShots,RightFoot,OpenPlay,h,2025
676293,29788,3226,Ousmane Dembélé,22,0.835999984741211,0.36,0.04663889482617378,Goal,LeftFoot,OpenPlay,h,2025
676295,29788,7453,Khvicha Kvaratskhelia,32,0.9259999847412109,0.4129999923706055,0.01976812072098255,BlockedShot,Head,FromCorner,h,2025
676296,29788,3226,Ousmane Dembélé,32,0.9780000305175781,0.5159999847412109,0.9105833172798157,Goal,RightFoot,FromCorner,h,2025
676297,29788,10431,Désiré Doué,36,0.805,0.38,0.05237070843577385,MissedShots,RightFoot,OpenPlay,h,2025
676298,29788,7453,Khvicha Kvaratskhelia,38,0.8330000305175781,0.27399999618530274,0.03374949097633362,BlockedShot,RightFoot,OpenPlay,h,2025
676300,29788,7453,Khvicha Kvaratskhelia,50,0.9030000305175782,0.305,0.07216515392065048,MissedShots,RightFoot,OpenPlay,h,2025
676301,29788,7453,Khvicha Kvaratskhelia,53,0.9180000305175782,0.455,0.0349319651722908,MissedShots,Head,FromCorner,h,2025
676302,29788,12734,João Neves,62,0.8390000152587891,0.5679999923706055,0.07783498615026474,BlockedShot,RightFoot,OpenPlay,h,2025
676303,29788,11910,William Pacho,62,0.914000015258789,0.4490000152587891,0.10188611596822739,SavedShot,LeftFoot,FromCorner,h,2025
676304,29788,11486,Illia Zabarnyi,62,0.9540000152587891,0.4159999847412109,0.1294507086277008,SavedShot,RightFoot,FromCorner,h,2025
676305,29788,7453,Khvicha Kvaratskhelia,65,0.79,0.7580000305175781,0.02259030193090439,MissedShots,RightFoot,OpenPlay,h,2025
676308,29788,5197,Achraf Hakimi,88,0.725,0.325,0.016753997653722763,BlockedShot,RightFoot,OpenPlay,h,2025
676309,29788,11767,Gonçalo Ramos,91,0.765,0.6480000305175782,0.02907118946313858,Goal,RightFoot,OpenPlay,h,2025
676291,29788,14358,Pape Diop,15,0.7559999847412109,0.44599998474121094,0.02082325704395771,MissedShots,RightFoot,OpenPlay,a,2025
676294,29788,10788,Rasmus Nicolaisen,26,0.9169999694824219,0.40299999237060546,0.030615365132689476,Goal,Head,FromCorner,a,2025
676299,29788,14358,Pape Diop,46,0.7130000305175781,0.45,0.012690288946032524,MissedShots,RightFoot,OpenPlay,a,2025
676306,29788,12045,Aron Dønnum,72,0.745,0.34299999237060547,0.014432063326239586,MissedShots,LeftFoot,OpenPlay,a,2025
676307,29788,14082,Emersonn,74,0.7719999694824219,0.415,0.02403572015464306,MissedShots,RightFoot,OpenPlay,a,2025
676689,29789,11164,Martial Godo,7,0.8380000305175781,0.67,0.045662738382816315,MissedShots,RightFoot,OpenPlay,h,2025
676690,29789,11058,Julio Enciso,16,0.924000015258789,0.4540000152587891,0.06045878678560257,MissedShots,Head,OpenPlay,h,2025
676691,29789,14359,Gessime Yassine,19,0.8580000305175781,0.42,0.06735331565141678,MissedShots,LeftFoot,OpenPlay,h,2025
676692,29789,11164,Martial Godo,23,0.955,0.500999984741211,0.6447652578353882,ShotOnPost,Head,OpenPlay,h,2025
676693,29789,11058,Julio Enciso,24,0.9080000305175782,0.37799999237060544,0.07487311959266663,SavedShot,RightFoot,OpenPlay,h,2025
676694,29789,11164,Martial Godo,27,0.9290000152587891,0.5609999847412109,0.30534249544143677,Goal,Head,OpenPlay,h,2025
676695,29789,11164,Martial Godo,30,0.9630000305175781,0.67,0.08164874464273453,BlockedShot,RightFoot,OpenPlay,h,2025
676696,29789,10868,Guela Doué,31,0.924000015258789,0.36900001525878906,0.012015092186629772,MissedShots,Head,FromCorner,h,2025
676697,29789,11058,Julio Enciso,35,0.924000015258789,0.565,0.9046694040298462,Goal,LeftFoot,OpenPlay,h,2025
676699,29789,12970,Sebastian Nanasi,40,0.8430000305175781,0.4620000076293945,0.12701667845249176,BlockedShot,RightFoot,OpenPlay,h,2025
676700,29789,12284,Samir El Mourabet,41,0.8030000305175782,0.575,0.02980577014386654,Goal,LeftFoot,FromCorner,h,2025
676701,29789,11058,Julio Enciso,48,0.9359999847412109,0.4279999923706055,0.0491635762155056,MissedShots,Head,OpenPlay,h,2025
676704,29789,14359,Gessime Yassine,60,0.8680000305175781,0.48,0.12813231348991394,SavedShot,RightFoot,OpenPlay,h,2025
676706,29789,11058,Julio Enciso,66,0.8809999847412109,0.44099998474121094,0.02610132470726967,SavedShot,Head,OpenPlay,h,2025
676708,29789,11164,Martial Godo,69,0.8730000305175781,0.6359999847412109,0.07338830083608627,BlockedShot,RightFoot,OpenPlay,h,2025
676710,29789,14359,Gessime Yassine,84,0.9280000305175782,0.3370000076293945,0.07851963490247726,MissedShots,LeftFoot,OpenPlay,h,2025
676688,29789,6846,Sofiane Diop,1,0.894000015258789,0.5609999847412109,0.12378526479005814,BlockedShot,LeftFoot,OpenPlay,a,2025
676698,29789,9182,Sepe Elye Wahi,39,0.855999984741211,0.29600000381469727,0.030905550345778465,BlockedShot,RightFoot,OpenPlay,a,2025
676702,29789,8685,Mohamed Ali-Cho,49,0.82,0.43599998474121093,0.06706439703702927,SavedShot,LeftFoot,OpenPlay,a,2025
676703,29789,9182,Sepe Elye Wahi,54,0.885,0.675,0.06028788536787033,MissedShots,LeftFoot,OpenPlay,a,2025
676705,29789,9182,Sepe Elye Wahi,62,0.845999984741211,0.6919999694824219,0.03068508394062519,SavedShot,RightFoot,OpenPlay,a,2025
676707,29789,11515,Tom Louchet,68,0.73,0.34200000762939453,0.009760075248777866,BlockedShot,RightFoot,OpenPlay,a,2025
676709,29789,9514,Antoine Mendy,81,0.755,0.6759999847412109,0.016526296734809875,Goal,RightFoot,OpenPlay,a,2025
676711,29789,13070,Ali Abdi,88,0.785,0.7530000305175781,0.015339539386332035,BlockedShot,LeftFoot,OpenPlay,a,2025
676806,29782,11065,Remy Labeau Lascary,2,0.8909999847412109,0.7090000152587891,0.05052260309457779,BlockedShot,LeftFoot,OpenPlay,h,2025
676807,29782,7562,Eric Junior Dina Ebimbe,3,0.9209999847412109,0.5170000076293946,0.10602008551359177,BlockedShot,Head,FromCorner,h,2025
676808,29782,7562,Eric Junior Dina Ebimbe,3,0.9380000305175781,0.48200000762939454,0.561035692691803,Goal,RightFoot,FromCorner,h,2025
676814,29782,6905,Ludovic Ajorque,22,0.8580000305175781,0.539000015258789,0.020596077665686607,MissedShots,Head,OpenPlay,h,2025
676816,29782,3721,Romain Del Castillo,40,0.775,0.295,0.02054625377058983,BlockedShot,LeftFoot,OpenPlay,h,2025
676818,29782,11065,Remy Labeau Lascary,44,0.894000015258789,0.725999984741211,0.020952962338924408,MissedShots,RightFoot,OpenPlay,h,2025
676819,29782,6905,Ludovic Ajorque,47,0.8219999694824218,0.4,0.04471776261925697,MissedShots,LeftFoot,OpenPlay,h,2025
676823,29782,7562,Eric Junior Dina Ebimbe,56,0.955999984741211,0.44299999237060544,0.36552178859710693,Goal,Head,OpenPlay,h,2025
676828,29782,11065,Remy Labeau Lascary,69,0.955999984741211,0.43099998474121093,0.5272471904754639,Goal,RightFoot,OpenPlay,h,2025
676830,29782,14052,Pathé Mboup,96,0.9009999847412109,0.49900001525878906,0.23684042692184448,SavedShot,Head,OpenPlay,h,2025
676809,29782,11782,Mousa Al Tamari,4,0.845999984741211,0.6809999847412109,0.043148405849933624,BlockedShot,LeftFoot,OpenPlay,a,2025
676810,29782,5356,Breel Embolo,6,0.924000015258789,0.5520000076293945,0.05610813945531845,MissedShots,Head,SetPiece,a,2025
676811,29782,13329,Abdelhamid Aït Boudlal,11,0.8980000305175782,0.5540000152587891,0.04933429881930351,SavedShot,Head,FromCorner,a,2025
676812,29782,6452,Mahdi Camara,17,0.9159999847412109,0.32799999237060545,0.06367753446102142,MissedShots,RightFoot,OpenPlay,a,2025
676813,29782,3475,Ludovic Blas,19,0.8640000152587891,0.45099998474121095,0.06455456465482712,Goal,LeftFoot,OpenPlay,a,2025
676815,29782,12850,Esteban Lepaul,34,0.885,0.5,0.7600951194763184,Goal,RightFoot,Penalty,a,2025
676817,29782,13329,Abdelhamid Aït Boudlal,41,0.9130000305175782,0.49900001525878906,0.05441921576857567,MissedShots,Head,FromCorner,a,2025
676820,29782,5356,Breel Embolo,47,0.83,0.515,0.09185632318258286,SavedShot,RightFoot,OpenPlay,a,2025
676821,29782,3475,Ludovic Blas,47,0.8040000152587891,0.34299999237060547,0.032800011336803436,MissedShots,LeftFoot,OpenPlay,a,2025
676822,29782,3475,Ludovic Blas,48,0.8690000152587891,0.539000015258789,0.11388740688562393,SavedShot,LeftFoot,OpenPlay,a,2025
676824,29782,5356,Breel Embolo,57,0.7519999694824219,0.5,0.023710595443844795,BlockedShot,RightFoot,OpenPlay,a,2025
676825,29782,3475,Ludovic Blas,57,0.7440000152587891,0.5429999923706055,0.015472164377570152,BlockedShot,LeftFoot,OpenPlay,a,2025
676826,29782,5356,Breel Embolo,62,0.9669999694824218,0.504000015258789,0.6039813160896301,Goal,RightFoot,OpenPlay,a,2025
676827,29782,11782,Mousa Al Tamari,64,0.88,0.675,0.06610967218875885,MissedShots,LeftFoot,OpenPlay,a,2025
676829,29782,12850,Esteban Lepaul,73,0.885,0.5,0.7600294947624207,Goal,RightFoot,Penalty,a,2025
676873,29784,13051,Matias Fernandez-Pardo,0,0.9219999694824219,0.4620000076293945,0.11413127183914185,MissedShots,RightFoot,OpenPlay,h,2025
676874,29784,11757,Hákon Haraldsson,19,0.96,0.6459999847412109,0.3212507367134094,SavedShot,LeftFoot,OpenPlay,h,2025
676875,29784,13051,Matias Fernandez-Pardo,23,0.8630000305175781,0.6179999923706054,0.07033694535493851,BlockedShot,RightFoot,OpenPlay,h,2025
676876,29784,3237,Aissa Mandi,25,0.8969999694824219,0.5429999923706055,0.017703227698802948,MissedShots,Head,FromCorner,h,2025
676877,29784,13051,Matias Fernandez-Pardo,25,0.9540000152587891,0.565,0.5258848071098328,SavedShot,RightFoot,FromCorner,h,2025
676880,29784,13051,Matias Fernandez-Pardo,33,0.8530000305175781,0.705999984741211,0.057926442474126816,MissedShots,RightFoot,OpenPlay,h,2025
676881,29784,11757,Hákon Haraldsson,43,0.9569999694824218,0.48,0.6893200278282166,Goal,RightFoot,OpenPlay,h,2025
676882,29784,13051,Matias Fernandez-Pardo,51,0.8969999694824219,0.3029999923706055,0.06860947608947754,BlockedShot,RightFoot,OpenPlay,h,2025
676884,29784,9444,Felix Correia,48,0.8859999847412109,0.37599998474121094,0.5814505219459534,Goal,RightFoot,OpenPlay,h,2025
676885,29784,9444,Felix Correia,52,0.8859999847412109,0.615,0.43139633536338806,SavedShot,RightFoot,OpenPlay,h,2025
676886,29784,13051,Matias Fernandez-Pardo,57,0.885,0.5,0.7600951194763184,Goal,RightFoot,Penalty,h,2025
676887,29784,9444,Felix Correia,66,0.8159999847412109,0.445,0.07631618529558182,MissedShots,RightFoot,OpenPlay,h,2025
676888,29784,12800,Ngal&#039;ayel Mukau,67,0.894000015258789,0.35400001525878905,0.11659592390060425,SavedShot,LeftFoot,OpenPlay,h,2025
676878,29784,3697,Odsonne Edouard,31,0.885,0.5840000152587891,0.1249442920088768,SavedShot,LeftFoot,OpenPlay,a,2025
676879,29784,942,Florian Thauvin,31,0.8690000152587891,0.4179999923706055,0.08283630758523941,MissedShots,RightFoot,OpenPlay,a,2025
676883,29784,3799,Wesley Said,53,0.894000015258789,0.5270000076293946,0.09844838827848434,MissedShots,RightFoot,OpenPlay,a,2025
676889,29784,3348,Florian Sotoca,69,0.8619999694824219,0.5420000076293945,0.09491444379091263,MissedShots,RightFoot,OpenPlay,a,2025
676890,29784,3348,Florian Sotoca,74,0.705,0.5120000076293946,0.011569428257644176,MissedShots,RightFoot,OpenPlay,a,2025
676927,29781,10517,Yassin Belkhdim,14,0.7969999694824219,0.4640000152587891,0.04172755032777786,BlockedShot,LeftFoot,OpenPlay,h,2025
676929,29781,10517,Yassin Belkhdim,27,0.8780000305175781,0.51,0.0902637466788292,BlockedShot,LeftFoot,OpenPlay,h,2025
676930,29781,6895,Jordan Lefort,30,0.914000015258789,0.519000015258789,0.09140432626008987,MissedShots,Head,FromCorner,h,2025
676931,29781,10517,Yassin Belkhdim,33,0.755,0.6809999847412109,0.015474631451070309,BlockedShot,RightFoot,OpenPlay,h,2025
676932,29781,14131,Amine Sbaï,40,0.7680000305175781,0.49900001525878906,0.028760915622115135,BlockedShot,RightFoot,OpenPlay,h,2025
676933,29781,11016,Ousmane Camara,46,0.8919999694824219,0.40299999237060546,0.04086367413401604,MissedShots,Head,SetPiece,h,2025
676941,29781,11016,Ousmane Camara,86,0.8830000305175781,0.3559999847412109,0.007792136166244745,SavedShot,Head,SetPiece,h,2025
676942,29781,10243,Jacques Ekomie,94,0.9480000305175781,0.2610000038146973,0.037251442670822144,BlockedShot,LeftFoot,OpenPlay,h,2025
676924,29781,13739,Afonso Moreira,9,0.8719999694824219,0.529000015258789,0.08147294819355011,MissedShots,LeftFoot,OpenPlay,a,2025
676925,29781,3603,Corentin Tolisso,13,0.759000015258789,0.565,0.02113204076886177,BlockedShot,RightFoot,OpenPlay,a,2025
676926,29781,1750,Ainsley Maitland-Niles,13,0.749000015258789,0.34799999237060547,0.020146558061242104,SavedShot,RightFoot,OpenPlay,a,2025
676928,29781,12884,Endrick,23,0.7319999694824219,0.4,0.02107914350926876,BlockedShot,LeftFoot,OpenPlay,a,2025
676934,29781,3603,Corentin Tolisso,47,0.749000015258789,0.5229999923706055,0.021901525557041168,SavedShot,RightFoot,OpenPlay,a,2025
676935,29781,9885,Tanner Tessmann,48,0.94,0.3840000152587891,0.03496889770030975,MissedShots,Head,FromCorner,a,2025
676936,29781,13735,Pavel Sulc,49,0.9259999847412109,0.42400001525878905,0.10082362592220306,BlockedShot,RightFoot,OpenPlay,a,2025
676937,29781,13739,Afonso Moreira,71,0.87,0.7169999694824218,0.03911538049578667,MissedShots,RightFoot,OpenPlay,a,2025
676938,29781,13739,Afonso Moreira,79,0.775,0.615,0.01927131786942482,MissedShots,RightFoot,FromCorner,a,2025
676939,29781,3276,Rachid Ghezzal,82,0.955,0.46599998474121096,0.13159841299057007,BlockedShot,Head,OpenPlay,a,2025
676940,29781,10091,Tyler Morton,82,0.8030000305175782,0.44299999237060544,0.035546958446502686,BlockedShot,RightFoot,OpenPlay,a,2025
677040,29783,1734,Sofiane Boufal,3,0.73,0.385,0.017506161704659462,BlockedShot,RightFoot,OpenPlay,h,2025
677041,29783,11790,Rassoul Ndiaye,4,0.9,0.3029999923706055,0.034640371799468994,ShotOnPost,LeftFoot,FromCorner,h,2025
677044,29783,11790,Rassoul Ndiaye,17,0.8109999847412109,0.4879999923706055,0.0547618493437767,MissedShots,RightFoot,OpenPlay,h,2025
677045,29783,12446,Simon Ebonog,22,0.9169999694824219,0.6129999923706054,0.35826805233955383,Goal,RightFoot,OpenPlay,h,2025
677048,29783,11792,Issa Soumaré,40,0.8690000152587891,0.4590000152587891,0.03256320208311081,MissedShots,Head,OpenPlay,h,2025
677049,29783,11792,Issa Soumaré,48,0.7669999694824219,0.5170000076293946,0.020649265497922897,MissedShots,RightFoot,FromCorner,h,2025
677050,29783,1734,Sofiane Boufal,49,0.7609999847412109,0.585,0.02507808245718479,BlockedShot,LeftFoot,OpenPlay,h,2025
677051,29783,8372,Lucas Gourna Douath,55,0.9,0.40599998474121096,0.013324344530701637,SavedShot,Head,FromCorner,h,2025
677057,29783,12446,Simon Ebonog,71,0.8859999847412109,0.6129999923706054,0.09455663710832596,SavedShot,LeftFoot,OpenPlay,h,2025
677060,29783,13743,Godson Kyeremeh,86,0.9080000305175782,0.3129999923706055,0.05984478071331978,MissedShots,RightFoot,OpenPlay,h,2025
677039,29783,13793,Lamine Sy,1,0.919000015258789,0.29700000762939455,0.050587091594934464,BlockedShot,RightFoot,OpenPlay,a,2025
677042,29783,6420,Romain Faivre,13,0.9030000305175782,0.3970000076293945,0.1155463382601738,SavedShot,LeftFoot,OpenPlay,a,2025
677043,29783,10815,Lassine Sinayoko,14,0.9209999847412109,0.5509999847412109,0.4960147440433502,Goal,RightFoot,OpenPlay,a,2025
677046,29783,13793,Lamine Sy,35,0.8640000152587891,0.28200000762939453,0.036707017570734024,ShotOnPost,RightFoot,OpenPlay,a,2025
677047,29783,10815,Lassine Sinayoko,37,0.9259999847412109,0.49900001525878906,0.5659093856811523,MissedShots,RightFoot,OpenPlay,a,2025
677052,29783,10815,Lassine Sinayoko,57,0.9290000152587891,0.3270000076293945,0.09475098550319672,BlockedShot,RightFoot,OpenPlay,a,2025
677053,29783,10815,Lassine Sinayoko,63,0.8490000152587891,0.874000015258789,0.015031451359391212,BlockedShot,RightFoot,OpenPlay,a,2025
677054,29783,14408,Bryan Okoh,65,0.9080000305175782,0.5679999923706055,0.0544082373380661,ShotOnPost,Head,FromCorner,a,2025
677055,29783,13888,Danny Namaso,65,0.9319999694824219,0.44,0.4712319076061249,BlockedShot,RightFoot,FromCorner,a,2025
677056,29783,10815,Lassine Sinayoko,66,0.9109999847412109,0.3559999847412109,0.014886136166751385,MissedShots,Head,FromCorner,a,2025
677058,29783,8703,Sinaly Diomande,83,0.91,0.509000015258789,0.4872573912143707,BlockedShot,RightFoot,FromCorner,a,2025
677059,29783,10815,Lassine Sinayoko,84,0.7909999847412109,0.7230000305175781,0.03155970200896263,MissedShots,RightFoot,FromCorner,a,2025
677061,29785,9345,Ahmadou Bamba Dieng,0,0.9169999694824219,0.44,0.43996310234069824,MissedShots,RightFoot,OpenPlay,h,2025
677062,29785,13904,Abdoulaye Faye,23,0.860999984741211,0.5320000076293945,0.06881585717201233,MissedShots,LeftFoot,FromCorner,h,2025
677063,29785,10347,Pablo Pagis,30,0.8190000152587891,0.5429999923706055,0.09606508165597916,MissedShots,RightFoot,OpenPlay,h,2025
677064,29785,3536,Jean-Victor Makengo,32,0.8590000152587891,0.6780000305175782,0.05224858596920967,BlockedShot,LeftFoot,OpenPlay,h,2025
677065,29785,9929,Théo Le Bris,33,0.9130000305175782,0.43200000762939456,0.22583314776420593,SavedShot,RightFoot,FromCorner,h,2025
677066,29785,12328,Arthur Avom,44,0.8169999694824219,0.544000015258789,0.03953525424003601,BlockedShot,RightFoot,FromCorner,h,2025
677070,29785,9345,Ahmadou Bamba Dieng,53,0.860999984741211,0.5159999847412109,0.04598810151219368,Goal,RightFoot,FromCorner,h,2025
677072,29785,3536,Jean-Victor Makengo,65,0.8040000152587891,0.4570000076293945,0.07617353647947311,ShotOnPost,LeftFoot,OpenPlay,h,2025
677075,29785,13975,Noah Cadiou,84,0.740999984741211,0.61,0.015715911984443665,SavedShot,RightFoot,OpenPlay,h,2025
677076,29785,12049,Aiyegun Tosin,87,0.889000015258789,0.590999984741211,0.10520198941230774,MissedShots,RightFoot,OpenPlay,h,2025
677067,29785,5661,Jonathan Ikone,44,0.865,0.5790000152587891,0.12375311553478241,SavedShot,LeftFoot,OpenPlay,a,2025
677068,29785,12317,Nhoa Sangui,44,0.96,0.6379999923706055,0.3760335147380829,SavedShot,LeftFoot,OpenPlay,a,2025
677069,29785,5661,Jonathan Ikone,46,0.88,0.32099998474121094,0.02968660742044449,MissedShots,LeftFoot,OpenPlay,a,2025
677071,29785,5661,Jonathan Ikone,59,0.9109999847412109,0.48200000762939454,0.10524655133485794,MissedShots,LeftFoot,OpenPlay,a,2025
677073,29785,10169,Diego Coppola,73,0.9209999847412109,0.46799999237060547,0.048691388219594955,SavedShot,Head,FromCorner,a,2025
677074,29785,7908,Marshall Munetsi,73,0.955999984741211,0.4779999923706055,0.6589534878730774,Goal,OtherBodyPart,FromCorner,a,2025
677077,29785,13800,Samir Chergui,96,0.855999984741211,0.5079999923706054,0.1029636487364769,SavedShot,RightFoot,OpenPlay,a,2025
677078,29786,6308,Jessy Deminguet,0,0.87,0.5170000076293946,0.11435218900442123,BlockedShot,LeftFoot,OpenPlay,h,2025
677079,29786,11798,Koffi Kouao,1,0.7680000305175781,0.37400001525878906,0.022929595783352852,SavedShot,RightFoot,FromCorner,h,2025
677081,29786,5769,Habib Diallo,8,0.9059999847412109,0.5029999923706054,0.11820188164710999,MissedShots,Head,OpenPlay,h,2025
677082,29786,6308,Jessy Deminguet,11,0.8919999694824219,0.5540000152587891,0.09246653318405151,SavedShot,LeftFoot,OpenPlay,h,2025
677083,29786,13809,Giorgi Tsitaishvili,14,0.8080000305175781,0.6990000152587891,0.025161076337099075,MissedShots,RightFoot,OpenPlay,h,2025
677086,29786,5727,Gauthier Hein,18,0.8590000152587891,0.4420000076293945,0.13065645098686218,MissedShots,LeftFoot,OpenPlay,h,2025
677088,29786,3393,Bouna Sarr,42,0.8959999847412109,0.46599998474121096,0.44817429780960083,SavedShot,RightFoot,OpenPlay,h,2025
677089,29786,3393,Bouna Sarr,42,0.9269999694824219,0.4909999847412109,0.5519716143608093,SavedShot,RightFoot,OpenPlay,h,2025
677090,29786,5727,Gauthier Hein,51,0.950999984741211,0.6459999847412109,0.09349168092012405,BlockedShot,LeftFoot,OpenPlay,h,2025
677091,29786,11806,Sadibou Sané,51,0.855999984741211,0.529000015258789,0.025945262983441353,MissedShots,RightFoot,FromCorner,h,2025
677092,29786,14147,Believe Munongo,64,0.715,0.515,0.01245065312832594,MissedShots,RightFoot,OpenPlay,h,2025
677093,29786,5727,Gauthier Hein,75,0.7609999847412109,0.37900001525878907,0.06473217904567719,BlockedShot,LeftFoot,DirectFreekick,h,2025
677094,29786,5727,Gauthier Hein,75,0.795,0.35700000762939454,0.019199054688215256,SavedShot,LeftFoot,SetPiece,h,2025
677096,29786,5769,Habib Diallo,83,0.9269999694824219,0.5540000152587891,0.05535247549414635,MissedShots,Head,OpenPlay,h,2025
677097,29786,11806,Sadibou Sané,86,0.9069999694824219,0.46900001525878904,0.07412637770175934,BlockedShot,Head,FromCorner,h,2025
677098,29786,5769,Habib Diallo,86,0.8919999694824219,0.5259999847412109,0.10996990650892258,MissedShots,RightFoot,FromCorner,h,2025
677100,29786,13813,Giorgi Abuashvili,87,0.88,0.6990000152587891,0.0428532250225544,BlockedShot,RightFoot,OpenPlay,h,2025
677101,29786,12376,Lucas Michal,91,0.9519999694824218,0.5479999923706055,0.517246663570404,MissedShots,Head,OpenPlay,h,2025
677102,29786,12376,Lucas Michal,92,0.8980000305175782,0.4229999923706055,0.05639760568737984,MissedShots,Head,OpenPlay,h,2025
677080,29786,7763,Fabien Centonze,6,0.85,0.34799999237060547,0.04761485010385513,MissedShots,RightFoot,OpenPlay,a,2025
677084,29786,497,Francis Coquelin,16,0.79,0.4640000152587891,0.014286447316408157,MissedShots,RightFoot,FromCorner,a,2025
677085,29786,6238,Ignatius Ganago,17,0.89,0.5259999847412109,0.12464936077594757,BlockedShot,LeftFoot,OpenPlay,a,2025
677087,29786,6238,Ignatius Ganago,29,0.924000015258789,0.5029999923706054,0.10425715148448944,MissedShots,LeftFoot,OpenPlay,a,2025
677095,29786,10702,Johann Lepenant,78,0.8769999694824219,0.335,0.033625535666942596,SavedShot,RightFoot,OpenPlay,a,2025
677099,29786,12844,Bahereba Guirassy,87,0.9119999694824219,0.6769999694824219,0.06484834849834442,SavedShot,RightFoot,OpenPlay,a,2025
677201,29787,10058,Maghnes Akliouche,9,0.8930000305175781,0.47900001525878905,0.10678055137395859,MissedShots,LeftFoot,OpenPlay,h,2025
677203,29787,10058,Maghnes Akliouche,12,0.96,0.33,0.3066186308860779,SavedShot,RightFoot,OpenPlay,h,2025
677205,29787,12285,Mamadou Coulibaly,29,0.8909999847412109,0.2570000076293945,0.05894612893462181,BlockedShot,LeftFoot,OpenPlay,h,2025
677212,29787,2897,Aleksandr Golovin,58,0.9330000305175781,0.48200000762939454,0.4911075532436371,Goal,LeftFoot,OpenPlay,h,2025
677219,29787,9690,Folarin Balogun,73,0.8690000152587891,0.265,0.09291049838066101,Goal,RightFoot,OpenPlay,h,2025
677220,29787,6147,Denis Zakaria,82,0.8430000305175781,0.3270000076293945,0.09358230233192444,MissedShots,RightFoot,OpenPlay,h,2025
677224,29787,11710,Simon Adingra,92,0.9119999694824219,0.2979999923706055,0.5274825096130371,MissedShots,RightFoot,OpenPlay,h,2025
677199,29787,318,Pierre-Emerick Aubameyang,3,0.8469999694824218,0.5509999847412109,0.06696631014347076,BlockedShot,RightFoot,OpenPlay,a,2025
677200,29787,14010,Igor Paixão,8,0.6919999694824219,0.5309999847412109,0.03656521067023277,MissedShots,RightFoot,DirectFreekick,a,2025
677202,29787,6986,Hamed Junior Traore,10,0.965,0.61,0.3842204511165619,SavedShot,LeftFoot,OpenPlay,a,2025
677204,29787,3363,Benjamin Pavard,27,0.905,0.625999984741211,0.044946640729904175,BlockedShot,RightFoot,FromCorner,a,2025
677206,29787,6601,Timothy Weah,31,0.815,0.4909999847412109,0.06511334329843521,MissedShots,RightFoot,OpenPlay,a,2025
677207,29787,318,Pierre-Emerick Aubameyang,32,0.8569999694824219,0.24399999618530274,0.02288334257900715,MissedShots,RightFoot,OpenPlay,a,2025
677208,29787,14010,Igor Paixão,35,0.9319999694824219,0.629000015258789,0.28784647583961487,SavedShot,LeftFoot,OpenPlay,a,2025
677209,29787,6401,Amine Gouiri,47,0.725,0.5509999847412109,0.015641627833247185,BlockedShot,RightFoot,OpenPlay,a,2025
677210,29787,14010,Igor Paixão,48,0.7759999847412109,0.295,0.030031077563762665,SavedShot,RightFoot,FromCorner,a,2025
677211,29787,14376,Quinten Timber,56,0.7680000305175781,0.57,0.02413945458829403,BlockedShot,RightFoot,OpenPlay,a,2025
677213,29787,14010,Igor Paixão,61,0.8519999694824218,0.69,0.04292150214314461,SavedShot,RightFoot,OpenPlay,a,2025
677214,29787,343,Pierre-Emile Højbjerg,65,0.8419999694824218,0.4159999847412109,0.10627086460590363,SavedShot,RightFoot,OpenPlay,a,2025
677215,29787,318,Pierre-Emerick Aubameyang,65,0.904000015258789,0.6940000152587891,0.020378747954964638,BlockedShot,RightFoot,FromCorner,a,2025
677216,29787,343,Pierre-Emile Højbjerg,66,0.9309999847412109,0.47900001525878905,0.060314636677503586,MissedShots,Head,FromCorner,a,2025
677217,29787,14376,Quinten Timber,71,0.73,0.5179999923706055,0.017296694219112396,SavedShot,RightFoot,SetPiece,a,2025
677218,29787,14376,Quinten Timber,71,0.715,0.3890000152587891,0.014453423209488392,MissedShots,RightFoot,SetPiece,a,2025
677221,29787,6401,Amine Gouiri,84,0.9490000152587891,0.5379999923706055,0.677783191204071,Goal,RightFoot,OpenPlay,a,2025
677222,29787,8664,Facundo Medina,90,0.9209999847412109,0.519000015258789,0.34329643845558167,SavedShot,Head,SetPiece,a,2025
677223,29787,318,Pierre-Emerick Aubameyang,90,0.9869999694824219,0.45,0.8468389511108398,BlockedShot,OtherBodyPart,FromCorner,a,2025
677418,29796,5661,Jonathan Ikone,3,0.95,0.4640000152587891,0.5527675151824951,Goal,RightFoot,OpenPlay,h,2025
677419,29796,1209,Ciro Immobile,7,0.8669999694824219,0.46599998474121096,0.37364625930786133,Goal,RightFoot,OpenPlay,h,2025
677422,29796,3772,Maxime Lopez,13,0.9130000305175782,0.49400001525878906,0.5289215445518494,SavedShot,RightFoot,OpenPlay,h,2025
677430,29796,5661,Jonathan Ikone,20,0.9069999694824219,0.44099998474121094,0.45567646622657776,Goal,LeftFoot,OpenPlay,h,2025
677431,29796,3772,Maxime Lopez,22,0.8469999694824218,0.49700000762939456,0.13610686361789703,MissedShots,RightFoot,OpenPlay,h,2025
677437,29796,7908,Marshall Munetsi,46,0.9580000305175781,0.40299999237060546,0.23535789549350739,SavedShot,LeftFoot,OpenPlay,h,2025
677438,29796,1209,Ciro Immobile,46,0.9259999847412109,0.4520000076293945,0.14601922035217285,BlockedShot,RightFoot,OpenPlay,h,2025
677439,29796,5661,Jonathan Ikone,46,0.9009999847412109,0.42400001525878905,0.11497381329536438,MissedShots,RightFoot,OpenPlay,h,2025
677440,29796,5661,Jonathan Ikone,49,0.8169999694824219,0.46599998474121096,0.08104149252176285,BlockedShot,LeftFoot,OpenPlay,h,2025
677445,29796,10620,Luca Koleosho,70,0.8719999694824219,0.3609999847412109,0.2828724980354309,MissedShots,RightFoot,OpenPlay,h,2025
677446,29796,10620,Luca Koleosho,70,0.7569999694824219,0.40700000762939453,0.027073116973042488,Goal,RightFoot,OpenPlay,h,2025
677448,29796,13801,Alimami Gory,90,0.8640000152587891,0.36200000762939455,0.09321337193250656,MissedShots,RightFoot,OpenPlay,h,2025
677420,29796,11799,Lamine Camara,10,0.76,0.3770000076293945,0.015795744955539703,BlockedShot,RightFoot,OpenPlay,a,2025
677421,29796,8646,Wout Faes,11,0.8809999847412109,0.49,0.01580529473721981,MissedShots,Head,FromCorner,a,2025
677423,29796,11799,Lamine Camara,14,0.9119999694824219,0.36400001525878906,0.08102325350046158,MissedShots,RightFoot,OpenPlay,a,2025
677424,29796,9690,Folarin Balogun,14,0.9330000305175781,0.5,0.11812485754489899,BlockedShot,Head,FromCorner,a,2025
677425,29796,12950,Jordan Teze,15,0.9419999694824219,0.24399999618530274,0.01925487071275711,BlockedShot,RightFoot,OpenPlay,a,2025
677426,29796,7967,Anssumane Fati,19,0.8090000152587891,0.5070000076293946,0.05321182683110237,BlockedShot,RightFoot,OpenPlay,a,2025
677427,29796,11710,Simon Adingra,19,0.91,0.6840000152587891,0.07060973346233368,SavedShot,LeftFoot,OpenPlay,a,2025
677428,29796,9690,Folarin Balogun,20,0.9269999694824219,0.5320000076293945,0.13070347905158997,BlockedShot,RightFoot,FromCorner,a,2025
677429,29796,7967,Anssumane Fati,20,0.9319999694824219,0.6730000305175782,0.06768862903118134,SavedShot,RightFoot,OpenPlay,a,2025
677432,29796,9690,Folarin Balogun,33,0.97,0.4379999923706055,0.3817002773284912,MissedShots,RightFoot,OpenPlay,a,2025
677433,29796,9690,Folarin Balogun,35,0.8530000305175781,0.48200000762939454,0.30313196778297424,Goal,RightFoot,OpenPlay,a,2025
677434,29796,13214,Aladji Bamba,39,0.9290000152587891,0.5170000076293946,0.05884551256895065,SavedShot,Head,FromCorner,a,2025
677435,29796,12285,Mamadou Coulibaly,44,0.8490000152587891,0.43599998474121093,0.05539105460047722,MissedShots,RightFoot,OpenPlay,a,2025
677436,29796,7967,Anssumane Fati,46,0.8859999847412109,0.4640000152587891,0.10845398902893066,SavedShot,RightFoot,OpenPlay,a,2025
677441,29796,7967,Anssumane Fati,57,0.9630000305175781,0.33,0.044395145028829575,BlockedShot,RightFoot,OpenPlay,a,2025
677442,29796,7967,Anssumane Fati,62,0.9290000152587891,0.4470000076293945,0.05649184808135033,BlockedShot,Head,OpenPlay,a,2025
677443,29796,11710,Simon Adingra,62,0.8590000152587891,0.4129999923706055,0.0872843936085701,BlockedShot,RightFoot,OpenPlay,a,2025
677444,29796,9279,Krépin Diatta,65,0.9230000305175782,0.445,0.06017116829752922,MissedShots,Head,OpenPlay,a,2025
677447,29796,9690,Folarin Balogun,73,0.8909999847412109,0.33,0.04584655165672302,MissedShots,RightFoot,OpenPlay,a,2025
677560,29794,318,Pierre-Emerick Aubameyang,7,0.855,0.519000015258789,0.36252278089523315,SavedShot,RightFoot,OpenPlay,h,2025
677561,29794,318,Pierre-Emerick Aubameyang,12,0.8619999694824219,0.415,0.33519405126571655,Goal,RightFoot,OpenPlay,h,2025
677562,29794,318,Pierre-Emerick Aubameyang,18,0.9280000305175782,0.47700000762939454,0.4129534661769867,MissedShots,Head,OpenPlay,h,2025
677563,29794,6401,Amine Gouiri,20,0.8619999694824219,0.575,0.13408896327018738,MissedShots,RightFoot,OpenPlay,h,2025
677564,29794,7490,Mason Greenwood,29,0.8809999847412109,0.3189999961853027,0.11533743143081665,SavedShot,RightFoot,OpenPlay,h,2025
677565,29794,7490,Mason Greenwood,30,0.784000015258789,0.3129999923706055,0.021540915593504906,MissedShots,LeftFoot,FromCorner,h,2025
677566,29794,7490,Mason Greenwood,38,0.9019999694824219,0.34400001525878904,0.1150013729929924,SavedShot,LeftFoot,OpenPlay,h,2025
677567,29794,14010,Igor Paixão,39,0.955999984741211,0.40099998474121096,0.24192270636558533,MissedShots,Head,FromCorner,h,2025
677570,29794,14010,Igor Paixão,47,0.8130000305175781,0.5170000076293946,0.48021820187568665,Goal,RightFoot,OpenPlay,h,2025
677572,29794,7490,Mason Greenwood,58,0.79,0.3870000076293945,0.0428614467382431,SavedShot,LeftFoot,OpenPlay,h,2025
677573,29794,7486,Leonardo Balerdi,58,0.9259999847412109,0.495,0.05672452598810196,SavedShot,Head,FromCorner,h,2025
677576,29794,318,Pierre-Emerick Aubameyang,63,0.865,0.27399999618530274,0.03734128922224045,SavedShot,RightFoot,OpenPlay,h,2025
677577,29794,7490,Mason Greenwood,64,0.8519999694824218,0.5109999847412109,0.09069196879863739,MissedShots,LeftFoot,OpenPlay,h,2025
677578,29794,14376,Quinten Timber,68,0.805,0.4929999923706055,0.1052073985338211,MissedShots,LeftFoot,OpenPlay,h,2025
677579,29794,3363,Benjamin Pavard,79,0.9030000305175782,0.4420000076293945,0.08393999189138412,MissedShots,Head,SetPiece,h,2025
677580,29794,6401,Amine Gouiri,82,0.815,0.4829999923706055,0.07526273280382156,MissedShots,RightFoot,OpenPlay,h,2025
677581,29794,6986,Hamed Junior Traore,83,0.7809999847412109,0.5109999847412109,0.04743241146206856,MissedShots,LeftFoot,OpenPlay,h,2025
677583,29794,6986,Hamed Junior Traore,92,0.925,0.524000015258789,0.5615248084068298,Goal,RightFoot,OpenPlay,h,2025
677568,29794,5727,Gauthier Hein,43,0.8040000152587891,0.4909999847412109,0.04254643991589546,ShotOnPost,LeftFoot,OpenPlay,a,2025
677569,29794,5727,Gauthier Hein,47,0.8680000305175781,0.5459999847412109,0.03105591982603073,MissedShots,Head,OpenPlay,a,2025
677571,29794,13809,Giorgi Tsitaishvili,48,0.9030000305175782,0.6830000305175781,0.04361463338136673,Goal,LeftFoot,OpenPlay,a,2025
677574,29794,3393,Bouna Sarr,61,0.9209999847412109,0.29100000381469726,0.03527960181236267,BlockedShot,RightFoot,OpenPlay,a,2025
677575,29794,6308,Jessy Deminguet,61,0.924000015258789,0.33299999237060546,0.33197787404060364,SavedShot,RightFoot,OpenPlay,a,2025
677582,29794,14407,Nathan Mbala,86,0.8080000305175781,0.509000015258789,0.050577662885189056,MissedShots,LeftFoot,OpenPlay,a,2025
678069,29790,10815,Lassine Sinayoko,18,0.9330000305175781,0.47400001525878904,0.21605852246284485,MissedShots,Head,FromCorner,h,2025
678070,29790,10815,Lassine Sinayoko,22,0.874000015258789,0.509000015258789,0.40023452043533325,BlockedShot,RightFoot,OpenPlay,h,2025
678071,29790,9092,Marvin Senaya,24,0.905,0.624000015258789,0.009449582546949387,MissedShots,Head,SetPiece,h,2025
678080,29790,8970,Sékou Mara,68,0.9209999847412109,0.28399999618530275,0.052154164761304855,MissedShots,RightFoot,OpenPlay,h,2025
678082,29790,10815,Lassine Sinayoko,79,0.8669999694824219,0.48700000762939455,0.11912007629871368,BlockedShot,LeftFoot,OpenPlay,h,2025
678066,29790,9632,Deiver Machado,6,0.8090000152587891,0.534000015258789,0.04825396090745926,SavedShot,RightFoot,OpenPlay,a,2025
678067,29790,12387,Dehmaine Assoumani,7,0.8009999847412109,0.3029999923706055,0.02512897551059723,BlockedShot,LeftFoot,OpenPlay,a,2025
678068,29790,14432,Ali Youssif,15,0.965,0.5379999923706055,0.08510123193264008,BlockedShot,Head,FromCorner,a,2025
678072,29790,9632,Deiver Machado,28,0.9059999847412109,0.7419999694824219,0.05865832790732384,MissedShots,LeftFoot,OpenPlay,a,2025
678073,29790,12387,Dehmaine Assoumani,36,0.875,0.43400001525878906,0.3726097345352173,MissedShots,RightFoot,OpenPlay,a,2025
678074,29790,9632,Deiver Machado,40,0.7030000305175781,0.56,0.009531169198453426,MissedShots,LeftFoot,OpenPlay,a,2025
678075,29790,11946,Mohamed Kaba,41,0.9119999694824219,0.5229999923706055,0.11413586884737015,MissedShots,Head,OpenPlay,a,2025
678076,29790,12387,Dehmaine Assoumani,42,0.8830000305175781,0.28,0.04814077541232109,SavedShot,RightFoot,SetPiece,a,2025
678077,29790,6238,Ignatius Ganago,48,0.9209999847412109,0.5129999923706055,0.06561323255300522,SavedShot,Head,SetPiece,a,2025
678078,29790,3253,Frederic Guilbert,60,0.845999984741211,0.2989999961853027,0.026618029922246933,MissedShots,RightFoot,SetPiece,a,2025
678079,29790,6007,Nicolas Cozza,60,0.9259999847412109,0.505,0.5741268992424011,SavedShot,RightFoot,SetPiece,a,2025
678081,29790,10702,Johann Lepenant,75,0.7290000152587891,0.5679999923706055,0.014713187702000141,MissedShots,RightFoot,FromCorner,a,2025
678083,29790,10831,Mostafa Mohamed,90,0.7519999694824219,0.4540000152587891,0.019702253863215446,MissedShots,RightFoot,OpenPlay,a,2025
678159,29797,12850,Esteban Lepaul,4,0.730999984741211,0.3089999961853027,0.010479171760380268,SavedShot,RightFoot,OpenPlay,h,2025
678161,29797,3475,Ludovic Blas,9,0.8630000305175781,0.6270000076293946,0.025671936571598053,MissedShots,LeftFoot,OpenPlay,h,2025
678163,29797,3475,Ludovic Blas,15,0.7530000305175781,0.5459999847412109,0.022145146504044533,SavedShot,LeftFoot,SetPiece,h,2025
678164,29797,11782,Mousa Al Tamari,24,0.845,0.5540000152587891,0.3009328544139862,Goal,LeftFoot,OpenPlay,h,2025
678165,29797,11782,Mousa Al Tamari,28,0.905,0.675,0.13173212110996246,SavedShot,LeftFoot,OpenPlay,h,2025
678166,29797,12850,Esteban Lepaul,47,0.9369999694824219,0.6509999847412109,0.08551198989152908,MissedShots,RightFoot,OpenPlay,h,2025
678167,29797,6452,Mahdi Camara,50,0.9080000305175782,0.3060000038146973,0.07906916737556458,SavedShot,RightFoot,OpenPlay,h,2025
678168,29797,11782,Mousa Al Tamari,50,0.7469999694824219,0.500999984741211,0.012592003680765629,MissedShots,LeftFoot,OpenPlay,h,2025
678169,29797,5356,Breel Embolo,53,0.845,0.40700000762939453,0.09960681200027466,SavedShot,RightFoot,OpenPlay,h,2025
678171,29797,12850,Esteban Lepaul,58,0.8540000152587891,0.315,0.06393390893936157,MissedShots,RightFoot,OpenPlay,h,2025
678174,29797,5356,Breel Embolo,70,0.8930000305175781,0.6359999847412109,0.10159043222665787,MissedShots,LeftFoot,OpenPlay,h,2025
678175,29797,13329,Abdelhamid Aït Boudlal,74,0.8680000305175781,0.600999984741211,0.06861812621355057,MissedShots,RightFoot,SetPiece,h,2025
678176,29797,12850,Esteban Lepaul,77,0.950999984741211,0.395,0.01702686958014965,MissedShots,Head,FromCorner,h,2025
678178,29797,3475,Ludovic Blas,83,0.8519999694824218,0.59,0.057724591344594955,BlockedShot,LeftFoot,OpenPlay,h,2025
678179,29797,9399,Quentin Merlin,90,0.715999984741211,0.5370000076293945,0.023043856024742126,SavedShot,LeftFoot,FromCorner,h,2025
678160,29797,11016,Ousmane Camara,8,0.904000015258789,0.5179999923706055,0.030050259083509445,SavedShot,Head,FromCorner,a,2025
678162,29797,13159,Marius Louãr,11,0.035999999046325684,0.4979999923706055,0,OwnGoal,LeftFoot,OpenPlay,a,2025
678170,29797,14131,Amine Sbaï,57,0.8140000152587891,0.524000015258789,0.06092521548271179,MissedShots,RightFoot,OpenPlay,a,2025
678172,29797,10790,Branco van den Boomen,60,0.7519999694824219,0.29600000381469727,0.012157603166997433,SavedShot,RightFoot,OpenPlay,a,2025
678173,29797,13604,Prosper Peter,64,0.8869999694824219,0.455,0.30495205521583557,Goal,RightFoot,OpenPlay,a,2025
678177,29797,14131,Amine Sbaï,80,0.885,0.5,0.7600951194763184,SavedShot,RightFoot,Penalty,a,2025
678180,29797,11294,Lilian Raolisoa,91,0.78,0.6270000076293946,0.026430411264300346,BlockedShot,LeftFoot,OpenPlay,a,2025
678466,29795,14031,Charles Vanhoutte,12,0.8490000152587891,0.43599998474121093,0.0902959331870079,MissedShots,RightFoot,OpenPlay,h,2025
678470,29795,8685,Mohamed Ali-Cho,15,0.9109999847412109,0.6559999847412109,0.3291916251182556,SavedShot,LeftFoot,OpenPlay,h,2025
678471,29795,8697,Jonathan Clauss,15,0.815,0.5529999923706055,0.05559484660625458,MissedShots,LeftFoot,OpenPlay,h,2025
678474,29795,13070,Ali Abdi,36,0.955,0.49700000762939456,0.08649690449237823,MissedShots,Head,FromCorner,h,2025
678476,29795,13070,Ali Abdi,47,0.9280000305175782,0.5179999923706055,0.1256348192691803,MissedShots,Head,OpenPlay,h,2025
678478,29795,3696,Morgan Sanson,58,0.7780000305175782,0.5170000076293946,0.02873130515217781,BlockedShot,LeftFoot,SetPiece,h,2025
678479,29795,13070,Ali Abdi,58,0.8859999847412109,0.4229999923706055,0.023154497146606445,MissedShots,Head,SetPiece,h,2025
678480,29795,9514,Antoine Mendy,58,0.9569999694824218,0.5379999923706055,0.5257353186607361,SavedShot,LeftFoot,SetPiece,h,2025
678481,29795,13070,Ali Abdi,58,0.97,0.4859999847412109,0.8351099491119385,Goal,LeftFoot,SetPiece,h,2025
678483,29795,9182,Sepe Elye Wahi,63,0.9590000152587891,0.34,0.06232261285185814,BlockedShot,RightFoot,OpenPlay,h,2025
678485,29795,6846,Sofiane Diop,77,0.8640000152587891,0.53,0.23027484118938446,SavedShot,Head,OpenPlay,h,2025
678486,29795,8697,Jonathan Clauss,80,0.7880000305175782,0.3729999923706055,0.03126070648431778,SavedShot,RightFoot,OpenPlay,h,2025
678487,29795,9514,Antoine Mendy,81,0.970999984741211,0.4,0.0549931563436985,MissedShots,Head,FromCorner,h,2025
678489,29795,8768,Kevin Omoruyi,92,0.870999984741211,0.4570000076293945,0.08694193512201309,BlockedShot,RightFoot,OpenPlay,h,2025
678490,29795,13751,Isak Jansson,93,0.755,0.47,0.021043339744210243,MissedShots,RightFoot,OpenPlay,h,2025
678465,29795,12446,Simon Ebonog,10,0.95,0.41,0.09761819243431091,MissedShots,RightFoot,OpenPlay,a,2025
678467,29795,8684,Fodé Doucouré,13,0.9169999694824219,0.4179999923706055,0.30149179697036743,SavedShot,LeftFoot,OpenPlay,a,2025
678468,29795,8684,Fodé Doucouré,13,0.9640000152587891,0.43200000762939456,0.5474691390991211,SavedShot,RightFoot,OpenPlay,a,2025
678469,29795,8287,Mbwana Samatta,13,0.9459999847412109,0.4,0.3787368834018707,BlockedShot,RightFoot,OpenPlay,a,2025
678472,29795,8287,Mbwana Samatta,18,0.779000015258789,0.7669999694824219,0.013824688270688057,BlockedShot,RightFoot,OpenPlay,a,2025
678473,29795,11792,Issa Soumaré,19,0.970999984741211,0.46,0.6206245422363281,MissedShots,RightFoot,OpenPlay,a,2025
678475,29795,8287,Mbwana Samatta,40,0.9169999694824219,0.47,0.43794193863868713,Goal,LeftFoot,OpenPlay,a,2025
678477,29795,11792,Issa Soumaré,51,0.9069999694824219,0.590999984741211,0.04000868648290634,SavedShot,Head,OpenPlay,a,2025
678482,29795,3701,Gautier Lloris,62,0.9169999694824219,0.49900001525878906,0.06112692505121231,MissedShots,Head,SetPiece,a,2025
678484,29795,8372,Lucas Gourna Douath,64,0.774000015258789,0.6759999847412109,0.020472027361392975,MissedShots,RightFoot,OpenPlay,a,2025
678488,29795,8287,Mbwana Samatta,83,0.9430000305175781,0.7,0.030980393290519714,SavedShot,LeftFoot,SetPiece,a,2025
678491,29798,6874,Yann Gboho,0,0.7930000305175782,0.7069999694824218,0.018173357471823692,BlockedShot,RightFoot,OpenPlay,h,2025
678495,29798,12045,Aron Dønnum,15,0.789000015258789,0.5579999923706055,0.015342071652412415,BlockedShot,LeftFoot,OpenPlay,h,2025
678496,29798,10788,Rasmus Nicolaisen,15,0.9719999694824218,0.415,0.23196543753147125,ShotOnPost,Head,FromCorner,h,2025
678497,29798,6874,Yann Gboho,15,0.960999984741211,0.539000015258789,0.6167763471603394,BlockedShot,RightFoot,FromCorner,h,2025
678498,29798,3357,Djibril Sidibe,15,0.9769999694824218,0.5259999847412109,0.537939190864563,SavedShot,RightFoot,FromCorner,h,2025
678503,29798,12841,Dayann Methalie,32,0.8909999847412109,0.7340000152587891,0.03902425989508629,MissedShots,LeftFoot,OpenPlay,h,2025
678504,29798,14358,Pape Diop,34,0.7859999847412109,0.56,0.10161558538675308,BlockedShot,RightFoot,DirectFreekick,h,2025
678507,29798,6874,Yann Gboho,44,0.795,0.6809999847412109,0.025486348196864128,BlockedShot,RightFoot,OpenPlay,h,2025
678508,29798,13758,Seny Koumbassa,45,0.7040000152587891,0.504000015258789,0.021885033696889877,MissedShots,RightFoot,FromCorner,h,2025
678492,29798,13051,Matias Fernandez-Pardo,4,0.8569999694824219,0.41200000762939454,0.11990658938884735,SavedShot,RightFoot,OpenPlay,a,2025
678493,29798,11757,Hákon Haraldsson,10,0.8859999847412109,0.6,0.10283619165420532,SavedShot,RightFoot,OpenPlay,a,2025
678494,29798,11757,Hákon Haraldsson,12,0.749000015258789,0.44599998474121094,0.04851960390806198,MissedShots,RightFoot,OpenPlay,a,2025
678499,29798,9444,Felix Correia,18,0.8009999847412109,0.455,0.04406461864709854,BlockedShot,RightFoot,OpenPlay,a,2025
678500,29798,5680,Thomas Meunier,22,0.93,0.3340000152587891,0.07866925746202469,Goal,RightFoot,OpenPlay,a,2025
678501,29798,6500,Romain Perraud,25,0.885,0.6780000305175782,0.08060953766107559,MissedShots,RightFoot,OpenPlay,a,2025
678502,29798,11757,Hákon Haraldsson,27,0.8769999694824219,0.6329999923706054,0.07962343841791153,SavedShot,LeftFoot,OpenPlay,a,2025
678505,29798,13051,Matias Fernandez-Pardo,40,0.8190000152587891,0.3170000076293945,0.04143184795975685,BlockedShot,LeftFoot,OpenPlay,a,2025
678506,29798,6500,Romain Perraud,40,0.7919999694824219,0.629000015258789,0.02749621868133545,BlockedShot,LeftFoot,OpenPlay,a,2025
678509,29798,6500,Romain Perraud,49,0.754000015258789,0.48,0.07099230587482452,Goal,LeftFoot,DirectFreekick,a,2025
678510,29798,13051,Matias Fernandez-Pardo,54,0.8440000152587891,0.44099998474121094,0.10213332623243332,Goal,RightFoot,OpenPlay,a,2025
678511,29798,13051,Matias Fernandez-Pardo,72,0.805,0.4779999923706055,0.36164769530296326,SavedShot,RightFoot,OpenPlay,a,2025
678512,29798,12066,Ethan Mbappé,80,0.9769999694824218,0.34599998474121096,0.05906481668353081,SavedShot,LeftFoot,OpenPlay,a,2025
678513,29798,13051,Matias Fernandez-Pardo,83,0.840999984741211,0.5409999847412109,0.11066272854804993,BlockedShot,RightFoot,OpenPlay,a,2025
678514,29798,502,Olivier Giroud,87,0.885,0.5,0.7600951194763184,Goal,LeftFoot,Penalty,a,2025
678645,29793,12041,Roman Yaremchuk,2,0.8030000305175782,0.6769999694824219,0.02564333751797676,BlockedShot,RightFoot,OpenPlay,h,2025
678646,29793,12041,Roman Yaremchuk,9,0.9419999694824219,0.45599998474121095,0.43377748131752014,MissedShots,Head,OpenPlay,h,2025
678647,29793,13739,Afonso Moreira,15,0.720999984741211,0.715999984741211,0.015359308570623398,SavedShot,RightFoot,OpenPlay,h,2025
678651,29793,12041,Roman Yaremchuk,40,0.975999984741211,0.6359999847412109,0.06676134467124939,MissedShots,RightFoot,OpenPlay,h,2025
678654,29793,3603,Corentin Tolisso,45,0.895,0.46299999237060546,0.1266479641199112,SavedShot,OtherBodyPart,OpenPlay,h,2025
678655,29793,6088,Orel Mangala,46,0.84,0.6359999847412109,0.04936106875538826,MissedShots,LeftFoot,OpenPlay,h,2025
678656,29793,12041,Roman Yaremchuk,48,0.93,0.5059999847412109,0.44179368019104004,Goal,Head,OpenPlay,h,2025
678658,29793,12041,Roman Yaremchuk,53,0.8530000305175781,0.6619999694824219,0.06777120381593704,BlockedShot,RightFoot,OpenPlay,h,2025
678659,29793,12884,Endrick,55,0.9359999847412109,0.645,0.3093035817146301,SavedShot,LeftFoot,OpenPlay,h,2025
678660,29793,3603,Corentin Tolisso,55,0.919000015258789,0.46799999237060547,0.4149577021598816,Goal,Head,OpenPlay,h,2025
678665,29793,13739,Afonso Moreira,83,0.75,0.654000015258789,0.025758346542716026,MissedShots,RightFoot,OpenPlay,h,2025
678648,29793,10347,Pablo Pagis,17,0.865,0.7219999694824218,0.061180923134088516,MissedShots,LeftFoot,OpenPlay,a,2025
678649,29793,10347,Pablo Pagis,17,0.7419999694824219,0.7090000152587891,0.01962432451546192,MissedShots,RightFoot,OpenPlay,a,2025
678650,29793,3536,Jean-Victor Makengo,30,0.8530000305175781,0.49200000762939455,0.09490391612052917,SavedShot,LeftFoot,OpenPlay,a,2025
678652,29793,9345,Ahmadou Bamba Dieng,46,0.9340000152587891,0.500999984741211,0.495441734790802,SavedShot,RightFoot,OpenPlay,a,2025
678653,29793,12328,Arthur Avom,46,0.8490000152587891,0.6669999694824219,0.049765437841415405,SavedShot,RightFoot,OpenPlay,a,2025
678657,29793,13794,Arsène Kouassi,52,0.8090000152587891,0.6880000305175781,0.02668142132461071,SavedShot,LeftFoot,OpenPlay,a,2025
678661,29793,9345,Ahmadou Bamba Dieng,57,0.8959999847412109,0.5459999847412109,0.2606019675731659,MissedShots,LeftFoot,OpenPlay,a,2025
678662,29793,10347,Pablo Pagis,78,0.759000015258789,0.6609999847412109,0.05612070858478546,MissedShots,RightFoot,DirectFreekick,a,2025
678663,29793,12328,Arthur Avom,80,0.784000015258789,0.44599998474121094,0.07449011504650116,SavedShot,RightFoot,OpenPlay,a,2025
678664,29793,12382,Nathaniel Adjei,82,0.9259999847412109,0.4420000076293945,0.3801920711994171,MissedShots,RightFoot,SetPiece,a,2025
678666,29793,9699,Bamo Meïté,86,0.879000015258789,0.6329999923706054,0.012195051647722721,MissedShots,Head,FromCorner,a,2025
678667,29793,12381,Panos Katseris,89,0.9109999847412109,0.415,0.04488440603017807,SavedShot,Head,FromCorner,a,2025
678899,29800,3799,Wesley Said,8,0.8469999694824218,0.3890000152587891,0.14413554966449738,SavedShot,RightFoot,OpenPlay,h,2025
678901,29800,3799,Wesley Said,20,0.9459999847412109,0.595,0.2746852934360504,MissedShots,Head,OpenPlay,h,2025
678902,29800,5745,Matthieu Udol,21,0.8540000152587891,0.6969999694824218,0.03925004601478577,SavedShot,LeftFoot,OpenPlay,h,2025
678903,29800,5745,Matthieu Udol,21,0.8630000305175781,0.6940000152587891,0.023092489689588547,SavedShot,LeftFoot,OpenPlay,h,2025
678904,29800,11142,Pierre Ganiou,25,0.889000015258789,0.4540000152587891,0.056834876537323,MissedShots,Head,FromCorner,h,2025
678905,29800,5648,Malang Sarr,25,0.7440000152587891,0.610999984741211,0.022994156926870346,MissedShots,LeftFoot,FromCorner,h,2025
678906,29800,13506,Rayan Fofana,31,0.914000015258789,0.47299999237060547,0.08150827139616013,BlockedShot,RightFoot,OpenPlay,h,2025
678907,29800,13506,Rayan Fofana,32,0.8580000305175781,0.49700000762939456,0.09853129088878632,MissedShots,RightFoot,OpenPlay,h,2025
678908,29800,1760,Arthur Masuaku,33,0.7180000305175781,0.6359999847412109,0.011290036141872406,SavedShot,LeftFoot,OpenPlay,h,2025
678909,29800,3799,Wesley Said,35,0.9230000305175782,0.720999984741211,0.042535148561000824,MissedShots,RightFoot,OpenPlay,h,2025
678910,29800,11142,Pierre Ganiou,38,0.75,0.33599998474121096,0.011890547350049019,MissedShots,RightFoot,OpenPlay,h,2025
678911,29800,3549,Adrien Thomasson,41,0.9009999847412109,0.47,0.07766107469797134,BlockedShot,RightFoot,OpenPlay,h,2025
678912,29800,3348,Florian Sotoca,43,0.6780000305175782,0.34599998474121096,0.007744701113551855,MissedShots,RightFoot,OpenPlay,h,2025
678913,29800,5745,Matthieu Udol,48,0.9540000152587891,0.6419999694824219,0.03282180428504944,SavedShot,Head,SetPiece,h,2025
678914,29800,5648,Malang Sarr,48,0.6980000305175781,0.46599998474121096,0.009589197114109993,MissedShots,LeftFoot,OpenPlay,h,2025
678915,29800,3799,Wesley Said,49,0.9580000305175781,0.5870000076293945,0.2776779234409332,MissedShots,Head,OpenPlay,h,2025
678916,29800,13917,Mamadou Sangaré,52,0.79,0.34200000762939453,0.01860751211643219,MissedShots,LeftFoot,OpenPlay,h,2025
678917,29800,3799,Wesley Said,52,0.8630000305175781,0.5459999847412109,0.015093347989022732,SavedShot,Head,OpenPlay,h,2025
678918,29800,13917,Mamadou Sangaré,55,0.8269999694824218,0.53,0.04739027097821236,MissedShots,LeftFoot,FromCorner,h,2025
678919,29800,3549,Adrien Thomasson,56,0.914000015258789,0.5359999847412109,0.12232021242380142,SavedShot,Head,OpenPlay,h,2025
678920,29800,3697,Odsonne Edouard,58,0.9340000152587891,0.5459999847412109,0.14267699420452118,MissedShots,Head,OpenPlay,h,2025
678921,29800,5745,Matthieu Udol,58,0.9130000305175782,0.585999984741211,0.06833615899085999,MissedShots,RightFoot,OpenPlay,h,2025
678922,29800,11142,Pierre Ganiou,58,0.8869999694824219,0.37099998474121093,0.06745900958776474,BlockedShot,RightFoot,OpenPlay,h,2025
678923,29800,13917,Mamadou Sangaré,58,0.7880000305175782,0.44799999237060545,0.03396550565958023,BlockedShot,LeftFoot,FromCorner,h,2025
678924,29800,3549,Adrien Thomasson,59,0.7469999694824219,0.685,0.046383876353502274,SavedShot,RightFoot,DirectFreekick,h,2025
678925,29800,5745,Matthieu Udol,59,0.9109999847412109,0.534000015258789,0.5252699851989746,MissedShots,LeftFoot,SetPiece,h,2025
678927,29800,13053,Saud Abdulhamid,60,0.93,0.435,0.12441956996917725,Goal,Head,OpenPlay,h,2025
678928,29800,5648,Malang Sarr,66,0.7669999694824219,0.534000015258789,0.029460858553647995,SavedShot,LeftFoot,OpenPlay,h,2025
678929,29800,3549,Adrien Thomasson,66,0.919000015258789,0.4759999847412109,0.5003987550735474,Goal,RightFoot,OpenPlay,h,2025
678930,29800,3549,Adrien Thomasson,69,0.914000015258789,0.5890000152587891,0.05777530372142792,ShotOnPost,Head,OpenPlay,h,2025
678931,29800,3549,Adrien Thomasson,73,0.8669999694824219,0.4859999847412109,0.03849714994430542,BlockedShot,Head,SetPiece,h,2025
678932,29800,101,Allan Saint-Maximin,77,0.7719999694824219,0.73,0.02402886562049389,MissedShots,RightFoot,FromCorner,h,2025
678933,29800,11142,Pierre Ganiou,79,0.9640000152587891,0.6090000152587891,0.014939729124307632,MissedShots,Head,FromCorner,h,2025
678934,29800,942,Florian Thauvin,81,0.8,0.33299999237060546,0.028558960184454918,BlockedShot,LeftFoot,OpenPlay,h,2025
678935,29800,3549,Adrien Thomasson,82,0.9369999694824219,0.4829999923706055,0.4553896188735962,SavedShot,Head,OpenPlay,h,2025
678936,29800,101,Allan Saint-Maximin,83,0.855,0.6959999847412109,0.03984849154949188,MissedShots,RightFoot,OpenPlay,h,2025
678937,29800,3697,Odsonne Edouard,85,0.9119999694824219,0.519000015258789,0.058183081448078156,BlockedShot,Head,OpenPlay,h,2025
678938,29800,101,Allan Saint-Maximin,85,0.88,0.73,0.0415814034640789,BlockedShot,RightFoot,FromCorner,h,2025
678939,29800,3697,Odsonne Edouard,88,0.7880000305175782,0.54,0.10814592242240906,BlockedShot,RightFoot,DirectFreekick,h,2025
678940,29800,3697,Odsonne Edouard,88,0.8130000305175781,0.5259999847412109,0.0376230850815773,MissedShots,RightFoot,SetPiece,h,2025
678941,29800,942,Florian Thauvin,90,0.8480000305175781,0.30700000762939456,0.03364870324730873,BlockedShot,LeftFoot,OpenPlay,h,2025
678942,29800,11142,Pierre Ganiou,90,0.925,0.48200000762939454,0.11161834746599197,Goal,Head,FromCorner,h,2025
678896,29800,11777,Cristian Cásseres Jr.,5,0.705,0.5509999847412109,0.013517254963517189,Goal,RightFoot,OpenPlay,a,2025
678897,29800,13756,Santiago Hidalgo,7,0.8640000152587891,0.7469999694824219,0.04213176295161247,BlockedShot,LeftFoot,OpenPlay,a,2025
678898,29800,6874,Yann Gboho,7,0.8390000152587891,0.565,0.0954798087477684,BlockedShot,RightFoot,OpenPlay,a,2025
678900,29800,13758,Seny Koumbassa,12,0.9430000305175781,0.4929999923706055,0.4170915186405182,Goal,Head,FromCorner,a,2025
678926,29800,14358,Pape Diop,60,0.45799999237060546,0.6830000305175781,0.010260996408760548,MissedShots,RightFoot,OpenPlay,a,2025
679262,29802,13975,Noah Cadiou,10,0.7619999694824219,0.34200000762939453,0.01128524448722601,MissedShots,RightFoot,OpenPlay,h,2025
679265,29802,12381,Panos Katseris,27,0.9519999694824218,0.3970000076293945,0.40490245819091797,Goal,RightFoot,OpenPlay,h,2025
679268,29802,10347,Pablo Pagis,46,0.889000015258789,0.5979999923706054,0.08360020816326141,MissedShots,RightFoot,OpenPlay,h,2025
679270,29802,9345,Ahmadou Bamba Dieng,48,0.9269999694824219,0.4829999923706055,0.12671487033367157,SavedShot,LeftFoot,OpenPlay,h,2025
679272,29802,10347,Pablo Pagis,50,0.7809999847412109,0.6969999694824218,0.060195863246917725,BlockedShot,RightFoot,DirectFreekick,h,2025
679273,29802,10347,Pablo Pagis,50,0.7619999694824219,0.6869999694824219,0.013059912249445915,MissedShots,LeftFoot,SetPiece,h,2025
679276,29802,9345,Ahmadou Bamba Dieng,57,0.875,0.405,0.34982842206954956,Goal,RightFoot,OpenPlay,h,2025
679279,29802,10347,Pablo Pagis,61,0.855,0.6320000076293946,0.09691861271858215,SavedShot,LeftFoot,OpenPlay,h,2025
679281,29802,10347,Pablo Pagis,74,0.705999984741211,0.7380000305175781,0.029502438381314278,MissedShots,RightFoot,DirectFreekick,h,2025
679282,29802,12049,Aiyegun Tosin,77,0.8109999847412109,0.3270000076293945,0.09076780825853348,MissedShots,RightFoot,OpenPlay,h,2025
679285,29802,9661,Igor Silva,83,0.8269999694824218,0.36400001525878906,0.02028798684477806,MissedShots,RightFoot,OpenPlay,h,2025
679261,29802,7490,Mason Greenwood,9,0.84,0.3340000152587891,0.04401303827762604,SavedShot,LeftFoot,OpenPlay,a,2025
679263,29802,7490,Mason Greenwood,12,0.3220000076293945,0.3579999923706055,0.00937982089817524,MissedShots,RightFoot,OpenPlay,a,2025
679264,29802,343,Pierre-Emile Højbjerg,18,0.7019999694824218,0.5120000076293946,0.01437354926019907,MissedShots,RightFoot,OpenPlay,a,2025
679266,29802,343,Pierre-Emile Højbjerg,31,0.9059999847412109,0.49400001525878906,0.04847726225852966,MissedShots,Head,SetPiece,a,2025
679267,29802,6986,Hamed Junior Traore,35,0.9580000305175781,0.555,0.5063996315002441,MissedShots,LeftFoot,OpenPlay,a,2025
679269,29802,10923,Himad Abdelli,47,0.7430000305175781,0.6480000305175782,0.017372775822877884,MissedShots,RightFoot,OpenPlay,a,2025
679271,29802,6601,Timothy Weah,49,0.7780000305175782,0.3729999923706055,0.030050262808799744,SavedShot,RightFoot,OpenPlay,a,2025
679274,29802,318,Pierre-Emerick Aubameyang,52,0.9630000305175781,0.46900001525878904,0.522480845451355,MissedShots,Head,OpenPlay,a,2025
679275,29802,318,Pierre-Emerick Aubameyang,54,0.875999984741211,0.36900001525878906,0.03891168534755707,MissedShots,RightFoot,FromCorner,a,2025
679277,29802,318,Pierre-Emerick Aubameyang,59,0.9219999694824219,0.5640000152587891,0.07746098935604095,MissedShots,RightFoot,OpenPlay,a,2025
679278,29802,1245,Emerson,60,0.8159999847412109,0.6480000305175782,0.02774231880903244,BlockedShot,RightFoot,OpenPlay,a,2025
679280,29802,11132,Ethan Nwaneri,71,0.84,0.634000015258789,0.048334237188100815,MissedShots,LeftFoot,OpenPlay,a,2025
679283,29802,6986,Hamed Junior Traore,78,0.8619999694824219,0.7140000152587891,0.0485343337059021,MissedShots,RightFoot,OpenPlay,a,2025
679284,29802,3363,Benjamin Pavard,82,0.9359999847412109,0.425,0.12465663999319077,MissedShots,Head,OpenPlay,a,2025
679286,29802,6986,Hamed Junior Traore,91,0.9069999694824219,0.69,0.05570428445935249,MissedShots,RightFoot,OpenPlay,a,2025
679287,29802,14576,Ugo El Kadmiri,92,0.9580000305175781,0.4540000152587891,0.5168357491493225,MissedShots,Head,OpenPlay,a,2025
679402,29799,13604,Prosper Peter,25,0.8769999694824219,0.45599998474121095,0.08136805146932602,SavedShot,RightFoot,OpenPlay,h,2025
679403,29799,13604,Prosper Peter,27,0.93,0.49200000762939455,0.5326796174049377,Goal,RightFoot,OpenPlay,h,2025
679404,29799,3495,Pierrick Capelle,31,0.749000015258789,0.47900001525878905,0.02242245338857174,SavedShot,LeftFoot,OpenPlay,h,2025
679405,29799,3495,Pierrick Capelle,34,0.789000015258789,0.3679999923706055,0.08479148894548416,BlockedShot,LeftFoot,DirectFreekick,h,2025
679406,29799,3495,Pierrick Capelle,37,0.754000015258789,0.66,0.020240290090441704,MissedShots,LeftFoot,OpenPlay,h,2025
679408,29799,13604,Prosper Peter,47,0.9269999694824219,0.7180000305175781,0.03663651645183563,SavedShot,RightFoot,OpenPlay,h,2025
679410,29799,12851,Emmanuel Biumla,53,0.725999984741211,0.4520000076293945,0.009379439055919647,MissedShots,RightFoot,SetPiece,h,2025
679414,29799,10790,Branco van den Boomen,63,0.759000015258789,0.830999984741211,0.011417939327657223,SavedShot,RightFoot,OpenPlay,h,2025
679415,29799,13604,Prosper Peter,66,0.925,0.435,0.03118283860385418,MissedShots,Head,FromCorner,h,2025
679418,29799,14131,Amine Sbaï,78,0.9109999847412109,0.7090000152587891,0.04742275923490524,BlockedShot,LeftFoot,OpenPlay,h,2025
679421,29799,13612,Lanroy Machine,91,0.8430000305175781,0.649000015258789,0.08355314284563065,BlockedShot,RightFoot,OpenPlay,h,2025
679396,29799,11790,Rassoul Ndiaye,1,0.7130000305175781,0.47299999237060547,0.014740245416760445,BlockedShot,LeftFoot,OpenPlay,a,2025
679397,29799,11792,Issa Soumaré,12,0.9219999694824219,0.3060000038146973,0.3078485429286957,MissedShots,RightFoot,OpenPlay,a,2025
679398,29799,1734,Sofiane Boufal,12,0.860999984741211,0.6029999923706054,0.07655709236860275,Goal,RightFoot,OpenPlay,a,2025
679399,29799,11790,Rassoul Ndiaye,18,0.740999984741211,0.44599998474121094,0.021480003371834755,SavedShot,RightFoot,OpenPlay,a,2025
679400,29799,11792,Issa Soumaré,19,0.9459999847412109,0.505,0.11771423369646072,MissedShots,Head,OpenPlay,a,2025
679401,29799,8287,Mbwana Samatta,24,0.9290000152587891,0.5459999847412109,0.1297522336244583,MissedShots,LeftFoot,OpenPlay,a,2025
679407,29799,11790,Rassoul Ndiaye,41,0.8030000305175782,0.4520000076293945,0.05132242664694786,SavedShot,LeftFoot,OpenPlay,a,2025
679409,29799,11792,Issa Soumaré,51,0.9119999694824219,0.5990000152587891,0.3531036376953125,SavedShot,LeftFoot,OpenPlay,a,2025
679411,29799,13742,Ayumu Seko,59,0.8040000152587891,0.525,0.045374639332294464,SavedShot,RightFoot,FromCorner,a,2025
679412,29799,11792,Issa Soumaré,60,0.8390000152587891,0.485,0.11846067756414413,SavedShot,LeftFoot,OpenPlay,a,2025
679413,29799,8287,Mbwana Samatta,62,0.875999984741211,0.4229999923706055,0.10371293872594833,BlockedShot,RightFoot,OpenPlay,a,2025
679416,29799,11788,Arouna Sangante,73,0.9030000305175782,0.6580000305175782,0.01569698564708233,MissedShots,Head,SetPiece,a,2025
679417,29799,3701,Gautier Lloris,78,0.8980000305175782,0.495,0.09306281059980392,SavedShot,Head,SetPiece,a,2025
679419,29799,12732,Yanis Zouaoui,84,0.7340000152587891,0.6,0.05116742104291916,MissedShots,LeftFoot,DirectFreekick,a,2025
679420,29799,13742,Ayumu Seko,91,0.764000015258789,0.46599998474121096,0.02185046300292015,BlockedShot,RightFoot,SetPiece,a,2025
679422,29799,13742,Ayumu Seko,93,0.8680000305175781,0.35,0.023819519206881523,SavedShot,Head,SetPiece,a,2025
679475,29801,12800,Ngal&#039;ayel Mukau,3,0.8440000152587891,0.595999984741211,0.059239886701107025,BlockedShot,LeftFoot,OpenPlay,h,2025
679476,29801,6500,Romain Perraud,7,0.7369999694824219,0.634000015258789,0.016939198598265648,SavedShot,LeftFoot,OpenPlay,h,2025
679478,29801,13051,Matias Fernandez-Pardo,37,0.9219999694824219,0.6359999847412109,0.09407743811607361,SavedShot,LeftFoot,OpenPlay,h,2025
679481,29801,849,Chancel Mbemba,52,0.88,0.514000015258789,0.03119533881545067,ShotOnPost,Head,OpenPlay,h,2025
679482,29801,11757,Hákon Haraldsson,52,0.8830000305175781,0.4929999923706055,0.10733231902122498,MissedShots,RightFoot,OpenPlay,h,2025
679483,29801,12162,Ayyoub Bouaddi,65,0.735,0.5459999847412109,0.017977425828576088,MissedShots,LeftFoot,OpenPlay,h,2025
679486,29801,3237,Aissa Mandi,80,0.7290000152587891,0.710999984741211,0.012576055712997913,BlockedShot,RightFoot,OpenPlay,h,2025
679487,29801,849,Chancel Mbemba,92,0.7330000305175781,0.40700000762939453,0.017892135307192802,BlockedShot,RightFoot,OpenPlay,h,2025
679488,29801,6500,Romain Perraud,95,0.895,0.6819999694824219,0.05955081060528755,BlockedShot,LeftFoot,OpenPlay,h,2025
679477,29801,9642,Salis Abdul Samed,16,0.7290000152587891,0.4879999923706055,0.015088816173374653,MissedShots,RightFoot,FromCorner,a,2025
679479,29801,8697,Jonathan Clauss,39,0.8030000305175782,0.27299999237060546,0.04135441407561302,SavedShot,RightFoot,OpenPlay,a,2025
679480,29801,8697,Jonathan Clauss,44,0.8590000152587891,0.3039999961853027,0.03856436163187027,MissedShots,RightFoot,OpenPlay,a,2025
679484,29801,5962,Tanguy NDombele Alvaro,67,0.7559999847412109,0.515,0.02219207212328911,MissedShots,RightFoot,OpenPlay,a,2025
679485,29801,6846,Sofiane Diop,74,0.735,0.42700000762939455,0.054156821221113205,BlockedShot,RightFoot,DirectFreekick,a,2025
679596,29804,9690,Folarin Balogun,12,0.9290000152587891,0.6990000152587891,0.05256740003824234,SavedShot,LeftFoot,OpenPlay,h,2025
679597,29804,7967,Anssumane Fati,15,0.769000015258789,0.6020000076293945,0.025968842208385468,BlockedShot,LeftFoot,OpenPlay,h,2025
679598,29804,10058,Maghnes Akliouche,15,0.8430000305175781,0.3679999923706055,0.04651951417326927,SavedShot,LeftFoot,OpenPlay,h,2025
679601,29804,9690,Folarin Balogun,22,0.955,0.544000015258789,0.13845199346542358,BlockedShot,LeftFoot,OpenPlay,h,2025
679603,29804,12950,Jordan Teze,34,0.7340000152587891,0.4759999847412109,0.016888465732336044,MissedShots,RightFoot,OpenPlay,h,2025
679608,29804,6147,Denis Zakaria,47,0.7140000152587891,0.4909999847412109,0.013896912336349487,BlockedShot,RightFoot,OpenPlay,h,2025
679609,29804,9690,Folarin Balogun,50,0.9780000305175781,0.6120000076293945,0.030076518654823303,SavedShot,Head,FromCorner,h,2025
679610,29804,11710,Simon Adingra,50,0.909000015258789,0.6709999847412109,0.06696977466344833,BlockedShot,RightFoot,OpenPlay,h,2025
679611,29804,12950,Jordan Teze,51,0.764000015258789,0.590999984741211,0.016734769567847252,SavedShot,RightFoot,OpenPlay,h,2025
679612,29804,7967,Anssumane Fati,51,0.8969999694824219,0.49200000762939455,0.044789139181375504,MissedShots,RightFoot,FromCorner,h,2025
679613,29804,7967,Anssumane Fati,55,0.779000015258789,0.4570000076293945,0.038724519312381744,Goal,RightFoot,OpenPlay,h,2025
679614,29804,9690,Folarin Balogun,58,0.885,0.5,0.7600951194763184,Goal,RightFoot,Penalty,h,2025
679617,29804,11710,Simon Adingra,65,0.855,0.7169999694824218,0.03320338949561119,BlockedShot,RightFoot,OpenPlay,h,2025
679619,29804,9279,Krépin Diatta,78,0.9569999694824218,0.48900001525878906,0.582166850566864,MissedShots,Head,OpenPlay,h,2025
679620,29804,11710,Simon Adingra,81,0.9180000305175782,0.6270000076293946,0.07538100332021713,BlockedShot,LeftFoot,OpenPlay,h,2025
679594,29804,10815,Lassine Sinayoko,10,0.9180000305175782,0.6659999847412109,0.06218091398477554,BlockedShot,LeftFoot,SetPiece,a,2025
679595,29804,10818,Kévin Danois,10,0.7919999694824219,0.3770000076293945,0.022211723029613495,Goal,RightFoot,FromCorner,a,2025
679599,29804,6420,Romain Faivre,18,0.8030000305175782,0.6480000305175782,0.04199819266796112,MissedShots,LeftFoot,OpenPlay,a,2025
679600,29804,13407,Fredrik Oppegård,20,0.889000015258789,0.6930000305175781,0.07755684852600098,SavedShot,LeftFoot,OpenPlay,a,2025
679602,29804,10815,Lassine Sinayoko,32,0.8440000152587891,0.5359999847412109,0.09191147238016129,Goal,LeftFoot,OpenPlay,a,2025
679604,29804,14408,Bryan Okoh,46,0.904000015258789,0.44599998474121094,0.05864335224032402,MissedShots,Head,FromCorner,a,2025
679605,29804,10815,Lassine Sinayoko,45,0.865999984741211,0.5540000152587891,0.11852239817380905,BlockedShot,RightFoot,OpenPlay,a,2025
679606,29804,13888,Danny Namaso,46,0.81,0.4909999847412109,0.041379280388355255,BlockedShot,RightFoot,FromCorner,a,2025
679607,29804,8703,Sinaly Diomande,46,0.850999984741211,0.48700000762939455,0.07116623967885971,SavedShot,RightFoot,FromCorner,a,2025
679615,29804,9092,Marvin Senaya,62,0.8730000305175781,0.28200000762939453,0.04456248879432678,SavedShot,LeftFoot,OpenPlay,a,2025
679616,29804,10815,Lassine Sinayoko,64,0.7719999694824219,0.4570000076293945,0.03204990550875664,SavedShot,RightFoot,OpenPlay,a,2025
679618,29804,10815,Lassine Sinayoko,67,0.865,0.44799999237060545,0.08588513731956482,SavedShot,LeftFoot,OpenPlay,a,2025
679692,29803,11798,Koffi Kouao,3,0.8240000152587891,0.37099998474121093,0.04012349247932434,BlockedShot,LeftFoot,OpenPlay,h,2025
679695,29803,14431,Giorgi Kvilitaia,30,0.8569999694824219,0.435,0.23259545862674713,Goal,RightFoot,OpenPlay,h,2025
679698,29803,14431,Giorgi Kvilitaia,39,0.895,0.41,0.04403090104460716,SavedShot,Head,OpenPlay,h,2025
679702,29803,14431,Giorgi Kvilitaia,50,0.7440000152587891,0.28,0.01683756150305271,SavedShot,RightFoot,OpenPlay,h,2025
679703,29803,13809,Giorgi Tsitaishvili,53,0.845,0.7759999847412109,0.023393306881189346,MissedShots,LeftFoot,OpenPlay,h,2025
679707,29803,14407,Nathan Mbala,73,0.784000015258789,0.6029999923706054,0.027781616896390915,MissedShots,LeftFoot,OpenPlay,h,2025
679708,29803,13809,Giorgi Tsitaishvili,75,0.845999984741211,0.34200000762939453,0.06909851729869843,SavedShot,LeftFoot,OpenPlay,h,2025
679710,29803,12376,Lucas Michal,78,0.9180000305175782,0.5640000152587891,0.051116760820150375,MissedShots,Head,OpenPlay,h,2025
679711,29803,13809,Giorgi Tsitaishvili,81,0.92,0.27399999618530274,0.03409302234649658,SavedShot,LeftFoot,OpenPlay,h,2025
679713,29803,14532,Jahyann Pandore,84,0.8980000305175782,0.4109999847412109,0.3977644741535187,BlockedShot,RightFoot,OpenPlay,h,2025
679715,29803,12376,Lucas Michal,91,0.7569999694824219,0.415,0.02096186950802803,BlockedShot,RightFoot,OpenPlay,h,2025
679716,29803,4764,Jean-Philippe Gbamin,91,0.874000015258789,0.620999984741211,0.04722997173666954,BlockedShot,RightFoot,FromCorner,h,2025
679717,29803,14431,Giorgi Kvilitaia,91,0.9230000305175782,0.44,0.479451060295105,BlockedShot,LeftFoot,FromCorner,h,2025
679693,29803,1209,Ciro Immobile,20,0.7809999847412109,0.45599998474121095,0.02135140635073185,MissedShots,RightFoot,OpenPlay,a,2025
679694,29803,13801,Alimami Gory,20,0.8640000152587891,0.4859999847412109,0.3351304531097412,Goal,LeftFoot,OpenPlay,a,2025
679696,29803,13577,Rudy Matondo,35,0.7419999694824219,0.47299999237060547,0.016423219814896584,MissedShots,RightFoot,FromCorner,a,2025
679697,29803,10620,Luca Koleosho,38,0.7869999694824219,0.855999984741211,0.03188096731901169,SavedShot,RightFoot,DirectFreekick,a,2025
679699,29803,1209,Ciro Immobile,44,0.8630000305175781,0.5570000076293945,0.08783082664012909,SavedShot,RightFoot,OpenPlay,a,2025
679700,29803,9656,Ilan Kebbal,48,0.6930000305175781,0.500999984741211,0.01283169537782669,MissedShots,LeftFoot,OpenPlay,a,2025
679701,29803,13577,Rudy Matondo,49,0.9069999694824219,0.5229999923706055,0.27675479650497437,SavedShot,Head,OpenPlay,a,2025
679704,29803,13871,Otávio,68,0.9209999847412109,0.5509999847412109,0.3763324022293091,Goal,RightFoot,SetPiece,a,2025
679705,29803,5696,Vincent Marchetti,70,0.8040000152587891,0.5,0.06457758694887161,MissedShots,LeftFoot,OpenPlay,a,2025
679706,29803,10620,Luca Koleosho,71,0.7619999694824219,0.6609999847412109,0.01885249651968479,SavedShot,RightFoot,FromCorner,a,2025
679709,29803,6332,Willem Geubbels,77,0.895,0.49700000762939456,0.4553433656692505,MissedShots,RightFoot,OpenPlay,a,2025
679712,29803,6332,Willem Geubbels,82,0.8590000152587891,0.6359999847412109,0.09414312243461609,BlockedShot,RightFoot,OpenPlay,a,2025
679714,29803,9656,Ilan Kebbal,88,0.8669999694824219,0.6090000152587891,0.025052515789866447,Goal,RightFoot,FromCorner,a,2025
679718,29803,6332,Willem Geubbels,91,0.87,0.33599998474121096,0.10386344790458679,MissedShots,RightFoot,OpenPlay,a,2025
679719,29803,3786,Mathieu Cafaro,95,0.8669999694824219,0.46,0.05960988253355026,MissedShots,RightFoot,FromCorner,a,2025
679720,29805,10831,Mostafa Mohamed,8,0.815,0.3139999961853027,0.032244324684143066,Goal,LeftFoot,OpenPlay,h,2025
679721,29805,12387,Dehmaine Assoumani,11,0.735999984741211,0.4929999923706055,0.02639445848762989,BlockedShot,LeftFoot,OpenPlay,h,2025
679723,29805,497,Francis Coquelin,31,0.74,0.40400001525878904,0.015306086279451847,MissedShots,RightFoot,FromCorner,h,2025
679724,29805,6238,Ignatius Ganago,34,0.875,0.7069999694824218,0.04525143653154373,BlockedShot,RightFoot,OpenPlay,h,2025
679726,29805,12387,Dehmaine Assoumani,48,0.8809999847412109,0.37099998474121093,0.09001996368169785,BlockedShot,LeftFoot,OpenPlay,h,2025
679727,29805,6007,Nicolas Cozza,48,0.9259999847412109,0.575999984741211,0.07066749036312103,SavedShot,Head,FromCorner,h,2025
679728,29805,12846,Louis Leroux,49,0.8330000305175781,0.66,0.052553627640008926,BlockedShot,RightFoot,OpenPlay,h,2025
679729,29805,3253,Frederic Guilbert,50,0.924000015258789,0.5179999923706055,0.05278518423438072,MissedShots,Head,FromCorner,h,2025
679730,29805,9632,Deiver Machado,51,0.860999984741211,0.6469999694824219,0.07550548762083054,BlockedShot,LeftFoot,OpenPlay,h,2025
679731,29805,10702,Johann Lepenant,51,0.83,0.4420000076293945,0.06608056277036667,SavedShot,RightFoot,OpenPlay,h,2025
679732,29805,12846,Louis Leroux,57,0.8690000152587891,0.5920000076293945,0.027670642361044884,MissedShots,Head,OpenPlay,h,2025
679733,29805,12846,Louis Leroux,73,0.8580000305175781,0.6669999694824219,0.06817909330129623,BlockedShot,LeftFoot,OpenPlay,h,2025
679734,29805,10831,Mostafa Mohamed,75,0.8630000305175781,0.28899999618530275,0.05228302627801895,BlockedShot,LeftFoot,OpenPlay,h,2025
679735,29805,9490,Matthis Abline,79,0.7630000305175781,0.505,0.022338099777698517,BlockedShot,RightFoot,SetPiece,h,2025
679736,29805,9490,Matthis Abline,85,0.85,0.5459999847412109,0.08856382220983505,BlockedShot,RightFoot,OpenPlay,h,2025
679738,29805,6007,Nicolas Cozza,97,0.9280000305175782,0.545,0.10312975198030472,MissedShots,Head,FromCorner,h,2025
679739,29805,14432,Ali Youssif,97,0.91,0.5,0.0862809419631958,SavedShot,Head,FromCorner,h,2025
679722,29805,3721,Romain Del Castillo,24,0.9490000152587891,0.39299999237060546,0.26061657071113586,SavedShot,RightFoot,SetPiece,a,2025
679725,29805,3721,Romain Del Castillo,39,0.8480000305175781,0.41400001525878904,0.06625964492559433,MissedShots,LeftFoot,OpenPlay,a,2025
679737,29805,7736,Brendan Chardonnet,94,0.9080000305175782,0.5120000076293946,0.2671864926815033,Goal,Head,SetPiece,a,2025
679740,29805,7739,Joris Chotard,98,0.79,0.5479999923706055,0.037069499492645264,MissedShots,RightFoot,OpenPlay,a,2025
679741,29807,11618,Samuel Amo-Ameyaw,2,0.7380000305175781,0.44099998474121094,0.01688636839389801,BlockedShot,LeftFoot,OpenPlay,h,2025
679742,29807,14581,Idrissa Sabaly,4,0.875,0.754000015258789,0.027227068319916725,MissedShots,LeftFoot,OpenPlay,h,2025
679743,29807,11295,David Datro Fofana,8,0.9209999847412109,0.6090000152587891,0.6675411462783813,BlockedShot,RightFoot,OpenPlay,h,2025
679757,29807,14359,Gessime Yassine,37,0.889000015258789,0.28600000381469726,0.03077504225075245,BlockedShot,LeftFoot,OpenPlay,h,2025
679764,29807,11164,Martial Godo,60,0.889000015258789,0.565,0.06277115643024445,ShotOnPost,RightFoot,OpenPlay,h,2025
679766,29807,12284,Samir El Mourabet,69,0.7369999694824219,0.45599998474121095,0.014301620423793793,MissedShots,LeftFoot,OpenPlay,h,2025
679771,29807,11618,Samuel Amo-Ameyaw,85,0.7909999847412109,0.5029999923706054,0.07091031968593597,MissedShots,LeftFoot,OpenPlay,h,2025
679772,29807,11058,Julio Enciso,88,0.775,0.5979999923706054,0.028361300006508827,MissedShots,LeftFoot,OpenPlay,h,2025
679775,29807,11164,Martial Godo,94,0.8119999694824219,0.7,0.02546478994190693,MissedShots,RightFoot,OpenPlay,h,2025
679744,29807,11782,Mousa Al Tamari,11,0.9130000305175782,0.6930000305175781,0.04403264820575714,SavedShot,LeftFoot,OpenPlay,a,2025
679745,29807,11782,Mousa Al Tamari,12,0.87,0.624000015258789,0.08229658752679825,MissedShots,RightFoot,OpenPlay,a,2025
679746,29807,5356,Breel Embolo,12,0.9740000152587891,0.5279999923706055,0.16171295940876007,MissedShots,Head,OpenPlay,a,2025
679747,29807,12850,Esteban Lepaul,17,0.8119999694824219,0.41200000762939454,0.03439665585756302,MissedShots,RightFoot,SetPiece,a,2025
679748,29807,11782,Mousa Al Tamari,18,0.899000015258789,0.34799999237060547,0.31082746386528015,SavedShot,RightFoot,OpenPlay,a,2025
679749,29807,12850,Esteban Lepaul,19,0.9209999847412109,0.4640000152587891,0.10112133622169495,MissedShots,Head,FromCorner,a,2025
679750,29807,12850,Esteban Lepaul,19,0.87,0.415,0.26463913917541504,Goal,RightFoot,OpenPlay,a,2025
679751,29807,9652,Alidu Seidu,24,0.8069999694824219,0.3089999961853027,0.03810855373740196,MissedShots,RightFoot,OpenPlay,a,2025
679752,29807,8677,Lilian Brassier,28,0.9119999694824219,0.46299999237060546,0.036058180034160614,MissedShots,Head,FromCorner,a,2025
679753,29807,11782,Mousa Al Tamari,29,0.899000015258789,0.6370000076293946,0.10401693731546402,SavedShot,LeftFoot,OpenPlay,a,2025
679754,29807,3475,Ludovic Blas,32,0.7709999847412109,0.3609999847412109,0.03173964098095894,BlockedShot,LeftFoot,OpenPlay,a,2025
679755,29807,9399,Quentin Merlin,33,0.885,0.6880000305175781,0.06516014039516449,BlockedShot,LeftFoot,OpenPlay,a,2025
679756,29807,8677,Lilian Brassier,34,0.9159999847412109,0.42400001525878905,0.019005609676241875,MissedShots,Head,FromCorner,a,2025
679758,29807,5356,Breel Embolo,45,0.875,0.5659999847412109,0.08681711554527283,MissedShots,RightFoot,OpenPlay,a,2025
679759,29807,7631,Sebastian Szymanski,48,0.8440000152587891,0.6880000305175781,0.05376499518752098,BlockedShot,LeftFoot,OpenPlay,a,2025
679760,29807,12850,Esteban Lepaul,49,0.9580000305175781,0.639000015258789,0.017252402380108833,BlockedShot,Head,FromCorner,a,2025
679761,29807,5356,Breel Embolo,49,0.9819999694824219,0.48200000762939454,0.970638632774353,Goal,OtherBodyPart,FromCorner,a,2025
679762,29807,11782,Mousa Al Tamari,51,0.855999984741211,0.600999984741211,0.0904686376452446,Goal,LeftFoot,OpenPlay,a,2025
679763,29807,12850,Esteban Lepaul,53,0.88,0.634000015258789,0.10306976735591888,BlockedShot,LeftFoot,OpenPlay,a,2025
679765,29807,5684,Arnaud Nordin,68,0.7,0.5070000076293946,0.014396405778825283,MissedShots,RightFoot,OpenPlay,a,2025
679767,29807,7631,Sebastian Szymanski,73,0.7469999694824219,0.09100000381469726,0.023956481367349625,SavedShot,LeftFoot,DirectFreekick,a,2025
679768,29807,5684,Arnaud Nordin,76,0.795,0.620999984741211,0.044184595346450806,BlockedShot,RightFoot,OpenPlay,a,2025
679769,29807,9399,Quentin Merlin,77,0.7440000152587891,0.5359999847412109,0.01660044491291046,BlockedShot,LeftFoot,FromCorner,a,2025
679770,29807,6452,Mahdi Camara,77,0.9290000152587891,0.4379999923706055,0.11151501536369324,BlockedShot,RightFoot,FromCorner,a,2025
679773,29807,14459,Yassir Zabiri,89,0.8580000305175781,0.5609999847412109,0.4209795892238617,SavedShot,LeftFoot,OpenPlay,a,2025
679774,29807,13329,Abdelhamid Aït Boudlal,89,0.865999984741211,0.509000015258789,0.022956429049372673,MissedShots,Head,FromCorner,a,2025
679922,29806,12346,Beraldo,16,0.7869999694824219,0.405,0.0296001099050045,SavedShot,LeftFoot,OpenPlay,h,2025
679924,29806,12345,Senny Mayulu,25,0.9309999847412109,0.4929999923706055,0.388197660446167,MissedShots,Head,OpenPlay,h,2025
679925,29806,8777,Vitinha,26,0.7769999694824219,0.35200000762939454,0.029547741636633873,BlockedShot,RightFoot,FromCorner,h,2025
679926,29806,11767,Gonçalo Ramos,27,0.9030000305175782,0.519000015258789,0.029025129973888397,SavedShot,Head,FromCorner,h,2025
679927,29806,11767,Gonçalo Ramos,27,0.9290000152587891,0.4640000152587891,0.08750880509614944,BlockedShot,RightFoot,OpenPlay,h,2025
679928,29806,10016,Bradley Barcola,27,0.950999984741211,0.5790000152587891,0.4309692978858948,BlockedShot,RightFoot,OpenPlay,h,2025
679929,29806,11767,Gonçalo Ramos,32,0.885,0.5,0.7600951194763184,SavedShot,RightFoot,Penalty,h,2025
679930,29806,11767,Gonçalo Ramos,45,0.9309999847412109,0.47200000762939454,0.4014308750629425,MissedShots,Head,SetPiece,h,2025
679931,29806,10431,Désiré Doué,46,0.805,0.32299999237060545,0.021607130765914917,BlockedShot,RightFoot,OpenPlay,h,2025
679932,29806,10431,Désiré Doué,48,0.8809999847412109,0.5229999923706055,0.1056855097413063,MissedShots,LeftFoot,OpenPlay,h,2025
679935,29806,10016,Bradley Barcola,61,0.8469999694824218,0.39099998474121095,0.0613197386264801,BlockedShot,LeftFoot,OpenPlay,h,2025
679936,29806,7453,Khvicha Kvaratskhelia,62,0.9259999847412109,0.6709999847412109,0.2436191886663437,SavedShot,LeftFoot,OpenPlay,h,2025
679937,29806,12346,Beraldo,62,0.914000015258789,0.5259999847412109,0.03688918426632881,MissedShots,Head,FromCorner,h,2025
679938,29806,7453,Khvicha Kvaratskhelia,63,0.8580000305175781,0.534000015258789,0.01702265255153179,MissedShots,Head,OpenPlay,h,2025
679939,29806,3226,Ousmane Dembélé,74,0.745999984741211,0.35200000762939454,0.018333090469241142,ShotOnPost,RightFoot,OpenPlay,h,2025
679940,29806,3226,Ousmane Dembélé,76,0.8469999694824218,0.28600000381469726,0.03321970999240875,BlockedShot,RightFoot,OpenPlay,h,2025
679941,29806,12346,Beraldo,77,0.93,0.515,0.08240465074777603,MissedShots,LeftFoot,FromCorner,h,2025
679942,29806,3226,Ousmane Dembélé,77,0.9830000305175781,0.43200000762939456,0.11585500091314316,MissedShots,RightFoot,FromCorner,h,2025
679943,29806,7453,Khvicha Kvaratskhelia,81,0.9209999847412109,0.595,0.15953271090984344,BlockedShot,LeftFoot,OpenPlay,h,2025
679944,29806,12346,Beraldo,82,0.8859999847412109,0.54,0.08585195988416672,BlockedShot,LeftFoot,FromCorner,h,2025
679945,29806,12346,Beraldo,89,0.9169999694824219,0.534000015258789,0.03854577988386154,MissedShots,Head,FromCorner,h,2025
679946,29806,12346,Beraldo,92,0.7380000305175781,0.395,0.012651661410927773,MissedShots,LeftFoot,OpenPlay,h,2025
679947,29806,7453,Khvicha Kvaratskhelia,93,0.815,0.735999984741211,0.015633951872587204,Goal,RightFoot,OpenPlay,h,2025
679920,29806,12884,Endrick,5,0.9169999694824219,0.5890000152587891,0.40474867820739746,Goal,LeftFoot,OpenPlay,a,2025
679921,29806,11318,Abner,11,0.8930000305175781,0.49900001525878906,0.11975069344043732,SavedShot,LeftFoot,OpenPlay,a,2025
679923,29806,13739,Afonso Moreira,17,0.8430000305175781,0.4129999923706055,0.3512502908706665,Goal,RightFoot,OpenPlay,a,2025
679933,29806,13739,Afonso Moreira,51,0.8159999847412109,0.6320000076293946,0.07556940615177155,SavedShot,RightFoot,OpenPlay,a,2025
679934,29806,12884,Endrick,60,0.92,0.34599998474121096,0.25232231616973877,SavedShot,LeftFoot,OpenPlay,a,2025
680276,29769,3297,Marquinhos,9,0.9309999847412109,0.395,0.015533273108303547,BlockedShot,Head,FromCorner,h,2025
680277,29769,7453,Khvicha Kvaratskhelia,12,0.885,0.5,0.7600951194763184,Goal,RightFoot,Penalty,h,2025
680278,29769,3226,Ousmane Dembélé,16,0.950999984741211,0.6580000305175782,0.12120798975229263,SavedShot,LeftFoot,OpenPlay,h,2025
680279,29769,3226,Ousmane Dembélé,18,0.8469999694824218,0.29700000762939455,0.04304083064198494,BlockedShot,LeftFoot,OpenPlay,h,2025
680283,29769,10431,Désiré Doué,36,0.855,0.29399999618530276,0.06835174560546875,Goal,RightFoot,OpenPlay,h,2025
680286,29769,3226,Ousmane Dembélé,40,0.875999984741211,0.6669999694824219,0.07936139404773712,MissedShots,LeftFoot,OpenPlay,h,2025
680288,29769,7453,Khvicha Kvaratskhelia,49,0.91,0.545,0.6997448801994324,Goal,RightFoot,OpenPlay,h,2025
680289,29769,5197,Achraf Hakimi,54,0.75,0.4829999923706055,0.027433276176452637,MissedShots,RightFoot,FromCorner,h,2025
680290,29769,3226,Ousmane Dembélé,59,0.9019999694824219,0.649000015258789,0.09755916893482208,BlockedShot,LeftFoot,OpenPlay,h,2025
680291,29769,7453,Khvicha Kvaratskhelia,60,0.9430000305175781,0.55,0.12178453803062439,SavedShot,Head,FromCorner,h,2025
680294,29769,12345,Senny Mayulu,66,0.785,0.500999984741211,0.05449509248137474,MissedShots,LeftFoot,OpenPlay,h,2025
680295,29769,2447,Fabián,68,0.79,0.4540000152587891,0.04875154420733452,BlockedShot,LeftFoot,OpenPlay,h,2025
680298,29769,12345,Senny Mayulu,82,0.7619999694824219,0.27,0.01691596582531929,MissedShots,LeftFoot,FromCorner,h,2025
680299,29769,10016,Bradley Barcola,86,0.89,0.32299999237060545,0.11024279147386551,SavedShot,RightFoot,OpenPlay,h,2025
680280,29769,10702,Johann Lepenant,19,0.825,0.3039999961853027,0.028766293078660965,BlockedShot,RightFoot,OpenPlay,a,2025
680281,29769,9490,Matthis Abline,25,0.9519999694824218,0.4,0.0635233148932457,BlockedShot,RightFoot,FromCorner,a,2025
680282,29769,9490,Matthis Abline,35,0.764000015258789,0.525,0.025268763303756714,SavedShot,LeftFoot,OpenPlay,a,2025
680284,29769,9490,Matthis Abline,38,0.7769999694824219,0.49,0.03379999101161957,MissedShots,RightFoot,OpenPlay,a,2025
680285,29769,9490,Matthis Abline,39,0.89,0.355,0.07518991827964783,BlockedShot,RightFoot,OpenPlay,a,2025
680287,29769,9490,Matthis Abline,41,0.8380000305175781,0.155,0.0425630621612072,SavedShot,RightFoot,DirectFreekick,a,2025
680292,29769,12846,Louis Leroux,61,0.9169999694824219,0.5790000152587891,0.07629689574241638,BlockedShot,LeftFoot,SetPiece,a,2025
680293,29769,6007,Nicolas Cozza,62,0.9680000305175781,0.47200000762939454,0.13219323754310608,BlockedShot,Head,FromCorner,a,2025
680296,29769,14034,Bahmed Deuff,76,0.7619999694824219,0.46,0.017797889187932014,SavedShot,RightFoot,OpenPlay,a,2025
680297,29769,6238,Ignatius Ganago,79,0.9490000152587891,0.44,0.12020338326692581,MissedShots,Head,FromCorner,a,2025
680300,29769,3253,Frederic Guilbert,90,0.84,0.4129999923706055,0.056603699922561646,SavedShot,LeftFoot,OpenPlay,a,2025
680628,29809,13968,Daouda Guindo,7,0.7290000152587891,0.67,0.015618465840816498,Goal,LeftFoot,OpenPlay,h,2025
680631,29809,3743,Lucas Tousart,23,0.9,0.4859999847412109,0.05472671985626221,Goal,Head,OpenPlay,h,2025
680637,29809,7562,Eric Junior Dina Ebimbe,41,0.835,0.514000015258789,0.10601744055747986,Goal,RightFoot,OpenPlay,h,2025
680639,29809,6905,Ludovic Ajorque,53,0.8869999694824219,0.38799999237060545,0.03572329506278038,MissedShots,Head,OpenPlay,h,2025
680651,29809,6905,Ludovic Ajorque,89,0.894000015258789,0.6880000305175781,0.06826094537973404,BlockedShot,LeftFoot,OpenPlay,h,2025
680652,29809,7739,Joris Chotard,90,0.8119999694824219,0.6129999923706054,0.02944697067141533,BlockedShot,RightFoot,OpenPlay,h,2025
680626,29809,11046,Abdallah Sima,3,0.9330000305175781,0.3129999923706055,0.08530076593160629,MissedShots,RightFoot,OpenPlay,a,2025
680627,29809,13917,Mamadou Sangaré,4,0.855999984741211,0.40700000762939453,0.08991686254739761,BlockedShot,RightFoot,OpenPlay,a,2025
680629,29809,11046,Abdallah Sima,16,0.914000015258789,0.4570000076293945,0.09587235748767853,BlockedShot,RightFoot,OpenPlay,a,2025
680630,29809,3549,Adrien Thomasson,20,0.889000015258789,0.32,0.09854305535554886,MissedShots,RightFoot,OpenPlay,a,2025
680632,29809,11046,Abdallah Sima,26,0.9019999694824219,0.509000015258789,0.05457980930805206,BlockedShot,Head,OpenPlay,a,2025
680633,29809,13917,Mamadou Sangaré,27,0.715999984741211,0.509000015258789,0.014489905908703804,MissedShots,LeftFoot,OpenPlay,a,2025
680634,29809,13917,Mamadou Sangaré,35,0.740999984741211,0.4929999923706055,0.018400833010673523,BlockedShot,LeftFoot,OpenPlay,a,2025
680635,29809,11046,Abdallah Sima,37,0.9319999694824219,0.4520000076293945,0.11079125106334686,MissedShots,Head,FromCorner,a,2025
680636,29809,11142,Pierre Ganiou,39,0.7619999694824219,0.37200000762939456,0.01975201442837715,MissedShots,RightFoot,OpenPlay,a,2025
680638,29809,3549,Adrien Thomasson,47,0.9259999847412109,0.4879999923706055,0.3421624004840851,MissedShots,Head,OpenPlay,a,2025
680640,29809,11046,Abdallah Sima,56,0.975,0.4640000152587891,0.6342542171478271,ShotOnPost,Head,OpenPlay,a,2025
680641,29809,11046,Abdallah Sima,56,0.950999984741211,0.4370000076293945,0.1441146284341812,ShotOnPost,LeftFoot,OpenPlay,a,2025
680642,29809,942,Florian Thauvin,59,0.8059999847412109,0.5629999923706055,0.06292643398046494,BlockedShot,LeftFoot,OpenPlay,a,2025
680643,29809,11046,Abdallah Sima,59,0.8540000152587891,0.57,0.06748189777135849,SavedShot,RightFoot,OpenPlay,a,2025
680644,29809,942,Florian Thauvin,59,0.8319999694824218,0.43900001525878907,0.04035945609211922,Goal,LeftFoot,OpenPlay,a,2025
680645,29809,11046,Abdallah Sima,63,0.93,0.51,0.3451065421104431,Goal,RightFoot,OpenPlay,a,2025
680646,29809,3549,Adrien Thomasson,70,0.9309999847412109,0.5509999847412109,0.04872037470340729,MissedShots,Head,OpenPlay,a,2025
680647,29809,13917,Mamadou Sangaré,75,0.755,0.524000015258789,0.025550445541739464,SavedShot,LeftFoot,OpenPlay,a,2025
680648,29809,13917,Mamadou Sangaré,77,0.72,0.51,0.02356916107237339,MissedShots,LeftFoot,FromCorner,a,2025
680649,29809,101,Allan Saint-Maximin,79,0.735,0.720999984741211,0.014616958796977997,ShotOnPost,RightFoot,OpenPlay,a,2025
680650,29809,3697,Odsonne Edouard,86,0.855999984741211,0.4879999923706055,0.067728191614151,ShotOnPost,RightFoot,OpenPlay,a,2025
680653,29809,3697,Odsonne Edouard,91,0.8480000305175781,0.4759999847412109,0.12233909964561462,SavedShot,RightFoot,OpenPlay,a,2025
680654,29809,101,Allan Saint-Maximin,93,0.8019999694824219,0.7019999694824218,0.014789817854762077,Goal,RightFoot,OpenPlay,a,2025
680655,29809,3697,Odsonne Edouard,95,0.9459999847412109,0.44299999237060544,0.40879759192466736,SavedShot,Head,OpenPlay,a,2025
680656,29809,13053,Saud Abdulhamid,95,0.9619999694824218,0.46599998474121096,0.6593067049980164,MissedShots,RightFoot,OpenPlay,a,2025
680826,29812,10091,Tyler Morton,0,0.7,0.46599998474121096,0.012721601873636246,SavedShot,RightFoot,OpenPlay,h,2025
680827,29812,11318,Abner,3,0.9819999694824219,0.6120000076293945,0.0667380541563034,MissedShots,LeftFoot,FromCorner,h,2025
680828,29812,13739,Afonso Moreira,8,0.8590000152587891,0.779000015258789,0.023364603519439697,BlockedShot,RightFoot,OpenPlay,h,2025
680829,29812,13739,Afonso Moreira,9,0.8540000152587891,0.6270000076293946,0.09786395728588104,MissedShots,RightFoot,OpenPlay,h,2025
680831,29812,12041,Roman Yaremchuk,13,0.9009999847412109,0.515,0.13249695301055908,MissedShots,LeftFoot,OpenPlay,h,2025
680832,29812,12041,Roman Yaremchuk,18,0.9540000152587891,0.51,0.5941866636276245,Goal,RightFoot,OpenPlay,h,2025
680833,29812,1750,Ainsley Maitland-Niles,27,0.97,0.35200000762939454,0.08340994268655777,SavedShot,RightFoot,OpenPlay,h,2025
680835,29812,12884,Endrick,44,0.8540000152587891,0.25,0.029377000406384468,ShotOnPost,LeftFoot,OpenPlay,h,2025
680836,29812,12884,Endrick,46,0.8180000305175781,0.535,0.05581054091453552,SavedShot,LeftFoot,OpenPlay,h,2025
680837,29812,13736,Khalis Merah,49,0.8809999847412109,0.425,0.07409758865833282,MissedShots,RightFoot,FromCorner,h,2025
680839,29812,3603,Corentin Tolisso,65,0.9490000152587891,0.48400001525878905,0.6269201636314392,Goal,RightFoot,OpenPlay,h,2025
680840,29812,12041,Roman Yaremchuk,70,0.9119999694824219,0.504000015258789,0.36629363894462585,Goal,RightFoot,OpenPlay,h,2025
680830,29812,13888,Danny Namaso,12,0.8909999847412109,0.33099998474121095,0.06001143157482147,BlockedShot,RightFoot,OpenPlay,a,2025
680834,29812,8703,Sinaly Diomande,34,0.9690000152587891,0.4759999847412109,0.6776168346405029,Goal,RightFoot,SetPiece,a,2025
680838,29812,6333,Elisha Owusu,59,0.725999984741211,0.47299999237060547,0.013725442811846733,BlockedShot,RightFoot,OpenPlay,a,2025
680841,29812,6420,Romain Faivre,72,0.71,0.37799999237060544,0.010307760909199715,MissedShots,LeftFoot,OpenPlay,a,2025
680842,29812,10818,Kévin Danois,73,0.8030000305175782,0.48200000762939454,0.046867407858371735,BlockedShot,RightFoot,OpenPlay,a,2025
680843,29812,6420,Romain Faivre,73,0.73,0.49700000762939456,0.009936140850186348,BlockedShot,LeftFoot,OpenPlay,a,2025
680844,29812,6420,Romain Faivre,73,0.7340000152587891,0.4570000076293945,0.02135174162685871,MissedShots,LeftFoot,OpenPlay,a,2025
680845,29812,14408,Bryan Okoh,87,0.765,0.42700000762939455,0.02674415148794651,Goal,LeftFoot,OpenPlay,a,2025
680846,29812,8703,Sinaly Diomande,89,0.7369999694824219,0.46900001525878904,0.017220254987478256,BlockedShot,RightFoot,OpenPlay,a,2025
681228,29808,14131,Amine Sbaï,1,0.88,0.615,0.08515194058418274,BlockedShot,LeftFoot,OpenPlay,h,2025
681240,29808,13604,Prosper Peter,59,0.96,0.57,0.5038584470748901,MissedShots,RightFoot,OpenPlay,h,2025
681245,29808,10243,Jacques Ekomie,76,0.845,0.30700000762939456,0.039631959050893784,MissedShots,LeftFoot,OpenPlay,h,2025
681248,29808,13612,Lanroy Machine,90,0.7319999694824219,0.43599998474121093,0.017404381185770035,BlockedShot,RightFoot,OpenPlay,h,2025
681249,29808,12848,Florent Hanin,90,0.7819999694824219,0.634000015258789,0.014724241569638252,MissedShots,RightFoot,FromCorner,h,2025
681250,29808,13612,Lanroy Machine,92,0.9290000152587891,0.455,0.3166656196117401,SavedShot,Head,OpenPlay,h,2025
681229,29808,5197,Achraf Hakimi,6,0.9630000305175781,0.40299999237060546,0.305765300989151,SavedShot,RightFoot,OpenPlay,a,2025
681230,29808,7313,Lee Kang-In,7,0.97,0.4229999923706055,0.5274404883384705,Goal,RightFoot,OpenPlay,a,2025
681231,29808,5197,Achraf Hakimi,10,0.84,0.42900001525878906,0.08715270459651947,MissedShots,LeftFoot,OpenPlay,a,2025
681232,29808,2447,Fabián,16,0.7969999694824219,0.6630000305175782,0.04720430448651314,BlockedShot,RightFoot,OpenPlay,a,2025
681233,29808,5197,Achraf Hakimi,27,0.7519999694824219,0.5109999847412109,0.06955588608980179,SavedShot,RightFoot,DirectFreekick,a,2025
681234,29808,10016,Bradley Barcola,29,0.855,0.624000015258789,0.08668477088212967,BlockedShot,RightFoot,OpenPlay,a,2025
681235,29808,12345,Senny Mayulu,38,0.840999984741211,0.5,0.36234575510025024,Goal,LeftFoot,OpenPlay,a,2025
681236,29808,10016,Bradley Barcola,42,0.8630000305175781,0.6129999923706054,0.2754180133342743,BlockedShot,RightFoot,OpenPlay,a,2025
681237,29808,7313,Lee Kang-In,45,0.815,0.2520000076293945,0.026010314002633095,MissedShots,LeftFoot,OpenPlay,a,2025
681238,29808,12346,Beraldo,50,0.8159999847412109,0.44,0.07858052849769592,SavedShot,LeftFoot,OpenPlay,a,2025
681239,29808,12346,Beraldo,51,0.9580000305175781,0.4829999923706055,0.501754879951477,Goal,Head,FromCorner,a,2025
681241,29808,11767,Gonçalo Ramos,61,0.905,0.5729999923706055,0.14127597212791443,MissedShots,RightFoot,OpenPlay,a,2025
681242,29808,11767,Gonçalo Ramos,67,0.9590000152587891,0.6659999847412109,0.11480981856584549,SavedShot,LeftFoot,OpenPlay,a,2025
681243,29808,9961,Nuno Mendes,71,0.7369999694824219,0.6940000152587891,0.04133238270878792,SavedShot,LeftFoot,DirectFreekick,a,2025
681244,29808,11767,Gonçalo Ramos,72,0.9290000152587891,0.505,0.11965010315179825,MissedShots,Head,FromCorner,a,2025
681246,29808,12733,Ibrahim Mbaye,83,0.8959999847412109,0.6480000305175782,0.0984572321176529,SavedShot,LeftFoot,OpenPlay,a,2025
681247,29808,12733,Ibrahim Mbaye,89,0.85,0.5259999847412109,0.11952066421508789,MissedShots,RightFoot,OpenPlay,a,2025
681293,29816,13757,Alexis Vossah,18,0.7230000305175781,0.624000015258789,0.008855010382831097,BlockedShot,RightFoot,OpenPlay,h,2025
681294,29816,14435,Jacen Russell-Rowe,21,0.8440000152587891,0.45599998474121095,0.08559298515319824,MissedShots,LeftFoot,OpenPlay,h,2025
681295,29816,9220,Charlie Cresswell,25,0.8859999847412109,0.46,0.019445382058620453,SavedShot,Head,SetPiece,h,2025
681297,29816,12045,Aron Dønnum,33,0.8080000305175781,0.5059999847412109,0.08250879496335983,MissedShots,LeftFoot,OpenPlay,h,2025
681298,29816,11777,Cristian Cásseres Jr.,35,0.7709999847412109,0.6709999847412109,0.024658719077706337,BlockedShot,RightFoot,OpenPlay,h,2025
681299,29816,11777,Cristian Cásseres Jr.,35,0.7909999847412109,0.68,0.012278473004698753,MissedShots,LeftFoot,OpenPlay,h,2025
681300,29816,14435,Jacen Russell-Rowe,40,0.9590000152587891,0.38299999237060545,0.2500632405281067,MissedShots,RightFoot,OpenPlay,h,2025
681301,29816,12045,Aron Dønnum,49,0.805,0.41700000762939454,0.048631634563207626,SavedShot,LeftFoot,OpenPlay,h,2025
681302,29816,14435,Jacen Russell-Rowe,60,0.919000015258789,0.43900001525878907,0.3849194347858429,Goal,RightFoot,OpenPlay,h,2025
681303,29816,12045,Aron Dønnum,67,0.7969999694824219,0.3089999961853027,0.02439332753419876,MissedShots,LeftFoot,OpenPlay,h,2025
681304,29816,9220,Charlie Cresswell,73,0.9490000152587891,0.41700000762939454,0.28501930832862854,SavedShot,Head,FromCorner,h,2025
681305,29816,9220,Charlie Cresswell,73,0.9819999694824219,0.4109999847412109,0.3635934591293335,MissedShots,RightFoot,FromCorner,h,2025
681306,29816,14358,Pape Diop,76,0.76,0.544000015258789,0.02536751702427864,BlockedShot,RightFoot,OpenPlay,h,2025
681307,29816,11777,Cristian Cásseres Jr.,76,0.740999984741211,0.34,0.016193712130188942,MissedShots,RightFoot,OpenPlay,h,2025
681308,29816,14082,Emersonn,81,0.914000015258789,0.3089999961853027,0.042673081159591675,BlockedShot,RightFoot,OpenPlay,h,2025
681310,29816,9220,Charlie Cresswell,89,0.9290000152587891,0.5170000076293946,0.06298673152923584,BlockedShot,Head,OpenPlay,h,2025
681311,29816,14082,Emersonn,89,0.965999984741211,0.455,0.5084056258201599,Goal,Head,OpenPlay,h,2025
681312,29816,14082,Emersonn,93,0.9109999847412109,0.5820000076293945,0.043813515454530716,MissedShots,Head,FromCorner,h,2025
681287,29816,11799,Lamine Camara,3,0.7580000305175781,0.6559999847412109,0.018452096730470657,MissedShots,RightFoot,OpenPlay,a,2025
681288,29816,10058,Maghnes Akliouche,4,0.7830000305175782,0.7419999694824219,0.02041579782962799,SavedShot,LeftFoot,OpenPlay,a,2025
681289,29816,12950,Jordan Teze,5,0.9290000152587891,0.49,0.3588402271270752,Goal,Head,FromCorner,a,2025
681290,29816,11710,Simon Adingra,9,0.8969999694824219,0.6370000076293946,0.07981312274932861,MissedShots,RightFoot,OpenPlay,a,2025
681291,29816,11710,Simon Adingra,13,0.9259999847412109,0.649000015258789,0.3513258099555969,SavedShot,LeftFoot,OpenPlay,a,2025
681292,29816,11799,Lamine Camara,17,0.7709999847412109,0.4979999923706055,0.06297651678323746,Goal,RightFoot,OpenPlay,a,2025
681296,29816,7967,Anssumane Fati,26,0.85,0.500999984741211,0.12633147835731506,MissedShots,RightFoot,OpenPlay,a,2025
681309,29816,6147,Denis Zakaria,88,0.87,0.445,0.32801592350006104,SavedShot,RightFoot,OpenPlay,a,2025
681400,29811,9345,Ahmadou Bamba Dieng,3,0.8719999694824219,0.47900001525878905,0.11250217258930206,MissedShots,LeftFoot,OpenPlay,h,2025
681403,29811,9345,Ahmadou Bamba Dieng,21,0.860999984741211,0.40099998474121096,0.11852061003446579,BlockedShot,RightFoot,OpenPlay,h,2025
681404,29811,10347,Pablo Pagis,23,0.8980000305175782,0.6909999847412109,0.02409270778298378,ShotOnPost,RightFoot,FromCorner,h,2025
681405,29811,13975,Noah Cadiou,25,0.9530000305175781,0.48,0.5743070244789124,Goal,RightFoot,FromCorner,h,2025
681407,29811,12382,Nathaniel Adjei,35,0.9109999847412109,0.4859999847412109,0.03519773483276367,SavedShot,Head,FromCorner,h,2025
681408,29811,12382,Nathaniel Adjei,35,0.9169999694824219,0.37200000762939456,0.07819656282663345,MissedShots,RightFoot,FromCorner,h,2025
681409,29811,9345,Ahmadou Bamba Dieng,37,0.9019999694824219,0.35400001525878905,0.1292223036289215,BlockedShot,RightFoot,OpenPlay,h,2025
681410,29811,13904,Abdoulaye Faye,37,0.874000015258789,0.5659999847412109,0.02168229967355728,SavedShot,Head,FromCorner,h,2025
681413,29811,10347,Pablo Pagis,53,0.885,0.5,0.7600951194763184,Goal,RightFoot,Penalty,h,2025
681414,29811,9345,Ahmadou Bamba Dieng,59,0.8730000305175781,0.24399999618530274,0.07118663191795349,SavedShot,RightFoot,OpenPlay,h,2025
681415,29811,12382,Nathaniel Adjei,60,0.8930000305175781,0.5379999923706055,0.0499143972992897,SavedShot,Head,FromCorner,h,2025
681418,29811,10347,Pablo Pagis,69,0.870999984741211,0.45,0.08552268147468567,MissedShots,RightFoot,OpenPlay,h,2025
681420,29811,9699,Bamo Meïté,87,0.909000015258789,0.5479999923706055,0.06957769393920898,MissedShots,Head,FromCorner,h,2025
681421,29811,12382,Nathaniel Adjei,91,0.09199999809265137,0.5070000076293946,0,OwnGoal,Head,OpenPlay,h,2025
681422,29811,13975,Noah Cadiou,95,0.9169999694824219,0.5170000076293946,0.44354185461997986,MissedShots,Head,OpenPlay,h,2025
681401,29811,13916,Rafael Luís,8,0.7709999847412109,0.72,0.015712331980466843,SavedShot,LeftFoot,OpenPlay,a,2025
681402,29811,13916,Rafael Luís,18,0.779000015258789,0.33,0.02391912043094635,SavedShot,LeftFoot,OpenPlay,a,2025
681406,29811,10390,Ismaël Doukouré,32,0.7140000152587891,0.3970000076293945,0.010529537685215473,MissedShots,RightFoot,OpenPlay,a,2025
681411,29811,13819,Maxi Oyedele,46,0.765,0.600999984741211,0.018209269270300865,MissedShots,RightFoot,FromCorner,a,2025
681412,29811,13916,Rafael Luís,47,0.774000015258789,0.4640000152587891,0.027480892837047577,BlockedShot,LeftFoot,OpenPlay,a,2025
681416,29811,12970,Sebastian Nanasi,61,0.91,0.47400001525878904,0.38045886158943176,Goal,LeftFoot,OpenPlay,a,2025
681417,29811,10485,Guemissongui Ouattara,67,0.7290000152587891,0.544000015258789,0.01858379691839218,MissedShots,RightFoot,OpenPlay,a,2025
681419,29811,10485,Guemissongui Ouattara,83,0.88,0.40900001525878904,0.287182480096817,SavedShot,RightFoot,OpenPlay,a,2025
681423,29811,11618,Samuel Amo-Ameyaw,97,0.8430000305175781,0.34200000762939453,0.06141537055373192,BlockedShot,LeftFoot,OpenPlay,a,2025
681424,29811,11817,Emanuel Emegha,97,0.93,0.534000015258789,0.6290513277053833,MissedShots,RightFoot,OpenPlay,a,2025
681425,29811,9833,Andrew Omobamidele,98,0.9459999847412109,0.4570000076293945,0.5547788143157959,Goal,LeftFoot,FromCorner,a,2025
681541,29810,12732,Yanis Zouaoui,4,0.7430000305175781,0.7140000152587891,0.011017943732440472,BlockedShot,LeftFoot,OpenPlay,h,2025
681542,29810,8287,Mbwana Samatta,4,0.889000015258789,0.5429999923706055,0.40303152799606323,Goal,RightFoot,OpenPlay,h,2025
681544,29810,11795,Yassine Kechta,12,0.870999984741211,0.5209999847412109,0.07372238487005234,Goal,LeftFoot,SetPiece,h,2025
681545,29810,12446,Simon Ebonog,24,0.7719999694824219,0.67,0.025710199028253555,BlockedShot,RightFoot,OpenPlay,h,2025
681546,29810,3701,Gautier Lloris,29,0.8730000305175781,0.485,0.028693679720163345,BlockedShot,Head,FromCorner,h,2025
681548,29810,11790,Rassoul Ndiaye,34,0.81,0.4570000076293945,0.08966967463493347,BlockedShot,RightFoot,OpenPlay,h,2025
681550,29810,11795,Yassine Kechta,36,0.8680000305175781,0.6320000076293946,0.08621197938919067,BlockedShot,LeftFoot,OpenPlay,h,2025
681551,29810,12732,Yanis Zouaoui,36,0.779000015258789,0.6480000305175782,0.024926839396357536,SavedShot,RightFoot,OpenPlay,h,2025
681555,29810,12732,Yanis Zouaoui,51,0.885,0.5,0.7600951194763184,Goal,LeftFoot,Penalty,h,2025
681557,29810,11792,Issa Soumaré,58,0.8119999694824219,0.5770000076293945,0.04837686941027641,BlockedShot,RightFoot,OpenPlay,h,2025
681558,29810,11792,Issa Soumaré,58,0.9230000305175782,0.53,0.5204422473907471,MissedShots,RightFoot,OpenPlay,h,2025
681559,29810,8684,Fodé Doucouré,60,0.92,0.4129999923706055,0.4152556359767914,Goal,RightFoot,OpenPlay,h,2025
681560,29810,11795,Yassine Kechta,77,0.7669999694824219,0.5570000076293945,0.0351649671792984,MissedShots,LeftFoot,OpenPlay,h,2025
681566,29810,1734,Sofiane Boufal,97,0.8569999694824219,0.4979999923706055,0.12977902591228485,BlockedShot,LeftFoot,OpenPlay,h,2025
681543,29810,14431,Giorgi Kvilitaia,8,0.915,0.5429999923706055,0.1766234189271927,Goal,Head,FromCorner,a,2025
681547,29810,5727,Gauthier Hein,31,0.7559999847412109,0.5509999847412109,0.02598675526678562,MissedShots,LeftFoot,OpenPlay,a,2025
681549,29810,13809,Giorgi Tsitaishvili,35,0.759000015258789,0.3089999961853027,0.01872321590781212,MissedShots,LeftFoot,OpenPlay,a,2025
681552,29810,6308,Jessy Deminguet,37,0.775,0.48700000762939455,0.029528943821787834,MissedShots,LeftFoot,OpenPlay,a,2025
681553,29810,5727,Gauthier Hein,40,0.8490000152587891,0.3609999847412109,0.053152214735746384,BlockedShot,LeftFoot,OpenPlay,a,2025
681554,29810,5727,Gauthier Hein,49,0.885,0.5,0.7600951194763184,Goal,LeftFoot,Penalty,a,2025
681556,29810,14532,Jahyann Pandore,53,0.9619999694824218,0.40900001525878904,0.33833765983581543,Goal,RightFoot,OpenPlay,a,2025
681561,29810,5727,Gauthier Hein,84,0.8930000305175781,0.54,0.244950532913208,Goal,Head,OpenPlay,a,2025
681562,29810,14407,Nathan Mbala,87,0.785,0.34900001525878904,0.01455056481063366,MissedShots,LeftFoot,FromCorner,a,2025
681563,29810,5727,Gauthier Hein,92,0.8130000305175781,0.46099998474121096,0.15446501970291138,BlockedShot,LeftFoot,DirectFreekick,a,2025
681564,29810,3393,Bouna Sarr,92,0.9269999694824219,0.28899999618530275,0.03159807249903679,MissedShots,RightFoot,SetPiece,a,2025
681565,29810,13813,Giorgi Abuashvili,93,0.8430000305175781,0.6719999694824219,0.0390784777700901,SavedShot,RightFoot,OpenPlay,a,2025
681630,29814,1209,Ciro Immobile,5,0.894000015258789,0.5,0.09405934810638428,MissedShots,RightFoot,OpenPlay,h,2025
681633,29814,9563,Mamadou Mbow,15,0.8859999847412109,0.515,0.015960780903697014,SavedShot,Head,FromCorner,h,2025
681639,29814,5661,Jonathan Ikone,69,0.875,0.28,0.032869987189769745,MissedShots,LeftFoot,OpenPlay,h,2025
681640,29814,9656,Ilan Kebbal,73,0.885,0.5,0.7600951194763184,ShotOnPost,LeftFoot,Penalty,h,2025
681641,29814,10620,Luca Koleosho,73,0.8519999694824218,0.5420000076293945,0.317457377910614,SavedShot,RightFoot,SetPiece,h,2025
681642,29814,13801,Alimami Gory,75,0.875,0.53,0.127521350979805,BlockedShot,RightFoot,OpenPlay,h,2025
681644,29814,9563,Mamadou Mbow,87,0.8809999847412109,0.5220000076293946,0.01756107434630394,BlockedShot,Head,SetPiece,h,2025
681629,29814,11757,Hákon Haraldsson,4,0.8019999694824219,0.43900001525878907,0.04075726121664047,SavedShot,LeftFoot,OpenPlay,a,2025
681631,29814,11757,Hákon Haraldsson,7,0.9480000305175781,0.37400001525878906,0.025529855862259865,BlockedShot,Head,FromCorner,a,2025
681632,29814,6500,Romain Perraud,13,0.8140000152587891,0.534000015258789,0.15798646211624146,MissedShots,LeftFoot,DirectFreekick,a,2025
681634,29814,13051,Matias Fernandez-Pardo,25,0.885,0.5,0.7600951194763184,Goal,RightFoot,Penalty,a,2025
681635,29814,13051,Matias Fernandez-Pardo,50,0.9569999694824218,0.36,0.11663467437028885,BlockedShot,LeftFoot,OpenPlay,a,2025
681636,29814,5680,Thomas Meunier,51,0.7559999847412109,0.5259999847412109,0.03271055221557617,MissedShots,RightFoot,OpenPlay,a,2025
681637,29814,3223,Benjamin André,53,0.919000015258789,0.47700000762939454,0.04505402594804764,SavedShot,Head,FromCorner,a,2025
681638,29814,13051,Matias Fernandez-Pardo,66,0.8640000152587891,0.56,0.1941918134689331,ShotOnPost,LeftFoot,OpenPlay,a,2025
681643,29814,3223,Benjamin André,78,0.9540000152587891,0.5729999923706055,0.3531741797924042,SavedShot,Head,SetPiece,a,2025
681645,29814,6500,Romain Perraud,91,0.8059999847412109,0.5279999923706055,0.033860307186841965,BlockedShot,RightFoot,OpenPlay,a,2025
681591,29815,12850,Esteban Lepaul,7,0.885,0.5,0.7600294947624207,Goal,RightFoot,Penalty,h,2025
681593,29815,6452,Mahdi Camara,20,0.7119999694824218,0.519000015258789,0.019483892247080803,MissedShots,RightFoot,OpenPlay,h,2025
681594,29815,12850,Esteban Lepaul,25,0.879000015258789,0.43,0.04853851720690727,MissedShots,Head,OpenPlay,h,2025
681600,29815,5356,Breel Embolo,35,0.8859999847412109,0.519000015258789,0.043314989656209946,BlockedShot,Head,FromCorner,h,2025
681601,29815,13329,Abdelhamid Aït Boudlal,35,0.9219999694824219,0.5070000076293946,0.3389938771724701,SavedShot,Head,FromCorner,h,2025
681602,29815,12850,Esteban Lepaul,39,0.7130000305175781,0.7,0.019179239869117737,MissedShots,RightFoot,OpenPlay,h,2025
681607,29815,8677,Lilian Brassier,47,0.730999984741211,0.5579999923706055,0.014307730831205845,SavedShot,LeftFoot,OpenPlay,h,2025
681608,29815,11782,Mousa Al Tamari,53,0.8419999694824218,0.6669999694824219,0.047671541571617126,BlockedShot,LeftFoot,OpenPlay,h,2025
681615,29815,12850,Esteban Lepaul,75,0.9640000152587891,0.30100000381469727,0.045769259333610535,BlockedShot,RightFoot,OpenPlay,h,2025
681619,29815,14459,Yassir Zabiri,83,0.79,0.5829999923706055,0.03411760926246643,SavedShot,LeftFoot,OpenPlay,h,2025
681620,29815,14459,Yassir Zabiri,83,0.8930000305175781,0.49900001525878906,0.09399279952049255,MissedShots,RightFoot,OpenPlay,h,2025
681621,29815,11782,Mousa Al Tamari,84,0.8090000152587891,0.3240000152587891,0.030863212421536446,BlockedShot,LeftFoot,OpenPlay,h,2025
681622,29815,12159,Mahamadou Nagida,89,0.7809999847412109,0.40099998474121096,0.030088020488619804,BlockedShot,LeftFoot,OpenPlay,h,2025
681623,29815,3673,Valentin Rongier,91,0.8419999694824218,0.3290000152587891,0.029659636318683624,Goal,LeftFoot,FromCorner,h,2025
681592,29815,6007,Nicolas Cozza,15,0.884000015258789,0.5559999847412109,0.032253820449113846,SavedShot,Head,FromCorner,a,2025
681595,29815,6904,Ibrahima Sissoko,28,0.774000015258789,0.4,0.025015730410814285,MissedShots,RightFoot,OpenPlay,a,2025
681596,29815,10702,Johann Lepenant,28,0.8730000305175781,0.4179999923706055,0.067610003054142,BlockedShot,RightFoot,OpenPlay,a,2025
681597,29815,3253,Frederic Guilbert,29,0.8869999694824219,0.5879999923706055,0.023733384907245636,SavedShot,Head,FromCorner,a,2025
681598,29815,3253,Frederic Guilbert,30,0.9259999847412109,0.5329999923706055,0.10906977206468582,MissedShots,Head,FromCorner,a,2025
681599,29815,6007,Nicolas Cozza,30,0.9790000152587891,0.45799999237060546,0.7715152502059937,MissedShots,LeftFoot,FromCorner,a,2025
681603,29815,6238,Ignatius Ganago,39,0.7780000305175782,0.534000015258789,0.017527949064970016,Goal,RightFoot,OpenPlay,a,2025
681604,29815,9490,Matthis Abline,41,0.894000015258789,0.34900001525878904,0.08201397210359573,SavedShot,RightFoot,OpenPlay,a,2025
681605,29815,6238,Ignatius Ganago,41,0.9490000152587891,0.6090000152587891,0.3492610454559326,MissedShots,LeftFoot,OpenPlay,a,2025
681606,29815,14432,Ali Youssif,46,0.9069999694824219,0.565,0.0181453637778759,BlockedShot,Head,FromCorner,a,2025
681609,29815,11946,Mohamed Kaba,54,0.775,0.6179999923706054,0.017087027430534363,SavedShot,LeftFoot,SetPiece,a,2025
681610,29815,3253,Frederic Guilbert,64,0.9480000305175781,0.6869999694824219,0.0557316318154335,BlockedShot,RightFoot,SetPiece,a,2025
681611,29815,11946,Mohamed Kaba,64,0.89,0.5620000076293945,0.10188967734575272,BlockedShot,LeftFoot,SetPiece,a,2025
681612,29815,11946,Mohamed Kaba,66,0.9230000305175782,0.47099998474121096,0.36741480231285095,SavedShot,Head,OpenPlay,a,2025
681613,29815,6238,Ignatius Ganago,70,0.87,0.5459999847412109,0.08088592439889908,BlockedShot,LeftFoot,OpenPlay,a,2025
681614,29815,9632,Deiver Machado,74,0.9369999694824219,0.7030000305175781,0.0466037392616272,BlockedShot,LeftFoot,OpenPlay,a,2025
681616,29815,12387,Dehmaine Assoumani,77,0.85,0.31799999237060544,0.04183243587613106,BlockedShot,LeftFoot,OpenPlay,a,2025
681617,29815,6238,Ignatius Ganago,77,0.935,0.5829999923706055,0.026033436879515648,MissedShots,Head,FromCorner,a,2025
681618,29815,9490,Matthis Abline,82,0.8369999694824218,0.485,0.08603227883577347,MissedShots,RightFoot,OpenPlay,a,2025
681624,29815,12844,Bahereba Guirassy,93,0.845999984741211,0.53,0.05940599367022514,BlockedShot,RightFoot,OpenPlay,a,2025
681625,29815,10831,Mostafa Mohamed,94,0.855,0.63,0.05015738680958748,SavedShot,RightFoot,SetPiece,a,2025
681626,29815,14432,Ali Youssif,98,0.8390000152587891,0.3110000038146973,0.033859893679618835,BlockedShot,RightFoot,OpenPlay,a,2025
681627,29815,12387,Dehmaine Assoumani,98,0.870999984741211,0.505,0.07869387418031693,BlockedShot,RightFoot,FromCorner,a,2025
681628,29815,3269,Anthony Lopes,98,0.9,0.5320000076293945,0.10344116389751434,BlockedShot,RightFoot,OpenPlay,a,2025
681722,29813,12392,Arthur Vermeeren,4,0.9569999694824218,0.5790000152587891,0.3324551582336426,SavedShot,Head,OpenPlay,h,2025
681723,29813,343,Pierre-Emile Højbjerg,7,0.7930000305175782,0.42700000762939455,0.036457788199186325,BlockedShot,RightFoot,OpenPlay,h,2025
681724,29813,7486,Leonardo Balerdi,12,0.9119999694824219,0.5129999923706055,0.11263907700777054,MissedShots,RightFoot,FromCorner,h,2025
681725,29813,7486,Leonardo Balerdi,17,0.71,0.3990000152587891,0.015580493025481701,MissedShots,RightFoot,OpenPlay,h,2025
681726,29813,7486,Leonardo Balerdi,26,0.9290000152587891,0.43400001525878906,0.3483596742153168,SavedShot,Head,SetPiece,h,2025
681727,29813,318,Pierre-Emerick Aubameyang,27,0.914000015258789,0.7090000152587891,0.04522015154361725,SavedShot,LeftFoot,FromCorner,h,2025
681728,29813,6601,Timothy Weah,31,0.7569999694824219,0.3679999923706055,0.01633967086672783,MissedShots,RightFoot,OpenPlay,h,2025
681729,29813,14499,Tochukwu Nnadi,32,0.92,0.5890000152587891,0.03004731610417366,MissedShots,Head,OpenPlay,h,2025
681730,29813,7486,Leonardo Balerdi,36,0.9169999694824219,0.49700000762939456,0.05075664445757866,MissedShots,Head,FromCorner,h,2025
681732,29813,318,Pierre-Emerick Aubameyang,47,0.915,0.4909999847412109,0.32688018679618835,MissedShots,Head,OpenPlay,h,2025
681733,29813,14499,Tochukwu Nnadi,49,0.8769999694824219,0.415,0.10142304748296738,BlockedShot,RightFoot,OpenPlay,h,2025
681734,29813,7486,Leonardo Balerdi,50,0.9290000152587891,0.49700000762939456,0.11966859549283981,MissedShots,Head,FromCorner,h,2025
681736,29813,343,Pierre-Emile Højbjerg,61,0.9159999847412109,0.5309999847412109,0.09058579057455063,MissedShots,Head,FromCorner,h,2025
681737,29813,14159,Tadjidine Mmadi,63,0.92,0.715999984741211,0.043501079082489014,MissedShots,RightFoot,OpenPlay,h,2025
681738,29813,343,Pierre-Emile Højbjerg,65,0.8969999694824219,0.54,0.23974290490150452,Goal,Head,OpenPlay,h,2025
681741,29813,6601,Timothy Weah,70,0.7319999694824219,0.36200000762939455,0.020571203902363777,BlockedShot,RightFoot,OpenPlay,h,2025
681743,29813,14577,Nouhoum Kamissoko,89,0.8980000305175782,0.4809999847412109,0.06224507465958595,MissedShots,Head,FromCorner,h,2025
681744,29813,7486,Leonardo Balerdi,89,0.9740000152587891,0.5420000076293945,0.5453137159347534,MissedShots,Head,FromCorner,h,2025
681745,29813,7490,Mason Greenwood,93,0.749000015258789,0.32799999237060545,0.020473843440413475,SavedShot,LeftFoot,OpenPlay,h,2025
681746,29813,7490,Mason Greenwood,94,0.7319999694824219,0.6459999847412109,0.015052877366542816,SavedShot,RightFoot,OpenPlay,h,2025
681747,29813,14159,Tadjidine Mmadi,96,0.9490000152587891,0.6809999847412109,0.06549770385026932,BlockedShot,RightFoot,OpenPlay,h,2025
681748,29813,2225,Gerónimo Rulli,97,0.9059999847412109,0.5279999923706055,0.07281425595283508,MissedShots,Head,FromCorner,h,2025
681749,29813,7486,Leonardo Balerdi,97,0.92,0.49,0.05217278376221657,BlockedShot,Head,FromCorner,h,2025
681750,29813,343,Pierre-Emile Højbjerg,97,0.9019999694824219,0.5229999923706055,0.0985710397362709,BlockedShot,LeftFoot,FromCorner,h,2025
681731,29813,3696,Morgan Sanson,45,0.815,0.38299999237060545,0.03689906746149063,MissedShots,RightFoot,OpenPlay,a,2025
681735,29813,9182,Sepe Elye Wahi,55,0.89,0.2929999923706055,0.05358114838600159,SavedShot,RightFoot,OpenPlay,a,2025
681739,29813,9182,Sepe Elye Wahi,67,0.9540000152587891,0.4909999847412109,0.2319989949464798,BlockedShot,Head,OpenPlay,a,2025
681740,29813,14379,Kail Boudache,69,0.924000015258789,0.45599998474121095,0.3323589563369751,MissedShots,Head,OpenPlay,a,2025
681742,29813,9182,Sepe Elye Wahi,87,0.885,0.5,0.7600951194763184,Goal,RightFoot,Penalty,a,2025
682748,29818,9444,Felix Correia,6,0.84,0.705,0.0338822677731514,MissedShots,RightFoot,OpenPlay,h,2025
682749,29818,12800,Ngal&#039;ayel Mukau,11,0.9,0.2979999923706055,0.024331307038664818,SavedShot,LeftFoot,OpenPlay,h,2025
682750,29818,11757,Hákon Haraldsson,14,0.6909999847412109,0.6359999847412109,0.029149401932954788,ShotOnPost,RightFoot,OpenPlay,h,2025
682751,29818,9444,Felix Correia,20,0.8480000305175781,0.4759999847412109,0.09505047649145126,MissedShots,RightFoot,OpenPlay,h,2025
682752,29818,11757,Hákon Haraldsson,24,0.9009999847412109,0.44799999237060545,0.08629823476076126,BlockedShot,RightFoot,OpenPlay,h,2025
682753,29818,11757,Hákon Haraldsson,26,0.899000015258789,0.555,0.2455672323703766,SavedShot,Head,OpenPlay,h,2025
682754,29818,11757,Hákon Haraldsson,28,0.914000015258789,0.5990000152587891,0.383586585521698,Goal,RightFoot,OpenPlay,h,2025
682756,29818,12800,Ngal&#039;ayel Mukau,33,0.774000015258789,0.3089999961853027,0.02095700427889824,BlockedShot,LeftFoot,OpenPlay,h,2025
682757,29818,13782,Nathan Ngoy,35,0.87,0.49,0.044958487153053284,MissedShots,Head,SetPiece,h,2025
682758,29818,9444,Felix Correia,38,0.85,0.700999984741211,0.037243012338876724,BlockedShot,RightFoot,OpenPlay,h,2025
682759,29818,9444,Felix Correia,40,0.9519999694824218,0.3370000076293945,0.06913192570209503,SavedShot,RightFoot,OpenPlay,h,2025
682761,29818,11757,Hákon Haraldsson,46,0.8040000152587891,0.4909999847412109,0.04679763317108154,SavedShot,LeftFoot,OpenPlay,h,2025
682762,29818,13782,Nathan Ngoy,51,0.9359999847412109,0.3890000152587891,0.03928762301802635,BlockedShot,Head,FromCorner,h,2025
682763,29818,13782,Nathan Ngoy,52,0.875999984741211,0.35400001525878905,0.04864375293254852,SavedShot,LeftFoot,FromCorner,h,2025
682764,29818,13051,Matias Fernandez-Pardo,57,0.8980000305175782,0.5120000076293946,0.4517243802547455,MissedShots,RightFoot,OpenPlay,h,2025
682765,29818,6500,Romain Perraud,67,0.775,0.38599998474121094,0.019318530336022377,BlockedShot,LeftFoot,FromCorner,h,2025
682766,29818,3237,Aissa Mandi,68,0.9369999694824219,0.6279999923706054,0.02424752712249756,SavedShot,Head,FromCorner,h,2025
682767,29818,14048,Calvin Verdonk,75,0.749000015258789,0.6909999847412109,0.018839316442608833,SavedShot,LeftFoot,OpenPlay,h,2025
682768,29818,11756,Tiago Santos,88,0.8069999694824219,0.46,0.04893556237220764,BlockedShot,LeftFoot,OpenPlay,h,2025
682769,29818,3237,Aissa Mandi,90,0.8869999694824219,0.6730000305175782,0.03527000546455383,SavedShot,RightFoot,FromCorner,h,2025
682770,29818,3285,Gaetan Perrin,92,0.850999984741211,0.46299999237060546,0.06309954822063446,SavedShot,RightFoot,OpenPlay,h,2025
682771,29818,3237,Aissa Mandi,93,0.9069999694824219,0.5740000152587891,0.04997707158327103,MissedShots,Head,FromCorner,h,2025
682755,29818,11792,Issa Soumaré,32,0.9019999694824219,0.524000015258789,0.2715741693973541,Goal,Head,OpenPlay,a,2025
682760,29818,8287,Mbwana Samatta,44,0.9,0.6819999694824219,0.06268195062875748,SavedShot,RightFoot,OpenPlay,a,2025
682722,29820,5727,Gauthier Hein,27,0.89,0.35200000762939454,0.06081115081906319,BlockedShot,LeftFoot,OpenPlay,h,2025
682724,29820,6308,Jessy Deminguet,28,0.915,0.5170000076293946,0.13025465607643127,MissedShots,Head,OpenPlay,h,2025
682725,29820,5727,Gauthier Hein,29,0.86,0.33,0.04515997692942619,MissedShots,LeftFoot,OpenPlay,h,2025
682727,29820,14407,Nathan Mbala,38,0.7340000152587891,0.27600000381469725,0.012871745973825455,MissedShots,LeftFoot,SetPiece,h,2025
682731,29820,3393,Bouna Sarr,44,0.865999984741211,0.4490000152587891,0.05935962498188019,MissedShots,LeftFoot,OpenPlay,h,2025
682732,29820,6308,Jessy Deminguet,48,0.9230000305175782,0.39299999237060546,0.05396371707320213,Goal,Head,SetPiece,h,2025
682735,29820,14407,Nathan Mbala,52,0.879000015258789,0.67,0.09568875283002853,MissedShots,LeftFoot,OpenPlay,h,2025
682740,29820,3290,Benjamin Stambouli,71,0.8330000305175781,0.4809999847412109,0.07156690210103989,MissedShots,RightFoot,OpenPlay,h,2025
682741,29820,5727,Gauthier Hein,79,0.9180000305175782,0.495,0.3725614547729492,ShotOnPost,Head,OpenPlay,h,2025
682743,29820,3393,Bouna Sarr,88,0.76,0.4929999923706055,0.027152545750141144,BlockedShot,LeftFoot,OpenPlay,h,2025
682744,29820,13999,Terry Yegbe,88,0.9209999847412109,0.519000015258789,0.105510413646698,MissedShots,Head,FromCorner,h,2025
682746,29820,3393,Bouna Sarr,92,0.9119999694824219,0.4909999847412109,0.09676562249660492,MissedShots,RightFoot,OpenPlay,h,2025
682747,29820,13809,Giorgi Tsitaishvili,95,0.7369999694824219,0.36200000762939455,0.016136927530169487,MissedShots,LeftFoot,OpenPlay,h,2025
682720,29820,11710,Simon Adingra,5,0.850999984741211,0.6580000305175782,0.049423541873693466,BlockedShot,LeftFoot,OpenPlay,a,2025
682721,29820,1740,Paul Pogba,19,0.725,0.6320000076293946,0.014502574689686298,MissedShots,RightFoot,OpenPlay,a,2025
682723,29820,10058,Maghnes Akliouche,27,0.8419999694824218,0.47900001525878905,0.14177551865577698,MissedShots,LeftFoot,OpenPlay,a,2025
682726,29820,2897,Aleksandr Golovin,31,0.7709999847412109,0.63,0.022258268669247627,BlockedShot,RightFoot,OpenPlay,a,2025
682728,29820,1740,Paul Pogba,39,0.9059999847412109,0.47400001525878904,0.0804813951253891,BlockedShot,Head,FromCorner,a,2025
682729,29820,2897,Aleksandr Golovin,39,0.9080000305175782,0.4520000076293945,0.13154011964797974,BlockedShot,RightFoot,OpenPlay,a,2025
682730,29820,6147,Denis Zakaria,40,0.7680000305175781,0.3390000152587891,0.0150291183963418,BlockedShot,RightFoot,OpenPlay,a,2025
682733,29820,10058,Maghnes Akliouche,50,0.775,0.509000015258789,0.028423335403203964,SavedShot,LeftFoot,OpenPlay,a,2025
682734,29820,6147,Denis Zakaria,50,0.9590000152587891,0.43599998474121093,0.37500473856925964,MissedShots,Head,FromCorner,a,2025
682736,29820,2897,Aleksandr Golovin,56,0.7880000305175782,0.595,0.02320014126598835,MissedShots,RightFoot,FromCorner,a,2025
682737,29820,9690,Folarin Balogun,60,0.8569999694824219,0.620999984741211,0.06009364500641823,Goal,RightFoot,OpenPlay,a,2025
682738,29820,9690,Folarin Balogun,65,0.8169999694824219,0.4620000076293945,0.05946113169193268,MissedShots,LeftFoot,OpenPlay,a,2025
682739,29820,12285,Mamadou Coulibaly,69,0.909000015258789,0.35,0.06742030382156372,MissedShots,LeftFoot,OpenPlay,a,2025
682742,29820,2674,Thilo Kehrer,83,0.9119999694824219,0.4640000152587891,0.08085738867521286,MissedShots,Head,FromCorner,a,2025
682745,29820,7967,Anssumane Fati,90,0.909000015258789,0.56,0.4412910044193268,Goal,LeftFoot,OpenPlay,a,2025
682772,29821,6904,Ibrahima Sissoko,3,0.784000015258789,0.769000015258789,0.01453851256519556,MissedShots,RightFoot,OpenPlay,h,2025
682775,29821,9490,Matthis Abline,19,0.9840000152587891,0.504000015258789,0.7569003701210022,BlockedShot,RightFoot,OpenPlay,h,2025
682776,29821,3390,Rémy Cabella,31,0.7930000305175782,0.425,0.10765575617551804,MissedShots,RightFoot,DirectFreekick,h,2025
682777,29821,3390,Rémy Cabella,32,0.9080000305175782,0.4420000076293945,0.4226575791835785,SavedShot,RightFoot,OpenPlay,h,2025
682778,29821,11946,Mohamed Kaba,35,0.8719999694824219,0.42700000762939455,0.4282933175563812,SavedShot,RightFoot,OpenPlay,h,2025
682779,29821,9490,Matthis Abline,36,0.79,0.395,0.027959682047367096,MissedShots,RightFoot,FromCorner,h,2025
682780,29821,3253,Frederic Guilbert,36,0.7719999694824219,0.2539999961853027,0.016354890540242195,MissedShots,RightFoot,FromCorner,h,2025
682782,29821,6238,Ignatius Ganago,39,0.9119999694824219,0.3870000076293945,0.07287228107452393,MissedShots,RightFoot,SetPiece,h,2025
682784,29821,6238,Ignatius Ganago,45,0.924000015258789,0.685,0.06102846562862396,BlockedShot,RightFoot,OpenPlay,h,2025
682785,29821,6017,Chidozie Awaziem,46,0.9019999694824219,0.585,0.08345761895179749,BlockedShot,LeftFoot,FromCorner,h,2025
682788,29821,6238,Ignatius Ganago,49,0.8730000305175781,0.425,0.09537152945995331,Goal,RightFoot,OpenPlay,h,2025
682789,29821,3390,Rémy Cabella,53,0.894000015258789,0.5709999847412109,0.4031796157360077,Goal,RightFoot,OpenPlay,h,2025
682790,29821,9490,Matthis Abline,57,0.9,0.47,0.304120808839798,Goal,RightFoot,OpenPlay,h,2025
682791,29821,6007,Nicolas Cozza,62,0.8869999694824219,0.534000015258789,0.04264402016997337,BlockedShot,Head,FromCorner,h,2025
682792,29821,6007,Nicolas Cozza,62,0.865,0.5029999923706054,0.08254437893629074,BlockedShot,LeftFoot,FromCorner,h,2025
682793,29821,6017,Chidozie Awaziem,63,0.909000015258789,0.4540000152587891,0.07039011269807816,BlockedShot,Head,FromCorner,h,2025
682799,29821,12846,Louis Leroux,74,0.9309999847412109,0.6580000305175782,0.08578602969646454,MissedShots,LeftFoot,OpenPlay,h,2025
682773,29821,7490,Mason Greenwood,13,0.8040000152587891,0.5970000076293945,0.04394865408539772,MissedShots,LeftFoot,OpenPlay,a,2025
682774,29821,7490,Mason Greenwood,18,0.7230000305175781,0.5970000076293945,0.045992057770490646,BlockedShot,RightFoot,DirectFreekick,a,2025
682781,29821,6986,Hamed Junior Traore,37,0.9059999847412109,0.30700000762939456,0.03951583430171013,BlockedShot,RightFoot,FromCorner,a,2025
682783,29821,318,Pierre-Emerick Aubameyang,40,0.884000015258789,0.5659999847412109,0.3637515902519226,SavedShot,LeftFoot,OpenPlay,a,2025
682786,29821,7490,Mason Greenwood,47,0.8909999847412109,0.6120000076293945,0.12177601456642151,BlockedShot,RightFoot,OpenPlay,a,2025
682787,29821,14511,Ange Lago,47,0.97,0.4229999923706055,0.5020850896835327,SavedShot,RightFoot,OpenPlay,a,2025
682794,29821,6401,Amine Gouiri,65,0.8580000305175781,0.39099998474121095,0.08248978108167648,SavedShot,RightFoot,OpenPlay,a,2025
682795,29821,343,Pierre-Emile Højbjerg,66,0.9019999694824219,0.5109999847412109,0.024621201679110527,MissedShots,Head,FromCorner,a,2025
682796,29821,14010,Igor Paixão,67,0.8590000152587891,0.7030000305175781,0.040767379105091095,SavedShot,RightFoot,OpenPlay,a,2025
682797,29821,14010,Igor Paixão,71,0.8769999694824219,0.6969999694824218,0.05090576782822609,BlockedShot,RightFoot,OpenPlay,a,2025
682798,29821,7490,Mason Greenwood,72,0.720999984741211,0.495,0.014399496838450432,MissedShots,RightFoot,FromCorner,a,2025
682800,29821,14010,Igor Paixão,77,0.8030000305175782,0.7180000305175781,0.022181648761034012,MissedShots,RightFoot,OpenPlay,a,2025
682801,29821,14511,Ange Lago,81,0.8869999694824219,0.5829999923706055,0.03625278174877167,SavedShot,Head,OpenPlay,a,2025
682802,29821,7490,Mason Greenwood,84,0.8859999847412109,0.5320000076293945,0.11643800884485245,SavedShot,RightFoot,OpenPlay,a,2025
682803,29821,7490,Mason Greenwood,88,0.7190000152587891,0.5820000076293945,0.011110014282166958,SavedShot,RightFoot,OpenPlay,a,2025
682804,29821,6986,Hamed Junior Traore,90,0.9459999847412109,0.30100000381469727,0.035403065383434296,SavedShot,RightFoot,OpenPlay,a,2025
682809,29822,8685,Mohamed Ali-Cho,10,0.874000015258789,0.37,0.07197114080190659,BlockedShot,RightFoot,OpenPlay,h,2025
682812,29822,13100,Juma Bah,16,0.93,0.53,0.36488521099090576,SavedShot,Head,FromCorner,h,2025
682813,29822,6846,Sofiane Diop,18,0.855,0.4520000076293945,0.12907622754573822,BlockedShot,RightFoot,OpenPlay,h,2025
682814,29822,14379,Kail Boudache,18,0.799000015258789,0.3870000076293945,0.02629476971924305,BlockedShot,LeftFoot,OpenPlay,h,2025
682818,29822,8685,Mohamed Ali-Cho,45,0.965999984741211,0.28899999618530275,0.04260451719164848,MissedShots,RightFoot,OpenPlay,h,2025
682826,29822,13070,Ali Abdi,74,0.915,0.6809999847412109,0.0564931221306324,BlockedShot,LeftFoot,OpenPlay,h,2025
682827,29822,6846,Sofiane Diop,83,0.8159999847412109,0.535,0.16230285167694092,BlockedShot,RightFoot,DirectFreekick,h,2025
682828,29822,13070,Ali Abdi,83,0.9580000305175781,0.5829999923706055,0.5086907148361206,Goal,LeftFoot,SetPiece,h,2025
682829,29822,8768,Kevin Omoruyi,94,0.9119999694824219,0.37200000762939456,0.06227516755461693,MissedShots,RightFoot,OpenPlay,h,2025
682805,29822,13917,Mamadou Sangaré,3,0.8440000152587891,0.5790000152587891,0.07667237520217896,MissedShots,LeftFoot,OpenPlay,a,2025
682806,29822,3697,Odsonne Edouard,3,0.914000015258789,0.4209999847412109,0.3876584470272064,SavedShot,RightFoot,OpenPlay,a,2025
682807,29822,13917,Mamadou Sangaré,5,0.8059999847412109,0.485,0.050933074206113815,BlockedShot,RightFoot,OpenPlay,a,2025
682808,29822,13732,Samson Baidoo,5,0.9209999847412109,0.600999984741211,0.015548912808299065,BlockedShot,Head,FromCorner,a,2025
682810,29822,11142,Pierre Ganiou,14,0.8030000305175782,0.48900001525878906,0.04990801960229874,BlockedShot,LeftFoot,OpenPlay,a,2025
682811,29822,101,Allan Saint-Maximin,14,0.8209999847412109,0.634000015258789,0.03505333885550499,MissedShots,RightFoot,FromCorner,a,2025
682815,29822,13917,Mamadou Sangaré,21,0.7880000305175782,0.3870000076293945,0.0298566073179245,MissedShots,LeftFoot,OpenPlay,a,2025
682816,29822,11142,Pierre Ganiou,29,0.8919999694824219,0.5320000076293945,0.016916586086153984,SavedShot,Head,FromCorner,a,2025
682817,29822,3697,Odsonne Edouard,39,0.759000015258789,0.6919999694824219,0.01191726140677929,SavedShot,RightFoot,OpenPlay,a,2025
682819,29822,101,Allan Saint-Maximin,46,0.6940000152587891,0.6669999694824219,0.014260966330766678,BlockedShot,RightFoot,OpenPlay,a,2025
682820,29822,101,Allan Saint-Maximin,46,0.855,0.6170000076293946,0.04823499545454979,BlockedShot,RightFoot,FromCorner,a,2025
682821,29822,101,Allan Saint-Maximin,53,0.7630000305175781,0.6519999694824219,0.023784974589943886,MissedShots,RightFoot,OpenPlay,a,2025
682822,29822,101,Allan Saint-Maximin,59,0.7930000305175782,0.6519999694824219,0.38606831431388855,Goal,LeftFoot,OpenPlay,a,2025
682823,29822,5648,Malang Sarr,69,0.71,0.47200000762939454,0.007852337323129177,BlockedShot,LeftFoot,FromCorner,a,2025
682824,29822,942,Florian Thauvin,70,0.7369999694824219,0.3270000076293945,0.020154884085059166,ShotOnPost,LeftFoot,OpenPlay,a,2025
682825,29822,101,Allan Saint-Maximin,73,0.9059999847412109,0.5540000152587891,0.4073115885257721,MissedShots,Head,OpenPlay,a,2025
682691,29824,12733,Ibrahim Mbaye,5,0.965,0.48,0.6893725395202637,Goal,OtherBodyPart,OpenPlay,h,2025
682694,29824,12345,Senny Mayulu,19,0.8580000305175781,0.3629999923706055,0.03625328093767166,MissedShots,RightFoot,FromCorner,h,2025
682695,29824,10016,Bradley Barcola,23,0.8430000305175781,0.720999984741211,0.030379237607121468,MissedShots,RightFoot,OpenPlay,h,2025
682696,29824,10431,Désiré Doué,27,0.875,0.5420000076293945,0.1444500982761383,MissedShots,LeftFoot,OpenPlay,h,2025
682697,29824,12345,Senny Mayulu,33,0.85,0.40299999237060546,0.026325536891818047,SavedShot,RightFoot,FromCorner,h,2025
682698,29824,2276,Lucas Hernández,33,0.9169999694824219,0.5220000076293946,0.04273207485675812,ShotOnPost,Head,FromCorner,h,2025
682699,29824,7313,Lee Kang-In,38,0.8159999847412109,0.5170000076293946,0.06552248448133469,SavedShot,RightFoot,OpenPlay,h,2025
682700,29824,2447,Fabián,43,0.799000015258789,0.5109999847412109,0.03747674822807312,MissedShots,LeftFoot,FromCorner,h,2025
682701,29824,10431,Désiré Doué,45,0.7969999694824219,0.7090000152587891,0.023527290672063828,BlockedShot,RightFoot,OpenPlay,h,2025
682703,29824,10431,Désiré Doué,50,0.7330000305175781,0.7119999694824218,0.03789016604423523,MissedShots,RightFoot,DirectFreekick,h,2025
682704,29824,12345,Senny Mayulu,52,0.8180000305175781,0.4620000076293945,0.040573086589574814,MissedShots,LeftFoot,FromCorner,h,2025
682705,29824,10431,Désiré Doué,53,0.8780000305175781,0.685,0.05542445927858353,SavedShot,RightFoot,OpenPlay,h,2025
682706,29824,12733,Ibrahim Mbaye,56,0.9459999847412109,0.624000015258789,0.11632540076971054,BlockedShot,LeftFoot,OpenPlay,h,2025
682707,29824,10786,Warren Zaïre-Emery,61,0.7559999847412109,0.415,0.02101401425898075,Goal,RightFoot,SetPiece,h,2025
682708,29824,7313,Lee Kang-In,70,0.855,0.45799999237060546,0.11106439679861069,BlockedShot,LeftFoot,OpenPlay,h,2025
682710,29824,14597,Pierre Mounguengue,80,0.955,0.52,0.5557829141616821,SavedShot,LeftFoot,OpenPlay,h,2025
682711,29824,14597,Pierre Mounguengue,80,0.909000015258789,0.5259999847412109,0.1354978382587433,BlockedShot,RightFoot,OpenPlay,h,2025
682713,29824,2276,Lucas Hernández,84,0.914000015258789,0.6090000152587891,0.024335632100701332,BlockedShot,Head,OpenPlay,h,2025
682714,29824,2276,Lucas Hernández,84,0.945,0.575999984741211,0.3051568269729614,ShotOnPost,Head,FromCorner,h,2025
682715,29824,10016,Bradley Barcola,85,0.7719999694824219,0.710999984741211,0.02215767651796341,BlockedShot,RightFoot,OpenPlay,h,2025
682716,29824,12734,João Neves,87,0.8030000305175782,0.66,0.08748997002840042,BlockedShot,RightFoot,DirectFreekick,h,2025
682717,29824,12345,Senny Mayulu,87,0.97,0.6170000076293946,0.33539915084838867,ShotOnPost,LeftFoot,SetPiece,h,2025
682718,29824,10016,Bradley Barcola,89,0.8469999694824218,0.5070000076293946,0.1255590319633484,BlockedShot,RightFoot,OpenPlay,h,2025
682719,29824,13749,Dro Fernández,89,0.769000015258789,0.595,0.019080862402915955,MissedShots,RightFoot,FromCorner,h,2025
682692,29824,9873,Montassar Talbi,9,0.8219999694824218,0.5279999923706055,0.04952789098024368,MissedShots,RightFoot,FromCorner,a,2025
682693,29824,10347,Pablo Pagis,11,0.8980000305175782,0.5229999923706055,0.340984582901001,Goal,LeftFoot,OpenPlay,a,2025
682702,29824,9873,Montassar Talbi,47,0.924000015258789,0.505,0.13376301527023315,MissedShots,Head,SetPiece,a,2025
682709,29824,12049,Aiyegun Tosin,77,0.8640000152587891,0.5459999847412109,0.39047303795814514,Goal,RightFoot,OpenPlay,a,2025
682712,29824,12049,Aiyegun Tosin,82,0.8930000305175781,0.3990000152587891,0.3626262843608856,SavedShot,RightFoot,OpenPlay,a,2025
682935,29817,10815,Lassine Sinayoko,11,0.8390000152587891,0.4520000076293945,0.09664794057607651,SavedShot,LeftFoot,OpenPlay,h,2025
682936,29817,8970,Sékou Mara,11,0.9669999694824218,0.5729999923706055,0.5345339179039001,Goal,LeftFoot,OpenPlay,h,2025
682937,29817,6333,Elisha Owusu,16,0.7630000305175781,0.4640000152587891,0.031976666301488876,MissedShots,RightFoot,OpenPlay,h,2025
682939,29817,10815,Lassine Sinayoko,20,0.774000015258789,0.6129999923706054,0.027454137802124023,MissedShots,LeftFoot,OpenPlay,h,2025
682940,29817,8970,Sékou Mara,26,0.8419999694824218,0.625999984741211,0.09363038092851639,MissedShots,RightFoot,OpenPlay,h,2025
682941,29817,13793,Lamine Sy,29,0.874000015258789,0.28200000762939453,0.07029519975185394,BlockedShot,LeftFoot,OpenPlay,h,2025
682942,29817,8970,Sékou Mara,32,0.884000015258789,0.5570000076293945,0.08906100690364838,SavedShot,RightFoot,OpenPlay,h,2025
682943,29817,8703,Sinaly Diomande,35,0.8980000305175782,0.39799999237060546,0.17371536791324615,SavedShot,Head,FromCorner,h,2025
682945,29817,9274,Naouirou Ahamada,37,0.87,0.7,0.06045161932706833,SavedShot,RightFoot,OpenPlay,h,2025
682946,29817,10815,Lassine Sinayoko,42,0.8680000305175781,0.37099998474121093,0.1068725734949112,BlockedShot,LeftFoot,OpenPlay,h,2025
682947,29817,10815,Lassine Sinayoko,42,0.9180000305175782,0.3890000152587891,0.037439558655023575,SavedShot,OtherBodyPart,FromCorner,h,2025
682948,29817,13888,Danny Namaso,44,0.89,0.605,0.07992660254240036,MissedShots,RightFoot,OpenPlay,h,2025
682950,29817,13888,Danny Namaso,51,0.8240000152587891,0.34,0.05058832839131355,MissedShots,RightFoot,OpenPlay,h,2025
682952,29817,8970,Sékou Mara,60,0.905,0.4779999923706055,0.46820804476737976,Goal,RightFoot,OpenPlay,h,2025
682953,29817,13793,Lamine Sy,63,0.745999984741211,0.35200000762939454,0.025012142956256866,SavedShot,RightFoot,OpenPlay,h,2025
682954,29817,10815,Lassine Sinayoko,66,0.9030000305175782,0.5559999847412109,0.4762999713420868,Goal,RightFoot,OpenPlay,h,2025
682958,29817,11789,Josué Casimir,80,0.7119999694824218,0.624000015258789,0.01985260657966137,SavedShot,RightFoot,OpenPlay,h,2025
682959,29817,13793,Lamine Sy,81,0.92,0.33,0.10369570553302765,BlockedShot,RightFoot,OpenPlay,h,2025
682960,29817,10815,Lassine Sinayoko,88,0.89,0.6969999694824218,0.05589856207370758,MissedShots,LeftFoot,OpenPlay,h,2025
682938,29817,3495,Pierrick Capelle,19,0.9169999694824219,0.5029999923706054,0.32208624482154846,MissedShots,Head,OpenPlay,a,2025
682944,29817,14131,Amine Sbaï,36,0.8480000305175781,0.629000015258789,0.02100967988371849,SavedShot,RightFoot,FromCorner,a,2025
682949,29817,10790,Branco van den Boomen,50,0.885,0.5,0.7600951194763184,SavedShot,RightFoot,Penalty,a,2025
682951,29817,11016,Ousmane Camara,55,0.89,0.504000015258789,0.05159786716103554,MissedShots,Head,FromCorner,a,2025
682955,29817,11016,Ousmane Camara,69,0.925,0.519000015258789,0.11119098216295242,MissedShots,Head,FromCorner,a,2025
682956,29817,6895,Jordan Lefort,73,0.889000015258789,0.6769999694824219,0.04806465283036232,BlockedShot,RightFoot,SetPiece,a,2025
682957,29817,13335,Goduine Koyalipou,76,0.885,0.5,0.7600951194763184,Goal,RightFoot,Penalty,a,2025
682961,29817,10243,Jacques Ekomie,90,0.9319999694824219,0.4229999923706055,0.0778464749455452,MissedShots,Head,FromCorner,a,2025
682962,29817,11016,Ousmane Camara,91,0.9180000305175782,0.590999984741211,0.015848800539970398,MissedShots,Head,FromCorner,a,2025
682963,29823,13577,Rudy Matondo,6,0.755,0.42200000762939455,0.021465124562382698,SavedShot,RightFoot,OpenPlay,h,2025
682964,29823,7169,Moses Simon,8,0.8530000305175781,0.6869999694824219,0.04376741871237755,MissedShots,RightFoot,OpenPlay,h,2025
682965,29823,5661,Jonathan Ikone,11,0.8380000305175781,0.3060000038146973,0.03648805618286133,BlockedShot,LeftFoot,OpenPlay,h,2025
682966,29823,13577,Rudy Matondo,12,0.9,0.51,0.04560830816626549,BlockedShot,Head,FromCorner,h,2025
682967,29823,13577,Rudy Matondo,12,0.9380000305175781,0.49200000762939455,0.5654696822166443,Goal,RightFoot,FromCorner,h,2025
682968,29823,7169,Moses Simon,18,0.779000015258789,0.40599998474121096,0.03140126168727875,MissedShots,RightFoot,FromCorner,h,2025
682969,29823,6332,Willem Geubbels,19,0.8819999694824219,0.36400001525878906,0.5112082958221436,Goal,RightFoot,OpenPlay,h,2025
682970,29823,9563,Mamadou Mbow,29,0.8980000305175782,0.505,0.02159767597913742,MissedShots,Head,FromCorner,h,2025
682973,29823,5661,Jonathan Ikone,42,0.9730000305175781,0.385,0.3175654411315918,BlockedShot,LeftFoot,OpenPlay,h,2025
682974,29823,7169,Moses Simon,42,0.77,0.5029999923706054,0.029991034418344498,BlockedShot,LeftFoot,FromCorner,h,2025
682976,29823,7169,Moses Simon,51,0.7630000305175781,0.6309999847412109,0.03228476271033287,MissedShots,RightFoot,OpenPlay,h,2025
682978,29823,9656,Ilan Kebbal,56,0.749000015258789,0.43599998474121093,0.019877584651112556,MissedShots,LeftFoot,SetPiece,h,2025
682980,29823,10620,Luca Koleosho,66,0.8780000305175781,0.315,0.10760671645402908,SavedShot,RightFoot,OpenPlay,h,2025
682981,29823,10169,Diego Coppola,66,0.9009999847412109,0.43099998474121093,0.058138392865657806,SavedShot,RightFoot,FromCorner,h,2025
682982,29823,13577,Rudy Matondo,66,0.9490000152587891,0.45799999237060546,0.5702115893363953,Goal,RightFoot,FromCorner,h,2025
682988,29823,10620,Luca Koleosho,88,0.919000015258789,0.41900001525878905,0.4557507336139679,Goal,RightFoot,OpenPlay,h,2025
682989,29823,13804,Tuomas Ollila,91,0.735999984741211,0.47200000762939454,0.051449816673994064,SavedShot,LeftFoot,OpenPlay,h,2025
682971,29823,13283,Raphaël Le Guen,35,0.9009999847412109,0.555,0.027563022449612617,MissedShots,Head,SetPiece,a,2025
682972,29823,12258,Luc Zogbe,40,0.7709999847412109,0.35,0.01711892895400524,MissedShots,RightFoot,FromCorner,a,2025
682975,29823,3721,Romain Del Castillo,48,0.855,0.6120000076293945,0.10082566738128662,BlockedShot,LeftFoot,OpenPlay,a,2025
682977,29823,3743,Lucas Tousart,53,0.8180000305175781,0.47299999237060547,0.055377259850502014,MissedShots,RightFoot,OpenPlay,a,2025
682979,29823,11065,Remy Labeau Lascary,57,0.88,0.42200000762939455,0.28764259815216064,MissedShots,LeftFoot,OpenPlay,a,2025
682983,29823,13283,Raphaël Le Guen,69,0.9169999694824219,0.49,0.09939581900835037,MissedShots,Head,FromCorner,a,2025
682984,29823,7747,Mama Baldé,80,0.785,0.3370000076293945,0.020365051925182343,BlockedShot,LeftFoot,OpenPlay,a,2025
682985,29823,7739,Joris Chotard,81,0.7659999847412109,0.4779999923706055,0.023944929242134094,SavedShot,RightFoot,OpenPlay,a,2025
682986,29823,14052,Pathé Mboup,85,0.855999984741211,0.3290000152587891,0.05958898365497589,BlockedShot,RightFoot,OpenPlay,a,2025
682987,29823,7562,Eric Junior Dina Ebimbe,85,0.7969999694824219,0.57,0.04126916453242302,MissedShots,RightFoot,OpenPlay,a,2025
682993,29825,11618,Samuel Amo-Ameyaw,21,0.7859999847412109,0.40599998474121096,0.03513534367084503,BlockedShot,RightFoot,OpenPlay,h,2025
682994,29825,12970,Sebastian Nanasi,25,0.7330000305175781,0.4,0.011878639459609985,BlockedShot,RightFoot,OpenPlay,h,2025
682995,29825,11618,Samuel Amo-Ameyaw,26,0.874000015258789,0.37900001525878907,0.053357385098934174,Goal,LeftFoot,FromCorner,h,2025
682999,29825,11618,Samuel Amo-Ameyaw,45,0.9730000305175781,0.285,0.09784732013940811,SavedShot,RightFoot,OpenPlay,h,2025
683001,29825,12808,Mathis Amougou,45,0.7930000305175782,0.75,0.018021151423454285,SavedShot,LeftFoot,OpenPlay,h,2025
683007,29825,14605,Yaya Diémé,67,0.8090000152587891,0.48,0.04975117743015289,SavedShot,LeftFoot,OpenPlay,h,2025
683008,29825,11058,Julio Enciso,72,0.8919999694824219,0.24399999618530274,0.030173514038324356,BlockedShot,RightFoot,OpenPlay,h,2025
683012,29825,14359,Gessime Yassine,90,0.8819999694824219,0.6659999847412109,0.060797374695539474,MissedShots,LeftFoot,OpenPlay,h,2025
683014,29825,13916,Rafael Luís,97,0.8730000305175781,0.30100000381469727,0.048333633691072464,BlockedShot,LeftFoot,OpenPlay,h,2025
682990,29825,13756,Santiago Hidalgo,4,0.8069999694824219,0.5059999847412109,0.05457962304353714,MissedShots,LeftFoot,OpenPlay,a,2025
682991,29825,14435,Jacen Russell-Rowe,8,0.8909999847412109,0.26299999237060545,0.03477412089705467,SavedShot,RightFoot,OpenPlay,a,2025
682992,29825,13756,Santiago Hidalgo,14,0.7319999694824219,0.3890000152587891,0.01741340011358261,SavedShot,LeftFoot,OpenPlay,a,2025
682996,29825,6874,Yann Gboho,30,0.8219999694824218,0.665,0.032742537558078766,MissedShots,RightFoot,OpenPlay,a,2025
682997,29825,11777,Cristian Cásseres Jr.,32,0.730999984741211,0.63,0.015657596290111542,BlockedShot,RightFoot,OpenPlay,a,2025
682998,29825,12841,Dayann Methalie,42,0.88,0.6190000152587891,0.27356716990470886,Goal,LeftFoot,OpenPlay,a,2025
683000,29825,6874,Yann Gboho,46,0.7680000305175781,0.35900001525878905,0.018513519316911697,SavedShot,RightFoot,OpenPlay,a,2025
683002,29825,14435,Jacen Russell-Rowe,47,0.87,0.6709999847412109,0.05862058326601982,SavedShot,LeftFoot,OpenPlay,a,2025
683003,29825,9220,Charlie Cresswell,48,0.96,0.5709999847412109,0.44603264331817627,MissedShots,OtherBodyPart,OpenPlay,a,2025
683004,29825,12045,Aron Dønnum,57,0.765,0.42,0.029209870845079422,BlockedShot,LeftFoot,OpenPlay,a,2025
683005,29825,14082,Emersonn,63,0.91,0.445,0.09729830175638199,MissedShots,Head,SetPiece,a,2025
683006,29825,14082,Emersonn,64,0.79,0.7030000305175781,0.02081272378563881,MissedShots,RightFoot,OpenPlay,a,2025
683009,29825,14082,Emersonn,83,0.8680000305175781,0.514000015258789,0.38590309023857117,Goal,RightFoot,OpenPlay,a,2025
683010,29825,11291,Warren Kamanzi,86,0.9309999847412109,0.3509999847412109,0.10543090850114822,BlockedShot,RightFoot,OpenPlay,a,2025
683011,29825,13608,Ilyas Azizi,88,0.860999984741211,0.32299999237060545,0.05734306946396828,MissedShots,RightFoot,OpenPlay,a,2025
683013,29825,13755,Mário Sauer,94,0.7569999694824219,0.4879999923706055,0.028749627992510796,MissedShots,RightFoot,OpenPlay,a,2025
683164,29819,10091,Tyler Morton,9,0.7519999694824219,0.765,0.03657343238592148,BlockedShot,RightFoot,DirectFreekick,h,2025
683165,29819,12884,Endrick,9,0.7569999694824219,0.6709999847412109,0.020080475136637688,BlockedShot,LeftFoot,OpenPlay,h,2025
683166,29819,11819,Clinton Mata,17,0.6980000305175781,0.5570000076293945,0.017664475366473198,MissedShots,RightFoot,FromCorner,h,2025
683168,29819,12884,Endrick,26,0.7909999847412109,0.6619999694824219,0.022939957678318024,MissedShots,LeftFoot,OpenPlay,h,2025
683169,29819,13739,Afonso Moreira,29,0.7340000152587891,0.7319999694824219,0.007510783616453409,MissedShots,RightFoot,OpenPlay,h,2025
683170,29819,12041,Roman Yaremchuk,36,0.915,0.5229999923706055,0.32184529304504395,Goal,Head,OpenPlay,h,2025
683171,29819,3603,Corentin Tolisso,41,0.885,0.5,0.7600951194763184,Goal,RightFoot,Penalty,h,2025
683176,29819,13739,Afonso Moreira,51,0.8880000305175781,0.6070000076293945,0.34124040603637695,Goal,RightFoot,OpenPlay,h,2025
683177,29819,10091,Tyler Morton,53,0.899000015258789,0.745999984741211,0.03952088579535484,SavedShot,LeftFoot,OpenPlay,h,2025
683178,29819,11318,Abner,56,0.715999984741211,0.5359999847412109,0.019476821646094322,SavedShot,RightFoot,OpenPlay,h,2025
683179,29819,12041,Roman Yaremchuk,62,0.9030000305175782,0.5870000076293945,0.04774646461009979,SavedShot,Head,OpenPlay,h,2025
683181,29819,13739,Afonso Moreira,69,0.7330000305175781,0.6459999847412109,0.017214279621839523,BlockedShot,RightFoot,OpenPlay,h,2025
683182,29819,12884,Endrick,74,0.875,0.4329999923706055,0.3724081516265869,Goal,RightFoot,OpenPlay,h,2025
683183,29819,13739,Afonso Moreira,77,0.9269999694824219,0.644000015258789,0.11318203061819077,SavedShot,LeftFoot,OpenPlay,h,2025
683184,29819,13735,Pavel Sulc,78,0.889000015258789,0.54,0.3968223035335541,SavedShot,RightFoot,OpenPlay,h,2025
683186,29819,14406,Noah Nartey,93,0.860999984741211,0.5279999923706055,0.13137999176979065,BlockedShot,LeftFoot,OpenPlay,h,2025
683163,29819,11782,Mousa Al Tamari,5,0.9269999694824219,0.710999984741211,0.04256511479616165,Goal,LeftFoot,OpenPlay,a,2025
683167,29819,6452,Mahdi Camara,24,0.8809999847412109,0.6809999847412109,0.06780628114938736,SavedShot,RightFoot,OpenPlay,a,2025
683172,29819,5356,Breel Embolo,48,0.950999984741211,0.5379999923706055,0.5226927399635315,SavedShot,RightFoot,OpenPlay,a,2025
683173,29819,12850,Esteban Lepaul,47,0.895,0.52,0.31873950362205505,Goal,RightFoot,OpenPlay,a,2025
683174,29819,12850,Esteban Lepaul,49,0.6279999923706054,0.23299999237060548,0.011847687885165215,MissedShots,RightFoot,OpenPlay,a,2025
683175,29819,12850,Esteban Lepaul,50,0.9469999694824218,0.28700000762939454,0.047525446861982346,SavedShot,RightFoot,OpenPlay,a,2025
683180,29819,7631,Sebastian Szymanski,66,0.7619999694824219,0.27799999237060546,0.04625795781612396,MissedShots,LeftFoot,DirectFreekick,a,2025
683185,29819,6452,Mahdi Camara,85,0.6940000152587891,0.56,0.007511373143643141,MissedShots,RightFoot,OpenPlay,a,2025
683413,29829,13733,Andrija Bulatovic,2,0.8959999847412109,0.3970000076293945,0.07896560430526733,BlockedShot,RightFoot,OpenPlay,h,2025
683414,29829,3799,Wesley Said,7,0.8819999694824219,0.629000015258789,0.06706727296113968,SavedShot,LeftFoot,OpenPlay,h,2025
683416,29829,11046,Abdallah Sima,12,0.9309999847412109,0.28,0.024066904559731483,BlockedShot,RightFoot,OpenPlay,h,2025
683417,29829,13506,Rayan Fofana,13,0.8780000305175781,0.28200000762939453,0.06083544343709946,BlockedShot,RightFoot,OpenPlay,h,2025
683419,29829,13733,Andrija Bulatovic,25,0.7959999847412109,0.6530000305175782,0.030184641480445862,SavedShot,RightFoot,OpenPlay,h,2025
683423,29829,5745,Matthieu Udol,38,0.8919999694824219,0.545,0.0860929936170578,MissedShots,RightFoot,OpenPlay,h,2025
683425,29829,5745,Matthieu Udol,47,0.894000015258789,0.7440000152587891,0.03546759486198425,SavedShot,LeftFoot,OpenPlay,h,2025
683426,29829,11046,Abdallah Sima,47,0.9109999847412109,0.4229999923706055,0.01778426021337509,MissedShots,Head,FromCorner,h,2025
683427,29829,13733,Andrija Bulatovic,50,0.7780000305175782,0.5109999847412109,0.033696748316287994,BlockedShot,RightFoot,OpenPlay,h,2025
683428,29829,5745,Matthieu Udol,50,0.7659999847412109,0.7430000305175781,0.016519345343112946,MissedShots,RightFoot,OpenPlay,h,2025
683437,29829,13733,Andrija Bulatovic,76,0.7390000152587891,0.745999984741211,0.03564709797501564,MissedShots,RightFoot,DirectFreekick,h,2025
683438,29829,14608,Mezian Soares,78,0.899000015258789,0.6070000076293945,0.10697121173143387,Goal,LeftFoot,OpenPlay,h,2025
683439,29829,12344,Anthony Bermont,85,0.8909999847412109,0.674000015258789,0.07811740785837173,SavedShot,LeftFoot,OpenPlay,h,2025
683440,29829,5648,Malang Sarr,88,0.725,0.5870000076293945,0.04771709442138672,MissedShots,LeftFoot,DirectFreekick,h,2025
683415,29829,6238,Ignatius Ganago,9,0.9019999694824219,0.5379999923706055,0.046757906675338745,BlockedShot,Head,OpenPlay,a,2025
683418,29829,11946,Mohamed Kaba,19,0.8030000305175782,0.48700000762939455,0.05182960256934166,MissedShots,RightFoot,OpenPlay,a,2025
683420,29829,9490,Matthis Abline,26,0.82,0.47099998474121096,0.06501484662294388,BlockedShot,RightFoot,OpenPlay,a,2025
683421,29829,6238,Ignatius Ganago,27,0.904000015258789,0.4259999847412109,0.09089051187038422,MissedShots,RightFoot,OpenPlay,a,2025
683422,29829,9490,Matthis Abline,30,0.7290000152587891,0.49700000762939456,0.012421822175383568,BlockedShot,RightFoot,OpenPlay,a,2025
683424,29829,6238,Ignatius Ganago,42,0.9130000305175782,0.46099998474121096,0.11607266217470169,MissedShots,Head,OpenPlay,a,2025
683429,29829,9490,Matthis Abline,52,0.794000015258789,0.3890000152587891,0.02364433743059635,BlockedShot,RightFoot,FromCorner,a,2025
683430,29829,11946,Mohamed Kaba,53,0.885,0.539000015258789,0.0323990099132061,SavedShot,Head,OpenPlay,a,2025
683431,29829,10702,Johann Lepenant,55,0.8630000305175781,0.6559999847412109,0.04086584970355034,SavedShot,RightFoot,OpenPlay,a,2025
683432,29829,9490,Matthis Abline,55,0.9209999847412109,0.5479999923706055,0.05916418880224228,MissedShots,Head,OpenPlay,a,2025
683433,29829,9490,Matthis Abline,59,0.8590000152587891,0.6980000305175781,0.09576911479234695,BlockedShot,RightFoot,OpenPlay,a,2025
683434,29829,6904,Ibrahima Sissoko,60,0.8830000305175781,0.590999984741211,0.0879625603556633,BlockedShot,LeftFoot,OpenPlay,a,2025
683435,29829,10702,Johann Lepenant,73,0.745,0.500999984741211,0.02151969075202942,SavedShot,RightFoot,OpenPlay,a,2025
683436,29829,9490,Matthis Abline,74,0.874000015258789,0.3840000152587891,0.30138424038887024,ShotOnPost,RightFoot,OpenPlay,a,2025
683441,29829,3269,Anthony Lopes,90,0.8209999847412109,0.49900001525878906,0.021517006680369377,MissedShots,LeftFoot,FromCorner,a,2025
684413,29826,10243,Jacques Ekomie,8,0.8590000152587891,0.7559999847412109,0.0288162212818861,MissedShots,RightFoot,OpenPlay,h,2025
684417,29826,10295,Louis Mouton,17,0.8680000305175781,0.46099998474121096,0.07501446455717087,MissedShots,RightFoot,OpenPlay,h,2025
684423,29826,11294,Lilian Raolisoa,50,0.8669999694824219,0.5079999923706054,0.06208416447043419,SavedShot,LeftFoot,OpenPlay,h,2025
684424,29826,13335,Goduine Koyalipou,45,0.855,0.25,0.027287542819976807,SavedShot,LeftFoot,OpenPlay,h,2025
684429,29826,10790,Branco van den Boomen,61,0.7609999847412109,0.8159999847412109,0.006865232717245817,MissedShots,RightFoot,OpenPlay,h,2025
684431,29826,3495,Pierrick Capelle,67,0.825,0.5129999923706055,0.058790091425180435,MissedShots,LeftFoot,SetPiece,h,2025
684432,29826,11016,Ousmane Camara,68,0.895,0.4779999923706055,0.08681637048721313,SavedShot,Head,SetPiece,h,2025
684433,29826,13335,Goduine Koyalipou,69,0.8969999694824219,0.595,0.3411097526550293,Goal,RightFoot,OpenPlay,h,2025
684434,29826,13335,Goduine Koyalipou,70,0.91,0.73,0.0461711548268795,BlockedShot,LeftFoot,OpenPlay,h,2025
684435,29826,13612,Lanroy Machine,75,0.7730000305175782,0.629000015258789,0.02098567970097065,MissedShots,RightFoot,OpenPlay,h,2025
684437,29826,12851,Emmanuel Biumla,92,0.8180000305175781,0.34799999237060547,0.039714355021715164,MissedShots,RightFoot,OpenPlay,h,2025
684414,29826,11618,Samuel Amo-Ameyaw,8,0.850999984741211,0.3189999961853027,0.04013347998261452,MissedShots,LeftFoot,OpenPlay,a,2025
684415,29826,14605,Yaya Diémé,12,0.9580000305175781,0.5459999847412109,0.13195966184139252,BlockedShot,Head,FromCorner,a,2025
684416,29826,11618,Samuel Amo-Ameyaw,14,0.755,0.43099998474121093,0.02429688721895218,SavedShot,LeftFoot,OpenPlay,a,2025
684418,29826,11058,Julio Enciso,26,0.6940000152587891,0.5420000076293945,0.01840093918144703,MissedShots,LeftFoot,OpenPlay,a,2025
684419,29826,11058,Julio Enciso,31,0.899000015258789,0.6480000305175782,0.06418401002883911,MissedShots,LeftFoot,OpenPlay,a,2025
684420,29826,11618,Samuel Amo-Ameyaw,36,0.8469999694824218,0.285,0.03414219617843628,SavedShot,LeftFoot,OpenPlay,a,2025
684421,29826,11058,Julio Enciso,47,0.885,0.5,0.7600951194763184,Goal,RightFoot,Penalty,a,2025
684422,29826,11164,Martial Godo,49,0.874000015258789,0.6990000152587891,0.0767211839556694,MissedShots,RightFoot,OpenPlay,a,2025
684425,29826,11164,Martial Godo,47,0.9280000305175782,0.5279999923706055,0.08716361969709396,SavedShot,Head,OpenPlay,a,2025
684426,29826,11058,Julio Enciso,50,0.8169999694824219,0.5840000152587891,0.06723619997501373,BlockedShot,RightFoot,OpenPlay,a,2025
684427,29826,11058,Julio Enciso,53,0.7390000152587891,0.5609999847412109,0.025049662217497826,SavedShot,RightFoot,OpenPlay,a,2025
684428,29826,11058,Julio Enciso,60,0.905,0.3659999847412109,0.3182309567928314,MissedShots,RightFoot,OpenPlay,a,2025
684430,29826,11058,Julio Enciso,65,0.7390000152587891,0.5870000076293945,0.02312888391315937,MissedShots,RightFoot,OpenPlay,a,2025
684436,29826,11058,Julio Enciso,79,0.9080000305175782,0.4329999923706055,0.08251554518938065,SavedShot,Head,OpenPlay,a,2025
684438,29826,11058,Julio Enciso,95,0.8209999847412109,0.5329999923706055,0.06626034528017044,MissedShots,RightFoot,OpenPlay,a,2025
684444,29827,8970,Sékou Mara,15,0.8819999694824219,0.24399999618530274,0.027216574177145958,MissedShots,RightFoot,OpenPlay,h,2025
684445,29827,13888,Danny Namaso,16,0.905,0.4209999847412109,0.08318515866994858,BlockedShot,RightFoot,OpenPlay,h,2025
684446,29827,8970,Sékou Mara,26,0.855,0.4640000152587891,0.0627698227763176,Goal,RightFoot,OpenPlay,h,2025
684447,29827,10815,Lassine Sinayoko,34,0.765,0.5579999923706055,0.024540171027183533,MissedShots,RightFoot,OpenPlay,h,2025
684448,29827,6333,Elisha Owusu,39,0.7469999694824219,0.6140000152587891,0.01561721321195364,MissedShots,RightFoot,FromCorner,h,2025
684449,29827,10815,Lassine Sinayoko,41,0.7709999847412109,0.24700000762939453,0.01595272310078144,BlockedShot,LeftFoot,OpenPlay,h,2025
684450,29827,13793,Lamine Sy,41,0.855999984741211,0.31799999237060544,0.03126278892159462,BlockedShot,RightFoot,FromCorner,h,2025
684453,29827,10815,Lassine Sinayoko,69,0.9259999847412109,0.3390000152587891,0.062467701733112335,Goal,RightFoot,OpenPlay,h,2025
684454,29827,13888,Danny Namaso,73,0.8769999694824219,0.509000015258789,0.055889375507831573,SavedShot,Head,OpenPlay,h,2025
684456,29827,10818,Kévin Danois,78,0.9169999694824219,0.38,0.34496423602104187,SavedShot,RightFoot,OpenPlay,h,2025
684457,29827,8970,Sékou Mara,83,0.7619999694824219,0.5329999923706055,0.03798728808760643,MissedShots,RightFoot,OpenPlay,h,2025
684459,29827,10815,Lassine Sinayoko,91,0.875999984741211,0.6659999847412109,0.1043323278427124,MissedShots,LeftFoot,OpenPlay,h,2025
684439,29827,8685,Mohamed Ali-Cho,2,0.960999984741211,0.27399999618530274,0.042313266545534134,MissedShots,RightFoot,OpenPlay,a,2025
684440,29827,9514,Antoine Mendy,7,0.7130000305175781,0.5259999847412109,0.014807803556323051,BlockedShot,RightFoot,OpenPlay,a,2025
684441,29827,8685,Mohamed Ali-Cho,8,0.9019999694824219,0.4,0.3454679250717163,BlockedShot,LeftFoot,OpenPlay,a,2025
684442,29827,6846,Sofiane Diop,8,0.9269999694824219,0.48,0.5417636632919312,Goal,RightFoot,OpenPlay,a,2025
684443,29827,3696,Morgan Sanson,11,0.8540000152587891,0.6229999923706054,0.07503702491521835,BlockedShot,RightFoot,OpenPlay,a,2025
684451,29827,8685,Mohamed Ali-Cho,52,0.740999984741211,0.509000015258789,0.0209011510014534,SavedShot,LeftFoot,OpenPlay,a,2025
684452,29827,6846,Sofiane Diop,52,0.9630000305175781,0.46799999237060547,0.6055128574371338,MissedShots,RightFoot,OpenPlay,a,2025
684455,29827,9182,Sepe Elye Wahi,77,0.865999984741211,0.6940000152587891,0.22463876008987427,SavedShot,RightFoot,OpenPlay,a,2025
684458,29827,13751,Isak Jansson,89,0.9,0.57,0.07826826721429825,BlockedShot,LeftFoot,SetPiece,a,2025
684460,29827,9182,Sepe Elye Wahi,95,0.93,0.6880000305175781,0.3085208237171173,BlockedShot,LeftFoot,OpenPlay,a,2025
684461,29828,8287,Mbwana Samatta,6,0.879000015258789,0.700999984741211,0.045521918684244156,SavedShot,LeftFoot,OpenPlay,h,2025
684462,29828,1734,Sofiane Boufal,7,0.885,0.644000015258789,0.06288955360651016,MissedShots,LeftFoot,OpenPlay,h,2025
684466,29828,8372,Lucas Gourna Douath,45,0.8209999847412109,0.335,0.036238543689250946,BlockedShot,LeftFoot,OpenPlay,h,2025
684469,29828,8287,Mbwana Samatta,59,0.8730000305175781,0.46799999237060547,0.012220378965139389,BlockedShot,Head,SetPiece,h,2025
684470,29828,8287,Mbwana Samatta,65,0.935,0.57,0.1235169991850853,MissedShots,RightFoot,OpenPlay,h,2025
684471,29828,1734,Sofiane Boufal,70,0.885,0.5,0.7600951194763184,ShotOnPost,RightFoot,Penalty,h,2025
684472,29828,11792,Issa Soumaré,70,0.8580000305175781,0.5359999847412109,0.012578994035720825,SavedShot,Head,SetPiece,h,2025
684473,29828,8684,Fodé Doucouré,70,0.960999984741211,0.37799999237060544,0.07705458253622055,BlockedShot,RightFoot,SetPiece,h,2025
684475,29828,11790,Rassoul Ndiaye,90,0.7319999694824219,0.34799999237060547,0.01584498956799507,BlockedShot,RightFoot,OpenPlay,h,2025
684477,29828,12446,Simon Ebonog,98,0.8480000305175781,0.47900001525878905,0.09664840251207352,MissedShots,RightFoot,SetPiece,h,2025
684463,29828,6401,Amine Gouiri,12,0.8919999694824219,0.6680000305175782,0.09920475631952286,MissedShots,RightFoot,SetPiece,a,2025
684464,29828,14010,Igor Paixão,30,0.9209999847412109,0.6229999923706054,0.02810606174170971,SavedShot,Head,OpenPlay,a,2025
684465,29828,14499,Tochukwu Nnadi,30,0.7930000305175782,0.5070000076293946,0.04076738283038139,SavedShot,LeftFoot,OpenPlay,a,2025
684467,29828,7490,Mason Greenwood,51,0.72,0.34,0.03919538855552673,BlockedShot,RightFoot,DirectFreekick,a,2025
684468,29828,7490,Mason Greenwood,54,0.885,0.5,0.7600951194763184,Goal,RightFoot,Penalty,a,2025
684474,29828,1245,Emerson,83,0.8869999694824219,0.7280000305175781,0.03017149120569229,MissedShots,LeftFoot,OpenPlay,a,2025
684476,29828,14010,Igor Paixão,90,0.7269999694824218,0.665,0.037131741642951965,MissedShots,RightFoot,OpenPlay,a,2025
684480,29830,14407,Nathan Mbala,28,0.735,0.35700000762939454,0.014028111472725868,MissedShots,LeftFoot,FromCorner,h,2025
684481,29830,13999,Terry Yegbe,43,0.8909999847412109,0.5220000076293946,0.3538832366466522,SavedShot,RightFoot,FromCorner,h,2025
684483,29830,14431,Giorgi Kvilitaia,50,0.8469999694824218,0.534000015258789,0.07631787657737732,SavedShot,LeftFoot,OpenPlay,h,2025
684485,29830,13809,Giorgi Tsitaishvili,58,0.895,0.6609999847412109,0.06034379079937935,BlockedShot,LeftFoot,OpenPlay,h,2025
684486,29830,3393,Bouna Sarr,58,0.7609999847412109,0.63,0.02270142175257206,ShotOnPost,RightFoot,OpenPlay,h,2025
684491,29830,5727,Gauthier Hein,70,0.88,0.5620000076293945,0.0718475803732872,MissedShots,LeftFoot,OpenPlay,h,2025
684492,29830,5727,Gauthier Hein,72,0.825,0.3579999923706055,0.04113001376390457,BlockedShot,LeftFoot,OpenPlay,h,2025
684494,29830,5769,Habib Diallo,77,0.9180000305175782,0.46,0.09001868218183517,MissedShots,Head,FromCorner,h,2025
684478,29830,3536,Jean-Victor Makengo,16,0.8059999847412109,0.35700000762939454,0.05381773039698601,MissedShots,LeftFoot,OpenPlay,a,2025
684479,29830,3536,Jean-Victor Makengo,23,0.9569999694824218,0.51,0.5956218242645264,Goal,RightFoot,SetPiece,a,2025
684482,29830,13794,Arsène Kouassi,48,0.7469999694824219,0.265,0.03918096050620079,SavedShot,LeftFoot,DirectFreekick,a,2025
684484,29830,12049,Aiyegun Tosin,57,0.7909999847412109,0.3189999961853027,0.03196980804204941,MissedShots,RightFoot,OpenPlay,a,2025
684487,29830,3536,Jean-Victor Makengo,60,0.8830000305175781,0.6669999694824219,0.12148893624544144,SavedShot,LeftFoot,OpenPlay,a,2025
684488,29830,12049,Aiyegun Tosin,62,0.9259999847412109,0.515,0.11526241153478622,BlockedShot,Head,FromCorner,a,2025
684489,29830,4882,Laurent Abergel,62,0.769000015258789,0.580999984741211,0.01959267072379589,MissedShots,RightFoot,FromCorner,a,2025
684490,29830,4882,Laurent Abergel,69,0.8419999694824218,0.5970000076293945,0.04519416019320488,BlockedShot,RightFoot,FromCorner,a,2025
684493,29830,12049,Aiyegun Tosin,73,0.88,0.555,0.38841405510902405,MissedShots,LeftFoot,OpenPlay,a,2025
684495,29830,9345,Ahmadou Bamba Dieng,77,0.860999984741211,0.435,0.06691493093967438,MissedShots,RightFoot,OpenPlay,a,2025
684496,29830,9345,Ahmadou Bamba Dieng,79,0.8090000152587891,0.4620000076293945,0.06750397384166718,SavedShot,RightFoot,OpenPlay,a,2025
684497,29830,9345,Ahmadou Bamba Dieng,83,0.8440000152587891,0.49599998474121093,0.10603312402963638,Goal,RightFoot,OpenPlay,a,2025
684498,29830,12328,Arthur Avom,96,0.7919999694824219,0.45799999237060546,0.06150275841355324,Goal,RightFoot,OpenPlay,a,2025
684499,29830,13975,Noah Cadiou,97,0.8119999694824219,0.47200000762939454,0.05504481494426727,Goal,RightFoot,OpenPlay,a,2025
684500,29831,9690,Folarin Balogun,8,0.9059999847412109,0.5159999847412109,0.03690682724118233,BlockedShot,Head,OpenPlay,h,2025
684501,29831,12950,Jordan Teze,8,0.889000015258789,0.5209999847412109,0.0430171936750412,SavedShot,Head,OpenPlay,h,2025
684503,29831,10058,Maghnes Akliouche,26,0.8519999694824218,0.37,0.05549078807234764,SavedShot,LeftFoot,OpenPlay,h,2025
684504,29831,11710,Simon Adingra,38,0.840999984741211,0.515,0.056470293551683426,MissedShots,LeftFoot,FromCorner,h,2025
684505,29831,10058,Maghnes Akliouche,38,0.905,0.315,0.06903204321861267,MissedShots,RightFoot,OpenPlay,h,2025
684506,29831,11710,Simon Adingra,43,0.7959999847412109,0.72,0.017893409356474876,MissedShots,LeftFoot,OpenPlay,h,2025
684510,29831,12285,Mamadou Coulibaly,64,0.7780000305175782,0.585,0.030053891241550446,SavedShot,LeftFoot,OpenPlay,h,2025
684512,29831,6147,Denis Zakaria,71,0.105,0.4859999847412109,0,OwnGoal,RightFoot,OpenPlay,h,2025
684502,29831,12162,Ayyoub Bouaddi,14,0.9530000305175781,0.6780000305175782,0.05535399168729782,SavedShot,LeftFoot,OpenPlay,a,2025
684507,29831,9444,Felix Correia,47,0.8369999694824218,0.5970000076293945,0.05493881180882454,MissedShots,RightFoot,OpenPlay,a,2025
684508,29831,6500,Romain Perraud,49,0.8469999694824218,0.69,0.03832403942942619,MissedShots,LeftFoot,OpenPlay,a,2025
684509,29831,5680,Thomas Meunier,58,0.7559999847412109,0.3609999847412109,0.011216925457119942,SavedShot,RightFoot,OpenPlay,a,2025
684511,29831,3223,Benjamin André,70,0.8569999694824219,0.624000015258789,0.07367311418056488,MissedShots,LeftFoot,OpenPlay,a,2025
684513,29831,13051,Matias Fernandez-Pardo,82,0.845,0.29700000762939455,0.10680849850177765,MissedShots,RightFoot,OpenPlay,a,2025
684514,29831,5680,Thomas Meunier,93,0.795,0.5159999847412109,0.06008929759263992,BlockedShot,RightFoot,OpenPlay,a,2025
684515,29832,2276,Lucas Hernández,6,0.7719999694824219,0.7559999847412109,0.011608998291194439,SavedShot,LeftFoot,OpenPlay,h,2025
684516,29832,13749,Dro Fernández,14,0.93,0.6790000152587891,0.06549092382192612,SavedShot,LeftFoot,OpenPlay,h,2025
684517,29832,7313,Lee Kang-In,19,0.784000015258789,0.27799999237060546,0.021893979981541634,SavedShot,LeftFoot,OpenPlay,h,2025
684518,29832,12346,Beraldo,20,0.7519999694824219,0.605,0.019022617489099503,MissedShots,LeftFoot,OpenPlay,h,2025
684519,29832,13749,Dro Fernández,20,0.865,0.49900001525878906,0.08659528940916061,MissedShots,RightFoot,OpenPlay,h,2025
684520,29832,2447,Fabián,24,0.870999984741211,0.4540000152587891,0.11615192890167236,BlockedShot,RightFoot,OpenPlay,h,2025
684521,29832,12346,Beraldo,24,0.8180000305175781,0.5479999923706055,0.04686254262924194,BlockedShot,LeftFoot,OpenPlay,h,2025
684523,29832,13749,Dro Fernández,31,0.905,0.4209999847412109,0.08642737567424774,BlockedShot,RightFoot,OpenPlay,h,2025
684524,29832,11767,Gonçalo Ramos,42,0.8209999847412109,0.4809999847412109,0.07273963838815689,BlockedShot,LeftFoot,OpenPlay,h,2025
684525,29832,2447,Fabián,45,0.7280000305175781,0.49900001525878906,0.01867896132171154,MissedShots,LeftFoot,OpenPlay,h,2025
684526,29832,12345,Senny Mayulu,48,0.8809999847412109,0.34799999237060547,0.08009924739599228,BlockedShot,RightFoot,OpenPlay,h,2025
684528,29832,11767,Gonçalo Ramos,52,0.9619999694824218,0.5640000152587891,0.3937948942184448,MissedShots,Head,FromCorner,h,2025
684529,29832,10431,Désiré Doué,56,0.7559999847412109,0.44599998474121094,0.07044375687837601,BlockedShot,RightFoot,DirectFreekick,h,2025
684530,29832,12345,Senny Mayulu,58,0.8119999694824219,0.37200000762939456,0.0382109060883522,SavedShot,LeftFoot,OpenPlay,h,2025
684531,29832,10431,Désiré Doué,64,0.8230000305175781,0.634000015258789,0.041350070387125015,BlockedShot,RightFoot,OpenPlay,h,2025
684532,29832,12345,Senny Mayulu,67,0.8209999847412109,0.34799999237060547,0.03760901838541031,SavedShot,RightFoot,OpenPlay,h,2025
684533,29832,10431,Désiré Doué,71,0.8669999694824219,0.34,0.05934591218829155,BlockedShot,RightFoot,OpenPlay,h,2025
684534,29832,12734,João Neves,75,0.85,0.47,0.07981324195861816,MissedShots,RightFoot,OpenPlay,h,2025
684535,29832,12734,João Neves,81,0.9080000305175782,0.385,0.1034201830625534,BlockedShot,RightFoot,OpenPlay,h,2025
684536,29832,12346,Beraldo,81,0.8209999847412109,0.40299999237060546,0.04544808715581894,BlockedShot,RightFoot,OpenPlay,h,2025
684537,29832,10431,Désiré Doué,81,0.8059999847412109,0.5109999847412109,0.05060802772641182,Goal,RightFoot,OpenPlay,h,2025
684539,29832,12345,Senny Mayulu,86,0.759000015258789,0.37599998474121094,0.03107188455760479,MissedShots,RightFoot,FromCorner,h,2025
684540,29832,7453,Khvicha Kvaratskhelia,88,0.8369999694824218,0.720999984741211,0.0383983850479126,BlockedShot,RightFoot,OpenPlay,h,2025
684522,29832,13283,Raphaël Le Guen,28,0.909000015258789,0.585,0.03746465593576431,SavedShot,LeftFoot,FromCorner,a,2025
684527,29832,7562,Eric Junior Dina Ebimbe,50,0.8669999694824219,0.485,0.06350554525852203,MissedShots,LeftFoot,OpenPlay,a,2025
684538,29832,5742,Hugo Magnetti,83,0.759000015258789,0.519000015258789,0.022298194468021393,SavedShot,RightFoot,OpenPlay,a,2025
684543,29833,3475,Ludovic Blas,11,0.8519999694824218,0.46,0.0960175022482872,MissedShots,RightFoot,OpenPlay,h,2025
684544,29833,11782,Mousa Al Tamari,15,0.8209999847412109,0.27799999237060546,0.045354269444942474,MissedShots,LeftFoot,OpenPlay,h,2025
684545,29833,11782,Mousa Al Tamari,18,0.909000015258789,0.33299999237060546,0.07398015260696411,MissedShots,RightFoot,OpenPlay,h,2025
684546,29833,3475,Ludovic Blas,26,0.865,0.45,0.06914454698562622,BlockedShot,LeftFoot,FromCorner,h,2025
684547,29833,13329,Abdelhamid Aït Boudlal,27,0.8859999847412109,0.47,0.017041921615600586,MissedShots,Head,FromCorner,h,2025
684548,29833,10789,Anthony Rouault,27,0.945,0.495,0.29904991388320923,MissedShots,Head,FromCorner,h,2025
684550,29833,12850,Esteban Lepaul,35,0.9540000152587891,0.5209999847412109,0.6382759809494019,SavedShot,RightFoot,OpenPlay,h,2025
684551,29833,13329,Abdelhamid Aït Boudlal,35,0.754000015258789,0.36400001525878906,0.014219510369002819,MissedShots,RightFoot,OpenPlay,h,2025
684552,29833,7631,Sebastian Szymanski,41,0.75,0.47400001525878904,0.02621549926698208,SavedShot,LeftFoot,OpenPlay,h,2025
684558,29833,12850,Esteban Lepaul,58,0.9180000305175782,0.4109999847412109,0.029400158673524857,SavedShot,Head,OpenPlay,h,2025
684559,29833,12850,Esteban Lepaul,73,0.9309999847412109,0.43599998474121093,0.038692016154527664,Goal,Head,FromCorner,h,2025
684560,29833,5356,Breel Embolo,74,0.9309999847412109,0.5729999923706055,0.09610117971897125,Goal,LeftFoot,OpenPlay,h,2025
684561,29833,5684,Arnaud Nordin,83,0.805,0.62,0.04073498770594597,MissedShots,RightFoot,OpenPlay,h,2025
684564,29833,9399,Quentin Merlin,90,0.7730000305175782,0.3039999961853027,0.056281741708517075,MissedShots,LeftFoot,DirectFreekick,h,2025
684541,29833,5619,Pierre Lees-Melou,5,0.7959999847412109,0.295,0.01986101269721985,MissedShots,RightFoot,OpenPlay,a,2025
684542,29833,6332,Willem Geubbels,5,0.9180000305175782,0.4829999923706055,0.49062207341194153,MissedShots,LeftFoot,OpenPlay,a,2025
684549,29833,13801,Alimami Gory,33,0.8230000305175781,0.51,0.06403438746929169,BlockedShot,LeftFoot,OpenPlay,a,2025
684553,29833,13801,Alimami Gory,45,0.8590000152587891,0.519000015258789,0.10732418298721313,BlockedShot,RightFoot,OpenPlay,a,2025
684554,29833,3772,Maxime Lopez,45,0.8669999694824219,0.4929999923706055,0.10859102755784988,MissedShots,LeftFoot,OpenPlay,a,2025
684555,29833,13801,Alimami Gory,48,0.9180000305175782,0.34,0.10396315902471542,BlockedShot,RightFoot,OpenPlay,a,2025
684556,29833,3772,Maxime Lopez,49,0.7909999847412109,0.37599998474121094,0.03153789043426514,BlockedShot,LeftFoot,OpenPlay,a,2025
684557,29833,6332,Willem Geubbels,52,0.9459999847412109,0.34400001525878904,0.06602685153484344,Goal,RightFoot,OpenPlay,a,2025
684562,29833,10620,Luca Koleosho,85,0.794000015258789,0.40700000762939453,0.03459629788994789,MissedShots,RightFoot,OpenPlay,a,2025
684563,29833,10620,Luca Koleosho,87,0.8130000305175781,0.6709999847412109,0.03066997416317463,BlockedShot,RightFoot,OpenPlay,a,2025
684565,29833,1209,Ciro Immobile,91,0.9640000152587891,0.5559999847412109,0.5460297465324402,MissedShots,RightFoot,OpenPlay,a,2025
684566,29834,13756,Santiago Hidalgo,2,0.9069999694824219,0.3120000076293945,0.05410463735461235,SavedShot,RightFoot,OpenPlay,h,2025
684567,29834,12841,Dayann Methalie,9,0.885,0.66,0.21745851635932922,Goal,LeftFoot,OpenPlay,h,2025
684569,29834,6874,Yann Gboho,20,0.805,0.675,0.015109562315046787,MissedShots,RightFoot,FromCorner,h,2025
684572,29834,13756,Santiago Hidalgo,45,0.9130000305175782,0.6419999694824219,0.36161819100379944,SavedShot,LeftFoot,OpenPlay,h,2025
684576,29834,9220,Charlie Cresswell,48,0.914000015258789,0.539000015258789,0.08297166228294373,MissedShots,Head,FromCorner,h,2025
684577,29834,6874,Yann Gboho,50,0.865999984741211,0.6430000305175781,0.08368057012557983,MissedShots,RightFoot,OpenPlay,h,2025
684578,29834,12841,Dayann Methalie,51,0.7559999847412109,0.64,0.03870007395744324,BlockedShot,LeftFoot,FromCorner,h,2025
684581,29834,13756,Santiago Hidalgo,61,0.8569999694824219,0.5370000076293945,0.1092497706413269,BlockedShot,LeftFoot,OpenPlay,h,2025
684582,29834,9220,Charlie Cresswell,62,0.9230000305175782,0.5170000076293946,0.17986246943473816,SavedShot,Head,FromCorner,h,2025
684583,29834,11291,Warren Kamanzi,62,0.8390000152587891,0.4909999847412109,0.04858997091650963,BlockedShot,RightFoot,FromCorner,h,2025
684586,29834,6874,Yann Gboho,71,0.789000015258789,0.6930000305175781,0.02268858067691326,MissedShots,RightFoot,OpenPlay,h,2025
684587,29834,12045,Aron Dønnum,74,0.6990000152587891,0.3579999923706055,0.02292247861623764,SavedShot,LeftFoot,OpenPlay,h,2025
684589,29834,11291,Warren Kamanzi,77,0.9359999847412109,0.51,0.5998650789260864,Goal,RightFoot,OpenPlay,h,2025
684591,29834,14358,Pape Diop,91,0.87,0.43,0.034262727946043015,MissedShots,Head,SetPiece,h,2025
684568,29834,13736,Khalis Merah,18,0.919000015258789,0.514000015258789,0.3091675043106079,MissedShots,Head,OpenPlay,a,2025
684570,29834,12884,Endrick,23,0.9690000152587891,0.315,0.05140895023941994,MissedShots,LeftFoot,OpenPlay,a,2025
684571,29834,12884,Endrick,39,0.7290000152587891,0.29100000381469726,0.011740051209926605,MissedShots,LeftFoot,OpenPlay,a,2025
684573,29834,12884,Endrick,47,0.8590000152587891,0.5529999923706055,0.0795997604727745,SavedShot,LeftFoot,OpenPlay,a,2025
684574,29834,12884,Endrick,47,0.875,0.42700000762939455,0.07316768169403076,BlockedShot,RightFoot,OpenPlay,a,2025
684575,29834,12041,Roman Yaremchuk,46,0.8390000152587891,0.5229999923706055,0.06910177320241928,BlockedShot,RightFoot,OpenPlay,a,2025
684579,29834,12884,Endrick,54,0.7090000152587891,0.4179999923706055,0.015696605667471886,BlockedShot,LeftFoot,SetPiece,a,2025
684580,29834,10091,Tyler Morton,58,0.7669999694824219,0.40200000762939453,0.0735340341925621,MissedShots,RightFoot,DirectFreekick,a,2025
684584,29834,3603,Corentin Tolisso,64,0.9080000305175782,0.54,0.049039244651794434,MissedShots,RightFoot,FromCorner,a,2025
684585,29834,3603,Corentin Tolisso,70,0.945,0.5,0.07872489094734192,Goal,Head,FromCorner,a,2025
684588,29834,12041,Roman Yaremchuk,75,0.915,0.31799999237060544,0.09366481751203537,BlockedShot,RightFoot,OpenPlay,a,2025
684590,29834,12060,Ernest Nuamah,89,0.9219999694824219,0.5109999847412109,0.10858334600925446,BlockedShot,Head,OpenPlay,a,2025
684592,29834,12884,Endrick,92,0.9340000152587891,0.48900001525878906,0.06413736939430237,MissedShots,Head,OpenPlay,a,2025
684593,29834,12884,Endrick,94,0.8859999847412109,0.415,0.062392666935920715,SavedShot,RightFoot,OpenPlay,a,2025
684594,29834,12884,Endrick,94,0.884000015258789,0.40799999237060547,0.37176164984703064,BlockedShot,LeftFoot,OpenPlay,a,2025
684595,29834,11819,Clinton Mata,94,0.7719999694824219,0.4379999923706055,0.029435638338327408,BlockedShot,RightFoot,OpenPlay,a,2025
684596,29834,12336,Malick Fofana,94,0.759000015258789,0.6940000152587891,0.01747565157711506,BlockedShot,RightFoot,OpenPlay,a,2025
684597,29834,13739,Afonso Moreira,95,0.9180000305175782,0.43,0.03849468752741814,MissedShots,Head,OpenPlay,a,2025
684948,29791,6905,Ludovic Ajorque,1,0.9569999694824218,0.46,0.08196211606264114,MissedShots,Head,FromCorner,h,2025
684950,29791,7562,Eric Junior Dina Ebimbe,7,0.89,0.590999984741211,0.06441926211118698,BlockedShot,RightFoot,OpenPlay,h,2025
684952,29791,6905,Ludovic Ajorque,12,0.9209999847412109,0.5259999847412109,0.32309871912002563,Goal,Head,OpenPlay,h,2025
684955,29791,10100,Kamory Doumbia,21,0.9230000305175782,0.445,0.09352140873670578,MissedShots,RightFoot,OpenPlay,h,2025
684957,29791,6905,Ludovic Ajorque,29,0.894000015258789,0.45099998474121095,0.07581230998039246,BlockedShot,LeftFoot,OpenPlay,h,2025
684958,29791,13283,Raphaël Le Guen,30,0.9,0.42700000762939455,0.08678261935710907,BlockedShot,RightFoot,FromCorner,h,2025
684959,29791,10100,Kamory Doumbia,34,0.7969999694824219,0.57,0.07000532746315002,SavedShot,RightFoot,OpenPlay,h,2025
684960,29791,6905,Ludovic Ajorque,35,0.8819999694824219,0.47400001525878904,0.30530691146850586,SavedShot,LeftFoot,OpenPlay,h,2025
684961,29791,5742,Hugo Magnetti,40,0.7919999694824219,0.41900001525878905,0.03344712033867836,SavedShot,RightFoot,OpenPlay,h,2025
684962,29791,6905,Ludovic Ajorque,41,0.965999984741211,0.544000015258789,0.09654735773801804,MissedShots,Head,FromCorner,h,2025
684963,29791,7562,Eric Junior Dina Ebimbe,41,0.9590000152587891,0.4540000152587891,0.08020873367786407,SavedShot,Head,FromCorner,h,2025
684964,29791,11061,Michel Diaz,44,0.8190000152587891,0.7,0.02338847704231739,SavedShot,RightFoot,SetPiece,h,2025
684968,29791,3721,Romain Del Castillo,65,0.7380000305175781,0.5109999847412109,0.01986507512629032,MissedShots,LeftFoot,OpenPlay,h,2025
684969,29791,11065,Remy Labeau Lascary,68,0.860999984741211,0.740999984741211,0.08119805157184601,BlockedShot,RightFoot,OpenPlay,h,2025
684970,29791,5742,Hugo Magnetti,69,0.8780000305175781,0.7030000305175781,0.04834436625242233,BlockedShot,LeftFoot,OpenPlay,h,2025
684971,29791,13968,Daouda Guindo,70,0.675,0.7419999694824219,0.025170236825942993,BlockedShot,LeftFoot,DirectFreekick,h,2025
684972,29791,11061,Michel Diaz,76,0.9669999694824218,0.5229999923706055,0.5410394668579102,MissedShots,Head,OpenPlay,h,2025
684975,29791,13552,Hamidou Makalou,81,0.8519999694824218,0.44799999237060545,0.07642733305692673,BlockedShot,RightFoot,OpenPlay,h,2025
684976,29791,6905,Ludovic Ajorque,86,0.9580000305175781,0.44599998474121094,0.43303465843200684,MissedShots,Head,OpenPlay,h,2025
684977,29791,7747,Mama Baldé,87,0.875999984741211,0.5220000076293946,0.072022445499897,BlockedShot,LeftFoot,OpenPlay,h,2025
684978,29791,13968,Daouda Guindo,91,0.86,0.7630000305175781,0.022673528641462326,MissedShots,LeftFoot,OpenPlay,h,2025
684949,29791,12498,Valentín Barco,5,0.8569999694824219,0.495,0.08556395769119263,MissedShots,LeftFoot,OpenPlay,a,2025
684951,29791,12498,Valentín Barco,8,0.955999984741211,0.5020000076293946,0.7244671583175659,Goal,LeftFoot,OpenPlay,a,2025
684953,29791,10485,Guemissongui Ouattara,16,0.9019999694824219,0.6580000305175782,0.0864596888422966,BlockedShot,LeftFoot,OpenPlay,a,2025
684954,29791,12970,Sebastian Nanasi,19,0.945,0.46799999237060547,0.49635300040245056,Goal,Head,OpenPlay,a,2025
684956,29791,11058,Julio Enciso,22,0.735999984741211,0.4209999847412109,0.0244732853025198,SavedShot,RightFoot,OpenPlay,a,2025
684965,29791,11058,Julio Enciso,51,0.9019999694824219,0.710999984741211,0.06528212130069733,BlockedShot,RightFoot,OpenPlay,a,2025
684966,29791,10485,Guemissongui Ouattara,59,0.7080000305175781,0.6079999923706054,0.014264651574194431,SavedShot,RightFoot,OpenPlay,a,2025
684967,29791,11978,Diego Moreira,60,0.8809999847412109,0.325,0.0748329758644104,MissedShots,RightFoot,OpenPlay,a,2025
684973,29791,12498,Valentín Barco,78,0.9009999847412109,0.6959999847412109,0.09410636872053146,BlockedShot,LeftFoot,OpenPlay,a,2025
684974,29791,11618,Samuel Amo-Ameyaw,79,0.7519999694824219,0.3840000152587891,0.02582203783094883,BlockedShot,LeftFoot,FromCorner,a,2025
685001,29792,11046,Abdallah Sima,7,0.874000015258789,0.5790000152587891,0.023350141942501068,MissedShots,Head,OpenPlay,h,2025
685002,29792,3697,Odsonne Edouard,8,0.8059999847412109,0.46599998474121096,0.04666364938020706,BlockedShot,LeftFoot,OpenPlay,h,2025
685005,29792,11142,Pierre Ganiou,13,0.6909999847412109,0.36,0.011583364568650723,MissedShots,RightFoot,OpenPlay,h,2025
685006,29792,3697,Odsonne Edouard,17,0.87,0.5429999923706055,0.08147042244672775,SavedShot,RightFoot,OpenPlay,h,2025
685007,29792,3799,Wesley Said,19,0.9059999847412109,0.3820000076293945,0.35367292165756226,BlockedShot,RightFoot,OpenPlay,h,2025
685008,29792,3549,Adrien Thomasson,19,0.9230000305175782,0.4129999923706055,0.25715371966362,BlockedShot,Head,OpenPlay,h,2025
685009,29792,3697,Odsonne Edouard,23,0.8159999847412109,0.5029999923706054,0.06522674858570099,MissedShots,LeftFoot,OpenPlay,h,2025
685012,29792,3549,Adrien Thomasson,32,0.874000015258789,0.59,0.07692337036132812,MissedShots,RightFoot,OpenPlay,h,2025
685013,29792,3799,Wesley Said,35,0.9340000152587891,0.485,0.4151616096496582,MissedShots,Head,OpenPlay,h,2025
685014,29792,11046,Abdallah Sima,37,0.784000015258789,0.5229999923706055,0.03041604347527027,SavedShot,LeftFoot,OpenPlay,h,2025
685015,29792,11046,Abdallah Sima,38,0.9309999847412109,0.47299999237060547,0.11698103696107864,MissedShots,Head,FromCorner,h,2025
685016,29792,11046,Abdallah Sima,40,0.9380000305175781,0.28200000762939453,0.044188614934682846,MissedShots,RightFoot,OpenPlay,h,2025
685018,29792,13917,Mamadou Sangaré,45,0.8109999847412109,0.705999984741211,0.025983070954680443,SavedShot,LeftFoot,OpenPlay,h,2025
685019,29792,3799,Wesley Said,46,0.9080000305175782,0.46799999237060547,0.37569907307624817,SavedShot,RightFoot,OpenPlay,h,2025
685020,29792,11046,Abdallah Sima,45,0.8980000305175782,0.5359999847412109,0.44755321741104126,SavedShot,LeftFoot,OpenPlay,h,2025
685023,29792,11046,Abdallah Sima,53,0.904000015258789,0.6359999847412109,0.06636782735586166,SavedShot,LeftFoot,OpenPlay,h,2025
685024,29792,3697,Odsonne Edouard,53,0.8380000305175781,0.515,0.05834023281931877,MissedShots,LeftFoot,OpenPlay,h,2025
685026,29792,5745,Matthieu Udol,62,0.894000015258789,0.7319999694824219,0.006850284058600664,SavedShot,Head,OpenPlay,h,2025
685027,29792,101,Allan Saint-Maximin,71,0.855,0.6569999694824219,0.05094994604587555,BlockedShot,RightFoot,OpenPlay,h,2025
685028,29792,101,Allan Saint-Maximin,72,0.860999984741211,0.5720000076293945,0.05876828357577324,BlockedShot,RightFoot,OpenPlay,h,2025
685029,29792,11046,Abdallah Sima,73,0.8680000305175781,0.5420000076293945,0.1347091794013977,ShotOnPost,RightFoot,OpenPlay,h,2025
685030,29792,13917,Mamadou Sangaré,79,0.884000015258789,0.5520000076293945,0.10201546549797058,SavedShot,LeftFoot,OpenPlay,h,2025
685031,29792,101,Allan Saint-Maximin,84,0.8190000152587891,0.4620000076293945,0.048139214515686035,MissedShots,LeftFoot,OpenPlay,h,2025
685032,29792,101,Allan Saint-Maximin,85,0.8780000305175781,0.3920000076293945,0.061783529818058014,BlockedShot,RightFoot,OpenPlay,h,2025
685034,29792,942,Florian Thauvin,94,0.8469999694824218,0.5579999923706055,0.17382872104644775,MissedShots,LeftFoot,OpenPlay,h,2025
685000,29792,13749,Dro Fernández,6,0.745,0.455,0.019359249621629715,MissedShots,RightFoot,OpenPlay,a,2025
685003,29792,10431,Désiré Doué,12,0.8209999847412109,0.5220000076293946,0.08600285649299622,BlockedShot,RightFoot,OpenPlay,a,2025
685004,29792,12734,João Neves,13,0.85,0.2620000076293945,0.029466502368450165,MissedShots,RightFoot,OpenPlay,a,2025
685010,29792,7453,Khvicha Kvaratskhelia,28,0.895,0.4620000076293945,0.315907746553421,Goal,RightFoot,OpenPlay,a,2025
685011,29792,10016,Bradley Barcola,31,0.9119999694824219,0.62,0.11830615997314453,BlockedShot,LeftFoot,OpenPlay,a,2025
685017,29792,3226,Ousmane Dembélé,43,0.9080000305175782,0.33599998474121096,0.08469326049089432,SavedShot,RightFoot,OpenPlay,a,2025
685021,29792,13749,Dro Fernández,48,0.8669999694824219,0.3579999923706055,0.08483505994081497,BlockedShot,RightFoot,OpenPlay,a,2025
685022,29792,10431,Désiré Doué,49,0.8859999847412109,0.34200000762939453,0.011190230958163738,BlockedShot,Head,FromCorner,a,2025
685025,29792,3226,Ousmane Dembélé,55,0.8919999694824219,0.3,0.06112205609679222,MissedShots,LeftFoot,OpenPlay,a,2025
685033,29792,12733,Ibrahim Mbaye,92,0.855,0.45799999237060546,0.1329929530620575,Goal,RightFoot,OpenPlay,a,2025
686302,29835,13552,Hamidou Makalou,3,0.7030000305175781,0.5229999923706055,0.015024219639599323,SavedShot,RightFoot,OpenPlay,h,2025
686303,29835,10100,Kamory Doumbia,11,0.775,0.5070000076293946,0.022519050166010857,SavedShot,LeftFoot,SetPiece,h,2025
686304,29835,7736,Brendan Chardonnet,12,0.9230000305175782,0.3679999923706055,0.011958836577832699,MissedShots,Head,FromCorner,h,2025
686305,29835,13968,Daouda Guindo,13,0.76,0.775,0.010080131702125072,MissedShots,LeftFoot,OpenPlay,h,2025
686306,29835,10100,Kamory Doumbia,22,0.8030000305175782,0.5379999923706055,0.0324881486594677,MissedShots,RightFoot,FromCorner,h,2025
686307,29835,3721,Romain Del Castillo,24,0.740999984741211,0.47200000762939454,0.013121952302753925,MissedShots,LeftFoot,SetPiece,h,2025
686308,29835,10100,Kamory Doumbia,25,0.9059999847412109,0.4109999847412109,0.19723093509674072,MissedShots,Head,OpenPlay,h,2025
686311,29835,14052,Pathé Mboup,46,0.8419999694824218,0.625,0.06079649180173874,MissedShots,RightFoot,OpenPlay,h,2025
686312,29835,14052,Pathé Mboup,52,0.9059999847412109,0.615,0.06450668722391129,MissedShots,RightFoot,OpenPlay,h,2025
686313,29835,6905,Ludovic Ajorque,53,0.9,0.4229999923706055,0.03057151660323143,MissedShots,Head,OpenPlay,h,2025
686314,29835,3721,Romain Del Castillo,54,0.93,0.5709999847412109,0.47205162048339844,Goal,RightFoot,OpenPlay,h,2025
686316,29835,11065,Remy Labeau Lascary,67,0.8430000305175781,0.3220000076293945,0.045119721442461014,BlockedShot,RightFoot,OpenPlay,h,2025
686317,29835,3743,Lucas Tousart,67,0.9290000152587891,0.49700000762939456,0.3737761974334717,MissedShots,Head,FromCorner,h,2025
686320,29835,6905,Ludovic Ajorque,71,0.8869999694824219,0.5540000152587891,0.08432947099208832,MissedShots,LeftFoot,OpenPlay,h,2025
686324,29835,11065,Remy Labeau Lascary,78,0.745,0.625,0.013854303397238255,BlockedShot,LeftFoot,OpenPlay,h,2025
686325,29835,11065,Remy Labeau Lascary,80,0.8769999694824219,0.34400001525878904,0.43092381954193115,SavedShot,RightFoot,OpenPlay,h,2025
686326,29835,5742,Hugo Magnetti,85,0.785,0.415,0.02301400899887085,BlockedShot,RightFoot,FromCorner,h,2025
686327,29835,11065,Remy Labeau Lascary,88,0.9519999694824218,0.5029999923706054,0.4858776330947876,BlockedShot,RightFoot,FromCorner,h,2025
686309,29835,3495,Pierrick Capelle,31,0.7619999694824219,0.6379999923706055,0.01904773712158203,BlockedShot,LeftFoot,FromCorner,a,2025
686310,29835,14131,Amine Sbaï,39,0.970999984741211,0.3110000038146973,0.4181409776210785,MissedShots,RightFoot,OpenPlay,a,2025
686315,29835,14131,Amine Sbaï,59,0.7859999847412109,0.66,0.04037871211767197,Goal,RightFoot,OpenPlay,a,2025
686318,29835,13335,Goduine Koyalipou,68,0.9169999694824219,0.30700000762939456,0.053662966936826706,MissedShots,RightFoot,OpenPlay,a,2025
686319,29835,13335,Goduine Koyalipou,69,0.9159999847412109,0.37599998474121094,0.10147380828857422,BlockedShot,RightFoot,OpenPlay,a,2025
686321,29835,3495,Pierrick Capelle,74,0.7519999694824219,0.5940000152587891,0.024059375748038292,MissedShots,LeftFoot,FromCorner,a,2025
686322,29835,13335,Goduine Koyalipou,74,0.8030000305175782,0.5659999847412109,0.3526681363582611,SavedShot,LeftFoot,OpenPlay,a,2025
686323,29835,10243,Jacques Ekomie,76,0.9059999847412109,0.4909999847412109,0.05475101247429848,MissedShots,Head,OpenPlay,a,2025
686328,29836,13051,Matias Fernandez-Pardo,3,0.8769999694824219,0.37,0.08032286912202835,SavedShot,RightFoot,OpenPlay,h,2025
686329,29836,914,Nabil Bentaleb,11,0.8130000305175781,0.3970000076293945,0.03472442552447319,SavedShot,LeftFoot,SetPiece,h,2025
686332,29836,9444,Felix Correia,30,0.92,0.6070000076293945,0.2940334677696228,MissedShots,LeftFoot,OpenPlay,h,2025
686335,29836,9444,Felix Correia,34,0.74,0.4590000152587891,0.016076479107141495,MissedShots,RightFoot,FromCorner,h,2025
686336,29836,3223,Benjamin André,47,0.9269999694824219,0.519000015258789,0.09116765111684799,MissedShots,RightFoot,SetPiece,h,2025
686337,29836,502,Olivier Giroud,47,0.915,0.4929999923706055,0.3639993369579315,SavedShot,LeftFoot,OpenPlay,h,2025
686339,29836,13051,Matias Fernandez-Pardo,52,0.955999984741211,0.6880000305175781,0.03106822445988655,MissedShots,RightFoot,OpenPlay,h,2025
686340,29836,9444,Felix Correia,53,0.925,0.5020000076293946,0.09600523114204407,BlockedShot,RightFoot,OpenPlay,h,2025
686341,29836,13782,Nathan Ngoy,53,0.909000015258789,0.500999984741211,0.033333245664834976,MissedShots,Head,FromCorner,h,2025
686342,29836,11757,Hákon Haraldsson,64,0.8680000305175781,0.6079999923706054,0.069852814078331,BlockedShot,RightFoot,OpenPlay,h,2025
686343,29836,3223,Benjamin André,65,0.7819999694824219,0.41400001525878904,0.029124900698661804,BlockedShot,RightFoot,OpenPlay,h,2025
686346,29836,12801,Osame Sahraoui,93,0.8580000305175781,0.5790000152587891,0.08474194258451462,BlockedShot,LeftFoot,OpenPlay,h,2025
686330,29836,10818,Kévin Danois,19,0.855999984741211,0.710999984741211,0.03560000658035278,MissedShots,RightFoot,OpenPlay,a,2025
686331,29836,13596,Telli Siwe,22,0.9169999694824219,0.47200000762939454,0.04760199412703514,SavedShot,Head,FromCorner,a,2025
686333,29836,10815,Lassine Sinayoko,31,0.9580000305175781,0.7330000305175781,0.033656369894742966,SavedShot,LeftFoot,OpenPlay,a,2025
686334,29836,10815,Lassine Sinayoko,31,0.9459999847412109,0.6819999694824219,0.05107734724879265,Goal,RightFoot,OpenPlay,a,2025
686338,29836,8970,Sékou Mara,49,0.8780000305175781,0.2720000076293945,0.053625673055648804,MissedShots,RightFoot,OpenPlay,a,2025
686344,29836,9274,Naouirou Ahamada,79,0.874000015258789,0.3,0.07308382540941238,MissedShots,RightFoot,OpenPlay,a,2025
686345,29836,10815,Lassine Sinayoko,89,0.8619999694824219,0.5970000076293945,0.3228515684604645,Goal,RightFoot,OpenPlay,a,2025
686348,29837,10347,Pablo Pagis,14,0.7969999694824219,0.78,0.046759698539972305,BlockedShot,RightFoot,DirectFreekick,h,2025
686350,29837,10347,Pablo Pagis,27,0.8019999694824219,0.38299999237060545,0.03570576384663582,MissedShots,RightFoot,OpenPlay,h,2025
686351,29837,13904,Abdoulaye Faye,32,0.029000000953674318,0.54,0,OwnGoal,LeftFoot,OpenPlay,h,2025
686353,29837,3536,Jean-Victor Makengo,43,0.8,0.38,0.025442492216825485,MissedShots,RightFoot,SetPiece,h,2025
686354,29837,9345,Ahmadou Bamba Dieng,49,0.885,0.5,0.7600951194763184,SavedShot,RightFoot,Penalty,h,2025
686355,29837,3536,Jean-Victor Makengo,45,0.7530000305175781,0.6190000152587891,0.021696651354432106,BlockedShot,LeftFoot,OpenPlay,h,2025
686356,29837,10347,Pablo Pagis,46,0.8069999694824219,0.7080000305175781,0.025129951536655426,SavedShot,RightFoot,OpenPlay,h,2025
686358,29837,9345,Ahmadou Bamba Dieng,55,0.924000015258789,0.4859999847412109,0.12511315941810608,MissedShots,Head,OpenPlay,h,2025
686359,29837,13975,Noah Cadiou,56,0.6730000305175782,0.5620000076293945,0.0125479931011796,BlockedShot,RightFoot,OpenPlay,h,2025
686363,29837,13795,Dermane Karim,84,0.8269999694824218,0.48900001525878906,0.05811645835638046,BlockedShot,RightFoot,OpenPlay,h,2025
686364,29837,13975,Noah Cadiou,85,0.825,0.43900001525878907,0.04439790919423103,MissedShots,LeftFoot,OpenPlay,h,2025
686365,29837,13794,Arsène Kouassi,87,0.7780000305175782,0.40799999237060547,0.08499722182750702,MissedShots,LeftFoot,DirectFreekick,h,2025
686366,29837,9873,Montassar Talbi,90,0.8830000305175781,0.5590000152587891,0.029366156086325645,BlockedShot,Head,FromCorner,h,2025
686347,29837,1734,Sofiane Boufal,0,0.7659999847412109,0.585999984741211,0.03427330031991005,SavedShot,RightFoot,OpenPlay,a,2025
686349,29837,11792,Issa Soumaré,20,0.9059999847412109,0.5690000152587891,0.14713431894779205,MissedShots,LeftFoot,OpenPlay,a,2025
686352,29837,11795,Yassine Kechta,38,0.7880000305175782,0.6619999694824219,0.032260023057460785,SavedShot,RightFoot,OpenPlay,a,2025
686357,29837,1734,Sofiane Boufal,53,0.7130000305175781,0.4759999847412109,0.04490748047828674,MissedShots,RightFoot,DirectFreekick,a,2025
686360,29837,11792,Issa Soumaré,60,0.8519999694824218,0.6270000076293946,0.2686469554901123,SavedShot,LeftFoot,OpenPlay,a,2025
686361,29837,11792,Issa Soumaré,61,0.8919999694824219,0.4,0.7078292965888977,Goal,RightFoot,OpenPlay,a,2025
686362,29837,1734,Sofiane Boufal,67,0.9690000152587891,0.6909999847412109,0.052601274102926254,MissedShots,LeftFoot,OpenPlay,a,2025
686522,29838,12884,Endrick,5,0.9619999694824218,0.16,0.06181259825825691,MissedShots,LeftFoot,DirectFreekick,h,2025
686524,29838,13738,Ruben Kluivert,9,0.975999984741211,0.5520000076293945,0.08910641074180603,MissedShots,Head,FromCorner,h,2025
686528,29838,12884,Endrick,43,0.8569999694824219,0.5029999923706054,0.06763377040624619,SavedShot,RightFoot,FromCorner,h,2025
686532,29838,13739,Afonso Moreira,50,0.7709999847412109,0.6869999694824219,0.017129963263869286,SavedShot,RightFoot,OpenPlay,h,2025
686534,29838,3603,Corentin Tolisso,52,0.965,0.5479999923706055,0.08414629101753235,MissedShots,Head,FromCorner,h,2025
686536,29838,13739,Afonso Moreira,55,0.8869999694824219,0.664000015258789,0.0936770811676979,MissedShots,RightFoot,OpenPlay,h,2025
686537,29838,13739,Afonso Moreira,56,0.88,0.47,0.08290375769138336,BlockedShot,RightFoot,FromCorner,h,2025
686538,29838,12041,Roman Yaremchuk,57,0.860999984741211,0.5459999847412109,0.09636876732110977,ShotOnPost,LeftFoot,OpenPlay,h,2025
686539,29838,3603,Corentin Tolisso,57,0.9540000152587891,0.519000015258789,0.1590186506509781,SavedShot,RightFoot,OpenPlay,h,2025
686541,29838,3603,Corentin Tolisso,66,0.8619999694824219,0.6279999923706054,0.039928972721099854,MissedShots,RightFoot,FromCorner,h,2025
686542,29838,3603,Corentin Tolisso,69,0.8109999847412109,0.4929999923706055,0.0294492207467556,BlockedShot,RightFoot,OpenPlay,h,2025
686543,29838,13735,Pavel Sulc,69,0.8819999694824219,0.5579999923706055,0.09421521425247192,SavedShot,LeftFoot,OpenPlay,h,2025
686545,29838,3603,Corentin Tolisso,76,0.8519999694824218,0.600999984741211,0.04830729216337204,MissedShots,RightFoot,OpenPlay,h,2025
686546,29838,4941,Hans Hateboer,79,0.784000015258789,0.4809999847412109,0.02933700568974018,BlockedShot,RightFoot,OpenPlay,h,2025
686548,29838,13735,Pavel Sulc,85,0.84,0.539000015258789,0.08331908285617828,BlockedShot,LeftFoot,OpenPlay,h,2025
686550,29838,12060,Ernest Nuamah,87,0.799000015258789,0.3559999847412109,0.06255209445953369,BlockedShot,LeftFoot,OpenPlay,h,2025
686523,29838,3799,Wesley Said,6,0.815,0.509000015258789,0.05221633240580559,MissedShots,RightFoot,OpenPlay,a,2025
686525,29838,3799,Wesley Said,19,0.89,0.654000015258789,0.22536879777908325,Goal,RightFoot,OpenPlay,a,2025
686526,29838,3799,Wesley Said,31,0.97,0.65,0.12899616360664368,Goal,LeftFoot,OpenPlay,a,2025
686527,29838,5648,Malang Sarr,35,0.945,0.5029999923706054,0.45707082748413086,MissedShots,Head,FromCorner,a,2025
686529,29838,3348,Florian Sotoca,45,0.8490000152587891,0.4379999923706055,0.1240357905626297,Goal,RightFoot,OpenPlay,a,2025
686530,29838,13733,Andrija Bulatovic,47,0.7880000305175782,0.5359999847412109,0.12656061351299286,MissedShots,RightFoot,OpenPlay,a,2025
686531,29838,3799,Wesley Said,49,0.950999984741211,0.624000015258789,0.047928959131240845,MissedShots,LeftFoot,FromCorner,a,2025
686533,29838,942,Florian Thauvin,50,0.8059999847412109,0.37200000762939456,0.04765096679329872,BlockedShot,LeftFoot,OpenPlay,a,2025
686535,29838,942,Florian Thauvin,53,0.8469999694824218,0.615,0.380288690328598,Goal,LeftFoot,OpenPlay,a,2025
686540,29838,5745,Matthieu Udol,58,0.879000015258789,0.6559999847412109,0.06537303328514099,BlockedShot,LeftFoot,OpenPlay,a,2025
686544,29838,11142,Pierre Ganiou,75,0.8169999694824219,0.5079999923706054,0.10952673107385635,MissedShots,RightFoot,OpenPlay,a,2025
686547,29838,11142,Pierre Ganiou,85,0.9230000305175782,0.45599998474121095,0.04233560338616371,MissedShots,Head,FromCorner,a,2025
686549,29838,11046,Abdallah Sima,87,0.9309999847412109,0.5109999847412109,0.08919468522071838,MissedShots,Head,OpenPlay,a,2025
686551,29838,3799,Wesley Said,88,0.88,0.615,0.11918247491121292,MissedShots,LeftFoot,OpenPlay,a,2025
686367,29839,14010,Igor Paixão,0,0.84,0.6430000305175781,0.11560261249542236,SavedShot,RightFoot,OpenPlay,h,2025
686368,29839,343,Pierre-Emile Højbjerg,1,0.8730000305175781,0.3890000152587891,0.08849585056304932,Goal,RightFoot,OpenPlay,h,2025
686369,29839,14010,Igor Paixão,8,0.7530000305175781,0.40400001525878904,0.03135860338807106,MissedShots,RightFoot,OpenPlay,h,2025
686370,29839,1245,Emerson,9,0.9159999847412109,0.7090000152587891,0.06674173474311829,MissedShots,LeftFoot,OpenPlay,h,2025
686371,29839,6401,Amine Gouiri,9,0.9059999847412109,0.5629999923706055,0.11933106184005737,Goal,RightFoot,OpenPlay,h,2025
686373,29839,318,Pierre-Emerick Aubameyang,19,0.9209999847412109,0.5929999923706055,0.1379522979259491,BlockedShot,RightFoot,OpenPlay,h,2025
686374,29839,7486,Leonardo Balerdi,21,0.8959999847412109,0.524000015258789,0.05793706327676773,MissedShots,Head,FromCorner,h,2025
686378,29839,14010,Igor Paixão,26,0.9030000305175782,0.6509999847412109,0.10358472913503647,BlockedShot,RightFoot,OpenPlay,h,2025
686380,29839,318,Pierre-Emerick Aubameyang,35,0.7680000305175781,0.6170000076293946,0.022999512031674385,SavedShot,RightFoot,OpenPlay,h,2025
686384,29839,7490,Mason Greenwood,40,0.7069999694824218,0.48400001525878905,0.042373549193143845,MissedShots,RightFoot,DirectFreekick,h,2025
686385,29839,7490,Mason Greenwood,42,0.8969999694824219,0.32799999237060545,0.06651017814874649,MissedShots,LeftFoot,OpenPlay,h,2025
686387,29839,318,Pierre-Emerick Aubameyang,45,0.8959999847412109,0.6170000076293946,0.3269861340522766,BlockedShot,RightFoot,OpenPlay,h,2025
686388,29839,6601,Timothy Weah,45,0.9209999847412109,0.34200000762939453,0.14239764213562012,BlockedShot,RightFoot,OpenPlay,h,2025
686389,29839,14010,Igor Paixão,45,0.7290000152587891,0.46700000762939453,0.018954254686832428,SavedShot,RightFoot,OpenPlay,h,2025
686390,29839,318,Pierre-Emerick Aubameyang,46,0.9059999847412109,0.625999984741211,0.27157092094421387,SavedShot,RightFoot,OpenPlay,h,2025
686391,29839,318,Pierre-Emerick Aubameyang,45,0.8919999694824219,0.3579999923706055,0.2633272111415863,SavedShot,RightFoot,OpenPlay,h,2025
686394,29839,6401,Amine Gouiri,50,0.875999984741211,0.43099998474121093,0.1300298124551773,BlockedShot,RightFoot,OpenPlay,h,2025
686395,29839,318,Pierre-Emerick Aubameyang,54,0.955,0.4329999923706055,0.5914187431335449,Goal,RightFoot,OpenPlay,h,2025
686396,29839,7490,Mason Greenwood,58,0.8219999694824218,0.33,0.048163242638111115,SavedShot,RightFoot,OpenPlay,h,2025
686397,29839,318,Pierre-Emerick Aubameyang,59,0.894000015258789,0.40599998474121096,0.4027842879295349,SavedShot,LeftFoot,OpenPlay,h,2025
686398,29839,14499,Tochukwu Nnadi,59,0.93,0.5579999923706055,0.39320653676986694,MissedShots,Head,OpenPlay,h,2025
686402,29839,343,Pierre-Emile Højbjerg,64,0.89,0.509000015258789,0.12803561985492706,MissedShots,LeftFoot,OpenPlay,h,2025
686403,29839,343,Pierre-Emile Højbjerg,65,0.774000015258789,0.625999984741211,0.03159979358315468,BlockedShot,RightFoot,FromCorner,h,2025
686404,29839,6401,Amine Gouiri,66,0.7880000305175782,0.6869999694824219,0.0314851813018322,BlockedShot,RightFoot,OpenPlay,h,2025
686405,29839,318,Pierre-Emerick Aubameyang,67,0.8880000305175781,0.445,0.3551412522792816,SavedShot,RightFoot,OpenPlay,h,2025
686406,29839,14010,Igor Paixão,67,0.8730000305175781,0.5729999923706055,0.08540419489145279,MissedShots,RightFoot,OpenPlay,h,2025
686407,29839,6601,Timothy Weah,70,0.7569999694824219,0.2979999923706055,0.016823243349790573,MissedShots,RightFoot,OpenPlay,h,2025
686372,29839,12850,Esteban Lepaul,12,0.96,0.41700000762939454,0.06033298373222351,MissedShots,Head,OpenPlay,a,2025
686375,29839,3475,Ludovic Blas,22,0.884000015258789,0.7119999694824218,0.04269523546099663,SavedShot,LeftFoot,OpenPlay,a,2025
686376,29839,13329,Abdelhamid Aït Boudlal,23,0.870999984741211,0.5320000076293945,0.07595527172088623,MissedShots,RightFoot,FromCorner,a,2025
686377,29839,11782,Mousa Al Tamari,24,0.85,0.6790000152587891,0.04672098159790039,BlockedShot,LeftFoot,OpenPlay,a,2025
686379,29839,11782,Mousa Al Tamari,32,0.8119999694824219,0.3240000152587891,0.02563396468758583,SavedShot,LeftFoot,OpenPlay,a,2025
686381,29839,11782,Mousa Al Tamari,36,0.904000015258789,0.5379999923706055,0.0791068971157074,MissedShots,LeftFoot,OpenPlay,a,2025
686382,29839,3673,Valentin Rongier,37,0.735,0.39299999237060546,0.010095689445734024,BlockedShot,RightFoot,OpenPlay,a,2025
686383,29839,6452,Mahdi Camara,37,0.8719999694824219,0.6190000152587891,0.08103683590888977,BlockedShot,RightFoot,OpenPlay,a,2025
686386,29839,11782,Mousa Al Tamari,44,0.950999984741211,0.34799999237060547,0.08073476701974869,MissedShots,LeftFoot,OpenPlay,a,2025
686392,29839,5356,Breel Embolo,46,0.9259999847412109,0.45099998474121095,0.422489196062088,MissedShots,RightFoot,OpenPlay,a,2025
686393,29839,11782,Mousa Al Tamari,49,0.78,0.35400001525878905,0.017521362751722336,MissedShots,LeftFoot,OpenPlay,a,2025
686399,29839,12850,Esteban Lepaul,60,0.7040000152587891,0.710999984741211,0.010623197071254253,MissedShots,RightFoot,OpenPlay,a,2025
686400,29839,12850,Esteban Lepaul,63,0.879000015258789,0.6430000305175781,0.07538434863090515,BlockedShot,LeftFoot,OpenPlay,a,2025
686401,29839,3475,Ludovic Blas,63,0.8619999694824219,0.5459999847412109,0.09549923241138458,MissedShots,LeftFoot,OpenPlay,a,2025
686408,29839,3475,Ludovic Blas,76,0.904000015258789,0.6179999923706054,0.1825316697359085,BlockedShot,LeftFoot,OpenPlay,a,2025
686409,29839,5356,Breel Embolo,78,0.875,0.46900001525878904,0.0822664126753807,BlockedShot,RightFoot,OpenPlay,a,2025
686410,29839,6452,Mahdi Camara,80,0.8469999694824218,0.3160000038146973,0.03943585976958275,ShotOnPost,RightFoot,OpenPlay,a,2025
686411,29839,13906,Nordan Mukiele,83,0.794000015258789,0.775,0.013335154391825199,BlockedShot,RightFoot,OpenPlay,a,2025
686412,29839,12850,Esteban Lepaul,83,0.9359999847412109,0.53,0.3808290660381317,Goal,Head,OpenPlay,a,2025
686413,29839,9399,Quentin Merlin,85,0.7530000305175781,0.5079999923706054,0.020984355360269547,BlockedShot,LeftFoot,OpenPlay,a,2025
686414,29839,5356,Breel Embolo,86,0.924000015258789,0.534000015258789,0.10502411425113678,MissedShots,Head,FromCorner,a,2025
686415,29839,12159,Mahamadou Nagida,86,0.7609999847412109,0.549000015258789,0.018980875611305237,MissedShots,LeftFoot,FromCorner,a,2025
686416,29839,5684,Arnaud Nordin,88,0.8680000305175781,0.2670000076293945,0.06913641840219498,SavedShot,RightFoot,OpenPlay,a,2025
686417,29839,5356,Breel Embolo,91,0.91,0.4259999847412109,0.017331769689917564,MissedShots,Head,FromCorner,a,2025
686418,29839,5356,Breel Embolo,92,0.8909999847412109,0.519000015258789,0.06559072434902191,SavedShot,Head,OpenPlay,a,2025
686419,29839,12850,Esteban Lepaul,93,0.914000015258789,0.6519999694824219,0.04641040414571762,MissedShots,LeftFoot,OpenPlay,a,2025
686420,29839,13329,Abdelhamid Aït Boudlal,96,0.8580000305175781,0.5790000152587891,0.04127073287963867,MissedShots,RightFoot,FromCorner,a,2025
686484,29841,14379,Kail Boudache,7,0.9019999694824219,0.30100000381469727,0.0801813080906868,BlockedShot,RightFoot,OpenPlay,h,2025
686486,29841,6846,Sofiane Diop,11,0.7969999694824219,0.555,0.04139363020658493,MissedShots,RightFoot,OpenPlay,h,2025
686494,29841,14379,Kail Boudache,24,0.8869999694824219,0.3890000152587891,0.09989400953054428,BlockedShot,LeftFoot,OpenPlay,h,2025
686495,29841,13070,Ali Abdi,25,0.9330000305175781,0.5990000152587891,0.02014673687517643,MissedShots,Head,FromCorner,h,2025
686496,29841,14031,Charles Vanhoutte,39,0.7819999694824219,0.6029999923706054,0.03923662751913071,MissedShots,RightFoot,OpenPlay,h,2025
686497,29841,6846,Sofiane Diop,43,0.8190000152587891,0.45799999237060546,0.06714043766260147,MissedShots,RightFoot,OpenPlay,h,2025
686498,29841,3696,Morgan Sanson,45,0.7580000305175781,0.5,0.02433401346206665,BlockedShot,RightFoot,OpenPlay,h,2025
686499,29841,13070,Ali Abdi,46,0.9259999847412109,0.45299999237060545,0.044619813561439514,MissedShots,Head,FromCorner,h,2025
686500,29841,3696,Morgan Sanson,46,0.855999984741211,0.46099998474121096,0.10002586990594864,BlockedShot,RightFoot,OpenPlay,h,2025
686501,29841,8050,Hichem Boudaoui,46,0.6959999847412109,0.5059999847412109,0.012655088678002357,SavedShot,RightFoot,OpenPlay,h,2025
686503,29841,9514,Antoine Mendy,48,0.7090000152587891,0.36200000762939455,0.014609136618673801,MissedShots,RightFoot,OpenPlay,h,2025
686505,29841,8685,Mohamed Ali-Cho,54,0.88,0.4879999923706055,0.05781944841146469,MissedShots,Head,OpenPlay,h,2025
686506,29841,6846,Sofiane Diop,56,0.875999984741211,0.4329999923706055,0.1060766726732254,BlockedShot,RightFoot,OpenPlay,h,2025
686507,29841,148,Dante,57,0.9319999694824219,0.5529999923706055,0.048379335552453995,BlockedShot,Head,FromCorner,h,2025
686508,29841,13070,Ali Abdi,57,0.9280000305175782,0.4620000076293945,0.05899323895573616,MissedShots,Head,FromCorner,h,2025
686509,29841,6846,Sofiane Diop,61,0.8809999847412109,0.43900001525878907,0.1159033253788948,SavedShot,RightFoot,OpenPlay,h,2025
686510,29841,13070,Ali Abdi,65,0.8440000152587891,0.6430000305175781,0.041124794632196426,SavedShot,RightFoot,OpenPlay,h,2025
686512,29841,8050,Hichem Boudaoui,68,0.6880000305175781,0.7090000152587891,0.010252115316689014,MissedShots,RightFoot,OpenPlay,h,2025
686515,29841,8685,Mohamed Ali-Cho,71,0.935,0.395,0.0847010612487793,MissedShots,LeftFoot,OpenPlay,h,2025
686516,29841,13070,Ali Abdi,76,0.8930000305175781,0.5640000152587891,0.0865812823176384,MissedShots,RightFoot,OpenPlay,h,2025
686518,29841,148,Dante,86,0.89,0.535,0.046555295586586,BlockedShot,Head,FromCorner,h,2025
686520,29841,13751,Isak Jansson,92,0.749000015258789,0.6320000076293946,0.015375953167676926,SavedShot,RightFoot,FromCorner,h,2025
686485,29841,13813,Giorgi Abuashvili,8,0.8730000305175781,0.6509999847412109,0.09383897483348846,MissedShots,RightFoot,OpenPlay,a,2025
686487,29841,11806,Sadibou Sané,12,0.9,0.37,0.054544847458601,BlockedShot,RightFoot,SetPiece,a,2025
686488,29841,13813,Giorgi Abuashvili,12,0.8619999694824219,0.51,0.0843263640999794,BlockedShot,RightFoot,SetPiece,a,2025
686489,29841,13813,Giorgi Abuashvili,13,0.8819999694824219,0.575,0.11629137396812439,SavedShot,LeftFoot,SetPiece,a,2025
686490,29841,13813,Giorgi Abuashvili,14,0.855999984741211,0.6959999847412109,0.03738408535718918,BlockedShot,RightFoot,OpenPlay,a,2025
686491,29841,14147,Believe Munongo,15,0.8230000305175781,0.34799999237060547,0.03884183615446091,SavedShot,LeftFoot,OpenPlay,a,2025
686492,29841,14431,Giorgi Kvilitaia,20,0.904000015258789,0.4159999847412109,0.015407155267894268,MissedShots,Head,FromCorner,a,2025
686493,29841,3393,Bouna Sarr,22,0.9080000305175782,0.34299999237060547,0.040807876735925674,MissedShots,RightFoot,OpenPlay,a,2025
686502,29841,13812,Alpha Touré,47,0.87,0.7,0.04075564071536064,MissedShots,RightFoot,OpenPlay,a,2025
686504,29841,5727,Gauthier Hein,49,0.8780000305175781,0.29200000762939454,0.0669528990983963,SavedShot,LeftFoot,OpenPlay,a,2025
686511,29841,13813,Giorgi Abuashvili,66,0.7559999847412109,0.4640000152587891,0.02461048774421215,SavedShot,RightFoot,OpenPlay,a,2025
686513,29841,13813,Giorgi Abuashvili,70,0.9059999847412109,0.7169999694824218,0.04465041309595108,BlockedShot,LeftFoot,OpenPlay,a,2025
686514,29841,14431,Giorgi Kvilitaia,70,0.8180000305175781,0.5520000076293945,0.05575857311487198,BlockedShot,RightFoot,OpenPlay,a,2025
686517,29841,14431,Giorgi Kvilitaia,84,0.8130000305175781,0.504000015258789,0.06414713710546494,BlockedShot,LeftFoot,OpenPlay,a,2025
686519,29841,3393,Bouna Sarr,91,0.7780000305175782,0.4490000152587891,0.03321511298418045,MissedShots,RightFoot,OpenPlay,a,2025
686521,29841,8119,Boubacar Traore,94,0.8009999847412109,0.34799999237060547,0.029850361868739128,MissedShots,RightFoot,OpenPlay,a,2025
686421,29842,13805,Adama Camara,1,0.9690000152587891,0.4470000076293945,0.1065121591091156,SavedShot,Head,FromCorner,h,2025
686423,29842,6332,Willem Geubbels,5,0.9469999694824218,0.32799999237060545,0.3116217851638794,SavedShot,RightFoot,OpenPlay,h,2025
686424,29842,7908,Marshall Munetsi,5,0.9640000152587891,0.27899999618530275,0.050648316740989685,SavedShot,RightFoot,OpenPlay,h,2025
686425,29842,7169,Moses Simon,8,0.8780000305175781,0.6480000305175782,0.07162567228078842,SavedShot,RightFoot,OpenPlay,h,2025
686426,29842,13800,Samir Chergui,8,0.885,0.629000015258789,0.01356340479105711,MissedShots,Head,FromCorner,h,2025
686427,29842,7908,Marshall Munetsi,11,0.919000015258789,0.39299999237060546,0.0863795354962349,MissedShots,RightFoot,OpenPlay,h,2025
686429,29842,10169,Diego Coppola,17,0.9119999694824219,0.445,0.09878306835889816,SavedShot,Head,SetPiece,h,2025
686431,29842,5661,Jonathan Ikone,37,0.855,0.3509999847412109,0.06665724515914917,MissedShots,LeftFoot,OpenPlay,h,2025
686432,29842,7908,Marshall Munetsi,39,0.865,0.6719999694824219,0.05762536823749542,MissedShots,LeftFoot,OpenPlay,h,2025
686434,29842,5661,Jonathan Ikone,57,0.7830000305175782,0.3509999847412109,0.022851137444376945,BlockedShot,LeftFoot,OpenPlay,h,2025
686435,29842,13801,Alimami Gory,72,0.9080000305175782,0.23100000381469726,0.043961696326732635,SavedShot,RightFoot,OpenPlay,h,2025
686436,29842,5619,Pierre Lees-Melou,75,0.8530000305175781,0.759000015258789,0.011628241278231144,MissedShots,LeftFoot,SetPiece,h,2025
686437,29842,13801,Alimami Gory,75,0.92,0.5159999847412109,0.5475226044654846,Goal,RightFoot,SetPiece,h,2025
686438,29842,9656,Ilan Kebbal,77,0.754000015258789,0.22899999618530273,0.012841572985053062,SavedShot,LeftFoot,OpenPlay,h,2025
686439,29842,3772,Maxime Lopez,78,0.919000015258789,0.325,0.06867029517889023,BlockedShot,LeftFoot,OpenPlay,h,2025
686440,29842,10620,Luca Koleosho,82,0.8680000305175781,0.7119999694824218,0.03863096237182617,BlockedShot,RightFoot,OpenPlay,h,2025
686446,29842,13801,Alimami Gory,93,0.9490000152587891,0.4640000152587891,0.7254626750946045,Goal,RightFoot,OpenPlay,h,2025
686422,29842,10016,Bradley Barcola,1,0.89,0.33099998474121095,0.05990998074412346,SavedShot,LeftFoot,OpenPlay,a,2025
686428,29842,8777,Vitinha,14,0.7559999847412109,0.575999984741211,0.020799318328499794,MissedShots,RightFoot,OpenPlay,a,2025
686430,29842,8777,Vitinha,31,0.8230000305175781,0.16899999618530273,0.04246748611330986,MissedShots,RightFoot,DirectFreekick,a,2025
686433,29842,10016,Bradley Barcola,49,0.9369999694824219,0.4379999923706055,0.5138022899627686,Goal,RightFoot,OpenPlay,a,2025
686441,29842,11767,Gonçalo Ramos,82,0.7859999847412109,0.22299999237060547,0.017340142279863358,BlockedShot,LeftFoot,OpenPlay,a,2025
686442,29842,12734,João Neves,82,0.909000015258789,0.67,0.07831931114196777,MissedShots,RightFoot,OpenPlay,a,2025
686443,29842,12733,Ibrahim Mbaye,84,0.8480000305175781,0.6930000305175781,0.04109629616141319,BlockedShot,RightFoot,OpenPlay,a,2025
686444,29842,2447,Fabián,89,0.870999984741211,0.61,0.07623559236526489,MissedShots,LeftFoot,OpenPlay,a,2025
686445,29842,3297,Marquinhos,92,0.8869999694824219,0.37,0.013963519595563412,BlockedShot,Head,FromCorner,a,2025
686448,29843,11058,Julio Enciso,7,0.95,0.61,0.26302677392959595,BlockedShot,RightFoot,OpenPlay,h,2025
686453,29843,11978,Diego Moreira,23,0.8,0.3290000152587891,0.08061206340789795,BlockedShot,LeftFoot,DirectFreekick,h,2025
686454,29843,11978,Diego Moreira,28,0.759000015258789,0.25799999237060545,0.01699671521782875,SavedShot,LeftFoot,OpenPlay,h,2025
686458,29843,11164,Martial Godo,33,0.9209999847412109,0.5359999847412109,0.5060476660728455,Goal,RightFoot,OpenPlay,h,2025
686462,29843,11978,Diego Moreira,46,0.759000015258789,0.45299999237060545,0.02538379095494747,BlockedShot,LeftFoot,OpenPlay,h,2025
686463,29843,12284,Samir El Mourabet,47,0.725999984741211,0.5070000076293946,0.017726698890328407,MissedShots,RightFoot,FromCorner,h,2025
686464,29843,12970,Sebastian Nanasi,48,0.9780000305175781,0.38,0.04144315421581268,MissedShots,RightFoot,OpenPlay,h,2025
686467,29843,10390,Ismaël Doukouré,54,0.09699999809265136,0.43599998474121093,0,OwnGoal,RightFoot,OpenPlay,h,2025
686468,29843,11978,Diego Moreira,57,0.8669999694824219,0.44299999237060544,0.26502370834350586,Goal,LeftFoot,OpenPlay,h,2025
686469,29843,11164,Martial Godo,59,0.865,0.5329999923706055,0.09224581718444824,MissedShots,RightFoot,OpenPlay,h,2025
686470,29843,12970,Sebastian Nanasi,60,0.845,0.5479999923706055,0.10682288557291031,Goal,LeftFoot,OpenPlay,h,2025
686471,29843,11978,Diego Moreira,62,0.9519999694824218,0.6559999847412109,0.06924907863140106,BlockedShot,LeftFoot,OpenPlay,h,2025
686472,29843,9833,Andrew Omobamidele,63,0.875,0.4209999847412109,0.012303884141147137,SavedShot,Head,FromCorner,h,2025
686473,29843,12970,Sebastian Nanasi,71,0.9540000152587891,0.5509999847412109,0.5272964239120483,Goal,RightFoot,OpenPlay,h,2025
686477,29843,11058,Julio Enciso,79,0.8059999847412109,0.405,0.06187412515282631,MissedShots,LeftFoot,OpenPlay,h,2025
686478,29843,11164,Martial Godo,83,0.7909999847412109,0.6430000305175781,0.029307810589671135,Goal,RightFoot,OpenPlay,h,2025
686447,29843,6147,Denis Zakaria,1,0.7390000152587891,0.49,0.022838642820715904,MissedShots,RightFoot,FromCorner,a,2025
686449,29843,11799,Lamine Camara,9,0.8719999694824219,0.43900001525878907,0.0792834460735321,Goal,RightFoot,OpenPlay,a,2025
686450,29843,11710,Simon Adingra,15,0.845,0.6809999847412109,0.049348365515470505,BlockedShot,RightFoot,OpenPlay,a,2025
686451,29843,9690,Folarin Balogun,15,0.8730000305175781,0.605999984741211,0.08545257151126862,BlockedShot,RightFoot,OpenPlay,a,2025
686452,29843,9690,Folarin Balogun,16,0.865,0.575,0.11309642344713211,BlockedShot,LeftFoot,OpenPlay,a,2025
686455,29843,7967,Anssumane Fati,30,0.8730000305175781,0.715,0.04600409045815468,SavedShot,LeftFoot,OpenPlay,a,2025
686456,29843,11710,Simon Adingra,30,0.9590000152587891,0.605,0.04034046083688736,SavedShot,Head,OpenPlay,a,2025
686457,29843,9690,Folarin Balogun,33,0.7530000305175781,0.07699999809265137,0.026828670874238014,MissedShots,RightFoot,OpenPlay,a,2025
686459,29843,11799,Lamine Camara,41,0.85,0.5429999923706055,0.08328352868556976,Goal,RightFoot,OpenPlay,a,2025
686460,29843,7967,Anssumane Fati,46,0.8119999694824219,0.38299999237060545,0.0513581819832325,Goal,RightFoot,OpenPlay,a,2025
686461,29843,11131,Christian Mawissa Elebi,51,0.7769999694824219,0.740999984741211,0.029306061565876007,ShotOnPost,RightFoot,OpenPlay,a,2025
686465,29843,7967,Anssumane Fati,53,0.794000015258789,0.46799999237060547,0.057183146476745605,BlockedShot,RightFoot,OpenPlay,a,2025
686466,29843,9690,Folarin Balogun,54,0.8269999694824218,0.7169999694824218,0.04078027233481407,MissedShots,LeftFoot,OpenPlay,a,2025
686474,29843,9690,Folarin Balogun,74,0.8919999694824219,0.4420000076293945,0.08513084799051285,SavedShot,LeftFoot,OpenPlay,a,2025
686475,29843,13214,Aladji Bamba,77,0.7569999694824219,0.5170000076293946,0.05209001526236534,BlockedShot,RightFoot,OpenPlay,a,2025
686476,29843,12285,Mamadou Coulibaly,77,0.825,0.36400001525878906,0.0481799952685833,BlockedShot,LeftFoot,OpenPlay,a,2025
686479,29843,11799,Lamine Camara,86,0.7769999694824219,0.3920000076293945,0.02685144729912281,MissedShots,RightFoot,OpenPlay,a,2025
686480,29843,12255,Paris Brunner,86,0.8859999847412109,0.4540000152587891,0.3857468068599701,BlockedShot,RightFoot,OpenPlay,a,2025
686481,29843,11799,Lamine Camara,90,0.8209999847412109,0.5970000076293945,0.04369203746318817,BlockedShot,LeftFoot,OpenPlay,a,2025
686482,29843,12255,Paris Brunner,93,0.86,0.6940000152587891,0.04497202858328819,SavedShot,RightFoot,OpenPlay,a,2025
686483,29843,7967,Anssumane Fati,94,0.825,0.6170000076293946,0.05009382218122482,SavedShot,RightFoot,OpenPlay,a,2025
