whoscored_match_id,whoscored_team_id,side,formation_name,captain_player_id_ws,start_minute,end_minute,data_source
1901061,300,home,3421,85070,0,72,whoscored
1901061,300,home,3421,85070,72,72,whoscored
1901061,300,home,3421,85070,72,73,whoscored
1901061,300,home,3421,85070,73,85,whoscored
1901061,300,home,3421,85070,85,89,whoscored
1901061,300,home,3421,85070,89,94,whoscored
1901061,777,away,3421,83719,0,55,whoscored
1901061,777,away,3421,83719,55,62,whoscored
1901061,777,away,3421,83719,62,63,whoscored
1901061,777,away,3421,83719,63,79,whoscored
1901061,777,away,3421,83719,79,79,whoscored
1901061,777,away,3421,83719,79,94,whoscored
1901062,78,home,4312,130368,0,64,whoscored
1901062,78,home,4312,130368,64,64,whoscored
1901062,78,home,4312,130368,64,77,whoscored
1901062,78,home,4312,130368,77,78,whoscored
1901062,78,home,4312,371396,78,84,whoscored
1901062,78,home,4312,371396,84,97,whoscored
1901062,73,away,3421,355869,0,49,whoscored
1901062,73,away,3511,141726,49,65,whoscored
1901062,73,away,3511,141726,65,75,whoscored
1901062,73,away,3511,141726,75,80,whoscored
1901062,73,away,3511,241020,80,97,whoscored
1901063,1290,home,4231,379615,0,70,whoscored
1901063,1290,home,4231,379615,70,70,whoscored
1901063,1290,home,4231,379615,70,78,whoscored
1901063,1290,home,4231,379615,78,78,whoscored
1901063,1290,home,4231,379615,78,79,whoscored
1901063,1290,home,4231,379615,79,93,whoscored
1901063,1290,home,4231,379615,93,95,whoscored
1901063,77,away,433,149029,0,60,whoscored
1901063,77,away,433,149029,60,61,whoscored
1901063,77,away,433,149029,61,66,whoscored
1901063,77,away,433,149029,66,66,whoscored
1901063,77,away,433,149029,66,75,whoscored
1901063,77,away,433,149029,75,95,whoscored
1901064,278,home,4231,425115,0,61,whoscored
1901064,278,home,4231,425115,61,74,whoscored
1901064,278,home,4231,425115,74,74,whoscored
1901064,278,home,4231,425115,74,88,whoscored
1901064,278,home,4231,425115,88,94,whoscored
1901064,79,away,433,118163,0,60,whoscored
1901064,79,away,433,118163,60,69,whoscored
1901064,79,away,433,118163,69,84,whoscored
1901064,79,away,433,118163,84,94,whoscored
1901065,75,home,352,299344,0,67,whoscored
1901065,75,home,352,299344,67,68,whoscored
1901065,75,home,352,299344,68,80,whoscored
1901065,75,home,3421,148684,80,87,whoscored
1901065,75,home,3421,148684,87,90,whoscored
1901065,72,away,433,343975,0,58,whoscored
1901065,72,away,433,343975,58,59,whoscored
1901065,72,away,433,343975,59,65,whoscored
1901065,72,away,433,343975,65,80,whoscored
1901065,72,away,433,343975,80,81,whoscored
1901065,72,away,433,343975,81,90,whoscored
1901066,87,home,3421,273539,0,59,whoscored
1901066,87,home,3421,339875,59,82,whoscored
1901066,87,home,3421,339875,82,82,whoscored
1901066,87,home,3421,339875,82,91,whoscored
1901066,87,home,541,339875,91,94,whoscored
1901066,24341,away,3421,355856,0,59,whoscored
1901066,24341,away,3421,355856,59,82,whoscored
1901066,24341,away,3421,355856,82,90,whoscored
1901066,24341,away,352,355856,90,94,whoscored
1901067,80,home,352,141646,0,48,whoscored
1901067,80,home,352,141646,48,67,whoscored
1901067,80,home,4231,141646,67,76,whoscored
1901067,80,home,4231,141646,76,94,whoscored
1901067,2731,away,352,105249,0,58,whoscored
1901067,2731,away,352,105249,58,59,whoscored
1901067,2731,away,352,105249,59,67,whoscored
1901067,2731,away,352,105249,67,86,whoscored
1901067,2731,away,352,105249,86,86,whoscored
1901067,2731,away,352,105249,86,94,whoscored
1901068,84,home,3421,70087,0,63,whoscored
1901068,84,home,3421,109149,63,76,whoscored
1901068,84,home,3421,109149,76,76,whoscored
1901068,84,home,3421,109149,76,85,whoscored
1901068,84,home,3421,109149,85,94,whoscored
1901068,71,away,4231,19580,0,29,whoscored
1901068,71,away,4231,19580,29,48,whoscored
1901068,71,away,4231,19580,48,74,whoscored
1901068,71,away,4231,302691,74,82,whoscored
1901068,71,away,4231,286828,82,94,whoscored
1901069,2889,home,433,143991,0,75,whoscored
1901069,2889,home,433,143991,75,83,whoscored
1901069,2889,home,433,143991,83,83,whoscored
1901069,2889,home,433,143991,83,92,whoscored
1901069,2889,home,442,143991,92,95,whoscored
1901069,276,away,4141,122469,0,78,whoscored
1901069,276,away,4141,122469,78,84,whoscored
1901069,276,away,4141,122469,84,91,whoscored
1901069,276,away,4141,122469,91,91,whoscored
1901069,276,away,4141,122469,91,95,whoscored
1901070,86,home,352,320585,0,61,whoscored
1901070,86,home,352,320585,61,61,whoscored
1901070,86,home,352,320585,61,74,whoscored
1901070,86,home,352,320585,74,79,whoscored
1901070,86,home,352,320585,79,94,whoscored
1901070,76,away,352,296119,0,66,whoscored
1901070,76,away,352,296119,66,72,whoscored
1901070,76,away,352,296119,72,82,whoscored
1901070,76,away,352,142425,82,94,whoscored
1901071,71,home,4231,302691,0,47,whoscored
1901071,71,home,4231,302691,47,66,whoscored
1901071,71,home,4231,302691,66,66,whoscored
1901071,71,home,4231,302691,66,74,whoscored
1901071,71,home,4231,302691,74,83,whoscored
1901071,71,home,4231,302691,83,95,whoscored
1901071,1290,away,4231,379615,0,26,whoscored
1901071,1290,away,4231,379615,26,47,whoscored
1901071,1290,away,4231,379615,47,58,whoscored
1901071,1290,away,4231,379615,58,58,whoscored
1901071,1290,away,4231,379615,58,82,whoscored
1901071,1290,away,4231,90782,82,95,whoscored
1901072,2731,home,352,105249,0,68,whoscored
1901072,2731,home,352,105249,68,75,whoscored
1901072,2731,home,352,105249,75,75,whoscored
1901072,2731,home,352,105249,75,83,whoscored
1901072,2731,home,352,105249,83,84,whoscored
1901072,2731,home,352,105249,84,97,whoscored
1901072,2889,away,433,118542,0,47,whoscored
1901072,2889,away,433,118542,47,47,whoscored
1901072,2889,away,433,118542,47,70,whoscored
1901072,2889,away,433,118542,70,70,whoscored
1901072,2889,away,433,118542,70,83,whoscored
1901072,2889,away,433,118542,83,97,whoscored
1901073,278,home,4231,425115,0,66,whoscored
1901073,278,home,3421,425115,66,78,whoscored
1901073,278,home,3421,425115,78,79,whoscored
1901073,278,home,3421,425115,79,96,whoscored
1901073,87,away,3421,273539,0,63,whoscored
1901073,87,away,3421,273539,63,63,whoscored
1901073,87,away,3421,273539,63,63,whoscored
1901073,87,away,3421,273539,63,84,whoscored
1901073,87,away,3421,273539,84,91,whoscored
1901073,87,away,3421,339875,91,96,whoscored
1901074,75,home,352,299344,0,64,whoscored
1901074,75,home,352,299344,64,70,whoscored
1901074,75,home,3421,299344,70,85,whoscored
1901074,75,home,4222,299344,85,95,whoscored
1901074,86,away,352,320585,0,48,whoscored
1901074,86,away,352,320585,48,65,whoscored
1901074,86,away,352,320585,65,72,whoscored
1901074,86,away,352,320585,72,72,whoscored
1901074,86,away,352,320585,72,73,whoscored
1901074,86,away,541,320585,73,82,whoscored
1901074,86,away,541,320585,82,95,whoscored
1901075,77,home,433,149029,0,67,whoscored
1901075,77,home,433,149029,67,67,whoscored
1901075,77,home,433,149029,67,79,whoscored
1901075,77,home,433,275698,79,87,whoscored
1901075,77,home,433,44055,87,92,whoscored
1901075,76,away,352,296119,0,47,whoscored
1901075,76,away,352,296119,47,71,whoscored
1901075,76,away,352,296119,71,79,whoscored
1901075,76,away,352,296119,79,92,whoscored
1901076,79,home,433,118163,0,51,whoscored
1901076,79,home,433,118163,51,68,whoscored
1901076,79,home,433,118163,68,68,whoscored
1901076,79,home,433,118163,68,69,whoscored
1901076,79,home,433,118163,69,86,whoscored
1901076,79,home,433,118163,86,94,whoscored
1901076,80,away,3421,141646,0,81,whoscored
1901076,80,away,3421,141646,81,82,whoscored
1901076,80,away,3421,141646,82,92,whoscored
1901076,80,away,3421,141646,92,94,whoscored
1901077,276,home,4141,122469,0,70,whoscored
1901077,276,home,4141,122469,70,76,whoscored
1901077,276,home,4141,122469,76,82,whoscored
1901077,276,home,4141,122469,82,96,whoscored
1901077,78,away,3511,130368,0,59,whoscored
1901077,78,away,3511,130368,59,66,whoscored
1901077,78,away,3511,130368,66,67,whoscored
1901077,78,away,3511,130368,67,84,whoscored
1901077,78,away,541,130368,84,96,whoscored
1901078,24341,home,3421,355856,0,58,whoscored
1901078,24341,home,3421,355856,58,83,whoscored
1901078,24341,home,3421,355856,83,83,whoscored
1901078,24341,home,3421,355856,83,94,whoscored
1901078,24341,home,3421,355856,94,94,whoscored
1901078,300,away,3421,85070,0,66,whoscored
1901078,300,away,3421,85070,66,67,whoscored
1901078,300,away,3421,85070,67,67,whoscored
1901078,300,away,3421,85070,67,90,whoscored
1901078,300,away,3421,85070,90,94,whoscored
1901079,777,home,352,83719,0,65,whoscored
1901079,777,home,352,83719,65,65,whoscored
1901079,777,home,352,83719,65,66,whoscored
1901079,777,home,352,83719,66,83,whoscored
1901079,777,home,352,83719,83,84,whoscored
1901079,777,home,352,83719,84,95,whoscored
1901079,84,away,343,70087,0,47,whoscored
1901079,84,away,343,109149,47,74,whoscored
1901079,84,away,343,109149,74,83,whoscored
1901079,84,away,343,109149,83,92,whoscored
1901079,84,away,343,109149,92,95,whoscored
1901080,72,home,433,343975,0,62,whoscored
1901080,72,home,433,343975,62,76,whoscored
1901080,72,home,433,343975,76,76,whoscored
1901080,72,home,433,343975,76,81,whoscored
1901080,72,home,433,343975,81,81,whoscored
1901080,72,home,433,343975,81,94,whoscored
1901080,73,away,3412,355869,0,46,whoscored
1901080,73,away,3412,355869,46,46,whoscored
1901080,73,away,3412,355869,46,66,whoscored
1901080,73,away,3412,355869,66,77,whoscored
1901080,73,away,3412,355869,77,83,whoscored
1901080,73,away,3412,355869,83,94,whoscored
1901081,300,home,3421,85070,0,60,whoscored
1901081,300,home,3421,85070,60,76,whoscored
1901081,300,home,3421,85070,76,76,whoscored
1901081,300,home,3421,85070,76,77,whoscored
1901081,300,home,3421,405133,77,86,whoscored
1901081,300,home,3421,405133,86,93,whoscored
1901081,79,away,433,118163,0,60,whoscored
1901081,79,away,433,118163,60,61,whoscored
1901081,79,away,4141,118163,61,72,whoscored
1901081,79,away,4141,118163,72,72,whoscored
1901081,79,away,4141,118163,72,80,whoscored
1901081,79,away,4141,118163,80,93,whoscored
1901082,78,home,4321,371396,0,59,whoscored
1901082,78,home,4321,130368,59,78,whoscored
1901082,78,home,442,130368,78,92,whoscored
1901082,78,home,532,130368,92,97,whoscored
1901082,24341,away,352,355856,0,50,whoscored
1901082,24341,away,352,355856,50,66,whoscored
1901082,24341,away,352,355856,66,84,whoscored
1901082,24341,away,352,355856,84,88,whoscored
1901082,24341,away,352,355856,88,89,whoscored
1901082,24341,away,352,355856,89,97,whoscored
1901083,1290,home,4231,379615,0,67,whoscored
1901083,1290,home,4231,228854,67,75,whoscored
1901083,1290,home,4231,228854,75,75,whoscored
1901083,1290,home,4231,228854,75,87,whoscored
1901083,1290,home,4231,228854,87,95,whoscored
1901083,1290,home,4231,228854,95,96,whoscored
1901083,278,away,4231,425115,0,59,whoscored
1901083,278,away,4231,425115,59,73,whoscored
1901083,278,away,442,425115,73,83,whoscored
1901083,278,away,442,425115,83,96,whoscored
1901084,73,home,352,355869,0,49,whoscored
1901084,73,home,352,355869,49,68,whoscored
1901084,73,home,352,355869,68,68,whoscored
1901084,73,home,352,355869,68,90,whoscored
1901084,73,home,352,355869,90,96,whoscored
1901084,73,home,352,355869,96,96,whoscored
1901084,276,away,4141,122469,0,72,whoscored
1901084,276,away,4141,122469,72,72,whoscored
1901084,276,away,4141,122469,72,72,whoscored
1901084,276,away,4141,122469,72,76,whoscored
1901084,276,away,4141,122469,76,96,whoscored
1901085,87,home,3511,273539,0,13,whoscored
1901085,87,home,3421,273539,13,74,whoscored
1901085,87,home,3421,273539,74,75,whoscored
1901085,87,home,3511,339875,75,80,whoscored
1901085,87,home,3511,339875,80,96,whoscored
1901085,75,away,352,299344,0,65,whoscored
1901085,75,away,352,299344,65,65,whoscored
1901085,75,away,352,299344,65,65,whoscored
1901085,75,away,352,299344,65,78,whoscored
1901085,75,away,352,299344,78,82,whoscored
1901085,75,away,352,299344,82,96,whoscored
1901086,80,home,3421,141646,0,46,whoscored
1901086,80,home,3421,141646,46,56,whoscored
1901086,80,home,3421,141646,56,65,whoscored
1901086,80,home,3421,141646,65,65,whoscored
1901086,80,home,3421,141646,65,85,whoscored
1901086,80,home,3421,141646,85,96,whoscored
1901086,71,away,433,396971,0,62,whoscored
1901086,71,away,433,396971,62,63,whoscored
1901086,71,away,433,396971,63,74,whoscored
1901086,71,away,4141,396971,74,83,whoscored
1901086,71,away,4141,396971,83,96,whoscored
1901087,777,home,3421,83719,0,47,whoscored
1901087,777,home,3421,83719,47,47,whoscored
1901087,777,home,3421,83719,47,47,whoscored
1901087,777,home,3421,83719,47,87,whoscored
1901087,777,home,3421,83719,87,87,whoscored
1901087,777,home,3421,83719,87,95,whoscored
1901087,86,away,352,320585,0,62,whoscored
1901087,86,away,352,320585,62,62,whoscored
1901087,86,away,352,320585,62,62,whoscored
1901087,86,away,352,320585,62,76,whoscored
1901087,86,away,352,320585,76,76,whoscored
1901087,86,away,352,320585,76,95,whoscored
1901088,84,home,3412,109149,0,49,whoscored
1901088,84,home,3421,109149,49,68,whoscored
1901088,84,home,3421,109149,68,82,whoscored
1901088,84,home,3421,109149,82,82,whoscored
1901088,84,home,3421,109149,82,99,whoscored
1901088,72,away,343,343975,0,67,whoscored
1901088,72,away,343,343975,67,67,whoscored
1901088,72,away,343,343975,67,68,whoscored
1901088,72,away,343,343975,68,83,whoscored
1901088,72,away,343,343975,83,87,whoscored
1901088,72,away,343,121417,87,99,whoscored
1901089,2889,home,433,118542,0,50,whoscored
1901089,2889,home,433,118542,50,68,whoscored
1901089,2889,home,4231,118542,68,85,whoscored
1901089,2889,home,4141,38128,85,96,whoscored
1901089,77,away,433,149029,0,40,whoscored
1901089,77,away,433,149029,40,50,whoscored
1901089,77,away,433,149029,50,64,whoscored
1901089,77,away,433,149029,64,64,whoscored
1901089,77,away,433,149029,64,84,whoscored
1901089,77,away,433,149029,84,96,whoscored
1901090,76,home,3142,296119,0,29,whoscored
1901090,76,home,3142,296119,29,72,whoscored
1901090,76,home,3142,296119,72,82,whoscored
1901090,76,home,3142,296119,82,82,whoscored
1901090,76,home,3142,296119,82,82,whoscored
1901090,76,home,3142,296119,82,94,whoscored
1901090,2731,away,352,105249,0,60,whoscored
1901090,2731,away,352,105249,60,61,whoscored
1901090,2731,away,352,105249,61,61,whoscored
1901090,2731,away,352,105249,61,68,whoscored
1901090,2731,away,3511,105249,68,88,whoscored
1901090,2731,away,3511,105249,88,94,whoscored
1901091,1290,home,4231,379615,0,47,whoscored
1901091,1290,home,4231,379615,47,69,whoscored
1901091,1290,home,4231,379615,69,69,whoscored
1901091,1290,home,4231,379615,69,88,whoscored
1901091,1290,home,4231,379615,88,93,whoscored
1901091,1290,home,532,379615,93,97,whoscored
1901091,87,away,433,273539,0,78,whoscored
1901091,87,away,4231,494525,78,84,whoscored
1901091,87,away,4231,494525,84,97,whoscored
1901092,72,home,3421,343975,0,48,whoscored
1901092,72,home,3421,343975,48,71,whoscored
1901092,72,home,3421,343975,71,83,whoscored
1901092,72,home,3421,343975,83,93,whoscored
1901092,300,away,3421,85070,0,9,whoscored
1901092,300,away,3421,85070,9,26,whoscored
1901092,300,away,3421,85070,26,88,whoscored
1901092,300,away,3421,85070,88,89,whoscored
1901092,300,away,3421,85070,89,89,whoscored
1901092,300,away,3421,85070,89,93,whoscored
1901093,2731,home,352,105249,0,62,whoscored
1901093,2731,home,352,105249,62,63,whoscored
1901093,2731,home,352,105249,63,75,whoscored
1901093,2731,home,352,105249,75,76,whoscored
1901093,2731,home,352,105249,76,92,whoscored
1901093,86,away,352,320585,0,63,whoscored
1901093,86,away,352,320585,63,63,whoscored
1901093,86,away,352,320585,63,76,whoscored
1901093,86,away,352,320585,76,87,whoscored
1901093,86,away,352,320585,87,87,whoscored
1901093,86,away,352,320585,87,92,whoscored
1901094,278,home,3421,425115,0,47,whoscored
1901094,278,home,4231,425115,47,59,whoscored
1901094,278,home,4231,425115,59,67,whoscored
1901094,278,home,4231,425115,67,67,whoscored
1901094,278,home,4231,425115,67,73,whoscored
1901094,278,home,4231,425115,73,82,whoscored
1901094,278,home,4231,425115,82,98,whoscored
1901094,24341,away,352,355856,0,42,whoscored
1901094,24341,away,352,355856,42,47,whoscored
1901094,24341,away,352,355856,47,80,whoscored
1901094,24341,away,352,355856,80,88,whoscored
1901094,24341,away,352,355856,88,88,whoscored
1901094,24341,away,352,355856,88,98,whoscored
1901095,86,home,442,320585,0,48,whoscored
1901095,86,home,442,320585,48,61,whoscored
1901095,86,home,442,320585,61,61,whoscored
1901095,86,home,442,320585,61,61,whoscored
1901095,86,home,442,320585,61,83,whoscored
1901095,86,home,442,320585,83,93,whoscored
1901095,80,away,352,337443,0,64,whoscored
1901095,80,away,352,337443,64,65,whoscored
1901095,80,away,352,337443,65,70,whoscored
1901095,80,away,352,337443,70,70,whoscored
1901095,80,away,352,337443,70,83,whoscored
1901095,80,away,3421,337443,83,93,whoscored
1901096,79,home,433,118163,0,65,whoscored
1901096,79,home,433,118163,65,65,whoscored
1901096,79,home,433,118163,65,75,whoscored
1901096,79,home,433,118163,75,87,whoscored
1901096,79,home,433,118163,87,87,whoscored
1901096,79,home,433,118163,87,96,whoscored
1901096,2889,away,433,143991,0,58,whoscored
1901096,2889,away,433,143991,58,58,whoscored
1901096,2889,away,433,143991,58,75,whoscored
1901096,2889,away,433,118542,75,96,whoscored
1901097,80,home,352,141646,0,57,whoscored
1901097,80,home,352,141646,57,90,whoscored
1901097,80,home,352,141646,90,93,whoscored
1901097,80,home,352,141646,93,97,whoscored
1901097,73,away,3511,355869,0,69,whoscored
1901097,73,away,3511,355869,69,70,whoscored
1901097,73,away,3511,355869,70,77,whoscored
1901097,73,away,3511,355869,77,87,whoscored
1901097,73,away,3511,355869,87,88,whoscored
1901097,73,away,3511,355869,88,97,whoscored
1901098,76,home,352,296119,0,65,whoscored
1901098,76,home,352,296119,65,80,whoscored
1901098,76,home,352,296119,80,92,whoscored
1901098,76,home,352,142425,92,97,whoscored
1901098,87,away,3421,273539,0,48,whoscored
1901098,87,away,3421,494525,48,59,whoscored
1901098,87,away,3421,494525,59,72,whoscored
1901098,87,away,3421,494525,72,85,whoscored
1901098,87,away,3421,494525,85,97,whoscored
1901099,777,home,352,83719,0,68,whoscored
1901099,777,home,352,83719,68,68,whoscored
1901099,777,home,352,83719,68,69,whoscored
1901099,777,home,352,83719,69,82,whoscored
1901099,777,home,352,83719,82,95,whoscored
1901099,76,away,352,296119,0,64,whoscored
1901099,76,away,352,296119,64,64,whoscored
1901099,76,away,352,296119,64,70,whoscored
1901099,76,away,352,296119,70,70,whoscored
1901099,76,away,352,296119,70,89,whoscored
1901099,76,away,352,136279,89,95,whoscored
1901100,71,home,4231,19580,0,64,whoscored
1901100,71,home,4231,302691,64,77,whoscored
1901100,71,home,4231,302691,77,77,whoscored
1901100,71,home,4231,302691,77,90,whoscored
1901100,71,home,4231,302691,90,102,whoscored
1901100,278,away,4231,425115,0,51,whoscored
1901100,278,away,4231,425115,51,58,whoscored
1901100,278,away,4231,425115,58,74,whoscored
1901100,278,away,4231,425115,74,102,whoscored
1901101,2731,home,352,105249,0,15,whoscored
1901101,2731,home,352,105249,15,50,whoscored
1901101,2731,home,352,102439,50,62,whoscored
1901101,2731,home,352,102439,62,80,whoscored
1901101,2731,home,352,102439,80,80,whoscored
1901101,2731,home,352,102439,80,96,whoscored
1901101,24341,away,352,355856,0,72,whoscored
1901101,24341,away,352,355856,72,88,whoscored
1901101,24341,away,352,355856,88,88,whoscored
1901101,24341,away,352,355856,88,92,whoscored
1901101,24341,away,352,355856,92,96,whoscored
1901102,84,home,3421,109149,0,56,whoscored
1901102,84,home,3421,109149,56,57,whoscored
1901102,84,home,3421,109149,57,74,whoscored
1901102,84,home,3421,109149,74,75,whoscored
1901102,84,home,3421,109149,75,81,whoscored
1901102,84,home,3421,109149,81,95,whoscored
1901102,75,away,352,299344,0,62,whoscored
1901102,75,away,352,299344,62,63,whoscored
1901102,75,away,352,299344,63,70,whoscored
1901102,75,away,352,299344,70,83,whoscored
1901102,75,away,352,299344,83,83,whoscored
1901102,75,away,352,299344,83,95,whoscored
1901103,73,home,442,355869,0,21,whoscored
1901103,73,home,442,355869,21,69,whoscored
1901103,73,home,442,355869,69,69,whoscored
1901103,73,home,442,355869,69,84,whoscored
1901103,73,home,442,355869,84,84,whoscored
1901103,73,home,442,355869,84,98,whoscored
1901103,1290,away,4231,90782,0,53,whoscored
1901103,1290,away,4231,90782,53,68,whoscored
1901103,1290,away,4231,90782,68,68,whoscored
1901103,1290,away,4231,90782,68,89,whoscored
1901103,1290,away,4231,90782,89,103,whoscored
1901103,1290,away,532,256536,103,98,whoscored
1901104,75,home,352,148684,0,65,whoscored
1901104,75,home,352,148684,65,65,whoscored
1901104,75,home,352,148684,65,66,whoscored
1901104,75,home,352,148684,66,79,whoscored
1901104,75,home,352,148684,79,96,whoscored
1901104,2889,away,433,118542,0,69,whoscored
1901104,2889,away,433,118542,69,69,whoscored
1901104,2889,away,433,118542,69,70,whoscored
1901104,2889,away,433,118542,70,79,whoscored
1901104,2889,away,433,118542,79,93,whoscored
1901104,2889,away,433,118542,93,96,whoscored
1901105,777,home,3421,330629,0,69,whoscored
1901105,777,home,3421,423449,69,92,whoscored
1901105,777,home,3421,423449,92,95,whoscored
1901105,300,away,3421,85070,0,57,whoscored
1901105,300,away,3421,85070,57,57,whoscored
1901105,300,away,3421,85070,57,57,whoscored
1901105,300,away,3421,85070,57,71,whoscored
1901105,300,away,4411,85070,71,82,whoscored
1901105,300,away,4411,85070,82,95,whoscored
1901106,77,home,433,149029,0,13,whoscored
1901106,77,home,433,149029,13,50,whoscored
1901106,77,home,433,149029,50,50,whoscored
1901106,77,home,433,149029,50,66,whoscored
1901106,77,home,433,149029,66,83,whoscored
1901106,77,home,433,149029,83,96,whoscored
1901106,84,away,3412,109149,0,70,whoscored
1901106,84,away,3412,109149,70,77,whoscored
1901106,84,away,3412,109149,77,77,whoscored
1901106,84,away,3412,109149,77,85,whoscored
1901106,84,away,3412,244804,85,96,whoscored
1901107,72,home,3142,343975,0,32,whoscored
1901107,72,home,3142,343975,32,49,whoscored
1901107,72,home,3142,343975,49,79,whoscored
1901107,72,home,3142,343975,79,79,whoscored
1901107,72,home,3142,343975,79,94,whoscored
1901107,84,away,3421,109149,0,22,whoscored
1901107,84,away,3421,109149,22,55,whoscored
1901107,84,away,3421,109149,55,79,whoscored
1901107,84,away,3421,109149,79,94,whoscored
1901108,79,home,433,118163,0,48,whoscored
1901108,79,home,442,118163,48,63,whoscored
1901108,79,home,442,118163,63,75,whoscored
1901108,79,home,442,118163,75,83,whoscored
1901108,79,home,442,118163,83,94,whoscored
1901108,78,away,352,130368,0,62,whoscored
1901108,78,away,352,130368,62,62,whoscored
1901108,78,away,352,130368,62,75,whoscored
1901108,78,away,451,130368,75,89,whoscored
1901108,78,away,451,371396,89,94,whoscored
1901109,86,home,3421,320585,0,44,whoscored
1901109,86,home,3421,320585,44,76,whoscored
1901109,86,home,3421,320585,76,85,whoscored
1901109,86,home,3421,320585,85,93,whoscored
1901109,75,away,352,299344,0,47,whoscored
1901109,75,away,352,299344,47,69,whoscored
1901109,75,away,352,299344,69,78,whoscored
1901109,75,away,352,299344,78,79,whoscored
1901109,75,away,352,299344,79,89,whoscored
1901109,75,away,3511,299344,89,93,whoscored
1901110,276,home,4141,122469,0,62,whoscored
1901110,276,home,4141,122469,62,62,whoscored
1901110,276,home,4141,122469,62,82,whoscored
1901110,276,home,4141,122469,82,85,whoscored
1901110,276,home,4141,122469,85,97,whoscored
1901110,777,away,352,83719,0,65,whoscored
1901110,777,away,352,83719,65,65,whoscored
1901110,777,away,352,83719,65,78,whoscored
1901110,777,away,352,83719,78,79,whoscored
1901110,777,away,352,83719,79,84,whoscored
1901110,777,away,352,83719,84,97,whoscored
1901111,71,home,4231,302691,0,51,whoscored
1901111,71,home,4231,331383,51,77,whoscored
1901111,71,home,4231,331383,77,96,whoscored
1901111,73,away,433,79554,0,77,whoscored
1901111,73,away,433,79554,77,85,whoscored
1901111,73,away,433,79554,85,99,whoscored
1901111,73,away,433,79554,99,100,whoscored
1901111,73,away,541,79554,100,96,whoscored
1901112,78,home,352,130368,0,43,whoscored
1901112,78,home,352,130368,43,61,whoscored
1901112,78,home,442,318432,61,80,whoscored
1901112,78,home,442,318432,80,80,whoscored
1901112,78,home,442,318432,80,93,whoscored
1901112,75,away,352,299344,0,49,whoscored
1901112,75,away,352,299344,49,67,whoscored
1901112,75,away,352,299344,67,67,whoscored
1901112,75,away,352,299344,67,75,whoscored
1901112,75,away,352,299344,75,92,whoscored
1901112,75,away,352,82399,92,93,whoscored
1901113,78,home,352,318432,0,56,whoscored
1901113,78,home,541,318432,56,66,whoscored
1901113,78,home,541,318432,66,96,whoscored
1901113,87,away,4231,273539,0,68,whoscored
1901113,87,away,4231,339875,68,82,whoscored
1901113,87,away,352,339875,82,90,whoscored
1901113,87,away,3241,339875,90,96,whoscored
1901114,1290,home,4231,90782,0,20,whoscored
1901114,1290,home,4231,379615,20,47,whoscored
1901114,1290,home,4231,379615,47,47,whoscored
1901114,1290,home,4231,379615,47,67,whoscored
1901114,1290,home,4231,379615,67,92,whoscored
1901114,1290,home,4231,379615,92,96,whoscored
1901114,2731,away,352,105249,0,47,whoscored
1901114,2731,away,352,105249,47,65,whoscored
1901114,2731,away,352,105249,65,65,whoscored
1901114,2731,away,352,105249,65,78,whoscored
1901114,2731,away,3511,105249,78,92,whoscored
1901114,2731,away,3511,105249,92,95,whoscored
1901115,300,home,3421,85070,0,47,whoscored
1901115,300,home,3421,85070,47,62,whoscored
1901115,300,home,3421,85070,62,62,whoscored
1901115,300,home,3421,85070,62,73,whoscored
1901115,300,home,3421,85070,73,80,whoscored
1901115,300,home,3421,129903,80,94,whoscored
1901115,24341,away,3421,355856,0,47,whoscored
1901115,24341,away,3421,355856,47,65,whoscored
1901115,24341,away,3421,355856,65,86,whoscored
1901115,24341,away,3421,355856,86,94,whoscored
1901116,278,home,4231,425115,0,68,whoscored
1901116,278,home,4231,425115,68,69,whoscored
1901116,278,home,4231,425115,69,84,whoscored
1901116,278,home,4231,425115,84,95,whoscored
1901116,77,away,4231,149029,0,31,whoscored
1901116,77,away,4231,149029,31,69,whoscored
1901116,77,away,4231,149029,69,84,whoscored
1901116,77,away,4231,149029,84,95,whoscored
1901117,1290,home,4231,379615,0,70,whoscored
1901117,1290,home,4231,379615,70,70,whoscored
1901117,1290,home,4231,379615,70,70,whoscored
1901117,1290,home,4231,379615,70,75,whoscored
1901117,1290,home,4231,379615,75,90,whoscored
1901117,72,away,3142,343975,0,20,whoscored
1901117,72,away,3142,343975,20,69,whoscored
1901117,72,away,442,343975,69,90,whoscored
1901118,87,home,3421,339875,0,61,whoscored
1901118,87,home,3421,339875,61,67,whoscored
1901118,87,home,3421,339875,67,79,whoscored
1901118,87,home,3421,494525,79,95,whoscored
1901118,300,away,3421,85070,0,64,whoscored
1901118,300,away,3421,85070,64,79,whoscored
1901118,300,away,3421,85070,79,85,whoscored
1901118,300,away,3421,100962,85,95,whoscored
1901119,73,home,433,79554,0,47,whoscored
1901119,73,home,433,79554,47,60,whoscored
1901119,73,home,433,79554,60,60,whoscored
1901119,73,home,433,79554,60,84,whoscored
1901119,73,home,433,79554,84,97,whoscored
1901119,78,away,3511,318432,0,65,whoscored
1901119,78,away,3511,318432,65,72,whoscored
1901119,78,away,3511,318432,72,81,whoscored
1901119,78,away,3511,318432,81,81,whoscored
1901119,78,away,3511,318432,81,81,whoscored
1901119,78,away,3511,318432,81,97,whoscored
1901120,278,home,352,425115,0,56,whoscored
1901120,278,home,352,425115,56,56,whoscored
1901120,278,home,352,425115,56,57,whoscored
1901120,278,home,3421,425115,57,74,whoscored
1901120,278,home,442,424806,74,97,whoscored
1901120,278,home,442,425115,97,97,whoscored
1901120,71,away,4231,396971,0,62,whoscored
1901120,71,away,4231,396971,62,74,whoscored
1901120,71,away,532,396971,74,97,whoscored
1901121,79,home,433,118163,0,48,whoscored
1901121,79,home,433,118163,48,69,whoscored
1901121,79,home,433,118163,69,71,whoscored
1901121,79,home,433,118163,71,79,whoscored
1901121,79,home,442,118163,79,95,whoscored
1901121,71,away,4231,396971,0,64,whoscored
1901121,71,away,4231,396971,64,70,whoscored
1901121,71,away,4231,396971,70,70,whoscored
1901121,71,away,4231,396971,70,71,whoscored
1901121,71,away,4231,396971,71,85,whoscored
1901121,71,away,4231,396971,85,95,whoscored
1901122,75,home,352,299344,0,33,whoscored
1901122,75,home,352,299344,33,65,whoscored
1901122,75,home,352,299344,65,65,whoscored
1901122,75,home,352,299344,65,84,whoscored
1901122,75,home,352,148684,84,87,whoscored
1901122,75,home,352,148684,87,94,whoscored
1901122,777,away,3421,330629,0,39,whoscored
1901122,777,away,3421,330629,39,50,whoscored
1901122,777,away,3421,330629,50,50,whoscored
1901122,777,away,3421,330629,50,73,whoscored
1901122,777,away,3421,330629,73,74,whoscored
1901122,777,away,3421,330629,74,94,whoscored
1901123,80,home,352,141646,0,60,whoscored
1901123,80,home,352,141646,60,70,whoscored
1901123,80,home,352,141646,70,70,whoscored
1901123,80,home,352,141646,70,81,whoscored
1901123,80,home,352,141646,81,98,whoscored
1901123,276,away,4141,122469,0,74,whoscored
1901123,276,away,4141,122469,74,78,whoscored
1901123,276,away,4141,122469,78,79,whoscored
1901123,276,away,4141,122469,79,94,whoscored
1901123,276,away,4141,122469,94,98,whoscored
1901124,87,home,3421,273539,0,62,whoscored
1901124,87,home,3421,273539,62,78,whoscored
1901124,87,home,3421,273539,78,79,whoscored
1901124,87,home,3421,273539,79,89,whoscored
1901124,87,home,3421,273539,89,90,whoscored
1901124,87,home,3421,339875,90,92,whoscored
1901124,276,away,3421,122469,0,72,whoscored
1901124,276,away,3421,122469,72,76,whoscored
1901124,276,away,3421,122469,76,81,whoscored
1901124,276,away,3421,122469,81,92,whoscored
1901125,24341,home,3412,355856,0,61,whoscored
1901125,24341,home,3412,355856,61,84,whoscored
1901125,24341,home,3412,355856,84,84,whoscored
1901125,24341,home,3412,355856,84,95,whoscored
1901125,24341,home,3412,355856,95,95,whoscored
1901125,72,away,343,343975,0,73,whoscored
1901125,72,away,343,343975,73,74,whoscored
1901125,72,away,343,343975,74,80,whoscored
1901125,72,away,442,343975,80,90,whoscored
1901125,72,away,442,343975,90,90,whoscored
1901125,72,away,442,343975,90,95,whoscored
1901126,79,home,4231,118163,0,65,whoscored
1901126,79,home,4231,118163,65,65,whoscored
1901126,79,home,4231,118163,65,90,whoscored
1901126,79,home,4231,118163,90,95,whoscored
1901126,77,away,433,149029,0,65,whoscored
1901126,77,away,433,149029,65,74,whoscored
1901126,77,away,433,149029,74,82,whoscored
1901126,77,away,433,149029,82,95,whoscored
1901127,777,home,352,83719,0,53,whoscored
1901127,777,home,352,83719,53,71,whoscored
1901127,777,home,352,83719,71,72,whoscored
1901127,777,home,352,83719,72,72,whoscored
1901127,777,home,352,83719,72,91,whoscored
1901127,777,home,352,83719,91,94,whoscored
1901127,73,away,3421,355869,0,78,whoscored
1901127,73,away,3421,355869,78,84,whoscored
1901127,73,away,3421,355869,84,91,whoscored
1901127,73,away,3421,355869,91,94,whoscored
1901128,84,home,3421,109149,0,60,whoscored
1901128,84,home,3421,109149,60,70,whoscored
1901128,84,home,3421,109149,70,86,whoscored
1901128,84,home,3421,109149,86,94,whoscored
1901128,80,away,352,141646,0,47,whoscored
1901128,80,away,352,141646,47,69,whoscored
1901128,80,away,352,141646,69,70,whoscored
1901128,80,away,352,141646,70,80,whoscored
1901128,80,away,352,141646,80,94,whoscored
1901129,84,home,3421,109149,0,61,whoscored
1901129,84,home,3421,109149,61,61,whoscored
1901129,84,home,3421,109149,61,62,whoscored
1901129,84,home,3421,109149,62,73,whoscored
1901129,84,home,3421,109149,73,84,whoscored
1901129,84,home,3421,109149,84,97,whoscored
1901129,76,away,352,296119,0,48,whoscored
1901129,76,away,352,296119,48,76,whoscored
1901129,76,away,352,296119,76,86,whoscored
1901129,76,away,352,296119,86,91,whoscored
1901129,76,away,352,296119,91,97,whoscored
1901130,2889,home,433,38128,0,60,whoscored
1901130,2889,home,433,118542,60,72,whoscored
1901130,2889,home,433,118542,72,72,whoscored
1901130,2889,home,433,118542,72,85,whoscored
1901130,2889,home,433,118542,85,96,whoscored
1901130,2731,away,352,105249,0,22,whoscored
1901130,2731,away,352,105249,22,47,whoscored
1901130,2731,away,442,105249,47,68,whoscored
1901130,2731,away,442,105249,68,82,whoscored
1901130,2731,away,442,446953,82,96,whoscored
1901131,2889,home,433,118542,0,62,whoscored
1901131,2889,home,433,118542,62,62,whoscored
1901131,2889,home,433,118542,62,83,whoscored
1901131,2889,home,433,118542,83,84,whoscored
1901131,2889,home,433,118542,84,90,whoscored
1901131,2889,home,433,118542,90,94,whoscored
1901131,86,away,352,320585,0,50,whoscored
1901131,86,away,352,320585,50,50,whoscored
1901131,86,away,352,320585,50,71,whoscored
1901131,86,away,352,320585,71,80,whoscored
1901131,86,away,352,320585,80,84,whoscored
1901131,86,away,352,320585,84,94,whoscored
1901132,76,home,3421,296119,0,26,whoscored
1901132,76,home,352,296119,26,70,whoscored
1901132,76,home,352,136279,70,73,whoscored
1901132,76,home,352,136279,73,86,whoscored
1901132,76,home,352,136279,86,86,whoscored
1901132,76,home,352,136279,86,94,whoscored
1901132,86,away,3421,320585,0,79,whoscored
1901132,86,away,3421,320585,79,79,whoscored
1901132,86,away,3421,320585,79,86,whoscored
1901132,86,away,343,320585,86,91,whoscored
1901132,86,away,343,320585,91,94,whoscored
1901133,300,home,3421,129903,0,63,whoscored
1901133,300,home,3421,129903,63,74,whoscored
1901133,300,home,3421,129903,74,75,whoscored
1901133,300,home,3421,129903,75,75,whoscored
1901133,300,home,3421,129903,75,94,whoscored
1901133,1290,away,4231,379615,0,47,whoscored
1901133,1290,away,4231,379615,47,70,whoscored
1901133,1290,away,4231,379615,70,70,whoscored
1901133,1290,away,4231,379615,70,87,whoscored
1901133,1290,away,4231,379615,87,90,whoscored
1901133,1290,away,4231,379615,90,91,whoscored
1901133,1290,away,541,91213,91,94,whoscored
1901134,71,home,4231,396971,0,57,whoscored
1901134,71,home,4231,396971,57,57,whoscored
1901134,71,home,4231,396971,57,68,whoscored
1901134,71,home,4231,396971,68,81,whoscored
1901134,71,home,4231,396971,81,81,whoscored
1901134,71,home,4231,396971,81,93,whoscored
1901134,80,away,352,141646,0,70,whoscored
1901134,80,away,352,141646,70,71,whoscored
1901134,80,away,541,141646,71,75,whoscored
1901134,80,away,541,141646,75,75,whoscored
1901134,80,away,541,141646,75,86,whoscored
1901134,80,away,541,141646,86,93,whoscored
1901135,71,home,4231,302691,0,47,whoscored
1901135,71,home,4231,302691,47,57,whoscored
1901135,71,home,4231,302691,57,57,whoscored
1901135,71,home,4231,302691,57,74,whoscored
1901135,71,home,4231,302691,74,76,whoscored
1901135,71,home,4231,302691,76,90,whoscored
1901135,777,away,352,83719,0,36,whoscored
1901135,777,away,4312,83719,36,47,whoscored
1901135,777,away,4312,83719,47,64,whoscored
1901135,777,away,4312,83719,64,78,whoscored
1901135,777,away,4312,83719,78,90,whoscored
1901136,78,home,352,318432,0,71,whoscored
1901136,78,home,352,318432,71,71,whoscored
1901136,78,home,352,318432,71,84,whoscored
1901136,78,home,352,318432,84,92,whoscored
1901136,78,home,352,318432,92,92,whoscored
1901136,78,home,352,318432,92,93,whoscored
1901136,76,away,352,136279,0,28,whoscored
1901136,76,away,352,118539,28,62,whoscored
1901136,76,away,352,118539,62,62,whoscored
1901136,76,away,352,118539,62,63,whoscored
1901136,76,away,4132,118539,63,87,whoscored
1901136,76,away,4132,118539,87,93,whoscored
1901137,73,home,3421,355869,0,49,whoscored
1901137,73,home,3421,355869,49,70,whoscored
1901137,73,home,3421,355869,70,78,whoscored
1901137,73,home,3421,355869,78,84,whoscored
1901137,73,home,3421,355869,84,95,whoscored
1901137,84,away,3421,109149,0,62,whoscored
1901137,84,away,3421,109149,62,62,whoscored
1901137,84,away,3421,109149,62,71,whoscored
1901137,84,away,3421,109149,71,84,whoscored
1901137,84,away,3421,109149,84,84,whoscored
1901137,84,away,3421,109149,84,95,whoscored
1901138,1290,home,4231,379615,0,47,whoscored
1901138,1290,home,4231,379615,47,59,whoscored
1901138,1290,home,4231,379615,59,59,whoscored
1901138,1290,home,4231,379615,59,81,whoscored
1901138,1290,home,4231,379615,81,88,whoscored
1901138,1290,home,4231,90782,88,98,whoscored
1901138,300,away,3421,85070,0,17,whoscored
1901138,300,away,3421,85070,17,18,whoscored
1901138,300,away,3421,85070,18,47,whoscored
1901138,300,away,3421,85070,47,61,whoscored
1901138,300,away,3421,85070,61,87,whoscored
1901138,300,away,3421,85070,87,98,whoscored
1901139,75,home,352,299344,0,54,whoscored
1901139,75,home,352,299344,54,62,whoscored
1901139,75,home,352,299344,62,62,whoscored
1901139,75,home,352,299344,62,76,whoscored
1901139,75,home,3511,148684,76,94,whoscored
1901139,2731,away,532,105249,0,47,whoscored
1901139,2731,away,532,105249,47,58,whoscored
1901139,2731,away,532,105249,58,59,whoscored
1901139,2731,away,532,105249,59,75,whoscored
1901139,2731,away,532,105249,75,94,whoscored
1901140,2731,home,352,446953,0,68,whoscored
1901140,2731,home,352,446953,68,68,whoscored
1901140,2731,home,352,446953,68,76,whoscored
1901140,2731,home,352,446953,76,96,whoscored
1901140,2731,home,352,446953,96,96,whoscored
1901140,75,away,352,299344,0,61,whoscored
1901140,75,away,352,299344,61,75,whoscored
1901140,75,away,352,329665,75,83,whoscored
1901140,75,away,352,329665,83,96,whoscored
1901141,87,home,3421,273539,0,70,whoscored
1901141,87,home,3142,273539,70,87,whoscored
1901141,87,home,3142,273539,87,92,whoscored
1901141,80,away,352,141646,0,64,whoscored
1901141,80,away,352,141646,64,64,whoscored
1901141,80,away,352,141646,64,75,whoscored
1901141,80,away,352,141646,75,92,whoscored
1901142,77,home,433,118147,0,74,whoscored
1901142,77,home,433,118147,74,74,whoscored
1901142,77,home,433,118147,74,82,whoscored
1901142,77,home,433,118147,82,82,whoscored
1901142,77,home,433,118147,82,88,whoscored
1901142,77,home,433,118147,88,101,whoscored
1901142,278,away,352,425115,0,69,whoscored
1901142,278,away,352,425115,69,81,whoscored
1901142,278,away,352,425115,81,82,whoscored
1901142,278,away,352,425115,82,88,whoscored
1901142,278,away,352,425115,88,101,whoscored
1901143,77,home,4231,118147,0,68,whoscored
1901143,77,home,4231,118147,68,82,whoscored
1901143,77,home,4231,118147,82,91,whoscored
1901143,77,home,4231,118147,91,103,whoscored
1901143,72,away,352,343975,0,64,whoscored
1901143,72,away,352,343975,64,71,whoscored
1901143,72,away,352,121417,71,79,whoscored
1901143,72,away,352,121417,79,80,whoscored
1901143,72,away,352,121417,80,103,whoscored
1901144,276,home,3421,122469,0,29,whoscored
1901144,276,home,3421,111892,29,88,whoscored
1901144,276,home,3421,111892,88,94,whoscored
1901144,73,away,4141,79554,0,50,whoscored
1901144,73,away,4141,79554,50,74,whoscored
1901144,73,away,352,79554,74,83,whoscored
1901144,73,away,352,79554,83,94,whoscored
1901145,276,home,4141,122469,0,43,whoscored
1901145,276,home,4141,122469,43,52,whoscored
1901145,276,home,4141,122469,52,52,whoscored
1901145,276,home,4141,122469,52,53,whoscored
1901145,276,home,433,122469,53,84,whoscored
1901145,276,home,4141,122469,84,94,whoscored
1901145,278,away,4231,425115,0,48,whoscored
1901145,278,away,4231,425115,48,63,whoscored
1901145,278,away,4231,425115,63,63,whoscored
1901145,278,away,4231,425115,63,78,whoscored
1901145,278,away,4231,425115,78,94,whoscored
1901146,24341,home,4321,355856,0,49,whoscored
1901146,24341,home,4321,355856,49,68,whoscored
1901146,24341,home,541,355856,68,77,whoscored
1901146,24341,home,541,355856,77,78,whoscored
1901146,24341,home,541,355856,78,93,whoscored
1901146,87,away,4231,273539,0,49,whoscored
1901146,87,away,4231,273539,49,68,whoscored
1901146,87,away,4231,273539,68,68,whoscored
1901146,87,away,4231,273539,68,77,whoscored
1901146,87,away,3421,273539,77,83,whoscored
1901146,87,away,3421,273539,83,93,whoscored
1901147,24341,home,352,355856,0,25,whoscored
1901147,24341,home,352,355856,25,49,whoscored
1901147,24341,home,352,355856,49,70,whoscored
1901147,24341,home,352,355856,70,87,whoscored
1901147,24341,home,3412,355856,87,98,whoscored
1901147,79,away,433,118163,0,71,whoscored
1901147,79,away,433,118163,71,79,whoscored
1901147,79,away,433,118163,79,91,whoscored
1901147,79,away,433,118163,91,91,whoscored
1901147,79,away,433,118163,91,98,whoscored
1901148,777,home,3421,83719,0,48,whoscored
1901148,777,home,3421,83719,48,71,whoscored
1901148,777,home,3421,83719,71,87,whoscored
1901148,777,home,3421,83719,87,96,whoscored
1901148,2889,away,433,118542,0,75,whoscored
1901148,2889,away,433,118542,75,75,whoscored
1901148,2889,away,433,118542,75,75,whoscored
1901148,2889,away,433,118542,75,86,whoscored
1901148,2889,away,433,38128,86,96,whoscored
1901149,86,home,352,320585,0,69,whoscored
1901149,86,home,352,320585,69,79,whoscored
1901149,86,home,352,320585,79,87,whoscored
1901149,86,home,352,320585,87,88,whoscored
1901149,86,home,352,320585,88,95,whoscored
1901149,78,away,352,130368,0,19,whoscored
1901149,78,away,352,130368,19,48,whoscored
1901149,78,away,352,130368,48,74,whoscored
1901149,78,away,352,130368,74,84,whoscored
1901149,78,away,352,130368,84,85,whoscored
1901149,78,away,352,130368,85,95,whoscored
1901150,72,home,352,41073,0,72,whoscored
1901150,72,home,352,41073,72,72,whoscored
1901150,72,home,352,41073,72,72,whoscored
1901150,72,home,352,41073,72,80,whoscored
1901150,72,home,352,343975,80,91,whoscored
1901150,72,home,352,343975,91,95,whoscored
1901150,79,away,4231,118163,0,67,whoscored
1901150,79,away,4231,118163,67,79,whoscored
1901150,79,away,4231,118163,79,79,whoscored
1901150,79,away,4231,118163,79,80,whoscored
1901150,79,away,4231,118163,80,91,whoscored
1901150,79,away,4231,118163,91,95,whoscored
1901151,76,home,3142,296119,0,68,whoscored
1901151,76,home,3142,296119,68,78,whoscored
1901151,76,home,343,296119,78,87,whoscored
1901151,76,home,433,296119,87,96,whoscored
1901151,2889,away,433,38128,0,61,whoscored
1901151,2889,away,433,38128,61,61,whoscored
1901151,2889,away,433,38128,61,61,whoscored
1901151,2889,away,433,38128,61,84,whoscored
1901151,2889,away,433,38128,84,89,whoscored
1901151,2889,away,433,38128,89,96,whoscored
1901152,86,home,3421,320585,0,58,whoscored
1901152,86,home,3421,320585,58,81,whoscored
1901152,86,home,3421,320585,81,94,whoscored
1901152,86,home,3421,320585,94,94,whoscored
1901152,86,home,3421,320585,94,97,whoscored
1901152,84,away,3421,109149,0,69,whoscored
1901152,84,away,3421,109149,69,72,whoscored
1901152,84,away,3421,109149,72,80,whoscored
1901152,84,away,3421,109149,80,81,whoscored
1901152,84,away,3421,109149,81,81,whoscored
1901152,84,away,3421,109149,81,97,whoscored
1901153,300,home,3421,129903,0,69,whoscored
1901153,300,home,3421,85070,69,84,whoscored
1901153,300,home,3421,85070,84,93,whoscored
1901153,77,away,433,149029,0,21,whoscored
1901153,77,away,433,149029,21,77,whoscored
1901153,77,away,433,149029,77,78,whoscored
1901153,77,away,433,118147,78,88,whoscored
1901153,77,away,433,118147,88,88,whoscored
1901153,77,away,433,118147,88,93,whoscored
1901154,76,home,352,142425,0,49,whoscored
1901154,76,home,352,142425,49,49,whoscored
1901154,76,home,352,142425,49,73,whoscored
1901154,76,home,352,142425,73,85,whoscored
1901154,76,home,352,142425,85,88,whoscored
1901154,76,home,352,142425,88,94,whoscored
1901154,777,away,3421,83719,0,49,whoscored
1901154,777,away,3421,83719,49,72,whoscored
1901154,777,away,3421,83719,72,72,whoscored
1901154,777,away,3421,83719,72,78,whoscored
1901154,777,away,3421,83719,78,94,whoscored
1901155,78,home,451,371396,0,55,whoscored
1901155,78,home,451,371396,55,56,whoscored
1901155,78,home,4231,318432,56,63,whoscored
1901155,78,home,4231,318432,63,69,whoscored
1901155,78,home,4231,371396,69,79,whoscored
1901155,78,home,4231,371396,79,91,whoscored
1901155,78,home,4231,371396,91,95,whoscored
1901155,71,away,4231,396971,0,60,whoscored
1901155,71,away,4231,396971,60,61,whoscored
1901155,71,away,4231,396971,61,78,whoscored
1901155,71,away,4231,396971,78,78,whoscored
1901155,71,away,4231,396971,78,89,whoscored
1901155,71,away,4231,396971,89,95,whoscored
1901156,2889,home,433,118542,0,61,whoscored
1901156,2889,home,433,118542,61,61,whoscored
1901156,2889,home,433,118542,61,62,whoscored
1901156,2889,home,532,317544,62,72,whoscored
1901156,2889,home,532,317544,72,72,whoscored
1901156,2889,home,532,317544,72,73,whoscored
1901156,2889,home,532,372407,73,91,whoscored
1901156,75,away,352,299344,0,65,whoscored
1901156,75,away,352,299344,65,65,whoscored
1901156,75,away,352,299344,65,66,whoscored
1901156,75,away,352,299344,66,72,whoscored
1901156,75,away,352,299344,72,78,whoscored
1901156,75,away,352,255929,78,91,whoscored
1901157,84,home,3421,109149,0,58,whoscored
1901157,84,home,3421,109149,58,85,whoscored
1901157,84,home,3421,109149,85,85,whoscored
1901157,84,home,3421,109149,85,85,whoscored
1901157,84,home,3421,109149,85,93,whoscored
1901157,78,away,352,362780,0,60,whoscored
1901157,78,away,352,362780,60,74,whoscored
1901157,78,away,451,362780,74,88,whoscored
1901157,78,away,451,362780,88,88,whoscored
1901157,78,away,451,362780,88,93,whoscored
1901158,300,home,3421,129903,0,60,whoscored
1901158,300,home,3421,129903,60,71,whoscored
1901158,300,home,3421,129903,71,79,whoscored
1901158,300,home,3421,129903,79,96,whoscored
1901158,2731,away,352,446953,0,38,whoscored
1901158,2731,away,352,446953,38,47,whoscored
1901158,2731,away,352,446953,47,64,whoscored
1901158,2731,away,352,446953,64,64,whoscored
1901158,2731,away,352,446953,64,85,whoscored
1901158,2731,away,352,446953,85,96,whoscored
1901159,71,home,433,396971,0,22,whoscored
1901159,71,home,4231,396971,22,51,whoscored
1901159,71,home,4231,396971,51,62,whoscored
1901159,71,home,4231,396971,62,73,whoscored
1901159,71,home,4231,396971,73,92,whoscored
1901159,71,home,4231,396971,92,92,whoscored
1901159,71,home,4231,396971,92,98,whoscored
1901159,24341,away,352,355856,0,59,whoscored
1901159,24341,away,352,355856,59,84,whoscored
1901159,24341,away,352,355856,84,92,whoscored
1901159,24341,away,352,355856,92,98,whoscored
1901160,73,home,4321,79554,0,49,whoscored
1901160,73,home,4321,79554,49,74,whoscored
1901160,73,home,4321,79554,74,86,whoscored
1901160,73,home,541,79554,86,97,whoscored
1901160,72,away,352,121417,0,47,whoscored
1901160,72,away,352,121417,47,60,whoscored
1901160,72,away,352,121417,60,70,whoscored
1901160,72,away,352,121417,70,84,whoscored
1901160,72,away,352,121417,84,97,whoscored
1901161,72,home,532,343975,0,63,whoscored
1901161,72,home,532,343975,63,76,whoscored
1901161,72,home,532,343975,76,76,whoscored
1901161,72,home,532,343975,76,85,whoscored
1901161,72,home,532,343975,85,85,whoscored
1901161,72,home,532,343975,85,86,whoscored
1901161,72,home,532,121417,86,97,whoscored
1901161,276,away,4141,122469,0,64,whoscored
1901161,276,away,4141,122469,64,64,whoscored
1901161,276,away,4141,122469,64,65,whoscored
1901161,276,away,4141,122469,65,75,whoscored
1901161,276,away,4141,122469,75,75,whoscored
1901161,276,away,4141,122469,75,83,whoscored
1901161,276,away,433,122469,83,97,whoscored
1901162,278,home,352,425115,0,66,whoscored
1901162,278,home,352,425115,66,76,whoscored
1901162,278,home,352,425115,76,76,whoscored
1901162,278,home,352,425115,76,77,whoscored
1901162,278,home,352,425115,77,91,whoscored
1901162,278,home,352,425115,91,99,whoscored
1901162,276,away,3421,111892,0,48,whoscored
1901162,276,away,3421,111892,48,62,whoscored
1901162,276,away,3421,111892,62,79,whoscored
1901162,276,away,3421,111892,79,80,whoscored
1901162,276,away,3421,111892,80,99,whoscored
1901163,86,home,352,320585,0,48,whoscored
1901163,86,home,352,320585,48,62,whoscored
1901163,86,home,352,320585,62,62,whoscored
1901163,86,home,352,320585,62,78,whoscored
1901163,86,home,352,320585,78,88,whoscored
1901163,86,home,352,320585,88,95,whoscored
1901163,79,away,4231,118163,0,48,whoscored
1901163,79,away,4231,118163,48,68,whoscored
1901163,79,away,4231,118163,68,78,whoscored
1901163,79,away,4231,118163,78,88,whoscored
1901163,79,away,4231,118163,88,95,whoscored
1901164,87,home,3421,273539,0,49,whoscored
1901164,87,home,3421,273539,49,79,whoscored
1901164,87,home,3421,273539,79,80,whoscored
1901164,87,home,3421,273539,80,86,whoscored
1901164,87,home,3421,273539,86,87,whoscored
1901164,87,home,3421,339875,87,97,whoscored
1901164,77,away,433,118147,0,49,whoscored
1901164,77,away,433,118147,49,67,whoscored
1901164,77,away,433,118147,67,68,whoscored
1901164,77,away,433,118147,68,80,whoscored
1901164,77,away,433,118147,80,86,whoscored
1901164,77,away,433,118147,86,97,whoscored
1901165,2731,home,352,149543,0,47,whoscored
1901165,2731,home,352,149543,47,63,whoscored
1901165,2731,home,352,149543,63,70,whoscored
1901165,2731,home,352,149543,70,81,whoscored
1901165,2731,home,352,149543,81,94,whoscored
1901165,73,away,433,79554,0,76,whoscored
1901165,73,away,433,79554,76,77,whoscored
1901165,73,away,433,79554,77,82,whoscored
1901165,73,away,433,79554,82,82,whoscored
1901165,73,away,433,79554,82,83,whoscored
1901165,73,away,541,79554,83,90,whoscored
1901165,73,away,4231,79554,90,94,whoscored
1901166,76,home,352,296119,0,15,whoscored
1901166,76,home,352,296119,15,50,whoscored
1901166,76,home,352,296119,50,74,whoscored
1901166,76,home,352,296119,74,82,whoscored
1901166,76,home,352,296119,82,82,whoscored
1901166,76,home,352,296119,82,95,whoscored
1901166,78,away,352,371396,0,50,whoscored
1901166,78,away,352,371396,50,67,whoscored
1901166,78,away,352,371396,67,82,whoscored
1901166,78,away,352,371396,82,90,whoscored
1901166,78,away,352,371396,90,92,whoscored
1901166,78,away,442,371396,92,95,whoscored
1901167,75,home,352,148684,0,46,whoscored
1901167,75,home,352,148684,46,65,whoscored
1901167,75,home,352,148684,65,65,whoscored
1901167,75,home,352,148684,65,76,whoscored
1901167,75,home,352,148684,76,80,whoscored
1901167,75,home,352,82399,80,96,whoscored
1901167,300,away,3421,85070,0,51,whoscored
1901167,300,away,3421,85070,51,52,whoscored
1901167,300,away,3421,85070,52,65,whoscored
1901167,300,away,3421,85070,65,65,whoscored
1901167,300,away,3421,85070,65,76,whoscored
1901167,300,away,3421,129903,76,96,whoscored
1901168,2731,home,3142,446953,0,47,whoscored
1901168,2731,home,3142,446953,47,62,whoscored
1901168,2731,home,3142,446953,62,74,whoscored
1901168,2731,home,3142,446953,74,86,whoscored
1901168,2731,home,3142,446953,86,95,whoscored
1901168,300,away,433,85070,0,59,whoscored
1901168,300,away,433,85070,59,59,whoscored
1901168,300,away,433,85070,59,83,whoscored
1901168,300,away,4231,383278,83,95,whoscored
1901169,77,home,433,149029,0,67,whoscored
1901169,77,home,433,149029,67,83,whoscored
1901169,77,home,433,140261,83,90,whoscored
1901169,77,home,433,140261,90,97,whoscored
1901169,80,away,352,141646,0,57,whoscored
1901169,80,away,4231,141646,57,67,whoscored
1901169,80,away,4231,141646,67,84,whoscored
1901169,80,away,4231,141646,84,97,whoscored
1901170,73,home,352,355869,0,55,whoscored
1901170,73,home,352,355869,55,56,whoscored
1901170,73,home,352,355869,56,66,whoscored
1901170,73,home,352,355869,66,87,whoscored
1901170,73,home,433,79554,87,98,whoscored
1901170,71,away,4231,396971,0,66,whoscored
1901170,71,away,4231,396971,66,66,whoscored
1901170,71,away,4231,396971,66,79,whoscored
1901170,71,away,4231,396971,79,79,whoscored
1901170,71,away,4231,396971,79,88,whoscored
1901170,71,away,532,396971,88,98,whoscored
1901171,276,home,3421,122683,0,48,whoscored
1901171,276,home,3421,122683,48,74,whoscored
1901171,276,home,3421,241022,74,87,whoscored
1901171,276,home,3421,241022,87,95,whoscored
1901171,79,away,4231,118163,0,48,whoscored
1901171,79,away,4231,118163,48,61,whoscored
1901171,79,away,4231,118163,61,81,whoscored
1901171,79,away,4231,118163,81,81,whoscored
1901171,79,away,4231,118163,81,88,whoscored
1901171,79,away,4231,118163,88,95,whoscored
1901172,77,home,433,149029,0,56,whoscored
1901172,77,home,433,149029,56,69,whoscored
1901172,77,home,433,149029,69,84,whoscored
1901172,77,home,433,149029,84,84,whoscored
1901172,77,home,433,149029,84,95,whoscored
1901172,87,away,352,273539,0,47,whoscored
1901172,87,away,352,273539,47,67,whoscored
1901172,87,away,352,273539,67,79,whoscored
1901172,87,away,3421,273539,79,87,whoscored
1901172,87,away,3421,273539,87,95,whoscored
1901173,777,home,343,83719,0,15,whoscored
1901173,777,home,532,83719,15,51,whoscored
1901173,777,home,532,83719,51,77,whoscored
1901173,777,home,532,83719,77,95,whoscored
1901173,777,home,532,83719,95,95,whoscored
1901173,78,away,442,318432,0,51,whoscored
1901173,78,away,442,95822,51,69,whoscored
1901173,78,away,442,95822,69,69,whoscored
1901173,78,away,442,95822,69,81,whoscored
1901173,78,away,442,95822,81,95,whoscored
1901174,80,home,3142,141646,0,77,whoscored
1901174,80,home,3142,141646,77,77,whoscored
1901174,80,home,3142,141646,77,98,whoscored
1901174,777,away,352,83719,0,47,whoscored
1901174,777,away,352,83719,47,72,whoscored
1901174,777,away,352,83719,72,72,whoscored
1901174,777,away,352,83719,72,98,whoscored
1901175,2889,home,433,118542,0,61,whoscored
1901175,2889,home,433,118542,61,77,whoscored
1901175,2889,home,433,118542,77,77,whoscored
1901175,2889,home,433,118542,77,89,whoscored
1901175,2889,home,433,372407,89,99,whoscored
1901175,71,away,4231,19580,0,28,whoscored
1901175,71,away,4231,286828,28,66,whoscored
1901175,71,away,4231,286828,66,66,whoscored
1901175,71,away,4231,286828,66,85,whoscored
1901175,71,away,4231,286828,85,85,whoscored
1901175,71,away,4231,286828,85,99,whoscored
1901176,276,home,4141,122469,0,36,whoscored
1901176,276,home,4141,122469,36,87,whoscored
1901176,276,home,4141,122469,87,88,whoscored
1901176,276,home,4141,122469,88,96,whoscored
1901176,276,home,4141,122469,96,96,whoscored
1901176,75,away,352,299344,0,31,whoscored
1901176,75,away,352,299344,31,68,whoscored
1901176,75,away,352,299344,68,79,whoscored
1901176,75,away,352,299344,79,79,whoscored
1901176,75,away,352,299344,79,79,whoscored
1901176,75,away,352,299344,79,96,whoscored
1901177,72,home,3412,343975,0,64,whoscored
1901177,72,home,3412,343975,64,79,whoscored
1901177,72,home,3412,343975,79,80,whoscored
1901177,72,home,3412,343975,80,95,whoscored
1901177,72,home,3412,343975,95,95,whoscored
1901177,24341,away,3142,355856,0,10,whoscored
1901177,24341,away,3142,355856,10,65,whoscored
1901177,24341,away,3142,355856,65,66,whoscored
1901177,24341,away,3142,355856,66,81,whoscored
1901177,24341,away,3142,355856,81,95,whoscored
1901178,24341,home,352,355856,0,73,whoscored
1901178,24341,home,352,355856,73,77,whoscored
1901178,24341,home,352,355856,77,77,whoscored
1901178,24341,home,352,355856,77,91,whoscored
1901178,24341,home,352,355856,91,95,whoscored
1901178,1290,away,4231,379615,0,47,whoscored
1901178,1290,away,4231,379615,47,47,whoscored
1901178,1290,away,4231,379615,47,73,whoscored
1901178,1290,away,4231,379615,73,95,whoscored
1901179,86,home,3142,320585,0,67,whoscored
1901179,86,home,3142,320585,67,67,whoscored
1901179,86,home,3142,320585,67,76,whoscored
1901179,86,home,3142,303107,76,84,whoscored
1901179,86,home,3421,303107,84,96,whoscored
1901179,87,away,3421,273539,0,46,whoscored
1901179,87,away,3421,273539,46,49,whoscored
1901179,87,away,3421,273539,49,79,whoscored
1901179,87,away,3421,273539,79,92,whoscored
1901179,87,away,3421,273539,92,96,whoscored
1901180,2889,home,433,143991,0,38,whoscored
1901180,2889,home,433,143991,38,63,whoscored
1901180,2889,home,433,143991,63,63,whoscored
1901180,2889,home,433,143991,63,64,whoscored
1901180,2889,home,433,38128,64,84,whoscored
1901180,2889,home,433,38128,84,84,whoscored
1901180,2889,home,433,38128,84,95,whoscored
1901180,84,away,352,109149,0,49,whoscored
1901180,84,away,352,109149,49,53,whoscored
1901180,84,away,352,109149,53,69,whoscored
1901180,84,away,352,244804,69,90,whoscored
1901180,84,away,352,244804,90,95,whoscored
1901181,76,home,352,142425,0,48,whoscored
1901181,76,home,352,142425,48,67,whoscored
1901181,76,home,352,142425,67,82,whoscored
1901181,76,home,352,142425,82,88,whoscored
1901181,76,home,352,142425,88,94,whoscored
1901181,278,away,352,425115,0,61,whoscored
1901181,278,away,352,425115,61,61,whoscored
1901181,278,away,352,425115,61,73,whoscored
1901181,278,away,352,425115,73,80,whoscored
1901181,278,away,352,425115,80,81,whoscored
1901181,278,away,352,425115,81,94,whoscored
1901182,72,home,3412,343975,0,47,whoscored
1901182,72,home,3412,343975,47,61,whoscored
1901182,72,home,3412,121417,61,74,whoscored
1901182,72,home,3412,121417,74,84,whoscored
1901182,72,home,3412,121417,84,96,whoscored
1901182,278,away,3421,425115,0,62,whoscored
1901182,278,away,3421,425115,62,79,whoscored
1901182,278,away,3421,425115,79,79,whoscored
1901182,278,away,3421,425115,79,88,whoscored
1901182,278,away,3421,425115,88,89,whoscored
1901182,278,away,3421,425115,89,96,whoscored
1901183,300,home,3421,85070,0,64,whoscored
1901183,300,home,3421,85070,64,64,whoscored
1901183,300,home,3421,85070,64,77,whoscored
1901183,300,home,3421,85070,77,89,whoscored
1901183,300,home,3421,129903,89,94,whoscored
1901183,76,away,352,142425,0,47,whoscored
1901183,76,away,352,142425,47,67,whoscored
1901183,76,away,352,142425,67,67,whoscored
1901183,76,away,352,142425,67,79,whoscored
1901183,76,away,352,142425,79,86,whoscored
1901183,76,away,352,142425,86,94,whoscored
1901184,300,home,3412,85070,0,19,whoscored
1901184,300,home,3412,129903,19,72,whoscored
1901184,300,home,3412,129903,72,73,whoscored
1901184,300,home,3412,129903,73,82,whoscored
1901184,300,home,3412,129903,82,83,whoscored
1901184,300,home,3412,129903,83,95,whoscored
1901184,80,away,352,141646,0,47,whoscored
1901184,80,away,352,141646,47,63,whoscored
1901184,80,away,3511,141646,63,91,whoscored
1901184,80,away,3511,141646,91,95,whoscored
1901185,71,home,4231,286828,0,63,whoscored
1901185,71,home,4231,286828,63,63,whoscored
1901185,71,home,4231,286828,63,64,whoscored
1901185,71,home,4231,331383,64,76,whoscored
1901185,71,home,4231,331383,76,76,whoscored
1901185,71,home,4231,331383,76,90,whoscored
1901185,71,home,4231,331383,90,94,whoscored
1901185,77,away,433,140261,0,25,whoscored
1901185,77,away,433,140261,25,47,whoscored
1901185,77,away,433,140261,47,62,whoscored
1901185,77,away,433,140261,62,63,whoscored
1901185,77,away,433,140261,63,94,whoscored
1901186,71,home,4231,396971,0,46,whoscored
1901186,71,home,4231,396971,46,67,whoscored
1901186,71,home,4231,396971,67,67,whoscored
1901186,71,home,4231,396971,67,67,whoscored
1901186,71,home,4231,396971,67,68,whoscored
1901186,71,home,4231,302691,68,82,whoscored
1901186,71,home,4231,302691,82,95,whoscored
1901186,72,away,532,121417,0,57,whoscored
1901186,72,away,532,121417,57,57,whoscored
1901186,72,away,532,121417,57,58,whoscored
1901186,72,away,532,121417,58,79,whoscored
1901186,72,away,532,121417,79,86,whoscored
1901186,72,away,532,121417,86,95,whoscored
1901187,78,home,352,318432,0,67,whoscored
1901187,78,home,352,318432,67,75,whoscored
1901187,78,home,433,130368,75,86,whoscored
1901187,78,home,433,130368,86,95,whoscored
1901187,276,away,3421,122683,0,57,whoscored
1901187,276,away,3421,122683,57,79,whoscored
1901187,276,away,3421,333373,79,86,whoscored
1901187,276,away,3421,333373,86,95,whoscored
1901188,78,home,352,371396,0,64,whoscored
1901188,78,home,352,371396,64,64,whoscored
1901188,78,home,352,371396,64,78,whoscored
1901188,78,home,352,371396,78,85,whoscored
1901188,78,home,352,371396,85,85,whoscored
1901188,78,home,352,371396,85,98,whoscored
1901188,2889,away,433,38128,0,76,whoscored
1901188,2889,away,433,38128,76,76,whoscored
1901188,2889,away,433,38128,76,76,whoscored
1901188,2889,away,433,38128,76,87,whoscored
1901188,2889,away,433,38128,87,87,whoscored
1901188,2889,away,433,38128,87,98,whoscored
1901189,1290,home,4231,379615,0,36,whoscored
1901189,1290,home,4231,379615,36,61,whoscored
1901189,1290,home,4231,91213,61,79,whoscored
1901189,1290,home,4231,91213,79,79,whoscored
1901189,1290,home,4231,91213,79,91,whoscored
1901189,777,away,352,83719,0,48,whoscored
1901189,777,away,352,83719,48,53,whoscored
1901189,777,away,352,83719,53,66,whoscored
1901189,777,away,352,83719,66,78,whoscored
1901189,777,away,352,83719,78,78,whoscored
1901189,777,away,352,83719,78,79,whoscored
1901189,777,away,352,83719,79,91,whoscored
1901190,1290,home,4231,379615,0,58,whoscored
1901190,1290,home,4231,379615,58,82,whoscored
1901190,1290,home,4231,379615,82,83,whoscored
1901190,1290,home,3421,379615,83,93,whoscored
1901190,1290,home,3421,379615,93,94,whoscored
1901190,1290,home,3421,379615,94,94,whoscored
1901190,76,away,352,296119,0,72,whoscored
1901190,76,away,352,142425,72,79,whoscored
1901190,76,away,352,142425,79,91,whoscored
1901190,76,away,4231,142425,91,94,whoscored
1901191,73,home,4141,79554,0,70,whoscored
1901191,73,home,4141,79554,70,87,whoscored
1901191,73,home,4141,79554,87,92,whoscored
1901191,73,home,541,79554,92,94,whoscored
1901191,75,away,352,148684,0,47,whoscored
1901191,75,away,352,148684,47,69,whoscored
1901191,75,away,352,148684,69,70,whoscored
1901191,75,away,352,148684,70,84,whoscored
1901191,75,away,352,255929,84,87,whoscored
1901191,75,away,352,255929,87,94,whoscored
1901192,278,home,4231,425115,0,58,whoscored
1901192,278,home,4231,425115,58,58,whoscored
1901192,278,home,4231,425115,58,68,whoscored
1901192,278,home,4231,425115,68,95,whoscored
1901192,2731,away,3142,105249,0,78,whoscored
1901192,2731,away,3142,105249,78,82,whoscored
1901192,2731,away,3142,105249,82,93,whoscored
1901192,2731,away,3142,105249,93,95,whoscored
1901193,278,home,3421,425115,0,61,whoscored
1901193,278,home,3421,425115,61,73,whoscored
1901193,278,home,3142,425115,73,85,whoscored
1901193,278,home,3142,425115,85,85,whoscored
1901193,278,home,3142,425115,85,97,whoscored
1901193,86,away,3142,320585,0,47,whoscored
1901193,86,away,3142,320585,47,85,whoscored
1901193,86,away,3142,320585,85,88,whoscored
1901193,86,away,3142,320585,88,88,whoscored
1901193,86,away,3142,320585,88,95,whoscored
1901193,86,away,3142,320585,95,97,whoscored
1901194,75,home,352,299344,0,78,whoscored
1901194,75,home,352,299344,78,78,whoscored
1901194,75,home,352,299344,78,86,whoscored
1901194,75,home,352,299344,86,90,whoscored
1901194,75,home,352,255929,90,94,whoscored
1901194,73,away,3511,141726,0,64,whoscored
1901194,73,away,3511,141726,64,64,whoscored
1901194,73,away,3511,141726,64,77,whoscored
1901194,73,away,3511,141726,77,79,whoscored
1901194,73,away,3511,141726,79,87,whoscored
1901194,73,away,3511,141726,87,94,whoscored
1901195,87,home,4141,273539,0,63,whoscored
1901195,87,home,4141,273539,63,80,whoscored
1901195,87,home,442,273539,80,89,whoscored
1901195,87,home,442,273539,89,96,whoscored
1901195,2889,away,442,118542,0,47,whoscored
1901195,2889,away,451,118542,47,70,whoscored
1901195,2889,away,451,118542,70,70,whoscored
1901195,2889,away,451,118542,70,80,whoscored
1901195,2889,away,451,118542,80,81,whoscored
1901195,2889,away,451,118542,81,93,whoscored
1901195,2889,away,532,118542,93,96,whoscored
1901196,87,home,3142,273539,0,80,whoscored
1901196,87,home,3142,273539,80,92,whoscored
1901196,87,home,3142,273539,92,99,whoscored
1901196,86,away,352,320585,0,37,whoscored
1901196,86,away,352,320585,37,61,whoscored
1901196,86,away,352,320585,61,61,whoscored
1901196,86,away,352,320585,61,77,whoscored
1901196,86,away,352,320585,77,77,whoscored
1901196,86,away,352,320585,77,99,whoscored
1901197,80,home,352,141646,0,47,whoscored
1901197,80,home,433,141646,47,71,whoscored
1901197,80,home,433,141646,71,78,whoscored
1901197,80,home,433,141646,78,92,whoscored
1901197,80,home,433,141646,92,95,whoscored
1901197,72,away,352,41073,0,64,whoscored
1901197,72,away,352,343975,64,75,whoscored
1901197,72,away,352,41073,75,90,whoscored
1901197,72,away,4222,41073,90,95,whoscored
1901198,79,home,433,118163,0,48,whoscored
1901198,79,home,433,118163,48,67,whoscored
1901198,79,home,433,118163,67,72,whoscored
1901198,79,home,433,118163,72,79,whoscored
1901198,79,home,433,118163,79,79,whoscored
1901198,79,home,433,118163,79,97,whoscored
1901198,276,away,433,122469,0,50,whoscored
1901198,276,away,433,122469,50,63,whoscored
1901198,276,away,433,122469,63,87,whoscored
1901198,276,away,433,122469,87,97,whoscored
1901199,24341,home,343,447486,0,60,whoscored
1901199,24341,home,343,447486,60,60,whoscored
1901199,24341,home,343,447486,60,61,whoscored
1901199,24341,home,4231,364337,61,73,whoscored
1901199,24341,home,4231,364337,73,73,whoscored
1901199,24341,home,4231,364337,73,94,whoscored
1901199,2731,away,442,105249,0,46,whoscored
1901199,2731,away,442,105249,46,67,whoscored
1901199,2731,away,442,105249,67,67,whoscored
1901199,2731,away,442,105249,67,79,whoscored
1901199,2731,away,532,105249,79,89,whoscored
1901199,2731,away,532,105249,89,94,whoscored
1901200,777,home,3421,83719,0,47,whoscored
1901200,777,home,3421,83719,47,66,whoscored
1901200,777,home,3421,83719,66,94,whoscored
1901200,77,away,433,149029,0,47,whoscored
1901200,77,away,433,149029,47,59,whoscored
1901200,77,away,433,149029,59,62,whoscored
1901200,77,away,433,149029,62,82,whoscored
1901200,77,away,433,149029,82,94,whoscored
1901201,84,home,3421,109149,0,47,whoscored
1901201,84,home,3421,109149,47,52,whoscored
1901201,84,home,3412,109149,52,76,whoscored
1901201,84,home,3412,109149,76,76,whoscored
1901201,84,home,3412,109149,76,81,whoscored
1901201,84,home,3412,109149,81,94,whoscored
1901201,79,away,4231,118163,0,62,whoscored
1901201,79,away,4231,118163,62,62,whoscored
1901201,79,away,4231,118163,62,68,whoscored
1901201,79,away,4231,118163,68,86,whoscored
1901201,79,away,4231,118163,86,87,whoscored
1901201,79,away,4231,118163,87,94,whoscored
1901202,84,home,3421,109149,0,6,whoscored
1901202,84,home,3421,109149,6,50,whoscored
1901202,84,home,352,109149,50,77,whoscored
1901202,84,home,352,109149,77,89,whoscored
1901202,84,home,352,109149,89,90,whoscored
1901202,84,home,352,109149,90,93,whoscored
1901202,24341,away,442,355856,0,64,whoscored
1901202,24341,away,442,355856,64,81,whoscored
1901202,24341,away,442,355856,81,81,whoscored
1901202,24341,away,442,355856,81,81,whoscored
1901202,24341,away,442,355856,81,82,whoscored
1901202,24341,away,4231,355856,82,93,whoscored
1901203,2731,home,4132,105249,0,47,whoscored
1901203,2731,home,3142,105249,47,54,whoscored
1901203,2731,home,3142,105249,54,86,whoscored
1901203,2731,home,3142,105249,86,98,whoscored
1901203,71,away,4141,302691,0,62,whoscored
1901203,71,away,4141,302691,62,79,whoscored
1901203,71,away,4141,302691,79,79,whoscored
1901203,71,away,4141,302691,79,83,whoscored
1901203,71,away,4141,302691,83,83,whoscored
1901203,71,away,4141,302691,83,98,whoscored
1901204,2731,home,352,105249,0,65,whoscored
1901204,2731,home,352,105249,65,74,whoscored
1901204,2731,home,352,105249,74,74,whoscored
1901204,2731,home,352,105249,74,84,whoscored
1901204,2731,home,442,105249,84,96,whoscored
1901204,87,away,3421,273539,0,67,whoscored
1901204,87,away,3421,273539,67,82,whoscored
1901204,87,away,3421,273539,82,82,whoscored
1901204,87,away,3421,273539,82,83,whoscored
1901204,87,away,3421,273539,83,88,whoscored
1901204,87,away,3421,273539,88,96,whoscored
1901205,75,home,352,299344,0,61,whoscored
1901205,75,home,352,299344,61,61,whoscored
1901205,75,home,352,299344,61,69,whoscored
1901205,75,home,352,299344,69,70,whoscored
1901205,75,home,352,299344,70,79,whoscored
1901205,75,home,352,299344,79,92,whoscored
1901205,84,away,3421,109149,0,49,whoscored
1901205,84,away,3421,109149,49,61,whoscored
1901205,84,away,3421,109149,61,67,whoscored
1901205,84,away,3421,109149,67,84,whoscored
1901205,84,away,3421,109149,84,92,whoscored
1901206,73,home,352,355869,0,47,whoscored
1901206,73,home,352,355869,47,47,whoscored
1901206,73,home,352,355869,47,47,whoscored
1901206,73,home,352,355869,47,60,whoscored
1901206,73,home,352,355869,60,77,whoscored
1901206,73,home,352,355869,77,78,whoscored
1901206,73,home,442,355869,78,96,whoscored
1901206,79,away,4231,118163,0,74,whoscored
1901206,79,away,4231,118163,74,77,whoscored
1901206,79,away,4231,118163,77,90,whoscored
1901206,79,away,4231,118163,90,90,whoscored
1901206,79,away,4231,118163,90,96,whoscored
1901207,87,home,4141,273539,0,46,whoscored
1901207,87,home,4141,273539,46,67,whoscored
1901207,87,home,4141,273539,67,83,whoscored
1901207,87,home,4141,273539,83,84,whoscored
1901207,87,home,4141,273539,84,90,whoscored
1901207,87,home,4141,273539,90,95,whoscored
1901207,278,away,541,425115,0,52,whoscored
1901207,278,away,532,425115,52,66,whoscored
1901207,278,away,532,425115,66,66,whoscored
1901207,278,away,532,425115,66,83,whoscored
1901207,278,away,532,425115,83,95,whoscored
1901208,77,home,433,149029,0,47,whoscored
1901208,77,home,433,149029,47,63,whoscored
1901208,77,home,433,149029,63,74,whoscored
1901208,77,home,433,149029,74,85,whoscored
1901208,77,home,433,149029,85,85,whoscored
1901208,77,home,433,149029,85,93,whoscored
1901208,78,away,41212,371396,0,58,whoscored
1901208,78,away,41212,371396,58,69,whoscored
1901208,78,away,41212,371396,69,70,whoscored
1901208,78,away,41212,371396,70,80,whoscored
1901208,78,away,41212,371396,80,80,whoscored
1901208,78,away,41212,371396,80,93,whoscored
1901209,77,home,433,118147,0,58,whoscored
1901209,77,home,433,118147,58,58,whoscored
1901209,77,home,433,118147,58,58,whoscored
1901209,77,home,433,118147,58,65,whoscored
1901209,77,home,433,118147,65,96,whoscored
1901209,24341,away,352,355856,0,71,whoscored
1901209,24341,away,352,355856,71,80,whoscored
1901209,24341,away,352,355856,80,81,whoscored
1901209,24341,away,352,355856,81,92,whoscored
1901209,24341,away,352,355856,92,92,whoscored
1901209,24341,away,352,355856,92,96,whoscored
1901210,80,home,352,141646,0,85,whoscored
1901210,80,home,352,141646,85,88,whoscored
1901210,80,home,352,141646,88,95,whoscored
1901210,80,home,352,141646,95,96,whoscored
1901210,84,away,352,109149,0,52,whoscored
1901210,84,away,352,109149,52,52,whoscored
1901210,84,away,352,109149,52,78,whoscored
1901210,84,away,3421,109149,78,85,whoscored
1901210,84,away,433,109149,85,96,whoscored
1901211,79,home,4231,118163,0,48,whoscored
1901211,79,home,4231,118163,48,69,whoscored
1901211,79,home,4231,118163,69,70,whoscored
1901211,79,home,4141,118163,70,80,whoscored
1901211,79,home,3421,118163,80,93,whoscored
1901211,300,away,3421,85070,0,65,whoscored
1901211,300,away,3421,100962,65,72,whoscored
1901211,300,away,3421,100962,72,72,whoscored
1901211,300,away,3421,100962,72,73,whoscored
1901211,300,away,3421,129903,73,82,whoscored
1901211,300,away,3421,129903,82,93,whoscored
1901212,276,home,433,122469,0,37,whoscored
1901212,276,home,433,122469,37,50,whoscored
1901212,276,home,433,122469,50,77,whoscored
1901212,276,home,433,122469,77,91,whoscored
1901212,276,home,433,122469,91,91,whoscored
1901212,276,home,433,122469,91,92,whoscored
1901212,276,home,433,122469,92,94,whoscored
1901212,1290,away,4231,91213,0,7,whoscored
1901212,1290,away,4231,91213,7,75,whoscored
1901212,1290,away,4231,91213,75,75,whoscored
1901212,1290,away,4231,91213,75,86,whoscored
1901212,1290,away,4231,379615,86,94,whoscored
1901213,276,home,3421,111892,0,70,whoscored
1901213,276,home,3421,111892,70,74,whoscored
1901213,276,home,3421,111892,74,85,whoscored
1901213,276,home,3421,111892,85,85,whoscored
1901213,276,home,3421,111892,85,95,whoscored
1901213,80,away,352,141646,0,62,whoscored
1901213,80,away,352,141646,62,63,whoscored
1901213,80,away,352,141646,63,74,whoscored
1901213,80,away,352,141646,74,82,whoscored
1901213,80,away,352,141646,82,83,whoscored
1901213,80,away,433,141646,83,95,whoscored
1901214,24341,home,4222,355856,0,23,whoscored
1901214,24341,home,4222,355856,23,32,whoscored
1901214,24341,home,4222,355856,32,40,whoscored
1901214,24341,home,442,355856,40,50,whoscored
1901214,24341,home,532,355856,50,82,whoscored
1901214,24341,home,532,355856,82,82,whoscored
1901214,24341,home,532,355856,82,82,whoscored
1901214,24341,home,532,355856,82,96,whoscored
1901214,71,away,4231,302691,0,60,whoscored
1901214,71,away,4231,302691,60,76,whoscored
1901214,71,away,4231,302691,76,76,whoscored
1901214,71,away,4231,302691,76,86,whoscored
1901214,71,away,4231,302691,86,86,whoscored
1901214,71,away,4231,302691,86,96,whoscored
1901215,777,home,352,83719,0,59,whoscored
1901215,777,home,352,83719,59,78,whoscored
1901215,777,home,352,83719,78,87,whoscored
1901215,777,home,352,83719,87,94,whoscored
1901215,72,away,3412,343975,0,63,whoscored
1901215,72,away,3412,343975,63,73,whoscored
1901215,72,away,3421,343975,73,84,whoscored
1901215,72,away,3421,343975,84,84,whoscored
1901215,72,away,3421,343975,84,94,whoscored
1901216,2889,home,433,118542,0,67,whoscored
1901216,2889,home,433,118542,67,67,whoscored
1901216,2889,home,433,118542,67,81,whoscored
1901216,2889,home,433,118542,81,81,whoscored
1901216,2889,home,433,118542,81,89,whoscored
1901216,2889,home,433,38128,89,95,whoscored
1901216,278,away,352,425115,0,62,whoscored
1901216,278,away,352,425115,62,62,whoscored
1901216,278,away,352,425115,62,71,whoscored
1901216,278,away,352,425115,71,71,whoscored
1901216,278,away,352,425115,71,72,whoscored
1901216,278,away,352,425115,72,88,whoscored
1901216,278,away,352,425115,88,95,whoscored
1901217,2889,home,4231,118542,0,61,whoscored
1901217,2889,home,433,118542,61,72,whoscored
1901217,2889,home,433,118542,72,72,whoscored
1901217,2889,home,433,118542,72,85,whoscored
1901217,2889,home,433,118542,85,97,whoscored
1901217,78,away,352,130368,0,77,whoscored
1901217,78,away,352,130368,77,78,whoscored
1901217,78,away,352,130368,78,86,whoscored
1901217,78,away,433,130368,86,92,whoscored
1901217,78,away,433,130368,92,93,whoscored
1901217,78,away,433,130368,93,97,whoscored
1901218,72,home,352,343975,0,49,whoscored
1901218,72,home,3421,121417,49,69,whoscored
1901218,72,home,3421,121417,69,70,whoscored
1901218,72,home,352,343975,70,76,whoscored
1901218,72,home,352,343975,76,81,whoscored
1901218,72,home,352,343975,81,94,whoscored
1901218,777,away,532,83719,0,49,whoscored
1901218,777,away,532,83719,49,69,whoscored
1901218,777,away,532,83719,69,86,whoscored
1901218,777,away,532,83719,86,86,whoscored
1901218,777,away,532,83719,86,94,whoscored
1901219,86,home,3421,320585,0,65,whoscored
1901219,86,home,3421,320585,65,69,whoscored
1901219,86,home,3421,320585,69,69,whoscored
1901219,86,home,3421,320585,69,86,whoscored
1901219,86,home,3421,320585,86,96,whoscored
1901219,1290,away,4231,379615,0,59,whoscored
1901219,1290,away,4231,379615,59,60,whoscored
1901219,1290,away,3421,379615,60,80,whoscored
1901219,1290,away,3421,379615,80,86,whoscored
1901219,1290,away,3421,379615,86,96,whoscored
1901220,86,home,352,320585,0,70,whoscored
1901220,86,home,352,320585,70,70,whoscored
1901220,86,home,352,320585,70,76,whoscored
1901220,86,home,352,320585,76,77,whoscored
1901220,86,home,352,320585,77,87,whoscored
1901220,86,home,541,320585,87,94,whoscored
1901220,300,away,3421,129903,0,60,whoscored
1901220,300,away,3421,129903,60,60,whoscored
1901220,300,away,3421,129903,60,78,whoscored
1901220,300,away,3421,129903,78,86,whoscored
1901220,300,away,3421,129903,86,94,whoscored
1901221,76,home,352,142425,0,68,whoscored
1901221,76,home,352,142425,68,76,whoscored
1901221,76,home,352,142425,76,76,whoscored
1901221,76,home,352,142425,76,91,whoscored
1901221,76,home,352,142425,91,96,whoscored
1901221,73,away,433,79554,0,60,whoscored
1901221,73,away,442,79554,60,77,whoscored
1901221,73,away,442,79554,77,77,whoscored
1901221,73,away,442,79554,77,91,whoscored
1901221,73,away,532,79554,91,96,whoscored
1901222,76,home,352,142425,0,76,whoscored
1901222,76,home,352,142425,76,76,whoscored
1901222,76,home,352,142425,76,83,whoscored
1901222,76,home,352,142425,83,91,whoscored
1901222,76,home,352,142425,91,95,whoscored
1901222,75,away,352,299344,0,58,whoscored
1901222,75,away,352,299344,58,68,whoscored
1901222,75,away,352,299344,68,91,whoscored
1901222,75,away,352,299344,91,95,whoscored
1901223,300,home,3421,85070,0,58,whoscored
1901223,300,home,3421,85070,58,75,whoscored
1901223,300,home,3421,85070,75,75,whoscored
1901223,300,home,3421,85070,75,75,whoscored
1901223,300,home,3421,85070,75,89,whoscored
1901223,300,home,3421,85070,89,96,whoscored
1901223,87,away,3421,273539,0,61,whoscored
1901223,87,away,3421,273539,61,74,whoscored
1901223,87,away,3421,273539,74,74,whoscored
1901223,87,away,3421,273539,74,82,whoscored
1901223,87,away,3421,273539,82,82,whoscored
1901223,87,away,3421,273539,82,96,whoscored
1901224,300,home,3421,129903,0,51,whoscored
1901224,300,home,3421,129903,51,51,whoscored
1901224,300,home,3421,129903,51,63,whoscored
1901224,300,home,3421,129903,63,83,whoscored
1901224,300,home,3421,129903,83,88,whoscored
1901224,300,home,3421,129903,88,94,whoscored
1901224,2889,away,433,118542,0,65,whoscored
1901224,2889,away,433,118542,65,86,whoscored
1901224,2889,away,433,118542,86,94,whoscored
1901225,71,home,4231,302691,0,68,whoscored
1901225,71,home,4231,302691,68,76,whoscored
1901225,71,home,4231,302691,76,76,whoscored
1901225,71,home,4231,302691,76,87,whoscored
1901225,71,home,4231,302691,87,94,whoscored
1901225,79,away,4231,118163,0,48,whoscored
1901225,79,away,4231,118163,48,66,whoscored
1901225,79,away,4231,118163,66,66,whoscored
1901225,79,away,4231,118163,66,85,whoscored
1901225,79,away,4231,118163,85,94,whoscored
1901226,71,home,4231,396971,0,7,whoscored
1901226,71,home,4231,396971,7,51,whoscored
1901226,71,home,4231,396971,51,66,whoscored
1901226,71,home,4231,396971,66,86,whoscored
1901226,71,home,4231,396971,86,94,whoscored
1901226,276,away,433,122469,0,72,whoscored
1901226,276,away,433,122469,72,72,whoscored
1901226,276,away,433,122469,72,82,whoscored
1901226,276,away,433,122469,82,82,whoscored
1901226,276,away,433,122469,82,87,whoscored
1901226,276,away,442,122469,87,94,whoscored
1901227,78,home,4231,130368,0,30,whoscored
1901227,78,home,4231,130368,30,64,whoscored
1901227,78,home,532,130368,64,91,whoscored
1901227,78,home,532,130368,91,92,whoscored
1901227,78,home,532,130368,92,94,whoscored
1901227,2731,away,442,446953,0,71,whoscored
1901227,2731,away,4132,446953,71,76,whoscored
1901227,2731,away,4132,446953,76,81,whoscored
1901227,2731,away,4132,446953,81,94,whoscored
1901228,1290,home,4231,91213,0,49,whoscored
1901228,1290,home,4231,91213,49,66,whoscored
1901228,1290,home,4231,91213,66,66,whoscored
1901228,1290,home,4231,91213,66,78,whoscored
1901228,1290,home,4231,91213,78,92,whoscored
1901228,1290,home,4231,91213,92,95,whoscored
1901228,78,away,451,371396,0,60,whoscored
1901228,78,away,451,371396,60,70,whoscored
1901228,78,away,451,371396,70,82,whoscored
1901228,78,away,532,371396,82,95,whoscored
1901229,1290,home,4231,90782,0,47,whoscored
1901229,1290,home,4231,379615,47,68,whoscored
1901229,1290,home,4231,379615,68,80,whoscored
1901229,1290,home,4231,379615,80,81,whoscored
1901229,1290,home,4231,379615,81,95,whoscored
1901229,75,away,352,148684,0,47,whoscored
1901229,75,away,352,148684,47,57,whoscored
1901229,75,away,352,148684,57,57,whoscored
1901229,75,away,352,148684,57,57,whoscored
1901229,75,away,352,148684,57,79,whoscored
1901229,75,away,352,148684,79,95,whoscored
1901230,278,home,352,425115,0,69,whoscored
1901230,278,home,352,425115,69,78,whoscored
1901230,278,home,352,425115,78,94,whoscored
1901230,73,away,352,355869,0,68,whoscored
1901230,73,away,352,355869,68,68,whoscored
1901230,73,away,352,355869,68,76,whoscored
1901230,73,away,352,355869,76,77,whoscored
1901230,73,away,352,355869,77,86,whoscored
1901230,73,away,352,355869,86,94,whoscored
1901231,73,home,433,79554,0,71,whoscored
1901231,73,home,433,79554,71,80,whoscored
1901231,73,home,433,79554,80,84,whoscored
1901231,73,home,433,79554,84,97,whoscored
1901231,77,away,433,149029,0,46,whoscored
1901231,77,away,433,149029,46,46,whoscored
1901231,77,away,433,149029,46,67,whoscored
1901231,77,away,433,140261,67,79,whoscored
1901231,77,away,433,140261,79,97,whoscored
1901232,75,home,352,299344,0,58,whoscored
1901232,75,home,352,299344,58,58,whoscored
1901232,75,home,352,299344,58,73,whoscored
1901232,75,home,352,148684,73,83,whoscored
1901232,75,home,352,148684,83,95,whoscored
1901232,77,away,433,149029,0,67,whoscored
1901232,77,away,433,149029,67,67,whoscored
1901232,77,away,433,149029,67,67,whoscored
1901232,77,away,433,149029,67,70,whoscored
1901232,77,away,433,149029,70,77,whoscored
1901232,77,away,433,149029,77,95,whoscored
1901233,278,home,3421,425115,0,56,whoscored
1901233,278,home,3421,425115,56,76,whoscored
1901233,278,home,3421,425115,76,88,whoscored
1901233,278,home,3421,425115,88,93,whoscored
1901233,2889,away,433,118542,0,47,whoscored
1901233,2889,away,433,317544,47,68,whoscored
1901233,2889,away,433,317544,68,68,whoscored
1901233,2889,away,433,317544,68,82,whoscored
1901233,2889,away,433,372407,82,88,whoscored
1901233,2889,away,433,372407,88,93,whoscored
1901234,87,home,3421,273539,0,48,whoscored
1901234,87,home,3421,273539,48,67,whoscored
1901234,87,home,3421,273539,67,67,whoscored
1901234,87,home,3421,273539,67,86,whoscored
1901234,87,home,3421,273539,86,88,whoscored
1901234,87,home,3421,366379,88,95,whoscored
1901234,72,away,352,343975,0,48,whoscored
1901234,72,away,352,343975,48,48,whoscored
1901234,72,away,352,343975,48,81,whoscored
1901234,72,away,352,41073,81,90,whoscored
1901234,72,away,352,41073,90,95,whoscored
1901235,80,home,433,141646,0,47,whoscored
1901235,80,home,433,141646,47,61,whoscored
1901235,80,home,433,141646,61,73,whoscored
1901235,80,home,433,141646,73,73,whoscored
1901235,80,home,433,141646,73,78,whoscored
1901235,80,home,433,141646,78,93,whoscored
1901235,86,away,541,320585,0,67,whoscored
1901235,86,away,541,320585,67,77,whoscored
1901235,86,away,541,320585,77,86,whoscored
1901235,86,away,541,320585,86,87,whoscored
1901235,86,away,541,320585,87,93,whoscored
1901236,79,home,4231,118163,0,68,whoscored
1901236,79,home,4231,118163,68,68,whoscored
1901236,79,home,4231,118163,68,79,whoscored
1901236,79,home,4231,118163,79,88,whoscored
1901236,79,home,4231,118163,88,95,whoscored
1901236,76,away,352,142425,0,57,whoscored
1901236,76,away,352,142425,57,76,whoscored
1901236,76,away,352,142425,76,76,whoscored
1901236,76,away,352,142425,76,88,whoscored
1901236,76,away,352,142425,88,95,whoscored
1901237,24341,home,352,355856,0,60,whoscored
1901237,24341,home,541,355856,60,68,whoscored
1901237,24341,home,541,355856,68,68,whoscored
1901237,24341,home,541,355856,68,73,whoscored
1901237,24341,home,541,355856,73,94,whoscored
1901237,276,away,3421,122683,0,47,whoscored
1901237,276,away,3421,122683,47,57,whoscored
1901237,276,away,3421,122683,57,67,whoscored
1901237,276,away,3421,122683,67,79,whoscored
1901237,276,away,3421,122683,79,80,whoscored
1901237,276,away,3421,111892,80,94,whoscored
1901238,24341,home,352,355856,0,50,whoscored
1901238,24341,home,352,355856,50,72,whoscored
1901238,24341,home,352,355856,72,85,whoscored
1901238,24341,home,352,355856,85,95,whoscored
1901238,24341,home,352,355856,95,96,whoscored
1901238,24341,home,541,355856,96,95,whoscored
1901238,80,away,352,141646,0,64,whoscored
1901238,80,away,352,141646,64,74,whoscored
1901238,80,away,352,141646,74,74,whoscored
1901238,80,away,352,141646,74,75,whoscored
1901238,80,away,352,141646,75,91,whoscored
1901238,80,away,433,141646,91,95,whoscored
1901239,84,home,3421,109149,0,48,whoscored
1901239,84,home,3421,109149,48,67,whoscored
1901239,84,home,3421,109149,67,80,whoscored
1901239,84,home,3421,109149,80,87,whoscored
1901239,84,home,3421,109149,87,94,whoscored
1901239,777,away,3421,83719,0,56,whoscored
1901239,777,away,3421,83719,56,56,whoscored
1901239,777,away,3421,83719,56,76,whoscored
1901239,777,away,3421,83719,76,76,whoscored
1901239,777,away,3421,83719,76,86,whoscored
1901239,777,away,3421,83719,86,94,whoscored
1901240,777,home,352,83719,0,47,whoscored
1901240,777,home,352,83719,47,68,whoscored
1901240,777,home,352,83719,68,92,whoscored
1901240,777,home,352,83719,92,94,whoscored
1901240,2731,away,3142,105249,0,78,whoscored
1901240,2731,away,3142,105249,78,92,whoscored
1901240,2731,away,3142,105249,92,94,whoscored
1901241,72,home,352,343975,0,69,whoscored
1901241,72,home,352,343975,69,77,whoscored
1901241,72,home,352,343975,77,77,whoscored
1901241,72,home,352,343975,77,86,whoscored
1901241,72,home,352,343975,86,86,whoscored
1901241,72,home,352,343975,86,95,whoscored
1901241,76,away,352,142425,0,62,whoscored
1901241,76,away,352,142425,62,70,whoscored
1901241,76,away,352,142425,70,83,whoscored
1901241,76,away,352,142425,83,83,whoscored
1901241,76,away,352,142425,83,84,whoscored
1901241,76,away,442,142425,84,95,whoscored
1901242,84,home,3421,109149,0,41,whoscored
1901242,84,home,3421,109149,41,78,whoscored
1901242,84,home,3421,109149,78,78,whoscored
1901242,84,home,3421,109149,78,94,whoscored
1901242,84,home,3421,109149,94,94,whoscored
1901242,84,home,3421,109149,94,94,whoscored
1901242,86,away,352,320585,0,57,whoscored
1901242,86,away,352,320585,57,76,whoscored
1901242,86,away,352,239881,76,86,whoscored
1901242,86,away,352,239881,86,86,whoscored
1901242,86,away,352,239881,86,94,whoscored
1901243,75,home,352,148684,0,78,whoscored
1901243,75,home,352,148684,78,78,whoscored
1901243,75,home,352,148684,78,78,whoscored
1901243,75,home,352,148684,78,87,whoscored
1901243,75,home,352,148684,87,91,whoscored
1901243,75,home,352,148684,91,94,whoscored
1901243,78,away,352,318432,0,59,whoscored
1901243,78,away,352,318432,59,59,whoscored
1901243,78,away,352,318432,59,78,whoscored
1901243,78,away,352,130368,78,89,whoscored
1901243,78,away,352,130368,89,90,whoscored
1901243,78,away,442,130368,90,94,whoscored
1901244,76,home,352,142425,0,50,whoscored
1901244,76,home,352,142425,50,58,whoscored
1901244,76,home,343,142425,58,68,whoscored
1901244,76,home,343,142425,68,92,whoscored
1901244,76,home,343,142425,92,94,whoscored
1901244,24341,away,352,355856,0,57,whoscored
1901244,24341,away,352,355856,57,81,whoscored
1901244,24341,away,352,355856,81,89,whoscored
1901244,24341,away,352,355856,89,94,whoscored
1901245,87,home,3421,273539,0,48,whoscored
1901245,87,home,3421,273539,48,74,whoscored
1901245,87,home,3421,273539,74,82,whoscored
1901245,87,home,3421,273539,82,88,whoscored
1901245,87,home,3421,273539,88,92,whoscored
1901245,71,away,433,302691,0,61,whoscored
1901245,71,away,433,302691,61,61,whoscored
1901245,71,away,433,302691,61,61,whoscored
1901245,71,away,433,302691,61,70,whoscored
1901245,71,away,433,302691,70,79,whoscored
1901245,71,away,433,302691,79,92,whoscored
1901246,78,home,352,130368,0,58,whoscored
1901246,78,home,352,130368,58,72,whoscored
1901246,78,home,352,130368,72,72,whoscored
1901246,78,home,352,130368,72,77,whoscored
1901246,78,home,352,95822,77,95,whoscored
1901246,278,away,352,425115,0,67,whoscored
1901246,278,away,352,425115,67,79,whoscored
1901246,278,away,442,425115,79,88,whoscored
1901246,278,away,442,425115,88,89,whoscored
1901246,278,away,4141,425115,89,95,whoscored
1901246,278,away,352,425115,95,95,whoscored
1901247,79,home,4231,118163,0,60,whoscored
1901247,79,home,4231,118163,60,61,whoscored
1901247,79,home,4231,118163,61,89,whoscored
1901247,79,home,4231,118163,89,94,whoscored
1901247,73,away,433,79554,0,10,whoscored
1901247,73,away,433,79554,10,64,whoscored
1901247,73,away,433,79554,64,84,whoscored
1901247,73,away,4231,79554,84,94,whoscored
1901248,2731,home,352,105249,0,24,whoscored
1901248,2731,home,352,105249,24,52,whoscored
1901248,2731,home,352,105249,52,63,whoscored
1901248,2731,home,352,105249,63,63,whoscored
1901248,2731,home,352,105249,63,76,whoscored
1901248,2731,home,352,105249,76,86,whoscored
1901248,2731,home,352,105249,86,86,whoscored
1901248,2731,home,352,105249,86,94,whoscored
1901248,84,away,3421,109149,0,52,whoscored
1901248,84,away,3421,109149,52,66,whoscored
1901248,84,away,3421,109149,66,66,whoscored
1901248,84,away,3421,109149,66,86,whoscored
1901248,84,away,3421,109149,86,91,whoscored
1901248,84,away,3421,109149,91,94,whoscored
1901249,276,home,3421,122683,0,47,whoscored
1901249,276,home,3421,122683,47,64,whoscored
1901249,276,home,3421,122683,64,73,whoscored
1901249,276,home,3421,122683,73,74,whoscored
1901249,276,home,3421,339579,74,95,whoscored
1901249,77,away,433,149029,0,62,whoscored
1901249,77,away,433,140261,62,72,whoscored
1901249,77,away,433,140261,72,83,whoscored
1901249,77,away,433,140261,83,95,whoscored
1901250,73,home,352,355869,0,53,whoscored
1901250,73,home,352,355869,53,67,whoscored
1901250,73,home,352,355869,67,76,whoscored
1901250,73,home,352,355869,76,89,whoscored
1901250,73,home,352,355869,89,94,whoscored
1901250,87,away,3421,273539,0,73,whoscored
1901250,87,away,3421,273539,73,73,whoscored
1901250,87,away,3421,273539,73,83,whoscored
1901250,87,away,3421,273539,83,94,whoscored
1901251,777,home,3421,83719,0,58,whoscored
1901251,777,home,3421,83719,58,63,whoscored
1901251,777,home,442,83719,63,72,whoscored
1901251,777,home,4231,83719,72,93,whoscored
1901251,278,away,3412,425115,0,67,whoscored
1901251,278,away,352,425115,67,80,whoscored
1901251,278,away,352,425115,80,81,whoscored
1901251,278,away,352,425115,81,88,whoscored
1901251,278,away,352,425115,88,93,whoscored
1901252,75,home,352,299344,0,68,whoscored
1901252,75,home,352,148684,68,80,whoscored
1901252,75,home,352,148684,80,87,whoscored
1901252,75,home,442,329665,87,94,whoscored
1901252,80,away,352,141646,0,48,whoscored
1901252,80,away,352,141646,48,80,whoscored
1901252,80,away,352,141646,80,80,whoscored
1901252,80,away,352,141646,80,88,whoscored
1901252,80,away,541,141646,88,94,whoscored
1901253,84,home,3421,109149,0,61,whoscored
1901253,84,home,3421,109149,61,61,whoscored
1901253,84,home,3421,109149,61,61,whoscored
1901253,84,home,3421,109149,61,72,whoscored
1901253,84,home,3421,109149,72,79,whoscored
1901253,84,home,3421,109149,79,94,whoscored
1901253,300,away,3421,85070,0,47,whoscored
1901253,300,away,3421,85070,47,55,whoscored
1901253,300,away,3421,85070,55,81,whoscored
1901253,300,away,3421,85070,81,94,whoscored
1901254,77,home,433,149029,0,47,whoscored
1901254,77,home,433,149029,47,76,whoscored
1901254,77,home,433,149029,76,83,whoscored
1901254,77,home,433,149029,83,87,whoscored
1901254,77,home,433,149029,87,88,whoscored
1901254,77,home,433,149029,88,97,whoscored
1901254,79,away,4231,118163,0,47,whoscored
1901254,79,away,4231,118163,47,64,whoscored
1901254,79,away,4132,118163,64,77,whoscored
1901254,79,away,4231,118163,77,97,whoscored
1901255,2889,home,433,38128,0,66,whoscored
1901255,2889,home,433,38128,66,78,whoscored
1901255,2889,home,433,38128,78,78,whoscored
1901255,2889,home,433,38128,78,79,whoscored
1901255,2889,home,433,372407,79,95,whoscored
1901255,1290,away,4231,379615,0,48,whoscored
1901255,1290,away,4231,379615,48,62,whoscored
1901255,1290,away,4231,379615,62,74,whoscored
1901255,1290,away,4231,91213,74,95,whoscored
1901256,276,home,343,122469,0,65,whoscored
1901256,276,home,343,122469,65,70,whoscored
1901256,276,home,343,122469,70,70,whoscored
1901256,276,home,343,122469,70,70,whoscored
1901256,276,home,343,122469,70,76,whoscored
1901256,276,home,343,122469,76,94,whoscored
1901256,300,away,3412,85070,0,47,whoscored
1901256,300,away,3412,85070,47,63,whoscored
1901256,300,away,3412,85070,63,78,whoscored
1901256,300,away,3412,85070,78,83,whoscored
1901256,300,away,3412,85070,83,94,whoscored
1901257,86,home,3412,320585,0,67,whoscored
1901257,86,home,3421,320585,67,76,whoscored
1901257,86,home,3421,320585,76,76,whoscored
1901257,86,home,3421,320585,76,84,whoscored
1901257,86,home,3421,320585,84,96,whoscored
1901257,24341,away,3421,355856,0,49,whoscored
1901257,24341,away,3421,355856,49,69,whoscored
1901257,24341,away,3421,355856,69,69,whoscored
1901257,24341,away,3421,355856,69,75,whoscored
1901257,24341,away,3421,355856,75,78,whoscored
1901257,24341,away,3421,355856,78,96,whoscored
1901258,2889,home,433,118542,0,48,whoscored
1901258,2889,home,433,118542,48,62,whoscored
1901258,2889,home,433,118542,62,74,whoscored
1901258,2889,home,433,118542,74,89,whoscored
1901258,2889,home,4231,118542,89,95,whoscored
1901258,777,away,442,83719,0,48,whoscored
1901258,777,away,442,83719,48,59,whoscored
1901258,777,away,442,83719,59,59,whoscored
1901258,777,away,442,83719,59,73,whoscored
1901258,777,away,442,83719,73,74,whoscored
1901258,777,away,352,83719,74,84,whoscored
1901258,777,away,352,83719,84,95,whoscored
1901259,76,home,3421,142425,0,20,whoscored
1901259,76,home,3421,142425,20,48,whoscored
1901259,76,home,3421,142425,48,66,whoscored
1901259,76,home,3421,142425,66,84,whoscored
1901259,76,home,3421,142425,84,85,whoscored
1901259,76,home,3421,142425,85,91,whoscored
1901259,76,home,352,142425,91,94,whoscored
1901259,80,away,352,141646,0,65,whoscored
1901259,80,away,352,141646,65,65,whoscored
1901259,80,away,352,141646,65,66,whoscored
1901259,80,away,352,141646,66,82,whoscored
1901259,80,away,352,141646,82,94,whoscored
1901260,72,home,352,41073,0,64,whoscored
1901260,72,home,352,41073,64,69,whoscored
1901260,72,home,352,41073,69,69,whoscored
1901260,72,home,352,41073,69,81,whoscored
1901260,72,home,352,41073,81,81,whoscored
1901260,72,home,352,41073,81,92,whoscored
1901260,1290,away,4231,379615,0,61,whoscored
1901260,1290,away,4231,379615,61,78,whoscored
1901260,1290,away,4231,379615,78,86,whoscored
1901260,1290,away,4231,379615,86,86,whoscored
1901260,1290,away,4231,379615,86,87,whoscored
1901260,1290,away,343,379615,87,92,whoscored
1901261,2731,home,442,446953,0,61,whoscored
1901261,2731,home,442,446953,61,61,whoscored
1901261,2731,home,442,446953,61,74,whoscored
1901261,2731,home,442,446953,74,85,whoscored
1901261,2731,home,442,446953,85,96,whoscored
1901261,72,away,3412,343975,0,69,whoscored
1901261,72,away,3412,343975,69,77,whoscored
1901261,72,away,3412,343975,77,77,whoscored
1901261,72,away,3412,343975,77,78,whoscored
1901261,72,away,3412,93935,78,91,whoscored
1901261,72,away,3412,93935,91,96,whoscored
1901262,86,home,3511,320585,0,68,whoscored
1901262,86,home,3511,320585,68,68,whoscored
1901262,86,home,3511,320585,68,69,whoscored
1901262,86,home,3511,320585,69,76,whoscored
1901262,86,home,3511,320585,76,76,whoscored
1901262,86,home,3511,320585,76,95,whoscored
1901262,71,away,4231,19580,0,68,whoscored
1901262,71,away,4231,286828,68,83,whoscored
1901262,71,away,4231,331383,83,89,whoscored
1901262,71,away,4231,331383,89,90,whoscored
1901262,71,away,4231,331383,90,95,whoscored
1901263,71,home,3421,396971,0,48,whoscored
1901263,71,home,3421,396971,48,68,whoscored
1901263,71,home,3421,396971,68,79,whoscored
1901263,71,home,3421,396971,79,79,whoscored
1901263,71,home,3421,396971,79,94,whoscored
1901263,84,away,3421,244804,0,48,whoscored
1901263,84,away,3421,244804,48,63,whoscored
1901263,84,away,3421,244804,63,79,whoscored
1901263,84,away,3412,244804,79,94,whoscored
1901264,300,home,3421,85070,0,68,whoscored
1901264,300,home,3421,85070,68,78,whoscored
1901264,300,home,3421,85070,78,78,whoscored
1901264,300,home,3421,85070,78,88,whoscored
1901264,300,home,3421,85070,88,94,whoscored
1901264,73,away,3142,355869,0,65,whoscored
1901264,73,away,3142,355869,65,76,whoscored
1901264,73,away,3142,355869,76,80,whoscored
1901264,73,away,3421,355869,80,94,whoscored
1901265,78,home,532,130368,0,51,whoscored
1901265,78,home,532,130368,51,61,whoscored
1901265,78,home,532,130368,61,62,whoscored
1901265,78,home,541,318432,62,78,whoscored
1901265,78,home,541,318432,78,82,whoscored
1901265,78,home,541,318432,82,97,whoscored
1901265,300,away,3421,85070,0,61,whoscored
1901265,300,away,3421,85070,61,61,whoscored
1901265,300,away,3421,85070,61,62,whoscored
1901265,300,away,3412,85070,62,78,whoscored
1901265,300,away,3412,129903,78,82,whoscored
1901265,300,away,3412,129903,82,97,whoscored
1901266,71,home,4231,286828,0,49,whoscored
1901266,71,home,4231,286828,49,49,whoscored
1901266,71,home,4231,286828,49,78,whoscored
1901266,71,home,4231,286828,78,82,whoscored
1901266,71,home,4231,286828,82,82,whoscored
1901266,71,home,4231,286828,82,98,whoscored
1901266,2731,away,3142,105249,0,70,whoscored
1901266,2731,away,3142,105249,70,79,whoscored
1901266,2731,away,3142,105249,79,79,whoscored
1901266,2731,away,3142,105249,79,89,whoscored
1901266,2731,away,3142,105249,89,98,whoscored
1901267,73,home,433,79554,0,67,whoscored
1901267,73,home,433,79554,67,68,whoscored
1901267,73,home,433,79554,68,76,whoscored
1901267,73,home,433,79554,76,94,whoscored
1901267,2889,away,433,38128,0,66,whoscored
1901267,2889,away,433,38128,66,75,whoscored
1901267,2889,away,433,38128,75,89,whoscored
1901267,2889,away,433,38128,89,89,whoscored
1901267,2889,away,433,38128,89,90,whoscored
1901267,2889,away,433,38128,90,94,whoscored
1901268,1290,home,4231,228854,0,60,whoscored
1901268,1290,home,4231,379615,60,83,whoscored
1901268,1290,home,4231,379615,83,92,whoscored
1901268,1290,home,541,379615,92,96,whoscored
1901268,2889,away,433,118542,0,52,whoscored
1901268,2889,away,433,38128,52,70,whoscored
1901268,2889,away,433,38128,70,70,whoscored
1901268,2889,away,433,38128,70,83,whoscored
1901268,2889,away,433,38128,83,83,whoscored
1901268,2889,away,433,38128,83,96,whoscored
1901269,278,home,352,425115,0,49,whoscored
1901269,278,home,352,425115,49,60,whoscored
1901269,278,home,352,425115,60,73,whoscored
1901269,278,home,352,425115,73,73,whoscored
1901269,278,home,352,425115,73,84,whoscored
1901269,278,home,352,425115,84,96,whoscored
1901269,1290,away,4231,379615,0,49,whoscored
1901269,1290,away,4231,379615,49,60,whoscored
1901269,1290,away,4231,379615,60,84,whoscored
1901269,1290,away,541,379615,84,95,whoscored
1901269,1290,away,541,379615,95,96,whoscored
1901270,278,home,352,425115,0,69,whoscored
1901270,278,home,352,425115,69,74,whoscored
1901270,278,home,352,425115,74,87,whoscored
1901270,278,home,352,425115,87,87,whoscored
1901270,278,home,352,425115,87,95,whoscored
1901270,76,away,352,142425,0,29,whoscored
1901270,76,away,352,142425,29,68,whoscored
1901270,76,away,343,142425,68,83,whoscored
1901270,76,away,343,142425,83,83,whoscored
1901270,76,away,343,142425,83,95,whoscored
1901271,77,home,433,140261,0,47,whoscored
1901271,77,home,433,140261,47,66,whoscored
1901271,77,home,433,140261,66,77,whoscored
1901271,77,home,433,140261,77,85,whoscored
1901271,77,home,433,140261,85,97,whoscored
1901271,86,away,3421,440029,0,67,whoscored
1901271,86,away,3421,440029,67,70,whoscored
1901271,86,away,3421,440029,70,83,whoscored
1901271,86,away,3421,440029,83,97,whoscored
1901272,87,home,3421,273539,0,30,whoscored
1901272,87,home,3421,273539,30,49,whoscored
1901272,87,home,3421,273539,49,73,whoscored
1901272,87,home,3421,273539,73,88,whoscored
1901272,87,home,3421,273539,88,94,whoscored
1901272,78,away,352,130368,0,56,whoscored
1901272,78,away,352,130368,56,56,whoscored
1901272,78,away,352,130368,56,72,whoscored
1901272,78,away,352,130368,72,84,whoscored
1901272,78,away,352,130368,84,94,whoscored
1901273,80,home,352,141646,0,46,whoscored
1901273,80,home,352,141646,46,62,whoscored
1901273,80,home,352,141646,62,67,whoscored
1901273,80,home,352,141646,67,80,whoscored
1901273,80,home,352,141646,80,80,whoscored
1901273,80,home,352,141646,80,95,whoscored
1901273,87,away,3421,273539,0,71,whoscored
1901273,87,away,3421,273539,71,80,whoscored
1901273,87,away,3421,273539,80,80,whoscored
1901273,87,away,3421,273539,80,88,whoscored
1901273,87,away,3421,273539,88,95,whoscored
1901274,79,home,4231,118163,0,67,whoscored
1901274,79,home,4231,118163,67,67,whoscored
1901274,79,home,4231,118163,67,84,whoscored
1901274,79,home,4231,118163,84,94,whoscored
1901274,79,home,541,118163,94,95,whoscored
1901274,72,away,352,343975,0,36,whoscored
1901274,72,away,352,343975,36,62,whoscored
1901274,72,away,442,343975,62,72,whoscored
1901274,72,away,442,343975,72,72,whoscored
1901274,72,away,442,343975,72,72,whoscored
1901274,72,away,442,343975,72,95,whoscored
1901275,276,home,3421,122683,0,56,whoscored
1901275,276,home,3421,122683,56,56,whoscored
1901275,276,home,3421,122683,56,57,whoscored
1901275,276,home,3421,122683,57,64,whoscored
1901275,276,home,3421,122683,64,78,whoscored
1901275,276,home,3421,122683,78,91,whoscored
1901275,2731,away,442,446953,0,49,whoscored
1901275,2731,away,3421,446953,49,64,whoscored
1901275,2731,away,3421,446953,64,81,whoscored
1901275,2731,away,3421,446953,81,91,whoscored
1901276,80,home,352,141646,0,66,whoscored
1901276,80,home,352,141646,66,83,whoscored
1901276,80,home,352,141646,83,103,whoscored
1901276,77,away,433,149029,0,63,whoscored
1901276,77,away,433,149029,63,71,whoscored
1901276,77,away,433,149029,71,86,whoscored
1901276,77,away,433,149029,86,86,whoscored
1901276,77,away,433,149029,86,103,whoscored
1901277,24341,home,352,355856,0,65,whoscored
1901277,24341,home,352,355856,65,66,whoscored
1901277,24341,home,352,355856,66,78,whoscored
1901277,24341,home,352,355856,78,78,whoscored
1901277,24341,home,352,355856,78,81,whoscored
1901277,24341,home,352,355856,81,93,whoscored
1901277,777,away,352,83719,0,46,whoscored
1901277,777,away,352,83719,46,65,whoscored
1901277,777,away,352,83719,65,66,whoscored
1901277,777,away,352,83719,66,80,whoscored
1901277,777,away,442,83719,80,93,whoscored
1901278,24341,home,352,355856,0,48,whoscored
1901278,24341,home,352,355856,48,48,whoscored
1901278,24341,home,352,355856,48,58,whoscored
1901278,24341,home,352,355856,58,68,whoscored
1901278,24341,home,4411,355856,68,81,whoscored
1901278,24341,home,4411,355856,81,83,whoscored
1901278,24341,home,4411,355856,83,95,whoscored
1901278,86,away,352,320585,0,70,whoscored
1901278,86,away,352,320585,70,70,whoscored
1901278,86,away,352,320585,70,84,whoscored
1901278,86,away,352,320585,84,85,whoscored
1901278,86,away,352,320585,85,92,whoscored
1901278,86,away,352,320585,92,95,whoscored
1901279,72,home,3421,343975,0,54,whoscored
1901279,72,home,3421,343975,54,55,whoscored
1901279,72,home,3421,343975,55,68,whoscored
1901279,72,home,3421,343975,68,91,whoscored
1901279,72,home,3421,343975,91,92,whoscored
1901279,72,home,3421,343975,92,95,whoscored
1901279,75,away,352,148684,0,62,whoscored
1901279,75,away,352,148684,62,81,whoscored
1901279,75,away,352,148684,81,81,whoscored
1901279,75,away,352,148684,81,81,whoscored
1901279,75,away,352,148684,81,88,whoscored
1901279,75,away,4312,148684,88,95,whoscored
1901280,777,home,352,83719,0,71,whoscored
1901280,777,home,352,83719,71,71,whoscored
1901280,777,home,352,83719,71,73,whoscored
1901280,777,home,352,83719,73,80,whoscored
1901280,777,home,352,83719,80,90,whoscored
1901280,777,home,352,83719,90,90,whoscored
1901280,777,home,352,83719,90,94,whoscored
1901280,75,away,352,299344,0,46,whoscored
1901280,75,away,352,299344,46,67,whoscored
1901280,75,away,352,299344,67,67,whoscored
1901280,75,away,352,299344,67,68,whoscored
1901280,75,away,352,299344,68,88,whoscored
1901280,75,away,352,148684,88,94,whoscored
1901281,84,home,3421,109149,0,47,whoscored
1901281,84,home,3421,109149,47,63,whoscored
1901281,84,home,3421,244804,63,81,whoscored
1901281,84,home,3421,244804,81,83,whoscored
1901281,84,home,3421,244804,83,96,whoscored
1901281,276,away,343,122469,0,71,whoscored
1901281,276,away,343,122469,71,81,whoscored
1901281,276,away,343,122469,81,86,whoscored
1901281,276,away,343,122469,86,96,whoscored
1901282,78,home,352,130368,0,70,whoscored
1901282,78,home,4321,130368,70,78,whoscored
1901282,78,home,4321,130368,78,93,whoscored
1901282,78,home,4321,130368,93,93,whoscored
1901282,78,home,4321,130368,93,97,whoscored
1901282,84,away,3421,109149,0,54,whoscored
1901282,84,away,3412,109149,54,63,whoscored
1901282,84,away,3412,109149,63,63,whoscored
1901282,84,away,3412,109149,63,64,whoscored
1901282,84,away,3412,244804,64,75,whoscored
1901282,84,away,3412,244804,75,97,whoscored
1901283,2731,home,352,105249,0,72,whoscored
1901283,2731,home,352,105249,72,78,whoscored
1901283,2731,home,352,105249,78,92,whoscored
1901283,2731,home,352,446953,92,97,whoscored
1901283,79,away,4231,118163,0,50,whoscored
1901283,79,away,4231,118163,50,71,whoscored
1901283,79,away,4231,118163,71,71,whoscored
1901283,79,away,4231,118163,71,81,whoscored
1901283,79,away,433,118163,81,97,whoscored
1901284,75,home,352,299344,0,73,whoscored
1901284,75,home,352,299344,73,79,whoscored
1901284,75,home,352,299344,79,79,whoscored
1901284,75,home,352,299344,79,87,whoscored
1901284,75,home,352,329665,87,92,whoscored
1901284,1290,away,4231,379615,0,31,whoscored
1901284,1290,away,4231,379615,31,48,whoscored
1901284,1290,away,4231,379615,48,84,whoscored
1901284,1290,away,4231,379615,84,84,whoscored
1901284,1290,away,4231,379615,84,92,whoscored
1901285,77,home,433,149029,0,49,whoscored
1901285,77,home,433,149029,49,63,whoscored
1901285,77,home,433,149029,63,79,whoscored
1901285,77,home,433,149029,79,83,whoscored
1901285,77,home,433,149029,83,95,whoscored
1901285,71,away,4231,286828,0,38,whoscored
1901285,71,away,4231,286828,38,67,whoscored
1901285,71,away,4231,286828,67,67,whoscored
1901285,71,away,4231,286828,67,67,whoscored
1901285,71,away,4231,286828,67,68,whoscored
1901285,71,away,4231,19580,68,87,whoscored
1901285,71,away,4231,19580,87,95,whoscored
1901286,276,home,343,122469,0,71,whoscored
1901286,276,home,343,122469,71,81,whoscored
1901286,276,home,343,122469,81,87,whoscored
1901286,276,home,343,122469,87,94,whoscored
1901286,87,away,352,273539,0,47,whoscored
1901286,87,away,3421,273539,47,72,whoscored
1901286,87,away,3421,273539,72,77,whoscored
1901286,87,away,3421,273539,77,77,whoscored
1901286,87,away,3421,273539,77,83,whoscored
1901286,87,away,3421,273539,83,94,whoscored
1901287,777,home,352,83719,0,48,whoscored
1901287,777,home,352,83719,48,48,whoscored
1901287,777,home,352,83719,48,78,whoscored
1901287,777,home,442,83719,78,86,whoscored
1901287,777,home,442,83719,86,95,whoscored
1901287,24341,away,433,355856,0,60,whoscored
1901287,24341,away,433,355856,60,77,whoscored
1901287,24341,away,433,355856,77,77,whoscored
1901287,24341,away,433,355856,77,93,whoscored
1901287,24341,away,433,355856,93,94,whoscored
1901287,24341,away,541,355856,94,95,whoscored
1901288,2889,home,433,38128,0,57,whoscored
1901288,2889,home,433,38128,57,57,whoscored
1901288,2889,home,433,38128,57,81,whoscored
1901288,2889,home,433,38128,81,82,whoscored
1901288,2889,home,433,38128,82,96,whoscored
1901288,73,away,352,355869,0,49,whoscored
1901288,73,away,352,355869,49,65,whoscored
1901288,73,away,352,355869,65,65,whoscored
1901288,73,away,352,355869,65,66,whoscored
1901288,73,away,352,241020,66,87,whoscored
1901288,73,away,352,241020,87,96,whoscored
1901289,72,home,352,41073,0,63,whoscored
1901289,72,home,352,41073,63,83,whoscored
1901289,72,home,352,41073,83,88,whoscored
1901289,72,home,352,41073,88,88,whoscored
1901289,72,home,352,41073,88,88,whoscored
1901289,72,home,352,41073,88,89,whoscored
1901289,72,home,352,41073,89,95,whoscored
1901289,80,away,352,141646,0,30,whoscored
1901289,80,away,352,141646,30,31,whoscored
1901289,80,away,352,141646,31,70,whoscored
1901289,80,away,352,141646,70,92,whoscored
1901289,80,away,352,141646,92,95,whoscored
1901290,86,home,352,320585,0,14,whoscored
1901290,86,home,352,320585,14,76,whoscored
1901290,86,home,352,320585,76,76,whoscored
1901290,86,home,352,320585,76,89,whoscored
1901290,86,home,3421,320585,89,95,whoscored
1901290,278,away,352,425115,0,67,whoscored
1901290,278,away,352,425115,67,79,whoscored
1901290,278,away,352,425115,79,79,whoscored
1901290,278,away,352,425115,79,95,whoscored
1901291,76,home,352,142425,0,81,whoscored
1901291,76,home,352,142425,81,90,whoscored
1901291,76,home,352,142425,90,94,whoscored
1901291,76,home,352,142425,94,94,whoscored
1901291,76,home,352,142425,94,97,whoscored
1901291,300,away,3421,85070,0,48,whoscored
1901291,300,away,3421,85070,48,63,whoscored
1901291,300,away,3421,85070,63,63,whoscored
1901291,300,away,3421,85070,63,72,whoscored
1901291,300,away,3421,85070,72,97,whoscored
1901292,300,home,3421,85070,0,57,whoscored
1901292,300,home,3421,85070,57,68,whoscored
1901292,300,home,3421,85070,68,68,whoscored
1901292,300,home,3421,85070,68,81,whoscored
1901292,300,home,3421,85070,81,94,whoscored
1901292,78,away,352,130368,0,60,whoscored
1901292,78,away,3421,130368,60,68,whoscored
1901292,78,away,3421,130368,68,69,whoscored
1901292,78,away,4321,130368,69,89,whoscored
1901292,78,away,3412,130368,89,94,whoscored
1901293,71,home,4231,396971,0,67,whoscored
1901293,71,home,4231,286828,67,74,whoscored
1901293,71,home,4231,286828,74,82,whoscored
1901293,71,home,3421,286828,82,95,whoscored
1901293,87,away,3421,273539,0,62,whoscored
1901293,87,away,3421,273539,62,62,whoscored
1901293,87,away,3421,273539,62,77,whoscored
1901293,87,away,3421,273539,77,89,whoscored
1901293,87,away,3421,273539,89,95,whoscored
1901294,73,home,352,355869,0,65,whoscored
1901294,73,home,352,79554,65,73,whoscored
1901294,73,home,352,79554,73,91,whoscored
1901294,73,home,352,79554,91,97,whoscored
1901294,76,away,352,142425,0,34,whoscored
1901294,76,away,352,142425,34,50,whoscored
1901294,76,away,352,142425,50,65,whoscored
1901294,76,away,352,142425,65,79,whoscored
1901294,76,away,352,142425,79,79,whoscored
1901294,76,away,352,142425,79,97,whoscored
1901295,278,home,352,425115,0,60,whoscored
1901295,278,home,352,425115,60,80,whoscored
1901295,278,home,352,425115,80,80,whoscored
1901295,278,home,352,425115,80,88,whoscored
1901295,278,home,352,425115,88,91,whoscored
1901295,278,home,442,425115,91,95,whoscored
1901295,75,away,352,299344,0,76,whoscored
1901295,75,away,352,299344,76,76,whoscored
1901295,75,away,352,299344,76,86,whoscored
1901295,75,away,352,299344,86,92,whoscored
1901295,75,away,352,299344,92,95,whoscored
1901296,79,home,4141,118163,0,10,whoscored
1901296,79,home,4141,118163,10,70,whoscored
1901296,79,home,4141,118163,70,77,whoscored
1901296,79,home,4141,118163,77,77,whoscored
1901296,79,home,4141,118163,77,94,whoscored
1901296,777,away,352,83719,0,49,whoscored
1901296,777,away,352,83719,49,62,whoscored
1901296,777,away,352,83719,62,62,whoscored
1901296,777,away,352,83719,62,77,whoscored
1901296,777,away,4231,83719,77,84,whoscored
1901296,777,away,4231,423449,84,94,whoscored
1901297,80,home,352,141646,0,63,whoscored
1901297,80,home,352,141646,63,76,whoscored
1901297,80,home,352,141646,76,94,whoscored
1901297,80,home,352,141646,94,94,whoscored
1901297,80,home,352,141646,94,97,whoscored
1901297,2889,away,433,38128,0,62,whoscored
1901297,2889,away,433,38128,62,62,whoscored
1901297,2889,away,433,38128,62,90,whoscored
1901297,2889,away,433,38128,90,90,whoscored
1901297,2889,away,433,38128,90,97,whoscored
1901298,24341,home,442,355856,0,48,whoscored
1901298,24341,home,442,391521,48,72,whoscored
1901298,24341,home,442,391521,72,78,whoscored
1901298,24341,home,442,391521,78,88,whoscored
1901298,24341,home,442,391521,88,95,whoscored
1901298,77,away,433,149029,0,41,whoscored
1901298,77,away,4411,118147,41,72,whoscored
1901298,77,away,4411,118147,72,90,whoscored
1901298,77,away,4411,275698,90,95,whoscored
1901299,84,home,3421,109149,0,76,whoscored
1901299,84,home,3421,109149,76,85,whoscored
1901299,84,home,3421,109149,85,96,whoscored
1901299,1290,away,4231,379615,0,36,whoscored
1901299,1290,away,4231,379615,36,68,whoscored
1901299,1290,away,4231,379615,68,68,whoscored
1901299,1290,away,4231,379615,68,82,whoscored
1901299,1290,away,4231,379615,82,96,whoscored
1901300,72,home,3412,41073,0,66,whoscored
1901300,72,home,3412,41073,66,66,whoscored
1901300,72,home,3412,41073,66,85,whoscored
1901300,72,home,3412,41073,85,93,whoscored
1901300,72,home,3412,41073,93,93,whoscored
1901300,72,home,3412,41073,93,99,whoscored
1901300,2731,away,352,446953,0,53,whoscored
1901300,2731,away,352,446953,53,65,whoscored
1901300,2731,away,352,446953,65,65,whoscored
1901300,2731,away,352,446953,65,79,whoscored
1901300,2731,away,352,446953,79,99,whoscored
1901301,86,home,352,320585,0,84,whoscored
1901301,86,home,352,320585,84,85,whoscored
1901301,86,home,352,320585,85,85,whoscored
1901301,86,home,352,320585,85,92,whoscored
1901301,86,home,352,320585,92,95,whoscored
1901301,86,home,352,320585,95,96,whoscored
1901301,276,away,343,122469,0,62,whoscored
1901301,276,away,343,122469,62,76,whoscored
1901301,276,away,343,122469,76,83,whoscored
1901301,276,away,343,122469,83,84,whoscored
1901301,276,away,442,122469,84,96,whoscored
1901302,78,home,4321,130368,0,47,whoscored
1901302,78,home,4321,130368,47,56,whoscored
1901302,78,home,4321,130368,56,64,whoscored
1901302,78,home,4321,130368,64,83,whoscored
1901302,78,home,4321,130368,83,84,whoscored
1901302,78,home,4321,130368,84,96,whoscored
1901302,777,away,352,83719,0,74,whoscored
1901302,777,away,352,83719,74,75,whoscored
1901302,777,away,352,83719,75,75,whoscored
1901302,777,away,352,83719,75,76,whoscored
1901302,777,away,3412,83719,76,83,whoscored
1901302,777,away,3412,83719,83,83,whoscored
1901302,777,away,3412,83719,83,84,whoscored
1901302,777,away,352,83719,84,96,whoscored
1901303,1290,home,4231,379615,0,48,whoscored
1901303,1290,home,4231,379615,48,62,whoscored
1901303,1290,home,4231,228854,62,68,whoscored
1901303,1290,home,4231,228854,68,78,whoscored
1901303,1290,home,343d,228854,78,95,whoscored
1901303,80,away,352,141646,0,65,whoscored
1901303,80,away,352,141646,65,72,whoscored
1901303,80,away,541,141646,72,88,whoscored
1901303,80,away,541,141646,88,88,whoscored
1901303,80,away,541,141646,88,95,whoscored
1901304,73,home,442,79554,0,59,whoscored
1901304,73,home,442,79554,59,77,whoscored
1901304,73,home,442,79554,77,88,whoscored
1901304,73,home,442,79554,88,93,whoscored
1901304,86,away,3421,320585,0,10,whoscored
1901304,86,away,4411,320585,10,52,whoscored
1901304,86,away,4411,320585,52,71,whoscored
1901304,86,away,4411,320585,71,71,whoscored
1901304,86,away,4411,320585,71,93,whoscored
1901305,278,home,352,425115,0,4,whoscored
1901305,278,home,3511,425115,4,69,whoscored
1901305,278,home,3511,425115,69,69,whoscored
1901305,278,home,3511,425115,69,85,whoscored
1901305,278,home,3511,425115,85,95,whoscored
1901305,300,away,3421,85070,0,59,whoscored
1901305,300,away,3421,85070,59,71,whoscored
1901305,300,away,3421,85070,71,84,whoscored
1901305,300,away,442,85070,84,95,whoscored
1901306,75,home,352,148684,0,60,whoscored
1901306,75,home,352,148684,60,61,whoscored
1901306,75,home,352,329665,61,76,whoscored
1901306,75,home,3421,329665,76,91,whoscored
1901306,75,home,352,329665,91,94,whoscored
1901306,79,away,4231,118163,0,72,whoscored
1901306,79,away,4231,118163,72,73,whoscored
1901306,79,away,4231,118163,73,86,whoscored
1901306,79,away,4231,118163,86,90,whoscored
1901306,79,away,4231,118163,90,94,whoscored
1901307,87,home,3421,273539,0,62,whoscored
1901307,87,home,3421,273539,62,62,whoscored
1901307,87,home,3421,273539,62,83,whoscored
1901307,87,home,3421,273539,83,90,whoscored
1901307,87,home,3421,273539,90,90,whoscored
1901307,87,home,3421,273539,90,95,whoscored
1901307,84,away,3421,109149,0,54,whoscored
1901307,84,away,3421,109149,54,57,whoscored
1901307,84,away,3421,109149,57,74,whoscored
1901307,84,away,3421,109149,74,95,whoscored
1901308,77,home,433,118147,0,64,whoscored
1901308,77,home,433,118147,64,65,whoscored
1901308,77,home,433,118147,65,83,whoscored
1901308,77,home,433,118147,83,96,whoscored
1901308,2731,away,352,446953,0,70,whoscored
1901308,2731,away,352,446953,70,70,whoscored
1901308,2731,away,352,446953,70,77,whoscored
1901308,2731,away,352,446953,77,77,whoscored
1901308,2731,away,352,446953,77,89,whoscored
1901308,2731,away,352,446953,89,96,whoscored
1901309,276,home,3421,122469,0,60,whoscored
1901309,276,home,3421,122469,60,80,whoscored
1901309,276,home,3421,122469,80,92,whoscored
1901309,276,home,352,122469,92,95,whoscored
1901309,24341,away,352,447486,0,48,whoscored
1901309,24341,away,352,447486,48,61,whoscored
1901309,24341,away,352,447486,61,61,whoscored
1901309,24341,away,352,447486,61,72,whoscored
1901309,24341,away,352,447486,72,92,whoscored
1901309,24341,away,352,447486,92,95,whoscored
1901310,2889,home,433,38128,0,66,whoscored
1901310,2889,home,433,38128,66,66,whoscored
1901310,2889,home,433,38128,66,81,whoscored
1901310,2889,home,433,38128,81,81,whoscored
1901310,2889,home,433,38128,81,82,whoscored
1901310,2889,home,433,38128,82,94,whoscored
1901310,72,away,352,41073,0,15,whoscored
1901310,72,away,352,41073,15,61,whoscored
1901310,72,away,352,41073,61,61,whoscored
1901310,72,away,352,41073,61,62,whoscored
1901310,72,away,352,343975,62,88,whoscored
1901310,72,away,352,343975,88,91,whoscored
1901310,72,away,352,343975,91,94,whoscored
1901311,76,home,352,296119,0,47,whoscored
1901311,76,home,352,296119,47,53,whoscored
1901311,76,home,352,296119,53,54,whoscored
1901311,76,home,352,296119,54,62,whoscored
1901311,76,home,352,142425,62,78,whoscored
1901311,76,home,352,142425,78,83,whoscored
1901311,76,home,352,142425,83,95,whoscored
1901311,71,away,4231,302691,0,67,whoscored
1901311,71,away,4231,302691,67,67,whoscored
1901311,71,away,4231,302691,67,80,whoscored
1901311,71,away,4231,302691,80,81,whoscored
1901311,71,away,4231,302691,81,91,whoscored
1901311,71,away,4231,302691,91,95,whoscored
1901312,71,home,4231,286828,0,71,whoscored
1901312,71,home,4231,286828,71,71,whoscored
1901312,71,home,4231,286828,71,72,whoscored
1901312,71,home,4231,331383,72,85,whoscored
1901312,71,home,4231,331383,85,89,whoscored
1901312,71,home,4231,331383,89,95,whoscored
1901312,2889,away,433,38128,0,61,whoscored
1901312,2889,away,433,38128,61,72,whoscored
1901312,2889,away,433,38128,72,90,whoscored
1901312,2889,away,433,38128,90,95,whoscored
1901313,2731,home,352,105249,0,63,whoscored
1901313,2731,home,352,105249,63,63,whoscored
1901313,2731,home,352,105249,63,64,whoscored
1901313,2731,home,352,105249,64,80,whoscored
1901313,2731,home,352,105249,80,80,whoscored
1901313,2731,home,352,105249,80,85,whoscored
1901313,2731,home,352,446953,85,95,whoscored
1901313,276,away,3421,122469,0,49,whoscored
1901313,276,away,3421,122469,49,54,whoscored
1901313,276,away,3421,122469,54,76,whoscored
1901313,276,away,3421,122469,76,92,whoscored
1901313,276,away,3421,122469,92,92,whoscored
1901313,276,away,3421,122469,92,95,whoscored
1901314,79,home,4141,118163,0,72,whoscored
1901314,79,home,442,118163,72,82,whoscored
1901314,79,home,442,118163,82,82,whoscored
1901314,79,home,442,118163,82,95,whoscored
1901314,1290,away,4231,379615,0,49,whoscored
1901314,1290,away,4231,379615,49,81,whoscored
1901314,1290,away,4231,379615,81,82,whoscored
1901314,1290,away,4231,379615,82,87,whoscored
1901314,1290,away,4231,379615,87,95,whoscored
1901314,1290,away,4231,379615,95,95,whoscored
1901315,80,home,352,141646,0,73,whoscored
1901315,80,home,352,141646,73,73,whoscored
1901315,80,home,352,141646,73,78,whoscored
1901315,80,home,3511,141646,78,88,whoscored
1901315,80,home,3511,141646,88,93,whoscored
1901315,76,away,3511,142425,0,48,whoscored
1901315,76,away,352,142425,48,67,whoscored
1901315,76,away,352,142425,67,77,whoscored
1901315,76,away,352,142425,77,87,whoscored
1901315,76,away,352,142425,87,93,whoscored
1901316,24341,home,433,447486,0,68,whoscored
1901316,24341,home,433,447486,68,81,whoscored
1901316,24341,home,433,447486,81,94,whoscored
1901316,24341,home,433,447486,94,99,whoscored
1901316,73,away,352,79554,0,46,whoscored
1901316,73,away,352,79554,46,63,whoscored
1901316,73,away,352,79554,63,76,whoscored
1901316,73,away,352,79554,76,86,whoscored
1901316,73,away,352,79554,86,99,whoscored
1901317,777,home,352,83719,0,66,whoscored
1901317,777,home,352,83719,66,66,whoscored
1901317,777,home,352,83719,66,79,whoscored
1901317,777,home,352,83719,79,80,whoscored
1901317,777,home,352,83719,80,85,whoscored
1901317,777,home,442,83719,85,96,whoscored
1901317,87,away,3421,273539,0,61,whoscored
1901317,87,away,3421,339875,61,87,whoscored
1901317,87,away,3421,339875,87,95,whoscored
1901317,87,away,3421,339875,95,96,whoscored
1901318,84,home,3421,109149,0,58,whoscored
1901318,84,home,3421,109149,58,75,whoscored
1901318,84,home,3421,109149,75,75,whoscored
1901318,84,home,3421,109149,75,86,whoscored
1901318,84,home,3421,109149,86,86,whoscored
1901318,84,home,3421,109149,86,87,whoscored
1901318,84,home,3421,70087,87,93,whoscored
1901318,278,away,352,425115,0,60,whoscored
1901318,278,away,3421,425115,60,73,whoscored
1901318,278,away,3421,425115,73,80,whoscored
1901318,278,away,3421,425115,80,93,whoscored
1901319,72,home,3412,343975,0,69,whoscored
1901319,72,home,3412,41073,69,78,whoscored
1901319,72,home,3412,41073,78,82,whoscored
1901319,72,home,3412,41073,82,95,whoscored
1901319,78,away,3511,130368,0,70,whoscored
1901319,78,away,3511,130368,70,74,whoscored
1901319,78,away,3511,130368,74,74,whoscored
1901319,78,away,3511,130368,74,86,whoscored
1901319,78,away,3511,130368,86,95,whoscored
1901320,86,home,352,320585,0,68,whoscored
1901320,86,home,352,320585,68,89,whoscored
1901320,86,home,442,239881,89,97,whoscored
1901320,77,away,433,149029,0,76,whoscored
1901320,77,away,433,149029,76,83,whoscored
1901320,77,away,433,149029,83,90,whoscored
1901320,77,away,433,149029,90,97,whoscored
1901321,300,home,3421,85070,0,47,whoscored
1901321,300,home,3421,85070,47,59,whoscored
1901321,300,home,3421,85070,59,66,whoscored
1901321,300,home,3421,85070,66,76,whoscored
1901321,300,home,4231,85070,76,94,whoscored
1901321,75,away,352,299344,0,65,whoscored
1901321,75,away,352,299344,65,77,whoscored
1901321,75,away,352,299344,77,84,whoscored
1901321,75,away,352,299344,84,85,whoscored
1901321,75,away,541,329665,85,94,whoscored
1901322,300,home,3421,85070,0,25,whoscored
1901322,300,home,3421,85070,25,67,whoscored
1901322,300,home,3421,85070,67,68,whoscored
1901322,300,home,3421,85070,68,80,whoscored
1901322,300,home,3421,85070,80,95,whoscored
1901322,84,away,3421,109149,0,54,whoscored
1901322,84,away,3421,109149,54,67,whoscored
1901322,84,away,3421,109149,67,68,whoscored
1901322,84,away,3421,109149,68,74,whoscored
1901322,84,away,3421,109149,74,91,whoscored
1901322,84,away,3421,109149,91,95,whoscored
1901323,78,home,352,371396,0,62,whoscored
1901323,78,home,352,371396,62,62,whoscored
1901323,78,home,352,371396,62,67,whoscored
1901323,78,home,352,371396,67,84,whoscored
1901323,78,home,352,371396,84,84,whoscored
1901323,78,home,352,371396,84,85,whoscored
1901323,78,home,352,371396,85,94,whoscored
1901323,80,away,352,141646,0,70,whoscored
1901323,80,away,352,141646,70,70,whoscored
1901323,80,away,352,141646,70,80,whoscored
1901323,80,away,352,141646,80,94,whoscored
1901324,1290,home,433,379615,0,70,whoscored
1901324,1290,home,4231,379615,70,80,whoscored
1901324,1290,home,4231,379615,80,90,whoscored
1901324,1290,home,4231,379615,90,91,whoscored
1901324,1290,home,541,379615,91,94,whoscored
1901324,86,away,352,320585,0,47,whoscored
1901324,86,away,442,320585,47,76,whoscored
1901324,86,away,442,320585,76,81,whoscored
1901324,86,away,442,320585,81,85,whoscored
1901324,86,away,442,320585,85,94,whoscored
1901325,73,home,4231,79554,0,72,whoscored
1901325,73,home,4231,79554,72,72,whoscored
1901325,73,home,4231,79554,72,82,whoscored
1901325,73,home,4231,79554,82,91,whoscored
1901325,73,home,4231,79554,91,91,whoscored
1901325,73,home,4231,79554,91,95,whoscored
1901325,2731,away,352,446953,0,28,whoscored
1901325,2731,away,352,446953,28,65,whoscored
1901325,2731,away,352,446953,65,81,whoscored
1901325,2731,away,352,446953,81,82,whoscored
1901325,2731,away,352,446953,82,82,whoscored
1901325,2731,away,352,446953,82,95,whoscored
1901326,278,home,352,425115,0,67,whoscored
1901326,278,home,352,425115,67,79,whoscored
1901326,278,home,3421,425115,79,87,whoscored
1901326,278,home,3421,425115,87,96,whoscored
1901326,777,away,352,141729,0,61,whoscored
1901326,777,away,352,141729,61,61,whoscored
1901326,777,away,352,141729,61,65,whoscored
1901326,777,away,352,141729,65,75,whoscored
1901326,777,away,352,141729,75,96,whoscored
1901327,75,home,352,299344,0,69,whoscored
1901327,75,home,352,299344,69,69,whoscored
1901327,75,home,352,299344,69,77,whoscored
1901327,75,home,352,255929,77,84,whoscored
1901327,75,home,352,255929,84,94,whoscored
1901327,71,away,4231,396971,0,47,whoscored
1901327,71,away,4231,396971,47,69,whoscored
1901327,71,away,4231,396971,69,80,whoscored
1901327,71,away,4231,396971,80,94,whoscored
1901328,87,home,4231,273539,0,49,whoscored
1901328,87,home,4231,273539,49,72,whoscored
1901328,87,home,4231,273539,72,72,whoscored
1901328,87,home,4231,273539,72,80,whoscored
1901328,87,home,442,339875,80,86,whoscored
1901328,87,home,442,339875,86,96,whoscored
1901328,79,away,433,118163,0,31,whoscored
1901328,79,away,433,118163,31,71,whoscored
1901328,79,away,541,118163,71,84,whoscored
1901328,79,away,541,118163,84,96,whoscored
1901329,77,home,433,149029,0,65,whoscored
1901329,77,home,433,149029,65,74,whoscored
1901329,77,home,433,149029,74,74,whoscored
1901329,77,home,433,149029,74,90,whoscored
1901329,77,home,433,44055,90,95,whoscored
1901329,276,away,3421,122469,0,73,whoscored
1901329,276,away,3421,122469,73,82,whoscored
1901329,276,away,3421,122469,82,82,whoscored
1901329,276,away,3421,122469,82,89,whoscored
1901329,276,away,3421,122469,89,91,whoscored
1901329,276,away,3412,122469,91,95,whoscored
1901330,2889,home,433,38128,0,60,whoscored
1901330,2889,home,433,38128,60,75,whoscored
1901330,2889,home,433,38128,75,86,whoscored
1901330,2889,home,433,38128,86,86,whoscored
1901330,2889,home,433,38128,86,87,whoscored
1901330,2889,home,433,38128,87,94,whoscored
1901330,24341,away,433,355856,0,71,whoscored
1901330,24341,away,433,355856,71,71,whoscored
1901330,24341,away,433,355856,71,79,whoscored
1901330,24341,away,4231,362683,79,94,whoscored
1901331,76,home,3421,296119,0,49,whoscored
1901331,76,home,4231,296119,49,70,whoscored
1901331,76,home,4231,296119,70,78,whoscored
1901331,76,home,4231,296119,78,78,whoscored
1901331,76,home,4231,296119,78,94,whoscored
1901331,72,away,352,343975,0,70,whoscored
1901331,72,away,352,343975,70,78,whoscored
1901331,72,away,352,343975,78,78,whoscored
1901331,72,away,352,343975,78,86,whoscored
1901331,72,away,352,343975,86,94,whoscored
1901332,71,home,4231,396971,0,47,whoscored
1901332,71,home,4231,396971,47,61,whoscored
1901332,71,home,4231,396971,61,73,whoscored
1901332,71,home,4231,396971,73,73,whoscored
1901332,71,home,4231,396971,73,81,whoscored
1901332,71,home,4231,396971,81,94,whoscored
1901332,300,away,3421,85070,0,69,whoscored
1901332,300,away,3421,85070,69,69,whoscored
1901332,300,away,3421,85070,69,78,whoscored
1901332,300,away,3421,85070,78,78,whoscored
1901332,300,away,3421,85070,78,85,whoscored
1901332,300,away,3421,85070,85,94,whoscored
1901333,2731,home,352,105249,0,61,whoscored
1901333,2731,home,352,105249,61,94,whoscored
1901333,2731,home,352,105249,94,94,whoscored
1901333,2731,home,352,105249,94,96,whoscored
1901333,78,away,3421,371396,0,47,whoscored
1901333,78,away,4321,371396,47,57,whoscored
1901333,78,away,4231,371396,57,67,whoscored
1901333,78,away,4231,371396,67,85,whoscored
1901333,78,away,4231,371396,85,96,whoscored
1901334,77,home,433,149029,0,29,whoscored
1901334,77,home,433,149029,29,75,whoscored
1901334,77,home,433,149029,75,83,whoscored
1901334,77,home,433,149029,83,98,whoscored
1901334,73,away,433,79554,0,63,whoscored
1901334,73,away,433,79554,63,71,whoscored
1901334,73,away,433,79554,71,95,whoscored
1901334,73,away,433,79554,95,95,whoscored
1901334,73,away,433,79554,95,98,whoscored
1901335,79,home,433,118163,0,17,whoscored
1901335,79,home,433,118163,17,46,whoscored
1901335,79,home,433,118163,46,56,whoscored
1901335,79,home,433,118163,56,64,whoscored
1901335,79,home,433,118163,64,64,whoscored
1901335,79,home,433,118163,64,75,whoscored
1901335,79,home,4231,118163,75,93,whoscored
1901335,84,away,3412,109149,0,60,whoscored
1901335,84,away,3412,109149,60,60,whoscored
1901335,84,away,3412,109149,60,79,whoscored
1901335,84,away,3412,109149,79,86,whoscored
1901335,84,away,3412,109149,86,93,whoscored
1901336,80,home,352,141646,0,47,whoscored
1901336,80,home,352,141646,47,66,whoscored
1901336,80,home,343,141646,66,76,whoscored
1901336,80,home,343,141646,76,99,whoscored
1901336,278,away,352,425115,0,65,whoscored
1901336,278,away,352,425115,65,76,whoscored
1901336,278,away,352,425115,76,84,whoscored
1901336,278,away,352,425115,84,84,whoscored
1901336,278,away,352,425115,84,99,whoscored
1901337,276,home,3421,122469,0,59,whoscored
1901337,276,home,3421,122469,59,66,whoscored
1901337,276,home,3421,122469,66,80,whoscored
1901337,276,home,3421,122469,80,85,whoscored
1901337,276,home,3421,122469,85,97,whoscored
1901337,76,away,352,142425,0,68,whoscored
1901337,76,away,352,142425,68,82,whoscored
1901337,76,away,352,142425,82,91,whoscored
1901337,76,away,352,142425,91,91,whoscored
1901337,76,away,352,142425,91,97,whoscored
1901338,24341,home,433,355856,0,63,whoscored
1901338,24341,home,433,355856,63,76,whoscored
1901338,24341,home,433,355856,76,87,whoscored
1901338,24341,home,433,355856,87,97,whoscored
1901338,75,away,352,299344,0,70,whoscored
1901338,75,away,352,299344,70,70,whoscored
1901338,75,away,352,299344,70,80,whoscored
1901338,75,away,352,299344,80,86,whoscored
1901338,75,away,352,148684,86,97,whoscored
1901339,777,home,352,83719,0,65,whoscored
1901339,777,home,352,83719,65,66,whoscored
1901339,777,home,352,83719,66,79,whoscored
1901339,777,home,352,83719,79,79,whoscored
1901339,777,home,352,83719,79,88,whoscored
1901339,777,home,433,423449,88,96,whoscored
1901339,1290,away,4231,379615,0,66,whoscored
1901339,1290,away,4231,228854,66,80,whoscored
1901339,1290,away,4231,228854,80,90,whoscored
1901339,1290,away,4231,379615,90,96,whoscored
1901340,2889,home,433,38128,0,38,whoscored
1901340,2889,home,433,38128,38,80,whoscored
1901340,2889,home,433,317544,80,93,whoscored
1901340,2889,home,433,317544,93,93,whoscored
1901340,87,away,3421,273539,0,78,whoscored
1901340,87,away,3421,273539,78,78,whoscored
1901340,87,away,3421,273539,78,88,whoscored
1901340,87,away,3421,273539,88,88,whoscored
1901340,87,away,3421,273539,88,93,whoscored
1901340,87,away,3421,273539,93,93,whoscored
1901341,72,home,352,343975,0,48,whoscored
1901341,72,home,352,343975,48,68,whoscored
1901341,72,home,352,343975,68,79,whoscored
1901341,72,home,352,343975,79,94,whoscored
1901341,86,away,442,320585,0,63,whoscored
1901341,86,away,442,320585,63,82,whoscored
1901341,86,away,541,320585,82,87,whoscored
1901341,86,away,541,320585,87,87,whoscored
1901341,86,away,541,320585,87,94,whoscored
1901342,300,home,3421,85070,0,43,whoscored
1901342,300,home,3421,85070,43,69,whoscored
1901342,300,home,3421,85070,69,81,whoscored
1901342,300,home,3421,85070,81,81,whoscored
1901342,300,home,3421,85070,81,95,whoscored
1901342,72,away,352,41073,0,59,whoscored
1901342,72,away,352,41073,59,59,whoscored
1901342,72,away,352,41073,59,60,whoscored
1901342,72,away,352,41073,60,87,whoscored
1901342,72,away,352,41073,87,87,whoscored
1901342,72,away,352,41073,87,88,whoscored
1901342,72,away,352,343975,88,95,whoscored
1901343,1290,home,4231,379615,0,60,whoscored
1901343,1290,home,4231,256536,60,66,whoscored
1901343,1290,home,4231,256536,66,87,whoscored
1901343,1290,home,3241,256536,87,96,whoscored
1901343,71,away,4231,302691,0,25,whoscored
1901343,71,away,4231,302691,25,64,whoscored
1901343,71,away,4231,302691,64,79,whoscored
1901343,71,away,532,396971,79,87,whoscored
1901343,71,away,532,396971,87,96,whoscored
1901344,73,home,433,79554,0,69,whoscored
1901344,73,home,4231,79554,69,87,whoscored
1901344,73,home,4231,79554,87,87,whoscored
1901344,73,home,4231,79554,87,87,whoscored
1901344,73,home,4231,79554,87,95,whoscored
1901344,73,home,4231,79554,95,97,whoscored
1901344,80,away,352,141646,0,64,whoscored
1901344,80,away,352,141646,64,64,whoscored
1901344,80,away,352,141646,64,64,whoscored
1901344,80,away,352,141646,64,67,whoscored
1901344,80,away,352,141646,67,78,whoscored
1901344,80,away,352,141646,78,97,whoscored
1901345,278,home,352,425115,0,46,whoscored
1901345,278,home,352,425115,46,74,whoscored
1901345,278,home,352,425115,74,74,whoscored
1901345,278,home,352,425115,74,82,whoscored
1901345,278,home,352,425115,82,82,whoscored
1901345,278,home,352,425115,82,92,whoscored
1901345,78,away,433,362780,0,46,whoscored
1901345,78,away,433,362780,46,62,whoscored
1901345,78,away,433,362780,62,69,whoscored
1901345,78,away,433,362780,69,92,whoscored
1901346,75,home,352,299344,0,64,whoscored
1901346,75,home,352,299344,64,85,whoscored
1901346,75,home,352,299344,85,89,whoscored
1901346,75,home,352,299344,89,89,whoscored
1901346,75,home,352,299344,89,90,whoscored
1901346,75,home,352,148684,90,95,whoscored
1901346,276,away,3421,122469,0,80,whoscored
1901346,276,away,3421,122469,80,95,whoscored
1901347,87,home,4231,273539,0,67,whoscored
1901347,87,home,4231,273539,67,76,whoscored
1901347,87,home,4231,366379,76,88,whoscored
1901347,87,home,4231,366379,88,92,whoscored
1901347,2731,away,352,105249,0,51,whoscored
1901347,2731,away,352,105249,51,63,whoscored
1901347,2731,away,352,105249,63,75,whoscored
1901347,2731,away,352,105249,75,88,whoscored
1901347,2731,away,352,105249,88,89,whoscored
1901347,2731,away,532,105249,89,92,whoscored
1901348,79,home,4231,118163,0,55,whoscored
1901348,79,home,4231,118163,55,66,whoscored
1901348,79,home,4411,118163,66,79,whoscored
1901348,79,home,4411,118163,79,97,whoscored
1901348,24341,away,433,355856,0,64,whoscored
1901348,24341,away,433,355856,64,81,whoscored
1901348,24341,away,433,355856,81,82,whoscored
1901348,24341,away,433,355856,82,86,whoscored
1901348,24341,away,433,355856,86,97,whoscored
1901349,84,home,3412,244804,0,38,whoscored
1901349,84,home,3412,244804,38,66,whoscored
1901349,84,home,3412,244804,66,90,whoscored
1901349,84,home,3412,244804,90,91,whoscored
1901349,84,home,3412,244804,91,91,whoscored
1901349,84,home,3412,244804,91,94,whoscored
1901349,2889,away,433,38128,0,75,whoscored
1901349,2889,away,433,38128,75,76,whoscored
1901349,2889,away,433,38128,76,86,whoscored
1901349,2889,away,433,38128,86,86,whoscored
1901349,2889,away,433,38128,86,86,whoscored
1901349,2889,away,433,38128,86,94,whoscored
1901350,86,home,442,320585,0,59,whoscored
1901350,86,home,442,320585,59,59,whoscored
1901350,86,home,442,320585,59,64,whoscored
1901350,86,home,442,320585,64,78,whoscored
1901350,86,home,442,320585,78,97,whoscored
1901350,777,away,3412,83719,0,60,whoscored
1901350,777,away,3412,83719,60,60,whoscored
1901350,777,away,3412,83719,60,94,whoscored
1901350,777,away,3412,83719,94,97,whoscored
1901350,777,away,3412,83719,97,97,whoscored
1901351,76,home,352,142425,0,69,whoscored
1901351,76,home,352,142425,69,77,whoscored
1901351,76,home,352,142425,77,88,whoscored
1901351,76,home,352,142425,88,95,whoscored
1901351,77,away,433,118147,0,56,whoscored
1901351,77,away,433,118147,56,70,whoscored
1901351,77,away,433,275698,70,93,whoscored
1901351,77,away,433,275698,93,95,whoscored
1901352,2731,home,352,105249,0,73,whoscored
1901352,2731,home,352,105249,73,73,whoscored
1901352,2731,home,352,105249,73,83,whoscored
1901352,2731,home,352,105249,83,90,whoscored
1901352,2731,home,352,105249,90,90,whoscored
1901352,2731,home,352,105249,90,94,whoscored
1901352,76,away,3421,136279,0,66,whoscored
1901352,76,away,3421,136279,66,71,whoscored
1901352,76,away,3421,136279,71,87,whoscored
1901352,76,away,3421,136279,87,94,whoscored
1901353,77,home,433,149029,0,57,whoscored
1901353,77,home,433,149029,57,57,whoscored
1901353,77,home,433,149029,57,57,whoscored
1901353,77,home,433,149029,57,68,whoscored
1901353,77,home,433,149029,68,89,whoscored
1901353,77,home,433,149029,89,92,whoscored
1901353,1290,away,442,379615,0,50,whoscored
1901353,1290,away,442,379615,50,69,whoscored
1901353,1290,away,442,379615,69,78,whoscored
1901353,1290,away,442,379615,78,85,whoscored
1901353,1290,away,4321,379615,85,92,whoscored
1901354,80,home,352,141646,0,74,whoscored
1901354,80,home,352,141646,74,74,whoscored
1901354,80,home,352,141646,74,81,whoscored
1901354,80,home,352,141646,81,88,whoscored
1901354,80,home,3421,141646,88,94,whoscored
1901354,79,away,433,118163,0,55,whoscored
1901354,79,away,433,118163,55,70,whoscored
1901354,79,away,433,118163,70,85,whoscored
1901354,79,away,433,118163,85,86,whoscored
1901354,79,away,451,118163,86,94,whoscored
1901355,276,home,3421,122469,0,57,whoscored
1901355,276,home,3421,122469,57,58,whoscored
1901355,276,home,3421,122469,58,63,whoscored
1901355,276,home,3421,122469,63,64,whoscored
1901355,276,home,3421,122469,64,68,whoscored
1901355,276,home,3421,122469,68,96,whoscored
1901355,2889,away,433,38128,0,55,whoscored
1901355,2889,away,433,38128,55,82,whoscored
1901355,2889,away,433,38128,82,82,whoscored
1901355,2889,away,433,38128,82,90,whoscored
1901355,2889,away,442,38128,90,96,whoscored
1901356,24341,home,433,355856,0,47,whoscored
1901356,24341,home,3421,355856,47,77,whoscored
1901356,24341,home,3421,355856,77,83,whoscored
1901356,24341,home,3421,355856,83,93,whoscored
1901356,278,away,352,425115,0,74,whoscored
1901356,278,away,352,425115,74,74,whoscored
1901356,278,away,352,425115,74,78,whoscored
1901356,278,away,352,425115,78,90,whoscored
1901356,278,away,352,425115,90,93,whoscored
1901357,79,home,4231,118163,0,70,whoscored
1901357,79,home,4231,118163,70,79,whoscored
1901357,79,home,4231,118163,79,79,whoscored
1901357,79,home,4231,118163,79,80,whoscored
1901357,79,home,4231,118163,80,94,whoscored
1901357,79,home,541,118163,94,95,whoscored
1901357,86,away,3421,320585,0,66,whoscored
1901357,86,away,3421,320585,66,88,whoscored
1901357,86,away,3421,320585,88,88,whoscored
1901357,86,away,3421,320585,88,94,whoscored
1901357,86,away,3421,320585,94,95,whoscored
1901358,80,home,352,141646,0,48,whoscored
1901358,80,home,352,141646,48,57,whoscored
1901358,80,home,352,141646,57,58,whoscored
1901358,80,home,352,141646,58,64,whoscored
1901358,80,home,352,141646,64,84,whoscored
1901358,80,home,3421,141646,84,95,whoscored
1901358,1290,away,3421,90782,0,73,whoscored
1901358,1290,away,3421,90782,73,80,whoscored
1901358,1290,away,3421,90782,80,81,whoscored
1901358,1290,away,3421,379615,81,92,whoscored
1901358,1290,away,3421,379615,92,95,whoscored
1901359,78,home,541,95822,0,58,whoscored
1901359,78,home,352,318432,58,80,whoscored
1901359,78,home,433,318432,80,96,whoscored
1901359,79,away,433,118163,0,81,whoscored
1901359,79,away,433,118163,81,87,whoscored
1901359,79,away,541,118163,87,93,whoscored
1901359,79,away,541,118163,93,96,whoscored
1901360,1290,home,4231,379615,0,47,whoscored
1901360,1290,home,4231,379615,47,58,whoscored
1901360,1290,home,4141,379615,58,73,whoscored
1901360,1290,home,3241,379615,73,95,whoscored
1901360,73,away,433,79554,0,85,whoscored
1901360,73,away,433,79554,85,85,whoscored
1901360,73,away,433,79554,85,95,whoscored
1901361,2731,home,352,446953,0,59,whoscored
1901361,2731,home,352,446953,59,59,whoscored
1901361,2731,home,352,446953,59,73,whoscored
1901361,2731,home,352,446953,73,74,whoscored
1901361,2731,home,352,446953,74,89,whoscored
1901361,2731,home,352,446953,89,94,whoscored
1901361,278,away,3421,425115,0,61,whoscored
1901361,278,away,3421,425115,61,73,whoscored
1901361,278,away,3421,425115,73,90,whoscored
1901361,278,away,3421,425115,90,94,whoscored
1901362,75,home,352,299344,0,48,whoscored
1901362,75,home,352,299344,48,56,whoscored
1901362,75,home,352,299344,56,68,whoscored
1901362,75,home,3421,299344,68,88,whoscored
1901362,75,home,3421,299344,88,95,whoscored
1901362,87,away,433,273539,0,41,whoscored
1901362,87,away,433,273539,41,48,whoscored
1901362,87,away,4411,273539,48,63,whoscored
1901362,87,away,4411,273539,63,77,whoscored
1901362,87,away,4411,273539,77,79,whoscored
1901362,87,away,4411,273539,79,95,whoscored
1901363,77,home,433,118147,0,48,whoscored
1901363,77,home,433,118147,48,69,whoscored
1901363,77,home,433,275698,69,81,whoscored
1901363,77,home,442,275698,81,90,whoscored
1901363,77,home,442,275698,90,95,whoscored
1901363,300,away,3421,85070,0,24,whoscored
1901363,300,away,3421,85070,24,48,whoscored
1901363,300,away,3421,85070,48,48,whoscored
1901363,300,away,3421,85070,48,72,whoscored
1901363,300,away,3421,85070,72,85,whoscored
1901363,300,away,3421,85070,85,95,whoscored
1901364,276,home,3421,122683,0,72,whoscored
1901364,276,home,3421,122683,72,81,whoscored
1901364,276,home,3421,122683,81,81,whoscored
1901364,276,home,3421,122683,81,87,whoscored
1901364,276,home,3421,122683,87,94,whoscored
1901364,84,away,3421,109149,0,48,whoscored
1901364,84,away,3421,109149,48,67,whoscored
1901364,84,away,3421,109149,67,67,whoscored
1901364,84,away,3421,109149,67,74,whoscored
1901364,84,away,3421,109149,74,75,whoscored
1901364,84,away,3421,109149,75,94,whoscored
1901365,24341,home,352,355856,0,49,whoscored
1901365,24341,home,433,355856,49,65,whoscored
1901365,24341,home,433,355856,65,73,whoscored
1901365,24341,home,433,355856,73,96,whoscored
1901365,76,away,352,142425,0,10,whoscored
1901365,76,away,532,142425,10,19,whoscored
1901365,76,away,532,142425,19,65,whoscored
1901365,76,away,532,142425,65,82,whoscored
1901365,76,away,532,142425,82,96,whoscored
1901366,777,home,3421,83719,0,58,whoscored
1901366,777,home,3421,83719,58,59,whoscored
1901366,777,home,3421,83719,59,88,whoscored
1901366,777,home,3421,83719,88,89,whoscored
1901366,777,home,3421,83719,89,94,whoscored
1901366,777,home,3421,83719,94,94,whoscored
1901366,80,away,352,141646,0,48,whoscored
1901366,80,away,352,141646,48,74,whoscored
1901366,80,away,352,141646,74,74,whoscored
1901366,80,away,352,141646,74,79,whoscored
1901366,80,away,433,141646,79,92,whoscored
1901366,80,away,532,141646,92,94,whoscored
1901367,72,home,352,343975,0,47,whoscored
1901367,72,home,352,41073,47,55,whoscored
1901367,72,home,352,41073,55,55,whoscored
1901367,72,home,352,41073,55,86,whoscored
1901367,72,home,433,41073,86,95,whoscored
1901367,71,away,4231,302691,0,75,whoscored
1901367,71,away,4231,302691,75,75,whoscored
1901367,71,away,4231,302691,75,84,whoscored
1901367,71,away,4231,302691,84,84,whoscored
1901367,71,away,4231,302691,84,88,whoscored
1901367,71,away,4231,302691,88,95,whoscored
1901368,86,home,4411,320585,0,66,whoscored
1901368,86,home,4411,320585,66,66,whoscored
1901368,86,home,4411,320585,66,80,whoscored
1901368,86,home,4411,440029,80,87,whoscored
1901368,86,home,4411,440029,87,96,whoscored
1901368,2889,away,433,118542,0,47,whoscored
1901368,2889,away,433,118542,47,73,whoscored
1901368,2889,away,433,118542,73,80,whoscored
1901368,2889,away,433,118542,80,85,whoscored
1901368,2889,away,433,372407,85,96,whoscored
1901369,300,home,3421,85070,0,49,whoscored
1901369,300,home,3421,85070,49,60,whoscored
1901369,300,home,3421,85070,60,60,whoscored
1901369,300,home,3421,85070,60,61,whoscored
1901369,300,home,3421,85070,61,72,whoscored
1901369,300,home,3421,85070,72,87,whoscored
1901369,300,home,3421,85070,87,94,whoscored
1901369,276,away,3421,111892,0,65,whoscored
1901369,276,away,3421,111892,65,66,whoscored
1901369,276,away,3421,111892,66,73,whoscored
1901369,276,away,3421,111892,73,88,whoscored
1901369,276,away,352,111892,88,94,whoscored
1901370,71,home,433,302691,0,58,whoscored
1901370,71,home,433,302691,58,58,whoscored
1901370,71,home,433,302691,58,58,whoscored
1901370,71,home,433,302691,58,84,whoscored
1901370,71,home,433,302691,84,87,whoscored
1901370,71,home,433,302691,87,95,whoscored
1901370,86,away,352,320585,0,9,whoscored
1901370,86,away,352,320585,9,73,whoscored
1901370,86,away,352,320585,73,82,whoscored
1901370,86,away,4231,440029,82,95,whoscored
1901371,78,home,442,318432,0,41,whoscored
1901371,78,home,442,318432,41,74,whoscored
1901371,78,home,442,318432,74,86,whoscored
1901371,78,home,442,362780,86,89,whoscored
1901371,78,home,4411,362780,89,94,whoscored
1901371,77,away,433,149029,0,61,whoscored
1901371,77,away,433,149029,61,61,whoscored
1901371,77,away,433,149029,61,73,whoscored
1901371,77,away,433,149029,73,73,whoscored
1901371,77,away,433,149029,73,85,whoscored
1901371,77,away,433,149029,85,94,whoscored
1901372,73,home,433,79554,0,79,whoscored
1901372,73,home,433,79554,79,79,whoscored
1901372,73,home,433,79554,79,87,whoscored
1901372,73,home,433,79554,87,89,whoscored
1901372,73,home,433,79554,89,95,whoscored
1901372,777,away,3421,83719,0,47,whoscored
1901372,777,away,532,83719,47,69,whoscored
1901372,777,away,532,83719,69,77,whoscored
1901372,777,away,532,83719,77,95,whoscored
1901373,278,home,352,425115,0,68,whoscored
1901373,278,home,352,425115,68,68,whoscored
1901373,278,home,352,425115,68,68,whoscored
1901373,278,home,352,425115,68,69,whoscored
1901373,278,home,352,425115,69,74,whoscored
1901373,278,home,352,425115,74,88,whoscored
1901373,278,home,352,425115,88,92,whoscored
1901373,72,away,352,343975,0,49,whoscored
1901373,72,away,4312,343975,49,63,whoscored
1901373,72,away,4312,343975,63,71,whoscored
1901373,72,away,4312,343975,71,86,whoscored
1901373,72,away,4312,343975,86,92,whoscored
1901374,87,home,3421,273539,0,50,whoscored
1901374,87,home,3421,273539,50,78,whoscored
1901374,87,home,3421,273539,78,87,whoscored
1901374,87,home,3421,273539,87,87,whoscored
1901374,87,home,3421,273539,87,88,whoscored
1901374,87,home,3421,273539,88,95,whoscored
1901374,1290,away,4231,379615,0,64,whoscored
1901374,1290,away,3421,379615,64,78,whoscored
1901374,1290,away,3421,90782,78,90,whoscored
1901374,1290,away,3421,90782,90,91,whoscored
1901374,1290,away,3421,90782,91,95,whoscored
1901375,79,home,433,118163,0,3,whoscored
1901375,79,home,433,118163,3,62,whoscored
1901375,79,home,433,118163,62,85,whoscored
1901375,79,home,442,118163,85,93,whoscored
1901375,75,away,352,82399,0,62,whoscored
1901375,75,away,352,329665,62,71,whoscored
1901375,75,away,352,329665,71,71,whoscored
1901375,75,away,352,329665,71,90,whoscored
1901375,75,away,352,255929,90,93,whoscored
1901376,80,home,352,141646,0,10,whoscored
1901376,80,home,352,141646,10,66,whoscored
1901376,80,home,352,141646,66,89,whoscored
1901376,80,home,352,141646,89,89,whoscored
1901376,80,home,352,141646,89,97,whoscored
1901376,24341,away,352,355856,0,63,whoscored
1901376,24341,away,352,355856,63,63,whoscored
1901376,24341,away,352,355856,63,80,whoscored
1901376,24341,away,352,355856,80,97,whoscored
1901376,24341,away,352,355856,97,97,whoscored
1901377,84,home,3421,109149,0,49,whoscored
1901377,84,home,433,109149,49,59,whoscored
1901377,84,home,4321,109149,59,75,whoscored
1901377,84,home,4321,109149,75,88,whoscored
1901377,84,home,451,109149,88,94,whoscored
1901377,2731,away,352,149543,0,52,whoscored
1901377,2731,away,352,149543,52,59,whoscored
1901377,2731,away,352,149543,59,66,whoscored
1901377,2731,away,352,149543,66,77,whoscored
1901377,2731,away,3412,149543,77,94,whoscored
1901378,2889,home,433,118542,0,35,whoscored
1901378,2889,home,433,118542,35,73,whoscored
1901378,2889,home,433,118542,73,74,whoscored
1901378,2889,home,433,118542,74,74,whoscored
1901378,2889,home,433,118542,74,90,whoscored
1901378,2889,home,433,118542,90,93,whoscored
1901378,76,away,352,142425,0,47,whoscored
1901378,76,away,352,142425,47,74,whoscored
1901378,76,away,352,142425,74,74,whoscored
1901378,76,away,352,142425,74,83,whoscored
1901378,76,away,352,142425,83,83,whoscored
1901378,76,away,352,142425,83,93,whoscored
1901379,2731,home,352,105249,0,67,whoscored
1901379,2731,home,352,105249,67,67,whoscored
1901379,2731,home,352,105249,67,67,whoscored
1901379,2731,home,352,105249,67,68,whoscored
1901379,2731,home,352,149543,68,83,whoscored
1901379,2731,home,352,149543,83,95,whoscored
1901379,80,away,352,141646,0,63,whoscored
1901379,80,away,433,141646,63,79,whoscored
1901379,80,away,433,141646,79,79,whoscored
1901379,80,away,433,141646,79,90,whoscored
1901379,80,away,433,141646,90,95,whoscored
1901380,75,home,352,148684,0,60,whoscored
1901380,75,home,352,148684,60,60,whoscored
1901380,75,home,352,148684,60,68,whoscored
1901380,75,home,352,148684,68,77,whoscored
1901380,75,home,352,148684,77,77,whoscored
1901380,75,home,352,148684,77,78,whoscored
1901380,75,home,352,148684,78,93,whoscored
1901380,278,away,3421,425115,0,47,whoscored
1901380,278,away,3412,425115,47,61,whoscored
1901380,278,away,3412,425115,61,67,whoscored
1901380,278,away,3412,425115,67,67,whoscored
1901380,278,away,3412,425115,67,86,whoscored
1901380,278,away,3412,425115,86,87,whoscored
1901380,278,away,3412,425115,87,93,whoscored
1901381,24341,home,3142,355856,0,46,whoscored
1901381,24341,home,4141,355856,46,75,whoscored
1901381,24341,home,4141,355856,75,89,whoscored
1901381,24341,home,4141,355856,89,90,whoscored
1901381,24341,home,4141,355856,90,96,whoscored
1901381,78,away,352,362780,0,61,whoscored
1901381,78,away,352,362780,61,87,whoscored
1901381,78,away,352,362780,87,87,whoscored
1901381,78,away,352,362780,87,96,whoscored
1901382,777,home,352,83719,0,68,whoscored
1901382,777,home,352,83719,68,69,whoscored
1901382,777,home,352,83719,69,75,whoscored
1901382,777,home,352,83719,75,76,whoscored
1901382,777,home,352,83719,76,96,whoscored
1901382,777,home,442,423449,96,94,whoscored
1901382,71,away,433,302691,0,20,whoscored
1901382,71,away,433,302691,20,68,whoscored
1901382,71,away,433,302691,68,69,whoscored
1901382,71,away,433,302691,69,79,whoscored
1901382,71,away,433,302691,79,79,whoscored
1901382,71,away,433,302691,79,94,whoscored
1901383,84,home,352,109149,0,75,whoscored
1901383,84,home,352,148546,75,91,whoscored
1901383,84,home,352,148546,91,94,whoscored
1901383,87,away,3421,339875,0,47,whoscored
1901383,87,away,3421,339875,47,64,whoscored
1901383,87,away,3421,339875,64,73,whoscored
1901383,87,away,3421,339875,73,73,whoscored
1901383,87,away,3421,339875,73,89,whoscored
1901383,87,away,3421,339875,89,90,whoscored
1901383,87,away,3421,439909,90,94,whoscored
1901384,76,home,352,142425,0,57,whoscored
1901384,76,home,352,142425,57,72,whoscored
1901384,76,home,3412,142425,72,84,whoscored
1901384,76,home,3412,142425,84,96,whoscored
1901384,276,away,3421,122683,0,54,whoscored
1901384,276,away,3421,122683,54,75,whoscored
1901384,276,away,3421,122683,75,80,whoscored
1901384,276,away,3421,84603,80,96,whoscored
1901385,86,home,352,320585,0,68,whoscored
1901385,86,home,352,320585,68,73,whoscored
1901385,86,home,352,320585,73,73,whoscored
1901385,86,home,352,320585,73,73,whoscored
1901385,86,home,352,320585,73,87,whoscored
1901385,86,home,352,320585,87,95,whoscored
1901385,73,away,3511,79554,0,46,whoscored
1901385,73,away,3511,79554,46,46,whoscored
1901385,73,away,3511,79554,46,71,whoscored
1901385,73,away,3511,79554,71,71,whoscored
1901385,73,away,3511,79554,71,87,whoscored
1901385,73,away,3511,79554,87,95,whoscored
1901386,72,home,3412,41073,0,68,whoscored
1901386,72,home,3412,41073,68,72,whoscored
1901386,72,home,3412,41073,72,73,whoscored
1901386,72,home,352,343975,73,84,whoscored
1901386,72,home,352,343975,84,85,whoscored
1901386,72,home,352,343975,85,94,whoscored
1901386,77,away,433,149029,0,46,whoscored
1901386,77,away,433,149029,46,46,whoscored
1901386,77,away,433,149029,46,65,whoscored
1901386,77,away,433,149029,65,65,whoscored
1901386,77,away,433,149029,65,81,whoscored
1901386,77,away,433,118147,81,94,whoscored
1901387,2889,home,433,118542,0,75,whoscored
1901387,2889,home,433,118542,75,75,whoscored
1901387,2889,home,433,118542,75,76,whoscored
1901387,2889,home,433,118542,76,77,whoscored
1901387,2889,home,433,372407,77,81,whoscored
1901387,2889,home,433,372407,81,91,whoscored
1901387,2889,home,451,372407,91,96,whoscored
1901387,300,away,3421,85070,0,48,whoscored
1901387,300,away,3421,85070,48,69,whoscored
1901387,300,away,3421,85070,69,77,whoscored
1901387,300,away,3421,85070,77,97,whoscored
1901388,1290,home,4231,379615,0,48,whoscored
1901388,1290,home,4231,379615,48,66,whoscored
1901388,1290,home,4231,379615,66,79,whoscored
1901388,1290,home,4231,379615,79,86,whoscored
1901388,1290,home,4231,379615,86,94,whoscored
1901388,79,away,3511,118163,0,48,whoscored
1901388,79,away,4231,118163,48,61,whoscored
1901388,79,away,4231,118163,61,75,whoscored
1901388,79,away,4231,118163,75,86,whoscored
1901388,79,away,4231,118163,86,94,whoscored
1901389,276,home,3421,122683,0,46,whoscored
1901389,276,home,3421,122683,46,69,whoscored
1901389,276,home,3421,122683,69,79,whoscored
1901389,276,home,3421,122683,79,84,whoscored
1901389,276,home,3421,84603,84,94,whoscored
1901389,72,away,3412,41073,0,57,whoscored
1901389,72,away,3412,343975,57,67,whoscored
1901389,72,away,3412,343975,67,67,whoscored
1901389,72,away,3412,343975,67,78,whoscored
1901389,72,away,3412,343975,78,94,whoscored
1901390,300,home,3421,129903,0,47,whoscored
1901390,300,home,3421,85070,47,58,whoscored
1901390,300,home,442,85070,58,88,whoscored
1901390,300,home,442,85070,88,96,whoscored
1901390,86,away,352,320585,0,22,whoscored
1901390,86,away,352,320585,22,47,whoscored
1901390,86,away,352,320585,47,63,whoscored
1901390,86,away,3421,320585,63,77,whoscored
1901390,86,away,3421,320585,77,81,whoscored
1901390,86,away,3421,320585,81,96,whoscored
1901391,78,home,433,362780,0,76,whoscored
1901391,78,home,433,362780,76,81,whoscored
1901391,78,home,433,362780,81,90,whoscored
1901391,78,home,343,362780,90,96,whoscored
1901391,1290,away,4231,379615,0,35,whoscored
1901391,1290,away,4231,379615,35,65,whoscored
1901391,1290,away,4231,379615,65,84,whoscored
1901391,1290,away,541,379615,84,96,whoscored
1901392,73,home,4141,79554,0,65,whoscored
1901392,73,home,4141,79554,65,82,whoscored
1901392,73,home,4141,79554,82,87,whoscored
1901392,73,home,4141,79554,87,87,whoscored
1901392,73,home,4141,79554,87,94,whoscored
1901392,24341,away,3142,355856,0,55,whoscored
1901392,24341,away,3142,355856,55,73,whoscored
1901392,24341,away,3142,355856,73,73,whoscored
1901392,24341,away,3142,355856,73,83,whoscored
1901392,24341,away,3142,355856,83,94,whoscored
1901393,278,home,3421,425115,0,66,whoscored
1901393,278,home,3421,425115,66,66,whoscored
1901393,278,home,3421,425115,66,77,whoscored
1901393,278,home,3421,425115,77,81,whoscored
1901393,278,home,3421,425115,81,95,whoscored
1901393,84,away,3421,148546,0,48,whoscored
1901393,84,away,3421,148546,48,58,whoscored
1901393,84,away,3421,148546,58,72,whoscored
1901393,84,away,3421,109149,72,86,whoscored
1901393,84,away,352,109149,86,91,whoscored
1901393,84,away,433,109149,91,95,whoscored
1901394,87,home,3421,273539,0,47,whoscored
1901394,87,home,3421,273539,47,77,whoscored
1901394,87,home,3421,273539,77,78,whoscored
1901394,87,home,3421,273539,78,83,whoscored
1901394,87,home,3421,273539,83,94,whoscored
1901394,777,away,352,83719,0,61,whoscored
1901394,777,away,352,83719,61,61,whoscored
1901394,777,away,352,83719,61,61,whoscored
1901394,777,away,352,83719,61,77,whoscored
1901394,777,away,352,83719,77,94,whoscored
1901395,77,home,433,149029,0,37,whoscored
1901395,77,home,433,149029,37,47,whoscored
1901395,77,home,433,149029,47,66,whoscored
1901395,77,home,433,149029,66,80,whoscored
1901395,77,home,433,149029,80,80,whoscored
1901395,77,home,433,149029,80,95,whoscored
1901395,2889,away,433,118542,0,47,whoscored
1901395,2889,away,433,118542,47,69,whoscored
1901395,2889,away,433,118542,69,69,whoscored
1901395,2889,away,433,118542,69,70,whoscored
1901395,2889,away,433,118542,70,84,whoscored
1901395,2889,away,433,118542,84,95,whoscored
1901396,79,home,4231,118163,0,69,whoscored
1901396,79,home,4231,118163,69,81,whoscored
1901396,79,home,4231,118163,81,82,whoscored
1901396,79,home,532,118163,82,92,whoscored
1901396,79,home,532,118163,92,97,whoscored
1901396,2731,away,352,105249,0,49,whoscored
1901396,2731,away,442,149543,49,65,whoscored
1901396,2731,away,442,149543,65,77,whoscored
1901396,2731,away,4222,149543,77,97,whoscored
1901397,80,home,352,141646,0,75,whoscored
1901397,80,home,352,141646,75,75,whoscored
1901397,80,home,352,141646,75,86,whoscored
1901397,80,home,352,141646,86,95,whoscored
1901397,75,away,352,148684,0,61,whoscored
1901397,75,away,352,148684,61,61,whoscored
1901397,75,away,352,148684,61,70,whoscored
1901397,75,away,352,255929,70,82,whoscored
1901397,75,away,352,255929,82,95,whoscored
1901398,71,home,4141,396971,0,48,whoscored
1901398,71,home,4141,396971,48,68,whoscored
1901398,71,home,4141,331383,68,79,whoscored
1901398,71,home,4141,331383,79,86,whoscored
1901398,71,home,3331,331383,86,96,whoscored
1901398,76,away,532,142425,0,76,whoscored
1901398,76,away,532,142425,76,84,whoscored
1901398,76,away,532,142425,84,97,whoscored
1901398,76,away,532,142425,97,96,whoscored
1901399,1290,home,3421,379615,0,48,whoscored
1901399,1290,home,4231,379615,48,69,whoscored
1901399,1290,home,4231,379615,69,79,whoscored
1901399,1290,home,4231,379615,79,89,whoscored
1901399,1290,home,4231,256536,89,95,whoscored
1901399,84,away,3421,109149,0,58,whoscored
1901399,84,away,3421,109149,58,69,whoscored
1901399,84,away,3421,109149,69,69,whoscored
1901399,84,away,3421,109149,69,72,whoscored
1901399,84,away,532,109149,72,95,whoscored
1901400,76,home,3511,142425,0,52,whoscored
1901400,76,home,3511,142425,52,63,whoscored
1901400,76,home,3511,142425,63,64,whoscored
1901400,76,home,3511,142425,64,88,whoscored
1901400,76,home,3511,142425,88,97,whoscored
1901400,79,away,4231,118163,0,61,whoscored
1901400,79,away,4231,118163,61,81,whoscored
1901400,79,away,4231,118163,81,91,whoscored
1901400,79,away,4231,118163,91,97,whoscored
1901401,300,home,3412,85070,0,58,whoscored
1901401,300,home,3412,85070,58,58,whoscored
1901401,300,home,3412,85070,58,77,whoscored
1901401,300,home,3412,129903,77,86,whoscored
1901401,300,home,3412,129903,86,96,whoscored
1901401,278,away,3421,425115,0,57,whoscored
1901401,278,away,3421,425115,57,70,whoscored
1901401,278,away,3421,425115,70,71,whoscored
1901401,278,away,3421,425115,71,87,whoscored
1901401,278,away,3421,425115,87,96,whoscored
1901402,71,home,4231,19580,0,51,whoscored
1901402,71,home,4231,19580,51,68,whoscored
1901402,71,home,4231,19580,68,83,whoscored
1901402,71,home,4231,19580,83,90,whoscored
1901402,71,home,4231,302691,90,96,whoscored
1901402,78,away,451,130368,0,41,whoscored
1901402,78,away,451,318432,41,78,whoscored
1901402,78,away,451,318432,78,94,whoscored
1901402,78,away,451,318432,94,96,whoscored
1901403,1290,home,4231,379615,0,82,whoscored
1901403,1290,home,4231,379615,82,82,whoscored
1901403,1290,home,4231,379615,82,82,whoscored
1901403,1290,home,4231,379615,82,88,whoscored
1901403,1290,home,4231,90782,88,93,whoscored
1901403,276,away,3421,122683,0,62,whoscored
1901403,276,away,3421,122683,62,82,whoscored
1901403,276,away,3421,122683,82,93,whoscored
1901404,2731,home,343,446953,0,20,whoscored
1901404,2731,home,442,105249,20,64,whoscored
1901404,2731,home,442,105249,64,64,whoscored
1901404,2731,home,442,105249,64,64,whoscored
1901404,2731,home,442,105249,64,71,whoscored
1901404,2731,home,3142,105249,71,97,whoscored
1901404,77,away,433,149029,0,49,whoscored
1901404,77,away,433,149029,49,49,whoscored
1901404,77,away,433,149029,49,63,whoscored
1901404,77,away,433,149029,63,74,whoscored
1901404,77,away,433,149029,74,84,whoscored
1901404,77,away,433,149029,84,97,whoscored
1901405,75,home,352,148684,0,48,whoscored
1901405,75,home,352,148684,48,68,whoscored
1901405,75,home,352,148684,68,69,whoscored
1901405,75,home,352,299344,69,91,whoscored
1901405,75,home,352,299344,91,93,whoscored
1901405,24341,away,352,355856,0,69,whoscored
1901405,24341,away,352,355856,69,69,whoscored
1901405,24341,away,352,355856,69,77,whoscored
1901405,24341,away,352,355856,77,77,whoscored
1901405,24341,away,352,355856,77,87,whoscored
1901405,24341,away,352,355856,87,93,whoscored
1901406,87,home,3421,273539,0,47,whoscored
1901406,87,home,4231,273539,47,70,whoscored
1901406,87,home,4231,273539,70,76,whoscored
1901406,87,home,4231,273539,76,81,whoscored
1901406,87,home,4231,273539,81,81,whoscored
1901406,87,home,4231,273539,81,95,whoscored
1901406,76,away,3511,142425,0,72,whoscored
1901406,76,away,3511,142425,72,81,whoscored
1901406,76,away,541,142425,81,95,whoscored
1901407,777,home,3511,83719,0,66,whoscored
1901407,777,home,3511,83719,66,72,whoscored
1901407,777,home,3511,83719,72,73,whoscored
1901407,777,home,3511,83719,73,83,whoscored
1901407,777,home,3511,83719,83,95,whoscored
1901407,79,away,4231,118163,0,73,whoscored
1901407,79,away,4231,118163,73,73,whoscored
1901407,79,away,4231,118163,73,74,whoscored
1901407,79,away,541,118163,74,95,whoscored
1901407,79,away,541,118163,95,95,whoscored
1901408,84,home,3421,244804,0,65,whoscored
1901408,84,home,3412,244804,65,73,whoscored
1901408,84,home,3412,109149,73,84,whoscored
1901408,84,home,3412,109149,84,84,whoscored
1901408,84,home,3412,109149,84,92,whoscored
1901408,73,away,433,79554,0,47,whoscored
1901408,73,away,433,79554,47,76,whoscored
1901408,73,away,433,79554,76,92,whoscored
1901409,2889,home,433,118542,0,39,whoscored
1901409,2889,home,433,118542,39,49,whoscored
1901409,2889,home,433,118542,49,62,whoscored
1901409,2889,home,433,372407,62,87,whoscored
1901409,2889,home,433,372407,87,87,whoscored
1901409,2889,home,433,372407,87,94,whoscored
1901409,80,away,352,141646,0,24,whoscored
1901409,80,away,4231,141646,24,49,whoscored
1901409,80,away,4411,141646,49,62,whoscored
1901409,80,away,433,141646,62,69,whoscored
1901409,80,away,4312,141646,69,94,whoscored
1901410,86,home,3421,440029,0,71,whoscored
1901410,86,home,3421,440029,71,72,whoscored
1901410,86,home,3421,440029,72,79,whoscored
1901410,86,home,3421,440029,79,86,whoscored
1901410,86,home,3421,440029,86,95,whoscored
1901410,72,away,3511,343975,0,59,whoscored
1901410,72,away,3421,343975,59,67,whoscored
1901410,72,away,3421,343975,67,73,whoscored
1901410,72,away,3421,343975,73,95,whoscored
1901411,76,home,3511,142425,0,65,whoscored
1901411,76,home,3511,142425,65,82,whoscored
1901411,76,home,3511,142425,82,83,whoscored
1901411,76,home,4231,142425,83,94,whoscored
1901411,1290,away,4231,379615,0,35,whoscored
1901411,1290,away,4231,379615,35,48,whoscored
1901411,1290,away,4231,379615,48,64,whoscored
1901411,1290,away,3421,379615,64,83,whoscored
1901411,1290,away,3421,379615,83,94,whoscored
1901412,78,home,532,362780,0,65,whoscored
1901412,78,home,433,371396,65,76,whoscored
1901412,78,home,433,371396,76,91,whoscored
1901412,78,home,433,371396,91,91,whoscored
1901412,78,home,433,371396,91,92,whoscored
1901412,78,home,532,371396,92,98,whoscored
1901412,86,away,343,320585,0,57,whoscored
1901412,86,away,343,320585,57,57,whoscored
1901412,86,away,343,320585,57,68,whoscored
1901412,86,away,343,320585,68,81,whoscored
1901412,86,away,343,320585,81,81,whoscored
1901412,86,away,343,320585,81,98,whoscored
1901413,2731,home,442,105249,0,60,whoscored
1901413,2731,home,442,105249,60,73,whoscored
1901413,2731,home,442,105249,73,73,whoscored
1901413,2731,home,442,105249,73,86,whoscored
1901413,2731,home,442,105249,86,89,whoscored
1901413,777,away,3421,83719,0,36,whoscored
1901413,777,away,3511,83719,36,66,whoscored
1901413,777,away,3511,83719,66,66,whoscored
1901413,777,away,3511,83719,66,73,whoscored
1901413,777,away,3511,83719,73,89,whoscored
1901414,73,home,433,79554,0,62,whoscored
1901414,73,home,433,79554,62,73,whoscored
1901414,73,home,433,79554,73,74,whoscored
1901414,73,home,433,79554,74,87,whoscored
1901414,73,home,433,79554,87,93,whoscored
1901414,278,away,3421,424806,0,59,whoscored
1901414,278,away,3421,424806,59,72,whoscored
1901414,278,away,3421,424806,72,72,whoscored
1901414,278,away,3421,424806,72,83,whoscored
1901414,278,away,3421,424806,83,83,whoscored
1901414,278,away,3421,424806,83,93,whoscored
1901415,77,home,433,275698,0,56,whoscored
1901415,77,home,433,275698,56,59,whoscored
1901415,77,home,433,275698,59,62,whoscored
1901415,77,home,433,275698,62,78,whoscored
1901415,77,home,433,275698,78,80,whoscored
1901415,77,home,433,140261,80,91,whoscored
1901415,75,away,352,299344,0,46,whoscored
1901415,75,away,352,299344,46,46,whoscored
1901415,75,away,352,299344,46,63,whoscored
1901415,75,away,352,322153,63,80,whoscored
1901415,75,away,352,322153,80,91,whoscored
1901416,79,home,4231,118163,0,47,whoscored
1901416,79,home,4231,118163,47,63,whoscored
1901416,79,home,532,118163,63,71,whoscored
1901416,79,home,532,118163,71,76,whoscored
1901416,79,home,532,118163,76,77,whoscored
1901416,79,home,532,118163,77,95,whoscored
1901416,87,away,4231,273539,0,78,whoscored
1901416,87,away,541,273539,78,84,whoscored
1901416,87,away,541,273539,84,87,whoscored
1901416,87,away,541,273539,87,95,whoscored
1901417,80,home,352,141646,0,49,whoscored
1901417,80,home,343,141646,49,61,whoscored
1901417,80,home,433,141646,61,83,whoscored
1901417,80,home,433,141646,83,98,whoscored
1901417,300,away,3421,85070,0,51,whoscored
1901417,300,away,3421,85070,51,58,whoscored
1901417,300,away,3421,85070,58,66,whoscored
1901417,300,away,3421,85070,66,66,whoscored
1901417,300,away,3421,85070,66,98,whoscored
1901418,276,home,3421,122469,0,79,whoscored
1901418,276,home,3421,122469,79,79,whoscored
1901418,276,home,3421,122469,79,87,whoscored
1901418,276,home,3421,122469,87,90,whoscored
1901418,276,home,3421,122469,90,95,whoscored
1901418,71,away,433,396971,0,67,whoscored
1901418,71,away,433,396971,67,76,whoscored
1901418,71,away,433,396971,76,84,whoscored
1901418,71,away,433,396971,84,85,whoscored
1901418,71,away,433,396971,85,85,whoscored
1901418,71,away,433,396971,85,95,whoscored
1901419,24341,home,352,355856,0,54,whoscored
1901419,24341,home,352,355856,54,75,whoscored
1901419,24341,home,352,355856,75,75,whoscored
1901419,24341,home,352,355856,75,80,whoscored
1901419,24341,home,352,355856,80,80,whoscored
1901419,24341,home,352,355856,80,103,whoscored
1901419,84,away,3421,109149,0,54,whoscored
1901419,84,away,3421,109149,54,59,whoscored
1901419,84,away,3421,109149,59,60,whoscored
1901419,84,away,352,244804,60,76,whoscored
1901419,84,away,352,244804,76,103,whoscored
1901420,72,home,3421,343975,0,59,whoscored
1901420,72,home,3412,41073,59,67,whoscored
1901420,72,home,3412,41073,67,86,whoscored
1901420,72,home,3412,41073,86,94,whoscored
1901420,2889,away,433,38128,0,63,whoscored
1901420,2889,away,433,118542,63,75,whoscored
1901420,2889,away,433,118542,75,76,whoscored
1901420,2889,away,433,118542,76,84,whoscored
1901420,2889,away,433,118542,84,94,whoscored
1901421,300,home,3421,85070,0,64,whoscored
1901421,300,home,3421,85070,64,65,whoscored
1901421,300,home,3412,100962,65,83,whoscored
1901421,300,home,442,100962,83,89,whoscored
1901421,300,home,3412,100962,89,94,whoscored
1901421,71,away,433,396971,0,70,whoscored
1901421,71,away,433,396971,70,70,whoscored
1901421,71,away,433,396971,70,70,whoscored
1901421,71,away,433,396971,70,89,whoscored
1901421,71,away,433,396971,89,94,whoscored
1901422,78,home,4321,130368,0,75,whoscored
1901422,78,home,4321,130368,75,75,whoscored
1901422,78,home,4321,130368,75,85,whoscored
1901422,78,home,4321,130368,85,85,whoscored
1901422,78,home,4321,130368,85,86,whoscored
1901422,78,home,541,371396,86,95,whoscored
1901422,72,away,3421,41073,0,49,whoscored
1901422,72,away,3421,41073,49,62,whoscored
1901422,72,away,3421,343975,62,80,whoscored
1901422,72,away,3421,343975,80,88,whoscored
1901422,72,away,3421,343975,88,89,whoscored
1901422,72,away,3421,343975,89,95,whoscored
1901423,1290,home,4231,379615,0,55,whoscored
1901423,1290,home,4231,379615,55,73,whoscored
1901423,1290,home,4231,379615,73,84,whoscored
1901423,1290,home,4231,379615,84,84,whoscored
1901423,1290,home,4231,379615,84,84,whoscored
1901423,1290,home,4231,379615,84,96,whoscored
1901423,24341,away,352,355856,0,61,whoscored
1901423,24341,away,352,355856,61,72,whoscored
1901423,24341,away,352,355856,72,73,whoscored
1901423,24341,away,352,355856,73,73,whoscored
1901423,24341,away,352,355856,73,87,whoscored
1901423,24341,away,352,355856,87,96,whoscored
1901424,278,home,4321,425115,0,64,whoscored
1901424,278,home,4321,425115,64,85,whoscored
1901424,278,home,4321,425115,85,91,whoscored
1901424,278,home,4321,425115,91,100,whoscored
1901424,80,away,352,141646,0,68,whoscored
1901424,80,away,352,141646,68,68,whoscored
1901424,80,away,352,141646,68,76,whoscored
1901424,80,away,352,141646,76,85,whoscored
1901424,80,away,352,141646,85,100,whoscored
1901425,75,home,352,299344,0,64,whoscored
1901425,75,home,352,299344,64,65,whoscored
1901425,75,home,352,299344,65,65,whoscored
1901425,75,home,352,299344,65,76,whoscored
1901425,75,home,352,299344,76,77,whoscored
1901425,75,home,352,82399,77,82,whoscored
1901425,75,home,352,82399,82,94,whoscored
1901425,76,away,532,142425,0,47,whoscored
1901425,76,away,532,142425,47,62,whoscored
1901425,76,away,532,142425,62,62,whoscored
1901425,76,away,532,142425,62,85,whoscored
1901425,76,away,532,142425,85,85,whoscored
1901425,76,away,532,142425,85,94,whoscored
1901426,87,home,4231,273539,0,48,whoscored
1901426,87,home,4231,273539,48,71,whoscored
1901426,87,home,4231,273539,71,71,whoscored
1901426,87,home,4231,273539,71,83,whoscored
1901426,87,home,4231,273539,83,92,whoscored
1901426,87,home,442,273539,92,97,whoscored
1901426,73,away,433,79554,0,31,whoscored
1901426,73,away,433,79554,31,66,whoscored
1901426,73,away,433,79554,66,66,whoscored
1901426,73,away,433,79554,66,66,whoscored
1901426,73,away,433,79554,66,67,whoscored
1901426,73,away,433,79554,67,76,whoscored
1901426,73,away,433,79554,76,97,whoscored
1901427,777,home,352,83719,0,61,whoscored
1901427,777,home,352,83719,61,61,whoscored
1901427,777,home,352,83719,61,71,whoscored
1901427,777,home,352,83719,71,71,whoscored
1901427,777,home,352,83719,71,72,whoscored
1901427,777,home,3331,83719,72,94,whoscored
1901427,276,away,343,122469,0,60,whoscored
1901427,276,away,343,122469,60,60,whoscored
1901427,276,away,343,122469,60,80,whoscored
1901427,276,away,343,122469,80,81,whoscored
1901427,276,away,343,122469,81,89,whoscored
1901427,276,away,343,241022,89,94,whoscored
1901428,84,home,3421,109149,0,36,whoscored
1901428,84,home,3421,109149,36,50,whoscored
1901428,84,home,3421,109149,50,74,whoscored
1901428,84,home,442,109149,74,87,whoscored
1901428,84,home,442,109149,87,87,whoscored
1901428,84,home,442,109149,87,92,whoscored
1901428,84,home,442,109149,92,95,whoscored
1901428,77,away,433,275698,0,66,whoscored
1901428,77,away,433,275698,66,66,whoscored
1901428,77,away,433,275698,66,75,whoscored
1901428,77,away,4411,275698,75,83,whoscored
1901428,77,away,4411,437646,83,95,whoscored
1901429,2889,home,433,118542,0,65,whoscored
1901429,2889,home,433,118542,65,65,whoscored
1901429,2889,home,433,118542,65,74,whoscored
1901429,2889,home,433,386211,74,90,whoscored
1901429,2889,home,433,386211,90,99,whoscored
1901429,79,away,4231,118163,0,65,whoscored
1901429,79,away,352,118163,65,81,whoscored
1901429,79,away,352,118163,81,82,whoscored
1901429,79,away,352,118163,82,88,whoscored
1901429,79,away,352,118163,88,99,whoscored
1901430,86,home,352,320585,0,47,whoscored
1901430,86,home,352,320585,47,61,whoscored
1901430,86,home,352,320585,61,72,whoscored
1901430,86,home,352,320585,72,72,whoscored
1901430,86,home,352,320585,72,80,whoscored
1901430,86,home,352,320585,80,96,whoscored
1901430,2731,away,352,105249,0,61,whoscored
1901430,2731,away,352,105249,61,61,whoscored
1901430,2731,away,352,105249,61,83,whoscored
1901430,2731,away,352,105249,83,89,whoscored
1901430,2731,away,352,105249,89,96,whoscored
1901431,71,home,433,19580,0,68,whoscored
1901431,71,home,433,19580,68,68,whoscored
1901431,71,home,433,19580,68,68,whoscored
1901431,71,home,433,19580,68,69,whoscored
1901431,71,home,433,396971,69,83,whoscored
1901431,71,home,433,396971,83,90,whoscored
1901431,71,home,433,396971,90,92,whoscored
1901431,75,away,352,299344,0,56,whoscored
1901431,75,away,352,82399,56,76,whoscored
1901431,75,away,352,82399,76,83,whoscored
1901431,75,away,4231,28421,83,92,whoscored
1901432,2731,home,352,105249,0,15,whoscored
1901432,2731,home,352,105249,15,51,whoscored
1901432,2731,home,352,105249,51,51,whoscored
1901432,2731,home,352,105249,51,81,whoscored
1901432,2731,home,4312,105249,81,85,whoscored
1901432,2731,home,4411,105249,85,88,whoscored
1901432,2731,home,4411,105249,88,90,whoscored
1901432,2731,home,4411,105249,90,92,whoscored
1901432,1290,away,4231,379615,0,22,whoscored
1901432,1290,away,4231,379615,22,69,whoscored
1901432,1290,away,4231,379615,69,81,whoscored
1901432,1290,away,4231,379615,81,88,whoscored
1901432,1290,away,4231,379615,88,88,whoscored
1901432,1290,away,4231,379615,88,88,whoscored
1901432,1290,away,4231,379615,88,92,whoscored
1901433,73,home,433,141726,0,67,whoscored
1901433,73,home,433,141726,67,67,whoscored
1901433,73,home,433,141726,67,76,whoscored
1901433,73,home,433,241020,76,87,whoscored
1901433,73,home,433,241020,87,92,whoscored
1901433,300,away,3421,85070,0,46,whoscored
1901433,300,away,3421,85070,46,62,whoscored
1901433,300,away,3421,85070,62,67,whoscored
1901433,300,away,3421,85070,67,81,whoscored
1901433,300,away,3421,85070,81,92,whoscored
1901434,77,home,433,44055,0,47,whoscored
1901434,77,home,433,44055,47,62,whoscored
1901434,77,home,433,275698,62,72,whoscored
1901434,77,home,433,275698,72,83,whoscored
1901434,77,home,433,275698,83,83,whoscored
1901434,77,home,433,275698,83,84,whoscored
1901434,77,home,433,275698,84,93,whoscored
1901434,777,away,352,243919,0,47,whoscored
1901434,777,away,352,243919,47,62,whoscored
1901434,777,away,352,243919,62,63,whoscored
1901434,777,away,352,243919,63,72,whoscored
1901434,777,away,352,243919,72,78,whoscored
1901434,777,away,352,423449,78,93,whoscored
1901435,79,home,4231,118163,0,47,whoscored
1901435,79,home,4231,118163,47,66,whoscored
1901435,79,home,4231,118163,66,81,whoscored
1901435,79,home,532,118163,81,90,whoscored
1901435,79,home,532,118163,90,92,whoscored
1901435,278,away,3511,424806,0,61,whoscored
1901435,278,away,3511,424806,61,70,whoscored
1901435,278,away,3511,424806,70,84,whoscored
1901435,278,away,433,424806,84,92,whoscored
1901436,80,home,352,141646,0,47,whoscored
1901436,80,home,352,141646,47,62,whoscored
1901436,80,home,352,141646,62,62,whoscored
1901436,80,home,352,141646,62,63,whoscored
1901436,80,home,433,141646,63,69,whoscored
1901436,80,home,4231,141646,69,96,whoscored
1901436,78,away,352,130368,0,63,whoscored
1901436,78,away,352,130368,63,64,whoscored
1901436,78,away,352,130368,64,75,whoscored
1901436,78,away,352,130368,75,75,whoscored
1901436,78,away,352,130368,75,96,whoscored
1901436,78,away,352,130368,96,96,whoscored
1901437,276,home,343,122469,0,9,whoscored
1901437,276,home,343,122469,9,36,whoscored
1901437,276,home,343,122469,36,48,whoscored
1901437,276,home,343,122469,48,82,whoscored
1901437,276,home,343,122469,82,82,whoscored
1901437,276,home,343,122469,82,93,whoscored
1901437,86,away,3421,320585,0,56,whoscored
1901437,86,away,3421,320585,56,61,whoscored
1901437,86,away,3421,392339,61,82,whoscored
1901437,86,away,442,320585,82,93,whoscored
1901438,24341,home,352,447486,0,48,whoscored
1901438,24341,home,352,447486,48,63,whoscored
1901438,24341,home,352,447486,63,74,whoscored
1901438,24341,home,352,447486,74,78,whoscored
1901438,24341,home,4141,447486,78,96,whoscored
1901438,2889,away,433,118542,0,56,whoscored
1901438,2889,away,433,118542,56,67,whoscored
1901438,2889,away,433,118542,67,68,whoscored
1901438,2889,away,442,118542,68,85,whoscored
1901438,2889,away,442,118542,85,96,whoscored
1901439,72,home,3412,41073,0,49,whoscored
1901439,72,home,3412,41073,49,59,whoscored
1901439,72,home,3412,343975,59,66,whoscored
1901439,72,home,3421,343975,66,72,whoscored
1901439,72,home,442,343975,72,95,whoscored
1901439,87,away,3421,273539,0,65,whoscored
1901439,87,away,3421,273539,65,66,whoscored
1901439,87,away,3421,273539,66,73,whoscored
1901439,87,away,3421,273539,73,81,whoscored
1901439,87,away,3421,273539,81,95,whoscored
1901440,76,home,352,142425,0,59,whoscored
1901440,76,home,352,142425,59,71,whoscored
1901440,76,home,352,142425,71,87,whoscored
1901440,76,home,352,142425,87,96,whoscored
1901440,84,away,3421,109149,0,47,whoscored
1901440,84,away,3421,109149,47,47,whoscored
1901440,84,away,3421,109149,47,73,whoscored
1901440,84,away,3421,109149,73,85,whoscored
1901440,84,away,3421,109149,85,96,whoscored
