whoscored_match_id,whoscored_team_id,side,formation_name,captain_player_id_ws,start_minute,end_minute,data_source
1913882,61,home,343,300918,0,48,whoscored
1913882,61,home,4231,300918,48,74,whoscored
1913882,61,home,4231,300918,74,74,whoscored
1913882,61,home,4231,300918,74,81,whoscored
1913882,61,home,4231,300918,81,92,whoscored
1913882,61,home,4231,300918,92,93,whoscored
1913882,52,away,4231,106883,0,65,whoscored
1913882,52,away,4231,106883,65,65,whoscored
1913882,52,away,4231,106883,65,76,whoscored
1913882,52,away,4231,106883,76,89,whoscored
1913882,52,away,4231,106883,89,89,whoscored
1913882,52,away,4231,106883,89,93,whoscored
1913883,833,home,433,108100,0,68,whoscored
1913883,833,home,433,108100,68,68,whoscored
1913883,833,home,433,108100,68,68,whoscored
1913883,833,home,433,108100,68,76,whoscored
1913883,833,home,433,108100,76,85,whoscored
1913883,833,home,4231,108100,85,95,whoscored
1913883,54,away,4231,83686,0,73,whoscored
1913883,54,away,4231,83686,73,74,whoscored
1913883,54,away,4231,83686,74,87,whoscored
1913883,54,away,4231,83686,87,95,whoscored
1913884,60,home,442,409467,0,60,whoscored
1913884,60,home,442,409467,60,61,whoscored
1913884,60,home,442,409467,61,62,whoscored
1913884,60,home,4231,409467,62,82,whoscored
1913884,60,home,4231,409467,82,83,whoscored
1913884,60,home,4141,409467,83,92,whoscored
1913884,60,home,4141,409467,92,105,whoscored
1913884,63,away,442,76662,0,75,whoscored
1913884,63,away,442,76662,75,75,whoscored
1913884,63,away,442,76662,75,76,whoscored
1913884,63,away,442,76662,76,91,whoscored
1913884,63,away,442,80764,91,105,whoscored
1913885,54,home,4231,83686,0,61,whoscored
1913885,54,home,4231,83686,61,74,whoscored
1913885,54,home,4231,83686,74,88,whoscored
1913885,54,home,4231,83686,88,89,whoscored
1913885,54,home,4231,83686,89,95,whoscored
1913885,60,away,442,409467,0,61,whoscored
1913885,60,away,442,344120,61,80,whoscored
1913885,60,away,442,344120,80,92,whoscored
1913885,60,away,442,344120,92,95,whoscored
1913886,52,home,433,344644,0,70,whoscored
1913886,52,home,433,106883,70,80,whoscored
1913886,52,home,433,106883,80,92,whoscored
1913886,52,home,433,106883,92,97,whoscored
1913886,131,away,3421,381674,0,68,whoscored
1913886,131,away,532,381674,68,79,whoscored
1913886,131,away,532,381674,79,87,whoscored
1913886,131,away,442,381674,87,97,whoscored
1913887,62,home,343,91242,0,62,whoscored
1913887,62,home,343,91242,62,62,whoscored
1913887,62,home,343,91242,62,63,whoscored
1913887,62,home,343,91242,63,70,whoscored
1913887,62,home,343,259042,70,75,whoscored
1913887,62,home,343,259042,75,96,whoscored
1913887,839,away,442,335107,0,68,whoscored
1913887,839,away,442,335107,68,77,whoscored
1913887,839,away,442,335107,77,77,whoscored
1913887,839,away,442,335107,77,78,whoscored
1913887,839,away,442,28186,78,85,whoscored
1913887,839,away,541,28186,85,96,whoscored
1913888,832,home,541,388808,0,66,whoscored
1913888,832,home,541,388808,66,67,whoscored
1913888,832,home,541,388808,67,82,whoscored
1913888,832,home,541,388808,82,93,whoscored
1913888,832,home,541,388808,93,98,whoscored
1913888,65,away,4231,384711,0,53,whoscored
1913888,65,away,4231,384711,53,83,whoscored
1913888,65,away,3241,300447,83,92,whoscored
1913888,65,away,3241,300447,92,98,whoscored
1913888,65,away,4231,300447,98,98,whoscored
1913889,55,home,442,119817,0,71,whoscored
1913889,55,home,442,119817,71,72,whoscored
1913889,55,home,4231,119817,72,84,whoscored
1913889,55,home,4231,119817,84,84,whoscored
1913889,55,home,4231,119817,84,91,whoscored
1913889,55,home,4231,119817,91,96,whoscored
1913889,68,away,4231,298839,0,72,whoscored
1913889,68,away,442,298839,72,84,whoscored
1913889,68,away,442,298839,84,84,whoscored
1913889,68,away,442,298839,84,84,whoscored
1913889,68,away,442,298839,84,96,whoscored
1913890,833,home,3142,108100,0,70,whoscored
1913890,833,home,3142,108100,70,75,whoscored
1913890,833,home,3142,108100,75,91,whoscored
1913890,833,home,3142,108100,91,96,whoscored
1913890,832,away,541,388808,0,67,whoscored
1913890,832,away,4231,388808,67,73,whoscored
1913890,832,away,4231,388808,73,89,whoscored
1913890,832,away,442,388808,89,96,whoscored
1913891,51,home,4231,294006,0,49,whoscored
1913891,51,home,3412,294006,49,71,whoscored
1913891,51,home,3412,294006,71,71,whoscored
1913891,51,home,3412,294006,71,71,whoscored
1913891,51,home,3412,294006,71,85,whoscored
1913891,51,home,3412,294006,85,95,whoscored
1913891,62,away,3421,91242,0,66,whoscored
1913891,62,away,3421,91242,66,66,whoscored
1913891,62,away,3421,91242,66,76,whoscored
1913891,62,away,3421,91242,76,76,whoscored
1913891,62,away,3421,91242,76,77,whoscored
1913891,62,away,3421,362421,77,93,whoscored
1913891,62,away,3421,362421,93,95,whoscored
1913892,839,home,442,97659,0,51,whoscored
1913892,839,home,442,97659,51,52,whoscored
1913892,839,home,442,335107,52,74,whoscored
1913892,839,home,4231,28186,74,86,whoscored
1913892,839,home,343,28186,86,96,whoscored
1913892,61,away,4231,300918,0,26,whoscored
1913892,61,away,4411,300918,26,50,whoscored
1913892,61,away,532,300918,50,67,whoscored
1913892,61,away,532,300918,67,81,whoscored
1913892,61,away,532,300918,81,81,whoscored
1913892,61,away,532,300918,81,89,whoscored
1913892,61,away,532,300918,89,96,whoscored
1913893,70,home,4231,362423,0,70,whoscored
1913893,70,home,4231,362423,70,70,whoscored
1913893,70,home,4231,362423,70,83,whoscored
1913893,70,home,4231,362423,83,83,whoscored
1913893,70,home,4231,362423,83,88,whoscored
1913893,70,home,4231,362423,88,89,whoscored
1913893,70,home,541,73265,89,97,whoscored
1913893,131,away,343,381674,0,70,whoscored
1913893,131,away,343,381674,70,78,whoscored
1913893,131,away,343,381674,78,88,whoscored
1913893,131,away,343,381674,88,88,whoscored
1913893,131,away,343,381674,88,97,whoscored
1913894,68,home,4141,298839,0,60,whoscored
1913894,68,home,4141,298839,60,61,whoscored
1913894,68,home,4141,298839,61,75,whoscored
1913894,68,home,4141,298839,75,76,whoscored
1913894,68,home,4141,298839,76,84,whoscored
1913894,68,home,4141,315566,84,95,whoscored
1913894,70,away,4231,362423,0,74,whoscored
1913894,70,away,4231,362423,74,74,whoscored
1913894,70,away,4231,362423,74,74,whoscored
1913894,70,away,4231,362423,74,85,whoscored
1913894,70,away,4231,362423,85,90,whoscored
1913894,70,away,4231,362423,90,95,whoscored
1913895,53,home,4231,255182,0,47,whoscored
1913895,53,home,4231,255182,47,68,whoscored
1913895,53,home,4231,255182,68,80,whoscored
1913895,53,home,4231,255182,80,89,whoscored
1913895,53,home,4231,56057,89,95,whoscored
1913895,64,away,4411,422959,0,56,whoscored
1913895,64,away,4411,422959,56,56,whoscored
1913895,64,away,4411,422959,56,80,whoscored
1913895,64,away,4411,422959,80,83,whoscored
1913895,64,away,3421,135345,83,95,whoscored
1913896,2783,home,4231,24400,0,68,whoscored
1913896,2783,home,4231,372473,68,82,whoscored
1913896,2783,home,4231,372473,82,95,whoscored
1913896,67,away,4231,77417,0,17,whoscored
1913896,67,away,4231,77417,17,82,whoscored
1913896,67,away,4231,77417,82,88,whoscored
1913896,67,away,4231,77417,88,88,whoscored
1913896,67,away,4231,77417,88,95,whoscored
1913897,67,home,4231,77417,0,63,whoscored
1913897,67,home,4231,77417,63,73,whoscored
1913897,67,home,4231,77417,73,91,whoscored
1913897,67,home,4231,77417,91,97,whoscored
1913897,819,away,532,332990,0,97,whoscored
1913898,63,home,442,76662,0,74,whoscored
1913898,63,home,442,76662,74,74,whoscored
1913898,63,home,442,76662,74,74,whoscored
1913898,63,home,442,76662,74,81,whoscored
1913898,63,home,442,76662,81,81,whoscored
1913898,63,home,442,76662,81,82,whoscored
1913898,63,home,442,76662,82,97,whoscored
1913898,833,away,3412,108100,0,52,whoscored
1913898,833,away,3412,108100,52,73,whoscored
1913898,833,away,3412,108100,73,74,whoscored
1913898,833,away,3412,108100,74,88,whoscored
1913898,833,away,3412,108100,88,92,whoscored
1913898,833,away,3412,108100,92,97,whoscored
1913899,61,home,4231,300918,0,30,whoscored
1913899,61,home,4231,300918,30,67,whoscored
1913899,61,home,4231,300918,67,67,whoscored
1913899,61,home,4231,300918,67,79,whoscored
1913899,61,home,4231,300918,79,79,whoscored
1913899,61,home,4231,300918,79,98,whoscored
1913899,68,away,442,298839,0,62,whoscored
1913899,68,away,442,298839,62,63,whoscored
1913899,68,away,442,298839,63,71,whoscored
1913899,68,away,442,298839,71,77,whoscored
1913899,68,away,442,298839,77,84,whoscored
1913899,68,away,4231,315566,84,98,whoscored
1913900,131,home,3421,381674,0,67,whoscored
1913900,131,home,3421,381674,67,83,whoscored
1913900,131,home,3421,381674,83,89,whoscored
1913900,131,home,532,381674,89,95,whoscored
1913900,55,away,442,119817,0,21,whoscored
1913900,55,away,442,427831,21,25,whoscored
1913900,55,away,442,427831,25,72,whoscored
1913900,55,away,442,427831,72,72,whoscored
1913900,55,away,442,427831,72,73,whoscored
1913900,55,away,532,427831,73,83,whoscored
1913900,55,away,442,427831,83,95,whoscored
1913901,839,home,442,335107,0,51,whoscored
1913901,839,home,442,403865,51,68,whoscored
1913901,839,home,442,403865,68,71,whoscored
1913901,839,home,442,403865,71,75,whoscored
1913901,839,home,442,403865,75,93,whoscored
1913901,2783,away,4411,106895,0,31,whoscored
1913901,2783,away,3421,106895,31,41,whoscored
1913901,2783,away,3421,106895,41,51,whoscored
1913901,2783,away,3421,92691,51,76,whoscored
1913901,2783,away,3421,92691,76,83,whoscored
1913901,2783,away,3421,92691,83,93,whoscored
1913902,54,home,4231,83686,0,75,whoscored
1913902,54,home,4231,83686,75,76,whoscored
1913902,54,home,4231,83686,76,91,whoscored
1913902,54,home,442,83686,91,100,whoscored
1913902,53,away,4231,255182,0,65,whoscored
1913902,53,away,4231,255182,65,78,whoscored
1913902,53,away,4231,56057,78,88,whoscored
1913902,53,away,4231,56057,88,88,whoscored
1913902,53,away,4231,56057,88,100,whoscored
1913903,65,home,433,279423,0,49,whoscored
1913903,65,home,433,279423,49,63,whoscored
1913903,65,home,433,279423,63,63,whoscored
1913903,65,home,433,279423,63,64,whoscored
1913903,65,home,433,402197,64,79,whoscored
1913903,65,home,433,29400,79,87,whoscored
1913903,65,home,433,29400,87,93,whoscored
1913903,819,away,532,332990,0,49,whoscored
1913903,819,away,541,243262,49,73,whoscored
1913903,819,away,541,243262,73,83,whoscored
1913903,819,away,541,243262,83,93,whoscored
1913904,64,home,442,422959,0,63,whoscored
1913904,64,home,442,422959,63,80,whoscored
1913904,64,home,442,422959,80,96,whoscored
1913904,64,home,442,422959,96,97,whoscored
1913904,64,home,442,422959,97,95,whoscored
1913904,65,away,4231,279423,0,66,whoscored
1913904,65,away,4231,279423,66,66,whoscored
1913904,65,away,4231,279423,66,82,whoscored
1913904,65,away,4231,279423,82,82,whoscored
1913904,65,away,4231,279423,82,95,whoscored
1913905,54,home,4231,125211,0,51,whoscored
1913905,54,home,4231,83686,51,75,whoscored
1913905,54,home,4231,83686,75,75,whoscored
1913905,54,home,4231,83686,75,76,whoscored
1913905,54,home,4231,83686,76,91,whoscored
1913905,54,home,4231,83686,91,96,whoscored
1913905,68,away,4141,298839,0,63,whoscored
1913905,68,away,4141,298839,63,71,whoscored
1913905,68,away,4141,298839,71,80,whoscored
1913905,68,away,4141,298839,80,96,whoscored
1913906,833,home,3142,108100,0,75,whoscored
1913906,833,home,3142,108100,75,81,whoscored
1913906,833,home,3142,108100,81,90,whoscored
1913906,833,home,541,108100,90,97,whoscored
1913906,61,away,4231,300918,0,61,whoscored
1913906,61,away,4231,300918,61,68,whoscored
1913906,61,away,4231,300918,68,74,whoscored
1913906,61,away,4231,300918,74,74,whoscored
1913906,61,away,4231,300918,74,97,whoscored
1913907,2783,home,451,444239,0,52,whoscored
1913907,2783,home,451,372473,52,59,whoscored
1913907,2783,home,451,372473,52,52,whoscored
1913907,2783,home,451,372473,59,81,whoscored
1913907,2783,home,451,372473,81,93,whoscored
1913907,832,away,442,448231,0,61,whoscored
1913907,832,away,442,448231,61,77,whoscored
1913907,832,away,442,448231,77,77,whoscored
1913907,832,away,442,448231,77,78,whoscored
1913907,832,away,442,448231,78,93,whoscored
1913908,55,home,442,119817,0,47,whoscored
1913908,55,home,442,119817,47,65,whoscored
1913908,55,home,442,119817,65,71,whoscored
1913908,55,home,442,119817,71,72,whoscored
1913908,55,home,4411,427831,72,81,whoscored
1913908,55,home,4411,427831,81,98,whoscored
1913908,53,away,4231,255182,0,65,whoscored
1913908,53,away,442,255182,65,69,whoscored
1913908,53,away,442,255182,69,69,whoscored
1913908,53,away,442,255182,69,70,whoscored
1913908,53,away,442,255182,70,82,whoscored
1913908,53,away,442,255182,82,98,whoscored
1913909,51,home,532,294006,0,35,whoscored
1913909,51,home,4231,294006,35,72,whoscored
1913909,51,home,4231,294006,72,73,whoscored
1913909,51,home,4231,294006,73,87,whoscored
1913909,51,home,442,294006,87,97,whoscored
1913909,63,away,442,80764,0,67,whoscored
1913909,63,away,442,80764,67,67,whoscored
1913909,63,away,442,80764,67,67,whoscored
1913909,63,away,442,80764,67,68,whoscored
1913909,63,away,442,80764,68,73,whoscored
1913909,63,away,442,80764,73,82,whoscored
1913909,63,away,532,80764,82,97,whoscored
1913910,64,home,442,422958,0,62,whoscored
1913910,64,home,442,422958,62,62,whoscored
1913910,64,home,442,422958,62,70,whoscored
1913910,64,home,442,422958,70,71,whoscored
1913910,64,home,442,422958,71,93,whoscored
1913910,64,home,442,422958,93,96,whoscored
1913910,62,away,343,362421,0,62,whoscored
1913910,62,away,343,362421,62,62,whoscored
1913910,62,away,343,362421,62,73,whoscored
1913910,62,away,343,362421,73,81,whoscored
1913910,62,away,343,362421,81,96,whoscored
1913911,52,home,442,106883,0,64,whoscored
1913911,52,home,4231,106883,64,80,whoscored
1913911,52,home,4231,106883,80,80,whoscored
1913911,52,home,4231,106883,80,92,whoscored
1913911,52,home,4231,106883,92,93,whoscored
1913911,52,home,4231,106883,93,95,whoscored
1913911,70,away,4231,362423,0,66,whoscored
1913911,70,away,4231,362423,66,80,whoscored
1913911,70,away,442,73265,80,87,whoscored
1913911,70,away,442,73265,87,95,whoscored
1913912,839,home,442,335107,0,51,whoscored
1913912,839,home,442,335107,51,63,whoscored
1913912,839,home,442,335107,63,72,whoscored
1913912,839,home,442,276489,72,96,whoscored
1913912,131,away,343,381674,0,39,whoscored
1913912,131,away,532,381674,39,51,whoscored
1913912,131,away,532,381674,51,82,whoscored
1913912,131,away,532,381674,82,93,whoscored
1913912,131,away,532,381674,93,97,whoscored
1913912,131,away,532,381674,97,96,whoscored
1913913,60,home,4141,409467,0,81,whoscored
1913913,60,home,4141,409467,81,81,whoscored
1913913,60,home,4141,409467,81,90,whoscored
1913913,60,home,4141,409467,90,95,whoscored
1913913,60,home,4132,344120,95,99,whoscored
1913913,832,away,541,388808,0,50,whoscored
1913913,832,away,541,388808,50,58,whoscored
1913913,832,away,541,388808,58,83,whoscored
1913913,832,away,541,388808,83,89,whoscored
1913913,832,away,541,388808,89,90,whoscored
1913913,832,away,541,135321,90,99,whoscored
1913914,53,home,4231,255182,0,69,whoscored
1913914,53,home,4231,255182,69,69,whoscored
1913914,53,home,4231,255182,69,80,whoscored
1913914,53,home,4231,255182,80,85,whoscored
1913914,53,home,4231,255182,85,98,whoscored
1913914,67,away,4141,77417,0,48,whoscored
1913914,67,away,4141,77417,48,73,whoscored
1913914,67,away,4231,77417,73,84,whoscored
1913914,67,away,4231,318120,84,89,whoscored
1913914,67,away,442,318120,89,98,whoscored
1913915,62,home,343,91242,0,59,whoscored
1913915,62,home,343,91242,59,69,whoscored
1913915,62,home,343,91242,69,84,whoscored
1913915,62,home,442,91242,84,98,whoscored
1913915,819,away,532,332990,0,80,whoscored
1913915,819,away,532,332990,80,98,whoscored
1913916,2783,home,433,444239,0,44,whoscored
1913916,2783,home,433,444239,44,53,whoscored
1913916,2783,home,532,444239,53,65,whoscored
1913916,2783,home,532,106895,65,77,whoscored
1913916,2783,home,532,106895,77,97,whoscored
1913916,64,away,4231,422959,0,53,whoscored
1913916,64,away,4231,422959,53,77,whoscored
1913916,64,away,4231,422959,77,88,whoscored
1913916,64,away,4231,422959,88,88,whoscored
1913916,64,away,4231,422959,88,92,whoscored
1913916,64,away,4231,422959,92,97,whoscored
1913917,70,home,4231,362423,0,50,whoscored
1913917,70,home,4231,362423,50,70,whoscored
1913917,70,home,4231,362423,70,78,whoscored
1913917,70,home,4231,362423,78,92,whoscored
1913917,70,home,4231,362423,92,96,whoscored
1913917,63,away,4231,76662,0,50,whoscored
1913917,63,away,4231,80764,50,72,whoscored
1913917,63,away,4231,80764,72,72,whoscored
1913917,63,away,4231,80764,72,86,whoscored
1913917,63,away,4231,80764,86,96,whoscored
1913918,51,home,4231,294006,0,53,whoscored
1913918,51,home,442,294006,53,90,whoscored
1913918,51,home,442,294006,90,94,whoscored
1913918,65,away,4231,384711,0,53,whoscored
1913918,65,away,4231,384711,53,75,whoscored
1913918,65,away,4231,384711,75,76,whoscored
1913918,65,away,4231,384711,76,76,whoscored
1913918,65,away,4231,384711,76,84,whoscored
1913918,65,away,4231,384711,84,94,whoscored
1913919,55,home,4231,427831,0,67,whoscored
1913919,55,home,4231,427831,67,68,whoscored
1913919,55,home,4231,427831,68,88,whoscored
1913919,55,home,4231,427831,88,92,whoscored
1913919,55,home,343,427831,92,97,whoscored
1913919,819,away,532,332990,0,51,whoscored
1913919,819,away,532,332990,51,63,whoscored
1913919,819,away,532,332990,63,63,whoscored
1913919,819,away,532,332990,63,64,whoscored
1913919,819,away,442,332990,64,97,whoscored
1913920,52,home,4231,344644,0,72,whoscored
1913920,52,home,4231,344644,72,78,whoscored
1913920,52,home,4231,106883,78,96,whoscored
1913920,51,away,532,294006,0,70,whoscored
1913920,51,away,532,294006,70,84,whoscored
1913920,51,away,532,294006,84,84,whoscored
1913920,51,away,532,294006,84,93,whoscored
1913920,51,away,532,294006,93,96,whoscored
1913921,63,home,442,80764,0,47,whoscored
1913921,63,home,442,80764,47,77,whoscored
1913921,63,home,442,80764,77,77,whoscored
1913921,63,home,442,80764,77,78,whoscored
1913921,63,home,442,80764,78,84,whoscored
1913921,63,home,442,80764,84,95,whoscored
1913921,839,away,442,28186,0,65,whoscored
1913921,839,away,442,28186,65,80,whoscored
1913921,839,away,442,28186,80,80,whoscored
1913921,839,away,442,28186,80,95,whoscored
1913922,65,home,4231,402197,0,47,whoscored
1913922,65,home,4231,300447,47,69,whoscored
1913922,65,home,4231,300447,69,75,whoscored
1913922,65,home,4231,300447,75,82,whoscored
1913922,65,home,4231,300447,82,92,whoscored
1913922,55,away,532,119817,0,58,whoscored
1913922,55,away,532,119817,58,66,whoscored
1913922,55,away,532,119817,66,78,whoscored
1913922,55,away,532,119817,78,92,whoscored
1913923,62,home,343,91242,0,63,whoscored
1913923,62,home,343,91242,63,63,whoscored
1913923,62,home,343,91242,63,73,whoscored
1913923,62,home,343,91242,73,83,whoscored
1913923,62,home,343,91242,83,95,whoscored
1913923,2783,away,433,444239,0,49,whoscored
1913923,2783,away,433,444239,49,70,whoscored
1913923,2783,away,433,372473,70,85,whoscored
1913923,2783,away,433,106895,85,95,whoscored
1913924,70,home,4411,362423,0,62,whoscored
1913924,70,home,4411,362423,62,76,whoscored
1913924,70,home,532,73265,76,89,whoscored
1913924,70,home,532,73265,89,96,whoscored
1913924,51,away,532,294006,0,50,whoscored
1913924,51,away,442,294006,50,69,whoscored
1913924,51,away,442,294006,69,75,whoscored
1913924,51,away,442,294006,75,86,whoscored
1913924,51,away,442,294006,86,96,whoscored
1913925,819,home,532,332990,0,58,whoscored
1913925,819,home,532,332990,58,79,whoscored
1913925,819,home,532,332990,79,80,whoscored
1913925,819,home,532,332990,80,85,whoscored
1913925,819,home,532,332990,85,97,whoscored
1913925,819,home,532,332990,97,97,whoscored
1913925,61,away,4231,300918,0,15,whoscored
1913925,61,away,4231,300918,15,70,whoscored
1913925,61,away,4231,300918,70,70,whoscored
1913925,61,away,4231,300918,70,70,whoscored
1913925,61,away,4231,300918,70,77,whoscored
1913925,61,away,4231,300918,77,90,whoscored
1913925,61,away,4231,300918,90,92,whoscored
1913925,61,away,4411,300918,92,97,whoscored
1913926,131,home,343,381674,0,62,whoscored
1913926,131,home,343,381674,62,62,whoscored
1913926,131,home,343,381674,62,73,whoscored
1913926,131,home,343,381674,73,94,whoscored
1913926,64,away,442,422959,0,9,whoscored
1913926,64,away,442,422959,9,66,whoscored
1913926,64,away,442,422959,66,67,whoscored
1913926,64,away,442,422959,67,83,whoscored
1913926,64,away,442,422959,83,83,whoscored
1913926,64,away,442,422959,83,94,whoscored
1913927,53,home,4231,255182,0,48,whoscored
1913927,53,home,4231,255182,48,61,whoscored
1913927,53,home,4231,255182,61,61,whoscored
1913927,53,home,4231,255182,61,70,whoscored
1913927,53,home,4231,255182,70,82,whoscored
1913927,53,home,4231,56057,82,94,whoscored
1913927,60,away,4231,409467,0,48,whoscored
1913927,60,away,4231,409467,48,77,whoscored
1913927,60,away,532,409467,77,91,whoscored
1913927,60,away,532,409467,91,94,whoscored
1913928,832,home,442,388808,0,69,whoscored
1913928,832,home,442,388808,69,73,whoscored
1913928,832,home,442,388808,73,73,whoscored
1913928,832,home,442,388808,73,92,whoscored
1913928,832,home,442,135321,92,98,whoscored
1913928,54,away,4231,125211,0,53,whoscored
1913928,54,away,4231,125211,53,79,whoscored
1913928,54,away,4231,125211,79,80,whoscored
1913928,54,away,4231,125211,80,94,whoscored
1913928,54,away,4231,125211,94,98,whoscored
1913929,67,home,3421,77417,0,66,whoscored
1913929,67,home,3421,77417,66,84,whoscored
1913929,67,home,4231,77417,84,96,whoscored
1913929,833,away,352,108100,0,65,whoscored
1913929,833,away,352,108100,65,85,whoscored
1913929,833,away,352,108100,85,85,whoscored
1913929,833,away,352,108100,85,93,whoscored
1913929,833,away,352,108100,93,93,whoscored
1913929,833,away,352,108100,93,96,whoscored
1913930,68,home,4231,298839,0,61,whoscored
1913930,68,home,4231,298839,61,61,whoscored
1913930,68,home,4231,298839,61,70,whoscored
1913930,68,home,4231,298839,70,70,whoscored
1913930,68,home,4231,298839,70,82,whoscored
1913930,68,home,4231,298839,82,96,whoscored
1913930,52,away,4231,106883,0,31,whoscored
1913930,52,away,4411,106883,31,50,whoscored
1913930,52,away,4411,106883,50,72,whoscored
1913930,52,away,4411,106883,72,86,whoscored
1913930,52,away,4411,344644,86,92,whoscored
1913930,52,away,541,344644,92,96,whoscored
1913931,60,home,433,409467,0,60,whoscored
1913931,60,home,433,409467,60,60,whoscored
1913931,60,home,433,409467,60,61,whoscored
1913931,60,home,433,409467,61,73,whoscored
1913931,60,home,433,409467,73,74,whoscored
1913931,60,home,442,409467,74,98,whoscored
1913931,67,away,3421,318120,0,13,whoscored
1913931,67,away,3421,318120,13,49,whoscored
1913931,67,away,3421,318120,49,77,whoscored
1913931,67,away,3421,77417,77,88,whoscored
1913931,67,away,3421,77417,88,88,whoscored
1913931,67,away,3421,77417,88,98,whoscored
1913932,70,home,4231,362423,0,61,whoscored
1913932,70,home,4231,362423,61,72,whoscored
1913932,70,home,4231,362423,72,72,whoscored
1913932,70,home,4231,362423,72,86,whoscored
1913932,70,home,4231,362423,86,86,whoscored
1913932,70,home,4231,362423,86,96,whoscored
1913932,55,away,442,119817,0,50,whoscored
1913932,55,away,442,119817,50,64,whoscored
1913932,55,away,442,119817,64,75,whoscored
1913932,55,away,532,119817,75,80,whoscored
1913932,55,away,532,119817,80,96,whoscored
1913933,832,home,442,299752,0,66,whoscored
1913933,832,home,442,299752,66,66,whoscored
1913933,832,home,442,299752,66,75,whoscored
1913933,832,home,442,299752,75,93,whoscored
1913933,52,away,3421,344644,0,72,whoscored
1913933,52,away,3421,337782,72,83,whoscored
1913933,52,away,3412,337782,83,93,whoscored
1913934,67,home,343,77417,0,57,whoscored
1913934,67,home,343,77417,57,58,whoscored
1913934,67,home,343,77417,58,62,whoscored
1913934,67,home,343,77417,62,74,whoscored
1913934,67,home,343,286080,74,96,whoscored
1913934,839,away,433,28186,0,27,whoscored
1913934,839,away,433,28186,27,28,whoscored
1913934,839,away,442,28186,28,72,whoscored
1913934,839,away,442,28186,72,72,whoscored
1913934,839,away,442,28186,72,87,whoscored
1913934,839,away,442,276489,87,96,whoscored
1913935,819,home,451,332990,0,47,whoscored
1913935,819,home,451,332990,47,62,whoscored
1913935,819,home,451,332990,62,80,whoscored
1913935,819,home,451,332990,80,84,whoscored
1913935,819,home,451,332990,84,95,whoscored
1913935,60,away,442,344120,0,47,whoscored
1913935,60,away,442,344120,47,79,whoscored
1913935,60,away,442,344120,79,79,whoscored
1913935,60,away,442,344120,79,79,whoscored
1913935,60,away,442,344120,79,89,whoscored
1913935,60,away,442,344120,89,95,whoscored
1913936,61,home,4411,4522,0,66,whoscored
1913936,61,home,4411,298482,66,76,whoscored
1913936,61,home,4411,298482,76,77,whoscored
1913936,61,home,4411,298482,77,90,whoscored
1913936,61,home,4411,298482,90,95,whoscored
1913936,65,away,4231,384711,0,47,whoscored
1913936,65,away,4231,384711,47,66,whoscored
1913936,65,away,4231,384711,66,74,whoscored
1913936,65,away,4231,384711,74,92,whoscored
1913936,65,away,433,384711,92,95,whoscored
1913937,62,home,3421,259042,0,48,whoscored
1913937,62,home,3421,259042,48,60,whoscored
1913937,62,home,3421,259042,60,69,whoscored
1913937,62,home,3421,84008,69,74,whoscored
1913937,62,home,3421,84008,74,95,whoscored
1913937,54,away,4231,83686,0,55,whoscored
1913937,54,away,4231,83686,55,74,whoscored
1913937,54,away,4231,83686,74,74,whoscored
1913937,54,away,4231,83686,74,74,whoscored
1913937,54,away,4231,83686,74,92,whoscored
1913937,54,away,4231,83686,92,95,whoscored
1913938,131,home,3142,381674,0,51,whoscored
1913938,131,home,3421,381674,51,77,whoscored
1913938,131,home,3421,381674,77,85,whoscored
1913938,131,home,3421,381674,85,91,whoscored
1913938,131,home,3421,381674,91,96,whoscored
1913938,833,away,532,379633,0,51,whoscored
1913938,833,away,532,381643,51,60,whoscored
1913938,833,away,532,381643,60,74,whoscored
1913938,833,away,532,381643,74,74,whoscored
1913938,833,away,532,381643,74,89,whoscored
1913938,833,away,532,381643,89,96,whoscored
1913939,839,home,442,448209,0,46,whoscored
1913939,839,home,442,448209,46,72,whoscored
1913939,839,home,442,448209,72,90,whoscored
1913939,839,home,442,448209,90,96,whoscored
1913939,53,away,4231,255182,0,57,whoscored
1913939,53,away,4231,255182,57,67,whoscored
1913939,53,away,4231,255182,67,68,whoscored
1913939,53,away,4231,255182,68,74,whoscored
1913939,53,away,4231,255182,74,75,whoscored
1913939,53,away,4231,255182,75,96,whoscored
1913940,833,home,532,108100,0,67,whoscored
1913940,833,home,532,108100,67,76,whoscored
1913940,833,home,532,108100,76,76,whoscored
1913940,833,home,532,108100,76,77,whoscored
1913940,833,home,532,422916,77,84,whoscored
1913940,833,home,532,422916,84,84,whoscored
1913940,833,home,532,422916,84,85,whoscored
1913940,833,home,532,422916,85,97,whoscored
1913940,62,away,433,259042,0,49,whoscored
1913940,62,away,433,259042,49,49,whoscored
1913940,62,away,433,259042,49,50,whoscored
1913940,62,away,3421,259042,50,70,whoscored
1913940,62,away,3421,259042,70,76,whoscored
1913940,62,away,3421,259042,76,77,whoscored
1913940,62,away,3421,259042,77,85,whoscored
1913940,62,away,3421,259042,85,97,whoscored
1913941,2783,home,352,372473,0,69,whoscored
1913941,2783,home,343,372473,69,78,whoscored
1913941,2783,home,442,372473,78,86,whoscored
1913941,2783,home,442,372473,86,93,whoscored
1913941,70,away,442,362423,0,65,whoscored
1913941,70,away,4231,362423,65,75,whoscored
1913941,70,away,4231,382157,75,86,whoscored
1913941,70,away,4231,382157,86,87,whoscored
1913941,70,away,442,335696,87,93,whoscored
1913942,53,home,4231,255182,0,49,whoscored
1913942,53,home,4231,255182,49,49,whoscored
1913942,53,home,4231,255182,49,49,whoscored
1913942,53,home,4231,255182,49,49,whoscored
1913942,53,home,4231,255182,49,84,whoscored
1913942,53,home,4231,255182,84,93,whoscored
1913942,2783,away,4231,372473,0,32,whoscored
1913942,2783,away,4231,372473,32,79,whoscored
1913942,2783,away,4231,372473,79,89,whoscored
1913942,2783,away,4231,372473,89,93,whoscored
1913943,55,home,442,119817,0,56,whoscored
1913943,55,home,442,119817,56,79,whoscored
1913943,55,home,442,119817,79,86,whoscored
1913943,55,home,442,119817,86,100,whoscored
1913943,61,away,433,300918,0,66,whoscored
1913943,61,away,433,300918,66,77,whoscored
1913943,61,away,433,300918,77,89,whoscored
1913943,61,away,541,300918,89,100,whoscored
1913944,68,home,433,298839,0,66,whoscored
1913944,68,home,433,298839,66,76,whoscored
1913944,68,home,433,298839,76,77,whoscored
1913944,68,home,433,298839,77,87,whoscored
1913944,68,home,433,298839,87,96,whoscored
1913944,51,away,532,294006,0,43,whoscored
1913944,51,away,532,294006,43,64,whoscored
1913944,51,away,532,294006,64,65,whoscored
1913944,51,away,532,294006,65,71,whoscored
1913944,51,away,442,294006,71,81,whoscored
1913944,51,away,442,294006,81,81,whoscored
1913944,51,away,442,294006,81,96,whoscored
1913945,63,home,532,80764,0,57,whoscored
1913945,63,home,532,76662,57,74,whoscored
1913945,63,home,532,76662,74,80,whoscored
1913945,63,home,532,76662,80,97,whoscored
1913945,64,away,442,422958,0,47,whoscored
1913945,64,away,442,422958,47,67,whoscored
1913945,64,away,442,422959,67,80,whoscored
1913945,64,away,442,422959,80,86,whoscored
1913945,64,away,442,135345,86,97,whoscored
1913946,60,home,4231,409467,0,36,whoscored
1913946,60,home,4231,409467,36,74,whoscored
1913946,60,home,4231,344120,74,87,whoscored
1913946,60,home,4231,344120,87,97,whoscored
1913946,833,away,352,108100,0,48,whoscored
1913946,833,away,352,108100,48,71,whoscored
1913946,833,away,352,108100,71,79,whoscored
1913946,833,away,352,108100,79,87,whoscored
1913946,833,away,352,108100,87,97,whoscored
1913947,63,home,442,80764,0,74,whoscored
1913947,63,home,442,80764,74,90,whoscored
1913947,63,home,442,80764,90,90,whoscored
1913947,63,home,442,80764,90,99,whoscored
1913947,63,home,532,80764,99,96,whoscored
1913947,52,away,4231,106883,0,53,whoscored
1913947,52,away,4231,106883,53,66,whoscored
1913947,52,away,4231,344644,66,77,whoscored
1913947,52,away,4231,344644,77,96,whoscored
1913947,52,away,4231,344644,96,97,whoscored
1913947,52,away,3241,344644,97,96,whoscored
1913948,53,home,4231,255182,0,56,whoscored
1913948,53,home,4231,56057,56,65,whoscored
1913948,53,home,4231,56057,65,65,whoscored
1913948,53,home,4231,56057,65,85,whoscored
1913948,53,home,4231,56057,85,85,whoscored
1913948,53,home,4231,56057,85,87,whoscored
1913948,53,home,4231,56057,87,96,whoscored
1913948,51,away,4231,294006,0,69,whoscored
1913948,51,away,4231,294006,69,69,whoscored
1913948,51,away,4231,294006,69,86,whoscored
1913948,51,away,4231,294006,86,91,whoscored
1913948,51,away,4231,294006,91,91,whoscored
1913948,51,away,4231,294006,91,96,whoscored
1913948,51,away,4231,294006,96,96,whoscored
1913949,65,home,4231,384711,0,48,whoscored
1913949,65,home,4231,384711,48,60,whoscored
1913949,65,home,4231,384711,60,80,whoscored
1913949,65,home,4231,384711,80,80,whoscored
1913949,65,home,4231,384711,80,95,whoscored
1913949,68,away,4141,298839,0,59,whoscored
1913949,68,away,4141,298839,59,68,whoscored
1913949,68,away,4141,298839,68,69,whoscored
1913949,68,away,4141,298839,69,83,whoscored
1913949,68,away,4141,298839,83,84,whoscored
1913949,68,away,433,298839,84,95,whoscored
1913950,2783,home,343,444239,0,22,whoscored
1913950,2783,home,343,444239,22,74,whoscored
1913950,2783,home,343,444239,74,89,whoscored
1913950,2783,home,343,444239,89,89,whoscored
1913950,2783,home,343,444239,89,90,whoscored
1913950,2783,home,343,24400,90,100,whoscored
1913950,55,away,442,427831,0,5,whoscored
1913950,55,away,442,427831,5,22,whoscored
1913950,55,away,442,427831,22,52,whoscored
1913950,55,away,442,427831,52,78,whoscored
1913950,55,away,442,427831,78,78,whoscored
1913950,55,away,442,427831,78,89,whoscored
1913950,55,away,442,427831,89,100,whoscored
1913951,54,home,4231,125211,0,60,whoscored
1913951,54,home,4231,125211,60,72,whoscored
1913951,54,home,4231,125211,72,81,whoscored
1913951,54,home,4231,125211,81,81,whoscored
1913951,54,home,4231,125211,81,94,whoscored
1913951,131,away,352,381674,0,50,whoscored
1913951,131,away,442,381674,50,69,whoscored
1913951,131,away,442,381674,69,87,whoscored
1913951,131,away,442,381674,87,94,whoscored
1913952,52,home,4231,344644,0,65,whoscored
1913952,52,home,4231,344644,65,65,whoscored
1913952,52,home,4231,344644,65,76,whoscored
1913952,52,home,4231,344644,76,84,whoscored
1913952,52,home,4231,344644,84,94,whoscored
1913952,839,away,442,362735,0,47,whoscored
1913952,839,away,442,362735,47,47,whoscored
1913952,839,away,442,362735,47,74,whoscored
1913952,839,away,442,276489,74,78,whoscored
1913952,839,away,442,276489,78,83,whoscored
1913952,839,away,442,276489,83,87,whoscored
1913952,839,away,442,276489,87,94,whoscored
1913953,819,home,532,332990,0,39,whoscored
1913953,819,home,532,332990,39,51,whoscored
1913953,819,home,442,332990,51,82,whoscored
1913953,819,home,442,332990,82,82,whoscored
1913953,819,home,442,332990,82,83,whoscored
1913953,819,home,442,332990,83,95,whoscored
1913953,832,away,442,448231,0,67,whoscored
1913953,832,away,442,448231,67,67,whoscored
1913953,832,away,442,448231,67,79,whoscored
1913953,832,away,442,448231,79,80,whoscored
1913953,832,away,442,388808,80,90,whoscored
1913953,832,away,442,388808,90,95,whoscored
1913954,62,home,3421,362421,0,57,whoscored
1913954,62,home,3421,378626,57,65,whoscored
1913954,62,home,3421,91242,65,86,whoscored
1913954,62,home,3421,91242,86,96,whoscored
1913954,63,away,442,80764,0,39,whoscored
1913954,63,away,532,80764,39,48,whoscored
1913954,63,away,4411,80764,48,78,whoscored
1913954,63,away,4411,80764,78,79,whoscored
1913954,63,away,532,76662,79,84,whoscored
1913954,63,away,532,76662,84,96,whoscored
1913955,64,home,442,422958,0,68,whoscored
1913955,64,home,442,422958,68,68,whoscored
1913955,64,home,442,422958,68,79,whoscored
1913955,64,home,4231,422958,79,93,whoscored
1913955,64,home,4231,422958,93,98,whoscored
1913955,67,away,343,318120,0,28,whoscored
1913955,67,away,343,318120,28,70,whoscored
1913955,67,away,343,318120,70,70,whoscored
1913955,67,away,343,318120,70,78,whoscored
1913955,67,away,343,318120,78,78,whoscored
1913955,67,away,343,318120,78,94,whoscored
1913955,67,away,343,318120,94,98,whoscored
1913956,67,home,4231,318120,0,69,whoscored
1913956,67,home,4231,318120,69,69,whoscored
1913956,67,home,4231,318120,69,70,whoscored
1913956,67,home,433,318120,70,81,whoscored
1913956,67,home,4231,77417,81,100,whoscored
1913956,65,away,4231,384711,0,54,whoscored
1913956,65,away,4231,279423,54,77,whoscored
1913956,65,away,4231,279423,77,96,whoscored
1913956,65,away,4231,279423,96,100,whoscored
1913957,51,home,4231,294006,0,60,whoscored
1913957,51,home,4231,294006,60,70,whoscored
1913957,51,home,4231,294006,70,71,whoscored
1913957,51,home,4231,294006,71,89,whoscored
1913957,51,home,4231,294006,89,89,whoscored
1913957,51,home,4231,294006,89,95,whoscored
1913957,60,away,4141,409467,0,66,whoscored
1913957,60,away,4141,409467,66,67,whoscored
1913957,60,away,442,409467,67,83,whoscored
1913957,60,away,442,409467,83,84,whoscored
1913957,60,away,442,409467,84,95,whoscored
1913958,70,home,4231,362423,0,65,whoscored
1913958,70,home,4231,362423,65,73,whoscored
1913958,70,home,4231,362423,73,73,whoscored
1913958,70,home,4231,362423,73,88,whoscored
1913958,70,home,442,362423,88,103,whoscored
1913958,54,away,4231,125211,0,73,whoscored
1913958,54,away,4231,125211,73,82,whoscored
1913958,54,away,4231,349494,82,96,whoscored
1913958,54,away,4231,349494,96,103,whoscored
1913959,60,home,442,409467,0,63,whoscored
1913959,60,home,442,409467,63,63,whoscored
1913959,60,home,442,409467,63,64,whoscored
1913959,60,home,442,409467,64,78,whoscored
1913959,60,home,442,409467,78,88,whoscored
1913959,60,home,442,409467,88,97,whoscored
1913959,70,away,442,73265,0,48,whoscored
1913959,70,away,442,73265,48,48,whoscored
1913959,70,away,442,73265,48,64,whoscored
1913959,70,away,442,73265,64,72,whoscored
1913959,70,away,442,73265,72,83,whoscored
1913959,70,away,442,73265,83,97,whoscored
1913960,131,home,352,381674,0,52,whoscored
1913960,131,home,352,381674,52,73,whoscored
1913960,131,home,352,381674,73,90,whoscored
1913960,131,home,352,381674,90,93,whoscored
1913960,819,away,532,243262,0,52,whoscored
1913960,819,away,532,332990,52,80,whoscored
1913960,819,away,532,332990,80,81,whoscored
1913960,819,away,532,332990,81,93,whoscored
1913961,63,home,442,80764,0,70,whoscored
1913961,63,home,442,80764,70,71,whoscored
1913961,63,home,442,80764,71,76,whoscored
1913961,63,home,442,80764,76,88,whoscored
1913961,63,home,532,80764,88,95,whoscored
1913961,67,away,4231,318120,0,48,whoscored
1913961,67,away,3412,77417,48,74,whoscored
1913961,67,away,4132,77417,74,81,whoscored
1913961,67,away,442,77417,81,95,whoscored
1913962,61,home,433,25964,0,47,whoscored
1913962,61,home,433,25964,47,59,whoscored
1913962,61,home,433,4522,59,75,whoscored
1913962,61,home,433,4522,75,84,whoscored
1913962,61,home,442,4522,84,93,whoscored
1913962,832,away,442,448231,0,67,whoscored
1913962,832,away,442,448231,67,67,whoscored
1913962,832,away,442,448231,67,81,whoscored
1913962,832,away,442,448231,81,81,whoscored
1913962,832,away,442,448231,81,88,whoscored
1913962,832,away,442,448231,88,93,whoscored
1913963,65,home,4231,384711,0,69,whoscored
1913963,65,home,4231,384711,69,77,whoscored
1913963,65,home,4231,384711,77,91,whoscored
1913963,65,home,4231,384711,91,91,whoscored
1913963,65,home,4231,384711,91,95,whoscored
1913963,833,away,4141,108100,0,49,whoscored
1913963,833,away,4141,108100,49,73,whoscored
1913963,833,away,4141,367164,73,77,whoscored
1913963,833,away,4141,367164,77,85,whoscored
1913963,833,away,4141,367164,85,95,whoscored
1913964,68,home,4141,298839,0,62,whoscored
1913964,68,home,4141,298839,62,81,whoscored
1913964,68,home,4141,298839,81,81,whoscored
1913964,68,home,4141,298839,81,97,whoscored
1913964,64,away,4231,422958,0,47,whoscored
1913964,64,away,4231,422958,47,66,whoscored
1913964,64,away,4231,422958,66,72,whoscored
1913964,64,away,4231,422958,72,76,whoscored
1913964,64,away,4231,422958,76,78,whoscored
1913964,64,away,4231,422958,78,97,whoscored
1913965,60,home,352,409467,0,60,whoscored
1913965,60,home,352,409467,60,60,whoscored
1913965,60,home,352,409467,60,61,whoscored
1913965,60,home,352,409467,61,71,whoscored
1913965,60,home,3421,409467,71,93,whoscored
1913965,55,away,442,119817,0,71,whoscored
1913965,55,away,442,119817,71,73,whoscored
1913965,55,away,442,119817,73,80,whoscored
1913965,55,away,442,119817,80,80,whoscored
1913965,55,away,442,119817,80,80,whoscored
1913965,55,away,442,119817,80,93,whoscored
1913966,54,home,4231,83686,0,49,whoscored
1913966,54,home,4231,83686,49,72,whoscored
1913966,54,home,4231,83686,72,72,whoscored
1913966,54,home,4231,83686,72,80,whoscored
1913966,54,home,4231,83686,80,86,whoscored
1913966,54,home,4231,83686,86,92,whoscored
1913966,51,away,4231,294006,0,67,whoscored
1913966,51,away,4231,294006,67,82,whoscored
1913966,51,away,4231,294006,82,82,whoscored
1913966,51,away,4231,294006,82,92,whoscored
1913967,819,home,442,332990,0,29,whoscored
1913967,819,home,442,332990,29,46,whoscored
1913967,819,home,442,243262,46,91,whoscored
1913967,819,home,442,243262,91,91,whoscored
1913967,819,home,442,243262,91,92,whoscored
1913967,819,home,442,243262,92,97,whoscored
1913967,2783,away,4141,444239,0,59,whoscored
1913967,2783,away,4141,444239,59,59,whoscored
1913967,2783,away,4141,444239,59,76,whoscored
1913967,2783,away,442,24400,76,97,whoscored
1913968,63,home,532,80764,0,42,whoscored
1913968,63,home,532,80764,42,59,whoscored
1913968,63,home,532,80764,59,60,whoscored
1913968,63,home,532,76662,60,68,whoscored
1913968,63,home,532,76662,68,87,whoscored
1913968,63,home,541,76662,87,93,whoscored
1913968,131,away,343,381674,0,40,whoscored
1913968,131,away,343,381674,40,68,whoscored
1913968,131,away,352,381674,68,79,whoscored
1913968,131,away,352,381674,79,90,whoscored
1913968,131,away,352,381674,90,90,whoscored
1913968,131,away,352,381674,90,93,whoscored
1913969,65,home,4231,279423,0,48,whoscored
1913969,65,home,4231,279423,48,65,whoscored
1913969,65,home,4231,279423,65,66,whoscored
1913969,65,home,4231,279423,66,78,whoscored
1913969,65,home,4231,279423,78,83,whoscored
1913969,65,home,4231,279423,83,94,whoscored
1913969,2783,away,442,444239,0,65,whoscored
1913969,2783,away,442,444239,65,70,whoscored
1913969,2783,away,442,444239,70,70,whoscored
1913969,2783,away,442,444239,70,81,whoscored
1913969,2783,away,442,444239,81,94,whoscored
1913970,52,home,433,344644,0,52,whoscored
1913970,52,home,433,344644,52,74,whoscored
1913970,52,home,433,344644,74,85,whoscored
1913970,52,home,433,344644,85,85,whoscored
1913970,52,home,433,344644,85,92,whoscored
1913970,55,away,442,119817,0,52,whoscored
1913970,55,away,442,119817,52,61,whoscored
1913970,55,away,442,119817,61,61,whoscored
1913970,55,away,442,119817,61,61,whoscored
1913970,55,away,442,119817,61,62,whoscored
1913970,55,away,442,119817,62,92,whoscored
1913971,62,home,343,378626,0,48,whoscored
1913971,62,home,343,259042,46,56,whoscored
1913971,62,home,532,259042,48,46,whoscored
1913971,62,home,532,84008,56,72,whoscored
1913971,62,home,532,84008,72,87,whoscored
1913971,62,home,532,84008,87,95,whoscored
1913971,68,away,3421,298839,0,59,whoscored
1913971,68,away,3421,298839,59,69,whoscored
1913971,68,away,3421,298839,69,78,whoscored
1913971,68,away,3421,298839,78,95,whoscored
1913972,68,home,4141,298839,0,40,whoscored
1913972,68,home,4141,298839,40,70,whoscored
1913972,68,home,4141,298839,70,70,whoscored
1913972,68,home,4141,298839,70,89,whoscored
1913972,68,home,4141,298839,89,98,whoscored
1913972,53,away,4231,56057,0,60,whoscored
1913972,53,away,4231,56057,60,75,whoscored
1913972,53,away,4231,56057,75,84,whoscored
1913972,53,away,4231,56057,84,90,whoscored
1913972,53,away,4231,56057,90,98,whoscored
1913973,819,home,532,332990,0,78,whoscored
1913973,819,home,532,332990,78,89,whoscored
1913973,819,home,4411,332990,89,92,whoscored
1913973,819,home,4411,332990,92,97,whoscored
1913973,52,away,4231,344644,0,48,whoscored
1913973,52,away,4231,344644,48,57,whoscored
1913973,52,away,4231,344644,57,58,whoscored
1913973,52,away,4231,344644,58,67,whoscored
1913973,52,away,4231,344644,67,88,whoscored
1913973,52,away,4231,344644,88,88,whoscored
1913973,52,away,4231,344644,88,97,whoscored
1913974,832,home,4231,448231,0,28,whoscored
1913974,832,home,4411,448231,28,52,whoscored
1913974,832,home,4411,448231,52,64,whoscored
1913974,832,home,4312,299752,64,88,whoscored
1913974,832,home,4312,299752,88,88,whoscored
1913974,832,home,4312,299752,88,96,whoscored
1913974,832,home,4312,299752,96,98,whoscored
1913974,62,away,343,362421,0,66,whoscored
1913974,62,away,343,362421,66,74,whoscored
1913974,62,away,343,91242,74,85,whoscored
1913974,62,away,343,91242,85,85,whoscored
1913974,62,away,343,91242,85,86,whoscored
1913974,62,away,343,91242,86,98,whoscored
1913975,832,home,442,448231,0,78,whoscored
1913975,832,home,442,448231,78,78,whoscored
1913975,832,home,442,448231,78,78,whoscored
1913975,832,home,442,448231,78,78,whoscored
1913975,832,home,442,448231,78,79,whoscored
1913975,832,home,442,388808,79,86,whoscored
1913975,832,home,442,388808,86,95,whoscored
1913975,64,away,4231,422958,0,67,whoscored
1913975,64,away,4231,422958,67,78,whoscored
1913975,64,away,4231,422958,78,79,whoscored
1913975,64,away,4231,422958,79,86,whoscored
1913975,64,away,4231,422958,86,95,whoscored
1913976,61,home,4231,135404,0,74,whoscored
1913976,61,home,4231,135404,74,75,whoscored
1913976,61,home,4231,135404,75,87,whoscored
1913976,61,home,4231,135404,87,87,whoscored
1913976,61,home,4231,135404,87,91,whoscored
1913976,61,home,4231,135404,91,93,whoscored
1913976,131,away,442,381674,0,17,whoscored
1913976,131,away,442,381674,17,75,whoscored
1913976,131,away,442,381674,75,90,whoscored
1913976,131,away,541,381674,90,93,whoscored
1913977,833,home,433,108100,0,66,whoscored
1913977,833,home,433,108100,66,79,whoscored
1913977,833,home,433,108100,79,93,whoscored
1913977,833,home,433,108100,93,93,whoscored
1913977,833,home,433,108100,93,95,whoscored
1913977,53,away,4231,56057,0,50,whoscored
1913977,53,away,4231,255182,50,62,whoscored
1913977,53,away,4231,255182,62,72,whoscored
1913977,53,away,4231,255182,72,85,whoscored
1913977,53,away,4231,255182,85,95,whoscored
1913978,839,home,442,97659,0,47,whoscored
1913978,839,home,442,97659,47,64,whoscored
1913978,839,home,442,97659,64,65,whoscored
1913978,839,home,442,362735,65,75,whoscored
1913978,839,home,442,28186,75,79,whoscored
1913978,839,home,442,28186,79,92,whoscored
1913978,64,away,4231,422959,0,67,whoscored
1913978,64,away,4231,422958,67,80,whoscored
1913978,64,away,4231,422958,80,80,whoscored
1913978,64,away,4231,422958,80,85,whoscored
1913978,64,away,4231,303629,85,92,whoscored
1913979,839,home,442,97659,0,64,whoscored
1913979,839,home,442,28186,64,74,whoscored
1913979,839,home,442,276489,74,82,whoscored
1913979,839,home,442,362735,82,97,whoscored
1913979,54,away,4231,125211,0,58,whoscored
1913979,54,away,4231,125211,58,70,whoscored
1913979,54,away,4231,125211,70,91,whoscored
1913979,54,away,4231,349494,91,97,whoscored
1913980,53,home,4231,56057,0,68,whoscored
1913980,53,home,4231,56057,68,76,whoscored
1913980,53,home,4231,56057,76,76,whoscored
1913980,53,home,4231,56057,76,77,whoscored
1913980,53,home,4231,56057,77,88,whoscored
1913980,53,home,4231,56057,88,93,whoscored
1913980,61,away,4231,135404,0,57,whoscored
1913980,61,away,4231,135404,57,76,whoscored
1913980,61,away,4231,135404,76,89,whoscored
1913980,61,away,4231,135404,89,93,whoscored
1913981,61,home,4231,298175,0,46,whoscored
1913981,61,home,4231,298175,46,65,whoscored
1913981,61,home,4231,298175,65,65,whoscored
1913981,61,home,4231,298175,65,79,whoscored
1913981,61,home,4231,298175,79,80,whoscored
1913981,61,home,4231,335790,80,97,whoscored
1913981,70,away,442,73265,0,74,whoscored
1913981,70,away,442,73265,74,74,whoscored
1913981,70,away,442,73265,74,75,whoscored
1913981,70,away,4231,73265,75,80,whoscored
1913981,70,away,4231,73265,80,80,whoscored
1913981,70,away,4231,73265,80,84,whoscored
1913981,70,away,4231,73265,84,87,whoscored
1913981,70,away,4231,73265,87,97,whoscored
1913982,63,home,442,80764,0,63,whoscored
1913982,63,home,442,80764,63,75,whoscored
1913982,63,home,442,80764,75,81,whoscored
1913982,63,home,442,80764,81,81,whoscored
1913982,63,home,442,80764,81,82,whoscored
1913982,63,home,532,80764,82,97,whoscored
1913982,832,away,442,448231,0,76,whoscored
1913982,832,away,442,135321,76,87,whoscored
1913982,832,away,442,135321,87,88,whoscored
1913982,832,away,442,135321,88,88,whoscored
1913982,832,away,442,135321,88,97,whoscored
1913983,67,home,4231,318120,0,3,whoscored
1913983,67,home,4231,318120,3,75,whoscored
1913983,67,home,4231,318120,75,75,whoscored
1913983,67,home,4231,318120,75,75,whoscored
1913983,67,home,4231,318120,75,92,whoscored
1913983,67,home,4231,318120,92,98,whoscored
1913983,51,away,4231,294006,0,66,whoscored
1913983,51,away,4231,294006,66,66,whoscored
1913983,51,away,4231,294006,66,84,whoscored
1913983,51,away,4231,294006,84,84,whoscored
1913983,51,away,4231,294006,84,94,whoscored
1913983,51,away,4231,294006,94,98,whoscored
1913984,833,home,4141,273453,0,74,whoscored
1913984,833,home,4141,273453,74,84,whoscored
1913984,833,home,4141,273453,84,84,whoscored
1913984,833,home,4141,273453,84,90,whoscored
1913984,833,home,4141,273453,90,94,whoscored
1913984,833,home,4141,273453,94,97,whoscored
1913984,68,away,4141,298839,0,64,whoscored
1913984,68,away,4141,298839,64,75,whoscored
1913984,68,away,4141,298839,75,81,whoscored
1913984,68,away,4141,298839,81,93,whoscored
1913984,68,away,4141,298839,93,97,whoscored
1913985,53,home,4231,291686,0,30,whoscored
1913985,53,home,4231,56057,30,62,whoscored
1913985,53,home,4231,56057,62,62,whoscored
1913985,53,home,4231,56057,62,62,whoscored
1913985,53,home,4231,56057,62,64,whoscored
1913985,53,home,4231,56057,64,79,whoscored
1913985,53,home,4231,56057,79,97,whoscored
1913985,819,away,4231,332990,0,49,whoscored
1913985,819,away,4231,332990,49,71,whoscored
1913985,819,away,4231,332990,71,88,whoscored
1913985,819,away,4231,332990,88,97,whoscored
1913986,70,home,4411,73265,0,61,whoscored
1913986,70,home,442,73265,61,72,whoscored
1913986,70,home,442,73265,72,72,whoscored
1913986,70,home,442,73265,72,83,whoscored
1913986,70,home,442,73265,83,94,whoscored
1913986,839,away,442,97659,0,72,whoscored
1913986,839,away,442,97659,72,75,whoscored
1913986,839,away,442,97659,75,75,whoscored
1913986,839,away,442,97659,75,84,whoscored
1913986,839,away,442,97659,84,94,whoscored
1913987,64,home,4231,422959,0,26,whoscored
1913987,64,home,4231,422959,26,75,whoscored
1913987,64,home,4231,422959,75,87,whoscored
1913987,64,home,4231,422959,87,87,whoscored
1913987,64,home,4231,422959,87,95,whoscored
1913987,52,away,4231,344644,0,50,whoscored
1913987,52,away,4231,344644,50,75,whoscored
1913987,52,away,4231,344644,75,83,whoscored
1913987,52,away,4231,344644,83,87,whoscored
1913987,52,away,4231,337782,87,95,whoscored
1913988,2783,home,4231,444239,0,62,whoscored
1913988,2783,home,4231,24400,62,71,whoscored
1913988,2783,home,4231,24400,71,76,whoscored
1913988,2783,home,4231,24400,76,98,whoscored
1913988,61,away,433,135404,0,52,whoscored
1913988,61,away,433,135404,52,68,whoscored
1913988,61,away,433,135404,68,68,whoscored
1913988,61,away,433,135404,68,79,whoscored
1913988,61,away,433,135404,79,79,whoscored
1913988,61,away,433,135404,79,98,whoscored
1913989,2783,home,4411,444239,0,64,whoscored
1913989,2783,home,4411,444239,64,72,whoscored
1913989,2783,home,4411,24400,72,86,whoscored
1913989,2783,home,4411,24400,86,86,whoscored
1913989,2783,home,4411,24400,86,91,whoscored
1913989,2783,home,541,24400,91,95,whoscored
1913989,60,away,442,409467,0,47,whoscored
1913989,60,away,442,409467,47,82,whoscored
1913989,60,away,442,409467,82,89,whoscored
1913989,60,away,3412,409467,89,95,whoscored
1913990,68,home,4231,298839,0,32,whoscored
1913990,68,home,4231,298839,32,74,whoscored
1913990,68,home,4231,298839,74,91,whoscored
1913990,68,home,4231,298839,91,94,whoscored
1913990,67,away,4231,77417,0,57,whoscored
1913990,67,away,4231,77417,57,57,whoscored
1913990,67,away,4231,77417,57,58,whoscored
1913990,67,away,4231,77417,58,71,whoscored
1913990,67,away,4231,77417,71,84,whoscored
1913990,67,away,433,77417,84,94,whoscored
1913991,62,home,343,378626,0,53,whoscored
1913991,62,home,343,378626,53,65,whoscored
1913991,62,home,343,378626,65,77,whoscored
1913991,62,home,343,378626,77,85,whoscored
1913991,62,home,343,378626,85,97,whoscored
1913991,65,away,433,384711,0,93,whoscored
1913991,65,away,433,384711,93,93,whoscored
1913991,65,away,433,384711,93,95,whoscored
1913991,65,away,433,384711,95,104,whoscored
1913991,65,away,433,384711,104,97,whoscored
1913992,55,home,442,119817,0,48,whoscored
1913992,55,home,442,119817,48,62,whoscored
1913992,55,home,442,119817,62,63,whoscored
1913992,55,home,442,119817,63,85,whoscored
1913992,55,home,442,427831,85,95,whoscored
1913992,839,away,442,97659,0,70,whoscored
1913992,839,away,442,97659,70,70,whoscored
1913992,839,away,442,97659,70,81,whoscored
1913992,839,away,442,97659,81,81,whoscored
1913992,839,away,442,97659,81,82,whoscored
1913992,839,away,442,28186,82,90,whoscored
1913992,839,away,442,28186,90,95,whoscored
1913993,55,home,4231,119817,0,69,whoscored
1913993,55,home,4231,119817,69,69,whoscored
1913993,55,home,4231,119817,69,73,whoscored
1913993,55,home,4231,119817,73,78,whoscored
1913993,55,home,4231,119817,78,78,whoscored
1913993,55,home,4231,119817,78,78,whoscored
1913993,55,home,4231,119817,78,94,whoscored
1913993,54,away,4231,83686,0,77,whoscored
1913993,54,away,4231,83686,77,78,whoscored
1913993,54,away,4231,83686,78,93,whoscored
1913993,54,away,4231,83686,93,94,whoscored
1913994,64,home,433,422958,0,63,whoscored
1913994,64,home,433,422958,63,85,whoscored
1913994,64,home,433,422959,85,95,whoscored
1913994,64,home,433,422959,95,95,whoscored
1913994,60,away,442,409467,0,48,whoscored
1913994,60,away,442,409467,48,59,whoscored
1913994,60,away,442,409467,59,59,whoscored
1913994,60,away,442,409467,59,72,whoscored
1913994,60,away,442,409467,72,86,whoscored
1913994,60,away,442,344120,86,95,whoscored
1913995,51,home,4231,294006,0,67,whoscored
1913995,51,home,4231,294006,67,85,whoscored
1913995,51,home,4231,294006,85,86,whoscored
1913995,51,home,4231,294006,86,92,whoscored
1913995,51,home,4231,294006,92,94,whoscored
1913995,819,away,442,243262,0,50,whoscored
1913995,819,away,442,243262,50,71,whoscored
1913995,819,away,442,243262,71,79,whoscored
1913995,819,away,442,243262,79,79,whoscored
1913995,819,away,442,243262,79,80,whoscored
1913995,819,away,442,243262,80,94,whoscored
1913995,819,away,442,243262,94,94,whoscored
1913996,54,home,4231,83686,0,49,whoscored
1913996,54,home,4231,83686,49,72,whoscored
1913996,54,home,4231,83686,72,72,whoscored
1913996,54,home,4231,83686,72,79,whoscored
1913996,54,home,4231,83686,79,79,whoscored
1913996,54,home,4231,83686,79,94,whoscored
1913996,63,away,433,80764,0,58,whoscored
1913996,63,away,433,80764,58,63,whoscored
1913996,63,away,4411,80764,63,68,whoscored
1913996,63,away,532,80764,68,85,whoscored
1913996,63,away,532,76662,85,88,whoscored
1913996,63,away,532,76662,88,94,whoscored
1913997,67,home,4231,318120,0,66,whoscored
1913997,67,home,4231,318120,66,77,whoscored
1913997,67,home,4231,318120,77,87,whoscored
1913997,67,home,4231,318120,87,87,whoscored
1913997,67,home,4231,318120,87,88,whoscored
1913997,67,home,4231,318120,88,99,whoscored
1913997,131,away,4231,336251,0,55,whoscored
1913997,131,away,4231,336251,55,56,whoscored
1913997,131,away,4231,101238,56,71,whoscored
1913997,131,away,4231,101238,71,82,whoscored
1913997,131,away,4231,101238,82,99,whoscored
1913998,52,home,4141,344644,0,72,whoscored
1913998,52,home,4141,344644,72,78,whoscored
1913998,52,home,4141,106883,78,96,whoscored
1913998,52,home,4141,106883,96,97,whoscored
1913998,52,home,4141,106883,97,100,whoscored
1913998,65,away,4231,279423,0,80,whoscored
1913998,65,away,4231,384711,80,89,whoscored
1913998,65,away,4231,384711,89,100,whoscored
1913999,60,home,442,409467,0,63,whoscored
1913999,60,home,442,409467,63,64,whoscored
1913999,60,home,442,409467,64,83,whoscored
1913999,60,home,442,409467,83,83,whoscored
1913999,60,home,442,409467,83,92,whoscored
1913999,60,home,442,409467,92,95,whoscored
1913999,62,away,343,91242,0,68,whoscored
1913999,62,away,343,91242,68,75,whoscored
1913999,62,away,343,91242,75,75,whoscored
1913999,62,away,343,91242,75,75,whoscored
1913999,62,away,343,91242,75,85,whoscored
1913999,62,away,343,91242,85,95,whoscored
1914000,131,home,343,381674,0,76,whoscored
1914000,131,home,343,381674,76,86,whoscored
1914000,131,home,343,381674,86,86,whoscored
1914000,131,home,343,381674,86,93,whoscored
1914000,131,home,343,381674,93,93,whoscored
1914000,131,home,343,381674,93,97,whoscored
1914000,62,away,343,259042,0,65,whoscored
1914000,62,away,343,259042,65,79,whoscored
1914000,62,away,343,259042,79,85,whoscored
1914000,62,away,343,91242,85,97,whoscored
1914001,54,home,4231,83686,0,47,whoscored
1914001,54,home,4231,83686,47,61,whoscored
1914001,54,home,4231,83686,61,77,whoscored
1914001,54,home,4231,83686,77,95,whoscored
1914001,2783,away,4141,444239,0,47,whoscored
1914001,2783,away,4411,444239,47,67,whoscored
1914001,2783,away,4411,444239,67,83,whoscored
1914001,2783,away,442,24400,83,95,whoscored
1914002,70,home,4231,73265,0,47,whoscored
1914002,70,home,4231,73265,47,66,whoscored
1914002,70,home,4231,73265,66,76,whoscored
1914002,70,home,4231,73265,76,76,whoscored
1914002,70,home,4231,73265,76,83,whoscored
1914002,70,home,4411,73265,83,95,whoscored
1914002,833,away,4141,108100,0,57,whoscored
1914002,833,away,4141,108100,57,57,whoscored
1914002,833,away,4141,108100,57,71,whoscored
1914002,833,away,4141,108100,71,71,whoscored
1914002,833,away,4141,108100,71,80,whoscored
1914002,833,away,4141,108100,80,95,whoscored
1914003,833,home,532,381643,0,66,whoscored
1914003,833,home,532,381643,66,66,whoscored
1914003,833,home,532,381643,66,79,whoscored
1914003,833,home,532,381643,79,83,whoscored
1914003,833,home,532,381643,83,98,whoscored
1914003,52,away,3412,73798,0,57,whoscored
1914003,52,away,4231,344644,57,64,whoscored
1914003,52,away,4231,344644,64,88,whoscored
1914003,52,away,4231,344644,88,90,whoscored
1914003,52,away,4231,344644,90,98,whoscored
1914004,51,home,4231,294006,0,65,whoscored
1914004,51,home,4231,294006,65,77,whoscored
1914004,51,home,4231,294006,77,87,whoscored
1914004,51,home,4231,294006,87,95,whoscored
1914004,832,away,442,388808,0,62,whoscored
1914004,832,away,442,388808,62,77,whoscored
1914004,832,away,442,388808,77,92,whoscored
1914004,832,away,442,135321,92,95,whoscored
1914005,70,home,442,73265,0,65,whoscored
1914005,70,home,442,73265,65,77,whoscored
1914005,70,home,442,73265,77,91,whoscored
1914005,70,home,4231,73265,91,98,whoscored
1914005,67,away,4231,318120,0,33,whoscored
1914005,67,away,4231,318120,33,57,whoscored
1914005,67,away,4231,318120,57,74,whoscored
1914005,67,away,4231,318120,74,74,whoscored
1914005,67,away,4231,318120,74,74,whoscored
1914005,67,away,4231,318120,74,98,whoscored
1914006,131,home,343,381674,0,62,whoscored
1914006,131,home,4231,381674,62,72,whoscored
1914006,131,home,4231,381674,72,79,whoscored
1914006,131,home,4231,381674,79,79,whoscored
1914006,131,home,4231,381674,79,79,whoscored
1914006,131,home,4231,381674,79,96,whoscored
1914006,68,away,442,298839,0,61,whoscored
1914006,68,away,442,298839,61,61,whoscored
1914006,68,away,442,298839,61,76,whoscored
1914006,68,away,442,298839,76,76,whoscored
1914006,68,away,442,298839,76,86,whoscored
1914006,68,away,343,298839,86,96,whoscored
1914007,61,home,4231,4522,0,49,whoscored
1914007,61,home,4231,4522,49,56,whoscored
1914007,61,home,4411,4522,56,64,whoscored
1914007,61,home,4411,4522,64,65,whoscored
1914007,61,home,4411,300918,65,82,whoscored
1914007,61,home,4411,300918,82,89,whoscored
1914007,61,home,4411,300918,89,97,whoscored
1914007,64,away,4231,422958,0,60,whoscored
1914007,64,away,4231,422958,60,73,whoscored
1914007,64,away,4231,422958,73,88,whoscored
1914007,64,away,4231,422958,88,89,whoscored
1914007,64,away,4231,422958,89,97,whoscored
1914008,65,home,433,29400,0,49,whoscored
1914008,65,home,433,384711,49,67,whoscored
1914008,65,home,433,384711,67,67,whoscored
1914008,65,home,433,384711,67,77,whoscored
1914008,65,home,433,384711,77,84,whoscored
1914008,65,home,433,384711,84,92,whoscored
1914008,53,away,4231,56057,0,58,whoscored
1914008,53,away,4231,56057,58,58,whoscored
1914008,53,away,4231,56057,58,58,whoscored
1914008,53,away,4231,56057,58,71,whoscored
1914008,53,away,4411,56057,71,92,whoscored
1914009,819,home,4141,332990,0,77,whoscored
1914009,819,home,4141,332990,77,77,whoscored
1914009,819,home,4141,332990,77,79,whoscored
1914009,819,home,4141,332990,79,87,whoscored
1914009,819,home,4141,332990,87,88,whoscored
1914009,819,home,442,332990,88,91,whoscored
1914009,819,home,442,332990,91,95,whoscored
1914009,63,away,4141,80764,0,13,whoscored
1914009,63,away,442,80764,13,47,whoscored
1914009,63,away,442,80764,47,60,whoscored
1914009,63,away,442,135914,60,69,whoscored
1914009,63,away,442,135914,69,70,whoscored
1914009,63,away,442,135914,70,95,whoscored
1914010,55,home,4231,119817,0,56,whoscored
1914010,55,home,4231,119817,56,75,whoscored
1914010,55,home,4231,119817,75,87,whoscored
1914010,55,home,4231,119817,87,98,whoscored
1914010,832,away,451,299752,0,72,whoscored
1914010,832,away,451,299752,72,72,whoscored
1914010,832,away,451,299752,72,72,whoscored
1914010,832,away,451,299752,72,85,whoscored
1914010,832,away,451,299752,85,86,whoscored
1914010,832,away,442,448231,86,98,whoscored
1914011,839,home,442,97659,0,65,whoscored
1914011,839,home,442,276489,65,76,whoscored
1914011,839,home,442,276489,76,82,whoscored
1914011,839,home,442,276489,82,98,whoscored
1914011,51,away,4231,294006,0,71,whoscored
1914011,51,away,4231,294006,71,76,whoscored
1914011,51,away,4231,294006,76,88,whoscored
1914011,51,away,4231,294006,88,88,whoscored
1914011,51,away,4231,294006,88,88,whoscored
1914011,51,away,4231,294006,88,98,whoscored
1914012,63,home,532,80764,0,48,whoscored
1914012,63,home,451,80764,48,65,whoscored
1914012,63,home,451,80764,65,77,whoscored
1914012,63,home,4141,76662,77,90,whoscored
1914012,63,home,541,76662,90,92,whoscored
1914012,61,away,4231,4522,0,63,whoscored
1914012,61,away,4231,4522,63,76,whoscored
1914012,61,away,4231,4522,76,77,whoscored
1914012,61,away,433,300918,77,84,whoscored
1914012,61,away,433,300918,84,92,whoscored
1914013,62,home,343,91242,0,74,whoscored
1914013,62,home,433,362421,74,83,whoscored
1914013,62,home,4231,378626,83,91,whoscored
1914013,62,home,4132,378626,91,95,whoscored
1914013,70,away,442,73265,0,64,whoscored
1914013,70,away,442,73265,64,80,whoscored
1914013,70,away,442,73265,80,94,whoscored
1914013,70,away,442,73265,94,95,whoscored
1914014,2783,home,4231,444239,0,76,whoscored
1914014,2783,home,4231,444239,76,87,whoscored
1914014,2783,home,4231,444239,87,94,whoscored
1914014,52,away,433,344644,0,50,whoscored
1914014,52,away,4222,344644,50,76,whoscored
1914014,52,away,4231,344644,76,94,whoscored
1914014,52,away,442,344644,94,94,whoscored
1914015,51,home,4231,294006,0,47,whoscored
1914015,51,home,4231,294006,47,66,whoscored
1914015,51,home,4231,294006,66,67,whoscored
1914015,51,home,4231,294006,67,82,whoscored
1914015,51,home,4231,294006,82,82,whoscored
1914015,51,home,4231,294006,82,98,whoscored
1914015,131,away,343,381674,0,47,whoscored
1914015,131,away,343,381674,47,72,whoscored
1914015,131,away,4231,381674,72,77,whoscored
1914015,131,away,4231,381674,77,84,whoscored
1914015,131,away,4231,381674,84,84,whoscored
1914015,131,away,4231,381674,84,98,whoscored
1914016,64,home,4141,422958,0,70,whoscored
1914016,64,home,4141,422958,70,84,whoscored
1914016,64,home,4141,422958,84,93,whoscored
1914016,64,home,4141,422958,93,95,whoscored
1914016,55,away,4231,119817,0,58,whoscored
1914016,55,away,4231,119817,58,75,whoscored
1914016,55,away,4231,119817,75,75,whoscored
1914016,55,away,4231,119817,75,93,whoscored
1914016,55,away,4231,119817,93,95,whoscored
1914017,68,home,4231,256864,0,61,whoscored
1914017,68,home,4231,256864,61,82,whoscored
1914017,68,home,4231,256864,82,82,whoscored
1914017,68,home,4231,256864,82,89,whoscored
1914017,68,home,4231,256864,89,90,whoscored
1914017,68,home,4231,256864,90,96,whoscored
1914017,839,away,442,97659,0,73,whoscored
1914017,839,away,442,28186,73,83,whoscored
1914017,839,away,442,28186,83,84,whoscored
1914017,839,away,442,28186,84,91,whoscored
1914017,839,away,442,28186,91,96,whoscored
1914018,65,home,4231,300447,0,49,whoscored
1914018,65,home,4231,300447,49,63,whoscored
1914018,65,home,4231,300447,63,64,whoscored
1914018,65,home,4231,402197,64,87,whoscored
1914018,65,home,4231,402197,87,95,whoscored
1914018,60,away,4141,409467,0,61,whoscored
1914018,60,away,4141,409467,61,62,whoscored
1914018,60,away,4141,409467,62,71,whoscored
1914018,60,away,4141,409467,71,83,whoscored
1914018,60,away,442,409467,83,95,whoscored
1914019,832,home,442,299752,0,49,whoscored
1914019,832,home,442,448231,49,61,whoscored
1914019,832,home,442,448231,61,76,whoscored
1914019,832,home,442,448231,76,94,whoscored
1914019,53,away,4231,291686,0,65,whoscored
1914019,53,away,4231,291686,65,84,whoscored
1914019,53,away,4231,291686,84,84,whoscored
1914019,53,away,4231,291686,84,91,whoscored
1914019,53,away,4231,291686,91,91,whoscored
1914019,53,away,4231,291686,91,94,whoscored
1914020,67,home,4231,318120,0,46,whoscored
1914020,67,home,4231,25931,46,61,whoscored
1914020,67,home,4231,25931,61,70,whoscored
1914020,67,home,4231,25931,70,79,whoscored
1914020,67,home,4231,25931,79,97,whoscored
1914020,54,away,4231,83686,0,63,whoscored
1914020,54,away,4231,83686,63,72,whoscored
1914020,54,away,4231,83686,72,89,whoscored
1914020,54,away,4231,83686,89,90,whoscored
1914020,54,away,4231,83686,90,97,whoscored
1914021,819,home,442,332990,0,29,whoscored
1914021,819,home,442,332990,29,66,whoscored
1914021,819,home,442,332990,66,81,whoscored
1914021,819,home,442,332990,81,91,whoscored
1914021,819,home,442,332990,91,96,whoscored
1914021,833,away,532,381643,0,47,whoscored
1914021,833,away,532,381643,47,62,whoscored
1914021,833,away,532,381643,62,65,whoscored
1914021,833,away,532,381643,65,72,whoscored
1914021,833,away,532,381643,72,73,whoscored
1914021,833,away,532,381643,73,96,whoscored
1914022,60,home,4141,344120,0,55,whoscored
1914022,60,home,4141,344120,55,80,whoscored
1914022,60,home,4141,362393,80,97,whoscored
1914022,60,home,4141,362393,97,93,whoscored
1914022,68,away,4141,256864,0,60,whoscored
1914022,68,away,4141,367857,60,82,whoscored
1914022,68,away,4141,367857,82,82,whoscored
1914022,68,away,4141,367857,82,91,whoscored
1914022,68,away,4141,367857,91,93,whoscored
1914023,53,home,4231,56057,0,32,whoscored
1914023,53,home,4231,56057,32,68,whoscored
1914023,53,home,4231,56057,68,68,whoscored
1914023,53,home,4231,56057,68,84,whoscored
1914023,53,home,4231,56057,84,84,whoscored
1914023,53,home,4231,56057,84,95,whoscored
1914023,63,away,4141,76662,0,48,whoscored
1914023,63,away,4141,80764,48,64,whoscored
1914023,63,away,442,80764,64,68,whoscored
1914023,63,away,442,80764,68,74,whoscored
1914023,63,away,442,80764,74,95,whoscored
1914024,833,home,352,108100,0,47,whoscored
1914024,833,home,352,108100,47,60,whoscored
1914024,833,home,352,381643,60,72,whoscored
1914024,833,home,352,381643,72,83,whoscored
1914024,833,home,352,381643,83,92,whoscored
1914024,2783,away,442,372473,0,67,whoscored
1914024,2783,away,442,372473,67,73,whoscored
1914024,2783,away,442,372473,73,84,whoscored
1914024,2783,away,442,372473,84,92,whoscored
1914025,70,home,4231,73265,0,58,whoscored
1914025,70,home,4231,73265,58,82,whoscored
1914025,70,home,4231,73265,82,82,whoscored
1914025,70,home,4231,73265,82,91,whoscored
1914025,70,home,4231,73265,91,97,whoscored
1914025,64,away,4231,422958,0,48,whoscored
1914025,64,away,4231,422958,48,54,whoscored
1914025,64,away,4231,422958,54,72,whoscored
1914025,64,away,4231,422958,72,88,whoscored
1914025,64,away,4231,422958,88,97,whoscored
1914026,54,home,4231,83686,0,52,whoscored
1914026,54,home,4231,83686,52,66,whoscored
1914026,54,home,4231,349494,66,81,whoscored
1914026,54,home,4231,349494,81,95,whoscored
1914026,54,home,4231,349494,95,96,whoscored
1914026,65,away,4231,402197,0,52,whoscored
1914026,65,away,4231,402197,52,69,whoscored
1914026,65,away,4231,402197,69,69,whoscored
1914026,65,away,4231,402197,69,74,whoscored
1914026,65,away,4231,279423,74,87,whoscored
1914026,65,away,4231,279423,87,96,whoscored
1914027,52,home,442,344644,0,23,whoscored
1914027,52,home,442,344644,23,57,whoscored
1914027,52,home,442,344644,57,67,whoscored
1914027,52,home,442,344644,67,77,whoscored
1914027,52,home,442,344644,77,94,whoscored
1914027,62,away,3421,378626,0,49,whoscored
1914027,62,away,3421,378626,49,74,whoscored
1914027,62,away,3421,378626,74,87,whoscored
1914027,62,away,3421,378626,87,91,whoscored
1914027,62,away,3421,378626,91,94,whoscored
1914028,839,home,442,28186,0,57,whoscored
1914028,839,home,442,335107,57,76,whoscored
1914028,839,home,442,335107,76,76,whoscored
1914028,839,home,442,335107,76,86,whoscored
1914028,839,home,442,335107,86,87,whoscored
1914028,839,home,442,335107,87,94,whoscored
1914028,819,away,442,332990,0,52,whoscored
1914028,819,away,442,332990,52,80,whoscored
1914028,819,away,442,332990,80,80,whoscored
1914028,819,away,442,332990,80,81,whoscored
1914028,819,away,442,332990,81,86,whoscored
1914028,819,away,442,332990,86,94,whoscored
1914029,131,home,4132,381674,0,53,whoscored
1914029,131,home,4132,381674,53,71,whoscored
1914029,131,home,4132,381674,71,71,whoscored
1914029,131,home,4132,381674,71,72,whoscored
1914029,131,home,442,381674,72,76,whoscored
1914029,131,home,541,381674,76,93,whoscored
1914029,832,away,442,448231,0,64,whoscored
1914029,832,away,442,407567,64,79,whoscored
1914029,832,away,442,135321,79,84,whoscored
1914029,832,away,442,135321,84,93,whoscored
1914030,61,home,4231,4522,0,66,whoscored
1914030,61,home,4231,4522,66,82,whoscored
1914030,61,home,4231,4522,82,82,whoscored
1914030,61,home,4231,4522,82,89,whoscored
1914030,61,home,4231,135404,89,91,whoscored
1914030,61,home,4231,135404,91,98,whoscored
1914030,51,away,4231,294006,0,46,whoscored
1914030,51,away,541,294006,46,75,whoscored
1914030,51,away,541,294006,75,80,whoscored
1914030,51,away,541,294006,80,91,whoscored
1914030,51,away,541,294006,91,91,whoscored
1914030,51,away,541,294006,91,98,whoscored
1914031,55,home,4231,119817,0,64,whoscored
1914031,55,home,4231,119817,64,69,whoscored
1914031,55,home,4231,119817,69,78,whoscored
1914031,55,home,4231,119817,78,96,whoscored
1914031,67,away,541,77417,0,82,whoscored
1914031,67,away,541,77417,82,86,whoscored
1914031,67,away,541,77417,86,87,whoscored
1914031,67,away,541,77417,87,95,whoscored
1914032,60,home,4141,409467,0,70,whoscored
1914032,60,home,442,409467,70,86,whoscored
1914032,60,home,442,409467,86,92,whoscored
1914032,60,home,442,409467,92,96,whoscored
1914032,52,away,442,344644,0,81,whoscored
1914032,52,away,4231,344644,81,86,whoscored
1914032,52,away,4231,344644,86,92,whoscored
1914032,52,away,4231,344644,92,96,whoscored
1914033,63,home,442,80764,0,49,whoscored
1914033,63,home,442,80764,49,62,whoscored
1914033,63,home,442,80764,62,62,whoscored
1914033,63,home,442,80764,62,62,whoscored
1914033,63,home,442,80764,62,63,whoscored
1914033,63,home,442,80764,63,95,whoscored
1914033,55,away,352,302889,0,58,whoscored
1914033,55,away,352,302889,58,74,whoscored
1914033,55,away,352,302889,74,75,whoscored
1914033,55,away,352,302889,75,85,whoscored
1914033,55,away,433,119817,85,95,whoscored
1914034,65,home,4231,300447,0,77,whoscored
1914034,65,home,4231,300447,77,78,whoscored
1914034,65,home,4231,300447,78,91,whoscored
1914034,65,home,4231,279423,91,92,whoscored
1914034,131,away,541,381674,0,49,whoscored
1914034,131,away,541,381674,49,67,whoscored
1914034,131,away,541,381674,67,67,whoscored
1914034,131,away,541,381674,67,68,whoscored
1914034,131,away,541,381674,68,72,whoscored
1914034,131,away,541,381674,72,92,whoscored
1914035,832,home,433,383780,0,65,whoscored
1914035,832,home,433,383780,65,74,whoscored
1914035,832,home,433,383780,74,89,whoscored
1914035,832,home,433,383780,89,95,whoscored
1914035,839,away,442,362735,0,71,whoscored
1914035,839,away,442,362735,71,79,whoscored
1914035,839,away,442,362735,79,79,whoscored
1914035,839,away,442,362735,79,88,whoscored
1914035,839,away,442,362735,88,89,whoscored
1914035,839,away,442,362735,89,95,whoscored
1914036,62,home,343,91242,0,46,whoscored
1914036,62,home,343,91242,46,61,whoscored
1914036,62,home,343,91242,61,61,whoscored
1914036,62,home,343,91242,61,76,whoscored
1914036,62,home,343,91242,76,80,whoscored
1914036,62,home,343,91242,80,97,whoscored
1914036,53,away,4231,56057,0,46,whoscored
1914036,53,away,4231,56057,46,46,whoscored
1914036,53,away,4231,56057,46,51,whoscored
1914036,53,away,4231,56057,51,76,whoscored
1914036,53,away,4231,56057,76,80,whoscored
1914036,53,away,4231,255182,80,97,whoscored
1914037,64,home,4231,422958,0,17,whoscored
1914037,64,home,4231,422958,17,71,whoscored
1914037,64,home,4231,422959,71,88,whoscored
1914037,64,home,4231,101613,88,93,whoscored
1914037,54,away,4231,349494,0,6,whoscored
1914037,54,away,4231,349494,6,64,whoscored
1914037,54,away,4231,349494,64,79,whoscored
1914037,54,away,4231,349494,79,79,whoscored
1914037,54,away,4231,349494,79,93,whoscored
1914038,51,home,4231,294006,0,73,whoscored
1914038,51,home,4231,294006,73,73,whoscored
1914038,51,home,4231,294006,73,88,whoscored
1914038,51,home,4231,294006,88,92,whoscored
1914038,51,home,4231,294006,92,94,whoscored
1914038,833,away,4141,108100,0,68,whoscored
1914038,833,away,4141,108100,68,80,whoscored
1914038,833,away,4141,108100,80,89,whoscored
1914038,833,away,4141,108100,89,89,whoscored
1914038,833,away,4141,108100,89,94,whoscored
1914039,819,home,442,332990,0,56,whoscored
1914039,819,home,442,332990,56,57,whoscored
1914039,819,home,442,332990,57,68,whoscored
1914039,819,home,442,332990,68,82,whoscored
1914039,819,home,442,332990,82,95,whoscored
1914039,70,away,442,73265,0,70,whoscored
1914039,70,away,442,73265,70,70,whoscored
1914039,70,away,442,73265,70,79,whoscored
1914039,70,away,442,73265,79,91,whoscored
1914039,70,away,442,73265,91,95,whoscored
1914040,68,home,4141,315566,0,47,whoscored
1914040,68,home,4141,315566,47,65,whoscored
1914040,68,home,4141,315566,65,65,whoscored
1914040,68,home,4141,315566,65,78,whoscored
1914040,68,home,4141,315566,78,86,whoscored
1914040,68,home,4141,315566,86,94,whoscored
1914040,2783,away,4231,444239,0,47,whoscored
1914040,2783,away,4231,444239,47,65,whoscored
1914040,2783,away,4231,444239,65,78,whoscored
1914040,2783,away,4231,444239,78,91,whoscored
1914040,2783,away,4231,444239,91,94,whoscored
1914041,67,home,532,77417,0,53,whoscored
1914041,67,home,532,77417,53,84,whoscored
1914041,67,home,532,77417,84,84,whoscored
1914041,67,home,532,77417,84,93,whoscored
1914041,67,home,532,77417,93,93,whoscored
1914041,61,away,4231,135404,0,53,whoscored
1914041,61,away,352,300918,53,68,whoscored
1914041,61,away,442,300918,68,77,whoscored
1914041,61,away,442,300918,77,87,whoscored
1914041,61,away,442,300918,87,90,whoscored
1914041,61,away,442,300918,90,93,whoscored
1914042,53,home,4231,255182,0,59,whoscored
1914042,53,home,4231,255182,59,78,whoscored
1914042,53,home,4231,255182,78,78,whoscored
1914042,53,home,4231,255182,78,81,whoscored
1914042,53,home,4231,291686,81,94,whoscored
1914042,70,away,4231,73265,0,59,whoscored
1914042,70,away,4231,73265,59,74,whoscored
1914042,70,away,442,73265,74,85,whoscored
1914042,70,away,442,73265,85,86,whoscored
1914042,70,away,442,73265,86,94,whoscored
1914043,54,home,4231,83686,0,66,whoscored
1914043,54,home,4231,83686,66,67,whoscored
1914043,54,home,4231,83686,67,75,whoscored
1914043,54,home,4231,83686,75,86,whoscored
1914043,54,home,4231,83686,86,98,whoscored
1914043,819,away,532,332990,0,58,whoscored
1914043,819,away,532,332990,58,58,whoscored
1914043,819,away,532,332990,58,58,whoscored
1914043,819,away,532,332990,58,58,whoscored
1914043,819,away,532,332990,58,98,whoscored
1914044,833,home,352,108100,0,11,whoscored
1914044,833,home,352,108100,11,83,whoscored
1914044,833,home,352,108100,83,83,whoscored
1914044,833,home,352,108100,83,83,whoscored
1914044,833,home,352,108100,83,84,whoscored
1914044,833,home,343,273453,84,92,whoscored
1914044,833,home,343,273453,92,93,whoscored
1914044,64,away,4231,422958,0,32,whoscored
1914044,64,away,4231,422958,32,63,whoscored
1914044,64,away,4231,422959,63,78,whoscored
1914044,64,away,4231,422959,78,93,whoscored
1914045,832,home,4231,388808,0,68,whoscored
1914045,832,home,4231,383780,68,75,whoscored
1914045,832,home,4231,383780,75,83,whoscored
1914045,832,home,4231,383780,83,83,whoscored
1914045,832,home,4231,383780,83,96,whoscored
1914045,68,away,4141,298839,0,71,whoscored
1914045,68,away,4141,298839,71,71,whoscored
1914045,68,away,4141,298839,71,72,whoscored
1914045,68,away,4141,298839,72,84,whoscored
1914045,68,away,4141,298839,84,92,whoscored
1914045,68,away,4141,256864,92,96,whoscored
1914046,52,home,433,337782,0,75,whoscored
1914046,52,home,433,337782,75,86,whoscored
1914046,52,home,433,73798,86,95,whoscored
1914046,67,away,532,77417,0,63,whoscored
1914046,67,away,532,77417,63,73,whoscored
1914046,67,away,532,77417,73,87,whoscored
1914046,67,away,532,77417,87,87,whoscored
1914046,67,away,532,77417,87,87,whoscored
1914046,67,away,532,77417,87,88,whoscored
1914046,67,away,532,77417,88,95,whoscored
1914047,131,home,4231,381674,0,70,whoscored
1914047,131,home,4231,381674,70,87,whoscored
1914047,131,home,4231,381674,87,90,whoscored
1914047,131,home,541,381674,90,95,whoscored
1914047,60,away,4141,409467,0,47,whoscored
1914047,60,away,4141,409467,47,47,whoscored
1914047,60,away,4141,409467,47,78,whoscored
1914047,60,away,433,409467,78,90,whoscored
1914047,60,away,433,409467,90,95,whoscored
1914048,2783,home,451,444239,0,49,whoscored
1914048,2783,home,451,444239,49,64,whoscored
1914048,2783,home,451,372473,64,74,whoscored
1914048,2783,home,451,70033,74,92,whoscored
1914048,63,away,442,80764,0,27,whoscored
1914048,63,away,442,80764,27,80,whoscored
1914048,63,away,442,80764,80,80,whoscored
1914048,63,away,442,80764,80,81,whoscored
1914048,63,away,442,80764,81,86,whoscored
1914048,63,away,3421,80764,86,92,whoscored
1914049,839,home,442,28186,0,41,whoscored
1914049,839,home,4141,28186,41,67,whoscored
1914049,839,home,4141,28186,67,77,whoscored
1914049,839,home,4141,362735,77,93,whoscored
1914049,65,away,4231,279423,0,64,whoscored
1914049,65,away,4231,279423,64,64,whoscored
1914049,65,away,4231,279423,64,65,whoscored
1914049,65,away,4231,279423,65,68,whoscored
1914049,65,away,4231,279423,68,81,whoscored
1914049,65,away,4231,279423,81,93,whoscored
1914050,61,home,4231,135404,0,72,whoscored
1914050,61,home,4231,135404,72,83,whoscored
1914050,61,home,4231,135404,83,83,whoscored
1914050,61,home,4231,135404,83,87,whoscored
1914050,61,home,4231,135404,87,95,whoscored
1914050,62,away,343,362421,0,64,whoscored
1914050,62,away,343,362421,64,64,whoscored
1914050,62,away,343,362421,64,65,whoscored
1914050,62,away,343,91242,65,77,whoscored
1914050,62,away,343,91242,77,78,whoscored
1914050,62,away,343,91242,78,84,whoscored
1914050,62,away,343,91242,84,95,whoscored
1914051,55,home,442,119817,0,73,whoscored
1914051,55,home,442,119817,73,73,whoscored
1914051,55,home,442,119817,73,77,whoscored
1914051,55,home,442,119817,77,77,whoscored
1914051,55,home,442,119817,77,88,whoscored
1914051,55,home,4231,119817,88,96,whoscored
1914051,51,away,4231,294006,0,58,whoscored
1914051,51,away,4231,294006,58,59,whoscored
1914051,51,away,4231,294006,59,67,whoscored
1914051,51,away,541,294006,67,88,whoscored
1914051,51,away,541,294006,88,96,whoscored
1914052,60,home,4141,409467,0,48,whoscored
1914052,60,home,442,409467,48,64,whoscored
1914052,60,home,442,409467,64,64,whoscored
1914052,60,home,442,409467,64,92,whoscored
1914052,60,home,4411,409467,92,96,whoscored
1914052,61,away,4231,135404,0,56,whoscored
1914052,61,away,4231,135404,56,76,whoscored
1914052,61,away,4231,135404,76,87,whoscored
1914052,61,away,4231,135404,87,87,whoscored
1914052,61,away,4231,135404,87,96,whoscored
1914053,62,home,343,259042,0,27,whoscored
1914053,62,home,343,259042,27,70,whoscored
1914053,62,home,343,84008,70,84,whoscored
1914053,62,home,343,91242,84,97,whoscored
1914053,55,away,352,302889,0,60,whoscored
1914053,55,away,352,302889,60,60,whoscored
1914053,55,away,352,302889,60,69,whoscored
1914053,55,away,343,302889,69,84,whoscored
1914053,55,away,343,302889,84,97,whoscored
1914054,833,home,352,108100,0,65,whoscored
1914054,833,home,352,108100,65,75,whoscored
1914054,833,home,352,108100,75,83,whoscored
1914054,833,home,352,108100,83,83,whoscored
1914054,833,home,352,108100,83,83,whoscored
1914054,833,home,352,108100,83,96,whoscored
1914054,839,away,442,28186,0,71,whoscored
1914054,839,away,442,28186,71,72,whoscored
1914054,839,away,442,28186,72,80,whoscored
1914054,839,away,442,97659,80,84,whoscored
1914054,839,away,442,97659,84,96,whoscored
1914055,131,home,4231,119189,0,77,whoscored
1914055,131,home,4231,336251,77,84,whoscored
1914055,131,home,4231,336251,84,87,whoscored
1914055,131,home,4231,336251,87,93,whoscored
1914055,53,away,4231,255182,0,61,whoscored
1914055,53,away,4231,255182,61,70,whoscored
1914055,53,away,4231,255182,70,91,whoscored
1914055,53,away,4231,255182,91,93,whoscored
1914056,68,home,442,298839,0,73,whoscored
1914056,68,home,442,298839,73,89,whoscored
1914056,68,home,442,298839,89,90,whoscored
1914056,68,home,442,298839,90,94,whoscored
1914056,63,away,442,80764,0,47,whoscored
1914056,63,away,442,80764,47,61,whoscored
1914056,63,away,442,80764,61,73,whoscored
1914056,63,away,442,76662,73,94,whoscored
1914057,70,home,4231,73265,0,64,whoscored
1914057,70,home,4231,73265,64,79,whoscored
1914057,70,home,4231,73265,79,86,whoscored
1914057,70,home,4231,73265,86,86,whoscored
1914057,70,home,4231,73265,86,87,whoscored
1914057,70,home,4231,362423,87,94,whoscored
1914057,65,away,4231,279423,0,50,whoscored
1914057,65,away,4231,279423,50,68,whoscored
1914057,65,away,4231,279423,68,68,whoscored
1914057,65,away,4231,279423,68,68,whoscored
1914057,65,away,4231,279423,68,69,whoscored
1914057,65,away,4231,279423,69,94,whoscored
1914058,52,home,442,344644,0,79,whoscored
1914058,52,home,442,344644,79,83,whoscored
1914058,52,home,442,344644,83,90,whoscored
1914058,52,home,442,344644,90,91,whoscored
1914058,52,home,442,344644,91,93,whoscored
1914058,54,away,4231,83686,0,48,whoscored
1914058,54,away,4231,83686,48,69,whoscored
1914058,54,away,4231,83686,69,69,whoscored
1914058,54,away,4231,83686,69,90,whoscored
1914058,54,away,4231,83686,90,93,whoscored
1914059,64,home,4231,422958,0,39,whoscored
1914059,64,home,4231,422958,39,69,whoscored
1914059,64,home,4231,422958,69,83,whoscored
1914059,64,home,4231,422958,83,83,whoscored
1914059,64,home,4231,422958,83,97,whoscored
1914059,819,away,451,332990,0,60,whoscored
1914059,819,away,451,332990,60,69,whoscored
1914059,819,away,451,332990,69,84,whoscored
1914059,819,away,442,332990,84,97,whoscored
1914060,51,home,4231,294006,0,47,whoscored
1914060,51,home,4231,294006,47,65,whoscored
1914060,51,home,4231,294006,65,65,whoscored
1914060,51,home,4231,294006,65,65,whoscored
1914060,51,home,4231,294006,65,90,whoscored
1914060,51,home,4231,294006,90,95,whoscored
1914060,2783,away,4141,444239,0,71,whoscored
1914060,2783,away,541,444239,71,76,whoscored
1914060,2783,away,541,444239,76,95,whoscored
1914061,67,home,352,77417,0,48,whoscored
1914061,67,home,433,77417,48,61,whoscored
1914061,67,home,433,77417,61,95,whoscored
1914061,832,away,4231,388808,0,67,whoscored
1914061,832,away,4231,388808,67,73,whoscored
1914061,832,away,4231,388808,73,82,whoscored
1914061,832,away,4231,388808,82,82,whoscored
1914061,832,away,4231,388808,82,95,whoscored
1914062,53,home,4141,291686,0,48,whoscored
1914062,53,home,4141,291686,48,48,whoscored
1914062,53,home,4141,291686,48,71,whoscored
1914062,53,home,4231,332823,71,80,whoscored
1914062,53,home,4231,332823,80,93,whoscored
1914062,52,away,4222,344644,0,57,whoscored
1914062,52,away,4222,344644,57,71,whoscored
1914062,52,away,4222,344644,71,80,whoscored
1914062,52,away,433,344644,80,93,whoscored
1914063,819,home,451,243262,0,48,whoscored
1914063,819,home,442,243262,48,59,whoscored
1914063,819,home,442,243262,59,59,whoscored
1914063,819,home,442,243262,59,66,whoscored
1914063,819,home,442,243262,66,80,whoscored
1914063,819,home,442,243262,80,97,whoscored
1914063,68,away,442,298839,0,60,whoscored
1914063,68,away,442,298839,60,60,whoscored
1914063,68,away,442,298839,60,67,whoscored
1914063,68,away,442,298839,67,85,whoscored
1914063,68,away,442,298839,85,85,whoscored
1914063,68,away,442,298839,85,97,whoscored
1914064,2783,home,4231,444239,0,80,whoscored
1914064,2783,home,4231,444239,80,80,whoscored
1914064,2783,home,4231,444239,80,81,whoscored
1914064,2783,home,451,444239,81,89,whoscored
1914064,2783,home,451,444239,89,97,whoscored
1914064,131,away,4231,119189,0,68,whoscored
1914064,131,away,4231,119189,68,76,whoscored
1914064,131,away,442,381674,76,86,whoscored
1914064,131,away,442,336251,86,97,whoscored
1914065,839,home,442,28186,0,46,whoscored
1914065,839,home,442,97659,46,67,whoscored
1914065,839,home,442,97659,67,67,whoscored
1914065,839,home,442,97659,67,77,whoscored
1914065,839,home,442,97659,77,82,whoscored
1914065,839,home,442,97659,82,83,whoscored
1914065,839,home,442,97659,83,96,whoscored
1914065,60,away,4231,409467,0,59,whoscored
1914065,60,away,4231,409467,59,80,whoscored
1914065,60,away,4231,409467,80,80,whoscored
1914065,60,away,4231,409467,80,96,whoscored
1914066,65,home,4231,300447,0,71,whoscored
1914066,65,home,4231,300447,71,72,whoscored
1914066,65,home,4231,300447,72,78,whoscored
1914066,65,home,4231,300447,78,78,whoscored
1914066,65,home,4231,300447,78,79,whoscored
1914066,65,home,4231,368091,79,93,whoscored
1914066,65,home,4231,368091,93,97,whoscored
1914066,63,away,4231,76662,0,13,whoscored
1914066,63,away,4231,80764,13,51,whoscored
1914066,63,away,4231,80764,51,67,whoscored
1914066,63,away,4231,80764,67,68,whoscored
1914066,63,away,4231,80764,68,80,whoscored
1914066,63,away,4231,76662,80,97,whoscored
1914067,61,home,4231,135404,0,58,whoscored
1914067,61,home,4231,135404,58,77,whoscored
1914067,61,home,4231,135404,77,77,whoscored
1914067,61,home,4231,135404,77,86,whoscored
1914067,61,home,4231,135404,86,87,whoscored
1914067,61,home,4231,135404,87,96,whoscored
1914067,54,away,433,83686,0,30,whoscored
1914067,54,away,433,83686,30,62,whoscored
1914067,54,away,433,83686,62,65,whoscored
1914067,54,away,4231,83686,65,75,whoscored
1914067,54,away,4231,83686,75,81,whoscored
1914067,54,away,4231,83686,81,81,whoscored
1914067,54,away,4231,83686,81,96,whoscored
1914068,67,home,3421,77417,0,46,whoscored
1914068,67,home,343,77417,46,58,whoscored
1914068,67,home,343,77417,58,59,whoscored
1914068,67,home,343,77417,59,67,whoscored
1914068,67,home,343,77417,67,82,whoscored
1914068,67,home,343,77417,82,83,whoscored
1914068,67,home,343,77417,83,94,whoscored
1914068,62,away,442,91242,0,58,whoscored
1914068,62,away,442,378626,58,67,whoscored
1914068,62,away,442,378626,67,91,whoscored
1914068,62,away,442,378626,91,94,whoscored
1914069,55,home,4231,119817,0,16,whoscored
1914069,55,home,4231,119817,16,69,whoscored
1914069,55,home,4231,119817,69,81,whoscored
1914069,55,home,4231,119817,81,81,whoscored
1914069,55,home,4231,119817,81,98,whoscored
1914069,833,away,4141,108100,0,64,whoscored
1914069,833,away,4141,108100,64,64,whoscored
1914069,833,away,4141,108100,64,66,whoscored
1914069,833,away,4141,108100,66,78,whoscored
1914069,833,away,4141,108100,78,78,whoscored
1914069,833,away,4141,108100,78,87,whoscored
1914069,833,away,4141,422916,87,98,whoscored
1914070,832,home,4231,388808,0,66,whoscored
1914070,832,home,4231,388808,66,80,whoscored
1914070,832,home,4231,388808,80,80,whoscored
1914070,832,home,4231,388808,80,89,whoscored
1914070,832,home,4231,388808,89,97,whoscored
1914070,70,away,442,73265,0,31,whoscored
1914070,70,away,442,73265,31,62,whoscored
1914070,70,away,442,73265,62,70,whoscored
1914070,70,away,442,73265,70,70,whoscored
1914070,70,away,442,73265,70,74,whoscored
1914070,70,away,442,73265,74,97,whoscored
1914071,64,home,4231,422958,0,37,whoscored
1914071,64,home,4231,422958,37,77,whoscored
1914071,64,home,4231,422958,77,87,whoscored
1914071,64,home,4231,422958,87,89,whoscored
1914071,64,home,4411,422959,89,96,whoscored
1914071,51,away,442,142387,0,67,whoscored
1914071,51,away,442,142387,67,78,whoscored
1914071,51,away,442,142387,78,89,whoscored
1914071,51,away,3421,142387,89,96,whoscored
1914072,54,home,4231,83686,0,48,whoscored
1914072,54,home,4231,83686,48,69,whoscored
1914072,54,home,4231,83686,69,93,whoscored
1914072,54,home,4231,83686,93,93,whoscored
1914072,54,home,4231,83686,93,96,whoscored
1914072,55,away,442,119817,0,73,whoscored
1914072,55,away,442,119817,73,74,whoscored
1914072,55,away,4231,119817,74,79,whoscored
1914072,55,away,4231,119817,79,82,whoscored
1914072,55,away,4231,119817,82,83,whoscored
1914072,55,away,4231,119817,83,96,whoscored
1914073,63,home,442,76662,0,64,whoscored
1914073,63,home,442,80764,64,80,whoscored
1914073,63,home,3412,80764,80,88,whoscored
1914073,63,home,3412,80764,88,95,whoscored
1914073,60,away,4141,409467,0,56,whoscored
1914073,60,away,4141,409467,56,57,whoscored
1914073,60,away,4141,344120,57,71,whoscored
1914073,60,away,4141,344120,71,83,whoscored
1914073,60,away,442,344120,83,95,whoscored
1914074,51,home,4231,142387,0,60,whoscored
1914074,51,home,4231,142387,60,73,whoscored
1914074,51,home,4231,142387,73,88,whoscored
1914074,51,home,4231,142387,88,89,whoscored
1914074,51,home,451,142387,89,96,whoscored
1914074,51,home,451,142387,96,97,whoscored
1914074,51,home,451,142387,97,97,whoscored
1914074,67,away,532,286080,0,65,whoscored
1914074,67,away,4231,286080,65,84,whoscored
1914074,67,away,4231,286080,84,97,whoscored
1914075,51,home,442,142387,0,81,whoscored
1914075,51,home,442,142387,81,91,whoscored
1914075,51,home,442,142387,91,91,whoscored
1914075,51,home,442,142387,91,101,whoscored
1914075,51,home,442,142387,101,101,whoscored
1914075,53,away,4231,56057,0,67,whoscored
1914075,53,away,4231,255182,67,80,whoscored
1914075,53,away,4231,255182,80,84,whoscored
1914075,53,away,4231,255182,84,84,whoscored
1914075,53,away,4231,255182,84,85,whoscored
1914075,53,away,4231,255182,85,101,whoscored
1914076,131,home,4231,119189,0,51,whoscored
1914076,131,home,4231,119189,51,61,whoscored
1914076,131,home,4231,119189,61,67,whoscored
1914076,131,home,4231,119189,67,81,whoscored
1914076,131,home,4231,119189,81,81,whoscored
1914076,131,home,4231,119189,81,95,whoscored
1914076,839,away,442,97659,0,51,whoscored
1914076,839,away,442,97659,51,80,whoscored
1914076,839,away,442,97659,80,88,whoscored
1914076,839,away,442,362735,88,95,whoscored
1914077,68,home,442,298839,0,65,whoscored
1914077,68,home,532,298839,65,76,whoscored
1914077,68,home,541,298839,76,89,whoscored
1914077,68,home,541,298839,89,99,whoscored
1914077,65,away,433,279423,0,69,whoscored
1914077,65,away,433,279423,69,69,whoscored
1914077,65,away,433,279423,69,70,whoscored
1914077,65,away,433,279423,70,92,whoscored
1914077,65,away,433,279423,92,92,whoscored
1914077,65,away,433,279423,92,93,whoscored
1914077,65,away,433,279423,93,99,whoscored
1914078,70,home,442,73265,0,61,whoscored
1914078,70,home,442,73265,61,83,whoscored
1914078,70,home,442,73265,83,88,whoscored
1914078,70,home,442,73265,88,88,whoscored
1914078,70,home,442,73265,88,96,whoscored
1914078,60,away,442,409467,0,50,whoscored
1914078,60,away,442,409467,50,65,whoscored
1914078,60,away,442,344120,65,78,whoscored
1914078,60,away,4231,344120,78,96,whoscored
1914079,52,home,433,344644,0,48,whoscored
1914079,52,home,433,344644,48,48,whoscored
1914079,52,home,433,344644,48,63,whoscored
1914079,52,home,433,344644,63,92,whoscored
1914079,52,home,433,344644,92,94,whoscored
1914079,832,away,4231,388808,0,68,whoscored
1914079,832,away,541,388808,68,85,whoscored
1914079,832,away,541,388808,85,94,whoscored
1914080,67,home,3412,77417,0,49,whoscored
1914080,67,home,532,77417,49,60,whoscored
1914080,67,home,532,77417,60,76,whoscored
1914080,67,home,3412,395187,76,84,whoscored
1914080,67,home,3412,395187,84,84,whoscored
1914080,67,home,3412,395187,84,96,whoscored
1914080,53,away,4231,56057,0,60,whoscored
1914080,53,away,4231,56057,60,75,whoscored
1914080,53,away,4231,56057,75,80,whoscored
1914080,53,away,4231,56057,80,96,whoscored
1914081,832,home,4231,388808,0,28,whoscored
1914081,832,home,4231,388808,28,63,whoscored
1914081,832,home,4231,388808,63,79,whoscored
1914081,832,home,4231,388808,79,93,whoscored
1914081,832,home,4231,388808,93,93,whoscored
1914081,63,away,442,76662,0,26,whoscored
1914081,63,away,442,76662,26,50,whoscored
1914081,63,away,442,76662,50,54,whoscored
1914081,63,away,442,76662,54,62,whoscored
1914081,63,away,442,76662,62,63,whoscored
1914081,63,away,442,80764,63,77,whoscored
1914081,63,away,442,80764,77,93,whoscored
1914082,60,home,442,409467,0,75,whoscored
1914082,60,home,442,409467,75,86,whoscored
1914082,60,home,4411,409467,86,95,whoscored
1914082,60,home,4411,409467,95,95,whoscored
1914082,60,home,4411,409467,95,96,whoscored
1914082,54,away,4231,83686,0,63,whoscored
1914082,54,away,4231,83686,63,79,whoscored
1914082,54,away,4231,83686,79,96,whoscored
1914083,833,home,3412,423282,0,59,whoscored
1914083,833,home,3412,423282,59,63,whoscored
1914083,833,home,3412,423282,63,63,whoscored
1914083,833,home,3412,423282,63,77,whoscored
1914083,833,home,3412,423282,77,78,whoscored
1914083,833,home,3412,423282,78,95,whoscored
1914083,65,away,433,279423,0,49,whoscored
1914083,65,away,433,279423,49,65,whoscored
1914083,65,away,433,279423,65,65,whoscored
1914083,65,away,433,279423,65,87,whoscored
1914083,65,away,433,279423,87,87,whoscored
1914083,65,away,433,279423,87,88,whoscored
1914083,65,away,433,279423,88,95,whoscored
1914084,63,home,442,76662,0,60,whoscored
1914084,63,home,442,76662,60,73,whoscored
1914084,63,home,442,76662,73,74,whoscored
1914084,63,home,4231,76662,74,80,whoscored
1914084,63,home,4141,80764,80,93,whoscored
1914084,51,away,442,142387,0,64,whoscored
1914084,51,away,442,142387,64,75,whoscored
1914084,51,away,442,142387,75,89,whoscored
1914084,51,away,442,142387,89,93,whoscored
1914085,819,home,532,332990,0,70,whoscored
1914085,819,home,532,332990,70,79,whoscored
1914085,819,home,532,332990,79,92,whoscored
1914085,819,home,541,332990,92,94,whoscored
1914085,62,away,3421,378626,0,70,whoscored
1914085,62,away,3421,378626,70,70,whoscored
1914085,62,away,3421,378626,70,78,whoscored
1914085,62,away,3421,378626,78,79,whoscored
1914085,62,away,3421,378626,79,83,whoscored
1914085,62,away,3421,91242,83,94,whoscored
1914086,65,home,4231,279423,0,48,whoscored
1914086,65,home,4231,279423,48,62,whoscored
1914086,65,home,4231,279423,62,62,whoscored
1914086,65,home,4231,279423,62,77,whoscored
1914086,65,home,4231,279423,77,81,whoscored
1914086,65,home,4231,279423,81,93,whoscored
1914086,61,away,4231,135404,0,68,whoscored
1914086,61,away,4231,135404,68,68,whoscored
1914086,61,away,4231,135404,68,84,whoscored
1914086,61,away,4231,135404,84,93,whoscored
1914087,67,home,532,77417,0,47,whoscored
1914087,67,home,442,77417,47,64,whoscored
1914087,67,home,442,77417,64,75,whoscored
1914087,67,home,442,77417,75,97,whoscored
1914087,2783,away,4231,444239,0,47,whoscored
1914087,2783,away,4231,444239,47,57,whoscored
1914087,2783,away,4231,444239,57,74,whoscored
1914087,2783,away,4231,444239,74,75,whoscored
1914087,2783,away,541,444239,75,97,whoscored
1914088,68,home,442,298839,0,50,whoscored
1914088,68,home,442,298839,46,74,whoscored
1914088,68,home,532,298839,50,46,whoscored
1914088,68,home,442,298839,74,86,whoscored
1914088,68,home,442,298839,86,90,whoscored
1914088,68,home,532,541871,90,96,whoscored
1914088,62,away,343,378626,0,23,whoscored
1914088,62,away,343,378626,23,50,whoscored
1914088,62,away,343,378626,50,60,whoscored
1914088,62,away,4231,91242,60,80,whoscored
1914088,62,away,442,91242,80,96,whoscored
1914089,55,home,442,119817,0,72,whoscored
1914089,55,home,442,119817,72,72,whoscored
1914089,55,home,442,119817,72,81,whoscored
1914089,55,home,442,119817,81,82,whoscored
1914089,55,home,442,119817,82,82,whoscored
1914089,55,home,442,119817,82,94,whoscored
1914089,52,away,442,344644,0,76,whoscored
1914089,52,away,442,344644,76,77,whoscored
1914089,52,away,442,344644,77,82,whoscored
1914089,52,away,4231,344644,82,92,whoscored
1914089,52,away,4141,344644,92,94,whoscored
1914090,61,home,4231,135404,0,66,whoscored
1914090,61,home,4231,135404,66,67,whoscored
1914090,61,home,4231,135404,67,72,whoscored
1914090,61,home,4231,135404,72,72,whoscored
1914090,61,home,4231,135404,72,89,whoscored
1914090,61,home,4231,135404,89,93,whoscored
1914090,2783,away,433,444239,0,71,whoscored
1914090,2783,away,433,444239,71,71,whoscored
1914090,2783,away,433,444239,71,72,whoscored
1914090,2783,away,4231,70033,72,81,whoscored
1914090,2783,away,4222,70033,81,93,whoscored
1914091,832,home,4231,388808,0,46,whoscored
1914091,832,home,4231,388808,46,74,whoscored
1914091,832,home,4231,388808,74,74,whoscored
1914091,832,home,4231,388808,74,98,whoscored
1914091,833,away,451,381643,0,62,whoscored
1914091,833,away,451,381643,62,70,whoscored
1914091,833,away,451,381643,70,70,whoscored
1914091,833,away,451,381643,70,70,whoscored
1914091,833,away,451,381643,70,85,whoscored
1914091,833,away,451,381643,85,98,whoscored
1914092,64,home,4231,135345,0,66,whoscored
1914092,64,home,4231,135345,66,66,whoscored
1914092,64,home,4231,135345,66,70,whoscored
1914092,64,home,4231,135345,70,89,whoscored
1914092,64,home,4231,422959,89,93,whoscored
1914092,61,away,4231,300918,0,47,whoscored
1914092,61,away,4231,4522,47,62,whoscored
1914092,61,away,4231,4522,62,62,whoscored
1914092,61,away,4231,4522,62,75,whoscored
1914092,61,away,4231,4522,75,93,whoscored
1914093,55,home,442,302889,0,64,whoscored
1914093,55,home,442,302889,64,65,whoscored
1914093,55,home,442,302889,65,89,whoscored
1914093,55,home,442,302889,89,98,whoscored
1914093,70,away,442,73265,0,47,whoscored
1914093,70,away,4231,73265,47,52,whoscored
1914093,70,away,442,73265,52,71,whoscored
1914093,70,away,442,73265,71,80,whoscored
1914093,70,away,442,73265,80,80,whoscored
1914093,70,away,442,73265,80,98,whoscored
1914094,833,home,352,108100,0,80,whoscored
1914094,833,home,352,108100,80,80,whoscored
1914094,833,home,352,108100,80,85,whoscored
1914094,833,home,352,108100,85,95,whoscored
1914094,131,away,4231,119189,0,46,whoscored
1914094,131,away,4231,119189,46,66,whoscored
1914094,131,away,4231,119189,66,67,whoscored
1914094,131,away,4231,119189,67,67,whoscored
1914094,131,away,4231,119189,67,74,whoscored
1914094,131,away,4231,119189,74,86,whoscored
1914094,131,away,4231,381673,86,95,whoscored
1914095,2783,home,4231,372473,0,63,whoscored
1914095,2783,home,4231,372473,63,71,whoscored
1914095,2783,home,4231,372473,71,82,whoscored
1914095,2783,home,3421,231125,82,96,whoscored
1914095,819,away,532,332990,0,86,whoscored
1914095,819,away,541,332990,86,96,whoscored
1914096,819,home,532,332990,0,83,whoscored
1914096,819,home,532,332990,83,84,whoscored
1914096,819,home,541,303016,84,89,whoscored
1914096,819,home,541,303016,89,95,whoscored
1914096,819,home,541,303016,95,97,whoscored
1914096,839,away,442,28186,0,49,whoscored
1914096,839,away,442,28186,49,68,whoscored
1914096,839,away,442,276489,68,81,whoscored
1914096,839,away,442,276489,81,97,whoscored
1914097,64,home,4231,422958,0,48,whoscored
1914097,64,home,4231,422958,48,48,whoscored
1914097,64,home,4231,422958,48,74,whoscored
1914097,64,home,4231,422958,74,92,whoscored
1914097,64,home,442,422958,92,99,whoscored
1914097,131,away,4231,119189,0,69,whoscored
1914097,131,away,4231,119189,69,83,whoscored
1914097,131,away,4231,119189,83,96,whoscored
1914097,131,away,4231,119189,96,99,whoscored
1914098,832,home,4231,388808,0,69,whoscored
1914098,832,home,4231,388808,69,69,whoscored
1914098,832,home,4231,388808,69,69,whoscored
1914098,832,home,4231,388808,69,78,whoscored
1914098,832,home,4231,388808,78,78,whoscored
1914098,832,home,4231,388808,78,98,whoscored
1914098,55,away,442,119817,0,58,whoscored
1914098,55,away,442,119817,58,58,whoscored
1914098,55,away,442,119817,58,58,whoscored
1914098,55,away,442,119817,58,88,whoscored
1914098,55,away,541,119817,88,98,whoscored
1914099,839,home,442,97659,0,23,whoscored
1914099,839,home,442,97659,23,72,whoscored
1914099,839,home,442,28186,72,79,whoscored
1914099,839,home,442,276489,79,94,whoscored
1914099,52,away,433,344644,0,76,whoscored
1914099,52,away,433,344644,76,82,whoscored
1914099,52,away,433,344644,82,94,whoscored
1914100,52,home,442,344644,0,64,whoscored
1914100,52,home,442,106883,64,77,whoscored
1914100,52,home,442,106883,77,83,whoscored
1914100,52,home,442,106883,83,92,whoscored
1914100,68,away,4231,298839,0,50,whoscored
1914100,68,away,4231,298839,50,64,whoscored
1914100,68,away,4231,298839,64,64,whoscored
1914100,68,away,4231,298839,64,77,whoscored
1914100,68,away,4231,298839,77,92,whoscored
1914101,67,home,352,77417,0,15,whoscored
1914101,67,home,4312,77417,15,50,whoscored
1914101,67,home,532,77417,50,59,whoscored
1914101,67,home,532,77417,59,65,whoscored
1914101,67,home,532,77417,65,74,whoscored
1914101,67,home,433,77417,74,85,whoscored
1914101,67,home,433,77417,85,102,whoscored
1914101,60,away,442,409467,0,50,whoscored
1914101,60,away,442,344120,50,88,whoscored
1914101,60,away,442,344120,88,102,whoscored
1914102,61,home,4231,298175,0,58,whoscored
1914102,61,home,4231,298175,58,66,whoscored
1914102,61,home,4231,298175,66,82,whoscored
1914102,61,home,442,4522,82,96,whoscored
1914102,53,away,4231,255182,0,47,whoscored
1914102,53,away,4231,255182,47,62,whoscored
1914102,53,away,4231,255182,62,67,whoscored
1914102,53,away,4231,255182,67,67,whoscored
1914102,53,away,4231,255182,67,91,whoscored
1914102,53,away,4231,255182,91,96,whoscored
1914103,64,home,4141,422958,0,67,whoscored
1914103,64,home,4141,422958,67,77,whoscored
1914103,64,home,4141,422958,77,79,whoscored
1914103,64,home,4141,422958,79,86,whoscored
1914103,64,home,4141,422958,86,94,whoscored
1914103,63,away,4141,76662,0,35,whoscored
1914103,63,away,4141,76662,35,49,whoscored
1914103,63,away,4231,76662,49,59,whoscored
1914103,63,away,4231,76662,59,59,whoscored
1914103,63,away,4231,76662,59,60,whoscored
1914103,63,away,352,76662,60,66,whoscored
1914103,63,away,352,76662,66,67,whoscored
1914103,63,away,352,76662,67,68,whoscored
1914103,63,away,442,76662,68,94,whoscored
1914104,53,home,4231,56057,0,49,whoscored
1914104,53,home,4231,56057,49,65,whoscored
1914104,53,home,4231,56057,65,75,whoscored
1914104,53,home,4231,56057,75,75,whoscored
1914104,53,home,4231,56057,75,82,whoscored
1914104,53,home,4231,56057,82,95,whoscored
1914104,68,away,442,298839,0,66,whoscored
1914104,68,away,442,298839,66,66,whoscored
1914104,68,away,442,298839,66,80,whoscored
1914104,68,away,442,315566,80,88,whoscored
1914104,68,away,442,315566,88,95,whoscored
1914105,2783,home,4231,444239,0,70,whoscored
1914105,2783,home,4231,444239,70,75,whoscored
1914105,2783,home,4231,444239,75,94,whoscored
1914105,2783,home,541,444239,94,100,whoscored
1914105,65,away,433,279423,0,65,whoscored
1914105,65,away,433,279423,65,65,whoscored
1914105,65,away,433,279423,65,75,whoscored
1914105,65,away,433,384711,75,82,whoscored
1914105,65,away,433,384711,82,100,whoscored
1914106,51,home,4231,142387,0,49,whoscored
1914106,51,home,4231,142387,49,49,whoscored
1914106,51,home,4231,142387,49,81,whoscored
1914106,51,home,4231,142387,81,81,whoscored
1914106,51,home,4231,142387,81,85,whoscored
1914106,51,home,4231,142387,85,94,whoscored
1914106,54,away,433,349494,0,49,whoscored
1914106,54,away,433,83686,49,70,whoscored
1914106,54,away,433,83686,70,92,whoscored
1914106,54,away,433,83686,92,94,whoscored
1914107,70,home,4231,73265,0,59,whoscored
1914107,70,home,4231,73265,59,75,whoscored
1914107,70,home,4231,73265,75,86,whoscored
1914107,70,home,4321,73265,86,98,whoscored
1914107,62,away,343,378626,0,73,whoscored
1914107,62,away,343,378626,73,90,whoscored
1914107,62,away,343,378626,90,91,whoscored
1914107,62,away,343,378626,91,98,whoscored
1914108,60,home,442,409467,0,80,whoscored
1914108,60,home,442,409467,80,80,whoscored
1914108,60,home,442,409467,80,92,whoscored
1914108,60,home,442,344120,92,99,whoscored
1914108,2783,away,451,444239,0,5,whoscored
1914108,2783,away,4231,444239,5,65,whoscored
1914108,2783,away,4231,444239,65,72,whoscored
1914108,2783,away,4231,444239,72,88,whoscored
1914108,2783,away,4231,444239,88,88,whoscored
1914108,2783,away,4231,444239,88,89,whoscored
1914108,2783,away,532,24400,89,95,whoscored
1914108,2783,away,433,24400,95,99,whoscored
1914109,53,home,4231,255182,0,73,whoscored
1914109,53,home,4231,255182,73,73,whoscored
1914109,53,home,4231,255182,73,78,whoscored
1914109,53,home,4231,255182,78,83,whoscored
1914109,53,home,4231,255182,83,83,whoscored
1914109,53,home,4231,255182,83,97,whoscored
1914109,833,away,3142,108100,0,78,whoscored
1914109,833,away,3142,108100,78,78,whoscored
1914109,833,away,3142,108100,78,78,whoscored
1914109,833,away,3142,108100,78,84,whoscored
1914109,833,away,3142,108100,84,96,whoscored
1914109,833,away,433,108100,96,97,whoscored
1914110,70,home,4411,73265,0,64,whoscored
1914110,70,home,4411,73265,64,70,whoscored
1914110,70,home,442,73265,70,81,whoscored
1914110,70,home,442,73265,81,81,whoscored
1914110,70,home,442,73265,81,92,whoscored
1914110,61,away,4231,300918,0,58,whoscored
1914110,61,away,4231,300918,58,58,whoscored
1914110,61,away,4231,300918,58,58,whoscored
1914110,61,away,4231,300918,58,74,whoscored
1914110,61,away,4231,4522,74,92,whoscored
1914111,55,home,4231,119817,0,73,whoscored
1914111,55,home,4231,119817,73,77,whoscored
1914111,55,home,4231,119817,77,85,whoscored
1914111,55,home,4231,119817,85,102,whoscored
1914111,60,away,442,362393,0,29,whoscored
1914111,60,away,442,409467,29,71,whoscored
1914111,60,away,532,409467,71,87,whoscored
1914111,60,away,532,409467,87,102,whoscored
1914112,819,home,541,332990,0,28,whoscored
1914112,819,home,451,332990,28,53,whoscored
1914112,819,home,451,332990,53,75,whoscored
1914112,819,home,451,332990,75,84,whoscored
1914112,819,home,451,332990,84,92,whoscored
1914112,819,home,451,332990,92,93,whoscored
1914112,54,away,433,83686,0,68,whoscored
1914112,54,away,4231,83686,68,75,whoscored
1914112,54,away,4231,83686,75,82,whoscored
1914112,54,away,4231,83686,82,93,whoscored
1914113,839,home,442,362735,0,67,whoscored
1914113,839,home,442,362735,67,67,whoscored
1914113,839,home,442,362735,67,77,whoscored
1914113,839,home,442,97659,77,95,whoscored
1914113,833,away,352,422916,0,61,whoscored
1914113,833,away,352,422916,61,70,whoscored
1914113,833,away,352,422916,70,70,whoscored
1914113,833,away,352,422916,70,70,whoscored
1914113,833,away,352,422916,70,79,whoscored
1914113,833,away,352,422916,79,95,whoscored
1914114,63,home,442,76662,0,63,whoscored
1914114,63,home,442,80764,63,76,whoscored
1914114,63,home,442,80764,76,76,whoscored
1914114,63,home,442,80764,76,77,whoscored
1914114,63,home,442,80764,77,86,whoscored
1914114,63,home,442,80764,86,96,whoscored
1914114,70,away,541,73265,0,59,whoscored
1914114,70,away,4231,73265,59,72,whoscored
1914114,70,away,4231,73265,72,72,whoscored
1914114,70,away,4231,73265,72,72,whoscored
1914114,70,away,4231,73265,72,79,whoscored
1914114,70,away,4231,73265,79,96,whoscored
1914115,832,home,4231,383780,0,17,whoscored
1914115,832,home,4231,383780,17,64,whoscored
1914115,832,home,4231,383780,64,69,whoscored
1914115,832,home,4231,383780,69,69,whoscored
1914115,832,home,4231,383780,69,81,whoscored
1914115,832,home,4231,383780,81,81,whoscored
1914115,832,home,4231,383780,81,99,whoscored
1914115,2783,away,4231,444239,0,57,whoscored
1914115,2783,away,4231,444239,57,57,whoscored
1914115,2783,away,4231,444239,57,66,whoscored
1914115,2783,away,4231,444239,66,75,whoscored
1914115,2783,away,4231,444239,75,75,whoscored
1914115,2783,away,4231,444239,75,76,whoscored
1914115,2783,away,3142,70033,76,99,whoscored
1914116,131,home,4231,119189,0,58,whoscored
1914116,131,home,4132,395321,58,79,whoscored
1914116,131,home,3412,395321,79,100,whoscored
1914116,51,away,41212,294006,0,55,whoscored
1914116,51,away,41212,294006,55,55,whoscored
1914116,51,away,41212,294006,55,56,whoscored
1914116,51,away,41212,142387,56,65,whoscored
1914116,51,away,41212,142387,65,90,whoscored
1914116,51,away,41212,142387,90,90,whoscored
1914116,51,away,41212,142387,90,100,whoscored
1914117,67,home,442,77417,0,63,whoscored
1914117,67,home,442,77417,63,71,whoscored
1914117,67,home,442,77417,71,88,whoscored
1914117,67,home,442,77417,88,94,whoscored
1914117,64,away,4141,422958,0,50,whoscored
1914117,64,away,4141,422958,50,62,whoscored
1914117,64,away,4141,422958,62,71,whoscored
1914117,64,away,4141,422958,71,90,whoscored
1914117,64,away,4141,422958,90,90,whoscored
1914117,64,away,4141,422958,90,91,whoscored
1914117,64,away,4141,422958,91,94,whoscored
1914118,60,home,352,409467,0,75,whoscored
1914118,60,home,352,409467,75,80,whoscored
1914118,60,home,532,409467,80,91,whoscored
1914118,60,home,541,409467,91,100,whoscored
1914118,839,away,442,276489,0,59,whoscored
1914118,839,away,4231,276489,59,67,whoscored
1914118,839,away,4231,276489,67,83,whoscored
1914118,839,away,4231,276489,83,83,whoscored
1914118,839,away,4231,276489,83,100,whoscored
1914119,63,home,352,80764,0,68,whoscored
1914119,63,home,442,80764,68,75,whoscored
1914119,63,home,433,80764,75,99,whoscored
1914119,819,away,532,332990,0,18,whoscored
1914119,819,away,433,332990,18,48,whoscored
1914119,819,away,4231,332990,48,57,whoscored
1914119,819,away,4231,332990,57,76,whoscored
1914119,819,away,4231,332990,76,77,whoscored
1914119,819,away,4231,332990,77,85,whoscored
1914119,819,away,4411,332990,85,94,whoscored
1914119,819,away,4411,332990,94,99,whoscored
1914120,65,home,433,300447,0,49,whoscored
1914120,65,home,4231,300447,49,69,whoscored
1914120,65,home,4231,300447,69,70,whoscored
1914120,65,home,4231,300447,70,85,whoscored
1914120,65,home,433,422937,85,92,whoscored
1914120,67,away,4231,77417,0,49,whoscored
1914120,67,away,4231,77417,49,73,whoscored
1914120,67,away,4231,77417,73,81,whoscored
1914120,67,away,4231,77417,81,92,whoscored
1914121,54,home,4231,83686,0,68,whoscored
1914121,54,home,4231,83686,68,81,whoscored
1914121,54,home,4231,83686,81,88,whoscored
1914121,54,home,4231,83686,88,96,whoscored
1914121,62,away,343,378626,0,59,whoscored
1914121,62,away,343,378626,59,67,whoscored
1914121,62,away,343,378626,67,81,whoscored
1914121,62,away,343,378626,81,96,whoscored
1914122,61,home,4231,135404,0,64,whoscored
1914122,61,home,4231,135404,64,71,whoscored
1914122,61,home,4231,135404,71,71,whoscored
1914122,61,home,4231,135404,71,72,whoscored
1914122,61,home,4231,135404,72,86,whoscored
1914122,61,home,541,135404,86,97,whoscored
1914122,55,away,4231,119817,0,57,whoscored
1914122,55,away,4231,119817,57,71,whoscored
1914122,55,away,442,119817,71,81,whoscored
1914122,55,away,442,354526,81,97,whoscored
1914123,65,home,4231,279423,0,70,whoscored
1914123,65,home,4231,279423,70,92,whoscored
1914123,65,home,4231,384711,92,93,whoscored
1914123,832,away,4141,383780,0,50,whoscored
1914123,832,away,4141,383780,50,74,whoscored
1914123,832,away,4141,383780,74,74,whoscored
1914123,832,away,4141,383780,74,88,whoscored
1914123,832,away,4141,383780,88,92,whoscored
1914123,832,away,4141,383780,92,93,whoscored
1914124,2783,home,4231,444239,0,71,whoscored
1914124,2783,home,4231,444239,71,71,whoscored
1914124,2783,home,4231,444239,71,84,whoscored
1914124,2783,home,541,444239,84,93,whoscored
1914124,53,away,4231,255182,0,47,whoscored
1914124,53,away,4231,255182,47,69,whoscored
1914124,53,away,4231,255182,69,75,whoscored
1914124,53,away,4231,255182,75,80,whoscored
1914124,53,away,4231,56057,80,93,whoscored
1914125,52,home,442,106883,0,63,whoscored
1914125,52,home,442,106883,63,63,whoscored
1914125,52,home,442,106883,63,63,whoscored
1914125,52,home,442,106883,63,66,whoscored
1914125,52,home,4231,106883,66,68,whoscored
1914125,52,home,4231,106883,68,69,whoscored
1914125,52,home,4231,106883,69,94,whoscored
1914125,833,away,532,422916,0,22,whoscored
1914125,833,away,532,422916,22,69,whoscored
1914125,833,away,532,422916,69,79,whoscored
1914125,833,away,532,422916,79,94,whoscored
1914126,51,home,4321,294006,0,58,whoscored
1914126,51,home,4231,294006,58,76,whoscored
1914126,51,home,4231,294006,76,84,whoscored
1914126,51,home,4231,294006,84,85,whoscored
1914126,51,home,4141,294006,85,99,whoscored
1914126,70,away,4231,73265,0,47,whoscored
1914126,70,away,4231,73265,47,58,whoscored
1914126,70,away,532,73265,58,72,whoscored
1914126,70,away,4411,73265,72,82,whoscored
1914126,70,away,4411,73265,82,82,whoscored
1914126,70,away,4411,73265,82,99,whoscored
1914127,64,home,4231,422958,0,49,whoscored
1914127,64,home,442,422958,49,56,whoscored
1914127,64,home,442,422958,56,68,whoscored
1914127,64,home,3511,422959,68,79,whoscored
1914127,64,home,3412,422959,79,97,whoscored
1914127,832,away,4231,407567,0,58,whoscored
1914127,832,away,4231,407567,58,77,whoscored
1914127,832,away,4231,135321,77,87,whoscored
1914127,832,away,4231,135321,87,97,whoscored
1914128,68,home,4141,298839,0,67,whoscored
1914128,68,home,4141,298839,67,67,whoscored
1914128,68,home,4141,298839,67,68,whoscored
1914128,68,home,4141,298839,68,73,whoscored
1914128,68,home,4231,298839,73,88,whoscored
1914128,68,home,4231,298839,88,96,whoscored
1914128,131,away,4231,381673,0,50,whoscored
1914128,131,away,4231,381673,50,50,whoscored
1914128,131,away,4231,381673,50,62,whoscored
1914128,131,away,4231,381673,62,78,whoscored
1914128,131,away,4231,381673,78,88,whoscored
1914128,131,away,4231,336251,88,96,whoscored
1914129,54,home,433,349494,0,48,whoscored
1914129,54,home,433,349494,48,63,whoscored
1914129,54,home,4231,349494,63,71,whoscored
1914129,54,home,4231,349494,71,72,whoscored
1914129,54,home,4231,123232,72,77,whoscored
1914129,54,home,4231,123232,77,103,whoscored
1914129,64,away,4231,422958,0,63,whoscored
1914129,64,away,4231,422958,63,63,whoscored
1914129,64,away,4231,422958,63,79,whoscored
1914129,64,away,4231,422958,79,98,whoscored
1914129,64,away,4231,422958,98,98,whoscored
1914129,64,away,4231,422958,98,99,whoscored
1914129,64,away,4231,422958,99,103,whoscored
1914130,62,home,343,84008,0,43,whoscored
1914130,62,home,343,84008,43,69,whoscored
1914130,62,home,343,84008,69,70,whoscored
1914130,62,home,343,84008,70,70,whoscored
1914130,62,home,343,84008,70,80,whoscored
1914130,62,home,343,84008,80,98,whoscored
1914130,51,away,4231,294006,0,69,whoscored
1914130,51,away,4231,294006,69,70,whoscored
1914130,51,away,4231,294006,70,78,whoscored
1914130,51,away,4231,294006,78,78,whoscored
1914130,51,away,4231,294006,78,87,whoscored
1914130,51,away,4231,294006,87,98,whoscored
1914131,819,home,532,332990,0,25,whoscored
1914131,819,home,4411,243262,25,31,whoscored
1914131,819,home,4411,243262,31,50,whoscored
1914131,819,home,4411,243262,50,71,whoscored
1914131,819,home,4411,243262,71,80,whoscored
1914131,819,home,4411,243262,80,80,whoscored
1914131,819,home,4411,243262,80,81,whoscored
1914131,819,home,4312,243262,81,98,whoscored
1914131,67,away,532,77417,0,50,whoscored
1914131,67,away,442,77417,50,59,whoscored
1914131,67,away,442,77417,59,84,whoscored
1914131,67,away,442,77417,84,93,whoscored
1914131,67,away,442,77417,93,98,whoscored
1914132,131,home,4231,119189,0,68,whoscored
1914132,131,home,4231,119189,68,69,whoscored
1914132,131,home,4231,119189,69,73,whoscored
1914132,131,home,4231,374638,73,85,whoscored
1914132,131,home,4231,374638,85,85,whoscored
1914132,131,home,4231,374638,85,95,whoscored
1914132,52,away,442,106883,0,66,whoscored
1914132,52,away,442,344644,66,77,whoscored
1914132,52,away,442,337782,77,84,whoscored
1914132,52,away,442,337782,84,95,whoscored
1914133,839,home,442,362735,0,68,whoscored
1914133,839,home,442,362735,68,80,whoscored
1914133,839,home,442,362735,80,93,whoscored
1914133,839,home,442,28186,93,93,whoscored
1914133,55,away,3421,119817,0,80,whoscored
1914133,55,away,4231,119817,80,88,whoscored
1914133,55,away,4231,119817,88,88,whoscored
1914133,55,away,4231,119817,88,98,whoscored
1914133,55,away,4231,367180,98,93,whoscored
1914134,68,home,4231,298839,0,46,whoscored
1914134,68,home,4231,298839,46,53,whoscored
1914134,68,home,4231,298839,53,56,whoscored
1914134,68,home,4231,298839,56,77,whoscored
1914134,68,home,433,298839,77,98,whoscored
1914134,61,away,4231,141073,0,76,whoscored
1914134,61,away,4231,4522,76,84,whoscored
1914134,61,away,4231,4522,84,92,whoscored
1914134,61,away,4231,4522,92,98,whoscored
1914135,65,home,433,300447,0,61,whoscored
1914135,65,home,433,300447,61,69,whoscored
1914135,65,home,433,300447,69,75,whoscored
1914135,65,home,433,300447,75,75,whoscored
1914135,65,home,433,300447,75,76,whoscored
1914135,65,home,433,384711,76,96,whoscored
1914135,839,away,442,362735,0,69,whoscored
1914135,839,away,442,276489,69,82,whoscored
1914135,839,away,442,276489,82,86,whoscored
1914135,839,away,442,28186,86,96,whoscored
1914136,54,home,433,349494,0,73,whoscored
1914136,54,home,433,349494,73,73,whoscored
1914136,54,home,433,349494,73,95,whoscored
1914136,67,away,3421,77417,0,49,whoscored
1914136,67,away,3421,77417,49,73,whoscored
1914136,67,away,3421,77417,73,77,whoscored
1914136,67,away,3421,77417,77,93,whoscored
1914136,67,away,3421,77417,93,95,whoscored
1914137,833,home,352,108100,0,49,whoscored
1914137,833,home,352,108100,49,69,whoscored
1914137,833,home,352,108100,69,76,whoscored
1914137,833,home,352,422916,76,79,whoscored
1914137,833,home,352,422916,79,100,whoscored
1914137,70,away,4411,73265,0,61,whoscored
1914137,70,away,4411,73265,61,61,whoscored
1914137,70,away,4411,73265,61,79,whoscored
1914137,70,away,4411,73265,79,79,whoscored
1914137,70,away,4411,73265,79,100,whoscored
1914137,70,away,4411,73265,100,100,whoscored
1914138,51,home,433,294006,0,70,whoscored
1914138,51,home,442,294006,70,80,whoscored
1914138,51,home,442,294006,80,85,whoscored
1914138,51,home,442,294006,85,93,whoscored
1914138,68,away,4231,298839,0,64,whoscored
1914138,68,away,4231,298839,64,85,whoscored
1914138,68,away,4231,315566,85,93,whoscored
1914139,832,home,4141,383780,0,58,whoscored
1914139,832,home,4141,383780,58,59,whoscored
1914139,832,home,4231,383780,59,70,whoscored
1914139,832,home,4231,135321,70,80,whoscored
1914139,832,home,4231,135321,80,80,whoscored
1914139,832,home,4231,135321,80,98,whoscored
1914139,60,away,442,409467,0,64,whoscored
1914139,60,away,532,409467,64,73,whoscored
1914139,60,away,532,409467,73,91,whoscored
1914139,60,away,532,409467,91,92,whoscored
1914139,60,away,442,344120,92,98,whoscored
1914140,64,home,4231,422959,0,61,whoscored
1914140,64,home,4231,422959,61,69,whoscored
1914140,64,home,4231,422959,69,70,whoscored
1914140,64,home,4231,422958,70,86,whoscored
1914140,64,home,4231,422958,86,95,whoscored
1914140,53,away,4231,255182,0,46,whoscored
1914140,53,away,4231,255182,46,59,whoscored
1914140,53,away,4231,255182,59,73,whoscored
1914140,53,away,4231,255182,73,86,whoscored
1914140,53,away,4231,255182,86,86,whoscored
1914140,53,away,4231,255182,86,95,whoscored
1914141,61,home,4231,300918,0,66,whoscored
1914141,61,home,4231,300918,66,73,whoscored
1914141,61,home,4231,300918,73,81,whoscored
1914141,61,home,4231,4522,81,95,whoscored
1914141,63,away,442,76662,0,47,whoscored
1914141,63,away,442,76662,47,62,whoscored
1914141,63,away,442,80764,62,73,whoscored
1914141,63,away,442,80764,73,95,whoscored
1914142,2783,home,4231,444239,0,66,whoscored
1914142,2783,home,4231,444239,66,67,whoscored
1914142,2783,home,4231,444239,67,75,whoscored
1914142,2783,home,4231,444239,75,75,whoscored
1914142,2783,home,4231,444239,75,83,whoscored
1914142,2783,home,4141,444239,83,95,whoscored
1914142,62,away,343,415344,0,61,whoscored
1914142,62,away,343,415344,61,75,whoscored
1914142,62,away,343,415344,75,87,whoscored
1914142,62,away,343,320713,87,95,whoscored
1914143,52,home,4231,344644,0,61,whoscored
1914143,52,home,4231,106883,61,75,whoscored
1914143,52,home,4231,106883,75,93,whoscored
1914143,52,home,4231,106883,93,97,whoscored
1914143,819,away,541,243262,0,64,whoscored
1914143,819,away,541,243262,64,75,whoscored
1914143,819,away,541,243262,75,97,whoscored
1914143,819,away,541,243262,97,97,whoscored
1914144,55,home,442,119817,0,58,whoscored
1914144,55,home,442,119817,58,79,whoscored
1914144,55,home,541,427831,79,92,whoscored
1914144,55,home,541,427831,92,92,whoscored
1914144,55,home,541,427831,92,99,whoscored
1914144,131,away,4231,119189,0,77,whoscored
1914144,131,away,442,381673,77,83,whoscored
1914144,131,away,442,336251,83,95,whoscored
1914144,131,away,442,336251,95,99,whoscored
1914145,53,home,4231,255182,0,10,whoscored
1914145,53,home,4231,255182,10,49,whoscored
1914145,53,home,4231,255182,49,72,whoscored
1914145,53,home,4231,332823,72,77,whoscored
1914145,53,home,4231,332823,77,95,whoscored
1914145,65,away,433,368091,0,49,whoscored
1914145,65,away,433,402197,49,65,whoscored
1914145,65,away,433,402197,65,65,whoscored
1914145,65,away,433,402197,65,65,whoscored
1914145,65,away,433,402197,65,81,whoscored
1914145,65,away,433,384711,81,95,whoscored
1914146,63,home,442,80764,0,52,whoscored
1914146,63,home,442,80764,52,59,whoscored
1914146,63,home,442,80764,59,59,whoscored
1914146,63,home,442,80764,59,60,whoscored
1914146,63,home,442,80764,60,67,whoscored
1914146,63,home,442,76662,67,71,whoscored
1914146,63,home,4312,76662,71,87,whoscored
1914146,63,home,541,76662,87,96,whoscored
1914146,68,away,442,367857,0,61,whoscored
1914146,68,away,442,367857,61,62,whoscored
1914146,68,away,442,298839,62,71,whoscored
1914146,68,away,442,298839,71,80,whoscored
1914146,68,away,442,298839,80,80,whoscored
1914146,68,away,442,298839,80,96,whoscored
1914147,62,home,343,378626,0,73,whoscored
1914147,62,home,343,378626,73,86,whoscored
1914147,62,home,343,378626,86,87,whoscored
1914147,62,home,343,91242,87,94,whoscored
1914147,62,home,343,91242,94,96,whoscored
1914147,52,away,442,344644,0,68,whoscored
1914147,52,away,442,344644,68,80,whoscored
1914147,52,away,442,344644,80,93,whoscored
1914147,52,away,442,344644,93,96,whoscored
1914148,54,home,4231,83686,0,73,whoscored
1914148,54,home,4231,83686,73,80,whoscored
1914148,54,home,4231,83686,80,90,whoscored
1914148,54,home,4231,83686,90,96,whoscored
1914148,839,away,442,97659,0,47,whoscored
1914148,839,away,442,97659,47,47,whoscored
1914148,839,away,442,97659,47,66,whoscored
1914148,839,away,4231,28186,66,76,whoscored
1914148,839,away,4231,28186,76,82,whoscored
1914148,839,away,4231,28186,82,96,whoscored
1914149,62,home,343,378626,0,65,whoscored
1914149,62,home,343,378626,65,66,whoscored
1914149,62,home,343,378626,66,74,whoscored
1914149,62,home,343,378626,74,74,whoscored
1914149,62,home,343,378626,74,86,whoscored
1914149,62,home,3142,84008,86,94,whoscored
1914149,64,away,433,422959,0,64,whoscored
1914149,64,away,4231,422959,64,71,whoscored
1914149,64,away,4231,422959,71,81,whoscored
1914149,64,away,4231,135345,81,94,whoscored
1914150,833,home,541,273453,0,68,whoscored
1914150,833,home,541,273453,68,69,whoscored
1914150,833,home,3421,379633,69,81,whoscored
1914150,833,home,3421,379633,81,88,whoscored
1914150,833,home,3421,379633,88,95,whoscored
1914150,67,away,3421,77417,0,47,whoscored
1914150,67,away,3421,77417,47,64,whoscored
1914150,67,away,3421,77417,64,64,whoscored
1914150,67,away,3421,77417,64,68,whoscored
1914150,67,away,442,77417,68,95,whoscored
1914151,70,home,4231,73265,0,52,whoscored
1914151,70,home,4231,73265,52,62,whoscored
1914151,70,home,4231,73265,62,62,whoscored
1914151,70,home,4231,73265,62,76,whoscored
1914151,70,home,4231,73265,76,87,whoscored
1914151,70,home,4231,73265,87,97,whoscored
1914151,2783,away,4231,444239,0,79,whoscored
1914151,2783,away,541,444239,79,88,whoscored
1914151,2783,away,541,444239,88,97,whoscored
1914152,819,home,442,332990,0,74,whoscored
1914152,819,home,442,332990,74,87,whoscored
1914152,819,home,442,332990,87,88,whoscored
1914152,819,home,442,332990,88,98,whoscored
1914152,55,away,442,119817,0,29,whoscored
1914152,55,away,442,119817,29,63,whoscored
1914152,55,away,442,119817,63,89,whoscored
1914152,55,away,541,119817,89,98,whoscored
1914153,131,home,4231,119189,0,68,whoscored
1914153,131,home,4231,119189,68,77,whoscored
1914153,131,home,352,119189,77,98,whoscored
1914153,131,home,352,119189,98,99,whoscored
1914153,61,away,442,135404,0,75,whoscored
1914153,61,away,442,135404,75,75,whoscored
1914153,61,away,442,135404,75,90,whoscored
1914153,61,away,442,135404,90,98,whoscored
1914153,61,away,442,135404,98,99,whoscored
1914154,52,home,442,344644,0,9,whoscored
1914154,52,home,442,344644,9,49,whoscored
1914154,52,home,442,344644,49,63,whoscored
1914154,52,home,442,344644,63,80,whoscored
1914154,52,home,4141,344644,80,104,whoscored
1914154,64,away,4231,422959,0,59,whoscored
1914154,64,away,4231,422958,59,80,whoscored
1914154,64,away,4231,422958,80,86,whoscored
1914154,64,away,541,422958,86,104,whoscored
1914155,60,home,442,409467,0,62,whoscored
1914155,60,home,442,409467,62,63,whoscored
1914155,60,home,442,409467,63,81,whoscored
1914155,60,home,442,409467,81,81,whoscored
1914155,60,home,442,409467,81,95,whoscored
1914155,819,away,532,332990,0,33,whoscored
1914155,819,away,532,332990,33,71,whoscored
1914155,819,away,532,332990,71,95,whoscored
1914155,819,away,541,332990,95,95,whoscored
1914156,53,home,4231,255182,0,38,whoscored
1914156,53,home,4231,255182,38,66,whoscored
1914156,53,home,4231,255182,66,67,whoscored
1914156,53,home,4231,255182,67,80,whoscored
1914156,53,home,4231,255182,80,80,whoscored
1914156,53,home,4231,255182,80,99,whoscored
1914156,832,away,4231,388808,0,17,whoscored
1914156,832,away,4231,388808,17,50,whoscored
1914156,832,away,4231,388808,50,69,whoscored
1914156,832,away,4231,299752,69,85,whoscored
1914156,832,away,4231,299752,85,99,whoscored
1914157,63,home,442,80764,0,47,whoscored
1914157,63,home,442,80764,47,56,whoscored
1914157,63,home,442,80764,56,71,whoscored
1914157,63,home,442,80764,71,95,whoscored
1914157,54,away,433,349494,0,71,whoscored
1914157,54,away,433,349494,71,80,whoscored
1914157,54,away,433,349494,80,88,whoscored
1914157,54,away,433,349494,88,95,whoscored
1914158,65,home,433,29400,0,70,whoscored
1914158,65,home,433,29400,70,70,whoscored
1914158,65,home,433,29400,70,81,whoscored
1914158,65,home,433,368091,81,87,whoscored
1914158,65,home,433,368091,87,92,whoscored
1914158,51,away,4231,142387,0,65,whoscored
1914158,51,away,4231,142387,65,65,whoscored
1914158,51,away,4231,142387,65,65,whoscored
1914158,51,away,4231,142387,65,66,whoscored
1914158,51,away,4231,142387,66,80,whoscored
1914158,51,away,4231,142387,80,81,whoscored
1914158,51,away,4231,142387,81,92,whoscored
1914159,62,home,343,378626,0,69,whoscored
1914159,62,home,343,378626,69,69,whoscored
1914159,62,home,343,378626,69,77,whoscored
1914159,62,home,343,378626,77,85,whoscored
1914159,62,home,343,378626,85,98,whoscored
1914159,131,away,4231,119189,0,30,whoscored
1914159,131,away,4231,119189,30,72,whoscored
1914159,131,away,4231,119189,72,72,whoscored
1914159,131,away,4231,119189,72,90,whoscored
1914159,131,away,541,374638,90,98,whoscored
1914160,68,home,442,298839,0,28,whoscored
1914160,68,home,442,298839,28,69,whoscored
1914160,68,home,442,298839,69,69,whoscored
1914160,68,home,442,298839,69,86,whoscored
1914160,68,home,442,298839,86,86,whoscored
1914160,68,home,442,298839,86,93,whoscored
1914160,833,away,3142,381643,0,59,whoscored
1914160,833,away,3142,381643,59,59,whoscored
1914160,833,away,3142,381643,59,76,whoscored
1914160,833,away,3142,381643,76,77,whoscored
1914160,833,away,3142,381643,77,83,whoscored
1914160,833,away,3142,381643,83,93,whoscored
1914161,839,home,442,28186,0,66,whoscored
1914161,839,home,442,28186,66,67,whoscored
1914161,839,home,442,362735,67,75,whoscored
1914161,839,home,442,362735,75,75,whoscored
1914161,839,home,442,362735,75,82,whoscored
1914161,839,home,442,362735,82,92,whoscored
1914161,70,away,4231,73265,0,48,whoscored
1914161,70,away,4231,73265,48,61,whoscored
1914161,70,away,4231,73265,61,61,whoscored
1914161,70,away,4231,73265,61,61,whoscored
1914161,70,away,4231,73265,61,74,whoscored
1914161,70,away,4231,73265,74,92,whoscored
1914162,839,home,442,97659,0,79,whoscored
1914162,839,home,442,276489,79,94,whoscored
1914162,839,home,442,276489,94,94,whoscored
1914162,839,home,442,276489,94,94,whoscored
1914162,839,home,442,276489,94,94,whoscored
1914162,68,away,442,298839,0,51,whoscored
1914162,68,away,442,298839,51,59,whoscored
1914162,68,away,442,298839,59,73,whoscored
1914162,68,away,442,298839,73,73,whoscored
1914162,68,away,442,298839,73,87,whoscored
1914162,68,away,442,256864,87,94,whoscored
1914163,53,home,4231,255182,0,65,whoscored
1914163,53,home,4231,255182,65,75,whoscored
1914163,53,home,4231,255182,75,89,whoscored
1914163,53,home,4231,255182,89,95,whoscored
1914163,54,away,442,349494,0,49,whoscored
1914163,54,away,4231,349494,49,65,whoscored
1914163,54,away,4231,349494,65,77,whoscored
1914163,54,away,4231,125211,77,95,whoscored
1914164,833,home,352,108100,0,65,whoscored
1914164,833,home,352,108100,65,79,whoscored
1914164,833,home,352,108100,79,80,whoscored
1914164,833,home,3511,108100,80,95,whoscored
1914164,833,home,3511,108100,95,101,whoscored
1914164,51,away,4231,294006,0,65,whoscored
1914164,51,away,4312,294006,65,84,whoscored
1914164,51,away,4312,294006,84,88,whoscored
1914164,51,away,4312,294006,88,101,whoscored
1914165,65,home,4231,384711,0,49,whoscored
1914165,65,home,4231,384711,49,64,whoscored
1914165,65,home,4231,384711,64,64,whoscored
1914165,65,home,4231,384711,64,85,whoscored
1914165,65,home,4231,384711,85,93,whoscored
1914165,65,home,4231,384711,93,96,whoscored
1914165,64,away,4231,422958,0,49,whoscored
1914165,64,away,4231,422958,49,49,whoscored
1914165,64,away,4231,422958,49,62,whoscored
1914165,64,away,4231,422959,62,85,whoscored
1914165,64,away,4231,422959,85,96,whoscored
1914166,70,home,4411,73265,0,57,whoscored
1914166,70,home,442,73265,57,76,whoscored
1914166,70,home,442,73265,76,76,whoscored
1914166,70,home,442,73265,76,89,whoscored
1914166,70,home,442,73265,89,89,whoscored
1914166,70,home,442,73265,89,98,whoscored
1914166,819,away,541,332990,0,8,whoscored
1914166,819,away,4141,332990,8,33,whoscored
1914166,819,away,541,332990,33,95,whoscored
1914166,819,away,541,332990,95,98,whoscored
1914167,832,home,4141,383780,0,67,whoscored
1914167,832,home,4141,383780,67,81,whoscored
1914167,832,home,4141,383780,81,81,whoscored
1914167,832,home,4141,383780,81,90,whoscored
1914167,832,home,4141,383780,90,95,whoscored
1914167,832,home,4141,383780,95,95,whoscored
1914167,832,home,4141,383780,95,98,whoscored
1914167,61,away,4231,135404,0,70,whoscored
1914167,61,away,4231,135404,70,70,whoscored
1914167,61,away,4231,135404,70,70,whoscored
1914167,61,away,4231,135404,70,76,whoscored
1914167,61,away,4231,135404,76,86,whoscored
1914167,61,away,4231,135404,86,90,whoscored
1914167,61,away,4231,135404,90,98,whoscored
1914168,67,home,433,77417,0,36,whoscored
1914168,67,home,433,77417,36,53,whoscored
1914168,67,home,4231,77417,53,78,whoscored
1914168,67,home,4231,77417,78,80,whoscored
1914168,67,home,4231,77417,80,95,whoscored
1914168,55,away,433,119817,0,25,whoscored
1914168,55,away,433,119817,25,73,whoscored
1914168,55,away,433,119817,73,74,whoscored
1914168,55,away,433,119817,74,87,whoscored
1914168,55,away,433,119817,87,96,whoscored
1914168,55,away,4231,119817,96,95,whoscored
1914169,60,home,442,409467,0,48,whoscored
1914169,60,home,442,409467,48,48,whoscored
1914169,60,home,442,409467,48,75,whoscored
1914169,60,home,541,409467,75,83,whoscored
1914169,60,home,541,409467,83,84,whoscored
1914169,60,home,442,409467,84,96,whoscored
1914169,131,away,4231,336251,0,62,whoscored
1914169,131,away,4231,336251,62,79,whoscored
1914169,131,away,4231,336251,79,79,whoscored
1914169,131,away,4231,336251,79,79,whoscored
1914169,131,away,4231,336251,79,87,whoscored
1914169,131,away,541,381673,87,96,whoscored
1914170,62,home,343,259042,0,57,whoscored
1914170,62,home,343,259042,57,57,whoscored
1914170,62,home,343,259042,57,72,whoscored
1914170,62,home,343,259042,72,85,whoscored
1914170,62,home,343,91242,85,99,whoscored
1914170,60,away,442,409467,0,49,whoscored
1914170,60,away,442,409467,49,97,whoscored
1914170,60,away,541,409467,97,99,whoscored
1914171,63,home,442,80764,0,53,whoscored
1914171,63,home,442,80241,53,68,whoscored
1914171,63,home,532,135914,68,75,whoscored
1914171,63,home,4411,135914,75,96,whoscored
1914171,65,away,4231,384711,0,39,whoscored
1914171,65,away,4231,402197,39,53,whoscored
1914171,65,away,4231,402197,53,69,whoscored
1914171,65,away,4231,402197,69,85,whoscored
1914171,65,away,4231,402197,85,86,whoscored
1914171,65,away,4231,402197,86,96,whoscored
1914172,52,home,442,106883,0,50,whoscored
1914172,52,home,442,106883,50,65,whoscored
1914172,52,home,442,344644,65,75,whoscored
1914172,52,home,442,344644,75,75,whoscored
1914172,52,home,442,344644,75,80,whoscored
1914172,52,home,442,337782,80,88,whoscored
1914172,52,home,442,345031,88,95,whoscored
1914172,63,away,442,80764,0,47,whoscored
1914172,63,away,442,80764,47,58,whoscored
1914172,63,away,442,80764,58,72,whoscored
1914172,63,away,442,80764,72,95,whoscored
1914173,54,home,433,83686,0,66,whoscored
1914173,54,home,433,83686,66,74,whoscored
1914173,54,home,433,83686,74,75,whoscored
1914173,54,home,4231,83686,75,94,whoscored
1914173,70,away,4411,73265,0,58,whoscored
1914173,70,away,4411,73265,58,78,whoscored
1914173,70,away,4411,73265,78,78,whoscored
1914173,70,away,4411,73265,78,84,whoscored
1914173,70,away,4411,73265,84,94,whoscored
1914174,131,home,4231,119189,0,69,whoscored
1914174,131,home,4231,119189,69,83,whoscored
1914174,131,home,4231,336251,83,96,whoscored
1914174,2783,away,4231,444239,0,60,whoscored
1914174,2783,away,4231,444239,60,75,whoscored
1914174,2783,away,4231,372473,75,86,whoscored
1914174,2783,away,4231,372473,86,96,whoscored
1914175,2783,home,4231,444239,0,11,whoscored
1914175,2783,home,4231,444239,11,77,whoscored
1914175,2783,home,4231,444239,77,88,whoscored
1914175,2783,home,4231,444239,88,88,whoscored
1914175,2783,home,4231,444239,88,93,whoscored
1914175,839,away,442,97659,0,73,whoscored
1914175,839,away,442,97659,73,73,whoscored
1914175,839,away,442,97659,73,73,whoscored
1914175,839,away,442,97659,73,83,whoscored
1914175,839,away,442,97659,83,93,whoscored
1914176,833,home,3412,422916,0,64,whoscored
1914176,833,home,3412,422916,64,64,whoscored
1914176,833,home,3412,422916,64,72,whoscored
1914176,833,home,3412,422916,72,72,whoscored
1914176,833,home,3412,422916,72,82,whoscored
1914176,833,home,3421,422916,82,94,whoscored
1914176,55,away,442,119817,0,60,whoscored
1914176,55,away,442,119817,60,61,whoscored
1914176,55,away,442,119817,61,75,whoscored
1914176,55,away,442,427831,75,81,whoscored
1914176,55,away,442,427831,81,94,whoscored
1914177,51,home,4312,106596,0,65,whoscored
1914177,51,home,4312,106596,65,75,whoscored
1914177,51,home,4312,106596,75,84,whoscored
1914177,51,home,442,9270,84,94,whoscored
1914177,64,away,433,422958,0,49,whoscored
1914177,64,away,433,135345,49,70,whoscored
1914177,64,away,433,135345,70,80,whoscored
1914177,64,away,433,135345,80,84,whoscored
1914177,64,away,433,135345,84,94,whoscored
1914178,51,home,41212,142387,0,71,whoscored
1914178,51,home,442,142387,71,82,whoscored
1914178,51,home,442,142387,82,96,whoscored
1914178,52,away,442,345031,0,60,whoscored
1914178,52,away,442,345031,60,60,whoscored
1914178,52,away,442,345031,60,60,whoscored
1914178,52,away,442,345031,60,61,whoscored
1914178,52,away,4231,337782,61,73,whoscored
1914178,52,away,4231,337782,73,77,whoscored
1914178,52,away,4231,337782,77,96,whoscored
1914179,68,home,4231,256864,0,50,whoscored
1914179,68,home,4231,256864,50,58,whoscored
1914179,68,home,4231,256864,58,76,whoscored
1914179,68,home,4231,256864,76,90,whoscored
1914179,68,home,541,270504,90,98,whoscored
1914179,68,home,541,256864,98,99,whoscored
1914179,60,away,532,409467,0,64,whoscored
1914179,60,away,532,409467,64,70,whoscored
1914179,60,away,532,409467,70,70,whoscored
1914179,60,away,532,409467,70,90,whoscored
1914179,60,away,442,409467,90,99,whoscored
1914180,61,home,4231,300918,0,65,whoscored
1914180,61,home,4231,300918,65,65,whoscored
1914180,61,home,4231,300918,65,78,whoscored
1914180,61,home,4231,4522,78,91,whoscored
1914180,61,home,4231,4522,91,93,whoscored
1914180,67,away,4231,77417,0,37,whoscored
1914180,67,away,4231,77417,37,52,whoscored
1914180,67,away,532,77417,52,78,whoscored
1914180,67,away,532,77417,78,79,whoscored
1914180,67,away,532,77417,79,86,whoscored
1914180,67,away,532,77417,86,93,whoscored
1914181,67,home,541,77417,0,75,whoscored
1914181,67,home,541,77417,75,83,whoscored
1914181,67,home,541,77417,83,99,whoscored
1914181,67,home,541,77417,99,96,whoscored
1914181,63,away,4231,126278,0,76,whoscored
1914181,63,away,442,126278,76,91,whoscored
1914181,63,away,442,126278,91,96,whoscored
1914182,819,home,541,332990,0,68,whoscored
1914182,819,home,541,332990,68,82,whoscored
1914182,819,home,541,332990,82,83,whoscored
1914182,819,home,541,243262,83,96,whoscored
1914182,53,away,4231,279839,0,47,whoscored
1914182,53,away,4231,279839,47,65,whoscored
1914182,53,away,4231,255182,65,72,whoscored
1914182,53,away,4231,255182,72,96,whoscored
1914183,131,home,4231,119189,0,50,whoscored
1914183,131,home,4231,119189,50,76,whoscored
1914183,131,home,4231,381673,76,85,whoscored
1914183,131,home,4231,381673,85,85,whoscored
1914183,131,home,4231,381673,85,86,whoscored
1914183,131,home,4231,381673,86,95,whoscored
1914183,54,away,4231,125211,0,50,whoscored
1914183,54,away,4231,349494,50,78,whoscored
1914183,54,away,4231,349494,78,78,whoscored
1914183,54,away,4231,349494,78,95,whoscored
1914184,131,home,4231,119189,0,70,whoscored
1914184,131,home,4231,119189,70,70,whoscored
1914184,131,home,4231,119189,70,85,whoscored
1914184,131,home,4231,119189,85,85,whoscored
1914184,131,home,4231,119189,85,86,whoscored
1914184,131,home,4231,119189,86,98,whoscored
1914184,65,away,4231,402197,0,62,whoscored
1914184,65,away,433,402197,62,82,whoscored
1914184,65,away,433,384711,82,88,whoscored
1914184,65,away,433,384711,88,98,whoscored
1914185,55,home,442,119817,0,66,whoscored
1914185,55,home,442,119817,66,81,whoscored
1914185,55,home,442,119817,81,96,whoscored
1914185,62,away,343,84008,0,49,whoscored
1914185,62,away,343,84008,49,74,whoscored
1914185,62,away,343,84008,74,91,whoscored
1914185,62,away,343,84008,91,96,whoscored
1914186,832,home,4141,388808,0,65,whoscored
1914186,832,home,4141,383780,65,81,whoscored
1914186,832,home,4141,383780,81,81,whoscored
1914186,832,home,4141,383780,81,89,whoscored
1914186,832,home,4141,383780,89,90,whoscored
1914186,832,home,541,383780,90,97,whoscored
1914186,819,away,541,332990,0,28,whoscored
1914186,819,away,4411,332990,28,48,whoscored
1914186,819,away,541,332990,48,57,whoscored
1914186,819,away,532,332990,57,72,whoscored
1914186,819,away,532,332990,72,72,whoscored
1914186,819,away,532,332990,72,73,whoscored
1914186,819,away,532,332990,73,88,whoscored
1914186,819,away,532,332990,88,89,whoscored
1914186,819,away,532,243262,89,97,whoscored
1914187,839,home,442,97659,0,76,whoscored
1914187,839,home,442,97659,76,77,whoscored
1914187,839,home,442,97659,77,77,whoscored
1914187,839,home,442,97659,77,84,whoscored
1914187,839,home,442,97659,84,87,whoscored
1914187,839,home,442,362735,87,97,whoscored
1914187,832,away,4141,388808,0,29,whoscored
1914187,832,away,4141,388808,29,49,whoscored
1914187,832,away,4141,388808,49,71,whoscored
1914187,832,away,4141,388808,71,71,whoscored
1914187,832,away,4141,388808,71,80,whoscored
1914187,832,away,442,448231,80,97,whoscored
1914188,52,home,442,106883,0,65,whoscored
1914188,52,home,442,106883,65,80,whoscored
1914188,52,home,442,106883,80,80,whoscored
1914188,52,home,442,106883,80,85,whoscored
1914188,52,home,442,106883,85,95,whoscored
1914188,2783,away,4231,444239,0,65,whoscored
1914188,2783,away,4231,444239,65,71,whoscored
1914188,2783,away,4231,444239,71,85,whoscored
1914188,2783,away,4231,444239,85,85,whoscored
1914188,2783,away,4231,444239,85,95,whoscored
1914189,67,home,442,77417,0,49,whoscored
1914189,67,home,442,77417,49,78,whoscored
1914189,67,home,442,77417,78,85,whoscored
1914189,67,home,442,286080,85,94,whoscored
1914189,67,home,442,286080,94,94,whoscored
1914189,67,home,442,286080,94,95,whoscored
1914189,68,away,4231,298839,0,49,whoscored
1914189,68,away,4231,298839,49,61,whoscored
1914189,68,away,4231,298839,61,72,whoscored
1914189,68,away,4231,298839,72,85,whoscored
1914189,68,away,343,298839,85,95,whoscored
1914190,60,home,532,409467,0,3,whoscored
1914190,60,home,532,409467,3,65,whoscored
1914190,60,home,532,409467,65,83,whoscored
1914190,60,home,532,409467,83,83,whoscored
1914190,60,home,532,409467,83,83,whoscored
1914190,60,home,532,409467,83,96,whoscored
1914190,51,away,4312,142387,0,72,whoscored
1914190,51,away,4312,142387,72,83,whoscored
1914190,51,away,4132,142387,83,87,whoscored
1914190,51,away,4132,142387,87,88,whoscored
1914190,51,away,4132,142387,88,96,whoscored
1914191,64,home,433,422958,0,67,whoscored
1914191,64,home,433,422958,67,67,whoscored
1914191,64,home,433,422958,67,84,whoscored
1914191,64,home,433,422958,84,85,whoscored
1914191,64,home,433,422958,85,94,whoscored
1914191,64,home,433,422958,94,94,whoscored
1914191,833,away,343,108100,0,38,whoscored
1914191,833,away,352,422916,38,47,whoscored
1914191,833,away,352,422916,47,78,whoscored
1914191,833,away,352,422916,78,78,whoscored
1914191,833,away,352,422916,78,78,whoscored
1914191,833,away,352,422916,78,84,whoscored
1914191,833,away,352,422916,84,94,whoscored
1914192,53,home,4231,279839,0,35,whoscored
1914192,53,home,4231,255182,35,48,whoscored
1914192,53,home,4231,279839,48,67,whoscored
1914192,53,home,4231,279839,67,72,whoscored
1914192,53,home,4231,279839,72,73,whoscored
1914192,53,home,4231,279839,73,98,whoscored
1914192,55,away,4231,119817,0,72,whoscored
1914192,55,away,4231,119817,72,72,whoscored
1914192,55,away,4231,119817,72,72,whoscored
1914192,55,away,4231,119817,72,85,whoscored
1914192,55,away,541,119817,85,98,whoscored
1914192,55,away,541,119817,98,98,whoscored
1914193,54,home,4231,83686,0,31,whoscored
1914193,54,home,4231,83686,31,51,whoscored
1914193,54,home,4231,83686,51,51,whoscored
1914193,54,home,4231,83686,51,73,whoscored
1914193,54,home,4231,83686,73,78,whoscored
1914193,54,home,4231,448208,78,95,whoscored
1914193,52,away,442,344644,0,78,whoscored
1914193,52,away,442,344644,78,78,whoscored
1914193,52,away,442,344644,78,86,whoscored
1914193,52,away,442,344644,86,87,whoscored
1914193,52,away,442,344644,87,95,whoscored
1914194,68,home,4231,298839,0,64,whoscored
1914194,68,home,4231,298839,64,65,whoscored
1914194,68,home,4231,298839,65,70,whoscored
1914194,68,home,4231,298839,70,86,whoscored
1914194,68,home,4231,298839,86,94,whoscored
1914194,832,away,433,383780,0,47,whoscored
1914194,832,away,433,388808,47,60,whoscored
1914194,832,away,433,388808,60,60,whoscored
1914194,832,away,433,388808,60,82,whoscored
1914194,832,away,433,388808,82,94,whoscored
1914195,63,home,442,80764,0,19,whoscored
1914195,63,home,442,80764,19,61,whoscored
1914195,63,home,442,80764,61,62,whoscored
1914195,63,home,4231,80764,62,70,whoscored
1914195,63,home,442,80764,70,93,whoscored
1914195,62,away,3421,259042,0,69,whoscored
1914195,62,away,3421,259042,69,69,whoscored
1914195,62,away,3421,259042,69,69,whoscored
1914195,62,away,3421,259042,69,70,whoscored
1914195,62,away,3421,91242,70,78,whoscored
1914195,62,away,3421,91242,78,90,whoscored
1914195,62,away,3421,91242,90,93,whoscored
1914196,70,home,4231,73265,0,60,whoscored
1914196,70,home,442,73265,60,71,whoscored
1914196,70,home,442,73265,71,87,whoscored
1914196,70,home,442,73265,87,87,whoscored
1914196,70,home,442,73265,87,96,whoscored
1914196,832,away,4141,388808,0,62,whoscored
1914196,832,away,541,388808,62,74,whoscored
1914196,832,away,541,383780,74,88,whoscored
1914196,832,away,541,383780,88,96,whoscored
1914197,53,home,4231,255182,0,53,whoscored
1914197,53,home,4231,255182,53,73,whoscored
1914197,53,home,4231,255182,73,73,whoscored
1914197,53,home,4231,255182,73,73,whoscored
1914197,53,home,4231,255182,73,89,whoscored
1914197,53,home,4231,255182,89,94,whoscored
1914197,839,away,442,97659,0,53,whoscored
1914197,839,away,442,97659,53,76,whoscored
1914197,839,away,442,97659,76,85,whoscored
1914197,839,away,442,97659,85,89,whoscored
1914197,839,away,442,97659,89,94,whoscored
1914198,65,home,4231,402197,0,66,whoscored
1914198,65,home,4231,279423,66,79,whoscored
1914198,65,home,4231,279423,79,79,whoscored
1914198,65,home,4231,279423,79,90,whoscored
1914198,65,home,4231,279423,90,90,whoscored
1914198,52,away,4231,337782,0,72,whoscored
1914198,52,away,4231,337782,72,81,whoscored
1914198,52,away,442,337782,81,90,whoscored
1914199,131,home,4231,119189,0,63,whoscored
1914199,131,home,4231,119189,63,72,whoscored
1914199,131,home,442,381673,72,90,whoscored
1914199,131,home,442,381673,90,90,whoscored
1914199,131,home,442,381673,90,91,whoscored
1914199,131,home,442,381673,91,100,whoscored
1914199,67,away,442,286080,0,72,whoscored
1914199,67,away,442,286080,72,77,whoscored
1914199,67,away,442,286080,77,88,whoscored
1914199,67,away,442,286080,88,88,whoscored
1914199,67,away,442,286080,88,88,whoscored
1914199,67,away,442,286080,88,100,whoscored
1914200,65,home,4231,384711,0,49,whoscored
1914200,65,home,4231,384711,49,67,whoscored
1914200,65,home,4231,384711,67,67,whoscored
1914200,65,home,4231,384711,67,77,whoscored
1914200,65,home,4231,384711,77,87,whoscored
1914200,65,home,4231,384711,87,95,whoscored
1914200,70,away,4411,73265,0,49,whoscored
1914200,70,away,4312,73265,49,67,whoscored
1914200,70,away,4312,73265,67,74,whoscored
1914200,70,away,4141,73265,74,83,whoscored
1914200,70,away,4141,73265,83,95,whoscored
1914201,832,home,4411,388808,0,53,whoscored
1914201,832,home,4411,388808,53,73,whoscored
1914201,832,home,4411,388808,73,83,whoscored
1914201,832,home,4411,135321,83,95,whoscored
1914201,832,home,4411,135321,95,96,whoscored
1914201,131,away,4231,119189,0,46,whoscored
1914201,131,away,4231,119189,46,69,whoscored
1914201,131,away,4231,119189,69,69,whoscored
1914201,131,away,4231,119189,69,89,whoscored
1914201,131,away,4231,119189,89,90,whoscored
1914201,131,away,4411,381673,90,96,whoscored
1914202,64,home,4231,422959,0,69,whoscored
1914202,64,home,4231,422959,69,73,whoscored
1914202,64,home,4231,422963,73,86,whoscored
1914202,64,home,4231,422963,86,104,whoscored
1914202,68,away,442,298839,0,61,whoscored
1914202,68,away,442,298839,61,61,whoscored
1914202,68,away,442,298839,61,72,whoscored
1914202,68,away,442,298839,72,73,whoscored
1914202,68,away,442,298839,73,96,whoscored
1914202,68,away,4411,298839,96,104,whoscored
1914203,62,home,343,84008,0,49,whoscored
1914203,62,home,343,91242,49,63,whoscored
1914203,62,home,343,91242,63,94,whoscored
1914203,61,away,4231,300918,0,69,whoscored
1914203,61,away,4231,300918,69,77,whoscored
1914203,61,away,541,300918,77,86,whoscored
1914203,61,away,541,300918,86,86,whoscored
1914203,61,away,541,300918,86,94,whoscored
1914204,51,home,41212,142387,0,67,whoscored
1914204,51,home,41212,142387,67,75,whoscored
1914204,51,home,41212,142387,75,75,whoscored
1914204,51,home,41212,142387,75,81,whoscored
1914204,51,home,433,142387,81,95,whoscored
1914204,839,away,442,362735,0,68,whoscored
1914204,839,away,442,362735,68,68,whoscored
1914204,839,away,442,362735,68,75,whoscored
1914204,839,away,442,362735,75,76,whoscored
1914204,839,away,442,362735,76,80,whoscored
1914204,839,away,442,97659,80,95,whoscored
1914205,63,home,442,80764,0,59,whoscored
1914205,63,home,442,80764,59,64,whoscored
1914205,63,home,442,80764,64,73,whoscored
1914205,63,home,442,76662,73,97,whoscored
1914205,53,away,4231,255182,0,64,whoscored
1914205,53,away,4231,255182,64,64,whoscored
1914205,53,away,4231,255182,64,71,whoscored
1914205,53,away,4231,255182,71,71,whoscored
1914205,53,away,4231,255182,71,71,whoscored
1914205,53,away,4231,255182,71,97,whoscored
1914206,833,home,352,108100,0,57,whoscored
1914206,833,home,352,108100,57,67,whoscored
1914206,833,home,352,108100,67,85,whoscored
1914206,833,home,352,108100,85,85,whoscored
1914206,833,home,352,108100,85,89,whoscored
1914206,833,home,352,108100,89,99,whoscored
1914206,60,away,532,409467,0,46,whoscored
1914206,60,away,532,409467,46,67,whoscored
1914206,60,away,532,409467,67,82,whoscored
1914206,60,away,541,409467,82,90,whoscored
1914206,60,away,541,409467,90,99,whoscored
1914207,819,home,532,332990,0,48,whoscored
1914207,819,home,532,332990,48,78,whoscored
1914207,819,home,532,332990,78,78,whoscored
1914207,819,home,532,332990,78,83,whoscored
1914207,819,home,442,332990,83,92,whoscored
1914207,65,away,4231,402197,0,62,whoscored
1914207,65,away,4231,384711,62,84,whoscored
1914207,65,away,4231,384711,84,90,whoscored
1914207,65,away,4231,384711,90,92,whoscored
1914208,839,home,442,97659,0,81,whoscored
1914208,839,home,442,97659,81,81,whoscored
1914208,839,home,442,97659,81,81,whoscored
1914208,839,home,442,97659,81,88,whoscored
1914208,839,home,442,97659,88,95,whoscored
1914208,839,home,442,97659,95,94,whoscored
1914208,62,away,3421,259042,0,49,whoscored
1914208,62,away,3421,259042,49,79,whoscored
1914208,62,away,3421,259042,79,79,whoscored
1914208,62,away,3421,259042,79,80,whoscored
1914208,62,away,3421,259042,80,86,whoscored
1914208,62,away,3421,91242,86,94,whoscored
1914209,68,home,442,298839,0,55,whoscored
1914209,68,home,442,298839,55,55,whoscored
1914209,68,home,442,298839,55,78,whoscored
1914209,68,home,442,298839,78,96,whoscored
1914209,54,away,4231,349494,0,60,whoscored
1914209,54,away,4231,349494,60,70,whoscored
1914209,54,away,4231,349494,70,70,whoscored
1914209,54,away,4231,349494,70,71,whoscored
1914209,54,away,4231,349494,71,79,whoscored
1914209,54,away,4231,349494,79,97,whoscored
1914209,54,away,4231,82989,97,96,whoscored
1914210,61,home,4231,135404,0,48,whoscored
1914210,61,home,4231,135404,48,60,whoscored
1914210,61,home,4231,135404,60,60,whoscored
1914210,61,home,4231,135404,60,61,whoscored
1914210,61,home,3142,4522,61,67,whoscored
1914210,61,home,3142,4522,67,78,whoscored
1914210,61,home,3142,4522,78,95,whoscored
1914210,833,away,532,108100,0,64,whoscored
1914210,833,away,532,108100,64,71,whoscored
1914210,833,away,532,108100,71,71,whoscored
1914210,833,away,532,108100,71,84,whoscored
1914210,833,away,532,108100,84,84,whoscored
1914210,833,away,532,108100,84,95,whoscored
1914211,67,home,442,77417,0,50,whoscored
1914211,67,home,442,77417,50,62,whoscored
1914211,67,home,442,77417,62,68,whoscored
1914211,67,home,442,77417,68,68,whoscored
1914211,67,home,442,77417,68,79,whoscored
1914211,67,home,442,77417,79,100,whoscored
1914211,70,away,4231,73265,0,70,whoscored
1914211,70,away,451,73265,70,79,whoscored
1914211,70,away,451,73265,79,87,whoscored
1914211,70,away,451,73265,87,87,whoscored
1914211,70,away,451,73265,87,100,whoscored
1914212,61,home,442,300918,0,11,whoscored
1914212,61,home,442,300918,11,58,whoscored
1914212,61,home,4411,300918,58,60,whoscored
1914212,61,home,4411,300918,60,67,whoscored
1914212,61,home,4411,4522,67,82,whoscored
1914212,61,home,433,4522,82,87,whoscored
1914212,61,home,433,4522,87,87,whoscored
1914212,61,home,433,4522,87,88,whoscored
1914212,61,home,433,4522,88,98,whoscored
1914212,819,away,532,332990,0,49,whoscored
1914212,819,away,532,332990,49,67,whoscored
1914212,819,away,532,332990,67,76,whoscored
1914212,819,away,442,332990,76,89,whoscored
1914212,819,away,352,332990,89,98,whoscored
1914213,55,home,442,119817,0,68,whoscored
1914213,55,home,4231,119817,68,74,whoscored
1914213,55,home,4231,119817,74,74,whoscored
1914213,55,home,4231,119817,74,88,whoscored
1914213,55,home,4231,119817,88,98,whoscored
1914213,2783,away,4231,444239,0,64,whoscored
1914213,2783,away,4231,444239,64,72,whoscored
1914213,2783,away,343,444239,72,98,whoscored
1914214,53,home,4231,255182,0,68,whoscored
1914214,53,home,4231,255182,68,68,whoscored
1914214,53,home,4231,255182,68,68,whoscored
1914214,53,home,4231,255182,68,78,whoscored
1914214,53,home,4231,255182,78,84,whoscored
1914214,53,home,4231,255182,84,98,whoscored
1914214,131,away,4231,119189,0,74,whoscored
1914214,131,away,4231,381673,74,81,whoscored
1914214,131,away,4231,381673,81,87,whoscored
1914214,131,away,3412,336251,87,98,whoscored
1914215,64,home,433,422958,0,58,whoscored
1914215,64,home,433,422958,58,58,whoscored
1914215,64,home,433,422958,58,59,whoscored
1914215,64,home,433,422958,59,68,whoscored
1914215,64,home,433,422958,68,68,whoscored
1914215,64,home,433,422958,68,88,whoscored
1914215,64,home,433,422958,88,91,whoscored
1914215,64,home,433,422958,91,96,whoscored
1914215,2783,away,4231,444239,0,60,whoscored
1914215,2783,away,4231,444239,60,60,whoscored
1914215,2783,away,4231,444239,60,72,whoscored
1914215,2783,away,4231,372473,72,85,whoscored
1914215,2783,away,4231,24400,85,96,whoscored
1914216,65,home,4231,402197,0,22,whoscored
1914216,65,home,4231,402197,22,53,whoscored
1914216,65,home,4231,402197,53,68,whoscored
1914216,65,home,4231,402197,68,93,whoscored
1914216,62,away,343,84008,0,85,whoscored
1914216,62,away,343,84008,85,85,whoscored
1914216,62,away,343,84008,85,86,whoscored
1914216,62,away,343,84008,86,94,whoscored
1914216,62,away,343,84008,94,103,whoscored
1914216,62,away,343,84008,103,93,whoscored
1914217,60,home,532,409467,0,53,whoscored
1914217,60,home,541,409467,53,65,whoscored
1914217,60,home,541,409467,65,81,whoscored
1914217,60,home,541,409467,81,92,whoscored
1914217,65,away,4231,29400,0,63,whoscored
1914217,65,away,4231,29400,63,80,whoscored
1914217,65,away,4231,29400,80,88,whoscored
1914217,65,away,4231,29400,88,92,whoscored
1914218,832,home,4141,388808,0,41,whoscored
1914218,832,home,4141,388808,41,70,whoscored
1914218,832,home,4141,388808,70,92,whoscored
1914218,832,home,4141,388808,92,96,whoscored
1914218,67,away,3421,77417,0,72,whoscored
1914218,67,away,3421,77417,72,72,whoscored
1914218,67,away,3421,77417,72,78,whoscored
1914218,67,away,3421,77417,78,79,whoscored
1914218,67,away,442,431509,79,91,whoscored
1914218,67,away,442,431509,91,96,whoscored
1914219,54,home,433,125211,0,68,whoscored
1914219,54,home,4231,82989,68,71,whoscored
1914219,54,home,4231,82989,71,88,whoscored
1914219,54,home,4231,82989,88,88,whoscored
1914219,54,home,4231,82989,88,98,whoscored
1914219,833,away,352,381643,0,54,whoscored
1914219,833,away,532,381643,54,62,whoscored
1914219,833,away,532,381643,62,69,whoscored
1914219,833,away,532,381643,69,69,whoscored
1914219,833,away,532,381643,69,86,whoscored
1914219,833,away,532,381643,86,98,whoscored
1914220,51,home,4312,142387,0,57,whoscored
1914220,51,home,4312,142387,57,77,whoscored
1914220,51,home,4312,142387,77,86,whoscored
1914220,51,home,4312,142387,86,96,whoscored
1914220,55,away,442,119817,0,10,whoscored
1914220,55,away,442,119817,10,61,whoscored
1914220,55,away,442,119817,61,96,whoscored
1914220,55,away,442,119817,96,96,whoscored
1914221,62,home,343,91242,0,68,whoscored
1914221,62,home,343,459082,68,78,whoscored
1914221,62,home,343,459082,78,98,whoscored
1914221,832,away,4141,388808,0,48,whoscored
1914221,832,away,4141,388808,48,63,whoscored
1914221,832,away,4141,388808,63,64,whoscored
1914221,832,away,4141,448231,64,79,whoscored
1914221,832,away,4141,448231,79,88,whoscored
1914221,832,away,4141,448231,88,98,whoscored
1914222,61,home,4231,300918,0,77,whoscored
1914222,61,home,4231,300918,77,77,whoscored
1914222,61,home,4231,300918,77,78,whoscored
1914222,61,home,4231,4522,78,96,whoscored
1914222,61,home,4231,4522,96,97,whoscored
1914222,61,home,4231,4522,97,97,whoscored
1914222,839,away,442,28186,0,52,whoscored
1914222,839,away,442,28186,52,69,whoscored
1914222,839,away,442,28186,69,84,whoscored
1914222,839,away,442,28186,84,84,whoscored
1914222,839,away,442,28186,84,97,whoscored
1914223,819,home,532,332990,0,68,whoscored
1914223,819,home,532,332990,68,75,whoscored
1914223,819,home,532,332990,75,95,whoscored
1914223,51,away,4231,142387,0,50,whoscored
1914223,51,away,4231,142387,50,70,whoscored
1914223,51,away,4231,142387,70,70,whoscored
1914223,51,away,4231,142387,70,83,whoscored
1914223,51,away,4231,142387,83,95,whoscored
1914224,52,home,442,344644,0,46,whoscored
1914224,52,home,442,344644,46,64,whoscored
1914224,52,home,442,344644,64,69,whoscored
1914224,52,home,442,106883,69,93,whoscored
1914224,60,away,532,409467,0,64,whoscored
1914224,60,away,532,409467,64,72,whoscored
1914224,60,away,532,409467,72,72,whoscored
1914224,60,away,532,409467,72,81,whoscored
1914224,60,away,532,344120,81,93,whoscored
1914225,2783,home,433,444239,0,50,whoscored
1914225,2783,home,433,24400,50,61,whoscored
1914225,2783,home,433,24400,61,84,whoscored
1914225,2783,home,433,24400,84,95,whoscored
1914225,68,away,4231,298839,0,33,whoscored
1914225,68,away,4411,298839,33,61,whoscored
1914225,68,away,4411,298839,61,91,whoscored
1914225,68,away,532,298839,91,95,whoscored
1914226,833,home,352,422916,0,66,whoscored
1914226,833,home,352,422916,66,73,whoscored
1914226,833,home,352,422916,73,73,whoscored
1914226,833,home,352,422916,73,73,whoscored
1914226,833,home,352,422916,73,88,whoscored
1914226,833,home,352,422916,88,89,whoscored
1914226,833,home,352,108100,89,93,whoscored
1914226,63,away,442,76662,0,52,whoscored
1914226,63,away,532,76662,52,68,whoscored
1914226,63,away,532,76662,68,78,whoscored
1914226,63,away,532,76662,78,93,whoscored
1914227,70,home,442,73265,0,64,whoscored
1914227,70,home,442,73265,64,64,whoscored
1914227,70,home,442,73265,64,85,whoscored
1914227,70,home,442,73265,85,92,whoscored
1914227,70,home,442,73265,92,96,whoscored
1914227,53,away,4231,255182,0,47,whoscored
1914227,53,away,4231,255182,47,64,whoscored
1914227,53,away,4231,255182,64,64,whoscored
1914227,53,away,4231,255182,64,72,whoscored
1914227,53,away,4231,255182,72,79,whoscored
1914227,53,away,4231,122117,79,96,whoscored
1914228,2783,home,4411,444239,0,67,whoscored
1914228,2783,home,4411,444239,67,74,whoscored
1914228,2783,home,4411,444239,74,84,whoscored
1914228,2783,home,4411,444239,84,84,whoscored
1914228,2783,home,4411,444239,84,96,whoscored
1914228,54,away,433,83686,0,47,whoscored
1914228,54,away,433,83686,47,76,whoscored
1914228,54,away,433,83686,76,89,whoscored
1914228,54,away,4411,83686,89,96,whoscored
1914229,131,home,4231,119189,0,36,whoscored
1914229,131,home,4231,119189,36,70,whoscored
1914229,131,home,4132,336251,70,82,whoscored
1914229,131,home,4132,336251,82,82,whoscored
1914229,131,home,4132,336251,82,90,whoscored
1914229,131,home,4222,336251,90,95,whoscored
1914229,63,away,442,80764,0,17,whoscored
1914229,63,away,532,80764,17,56,whoscored
1914229,63,away,442,80764,56,92,whoscored
1914229,63,away,532,80764,92,95,whoscored
1914230,64,home,4231,422958,0,61,whoscored
1914230,64,home,4231,422958,61,79,whoscored
1914230,64,home,4231,422958,79,84,whoscored
1914230,64,home,4231,422958,84,98,whoscored
1914230,70,away,442,73265,0,49,whoscored
1914230,70,away,442,73265,49,70,whoscored
1914230,70,away,442,73265,70,81,whoscored
1914230,70,away,442,73265,81,81,whoscored
1914230,70,away,442,73265,81,94,whoscored
1914230,70,away,442,73265,94,98,whoscored
1914231,55,home,442,119817,0,31,whoscored
1914231,55,home,442,119817,31,64,whoscored
1914231,55,home,442,119817,64,64,whoscored
1914231,55,home,442,119817,64,64,whoscored
1914231,55,home,442,119817,64,66,whoscored
1914231,55,home,442,427831,66,97,whoscored
1914231,64,away,4231,422958,0,63,whoscored
1914231,64,away,4231,422958,63,63,whoscored
1914231,64,away,4231,422958,63,63,whoscored
1914231,64,away,4231,422958,63,70,whoscored
1914231,64,away,4231,101613,70,76,whoscored
1914231,64,away,4231,236575,76,97,whoscored
1914232,68,home,4231,256864,0,51,whoscored
1914232,68,home,4231,367583,51,61,whoscored
1914232,68,home,4231,298839,61,83,whoscored
1914232,68,home,4231,298839,83,93,whoscored
1914232,68,home,442,256864,93,96,whoscored
1914232,819,away,532,332990,0,73,whoscored
1914232,819,away,532,332990,73,85,whoscored
1914232,819,away,532,332990,85,92,whoscored
1914232,819,away,532,332990,92,96,whoscored
1914233,839,home,442,97659,0,64,whoscored
1914233,839,home,442,97659,64,64,whoscored
1914233,839,home,442,97659,64,74,whoscored
1914233,839,home,442,97659,74,74,whoscored
1914233,839,home,442,97659,74,95,whoscored
1914233,67,away,532,25931,0,71,whoscored
1914233,67,away,532,25931,71,75,whoscored
1914233,67,away,532,25931,75,90,whoscored
1914233,67,away,532,25931,90,90,whoscored
1914233,67,away,532,25931,90,95,whoscored
1914234,60,home,532,409467,0,65,whoscored
1914234,60,home,532,409467,65,65,whoscored
1914234,60,home,532,409467,65,76,whoscored
1914234,60,home,541,409467,76,98,whoscored
1914234,53,away,4231,255182,0,49,whoscored
1914234,53,away,4231,56057,49,76,whoscored
1914234,53,away,4231,56057,76,92,whoscored
1914234,53,away,4231,56057,92,98,whoscored
1914235,52,home,442,337782,0,64,whoscored
1914235,52,home,442,106883,64,69,whoscored
1914235,52,home,442,106883,69,77,whoscored
1914235,52,home,442,106883,77,77,whoscored
1914235,52,home,442,106883,77,90,whoscored
1914235,61,away,433,135404,0,54,whoscored
1914235,61,away,433,135404,54,69,whoscored
1914235,61,away,433,135404,69,79,whoscored
1914235,61,away,433,135404,79,90,whoscored
1914236,54,home,433,125211,0,67,whoscored
1914236,54,home,433,125211,67,68,whoscored
1914236,54,home,433,125211,68,75,whoscored
1914236,54,home,433,125211,75,76,whoscored
1914236,54,home,4231,82989,76,86,whoscored
1914236,54,home,4231,82989,86,90,whoscored
1914236,61,away,442,300918,0,60,whoscored
1914236,61,away,442,4522,60,69,whoscored
1914236,61,away,442,4522,69,86,whoscored
1914236,61,away,442,4522,86,86,whoscored
1914236,61,away,442,4522,86,90,whoscored
1914237,53,home,4231,255182,0,50,whoscored
1914237,53,home,442,255182,50,75,whoscored
1914237,53,home,442,255182,75,86,whoscored
1914237,53,home,442,255182,86,86,whoscored
1914237,53,home,442,255182,86,90,whoscored
1914237,53,home,442,255182,90,96,whoscored
1914237,62,away,343,259042,0,50,whoscored
1914237,62,away,343,259042,50,63,whoscored
1914237,62,away,343,91242,63,78,whoscored
1914237,62,away,343,91242,78,95,whoscored
1914237,62,away,343,91242,95,96,whoscored
1914238,62,home,3421,91242,0,48,whoscored
1914238,62,home,3421,91242,48,65,whoscored
1914238,62,home,3421,386622,65,73,whoscored
1914238,62,home,3421,259042,73,80,whoscored
1914238,62,home,3421,259042,80,96,whoscored
1914238,833,away,3412,108100,0,60,whoscored
1914238,833,away,3412,108100,60,60,whoscored
1914238,833,away,3412,108100,60,71,whoscored
1914238,833,away,3412,108100,71,71,whoscored
1914238,833,away,3412,108100,71,79,whoscored
1914238,833,away,3412,108100,79,96,whoscored
1914239,63,home,433,80241,0,47,whoscored
1914239,63,home,442,80241,47,62,whoscored
1914239,63,home,442,80241,62,64,whoscored
1914239,63,home,3421,80241,64,93,whoscored
1914239,2783,away,4231,444239,0,57,whoscored
1914239,2783,away,4231,24400,57,64,whoscored
1914239,2783,away,4231,24400,64,78,whoscored
1914239,2783,away,4231,24400,78,93,whoscored
1914240,70,home,4231,73265,0,64,whoscored
1914240,70,home,4231,73265,64,64,whoscored
1914240,70,home,4231,73265,64,76,whoscored
1914240,70,home,4231,73265,76,95,whoscored
1914240,52,away,442,344644,0,13,whoscored
1914240,52,away,442,344644,13,56,whoscored
1914240,52,away,4231,344644,56,87,whoscored
1914240,52,away,4231,344644,87,95,whoscored
1914241,65,home,433,29400,0,47,whoscored
1914241,65,home,433,29400,47,64,whoscored
1914241,65,home,433,29400,64,65,whoscored
1914241,65,home,433,29400,65,76,whoscored
1914241,65,home,4231,29400,76,86,whoscored
1914241,65,home,4231,384711,86,92,whoscored
1914241,54,away,4141,125211,0,47,whoscored
1914241,54,away,4231,82989,47,80,whoscored
1914241,54,away,4231,82989,80,81,whoscored
1914241,54,away,4231,82989,81,86,whoscored
1914241,54,away,4231,82989,86,92,whoscored
1914242,819,home,532,243262,0,11,whoscored
1914242,819,home,532,243262,11,51,whoscored
1914242,819,home,4231,243262,51,84,whoscored
1914242,819,home,4231,243262,84,85,whoscored
1914242,819,home,4231,243262,85,96,whoscored
1914242,64,away,4231,101613,0,73,whoscored
1914242,64,away,4231,101613,73,75,whoscored
1914242,64,away,4231,101613,75,96,whoscored
1914242,64,away,4231,101613,96,96,whoscored
1914243,833,home,352,108100,0,68,whoscored
1914243,833,home,352,108100,68,86,whoscored
1914243,833,home,352,108100,86,86,whoscored
1914243,833,home,352,108100,86,87,whoscored
1914243,833,home,352,108100,87,88,whoscored
1914243,833,home,352,108100,88,89,whoscored
1914243,833,home,352,108100,89,94,whoscored
1914243,819,away,532,332990,0,37,whoscored
1914243,819,away,532,332990,37,39,whoscored
1914243,819,away,532,279320,39,55,whoscored
1914243,819,away,532,279320,55,56,whoscored
1914243,819,away,541,279320,56,73,whoscored
1914243,819,away,541,279320,73,74,whoscored
1914243,819,away,541,279320,74,87,whoscored
1914243,819,away,541,279320,87,95,whoscored
1914244,2783,home,4231,444239,0,72,whoscored
1914244,2783,home,4231,24400,72,76,whoscored
1914244,2783,home,4231,24400,76,94,whoscored
1914244,51,away,4312,142387,0,48,whoscored
1914244,51,away,4312,142387,48,68,whoscored
1914244,51,away,4231,142387,68,73,whoscored
1914244,51,away,4231,142387,73,74,whoscored
1914244,51,away,4231,142387,74,80,whoscored
1914244,51,away,4231,142387,80,81,whoscored
1914244,51,away,4231,142387,81,94,whoscored
1914245,832,home,442,388808,0,22,whoscored
1914245,832,home,442,388808,22,67,whoscored
1914245,832,home,442,388808,67,94,whoscored
1914245,832,home,442,388808,94,94,whoscored
1914245,832,home,442,388808,94,94,whoscored
1914245,832,home,442,388808,94,99,whoscored
1914245,51,away,4312,142387,0,48,whoscored
1914245,51,away,4312,142387,48,63,whoscored
1914245,51,away,433,142387,63,71,whoscored
1914245,51,away,433,423420,71,81,whoscored
1914245,51,away,433,423420,81,99,whoscored
1914246,64,home,4231,16942,0,68,whoscored
1914246,64,home,4231,16942,68,75,whoscored
1914246,64,home,4231,16942,75,76,whoscored
1914246,64,home,4231,422958,76,83,whoscored
1914246,64,home,4231,422958,83,84,whoscored
1914246,64,home,4231,422958,84,96,whoscored
1914246,839,away,442,362735,0,48,whoscored
1914246,839,away,442,362735,48,65,whoscored
1914246,839,away,442,362735,65,66,whoscored
1914246,839,away,442,97659,66,74,whoscored
1914246,839,away,442,97659,74,79,whoscored
1914246,839,away,442,97659,79,96,whoscored
1914247,55,home,442,119817,0,60,whoscored
1914247,55,home,442,119817,60,74,whoscored
1914247,55,home,442,119817,74,74,whoscored
1914247,55,home,442,119817,74,83,whoscored
1914247,55,home,442,119817,83,98,whoscored
1914247,63,away,451,126278,0,64,whoscored
1914247,63,away,442,126278,64,74,whoscored
1914247,63,away,442,126278,74,98,whoscored
1914247,63,away,442,126278,98,98,whoscored
1914248,68,home,4231,256864,0,62,whoscored
1914248,68,home,4231,298839,62,84,whoscored
1914248,68,home,4231,298839,84,89,whoscored
1914248,68,home,4231,298839,89,99,whoscored
1914248,55,away,442,427831,0,78,whoscored
1914248,55,away,442,427831,78,78,whoscored
1914248,55,away,442,427831,78,79,whoscored
1914248,55,away,442,427831,79,79,whoscored
1914248,55,away,442,427831,79,81,whoscored
1914248,55,away,442,427831,81,88,whoscored
1914248,55,away,442,427831,88,99,whoscored
1914249,61,home,4231,4522,0,47,whoscored
1914249,61,home,4231,4522,47,67,whoscored
1914249,61,home,4231,4522,67,80,whoscored
1914249,61,home,4231,4522,80,86,whoscored
1914249,61,home,4231,4522,86,94,whoscored
1914249,60,away,352,409467,0,47,whoscored
1914249,60,away,352,409467,47,69,whoscored
1914249,60,away,352,409467,69,70,whoscored
1914249,60,away,541,409467,70,83,whoscored
1914249,60,away,541,409467,83,88,whoscored
1914249,60,away,541,409467,88,94,whoscored
1914250,131,home,4231,119189,0,60,whoscored
1914250,131,home,442,119189,60,69,whoscored
1914250,131,home,442,119189,69,80,whoscored
1914250,131,home,3412,119189,80,95,whoscored
1914250,70,away,442,73265,0,57,whoscored
1914250,70,away,442,73265,57,66,whoscored
1914250,70,away,4141,73265,66,78,whoscored
1914250,70,away,4141,73265,78,87,whoscored
1914250,70,away,541,73265,87,95,whoscored
1914251,67,home,442,77417,0,54,whoscored
1914251,67,home,442,77417,54,55,whoscored
1914251,67,home,442,77417,55,55,whoscored
1914251,67,home,442,77417,55,71,whoscored
1914251,67,home,442,77417,71,79,whoscored
1914251,67,home,442,317630,79,93,whoscored
1914251,52,away,433,106883,0,71,whoscored
1914251,52,away,433,106883,71,78,whoscored
1914251,52,away,442,106883,78,88,whoscored
1914251,52,away,442,106883,88,93,whoscored
1914252,60,home,352,409467,0,32,whoscored
1914252,60,home,352,409467,32,78,whoscored
1914252,60,home,352,409467,78,88,whoscored
1914252,60,home,352,409467,88,88,whoscored
1914252,60,home,352,409467,88,95,whoscored
1914252,64,away,4231,422958,0,37,whoscored
1914252,64,away,4231,422958,37,50,whoscored
1914252,64,away,4231,422958,50,65,whoscored
1914252,64,away,4231,294123,65,92,whoscored
1914252,64,away,4231,294123,92,95,whoscored
1914253,54,home,4231,73399,0,59,whoscored
1914253,54,home,4231,73399,59,84,whoscored
1914253,54,home,4231,73399,84,85,whoscored
1914253,54,home,4231,73399,85,94,whoscored
1914253,832,away,4231,388808,0,51,whoscored
1914253,832,away,4231,388808,51,83,whoscored
1914253,832,away,4231,388808,83,83,whoscored
1914253,832,away,4231,388808,83,91,whoscored
1914253,832,away,4231,383780,91,94,whoscored
1914254,62,home,343,91242,0,67,whoscored
1914254,62,home,343,91242,67,68,whoscored
1914254,62,home,343,259042,68,76,whoscored
1914254,62,home,343,259042,76,76,whoscored
1914254,62,home,343,259042,76,77,whoscored
1914254,62,home,343,84008,77,95,whoscored
1914254,62,home,343,84008,95,95,whoscored
1914254,67,away,433,25931,0,66,whoscored
1914254,67,away,442,25931,66,79,whoscored
1914254,67,away,442,25931,79,88,whoscored
1914254,67,away,442,25931,88,95,whoscored
1914255,70,home,442,73265,0,49,whoscored
1914255,70,home,3421,73265,49,70,whoscored
1914255,70,home,3421,73265,70,75,whoscored
1914255,70,home,3421,73265,75,82,whoscored
1914255,70,home,3421,73265,82,94,whoscored
1914255,68,away,442,315566,0,71,whoscored
1914255,68,away,442,315566,71,71,whoscored
1914255,68,away,442,315566,71,80,whoscored
1914255,68,away,442,298839,80,93,whoscored
1914255,68,away,442,298839,93,94,whoscored
1914256,52,home,442,106883,0,73,whoscored
1914256,52,home,442,106883,73,77,whoscored
1914256,52,home,442,106883,77,87,whoscored
1914256,52,home,442,344644,87,92,whoscored
1914256,53,away,4231,255182,0,49,whoscored
1914256,53,away,4231,255182,49,63,whoscored
1914256,53,away,4231,291686,63,77,whoscored
1914256,53,away,4231,291686,77,88,whoscored
1914256,53,away,4231,291686,88,92,whoscored
1914257,839,home,442,28186,0,71,whoscored
1914257,839,home,442,28186,71,72,whoscored
1914257,839,home,442,448209,72,80,whoscored
1914257,839,home,442,448209,80,90,whoscored
1914257,63,away,433,80764,0,51,whoscored
1914257,63,away,442,80764,51,66,whoscored
1914257,63,away,442,80764,66,90,whoscored
1914258,55,home,442,427831,0,57,whoscored
1914258,55,home,442,427831,57,85,whoscored
1914258,55,home,442,427831,85,85,whoscored
1914258,55,home,442,427831,85,86,whoscored
1914258,55,home,541,427831,86,99,whoscored
1914258,65,away,4231,384711,0,51,whoscored
1914258,65,away,4231,29400,51,67,whoscored
1914258,65,away,4231,29400,67,88,whoscored
1914258,65,away,4231,29400,88,99,whoscored
1914259,2783,home,4141,444239,0,62,whoscored
1914259,2783,home,4141,24400,62,71,whoscored
1914259,2783,home,4141,24400,71,81,whoscored
1914259,2783,home,4141,24400,81,97,whoscored
1914259,833,away,4141,108100,0,50,whoscored
1914259,833,away,4141,108100,50,79,whoscored
1914259,833,away,541,108100,79,88,whoscored
1914259,833,away,541,108100,88,95,whoscored
1914259,833,away,541,108100,95,97,whoscored
1914260,819,home,532,322772,0,85,whoscored
1914260,819,home,532,322772,85,92,whoscored
1914260,819,home,541,322772,92,96,whoscored
1914260,131,away,532,381673,0,71,whoscored
1914260,131,away,532,381673,71,71,whoscored
1914260,131,away,532,381673,71,74,whoscored
1914260,131,away,442,381673,74,84,whoscored
1914260,131,away,442,381673,84,85,whoscored
1914260,131,away,442,381673,85,96,whoscored
1914261,51,home,41212,142387,0,56,whoscored
1914261,51,home,41212,142387,56,57,whoscored
1914261,51,home,41212,294006,57,64,whoscored
1914261,51,home,41212,294006,64,65,whoscored
1914261,51,home,41212,294006,65,88,whoscored
1914261,51,home,41212,294006,88,93,whoscored
1914261,61,away,4231,4522,0,49,whoscored
1914261,61,away,4231,4522,49,66,whoscored
1914261,61,away,4231,4522,66,66,whoscored
1914261,61,away,4231,4522,66,70,whoscored
1914261,61,away,442,300918,70,80,whoscored
1914261,61,away,442,300918,80,80,whoscored
1914261,61,away,442,300918,80,93,whoscored
