match_id_ss,player_id_ss,player_name,team_id_ss,minute,x,y,xg,result,shot_type,situation,data_source
14028525,1015627,Jacob Trenskow,,90,15.3,69.1,0.0167,miss,right-foot,corner,sofascore
14028525,1597274,Maher Carrizo,,90,15.7,29.9,0.0328,save,left-foot,fast-break,sofascore
14028525,1120315,Anton Gaaei,,89,15.3,69.3,0.0558,miss,right-foot,regular,sofascore
14028525,1000228,Youri Baas,,87,12.0,45.2,0.0213,miss,head,corner,sofascore
14028525,1597274,Maher Carrizo,,86,15.1,51.7,0.0644,block,right-foot,regular,sofascore
14028525,1597274,Maher Carrizo,,86,15.0,53.8,0.0549,block,left-foot,regular,sofascore
14028525,1597274,Maher Carrizo,,85,14.3,54.8,0.2239,save,left-foot,assisted,sofascore
14028525,1015627,Jacob Trenskow,,83,13.9,48.1,0.0768,miss,right-foot,assisted,sofascore
14028525,825843,Dylan Vente,,82,2.3,47.3,0.495,save,right-foot,corner,sofascore
14028525,992018,Ringo Meerveld,,82,3.1,50.9,0.3559,save,right-foot,corner,sofascore
14028525,996986,Luca Oyen,,81,9.2,32.9,0.075,block,right-foot,assisted,sofascore
14028525,795761,Kasper Dolberg,,80,18.4,47.2,0.0759,save,right-foot,assisted,sofascore
14028525,1150061,Oliver Braude,,79,27.4,66.2,0.0148,miss,right-foot,assisted,sofascore
14028525,1015627,Jacob Trenskow,,74,8.3,51.3,0.2401,miss,left-foot,assisted,sofascore
14028525,1859920,Sean Steur,,72,20.1,59.6,0.0354,save,left-foot,corner,sofascore
14028525,1149146,Mika Godts,,72,9.9,37.8,0.0897,block,left-foot,assisted,sofascore
14028525,1403090,Rayane Bounida,,71,12.9,66.2,0.0425,block,left-foot,assisted,sofascore
14028525,1120315,Anton Gaaei,,67,23.8,41.2,0.0553,block,right-foot,free-kick,sofascore
14028525,100386,Steven Berghuis,,65,18.8,65.4,0.0365,miss,left-foot,assisted,sofascore
14028525,1563462,Jorthy Mokio,,63,4.0,60.9,0.0529,miss,head,corner,sofascore
14028525,825843,Dylan Vente,,62,5.4,72.4,0.0302,save,right-foot,assisted,sofascore
14028525,252215,Wout Weghorst,,56,9.5,46.6,0.0721,miss,head,assisted,sofascore
14028525,847072,Sam Kersten,,54,5.1,66.4,0.0738,miss,right-foot,assisted,sofascore
14028525,1015627,Jacob Trenskow,,49,20.6,63.0,0.0431,block,left-foot,corner,sofascore
14028525,825843,Dylan Vente,,48,9.7,47.9,0.0844,block,left-foot,assisted,sofascore
14028525,100386,Steven Berghuis,,47,22.9,47.2,0.0344,miss,left-foot,assisted,sofascore
14028525,1120315,Anton Gaaei,,45,22.9,75.6,0.0219,miss,right-foot,assisted,sofascore
14028525,1859920,Sean Steur,,42,21.2,57.5,0.0549,miss,right-foot,assisted,sofascore
14028525,1859920,Sean Steur,,40,10.5,60.7,0.1468,miss,left-foot,assisted,sofascore
14028525,252215,Wout Weghorst,,39,6.9,71.6,0.0269,miss,right-foot,assisted,sofascore
14028525,1120315,Anton Gaaei,,37,20.6,73.5,0.0199,save,right-foot,assisted,sofascore
14028525,970860,Lucas Rosa,,37,22.6,48.6,0.0332,block,right-foot,corner,sofascore
14028525,992018,Ringo Meerveld,,31,23.8,25.0,0.0144,miss,right-foot,assisted,sofascore
14028525,252215,Wout Weghorst,,23,7.6,48.5,0.1096,miss,head,assisted,sofascore
14028525,825843,Dylan Vente,,21,17.5,63.2,0.0326,save,right-foot,assisted,sofascore
14028525,996986,Luca Oyen,,14,14.2,56.2,0.1145,save,right-foot,corner,sofascore
14028525,1015627,Jacob Trenskow,,12,23.5,48.5,0.0191,block,left-foot,corner,sofascore
14028525,1015627,Jacob Trenskow,,6,21.2,45.2,0.0691,save,left-foot,assisted,sofascore
14028525,1859920,Sean Steur,,3,8.0,60.5,0.1691,save,right-foot,assisted,sofascore
14028526,1130306,Jayden Candelaria,,90,19.8,32.3,0.0456,miss,left-foot,assisted,sofascore
14028526,1004278,Alexandre Penetra,,90,8.3,52.9,0.1012,miss,head,corner,sofascore
14028526,1153117,Mexx Meerdink,,90,21.9,32.7,0.0259,miss,left-foot,regular,sofascore
14028526,1153117,Mexx Meerdink,,90,16.2,64.0,0.0706,goal,right-foot,assisted,sofascore
14028526,1149147,Juho Talvitie,,89,17.6,70.8,0.017,goal,left-foot,assisted,sofascore
14028526,1648756,Ayoub Oufkir,,84,5.0,34.2,0.1331,save,left-foot,assisted,sofascore
14028526,980671,Sven Mijnans,,84,10.2,51.5,0.1655,miss,left-foot,regular,sofascore
14028526,27035,André Ayew,,72,14.3,71.2,0.0476,save,left-foot,fast-break,sofascore
14028526,1461935,Moussa Soumano,,71,22.3,42.7,0.045,goal,right-foot,assisted,sofascore
14028526,1012927,Rio Hillen,,63,17.8,47.2,0.0401,miss,left-foot,assisted,sofascore
14028526,1461935,Moussa Soumano,,61,5.6,49.8,0.4982,goal,head,assisted,sofascore
14028526,922018,Peer Koopmeiners,,59,14.4,39.4,0.1035,block,left-foot,regular,sofascore
14028526,1148468,Weslley Patati,,59,14.4,64.3,0.0347,save,left-foot,assisted,sofascore
14028526,116946,Jordy Clasie,,57,20.8,53.4,0.0166,post,right-foot,corner,sofascore
14028526,336811,Clint Leemans,,52,20.3,45.0,0.0476,save,left-foot,assisted,sofascore
14028526,1461935,Moussa Soumano,,50,13.8,58.8,0.0548,save,right-foot,assisted,sofascore
14028526,1153117,Mexx Meerdink,,48,27.7,57.0,0.0199,save,left-foot,assisted,sofascore
14028526,980671,Sven Mijnans,,45,25.2,46.9,0.0434,block,left-foot,assisted,sofascore
14028526,336811,Clint Leemans,,34,18.7,50.1,0.0447,block,left-foot,regular,sofascore
14028526,1386461,Elijah Dijkstra,,33,8.6,53.4,0.1304,save,head,assisted,sofascore
14028526,927440,Kamal Sowah,,31,19.4,52.1,0.0575,save,left-foot,assisted,sofascore
14028526,1145989,Ro-Zangelo Daal,,29,9.1,42.4,0.0981,save,left-foot,assisted,sofascore
14028526,2197943,Pepijn Reulen,,25,6.0,50.9,0.4311,save,head,assisted,sofascore
14028526,1461935,Moussa Soumano,,24,23.4,54.2,0.0628,save,right-foot,assisted,sofascore
14028526,571964,Enes Mahmutović,,22,9.5,54.8,0.2664,miss,right-foot,assisted,sofascore
14028526,336811,Clint Leemans,,21,7.9,38.8,0.0838,save,left-foot,assisted,sofascore
14028526,1461935,Moussa Soumano,,16,7.9,56.6,0.197,save,right-foot,assisted,sofascore
14028526,1145982,Wouter Goes,,16,7.9,46.5,0.1028,save,head,corner,sofascore
14028526,980671,Sven Mijnans,,13,7.7,50.5,0.1173,save,head,assisted,sofascore
14028526,1638685,Mateo Chávez,,12,4.3,36.2,0.3612,goal,left-foot,assisted,sofascore
14028526,336811,Clint Leemans,,11,15.6,39.6,0.0404,miss,left-foot,set-piece,sofascore
14028526,336811,Clint Leemans,,11,19.2,39.4,0.105,block,left-foot,free-kick,sofascore
14028526,980671,Sven Mijnans,,8,14.0,35.8,0.0721,goal,left-foot,set-piece,sofascore
14028527,1403090,Rayane Bounida,,90,12.8,62.0,0.0511,post,left-foot,assisted,sofascore
14028527,927440,Kamal Sowah,,90,28.5,49.1,0.0126,miss,left-foot,assisted,sofascore
14028527,1149130,Brahim Ghalidi,,88,17.9,33.3,0.0433,block,right-foot,regular,sofascore
14028527,27035,André Ayew,,87,6.7,49.1,0.5078,miss,left-foot,assisted,sofascore
14028527,927440,Kamal Sowah,,84,27.7,46.9,0.0096,miss,left-foot,corner,sofascore
14028527,1135884,Lewis Holtby,,82,13.9,43.8,0.0681,miss,left-foot,regular,sofascore
14028527,1088895,Mohamed Nassoh,,81,26.5,34.9,0.0232,block,right-foot,assisted,sofascore
14028527,1149146,Mika Godts,,79,12.2,42.9,0.2534,save,right-foot,fast-break,sofascore
14028527,1135884,Lewis Holtby,,75,13.9,60.5,0.0736,miss,right-foot,throw-in-set-piece,sofascore
14028527,27035,André Ayew,,71,8.3,50.5,0.0758,miss,head,corner,sofascore
14028527,927440,Kamal Sowah,,70,14.2,35.3,0.0381,save,left-foot,regular,sofascore
14028527,1096511,Maximilien Balard,,70,20.6,36.8,0.0222,block,right-foot,assisted,sofascore
14028527,2197943,Pepijn Reulen,,67,4.1,47.6,0.2174,miss,head,corner,sofascore
14028527,27035,André Ayew,,56,6.1,50.7,0.1516,block,head,corner,sofascore
14028527,1563462,Jorthy Mokio,,54,10.1,52.3,0.1428,save,head,assisted,sofascore
14028527,1155158,Oscar Gloukh,,54,26.7,59.5,0.0224,block,left-foot,corner,sofascore
14028527,1088895,Mohamed Nassoh,,53,25.0,29.9,0.0243,save,right-foot,regular,sofascore
14028527,1088895,Mohamed Nassoh,,48,15.2,36.8,0.0178,block,left-foot,corner,sofascore
14028527,1083398,Raul Paula,,47,13.0,65.6,0.0394,save,right-foot,corner,sofascore
14028527,1149146,Mika Godts,,41,3.5,45.1,0.9554,goal,left-foot,fast-break,sofascore
14028527,1083398,Raul Paula,,35,18.9,49.5,0.0708,block,right-foot,set-piece,sofascore
14028527,990814,Charles-Andreas Brym,,30,13.9,30.9,0.0329,block,right-foot,fast-break,sofascore
14028527,1155158,Oscar Gloukh,,20,6.3,54.4,0.706,goal,right-foot,assisted,sofascore
14028527,1096511,Maximilien Balard,,17,25.4,48.1,0.0267,miss,right-foot,assisted,sofascore
14028527,990814,Charles-Andreas Brym,,16,13.6,55.0,0.0712,miss,right-foot,regular,sofascore
14028527,990814,Charles-Andreas Brym,,9,32.4,61.7,0.0243,miss,right-foot,fast-break,sofascore
14028527,970860,Lucas Rosa,,9,17.2,33.1,0.0582,save,right-foot,assisted,sofascore
14028527,252215,Wout Weghorst,,6,8.0,46.8,0.0992,save,head,assisted,sofascore
14028527,1083398,Raul Paula,,5,18.1,53.0,0.0773,block,left-foot,regular,sofascore
14028528,277331,Alen Halilović,,90,9.1,46.0,0.1057,miss,left-foot,regular,sofascore
14028528,929633,Mohamed Ihattaren,,90,24.3,72.0,0.0157,save,left-foot,assisted,sofascore
14028528,946505,Lance Duijvestijn,,86,26.5,35.9,0.0183,miss,right-foot,assisted,sofascore
14028528,961686,Syb Van Ottele,,84,29.1,66.4,0.0193,miss,right-foot,assisted,sofascore
14028528,1433802,Gjivai Zechiël,,78,21.8,37.2,0.0223,block,right-foot,assisted,sofascore
14028528,78730,Ivo Pinto,,72,25.4,61.3,0.0165,miss,right-foot,corner,sofascore
14028528,1048758,Jasper Dahlhaus,,71,14.7,31.9,0.0287,block,left-foot,corner,sofascore
14028528,946505,Lance Duijvestijn,,66,26.8,53.0,0.0347,miss,right-foot,assisted,sofascore
14028528,966429,David Min,,65,9.4,54.5,0.5216,goal,right-foot,assisted,sofascore
14028528,1433802,Gjivai Zechiël,,58,25.4,35.5,0.0446,block,right-foot,free-kick,sofascore
14028528,1433802,Gjivai Zechiël,,54,14.2,38.5,0.0852,post,right-foot,assisted,sofascore
14028528,855847,Kaj Sierhuis,,53,26.8,69.9,0.0182,miss,right-foot,assisted,sofascore
14028528,1010846,Yassin Oukili,,51,22.9,65.4,0.0399,miss,right-foot,regular,sofascore
14028528,834597,Jesper Karlsson,,43,19.0,30.7,0.0099,save,right-foot,set-piece,sofascore
14028528,855854,Dani De Wit,,39,7.6,49.4,0.1675,goal,right-foot,assisted,sofascore
14028528,1433802,Gjivai Zechiël,,39,18.9,40.5,0.0683,block,left-foot,regular,sofascore
14028528,947842,Mike Eerdhuijzen,,38,9.3,53.4,0.0511,miss,head,corner,sofascore
14028528,1433802,Gjivai Zechiël,,38,2.3,34.0,0.0509,save,right-foot,assisted,sofascore
14028528,961678,Neraysho Kasanwirjo,,36,22.8,62.4,0.0407,miss,left-foot,assisted,sofascore
14028528,591044,Dimitris Limnios,,34,14.1,41.5,0.0543,block,right-foot,corner,sofascore
14028528,961686,Syb Van Ottele,,33,31.5,47.3,0.013,save,right-foot,set-piece,sofascore
14028528,855854,Dani De Wit,,29,10.2,51.1,0.1152,miss,right-foot,fast-break,sofascore
14028528,991679,Souffian El Karouani,,28,12.9,37.6,0.0406,miss,left-foot,corner,sofascore
14028528,855854,Dani De Wit,,16,8.3,59.0,0.1239,post,left-foot,assisted,sofascore
14028528,1433802,Gjivai Zechiël,,16,12.9,42.8,0.1296,block,right-foot,regular,sofascore
14028528,946505,Lance Duijvestijn,,14,17.8,39.1,0.0889,block,right-foot,assisted,sofascore
14028528,837010,Niklas Vesterlund,,12,8.5,55.0,0.0811,miss,head,set-piece,sofascore
14028528,149731,Sébastien Haller,,10,7.8,49.6,0.2251,save,head,assisted,sofascore
14028528,1105700,Yoann Cathline,,9,9.4,60.6,0.0532,miss,right-foot,assisted,sofascore
14028528,1105700,Yoann Cathline,,5,10.1,62.7,0.0952,block,right-foot,assisted,sofascore
14028528,1433802,Gjivai Zechiël,,4,24.6,35.8,0.0151,miss,right-foot,assisted,sofascore
14028529,1218066,Anis Hadj Moussa,,87,13.0,56.8,0.1442,goal,left-foot,assisted,sofascore
14028529,1049446,Olivier Aertssen,,83,30.5,59.5,0.0154,miss,right-foot,throw-in-set-piece,sofascore
14028529,957937,Casper Tengstedt,,81,17.6,51.7,0.1257,miss,right-foot,regular,sofascore
14028529,1049446,Olivier Aertssen,,81,24.8,57.7,0.0273,block,left-foot,regular,sofascore
14028529,1218066,Anis Hadj Moussa,,79,13.3,56.0,0.1351,goal,left-foot,assisted,sofascore
14028529,1144138,Jordan Bos,,77,21.4,50.1,0.0922,miss,right-foot,assisted,sofascore
14028529,846003,Odysseus Velanas,,69,13.2,53.6,0.0228,miss,head,assisted,sofascore
14028529,1218066,Anis Hadj Moussa,,68,14.1,58.3,0.18,block,left-foot,fast-break,sofascore
14028529,815080,Jamiro Monteiro,,65,9.7,32.5,0.0577,miss,right-foot,assisted,sofascore
14028529,1939011,Tobias van den Elshout,,59,17.8,46.7,0.079,miss,right-foot,assisted,sofascore
14028529,876233,Thijs Oosting,,57,22.0,66.9,0.0106,miss,left-foot,assisted,sofascore
14028529,121588,Gernot Trauner,,55,7.2,51.9,0.1226,miss,head,corner,sofascore
14028529,957937,Casper Tengstedt,,54,3.8,46.7,0.7821,save,right-foot,regular,sofascore
14028529,138534,Raheem Sterling,,54,14.1,26.0,0.0275,save,right-foot,assisted,sofascore
14028529,1388535,Givairo Read,,47,9.1,41.1,0.0634,miss,right-foot,corner,sofascore
14028529,1939011,Tobias van den Elshout,,46,9.8,55.8,0.1131,block,right-foot,assisted,sofascore
14028529,1218066,Anis Hadj Moussa,,44,22.0,62.4,0.0323,miss,left-foot,assisted,sofascore
14028529,1144138,Jordan Bos,,42,10.4,42.7,0.0827,save,right-foot,corner,sofascore
14028529,121588,Gernot Trauner,,41,7.3,44.4,0.0713,save,head,corner,sofascore
14028529,847073,Koen Kostons,,34,13.3,58.3,0.561,save,right-foot,fast-break,sofascore
14028529,957937,Casper Tengstedt,,30,11.0,55.6,0.3637,save,right-foot,assisted,sofascore
14028529,1939011,Tobias van den Elshout,,27,24.0,56.2,0.0288,miss,right-foot,assisted,sofascore
14028529,957937,Casper Tengstedt,,26,7.7,39.9,0.2105,block,right-foot,assisted,sofascore
14028529,957937,Casper Tengstedt,,23,3.0,61.3,0.1735,miss,right-foot,corner,sofascore
14028529,1388535,Givairo Read,,16,10.8,60.1,0.1505,miss,right-foot,assisted,sofascore
14028529,927155,Simon Graves,,11,11.3,45.0,0.0248,post,head,set-piece,sofascore
14028529,1121400,Luciano Valente,,9,21.4,33.0,0.0405,save,right-foot,assisted,sofascore
14028529,957937,Casper Tengstedt,,5,22.6,41.9,0.0583,block,right-foot,assisted,sofascore
14028529,1939011,Tobias van den Elshout,,2,19.7,42.3,0.0347,miss,right-foot,regular,sofascore
14028530,196082,Robin Pröpper,,89,26.6,51.7,0.0571,miss,right-foot,free-kick,sofascore
14028530,1063767,Ismael Saibari,,87,10.5,63.6,0.1014,miss,left-foot,assisted,sofascore
14028530,986395,Ricardo Pepi,,84,11.5,50.0,0.7884,goal,right-foot,penalty,sofascore
14028530,1063767,Ismael Saibari,,82,10.4,54.1,0.2511,miss,left-foot,assisted,sofascore
14028530,986395,Ricardo Pepi,,78,10.7,63.2,0.1572,miss,right-foot,fast-break,sofascore
14028530,989882,Ramiz Zerrouki,,70,27.1,40.5,0.0378,miss,right-foot,free-kick,sofascore
14028530,986395,Ricardo Pepi,,68,3.2,41.3,0.1973,miss,head,assisted,sofascore
14028530,961684,Anass Salah-Eddine,,67,24.8,37.0,0.04,block,left-foot,assisted,sofascore
14028530,1091923,Stav Lemkin,,65,7.0,56.6,0.0545,block,head,corner,sofascore
14028530,966546,Mathias Kjølø,,64,15.6,37.6,0.0756,save,left-foot,regular,sofascore
14028530,1200962,Sondre Ørjasæter,,64,9.7,45.4,0.0727,block,right-foot,assisted,sofascore
14028530,1048430,Daan Rots,,61,3.5,58.9,0.0899,block,head,assisted,sofascore
14028530,1184317,Yarek Gasiorowski,,59,7.4,49.9,0.1004,save,head,corner,sofascore
14028530,845798,Guus Til,,56,18.5,53.0,0.0739,goal,left-foot,assisted,sofascore
14028530,812145,Dennis Man,,53,13.8,69.7,0.0194,goal,left-foot,assisted,sofascore
14028530,1886213,Noah Fernandez,,44,20.7,52.3,0.0598,goal,right-foot,assisted,sofascore
14028530,804901,Sam Lammers,,41,16.6,64.1,0.0416,miss,left-foot,assisted,sofascore
14028530,1890313,Ruud Nijstad,,40,30.3,46.6,0.019,miss,left-foot,assisted,sofascore
14028530,1142678,Daouda Weidmann,,40,7.0,38.5,0.2109,save,right-foot,assisted,sofascore
14028530,1200962,Sondre Ørjasæter,,35,10.0,39.9,0.1187,save,right-foot,assisted,sofascore
14028530,1200962,Sondre Ørjasæter,,34,7.1,45.2,0.0956,miss,head,assisted,sofascore
14028530,1146018,Paul Wanner,,30,12.3,47.4,0.6361,miss,left-foot,regular,sofascore
14028530,1146018,Paul Wanner,,30,19.1,48.9,0.1049,save,right-foot,assisted,sofascore
14028530,1890313,Ruud Nijstad,,29,7.3,42.3,0.0501,miss,head,corner,sofascore
14028530,946506,Bart van Rooij,,27,26.2,64.8,0.0167,miss,right-foot,regular,sofascore
14028530,1200962,Sondre Ørjasæter,,16,12.8,34.0,0.0747,goal,right-foot,fast-break,sofascore
14028530,1046960,Ryan Flamingo,,15,4.2,49.8,0.2261,goal,head,corner,sofascore
14028530,1048430,Daan Rots,,7,14.5,65.3,0.0875,block,left-foot,assisted,sofascore
14028530,1160026,Kristian Hlynsson,,6,10.9,44.2,0.3021,save,right-foot,assisted,sofascore
14028530,1160026,Kristian Hlynsson,,3,7.0,68.5,0.0285,save,right-foot,corner,sofascore
14028530,989882,Ramiz Zerrouki,,2,25.4,47.3,0.0303,block,right-foot,regular,sofascore
14028531,313264,Henk Veerman,,90,6.9,65.2,0.0188,miss,head,assisted,sofascore
14028531,156676,Robert Mühren,,90,9.6,35.5,0.0718,save,right-foot,assisted,sofascore
14028531,1146002,Dave Kwakman,,90,20.7,73.4,0.0089,save,left-foot,corner,sofascore
14028531,1066319,Patrick Brouwer,,90,45.6,51.1,0.0204,miss,right-foot,fast-break,sofascore
14028531,788971,Juninho Bacuna,,90,10.7,35.2,0.0515,block,right-foot,corner,sofascore
14028531,313264,Henk Veerman,,90,7.9,56.8,0.059,save,head,assisted,sofascore
14028531,788971,Juninho Bacuna,,90,22.6,37.4,0.0623,save,right-foot,free-kick,sofascore
14028531,268701,Ronald Koeman Jr,,89,11.5,50.0,0.7884,goal,right-foot,penalty,sofascore
14028531,313264,Henk Veerman,,84,7.1,57.9,0.0409,miss,head,corner,sofascore
14028531,1523582,Nick Verschuren,,76,4.2,55.8,0.1796,block,head,set-piece,sofascore
14028531,1008697,Anthony Descotte,,75,9.8,48.9,0.1158,save,right-foot,assisted,sofascore
14028531,252885,Brandley Kuwas,,75,14.0,33.6,0.0414,block,left-foot,regular,sofascore
14028531,1548838,Soufiane Hetli,,70,13.8,46.0,0.21,block,right-foot,assisted,sofascore
14028531,996982,Yannick Leliendal,,62,23.4,36.8,0.0245,block,left-foot,assisted,sofascore
14028531,1520752,Benjamin Pauwels,,55,21.0,25.0,0.0277,block,right-foot,throw-in-set-piece,sofascore
14028531,106154,Mawouna Amevor,,54,8.5,56.4,0.0294,block,head,corner,sofascore
14028531,1008697,Anthony Descotte,,54,9.3,66.7,0.0673,save,right-foot,fast-break,sofascore
14028531,302690,Danny Bakker,,44,7.6,49.3,0.1381,goal,head,set-piece,sofascore
14028531,1548834,Sem van Duijn,,39,8.5,45.6,0.139,miss,head,assisted,sofascore
14028531,1008697,Anthony Descotte,,32,6.7,45.8,0.1521,save,right-foot,assisted,sofascore
14028531,1520752,Benjamin Pauwels,,25,20.7,30.5,0.0279,block,right-foot,fast-break,sofascore
14028531,1150154,Nils Rossen,,16,19.4,52.6,0.0374,block,left-foot,throw-in-set-piece,sofascore
14028531,302690,Danny Bakker,,15,10.1,57.7,0.1304,block,right-foot,throw-in-set-piece,sofascore
14028531,1008697,Anthony Descotte,,2,20.6,61.5,0.0858,goal,right-foot,assisted,sofascore
14028532,1470010,Dies Janse,,90,30.5,36.4,0.0117,miss,left-foot,assisted,sofascore
14028532,138534,Raheem Sterling,,89,13.6,47.7,0.0896,block,right-foot,assisted,sofascore
14028532,1413536,Thom van Bergen,,86,9.5,50.1,0.8903,goal,right-foot,assisted,sofascore
14028532,907520,Brynjólfur Darri Willumsson,,79,15.9,50.3,0.0475,miss,right-foot,assisted,sofascore
14028532,985823,Ayase Ueda,,67,18.2,38.5,0.0932,goal,right-foot,assisted,sofascore
14028532,1384486,Thijs Kraaijeveld,,66,18.4,52.1,0.0597,block,right-foot,assisted,sofascore
14028532,1878212,David van der Werff,,54,20.1,57.7,0.0573,block,left-foot,assisted,sofascore
14028532,985823,Ayase Ueda,,48,10.7,54.6,0.3406,save,left-foot,fast-break,sofascore
14028532,827103,Marco Rente,,48,6.3,74.6,0.0104,miss,right-foot,assisted,sofascore
14028532,827103,Marco Rente,,47,16.2,72.7,0.0269,block,right-foot,assisted,sofascore
14028532,1413536,Thom van Bergen,,34,2.4,42.2,0.1347,miss,head,corner,sofascore
14028532,1218066,Anis Hadj Moussa,,32,16.2,37.5,0.0501,block,right-foot,corner,sofascore
14028532,1146623,Younes Taha,,28,21.1,37.1,0.054,miss,left-foot,regular,sofascore
14028532,1146623,Younes Taha,,24,30.0,62.5,0.0304,save,left-foot,free-kick,sofascore
14028532,985823,Ayase Ueda,,22,11.5,50.0,0.7884,goal,right-foot,penalty,sofascore
14028532,1146623,Younes Taha,,13,14.1,59.1,0.2085,miss,left-foot,assisted,sofascore
14028532,1144138,Jordan Bos,,11,19.4,45.8,0.0501,goal,right-foot,throw-in-set-piece,sofascore
14028532,1218066,Anis Hadj Moussa,,7,12.0,70.3,0.0377,miss,left-foot,assisted,sofascore
14028532,1121400,Luciano Valente,,1,9.5,50.7,0.2039,block,right-foot,assisted,sofascore
14028532,1939011,Tobias van den Elshout,,1,12.3,38.8,0.0877,miss,right-foot,regular,sofascore
14028533,1050828,Zico Buurmeester,,90,5.4,47.5,0.1745,goal,head,corner,sofascore
14028533,1885304,Rodney Kroeze,,83,28.5,51.7,0.0132,miss,right-foot,corner,sofascore
14028533,1885838,Gabriel Reiziger,,75,13.0,52.1,0.508,goal,left-foot,assisted,sofascore
14028533,855847,Kaj Sierhuis,,65,18.5,47.5,0.0536,goal,right-foot,corner,sofascore
14028533,1010846,Yassin Oukili,,65,15.8,37.4,0.037,block,right-foot,corner,sofascore
14028533,1509752,Nick Fichtinger,,59,25.4,45.4,0.0274,miss,right-foot,assisted,sofascore
14028533,876233,Thijs Oosting,,56,26.5,53.4,0.0326,save,left-foot,assisted,sofascore
14028533,1010846,Yassin Oukili,,50,5.1,52.6,0.2546,goal,left-foot,set-piece,sofascore
14028533,366942,Kristoffer Peterson,,50,15.6,49.9,0.0624,block,left-foot,set-piece,sofascore
14028533,961678,Neraysho Kasanwirjo,,44,6.9,38.3,0.0683,post,left-foot,regular,sofascore
14028533,855847,Kaj Sierhuis,,36,10.2,62.2,0.4722,save,right-foot,fast-break,sofascore
14028533,876233,Thijs Oosting,,35,11.6,75.2,0.029,block,left-foot,corner,sofascore
14028533,855847,Kaj Sierhuis,,28,11.8,26.5,0.0486,miss,left-foot,regular,sofascore
14028533,1050828,Zico Buurmeester,,28,8.5,53.0,0.3429,miss,right-foot,assisted,sofascore
14028533,847073,Koen Kostons,,27,12.6,53.6,0.0321,miss,head,assisted,sofascore
14028533,366942,Kristoffer Peterson,,23,21.8,29.9,0.0194,block,right-foot,assisted,sofascore
14028533,946505,Lance Duijvestijn,,21,18.1,50.8,0.0799,goal,left-foot,assisted,sofascore
14028533,366942,Kristoffer Peterson,,8,11.6,29.7,0.0746,miss,left-foot,fast-break,sofascore
14028533,855847,Kaj Sierhuis,,5,5.1,50.9,0.1867,miss,head,corner,sofascore
14028533,1010846,Yassin Oukili,,2,11.8,62.0,0.0503,block,right-foot,regular,sofascore
14028534,152414,Mike Van der Hoorn,,90,5.4,49.7,0.3139,goal,head,corner,sofascore
14028534,1214695,Adrian Blake,,90,23.5,42.7,0.0287,block,right-foot,assisted,sofascore
14028534,97410,Davy Klaassen,,90,11.2,36.9,0.0481,miss,left-foot,assisted,sofascore
14028534,1859920,Sean Steur,,90,23.5,44.2,0.0306,miss,left-foot,assisted,sofascore
14028534,1214695,Adrian Blake,,90,20.3,21.9,0.0155,save,right-foot,assisted,sofascore
14028534,1000548,Alonzo Engwanda,,90,22.5,54.2,0.0364,block,right-foot,assisted,sofascore
14028534,966429,David Min,,90,22.9,59.9,0.0516,save,right-foot,assisted,sofascore
14028534,1149146,Mika Godts,,89,16.7,59.1,0.0391,miss,right-foot,assisted,sofascore
14028534,1403090,Rayane Bounida,,89,7.3,31.3,0.2482,save,left-foot,assisted,sofascore
14028534,97410,Davy Klaassen,,87,15.4,42.5,0.0453,block,right-foot,assisted,sofascore
14028534,252215,Wout Weghorst,,84,9.6,52.6,0.0603,goal,right-foot,corner,sofascore
14028534,1403090,Rayane Bounida,,83,28.1,47.8,0.0382,block,right-foot,free-kick,sofascore
14028534,837010,Niklas Vesterlund,,81,2.2,54.6,0.589,goal,head,corner,sofascore
14028534,1105700,Yoann Cathline,,71,10.3,72.9,0.0345,miss,right-foot,fast-break,sofascore
14028534,1433802,Gjivai Zechiël,,68,19.4,61.1,0.0378,block,left-foot,corner,sofascore
14028534,1105700,Yoann Cathline,,67,13.8,54.4,0.1115,miss,left-foot,assisted,sofascore
14028534,149731,Sébastien Haller,,67,8.8,46.0,0.1799,block,right-foot,assisted,sofascore
14028534,1149146,Mika Godts,,56,21.6,36.9,0.0306,miss,right-foot,assisted,sofascore
14028534,149731,Sébastien Haller,,56,6.6,48.7,0.1684,save,right-foot,corner,sofascore
14028534,1155158,Oscar Gloukh,,53,19.7,59.9,0.0341,save,right-foot,regular,sofascore
14028534,795761,Kasper Dolberg,,36,11.9,70.5,0.0346,save,right-foot,fast-break,sofascore
14028534,996940,Youri Regeer,,35,9.1,54.8,0.6515,miss,right-foot,regular,sofascore
14028534,1149146,Mika Godts,,34,21.8,48.1,0.0537,post,right-foot,assisted,sofascore
14028534,834597,Jesper Karlsson,,32,26.6,55.2,0.0303,block,right-foot,assisted,sofascore
14028534,834597,Jesper Karlsson,,28,12.2,54.2,0.1363,miss,right-foot,assisted,sofascore
14028534,1155158,Oscar Gloukh,,26,12.8,36.2,0.0549,save,left-foot,regular,sofascore
14028534,1105700,Yoann Cathline,,8,13.8,29.3,0.0594,save,right-foot,assisted,sofascore
14028534,1563462,Jorthy Mokio,,3,7.1,55.7,0.08,miss,head,corner,sofascore
14028534,996940,Youri Regeer,,2,13.5,64.2,0.2293,save,right-foot,assisted,sofascore
14028535,954317,Naci Ünüvar,,83,24.7,43.4,0.0281,miss,right-foot,regular,sofascore
14028535,954317,Naci Ünüvar,,83,24.6,31.9,0.017,block,right-foot,regular,sofascore
14028535,252885,Brandley Kuwas,,83,32.8,31.0,0.0362,miss,left-foot,free-kick,sofascore
14028535,954317,Naci Ünüvar,,81,23.3,39.4,0.0255,block,right-foot,assisted,sofascore
14028535,252885,Brandley Kuwas,,77,28.5,24.8,0.0352,save,left-foot,free-kick,sofascore
14028535,252885,Brandley Kuwas,,73,7.3,38.3,0.1578,block,left-foot,assisted,sofascore
14028535,788284,Ajdin Hrustić,,71,20.6,59.4,0.0274,block,left-foot,assisted,sofascore
14028535,788284,Ajdin Hrustić,,66,16.5,48.1,0.079,save,left-foot,assisted,sofascore
14028535,998999,Luka Kulenović,,66,10.6,48.5,0.0714,block,right-foot,assisted,sofascore
14028535,1189738,Sem Scheperman,,65,14.1,28.5,0.0496,save,left-foot,fast-break,sofascore
14028535,1118181,Lequincio Zeefuik,,64,11.0,56.0,0.0345,miss,head,throw-in-set-piece,sofascore
14028535,156676,Robert Muhren,,62,8.0,63.8,0.2198,goal,right-foot,assisted,sofascore
14028535,32386,Aaron Meijers,,61,21.3,67.6,0.0311,save,left-foot,corner,sofascore
14028535,1095753,Gibson Yah,,60,18.5,52.3,0.0756,block,right-foot,assisted,sofascore
14028535,1008697,Anthony Descotte,,55,2.9,36.0,0.0988,goal,left-foot,regular,sofascore
14028535,1008697,Anthony Descotte,,55,9.2,34.9,0.221,save,left-foot,assisted,sofascore
14028535,998999,Luka Kulenović,,54,6.7,45.5,0.0959,block,head,corner,sofascore
14028535,146401,Thomas Bruns,,50,19.5,77.3,0.0274,miss,right-foot,regular,sofascore
14028535,1095753,Gibson Yah,,47,24.4,46.6,0.0202,miss,left-foot,assisted,sofascore
14028535,788971,Juninho Bacuna,,47,27.4,53.6,0.0195,block,right-foot,assisted,sofascore
14028535,1095753,Gibson Yah,,45,25.8,49.2,0.0266,block,right-foot,assisted,sofascore
14028535,998999,Luka Kulenović,,43,13.4,53.6,0.1895,miss,left-foot,assisted,sofascore
14028535,2216656,Robin van Cruijsen,,41,18.2,48.7,0.0556,block,left-foot,corner,sofascore
14028535,32386,Aaron Meijers,,41,13.9,35.9,0.0599,block,left-foot,corner,sofascore
14028535,1008697,Anthony Descotte,,39,9.5,55.6,0.0499,save,head,assisted,sofascore
14028535,788971,Juninho Bacuna,,36,18.5,61.5,0.0656,block,right-foot,assisted,sofascore
14028535,1189738,Sem Scheperman,,34,8.5,49.0,0.0798,save,head,corner,sofascore
14028535,1213453,Tristan van Gilst,,34,12.9,60.2,0.0275,miss,right-foot,corner,sofascore
14028535,1523582,Nick Verschuren,,32,23.7,35.6,0.029,save,right-foot,assisted,sofascore
14028535,788971,Juninho Bacuna,,13,17.9,53.8,0.0724,miss,left-foot,assisted,sofascore
14028535,974203,Alec Van Hoorenbeeck,,8,7.5,41.1,0.0556,save,right-foot,set-piece,sofascore
14028535,313264,Henk Veerman,,2,15.2,28.8,0.0479,miss,right-foot,assisted,sofascore
14028536,2007289,Jelani Seedorf,,88,9.1,49.5,0.4585,goal,left-foot,assisted,sofascore
14028536,796943,Tobias Lauritsen,,80,9.4,72.0,0.0254,miss,right-foot,assisted,sofascore
14028536,1548834,Sem van Duijn,,78,4.3,35.2,0.3143,goal,right-foot,assisted,sofascore
14028536,1548834,Sem van Duijn,,72,13.8,47.9,0.224,goal,right-foot,assisted,sofascore
14028536,1648751,Ayoni Santos,,66,13.3,34.7,0.046,miss,right-foot,assisted,sofascore
14028536,1548834,Sem van Duijn,,61,18.8,49.1,0.0762,miss,right-foot,assisted,sofascore
14028536,827662,Mitchell van Bergen,,57,18.1,74.3,0.0256,block,right-foot,assisted,sofascore
14028536,1084609,Tyrone Owusu,,56,14.7,64.4,0.032,block,right-foot,assisted,sofascore
14028536,796943,Tobias Lauritsen,,55,14.8,60.9,0.109,block,right-foot,assisted,sofascore
14028536,1066319,Patrick Brouwer,,52,7.7,31.5,0.1621,miss,left-foot,fast-break,sofascore
14028536,385708,Vito van Crooij,,47,10.7,46.2,0.1092,block,right-foot,assisted,sofascore
14028536,1469336,Tyrese Noslin,,39,13.6,55.4,0.0749,miss,left-foot,assisted,sofascore
14028536,385300,Jeff Hardeveld,,33,3.8,43.0,0.2074,goal,head,assisted,sofascore
14028536,1137227,Milan Zonneveld,,31,5.2,52.6,0.6261,goal,head,fast-break,sofascore
14028536,1638564,Cedric Hatenboer,,27,9.7,44.7,0.0589,block,right-foot,corner,sofascore
14028536,796943,Tobias Lauritsen,,22,8.9,40.3,0.0163,miss,head,corner,sofascore
14028536,1137227,Milan Zonneveld,,22,12.6,43.8,0.0844,block,right-foot,assisted,sofascore
14028536,1066319,Patrick Brouwer,,21,20.1,70.7,0.0125,miss,right-foot,corner,sofascore
14028536,827662,Mitchell van Bergen,,11,18.2,70.3,0.0368,block,left-foot,fast-break,sofascore
14028536,1638564,Cedric Hatenboer,,11,24.0,42.5,0.0215,block,right-foot,assisted,sofascore
14028536,385708,Vito van Crooij,,3,28.5,57.3,0.0158,save,right-foot,assisted,sofascore
14028537,1184054,Kodai Sano,,90,12.1,27.4,0.0329,miss,right-foot,regular,sofascore
14028537,842275,Philippe Sandler,,90,4.1,40.0,0.0551,save,head,set-piece,sofascore
14028537,831860,Koki Ogawa,,88,8.3,52.1,0.2513,post,head,assisted,sofascore
14028537,1548838,Soufiane Hetli,,87,10.7,53.4,0.1782,save,left-foot,regular,sofascore
14028537,2007289,Jelani Seedorf,,87,4.0,48.8,0.7383,save,head,assisted,sofascore
14028537,35208,Tjaronn Chery,,85,10.1,36.8,0.2108,goal,left-foot,assisted,sofascore
14028537,1548838,Soufiane Hetli,,84,15.0,38.3,0.0177,miss,right-foot,set-piece,sofascore
14028537,831860,Koki Ogawa,,80,6.9,51.9,0.1341,miss,head,assisted,sofascore
14028537,831860,Koki Ogawa,,77,10.1,59.5,0.0334,block,right-foot,corner,sofascore
14028537,1394147,Sami Ouaissa,,77,8.0,67.1,0.0664,block,right-foot,assisted,sofascore
14028537,1548838,Soufiane Hetli,,76,12.4,65.2,0.103,save,left-foot,assisted,sofascore
14028537,831860,Koki Ogawa,,74,8.3,43.8,0.0404,miss,head,corner,sofascore
14028537,35208,Tjaronn Chery,,72,12.8,32.2,0.061,block,left-foot,assisted,sofascore
14028537,35208,Tjaronn Chery,,64,19.5,50.8,0.0321,save,right-foot,regular,sofascore
14028537,1214957,Noe Lebreton,,64,14.8,43.8,0.194,save,right-foot,assisted,sofascore
14028537,47753,Bryan Linssen,,63,12.8,63.4,0.3124,save,right-foot,assisted,sofascore
14028537,842275,Philippe Sandler,,58,18.8,38.0,0.0248,miss,right-foot,assisted,sofascore
14028537,1394147,Sami Ouaissa,,56,13.5,53.8,0.1461,miss,left-foot,regular,sofascore
14028537,1214957,Noe Lebreton,,56,16.3,45.8,0.0456,block,right-foot,assisted,sofascore
14028537,1066319,Patrick Brouwer,,55,5.8,70.3,0.0252,miss,right-foot,assisted,sofascore
14028537,1394147,Sami Ouaissa,,45,14.7,50.4,0.0628,miss,left-foot,assisted,sofascore
14028537,1084609,Tyrone Owusu,,40,14.4,67.1,0.0539,miss,right-foot,fast-break,sofascore
14028537,1548834,Sem van Duijn,,32,7.4,45.0,0.4703,goal,right-foot,assisted,sofascore
14028537,1638564,Cedric Hatenboer,,32,19.4,62.0,0.0402,miss,right-foot,regular,sofascore
14028537,302690,Danny Bakker,,31,11.0,54.1,0.043,miss,head,set-piece,sofascore
14028537,47753,Bryan Linssen,,28,16.4,61.7,0.3697,post,right-foot,assisted,sofascore
14028537,1394147,Sami Ouaissa,,24,15.7,49.3,0.054,block,left-foot,assisted,sofascore
14028537,1214957,Noe Lebreton,,22,15.7,47.2,0.1268,save,right-foot,regular,sofascore
14028537,1638564,Cedric Hatenboer,,11,24.0,67.6,0.0287,miss,right-foot,throw-in-set-piece,sofascore
14028537,1184054,Kodai Sano,,6,14.1,26.8,0.0173,miss,right-foot,assisted,sofascore
14028537,127846,Eli Dasa,,5,26.4,63.3,0.027,save,right-foot,assisted,sofascore
14028538,196082,Robin Propper,,90,7.8,53.1,0.0818,save,head,corner,sofascore
14028538,35208,Tjaronn Chery,,84,14.8,43.5,0.1384,post,left-foot,assisted,sofascore
14028538,1394147,Sami Ouaissa,,82,5.3,69.3,0.1105,save,left-foot,fast-break,sofascore
14028538,127846,Eli Dasa,,80,24.7,31.3,0.0137,miss,right-foot,set-piece,sofascore
14028538,842275,Philippe Sandler,,76,3.8,45.6,0.1805,save,head,corner,sofascore
14028538,127846,Eli Dasa,,75,7.4,66.7,0.074,block,left-foot,assisted,sofascore
14028538,897603,Darko Nejašmić,,73,22.4,53.2,0.0463,block,left-foot,regular,sofascore
14028538,35208,Tjaronn Chery,,73,9.8,57.4,0.092,block,left-foot,assisted,sofascore
14028538,35208,Tjaronn Chery,,70,24.5,47.8,0.0664,miss,left-foot,fast-break,sofascore
14028538,70930,Bram Nuytinck,,64,8.9,52.2,0.0527,save,head,corner,sofascore
14028538,35208,Tjaronn Chery,,64,19.6,22.0,0.0161,block,right-foot,assisted,sofascore
14028538,35208,Tjaronn Chery,,58,26.1,57.0,0.0156,block,right-foot,assisted,sofascore
14028538,1048430,Daan Rots,,57,22.8,66.3,0.0459,save,left-foot,fast-break,sofascore
14028538,35208,Tjaronn Chery,,55,22.4,49.5,0.0487,block,left-foot,assisted,sofascore
14028538,1214957,Noe Lebreton,,50,11.9,48.8,0.1915,miss,right-foot,throw-in-set-piece,sofascore
14028538,945233,Thomas Van den Belt,,45,20.8,46.2,0.035,block,left-foot,assisted,sofascore
14028538,1184054,Kodai Sano,,45,19.5,34.0,0.0845,save,right-foot,free-kick,sofascore
14028538,1184054,Kodai Sano,,41,19.4,55.1,0.0747,miss,right-foot,assisted,sofascore
14028538,1048430,Daan Rots,,40,16.0,59.3,0.1053,save,left-foot,assisted,sofascore
14028538,47753,Bryan Linssen,,37,15.8,46.8,0.5729,goal,right-foot,assisted,sofascore
14028538,1214957,Noe Lebreton,,36,22.8,40.6,0.0335,save,right-foot,regular,sofascore
14028538,127846,Eli Dasa,,28,27.2,56.7,0.0194,miss,right-foot,assisted,sofascore
14028538,1387012,Mats Rots,,27,16.5,82.9,0.042,save,left-foot,free-kick,sofascore
14028538,1160026,Kristian Hlynsson,,25,12.2,57.5,0.0643,block,right-foot,throw-in-set-piece,sofascore
14028538,945233,Thomas Van den Belt,,23,17.5,46.0,0.0459,save,right-foot,assisted,sofascore
14028538,1048430,Daan Rots,,19,18.0,54.9,0.067,save,left-foot,assisted,sofascore
14028538,1184054,Kodai Sano,,15,27.4,54.6,0.0157,miss,right-foot,corner,sofascore
14028538,1200962,Sondre Ørjasæter,,10,7.4,61.7,0.4395,goal,right-foot,fast-break,sofascore
14028538,35208,Tjaronn Chery,,8,28.7,59.2,0.0154,block,left-foot,regular,sofascore
14028538,1048430,Daan Rots,,6,12.6,55.1,0.1125,block,left-foot,regular,sofascore
14028538,1048430,Daan Rots,,6,9.6,50.7,0.1376,save,left-foot,regular,sofascore
14028538,945233,Thomas Van den Belt,,1,22.0,40.4,0.0541,miss,right-foot,assisted,sofascore
14028538,1200962,Sondre Ørjasæter,,1,8.9,33.8,0.0453,block,right-foot,regular,sofascore
14028539,1149146,Mika Godts,,90,18.7,47.6,0.0424,goal,left-foot,regular,sofascore
14028539,1120315,Anton Gaaei,,90,12.9,72.2,0.025,save,right-foot,assisted,sofascore
14028539,1155158,Oscar Gloukh,,86,19.4,42.7,0.0347,miss,left-foot,assisted,sofascore
14028539,1120315,Anton Gaaei,,84,19.8,70.3,0.0492,save,right-foot,free-kick,sofascore
14028539,856744,Myron Boadu,,77,0.4,53.6,0.8834,goal,left-foot,regular,sofascore
14028539,1000228,Youri Baas,,70,9.9,53.2,0.0649,miss,head,corner,sofascore
14028539,1184317,Yarek Gasiorowski,,68,9.8,52.6,0.0358,block,head,corner,sofascore
14028539,893499,Mauro Júnior,,67,26.2,49.7,0.0175,block,left-foot,assisted,sofascore
14028539,100386,Steven Berghuis,,59,20.0,64.2,0.0368,miss,left-foot,assisted,sofascore
14028539,970860,Lucas Rosa,,59,18.8,46.5,0.0846,block,right-foot,assisted,sofascore
14028539,1047395,Couhaib Driouech,,52,19.5,32.7,0.0323,miss,right-foot,regular,sofascore
14028539,100386,Steven Berghuis,,49,22.9,56.5,0.0227,block,left-foot,assisted,sofascore
14028539,986395,Ricardo Pepi,,47,14.1,47.4,0.1551,miss,left-foot,fast-break,sofascore
14028539,1563462,Jorthy Mokio,,45,13.9,45.6,0.1105,miss,left-foot,fast-break,sofascore
14028539,996940,Youri Regeer,,45,2.3,56.1,0.1965,miss,right-foot,corner,sofascore
14028539,795761,Kasper Dolberg,,34,7.6,67.9,0.0698,block,right-foot,assisted,sofascore
14028539,795761,Kasper Dolberg,,16,13.3,37.6,0.0956,block,right-foot,regular,sofascore
14028539,1120315,Anton Gaaei,,11,21.9,58.5,0.0441,goal,right-foot,corner,sofascore
14028539,1047395,Couhaib Driouech,,8,3.8,38.9,0.498,miss,right-foot,assisted,sofascore
14028539,986395,Ricardo Pepi,,1,1.3,43.9,0.1834,goal,head,throw-in-set-piece,sofascore
14028539,1184317,Yarek Gasiorowski,,1,4.1,57.7,0.2414,miss,head,throw-in-set-piece,sofascore
14028540,1009285,Szymon Włodarczyk,,90,28.7,51.3,0.0334,save,right-foot,fast-break,sofascore
14028540,1121402,Tika de Jonge,,90,30.5,54.5,0.0138,block,right-foot,regular,sofascore
14028540,907520,Brynjólfur Darri Willumsson,,90,9.1,53.4,0.1335,save,head,assisted,sofascore
14028540,1384483,Irakli Yegoian,,90,34.4,31.7,0.0195,miss,right-foot,fast-break,sofascore
14028540,1126966,Gyan de Regt,,90,9.1,38.5,0.4308,goal,left-foot,fast-break,sofascore
14028540,1121402,Tika de Jonge,,89,7.4,42.7,0.0434,miss,head,corner,sofascore
14028540,1413536,Thom van Bergen,,89,15.7,50.7,0.0486,block,right-foot,assisted,sofascore
14028540,1046142,Derensili Sanches Fernandes,,83,23.3,50.5,0.0364,save,left-foot,assisted,sofascore
14028540,2360419,Ryan Metu,,70,5.8,29.4,0.0366,save,left-foot,assisted,sofascore
14028540,1146623,Younes Taha,,69,23.9,27.6,0.0405,post,left-foot,free-kick,sofascore
14028540,1046142,Derensili Sanches Fernandes,,65,13.9,58.3,0.2206,goal,left-foot,assisted,sofascore
14028540,1031721,Casper Widell,,64,8.6,54.6,0.0725,miss,head,corner,sofascore
14028540,1048487,Noah Naujoks,,63,21.7,46.6,0.0637,block,left-foot,regular,sofascore
14028540,1048487,Noah Naujoks,,61,4.7,52.2,0.1968,block,head,corner,sofascore
14028540,910053,Arthur Zagre,,60,13.6,39.1,0.0495,block,right-foot,regular,sofascore
14028540,1121401,Thijmen Blokzijl,,57,24.8,69.3,0.0166,miss,right-foot,assisted,sofascore
14028540,1146623,Younes Taha,,47,12.0,37.0,0.1819,goal,left-foot,assisted,sofascore
14028540,1048487,Noah Naujoks,,44,16.7,37.6,0.0491,miss,right-foot,regular,sofascore
14028540,1031721,Casper Widell,,40,4.2,52.3,0.2963,goal,head,corner,sofascore
14028540,1413536,Thom van Bergen,,36,15.0,51.2,0.1257,save,left-foot,assisted,sofascore
14028540,1046142,Derensili Sanches Fernandes,,32,6.7,31.7,0.0603,save,left-foot,regular,sofascore
14028540,1146623,Younes Taha,,26,12.6,55.0,0.1653,block,left-foot,assisted,sofascore
14028540,1031721,Casper Widell,,10,4.6,50.5,0.2695,save,head,corner,sofascore
14028540,1046142,Derensili Sanches Fernandes,,9,8.3,54.8,0.1216,block,left-foot,regular,sofascore
14028540,1126966,Gyan de Regt,,9,13.6,47.1,0.1368,miss,right-foot,assisted,sofascore
14028540,1048906,Rick Meissen,,6,4.6,48.1,0.202,miss,head,corner,sofascore
14028540,794362,Emil Hansson,,5,8.4,34.5,0.2726,save,left-foot,fast-break,sofascore
14028540,1048487,Noah Naujoks,,5,17.8,64.2,0.0647,save,left-foot,fast-break,sofascore
14028540,1121402,Tika de Jonge,,3,3.4,59.3,0.1831,goal,head,corner,sofascore
14028540,827103,Marco Rente,,3,7.0,55.4,0.1481,block,head,corner,sofascore
14028541,827662,Mitchell Van Bergen,,90,20.4,71.1,0.0121,miss,right-foot,set-piece,sofascore
14028541,1137227,Milan Zonneveld,,89,7.2,50.7,0.1249,miss,head,assisted,sofascore
14028541,1002479,Shunsuke Mito,,87,6.3,46.9,0.1566,miss,head,corner,sofascore
14028541,385708,Vito van Crooij,,85,12.1,54.8,0.0506,miss,head,assisted,sofascore
14028541,913584,Joshua Kitolano,,84,23.3,54.5,0.0355,block,right-foot,assisted,sofascore
14028541,1002479,Shunsuke Mito,,83,13.1,39.0,0.0981,miss,left-foot,assisted,sofascore
14028541,360006,Finn Stokkers,,82,13.2,49.1,0.0157,block,head,set-piece,sofascore
14028541,913584,Joshua Kitolano,,80,13.7,40.9,0.0496,miss,left-foot,regular,sofascore
14028541,1652148,Giannino Vianello,,80,9.0,32.3,0.0541,block,right-foot,assisted,sofascore
14028541,1001943,Julius Dirksen,,77,16.5,50.0,0.0271,goal,left-foot,corner,sofascore
14028541,360006,Finn Stokkers,,76,7.7,41.8,0.1009,miss,head,assisted,sofascore
14028541,1029724,Jakob Breum,,75,8.1,63.8,0.1078,block,right-foot,regular,sofascore
14028541,385708,Vito van Crooij,,72,21.6,33.9,0.0547,save,right-foot,free-kick,sofascore
14028541,909960,Mathis Suray,,70,6.7,47.1,0.562,save,left-foot,assisted,sofascore
14028541,1002479,Shunsuke Mito,,67,11.7,39.1,0.0579,miss,right-foot,assisted,sofascore
14028541,796943,Tobias Lauritsen,,61,3.9,47.8,0.2228,block,head,corner,sofascore
14028541,987647,Søren Tengstedt,,60,14.3,64.4,0.0427,miss,left-foot,assisted,sofascore
14028541,796943,Tobias Lauritsen,,57,4.7,43.5,0.1338,goal,head,assisted,sofascore
14028541,827662,Mitchell Van Bergen,,54,19.7,57.3,0.0882,miss,left-foot,assisted,sofascore
14028541,913584,Joshua Kitolano,,53,13.4,47.8,0.1145,block,left-foot,assisted,sofascore
14028541,841420,Victor Edvardsen,,51,4.0,42.3,0.3083,goal,right-foot,corner,sofascore
14028541,907517,Stefán Ingi Sigurðarson,,51,10.3,47.9,0.0387,save,head,corner,sofascore
14028541,1029724,Jakob Breum,,49,18.5,52.5,0.0799,miss,right-foot,assisted,sofascore
14028541,966299,Teo Quintero,,48,25.3,39.7,0.035,miss,left-foot,assisted,sofascore
14028541,907517,Stefán Ingi Sigurðarson,,47,11.6,48.7,0.3811,miss,left-foot,assisted,sofascore
14028541,827662,Mitchell Van Bergen,,45,22.9,64.8,0.0377,block,left-foot,assisted,sofascore
14028541,1002479,Shunsuke Mito,,45,14.1,45.2,0.1347,goal,left-foot,assisted,sofascore
14028541,966299,Teo Quintero,,45,13.1,38.4,0.0071,miss,head,corner,sofascore
14028541,907517,Stefán Ingi Sigurðarson,,43,7.4,54.0,0.1333,miss,head,assisted,sofascore
14028541,907517,Stefán Ingi Sigurðarson,,39,9.9,43.8,0.0863,block,left-foot,regular,sofascore
14028541,385708,Vito van Crooij,,37,20.1,57.4,0.0573,miss,right-foot,assisted,sofascore
14028541,909960,Mathis Suray,,35,19.1,51.4,0.0545,save,right-foot,assisted,sofascore
14028541,1960315,Lushendry Edward Martes,,33,22.0,65.0,0.0247,block,left-foot,regular,sofascore
14028541,1002479,Shunsuke Mito,,31,16.1,50.5,0.0977,miss,right-foot,assisted,sofascore
14028541,987647,Søren Tengstedt,,22,18.3,69.2,0.0404,miss,left-foot,assisted,sofascore
14028541,796943,Tobias Lauritsen,,12,10.7,60.0,0.0219,miss,head,assisted,sofascore
14028541,907517,Stefán Ingi Sigurðarson,,11,9.8,51.0,0.0436,miss,head,corner,sofascore
14028541,827662,Mitchell Van Bergen,,9,23.6,40.5,0.0426,miss,right-foot,assisted,sofascore
14028541,987647,Søren Tengstedt,,8,18.6,45.4,0.068,block,left-foot,assisted,sofascore
14028541,796943,Tobias Lauritsen,,6,9.4,40.5,0.1261,miss,right-foot,regular,sofascore
14028541,1002479,Shunsuke Mito,,3,11.3,33.3,0.053,miss,left-foot,assisted,sofascore
14028542,946505,Lance Duijvestijn,,90,27.0,45.8,0.0089,miss,right-foot,set-piece,sofascore
14028542,946505,Lance Duijvestijn,,89,13.4,44.5,0.0526,miss,right-foot,set-piece,sofascore
14028542,366942,Kristoffer Peterson,,86,11.9,27.0,0.0177,miss,right-foot,assisted,sofascore
14028542,1010846,Yassin Oukili,,77,18.2,37.1,0.0485,block,right-foot,regular,sofascore
14028542,1627623,Marcus Linday,,74,8.2,49.2,0.3484,goal,right-foot,assisted,sofascore
14028542,1028070,Lasse Selvåg Nordås,,58,10.4,41.8,0.0877,block,right-foot,regular,sofascore
14028542,855847,Kaj Sierhuis,,58,33.6,54.8,0.0375,post,right-foot,assisted,sofascore
14028542,1028070,Lasse Selvåg Nordås,,56,3.6,51.9,0.386,save,left-foot,regular,sofascore
14028542,1028070,Lasse Selvåg Nordås,,53,6.1,48.5,0.3534,save,left-foot,assisted,sofascore
14028542,1150061,Oliver Braude,,50,21.8,74.4,0.0158,miss,right-foot,assisted,sofascore
14028542,1028070,Lasse Selvåg Nordås,,49,12.2,29.5,0.0218,miss,left-foot,assisted,sofascore
14028542,855847,Kaj Sierhuis,,45,22.2,72.0,0.0529,save,right-foot,assisted,sofascore
14028542,961686,Syb Van Ottele,,45,28.2,66.4,0.0152,miss,right-foot,regular,sofascore
14028542,929633,Mohamed Ihattaren,,36,15.1,28.0,0.0309,save,left-foot,assisted,sofascore
14028542,929633,Mohamed Ihattaren,,36,24.8,42.5,0.0652,save,left-foot,fast-break,sofascore
14028542,1627623,Marcus Linday,,34,15.1,48.4,0.1964,miss,right-foot,assisted,sofascore
14028542,855847,Kaj Sierhuis,,32,20.7,34.4,0.0467,miss,right-foot,assisted,sofascore
14028542,1015627,Jacob Trenskow,,32,15.5,64.9,0.0262,block,left-foot,assisted,sofascore
14028542,855847,Kaj Sierhuis,,29,8.6,50.3,0.2099,save,head,assisted,sofascore
14028542,946505,Lance Duijvestijn,,29,9.8,45.6,0.1099,miss,head,assisted,sofascore
14028542,929633,Mohamed Ihattaren,,28,21.9,70.7,0.03,block,left-foot,assisted,sofascore
14028542,1150061,Oliver Braude,,25,13.6,57.7,0.0574,block,right-foot,corner,sofascore
14028542,1028070,Lasse Selvåg Nordås,,24,7.1,59.7,0.0954,block,left-foot,corner,sofascore
14028542,1132765,Maas Willemsen,,24,5.8,49.7,0.1555,post,head,corner,sofascore
14028542,992018,Ringo Meerveld,,22,23.6,45.3,0.0228,miss,left-foot,assisted,sofascore
14028542,929633,Mohamed Ihattaren,,18,15.0,73.3,0.0265,save,left-foot,assisted,sofascore
14028542,992018,Ringo Meerveld,,16,10.2,58.5,0.2196,goal,right-foot,assisted,sofascore
14028542,1132766,Philip Brittijn,,14,19.3,46.7,0.0789,save,right-foot,assisted,sofascore
14028542,1132766,Philip Brittijn,,12,18.2,55.2,0.0717,goal,right-foot,assisted,sofascore
14028542,1014408,Maxence Rivera,,2,24.0,51.7,0.031,save,right-foot,assisted,sofascore
14028542,1014408,Maxence Rivera,,1,25.4,32.8,0.0112,block,right-foot,assisted,sofascore
14028543,1145989,Ro-Zangelo Daal,,90,9.6,67.9,0.0419,miss,right-foot,corner,sofascore
14028543,891795,Melle Meulensteen,,90,4.5,49.1,0.2826,save,left-foot,corner,sofascore
14028543,360006,Finn Stokkers,,90,7.1,47.7,0.2119,save,head,corner,sofascore
14028543,909960,Mathis Suray,,90,24.6,62.6,0.0236,block,right-foot,assisted,sofascore
14028543,1386461,Elijah Dijkstra,,87,20.7,34.5,0.0352,miss,right-foot,assisted,sofascore
14028543,2055327,Bendegúz Kovács,,86,18.0,45.5,0.1026,miss,left-foot,assisted,sofascore
14028543,891795,Melle Meulensteen,,84,18.8,55.0,0.1382,miss,right-foot,fast-break,sofascore
14028543,1499691,Rion Ichihara,,83,17.2,63.7,0.0752,block,right-foot,regular,sofascore
14028543,909960,Mathis Suray,,79,21.9,62.7,0.0258,block,right-foot,regular,sofascore
14028543,1029724,Jakob Breum,,79,16.1,54.2,0.0977,block,right-foot,assisted,sofascore
14028543,1405756,Kees Smit,,77,2.4,32.0,0.0275,save,left-foot,assisted,sofascore
14028543,2055327,Bendegúz Kovács,,76,9.7,47.4,0.0585,block,right-foot,corner,sofascore
14028543,1087931,Isak Steiner Jensen,,67,24.8,36.7,0.0612,miss,right-foot,free-kick,sofascore
14028543,980671,Sven Mijnans,,62,20.3,39.9,0.0392,miss,left-foot,corner,sofascore
14028543,1148468,Weslley Patati,,58,14.1,49.5,0.1148,miss,left-foot,regular,sofascore
14028543,1087931,Isak Steiner Jensen,,58,12.6,44.6,0.1717,block,right-foot,assisted,sofascore
14028543,1638685,Mateo Chávez,,58,12.0,35.9,0.0316,block,right-foot,assisted,sofascore
14028543,1153117,Mexx Meerdink,,56,13.8,50.5,0.0119,block,head,corner,sofascore
14028543,1148468,Weslley Patati,,51,10.9,48.6,0.0263,block,head,corner,sofascore
14028543,1148468,Weslley Patati,,50,25.6,47.3,0.0199,block,left-foot,corner,sofascore
14028543,1148468,Weslley Patati,,49,21.9,59.5,0.0608,save,left-foot,assisted,sofascore
14028543,909960,Mathis Suray,,47,7.7,51.9,0.3513,miss,head,assisted,sofascore
14028543,1087931,Isak Steiner Jensen,,46,14.2,36.1,0.0622,miss,right-foot,assisted,sofascore
14028543,1638685,Mateo Chávez,,45,21.9,44.7,0.0774,miss,left-foot,throw-in-set-piece,sofascore
14028543,1153117,Mexx Meerdink,,44,13.3,50.7,0.1602,save,left-foot,assisted,sofascore
14028543,891795,Melle Meulensteen,,41,4.6,48.7,0.3992,miss,head,set-piece,sofascore
14028543,909960,Mathis Suray,,41,29.4,49.9,0.0342,save,right-foot,free-kick,sofascore
14028543,841420,Victor Kaj Edvardsen,,40,14.4,27.0,0.0195,block,right-foot,assisted,sofascore
14028543,987647,Søren Tengstedt,,38,20.9,70.9,0.0414,block,left-foot,fast-break,sofascore
14028543,1148468,Weslley Patati,,36,21.2,37.3,0.0574,save,left-foot,assisted,sofascore
14028543,1001943,Julius Dirksen,,35,42.0,41.7,0.0274,miss,left-foot,free-kick,sofascore
14028543,1170900,Matěj Šín,,29,19.5,49.3,0.0501,miss,left-foot,assisted,sofascore
14028543,841420,Victor Kaj Edvardsen,,25,10.3,63.3,0.0612,block,right-foot,assisted,sofascore
14028543,980671,Sven Mijnans,,16,11.6,39.4,0.1533,miss,right-foot,assisted,sofascore
14028543,1153117,Mexx Meerdink,,14,12.1,30.1,0.0221,miss,left-foot,assisted,sofascore
14028543,909960,Mathis Suray,,12,18.6,30.9,0.0484,block,right-foot,assisted,sofascore
14028543,907517,Stefán Ingi Sigurðarson,,8,7.8,55.8,0.0434,save,head,corner,sofascore
14028543,1148468,Weslley Patati,,2,14.2,58.0,0.0562,block,left-foot,throw-in-set-piece,sofascore
14028544,1394147,Sami Ouaissa,,90,24.4,53.9,0.0718,block,left-foot,free-kick,sofascore
14028544,897603,Darko Nejašmić,,90,18.0,46.2,0.0233,block,left-foot,set-piece,sofascore
14028544,1193676,Başar Önal,,90,19.3,40.4,0.0328,block,right-foot,set-piece,sofascore
14028544,831860,Koki Ogawa,,90,17.9,50.7,0.0411,block,right-foot,assisted,sofascore
14028544,1424404,Jorg Schreuders,,90,18.3,37.7,0.4508,miss,left-foot,fast-break,sofascore
14028544,1012639,Brayann Pereira,,89,19.8,57.9,0.0424,miss,right-foot,regular,sofascore
14028544,940647,Danilo,,78,9.2,54.1,0.0843,block,left-foot,regular,sofascore
14028544,897603,Darko Nejašmić,,76,4.2,54.9,0.1577,goal,head,corner,sofascore
14028544,940647,Danilo,,75,6.7,64.8,0.0713,save,right-foot,assisted,sofascore
14028544,1481249,Wouter Prins,,74,6.9,53.2,0.309,miss,left-foot,fast-break,sofascore
14028544,1424404,Jorg Schreuders,,64,19.8,35.0,0.0818,save,left-foot,fast-break,sofascore
14028544,1146623,Younes Taha,,62,27.0,61.2,0.0273,save,left-foot,regular,sofascore
14028544,1413536,Thom van Bergen,,58,12.4,87.6,0.0093,save,right-foot,fast-break,sofascore
14028544,897603,Darko Nejašmić,,56,23.6,53.2,0.0126,miss,right-foot,set-piece,sofascore
14028544,1441117,Tygo Land,,51,12.8,52.3,0.3905,goal,right-foot,fast-break,sofascore
14028544,827103,Marco Rente,,45,5.8,51.1,0.3805,goal,head,assisted,sofascore
14028544,1121402,Tika de Jonge,,44,25.1,45.4,0.0382,save,right-foot,assisted,sofascore
14028544,1878212,David van der Werff,,41,8.5,55.6,0.0571,block,head,assisted,sofascore
14028544,1424404,Jorg Schreuders,,40,25.5,41.8,0.0364,save,right-foot,regular,sofascore
14028544,1214957,Noe Lebreton,,34,15.5,30.3,0.0217,miss,right-foot,assisted,sofascore
14028544,35208,Tjaronn Chery,,33,28.6,64.9,0.0327,save,left-foot,free-kick,sofascore
14028544,47753,Bryan Linssen,,22,4.5,42.3,0.3631,miss,right-foot,assisted,sofascore
14028544,76160,Marvin Peersman,,15,14.5,43.6,0.0651,block,left-foot,assisted,sofascore
14028545,1121400,Luciano Valente,,90,15.3,62.8,0.0465,miss,right-foot,assisted,sofascore
14028545,1388535,Givairo Read,,90,22.3,68.1,0.0283,goal,right-foot,assisted,sofascore
14028545,957937,Casper Tengstedt,,88,11.9,60.5,0.0867,block,right-foot,regular,sofascore
14028545,1918931,Gaoussou Diarra,,87,9.2,46.8,0.1598,save,head,assisted,sofascore
14028545,942213,Tsuyoshi Watanabe,,84,1.2,44.5,0.638,goal,head,regular,sofascore
14028545,985823,Ayase Ueda,,84,9.9,57.4,0.0337,save,head,assisted,sofascore
14028545,985823,Ayase Ueda,,76,7.5,55.7,0.3146,miss,right-foot,throw-in-set-piece,sofascore
14028545,985823,Ayase Ueda,,58,4.8,45.4,0.1475,block,head,corner,sofascore
14028545,929633,Mohamed Ihattaren,,56,13.8,30.7,0.0363,save,left-foot,assisted,sofascore
14028545,855847,Kaj Sierhuis,,51,7.9,48.6,0.1,goal,head,assisted,sofascore
14028545,1112604,Justin Hubner,,45,9.5,47.7,0.045,miss,head,corner,sofascore
14028545,929633,Mohamed Ihattaren,,45,18.0,39.8,0.0559,block,left-foot,regular,sofascore
14028545,862479,Iván Márquez,,39,13.0,39.2,0.021,miss,left-foot,set-piece,sofascore
14028545,794013,Mats Deijl,,35,7.0,72.7,0.0162,save,right-foot,assisted,sofascore
14028545,1121400,Luciano Valente,,22,11.0,67.8,0.0365,miss,right-foot,assisted,sofascore
14028545,1095731,Oussama Targhalline,,21,24.6,49.0,0.069,miss,right-foot,regular,sofascore
14028545,1121400,Luciano Valente,,21,23.8,50.3,0.0641,save,right-foot,regular,sofascore
14028545,1939011,Tobias van den Elshout,,21,12.6,41.3,0.2918,save,right-foot,assisted,sofascore
14028545,1095731,Oussama Targhalline,,18,24.0,48.9,0.0439,block,right-foot,fast-break,sofascore
14028545,946505,Lance Duijvestijn,,17,11.5,60.3,0.5055,save,right-foot,fast-break,sofascore
14028545,985823,Ayase Ueda,,12,8.1,44.2,0.4244,miss,left-foot,assisted,sofascore
14028545,1218066,Anis Hadj Moussa,,11,9.3,69.9,0.0334,block,left-foot,fast-break,sofascore
14028545,1384486,Thijs Kraaijeveld,,7,19.3,55.7,0.0865,miss,right-foot,regular,sofascore
14028545,1218066,Anis Hadj Moussa,,7,14.8,72.0,0.0163,block,left-foot,assisted,sofascore
14028545,1384486,Thijs Kraaijeveld,,6,22.4,35.5,0.0231,miss,right-foot,regular,sofascore
14028545,929633,Mohamed Ihattaren,,3,24.6,18.6,0.0106,block,left-foot,assisted,sofascore
14028546,252885,Brandley Kuwas,,76,32.2,53.2,0.0275,miss,left-foot,free-kick,sofascore
14028546,1520752,Benjamin Pauwels,,70,14.0,39.7,0.0486,miss,right-foot,assisted,sofascore
14028546,1126966,Gyan de Regt,,68,25.4,51.7,0.0399,save,right-foot,assisted,sofascore
14028546,106154,Mawouna Amevor,,66,15.1,38.5,0.0521,block,right-foot,set-piece,sofascore
14028546,1008697,Anthony Descotte,,66,14.1,57.2,0.1207,block,left-foot,set-piece,sofascore
14028546,1046142,Derensili Sanches Fernandes,,63,23.9,59.4,0.0413,miss,left-foot,regular,sofascore
14028546,1095753,Gibson Yah,,62,19.3,31.1,0.0066,miss,right-foot,set-piece,sofascore
14028546,788971,Juninho Bacuna,,59,26.4,49.6,0.0401,block,right-foot,assisted,sofascore
14028546,1384483,Irakli Yegoian,,49,19.2,51.9,0.0745,block,right-foot,assisted,sofascore
14028546,1095753,Gibson Yah,,45,21.0,36.0,0.0474,save,right-foot,assisted,sofascore
14028546,1095753,Gibson Yah,,38,3.9,48.0,,goal,other,corner,sofascore
14028546,1048906,Rick Meissen,,34,9.4,74.7,0.0342,save,right-foot,regular,sofascore
14028546,1048487,Noah Naujoks,,24,13.1,71.6,0.0306,block,left-foot,assisted,sofascore
14028546,1126966,Gyan de Regt,,23,17.6,60.1,0.0865,block,right-foot,fast-break,sofascore
14028546,1031721,Casper Widell,,9,7.6,54.6,0.0823,miss,head,set-piece,sofascore
14028546,794362,Emil Hansson,,9,12.9,25.2,0.0183,block,right-foot,set-piece,sofascore
14028546,1520752,Benjamin Pauwels,,2,21.2,38.5,0.0891,goal,right-foot,fast-break,sofascore
14028547,1126595,Lennard Hartjes,,90,9.2,40.5,0.1946,goal,left-foot,regular,sofascore
14028547,910053,Arthur Zagre,,88,29.6,46.8,0.0096,block,left-foot,corner,sofascore
14028547,1009285,Szymon Włodarczyk,,88,10.7,47.2,0.1301,block,right-foot,corner,sofascore
14028547,1048487,Noah Naujoks,,82,4.6,67.1,0.1062,save,right-foot,assisted,sofascore
14028547,1009285,Szymon Włodarczyk,,82,8.6,30.5,0.1372,save,right-foot,assisted,sofascore
14028547,1105700,Yoann Cathline,,79,25.1,64.2,0.0291,post,right-foot,assisted,sofascore
14028547,1153261,Ángel Alarcón,,76,13.9,63.6,0.0369,miss,left-foot,set-piece,sofascore
14028547,1384483,Irakli Yegoian,,69,3.6,51.1,0.8676,goal,right-foot,regular,sofascore
14028547,910053,Arthur Zagre,,69,13.5,26.7,0.03,save,left-foot,assisted,sofascore
14028547,1384483,Irakli Yegoian,,62,18.8,48.3,0.0447,miss,left-foot,assisted,sofascore
14028547,1046142,Derensili Sanches Fernandes,,55,9.3,57.1,0.5229,goal,left-foot,assisted,sofascore
14028547,1105700,Yoann Cathline,,53,24.6,62.0,0.0396,save,left-foot,assisted,sofascore
14028547,1105700,Yoann Cathline,,52,3.2,30.5,0.0611,block,left-foot,assisted,sofascore
14028547,1433802,Gjivai Zechiël,,45,19.2,48.7,0.1169,miss,right-foot,regular,sofascore
14028547,1046142,Derensili Sanches Fernandes,,41,16.4,46.8,0.0958,block,left-foot,fast-break,sofascore
14028547,837010,Niklas Vesterlund,,40,14.5,45.4,0.1502,block,right-foot,regular,sofascore
14028547,1046142,Derensili Sanches Fernandes,,36,4.5,51.5,0.501,goal,head,corner,sofascore
14028547,794362,Emil Hansson,,35,17.6,32.5,0.0307,save,right-foot,fast-break,sofascore
14028547,1048487,Noah Naujoks,,33,31.8,54.0,0.013,miss,right-foot,set-piece,sofascore
14028547,1126966,Gyan de Regt,,28,14.1,41.1,0.0296,miss,head,assisted,sofascore
14028547,855854,Dani De Wit,,28,9.1,52.1,0.0672,miss,head,assisted,sofascore
14028547,1046142,Derensili Sanches Fernandes,,27,13.2,61.7,0.0833,miss,left-foot,fast-break,sofascore
14028547,1048487,Noah Naujoks,,25,9.7,52.8,0.0857,miss,head,assisted,sofascore
14028547,855854,Dani De Wit,,21,9.2,43.2,0.0258,save,head,corner,sofascore
14028547,1433802,Gjivai Zechiël,,15,16.3,49.3,0.0797,block,right-foot,regular,sofascore
14028547,1048487,Noah Naujoks,,11,4.9,48.5,0.4558,goal,right-foot,assisted,sofascore
14028547,1153261,Ángel Alarcón,,11,6.9,58.7,0.1102,save,right-foot,assisted,sofascore
14028547,1048487,Noah Naujoks,,8,13.8,38.4,0.0867,miss,left-foot,fast-break,sofascore
14028548,987647,Søren Tengstedt,,90,11.6,37.0,0.0193,miss,head,corner,sofascore
14028548,1047395,Couhaib Driouech,,90,16.3,43.8,0.1396,save,right-foot,fast-break,sofascore
14028548,891795,Melle Meulensteen,,88,11.6,46.5,0.0163,miss,head,corner,sofascore
14028548,360006,Finn Stokkers,,88,14.5,65.7,0.0321,block,left-foot,assisted,sofascore
14028548,932555,Evert Linthorst,,87,23.2,47.9,0.0282,block,right-foot,corner,sofascore
14028548,932555,Evert Linthorst,,87,26.4,45.1,0.0204,save,right-foot,assisted,sofascore
14028548,1047395,Couhaib Driouech,,85,6.4,34.0,0.0842,miss,right-foot,assisted,sofascore
14028548,1146018,Paul Wanner,,82,13.4,53.4,0.228,goal,right-foot,assisted,sofascore
14028548,1047395,Couhaib Driouech,,82,16.0,52.2,0.0952,block,right-foot,assisted,sofascore
14028548,987647,Søren Tengstedt,,77,10.4,70.8,0.0346,save,left-foot,assisted,sofascore
14028548,909960,Mathis Suray,,72,10.9,70.8,0.0208,miss,right-foot,assisted,sofascore
14028548,38710,Ivan Perišić,,70,11.5,34.2,0.0984,goal,right-foot,fast-break,sofascore
14028548,1136110,Esmir Bajraktarević,,69,9.5,54.5,0.549,save,left-foot,assisted,sofascore
14028548,1146018,Paul Wanner,,66,18.3,49.9,0.0799,block,right-foot,assisted,sofascore
14028548,986395,Ricardo Pepi,,63,10.2,47.9,0.0695,miss,head,assisted,sofascore
14028548,986395,Ricardo Pepi,,61,14.7,54.3,0.0617,block,right-foot,regular,sofascore
14028548,1136110,Esmir Bajraktarević,,61,7.3,64.4,0.1056,save,left-foot,regular,sofascore
14028548,909960,Mathis Suray,,59,25.0,39.5,0.0409,miss,right-foot,assisted,sofascore
14028548,845798,Guus Til,,59,14.9,52.8,0.1947,save,right-foot,assisted,sofascore
14028548,1136110,Esmir Bajraktarević,,58,15.6,53.9,0.0674,block,left-foot,assisted,sofascore
14028548,845798,Guus Til,,56,6.8,51.5,0.1458,miss,head,corner,sofascore
14028548,38710,Ivan Perišić,,55,22.2,42.4,0.0206,block,left-foot,assisted,sofascore
14028548,909960,Mathis Suray,,49,19.5,28.5,0.046,block,right-foot,free-kick,sofascore
14028548,986395,Ricardo Pepi,,45,8.9,51.8,0.0974,goal,head,assisted,sofascore
14028548,845798,Guus Til,,45,9.1,48.3,0.1412,miss,head,assisted,sofascore
14028548,986395,Ricardo Pepi,,37,9.4,45.5,0.2354,save,right-foot,assisted,sofascore
14028548,1146018,Paul Wanner,,36,25.4,44.5,0.0583,block,left-foot,assisted,sofascore
14028548,845798,Guus Til,,36,4.4,41.2,0.0792,miss,head,assisted,sofascore
14028548,845798,Guus Til,,36,3.9,43.0,0.1341,miss,head,assisted,sofascore
14028548,909960,Mathis Suray,,26,11.5,50.0,0.7884,goal,right-foot,penalty,sofascore
14028548,38710,Ivan Perišić,,19,11.1,34.0,0.0175,goal,head,assisted,sofascore
14028548,986395,Ricardo Pepi,,17,21.2,62.4,0.0846,miss,right-foot,regular,sofascore
14028548,1136110,Esmir Bajraktarević,,15,18.2,52.4,0.1728,save,right-foot,fast-break,sofascore
14028548,1133233,Aske Adelgaard,,14,6.7,33.1,0.0913,save,left-foot,assisted,sofascore
14028548,38710,Ivan Perišić,,9,15.0,33.0,0.0471,miss,left-foot,fast-break,sofascore
14028549,1214695,Adrian Blake,,90,13.6,47.4,0.6002,goal,right-foot,fast-break,sofascore
14028549,1012927,Rio Hillen,,90,12.5,55.2,0.0398,miss,head,assisted,sofascore
14028549,1433802,Gjivai Zechiël,,90,11.6,34.6,0.0721,save,right-foot,assisted,sofascore
14028549,1083398,Raul Paula,,90,25.3,46.3,0.0446,miss,right-foot,regular,sofascore
14028549,1461935,Moussa Soumano,,90,10.0,51.9,0.0471,miss,head,assisted,sofascore
14028549,1214695,Adrian Blake,,90,12.6,58.1,0.0817,miss,left-foot,fast-break,sofascore
14028549,1433802,Gjivai Zechiël,,90,9.9,41.7,0.1523,miss,left-foot,assisted,sofascore
14028549,855854,Dani De Wit,,86,3.9,51.7,0.677,goal,other,set-piece,sofascore
14028549,834597,Jesper Karlsson,,82,25.6,35.1,0.0216,miss,right-foot,corner,sofascore
14028549,834597,Jesper Karlsson,,78,16.0,41.3,0.0931,block,right-foot,assisted,sofascore
14028549,794990,Siebe Horemans,,77,21.9,69.7,0.0199,miss,right-foot,assisted,sofascore
14028549,1105700,Yoann Cathline,,76,8.5,52.8,0.2409,save,right-foot,assisted,sofascore
14028549,1433802,Gjivai Zechiël,,74,28.6,52.3,0.022,save,right-foot,regular,sofascore
14028549,837010,Niklas Vesterlund,,71,10.5,60.9,0.0633,block,right-foot,assisted,sofascore
14028549,834597,Jesper Karlsson,,70,12.9,32.3,0.0641,block,right-foot,assisted,sofascore
14028549,1433802,Gjivai Zechiël,,69,11.5,27.3,0.0277,save,right-foot,assisted,sofascore
14028549,837010,Niklas Vesterlund,,67,4.7,42.4,0.0988,save,head,corner,sofascore
14028549,834597,Jesper Karlsson,,65,25.7,34.2,0.0233,save,right-foot,assisted,sofascore
14028549,991679,Souffian El Karouani,,63,25.4,34.1,0.017,save,left-foot,assisted,sofascore
14028549,834597,Jesper Karlsson,,59,10.9,35.7,0.1101,miss,right-foot,assisted,sofascore
14028549,991679,Souffian El Karouani,,58,23.1,29.7,0.0291,block,right-foot,assisted,sofascore
14028549,1135884,Lewis Holtby,,57,27.7,50.9,0.0193,miss,left-foot,assisted,sofascore
14028549,1153261,Ángel Alarcón,,54,9.9,59.1,0.0718,miss,head,assisted,sofascore
14028549,27035,André Ayew,,50,4.6,41.7,0.1175,save,left-foot,assisted,sofascore
14028549,1515525,Cherrion Valerius,,50,10.2,54.0,0.0419,miss,head,assisted,sofascore
14028549,834597,Jesper Karlsson,,48,5.4,44.1,0.1995,save,right-foot,assisted,sofascore
14028549,1489193,Artem Stepanov,,46,6.3,47.9,0.4968,miss,head,assisted,sofascore
14028549,1000548,Alonzo Engwanda,,45,26.3,59.3,0.0205,miss,right-foot,assisted,sofascore
14028549,991679,Souffian El Karouani,,45,9.4,29.9,0.0607,block,left-foot,regular,sofascore
14028549,1489193,Artem Stepanov,,41,4.9,42.1,0.0729,miss,right-foot,corner,sofascore
14028549,58994,Denis Odoi,,38,7.0,40.1,0.0269,miss,head,corner,sofascore
14028549,1135884,Lewis Holtby,,38,11.2,63.0,0.1042,block,right-foot,regular,sofascore
14028549,1153261,Ángel Alarcón,,36,17.6,61.5,0.0784,block,left-foot,assisted,sofascore
14028549,1433802,Gjivai Zechiël,,28,24.0,39.3,0.0404,block,right-foot,assisted,sofascore
14028549,1105700,Yoann Cathline,,23,13.3,27.2,0.0517,miss,right-foot,assisted,sofascore
14028549,58994,Denis Odoi,,18,2.8,38.7,0.0416,miss,head,corner,sofascore
14028549,947842,Mike Eerdhuijzen,,9,9.4,51.1,0.0472,save,head,corner,sofascore
14028550,922018,Peer Koopmeiners,,90,27.8,53.0,0.0142,goal,right-foot,assisted,sofascore
14028550,966555,Troy Parrott,,90,13.3,35.2,0.0462,block,right-foot,assisted,sofascore
14028550,989882,Ramiz Zerrouki,,87,29.9,48.7,0.0357,miss,right-foot,free-kick,sofascore
14028550,966555,Troy Parrott,,85,29.8,49.0,0.0195,miss,right-foot,assisted,sofascore
14028550,1148468,Weslley Patati,,83,9.9,36.1,0.0734,miss,left-foot,regular,sofascore
14028550,893559,Mees De Wit,,81,14.9,37.7,0.0398,miss,left-foot,corner,sofascore
14028550,966555,Troy Parrott,,69,2.8,58.5,0.0993,miss,head,corner,sofascore
14028550,1004278,Alexandre Penetra,,67,3.5,50.3,0.2492,miss,head,corner,sofascore
14028550,893559,Mees De Wit,,66,15.4,39.7,0.061,block,left-foot,throw-in-set-piece,sofascore
14028550,1405756,Kees Smit,,66,18.3,37.1,0.0478,block,right-foot,throw-in-set-piece,sofascore
14028550,1004278,Alexandre Penetra,,65,30.9,50.7,0.0122,miss,right-foot,assisted,sofascore
14028550,1160026,Kristian Hlynsson,,63,14.6,56.2,0.0543,block,right-foot,regular,sofascore
14028550,804901,Sam Lammers,,62,24.4,75.0,0.0184,block,left-foot,assisted,sofascore
14028550,1405756,Kees Smit,,61,19.2,46.1,0.0279,save,right-foot,regular,sofascore
14028550,1145989,Ro-Zangelo Daal,,61,19.2,26.1,0.0147,block,right-foot,regular,sofascore
14028550,804901,Sam Lammers,,55,7.1,48.4,0.2054,goal,left-foot,assisted,sofascore
14028550,946506,Bart van Rooij,,53,18.2,47.9,0.0514,block,left-foot,corner,sofascore
14028550,946506,Bart van Rooij,,52,26.0,51.6,0.013,block,right-foot,corner,sofascore
14028550,966555,Troy Parrott,,44,2.6,43.0,0.2053,miss,left-foot,assisted,sofascore
14028550,804901,Sam Lammers,,43,16.2,47.8,0.0508,save,right-foot,assisted,sofascore
14028550,116946,Jordy Clasie,,40,17.8,46.0,0.0961,block,right-foot,throw-in-set-piece,sofascore
14028550,1145999,Rome Jayden Owusu-Oduro,,32,2.4,49.2,,goal,left-foot,regular,sofascore
14028550,966555,Troy Parrott,,31,8.1,42.4,0.1952,save,left-foot,assisted,sofascore
14028550,1004278,Alexandre Penetra,,30,14.4,45.8,0.0917,block,left-foot,set-piece,sofascore
14028550,804901,Sam Lammers,,19,23.9,73.8,0.0093,miss,left-foot,assisted,sofascore
14028550,116946,Jordy Clasie,,17,19.3,41.8,0.0701,block,left-foot,assisted,sofascore
14028550,116946,Jordy Clasie,,13,22.3,41.0,0.0265,goal,right-foot,regular,sofascore
14028550,989882,Ramiz Zerrouki,,8,26.6,36.9,0.0262,miss,right-foot,regular,sofascore
14028551,1542618,Jordy Bawuah,,86,26.5,44.5,0.0296,save,right-foot,regular,sofascore
14028551,1136110,Esmir Bajraktarević,,82,14.7,49.5,0.144,goal,left-foot,assisted,sofascore
14028551,845798,Guus Til,,79,2.8,57.5,0.2777,save,right-foot,assisted,sofascore
14028551,1047395,Couhaib Driouech,,79,1.6,46.8,0.9722,goal,left-foot,regular,sofascore
14028551,1136110,Esmir Bajraktarević,,73,19.5,67.1,0.0205,goal,left-foot,assisted,sofascore
14028551,927155,Simon Graves,,72,3.2,50.9,,goal,right-foot,regular,sofascore
14028551,1540010,Joel Van Den Berg,,67,19.1,50.1,0.0914,save,right-foot,assisted,sofascore
14028551,986395,Ricardo Pepi,,67,18.5,30.7,0.03,block,right-foot,assisted,sofascore
14028551,1136110,Esmir Bajraktarević,,64,15.0,71.4,0.0305,miss,left-foot,assisted,sofascore
14028551,876233,Thijs Oosting,,63,25.9,56.8,0.0543,block,left-foot,assisted,sofascore
14028551,986395,Ricardo Pepi,,57,9.9,56.1,0.025,goal,head,corner,sofascore
14028551,1540010,Joel Van Den Berg,,56,23.8,37.0,0.0238,block,right-foot,assisted,sofascore
14028551,846003,Odysseus Velanas,,53,11.9,73.0,0.0643,save,right-foot,fast-break,sofascore
14028551,1050828,Zico Buurmeester,,51,18.7,46.4,0.1738,goal,left-foot,fast-break,sofascore
14028551,876233,Thijs Oosting,,51,14.5,46.4,0.5458,save,left-foot,fast-break,sofascore
14028551,986395,Ricardo Pepi,,43,9.4,55.8,0.1371,save,head,assisted,sofascore
14028551,927605,Kaj de Rooij,,39,21.2,35.6,0.0473,block,right-foot,assisted,sofascore
14028551,850816,Joey Veerman,,34,22.8,69.3,0.0075,block,right-foot,set-piece,sofascore
14028551,850816,Joey Veerman,,34,22.4,71.5,0.0695,block,right-foot,free-kick,sofascore
14028551,893499,Mauro Júnior,,31,18.4,46.7,0.0458,block,left-foot,corner,sofascore
14028551,893499,Mauro Júnior,,20,20.1,44.6,0.0955,save,left-foot,regular,sofascore
14028551,1049446,Olivier Aertssen,,13,11.0,70.5,0.035,save,left-foot,assisted,sofascore
14028551,986395,Ricardo Pepi,,8,9.4,53.8,0.1142,goal,head,assisted,sofascore
14028551,1047395,Couhaib Driouech,,6,14.1,29.9,0.0336,save,right-foot,assisted,sofascore
14028552,252885,Brandley Kuwas,,90,26.3,53.6,0.0335,miss,left-foot,assisted,sofascore
14028552,996982,Yannick Leliendal,,90,24.9,48.7,0.0414,save,left-foot,assisted,sofascore
14028552,252885,Brandley Kuwas,,90,23.5,53.8,0.041,miss,left-foot,fast-break,sofascore
14028552,1028070,Lasse Selvåg Nordås,,90,15.1,40.6,0.066,block,left-foot,fast-break,sofascore
14028552,825843,Dylan Vente,,86,14.8,37.7,0.0976,goal,right-foot,assisted,sofascore
14028552,1008697,Anthony Descotte,,83,11.4,45.2,0.0812,block,left-foot,corner,sofascore
14028552,106154,Mawouna Amevor,,79,6.9,50.1,0.1499,miss,head,set-piece,sofascore
14028552,996982,Yannick Leliendal,,79,24.3,45.0,0.0206,block,right-foot,set-piece,sofascore
14028552,1095753,Gibson Yah,,76,7.4,68.7,0.0518,save,right-foot,assisted,sofascore
14028552,156676,Robert Mühren,,75,5.5,50.1,0.3833,save,head,assisted,sofascore
14028552,1095753,Gibson Yah,,73,9.3,46.3,0.0414,miss,head,corner,sofascore
14028552,544532,Bilal Ould-Chikh,,73,12.9,62.2,0.0846,save,left-foot,assisted,sofascore
14028552,1064426,Vasilios Zagaritis,,66,11.4,39.9,0.0697,save,left-foot,assisted,sofascore
14028552,1015627,Jacob Trenskow,,63,22.3,36.4,0.0252,miss,left-foot,assisted,sofascore
14028552,992018,Ringo Meerveld,,56,4.0,44.4,0.4394,save,left-foot,assisted,sofascore
14028552,992018,Ringo Meerveld,,53,24.6,32.1,0.0167,miss,right-foot,assisted,sofascore
14028552,996986,Luca Oyen,,52,11.2,55.1,0.1141,block,right-foot,regular,sofascore
14028552,138842,Joris van Overeem,,43,19.7,49.7,0.1325,block,right-foot,fast-break,sofascore
14028552,996986,Luca Oyen,,35,9.7,49.1,0.1138,block,right-foot,throw-in-set-piece,sofascore
14028552,313264,Henk Veerman,,29,10.6,61.3,0.074,block,right-foot,assisted,sofascore
14028552,788971,Juninho Bacuna,,23,29.7,40.1,0.019,miss,right-foot,assisted,sofascore
14028552,544532,Bilal Ould-Chikh,,16,19.5,49.9,0.0374,block,left-foot,assisted,sofascore
14028552,313264,Henk Veerman,,14,6.7,48.3,0.4086,save,head,assisted,sofascore
14028552,1481354,Precious Ugwu,,10,20.7,61.5,0.0211,block,right-foot,corner,sofascore
14028552,996986,Luca Oyen,,8,2.7,47.0,0.5489,goal,head,assisted,sofascore
14028552,825843,Dylan Vente,,4,13.6,70.5,0.0182,block,right-foot,assisted,sofascore
14028553,980742,Erik Ahlstrand,,90,7.5,34.3,0.055,miss,left-foot,set-piece,sofascore
14028553,1050828,Zico Buurmeester,,89,9.0,45.9,0.2888,miss,left-foot,fast-break,sofascore
14028553,1213453,Tristan van Gilst,,84,13.9,65.2,0.0759,save,left-foot,fast-break,sofascore
14028553,998999,Luka Kulenović,,82,26.5,33.9,0.0217,block,right-foot,assisted,sofascore
14028553,1509752,Nick Fichtinger,,78,26.5,46.8,0.0306,save,left-foot,regular,sofascore
14028553,1130308,Mimeirhel Benita,,75,8.4,42.7,0.2078,miss,right-foot,assisted,sofascore
14028553,930295,Jan Žambůrek,,69,13.7,83.5,0.0423,save,left-foot,free-kick,sofascore
14028553,1213453,Tristan van Gilst,,67,6.6,46.4,0.1599,miss,right-foot,assisted,sofascore
14028553,1050828,Zico Buurmeester,,66,22.4,47.1,0.042,block,right-foot,assisted,sofascore
14028553,1130308,Mimeirhel Benita,,60,13.3,31.2,0.0391,save,right-foot,assisted,sofascore
14028553,1213453,Tristan van Gilst,,53,30.3,49.8,0.0185,miss,right-foot,assisted,sofascore
14028553,1066450,Walid Ould-Chikh,,36,6.3,74.4,0.0236,miss,right-foot,assisted,sofascore
14028553,846003,Odysseus Velanas,,35,18.8,58.9,0.0208,block,right-foot,set-piece,sofascore
14028553,847073,Koen Kostons,,32,3.3,39.0,0.1203,save,right-foot,corner,sofascore
14028553,1049446,Olivier Aertssen,,32,10.8,51.4,0.0273,miss,head,corner,sofascore
14028553,847073,Koen Kostons,,28,13.9,37.2,0.0427,save,right-foot,assisted,sofascore
14028553,998999,Luka Kulenović,,26,12.6,55.5,0.1779,miss,left-foot,regular,sofascore
14028553,1213453,Tristan van Gilst,,25,2.2,64.2,0.0152,block,right-foot,regular,sofascore
14028553,1005693,Anselmo Garcia McNulty,,19,29.6,34.3,0.0161,goal,left-foot,assisted,sofascore
14028553,974530,Djevencio van der Kust,,17,26.3,39.7,0.0168,block,left-foot,corner,sofascore
14028553,998999,Luka Kulenović,,16,4.6,40.9,0.1141,block,right-foot,assisted,sofascore
14028553,846003,Odysseus Velanas,,15,19.4,67.2,0.0326,save,left-foot,assisted,sofascore
14028553,1189738,Sem Scheperman,,9,24.5,39.6,0.029,miss,left-foot,assisted,sofascore
14028554,190435,Marko Pjaca,,90,9.7,40.4,0.2011,miss,right-foot,set-piece,sofascore
14028554,1137227,Milan Zonneveld,,89,14.8,43.3,0.5511,save,left-foot,fast-break,sofascore
14028554,385708,Vito van Crooij,,84,26.1,42.7,0.0136,miss,right-foot,regular,sofascore
14028554,1002479,Shunsuke Mito,,84,22.7,32.0,0.0206,block,right-foot,assisted,sofascore
14028554,1048430,Daan Rots,,78,10.7,49.2,0.2402,goal,left-foot,assisted,sofascore
14028554,190435,Marko Pjaca,,77,8.6,43.2,0.1129,block,right-foot,assisted,sofascore
14028554,804901,Sam Lammers,,74,7.9,43.4,0.065,miss,head,assisted,sofascore
14028554,1648759,Marvin Young,,74,14.3,48.6,0.0352,miss,left-foot,corner,sofascore
14028554,1160026,Kristian Hlynsson,,71,6.5,53.2,0.2068,goal,head,regular,sofascore
14028554,1160026,Kristian Hlynsson,,65,14.8,66.9,0.0658,save,right-foot,assisted,sofascore
14028554,945233,Thomas Van den Belt,,59,6.8,44.9,0.3399,goal,right-foot,regular,sofascore
14028554,945233,Thomas Van den Belt,,58,3.5,47.8,0.8341,goal,right-foot,regular,sofascore
14028554,804901,Sam Lammers,,54,5.0,47.3,0.2747,save,left-foot,assisted,sofascore
14028554,1002479,Shunsuke Mito,,53,7.8,77.3,0.0109,miss,right-foot,assisted,sofascore
14028554,1048430,Daan Rots,,51,21.1,67.2,0.0233,save,left-foot,assisted,sofascore
14028554,945233,Thomas Van den Belt,,51,4.9,45.8,0.2072,save,right-foot,corner,sofascore
14028554,945233,Thomas Van den Belt,,49,25.1,54.1,0.0263,block,right-foot,assisted,sofascore
14028554,1002479,Shunsuke Mito,,42,12.3,38.3,0.0601,miss,left-foot,set-piece,sofascore
14028554,989882,Ramiz Zerrouki,,40,24.0,57.0,0.0358,miss,right-foot,assisted,sofascore
14028554,946506,Bart van Rooij,,40,18.2,52.3,0.0447,miss,left-foot,assisted,sofascore
14028554,1160026,Kristian Hlynsson,,36,11.0,66.1,0.0336,block,right-foot,assisted,sofascore
14028554,945233,Thomas Van den Belt,,35,8.4,50.6,0.1761,post,left-foot,assisted,sofascore
14028554,804901,Sam Lammers,,34,29.8,54.9,0.0185,save,right-foot,assisted,sofascore
14028554,945233,Thomas Van den Belt,,32,10.4,65.5,0.0749,miss,right-foot,regular,sofascore
14028554,804901,Sam Lammers,,31,7.8,55.5,0.0684,save,head,assisted,sofascore
14028554,1648751,Ayoni Santos,,31,29.8,49.7,0.0205,block,right-foot,assisted,sofascore
14028554,796943,Tobias Lauritsen,,29,9.8,66.9,0.0644,block,right-foot,assisted,sofascore
14028554,1091923,Stav Lemkin,,24,13.8,46.2,0.0333,miss,right-foot,corner,sofascore
14028554,1160026,Kristian Hlynsson,,16,14.8,47.6,0.0794,save,right-foot,assisted,sofascore
14028554,1002479,Shunsuke Mito,,15,18.7,53.9,0.1152,block,right-foot,assisted,sofascore
14028554,804901,Sam Lammers,,13,10.6,68.1,0.0474,save,right-foot,assisted,sofascore
14028554,804901,Sam Lammers,,10,9.7,47.9,0.0389,save,head,corner,sofascore
14028554,945233,Thomas Van den Belt,,10,3.3,56.0,0.1552,block,head,corner,sofascore
14028554,804901,Sam Lammers,,10,4.8,49.7,0.2481,post,right-foot,corner,sofascore
14028554,1200962,Sondre Ørjasæter,,2,14.1,31.6,0.0199,block,right-foot,assisted,sofascore
14028555,1586644,Eser Gürbüz,,90,25.4,60.7,0.0257,block,right-foot,assisted,sofascore
14028555,1028070,Lasse Selvåg Nordås,,90,8.3,53.5,0.1433,block,left-foot,regular,sofascore
14028555,847072,Sam Kersten,,90,28.5,59.8,0.0212,block,right-foot,regular,sofascore
14028555,1028070,Lasse Selvåg Nordås,,86,6.8,49.0,0.1747,block,head,regular,sofascore
14028555,825843,Dylan Vente,,86,7.4,56.5,0.0871,block,head,assisted,sofascore
14028555,1028070,Lasse Selvåg Nordås,,75,9.8,50.4,0.0416,miss,head,corner,sofascore
14028555,1028070,Lasse Selvåg Nordås,,75,10.2,51.6,0.0586,block,head,assisted,sofascore
14028555,858242,Boy Kemper,,74,11.5,50.0,0.7884,goal,left-foot,penalty,sofascore
14028555,1096511,Maximilien Balard,,64,21.1,43.6,0.0184,block,right-foot,corner,sofascore
14028555,1150061,Oliver Braude,,62,13.2,70.9,0.0361,block,right-foot,assisted,sofascore
14028555,996986,Luca Oyen,,58,3.8,41.8,0.2134,save,head,assisted,sofascore
14028555,1135884,Lewis Holtby,,50,15.8,36.7,0.029,block,right-foot,assisted,sofascore
14028555,1096511,Maximilien Balard,,48,20.9,47.8,0.0296,miss,right-foot,corner,sofascore
14028555,1096511,Maximilien Balard,,48,23.0,49.0,0.0173,block,right-foot,corner,sofascore
14028555,927440,Kamal Sowah,,45,24.3,55.9,0.0282,miss,right-foot,assisted,sofascore
14028555,27035,André Ayew,,44,7.5,49.5,0.1181,miss,head,set-piece,sofascore
14028555,1096511,Maximilien Balard,,39,24.0,48.4,0.0207,block,left-foot,set-piece,sofascore
14028555,858242,Boy Kemper,,36,12.1,37.0,0.0992,goal,left-foot,regular,sofascore
14028555,1135884,Lewis Holtby,,36,8.5,58.8,0.0373,miss,head,assisted,sofascore
14028555,1135884,Lewis Holtby,,32,26.3,56.2,0.036,miss,left-foot,regular,sofascore
14028555,996986,Luca Oyen,,27,8.6,33.0,0.0908,miss,right-foot,fast-break,sofascore
14028555,992018,Ringo Meerveld,,25,18.2,29.8,0.047,block,right-foot,assisted,sofascore
14028555,927440,Kamal Sowah,,19,12.1,51.7,0.0976,block,right-foot,regular,sofascore
14028555,1461935,Moussa Soumano,,16,12.7,42.6,0.036,save,head,assisted,sofascore
14028555,927440,Kamal Sowah,,13,24.5,64.2,0.0226,save,left-foot,assisted,sofascore
14028555,1135884,Lewis Holtby,,12,8.4,55.3,0.2036,miss,left-foot,assisted,sofascore
14028555,794014,Luuk Brouwers,,8,16.0,47.5,0.0532,block,left-foot,regular,sofascore
14028555,1461935,Moussa Soumano,,6,3.6,39.1,0.0703,miss,head,corner,sofascore
14028555,1515525,Cherrion Valerius,,3,20.2,66.0,0.025,block,right-foot,corner,sofascore
14028555,27035,André Ayew,,3,7.6,45.0,0.0767,block,left-foot,corner,sofascore
14028555,571964,Enes Mahmutović,,3,7.4,48.7,0.1039,block,head,corner,sofascore
14028555,1015627,Jacob Trenskow,,1,49.9,49.9,0.0081,save,left-foot,regular,sofascore
14028556,1066450,Walid Ould-Chikh,,88,25.3,39.8,,miss,right-foot,regular,sofascore
14028556,385300,Jeff Hardeveld,,77,7.6,48.3,,goal,head,assisted,sofascore
14028556,1213453,Tristan van Gilst,,75,8.6,46.8,,miss,head,assisted,sofascore
14028556,998999,Luka Kulenović,,73,6.4,51.9,,miss,head,assisted,sofascore
14028556,1469336,Tyrese Noslin,,72,3.0,55.8,,goal,right-foot,assisted,sofascore
14028556,1047396,Guus Offerhaus,,70,3.5,49.8,,goal,right-foot,corner,sofascore
14028556,302690,Danny Bakker,,69,5.2,43.6,,save,head,corner,sofascore
14028556,1469336,Tyrese Noslin,,69,12.5,68.1,,block,right-foot,fast-break,sofascore
14028556,1548834,Sem van Duijn,,62,17.6,51.1,,save,right-foot,assisted,sofascore
14028556,1144148,Rhys Bozinovski,,58,19.7,60.3,,block,right-foot,throw-in-set-piece,sofascore
14028556,1066319,Patrick Brouwer,,51,3.6,42.3,,save,head,corner,sofascore
14028556,1418395,Neville Nwankwo,,49,4.2,44.2,,save,head,corner,sofascore
14028556,998999,Luka Kulenović,,48,6.1,53.6,,miss,head,assisted,sofascore
14028556,385300,Jeff Hardeveld,,33,18.9,55.0,,block,left-foot,free-kick,sofascore
14028556,302690,Danny Bakker,,25,17.2,51.6,,miss,right-foot,throw-in-set-piece,sofascore
14028556,1066450,Walid Ould-Chikh,,23,36.9,40.3,,miss,right-foot,regular,sofascore
14028556,1213453,Tristan van Gilst,,13,11.3,70.3,,save,right-foot,fast-break,sofascore
14028556,1548838,Soufiane Hetli,,13,9.9,36.0,,block,left-foot,assisted,sofascore
14028556,1066319,Patrick Brouwer,,12,3.9,56.0,,miss,head,throw-in-set-piece,sofascore
14028557,74577,Patrick van Aanholt,,90,28.5,49.3,0.0351,block,left-foot,free-kick,sofascore
14028557,1648751,Ayoni Santos,,90,9.4,73.5,0.0342,block,right-foot,assisted,sofascore
14028557,1137227,Milan Zonneveld,,90,7.3,53.4,0.3381,goal,left-foot,assisted,sofascore
14028557,796943,Tobias Lauritsen,,90,7.9,70.5,0.0395,save,right-foot,fast-break,sofascore
14028557,1648759,Marvin Young,,89,9.5,63.9,0.0772,block,right-foot,set-piece,sofascore
14028557,1648751,Ayoni Santos,,86,14.7,64.1,0.0687,miss,left-foot,fast-break,sofascore
14028557,1137227,Milan Zonneveld,,85,10.4,45.8,0.0263,miss,head,corner,sofascore
14028557,1046143,Julian Baas,,73,7.7,42.8,0.3616,post,right-foot,regular,sofascore
14028557,913584,Joshua Kitolano,,73,15.0,53.4,0.1427,save,right-foot,regular,sofascore
14028557,1384483,Irakli Yegoian,,68,27.5,30.3,0.0269,save,right-foot,assisted,sofascore
14028557,1046142,Derensili Sanches Fernandes,,67,21.8,56.4,0.0547,block,left-foot,assisted,sofascore
14028557,1126595,Lennard Hartjes,,66,8.6,56.0,0.1007,miss,right-foot,regular,sofascore
14028557,910053,Arthur Zagre,,65,12.6,43.0,0.0713,block,left-foot,assisted,sofascore
14028557,1048487,Noah Naujoks,,62,3.9,42.3,0.1063,goal,head,corner,sofascore
14028557,1126966,Gyan de Regt,,61,9.4,35.6,0.04,miss,right-foot,regular,sofascore
14028557,966299,Teo Quintero,,60,8.9,47.2,0.048,miss,head,corner,sofascore
14028557,1002479,Shunsuke Mito,,59,14.5,46.2,0.1328,miss,right-foot,regular,sofascore
14028557,1048487,Noah Naujoks,,58,17.8,50.7,0.0687,block,right-foot,assisted,sofascore
14028557,1384483,Irakli Yegoian,,54,27.2,45.2,0.0188,miss,right-foot,set-piece,sofascore
14028557,1648751,Ayoni Santos,,53,13.6,71.8,0.0529,goal,right-foot,regular,sofascore
14028557,910053,Arthur Zagre,,50,6.9,47.0,0.3223,goal,right-foot,fast-break,sofascore
14028557,910053,Arthur Zagre,,50,9.7,41.5,0.2096,save,left-foot,fast-break,sofascore
14028557,796943,Tobias Lauritsen,,49,15.1,49.3,0.021,miss,head,assisted,sofascore
14028557,1046142,Derensili Sanches Fernandes,,47,24.6,58.3,0.0267,miss,left-foot,assisted,sofascore
14028557,1002479,Shunsuke Mito,,39,12.0,36.6,0.0813,save,right-foot,assisted,sofascore
14028557,385708,Vito van Crooij,,34,26.2,62.8,0.0385,block,right-foot,free-kick,sofascore
14028557,1126595,Lennard Hartjes,,31,24.3,59.1,0.03,miss,right-foot,assisted,sofascore
14028557,1046142,Derensili Sanches Fernandes,,26,24.0,71.1,0.0241,miss,left-foot,regular,sofascore
14028557,1046142,Derensili Sanches Fernandes,,15,49.5,60.9,0.0132,miss,left-foot,regular,sofascore
14028557,1652148,Giannino Vianello,,14,2.4,45.6,,goal,right-foot,regular,sofascore
14028557,1126595,Lennard Hartjes,,12,20.7,62.6,0.0337,miss,right-foot,throw-in-set-piece,sofascore
14028557,1652148,Giannino Vianello,,10,26.9,44.6,0.0095,block,left-foot,set-piece,sofascore
14028557,1384483,Irakli Yegoian,,9,17.9,32.1,0.0492,miss,right-foot,regular,sofascore
14028557,1002479,Shunsuke Mito,,4,19.6,26.0,0.0192,block,left-foot,assisted,sofascore
14028558,922018,Peer Koopmeiners,,90,37.4,38.6,0.0112,save,right-foot,assisted,sofascore
14028558,1004278,Alexandre Penetra,,85,11.0,27.6,0.0266,miss,right-foot,corner,sofascore
14028558,922018,Peer Koopmeiners,,84,26.7,30.1,0.0315,save,right-foot,free-kick,sofascore
14028558,1144138,Jordan Bos,,81,13.0,35.8,0.0353,miss,right-foot,assisted,sofascore
14028558,1145989,Ro-Zangelo Daal,,76,17.0,29.7,0.0163,miss,right-foot,regular,sofascore
14028558,966555,Troy Parrott,,61,4.2,35.2,0.064,block,right-foot,regular,sofascore
14028558,1218066,Anis Hadj Moussa,,57,10.6,58.3,0.6285,goal,left-foot,fast-break,sofascore
14028558,1121400,Luciano Valente,,54,21.3,44.2,0.0805,miss,left-foot,assisted,sofascore
14028558,1095731,Oussama Targhalline,,51,15.2,43.8,0.0533,miss,left-foot,corner,sofascore
14028558,1144138,Jordan Bos,,48,19.1,50.3,0.0374,save,right-foot,set-piece,sofascore
14028558,980671,Sven Mijnans,,46,8.8,62.7,0.3677,miss,left-foot,assisted,sofascore
14028558,893559,Mees De Wit,,45,9.4,27.8,0.0372,miss,left-foot,assisted,sofascore
14028558,1218066,Anis Hadj Moussa,,37,7.7,56.8,0.5992,save,left-foot,assisted,sofascore
14028558,1145989,Ro-Zangelo Daal,,36,14.1,29.9,0.0496,block,right-foot,assisted,sofascore
14028558,985823,Ayase Ueda,,34,19.2,54.6,0.0883,miss,right-foot,fast-break,sofascore
14028558,1145989,Ro-Zangelo Daal,,31,17.9,34.3,0.0663,block,right-foot,assisted,sofascore
14028558,1087931,Isak Steiner Jensen,,29,14.4,56.0,0.046,block,right-foot,set-piece,sofascore
14028558,942213,Tsuyoshi Watanabe,,27,7.6,39.9,0.0263,save,head,corner,sofascore
14028558,1087931,Isak Steiner Jensen,,24,11.6,62.6,0.0999,block,right-foot,assisted,sofascore
14028558,1218066,Anis Hadj Moussa,,17,8.6,64.6,0.0583,miss,left-foot,throw-in-set-piece,sofascore
14028558,985823,Ayase Ueda,,17,9.5,35.0,0.0344,save,left-foot,throw-in-set-piece,sofascore
14028558,980671,Sven Mijnans,,8,28.4,53.6,0.0232,miss,right-foot,assisted,sofascore
14028558,966555,Troy Parrott,,1,14.5,52.3,0.3942,goal,right-foot,assisted,sofascore
14028559,1400656,Travis Hernes,,90,23.2,73.4,0.0083,miss,right-foot,regular,sofascore
14028559,1189738,Sem Scheperman,,90,9.1,49.6,0.0672,save,head,throw-in-set-piece,sofascore
14028559,1146623,Younes Taha,,81,4.9,58.7,0.1903,miss,left-foot,regular,sofascore
14028559,2361972,Tarik Hamamioglu,,80,14.3,54.6,0.0358,miss,head,assisted,sofascore
14028559,1146623,Younes Taha,,75,30.1,87.3,0.0352,miss,left-foot,free-kick,sofascore
14028559,1413536,Thom van Bergen,,67,9.5,65.9,0.0559,block,right-foot,fast-break,sofascore
14028559,1066450,Walid Ould-Chikh,,66,10.2,49.5,0.0842,block,right-foot,regular,sofascore
14028559,1413536,Thom van Bergen,,66,15.2,56.9,0.0585,save,right-foot,regular,sofascore
14028559,1413536,Thom van Bergen,,64,24.4,36.3,0.0348,miss,right-foot,fast-break,sofascore
14028559,1441117,Tygo Land,,56,9.5,63.6,0.1314,goal,right-foot,assisted,sofascore
14028559,1413536,Thom van Bergen,,55,7.7,53.4,0.1176,miss,right-foot,assisted,sofascore
14028559,1130308,Mimeirhel Benita,,52,15.1,47.8,0.0585,block,right-foot,regular,sofascore
14028559,1146623,Younes Taha,,51,21.7,78.0,0.0146,block,left-foot,assisted,sofascore
14028559,1189738,Sem Scheperman,,47,11.1,53.4,0.0201,miss,head,corner,sofascore
14028559,1121402,Tika de Jonge,,45,16.0,62.2,0.0564,miss,right-foot,assisted,sofascore
14028559,76160,Marvin Peersman,,44,12.0,29.3,0.0368,miss,left-foot,assisted,sofascore
14028559,1121402,Tika de Jonge,,42,17.6,51.4,0.081,save,left-foot,assisted,sofascore
14028559,132674,Mario Engels,,39,6.9,66.7,0.0746,miss,right-foot,set-piece,sofascore
14028559,318575,Damon Mirani,,27,6.1,66.0,0.0094,miss,head,corner,sofascore
14028559,318575,Damon Mirani,,25,6.8,56.7,0.0936,miss,head,corner,sofascore
14028559,1213453,Tristan van Gilst,,17,13.9,70.6,0.0496,goal,right-foot,assisted,sofascore
14028559,1146623,Younes Taha,,17,26.1,57.3,0.0346,miss,left-foot,fast-break,sofascore
14028559,1146623,Younes Taha,,10,15.4,43.4,0.0821,save,left-foot,assisted,sofascore
14028559,132674,Mario Engels,,8,5.4,45.6,0.3725,miss,head,assisted,sofascore
14028559,1213453,Tristan van Gilst,,7,28.4,54.8,0.0262,miss,right-foot,assisted,sofascore
14028559,1878212,David van der Werff,,4,10.5,52.6,0.1311,goal,right-foot,corner,sofascore
14028559,1413536,Thom van Bergen,,3,11.2,52.2,0.089,block,right-foot,corner,sofascore
14028561,940647,Danilo,,90,13.5,35.2,0.0892,miss,right-foot,fast-break,sofascore
14028561,1394147,Sami Ouaissa,,81,12.5,65.2,0.081,block,left-foot,fast-break,sofascore
14028561,897603,Darko Nejašmić,,76,23.2,56.8,0.0323,miss,right-foot,set-piece,sofascore
14028561,1394147,Sami Ouaissa,,74,12.9,55.4,0.1161,miss,left-foot,assisted,sofascore
14028561,940647,Danilo,,74,13.2,35.0,0.0466,save,right-foot,set-piece,sofascore
14028561,1394147,Sami Ouaissa,,72,10.7,65.6,0.0416,save,right-foot,regular,sofascore
14028561,1193676,Başar Önal,,69,18.9,34.0,0.0449,block,right-foot,regular,sofascore
14028561,1394147,Sami Ouaissa,,66,8.6,53.6,0.1261,miss,head,assisted,sofascore
14028561,1394147,Sami Ouaissa,,65,12.8,57.9,0.0702,block,left-foot,assisted,sofascore
14028561,1394147,Sami Ouaissa,,65,12.5,68.5,0.0325,block,left-foot,assisted,sofascore
14028561,47753,Bryan Linssen,,64,8.3,44.6,0.1007,block,head,assisted,sofascore
14028561,1214957,Noe Lebreton,,63,5.4,53.6,0.2171,post,right-foot,corner,sofascore
14028561,35208,Tjaronn Chery,,62,17.8,51.7,0.0875,save,left-foot,assisted,sofascore
14028561,35208,Tjaronn Chery,,61,16.0,53.0,0.1831,block,right-foot,assisted,sofascore
14028561,987647,Søren Tengstedt,,55,5.2,53.8,0.3876,goal,left-foot,assisted,sofascore
14028561,47753,Bryan Linssen,,49,12.9,45.2,0.0846,save,left-foot,assisted,sofascore
14028561,1012639,Brayann Pereira,,46,8.3,45.4,0.2192,block,left-foot,fast-break,sofascore
14028561,35208,Tjaronn Chery,,46,25.1,57.9,0.0373,block,left-foot,regular,sofascore
14028561,1394147,Sami Ouaissa,,46,8.3,55.7,0.4381,save,right-foot,fast-break,sofascore
14028561,1184054,Kodai Sano,,45,17.3,48.7,0.0544,miss,right-foot,corner,sofascore
14028561,35208,Tjaronn Chery,,45,12.3,44.4,0.08,block,left-foot,regular,sofascore
14028561,1193676,Başar Önal,,45,6.0,40.9,0.0874,block,right-foot,regular,sofascore
14028561,1184054,Kodai Sano,,41,23.1,48.7,0.0284,save,left-foot,corner,sofascore
14028561,841420,Victor Edvardsen,,35,9.4,55.8,0.105,block,right-foot,assisted,sofascore
14028561,1394147,Sami Ouaissa,,32,7.6,55.8,0.1043,save,head,fast-break,sofascore
14028561,35208,Tjaronn Chery,,29,1.8,63.2,0.0907,save,left-foot,corner,sofascore
14028561,1177177,Deveron Fonville,,28,8.2,38.0,0.1296,block,left-foot,fast-break,sofascore
14028561,1214957,Noe Lebreton,,27,4.6,47.9,0.982,goal,left-foot,fast-break,sofascore
14028561,1214957,Noe Lebreton,,27,14.5,53.4,0.5453,post,right-foot,fast-break,sofascore
14028561,1193676,Başar Önal,,23,5.2,31.9,0.056,miss,left-foot,assisted,sofascore
14028561,47753,Bryan Linssen,,22,7.0,51.7,0.4686,post,right-foot,fast-break,sofascore
14028561,35208,Tjaronn Chery,,17,8.8,34.8,0.0991,save,left-foot,fast-break,sofascore
14028561,891795,Melle Meulensteen,,16,8.6,42.3,0.043,block,head,assisted,sofascore
14028561,1214957,Noe Lebreton,,12,5.7,49.5,0.2981,goal,head,corner,sofascore
14028561,1193676,Başar Önal,,9,22.4,38.1,0.0328,block,right-foot,assisted,sofascore
14028561,35208,Tjaronn Chery,,7,9.7,43.6,0.0739,block,right-foot,regular,sofascore
14028561,35208,Tjaronn Chery,,5,23.8,68.1,0.0244,miss,left-foot,corner,sofascore
14028561,47753,Bryan Linssen,,5,20.7,59.4,0.0546,block,right-foot,corner,sofascore
14028561,1394147,Sami Ouaissa,,5,4.2,66.4,0.0734,save,left-foot,assisted,sofascore
14028561,35208,Tjaronn Chery,,2,25.0,38.9,0.035,miss,left-foot,assisted,sofascore
14046017,796943,Tobias Lauritsen,,90,8.6,30.7,0.0752,miss,left-foot,fast-break,sofascore
14046017,74577,Patrick van Aanholt,,89,24.1,50.5,0.0765,goal,left-foot,free-kick,sofascore
14046017,1878212,David van der Werff,,82,21.2,32.9,0.018,block,right-foot,assisted,sofascore
14046017,318745,Oskar Zawada,,80,8.9,52.2,0.1019,miss,head,assisted,sofascore
14046017,318745,Oskar Zawada,,71,4.6,51.0,0.6807,miss,left-foot,assisted,sofascore
14046017,1878212,David van der Werff,,67,13.3,52.1,0.1424,miss,right-foot,assisted,sofascore
14046017,1648756,Ayoub Oufkir,,63,9.9,29.4,0.2008,miss,left-foot,fast-break,sofascore
14046017,1121402,Tika de Jonge,,59,25.9,47.0,0.0147,miss,right-foot,corner,sofascore
14046017,1146623,Younes Taha,,53,27.4,65.6,0.0149,block,left-foot,assisted,sofascore
14046017,796943,Tobias Lauritsen,,38,11.1,56.2,0.0495,miss,head,set-piece,sofascore
14046017,1878212,David van der Werff,,37,18.4,51.9,0.0474,miss,left-foot,assisted,sofascore
14046017,946505,Lance Duijvestijn,,32,9.8,68.7,0.0489,miss,right-foot,corner,sofascore
14046017,1878212,David van der Werff,,31,11.1,72.0,0.0468,block,right-foot,assisted,sofascore
14046017,1090328,Stije Resink,,26,11.6,39.3,0.0133,miss,head,set-piece,sofascore
14046017,1146623,Younes Taha,,22,20.0,24.2,0.0181,block,left-foot,assisted,sofascore
14046017,1592993,Tyrique Mercera,,22,10.5,60.8,0.0795,block,left-foot,regular,sofascore
14046017,1648756,Ayoub Oufkir,,19,14.2,44.0,0.184,post,right-foot,regular,sofascore
14046017,796943,Tobias Lauritsen,,15,5.4,49.3,0.1867,goal,head,corner,sofascore
14046017,796943,Tobias Lauritsen,,15,15.9,51.9,0.0613,block,right-foot,assisted,sofascore
14046017,1090328,Stije Resink,,12,23.7,52.8,0.0466,miss,left-foot,regular,sofascore
14046018,1592152,Sebastiaan Hagedoorn,,90,14.4,68.1,0.0284,miss,right-foot,regular,sofascore
14046018,1469336,Tyrese Noslin,,90,28.0,58.2,0.0165,block,left-foot,assisted,sofascore
14046018,1418395,Neville Nwankwo,,89,6.4,44.4,0.1672,save,head,set-piece,sofascore
14046018,1592152,Sebastiaan Hagedoorn,,87,5.1,31.3,0.013,miss,head,corner,sofascore
14046018,1137227,Milan Zonneveld,,85,7.6,48.5,0.1477,goal,head,regular,sofascore
14046018,1137227,Milan Zonneveld,,80,3.6,46.6,0.5742,miss,head,assisted,sofascore
14046018,1014408,Maxence Rivera,,78,23.8,27.6,0.0168,post,right-foot,regular,sofascore
14046018,1066319,Patrick Brouwer,,77,19.8,50.7,0.099,save,left-foot,assisted,sofascore
14046018,1137227,Milan Zonneveld,,75,3.5,54.2,0.5118,miss,head,assisted,sofascore
14046018,1047396,Guus Offerhaus,,73,27.5,44.6,0.0386,miss,right-foot,free-kick,sofascore
14046018,825843,Dylan Vente,,71,17.6,62.8,0.0556,miss,right-foot,assisted,sofascore
14046018,1137227,Milan Zonneveld,,70,18.2,65.6,0.042,miss,left-foot,set-piece,sofascore
14046018,1627623,Marcus Linday,,68,20.3,52.8,0.0413,miss,right-foot,throw-in-set-piece,sofascore
14046018,1469336,Tyrese Noslin,,66,32.2,64.2,0.0131,block,right-foot,corner,sofascore
14046018,1157777,Jochem Ritmeester van de Kamp,,62,15.1,56.3,0.0571,save,left-foot,assisted,sofascore
14046018,1014408,Maxence Rivera,,60,20.4,37.6,0.0333,block,right-foot,regular,sofascore
14046018,860158,Kay Tejan,,59,8.1,49.0,0.2626,miss,head,set-piece,sofascore
14046018,1548838,Soufiane Hetli,,58,6.7,51.9,0.1617,post,head,assisted,sofascore
14046018,992018,Ringo Meerveld,,54,16.9,32.9,0.0539,goal,right-foot,assisted,sofascore
14046018,1066319,Patrick Brouwer,,51,14.4,51.9,0.289,save,left-foot,fast-break,sofascore
14046018,1015627,Jacob Trenskow,,49,16.0,68.5,0.0486,save,left-foot,assisted,sofascore
14046018,385300,Jeff Hardeveld,,45,4.6,58.5,0.0982,goal,head,set-piece,sofascore
14046018,825843,Dylan Vente,,42,11.5,50.0,0.7884,goal,right-foot,penalty,sofascore
14046018,825843,Dylan Vente,,36,17.7,50.3,0.1483,miss,right-foot,free-kick,sofascore
14046018,992018,Ringo Meerveld,,34,13.9,50.7,0.0369,miss,head,assisted,sofascore
14046018,1469336,Tyrese Noslin,,32,8.5,57.3,0.0399,miss,head,assisted,sofascore
14046018,1066319,Patrick Brouwer,,27,29.9,60.1,0.0183,block,right-foot,assisted,sofascore
14046018,1015627,Jacob Trenskow,,21,10.5,55.6,0.3916,goal,left-foot,assisted,sofascore
14046018,825843,Dylan Vente,,20,3.5,42.2,0.1585,miss,head,corner,sofascore
14046018,138842,Joris van Overeem,,17,13.9,53.8,0.3593,save,right-foot,assisted,sofascore
14046018,992018,Ringo Meerveld,,14,11.6,58.5,0.2109,save,right-foot,assisted,sofascore
14046018,825843,Dylan Vente,,11,10.1,65.4,0.2645,save,right-foot,fast-break,sofascore
14046018,1014408,Maxence Rivera,,1,9.9,35.2,0.0819,block,right-foot,regular,sofascore
14046019,1499696,Kento Shiogai,,87,4.6,46.2,0.2565,goal,left-foot,assisted,sofascore
14046019,998999,Luka Kulenović,,84,18.7,55.0,0.0616,miss,right-foot,set-piece,sofascore
14046019,1499696,Kento Shiogai,,83,16.0,61.7,0.1414,goal,right-foot,regular,sofascore
14046019,385708,Vito van Crooij,,83,22.3,47.9,0.2635,save,right-foot,assisted,sofascore
14046019,958317,Youssef el Kachati,,78,5.2,66.4,0.0253,block,right-foot,regular,sofascore
14046019,998999,Luka Kulenović,,76,9.4,49.1,0.1208,save,right-foot,assisted,sofascore
14046019,1189738,Sem Scheperman,,73,27.3,62.4,0.0229,miss,left-foot,assisted,sofascore
14046019,127554,Mike te Wierik,,73,12.3,42.2,0.01,block,head,corner,sofascore
14046019,842275,Philippe Sandler,,68,4.9,50.6,0.1976,goal,head,corner,sofascore
14046019,961685,Dirk Wanner Proper,,65,13.0,66.9,0.0257,block,right-foot,assisted,sofascore
14046019,47753,Bryan Linssen,,61,14.1,55.8,0.1586,miss,right-foot,assisted,sofascore
14046019,47753,Bryan Linssen,,60,10.7,45.4,0.2526,save,right-foot,assisted,sofascore
14046019,961685,Dirk Wanner Proper,,58,9.5,58.9,0.0791,block,right-foot,assisted,sofascore
14046019,998999,Luka Kulenović,,56,28.4,49.5,0.008,miss,left-foot,assisted,sofascore
14046019,47753,Bryan Linssen,,56,14.6,48.1,0.0459,miss,right-foot,regular,sofascore
14046019,1193676,Başar Önal,,56,21.6,28.2,0.0288,save,right-foot,assisted,sofascore
14046019,318575,Damon Mirani,,49,9.5,48.1,0.1846,save,head,set-piece,sofascore
14046019,961685,Dirk Wanner Proper,,45,19.5,49.0,0.0424,block,right-foot,assisted,sofascore
14046019,842275,Philippe Sandler,,45,4.8,49.3,0.2678,save,other,corner,sofascore
14046019,831860,Koki Ogawa,,45,8.3,47.7,0.0876,save,head,assisted,sofascore
14046019,958317,Youssef el Kachati,,45,17.0,45.0,0.0451,block,right-foot,assisted,sofascore
14046019,930295,Jan Žambůrek,,43,7.6,47.2,0.2847,miss,head,assisted,sofascore
14046019,318575,Damon Mirani,,41,7.7,48.5,0.0896,miss,head,corner,sofascore
14046019,47753,Bryan Linssen,,39,7.1,50.1,0.4919,goal,right-foot,assisted,sofascore
14046019,361780,Calvin Verdonk,,37,28.2,39.3,0.0199,miss,left-foot,assisted,sofascore
14046019,1394147,Sami Ouaissa,,34,14.5,70.5,0.0387,block,left-foot,assisted,sofascore
14046019,831860,Koki Ogawa,,30,7.1,45.8,0.3834,save,head,assisted,sofascore
14046019,35208,Tjaronn Chery,,23,4.3,32.8,0.0313,miss,left-foot,regular,sofascore
14046019,47753,Bryan Linssen,,23,12.6,35.0,0.0546,block,left-foot,assisted,sofascore
14046019,831860,Koki Ogawa,,17,8.2,50.0,0.1225,miss,right-foot,assisted,sofascore
14046019,1012639,Brayann Pereira,,15,25.3,57.9,0.0108,block,right-foot,corner,sofascore
14046019,47753,Bryan Linssen,,11,26.6,49.1,0.0171,save,right-foot,assisted,sofascore
14046019,1213453,Tristan van Gilst,,8,5.4,49.1,0.2326,miss,head,assisted,sofascore
14046019,996988,Bryan Limbombe,,7,17.9,68.7,0.0513,save,left-foot,assisted,sofascore
14046019,996988,Bryan Limbombe,,5,27.0,37.0,0.0464,save,left-foot,fast-break,sofascore
14046019,914392,Jizz Hornkamp,,3,7.0,46.8,0.1894,goal,right-foot,assisted,sofascore
14046019,914392,Jizz Hornkamp,,1,28.9,31.9,0.0294,save,left-foot,fast-break,sofascore
14046020,1150061,Oliver Braude,,90,3.2,34.8,0.0172,miss,left-foot,corner,sofascore
14046020,1121247,Nikolai Soyset Hopland,,90,13.8,44.2,0.0297,block,right-foot,set-piece,sofascore
14046020,1627623,Marcus Linday,,90,15.8,57.0,0.0244,block,right-foot,set-piece,sofascore
14046020,1586644,Eser Gürbüz,,90,2.9,56.4,0.3949,save,head,assisted,sofascore
14046020,847072,Sam Kersten,,90,10.1,46.6,0.0556,miss,head,assisted,sofascore
14046020,907520,Brynjólfur Darri Willumsson,,90,11.6,52.1,0.3736,goal,right-foot,assisted,sofascore
14046020,1878212,David van der Werff,,84,26.2,50.5,0.0406,save,right-foot,regular,sofascore
14046020,1014408,Maxence Rivera,,73,24.7,35.0,0.0294,miss,right-foot,assisted,sofascore
14046020,827103,Marco Rente,,72,12.5,66.7,0.072,miss,right-foot,assisted,sofascore
14046020,1014408,Maxence Rivera,,69,8.5,46.6,0.3913,save,left-foot,assisted,sofascore
14046020,983068,Václav Sejk,,68,5.4,59.3,0.0693,miss,head,assisted,sofascore
14046020,907520,Brynjólfur Darri Willumsson,,66,8.6,48.1,0.0974,miss,head,assisted,sofascore
14046020,1126965,Espen Van Ee,,65,27.8,41.9,0.0228,miss,left-foot,regular,sofascore
14046020,1014408,Maxence Rivera,,59,13.2,39.9,0.097,miss,right-foot,assisted,sofascore
14046020,1015627,Jacob Trenskow,,57,16.0,39.9,0.0506,block,left-foot,corner,sofascore
14046020,1126965,Espen Van Ee,,56,8.3,48.9,0.0723,miss,head,corner,sofascore
14046020,794014,Luuk Brouwers,,32,27.4,48.3,0.0406,block,right-foot,assisted,sofascore
14046020,1014408,Maxence Rivera,,31,11.4,28.2,0.0254,save,right-foot,assisted,sofascore
14046020,907520,Brynjólfur Darri Willumsson,,29,25.3,51.1,0.0445,goal,right-foot,assisted,sofascore
14046020,1015627,Jacob Trenskow,,25,11.7,54.0,0.2661,save,left-foot,fast-break,sofascore
14046020,1015627,Jacob Trenskow,,15,6.7,50.3,0.5742,goal,left-foot,assisted,sofascore
14046020,1121402,Tika de Jonge,,13,18.9,53.8,0.0836,miss,right-foot,assisted,sofascore
14046020,1424404,Jorg Schreuders,,13,13.8,30.3,0.0384,save,left-foot,assisted,sofascore
14046020,907520,Brynjólfur Darri Willumsson,,9,16.1,36.4,0.0533,save,right-foot,regular,sofascore
14053578,862479,Iván Márquez,,90,11.2,54.5,0.0505,miss,left-foot,corner,sofascore
14053578,1112604,Justin Hubner,,90,10.8,49.7,0.0378,block,head,corner,sofascore
14053578,1386737,Tristan Schenkhuizen,,90,9.6,71.1,0.0327,miss,right-foot,assisted,sofascore
14053578,1112604,Justin Hubner,,90,8.9,51.7,0.0569,miss,head,corner,sofascore
14053578,862479,Iván Márquez,,90,10.6,60.6,0.0293,save,head,assisted,sofascore
14053578,133168,Gerrit Nauber,,90,3.5,45.2,0.6935,goal,right-foot,corner,sofascore
14053578,1896133,Luka Tunjić,,90,19.2,36.4,0.0441,miss,right-foot,regular,sofascore
14053578,133168,Gerrit Nauber,,90,10.0,50.6,0.0526,block,head,set-piece,sofascore
14053578,1896133,Luka Tunjić,,89,27.1,57.2,0.0393,miss,right-foot,free-kick,sofascore
14053578,360006,Finn Stokkers,,87,9.7,49.4,0.0906,block,right-foot,throw-in-set-piece,sofascore
14053578,1896133,Luka Tunjić,,85,9.5,49.9,0.1371,goal,right-foot,assisted,sofascore
14053578,1896133,Luka Tunjić,,83,9.4,61.4,0.0622,miss,right-foot,assisted,sofascore
14053578,1896133,Luka Tunjić,,82,20.1,53.9,0.0491,block,right-foot,regular,sofascore
14053578,1896133,Luka Tunjić,,79,20.1,71.5,0.0198,block,right-foot,assisted,sofascore
14053578,148615,Paul Gladon,,71,5.8,56.8,0.1219,block,right-foot,assisted,sofascore
14053578,1142147,Ryan Fosso,,68,19.8,37.6,0.0431,miss,right-foot,assisted,sofascore
14053578,78730,Ivo Pinto,,66,23.6,72.7,0.0241,miss,right-foot,assisted,sofascore
14053578,148615,Paul Gladon,,64,10.6,53.4,0.0414,block,head,throw-in-set-piece,sofascore
14053578,1132766,Philip Brittijn,,63,5.7,51.5,0.163,block,head,corner,sofascore
14053578,1048758,Jasper Dahlhaus,,63,20.0,41.1,0.0305,block,left-foot,corner,sofascore
14053578,148615,Paul Gladon,,61,7.9,40.3,0.0764,block,left-foot,regular,sofascore
14053578,148615,Paul Gladon,,59,11.6,55.6,0.0329,miss,head,assisted,sofascore
14053578,1048011,Édouard Michut,,52,22.2,41.1,0.0362,save,right-foot,assisted,sofascore
14053578,591044,Dimitris Limnios,,47,11.5,61.1,0.1298,save,right-foot,regular,sofascore
14053578,1132766,Philip Brittijn,,45,5.0,51.6,0.24,goal,right-foot,corner,sofascore
14053578,148615,Paul Gladon,,45,7.1,44.6,0.0726,block,head,corner,sofascore
14053578,1112604,Justin Hubner,,45,4.2,62.3,0.0241,block,head,corner,sofascore
14053578,1142147,Ryan Fosso,,45,14.5,45.0,0.0645,block,left-foot,corner,sofascore
14053578,1112604,Justin Hubner,,45,8.3,47.0,0.1746,save,left-foot,corner,sofascore
14053578,591044,Dimitris Limnios,,45,22.3,62.4,0.0475,save,right-foot,assisted,sofascore
14053578,1142147,Ryan Fosso,,41,22.6,51.7,0.0365,block,right-foot,regular,sofascore
14053578,366942,Kristoffer Peterson,,41,15.3,42.7,0.0504,block,right-foot,regular,sofascore
14053578,366942,Kristoffer Peterson,,38,11.1,37.3,0.0504,save,right-foot,assisted,sofascore
14053578,366942,Kristoffer Peterson,,36,19.9,26.5,0.0188,miss,right-foot,assisted,sofascore
14053578,366942,Kristoffer Peterson,,35,10.2,32.8,0.017,block,head,assisted,sofascore
14053578,973716,Richonell Margaret,,33,3.8,59.7,0.2681,miss,right-foot,assisted,sofascore
14053578,148615,Paul Gladon,,31,7.7,45.8,0.1097,miss,right-foot,assisted,sofascore
14053578,989586,Shawn Adewoye,,29,4.9,47.0,,goal,left-foot,regular,sofascore
14053578,1084944,Calvin Twigt,,27,9.6,31.5,0.0286,miss,right-foot,corner,sofascore
14053578,932555,Evert Linthorst,,21,8.2,62.2,0.0366,save,head,set-piece,sofascore
14053578,1112604,Justin Hubner,,17,28.6,48.5,0.0168,miss,left-foot,assisted,sofascore
14053578,1142147,Ryan Fosso,,15,20.9,46.4,0.0695,miss,right-foot,regular,sofascore
14053578,1132766,Philip Brittijn,,6,7.1,38.0,0.0877,block,right-foot,assisted,sofascore
14053579,1394147,Sami Ouaissa,,90,11.9,64.0,0.083,post,left-foot,corner,sofascore
14053579,385708,Vito van Crooij,,90,13.5,32.7,0.0662,save,left-foot,assisted,sofascore
14053579,1394147,Sami Ouaissa,,88,55.0,79.7,0.0556,miss,left-foot,fast-break,sofascore
14053579,1893852,Jerolldino Bergraaf,,85,11.7,63.8,0.0687,save,left-foot,assisted,sofascore
14053579,148623,Virgil Misidjan,,84,13.2,31.3,0.0391,miss,right-foot,assisted,sofascore
14053579,35208,Tjaronn Chery,,82,11.5,50.0,0.7884,goal,left-foot,penalty,sofascore
14053579,35208,Tjaronn Chery,,79,7.6,76.2,0.0184,save,left-foot,corner,sofascore
14053579,1394147,Sami Ouaissa,,79,2.0,61.0,0.1055,save,left-foot,regular,sofascore
14053579,1133679,Stan Henderikx,,75,12.5,51.7,0.0211,save,head,set-piece,sofascore
14053579,47753,Bryan Linssen,,67,9.3,40.1,0.5161,goal,right-foot,assisted,sofascore
14053579,1048487,Noah Naujoks,,62,15.8,50.1,0.1322,save,right-foot,assisted,sofascore
14053579,150494,Mike van Duinen,,61,8.1,49.7,0.1785,save,right-foot,regular,sofascore
14053579,1500752,Yoon Do-young,,61,7.1,36.1,0.1807,save,left-foot,regular,sofascore
14053579,1500752,Yoon Do-young,,60,17.9,59.3,0.0403,miss,left-foot,throw-in-set-piece,sofascore
14053579,831860,Koki Ogawa,,59,7.0,50.0,0.2732,goal,head,assisted,sofascore
14053579,831860,Koki Ogawa,,52,8.2,46.4,0.112,goal,right-foot,assisted,sofascore
14053579,47753,Bryan Linssen,,52,9.0,49.9,0.1238,block,right-foot,assisted,sofascore
14053579,1046142,Derensili Sanches Fernandes,,49,13.5,43.4,0.1404,block,left-foot,assisted,sofascore
14053579,961685,Dirk Wanner Proper,,46,12.1,36.7,0.0946,miss,left-foot,fast-break,sofascore
14053579,150494,Mike van Duinen,,34,9.5,44.4,0.0955,block,left-foot,assisted,sofascore
14053579,1184054,Kodai Sano,,27,22.8,61.3,0.0349,miss,right-foot,regular,sofascore
14053579,831860,Koki Ogawa,,20,19.7,41.5,0.0347,save,right-foot,assisted,sofascore
14053579,961685,Dirk Wanner Proper,,15,18.9,47.4,0.1094,goal,right-foot,assisted,sofascore
14053579,35208,Tjaronn Chery,,7,4.8,68.7,0.0291,save,left-foot,assisted,sofascore
14053579,1126966,Gyan de Regt,,3,6.4,48.3,0.2083,save,head,assisted,sofascore
14053580,959805,Quinten Timber,,89,29.9,50.1,0.0199,miss,right-foot,assisted,sofascore
14053580,957937,Casper Tengstedt,,87,9.4,37.2,0.0539,miss,right-foot,assisted,sofascore
14053580,1088895,Mohamed Nassoh,,80,25.0,71.4,0.0203,miss,right-foot,assisted,sofascore
14053580,1096511,Maximilien Balard,,79,17.8,52.3,0.0724,block,right-foot,assisted,sofascore
14053580,944467,Sem Steijn,,77,13.8,50.1,0.1386,block,right-foot,regular,sofascore
14053580,571964,Enes Mahmutović,,73,17.9,57.0,0.0267,block,right-foot,throw-in-set-piece,sofascore
14053580,1218066,Anis Hadj Moussa,,62,13.9,71.3,0.0397,miss,left-foot,fast-break,sofascore
14053580,985823,Ayase Ueda,,59,13.4,29.6,0.0713,miss,left-foot,assisted,sofascore
14053580,985823,Ayase Ueda,,55,9.5,40.7,0.2756,goal,right-foot,regular,sofascore
14053580,944467,Sem Steijn,,55,13.5,48.9,0.1398,block,right-foot,regular,sofascore
14053580,944467,Sem Steijn,,54,18.7,49.9,0.0758,miss,right-foot,assisted,sofascore
14053580,1918931,Gaoussou Diarra,,53,23.7,22.9,0.0092,miss,right-foot,assisted,sofascore
14053580,927440,Kamal Sowah,,48,24.7,41.7,0.0407,miss,left-foot,assisted,sofascore
14053580,1218066,Anis Hadj Moussa,,48,30.9,47.0,0.0163,save,left-foot,regular,sofascore
14053580,944467,Sem Steijn,,44,7.6,40.7,0.461,save,left-foot,assisted,sofascore
14053580,1121400,Luciano Valente,,42,6.0,44.4,0.6151,miss,right-foot,assisted,sofascore
14053580,1918931,Gaoussou Diarra,,39,20.4,43.0,0.0309,block,right-foot,assisted,sofascore
14053580,1218066,Anis Hadj Moussa,,34,25.4,60.9,0.0336,miss,left-foot,assisted,sofascore
14053580,825899,Anel Ahmedhodžić,,30,10.2,48.9,0.0308,miss,head,corner,sofascore
14053580,1121400,Luciano Valente,,29,12.2,38.9,0.0762,block,right-foot,regular,sofascore
14053580,796279,Jordan Lotomba,,22,19.8,49.9,0.0507,block,right-foot,regular,sofascore
14053580,1218066,Anis Hadj Moussa,,22,9.7,60.7,0.1497,block,right-foot,regular,sofascore
14053580,985823,Ayase Ueda,,22,11.7,55.2,0.0885,block,right-foot,regular,sofascore
14053580,943595,Sydney van Hooijdonk,,17,26.0,49.5,0.028,miss,right-foot,regular,sofascore
14053580,1088895,Mohamed Nassoh,,9,13.0,33.1,0.0278,block,right-foot,assisted,sofascore
14053580,1149147,Juho Talvitie,,8,20.6,55.0,0.0345,block,right-foot,assisted,sofascore
14053580,944467,Sem Steijn,,3,25.7,43.8,0.0594,goal,right-foot,free-kick,sofascore
14053581,1015627,Jacob Trenskow,,90,8.6,50.3,0.1448,block,right-foot,regular,sofascore
14053581,983068,Václav Sejk,,85,11.4,52.6,0.0392,miss,head,assisted,sofascore
14053581,794014,Luuk Brouwers,,80,16.1,50.7,0.1411,block,right-foot,fast-break,sofascore
14053581,156676,Robert Mühren,,79,8.9,64.8,0.3694,save,right-foot,regular,sofascore
14053581,313264,Henk Veerman,,75,8.7,61.3,0.1091,block,right-foot,fast-break,sofascore
14053581,1100399,Ozan Kökçü,,65,21.0,43.6,0.0557,goal,right-foot,assisted,sofascore
14053581,825843,Dylan Vente,,61,12.8,61.3,0.0467,miss,right-foot,regular,sofascore
14053581,1015627,Jacob Trenskow,,60,15.3,66.2,0.0258,block,left-foot,assisted,sofascore
14053581,1014408,Maxence Rivera,,58,6.6,30.1,0.0819,save,right-foot,assisted,sofascore
14053581,1014408,Maxence Rivera,,55,26.0,32.9,0.0221,miss,right-foot,assisted,sofascore
14053581,1014408,Maxence Rivera,,54,18.1,38.1,0.0593,save,right-foot,assisted,sofascore
14053581,794014,Luuk Brouwers,,50,21.5,60.5,0.0393,miss,right-foot,assisted,sofascore
14053581,156676,Robert Mühren,,45,19.1,57.5,0.0738,miss,right-foot,assisted,sofascore
14053581,847072,Sam Kersten,,41,5.7,64.2,0.0127,block,head,corner,sofascore
14053581,1015627,Jacob Trenskow,,39,23.8,35.4,0.0355,save,left-foot,assisted,sofascore
14053581,996982,Yannick Leliendal,,36,22.6,27.6,0.0071,miss,left-foot,corner,sofascore
14053581,1133678,Levi Smans,,31,12.8,52.6,0.2892,post,right-foot,assisted,sofascore
14053581,1064426,Vasilios Zagaritis,,30,19.5,73.0,0.0185,save,left-foot,assisted,sofascore
14053581,1015627,Jacob Trenskow,,27,22.3,36.2,0.042,save,left-foot,assisted,sofascore
14053581,1095406,Aurelio Oehlers,,15,8.9,68.3,0.174,save,right-foot,fast-break,sofascore
14053581,1133678,Levi Smans,,12,9.1,46.4,0.0634,block,head,assisted,sofascore
14053581,1133678,Levi Smans,,11,19.1,41.5,0.0318,block,right-foot,assisted,sofascore
14053581,1014408,Maxence Rivera,,10,1.7,38.0,0.1787,post,left-foot,assisted,sofascore
14053581,794014,Luuk Brouwers,,4,3.8,57.9,0.2501,goal,right-foot,set-piece,sofascore
14053582,1048906,Rick Meissen,,90,13.0,44.8,0.1791,save,right-foot,assisted,sofascore
14053582,998999,Luka Kulenović,,79,5.2,43.0,0.0945,goal,head,corner,sofascore
14053582,132674,Mario Engels,,77,14.1,46.6,0.1737,save,right-foot,set-piece,sofascore
14053582,1048487,Noah Naujoks,,64,11.9,29.2,0.0164,miss,left-foot,set-piece,sofascore
14053582,1009285,Szymon Włodarczyk,,64,11.5,50.0,0.7884,save,right-foot,penalty,sofascore
14053582,1048487,Noah Naujoks,,63,15.0,43.8,0.1011,block,left-foot,assisted,sofascore
14053582,1066450,Walid Ould-Chikh,,60,21.8,64.2,0.0421,goal,left-foot,assisted,sofascore
14053582,914392,Jizz Hornkamp,,58,12.9,56.4,0.0907,block,right-foot,assisted,sofascore
14053582,1031721,Casper Widell,,56,5.7,53.4,0.1231,block,head,corner,sofascore
14053582,1046142,Derensili Sanches Fernandes,,46,13.9,60.7,0.507,miss,left-foot,fast-break,sofascore
14053582,1133679,Stan Henderikx,,45,24.3,32.9,0.0096,save,left-foot,set-piece,sofascore
14053582,914392,Jizz Hornkamp,,34,7.3,38.5,0.1734,save,left-foot,assisted,sofascore
14053582,914392,Jizz Hornkamp,,33,9.0,46.7,0.333,miss,right-foot,regular,sofascore
14053582,1384483,Irakli Yegoian,,32,18.4,46.4,0.0809,block,left-foot,assisted,sofascore
14053582,998999,Luka Kulenović,,29,10.5,66.2,0.0833,block,right-foot,throw-in-set-piece,sofascore
14053582,914392,Jizz Hornkamp,,27,19.7,66.8,0.0551,miss,right-foot,assisted,sofascore
14053582,1048487,Noah Naujoks,,24,15.3,56.8,0.131,save,right-foot,assisted,sofascore
14053582,1048487,Noah Naujoks,,17,13.8,57.3,0.035,miss,head,regular,sofascore
14053582,914392,Jizz Hornkamp,,11,8.5,54.8,0.2201,save,right-foot,assisted,sofascore
14053582,1048487,Noah Naujoks,,8,14.1,49.6,0.0234,goal,other,corner,sofascore
14053582,1384483,Irakli Yegoian,,8,24.1,44.8,0.0324,block,right-foot,corner,sofascore
14053582,918484,Ivan Mesík,,6,6.0,58.5,0.0724,miss,head,corner,sofascore
14053583,1648756,Ayoub Oufkir,,90,9.5,30.0,0.084,save,left-foot,throw-in-set-piece,sofascore
14053583,99960,Jens Toornstra,,85,29.3,39.4,0.0327,block,right-foot,free-kick,sofascore
14053583,1047395,Couhaib Driouech,,83,4.3,32.8,0.0807,miss,left-foot,fast-break,sofascore
14053583,1184317,Yarek Gasiorowski,,77,7.5,54.3,0.0809,goal,head,corner,sofascore
14053583,1136110,Esmir Bajraktarević,,76,19.5,68.5,0.0148,block,left-foot,assisted,sofascore
14053583,1047395,Couhaib Driouech,,76,20.4,35.4,0.0133,block,right-foot,corner,sofascore
14053583,1047395,Couhaib Driouech,,75,19.4,30.5,0.0138,save,right-foot,assisted,sofascore
14053583,845798,Guus Til,,70,14.1,57.3,0.1161,goal,right-foot,assisted,sofascore
14053583,1032926,Sayfallah Ltaief,,69,25.1,57.9,0.031,save,right-foot,fast-break,sofascore
14053583,38710,Ivan Perišić,,67,25.0,69.7,0.0244,miss,left-foot,assisted,sofascore
14053583,1032926,Sayfallah Ltaief,,63,9.4,47.0,0.932,goal,right-foot,fast-break,sofascore
14053583,796943,Tobias Lauritsen,,59,8.0,71.1,0.0222,miss,right-foot,fast-break,sofascore
14053583,1184317,Yarek Gasiorowski,,58,7.9,52.3,0.1111,save,head,corner,sofascore
14053583,1063767,Ismael Saibari,,53,5.1,59.1,0.1177,miss,right-foot,corner,sofascore
14053583,1046960,Ryan Flamingo,,53,6.9,53.8,0.1033,save,head,corner,sofascore
14053583,38710,Ivan Perišić,,52,7.8,40.3,0.0773,block,left-foot,assisted,sofascore
14053583,850816,Joey Veerman,,50,22.6,40.9,0.0528,goal,right-foot,fast-break,sofascore
14053583,906021,Sergiño Dest,,45,6.9,70.7,0.0421,goal,right-foot,assisted,sofascore
14053583,38710,Ivan Perišić,,40,8.0,50.5,0.1469,goal,head,corner,sofascore
14053583,850816,Joey Veerman,,39,16.9,50.3,0.0895,block,right-foot,assisted,sofascore
14053583,906021,Sergiño Dest,,35,13.5,67.5,0.1034,miss,left-foot,fast-break,sofascore
14053583,906021,Sergiño Dest,,33,11.9,63.8,0.0948,miss,left-foot,assisted,sofascore
14053583,1063767,Ismael Saibari,,23,18.9,53.8,0.0731,save,left-foot,regular,sofascore
14053583,844234,Jerdy Schouten,,23,19.5,51.7,0.0705,save,left-foot,regular,sofascore
14053583,893499,Mauro Júnior,,23,21.5,31.9,0.0216,block,left-foot,assisted,sofascore
14053583,1032926,Sayfallah Ltaief,,20,14.4,72.0,0.0302,miss,right-foot,assisted,sofascore
14053583,74577,Patrick van Aanholt,,12,18.4,23.3,0.0155,save,left-foot,fast-break,sofascore
14053583,1032926,Sayfallah Ltaief,,11,16.6,34.4,0.0596,miss,left-foot,fast-break,sofascore
14053583,1046960,Ryan Flamingo,,11,26.5,51.7,0.0239,save,right-foot,assisted,sofascore
14053583,1063767,Ismael Saibari,,5,5.1,52.3,0.2378,miss,head,assisted,sofascore
14053583,1212550,Ruben van Bommel,,3,9.7,20.3,0.0314,goal,right-foot,assisted,sofascore
14053584,960112,Eliano Reijnders,,90,14.8,63.2,0.0553,block,right-foot,fast-break,sofascore
14053584,1160026,Kristian Hlynsson,,83,18.7,51.1,0.0442,miss,right-foot,corner,sofascore
14053584,1091627,Max Bruns,,82,26.2,49.9,0.0189,block,left-foot,throw-in-set-piece,sofascore
14053584,1160026,Kristian Hlynsson,,77,25.0,49.9,0.0714,miss,right-foot,free-kick,sofascore
14053584,1048430,Daan Rots,,72,15.0,68.7,0.0154,save,left-foot,regular,sofascore
14053584,1160026,Kristian Hlynsson,,64,26.6,67.1,0.0199,save,right-foot,assisted,sofascore
14053584,196082,Robin Pröpper,,60,27.7,52.3,0.0251,block,right-foot,assisted,sofascore
14053584,578344,Arno Verschueren,,59,13.8,48.7,0.0117,block,other,assisted,sofascore
14053584,578344,Arno Verschueren,,58,15.1,50.5,0.0661,miss,right-foot,regular,sofascore
14053584,578344,Arno Verschueren,,54,15.6,51.3,0.133,miss,right-foot,assisted,sofascore
14053584,827662,Mitchell Van Bergen,,50,10.8,32.2,0.043,miss,right-foot,throw-in-set-piece,sofascore
14053584,1005693,Anselmo Garcia McNulty,,45,9.5,40.7,0.0241,miss,head,set-piece,sofascore
14053584,196082,Robin Pröpper,,42,2.3,47.0,0.361,save,right-foot,corner,sofascore
14053584,906024,Taylor Booth,,41,17.0,48.1,0.1156,block,right-foot,assisted,sofascore
14053584,927605,Kaj de Rooij,,34,8.1,49.6,0.1127,block,right-foot,assisted,sofascore
14053584,1049446,Olivier Aertssen,,34,24.3,49.6,0.0285,block,left-foot,assisted,sofascore
14053584,815080,Jamiro Monteiro,,31,7.4,47.4,0.5884,miss,head,fast-break,sofascore
14053584,827662,Mitchell Van Bergen,,23,21.5,69.5,0.0296,miss,left-foot,throw-in-set-piece,sofascore
14053584,578344,Arno Verschueren,,18,6.6,31.5,0.1123,save,left-foot,regular,sofascore
14053584,847073,Koen Kostons,,17,26.3,43.8,0.0268,save,right-foot,assisted,sofascore
14053584,876233,Thijs Oosting,,8,24.4,50.1,0.0404,goal,left-foot,fast-break,sofascore
14053584,827662,Mitchell Van Bergen,,6,18.5,60.3,0.0541,miss,left-foot,throw-in-set-piece,sofascore
14053584,906024,Taylor Booth,,3,16.1,57.7,0.05,block,right-foot,assisted,sofascore
14053585,966555,Troy Parrott,,87,12.3,34.8,0.1203,goal,right-foot,assisted,sofascore
14053585,1146623,Younes Taha,,81,24.4,54.2,0.0274,save,left-foot,regular,sofascore
14053585,1413536,Thom van Bergen,,70,18.8,36.2,0.0246,save,right-foot,regular,sofascore
14053585,1008111,Denso Kasius,,63,3.1,66.3,0.03,miss,right-foot,regular,sofascore
14053585,966555,Troy Parrott,,56,6.9,59.8,0.0262,save,head,corner,sofascore
14053585,980671,Sven Mijnans,,55,22.9,71.9,0.0157,save,left-foot,assisted,sofascore
14053585,907520,Brynjólfur Darri Willumsson,,53,8.5,57.3,0.1153,miss,right-foot,assisted,sofascore
14053585,1146623,Younes Taha,,47,10.4,48.3,0.1693,save,left-foot,regular,sofascore
14053585,1424404,Jorg Schreuders,,46,9.2,30.3,0.0237,save,left-foot,assisted,sofascore
14053585,827103,Marco Rente,,44,5.5,57.0,0.0685,goal,head,corner,sofascore
14053585,1121402,Tika de Jonge,,44,12.5,60.9,0.022,save,left-foot,set-piece,sofascore
14053585,1481249,Wouter Prins,,35,18.4,35.8,0.0501,miss,left-foot,regular,sofascore
14053585,1090328,Stije Resink,,32,9.3,45.8,,goal,other,corner,sofascore
14053585,966555,Troy Parrott,,32,9.2,38.0,0.0171,miss,head,corner,sofascore
14053585,980671,Sven Mijnans,,26,8.3,53.8,0.1873,block,left-foot,assisted,sofascore
14053585,1405756,Kees Smit,,26,17.3,50.5,0.101,block,right-foot,fast-break,sofascore
14053585,907520,Brynjólfur Darri Willumsson,,23,5.5,52.6,0.2084,save,head,assisted,sofascore
14053585,966555,Troy Parrott,,18,11.5,50.0,0.7884,goal,right-foot,penalty,sofascore
14053585,1413536,Thom van Bergen,,16,9.0,45.5,0.7366,miss,head,regular,sofascore
14053585,907520,Brynjólfur Darri Willumsson,,7,19.8,62.4,0.0496,save,right-foot,assisted,sofascore
14053585,1008111,Denso Kasius,,5,4.2,69.2,0.0389,goal,right-foot,assisted,sofascore
14053585,966555,Troy Parrott,,1,3.7,44.6,0.235,miss,left-foot,assisted,sofascore
14053586,156676,Robert Mühren,,90,13.2,45.0,0.2864,save,right-foot,assisted,sofascore
14053586,1461935,Moussa Soumano,,90,18.2,40.9,0.0698,miss,right-foot,regular,sofascore
14053586,1049063,Joel Ideho,,87,21.8,53.4,0.0689,miss,left-foot,assisted,sofascore
14053586,990814,Charles-Andreas Brym,,85,20.1,32.5,0.0301,miss,right-foot,assisted,sofascore
14053586,1461935,Moussa Soumano,,84,1.3,39.4,0.0322,miss,right-foot,assisted,sofascore
14053586,313264,Henk Veerman,,83,6.4,49.5,0.147,miss,head,corner,sofascore
14053586,156676,Robert Mühren,,78,2.3,44.4,0.4062,goal,left-foot,assisted,sofascore
14053586,996982,Yannick Leliendal,,73,29.4,47.7,0.0206,miss,left-foot,assisted,sofascore
14053586,336811,Clint Leemans,,71,18.1,43.2,0.061,miss,left-foot,regular,sofascore
14053586,313264,Henk Veerman,,66,10.8,47.7,0.0991,save,left-foot,assisted,sofascore
14053586,336811,Clint Leemans,,64,26.5,59.6,0.0443,save,left-foot,free-kick,sofascore
14053586,313264,Henk Veerman,,58,4.0,44.2,0.6898,goal,right-foot,assisted,sofascore
14053586,1423743,Deron Payne,,45,16.1,69.1,0.0567,block,right-foot,regular,sofascore
14053586,1088895,Mohamed Nassoh,,36,26.3,51.1,0.0505,miss,right-foot,assisted,sofascore
14053586,927440,Kamal Sowah,,35,20.6,41.2,0.0304,block,left-foot,assisted,sofascore
14053586,1523582,Nick Verschuren,,32,3.9,55.6,,goal,left-foot,regular,sofascore
14053586,858242,Boy Kemper,,27,4.8,40.7,0.0655,miss,head,corner,sofascore
14053586,1149147,Juho Talvitie,,26,9.1,65.0,0.0773,block,right-foot,assisted,sofascore
14053586,1095406,Aurelio Oehlers,,22,28.1,63.4,0.0189,block,right-foot,corner,sofascore
14053586,1095406,Aurelio Oehlers,,19,19.2,35.8,0.0529,miss,right-foot,assisted,sofascore
14053586,943595,Sydney van Hooijdonk,,10,8.5,45.4,0.066,save,head,assisted,sofascore
14053586,927440,Kamal Sowah,,7,18.5,34.8,0.0267,block,left-foot,assisted,sofascore
14053586,1149147,Juho Talvitie,,6,8.3,60.9,0.0359,miss,head,assisted,sofascore
14053586,1511723,Nordin Bukala,,5,26.2,41.7,0.0309,save,right-foot,assisted,sofascore
14053586,313264,Henk Veerman,,4,8.0,69.1,0.0323,miss,right-foot,regular,sofascore
14053587,995365,Dylan Mertens,,90,17.8,34.8,0.0256,block,right-foot,assisted,sofascore
14053587,1137227,Milan Zonneveld,,90,10.0,48.7,0.0595,save,head,assisted,sofascore
14053587,1155158,Oscar Gloukh,,86,14.1,50.1,0.0773,block,right-foot,assisted,sofascore
14053587,302690,Danny Bakker,,85,8.2,69.1,0.0178,miss,head,corner,sofascore
14053587,252215,Wout Weghorst,,83,5.0,52.0,0.1859,goal,head,corner,sofascore
14053587,959806,Kenneth Taylor,,82,8.6,35.1,0.2136,save,left-foot,assisted,sofascore
14053587,1047396,Guus Offerhaus,,78,26.1,50.9,0.0402,miss,right-foot,regular,sofascore
14053587,1592152,Sebastiaan Hagedoorn,,78,5.5,27.2,0.0433,save,right-foot,assisted,sofascore
14053587,1149146,Mika Godts,,74,14.8,45.2,0.1438,save,right-foot,assisted,sofascore
14053587,302690,Danny Bakker,,64,9.0,45.5,0.0635,miss,head,corner,sofascore
14053587,1137227,Milan Zonneveld,,64,12.9,42.1,0.1402,save,left-foot,assisted,sofascore
14053587,1000228,Youri Baas,,55,5.2,58.6,0.0832,miss,left-foot,corner,sofascore
14053587,100386,Steven Berghuis,,51,24.3,67.8,0.0204,save,left-foot,assisted,sofascore
14053587,1137227,Milan Zonneveld,,50,6.7,54.0,0.1021,save,head,corner,sofascore
14053587,1548838,Soufiane Hetli,,47,15.0,49.6,0.1473,block,right-foot,assisted,sofascore
14053587,1548838,Soufiane Hetli,,45,13.6,37.4,0.0788,miss,right-foot,assisted,sofascore
14053587,836673,Owen Wijndal,,43,22.0,36.0,0.043,block,left-foot,regular,sofascore
14053587,218160,Bertrand Traoré,,40,10.5,60.2,0.2685,save,left-foot,fast-break,sofascore
14053587,252215,Wout Weghorst,,38,7.6,56.4,0.0581,post,head,corner,sofascore
14053587,100386,Steven Berghuis,,37,9.1,52.2,0.1468,save,head,assisted,sofascore
14053587,100386,Steven Berghuis,,35,18.2,66.4,0.0514,miss,left-foot,assisted,sofascore
14053587,1084609,Tyrone Owusu,,31,26.9,57.3,0.0338,block,right-foot,assisted,sofascore
14053587,959806,Kenneth Taylor,,21,19.7,53.4,0.085,block,left-foot,assisted,sofascore
14053587,252215,Wout Weghorst,,19,9.1,39.8,0.1889,goal,left-foot,assisted,sofascore
14053587,385300,Jeff Hardeveld,,14,27.1,58.5,0.038,save,left-foot,free-kick,sofascore
14053587,100386,Steven Berghuis,,11,15.0,59.3,0.0702,block,left-foot,assisted,sofascore
14053587,100386,Steven Berghuis,,9,22.8,55.2,0.0409,miss,left-foot,assisted,sofascore
14053587,385300,Jeff Hardeveld,,5,22.2,33.6,0.0241,miss,left-foot,assisted,sofascore
14053587,1068610,Devon Koswal,,4,19.4,59.3,0.0367,miss,right-foot,corner,sofascore
14053587,1066319,Patrick Brouwer,,4,8.3,38.9,0.1087,block,left-foot,corner,sofascore
14053587,1548838,Soufiane Hetli,,4,19.1,35.6,0.0278,block,left-foot,corner,sofascore
14053587,1066319,Patrick Brouwer,,4,6.9,42.5,0.1148,block,head,corner,sofascore
14053587,1137227,Milan Zonneveld,,3,12.3,56.8,0.1613,block,right-foot,fast-break,sofascore
14053588,1586644,Eser Gürbüz,,90,19.2,71.4,0.0512,save,left-foot,free-kick,sofascore
14053588,847072,Sam Kersten,,90,27.1,51.1,0.0288,block,right-foot,assisted,sofascore
14053588,1132765,Maas Willemsen,,89,8.2,59.3,0.0334,save,head,assisted,sofascore
14053588,825843,Dylan Vente,,83,10.0,32.1,0.0517,save,right-foot,assisted,sofascore
14053588,825843,Dylan Vente,,79,6.7,60.6,0.0815,block,left-foot,assisted,sofascore
14053588,825843,Dylan Vente,,73,11.6,64.0,0.1321,save,right-foot,assisted,sofascore
14053588,929633,Mohamed Ihattaren,,66,11.5,50.0,0.7884,goal,left-foot,penalty,sofascore
14053588,148615,Paul Gladon,,60,7.3,47.2,0.7794,goal,right-foot,fast-break,sofascore
14053588,929633,Mohamed Ihattaren,,60,17.2,63.8,0.0402,save,left-foot,fast-break,sofascore
14053588,1136902,Makan Aïko,,58,28.4,58.0,0.0224,miss,right-foot,assisted,sofascore
14053588,855847,Kaj Sierhuis,,56,29.6,47.0,0.0202,save,right-foot,regular,sofascore
14053588,825843,Dylan Vente,,54,20.2,52.9,0.0742,block,right-foot,assisted,sofascore
14053588,1064426,Vasilios Zagaritis,,53,25.3,27.4,0.019,miss,left-foot,assisted,sofascore
14053588,825843,Dylan Vente,,53,17.9,60.1,0.1006,block,right-foot,fast-break,sofascore
14053588,1015627,Jacob Trenskow,,52,9.4,65.8,0.2007,save,left-foot,regular,sofascore
14053588,1150061,Oliver Braude,,52,18.2,53.7,0.131,save,right-foot,regular,sofascore
14053588,591044,Dimitris Limnios,,50,11.0,54.8,0.0988,miss,right-foot,corner,sofascore
14053588,929633,Mohamed Ihattaren,,49,30.3,55.8,0.0136,save,left-foot,regular,sofascore
14053588,1014408,Maxence Rivera,,44,23.4,58.3,0.0465,miss,right-foot,assisted,sofascore
14053588,875673,Justin Lonwijk,,38,23.5,50.7,0.0208,miss,right-foot,assisted,sofascore
14053588,983068,Václav Sejk,,35,7.0,47.2,0.2269,save,head,set-piece,sofascore
14053588,983068,Václav Sejk,,27,15.9,49.5,0.0561,block,right-foot,assisted,sofascore
14053588,1150061,Oliver Braude,,17,23.3,62.7,0.0169,miss,left-foot,assisted,sofascore
14053588,825843,Dylan Vente,,16,7.9,65.0,0.1654,save,right-foot,assisted,sofascore
14053588,1015627,Jacob Trenskow,,16,9.4,63.2,0.1241,post,left-foot,assisted,sofascore
14053588,929633,Mohamed Ihattaren,,13,15.7,66.0,0.0447,miss,left-foot,assisted,sofascore
14053588,862479,Iván Márquez,,11,8.8,51.1,0.1559,miss,head,set-piece,sofascore
14053588,1015627,Jacob Trenskow,,8,22.9,49.1,0.0981,block,left-foot,fast-break,sofascore
14053589,958317,Youssef el Kachati,,90,12.2,43.0,0.1586,block,right-foot,assisted,sofascore
14053589,958317,Youssef el Kachati,,90,13.6,73.0,0.0345,block,right-foot,assisted,sofascore
14053589,827662,Mitchell Van Bergen,,90,20.7,52.7,0.0483,miss,left-foot,set-piece,sofascore
14053589,940647,Danilo,,88,14.2,50.4,0.0773,block,left-foot,assisted,sofascore
14053589,958317,Youssef el Kachati,,88,7.9,50.7,0.1054,block,head,assisted,sofascore
14053589,913584,Joshua Kitolano,,79,10.9,36.0,0.045,block,left-foot,assisted,sofascore
14053589,831860,Koki Ogawa,,78,9.0,55.5,0.1133,miss,left-foot,corner,sofascore
14053589,1064177,Ahmetcan Kaplan,,78,17.5,42.1,0.0296,miss,left-foot,corner,sofascore
14053589,1064177,Ahmetcan Kaplan,,78,9.7,44.2,0.0384,save,head,corner,sofascore
14053589,831860,Koki Ogawa,,73,4.3,42.5,0.1951,goal,head,set-piece,sofascore
14053589,913584,Joshua Kitolano,,67,27.5,41.9,0.0382,save,right-foot,free-kick,sofascore
14053589,116947,Bruno Martins Indi,,64,6.5,48.4,0.5114,goal,left-foot,corner,sofascore
14053589,1648759,Marvin Young,,64,7.9,60.9,0.0344,miss,right-foot,corner,sofascore
14053589,47753,Bryan Linssen,,60,17.3,56.0,0.0501,block,right-foot,assisted,sofascore
14053589,978823,Willum Thor Willumsson,,54,14.2,64.2,0.0786,save,left-foot,fast-break,sofascore
14053589,116947,Bruno Martins Indi,,52,6.9,49.3,0.1168,save,head,corner,sofascore
14053589,1184054,Kodai Sano,,48,19.1,44.9,0.0794,save,left-foot,regular,sofascore
14053589,1648759,Marvin Young,,45,3.9,41.5,0.12,block,right-foot,set-piece,sofascore
14053589,796943,Tobias Lauritsen,,39,7.6,48.5,0.0978,miss,head,corner,sofascore
14053589,116947,Bruno Martins Indi,,39,10.4,65.6,0.0648,block,left-foot,corner,sofascore
14053589,796943,Tobias Lauritsen,,33,3.3,44.8,0.2162,save,head,assisted,sofascore
14053589,47753,Bryan Linssen,,32,14.7,37.4,0.031,save,left-foot,assisted,sofascore
14053589,1648751,Ayoni Santos,,30,8.0,51.9,0.0764,miss,head,corner,sofascore
14053589,1648759,Marvin Young,,26,9.5,51.5,0.0459,miss,head,corner,sofascore
14053589,913584,Joshua Kitolano,,9,11.7,35.8,0.0734,save,right-foot,throw-in-set-piece,sofascore
14053590,318575,Damon Mirani,,90,7.3,54.4,0.0863,miss,head,corner,sofascore
14053590,146401,Thomas Bruns,,89,20.1,32.3,0.0589,miss,right-foot,free-kick,sofascore
14053590,998999,Luka Kulenović,,87,3.8,44.2,0.3045,save,right-foot,assisted,sofascore
14053590,1123613,Yvandro Borges Sanches,,87,6.6,25.9,0.0237,save,left-foot,regular,sofascore
14053590,998999,Luka Kulenović,,81,7.9,65.9,0.0587,post,right-foot,assisted,sofascore
14053590,855854,Dani De Wit,,79,11.6,55.0,0.0405,goal,head,assisted,sofascore
14053590,966429,David Min,,78,14.4,41.3,0.2669,miss,right-foot,assisted,sofascore
14053590,1014118,Miguel Rodríguez,,72,13.0,62.0,0.0935,miss,left-foot,fast-break,sofascore
14053590,856648,Victor Jensen,,70,10.1,53.0,0.3396,goal,left-foot,assisted,sofascore
14053590,966429,David Min,,62,3.1,46.6,0.7659,goal,right-foot,regular,sofascore
14053590,991679,Souffian El Karouani,,62,11.9,26.7,0.0321,save,left-foot,assisted,sofascore
14053590,991679,Souffian El Karouani,,56,12.3,32.3,0.0314,block,left-foot,assisted,sofascore
14053590,930295,Jan Žambůrek,,43,11.7,56.0,0.1347,miss,left-foot,regular,sofascore
14053590,146401,Thomas Bruns,,42,27.8,40.1,0.0223,miss,right-foot,assisted,sofascore
14053590,991679,Souffian El Karouani,,41,24.8,78.4,0.0295,save,left-foot,free-kick,sofascore
14053590,996988,Bryan Limbombe,,35,18.2,67.1,0.0389,miss,left-foot,assisted,sofascore
14053590,1433802,Gjivai Zechiël,,33,8.8,51.7,0.1217,goal,head,assisted,sofascore
14053590,996988,Bryan Limbombe,,27,24.8,65.1,0.0151,block,left-foot,corner,sofascore
14053590,914392,Jizz Hornkamp,,26,6.1,59.1,0.1322,save,head,assisted,sofascore
14053590,856648,Victor Jensen,,18,13.0,55.6,0.1135,miss,right-foot,throw-in-set-piece,sofascore
14053590,1433802,Gjivai Zechiël,,18,12.9,66.6,0.0621,block,right-foot,corner,sofascore
14053590,46900,Nick Viergever,,16,7.2,48.2,0.1048,miss,head,corner,sofascore
14053590,1433802,Gjivai Zechiël,,13,10.5,45.2,0.0707,save,head,assisted,sofascore
14053590,794990,Siebe Horemans,,7,13.5,42.3,0.0574,block,right-foot,corner,sofascore
14053590,794990,Siebe Horemans,,7,6.9,38.0,0.0207,block,head,corner,sofascore
14053590,794990,Siebe Horemans,,7,6.6,43.4,0.0691,block,head,corner,sofascore
14053590,991679,Souffian El Karouani,,6,26.6,47.8,0.0509,block,left-foot,free-kick,sofascore
14053590,856648,Victor Jensen,,4,8.5,54.0,0.0971,miss,head,assisted,sofascore
14053591,987077,Nökkvi Þórisson,,90,6.8,45.9,0.0993,block,head,corner,sofascore
14053591,966655,Shola Shoretire,,90,8.2,47.0,0.1437,block,left-foot,assisted,sofascore
14053591,1002479,Shunsuke Mito,,75,21.8,20.1,0.0187,miss,right-foot,assisted,sofascore
14053591,796943,Tobias Lauritsen,,72,8.0,49.7,0.1631,miss,head,set-piece,sofascore
14053591,946505,Lance Duijvestijn,,69,31.7,48.4,0.0156,block,right-foot,assisted,sofascore
14053591,827662,Mitchell Van Bergen,,65,10.8,68.7,0.0792,block,right-foot,fast-break,sofascore
14053591,815080,Jamiro Monteiro,,51,23.7,62.1,0.0395,miss,right-foot,assisted,sofascore
14053591,847073,Koen Kostons,,50,7.3,64.8,0.2674,save,right-foot,assisted,sofascore
14053591,847073,Koen Kostons,,50,26.9,46.6,0.0444,save,right-foot,fast-break,sofascore
14053591,1648756,Ayoub Oufkir,,47,23.1,39.9,0.0283,save,right-foot,assisted,sofascore
14053591,876233,Thijs Oosting,,39,29.0,47.7,0.0118,miss,left-foot,set-piece,sofascore
14053591,1648756,Ayoub Oufkir,,34,13.4,36.6,0.0919,miss,left-foot,regular,sofascore
14053591,927605,Kaj de Rooij,,31,11.4,36.0,0.0859,goal,right-foot,assisted,sofascore
14053591,946505,Lance Duijvestijn,,29,18.7,49.8,0.0319,miss,left-foot,corner,sofascore
14053591,827662,Mitchell Van Bergen,,23,22.5,29.7,0.0121,block,right-foot,assisted,sofascore
14053591,1648756,Ayoub Oufkir,,23,26.5,40.5,0.0149,block,left-foot,assisted,sofascore
14053591,946505,Lance Duijvestijn,,22,18.9,37.8,0.0411,miss,left-foot,assisted,sofascore
14053591,1049446,Olivier Aertssen,,20,4.8,68.9,0.0307,block,left-foot,assisted,sofascore
14053591,946505,Lance Duijvestijn,,12,15.5,46.1,0.0499,block,left-foot,assisted,sofascore
14053591,927155,Simon Graves,,10,16.0,59.1,0.0444,miss,right-foot,corner,sofascore
14053591,847073,Koen Kostons,,10,3.9,70.1,0.0432,block,right-foot,corner,sofascore
14053591,876233,Thijs Oosting,,9,10.8,54.6,0.3021,block,left-foot,fast-break,sofascore
14053591,946505,Lance Duijvestijn,,8,9.9,53.2,0.0857,miss,head,assisted,sofascore
14053591,796943,Tobias Lauritsen,,7,10.5,34.4,0.0463,miss,right-foot,regular,sofascore
14053591,333571,Ryan Thomas,,1,18.7,37.0,0.0349,miss,left-foot,corner,sofascore
14053592,1469336,Tyrese Noslin,,90,29.7,61.5,0.0146,save,right-foot,set-piece,sofascore
14053592,995365,Dylan Mertens,,90,22.0,57.5,0.0105,block,left-foot,set-piece,sofascore
14053592,927605,Kaj de Rooij,,81,13.3,54.8,0.1564,miss,right-foot,assisted,sofascore
14053592,927605,Kaj de Rooij,,79,18.7,36.0,0.0728,block,right-foot,regular,sofascore
14053592,302690,Danny Bakker,,78,4.1,35.5,0.0213,miss,head,corner,sofascore
14053592,1066319,Patrick Brouwer,,74,9.8,51.1,0.0806,miss,head,assisted,sofascore
14053592,847073,Koen Kostons,,58,2.3,48.7,0.9916,goal,right-foot,assisted,sofascore
14053592,302690,Danny Bakker,,57,5.4,46.0,0.2065,save,head,corner,sofascore
14053592,847073,Koen Kostons,,55,16.4,32.7,0.2044,save,left-foot,assisted,sofascore
14053592,1548838,Soufiane Hetli,,45,14.4,63.6,0.0321,block,right-foot,assisted,sofascore
14053592,1469336,Tyrese Noslin,,43,12.5,54.8,0.2188,save,right-foot,assisted,sofascore
14053592,876233,Thijs Oosting,,42,22.0,42.3,0.0398,miss,left-foot,regular,sofascore
14053592,815080,Jamiro Monteiro,,36,24.4,63.4,0.0122,miss,right-foot,set-piece,sofascore
14053592,1469336,Tyrese Noslin,,24,14.2,54.0,0.1034,save,right-foot,assisted,sofascore
14053592,1084609,Tyrone Owusu,,19,26.3,50.0,0.0254,miss,right-foot,assisted,sofascore
14053592,927605,Kaj de Rooij,,11,8.1,33.3,0.0401,miss,left-foot,assisted,sofascore
14053592,927605,Kaj de Rooij,,8,18.5,47.9,0.1024,block,right-foot,assisted,sofascore
14053592,815080,Jamiro Monteiro,,8,19.4,52.3,0.0353,block,right-foot,assisted,sofascore
14053592,847073,Koen Kostons,,4,10.5,53.0,0.7031,goal,right-foot,assisted,sofascore
14053592,1469336,Tyrese Noslin,,3,28.2,57.9,0.0224,save,right-foot,regular,sofascore
14053592,1548838,Soufiane Hetli,,3,9.4,69.3,0.1167,block,right-foot,fast-break,sofascore
14053593,1403075,Gerald Alders,,90,20.0,38.2,0.0295,miss,right-foot,corner,sofascore
14053593,97410,Davy Klaassen,,90,8.5,54.8,0.0586,block,head,assisted,sofascore
14053593,795761,Kasper Dolberg,,90,7.0,66.4,0.0737,save,right-foot,assisted,sofascore
14053593,97410,Davy Klaassen,,85,5.4,33.3,0.1401,miss,left-foot,assisted,sofascore
14053593,1105700,Yoann Cathline,,74,16.4,40.9,0.0223,miss,right-foot,corner,sofascore
14053593,1014118,Miguel Rodríguez,,74,8.6,50.2,0.2087,save,right-foot,corner,sofascore
14053593,1105700,Yoann Cathline,,73,17.5,40.1,0.1026,save,right-foot,fast-break,sofascore
14053593,991679,Souffian El Karouani,,69,25.7,66.2,0.0362,save,left-foot,free-kick,sofascore
14053593,959806,Kenneth Taylor,,65,14.8,66.9,0.0402,block,left-foot,assisted,sofascore
14053593,149731,Sébastien Haller,,62,9.4,43.6,0.0638,miss,right-foot,regular,sofascore
14053593,1214695,Adrian Blake,,62,15.4,32.9,0.0399,block,left-foot,assisted,sofascore
14053593,1014118,Miguel Rodríguez,,59,4.5,67.3,0.0445,miss,right-foot,regular,sofascore
14053593,1155158,Oscar Gloukh,,59,14.5,43.8,0.1643,save,left-foot,regular,sofascore
14053593,1149146,Mika Godts,,56,25.1,37.2,0.0237,goal,right-foot,assisted,sofascore
14053593,149731,Sébastien Haller,,54,7.4,46.7,0.2292,goal,head,set-piece,sofascore
14053593,1149146,Mika Godts,,51,20.4,58.9,0.0482,save,right-foot,assisted,sofascore
14053593,996992,Matisse Didden,,45,5.6,50.4,0.2231,goal,head,corner,sofascore
14053593,954836,Josip Šutalo,,40,10.7,46.8,0.0478,miss,right-foot,corner,sofascore
14053593,1433802,Gjivai Zechiël,,31,6.1,35.0,0.0459,save,left-foot,regular,sofascore
14053593,46900,Nick Viergever,,27,8.4,44.2,0.173,miss,head,throw-in-set-piece,sofascore
14053593,991679,Souffian El Karouani,,23,20.0,28.4,0.0378,miss,left-foot,fast-break,sofascore
14053593,1014118,Miguel Rodríguez,,22,22.4,69.9,0.0132,block,left-foot,assisted,sofascore
14053593,1214695,Adrian Blake,,19,4.6,33.6,0.026,block,left-foot,assisted,sofascore
14053593,149731,Sébastien Haller,,19,9.3,51.3,0.0667,miss,head,assisted,sofascore
14053593,1014118,Miguel Rodríguez,,3,12.7,69.4,0.0615,block,left-foot,regular,sofascore
14053593,959806,Kenneth Taylor,,1,21.8,68.5,0.0134,block,left-foot,assisted,sofascore
14053594,1126966,Gyan de Regt,,90,17.2,45.4,0.0141,miss,head,assisted,sofascore
14053594,1218066,Anis Hadj Moussa,,84,13.3,62.6,0.1261,block,left-foot,assisted,sofascore
14053594,985823,Ayase Ueda,,83,27.1,55.6,0.0242,block,right-foot,fast-break,sofascore
14053594,944467,Sem Steijn,,74,7.7,45.8,0.3336,save,left-foot,assisted,sofascore
14053594,1126966,Gyan de Regt,,73,9.8,52.1,0.5761,post,right-foot,throw-in-set-piece,sofascore
14053594,910053,Arthur Zagre,,73,22.3,47.4,0.0589,post,left-foot,throw-in-set-piece,sofascore
14053594,959805,Quinten Timber,,71,11.9,42.7,0.1052,miss,right-foot,set-piece,sofascore
14053594,942213,Tsuyoshi Watanabe,,69,15.1,47.9,0.0461,block,right-foot,corner,sofascore
14053594,944467,Sem Steijn,,68,27.7,60.1,0.0248,block,right-foot,assisted,sofascore
14053594,860160,Gijs Smal,,68,8.2,37.2,0.062,save,left-foot,assisted,sofascore
14053594,944467,Sem Steijn,,64,24.4,33.8,0.048,miss,right-foot,free-kick,sofascore
14053594,1095731,Oussama Targhalline,,57,16.4,48.7,0.1036,miss,right-foot,set-piece,sofascore
14053594,150494,Mike van Duinen,,46,18.1,62.0,0.1926,miss,right-foot,fast-break,sofascore
14053594,1218066,Anis Hadj Moussa,,45,9.4,65.8,0.0835,miss,right-foot,assisted,sofascore
14053594,942213,Tsuyoshi Watanabe,,45,6.7,44.2,0.0886,save,head,corner,sofascore
14053594,959805,Quinten Timber,,45,7.4,38.7,0.4266,save,left-foot,assisted,sofascore
14053594,985823,Ayase Ueda,,45,22.2,55.6,0.1128,save,right-foot,fast-break,sofascore
14053594,944467,Sem Steijn,,35,14.2,47.7,0.102,goal,left-foot,assisted,sofascore
14053594,985823,Ayase Ueda,,22,4.8,49.5,0.7959,goal,head,regular,sofascore
14053594,959805,Quinten Timber,,22,12.9,39.3,0.1669,save,right-foot,assisted,sofascore
14053594,1046142,Derensili Sanches Fernandes,,18,3.3,66.7,0.0706,save,left-foot,assisted,sofascore
14053594,1126966,Gyan de Regt,,16,19.6,70.8,0.03,miss,right-foot,fast-break,sofascore
14053594,1046142,Derensili Sanches Fernandes,,9,12.0,64.2,0.0647,goal,right-foot,assisted,sofascore
14053594,1126966,Gyan de Regt,,4,8.2,68.9,0.0982,block,right-foot,regular,sofascore
14053595,1142678,Daouda Weidmann,,90,16.7,48.5,0.0463,block,right-foot,regular,sofascore
14053595,578344,Arno Verschueren,,89,11.0,55.6,0.0676,save,right-foot,assisted,sofascore
14053595,1142678,Daouda Weidmann,,87,18.4,35.6,0.038,save,right-foot,regular,sofascore
14053595,1048430,Daan Rots,,87,10.8,42.1,0.0722,block,left-foot,assisted,sofascore
14053595,1469336,Tyrese Noslin,,84,21.8,71.8,0.0134,block,left-foot,assisted,sofascore
14053595,190435,Marko Pjaca,,83,4.2,44.6,0.2358,goal,head,corner,sofascore
14053595,1048430,Daan Rots,,82,19.5,65.4,0.0522,save,left-foot,fast-break,sofascore
14053595,1548838,Soufiane Hetli,,82,18.7,32.9,0.0358,block,right-foot,assisted,sofascore
14053595,804901,Sam Lammers,,81,15.7,51.0,0.1083,miss,right-foot,regular,sofascore
14053595,1200962,Sondre Ørjasæter,,81,14.3,52.7,0.1426,block,right-foot,assisted,sofascore
14053595,804901,Sam Lammers,,80,24.4,57.5,0.0499,block,right-foot,assisted,sofascore
14053595,1469336,Tyrese Noslin,,77,24.4,56.2,0.0655,miss,left-foot,fast-break,sofascore
14053595,1548838,Soufiane Hetli,,76,23.1,32.6,0.0314,miss,right-foot,regular,sofascore
14053595,2007289,Jelani Seedorf,,76,3.2,31.5,0.0307,miss,left-foot,fast-break,sofascore
14053595,1157777,Jochem Ritmeester van de Kamp,,68,17.8,47.0,0.0459,block,left-foot,regular,sofascore
14053595,1548838,Soufiane Hetli,,66,20.4,38.7,0.0715,miss,left-foot,assisted,sofascore
14053595,946506,Bart van Rooij,,64,16.3,63.4,0.0301,block,right-foot,assisted,sofascore
14053595,1548834,Sem van Duijn,,62,14.5,64.6,0.0542,miss,left-foot,assisted,sofascore
14053595,1200962,Sondre Ørjasæter,,59,9.5,65.6,0.1854,save,right-foot,regular,sofascore
14053595,804901,Sam Lammers,,52,9.8,65.2,0.0845,save,right-foot,assisted,sofascore
14053595,1160026,Kristian Hlynsson,,51,17.5,46.6,0.0294,miss,left-foot,set-piece,sofascore
14053595,1048430,Daan Rots,,51,18.1,64.8,0.0327,block,left-foot,set-piece,sofascore
14053595,1048430,Daan Rots,,50,15.8,43.0,0.0505,block,left-foot,assisted,sofascore
14053595,1160026,Kristian Hlynsson,,49,14.4,51.9,0.083,block,left-foot,set-piece,sofascore
14053595,945233,Thomas Van den Belt,,48,18.2,47.9,0.0799,block,right-foot,assisted,sofascore
14053595,804901,Sam Lammers,,42,16.1,63.6,0.0706,miss,right-foot,regular,sofascore
14053595,987077,Nökkvi Þórisson,,36,20.6,65.4,0.0294,save,right-foot,assisted,sofascore
14053595,1160026,Kristian Hlynsson,,33,7.1,51.1,0.2285,save,head,assisted,sofascore
14053595,987077,Nökkvi Þórisson,,31,7.6,47.7,0.2267,save,head,assisted,sofascore
14053595,1548834,Sem van Duijn,,17,8.8,60.9,0.4736,goal,right-foot,fast-break,sofascore
14053595,987077,Nökkvi Þórisson,,16,8.6,47.2,0.172,block,right-foot,assisted,sofascore
14053595,987077,Nökkvi Þórisson,,9,10.1,69.5,0.0252,save,right-foot,assisted,sofascore
14053595,804901,Sam Lammers,,5,9.1,61.5,0.1831,block,right-foot,fast-break,sofascore
14053595,1638564,Cedric Hatenboer,,3,19.7,63.6,0.0303,miss,right-foot,assisted,sofascore
14053596,845798,Guus Til,,89,7.1,53.6,0.2245,goal,head,fast-break,sofascore
14053596,825838,Armando Obispo,,88,3.0,60.1,0.0638,miss,head,corner,sofascore
14053596,825838,Armando Obispo,,86,3.8,46.0,0.1967,miss,head,corner,sofascore
14053596,986395,Ricardo Pepi,,82,13.9,41.9,0.1452,block,right-foot,fast-break,sofascore
14053596,1170900,Matěj Šín,,79,19.1,64.4,0.0418,save,left-foot,regular,sofascore
14053596,1386461,Elijah Dijkstra,,78,18.7,62.8,0.0149,miss,left-foot,corner,sofascore
14053596,966555,Troy Parrott,,74,7.6,47.7,0.0957,miss,head,corner,sofascore
14053596,906021,Sergiño Dest,,67,4.9,64.6,0.0713,block,right-foot,fast-break,sofascore
14053596,845798,Guus Til,,66,12.6,69.3,0.0385,miss,right-foot,assisted,sofascore
14053596,980671,Sven Mijnans,,64,17.8,34.6,0.033,miss,left-foot,assisted,sofascore
14053596,850816,Joey Veerman,,62,21.0,48.5,0.0999,goal,right-foot,assisted,sofascore
14053596,1087931,Isak Steiner Jensen,,48,18.1,30.9,0.0301,miss,right-foot,assisted,sofascore
14053596,812145,Dennis Man,,43,18.8,61.7,0.0989,block,left-foot,assisted,sofascore
14053596,850816,Joey Veerman,,41,25.1,35.2,0.0273,miss,right-foot,assisted,sofascore
14053596,1148468,Weslley Patati,,39,4.8,68.1,0.2425,save,right-foot,assisted,sofascore
14053596,980671,Sven Mijnans,,37,9.9,63.8,0.0558,block,left-foot,regular,sofascore
14053596,980671,Sven Mijnans,,34,25.1,47.9,0.0422,goal,left-foot,assisted,sofascore
14053596,845798,Guus Til,,28,13.1,60.9,0.1621,goal,right-foot,assisted,sofascore
14053596,812145,Dennis Man,,18,12.5,39.1,0.1989,save,left-foot,assisted,sofascore
14053596,845798,Guus Til,,11,8.9,46.4,0.4521,goal,right-foot,assisted,sofascore
14053596,845798,Guus Til,,8,12.2,24.8,0.032,block,left-foot,assisted,sofascore
14053596,1063767,Ismael Saibari,,8,10.9,66.7,0.0372,block,right-foot,assisted,sofascore
14053596,893499,Mauro Júnior,,5,13.9,48.6,0.5452,goal,left-foot,regular,sofascore
14053597,918484,Ivan Mesík,,90,3.9,34.2,0.0436,miss,left-foot,throw-in-set-piece,sofascore
14053597,146401,Thomas Bruns,,90,8.3,40.1,0.0487,block,right-foot,corner,sofascore
14053597,27035,André Ayew,,88,20.1,45.0,0.1267,save,left-foot,fast-break,sofascore
14053597,1144148,Rhys Bozinovski,,88,18.2,61.7,0.0478,block,right-foot,regular,sofascore
14053597,336811,Clint Leemans,,80,11.5,50.0,0.7884,goal,left-foot,penalty,sofascore
14053597,1515525,Cherrion Valerius,,78,20.3,63.7,0.0434,block,right-foot,throw-in-set-piece,sofascore
14053597,1135884,Lewis Holtby,,77,23.1,41.3,0.0236,block,left-foot,corner,sofascore
14053597,58994,Denis Odoi,,77,12.6,68.1,0.0146,block,right-foot,corner,sofascore
14053597,990814,Charles-Andreas Brym,,72,20.9,42.3,0.1117,save,right-foot,fast-break,sofascore
14053597,788284,Ajdin Hrustić,,70,27.4,34.0,0.0117,miss,left-foot,regular,sofascore
14053597,1461935,Moussa Soumano,,69,20.0,29.3,0.0331,save,right-foot,assisted,sofascore
14053597,336811,Clint Leemans,,66,34.3,38.0,0.0123,save,left-foot,assisted,sofascore
14053597,998999,Luka Kulenović,,64,5.5,43.4,0.1442,miss,head,corner,sofascore
14053597,788284,Ajdin Hrustić,,63,4.9,53.2,0.2907,save,right-foot,regular,sofascore
14053597,954317,Naci Ünüvar,,63,7.4,57.3,0.3052,save,right-foot,regular,sofascore
14053597,27035,André Ayew,,60,11.6,27.1,0.0251,miss,left-foot,fast-break,sofascore
14053597,998999,Luka Kulenović,,59,9.2,42.1,0.0439,save,head,throw-in-set-piece,sofascore
14053597,127554,Mike te Wierik,,59,26.6,57.6,0.0163,post,right-foot,throw-in-set-piece,sofascore
14053597,918484,Ivan Mesík,,58,14.8,48.3,0.036,miss,right-foot,set-piece,sofascore
14053597,336811,Clint Leemans,,55,25.1,39.7,0.0537,post,left-foot,free-kick,sofascore
14053597,788284,Ajdin Hrustić,,42,14.1,71.5,0.0432,block,left-foot,fast-break,sofascore
14053597,1014566,Sava Arangel Čestić,,21,4.9,47.2,0.2608,miss,head,corner,sofascore
14053597,998999,Luka Kulenović,,21,8.6,58.1,0.0647,block,right-foot,assisted,sofascore
14053597,1461935,Moussa Soumano,,11,10.6,28.8,0.1252,miss,right-foot,assisted,sofascore
14053597,954317,Naci Ünüvar,,9,18.8,37.2,0.053,block,right-foot,assisted,sofascore
14053597,27035,André Ayew,,6,4.5,29.9,0.0396,miss,left-foot,assisted,sofascore
14053597,927440,Kamal Sowah,,2,9.5,30.9,0.0466,block,right-foot,assisted,sofascore
14053598,959806,Kenneth Taylor,,90,14.5,44.7,0.0366,block,left-foot,corner,sofascore
14053598,836673,Owen Wijndal,,90,13.2,45.2,0.1378,block,left-foot,assisted,sofascore
14053598,1133233,Aske Adelgaard,,86,4.3,33.9,0.0197,save,head,set-piece,sofascore
14053598,841420,Victor Edvardsen,,86,18.8,41.6,0.1102,save,right-foot,free-kick,sofascore
14053598,932555,Evert Linthorst,,85,21.3,37.6,0.026,block,right-foot,regular,sofascore
14053598,996940,Youri Regeer,,82,16.0,56.0,0.0759,miss,right-foot,regular,sofascore
14053598,1155158,Oscar Gloukh,,81,14.1,30.1,0.0328,save,right-foot,assisted,sofascore
14053598,252215,Wout Weghorst,,80,12.8,48.1,0.0927,miss,left-foot,regular,sofascore
14053598,100386,Steven Berghuis,,80,25.7,48.5,0.0255,save,left-foot,regular,sofascore
14053598,100386,Steven Berghuis,,76,16.2,48.5,0.0515,save,left-foot,assisted,sofascore
14053598,973716,Richonell Margaret,,75,18.8,71.6,0.0083,miss,right-foot,corner,sofascore
14053598,252215,Wout Weghorst,,67,8.2,29.5,0.031,miss,left-foot,assisted,sofascore
14053598,794013,Mats Deijl,,61,16.6,41.0,0.0872,miss,left-foot,assisted,sofascore
14053598,836673,Owen Wijndal,,59,10.1,37.0,0.0647,block,right-foot,assisted,sofascore
14053598,1155158,Oscar Gloukh,,59,11.8,34.6,0.073,save,right-foot,fast-break,sofascore
14053598,1120315,Anton Gaaei,,53,8.6,69.9,0.0287,miss,right-foot,corner,sofascore
14053598,1120315,Anton Gaaei,,46,22.0,71.3,0.0385,save,right-foot,assisted,sofascore
14053598,1000228,Youri Baas,,45,5.5,49.9,0.2673,goal,head,corner,sofascore
14053598,1563462,Jorthy Mokio,,45,3.5,55.0,0.2623,save,left-foot,corner,sofascore
14053598,252215,Wout Weghorst,,45,5.2,39.0,0.071,miss,head,corner,sofascore
14053598,100386,Steven Berghuis,,45,13.0,66.9,0.0308,block,left-foot,corner,sofascore
14053598,932555,Evert Linthorst,,44,12.3,48.9,0.1142,goal,left-foot,assisted,sofascore
14053598,1563462,Jorthy Mokio,,30,19.7,36.4,0.042,miss,left-foot,assisted,sofascore
14053598,891795,Melle Meulensteen,,20,8.3,49.6,0.1729,goal,head,set-piece,sofascore
14053598,959806,Kenneth Taylor,,19,5.5,35.0,0.1073,miss,left-foot,assisted,sofascore
14053598,100386,Steven Berghuis,,18,23.2,74.6,0.0287,save,left-foot,fast-break,sofascore
14053598,793742,Joris Kramer,,16,11.3,35.0,0.109,block,left-foot,fast-break,sofascore
14053598,841420,Victor Edvardsen,,7,25.4,39.1,0.0126,block,right-foot,regular,sofascore
14053598,980383,Raúl Moro,,6,13.6,25.6,0.0318,save,right-foot,regular,sofascore
14053598,1120315,Anton Gaaei,,5,20.0,69.3,0.0411,save,right-foot,assisted,sofascore
14053598,97410,Davy Klaassen,,3,3.0,46.6,0.27,goal,head,regular,sofascore
14053599,127846,Eli Dasa,,87,15.4,45.6,0.1106,miss,right-foot,assisted,sofascore
14053599,1064177,Ahmetcan Kaplan,,84,7.8,49.1,0.0869,miss,head,corner,sofascore
14053599,907520,Brynjólfur Darri Willumsson,,80,14.2,66.3,0.0531,miss,right-foot,regular,sofascore
14053599,1012639,Brayann Pereira,,77,22.2,61.3,0.0266,miss,right-foot,regular,sofascore
14053599,842275,Philippe Sandler,,77,5.1,46.5,0.1721,miss,head,corner,sofascore
14053599,1193676,Başar Önal,,74,3.5,38.3,0.1122,save,left-foot,fast-break,sofascore
14053599,76160,Marvin Peersman,,72,13.4,44.5,0.0786,miss,left-foot,assisted,sofascore
14053599,1394147,Sami Ouaissa,,70,15.2,61.8,0.0577,block,right-foot,fast-break,sofascore
14053599,1184054,Kodai Sano,,67,26.6,40.9,0.0277,save,right-foot,regular,sofascore
14053599,1090328,Stije Resink,,63,27.5,41.4,0.0216,save,right-foot,set-piece,sofascore
14053599,1499696,Kento Shiogai,,61,4.2,53.0,0.6416,goal,right-foot,assisted,sofascore
14053599,907520,Brynjólfur Darri Willumsson,,58,3.9,45.9,0.5806,miss,left-foot,throw-in-set-piece,sofascore
14053599,1184054,Kodai Sano,,51,7.3,31.8,0.0819,goal,left-foot,assisted,sofascore
14053599,1184054,Kodai Sano,,44,17.3,38.3,0.0208,miss,right-foot,throw-in-set-piece,sofascore
14053599,831860,Koki Ogawa,,40,14.8,51.2,0.1405,miss,left-foot,assisted,sofascore
14053599,1878212,David van der Werff,,36,11.4,63.4,0.1353,miss,left-foot,regular,sofascore
14053599,1146623,Younes Taha,,33,24.7,31.0,0.0169,block,left-foot,assisted,sofascore
14053599,1146623,Younes Taha,,31,14.9,54.9,0.1488,save,left-foot,fast-break,sofascore
14053599,35208,Tjaronn Chery,,17,19.3,41.2,0.0575,miss,left-foot,assisted,sofascore
14053599,1878212,David van der Werff,,13,6.7,45.6,0.1519,block,right-foot,assisted,sofascore
14053599,1413536,Thom van Bergen,,13,12.5,36.9,0.0949,save,left-foot,fast-break,sofascore
14053599,1064177,Ahmetcan Kaplan,,7,26.6,42.1,0.029,save,left-foot,assisted,sofascore
14053599,1146623,Younes Taha,,3,24.1,48.3,0.0513,save,left-foot,assisted,sofascore
14053600,834597,Jesper Karlsson,,90,13.9,64.0,0.0536,goal,right-foot,regular,sofascore
14053600,318745,Oskar Zawada,,89,8.3,50.1,0.3292,miss,right-foot,assisted,sofascore
14053600,2360419,Ryan Metu,,89,10.5,61.3,0.0856,miss,right-foot,assisted,sofascore
14053600,318745,Oskar Zawada,,88,15.0,37.8,0.0335,save,right-foot,assisted,sofascore
14053600,1090328,Stije Resink,,87,6.3,41.1,0.0585,block,right-foot,corner,sofascore
14053600,1424404,Jorg Schreuders,,84,25.6,53.8,0.0253,miss,right-foot,assisted,sofascore
14053600,855854,Dani De Wit,,79,10.7,39.3,0.3747,goal,left-foot,assisted,sofascore
14053600,76160,Marvin Peersman,,77,21.2,46.4,0.058,miss,left-foot,fast-break,sofascore
14053600,1014118,Miguel Rodríguez,,76,19.7,57.5,0.0129,miss,left-foot,set-piece,sofascore
14053600,1413536,Thom van Bergen,,63,15.0,37.6,0.062,miss,left-foot,assisted,sofascore
14053600,1146623,Younes Taha,,63,21.0,59.5,0.0272,block,left-foot,assisted,sofascore
14053600,996992,Matisse Didden,,62,8.9,47.0,0.0777,block,left-foot,corner,sofascore
14053600,1105700,Yoann Cathline,,61,5.1,30.1,0.0532,save,left-foot,regular,sofascore
14053600,1146623,Younes Taha,,52,14.4,53.2,0.1331,goal,right-foot,assisted,sofascore
14053600,1489193,Artem Stepanov,,43,8.2,52.1,0.684,save,right-foot,regular,sofascore
14053600,1105700,Yoann Cathline,,43,21.6,45.6,0.0495,save,right-foot,assisted,sofascore
14053600,1105700,Yoann Cathline,,42,14.5,36.8,0.0656,block,left-foot,assisted,sofascore
14053600,1489193,Artem Stepanov,,32,13.3,34.8,0.0431,block,right-foot,fast-break,sofascore
14053600,1153261,Ángel Alarcón,,30,11.7,68.7,0.0306,block,right-foot,assisted,sofascore
14053600,1090328,Stije Resink,,25,22.0,60.9,0.0223,miss,right-foot,assisted,sofascore
14053600,1489193,Artem Stepanov,,24,7.0,52.1,0.5623,miss,left-foot,assisted,sofascore
14053600,1489193,Artem Stepanov,,22,9.8,34.0,0.1152,block,right-foot,fast-break,sofascore
14053600,1146623,Younes Taha,,17,27.4,37.2,0.0222,miss,left-foot,regular,sofascore
14053600,1105700,Yoann Cathline,,15,18.9,37.2,0.0486,save,left-foot,regular,sofascore
14053600,1489193,Artem Stepanov,,12,7.3,43.0,0.1517,save,left-foot,fast-break,sofascore
14053601,796943,Tobias Lauritsen,,88,11.5,50.0,0.7884,goal,right-foot,penalty,sofascore
14053601,1648759,Marvin Young,,86,16.0,53.6,0.0494,block,right-foot,corner,sofascore
14053601,116947,Bruno Martins Indi,,86,9.9,40.9,0.0125,block,head,corner,sofascore
14053601,934249,Can Bozdoğan,,84,29.4,48.5,0.0208,save,left-foot,assisted,sofascore
14053601,796943,Tobias Lauritsen,,82,7.9,45.9,0.1006,miss,head,corner,sofascore
14053601,46900,Nick Viergever,,77,22.6,37.8,0.0275,block,left-foot,regular,sofascore
14053601,855854,Dani De Wit,,77,6.4,52.8,0.2221,block,right-foot,assisted,sofascore
14053601,855854,Dani De Wit,,74,8.5,45.2,0.152,save,head,assisted,sofascore
14053601,1648756,Ayoub Oufkir,,70,19.7,54.6,0.1264,save,left-foot,fast-break,sofascore
14053601,1211982,Miliano Jonathans,,69,12.7,47.9,0.0642,block,left-foot,throw-in-set-piece,sofascore
14053601,1214695,Adrian Blake,,68,13.2,29.0,0.0204,block,right-foot,assisted,sofascore
14053601,855854,Dani De Wit,,67,9.5,49.7,0.041,miss,head,corner,sofascore
14053601,855854,Dani De Wit,,63,3.5,44.4,0.1783,goal,head,corner,sofascore
14053601,1214695,Adrian Blake,,63,18.1,45.5,0.067,save,left-foot,regular,sofascore
14053601,856648,Victor Jensen,,63,18.4,53.4,0.0425,block,left-foot,assisted,sofascore
14053601,796943,Tobias Lauritsen,,61,7.9,69.7,0.0429,miss,right-foot,fast-break,sofascore
14053601,795135,Pelle Clement,,55,27.1,42.3,0.0275,block,right-foot,assisted,sofascore
14053601,1214695,Adrian Blake,,51,16.9,43.0,0.0873,block,left-foot,regular,sofascore
14053601,46900,Nick Viergever,,49,21.9,47.0,0.0303,miss,left-foot,assisted,sofascore
14053601,1648756,Ayoub Oufkir,,45,20.1,58.7,0.057,save,left-foot,assisted,sofascore
14053601,116947,Bruno Martins Indi,,45,9.8,56.4,0.0398,save,head,set-piece,sofascore
14053601,1014118,Miguel Rodríguez,,43,22.9,61.1,0.0291,block,left-foot,assisted,sofascore
14053601,794990,Siebe Horemans,,35,5.7,43.2,0.0774,miss,head,corner,sofascore
14053601,1032926,Sayfallah Ltaief,,33,23.2,41.1,0.0811,block,right-foot,assisted,sofascore
14053601,856648,Victor Jensen,,30,8.3,50.5,0.0937,save,head,assisted,sofascore
14053601,913584,Joshua Kitolano,,25,13.9,34.8,0.0635,goal,right-foot,assisted,sofascore
14053601,1648756,Ayoub Oufkir,,25,12.2,74.5,0.0171,block,left-foot,assisted,sofascore
14053601,1014118,Miguel Rodríguez,,23,19.8,50.9,0.0598,block,left-foot,assisted,sofascore
14053601,1032926,Sayfallah Ltaief,,22,8.8,34.2,0.0252,block,right-foot,corner,sofascore
14053601,1032926,Sayfallah Ltaief,,21,7.9,19.7,0.017,block,left-foot,throw-in-set-piece,sofascore
14053601,855854,Dani De Wit,,13,6.7,37.6,0.0474,miss,head,assisted,sofascore
14053601,1214695,Adrian Blake,,9,24.0,39.3,0.034,miss,right-foot,assisted,sofascore
14053601,1433802,Gjivai Zechiël,,9,5.1,58.7,0.0779,miss,head,assisted,sofascore
14053601,1000548,Alonzo Engwanda,,3,19.5,36.2,0.017,miss,right-foot,throw-in-set-piece,sofascore
14053601,795135,Pelle Clement,,1,21.5,59.7,0.0214,miss,left-foot,assisted,sofascore
14053602,1121400,Luciano Valente,,90,26.0,36.4,0.0342,block,right-foot,assisted,sofascore
14053602,942213,Tsuyoshi Watanabe,,89,5.1,45.6,0.3129,goal,right-foot,set-piece,sofascore
14053602,985823,Ayase Ueda,,89,4.2,51.3,0.2696,block,head,set-piece,sofascore
14053602,944467,Sem Steijn,,87,7.7,44.4,0.6837,save,right-foot,assisted,sofascore
14053602,1046722,Dean James,,86,9.8,38.7,0.2808,goal,left-foot,fast-break,sofascore
14053602,825899,Anel Ahmedhodžić,,80,6.9,56.3,0.0557,miss,head,corner,sofascore
14053602,985823,Ayase Ueda,,78,11.7,44.4,0.0391,miss,head,corner,sofascore
14053602,825899,Anel Ahmedhodžić,,78,6.0,45.6,0.1194,block,head,corner,sofascore
14053602,1199214,Milan Smit,,76,25.7,62.1,0.0457,miss,right-foot,fast-break,sofascore
14053602,942213,Tsuyoshi Watanabe,,75,19.7,56.4,0.0698,block,right-foot,assisted,sofascore
14053602,944467,Sem Steijn,,73,8.2,52.8,0.1305,block,right-foot,regular,sofascore
14053602,860160,Gijs Smal,,73,3.5,37.2,0.0307,block,head,assisted,sofascore
14053602,909960,Mathis Suray,,69,13.9,43.0,0.4492,save,right-foot,assisted,sofascore
14053602,1388535,Givairo Read,,67,22.1,65.2,0.0235,block,right-foot,assisted,sofascore
14053602,1084944,Calvin Twigt,,63,6.6,68.3,0.0596,save,right-foot,assisted,sofascore
14053602,1218066,Anis Hadj Moussa,,61,8.2,70.3,0.0293,save,right-foot,regular,sofascore
14053602,985823,Ayase Ueda,,61,15.3,55.4,0.0623,save,right-foot,assisted,sofascore
14053602,985823,Ayase Ueda,,58,4.0,54.8,0.1966,miss,head,corner,sofascore
14053602,891795,Melle Meulensteen,,55,27.3,71.8,0.0167,miss,right-foot,regular,sofascore
14053602,916947,Kenzo Goudmijn,,53,21.3,65.4,0.048,miss,right-foot,assisted,sofascore
14053602,790179,Cyle Larin,,45,7.0,44.0,0.1517,miss,head,assisted,sofascore
14053602,790179,Cyle Larin,,44,10.3,51.7,0.1161,save,right-foot,regular,sofascore
14053602,1388535,Givairo Read,,44,11.6,56.3,0.0592,miss,head,assisted,sofascore
14053602,793742,Joris Kramer,,39,21.5,48.5,0.0566,block,left-foot,corner,sofascore
14053602,1150938,Leo Sauer,,26,20.9,36.4,0.0201,miss,right-foot,assisted,sofascore
14053602,973716,Richonell Margaret,,18,23.9,34.3,0.0212,save,right-foot,assisted,sofascore
14053602,794013,Mats Deijl,,13,11.5,50.0,0.7884,goal,right-foot,penalty,sofascore
14053602,1121400,Luciano Valente,,5,23.5,50.7,0.0384,block,right-foot,assisted,sofascore
14053602,1218066,Anis Hadj Moussa,,4,10.4,63.0,0.0934,save,left-foot,corner,sofascore
14053602,985823,Ayase Ueda,,2,8.2,42.3,0.1429,block,left-foot,fast-break,sofascore
14053603,945233,Thomas Van den Belt,,90,23.8,38.9,0.0221,miss,left-foot,set-piece,sofascore
14053603,1634542,Lucas Vennegoor of Hesselink,,90,14.4,53.2,0.0357,block,left-foot,set-piece,sofascore
14053603,1634542,Lucas Vennegoor of Hesselink,,90,15.1,53.0,0.071,block,left-foot,set-piece,sofascore
14053603,196082,Robin Pröpper,,90,4.3,66.0,0.0513,block,right-foot,set-piece,sofascore
14053603,954317,Naci Ünüvar,,90,9.9,36.0,0.0515,block,left-foot,regular,sofascore
14053603,578344,Arno Verschueren,,90,13.8,45.0,0.0262,miss,head,assisted,sofascore
14053603,845798,Guus Til,,82,4.0,56.4,0.3736,post,right-foot,assisted,sofascore
14053603,35193,Ricky van Wolfswinkel,,80,14.7,66.4,0.0236,save,right-foot,regular,sofascore
14053603,38710,Ivan Perišić,,77,19.4,58.7,0.031,block,left-foot,assisted,sofascore
14053603,1063767,Ismael Saibari,,69,13.3,28.0,0.0301,post,right-foot,assisted,sofascore
14053603,844234,Jerdy Schouten,,68,18.7,54.0,0.0398,miss,right-foot,assisted,sofascore
14053603,1046960,Ryan Flamingo,,67,9.4,46.9,0.0391,save,head,corner,sofascore
14053603,893499,Mauro Júnior,,66,11.0,30.4,0.0646,save,left-foot,assisted,sofascore
14053603,1048430,Daan Rots,,64,13.5,46.2,0.0956,block,left-foot,throw-in-set-piece,sofascore
14053603,1048430,Daan Rots,,62,13.5,55.0,0.0505,miss,left-foot,throw-in-set-piece,sofascore
14053603,196082,Robin Pröpper,,57,31.9,40.7,0.012,miss,right-foot,regular,sofascore
14053603,1160026,Kristian Hlynsson,,57,23.8,34.8,0.0209,block,right-foot,assisted,sofascore
14053603,1063767,Ismael Saibari,,56,19.3,47.5,0.1085,miss,right-foot,fast-break,sofascore
14053603,1160026,Kristian Hlynsson,,56,13.8,39.7,0.0635,block,right-foot,throw-in-set-piece,sofascore
14053603,844234,Jerdy Schouten,,54,15.6,49.7,0.1335,goal,left-foot,assisted,sofascore
14053603,845798,Guus Til,,50,7.9,46.3,0.1957,miss,head,assisted,sofascore
14053603,966546,Mathias Kjølø,,45,28.7,42.7,0.0112,miss,left-foot,corner,sofascore
14053603,850816,Joey Veerman,,45,20.1,37.8,0.0457,miss,right-foot,assisted,sofascore
14053603,1063767,Ismael Saibari,,45,15.1,43.1,0.0559,block,right-foot,assisted,sofascore
14053603,850816,Joey Veerman,,45,23.5,32.1,0.0205,save,right-foot,assisted,sofascore
14053603,196082,Robin Pröpper,,32,8.8,32.1,0.0398,miss,left-foot,regular,sofascore
14053603,906024,Taylor Booth,,26,23.0,26.8,0.0206,save,right-foot,corner,sofascore
14053603,946506,Bart van Rooij,,23,11.6,67.8,0.0729,block,right-foot,assisted,sofascore
14053603,906024,Taylor Booth,,23,14.7,43.0,0.134,save,right-foot,regular,sofascore
14053603,906024,Taylor Booth,,23,15.5,33.9,0.0368,block,left-foot,assisted,sofascore
14053603,1160026,Kristian Hlynsson,,20,22.2,48.1,0.0717,save,left-foot,assisted,sofascore
14053603,192308,Alassane Pléa,,16,9.5,45.0,0.1083,block,right-foot,assisted,sofascore
14053603,1046960,Ryan Flamingo,,15,5.2,52.3,0.1804,block,head,corner,sofascore
14053603,192308,Alassane Pléa,,14,10.8,39.5,0.2912,miss,right-foot,fast-break,sofascore
14053603,1091627,Max Bruns,,7,2.9,51.0,,goal,left-foot,regular,sofascore
14053604,156676,Robert Mühren,,90,33.1,56.0,0.0121,miss,right-foot,set-piece,sofascore
14053604,812145,Dennis Man,,88,8.8,62.0,0.0773,block,right-foot,regular,sofascore
14053604,1095406,Aurelio Oehlers,,87,8.6,36.0,0.5009,goal,right-foot,fast-break,sofascore
14053604,812145,Dennis Man,,82,9.4,57.9,0.2519,goal,left-foot,regular,sofascore
14053604,845798,Guus Til,,82,3.3,58.9,0.0889,block,right-foot,assisted,sofascore
14053604,845798,Guus Til,,81,12.5,49.1,0.0257,save,head,assisted,sofascore
14053604,812145,Dennis Man,,79,13.2,63.8,0.1049,miss,left-foot,assisted,sofascore
14053604,812145,Dennis Man,,78,21.8,59.1,0.0812,block,left-foot,regular,sofascore
14053604,825838,Armando Obispo,,70,4.2,48.3,0.2215,miss,head,corner,sofascore
14053604,1146018,Paul Wanner,,70,19.0,55.4,0.0501,block,left-foot,assisted,sofascore
14053604,2216656,Robin van Cruijsen,,67,16.0,53.0,0.1093,goal,left-foot,fast-break,sofascore
14053604,1095406,Aurelio Oehlers,,67,15.8,28.6,0.0238,block,right-foot,fast-break,sofascore
14053604,996982,Yannick Leliendal,,61,18.8,36.2,0.0252,block,right-foot,assisted,sofascore
14053604,850816,Joey Veerman,,56,27.1,48.7,0.0153,save,right-foot,assisted,sofascore
14053604,1520752,Benjamin Pauwels,,56,27.4,54.0,0.0305,block,right-foot,fast-break,sofascore
14053604,252885,Brandley Kuwas,,55,7.4,60.3,0.0445,miss,head,set-piece,sofascore
14053604,252885,Brandley Kuwas,,49,17.6,48.7,0.4205,miss,left-foot,fast-break,sofascore
14053604,1100399,Ozan Kökçü,,48,22.2,62.3,0.0547,save,right-foot,assisted,sofascore
14053604,1146002,Dave Kwakman,,45,9.4,36.6,0.2503,block,left-foot,fast-break,sofascore
14053604,1136110,Esmir Bajraktarević,,43,18.5,49.9,0.1854,miss,left-foot,fast-break,sofascore
14053604,893499,Mauro Júnior,,41,13.0,36.0,0.0677,save,left-foot,assisted,sofascore
14053604,38710,Ivan Perišić,,38,30.6,51.1,0.0185,miss,right-foot,assisted,sofascore
14053604,845798,Guus Til,,37,2.3,42.3,0.1768,miss,head,corner,sofascore
14053604,252885,Brandley Kuwas,,33,13.5,27.0,0.0281,block,left-foot,assisted,sofascore
14053604,845798,Guus Til,,22,5.2,44.4,0.2237,miss,head,assisted,sofascore
14053604,825838,Armando Obispo,,17,4.9,56.6,0.121,miss,head,corner,sofascore
14053604,1136110,Esmir Bajraktarević,,17,14.1,67.1,0.0247,block,left-foot,assisted,sofascore
14053604,825838,Armando Obispo,,16,25.9,48.9,0.0371,save,left-foot,assisted,sofascore
14053604,1136110,Esmir Bajraktarević,,8,10.1,69.8,0.0354,miss,right-foot,assisted,sofascore
14053604,1520752,Benjamin Pauwels,,7,13.5,25.0,0.0289,save,right-foot,fast-break,sofascore
14053604,1146018,Paul Wanner,,4,4.1,52.1,0.3093,miss,left-foot,assisted,sofascore
14053605,252215,Wout Weghorst,,90,18.1,54.0,0.0855,block,right-foot,assisted,sofascore
14053605,1126966,Gyan de Regt,,90,23.2,48.7,0.084,miss,left-foot,assisted,sofascore
14053605,795761,Kasper Dolberg,,90,13.8,60.7,0.1348,miss,right-foot,assisted,sofascore
14053605,1000228,Youri Baas,,79,4.8,55.2,0.122,save,head,corner,sofascore
14053605,1155158,Oscar Gloukh,,78,23.4,37.4,0.0328,block,left-foot,corner,sofascore
14053605,252215,Wout Weghorst,,71,7.6,38.9,0.1717,save,left-foot,fast-break,sofascore
14053605,899644,Ilias Bronkhorst,,71,9.4,50.9,0.0667,miss,head,assisted,sofascore
14053605,959806,Kenneth Taylor,,70,18.1,54.1,0.1026,save,left-foot,assisted,sofascore
14053605,150494,Mike van Duinen,,69,8.8,49.5,0.0572,save,head,corner,sofascore
14053605,899644,Ilias Bronkhorst,,68,9.4,72.0,0.0279,block,right-foot,assisted,sofascore
14053605,878599,Oliver Valaker Edvardsen,,64,11.0,71.1,0.0537,block,right-foot,assisted,sofascore
14053605,795761,Kasper Dolberg,,59,8.8,49.9,0.144,goal,right-foot,assisted,sofascore
14053605,1048487,Noah Naujoks,,47,11.1,54.4,0.0993,goal,right-foot,regular,sofascore
14053605,1893852,Jerolldino Bergraaf,,44,19.8,63.8,0.0244,miss,left-foot,assisted,sofascore
14053605,252215,Wout Weghorst,,42,27.2,45.6,0.0149,miss,left-foot,assisted,sofascore
14053605,1048487,Noah Naujoks,,37,18.8,47.9,0.1257,goal,left-foot,assisted,sofascore
14053605,252215,Wout Weghorst,,36,12.1,48.6,0.2079,block,left-foot,assisted,sofascore
14053605,1048487,Noah Naujoks,,31,28.8,51.5,0.022,save,right-foot,regular,sofascore
14053605,954836,Josip Šutalo,,26,7.6,62.0,0.0182,miss,head,corner,sofascore
14053605,1155158,Oscar Gloukh,,25,27.1,31.0,0.0313,block,right-foot,free-kick,sofascore
14053605,1155158,Oscar Gloukh,,19,11.5,55.4,0.0634,save,right-foot,assisted,sofascore
14053605,878599,Oliver Valaker Edvardsen,,15,7.4,56.2,0.1962,block,right-foot,fast-break,sofascore
14053605,1000228,Youri Baas,,3,7.3,55.8,0.065,miss,head,corner,sofascore
14053606,252885,Brandley Kuwas,,90,14.1,70.8,0.0228,miss,left-foot,assisted,sofascore
14053606,252885,Brandley Kuwas,,90,28.1,48.4,0.0384,block,left-foot,free-kick,sofascore
14053606,1153117,Mexx Meerdink,,88,18.4,53.4,0.0465,miss,left-foot,corner,sofascore
14053606,1087931,Isak Steiner Jensen,,87,21.3,32.1,0.0401,block,right-foot,assisted,sofascore
14053606,1405756,Kees Smit,,78,17.5,41.3,0.0705,block,left-foot,assisted,sofascore
14053606,893559,Mees De Wit,,72,13.0,38.8,0.0499,block,left-foot,regular,sofascore
14053606,893559,Mees De Wit,,72,18.6,46.5,0.0414,block,left-foot,regular,sofascore
14053606,966555,Troy Parrott,,67,9.1,57.9,0.0461,miss,right-foot,corner,sofascore
14053606,974020,Xavier Mbuyamba,,65,7.6,51.0,0.101,goal,head,corner,sofascore
14053606,156676,Robert Mühren,,63,11.5,48.9,0.0339,miss,head,assisted,sofascore
14053606,1049063,Joel Ideho,,62,9.6,40.2,0.131,save,left-foot,assisted,sofascore
14053606,1153117,Mexx Meerdink,,57,9.1,45.6,0.0557,miss,head,corner,sofascore
14053606,1145989,Ro-Zangelo Daal,,56,26.3,45.2,0.0253,block,right-foot,regular,sofascore
14053606,966555,Troy Parrott,,54,13.4,48.6,0.2082,goal,right-foot,assisted,sofascore
14053606,996982,Yannick Leliendal,,48,23.1,36.8,0.0097,miss,left-foot,regular,sofascore
14053606,1008111,Denso Kasius,,42,24.8,76.5,0.0127,miss,right-foot,assisted,sofascore
14053606,980671,Sven Mijnans,,37,22.2,58.3,0.0414,miss,right-foot,assisted,sofascore
14053606,905174,Ibrahim Sadiq,,33,10.5,65.1,0.0564,block,right-foot,regular,sofascore
14053606,1145989,Ro-Zangelo Daal,,33,13.8,31.0,0.0226,block,right-foot,assisted,sofascore
14053606,1008111,Denso Kasius,,21,14.4,61.9,0.0625,save,right-foot,regular,sofascore
14053606,980671,Sven Mijnans,,19,9.3,55.3,0.3261,miss,right-foot,assisted,sofascore
14053606,905174,Ibrahim Sadiq,,16,5.5,57.5,0.2039,goal,head,assisted,sofascore
14053606,966555,Troy Parrott,,15,9.1,62.6,0.0167,block,head,assisted,sofascore
14053606,980671,Sven Mijnans,,15,21.6,47.4,0.059,block,left-foot,set-piece,sofascore
14053606,313264,Henk Veerman,,12,8.7,65.1,0.0227,block,right-foot,corner,sofascore
14053606,905174,Ibrahim Sadiq,,10,8.9,71.4,0.0143,miss,right-foot,assisted,sofascore
14053606,1095406,Aurelio Oehlers,,7,8.3,64.5,0.0918,goal,right-foot,regular,sofascore
14053607,1001943,Julius Dirksen,,90,7.0,64.0,0.016,miss,head,set-piece,sofascore
14053607,979221,Gonçalo Borges,,90,15.5,31.8,0.0177,miss,right-foot,assisted,sofascore
14053607,979221,Gonçalo Borges,,90,26.6,54.0,0.0334,block,right-foot,assisted,sofascore
14053607,957937,Casper Tengstedt,,90,11.5,50.0,0.7884,goal,right-foot,penalty,sofascore
14053607,979221,Gonçalo Borges,,86,25.3,34.9,0.0121,miss,right-foot,assisted,sofascore
14053607,842536,Alfons Sampsted,,85,6.7,64.8,0.0103,block,head,corner,sofascore
14053607,957937,Casper Tengstedt,,81,8.2,46.6,0.1954,miss,head,assisted,sofascore
14053607,985823,Ayase Ueda,,78,11.3,50.5,0.0314,miss,head,assisted,sofascore
14053607,909960,Mathis Suray,,78,13.6,64.5,0.0239,miss,right-foot,set-piece,sofascore
14053607,985823,Ayase Ueda,,75,8.9,53.2,0.0758,block,head,assisted,sofascore
14053607,1218066,Anis Hadj Moussa,,73,18.7,64.6,0.0315,block,left-foot,corner,sofascore
14053607,889689,Hwang In-beom,,70,26.8,47.7,0.0281,miss,left-foot,assisted,sofascore
14053607,1479467,Aymen Sliti,,62,18.3,51.9,0.0252,block,left-foot,corner,sofascore
14053607,886242,Jakub Moder,,58,19.0,68.7,0.0157,block,right-foot,assisted,sofascore
14053607,985823,Ayase Ueda,,55,5.4,50.1,0.2812,miss,right-foot,assisted,sofascore
14053607,957937,Casper Tengstedt,,55,8.8,37.8,0.2408,miss,left-foot,assisted,sofascore
14053607,1144138,Jordan Bos,,54,25.6,36.0,0.0276,save,left-foot,assisted,sofascore
14053607,825899,Anel Ahmedhodžić,,52,5.2,60.1,0.043,miss,head,corner,sofascore
14053607,1479467,Aymen Sliti,,52,21.4,46.6,0.0171,block,left-foot,corner,sofascore
14053607,985823,Ayase Ueda,,52,10.1,53.5,0.0311,miss,head,corner,sofascore
14053607,985823,Ayase Ueda,,50,8.3,58.2,0.0351,block,head,corner,sofascore
14053607,1218066,Anis Hadj Moussa,,48,15.3,79.5,0.0153,save,left-foot,corner,sofascore
14053607,985823,Ayase Ueda,,48,12.5,39.3,0.0411,block,right-foot,corner,sofascore
14053607,1144138,Jordan Bos,,45,24.4,34.9,0.0156,miss,left-foot,corner,sofascore
14053607,985823,Ayase Ueda,,44,7.1,45.6,0.1117,miss,head,assisted,sofascore
14053607,886242,Jakub Moder,,44,29.9,50.5,0.0142,block,right-foot,assisted,sofascore
14053607,886242,Jakub Moder,,39,9.3,46.1,0.0823,miss,head,corner,sofascore
14053607,942213,Tsuyoshi Watanabe,,37,7.4,52.7,0.101,miss,head,corner,sofascore
14053607,889689,Hwang In-beom,,33,26.6,62.8,0.0263,save,left-foot,assisted,sofascore
14053607,1144138,Jordan Bos,,29,5.2,38.5,0.1754,save,left-foot,regular,sofascore
14053607,886242,Jakub Moder,,27,11.3,44.6,0.1815,block,left-foot,regular,sofascore
14053607,891795,Melle Meulensteen,,25,9.7,60.4,0.0378,miss,head,corner,sofascore
14053607,985823,Ayase Ueda,,19,17.2,53.6,0.0477,post,left-foot,assisted,sofascore
14053607,886242,Jakub Moder,,12,5.1,46.4,0.2514,save,left-foot,corner,sofascore
14053607,942213,Tsuyoshi Watanabe,,12,7.6,42.3,0.0309,save,head,corner,sofascore
14053607,1144138,Jordan Bos,,4,10.8,47.2,0.3242,save,right-foot,regular,sofascore
14053607,1218066,Anis Hadj Moussa,,4,19.7,71.1,0.0194,block,left-foot,assisted,sofascore
14053608,985823,Ayase Ueda,,90,10.1,44.2,0.2178,miss,left-foot,assisted,sofascore
14053608,957937,Casper Tengstedt,,90,4.8,55.0,0.1541,block,head,assisted,sofascore
14053608,1499696,Kento Shiogai,,90,38.5,53.2,0.1086,goal,right-foot,fast-break,sofascore
14053608,942213,Tsuyoshi Watanabe,,89,6.7,53.1,0.1076,miss,head,corner,sofascore
14053608,1499696,Kento Shiogai,,84,7.0,48.6,0.1529,goal,head,assisted,sofascore
14053608,1064177,Ahmetcan Kaplan,,75,9.7,51.7,0.0437,block,head,corner,sofascore
14053608,842275,Philippe Sandler,,74,9.9,50.9,0.0378,block,head,corner,sofascore
14053608,1193676,Başar Önal,,73,11.7,25.4,0.0254,save,right-foot,assisted,sofascore
14053608,959805,Quinten Timber,,73,23.9,59.4,0.0235,miss,right-foot,set-piece,sofascore
14053608,1214957,Noe Lebreton,,69,6.4,51.6,0.4968,goal,head,assisted,sofascore
14053608,1214957,Noe Lebreton,,65,8.3,45.6,0.0849,block,left-foot,corner,sofascore
14053608,1193676,Başar Önal,,64,1.0,37.1,0.0619,save,right-foot,assisted,sofascore
14053608,961685,Dirk Wanner Proper,,60,10.2,55.0,0.3956,save,right-foot,regular,sofascore
14053608,797279,Bart Nieuwkoop,,56,3.5,60.1,0.3326,goal,right-foot,assisted,sofascore
14053608,35208,Tjaronn Chery,,51,11.6,29.4,0.0353,save,left-foot,assisted,sofascore
14053608,47753,Bryan Linssen,,49,21.7,37.3,0.0483,save,right-foot,fast-break,sofascore
14053608,1184054,Kodai Sano,,47,27.4,29.9,0.0173,miss,right-foot,assisted,sofascore
14053608,1193676,Başar Önal,,47,8.2,39.5,0.2097,save,left-foot,assisted,sofascore
14053608,831860,Koki Ogawa,,47,17.9,50.3,0.072,miss,left-foot,regular,sofascore
14053608,1150938,Leo Sauer,,45,4.2,47.4,0.2631,goal,head,assisted,sofascore
14053608,825899,Anel Ahmedhodžić,,45,8.3,41.1,0.0526,block,right-foot,corner,sofascore
14053608,942213,Tsuyoshi Watanabe,,45,6.6,53.3,0.1283,post,head,corner,sofascore
14053608,944467,Sem Steijn,,45,8.8,42.7,0.1318,save,right-foot,assisted,sofascore
14053608,1218066,Anis Hadj Moussa,,45,10.2,62.4,0.0654,block,left-foot,assisted,sofascore
14053608,35208,Tjaronn Chery,,41,14.5,46.6,0.0382,save,left-foot,corner,sofascore
14053608,35208,Tjaronn Chery,,41,17.0,48.5,0.047,block,left-foot,corner,sofascore
14053608,897603,Darko Nejašmić,,41,6.6,65.2,0.0634,miss,right-foot,corner,sofascore
14053608,47753,Bryan Linssen,,41,8.3,49.3,0.072,miss,head,corner,sofascore
14053608,47753,Bryan Linssen,,37,7.7,48.3,0.1619,goal,right-foot,assisted,sofascore
14053608,897603,Darko Nejašmić,,32,26.8,46.6,0.0398,save,left-foot,fast-break,sofascore
14053608,1394147,Sami Ouaissa,,32,23.1,67.3,0.03,block,left-foot,fast-break,sofascore
14053608,1218066,Anis Hadj Moussa,,28,10.1,62.6,0.0706,miss,left-foot,assisted,sofascore
14053608,985823,Ayase Ueda,,24,11.4,57.0,0.5428,save,left-foot,assisted,sofascore
14053608,1150938,Leo Sauer,,22,13.8,34.8,0.0435,save,right-foot,assisted,sofascore
14053608,860160,Gijs Smal,,18,12.5,30.7,0.1112,miss,left-foot,fast-break,sofascore
14053608,1218066,Anis Hadj Moussa,,15,18.5,51.5,0.0779,miss,left-foot,corner,sofascore
14053608,985823,Ayase Ueda,,14,6.1,33.6,0.0787,block,left-foot,assisted,sofascore
14053608,1150938,Leo Sauer,,10,23.2,33.3,0.0111,miss,right-foot,assisted,sofascore
14053608,944467,Sem Steijn,,8,13.0,47.4,0.2284,miss,left-foot,throw-in-set-piece,sofascore
14053608,1218066,Anis Hadj Moussa,,6,10.8,57.9,0.1749,block,left-foot,assisted,sofascore
14053608,1394147,Sami Ouaissa,,4,21.5,73.2,0.0188,miss,left-foot,assisted,sofascore
14053609,1048011,Édouard Michut,,90,12.9,59.5,0.148,block,right-foot,throw-in-set-piece,sofascore
14053609,1012927,Rio Hillen,,90,4.1,50.8,0.5965,miss,head,corner,sofascore
14053609,1136902,Makan Aïko,,85,9.4,59.3,0.0574,save,left-foot,assisted,sofascore
14053609,929633,Mohamed Ihattaren,,78,20.4,43.4,0.035,miss,right-foot,regular,sofascore
14053609,858242,Boy Kemper,,77,7.3,41.5,0.0766,save,head,assisted,sofascore
14053609,1132766,Philip Brittijn,,76,6.5,44.7,0.1541,goal,head,corner,sofascore
14053609,1136902,Makan Aïko,,70,12.9,29.5,0.0286,miss,right-foot,fast-break,sofascore
14053609,943595,Sydney van Hooijdonk,,69,9.3,46.8,0.2911,miss,right-foot,assisted,sofascore
14053609,1048011,Édouard Michut,,60,26.7,43.2,0.0359,block,right-foot,assisted,sofascore
14053609,1149147,Juho Talvitie,,57,17.9,55.2,0.0855,goal,left-foot,assisted,sofascore
14053609,1088895,Mohamed Nassoh,,50,17.2,49.9,0.2033,save,right-foot,assisted,sofascore
14053609,929633,Mohamed Ihattaren,,47,21.1,46.6,0.0734,block,left-foot,assisted,sofascore
14053609,1149147,Juho Talvitie,,46,18.2,62.9,0.072,miss,left-foot,fast-break,sofascore
14053609,366942,Kristoffer Peterson,,40,12.8,35.4,0.0479,save,right-foot,assisted,sofascore
14053609,943595,Sydney van Hooijdonk,,38,8.4,32.1,0.1121,miss,left-foot,fast-break,sofascore
14053609,366942,Kristoffer Peterson,,38,8.6,31.5,0.1281,save,left-foot,fast-break,sofascore
14053609,927440,Kamal Sowah,,37,4.8,56.0,0.2005,post,head,assisted,sofascore
14053609,1135884,Lewis Holtby,,23,8.6,48.9,0.1096,goal,left-foot,regular,sofascore
14053609,943595,Sydney van Hooijdonk,,23,7.9,58.5,0.0546,block,head,assisted,sofascore
14053609,1088895,Mohamed Nassoh,,18,9.7,52.3,0.0693,save,head,assisted,sofascore
14053609,1149147,Juho Talvitie,,18,20.6,55.1,0.0869,block,left-foot,assisted,sofascore
14053609,858242,Boy Kemper,,12,7.3,41.7,0.0647,miss,head,corner,sofascore
14053609,943595,Sydney van Hooijdonk,,10,24.6,25.4,0.0367,save,right-foot,free-kick,sofascore
14053609,366942,Kristoffer Peterson,,7,25.7,33.6,0.0192,block,right-foot,assisted,sofascore
14053610,1005693,Anselmo Garcia McNulty,,90,2.9,39.0,0.0645,block,left-foot,corner,sofascore
14053610,1586644,Eser Gürbüz,,90,6.3,43.1,0.5034,goal,left-foot,fast-break,sofascore
14053610,1028070,Lasse Selvåg Nordås,,86,7.1,31.7,0.0529,miss,left-foot,assisted,sofascore
14053610,1005693,Anselmo Garcia McNulty,,72,16.9,45.1,0.082,save,left-foot,assisted,sofascore
14053610,1050828,Zico Buurmeester,,70,14.2,46.0,0.1448,save,right-foot,regular,sofascore
14053610,847073,Koen Kostons,,68,15.0,65.6,0.0488,miss,right-foot,assisted,sofascore
14053610,992018,Ringo Meerveld,,63,26.1,63.4,0.0187,goal,right-foot,assisted,sofascore
14053610,1014408,Maxence Rivera,,58,18.4,49.5,0.1037,miss,right-foot,assisted,sofascore
14053610,1064426,Vasilios Zagaritis,,57,15.7,49.9,0.0287,miss,left-foot,corner,sofascore
14053610,996986,Luca Oyen,,57,17.8,46.0,0.1215,block,right-foot,regular,sofascore
14053610,996986,Luca Oyen,,56,14.1,44.8,0.1247,block,left-foot,regular,sofascore
14053610,1028070,Lasse Selvåg Nordås,,52,8.8,46.0,0.6133,goal,left-foot,assisted,sofascore
14053610,235538,Younes Namli,,49,23.0,61.3,0.0289,block,left-foot,assisted,sofascore
14053610,1028070,Lasse Selvåg Nordås,,45,28.7,36.0,0.0183,block,left-foot,assisted,sofascore
14053610,876233,Thijs Oosting,,38,25.0,54.8,0.0261,save,left-foot,assisted,sofascore
14053610,1014408,Maxence Rivera,,30,26.3,51.8,0.038,goal,right-foot,assisted,sofascore
14053610,1142572,Tristan Gooijer,,16,6.7,69.4,0.0364,goal,right-foot,assisted,sofascore
14053610,996986,Luca Oyen,,15,13.2,40.1,0.1656,save,left-foot,assisted,sofascore
14053610,235538,Younes Namli,,13,1.6,44.9,0.5432,goal,left-foot,assisted,sofascore
14053610,333571,Ryan Thomas,,12,22.5,54.8,0.0243,miss,left-foot,corner,sofascore
14053610,235538,Younes Namli,,12,16.9,55.0,0.0943,block,left-foot,assisted,sofascore
14053610,966655,Shola Shoretire,,3,14.4,44.2,0.0826,miss,left-foot,assisted,sofascore
14053610,876233,Thijs Oosting,,1,9.7,50.9,0.0901,save,head,assisted,sofascore
14053611,318745,Oskar Zawada,,90,8.2,53.2,0.0665,miss,head,corner,sofascore
14053611,1413536,Thom van Bergen,,90,7.3,54.0,0.2491,miss,head,assisted,sofascore
14053611,318745,Oskar Zawada,,90,8.0,52.3,0.1028,block,head,regular,sofascore
14053611,163541,Mats Seuntjens,,90,25.1,44.6,0.0257,save,right-foot,regular,sofascore
14053611,1090328,Stije Resink,,90,22.2,48.4,0.0622,save,right-foot,assisted,sofascore
14053611,1413536,Thom van Bergen,,90,7.1,50.3,0.1411,goal,head,assisted,sofascore
14053611,827103,Marco Rente,,90,9.1,55.4,0.0568,save,head,assisted,sofascore
14053611,1090328,Stije Resink,,88,27.3,35.2,0.0214,block,right-foot,assisted,sofascore
14053611,1090328,Stije Resink,,87,24.4,51.7,0.0431,post,right-foot,assisted,sofascore
14053611,1441117,Tygo Land,,87,11.2,55.3,0.2046,block,right-foot,assisted,sofascore
14053611,1121401,Thijmen Blokzijl,,86,20.7,67.5,0.0175,block,right-foot,assisted,sofascore
14053611,907520,Brynjólfur Darri Willumsson,,84,8.9,54.5,0.1194,block,right-foot,assisted,sofascore
14053611,1413536,Thom van Bergen,,84,10.5,55.0,0.0364,block,head,assisted,sofascore
14053611,1090328,Stije Resink,,82,24.4,40.5,0.0195,miss,right-foot,regular,sofascore
14053611,1424404,Jorg Schreuders,,81,20.6,66.9,0.0211,block,right-foot,corner,sofascore
14053611,1470010,Dies Janse,,81,5.5,57.0,0.0713,block,head,corner,sofascore
14053611,1470010,Dies Janse,,81,27.2,50.0,0.0277,block,left-foot,assisted,sofascore
14053611,1090328,Stije Resink,,75,27.5,41.1,0.0261,block,right-foot,assisted,sofascore
14053611,876233,Thijs Oosting,,71,28.4,39.7,0.0337,save,left-foot,free-kick,sofascore
14053611,1090328,Stije Resink,,69,26.3,49.7,0.0182,block,right-foot,regular,sofascore
14053611,1413536,Thom van Bergen,,69,15.9,40.0,0.0352,block,left-foot,assisted,sofascore
14053611,1424404,Jorg Schreuders,,64,15.6,41.5,0.0817,save,right-foot,assisted,sofascore
14053611,876233,Thijs Oosting,,63,15.6,63.6,0.0409,miss,right-foot,assisted,sofascore
14053611,1470010,Dies Janse,,62,16.0,51.0,0.0683,block,left-foot,set-piece,sofascore
14053611,1413536,Thom van Bergen,,62,2.9,63.4,0.0197,save,right-foot,set-piece,sofascore
14053611,803021,Sherel Constancio Floranus,,59,8.8,39.3,0.1932,goal,right-foot,assisted,sofascore
14053611,847073,Koen Kostons,,58,10.5,68.5,0.0265,miss,right-foot,assisted,sofascore
14053611,1878212,David van der Werff,,57,18.7,28.0,0.0073,block,right-foot,corner,sofascore
14053611,1121402,Tika de Jonge,,55,26.8,55.4,0.0366,save,left-foot,regular,sofascore
14053611,1146623,Younes Taha,,55,23.5,75.6,0.0199,save,left-foot,assisted,sofascore
14053611,1413536,Thom van Bergen,,44,8.8,42.4,0.0216,miss,head,corner,sofascore
14053611,1146623,Younes Taha,,44,22.3,69.9,0.0495,save,left-foot,free-kick,sofascore
14053611,1413536,Thom van Bergen,,37,21.3,44.8,0.0572,goal,left-foot,assisted,sofascore
14053611,1413536,Thom van Bergen,,35,12.5,46.4,0.0932,miss,right-foot,corner,sofascore
14053611,827103,Marco Rente,,30,7.9,55.3,0.0736,miss,head,set-piece,sofascore
14053611,1146623,Younes Taha,,30,15.6,49.3,0.037,save,left-foot,set-piece,sofascore
14053611,1090328,Stije Resink,,27,25.6,47.0,0.0184,miss,right-foot,regular,sofascore
14053611,1146623,Younes Taha,,17,24.4,55.4,0.0267,block,left-foot,assisted,sofascore
14053611,1424404,Jorg Schreuders,,12,20.4,23.5,0.0161,save,right-foot,assisted,sofascore
14053611,876233,Thijs Oosting,,11,7.9,46.4,0.4738,goal,left-foot,assisted,sofascore
14053611,1413536,Thom van Bergen,,8,4.0,45.0,0.1574,miss,head,corner,sofascore
14053611,1146623,Younes Taha,,7,9.4,58.3,0.0932,block,right-foot,regular,sofascore
14053611,1878212,David van der Werff,,7,4.6,65.5,0.3074,save,right-foot,assisted,sofascore
14053611,1146623,Younes Taha,,1,28.4,48.8,0.0358,post,left-foot,free-kick,sofascore
14053612,1199214,Milan Smit,,90,19.1,45.4,0.0339,miss,right-foot,throw-in-set-piece,sofascore
14053612,793742,Joris Kramer,,90,7.9,54.2,0.0699,save,head,corner,sofascore
14053612,841420,Victor Edvardsen,,90,22.8,39.7,0.0306,block,right-foot,regular,sofascore
14053612,2180363,Yassir Rahmouni,,90,21.5,60.9,0.037,miss,right-foot,regular,sofascore
14053612,1648756,Ayoub Oufkir,,90,21.3,38.9,0.0515,miss,left-foot,assisted,sofascore
14053612,796943,Tobias Lauritsen,,90,27.7,48.9,0.017,block,right-foot,regular,sofascore
14053612,966299,Teo Quintero,,86,5.1,53.2,0.4659,goal,right-foot,set-piece,sofascore
14053612,841420,Victor Edvardsen,,80,9.5,53.0,0.2066,miss,right-foot,assisted,sofascore
14053612,1029724,Jakob Breum,,75,14.8,44.7,0.0921,miss,right-foot,assisted,sofascore
14053612,1022552,Oskar Siira Sivertsen,,72,4.3,54.0,0.8086,miss,right-foot,assisted,sofascore
14053612,795135,Pelle Clement,,70,7.4,45.6,0.1082,miss,left-foot,corner,sofascore
14053612,1648756,Ayoub Oufkir,,70,13.5,67.1,0.0402,save,right-foot,assisted,sofascore
14053612,133168,Gerrit Nauber,,69,8.6,53.8,0.0814,miss,head,set-piece,sofascore
14053612,1046722,Dean James,,67,4.8,35.8,0.0821,save,left-foot,set-piece,sofascore
14053612,794013,Mats Deijl,,67,11.5,50.0,0.7884,save,right-foot,penalty,sofascore
14053612,796943,Tobias Lauritsen,,62,9.2,46.8,0.1965,goal,right-foot,assisted,sofascore
14053612,133168,Gerrit Nauber,,60,9.9,55.2,0.0301,miss,head,corner,sofascore
14053612,909960,Mathis Suray,,59,9.5,28.6,0.0254,block,right-foot,corner,sofascore
14053612,793742,Joris Kramer,,59,8.0,50.3,0.1121,save,head,corner,sofascore
14053612,973716,Richonell Margaret,,59,14.4,64.6,0.0489,miss,right-foot,corner,sofascore
14053612,99960,Jens Toornstra,,55,11.3,54.8,0.1962,block,left-foot,assisted,sofascore
14053612,827662,Mitchell Van Bergen,,53,11.8,63.0,0.0836,miss,left-foot,assisted,sofascore
14053612,827662,Mitchell Van Bergen,,42,17.9,47.7,0.1074,miss,left-foot,assisted,sofascore
14053612,932555,Evert Linthorst,,39,26.8,53.2,0.0186,block,right-foot,corner,sofascore
14053612,795135,Pelle Clement,,36,15.7,51.3,0.0987,goal,right-foot,assisted,sofascore
14053612,794013,Mats Deijl,,30,8.5,63.0,0.0169,miss,head,corner,sofascore
14053612,909960,Mathis Suray,,22,28.2,31.1,0.0167,save,right-foot,assisted,sofascore
14053612,796943,Tobias Lauritsen,,22,15.0,53.0,0.0959,miss,right-foot,assisted,sofascore
14053612,932555,Evert Linthorst,,20,10.4,53.8,0.1222,save,head,throw-in-set-piece,sofascore
14053612,1032926,Sayfallah Ltaief,,6,7.4,31.9,0.0524,miss,right-foot,assisted,sofascore
14053612,1046722,Dean James,,5,10.2,34.4,0.0471,miss,left-foot,assisted,sofascore
14053612,827662,Mitchell Van Bergen,,1,10.2,64.2,0.1971,save,right-foot,fast-break,sofascore
14053613,855847,Kaj Sierhuis,,90,12.0,65.4,0.0361,block,left-foot,regular,sofascore
14053613,1048011,Édouard Michut,,83,11.9,68.1,0.0386,block,right-foot,assisted,sofascore
14053613,1010846,Yassin Oukili,,81,16.0,30.7,0.0191,save,left-foot,regular,sofascore
14053613,1048011,Édouard Michut,,81,22.8,37.6,0.0263,block,right-foot,regular,sofascore
14053613,1048487,Noah Naujoks,,78,11.7,51.7,0.2211,goal,left-foot,assisted,sofascore
14053613,1048487,Noah Naujoks,,77,16.6,64.4,0.0204,miss,right-foot,assisted,sofascore
14053613,1048487,Noah Naujoks,,76,8.2,43.4,0.0802,miss,head,assisted,sofascore
14053613,366942,Kristoffer Peterson,,74,13.8,48.1,0.0765,miss,right-foot,assisted,sofascore
14053613,1048487,Noah Naujoks,,71,6.4,56.8,0.0792,miss,head,assisted,sofascore
14053613,855847,Kaj Sierhuis,,58,1.7,55.6,0.2013,goal,head,corner,sofascore
14053613,1126595,Lennard Hartjes,,53,3.9,50.3,0.319,save,right-foot,assisted,sofascore
14053613,1048487,Noah Naujoks,,53,7.4,55.8,0.1012,miss,right-foot,regular,sofascore
14053613,929633,Mohamed Ihattaren,,46,20.7,63.8,0.0322,save,left-foot,assisted,sofascore
14053613,366942,Kristoffer Peterson,,46,8.9,46.0,0.4794,save,right-foot,assisted,sofascore
14053613,929633,Mohamed Ihattaren,,45,11.5,50.0,0.7884,goal,left-foot,penalty,sofascore
14053613,591044,Dimitris Limnios,,45,8.3,41.8,0.0865,block,right-foot,assisted,sofascore
14053613,946950,Simon Janssen,,43,20.9,68.1,0.0211,save,left-foot,assisted,sofascore
14053613,855847,Kaj Sierhuis,,37,15.1,55.0,0.0374,miss,head,assisted,sofascore
14053613,855847,Kaj Sierhuis,,28,15.3,46.0,0.0499,miss,left-foot,corner,sofascore
14053613,1046142,Derensili Sanches Fernandes,,26,8.8,65.8,0.0866,block,right-foot,fast-break,sofascore
14053613,1046142,Derensili Sanches Fernandes,,19,3.2,64.6,0.1192,post,left-foot,assisted,sofascore
14053613,946505,Lance Duijvestijn,,17,25.4,57.5,0.0359,miss,right-foot,assisted,sofascore
14053613,1126966,Gyan de Regt,,8,14.3,36.9,0.0982,save,right-foot,assisted,sofascore
14053613,1048758,Jasper Dahlhaus,,6,10.2,35.2,0.0507,miss,left-foot,assisted,sofascore
14053613,929633,Mohamed Ihattaren,,4,18.0,57.3,0.0733,save,left-foot,assisted,sofascore
14053613,1048758,Jasper Dahlhaus,,3,14.5,30.3,0.0438,miss,left-foot,assisted,sofascore
14053614,1118181,Lequincio Zeefuik,,90,8.0,51.6,0.207,miss,head,assisted,sofascore
14053614,983068,Václav Sejk,,90,28.7,43.4,0.0217,save,right-foot,regular,sofascore
14053614,983068,Václav Sejk,,89,6.3,40.3,0.0349,miss,head,corner,sofascore
14053614,1562510,Wassim Bouziane,,87,14.7,29.2,0.0402,save,right-foot,fast-break,sofascore
14053614,794014,Luuk Brouwers,,79,22.7,51.6,0.0277,goal,right-foot,assisted,sofascore
14053614,966555,Troy Parrott,,75,12.5,53.8,0.0959,goal,right-foot,assisted,sofascore
14053614,1014408,Maxence Rivera,,73,25.3,33.8,0.0254,miss,right-foot,assisted,sofascore
14053614,1015627,Jacob Trenskow,,72,20.6,49.1,0.0342,block,left-foot,assisted,sofascore
14053614,1015627,Jacob Trenskow,,69,5.1,67.5,0.0903,save,right-foot,assisted,sofascore
14053614,992018,Ringo Meerveld,,67,10.5,43.2,0.29,post,right-foot,assisted,sofascore
14053614,1405756,Kees Smit,,64,26.2,32.3,0.0074,miss,right-foot,corner,sofascore
14053614,1405756,Kees Smit,,64,11.0,38.0,0.1065,block,right-foot,assisted,sofascore
14053614,825843,Dylan Vente,,62,9.8,47.7,0.0979,save,head,assisted,sofascore
14053614,1064426,Vasilios Zagaritis,,59,4.3,30.5,0.0196,block,left-foot,assisted,sofascore
14053614,138842,Joris van Overeem,,59,12.2,59.8,0.0656,block,right-foot,assisted,sofascore
14053614,980671,Sven Mijnans,,45,9.7,44.2,0.0707,miss,head,assisted,sofascore
14053614,1015627,Jacob Trenskow,,44,16.6,66.4,0.0407,post,left-foot,assisted,sofascore
14053614,138842,Joris van Overeem,,40,9.4,53.0,0.4823,goal,right-foot,assisted,sofascore
14053614,825843,Dylan Vente,,38,8.2,57.5,0.5986,goal,right-foot,assisted,sofascore
14053614,1014408,Maxence Rivera,,36,21.7,46.3,0.0489,block,right-foot,assisted,sofascore
14053614,825843,Dylan Vente,,29,8.6,55.1,0.1581,block,right-foot,assisted,sofascore
14053614,966555,Troy Parrott,,23,14.1,54.3,0.601,save,right-foot,assisted,sofascore
14053614,992018,Ringo Meerveld,,14,9.8,43.6,0.649,miss,right-foot,fast-break,sofascore
14053614,905174,Ibrahim Sadiq,,13,27.1,31.0,0.0182,save,right-foot,assisted,sofascore
14053614,992018,Ringo Meerveld,,12,25.1,29.1,0.015,save,right-foot,assisted,sofascore
14053614,980671,Sven Mijnans,,9,11.9,25.9,0.0242,save,left-foot,assisted,sofascore
14053614,825843,Dylan Vente,,8,8.4,53.8,0.3002,miss,right-foot,fast-break,sofascore
14053614,992018,Ringo Meerveld,,5,9.1,42.1,0.0441,save,head,corner,sofascore
14053614,1132765,Maas Willemsen,,5,14.2,43.2,0.0622,save,left-foot,corner,sofascore
14053614,1015627,Jacob Trenskow,,2,16.0,70.6,0.0325,block,left-foot,assisted,sofascore
14053615,1184317,Yarek Gasiorowski,,89,8.8,55.4,0.0975,block,right-foot,corner,sofascore
14053615,986395,Ricardo Pepi,,88,11.2,64.2,0.0822,block,right-foot,assisted,sofascore
14053615,163541,Mats Seuntjens,,87,30.4,5.9,0.0261,goal,right-foot,free-kick,sofascore
14053615,1090328,Stije Resink,,84,24.0,49.9,0.0771,miss,right-foot,regular,sofascore
14053615,163541,Mats Seuntjens,,81,4.0,56.8,0.2478,save,right-foot,throw-in-set-piece,sofascore
14053615,907520,Brynjólfur Darri Willumsson,,81,11.4,41.4,0.1561,block,right-foot,throw-in-set-piece,sofascore
14053615,163541,Mats Seuntjens,,81,16.6,48.1,0.0508,block,right-foot,throw-in-set-piece,sofascore
14053615,318745,Oskar Zawada,,80,8.9,50.2,0.0592,block,head,corner,sofascore
14053615,318745,Oskar Zawada,,74,5.8,56.8,0.0774,miss,head,corner,sofascore
14053615,1413536,Thom van Bergen,,72,3.6,35.8,0.0899,block,left-foot,fast-break,sofascore
14053615,845798,Guus Til,,69,18.9,54.1,0.0624,miss,right-foot,regular,sofascore
14053615,906021,Sergiño Dest,,69,24.0,32.9,0.0192,block,right-foot,assisted,sofascore
14053615,1470010,Dies Janse,,68,9.8,49.7,0.0599,save,left-foot,corner,sofascore
14053615,1136110,Esmir Bajraktarević,,66,9.6,43.9,0.1424,goal,left-foot,regular,sofascore
14053615,1063767,Ismael Saibari,,66,18.7,47.9,0.0916,save,right-foot,assisted,sofascore
14053615,907520,Brynjólfur Darri Willumsson,,64,22.0,70.9,0.0299,save,right-foot,assisted,sofascore
14053615,1090328,Stije Resink,,63,21.8,50.7,0.0278,block,left-foot,throw-in-set-piece,sofascore
14053615,1413536,Thom van Bergen,,61,15.8,55.6,0.0488,block,right-foot,regular,sofascore
14053615,907520,Brynjólfur Darri Willumsson,,61,16.4,51.2,0.1117,block,right-foot,assisted,sofascore
14053615,1136110,Esmir Bajraktarević,,57,18.5,67.5,0.0369,save,left-foot,fast-break,sofascore
14053615,1146623,Younes Taha,,55,23.0,65.5,0.0227,save,left-foot,assisted,sofascore
14053615,1212550,Ruben van Bommel,,49,12.5,41.1,0.484,goal,right-foot,assisted,sofascore
14053615,1136110,Esmir Bajraktarević,,46,17.9,72.3,0.0269,goal,left-foot,assisted,sofascore
14053615,38710,Ivan Perišić,,45,9.5,26.0,0.0184,miss,left-foot,set-piece,sofascore
14053615,845798,Guus Til,,44,10.8,49.1,0.0422,miss,head,assisted,sofascore
14053615,907520,Brynjólfur Darri Willumsson,,39,13.4,37.5,0.1214,goal,right-foot,assisted,sofascore
14053615,1413536,Thom van Bergen,,37,14.1,62.4,0.0991,miss,left-foot,assisted,sofascore
14053615,845798,Guus Til,,32,3.1,55.7,0.6158,goal,right-foot,regular,sofascore
14053615,845798,Guus Til,,32,3.6,55.8,0.4077,post,right-foot,regular,sofascore
14053615,1212550,Ruben van Bommel,,32,16.6,25.8,0.0322,block,right-foot,assisted,sofascore
14053615,1046960,Ryan Flamingo,,28,4.8,38.3,0.0374,miss,head,corner,sofascore
14053615,1046960,Ryan Flamingo,,27,8.8,66.9,0.0221,block,right-foot,corner,sofascore
14053615,38710,Ivan Perišić,,27,8.9,35.4,0.0549,block,left-foot,assisted,sofascore
14053615,38710,Ivan Perišić,,22,18.3,54.6,0.067,miss,right-foot,assisted,sofascore
14053615,845798,Guus Til,,21,14.4,60.7,0.0445,block,right-foot,assisted,sofascore
14053615,812145,Dennis Man,,19,15.6,65.8,0.0458,save,left-foot,assisted,sofascore
14053615,38710,Ivan Perišić,,16,8.3,56.4,0.126,block,head,assisted,sofascore
14053615,38710,Ivan Perišić,,14,11.9,33.4,0.039,block,left-foot,corner,sofascore
14053615,1063767,Ismael Saibari,,10,12.9,56.1,0.1433,miss,left-foot,assisted,sofascore
14053615,1146623,Younes Taha,,4,46.4,65.8,0.0108,miss,left-foot,fast-break,sofascore
14053616,1413536,Thom van Bergen,,90,18.4,50.7,0.1292,miss,right-foot,assisted,sofascore
14053616,1413536,Thom van Bergen,,87,8.0,51.2,0.168,save,head,assisted,sofascore
14053616,1413536,Thom van Bergen,,85,9.5,56.2,0.0469,miss,head,assisted,sofascore
14053616,1387012,Mats Rots,,84,9.5,40.1,0.5072,save,left-foot,assisted,sofascore
14053616,1424404,Jorg Schreuders,,63,3.6,66.5,0.0588,miss,right-foot,assisted,sofascore
14053616,1387012,Mats Rots,,60,26.1,51.6,0.0203,block,left-foot,assisted,sofascore
14053616,1146623,Younes Taha,,59,26.7,49.5,0.0314,save,left-foot,assisted,sofascore
14053616,1146623,Younes Taha,,50,24.0,59.1,0.0189,miss,left-foot,regular,sofascore
14053616,1160026,Kristian Hlynsson,,48,15.1,34.2,0.2976,goal,left-foot,fast-break,sofascore
14053616,946506,Bart van Rooij,,41,22.8,62.0,0.0325,save,left-foot,assisted,sofascore
14053616,1048430,Daan Rots,,39,15.0,73.8,0.2137,goal,right-foot,assisted,sofascore
14053616,1878212,David van der Werff,,37,18.9,47.7,0.0447,block,left-foot,regular,sofascore
14053616,76160,Marvin Peersman,,35,3.3,46.8,0.2302,goal,head,corner,sofascore
14053616,1878212,David van der Werff,,34,9.4,56.4,0.1097,block,left-foot,assisted,sofascore
14053616,1200962,Sondre Ørjasæter,,34,14.1,30.4,0.0226,block,right-foot,assisted,sofascore
14053616,1878212,David van der Werff,,31,25.0,46.8,0.0422,block,right-foot,assisted,sofascore
14053616,1090328,Stije Resink,,11,19.2,29.2,0.0487,miss,right-foot,free-kick,sofascore
14053617,998999,Luka Kulenović,,90,11.9,51.8,0.1403,goal,right-foot,assisted,sofascore
14053617,788284,Ajdin Hrustić,,90,17.8,48.5,0.0923,miss,right-foot,assisted,sofascore
14053617,918484,Ivan Mesík,,88,13.8,48.8,0.039,block,right-foot,corner,sofascore
14053617,914392,Jizz Hornkamp,,74,23.3,61.6,0.019,save,right-foot,regular,sofascore
14053617,1066450,Walid Ould-Chikh,,72,15.2,28.2,0.036,save,right-foot,fast-break,sofascore
14053617,998999,Luka Kulenović,,71,5.1,49.7,0.2417,save,other,set-piece,sofascore
14053617,793742,Joris Kramer,,68,30.9,45.9,0.0162,block,left-foot,assisted,sofascore
14053617,918484,Ivan Mesík,,65,9.4,52.0,0.2087,save,head,assisted,sofascore
14053617,914392,Jizz Hornkamp,,64,8.4,49.8,0.0878,block,head,assisted,sofascore
14053617,998999,Luka Kulenović,,61,11.4,51.7,0.1783,miss,right-foot,set-piece,sofascore
14053617,914392,Jizz Hornkamp,,54,3.1,51.0,0.4446,goal,right-foot,corner,sofascore
14053617,318575,Damon Mirani,,51,7.6,51.6,0.1161,goal,head,set-piece,sofascore
14053617,974203,Alec Van Hoorenbeeck,,45,3.9,54.6,0.2,miss,right-foot,set-piece,sofascore
14053617,788284,Ajdin Hrustić,,45,30.7,57.0,0.031,save,left-foot,free-kick,sofascore
14053617,127554,Mike te Wierik,,39,21.5,63.0,0.036,miss,right-foot,regular,sofascore
14053617,1199214,Milan Smit,,38,3.2,68.7,0.0238,goal,right-foot,assisted,sofascore
14053617,998999,Luka Kulenović,,35,7.7,73.0,0.0244,save,right-foot,regular,sofascore
14053617,914392,Jizz Hornkamp,,35,8.9,63.6,0.1205,save,right-foot,assisted,sofascore
14053617,909960,Mathis Suray,,34,9.3,43.7,0.513,goal,left-foot,regular,sofascore
14053617,909960,Mathis Suray,,25,25.5,43.3,0.0379,save,right-foot,assisted,sofascore
14053617,1066450,Walid Ould-Chikh,,25,28.2,59.2,0.0129,save,right-foot,set-piece,sofascore
14053617,127554,Mike te Wierik,,21,3.2,37.6,0.0364,miss,head,corner,sofascore
14053617,318575,Damon Mirani,,10,2.5,45.7,0.3328,goal,left-foot,corner,sofascore
14053617,998999,Luka Kulenović,,10,5.4,53.0,0.1453,miss,head,corner,sofascore
14053617,996988,Bryan Limbombe,,7,12.6,63.4,0.078,miss,right-foot,assisted,sofascore
14053617,1046722,Dean James,,7,5.0,43.2,0.2741,save,head,assisted,sofascore
14053617,788284,Ajdin Hrustić,,4,26.7,45.1,0.0139,block,left-foot,regular,sofascore
14053617,916947,Kenzo Goudmijn,,2,22.8,56.8,0.0366,block,right-foot,regular,sofascore
14053618,1137227,Milan Zonneveld,,90,3.0,67.2,0.0129,miss,right-foot,set-piece,sofascore
14053618,1137227,Milan Zonneveld,,90,7.7,65.3,0.0762,miss,right-foot,assisted,sofascore
14053618,1592152,Sebastiaan Hagedoorn,,90,15.7,53.1,0.0704,save,right-foot,regular,sofascore
14053618,1008697,Anthony Descotte,,88,11.9,34.8,0.103,block,left-foot,regular,sofascore
14053618,1008697,Anthony Descotte,,87,16.4,66.3,0.0246,save,left-foot,assisted,sofascore
14053618,1008697,Anthony Descotte,,82,15.6,35.2,0.0266,goal,right-foot,assisted,sofascore
14053618,1008697,Anthony Descotte,,81,19.1,60.8,0.0454,miss,right-foot,assisted,sofascore
14053618,1469336,Tyrese Noslin,,80,23.7,76.1,0.0183,block,left-foot,assisted,sofascore
14053618,1469336,Tyrese Noslin,,76,3.9,69.1,0.0188,save,right-foot,assisted,sofascore
14053618,1049063,Joel Ideho,,75,19.1,27.8,0.0197,block,right-foot,assisted,sofascore
14053618,1084609,Tyrone Owusu,,69,21.5,30.2,0.0203,block,right-foot,assisted,sofascore
14053618,1008697,Anthony Descotte,,64,11.9,53.0,0.0998,goal,right-foot,assisted,sofascore
14053618,1548838,Soufiane Hetli,,61,11.9,63.8,0.0473,post,right-foot,regular,sofascore
14053618,996982,Yannick Leliendal,,61,22.1,37.0,0.0185,block,left-foot,corner,sofascore
14053618,313264,Henk Veerman,,54,15.9,52.8,0.0603,save,left-foot,assisted,sofascore
14053618,974020,Xavier Mbuyamba,,53,13.7,50.6,0.0141,save,head,set-piece,sofascore
14053618,1066319,Patrick Brouwer,,46,15.2,48.2,0.0639,save,right-foot,regular,sofascore
14053618,1066319,Patrick Brouwer,,45,14.1,46.2,0.0397,goal,right-foot,corner,sofascore
14053618,1548838,Soufiane Hetli,,41,8.4,55.7,0.0898,goal,right-foot,assisted,sofascore
14053618,1066319,Patrick Brouwer,,36,5.4,42.5,0.5546,miss,right-foot,regular,sofascore
14053618,1469336,Tyrese Noslin,,36,9.6,54.3,0.1176,save,head,assisted,sofascore
14053618,1047396,Guus Offerhaus,,33,29.4,40.1,0.0183,miss,right-foot,assisted,sofascore
14053618,1548838,Soufiane Hetli,,27,4.3,36.4,0.2276,save,right-foot,assisted,sofascore
14053618,1469336,Tyrese Noslin,,24,19.8,57.9,0.089,save,right-foot,assisted,sofascore
14053618,252885,Brandley Kuwas,,24,25.9,44.4,0.0087,save,left-foot,corner,sofascore
14053618,1548838,Soufiane Hetli,,22,14.1,41.5,0.1592,miss,right-foot,assisted,sofascore
14053618,1084609,Tyrone Owusu,,17,8.9,58.9,0.1359,block,right-foot,assisted,sofascore
14053618,1066319,Patrick Brouwer,,16,6.7,67.5,0.083,save,right-foot,assisted,sofascore
14053619,2007289,Jelani Seedorf,,90,4.6,48.3,0.3427,save,left-foot,regular,sofascore
14053619,1469336,Tyrese Noslin,,90,8.5,54.4,0.1454,save,head,assisted,sofascore
14053619,302690,Danny Bakker,,90,22.2,54.2,0.1343,block,left-foot,free-kick,sofascore
14053619,1469336,Tyrese Noslin,,88,12.0,63.7,0.1745,miss,right-foot,fast-break,sofascore
14053619,957937,Casper Tengstedt,,78,1.3,30.6,0.0152,miss,right-foot,assisted,sofascore
14053619,1218066,Anis Hadj Moussa,,61,26.0,59.5,0.0389,miss,left-foot,corner,sofascore
14053619,1218066,Anis Hadj Moussa,,60,17.3,54.2,0.1457,block,left-foot,assisted,sofascore
14053619,985823,Ayase Ueda,,59,22.0,52.1,0.0861,save,right-foot,assisted,sofascore
14053619,794013,Mats Deijl,,56,26.5,46.2,0.0199,save,right-foot,regular,sofascore
14053619,886242,Jakub Moder,,55,10.6,41.5,0.1778,miss,right-foot,regular,sofascore
14053619,1157777,Jochem Ritmeester van de Kamp,,45,21.6,69.5,0.0414,save,right-foot,assisted,sofascore
14053619,889689,Hwang In-beom,,44,15.1,61.5,0.0407,miss,right-foot,assisted,sofascore
14053619,1121400,Luciano Valente,,43,22.5,51.7,0.0913,save,right-foot,assisted,sofascore
14053619,1218066,Anis Hadj Moussa,,39,9.7,47.4,0.1876,goal,left-foot,assisted,sofascore
14053619,987077,Nökkvi Þórisson,,38,14.5,41.3,0.4213,save,right-foot,fast-break,sofascore
14053619,987077,Nökkvi Þórisson,,36,15.0,32.0,0.053,save,right-foot,assisted,sofascore
14053619,985823,Ayase Ueda,,35,8.9,50.3,0.0762,miss,head,assisted,sofascore
14053619,985823,Ayase Ueda,,33,11.4,43.0,0.2864,save,right-foot,regular,sofascore
14053619,1218066,Anis Hadj Moussa,,30,7.3,66.7,0.0695,goal,left-foot,assisted,sofascore
14053619,985823,Ayase Ueda,,20,9.8,44.0,0.2986,miss,left-foot,fast-break,sofascore
14053619,1157777,Jochem Ritmeester van de Kamp,,14,18.2,50.0,0.0923,goal,right-foot,assisted,sofascore
14053619,886242,Jakub Moder,,12,19.3,53.5,0.0422,block,right-foot,assisted,sofascore
14053619,1144138,Jordan Bos,,12,12.5,32.7,0.079,block,left-foot,assisted,sofascore
14053619,1144138,Jordan Bos,,11,12.5,32.5,0.081,save,right-foot,regular,sofascore
14053619,825899,Anel Ahmedhodžić,,7,8.2,56.2,0.0351,save,head,corner,sofascore
14053619,942213,Tsuyoshi Watanabe,,7,4.9,46.8,0.1556,save,head,corner,sofascore
14053619,1121400,Luciano Valente,,7,6.7,47.1,0.277,save,right-foot,assisted,sofascore
14053620,1648751,Ayoni Santos,,90,12.3,40.3,0.2548,miss,right-foot,assisted,sofascore
14053620,796943,Tobias Lauritsen,,90,7.7,52.5,0.1054,miss,head,assisted,sofascore
14053620,929633,Mohamed Ihattaren,,79,21.4,29.1,0.0066,block,left-foot,assisted,sofascore
14053620,989586,Shawn Adewoye,,78,7.3,49.9,0.1345,save,right-foot,corner,sofascore
14053620,946505,Lance Duijvestijn,,74,24.3,32.7,0.0224,miss,right-foot,corner,sofascore
14053620,946505,Lance Duijvestijn,,72,13.3,59.2,0.1587,block,right-foot,fast-break,sofascore
14053620,929633,Mohamed Ihattaren,,59,28.2,62.7,0.0203,save,left-foot,assisted,sofascore
14053620,929633,Mohamed Ihattaren,,59,19.1,70.5,0.0308,block,left-foot,assisted,sofascore
14053620,1002479,Shunsuke Mito,,58,2.4,53.9,0.5311,save,head,corner,sofascore
14053620,855847,Kaj Sierhuis,,56,3.8,48.4,0.3584,goal,right-foot,corner,sofascore
14053620,591044,Dimitris Limnios,,56,12.5,62.5,0.0347,block,left-foot,corner,sofascore
14053620,855847,Kaj Sierhuis,,55,22.2,24.7,0.0144,save,right-foot,fast-break,sofascore
14053620,1002479,Shunsuke Mito,,51,22.3,36.3,0.0179,save,right-foot,regular,sofascore
14053620,796943,Tobias Lauritsen,,47,13.9,46.2,0.1671,miss,right-foot,assisted,sofascore
14053620,1002479,Shunsuke Mito,,44,12.9,57.7,0.0719,block,left-foot,assisted,sofascore
14053620,913584,Joshua Kitolano,,38,7.1,51.0,0.3547,goal,head,assisted,sofascore
14053620,1046143,Julian Baas,,34,29.2,48.8,0.012,block,right-foot,set-piece,sofascore
14053620,929633,Mohamed Ihattaren,,27,12.8,64.3,0.0708,miss,right-foot,assisted,sofascore
14053620,1648759,Marvin Young,,26,14.1,46.9,0.0117,save,head,corner,sofascore
14053620,116947,Bruno Martins Indi,,25,8.6,39.7,0.0312,block,left-foot,corner,sofascore
14053620,946505,Lance Duijvestijn,,25,12.5,63.4,0.1051,miss,right-foot,assisted,sofascore
14053620,929633,Mohamed Ihattaren,,22,10.9,70.8,0.0343,save,left-foot,assisted,sofascore
14053620,591044,Dimitris Limnios,,15,1.8,38.3,0.067,save,left-foot,assisted,sofascore
14053620,929633,Mohamed Ihattaren,,9,25.1,72.3,0.0199,save,left-foot,assisted,sofascore
14053620,855847,Kaj Sierhuis,,1,11.6,44.6,0.377,miss,left-foot,regular,sofascore
14053621,983068,Václav Sejk,,90,9.6,52.8,0.0628,goal,head,assisted,sofascore
14053621,138842,Joris van Overeem,,90,23.5,59.6,0.0283,miss,right-foot,assisted,sofascore
14053621,954317,Naci Ünüvar,,84,6.0,46.6,0.8291,goal,right-foot,throw-in-set-piece,sofascore
14053621,1160026,Kristian Hlynsson,,84,13.2,46.8,0.1287,save,right-foot,throw-in-set-piece,sofascore
14053621,339879,Bas Kuipers,,83,12.6,41.1,0.224,save,left-foot,assisted,sofascore
14053621,954317,Naci Ünüvar,,82,9.1,48.3,0.5611,miss,right-foot,assisted,sofascore
14053621,794014,Luuk Brouwers,,79,10.3,47.8,0.0409,block,head,set-piece,sofascore
14053621,847072,Sam Kersten,,74,9.4,48.5,0.0651,block,right-foot,corner,sofascore
14053621,1015627,Jacob Trenskow,,73,12.3,65.4,0.0419,block,right-foot,corner,sofascore
14053621,1150061,Oliver Braude,,69,4.3,47.7,0.3707,miss,head,corner,sofascore
14053621,1015627,Jacob Trenskow,,69,24.3,73.6,0.0375,block,left-foot,free-kick,sofascore
14053621,794014,Luuk Brouwers,,68,16.7,52.6,0.0451,block,right-foot,regular,sofascore
14053621,992018,Ringo Meerveld,,67,22.2,51.5,0.0328,block,right-foot,corner,sofascore
14053621,825843,Dylan Vente,,64,7.1,52.7,0.2511,miss,head,assisted,sofascore
14053621,992018,Ringo Meerveld,,59,20.5,39.8,0.0425,block,right-foot,assisted,sofascore
14053621,794014,Luuk Brouwers,,57,3.9,45.0,0.2558,miss,head,assisted,sofascore
14053621,794014,Luuk Brouwers,,57,7.5,47.0,0.3722,block,right-foot,assisted,sofascore
14053621,1015627,Jacob Trenskow,,51,22.6,44.5,0.0366,block,left-foot,assisted,sofascore
14053621,992018,Ringo Meerveld,,42,17.2,27.8,0.015,save,right-foot,assisted,sofascore
14053621,1160026,Kristian Hlynsson,,17,9.9,66.2,0.0693,save,right-foot,assisted,sofascore
14053621,1048430,Daan Rots,,12,18.4,58.3,0.1312,goal,left-foot,assisted,sofascore
14053621,1627623,Marcus Linday,,12,19.7,49.3,0.0477,miss,right-foot,regular,sofascore
14053621,794014,Luuk Brouwers,,12,14.4,64.4,0.0705,miss,right-foot,assisted,sofascore
14053621,1160026,Kristian Hlynsson,,10,18.1,49.3,0.0855,miss,left-foot,regular,sofascore
14053621,906024,Taylor Booth,,10,20.0,35.6,0.0443,miss,left-foot,regular,sofascore
14053621,1048430,Daan Rots,,10,17.3,63.8,0.047,block,left-foot,assisted,sofascore
14053621,825843,Dylan Vente,,6,6.6,52.3,0.5782,save,right-foot,regular,sofascore
14053622,1050672,Casper Terho,,90,6.4,70.9,0.028,miss,left-foot,corner,sofascore
14053622,1137227,Milan Zonneveld,,90,11.0,53.4,0.0844,save,head,assisted,sofascore
14053622,966555,Troy Parrott,,90,10.1,42.5,0.5654,goal,left-foot,assisted,sofascore
14053622,1137227,Milan Zonneveld,,87,6.4,47.6,0.2696,goal,head,assisted,sofascore
14053622,1405756,Kees Smit,,83,12.3,47.7,0.1758,goal,right-foot,assisted,sofascore
14053622,1648756,Ayoub Oufkir,,77,19.5,63.1,0.0508,miss,left-foot,regular,sofascore
14053622,966299,Teo Quintero,,77,26.5,34.0,0.0219,block,right-foot,assisted,sofascore
14053622,1087931,Isak Steiner Jensen,,68,4.3,55.6,0.2031,block,right-foot,assisted,sofascore
14053622,980671,Sven Mijnans,,65,7.7,47.6,0.2431,goal,head,assisted,sofascore
14053622,796943,Tobias Lauritsen,,64,6.3,43.0,0.1365,miss,head,set-piece,sofascore
14053622,1638685,Mateo Chávez,,60,25.1,31.9,0.0252,miss,left-foot,assisted,sofascore
14053622,922018,Peer Koopmeiners,,54,24.0,51.1,0.0458,miss,right-foot,regular,sofascore
14053622,1087931,Isak Steiner Jensen,,54,12.3,39.5,0.0595,block,right-foot,regular,sofascore
14053622,1648756,Ayoub Oufkir,,54,19.8,58.2,0.0922,save,left-foot,assisted,sofascore
14053622,1960315,Lushendry Edward Martes,,50,11.3,59.5,0.0708,miss,right-foot,regular,sofascore
14053622,796943,Tobias Lauritsen,,46,5.2,40.4,0.0899,save,head,assisted,sofascore
14053622,1002479,Shunsuke Mito,,45,13.3,36.0,0.0358,block,right-foot,regular,sofascore
14053622,966555,Troy Parrott,,35,29.0,47.9,0.0211,miss,right-foot,assisted,sofascore
14053622,827662,Mitchell Van Bergen,,28,17.6,30.3,0.0433,miss,right-foot,assisted,sofascore
14053622,966555,Troy Parrott,,14,12.5,66.2,0.0285,save,right-foot,assisted,sofascore
14053622,1002479,Shunsuke Mito,,13,13.9,73.4,0.0407,block,right-foot,assisted,sofascore
14053622,116947,Bruno Martins Indi,,12,8.3,49.3,0.14,save,head,corner,sofascore
14053622,1002479,Shunsuke Mito,,8,10.5,30.7,0.0455,miss,right-foot,assisted,sofascore
14053624,1214695,Adrian Blake,,90,15.5,33.1,0.1296,save,left-foot,fast-break,sofascore
14053624,860158,Kay Tejan,,90,6.6,48.1,0.8341,save,left-foot,fast-break,sofascore
14053624,1214695,Adrian Blake,,90,24.8,36.0,0.0166,block,right-foot,corner,sofascore
14053624,934249,Can Bozdoğan,,90,29.5,47.6,0.02,goal,left-foot,assisted,sofascore
14053624,1402994,Emirhan Demircan,,90,18.7,66.0,0.0235,block,left-foot,assisted,sofascore
14053624,991679,Souffian El Karouani,,85,8.2,26.8,0.0295,miss,right-foot,regular,sofascore
14053624,1084609,Tyrone Owusu,,78,22.8,31.1,0.0205,miss,right-foot,assisted,sofascore
14053624,1214695,Adrian Blake,,75,9.5,36.6,0.0809,save,right-foot,assisted,sofascore
14053624,1084609,Tyrone Owusu,,67,25.4,52.6,0.0666,miss,right-foot,free-kick,sofascore
14053624,1066319,Patrick Brouwer,,65,18.8,51.9,0.0733,miss,right-foot,assisted,sofascore
14053624,1548838,Soufiane Hetli,,56,21.3,45.4,0.0927,goal,right-foot,assisted,sofascore
14053624,1014118,Miguel Rodríguez,,55,24.6,56.6,0.0257,block,left-foot,regular,sofascore
14053624,385300,Jeff Hardeveld,,53,25.4,33.3,0.0244,miss,right-foot,assisted,sofascore
14053624,1084609,Tyrone Owusu,,52,22.8,37.8,0.0259,miss,right-foot,assisted,sofascore
14053624,991679,Souffian El Karouani,,50,11.0,30.5,0.0234,block,right-foot,assisted,sofascore
14053624,1105700,Yoann Cathline,,49,6.6,34.6,0.0556,block,left-foot,assisted,sofascore
14053624,855854,Dani De Wit,,49,14.2,57.0,0.0602,block,right-foot,assisted,sofascore
14053624,1105700,Yoann Cathline,,48,16.1,33.6,0.0323,miss,right-foot,corner,sofascore
14053624,149731,Sébastien Haller,,48,8.7,43.1,0.0544,block,head,assisted,sofascore
14053624,1433802,Gjivai Zechiël,,46,25.1,43.1,0.0161,miss,right-foot,assisted,sofascore
14053624,855854,Dani De Wit,,44,5.2,43.0,0.1131,miss,head,throw-in-set-piece,sofascore
14053624,1105700,Yoann Cathline,,35,16.3,29.5,0.0485,miss,right-foot,assisted,sofascore
14053624,1548838,Soufiane Hetli,,27,19.2,45.0,0.1178,miss,right-foot,fast-break,sofascore
14053624,1150154,Nils Rossen,,16,9.7,66.4,0.091,miss,right-foot,assisted,sofascore
14053624,1105700,Yoann Cathline,,12,18.9,44.6,0.0371,block,right-foot,assisted,sofascore
14053624,1014118,Miguel Rodríguez,,9,15.7,47.4,0.106,block,left-foot,fast-break,sofascore
14053624,1047396,Guus Offerhaus,,7,22.9,42.5,0.0228,save,right-foot,assisted,sofascore
14053625,1064177,Ahmetcan Kaplan,,90,7.2,46.9,0.1024,save,head,corner,sofascore
14053625,1149146,Mika Godts,,89,10.3,64.8,0.2923,miss,right-foot,fast-break,sofascore
14053625,958317,Youssef el Kachati,,83,29.3,43.8,0.0211,save,right-foot,assisted,sofascore
14053625,35208,Tjaronn Chery,,68,32.2,35.4,0.0263,save,left-foot,assisted,sofascore
14053625,1394147,Sami Ouaissa,,60,25.2,59.1,0.0362,block,left-foot,assisted,sofascore
14053625,1394147,Sami Ouaissa,,59,5.4,61.8,0.0718,post,head,assisted,sofascore
14053625,35208,Tjaronn Chery,,59,20.3,29.4,0.0238,block,left-foot,assisted,sofascore
14053625,897603,Darko Nejašmić,,57,10.5,48.8,0.0985,goal,right-foot,corner,sofascore
14053625,897603,Darko Nejašmić,,57,10.2,49.5,0.0796,block,right-foot,corner,sofascore
14053625,35208,Tjaronn Chery,,56,30.4,69.1,0.0156,save,left-foot,assisted,sofascore
14053625,1214957,Noe Lebreton,,49,20.3,30.3,0.0336,save,right-foot,assisted,sofascore
14053625,1000228,Youri Baas,,48,8.6,41.5,0.0475,block,right-foot,corner,sofascore
14053625,1001945,Kian Fitz-Jim,,47,12.3,27.2,0.0557,save,left-foot,assisted,sofascore
14053625,897603,Darko Nejašmić,,45,17.5,44.8,0.2065,miss,right-foot,assisted,sofascore
14053625,1149146,Mika Godts,,45,22.9,53.8,0.0366,save,right-foot,assisted,sofascore
14053625,1859920,Sean Steur,,45,16.2,55.0,0.0943,block,left-foot,assisted,sofascore
14053625,1149146,Mika Godts,,39,2.7,43.2,0.2166,goal,right-foot,regular,sofascore
14053625,1149146,Mika Godts,,39,8.2,39.5,0.0877,block,right-foot,assisted,sofascore
14053625,1064177,Ahmetcan Kaplan,,35,8.3,45.2,0.0564,save,head,corner,sofascore
14053625,795761,Kasper Dolberg,,33,5.1,48.0,0.6749,miss,left-foot,assisted,sofascore
14053625,47753,Bryan Linssen,,32,18.9,51.1,0.1231,save,right-foot,regular,sofascore
14053625,1064177,Ahmetcan Kaplan,,29,6.2,44.4,0.0932,miss,head,corner,sofascore
14053625,127846,Eli Dasa,,22,19.4,72.2,0.0125,save,left-foot,assisted,sofascore
14053625,1394147,Sami Ouaissa,,11,8.3,57.0,0.0849,miss,left-foot,corner,sofascore
14053625,1214957,Noe Lebreton,,9,5.8,43.8,0.1295,miss,right-foot,assisted,sofascore
14053625,1001945,Kian Fitz-Jim,,2,14.9,53.4,0.2111,save,right-foot,fast-break,sofascore
14053626,991039,Adam Carlén,,90,15.3,48.7,0.0116,save,head,set-piece,sofascore
14053626,991679,Souffian El Karouani,,90,3.8,67.5,0.0674,miss,left-foot,corner,sofascore
14053626,1500752,Yoon Do-young,,89,25.9,57.7,0.0572,post,left-foot,free-kick,sofascore
14053626,1009285,Szymon Włodarczyk,,85,8.2,61.1,0.0707,block,left-foot,assisted,sofascore
14053626,1214695,Adrian Blake,,85,15.1,33.8,0.043,save,right-foot,assisted,sofascore
14053626,1500752,Yoon Do-young,,83,8.2,53.0,0.7448,goal,left-foot,regular,sofascore
14053626,1138450,Zach Booth,,82,28.1,44.4,0.0246,save,right-foot,assisted,sofascore
14053626,1048906,Rick Meissen,,77,18.8,50.3,0.0811,block,left-foot,assisted,sofascore
14053626,1214695,Adrian Blake,,73,4.5,34.0,0.0432,block,right-foot,assisted,sofascore
14053626,1014118,Miguel Rodríguez,,73,18.5,62.0,0.0502,save,left-foot,assisted,sofascore
14053626,856648,Victor Jensen,,67,13.9,44.8,0.2375,goal,left-foot,fast-break,sofascore
14053626,1031721,Casper Widell,,64,7.6,53.8,0.0905,miss,head,throw-in-set-piece,sofascore
14053626,856648,Victor Jensen,,58,5.7,39.9,0.5482,goal,left-foot,assisted,sofascore
14053626,1433802,Gjivai Zechiël,,52,26.2,44.8,0.0458,miss,right-foot,assisted,sofascore
14053626,1126966,Gyan de Regt,,51,9.7,29.9,0.0696,save,right-foot,assisted,sofascore
14053626,1384483,Irakli Yegoian,,48,18.9,36.3,0.0252,miss,right-foot,assisted,sofascore
14053626,966429,David Min,,45,7.0,46.0,0.3004,goal,left-foot,throw-in-set-piece,sofascore
14053626,1214695,Adrian Blake,,45,21.3,37.6,0.0449,save,left-foot,regular,sofascore
14053626,996992,Matisse Didden,,45,10.5,47.4,0.0513,save,right-foot,corner,sofascore
14053626,966429,David Min,,40,11.9,69.9,0.0752,save,right-foot,assisted,sofascore
14053626,1014118,Miguel Rodríguez,,31,5.4,62.6,0.0288,save,head,corner,sofascore
14053626,1014118,Miguel Rodríguez,,27,3.0,59.1,0.1194,goal,head,corner,sofascore
14053626,1384483,Irakli Yegoian,,24,19.2,60.1,0.0411,miss,left-foot,corner,sofascore
14053626,150494,Mike van Duinen,,24,8.8,53.4,0.069,block,right-foot,corner,sofascore
14053626,150494,Mike van Duinen,,19,17.5,52.7,0.0451,miss,left-foot,assisted,sofascore
14053626,1214695,Adrian Blake,,12,13.8,41.3,0.0283,block,right-foot,set-piece,sofascore
14053626,1014118,Miguel Rodríguez,,12,22.5,63.4,0.0108,block,left-foot,set-piece,sofascore
14053626,794990,Siebe Horemans,,12,11.0,54.6,0.0854,block,right-foot,set-piece,sofascore
14053627,804901,Sam Lammers,,90,12.8,50.9,0.3029,miss,left-foot,assisted,sofascore
14053627,156676,Robert Mühren,,86,4.9,53.0,0.3044,goal,head,assisted,sofascore
14053627,966546,Mathias Kjølø,,85,23.5,50.7,0.0364,save,left-foot,assisted,sofascore
14053627,1100399,Ozan Kökçü,,79,22.0,42.6,0.0354,block,right-foot,set-piece,sofascore
14053627,1100399,Ozan Kökçü,,79,24.6,44.5,0.0732,block,right-foot,free-kick,sofascore
14053627,1200962,Sondre Ørjasæter,,77,11.5,30.4,0.0695,miss,right-foot,assisted,sofascore
14053627,945233,Thomas Van den Belt,,71,16.9,50.9,0.125,save,right-foot,assisted,sofascore
14053627,313264,Henk Veerman,,60,11.7,44.2,0.0937,save,left-foot,assisted,sofascore
14053627,996982,Yannick Leliendal,,59,23.3,64.4,0.0277,save,left-foot,corner,sofascore
14053627,1095406,Aurelio Oehlers,,59,11.4,32.1,0.0317,block,right-foot,assisted,sofascore
14053627,945233,Thomas Van den Belt,,58,13.0,35.6,0.1137,miss,right-foot,assisted,sofascore
14053627,989882,Ramiz Zerrouki,,51,21.2,66.0,0.0233,save,right-foot,corner,sofascore
14053627,1048430,Daan Rots,,46,12.8,46.4,0.3518,goal,left-foot,assisted,sofascore
14053627,1200962,Sondre Ørjasæter,,42,25.0,46.0,0.0337,miss,right-foot,corner,sofascore
14053627,945233,Thomas Van den Belt,,37,14.2,58.1,0.1825,miss,right-foot,assisted,sofascore
14053627,1200962,Sondre Ørjasæter,,35,17.8,36.0,0.0375,miss,right-foot,assisted,sofascore
14053627,190435,Marko Pjaca,,32,7.4,61.7,0.4119,save,right-foot,assisted,sofascore
14053627,1048430,Daan Rots,,24,7.9,49.1,0.302,save,head,assisted,sofascore
14053627,1095753,Gibson Yah,,21,27.1,47.4,0.0345,save,right-foot,assisted,sofascore
14053627,1200962,Sondre Ørjasæter,,18,16.3,50.7,0.4396,post,right-foot,regular,sofascore
14053627,1511723,Nordin Bukala,,17,9.4,48.8,0.1208,miss,right-foot,assisted,sofascore
14053627,313264,Henk Veerman,,17,5.0,50.2,0.534,post,head,assisted,sofascore
14053627,1523582,Nick Verschuren,,16,32.5,37.8,0.0243,miss,right-foot,fast-break,sofascore
14053627,252885,Brandley Kuwas,,12,14.1,59.7,0.1104,miss,left-foot,assisted,sofascore
14053627,1200962,Sondre Ørjasæter,,12,12.6,40.0,0.0578,block,right-foot,assisted,sofascore
14053627,190435,Marko Pjaca,,6,12.9,75.1,0.0327,miss,right-foot,assisted,sofascore
14053627,1200962,Sondre Ørjasæter,,6,24.5,50.9,0.0221,block,right-foot,assisted,sofascore
14053627,1048430,Daan Rots,,4,26.5,49.3,0.0342,miss,left-foot,assisted,sofascore
14053627,1387012,Mats Rots,,4,16.0,42.1,0.0369,block,left-foot,throw-in-set-piece,sofascore
14053628,1022552,Oskar Siira Sivertsen,,90,23.2,31.3,0.0211,miss,right-foot,throw-in-set-piece,sofascore
14053628,954317,Naci Ünüvar,,86,18.8,48.3,0.0356,block,right-foot,assisted,sofascore
14053628,788284,Ajdin Hrustić,,82,23.3,66.1,0.0213,miss,left-foot,assisted,sofascore
14053628,916947,Kenzo Goudmijn,,79,27.7,41.5,0.0254,save,right-foot,assisted,sofascore
14053628,788284,Ajdin Hrustić,,77,21.0,40.7,0.048,miss,left-foot,assisted,sofascore
14053628,980742,Erik Ahlstrand,,73,21.6,33.6,0.0461,save,left-foot,fast-break,sofascore
14053628,1029724,Jakob Breum,,67,11.7,44.8,0.0861,goal,right-foot,assisted,sofascore
14053628,909960,Mathis Suray,,67,10.9,59.1,0.0836,miss,right-foot,assisted,sofascore
14053628,907517,Stefán Ingi Sigurðarson,,66,9.5,52.2,0.0589,save,head,assisted,sofascore
14053628,909960,Mathis Suray,,63,10.4,67.5,0.7667,goal,right-foot,fast-break,sofascore
14053628,1066450,Walid Ould-Chikh,,55,22.9,29.1,0.028,miss,right-foot,assisted,sofascore
14053628,891795,Melle Meulensteen,,52,2.1,50.5,0.9867,goal,right-foot,set-piece,sofascore
14053628,998999,Luka Kulenović,,50,22.3,46.2,0.0679,miss,right-foot,assisted,sofascore
14053628,973716,Richonell Margaret,,47,8.6,35.8,0.186,block,left-foot,fast-break,sofascore
14053628,1118181,Lequincio Zeefuik,,45,5.4,51.7,0.3327,miss,head,corner,sofascore
14053628,1118181,Lequincio Zeefuik,,44,7.1,56.0,0.1171,save,head,assisted,sofascore
14053628,987647,Søren Tengstedt,,30,9.0,45.7,0.2762,goal,left-foot,assisted,sofascore
14053628,1118181,Lequincio Zeefuik,,27,6.7,59.6,0.0832,miss,right-foot,assisted,sofascore
14053628,973716,Richonell Margaret,,16,23.5,37.9,0.0106,miss,right-foot,corner,sofascore
14053628,793742,Joris Kramer,,14,7.7,32.1,0.021,miss,left-foot,set-piece,sofascore
14053628,909960,Mathis Suray,,10,9.9,45.4,0.1405,post,left-foot,assisted,sofascore
14053629,1388442,Dion Versluis,,90,15.7,70.7,0.0296,miss,right-foot,assisted,sofascore
14053629,1083398,Raul Paula,,90,13.6,42.3,0.065,block,left-foot,assisted,sofascore
14053629,1193676,Başar Önal,,83,2.4,43.6,0.1848,save,left-foot,assisted,sofascore
14053629,385708,Vito van Crooij,,81,4.5,41.6,0.1767,miss,left-foot,regular,sofascore
14053629,385708,Vito van Crooij,,81,7.7,41.2,0.0765,block,right-foot,regular,sofascore
14053629,571964,Enes Mahmutović,,80,19.8,38.6,0.0456,miss,right-foot,throw-in-set-piece,sofascore
14053629,385708,Vito van Crooij,,78,4.2,48.2,0.8453,goal,left-foot,assisted,sofascore
14053629,1096511,Maximilien Balard,,68,15.6,64.4,0.0622,miss,right-foot,assisted,sofascore
14053629,35208,Tjaronn Chery,,58,27.4,36.6,0.0339,save,left-foot,free-kick,sofascore
14053629,35208,Tjaronn Chery,,53,15.4,48.9,0.1409,block,right-foot,assisted,sofascore
14053629,1394147,Sami Ouaissa,,53,18.1,71.4,0.0151,miss,left-foot,assisted,sofascore
14053629,1193676,Başar Önal,,47,3.3,32.7,0.0529,goal,right-foot,assisted,sofascore
14053629,35208,Tjaronn Chery,,45,23.8,72.4,0.0405,save,left-foot,free-kick,sofascore
14053629,1193676,Başar Önal,,39,23.3,30.0,0.0172,save,right-foot,assisted,sofascore
14053629,831860,Koki Ogawa,,37,8.9,48.5,0.1078,miss,head,assisted,sofascore
14053629,1135884,Lewis Holtby,,35,19.1,49.5,0.0834,save,left-foot,assisted,sofascore
14053629,1149147,Juho Talvitie,,32,17.8,56.7,0.141,miss,left-foot,assisted,sofascore
14053629,47753,Bryan Linssen,,30,6.5,50.3,0.5794,miss,left-foot,assisted,sofascore
14053629,1193676,Başar Önal,,27,6.6,43.2,0.0718,miss,head,assisted,sofascore
14053629,831860,Koki Ogawa,,25,6.1,46.4,0.2924,save,head,assisted,sofascore
14053629,47753,Bryan Linssen,,23,4.6,50.1,0.6253,miss,right-foot,set-piece,sofascore
14053629,35208,Tjaronn Chery,,12,26.6,64.2,0.0252,save,left-foot,assisted,sofascore
14053629,831860,Koki Ogawa,,10,7.3,50.9,0.1206,save,head,assisted,sofascore
14053629,35208,Tjaronn Chery,,8,11.5,50.0,0.7884,goal,left-foot,penalty,sofascore
14053629,858242,Boy Kemper,,2,11.1,43.6,0.0233,save,head,set-piece,sofascore
14053630,1892604,Daan Van Reeuwijk,,90,9.5,43.6,0.0653,block,right-foot,set-piece,sofascore
14053630,1088895,Mohamed Nassoh,,90,13.8,47.9,0.0317,block,left-foot,set-piece,sofascore
14053630,858242,Boy Kemper,,90,4.2,56.7,0.1259,block,head,set-piece,sofascore
14053630,1892604,Daan Van Reeuwijk,,86,13.6,58.1,0.0628,miss,right-foot,throw-in-set-piece,sofascore
14053630,961684,Anass Salah-Eddine,,84,25.3,34.3,0.0249,miss,left-foot,assisted,sofascore
14053630,1047395,Couhaib Driouech,,83,8.5,35.2,0.0841,miss,left-foot,fast-break,sofascore
14053630,844234,Jerdy Schouten,,77,11.1,52.7,0.0479,save,head,corner,sofascore
14053630,986395,Ricardo Pepi,,76,9.3,44.6,0.1105,save,head,assisted,sofascore
14053630,1088895,Mohamed Nassoh,,74,22.1,26.5,0.0304,miss,right-foot,fast-break,sofascore
14053630,990814,Charles-Andreas Brym,,71,9.9,35.6,0.3031,save,left-foot,assisted,sofascore
14053630,858242,Boy Kemper,,70,7.5,37.0,0.021,miss,head,corner,sofascore
14053630,990814,Charles-Andreas Brym,,70,23.2,36.4,0.0182,miss,right-foot,corner,sofascore
14053630,943595,Sydney van Hooijdonk,,61,9.1,46.1,0.0803,miss,head,set-piece,sofascore
14053630,1088895,Mohamed Nassoh,,59,13.3,50.9,0.1914,save,right-foot,assisted,sofascore
14053630,38710,Ivan Perišić,,39,9.8,43.8,0.0555,miss,head,set-piece,sofascore
14053630,845798,Guus Til,,36,8.1,56.3,0.0669,goal,head,assisted,sofascore
14053630,845798,Guus Til,,35,15.3,60.7,0.0849,save,right-foot,assisted,sofascore
14053630,1063767,Ismael Saibari,,32,3.9,31.5,0.008,block,left-foot,corner,sofascore
14053630,990814,Charles-Andreas Brym,,29,27.6,49.1,0.0153,miss,right-foot,assisted,sofascore
14053630,845798,Guus Til,,27,8.0,46.3,0.0935,miss,head,assisted,sofascore
14053630,990814,Charles-Andreas Brym,,24,20.2,42.0,0.0566,miss,right-foot,corner,sofascore
14053630,1088895,Mohamed Nassoh,,23,13.9,53.8,0.0506,save,right-foot,throw-in-set-piece,sofascore
14053630,990814,Charles-Andreas Brym,,14,7.3,47.0,0.1116,miss,head,assisted,sofascore
14053630,226762,Fredrik Jensen,,9,10.3,52.6,0.0296,miss,head,corner,sofascore
14053630,1515525,Cherrion Valerius,,5,17.8,58.9,0.0778,miss,right-foot,throw-in-set-piece,sofascore
14053631,2197943,Pepijn Reulen,,87,10.1,65.8,0.1519,goal,right-foot,fast-break,sofascore
14053631,788971,Juninho Bacuna,,83,15.4,49.9,0.023,miss,head,set-piece,sofascore
14053631,27035,André Ayew,,80,9.4,30.5,0.1159,miss,left-foot,assisted,sofascore
14053631,1515525,Cherrion Valerius,,79,14.5,55.8,0.1349,miss,left-foot,regular,sofascore
14053631,27035,André Ayew,,72,12.2,53.6,0.2068,block,left-foot,assisted,sofascore
14053631,1088895,Mohamed Nassoh,,71,19.8,50.3,0.1162,save,right-foot,assisted,sofascore
14053631,1520752,Benjamin Pauwels,,69,24.0,29.7,0.0168,miss,right-foot,assisted,sofascore
14053631,1146002,Dave Kwakman,,69,26.5,42.5,0.0191,block,left-foot,regular,sofascore
14053631,1520752,Benjamin Pauwels,,69,17.5,32.5,0.0706,block,right-foot,assisted,sofascore
14053631,990814,Charles-Andreas Brym,,65,21.8,67.7,0.0445,miss,left-foot,assisted,sofascore
14053631,1523582,Nick Verschuren,,60,7.7,47.9,0.0869,miss,head,corner,sofascore
14053631,336811,Clint Leemans,,54,30.6,60.1,0.0274,block,left-foot,free-kick,sofascore
14053631,1135884,Lewis Holtby,,53,6.0,38.3,0.2502,miss,left-foot,assisted,sofascore
14053631,1520752,Benjamin Pauwels,,52,10.1,34.6,0.1422,save,left-foot,fast-break,sofascore
14053631,1520752,Benjamin Pauwels,,50,10.8,33.0,0.0679,block,right-foot,assisted,sofascore
14053631,1175856,Amine Salama,,50,12.0,78.1,0.02,miss,right-foot,assisted,sofascore
14053631,336811,Clint Leemans,,48,22.3,46.4,0.0373,miss,right-foot,assisted,sofascore
14053631,58994,Denis Odoi,,41,15.0,59.5,0.0471,miss,left-foot,corner,sofascore
14053631,858242,Boy Kemper,,40,3.4,32.7,0.0946,save,left-foot,assisted,sofascore
14053631,1135884,Lewis Holtby,,33,14.7,60.3,0.0428,miss,left-foot,regular,sofascore
14053631,1175856,Amine Salama,,31,28.1,30.9,0.0173,miss,right-foot,assisted,sofascore
14053631,1135884,Lewis Holtby,,24,8.8,51.9,0.0772,miss,head,corner,sofascore
14053631,1520752,Benjamin Pauwels,,21,7.3,37.4,0.1175,miss,left-foot,assisted,sofascore
14053631,1135884,Lewis Holtby,,14,24.2,74.2,0.0202,block,left-foot,assisted,sofascore
14053631,990814,Charles-Andreas Brym,,2,27.1,43.8,0.0371,miss,right-foot,assisted,sofascore
14053632,878599,Oliver Valaker Edvardsen,,90,10.8,54.1,0.3247,save,right-foot,assisted,sofascore
14053632,97410,Davy Klaassen,,90,7.0,42.3,0.0424,miss,head,corner,sofascore
14053632,252215,Wout Weghorst,,87,12.0,57.3,0.1647,goal,right-foot,assisted,sofascore
14053632,878599,Oliver Valaker Edvardsen,,83,3.3,61.5,0.1589,miss,right-foot,regular,sofascore
14053632,252215,Wout Weghorst,,80,10.4,48.7,0.0442,block,head,assisted,sofascore
14053632,97410,Davy Klaassen,,72,14.8,47.8,0.1144,block,left-foot,assisted,sofascore
14053632,1001945,Kian Fitz-Jim,,66,16.6,53.2,0.0746,save,right-foot,assisted,sofascore
14053632,980383,Raúl Moro,,62,6.0,67.7,0.0845,save,right-foot,regular,sofascore
14053632,100386,Steven Berghuis,,62,18.2,48.5,0.081,save,left-foot,assisted,sofascore
14053632,252215,Wout Weghorst,,61,12.6,47.9,0.1404,block,right-foot,assisted,sofascore
14053632,1000228,Youri Baas,,54,7.6,48.5,0.101,miss,head,corner,sofascore
14053632,1120315,Anton Gaaei,,54,23.5,69.3,0.0147,block,right-foot,corner,sofascore
14053632,1001945,Kian Fitz-Jim,,54,11.1,52.6,0.0466,block,left-foot,corner,sofascore
14053632,252215,Wout Weghorst,,53,8.2,50.9,0.0758,block,head,corner,sofascore
14053632,146401,Thomas Bruns,,51,19.8,48.7,0.034,miss,right-foot,regular,sofascore
14053632,100386,Steven Berghuis,,48,15.3,48.1,0.1026,block,left-foot,regular,sofascore
14053632,100386,Steven Berghuis,,48,12.6,56.8,0.0743,block,left-foot,assisted,sofascore
14053632,959806,Kenneth Taylor,,46,14.1,41.1,0.1161,block,right-foot,assisted,sofascore
14053632,930295,Jan Žambůrek,,43,14.8,55.4,0.0585,block,right-foot,assisted,sofascore
14053632,998999,Luka Kulenović,,34,11.0,46.0,0.0396,miss,head,assisted,sofascore
14053632,1213453,Tristan van Gilst,,33,11.3,32.0,0.0318,block,left-foot,assisted,sofascore
14053632,100386,Steven Berghuis,,31,8.0,59.1,0.1385,goal,left-foot,regular,sofascore
14053632,1155158,Oscar Gloukh,,31,13.0,43.6,0.0731,block,right-foot,assisted,sofascore
14053632,1000228,Youri Baas,,30,8.8,55.4,0.1085,save,left-foot,set-piece,sofascore
14053632,252215,Wout Weghorst,,16,18.4,51.7,0.0935,miss,right-foot,assisted,sofascore
14053632,252215,Wout Weghorst,,13,7.5,46.3,0.116,miss,head,corner,sofascore
14053632,1155158,Oscar Gloukh,,9,18.4,42.1,0.0725,save,right-foot,assisted,sofascore
14053632,252215,Wout Weghorst,,6,2.7,32.4,0.0096,miss,head,corner,sofascore
14053632,836673,Owen Wijndal,,6,9.1,32.7,0.0385,save,left-foot,assisted,sofascore
14053632,100386,Steven Berghuis,,4,9.2,55.8,0.1149,block,right-foot,regular,sofascore
14053632,959806,Kenneth Taylor,,4,7.6,54.6,0.1666,save,left-foot,assisted,sofascore
14053633,1088895,Mohamed Nassoh,,90,20.1,53.0,0.0473,miss,right-foot,assisted,sofascore
14053633,1012927,Rio Hillen,,89,9.9,49.0,0.0483,miss,head,set-piece,sofascore
14053633,1083398,Raul Paula,,88,21.9,66.9,0.022,block,right-foot,assisted,sofascore
14053633,1088895,Mohamed Nassoh,,87,12.5,53.4,0.0821,miss,right-foot,corner,sofascore
14053633,1149147,Juho Talvitie,,85,19.7,67.8,0.0587,save,left-foot,free-kick,sofascore
14053633,1126966,Gyan de Regt,,83,24.2,57.2,0.0268,save,right-foot,regular,sofascore
14053633,1461935,Moussa Soumano,,82,8.6,53.6,0.1465,miss,head,assisted,sofascore
14053633,1461935,Moussa Soumano,,79,4.5,43.2,0.3315,post,head,assisted,sofascore
14053633,1461935,Moussa Soumano,,77,7.3,52.2,0.1037,miss,head,corner,sofascore
14053633,1461935,Moussa Soumano,,76,9.8,29.7,0.0214,block,right-foot,assisted,sofascore
14053633,1461935,Moussa Soumano,,76,11.2,42.9,0.0867,block,right-foot,assisted,sofascore
14053633,1893852,Jerolldino Bergraaf,,73,14.0,31.6,0.0458,miss,left-foot,fast-break,sofascore
14053633,1149147,Juho Talvitie,,70,15.4,70.7,0.0335,miss,left-foot,assisted,sofascore
14053633,1012927,Rio Hillen,,69,7.1,49.9,0.1004,miss,head,corner,sofascore
14053633,1149147,Juho Talvitie,,67,22.7,74.1,0.0362,save,left-foot,free-kick,sofascore
14053633,1048487,Noah Naujoks,,63,3.9,75.4,0.0104,miss,right-foot,assisted,sofascore
14053633,1046142,Derensili Sanches Fernandes,,62,20.4,69.4,0.0206,miss,left-foot,assisted,sofascore
14053633,927440,Kamal Sowah,,61,22.0,33.7,0.0338,save,left-foot,regular,sofascore
14053633,1461935,Moussa Soumano,,61,21.8,35.1,0.0165,block,right-foot,assisted,sofascore
14053633,990814,Charles-Andreas Brym,,59,24.6,48.5,0.0443,miss,right-foot,throw-in-set-piece,sofascore
14053633,990814,Charles-Andreas Brym,,55,25.1,46.2,0.0127,block,right-foot,corner,sofascore
14053633,943595,Sydney van Hooijdonk,,54,12.9,63.9,0.0742,block,right-foot,assisted,sofascore
14053633,1046142,Derensili Sanches Fernandes,,45,18.0,76.9,0.0436,miss,left-foot,free-kick,sofascore
14053633,927440,Kamal Sowah,,44,15.0,49.3,0.1379,miss,right-foot,assisted,sofascore
14053633,1515525,Cherrion Valerius,,41,21.2,60.9,0.0393,miss,right-foot,throw-in-set-piece,sofascore
14053633,58994,Denis Odoi,,39,8.1,46.6,0.07,miss,head,corner,sofascore
14053633,1048487,Noah Naujoks,,23,11.5,50.0,0.7884,goal,right-foot,penalty,sofascore
14053633,943595,Sydney van Hooijdonk,,18,13.8,45.6,0.0197,miss,head,set-piece,sofascore
14053634,1878212,David van der Werff,,90,14.1,46.0,0.5961,goal,right-foot,regular,sofascore
14053634,318745,Oskar Zawada,,90,16.7,61.5,0.0254,post,right-foot,assisted,sofascore
14053634,918484,Ivan Mesík,,89,21.3,34.6,0.0114,miss,left-foot,assisted,sofascore
14053634,318745,Oskar Zawada,,78,6.8,35.6,0.0696,block,left-foot,assisted,sofascore
14053634,1146623,Younes Taha,,72,25.6,47.1,0.0263,save,right-foot,throw-in-set-piece,sofascore
14053634,1090328,Stije Resink,,70,26.5,46.1,0.0205,block,left-foot,assisted,sofascore
14053634,1413536,Thom van Bergen,,67,14.1,50.5,0.0773,block,right-foot,assisted,sofascore
14053634,1090328,Stije Resink,,64,18.9,31.2,0.0167,block,right-foot,assisted,sofascore
14053634,998999,Luka Kulenović,,61,19.2,46.0,0.0939,miss,right-foot,assisted,sofascore
14053634,1090328,Stije Resink,,54,13.3,56.4,0.0681,block,right-foot,assisted,sofascore
14053634,1189738,Sem Scheperman,,49,6.7,62.2,0.0165,miss,head,corner,sofascore
14053634,788284,Ajdin Hrustić,,48,16.6,51.9,0.1117,block,left-foot,assisted,sofascore
14053634,996988,Bryan Limbombe,,45,26.6,35.5,0.0361,miss,right-foot,free-kick,sofascore
14053634,1189738,Sem Scheperman,,43,9.6,43.3,0.1238,miss,right-foot,set-piece,sofascore
14053634,76160,Marvin Peersman,,42,8.2,29.5,0.0158,miss,left-foot,assisted,sofascore
14053634,907520,Brynjólfur Darri Willumsson,,40,6.0,51.5,0.5115,goal,right-foot,assisted,sofascore
14053634,998999,Luka Kulenović,,39,11.5,55.5,0.0404,miss,head,set-piece,sofascore
14053634,1121401,Thijmen Blokzijl,,37,23.5,62.8,0.0144,block,right-foot,regular,sofascore
14053634,76160,Marvin Peersman,,37,3.6,33.7,0.0477,post,left-foot,assisted,sofascore
14053634,1146623,Younes Taha,,30,24.6,64.8,0.0211,goal,left-foot,assisted,sofascore
14053634,1090328,Stije Resink,,22,14.3,60.5,0.0464,block,left-foot,regular,sofascore
14053634,1424404,Jorg Schreuders,,21,9.8,32.6,0.0568,block,right-foot,assisted,sofascore
14053634,1090328,Stije Resink,,18,25.6,48.3,0.0791,miss,right-foot,free-kick,sofascore
14053634,930295,Jan Žambůrek,,13,24.6,45.7,0.0266,miss,left-foot,assisted,sofascore
14053634,907520,Brynjólfur Darri Willumsson,,9,8.1,57.3,0.1185,goal,right-foot,assisted,sofascore
14053635,991679,Souffian El Karouani,,90,22.0,63.6,0.0175,miss,left-foot,regular,sofascore
14053635,966429,David Min,,90,10.0,58.7,0.1116,miss,right-foot,set-piece,sofascore
14053635,834597,Jesper Karlsson,,90,10.8,30.4,0.0177,miss,right-foot,set-piece,sofascore
14053635,847073,Koen Kostons,,90,21.3,31.0,0.0353,block,right-foot,fast-break,sofascore
14053635,966429,David Min,,90,7.9,57.9,0.0802,block,right-foot,regular,sofascore
14053635,991679,Souffian El Karouani,,89,17.0,34.0,0.0268,miss,left-foot,regular,sofascore
14053635,991679,Souffian El Karouani,,82,21.4,32.8,0.0217,block,right-foot,assisted,sofascore
14053635,876233,Thijs Oosting,,79,2.4,54.9,0.7093,goal,left-foot,assisted,sofascore
14053635,1153261,Ángel Alarcón,,78,12.3,47.0,0.5876,save,right-foot,assisted,sofascore
14053635,1142572,Tristan Gooijer,,76,19.5,71.8,0.0367,miss,right-foot,regular,sofascore
14053635,966429,David Min,,71,3.5,37.6,0.1141,miss,right-foot,set-piece,sofascore
14053635,235538,Younes Namli,,67,31.2,68.1,0.0159,save,left-foot,assisted,sofascore
14053635,1105700,Yoann Cathline,,64,23.8,43.9,0.0288,block,right-foot,assisted,sofascore
14053635,876233,Thijs Oosting,,61,16.0,52.6,0.0788,miss,left-foot,assisted,sofascore
14053635,876233,Thijs Oosting,,58,15.9,50.2,0.091,miss,left-foot,assisted,sofascore
14053635,1105700,Yoann Cathline,,57,8.6,30.9,0.0219,block,right-foot,regular,sofascore
14053635,991679,Souffian El Karouani,,55,20.8,74.8,0.0432,miss,left-foot,free-kick,sofascore
14053635,1105700,Yoann Cathline,,50,7.3,34.2,0.0448,block,left-foot,assisted,sofascore
14053635,1153261,Ángel Alarcón,,49,13.8,37.0,0.0505,block,right-foot,corner,sofascore
14053635,1105700,Yoann Cathline,,48,9.2,32.1,0.0413,block,right-foot,assisted,sofascore
14053635,1489193,Artem Stepanov,,45,4.8,52.3,0.2807,miss,right-foot,regular,sofascore
14053635,1489193,Artem Stepanov,,44,11.7,43.6,0.1173,miss,right-foot,assisted,sofascore
14053635,1489193,Artem Stepanov,,43,8.1,33.0,0.1432,save,left-foot,fast-break,sofascore
14053635,1153261,Ángel Alarcón,,39,11.6,71.5,0.0302,block,left-foot,regular,sofascore
14053635,1142572,Tristan Gooijer,,32,16.3,63.7,0.0274,miss,left-foot,assisted,sofascore
14053635,876233,Thijs Oosting,,30,7.5,44.7,0.052,save,head,corner,sofascore
14053635,1489193,Artem Stepanov,,28,12.8,31.1,0.0352,block,right-foot,regular,sofascore
14053635,855854,Dani De Wit,,22,17.8,44.0,0.1161,miss,right-foot,assisted,sofascore
14053635,1433802,Gjivai Zechiël,,20,20.3,30.9,0.0225,block,left-foot,assisted,sofascore
14053635,235538,Younes Namli,,19,27.0,64.5,0.0214,save,left-foot,assisted,sofascore
14053635,1153261,Ángel Alarcón,,12,10.1,67.8,0.0781,goal,right-foot,assisted,sofascore
14053635,1489193,Artem Stepanov,,5,4.8,60.5,0.0726,miss,right-foot,assisted,sofascore
14053635,1153261,Ángel Alarcón,,4,8.6,52.1,0.1071,miss,left-foot,assisted,sofascore
14053635,1489193,Artem Stepanov,,3,6.0,40.0,0.0499,miss,head,corner,sofascore
14053636,966555,Troy Parrott,,90,11.5,50.0,0.7884,miss,right-foot,penalty,sofascore
14053636,922018,Peer Koopmeiners,,86,8.3,23.5,0.0167,miss,right-foot,set-piece,sofascore
14053636,196082,Robin Pröpper,,84,27.5,50.7,0.0213,miss,left-foot,regular,sofascore
14053636,980671,Sven Mijnans,,77,8.0,50.1,0.0985,save,head,assisted,sofascore
14053636,1048430,Daan Rots,,75,8.2,50.5,0.2363,goal,left-foot,assisted,sofascore
14053636,1160026,Kristian Hlynsson,,60,18.4,48.4,0.0441,block,right-foot,regular,sofascore
14053636,989882,Ramiz Zerrouki,,58,23.3,33.3,0.0519,miss,right-foot,free-kick,sofascore
14053636,966555,Troy Parrott,,40,12.3,32.9,0.0968,miss,left-foot,assisted,sofascore
14053636,945233,Thomas Van den Belt,,34,8.5,52.6,0.5076,miss,right-foot,assisted,sofascore
14053636,1200962,Sondre Ørjasæter,,30,12.9,34.4,0.0816,block,right-foot,assisted,sofascore
14053636,1087931,Isak Steiner Jensen,,20,24.0,43.6,0.032,block,right-foot,assisted,sofascore
14053636,1200962,Sondre Ørjasæter,,15,6.6,31.7,0.0953,save,right-foot,assisted,sofascore
14053636,980671,Sven Mijnans,,8,14.8,43.6,0.0585,block,right-foot,assisted,sofascore
14053636,1148468,Weslley Patati,,6,5.7,53.6,0.2162,miss,head,assisted,sofascore
14053637,1008697,Anthony Descotte,,90,11.0,48.1,0.4123,save,right-foot,assisted,sofascore
14053637,996982,Yannick Leliendal,,89,21.2,27.8,0.0144,block,right-foot,set-piece,sofascore
14053637,1049063,Joel Ideho,,76,22.0,28.0,0.0253,miss,right-foot,fast-break,sofascore
14053637,252215,Wout Weghorst,,71,7.2,43.2,0.1091,miss,head,regular,sofascore
14053637,790989,Ko Itakura,,61,4.9,45.8,0.4478,goal,right-foot,corner,sofascore
14053637,252215,Wout Weghorst,,61,8.9,56.0,0.035,miss,head,corner,sofascore
14053637,1095406,Aurelio Oehlers,,58,17.3,28.9,0.0161,save,right-foot,assisted,sofascore
14053637,980383,Raúl Moro,,54,23.1,73.9,0.0238,save,left-foot,throw-in-set-piece,sofascore
14053637,100386,Steven Berghuis,,45,17.3,66.4,0.0316,save,left-foot,regular,sofascore
14053637,959806,Kenneth Taylor,,43,10.8,30.3,0.1057,miss,left-foot,assisted,sofascore
14053637,996982,Yannick Leliendal,,41,26.9,50.7,0.0292,miss,left-foot,regular,sofascore
14053637,790989,Ko Itakura,,40,19.4,30.9,0.0325,miss,right-foot,assisted,sofascore
14053637,1100399,Ozan Kökçü,,39,18.9,75.6,0.0463,miss,right-foot,free-kick,sofascore
14053637,959806,Kenneth Taylor,,34,8.9,30.6,0.0376,block,left-foot,assisted,sofascore
14053637,790989,Ko Itakura,,31,6.3,46.0,0.1079,miss,head,corner,sofascore
14053637,1481354,Precious Ugwu,,26,25.8,60.0,0.0321,block,right-foot,regular,sofascore
14053637,313264,Henk Veerman,,24,10.8,51.7,0.0382,block,head,set-piece,sofascore
14053637,1008697,Anthony Descotte,,19,26.5,51.7,0.0341,miss,right-foot,assisted,sofascore
14053637,313264,Henk Veerman,,16,22.8,46.0,0.0492,goal,right-foot,assisted,sofascore
14053637,1095753,Gibson Yah,,15,19.1,49.9,0.0674,save,left-foot,regular,sofascore
14053637,100386,Steven Berghuis,,14,24.9,54.9,0.0683,miss,left-foot,free-kick,sofascore
14053637,100386,Steven Berghuis,,7,12.5,65.6,0.0758,miss,left-foot,fast-break,sofascore
14053637,980383,Raúl Moro,,6,12.8,58.7,0.1352,miss,left-foot,assisted,sofascore
14053637,100386,Steven Berghuis,,5,16.0,58.3,0.1737,save,left-foot,fast-break,sofascore
14053638,1014408,Maxence Rivera,,90,21.0,58.9,0.0314,block,right-foot,assisted,sofascore
14053638,1047395,Couhaib Driouech,,90,24.2,26.5,0.0202,miss,right-foot,assisted,sofascore
14053638,1146018,Paul Wanner,,89,13.4,41.9,0.037,save,head,assisted,sofascore
14053638,986395,Ricardo Pepi,,87,25.3,41.9,0.0165,goal,right-foot,assisted,sofascore
14053638,825843,Dylan Vente,,82,9.0,50.5,0.0675,miss,head,assisted,sofascore
14053638,1014408,Maxence Rivera,,81,20.3,28.3,0.0262,miss,right-foot,corner,sofascore
14053638,1015627,Jacob Trenskow,,81,22.8,56.2,0.0969,block,left-foot,free-kick,sofascore
14053638,893499,Mauro Júnior,,77,23.8,73.8,0.0203,miss,left-foot,corner,sofascore
14053638,986395,Ricardo Pepi,,77,16.0,64.6,0.2015,save,right-foot,assisted,sofascore
14053638,844234,Jerdy Schouten,,73,28.0,45.4,0.0265,save,right-foot,assisted,sofascore
14053638,812145,Dennis Man,,72,11.4,63.1,0.0372,block,left-foot,assisted,sofascore
14053638,850816,Joey Veerman,,67,16.0,59.3,0.0497,miss,right-foot,assisted,sofascore
14053638,825843,Dylan Vente,,67,3.2,39.8,0.0772,block,head,corner,sofascore
14053638,812145,Dennis Man,,61,1.9,62.2,0.0508,miss,left-foot,corner,sofascore
14053638,1146018,Paul Wanner,,60,27.4,45.5,0.0331,save,left-foot,assisted,sofascore
14053638,1146018,Paul Wanner,,56,21.5,63.5,0.0177,block,left-foot,assisted,sofascore
14053638,38710,Ivan Perišić,,56,12.3,33.8,0.0678,post,right-foot,assisted,sofascore
14053638,844234,Jerdy Schouten,,55,8.6,48.0,0.1232,miss,head,corner,sofascore
14053638,812145,Dennis Man,,55,15.3,67.4,0.0213,block,left-foot,assisted,sofascore
14053638,1063767,Ismael Saibari,,53,2.2,55.0,0.2208,miss,head,corner,sofascore
14053638,812145,Dennis Man,,51,24.4,57.9,0.0262,block,left-foot,fast-break,sofascore
14053638,856744,Myron Boadu,,48,3.6,51.0,0.9615,goal,left-foot,fast-break,sofascore
14053638,850816,Joey Veerman,,47,26.2,54.3,0.0171,miss,right-foot,assisted,sofascore
14053638,38710,Ivan Perišić,,45,11.0,9.8,0.0118,goal,right-foot,assisted,sofascore
14053638,1063767,Ismael Saibari,,43,18.8,51.3,0.1036,miss,right-foot,regular,sofascore
14053638,812145,Dennis Man,,38,14.6,71.1,0.0186,miss,left-foot,assisted,sofascore
14053638,1146018,Paul Wanner,,36,7.7,52.6,0.123,miss,left-foot,assisted,sofascore
14053638,1015627,Jacob Trenskow,,35,14.1,69.1,0.0474,save,left-foot,assisted,sofascore
14053638,996986,Luca Oyen,,35,19.7,46.1,0.0351,block,left-foot,assisted,sofascore
14053638,1150061,Oliver Braude,,35,27.4,73.6,0.0154,block,right-foot,regular,sofascore
14053638,996986,Luca Oyen,,35,18.9,53.8,0.1104,block,right-foot,assisted,sofascore
14053638,856744,Myron Boadu,,34,2.6,45.0,0.6154,post,right-foot,assisted,sofascore
14053638,850816,Joey Veerman,,34,13.3,50.3,0.1752,miss,right-foot,assisted,sofascore
14053638,812145,Dennis Man,,25,8.6,50.9,0.0947,block,right-foot,corner,sofascore
14053638,1146018,Paul Wanner,,24,19.0,54.1,0.1162,miss,left-foot,assisted,sofascore
14053638,1028070,Lasse Selvåg Nordås,,21,6.3,51.4,0.5064,goal,left-foot,assisted,sofascore
14053638,992018,Ringo Meerveld,,15,15.9,38.7,0.0479,block,left-foot,corner,sofascore
14053638,992018,Ringo Meerveld,,13,14.9,59.6,0.1115,block,right-foot,assisted,sofascore
14053638,1028070,Lasse Selvåg Nordås,,13,14.8,38.6,0.117,save,left-foot,assisted,sofascore
14053638,1063767,Ismael Saibari,,12,14.5,30.3,0.0696,miss,left-foot,fast-break,sofascore
14053638,1627623,Marcus Linday,,12,17.9,56.3,0.143,save,right-foot,assisted,sofascore
14053638,856744,Myron Boadu,,11,8.2,50.4,0.1645,miss,head,assisted,sofascore
14053639,1136110,Esmir Bajraktarević,,90,23.1,38.9,0.0272,miss,left-foot,assisted,sofascore
14053639,986395,Ricardo Pepi,,90,8.5,56.4,0.1182,block,left-foot,regular,sofascore
14053639,156676,Robert Mühren,,89,14.3,64.0,0.0276,miss,right-foot,assisted,sofascore
14053639,1136110,Esmir Bajraktarević,,88,15.7,43.6,0.1455,save,left-foot,fast-break,sofascore
14053639,1100399,Ozan Kökçü,,87,12.0,38.8,0.0958,miss,left-foot,assisted,sofascore
14053639,1046960,Ryan Flamingo,,86,25.7,51.7,0.0276,miss,right-foot,assisted,sofascore
14053639,1095406,Aurelio Oehlers,,85,21.7,38.4,0.06,miss,right-foot,fast-break,sofascore
14053639,1095406,Aurelio Oehlers,,76,23.2,30.0,0.0291,save,right-foot,regular,sofascore
14053639,996982,Yannick Leliendal,,75,16.0,51.1,0.1203,miss,left-foot,assisted,sofascore
14053639,1136110,Esmir Bajraktarević,,59,11.9,75.2,0.0236,save,left-foot,assisted,sofascore
14053639,845798,Guus Til,,54,8.9,67.1,0.0412,goal,right-foot,assisted,sofascore
14053639,1063767,Ismael Saibari,,52,14.1,38.0,0.0739,save,right-foot,regular,sofascore
14053639,252885,Brandley Kuwas,,51,26.0,43.0,0.0268,miss,left-foot,assisted,sofascore
14053639,1146018,Paul Wanner,,49,20.1,50.7,0.0598,save,left-foot,assisted,sofascore
14053639,313264,Henk Veerman,,43,9.3,33.8,0.0443,save,left-foot,assisted,sofascore
14053639,313264,Henk Veerman,,38,20.3,68.7,0.0235,miss,right-foot,fast-break,sofascore
14053639,996982,Yannick Leliendal,,37,23.7,58.6,0.0436,miss,left-foot,assisted,sofascore
14053639,1063767,Ismael Saibari,,33,8.6,37.3,0.14,post,right-foot,assisted,sofascore
14053639,252885,Brandley Kuwas,,31,10.8,62.5,0.0567,miss,right-foot,assisted,sofascore
14053639,906021,Sergiño Dest,,28,9.9,65.2,0.1158,save,right-foot,assisted,sofascore
14053639,986395,Ricardo Pepi,,26,19.8,39.7,0.0858,miss,right-foot,assisted,sofascore
14053639,986395,Ricardo Pepi,,24,3.8,40.3,0.1331,goal,right-foot,fast-break,sofascore
14053639,844234,Jerdy Schouten,,22,8.5,29.1,0.0579,miss,right-foot,assisted,sofascore
14053639,1063767,Ismael Saibari,,21,18.7,45.4,0.1254,block,right-foot,assisted,sofascore
14053639,986395,Ricardo Pepi,,19,13.8,41.0,0.0476,block,right-foot,assisted,sofascore
14053639,850816,Joey Veerman,,6,14.5,45.3,0.1551,goal,right-foot,assisted,sofascore
14053639,986395,Ricardo Pepi,,3,8.1,52.1,0.198,miss,head,assisted,sofascore
14053639,1063767,Ismael Saibari,,3,20.9,38.9,0.0396,block,left-foot,assisted,sofascore
14053639,1136110,Esmir Bajraktarević,,3,9.9,59.9,0.0831,block,left-foot,assisted,sofascore
14053640,360006,Finn Stokkers,,90,9.7,58.5,0.086,block,right-foot,assisted,sofascore
14053640,360006,Finn Stokkers,,90,5.4,54.5,0.2367,goal,left-foot,corner,sofascore
14053640,841420,Victor Edvardsen,,90,11.1,34.8,0.322,save,right-foot,corner,sofascore
14053640,1199214,Milan Smit,,90,9.8,42.9,0.0954,save,right-foot,assisted,sofascore
14053640,1029724,Jakob Breum,,90,13.7,53.5,0.1144,block,right-foot,assisted,sofascore
14053640,360006,Finn Stokkers,,89,16.3,54.2,0.0998,miss,right-foot,regular,sofascore
14053640,794013,Mats Deijl,,86,15.2,49.1,0.1188,block,left-foot,regular,sofascore
14053640,841420,Victor Edvardsen,,86,11.3,32.0,0.1209,save,right-foot,assisted,sofascore
14053640,983068,Václav Sejk,,84,13.2,64.2,0.0999,miss,right-foot,assisted,sofascore
14053640,1133233,Aske Adelgaard,,79,28.5,39.2,0.012,block,left-foot,assisted,sofascore
14053640,992018,Ringo Meerveld,,74,6.6,39.1,0.4638,save,left-foot,fast-break,sofascore
14053640,825843,Dylan Vente,,67,9.2,68.4,0.1027,miss,right-foot,assisted,sofascore
14053640,1150061,Oliver Braude,,66,11.8,63.1,0.1474,block,left-foot,regular,sofascore
14053640,992018,Ringo Meerveld,,66,19.0,35.7,0.0609,save,right-foot,assisted,sofascore
14053640,825843,Dylan Vente,,64,13.5,49.3,0.0856,block,left-foot,assisted,sofascore
14053640,138842,Joris van Overeem,,59,23.8,37.2,0.0264,miss,right-foot,set-piece,sofascore
14053640,992018,Ringo Meerveld,,57,20.3,29.8,0.0324,block,right-foot,assisted,sofascore
14053640,1015627,Jacob Trenskow,,48,3.6,58.5,0.2758,goal,left-foot,assisted,sofascore
14053640,1121247,Nikolai Soyset Hopland,,45,3.1,49.4,0.777,goal,right-foot,corner,sofascore
14053640,1015627,Jacob Trenskow,,37,18.7,61.5,0.08,miss,left-foot,fast-break,sofascore
14053640,1015627,Jacob Trenskow,,35,16.9,54.2,0.0484,block,left-foot,assisted,sofascore
14053640,1014408,Maxence Rivera,,33,25.1,42.4,0.0388,miss,right-foot,set-piece,sofascore
14053640,1014408,Maxence Rivera,,31,23.8,28.2,0.0346,block,right-foot,fast-break,sofascore
14053640,825843,Dylan Vente,,25,6.4,49.4,0.1802,save,head,assisted,sofascore
14053640,825843,Dylan Vente,,25,15.1,40.6,0.1581,block,left-foot,assisted,sofascore
14053640,825843,Dylan Vente,,24,12.6,44.2,0.0433,miss,head,assisted,sofascore
14053640,1015627,Jacob Trenskow,,17,19.6,54.9,0.035,block,left-foot,assisted,sofascore
14053640,1014408,Maxence Rivera,,15,23.2,37.8,0.0439,block,right-foot,assisted,sofascore
14053640,1029724,Jakob Breum,,12,20.0,39.7,0.0273,miss,right-foot,regular,sofascore
14053640,891795,Melle Meulensteen,,1,8.1,59.1,0.0396,goal,right-foot,corner,sofascore
14053641,1133679,Stan Henderikx,,90,19.8,47.0,0.0754,miss,left-foot,throw-in-set-piece,sofascore
14053641,1009285,Szymon Włodarczyk,,90,15.7,53.0,0.0876,save,right-foot,regular,sofascore
14053641,1211982,Miliano Jonathans,,89,4.1,57.9,0.226,miss,head,assisted,sofascore
14053641,150494,Mike van Duinen,,87,11.1,54.0,0.0815,miss,head,assisted,sofascore
14053641,907517,Stefán Ingi Sigurðarson,,81,12.9,45.1,0.1654,block,right-foot,assisted,sofascore
14053641,1145987,Lewis Schouten,,78,9.5,49.0,0.2142,save,left-foot,throw-in-set-piece,sofascore
14053641,1211982,Miliano Jonathans,,78,12.6,59.7,0.0373,post,left-foot,throw-in-set-piece,sofascore
14053641,1218004,Jaden Slory,,74,12.2,65.6,0.1119,miss,right-foot,assisted,sofascore
14053641,1211982,Miliano Jonathans,,72,14.9,64.4,0.1283,block,left-foot,fast-break,sofascore
14053641,1046142,Derensili Sanches Fernandes,,72,14.4,30.9,0.082,block,right-foot,fast-break,sofascore
14053641,1048487,Noah Naujoks,,71,13.3,49.8,0.0255,save,head,assisted,sofascore
14053641,1384483,Irakli Yegoian,,65,20.0,52.9,0.0326,miss,left-foot,regular,sofascore
14053641,1001943,Julius Dirksen,,61,11.1,54.0,0.0776,miss,right-foot,set-piece,sofascore
14053641,1048487,Noah Naujoks,,57,10.2,54.4,0.1003,miss,right-foot,assisted,sofascore
14053641,910053,Arthur Zagre,,57,18.5,47.4,0.0324,block,left-foot,throw-in-set-piece,sofascore
14053641,987647,Søren Tengstedt,,55,13.9,64.9,0.0764,goal,left-foot,assisted,sofascore
14053641,1384483,Irakli Yegoian,,53,10.4,65.8,0.1085,save,right-foot,fast-break,sofascore
14053641,899644,Ilias Bronkhorst,,48,9.4,55.0,0.1053,miss,head,regular,sofascore
14053641,909960,Mathis Suray,,44,26.3,38.3,0.055,block,left-foot,assisted,sofascore
14053641,1384483,Irakli Yegoian,,37,22.9,55.0,0.0471,miss,right-foot,assisted,sofascore
14053641,1048487,Noah Naujoks,,35,6.7,49.6,0.1782,miss,head,assisted,sofascore
14053641,1048487,Noah Naujoks,,34,7.9,42.5,0.1617,save,right-foot,assisted,sofascore
14053641,1048487,Noah Naujoks,,19,19.2,37.2,0.1085,save,right-foot,fast-break,sofascore
14053641,1029724,Jakob Breum,,7,8.8,29.5,0.0427,block,right-foot,assisted,sofascore
14053641,891795,Melle Meulensteen,,7,16.3,51.5,0.0432,miss,right-foot,regular,sofascore
14053641,910053,Arthur Zagre,,3,24.1,36.2,0.0211,save,left-foot,corner,sofascore
14053642,1878212,David van der Werff,,86,23.0,71.4,0.0116,block,right-foot,assisted,sofascore
14053642,970860,Lucas Rosa,,83,6.4,32.1,0.0304,save,left-foot,assisted,sofascore
14053642,163541,Mats Seuntjens,,82,24.6,36.4,0.0083,miss,right-foot,set-piece,sofascore
14053642,1878212,David van der Werff,,78,17.5,39.0,0.0916,save,left-foot,assisted,sofascore
14053642,1413536,Thom van Bergen,,78,24.0,50.1,0.0317,block,right-foot,assisted,sofascore
14053642,1470010,Dies Janse,,77,27.1,37.4,0.0216,save,left-foot,assisted,sofascore
14053642,1149146,Mika Godts,,76,13.1,31.9,0.0305,miss,left-foot,fast-break,sofascore
14053642,1149146,Mika Godts,,73,24.1,49.5,0.0616,block,right-foot,assisted,sofascore
14053642,252215,Wout Weghorst,,66,8.5,28.6,0.023,miss,left-foot,set-piece,sofascore
14053642,1586649,Aaron Bouwman,,60,5.6,57.1,0.2067,goal,right-foot,corner,sofascore
14053642,996940,Youri Regeer,,60,11.4,65.6,0.1015,block,right-foot,regular,sofascore
14053642,1149146,Mika Godts,,60,14.1,35.8,0.0484,post,right-foot,assisted,sofascore
14053642,1146623,Younes Taha,,54,22.3,39.5,0.0353,save,left-foot,assisted,sofascore
14053642,1413536,Thom van Bergen,,53,16.1,45.2,0.0977,save,left-foot,assisted,sofascore
14053642,1146623,Younes Taha,,50,25.1,61.7,0.026,save,left-foot,assisted,sofascore
14053642,1413536,Thom van Bergen,,45,7.9,41.1,0.0674,miss,head,corner,sofascore
14053642,1149146,Mika Godts,,44,15.7,37.4,0.0599,save,right-foot,assisted,sofascore
14053642,907520,Brynjólfur Darri Willumsson,,34,8.3,46.7,0.3652,save,right-foot,regular,sofascore
14053642,1149146,Mika Godts,,28,17.7,51.8,0.7149,goal,right-foot,fast-break,sofascore
14053642,1090328,Stije Resink,,26,28.5,40.1,0.0206,miss,right-foot,regular,sofascore
14053642,1146623,Younes Taha,,25,27.2,31.3,0.0192,block,left-foot,assisted,sofascore
14053642,252215,Wout Weghorst,,23,9.2,29.7,0.0316,save,left-foot,assisted,sofascore
14053642,1413536,Thom van Bergen,,22,7.0,54.0,0.5966,save,right-foot,assisted,sofascore
14053642,1146623,Younes Taha,,21,22.2,74.2,0.0108,block,left-foot,assisted,sofascore
14053642,1155158,Oscar Gloukh,,11,14.2,44.6,0.0704,miss,right-foot,assisted,sofascore
14053642,1149146,Mika Godts,,10,11.7,37.4,0.053,block,right-foot,assisted,sofascore
14053642,907520,Brynjólfur Darri Willumsson,,7,9.4,49.7,0.0701,block,head,assisted,sofascore
14053642,1146623,Younes Taha,,7,11.4,54.6,0.1028,block,left-foot,assisted,sofascore
14053642,907520,Brynjólfur Darri Willumsson,,7,12.6,52.8,0.3998,miss,right-foot,assisted,sofascore
14053642,959806,Kenneth Taylor,,2,10.8,37.8,0.0951,save,left-foot,fast-break,sofascore
14053643,1136110,Esmir Bajraktarević,,85,22.8,67.3,0.0257,miss,left-foot,corner,sofascore
14053643,38710,Ivan Perišić,,84,7.1,31.9,0.0413,block,right-foot,regular,sofascore
14053643,1014222,Kiliann Sildillia,,79,18.9,54.1,0.0565,block,right-foot,corner,sofascore
14053643,1136110,Esmir Bajraktarević,,78,18.4,70.9,0.023,block,left-foot,assisted,sofascore
14053643,385300,Jeff Hardeveld,,78,12.6,32.1,0.123,miss,left-foot,fast-break,sofascore
14053643,986395,Ricardo Pepi,,77,15.6,53.0,0.0556,block,right-foot,assisted,sofascore
14053643,1063767,Ismael Saibari,,75,20.3,36.6,0.058,miss,right-foot,assisted,sofascore
14053643,986395,Ricardo Pepi,,72,16.7,51.1,0.0489,block,right-foot,regular,sofascore
14053643,986395,Ricardo Pepi,,69,11.9,58.5,0.0395,miss,head,set-piece,sofascore
14053643,1066319,Patrick Brouwer,,65,3.5,54.0,0.5725,goal,right-foot,corner,sofascore
14053643,860158,Kay Tejan,,64,18.5,45.8,0.0484,block,right-foot,regular,sofascore
14053643,906021,Sergiño Dest,,63,22.6,30.9,0.0135,save,right-foot,regular,sofascore
14053643,385300,Jeff Hardeveld,,55,2.7,34.0,0.2808,miss,left-foot,regular,sofascore
14053643,1046960,Ryan Flamingo,,54,8.7,56.7,0.0358,miss,head,corner,sofascore
14053643,38710,Ivan Perišić,,54,8.2,42.0,0.1561,save,left-foot,assisted,sofascore
14053643,1063767,Ismael Saibari,,53,2.3,39.4,0.0941,miss,right-foot,regular,sofascore
14053643,1063767,Ismael Saibari,,53,9.9,32.5,0.1031,save,right-foot,assisted,sofascore
14053643,1063767,Ismael Saibari,,49,10.3,48.6,0.1054,miss,left-foot,assisted,sofascore
14053643,1014222,Kiliann Sildillia,,47,5.2,51.9,0.3378,miss,head,corner,sofascore
14053643,1136110,Esmir Bajraktarević,,47,9.4,65.5,0.0507,block,left-foot,assisted,sofascore
14053643,1063767,Ismael Saibari,,43,20.6,38.5,0.031,block,right-foot,set-piece,sofascore
14053643,906021,Sergiño Dest,,27,20.1,30.3,0.0383,miss,right-foot,assisted,sofascore
14053643,1084609,Tyrone Owusu,,21,20.3,28.5,0.0199,goal,right-foot,assisted,sofascore
14053643,38710,Ivan Perišić,,13,3.5,44.1,0.1531,block,head,corner,sofascore
14053643,1212550,Ruben van Bommel,,10,10.8,54.5,0.0943,save,right-foot,corner,sofascore
14053643,844234,Jerdy Schouten,,10,19.2,47.0,0.0378,miss,left-foot,corner,sofascore
14053643,1212550,Ruben van Bommel,,9,22.0,34.4,0.0231,block,right-foot,assisted,sofascore
14053643,845798,Guus Til,,9,4.1,42.9,0.1103,save,head,corner,sofascore
14053643,1548838,Soufiane Hetli,,4,16.1,32.7,0.0244,miss,right-foot,assisted,sofascore
14053643,1066319,Patrick Brouwer,,4,16.6,32.3,0.0431,save,right-foot,regular,sofascore
14053643,1066319,Patrick Brouwer,,2,4.9,57.7,0.1119,save,right-foot,assisted,sofascore
14053643,1548838,Soufiane Hetli,,1,8.6,38.5,0.2551,miss,left-foot,assisted,sofascore
14053644,1014222,Kiliann Sildillia,,90,16.7,60.7,0.0945,save,right-foot,assisted,sofascore
14053644,1066450,Walid Ould-Chikh,,90,26.6,49.5,0.0216,miss,right-foot,assisted,sofascore
14053644,1047395,Couhaib Driouech,,90,13.2,36.8,0.0579,save,left-foot,assisted,sofascore
14053644,986395,Ricardo Pepi,,90,5.1,68.7,0.0515,save,right-foot,assisted,sofascore
14053644,1047395,Couhaib Driouech,,90,12.3,34.3,0.1558,miss,left-foot,fast-break,sofascore
14053644,812145,Dennis Man,,88,7.1,66.7,0.1821,save,left-foot,assisted,sofascore
14053644,986395,Ricardo Pepi,,87,11.7,61.1,0.0989,block,right-foot,fast-break,sofascore
14053644,998999,Luka Kulenović,,87,14.3,66.1,0.0402,block,right-foot,assisted,sofascore
14053644,1146018,Paul Wanner,,83,13.5,47.4,0.0733,miss,left-foot,assisted,sofascore
14053644,1118181,Lequincio Zeefuik,,80,25.5,71.4,0.0298,goal,right-foot,assisted,sofascore
14053644,146401,Thomas Bruns,,79,21.2,48.5,0.0514,miss,right-foot,set-piece,sofascore
14053644,1118181,Lequincio Zeefuik,,78,21.2,71.1,0.0196,block,right-foot,assisted,sofascore
14053644,1063767,Ismael Saibari,,77,8.1,59.4,0.0898,save,left-foot,assisted,sofascore
14053644,984880,Jannes Wieckhoff,,71,9.1,68.4,0.0479,miss,right-foot,assisted,sofascore
14053644,954317,Naci Ünüvar,,67,9.1,37.3,0.1099,save,left-foot,assisted,sofascore
14053644,146401,Thomas Bruns,,66,19.9,63.1,0.0481,block,right-foot,assisted,sofascore
14053644,986395,Ricardo Pepi,,66,13.5,59.7,0.1779,save,right-foot,assisted,sofascore
14053644,146401,Thomas Bruns,,65,9.6,47.0,0.2578,miss,right-foot,assisted,sofascore
14053644,954317,Naci Ünüvar,,59,12.7,39.4,0.1126,miss,left-foot,fast-break,sofascore
14053644,38710,Ivan Perišić,,58,15.2,25.1,0.0287,save,right-foot,assisted,sofascore
14053644,38710,Ivan Perišić,,58,11.1,34.0,0.046,save,left-foot,assisted,sofascore
14053644,974203,Alec Van Hoorenbeeck,,48,10.5,41.9,0.0138,miss,head,corner,sofascore
14053644,127554,Mike te Wierik,,45,11.3,56.4,0.0233,miss,head,set-piece,sofascore
14053644,812145,Dennis Man,,40,7.0,51.6,0.4353,goal,head,set-piece,sofascore
14053644,856744,Myron Boadu,,36,16.2,63.7,0.0274,block,right-foot,regular,sofascore
14053644,812145,Dennis Man,,35,11.7,70.9,0.0345,save,left-foot,assisted,sofascore
14053644,906021,Sergiño Dest,,32,13.2,65.2,0.0666,save,left-foot,fast-break,sofascore
14053644,1063767,Ismael Saibari,,31,13.6,40.5,0.1467,miss,right-foot,assisted,sofascore
14053644,893499,Mauro Júnior,,30,26.8,33.6,0.0204,miss,left-foot,assisted,sofascore
14053644,1063767,Ismael Saibari,,25,6.6,54.0,0.3148,miss,right-foot,regular,sofascore
14053644,850816,Joey Veerman,,25,18.5,49.7,0.0641,save,right-foot,assisted,sofascore
14053644,38710,Ivan Perišić,,21,25.9,35.8,0.0268,miss,left-foot,assisted,sofascore
14053644,1118181,Lequincio Zeefuik,,19,8.3,52.5,0.1348,miss,right-foot,assisted,sofascore
14053644,918484,Ivan Mesík,,19,9.4,33.3,0.0432,block,right-foot,assisted,sofascore
14053644,788284,Ajdin Hrustić,,17,26.9,42.4,0.0371,save,left-foot,free-kick,sofascore
14053644,1063767,Ismael Saibari,,12,20.2,32.2,0.0277,goal,right-foot,regular,sofascore
14053644,1146018,Paul Wanner,,12,16.8,52.9,0.1925,save,right-foot,assisted,sofascore
14053644,38710,Ivan Perišić,,9,11.5,50.0,0.7884,goal,right-foot,penalty,sofascore
14053644,1063767,Ismael Saibari,,7,10.8,67.9,0.0726,block,right-foot,assisted,sofascore
14053645,987077,Nökkvi Þórisson,,88,9.2,35.5,0.0495,save,left-foot,assisted,sofascore
14053645,35208,Tjaronn Chery,,87,11.9,67.7,0.0193,miss,right-foot,assisted,sofascore
14053645,1499696,Kento Shiogai,,80,13.0,66.4,0.0431,block,right-foot,fast-break,sofascore
14053645,1193676,Başar Önal,,79,21.5,25.0,0.0155,miss,right-foot,assisted,sofascore
14053645,796943,Tobias Lauritsen,,65,13.5,53.4,0.1096,goal,left-foot,assisted,sofascore
14053645,796943,Tobias Lauritsen,,64,6.0,48.1,0.1494,save,head,corner,sofascore
14053645,1046143,Julian Baas,,63,15.0,46.4,0.2969,block,right-foot,fast-break,sofascore
14053645,1394147,Sami Ouaissa,,61,15.4,63.0,0.0858,save,left-foot,fast-break,sofascore
14053645,47753,Bryan Linssen,,58,18.1,51.3,0.0987,miss,right-foot,assisted,sofascore
14053645,1193676,Başar Önal,,56,13.8,24.8,0.0234,save,right-foot,assisted,sofascore
14053645,1394147,Sami Ouaissa,,50,4.3,48.1,0.4757,goal,head,assisted,sofascore
14053645,831860,Koki Ogawa,,50,14.8,52.6,0.1213,block,right-foot,assisted,sofascore
14053645,946505,Lance Duijvestijn,,48,19.7,37.6,0.0633,save,right-foot,fast-break,sofascore
14053645,831860,Koki Ogawa,,45,11.5,50.0,0.7884,goal,right-foot,penalty,sofascore
14053645,35208,Tjaronn Chery,,45,4.6,44.4,0.145,miss,head,assisted,sofascore
14053645,796943,Tobias Lauritsen,,39,7.9,43.4,0.0564,miss,head,assisted,sofascore
14053645,74577,Patrick van Aanholt,,39,20.4,37.6,0.0457,block,right-foot,assisted,sofascore
14053645,1046143,Julian Baas,,37,19.7,57.5,0.0891,miss,right-foot,regular,sofascore
14053645,897603,Darko Nejašmić,,34,7.7,62.0,0.1085,miss,left-foot,corner,sofascore
14053645,1064177,Ahmetcan Kaplan,,34,8.0,53.0,0.1747,save,right-foot,corner,sofascore
14053645,127846,Eli Dasa,,33,21.5,67.1,0.0201,block,right-foot,corner,sofascore
14053645,1184054,Kodai Sano,,32,10.8,62.2,0.112,block,left-foot,assisted,sofascore
14053645,966299,Teo Quintero,,28,7.7,47.2,0.1327,miss,head,set-piece,sofascore
14053645,1193676,Başar Önal,,21,3.5,32.9,0.0841,save,right-foot,regular,sofascore
14053645,1002479,Shunsuke Mito,,19,13.0,52.1,0.2022,save,right-foot,assisted,sofascore
14053645,796943,Tobias Lauritsen,,15,8.6,47.2,0.0562,miss,head,corner,sofascore
14053645,966299,Teo Quintero,,15,3.9,44.3,0.2343,miss,head,corner,sofascore
14053645,127846,Eli Dasa,,14,17.2,66.0,0.1284,miss,right-foot,regular,sofascore
14053645,831860,Koki Ogawa,,10,14.2,56.6,0.2165,goal,right-foot,assisted,sofascore
14053645,831860,Koki Ogawa,,8,7.5,50.4,0.1215,miss,head,assisted,sofascore
14053645,1193676,Başar Önal,,5,13.6,33.3,0.0201,block,right-foot,assisted,sofascore
14053645,796943,Tobias Lauritsen,,4,4.3,41.1,0.0784,miss,head,assisted,sofascore
14053646,196082,Robin Pröpper,,90,15.0,48.8,0.1174,miss,right-foot,throw-in-set-piece,sofascore
14053646,1200962,Sondre Ørjasæter,,90,12.3,37.4,0.0397,block,right-foot,throw-in-set-piece,sofascore
14053646,196082,Robin Pröpper,,90,8.2,38.0,0.031,miss,right-foot,corner,sofascore
14053646,1634542,Lucas Vennegoor of Hesselink,,90,8.7,62.4,0.0238,miss,head,assisted,sofascore
14053646,339879,Bas Kuipers,,90,20.0,46.8,0.05,block,left-foot,assisted,sofascore
14053646,1046142,Derensili Sanches Fernandes,,88,21.0,67.9,0.0619,save,left-foot,free-kick,sofascore
14053646,1634542,Lucas Vennegoor of Hesselink,,86,7.6,49.5,0.1199,miss,head,assisted,sofascore
14053646,150494,Mike van Duinen,,83,4.2,69.8,0.037,goal,right-foot,assisted,sofascore
14053646,35193,Ricky van Wolfswinkel,,76,2.1,40.5,0.0738,block,right-foot,regular,sofascore
14053646,35193,Ricky van Wolfswinkel,,76,7.3,45.8,0.2239,block,left-foot,assisted,sofascore
14053646,578344,Arno Verschueren,,75,19.5,56.2,0.0607,save,right-foot,assisted,sofascore
14053646,1160026,Kristian Hlynsson,,74,23.1,64.1,0.0549,save,right-foot,free-kick,sofascore
14053646,339879,Bas Kuipers,,70,12.5,42.1,0.0736,miss,left-foot,assisted,sofascore
14053646,1893852,Jerolldino Bergraaf,,67,19.1,56.0,0.0371,block,left-foot,assisted,sofascore
14053646,1048906,Rick Meissen,,67,6.0,37.4,0.0519,miss,head,set-piece,sofascore
14053646,35193,Ricky van Wolfswinkel,,64,18.2,45.8,0.1805,save,left-foot,fast-break,sofascore
14053646,150494,Mike van Duinen,,62,10.3,43.4,0.1437,miss,right-foot,assisted,sofascore
14053646,150494,Mike van Duinen,,62,18.5,29.7,0.0249,block,right-foot,assisted,sofascore
14053646,1384483,Irakli Yegoian,,55,30.3,37.5,0.0058,miss,right-foot,set-piece,sofascore
14053646,1160026,Kristian Hlynsson,,52,11.6,54.4,0.0935,save,right-foot,assisted,sofascore
14053646,35193,Ricky van Wolfswinkel,,48,21.3,60.7,0.0664,block,right-foot,assisted,sofascore
14053646,1048430,Daan Rots,,45,6.7,56.6,0.1895,miss,head,assisted,sofascore
14053646,906024,Taylor Booth,,45,13.0,36.4,0.0598,block,right-foot,regular,sofascore
14053646,35193,Ricky van Wolfswinkel,,45,6.3,37.8,0.0859,block,right-foot,regular,sofascore
14053646,1160026,Kristian Hlynsson,,42,24.4,59.3,0.0259,miss,right-foot,assisted,sofascore
14053646,989882,Ramiz Zerrouki,,41,25.9,44.2,0.0393,save,right-foot,assisted,sofascore
14053646,35193,Ricky van Wolfswinkel,,37,18.3,46.8,0.044,block,right-foot,assisted,sofascore
14053646,945233,Thomas Van den Belt,,34,5.0,62.2,0.0686,save,right-foot,regular,sofascore
14053646,35193,Ricky van Wolfswinkel,,34,4.3,54.4,0.5168,save,right-foot,assisted,sofascore
14053646,945233,Thomas Van den Belt,,32,24.6,37.4,0.0237,block,right-foot,assisted,sofascore
14053646,906024,Taylor Booth,,16,18.2,28.2,0.012,block,left-foot,corner,sofascore
14053646,1133679,Stan Henderikx,,11,29.4,35.2,0.0044,save,left-foot,corner,sofascore
14053646,1160026,Kristian Hlynsson,,8,11.6,45.9,0.0812,save,right-foot,regular,sofascore
14053646,35193,Ricky van Wolfswinkel,,4,9.7,48.5,0.0689,block,left-foot,corner,sofascore
14053646,196082,Robin Pröpper,,4,6.6,45.0,0.0949,block,head,corner,sofascore
14053647,1014118,Miguel Rodríguez,,90,20.1,59.7,0.0344,save,left-foot,assisted,sofascore
14053647,1148468,Weslley Patati,,86,20.9,40.1,0.0364,miss,left-foot,fast-break,sofascore
14053647,1405756,Kees Smit,,86,26.6,38.9,0.0263,save,right-foot,assisted,sofascore
14053647,1148468,Weslley Patati,,84,12.1,63.8,0.0675,save,right-foot,fast-break,sofascore
14053647,893559,Mees De Wit,,70,10.5,38.0,0.0702,save,left-foot,regular,sofascore
14053647,1087931,Isak Steiner Jensen,,69,18.9,47.0,0.1104,miss,right-foot,assisted,sofascore
14053647,1405756,Kees Smit,,61,24.1,49.9,0.021,miss,right-foot,assisted,sofascore
14053647,966555,Troy Parrott,,56,13.8,46.8,0.3999,save,left-foot,assisted,sofascore
14053647,1105700,Yoann Cathline,,55,13.5,30.4,0.0504,block,right-foot,fast-break,sofascore
14053647,1153261,Ángel Alarcón,,53,9.8,46.4,0.1176,block,right-foot,assisted,sofascore
14053647,1153261,Ángel Alarcón,,50,15.0,59.1,0.0448,block,right-foot,regular,sofascore
14053647,893559,Mees De Wit,,49,26.1,38.3,0.019,save,left-foot,regular,sofascore
14053647,1105700,Yoann Cathline,,45,15.7,32.3,0.0219,block,right-foot,assisted,sofascore
14053647,1489193,Artem Stepanov,,35,11.6,50.0,0.7884,goal,right-foot,penalty,sofascore
14053647,1000548,Alonzo Engwanda,,32,23.1,43.4,0.0228,block,left-foot,regular,sofascore
14053647,1105700,Yoann Cathline,,27,14.9,29.7,0.0309,miss,right-foot,assisted,sofascore
14053647,855854,Dani De Wit,,26,9.7,56.6,0.0451,miss,head,set-piece,sofascore
14053647,922018,Peer Koopmeiners,,21,5.8,34.6,0.0708,save,left-foot,fast-break,sofascore
14053647,1153261,Ángel Alarcón,,16,14.0,25.0,0.0212,miss,right-foot,set-piece,sofascore
14053647,1105700,Yoann Cathline,,9,14.9,31.0,0.0143,goal,right-foot,corner,sofascore
14053647,922018,Peer Koopmeiners,,3,10.4,49.1,0.0704,miss,head,assisted,sofascore
14053648,1394147,Sami Ouaissa,,90,8.6,63.4,0.2741,miss,right-foot,assisted,sofascore
14053648,148615,Paul Gladon,,90,10.1,35.2,0.1172,goal,left-foot,fast-break,sofascore
14053648,35208,Tjaronn Chery,,90,12.0,38.7,0.1599,save,right-foot,assisted,sofascore
14053648,961685,Dirk Wanner Proper,,72,19.2,65.2,0.0376,block,left-foot,assisted,sofascore
14053648,35208,Tjaronn Chery,,72,11.6,46.2,0.1403,block,left-foot,assisted,sofascore
14053648,366942,Kristoffer Peterson,,70,18.4,34.8,0.0421,miss,right-foot,assisted,sofascore
14053648,1394147,Sami Ouaissa,,67,8.3,57.9,0.2296,goal,left-foot,assisted,sofascore
14053648,1499696,Kento Shiogai,,64,4.8,49.1,0.4349,block,left-foot,assisted,sofascore
14053648,366942,Kristoffer Peterson,,62,12.8,32.5,0.0392,save,right-foot,assisted,sofascore
14053648,35208,Tjaronn Chery,,54,24.8,42.1,0.0262,save,left-foot,assisted,sofascore
14053648,875673,Justin Lonwijk,,50,28.7,28.4,0.0154,miss,right-foot,regular,sofascore
14053648,366942,Kristoffer Peterson,,50,17.9,33.6,0.018,block,right-foot,regular,sofascore
14053648,591044,Dimitris Limnios,,50,15.7,32.3,0.3062,save,right-foot,regular,sofascore
14053648,47753,Bryan Linssen,,49,21.9,44.0,0.0378,block,right-foot,assisted,sofascore
14053648,35208,Tjaronn Chery,,45,11.3,39.5,0.105,block,left-foot,assisted,sofascore
14053648,1132766,Philip Brittijn,,43,8.0,52.8,0.0722,miss,head,corner,sofascore
14053648,1193676,Başar Önal,,41,13.6,65.0,0.0584,miss,right-foot,assisted,sofascore
14053648,910022,Rober González,,40,10.1,64.4,0.1036,block,left-foot,assisted,sofascore
14053648,929633,Mohamed Ihattaren,,35,11.5,50.0,0.7884,goal,left-foot,penalty,sofascore
14053648,47753,Bryan Linssen,,28,15.1,48.1,0.1537,goal,right-foot,regular,sofascore
14053648,35208,Tjaronn Chery,,28,9.4,48.7,0.1488,save,left-foot,regular,sofascore
14053648,361780,Calvin Verdonk,,21,20.9,34.2,0.015,miss,left-foot,corner,sofascore
14053648,929633,Mohamed Ihattaren,,16,7.1,29.9,0.0214,block,left-foot,assisted,sofascore
14053648,929633,Mohamed Ihattaren,,4,14.1,36.8,0.034,goal,right-foot,assisted,sofascore
14053649,860158,Kay Tejan,,89,3.4,46.7,0.672,goal,left-foot,assisted,sofascore
14053649,1594488,Adil Lechkar,,89,7.4,54.5,0.1361,miss,left-foot,regular,sofascore
14053649,1218066,Anis Hadj Moussa,,83,14.7,61.7,0.0676,block,left-foot,assisted,sofascore
14053649,955148,Nigel Ogidi Nwankwo,,77,14.1,33.3,0.052,miss,left-foot,regular,sofascore
14053649,1066319,Patrick Brouwer,,71,13.9,72.4,0.0445,miss,right-foot,fast-break,sofascore
14053649,1548838,Soufiane Hetli,,67,12.6,50.5,0.0552,miss,head,assisted,sofascore
14053649,1218066,Anis Hadj Moussa,,63,13.2,57.9,0.2055,goal,left-foot,fast-break,sofascore
14053649,797279,Bart Nieuwkoop,,61,7.0,42.9,0.0703,miss,right-foot,corner,sofascore
14053649,985823,Ayase Ueda,,61,8.4,47.5,0.1257,block,head,corner,sofascore
14053649,959805,Quinten Timber,,61,19.1,52.6,0.1284,save,right-foot,assisted,sofascore
14053649,1548838,Soufiane Hetli,,57,8.3,47.6,0.1219,miss,left-foot,assisted,sofascore
14053649,985823,Ayase Ueda,,46,17.1,55.6,0.4434,save,left-foot,assisted,sofascore
14053649,1548838,Soufiane Hetli,,45,8.8,65.9,0.0416,miss,right-foot,regular,sofascore
14053649,1548838,Soufiane Hetli,,45,9.5,61.2,0.134,block,right-foot,assisted,sofascore
14053649,1918931,Gaoussou Diarra,,41,14.7,28.8,0.0178,save,right-foot,assisted,sofascore
14053649,797279,Bart Nieuwkoop,,41,10.2,62.8,0.1079,save,right-foot,assisted,sofascore
14053649,1548838,Soufiane Hetli,,40,14.0,44.4,0.1347,block,right-foot,assisted,sofascore
14053649,1918931,Gaoussou Diarra,,36,25.3,58.3,0.0168,block,right-foot,assisted,sofascore
14053649,1469336,Tyrese Noslin,,34,3.2,68.3,0.0409,miss,right-foot,assisted,sofascore
14053649,1418395,Neville Nwankwo,,31,7.4,45.4,0.0873,miss,head,set-piece,sofascore
14053649,860160,Gijs Smal,,28,8.0,37.2,0.2856,save,left-foot,assisted,sofascore
14053649,985823,Ayase Ueda,,25,8.0,63.6,0.082,goal,right-foot,assisted,sofascore
14053649,1084609,Tyrone Owusu,,18,25.2,36.4,0.0306,save,right-foot,assisted,sofascore
14053650,235538,Younes Namli,,90,27.0,47.0,0.0287,miss,left-foot,assisted,sofascore
14053650,1149146,Mika Godts,,76,27.4,34.6,0.0155,miss,right-foot,assisted,sofascore
14053650,1142572,Tristan Gooijer,,70,14.3,60.9,0.0951,save,right-foot,assisted,sofascore
14053650,996940,Youri Regeer,,62,10.4,53.2,0.0704,save,left-foot,regular,sofascore
14053650,1001945,Kian Fitz-Jim,,62,19.2,60.5,0.0413,block,left-foot,set-piece,sofascore
14053650,927155,Simon Graves,,56,2.7,49.5,0.3849,miss,head,corner,sofascore
14053650,876233,Thijs Oosting,,54,14.5,44.6,0.1626,save,left-foot,assisted,sofascore
14053650,1403090,Rayane Bounida,,49,15.6,64.8,0.0774,block,left-foot,assisted,sofascore
14053650,97410,Davy Klaassen,,42,9.2,55.0,0.0791,save,right-foot,assisted,sofascore
14053650,252215,Wout Weghorst,,40,15.7,61.7,0.0663,miss,left-foot,assisted,sofascore
14053650,1050828,Zico Buurmeester,,26,26.1,48.6,0.0358,block,left-foot,assisted,sofascore
14053650,1005693,Anselmo Garcia McNulty,,22,2.3,43.1,0.1502,miss,head,corner,sofascore
14053650,235538,Younes Namli,,21,14.9,65.7,0.0458,block,left-foot,assisted,sofascore
14053650,1142572,Tristan Gooijer,,18,3.3,48.8,0.276,block,head,corner,sofascore
14053650,927155,Simon Graves,,13,7.3,38.5,0.0217,miss,head,corner,sofascore
14053651,99960,Jens Toornstra,,90,14.1,66.4,0.0245,miss,right-foot,assisted,sofascore
14053651,959805,Quinten Timber,,90,9.7,41.7,0.1931,goal,right-foot,regular,sofascore
14053651,1218004,Jaden Slory,,90,17.6,29.5,0.0162,block,right-foot,assisted,sofascore
14053651,796943,Tobias Lauritsen,,89,17.0,58.9,0.0703,save,right-foot,assisted,sofascore
14053651,959805,Quinten Timber,,86,7.7,33.8,0.0829,miss,left-foot,assisted,sofascore
14053651,1384486,Thijs Kraaijeveld,,85,23.5,50.9,0.0356,miss,right-foot,assisted,sofascore
14053651,979221,Gonçalo Borges,,83,7.6,60.5,0.1847,block,right-foot,assisted,sofascore
14053651,1388535,Givairo Read,,80,11.7,66.4,0.0649,miss,right-foot,assisted,sofascore
14053651,959805,Quinten Timber,,78,23.8,36.0,0.036,miss,right-foot,assisted,sofascore
14053651,1121400,Luciano Valente,,72,21.0,65.8,0.0211,save,right-foot,corner,sofascore
14053651,944467,Sem Steijn,,69,9.7,53.2,0.1967,post,right-foot,assisted,sofascore
14053651,985823,Ayase Ueda,,65,6.0,47.0,0.4555,goal,right-foot,regular,sofascore
14053651,1121400,Luciano Valente,,65,18.9,65.6,0.0663,save,right-foot,assisted,sofascore
14053651,985823,Ayase Ueda,,65,3.5,32.5,0.0425,block,left-foot,assisted,sofascore
14053651,1218004,Jaden Slory,,65,14.4,47.7,0.2074,block,right-foot,assisted,sofascore
14053651,796943,Tobias Lauritsen,,64,9.7,50.1,0.0754,save,head,set-piece,sofascore
14053651,796943,Tobias Lauritsen,,64,7.4,47.9,0.2102,miss,head,set-piece,sofascore
14053651,1218004,Jaden Slory,,59,10.4,28.4,0.0355,miss,right-foot,assisted,sofascore
14053651,944467,Sem Steijn,,57,9.8,39.5,0.0832,save,right-foot,regular,sofascore
14053651,916926,Shurandy Sambo,,57,24.0,47.9,0.0155,miss,right-foot,corner,sofascore
14053651,1218066,Anis Hadj Moussa,,55,16.3,68.9,0.0177,save,left-foot,assisted,sofascore
14053651,985823,Ayase Ueda,,48,6.4,55.0,0.1972,goal,right-foot,assisted,sofascore
14053651,1150938,Leo Sauer,,45,17.0,37.6,0.0525,block,right-foot,assisted,sofascore
14053651,74577,Patrick van Aanholt,,41,25.9,50.5,0.0276,block,left-foot,set-piece,sofascore
14053651,1150938,Leo Sauer,,39,13.6,35.2,0.0861,save,right-foot,assisted,sofascore
14053651,827662,Mitchell Van Bergen,,32,9.9,40.1,0.1578,block,right-foot,assisted,sofascore
14053651,1144138,Jordan Bos,,29,19.2,53.6,0.0444,goal,left-foot,corner,sofascore
14053651,797279,Bart Nieuwkoop,,25,7.7,59.5,0.073,block,head,set-piece,sofascore
14053651,1150938,Leo Sauer,,17,15.1,71.6,0.028,miss,left-foot,assisted,sofascore
14053651,1121400,Luciano Valente,,12,2.6,53.6,0.2758,save,right-foot,regular,sofascore
14053651,1218066,Anis Hadj Moussa,,9,22.0,75.8,0.0155,save,left-foot,assisted,sofascore
14053652,914392,Jizz Hornkamp,,90,8.5,68.0,0.0176,miss,head,throw-in-set-piece,sofascore
14053652,1136902,Makan Aïko,,89,11.4,52.8,0.2174,miss,right-foot,throw-in-set-piece,sofascore
14053652,1112604,Justin Hubner,,89,24.4,43.2,0.0402,miss,left-foot,throw-in-set-piece,sofascore
14053652,862479,Iván Márquez,,84,11.6,45.4,0.0171,miss,head,corner,sofascore
14053652,788284,Ajdin Hrustić,,79,15.1,56.0,0.1462,save,right-foot,assisted,sofascore
14053652,929633,Mohamed Ihattaren,,78,22.2,72.9,0.0164,block,left-foot,assisted,sofascore
14053652,1136902,Makan Aïko,,75,12.6,63.3,0.1247,miss,left-foot,fast-break,sofascore
14053652,148615,Paul Gladon,,75,20.0,31.8,0.0345,block,right-foot,fast-break,sofascore
14053652,918484,Ivan Mesík,,73,15.0,34.0,0.0441,save,left-foot,assisted,sofascore
14053652,1132766,Philip Brittijn,,72,11.0,41.7,0.1183,miss,left-foot,assisted,sofascore
14053652,862479,Iván Márquez,,61,5.4,50.3,0.1975,miss,other,corner,sofascore
14053652,914392,Jizz Hornkamp,,58,5.5,51.8,0.3903,goal,left-foot,assisted,sofascore
14053652,929633,Mohamed Ihattaren,,57,24.1,32.2,0.0214,save,left-foot,set-piece,sofascore
14053652,974203,Alec Van Hoorenbeeck,,53,6.8,40.9,0.0417,miss,head,corner,sofascore
14053652,1048011,Édouard Michut,,52,16.4,44.0,0.0337,miss,left-foot,set-piece,sofascore
14053652,929633,Mohamed Ihattaren,,52,25.9,59.7,0.0476,block,left-foot,free-kick,sofascore
14053652,1048011,Édouard Michut,,45,20.0,36.1,0.026,miss,right-foot,set-piece,sofascore
14053652,366942,Kristoffer Peterson,,40,10.1,32.2,0.0563,block,right-foot,assisted,sofascore
14053652,1142147,Ryan Fosso,,39,23.2,62.0,0.0252,miss,right-foot,assisted,sofascore
14053652,591044,Dimitris Limnios,,38,15.0,47.1,0.1014,save,right-foot,assisted,sofascore
14053652,366942,Kristoffer Peterson,,25,15.8,37.7,0.3204,goal,right-foot,fast-break,sofascore
14053652,929633,Mohamed Ihattaren,,23,31.9,46.3,0.0092,block,left-foot,set-piece,sofascore
14053652,366942,Kristoffer Peterson,,18,12.0,54.6,0.2273,block,left-foot,regular,sofascore
14053652,929633,Mohamed Ihattaren,,18,11.9,27.2,0.0192,save,left-foot,assisted,sofascore
14053652,788284,Ajdin Hrustić,,17,13.6,54.4,0.1837,miss,left-foot,assisted,sofascore
14053652,1048011,Édouard Michut,,16,13.9,65.8,0.0476,save,right-foot,assisted,sofascore
14053652,855847,Kaj Sierhuis,,10,7.7,43.0,0.0418,miss,head,corner,sofascore
14053652,1048011,Édouard Michut,,7,9.4,37.6,0.0744,miss,left-foot,corner,sofascore
14053652,366942,Kristoffer Peterson,,3,10.5,25.4,0.0277,miss,right-foot,assisted,sofascore
14053653,47753,Bryan Linssen,,90,7.1,41.7,0.088,goal,right-foot,throw-in-set-piece,sofascore
14053653,366942,Kristoffer Peterson,,90,11.2,64.0,0.4064,save,right-foot,assisted,sofascore
14053653,148623,Virgil Misidjan,,87,9.2,47.6,0.1384,block,right-foot,assisted,sofascore
14053653,1214957,Noe Lebreton,,86,19.2,36.2,0.024,block,right-foot,assisted,sofascore
14053653,47753,Bryan Linssen,,86,9.1,48.7,0.0818,save,head,assisted,sofascore
14053653,1214957,Noe Lebreton,,81,10.3,48.5,0.0537,miss,head,assisted,sofascore
14053653,1214957,Noe Lebreton,,76,7.6,45.5,0.0846,miss,head,assisted,sofascore
14053653,1177177,Deveron Fonville,,75,21.6,43.8,0.0596,block,left-foot,regular,sofascore
14053653,1048758,Jasper Dahlhaus,,73,12.0,69.1,0.0314,miss,left-foot,fast-break,sofascore
14053653,929633,Mohamed Ihattaren,,69,28.6,53.7,0.0351,miss,left-foot,free-kick,sofascore
14053653,1112604,Justin Hubner,,65,0.5,47.8,0.9611,goal,head,corner,sofascore
14053653,855847,Kaj Sierhuis,,64,7.7,62.3,0.5096,save,right-foot,fast-break,sofascore
14053653,929633,Mohamed Ihattaren,,59,18.9,66.9,0.0218,goal,left-foot,assisted,sofascore
14053653,35208,Tjaronn Chery,,56,20.9,35.9,0.0317,block,left-foot,regular,sofascore
14053653,1112604,Justin Hubner,,47,5.1,54.4,0.1404,save,head,set-piece,sofascore
14053653,35208,Tjaronn Chery,,45,22.6,61.5,0.0834,block,left-foot,free-kick,sofascore
14053653,1184054,Kodai Sano,,45,18.6,50.2,0.12,block,right-foot,regular,sofascore
14053653,946505,Lance Duijvestijn,,43,8.2,32.7,0.0144,miss,left-foot,corner,sofascore
14053653,1193676,Başar Önal,,30,20.3,37.4,0.0671,miss,right-foot,assisted,sofascore
14053653,940647,Danilo,,30,4.9,53.4,0.2132,save,head,corner,sofascore
14053653,862479,Iván Márquez,,27,4.0,47.7,0.4703,goal,right-foot,set-piece,sofascore
14053653,855847,Kaj Sierhuis,,22,34.3,48.5,0.0274,save,right-foot,free-kick,sofascore
14053653,35208,Tjaronn Chery,,19,7.6,56.4,0.4205,goal,left-foot,regular,sofascore
14053653,35208,Tjaronn Chery,,17,26.9,48.9,0.0224,block,left-foot,assisted,sofascore
14053653,591044,Dimitris Limnios,,11,21.5,39.9,0.0873,save,right-foot,fast-break,sofascore
14053653,1132766,Philip Brittijn,,10,6.7,43.4,0.1013,save,head,corner,sofascore
14053653,831860,Koki Ogawa,,9,11.3,51.9,0.0937,block,right-foot,assisted,sofascore
14053653,855847,Kaj Sierhuis,,4,11.1,45.0,0.0263,miss,head,set-piece,sofascore
14053654,991679,Souffian El Karouani,,90,12.9,32.7,0.0535,miss,left-foot,fast-break,sofascore
14053654,934249,Can Bozdoğan,,90,10.4,65.2,0.1375,save,right-foot,assisted,sofascore
14053654,1402994,Emirhan Demircan,,80,18.3,52.1,0.0704,block,right-foot,set-piece,sofascore
14053654,1214695,Adrian Blake,,75,18.7,51.3,0.0943,miss,left-foot,assisted,sofascore
14053654,1402994,Emirhan Demircan,,69,15.2,44.1,0.0498,miss,right-foot,assisted,sofascore
14053654,1214695,Adrian Blake,,67,22.9,57.0,0.0342,post,left-foot,assisted,sofascore
14053654,1000548,Alonzo Engwanda,,62,29.1,31.6,0.0148,save,right-foot,assisted,sofascore
14053654,856736,Thomas Buitink,,53,2.9,34.3,0.0908,miss,right-foot,assisted,sofascore
14053654,923968,Dylan Mbayo,,52,14.1,50.5,0.2666,miss,left-foot,fast-break,sofascore
14053654,152414,Mike Van der Hoorn,,52,9.5,48.5,0.0638,save,head,corner,sofascore
14053654,1014118,Miguel Rodríguez,,45,19.2,66.9,0.0351,save,left-foot,assisted,sofascore
14053654,946561,Derry Murkin,,44,8.6,38.1,0.1796,goal,left-foot,assisted,sofascore
14053654,1001468,Davy van den Berg,,42,8.6,55.0,0.3179,goal,left-foot,assisted,sofascore
14053654,1014118,Miguel Rodríguez,,37,26.9,44.6,0.0198,block,left-foot,assisted,sofascore
14053654,1014118,Miguel Rodríguez,,22,24.7,46.2,0.0446,miss,left-foot,assisted,sofascore
14053654,815080,Jamiro Monteiro,,13,31.5,44.8,0.0275,miss,right-foot,free-kick,sofascore
14053654,876233,Thijs Oosting,,11,9.2,44.4,0.5197,save,left-foot,regular,sofascore
14053654,966429,David Min,,7,25.6,58.2,0.0239,save,right-foot,assisted,sofascore
14053654,923968,Dylan Mbayo,,3,22.0,70.5,0.0253,save,left-foot,corner,sofascore
14053654,815080,Jamiro Monteiro,,3,7.8,28.8,0.021,block,right-foot,corner,sofascore
14053655,1199214,Milan Smit,,90,12.6,35.6,0.3967,save,right-foot,fast-break,sofascore
14053655,973716,Richonell Margaret,,90,16.7,32.2,0.0319,block,right-foot,fast-break,sofascore
14053655,966429,David Min,,90,0.7,49.5,0.9441,miss,right-foot,regular,sofascore
14053655,856648,Victor Jensen,,90,6.5,53.9,0.3219,save,right-foot,regular,sofascore
14053655,1211982,Miliano Jonathans,,90,5.5,54.4,0.1553,save,head,assisted,sofascore
14053655,934249,Can Bozdoğan,,90,25.1,45.9,0.0305,block,left-foot,regular,sofascore
14053655,794013,Mats Deijl,,90,9.9,45.0,0.1053,miss,left-foot,regular,sofascore
14053655,934249,Can Bozdoğan,,89,18.1,55.5,0.0474,miss,left-foot,assisted,sofascore
14053655,1211982,Miliano Jonathans,,88,9.2,47.6,0.073,block,head,assisted,sofascore
14053655,973716,Richonell Margaret,,82,8.9,45.3,0.1318,goal,right-foot,assisted,sofascore
14053655,909960,Mathis Suray,,74,15.9,55.6,0.1023,goal,left-foot,assisted,sofascore
14053655,966429,David Min,,69,7.9,48.5,0.2158,miss,head,assisted,sofascore
14053655,1199214,Milan Smit,,68,11.7,58.0,0.0622,miss,right-foot,regular,sofascore
14053655,841420,Victor Edvardsen,,68,12.9,60.7,0.0802,block,right-foot,regular,sofascore
14053655,891795,Melle Meulensteen,,66,14.7,45.4,0.048,miss,left-foot,assisted,sofascore
14053655,1433802,Gjivai Zechiël,,64,23.1,19.9,0.0363,block,right-foot,free-kick,sofascore
14053655,1105700,Yoann Cathline,,59,25.3,40.7,0.0163,save,right-foot,assisted,sofascore
14053655,1433802,Gjivai Zechiël,,50,7.4,32.2,0.0449,goal,right-foot,assisted,sofascore
14053655,1199214,Milan Smit,,45,29.6,61.7,0.0131,save,right-foot,assisted,sofascore
14053655,1014118,Miguel Rodríguez,,39,16.2,44.7,0.0689,save,left-foot,assisted,sofascore
14053655,996992,Matisse Didden,,36,7.4,48.0,0.0914,save,head,corner,sofascore
14053655,1105700,Yoann Cathline,,36,12.6,34.8,0.0292,block,left-foot,corner,sofascore
14053655,794013,Mats Deijl,,33,9.9,55.8,0.0217,save,other,assisted,sofascore
14053655,891795,Melle Meulensteen,,21,21.0,60.5,0.0282,save,right-foot,assisted,sofascore
14053655,996992,Matisse Didden,,20,10.1,47.7,0.0503,miss,head,set-piece,sofascore
14053655,1105700,Yoann Cathline,,12,13.2,39.7,0.0541,goal,right-foot,assisted,sofascore
14053655,1014118,Miguel Rodríguez,,8,28.7,45.4,0.0132,miss,left-foot,regular,sofascore
14053655,1433802,Gjivai Zechiël,,1,14.2,48.7,0.0645,save,right-foot,throw-in-set-piece,sofascore
14053656,571964,Enes Mahmutović,,90,7.6,48.5,0.0901,miss,head,corner,sofascore
14053656,1066319,Patrick Brouwer,,85,6.1,54.2,0.4517,goal,left-foot,regular,sofascore
14053656,385300,Jeff Hardeveld,,85,14.1,33.1,0.0657,save,left-foot,assisted,sofascore
14053656,1157777,Jochem Ritmeester van de Kamp,,83,14.0,52.2,0.1698,goal,left-foot,throw-in-set-piece,sofascore
14053656,1066319,Patrick Brouwer,,77,21.5,34.4,0.0277,save,right-foot,regular,sofascore
14053656,302690,Danny Bakker,,70,7.6,48.9,0.0997,miss,head,corner,sofascore
14053656,927440,Kamal Sowah,,66,21.6,37.0,0.0267,miss,left-foot,corner,sofascore
14053656,571964,Enes Mahmutović,,64,13.8,55.4,0.0322,miss,right-foot,set-piece,sofascore
14053656,2197943,Pepijn Reulen,,62,5.5,30.7,0.0656,miss,left-foot,regular,sofascore
14053656,385300,Jeff Hardeveld,,53,27.0,58.5,0.0446,save,left-foot,free-kick,sofascore
14053656,1088895,Mohamed Nassoh,,45,28.5,61.5,0.012,block,left-foot,assisted,sofascore
14053656,1157777,Jochem Ritmeester van de Kamp,,38,8.1,53.6,0.1561,goal,head,assisted,sofascore
14053656,987077,Nökkvi Þórisson,,34,13.9,67.7,0.0249,block,left-foot,assisted,sofascore
14053656,302690,Danny Bakker,,31,10.3,53.2,0.0274,block,head,corner,sofascore
14053656,1548834,Sem van Duijn,,28,15.0,54.2,0.0207,block,head,assisted,sofascore
14053656,1150154,Nils Rossen,,23,10.8,45.6,0.06,save,head,regular,sofascore
14053656,987077,Nökkvi Þórisson,,23,13.3,40.3,0.0928,block,right-foot,assisted,sofascore
14053656,302690,Danny Bakker,,19,9.9,38.8,0.0164,miss,head,corner,sofascore
14053656,1638564,Cedric Hatenboer,,15,13.7,33.6,0.0474,miss,right-foot,assisted,sofascore
14053656,927440,Kamal Sowah,,10,26.2,48.1,0.0174,miss,right-foot,regular,sofascore
14053656,27035,André Ayew,,5,8.8,50.5,0.122,miss,head,assisted,sofascore
14053656,571964,Enes Mahmutović,,3,11.6,54.0,0.023,miss,head,corner,sofascore
14053656,1096511,Maximilien Balard,,3,24.4,49.7,0.0173,block,right-foot,corner,sofascore
14053656,990814,Charles-Andreas Brym,,2,18.1,34.4,0.0289,block,right-foot,set-piece,sofascore
14053657,1515525,Cherrion Valerius,,90,8.6,52.8,0.1162,block,head,set-piece,sofascore
14053657,1118181,Lequincio Zeefuik,,90,25.6,67.3,0.0344,miss,right-foot,assisted,sofascore
14053657,980671,Sven Mijnans,,89,9.2,47.7,0.4754,goal,left-foot,assisted,sofascore
14053657,1087931,Isak Steiner Jensen,,88,20.9,34.6,0.0326,save,right-foot,assisted,sofascore
14053657,1087931,Isak Steiner Jensen,,85,4.2,39.1,0.0823,save,head,assisted,sofascore
14053657,1405756,Kees Smit,,82,18.9,49.7,0.0695,block,left-foot,assisted,sofascore
14053657,1148468,Weslley Patati,,80,11.7,81.6,0.0282,miss,left-foot,assisted,sofascore
14053657,980671,Sven Mijnans,,78,19.7,67.9,0.0301,miss,left-foot,assisted,sofascore
14053657,927440,Kamal Sowah,,77,24.7,35.6,0.0326,save,left-foot,assisted,sofascore
14053657,1012927,Rio Hillen,,74,6.9,30.9,0.0449,block,left-foot,throw-in-set-piece,sofascore
14053657,1148468,Weslley Patati,,71,8.2,55.8,0.5409,miss,left-foot,fast-break,sofascore
14053657,980671,Sven Mijnans,,66,5.4,46.0,0.4861,miss,right-foot,corner,sofascore
14053657,1008111,Denso Kasius,,66,16.3,60.5,0.0421,miss,right-foot,corner,sofascore
14053657,922018,Peer Koopmeiners,,63,23.4,28.2,0.0236,miss,right-foot,assisted,sofascore
14053657,1148468,Weslley Patati,,61,7.9,69.5,0.0371,miss,right-foot,regular,sofascore
14053657,1008111,Denso Kasius,,59,20.9,67.1,0.0353,save,right-foot,assisted,sofascore
14053657,1145989,Ro-Zangelo Daal,,57,11.6,32.9,0.0303,block,right-foot,assisted,sofascore
14053657,990814,Charles-Andreas Brym,,56,11.5,50.0,0.7884,miss,right-foot,penalty,sofascore
14053657,1004278,Alexandre Penetra,,51,6.4,61.3,0.0536,block,right-foot,corner,sofascore
14053657,912651,Boyd Lucassen,,49,7.1,51.5,0.158,save,head,throw-in-set-piece,sofascore
14053657,1405756,Kees Smit,,48,23.7,45.8,0.0193,post,right-foot,assisted,sofascore
14053657,893559,Mees De Wit,,45,6.3,40.3,0.2418,save,right-foot,assisted,sofascore
14053657,905174,Ibrahim Sadiq,,45,9.8,32.3,0.1032,save,right-foot,assisted,sofascore
14053657,905174,Ibrahim Sadiq,,44,12.0,32.5,0.0569,save,right-foot,assisted,sofascore
14053657,1405756,Kees Smit,,44,19.2,40.1,0.101,block,right-foot,assisted,sofascore
14053657,922018,Peer Koopmeiners,,44,22.5,51.7,0.0359,block,right-foot,regular,sofascore
14053657,858242,Boy Kemper,,37,7.6,32.1,0.0245,save,left-foot,assisted,sofascore
14053657,927440,Kamal Sowah,,36,2.4,48.5,0.5404,save,right-foot,set-piece,sofascore
14053657,1012927,Rio Hillen,,36,4.3,46.0,0.3001,save,left-foot,set-piece,sofascore
14053657,1153117,Mexx Meerdink,,32,13.8,33.3,0.0234,block,left-foot,assisted,sofascore
14053657,927440,Kamal Sowah,,14,10.7,31.3,0.0403,miss,left-foot,assisted,sofascore
14053657,927440,Kamal Sowah,,8,14.4,28.7,0.0294,block,left-foot,assisted,sofascore
14053657,1149147,Juho Talvitie,,7,21.8,51.7,0.0489,save,left-foot,assisted,sofascore
14053657,1008111,Denso Kasius,,4,9.2,67.7,0.0728,miss,left-foot,corner,sofascore
14053657,893559,Mees De Wit,,4,7.4,27.6,0.0558,save,left-foot,assisted,sofascore
14053657,1405756,Kees Smit,,2,11.0,46.4,0.1102,block,right-foot,assisted,sofascore
14053658,1586644,Eser Gürbüz,,90,14.7,46.4,0.0585,block,left-foot,throw-in-set-piece,sofascore
14053658,1586644,Eser Gürbüz,,86,9.7,67.9,0.0681,save,left-foot,assisted,sofascore
14053658,1586644,Eser Gürbüz,,85,18.1,68.5,0.0535,save,left-foot,assisted,sofascore
14053658,1627623,Marcus Linday,,80,19.7,52.3,0.0476,block,right-foot,assisted,sofascore
14053658,927605,Kaj de Rooij,,78,22.2,27.7,0.0286,save,right-foot,assisted,sofascore
14053658,794014,Luuk Brouwers,,74,7.0,48.1,0.1276,save,head,assisted,sofascore
14053658,1050828,Zico Buurmeester,,71,17.6,51.7,0.1026,block,right-foot,regular,sofascore
14053658,1150061,Oliver Braude,,68,23.9,75.6,0.0134,miss,right-foot,assisted,sofascore
14053658,825843,Dylan Vente,,62,7.0,48.3,0.5572,save,right-foot,assisted,sofascore
14053658,1015627,Jacob Trenskow,,62,15.8,55.6,0.0735,block,left-foot,regular,sofascore
14053658,815080,Jamiro Monteiro,,61,25.2,29.4,0.015,miss,right-foot,assisted,sofascore
14053658,1015627,Jacob Trenskow,,56,16.0,57.7,0.1826,save,left-foot,assisted,sofascore
14053658,1014408,Maxence Rivera,,52,24.7,35.4,0.0497,save,right-foot,free-kick,sofascore
14053658,825843,Dylan Vente,,50,10.7,70.5,0.034,miss,right-foot,assisted,sofascore
14053658,1015627,Jacob Trenskow,,48,18.7,64.6,0.0415,miss,left-foot,assisted,sofascore
14053658,815080,Jamiro Monteiro,,45,20.9,35.7,0.0662,miss,right-foot,free-kick,sofascore
14053658,992018,Ringo Meerveld,,45,11.2,37.6,0.0387,miss,left-foot,assisted,sofascore
14053658,966655,Shola Shoretire,,40,4.2,51.6,0.9108,goal,left-foot,regular,sofascore
14053658,927605,Kaj de Rooij,,40,14.8,46.2,0.6021,save,right-foot,assisted,sofascore
14053658,876233,Thijs Oosting,,38,8.6,72.0,0.0143,block,left-foot,regular,sofascore
14053658,992018,Ringo Meerveld,,36,3.7,60.9,0.2829,goal,right-foot,assisted,sofascore
14053658,794014,Luuk Brouwers,,31,25.8,54.2,0.0364,miss,left-foot,assisted,sofascore
14053658,876233,Thijs Oosting,,28,6.9,44.1,0.2796,goal,head,fast-break,sofascore
14053658,927605,Kaj de Rooij,,24,12.6,37.1,0.0444,miss,right-foot,assisted,sofascore
14053658,1014408,Maxence Rivera,,17,14.2,33.8,0.0425,miss,right-foot,assisted,sofascore
14053658,825843,Dylan Vente,,9,11.7,40.9,0.1451,block,left-foot,assisted,sofascore
14053658,1064426,Vasilios Zagaritis,,8,25.1,31.5,0.0123,miss,left-foot,regular,sofascore
14053658,876233,Thijs Oosting,,5,20.0,51.3,0.0194,miss,left-foot,set-piece,sofascore
14053658,1014408,Maxence Rivera,,3,12.5,32.9,0.0576,block,right-foot,fast-break,sofascore
14053658,847073,Koen Kostons,,2,6.7,61.2,0.0747,block,right-foot,assisted,sofascore
14053659,825843,Dylan Vente,,90,11.6,74.2,0.0298,save,right-foot,fast-break,sofascore
14053659,1050672,Casper Terho,,90,28.5,56.8,0.0167,miss,left-foot,assisted,sofascore
14053659,827662,Mitchell Van Bergen,,86,30.0,12.3,0.0154,goal,right-foot,assisted,sofascore
14053659,913584,Joshua Kitolano,,84,28.7,41.1,0.0333,save,right-foot,free-kick,sofascore
14053659,794014,Luuk Brouwers,,82,5.7,67.1,0.0572,goal,right-foot,regular,sofascore
14053659,1015627,Jacob Trenskow,,82,13.0,61.7,0.093,block,left-foot,assisted,sofascore
14053659,827662,Mitchell Van Bergen,,81,18.5,29.8,0.0251,miss,right-foot,assisted,sofascore
14053659,99960,Jens Toornstra,,80,27.2,54.2,0.0193,miss,right-foot,regular,sofascore
14053659,1050672,Casper Terho,,78,14.4,63.6,0.0545,block,left-foot,fast-break,sofascore
14053659,1132765,Maas Willemsen,,69,5.5,45.9,0.1619,block,left-foot,corner,sofascore
14053659,913584,Joshua Kitolano,,63,19.5,50.9,0.0612,miss,left-foot,throw-in-set-piece,sofascore
14053659,1014408,Maxence Rivera,,62,20.3,30.9,0.0266,save,right-foot,assisted,sofascore
14053659,827662,Mitchell Van Bergen,,54,24.3,65.6,0.0229,block,left-foot,assisted,sofascore
14053659,1648751,Ayoni Santos,,53,13.2,37.6,0.0881,block,right-foot,regular,sofascore
14053659,795135,Pelle Clement,,50,47.4,49.8,0.013,miss,right-foot,fast-break,sofascore
14053659,1014408,Maxence Rivera,,49,24.6,42.3,0.0267,miss,left-foot,assisted,sofascore
14053659,1648751,Ayoni Santos,,45,7.3,52.5,0.4754,miss,head,regular,sofascore
14053659,796943,Tobias Lauritsen,,43,22.5,43.0,0.031,save,left-foot,assisted,sofascore
14053659,1015627,Jacob Trenskow,,42,13.9,64.6,0.0307,block,left-foot,assisted,sofascore
14053659,1015627,Jacob Trenskow,,40,8.8,58.9,0.0924,goal,left-foot,regular,sofascore
14053659,1129996,Hristiyan Petrov,,38,7.4,63.8,0.0135,block,head,corner,sofascore
14053659,1014408,Maxence Rivera,,38,12.2,39.9,0.1122,block,right-foot,assisted,sofascore
14053659,1028070,Lasse Selvåg Nordås,,34,12.8,40.9,0.0676,miss,left-foot,assisted,sofascore
14053659,827662,Mitchell Van Bergen,,29,24.0,48.9,0.0291,block,left-foot,regular,sofascore
14053659,1015627,Jacob Trenskow,,19,7.0,55.8,0.2715,block,left-foot,regular,sofascore
14053659,992018,Ringo Meerveld,,19,11.1,51.3,0.2446,block,right-foot,assisted,sofascore
14053659,1028070,Lasse Selvåg Nordås,,5,5.5,58.1,0.0761,block,left-foot,corner,sofascore
14053659,1129996,Hristiyan Petrov,,5,4.2,57.3,0.1148,block,head,corner,sofascore
14053659,1028070,Lasse Selvåg Nordås,,1,13.0,42.4,0.1143,miss,left-foot,assisted,sofascore
14053660,1149146,Mika Godts,,86,6.5,41.9,0.5525,goal,left-foot,assisted,sofascore
14053660,1885838,Gabriel Reiziger,,82,8.3,55.6,0.1307,miss,head,assisted,sofascore
14053660,1120315,Anton Gaaei,,76,8.3,70.2,0.0346,miss,right-foot,regular,sofascore
14053660,1155158,Oscar Gloukh,,73,12.3,53.5,0.2038,save,right-foot,assisted,sofascore
14053660,927605,Kaj de Rooij,,69,11.3,32.7,0.0707,goal,left-foot,fast-break,sofascore
14053660,333571,Ryan Thomas,,63,20.4,36.8,0.0137,block,right-foot,set-piece,sofascore
14053660,333571,Ryan Thomas,,53,22.0,59.5,0.0362,block,right-foot,assisted,sofascore
14053660,333571,Ryan Thomas,,52,14.8,56.8,0.0547,save,left-foot,assisted,sofascore
14053660,1149146,Mika Godts,,37,9.2,39.3,0.3676,goal,right-foot,assisted,sofascore
14053660,1120315,Anton Gaaei,,31,3.9,68.9,0.036,miss,right-foot,assisted,sofascore
14053660,252215,Wout Weghorst,,30,6.1,36.6,0.0167,block,head,corner,sofascore
14053660,1149146,Mika Godts,,26,13.6,36.2,0.0392,miss,right-foot,assisted,sofascore
14053660,1149146,Mika Godts,,24,7.4,67.3,0.0788,miss,right-foot,fast-break,sofascore
14053660,1005693,Anselmo Garcia McNulty,,24,8.1,46.7,0.1804,save,head,set-piece,sofascore
14053660,97410,Davy Klaassen,,18,14.7,40.1,0.3696,goal,right-foot,assisted,sofascore
14053660,959806,Kenneth Taylor,,16,17.8,42.1,0.0981,save,right-foot,assisted,sofascore
14053660,252215,Wout Weghorst,,15,10.0,50.4,0.5487,save,left-foot,fast-break,sofascore
14053660,252215,Wout Weghorst,,12,4.2,45.0,0.2471,save,left-foot,assisted,sofascore
14053660,847073,Koen Kostons,,7,14.4,53.2,0.0227,miss,head,assisted,sofascore
14053660,847073,Koen Kostons,,6,21.5,31.5,0.0216,block,right-foot,assisted,sofascore
14053661,1009285,Szymon Włodarczyk,,90,8.0,45.2,0.076,miss,right-foot,corner,sofascore
14053661,1009285,Szymon Włodarczyk,,90,7.1,47.4,0.1015,block,head,corner,sofascore
14053661,899644,Ilias Bronkhorst,,90,8.3,39.7,0.0385,save,head,corner,sofascore
14053661,1009285,Szymon Włodarczyk,,90,3.9,70.9,0.0264,save,right-foot,regular,sofascore
14053661,1090328,Stije Resink,,90,11.5,50.0,0.7884,goal,right-foot,penalty,sofascore
14053661,1009285,Szymon Włodarczyk,,87,2.4,50.5,0.9663,miss,head,regular,sofascore
14053661,946950,Simon Janssen,,87,11.1,28.6,0.0352,save,left-foot,assisted,sofascore
14053661,1090328,Stije Resink,,75,24.7,36.4,0.0229,miss,right-foot,assisted,sofascore
14053661,1413536,Thom van Bergen,,74,20.4,41.3,0.064,block,right-foot,assisted,sofascore
14053661,1893852,Jerolldino Bergraaf,,73,29.4,47.9,0.0151,miss,left-foot,assisted,sofascore
14053661,1893852,Jerolldino Bergraaf,,68,13.3,43.2,0.0191,miss,head,assisted,sofascore
14053661,1413536,Thom van Bergen,,61,8.6,50.9,0.7299,goal,right-foot,regular,sofascore
14053661,1126966,Gyan de Regt,,59,8.6,16.2,0.0384,miss,right-foot,free-kick,sofascore
14053661,1413536,Thom van Bergen,,57,6.9,56.4,0.3843,save,right-foot,assisted,sofascore
14053661,1470010,Dies Janse,,51,1.9,40.8,0.0951,miss,left-foot,corner,sofascore
14053661,1424404,Jorg Schreuders,,50,21.0,75.4,0.0161,save,right-foot,assisted,sofascore
14053661,1146623,Younes Taha,,47,32.5,72.2,0.0154,miss,left-foot,assisted,sofascore
14053661,1090328,Stije Resink,,44,24.6,57.3,0.0208,block,left-foot,corner,sofascore
14053661,1146623,Younes Taha,,42,8.8,63.0,0.1063,miss,left-foot,regular,sofascore
14053661,1048487,Noah Naujoks,,39,6.1,54.0,0.1201,miss,head,corner,sofascore
14053661,1046142,Derensili Sanches Fernandes,,38,13.6,60.9,0.0973,save,right-foot,assisted,sofascore
14053661,1046142,Derensili Sanches Fernandes,,36,12.0,70.1,0.0481,block,left-foot,assisted,sofascore
14053661,1090328,Stije Resink,,35,9.9,40.3,0.4163,save,left-foot,assisted,sofascore
14053661,907520,Brynjólfur Darri Willumsson,,34,9.2,44.4,0.3758,miss,right-foot,regular,sofascore
14053661,1048487,Noah Naujoks,,34,4.0,68.1,0.1901,miss,right-foot,assisted,sofascore
14053661,1413536,Thom van Bergen,,33,2.4,58.3,0.2678,miss,right-foot,assisted,sofascore
14053661,1413536,Thom van Bergen,,32,15.7,52.3,0.0528,block,left-foot,assisted,sofascore
14053661,1413536,Thom van Bergen,,28,28.3,43.2,0.0324,save,right-foot,assisted,sofascore
14053661,1413536,Thom van Bergen,,28,5.7,46.2,0.1552,block,head,assisted,sofascore
14053661,1090328,Stije Resink,,18,36.5,34.8,0.0157,miss,right-foot,fast-break,sofascore
14053661,907520,Brynjólfur Darri Willumsson,,18,15.3,43.0,0.0545,save,right-foot,assisted,sofascore
14053661,1424404,Jorg Schreuders,,13,9.5,63.0,0.2929,save,right-foot,assisted,sofascore
14053661,1891895,Stijn Middendorp,,11,11.3,58.7,0.1128,miss,left-foot,assisted,sofascore
14053661,1146623,Younes Taha,,6,23.4,45.2,0.0485,miss,left-foot,assisted,sofascore
14053661,1126966,Gyan de Regt,,2,11.1,36.4,0.1021,save,right-foot,regular,sofascore
14053661,910053,Arthur Zagre,,2,4.2,32.7,0.0555,save,left-foot,regular,sofascore
14053662,35208,Tjaronn Chery,,87,28.9,33.2,0.016,miss,left-foot,assisted,sofascore
14053662,35208,Tjaronn Chery,,86,11.5,50.0,0.7884,post,left-foot,penalty,sofascore
14053662,856744,Myron Boadu,,82,18.7,38.3,0.1192,miss,right-foot,fast-break,sofascore
14053662,1499696,Kento Shiogai,,77,18.4,48.5,0.0799,save,right-foot,regular,sofascore
14053662,1063767,Ismael Saibari,,76,2.2,59.8,0.0835,save,left-foot,assisted,sofascore
14053662,1499696,Kento Shiogai,,75,12.5,43.3,0.1479,block,left-foot,regular,sofascore
14053662,148623,Virgil Misidjan,,75,16.0,31.1,0.0343,block,right-foot,assisted,sofascore
14053662,1046960,Ryan Flamingo,,75,6.7,65.0,0.0102,miss,head,corner,sofascore
14053662,856744,Myron Boadu,,74,15.4,43.3,0.4339,save,left-foot,assisted,sofascore
14053662,856744,Myron Boadu,,72,7.6,50.9,0.0943,goal,head,corner,sofascore
14053662,844234,Jerdy Schouten,,71,18.1,51.9,0.0687,save,right-foot,assisted,sofascore
14053662,1063767,Ismael Saibari,,71,7.6,51.5,0.1048,miss,head,assisted,sofascore
14053662,35208,Tjaronn Chery,,69,14.1,46.1,0.2311,goal,left-foot,throw-in-set-piece,sofascore
14053662,35208,Tjaronn Chery,,68,28.7,50.1,0.0351,save,left-foot,free-kick,sofascore
14053662,1214957,Noe Lebreton,,67,13.6,40.3,0.0471,block,left-foot,assisted,sofascore
14053662,1394147,Sami Ouaissa,,55,13.4,68.8,0.0519,block,left-foot,fast-break,sofascore
14053662,958317,Youssef el Kachati,,53,21.6,55.0,0.0415,goal,right-foot,regular,sofascore
14053662,986395,Ricardo Pepi,,49,7.7,47.4,0.302,goal,head,assisted,sofascore
14053662,35208,Tjaronn Chery,,47,22.0,61.6,0.0471,miss,left-foot,corner,sofascore
14053662,35208,Tjaronn Chery,,46,7.6,60.9,0.2074,save,left-foot,regular,sofascore
14053662,47753,Bryan Linssen,,46,8.5,25.4,0.0184,miss,right-foot,regular,sofascore
14053662,850816,Joey Veerman,,45,19.5,39.3,0.0312,block,right-foot,assisted,sofascore
14053662,844234,Jerdy Schouten,,45,24.3,44.2,0.055,block,left-foot,assisted,sofascore
14053662,1063767,Ismael Saibari,,45,15.0,48.7,0.3598,save,left-foot,assisted,sofascore
14053662,1184054,Kodai Sano,,45,26.9,50.3,0.019,block,right-foot,assisted,sofascore
14053662,38710,Ivan Perišić,,42,7.6,66.6,0.074,miss,right-foot,assisted,sofascore
14053662,47753,Bryan Linssen,,37,7.1,59.3,0.0322,miss,head,corner,sofascore
14053662,850816,Joey Veerman,,33,24.7,49.1,0.0459,goal,right-foot,assisted,sofascore
14053662,148623,Virgil Misidjan,,32,16.5,49.6,0.0517,goal,right-foot,assisted,sofascore
14053662,1212550,Ruben van Bommel,,30,6.8,35.0,0.6145,goal,left-foot,fast-break,sofascore
14053662,35208,Tjaronn Chery,,22,22.8,52.8,0.0469,miss,left-foot,assisted,sofascore
14053662,148623,Virgil Misidjan,,18,24.5,32.0,0.0097,save,right-foot,assisted,sofascore
14053662,1063767,Ismael Saibari,,17,7.4,41.7,0.1067,save,left-foot,assisted,sofascore
14053662,958317,Youssef el Kachati,,14,30.6,51.3,0.0397,miss,right-foot,fast-break,sofascore
14053662,1212550,Ruben van Bommel,,13,15.1,36.0,0.0535,save,right-foot,assisted,sofascore
14053662,986395,Ricardo Pepi,,12,14.4,43.4,0.1601,goal,right-foot,assisted,sofascore
14053662,845798,Guus Til,,4,15.1,67.3,0.0402,block,right-foot,assisted,sofascore
14053662,961685,Dirk Wanner Proper,,3,19.7,46.4,0.0575,block,left-foot,assisted,sofascore
14053663,156676,Robert Mühren,,90,3.6,47.7,0.9354,goal,left-foot,regular,sofascore
14053663,1481354,Precious Ugwu,,90,10.2,69.3,0.0795,post,right-foot,assisted,sofascore
14053663,1413536,Thom van Bergen,,90,1.7,55.6,0.5799,goal,right-foot,throw-in-set-piece,sofascore
14053663,1146623,Younes Taha,,90,18.1,55.8,0.0693,block,left-foot,assisted,sofascore
14053663,1146623,Younes Taha,,88,25.7,47.9,0.0247,save,left-foot,assisted,sofascore
14053663,1095406,Aurelio Oehlers,,87,12.0,31.5,0.2465,miss,right-foot,fast-break,sofascore
14053663,1413536,Thom van Bergen,,84,14.2,43.8,0.073,save,left-foot,regular,sofascore
14053663,156676,Robert Mühren,,83,11.1,54.0,0.1704,miss,right-foot,assisted,sofascore
14053663,318745,Oskar Zawada,,81,25.3,35.1,0.0122,miss,left-foot,assisted,sofascore
14053663,1413536,Thom van Bergen,,78,3.6,51.1,0.8608,miss,left-foot,set-piece,sofascore
14053663,163541,Mats Seuntjens,,78,20.0,35.6,0.0732,save,right-foot,free-kick,sofascore
14053663,156676,Robert Mühren,,75,9.2,48.7,0.1468,miss,head,assisted,sofascore
14053663,1878212,David van der Werff,,74,28.8,64.5,0.0176,miss,right-foot,assisted,sofascore
14053663,996982,Yannick Leliendal,,74,15.5,30.0,0.0318,save,left-foot,assisted,sofascore
14053663,1146623,Younes Taha,,72,21.8,68.9,0.0508,block,left-foot,free-kick,sofascore
14053663,1413536,Thom van Bergen,,71,9.5,69.5,0.0404,miss,right-foot,assisted,sofascore
14053663,2216656,Robin van Cruijsen,,64,15.4,57.5,0.0501,miss,right-foot,assisted,sofascore
14053663,1095406,Aurelio Oehlers,,56,15.8,34.0,0.0447,goal,right-foot,assisted,sofascore
14053663,907520,Brynjólfur Darri Willumsson,,54,9.1,68.5,0.0309,save,right-foot,assisted,sofascore
14053663,907520,Brynjólfur Darri Willumsson,,45,6.1,48.3,0.5794,miss,left-foot,assisted,sofascore
14053663,1121401,Thijmen Blokzijl,,45,11.3,56.0,0.2903,miss,right-foot,assisted,sofascore
14053663,252885,Brandley Kuwas,,45,11.5,50.0,0.7884,goal,left-foot,penalty,sofascore
14053663,1413536,Thom van Bergen,,38,11.6,52.6,0.0675,post,right-foot,assisted,sofascore
14053663,1090328,Stije Resink,,35,25.4,34.6,0.0261,miss,right-foot,assisted,sofascore
14053663,907520,Brynjólfur Darri Willumsson,,34,12.3,67.7,0.0551,block,right-foot,fast-break,sofascore
14053663,1520752,Benjamin Pauwels,,33,17.8,35.6,0.0249,block,right-foot,assisted,sofascore
14053663,1146623,Younes Taha,,28,26.6,54.4,0.0489,miss,left-foot,free-kick,sofascore
14053663,1520752,Benjamin Pauwels,,19,12.0,24.8,0.0233,miss,right-foot,assisted,sofascore
14053663,1090328,Stije Resink,,16,5.1,49.7,0.5062,goal,head,set-piece,sofascore
14053663,1470010,Dies Janse,,15,3.2,50.5,0.3085,miss,head,corner,sofascore
14053663,1146623,Younes Taha,,14,13.5,63.8,0.0622,block,left-foot,assisted,sofascore
14053663,1878212,David van der Werff,,12,26.6,30.3,0.0191,save,right-foot,assisted,sofascore
14053663,1878212,David van der Werff,,8,9.1,75.4,0.0128,save,right-foot,corner,sofascore
14053663,1413536,Thom van Bergen,,7,7.9,67.5,0.0408,block,right-foot,regular,sofascore
14053663,1413536,Thom van Bergen,,7,4.5,42.1,0.1137,miss,head,assisted,sofascore
14053663,1413536,Thom van Bergen,,6,11.6,40.3,0.0943,miss,right-foot,regular,sofascore
14053663,1878212,David van der Werff,,6,13.3,57.7,0.1882,save,right-foot,assisted,sofascore
14053663,76160,Marvin Peersman,,5,2.3,60.3,0.0568,miss,head,corner,sofascore
14053663,1146623,Younes Taha,,4,27.1,45.6,0.0275,block,left-foot,assisted,sofascore
14053663,1100399,Ozan Kökçü,,3,26.5,34.6,0.0225,block,right-foot,assisted,sofascore
14053664,847073,Koen Kostons,,90,8.5,44.2,0.1642,goal,right-foot,set-piece,sofascore
14053664,959805,Quinten Timber,,90,28.4,48.7,0.0176,save,right-foot,assisted,sofascore
14053664,1381819,Jan Faberski,,88,9.1,67.7,0.0652,save,left-foot,assisted,sofascore
14053664,957937,Casper Tengstedt,,84,11.8,40.7,0.4929,goal,right-foot,assisted,sofascore
14053664,1142572,Tristan Gooijer,,81,18.4,66.2,0.0259,save,right-foot,assisted,sofascore
14053664,979221,Gonçalo Borges,,80,18.2,44.2,0.0411,miss,right-foot,assisted,sofascore
14053664,957937,Casper Tengstedt,,77,5.2,40.5,0.0943,block,right-foot,assisted,sofascore
14053664,927155,Simon Graves,,76,5.3,46.8,0.3376,post,left-foot,set-piece,sofascore
14053664,1144138,Jordan Bos,,72,18.5,44.6,0.0392,miss,left-foot,corner,sofascore
14053664,957937,Casper Tengstedt,,71,12.2,44.0,0.0974,save,right-foot,assisted,sofascore
14053664,959805,Quinten Timber,,71,20.3,37.2,0.0492,miss,right-foot,assisted,sofascore
14053664,1218066,Anis Hadj Moussa,,67,13.5,53.9,0.089,miss,left-foot,corner,sofascore
14053664,944467,Sem Steijn,,64,5.4,44.8,0.176,post,right-foot,assisted,sofascore
14053664,959805,Quinten Timber,,64,9.9,47.9,0.1092,block,right-foot,regular,sofascore
14053664,860160,Gijs Smal,,61,2.8,41.0,0.162,miss,left-foot,corner,sofascore
14053664,979221,Gonçalo Borges,,61,7.9,54.0,0.1405,save,right-foot,assisted,sofascore
14053664,959805,Quinten Timber,,61,19.6,64.8,0.0374,post,right-foot,assisted,sofascore
14053664,985823,Ayase Ueda,,55,6.0,49.6,0.1555,goal,head,corner,sofascore
14053664,979221,Gonçalo Borges,,52,10.2,31.9,0.0391,block,left-foot,assisted,sofascore
14053664,966655,Shola Shoretire,,51,13.6,46.6,0.073,block,left-foot,assisted,sofascore
14053664,1050828,Zico Buurmeester,,47,13.9,27.6,0.0372,save,right-foot,assisted,sofascore
14053664,847073,Koen Kostons,,46,7.5,32.7,0.0604,block,left-foot,assisted,sofascore
14053664,1218066,Anis Hadj Moussa,,44,1.1,59.1,0.0813,save,left-foot,assisted,sofascore
14053664,985823,Ayase Ueda,,42,12.5,53.4,0.0434,goal,head,assisted,sofascore
14053664,959805,Quinten Timber,,37,11.5,50.0,0.7884,goal,right-foot,penalty,sofascore
14053664,1218066,Anis Hadj Moussa,,35,11.1,63.4,0.1004,save,right-foot,regular,sofascore
14053664,942213,Tsuyoshi Watanabe,,29,6.1,67.3,0.0107,miss,head,set-piece,sofascore
14053664,979221,Gonçalo Borges,,25,12.5,43.3,0.1183,save,right-foot,regular,sofascore
14053664,985823,Ayase Ueda,,20,13.0,55.1,0.0966,goal,right-foot,assisted,sofascore
14053664,985823,Ayase Ueda,,11,5.7,51.1,0.3498,goal,head,assisted,sofascore
14053664,1121400,Luciano Valente,,10,19.2,46.9,0.0355,block,right-foot,assisted,sofascore
14053664,985823,Ayase Ueda,,1,8.1,69.6,0.0397,miss,right-foot,assisted,sofascore
14053665,1199214,Milan Smit,,90,8.1,55.4,0.0446,miss,head,corner,sofascore
14053665,825906,Oscar Pettersson,,90,9.8,68.5,0.066,save,right-foot,assisted,sofascore
14053665,909960,Mathis Suray,,90,17.5,35.2,0.057,block,right-foot,regular,sofascore
14053665,2166694,Key Shawn Soij,,90,9.5,30.3,0.1291,miss,left-foot,fast-break,sofascore
14053665,1100399,Ozan Kökçü,,90,19.9,58.5,0.0695,block,right-foot,assisted,sofascore
14053665,909960,Mathis Suray,,90,33.0,38.3,0.0493,save,right-foot,regular,sofascore
14053665,1100399,Ozan Kökçü,,82,19.5,29.7,0.0603,save,right-foot,assisted,sofascore
14053665,1100399,Ozan Kökçü,,81,11.6,38.2,0.0915,miss,right-foot,regular,sofascore
14053665,2199363,Robin van Cruijsen,,81,8.8,45.2,0.1318,block,right-foot,regular,sofascore
14053665,313264,Henk Veerman,,81,14.1,56.2,0.0676,block,right-foot,assisted,sofascore
14053665,313264,Henk Veerman,,78,8.2,41.9,0.0316,block,head,corner,sofascore
14053665,1100399,Ozan Kökçü,,78,10.5,28.4,0.0728,block,left-foot,regular,sofascore
14053665,1049063,Joel Ideho,,75,9.0,26.5,0.0528,miss,left-foot,assisted,sofascore
14053665,909960,Mathis Suray,,74,23.1,26.0,0.0181,save,right-foot,assisted,sofascore
14053665,1100399,Ozan Kökçü,,71,19.6,31.0,0.0319,block,right-foot,assisted,sofascore
14053665,313264,Henk Veerman,,66,4.2,43.2,0.147,miss,head,assisted,sofascore
14053665,1100399,Ozan Kökçü,,66,14.1,35.2,0.0572,block,right-foot,assisted,sofascore
14053665,252885,Brandley Kuwas,,63,22.8,58.9,0.033,miss,left-foot,assisted,sofascore
14053665,1029724,Jakob Breum,,59,18.7,32.2,0.0331,save,right-foot,assisted,sofascore
14053665,1049063,Joel Ideho,,57,21.8,58.9,0.0598,block,right-foot,assisted,sofascore
14053665,793742,Joris Kramer,,57,5.5,41.7,0.1603,miss,left-foot,corner,sofascore
14053665,1029724,Jakob Breum,,56,9.4,46.2,0.2698,save,left-foot,assisted,sofascore
14053665,841420,Victor Edvardsen,,55,20.6,65.0,0.0399,miss,right-foot,assisted,sofascore
14053665,252885,Brandley Kuwas,,48,21.9,70.3,0.0217,miss,left-foot,assisted,sofascore
14053665,156676,Robert Mühren,,46,20.0,35.2,0.0311,miss,left-foot,regular,sofascore
14053665,909960,Mathis Suray,,45,1.9,38.5,0.2105,goal,left-foot,regular,sofascore
14053665,909960,Mathis Suray,,45,15.1,44.0,0.4484,save,right-foot,assisted,sofascore
14053665,891795,Melle Meulensteen,,35,7.6,47.7,0.2383,save,other,set-piece,sofascore
14053665,794013,Mats Deijl,,32,16.9,69.5,0.0381,save,left-foot,throw-in-set-piece,sofascore
14053665,1029724,Jakob Breum,,31,12.8,68.3,0.0227,block,right-foot,assisted,sofascore
14053665,916947,Kenzo Goudmijn,,23,9.4,45.6,0.0931,save,head,assisted,sofascore
14053665,974020,Xavier Mbuyamba,,20,8.3,46.8,0.2039,miss,head,set-piece,sofascore
14053665,841420,Victor Edvardsen,,10,12.0,41.1,0.1893,goal,right-foot,regular,sofascore
14053665,1029724,Jakob Breum,,10,26.5,42.3,0.0346,save,right-foot,assisted,sofascore
14053665,1523582,Nick Verschuren,,8,8.4,56.9,0.0292,block,head,corner,sofascore
14053665,1049063,Joel Ideho,,7,18.4,25.4,0.0296,block,right-foot,assisted,sofascore
14053665,891795,Melle Meulensteen,,6,26.5,26.6,0.0125,miss,right-foot,assisted,sofascore
14053665,1029724,Jakob Breum,,5,7.0,42.5,0.2126,goal,head,assisted,sofascore
14053666,1048430,Daan Rots,,75,12.5,43.9,0.031,miss,head,assisted,sofascore
14053666,1200962,Sondre Ørjasæter,,72,9.9,35.4,0.1307,goal,left-foot,assisted,sofascore
14053666,1048430,Daan Rots,,66,16.9,64.5,0.0488,save,left-foot,assisted,sofascore
14053666,1048430,Daan Rots,,63,28.0,78.1,0.0165,miss,left-foot,regular,sofascore
14053666,1160026,Kristian Hlynsson,,59,13.5,64.6,0.0319,block,left-foot,assisted,sofascore
14053666,1048430,Daan Rots,,55,14.2,52.2,0.1556,miss,left-foot,assisted,sofascore
14053666,796279,Jordan Lotomba,,48,7.4,42.3,0.2523,save,left-foot,assisted,sofascore
14053666,1384486,Thijs Kraaijeveld,,45,17.9,64.8,0.0372,block,right-foot,assisted,sofascore
14053666,1890313,Ruud Nijstad,,45,30.6,45.0,0.0168,miss,left-foot,assisted,sofascore
14053666,1160026,Kristian Hlynsson,,45,21.6,53.8,0.1311,goal,right-foot,fast-break,sofascore
14053666,1890313,Ruud Nijstad,,44,21.3,37.2,0.036,miss,left-foot,assisted,sofascore
14053666,886242,Jakub Moder,,43,6.6,63.0,0.2564,save,right-foot,regular,sofascore
14053666,1200962,Sondre Ørjasæter,,42,18.9,33.3,0.0332,save,right-foot,assisted,sofascore
14053666,804901,Sam Lammers,,29,23.9,54.8,0.0367,save,right-foot,assisted,sofascore
14053666,1200962,Sondre Ørjasæter,,27,17.8,62.0,0.0784,miss,right-foot,assisted,sofascore
14053666,1218066,Anis Hadj Moussa,,26,51.5,87.5,0.0055,miss,left-foot,regular,sofascore
14053666,945233,Thomas Van den Belt,,25,21.5,46.0,0.0801,miss,right-foot,assisted,sofascore
14053666,1200962,Sondre Ørjasæter,,24,8.0,32.7,0.0433,save,right-foot,assisted,sofascore
14053666,825899,Anel Ahmedhodžić,,19,5.6,51.8,0.174,miss,head,corner,sofascore
14053666,1144138,Jordan Bos,,18,18.1,52.6,0.0246,block,right-foot,corner,sofascore
14053666,1144138,Jordan Bos,,17,5.7,32.1,0.0489,block,left-foot,assisted,sofascore
14053666,1048430,Daan Rots,,16,3.6,63.6,0.0398,save,head,assisted,sofascore
14053666,1200962,Sondre Ørjasæter,,16,14.3,30.4,0.0202,block,right-foot,assisted,sofascore
14053666,1048430,Daan Rots,,13,16.7,56.2,0.0855,save,left-foot,assisted,sofascore
14053666,1218066,Anis Hadj Moussa,,9,17.8,69.3,0.0297,post,left-foot,assisted,sofascore
14053666,804901,Sam Lammers,,6,8.3,57.2,0.2122,block,right-foot,assisted,sofascore
14053666,1387012,Mats Rots,,4,1.5,65.8,0.0179,miss,right-foot,assisted,sofascore
14053667,360006,Finn Stokkers,,90,10.9,66.6,0.0656,block,right-foot,assisted,sofascore
14053667,905174,Ibrahim Sadiq,,90,15.3,55.2,0.0258,miss,right-foot,corner,sofascore
14053667,980671,Sven Mijnans,,89,2.1,57.7,0.2715,miss,right-foot,regular,sofascore
14053667,966555,Troy Parrott,,89,13.6,45.0,0.0688,block,right-foot,assisted,sofascore
14053667,1638685,Mateo Chávez,,87,7.7,32.9,0.0616,block,left-foot,assisted,sofascore
14053667,1638685,Mateo Chávez,,84,5.8,36.4,0.0421,miss,head,regular,sofascore
14053667,980671,Sven Mijnans,,82,25.0,43.2,0.0253,miss,left-foot,assisted,sofascore
14053667,932555,Evert Linthorst,,81,16.0,53.0,0.2007,miss,right-foot,fast-break,sofascore
14053667,891795,Melle Meulensteen,,80,28.4,55.0,0.0219,goal,right-foot,assisted,sofascore
14053667,1199214,Milan Smit,,79,27.9,57.3,0.0241,save,right-foot,regular,sofascore
14053667,966555,Troy Parrott,,79,16.3,48.1,0.0977,miss,right-foot,regular,sofascore
14053667,1119473,Giovanni van Zwam,,75,3.5,42.7,0.1242,miss,head,corner,sofascore
14053667,964766,Thibo Baeten,,74,13.9,70.7,0.0257,save,left-foot,assisted,sofascore
14053667,1638685,Mateo Chávez,,70,16.6,32.3,0.0392,block,left-foot,assisted,sofascore
14053667,1638685,Mateo Chávez,,56,9.7,34.2,0.0881,block,right-foot,assisted,sofascore
14053667,1638685,Mateo Chávez,,54,12.6,38.8,0.0585,save,left-foot,assisted,sofascore
14053667,966555,Troy Parrott,,52,10.8,40.5,0.0601,miss,right-foot,regular,sofascore
14053667,1148468,Weslley Patati,,50,25.1,60.9,0.0233,block,left-foot,assisted,sofascore
14053667,980671,Sven Mijnans,,46,7.1,57.7,0.0936,save,head,assisted,sofascore
14053667,966555,Troy Parrott,,45,19.7,54.6,0.0407,block,right-foot,corner,sofascore
14053667,793742,Joris Kramer,,44,7.9,39.7,0.107,save,head,corner,sofascore
14053667,794013,Mats Deijl,,40,16.3,37.6,,goal,right-foot,regular,sofascore
14053667,794013,Mats Deijl,,39,8.0,49.7,0.2516,miss,head,assisted,sofascore
14053667,980671,Sven Mijnans,,37,15.4,36.4,0.0739,block,left-foot,fast-break,sofascore
14053667,966555,Troy Parrott,,31,7.3,49.1,0.244,goal,head,assisted,sofascore
14053667,966555,Troy Parrott,,29,3.8,63.8,0.0577,miss,right-foot,corner,sofascore
14053667,1405756,Kees Smit,,29,11.1,34.8,0.1021,miss,right-foot,assisted,sofascore
14053667,841420,Victor Edvardsen,,28,14.4,59.1,0.1107,save,right-foot,regular,sofascore
14053667,891795,Melle Meulensteen,,19,12.1,35.7,0.0431,block,left-foot,assisted,sofascore
14053667,893559,Mees De Wit,,17,6.4,61.7,0.095,save,left-foot,regular,sofascore
14053667,966555,Troy Parrott,,13,5.7,51.1,0.245,save,head,assisted,sofascore
14053667,891795,Melle Meulensteen,,10,6.7,54.0,0.4908,goal,left-foot,regular,sofascore
14053667,891795,Melle Meulensteen,,10,13.2,54.8,0.1499,save,right-foot,regular,sofascore
14053667,1148468,Weslley Patati,,9,14.8,69.9,0.0381,block,left-foot,corner,sofascore
14053667,966555,Troy Parrott,,8,8.2,67.1,0.1046,save,right-foot,regular,sofascore
14053667,1148468,Weslley Patati,,3,13.5,68.1,0.0393,save,left-foot,assisted,sofascore
14053668,190435,Marko Pjaca,,90,11.0,37.8,0.0586,block,right-foot,regular,sofascore
14053668,946506,Bart van Rooij,,90,15.1,57.3,0.0545,block,left-foot,corner,sofascore
14053668,1142678,Daouda Weidmann,,90,18.5,47.9,0.0586,save,right-foot,throw-in-set-piece,sofascore
14053668,1083398,Raul Paula,,90,7.7,39.9,0.0657,goal,left-foot,throw-in-set-piece,sofascore
14053668,35193,Ricky van Wolfswinkel,,87,11.5,50.0,0.7884,goal,right-foot,penalty,sofascore
14053668,190435,Marko Pjaca,,82,4.5,44.0,0.2243,post,head,assisted,sofascore
14053668,946506,Bart van Rooij,,78,21.7,60.7,0.0777,miss,right-foot,assisted,sofascore
14053668,1135884,Lewis Holtby,,69,25.8,41.5,0.0101,miss,left-foot,corner,sofascore
14053668,990814,Charles-Andreas Brym,,66,32.8,50.7,0.0254,block,right-foot,assisted,sofascore
14053668,1088895,Mohamed Nassoh,,65,23.5,30.7,0.0344,miss,left-foot,regular,sofascore
14053668,190435,Marko Pjaca,,64,3.6,37.4,0.2088,goal,left-foot,assisted,sofascore
14053668,989882,Ramiz Zerrouki,,60,29.0,51.9,0.0207,miss,right-foot,assisted,sofascore
14053668,1387012,Mats Rots,,53,21.8,40.1,0.0362,miss,right-foot,assisted,sofascore
14053668,1088895,Mohamed Nassoh,,45,15.3,44.6,0.0157,miss,head,set-piece,sofascore
14053668,578344,Arno Verschueren,,45,8.9,48.9,0.143,save,left-foot,corner,sofascore
14053668,1160026,Kristian Hlynsson,,45,12.0,46.0,0.2397,block,right-foot,assisted,sofascore
14053668,1160026,Kristian Hlynsson,,40,21.3,41.9,0.0393,save,left-foot,assisted,sofascore
14053668,1160026,Kristian Hlynsson,,39,14.1,43.4,0.1278,miss,left-foot,assisted,sofascore
14053668,1160026,Kristian Hlynsson,,28,9.1,51.4,0.1179,save,head,assisted,sofascore
14053668,1160026,Kristian Hlynsson,,23,28.8,28.9,0.0113,miss,right-foot,assisted,sofascore
14053668,1088895,Mohamed Nassoh,,21,13.2,55.0,0.0842,block,right-foot,assisted,sofascore
14053668,990814,Charles-Andreas Brym,,19,12.8,55.6,0.0855,save,left-foot,corner,sofascore
14053668,1149147,Juho Talvitie,,9,21.0,72.2,0.0288,save,left-foot,assisted,sofascore
14053668,1088895,Mohamed Nassoh,,3,4.2,56.2,0.1605,goal,right-foot,throw-in-set-piece,sofascore
14053668,990814,Charles-Andreas Brym,,2,8.3,44.7,0.108,block,right-foot,throw-in-set-piece,sofascore
14053669,1126966,Gyan de Regt,,90,18.4,31.5,0.0406,block,right-foot,assisted,sofascore
14053669,1145987,Lewis Schouten,,90,8.8,64.6,0.0245,block,left-foot,corner,sofascore
14053669,1145987,Lewis Schouten,,90,4.9,57.2,0.0872,block,head,corner,sofascore
14053669,150494,Mike van Duinen,,88,7.6,43.3,0.1927,miss,head,assisted,sofascore
14053669,1126966,Gyan de Regt,,84,14.7,38.5,0.0436,miss,left-foot,fast-break,sofascore
14053669,1048487,Noah Naujoks,,74,11.5,50.0,0.7884,goal,right-foot,penalty,sofascore
14053669,1384483,Irakli Yegoian,,73,15.3,51.5,0.0906,block,right-foot,throw-in-set-piece,sofascore
14053669,138842,Joris van Overeem,,67,5.4,49.5,0.8239,goal,left-foot,regular,sofascore
14053669,138842,Joris van Overeem,,67,7.7,45.0,0.6413,save,right-foot,assisted,sofascore
14053669,1015627,Jacob Trenskow,,64,17.0,66.9,0.0647,block,left-foot,fast-break,sofascore
14053669,1028070,Lasse Selvåg Nordås,,56,21.5,38.9,0.0348,block,left-foot,assisted,sofascore
14053669,1046142,Derensili Sanches Fernandes,,55,11.7,70.4,0.0218,block,left-foot,assisted,sofascore
14053669,1384483,Irakli Yegoian,,55,15.7,53.6,0.0803,block,left-foot,assisted,sofascore
14053669,1145987,Lewis Schouten,,54,25.7,62.9,0.0221,miss,right-foot,assisted,sofascore
14053669,946950,Simon Janssen,,52,8.0,31.9,0.1065,save,left-foot,assisted,sofascore
14053669,1126595,Lennard Hartjes,,46,15.9,41.1,0.0613,block,right-foot,assisted,sofascore
14053669,1014408,Maxence Rivera,,45,20.4,22.5,0.0107,miss,right-foot,assisted,sofascore
14053669,1048487,Noah Naujoks,,43,8.8,65.2,0.0784,save,right-foot,regular,sofascore
14053669,1014408,Maxence Rivera,,40,13.9,30.5,0.1039,save,left-foot,assisted,sofascore
14053669,794014,Luuk Brouwers,,38,10.4,36.4,0.1581,goal,left-foot,fast-break,sofascore
14053669,1126595,Lennard Hartjes,,36,12.6,43.4,0.0227,block,head,assisted,sofascore
14053669,1126966,Gyan de Regt,,35,9.1,36.2,0.1236,miss,right-foot,assisted,sofascore
14053669,1145987,Lewis Schouten,,28,3.0,41.1,0.1775,save,head,set-piece,sofascore
14053669,1384483,Irakli Yegoian,,25,15.7,30.3,0.0191,block,right-foot,regular,sofascore
14053669,1048487,Noah Naujoks,,24,11.4,66.0,0.3385,save,right-foot,fast-break,sofascore
14053669,1064426,Vasilios Zagaritis,,21,23.1,27.8,0.0341,miss,left-foot,fast-break,sofascore
14053669,1126966,Gyan de Regt,,16,9.7,36.4,0.0497,block,right-foot,assisted,sofascore
14053669,1014408,Maxence Rivera,,15,7.1,44.6,0.1259,save,right-foot,assisted,sofascore
14053669,899644,Ilias Bronkhorst,,11,6.0,57.3,0.1068,miss,head,assisted,sofascore
14053669,1015627,Jacob Trenskow,,9,12.0,66.2,0.0326,miss,left-foot,assisted,sofascore
14053669,1145987,Lewis Schouten,,7,23.3,62.2,0.0214,block,right-foot,corner,sofascore
14053670,1150061,Oliver Braude,,90,28.8,62.4,0.019,miss,right-foot,regular,sofascore
14053670,1136110,Esmir Bajraktarević,,90,22.2,70.7,0.0241,block,left-foot,assisted,sofascore
14053670,1047395,Couhaib Driouech,,87,8.0,70.3,0.0285,save,right-foot,assisted,sofascore
14053670,1136110,Esmir Bajraktarević,,86,20.4,65.7,0.0516,miss,right-foot,assisted,sofascore
14053670,1047395,Couhaib Driouech,,83,5.1,33.1,0.1463,miss,left-foot,assisted,sofascore
14053670,1586644,Eser Gürbüz,,75,18.9,50.9,0.0397,miss,left-foot,regular,sofascore
14053670,794014,Luuk Brouwers,,72,9.2,63.2,0.0085,miss,head,corner,sofascore
14053670,983068,Václav Sejk,,71,7.3,49.8,0.1513,block,head,regular,sofascore
14053670,1064426,Vasilios Zagaritis,,68,7.5,46.8,0.0874,miss,head,corner,sofascore
14053670,1063767,Ismael Saibari,,57,12.8,32.9,0.0257,save,right-foot,assisted,sofascore
14053670,1063767,Ismael Saibari,,55,11.6,36.2,0.1499,save,left-foot,assisted,sofascore
14053670,1014408,Maxence Rivera,,45,9.4,29.8,0.0348,miss,right-foot,corner,sofascore
14053670,138842,Joris van Overeem,,43,10.8,27.0,0.0372,miss,right-foot,regular,sofascore
14053670,825843,Dylan Vente,,42,21.9,36.8,0.0664,miss,right-foot,free-kick,sofascore
14053670,1146018,Paul Wanner,,39,14.4,57.8,0.0594,save,left-foot,assisted,sofascore
14053670,812145,Dennis Man,,36,23.8,59.9,0.0225,miss,left-foot,set-piece,sofascore
14053670,1014408,Maxence Rivera,,31,5.9,31.0,0.0512,miss,right-foot,assisted,sofascore
14053670,1014408,Maxence Rivera,,29,19.2,31.5,0.018,save,right-foot,assisted,sofascore
14053670,986395,Ricardo Pepi,,27,6.4,32.7,0.0704,goal,left-foot,assisted,sofascore
14053670,850816,Joey Veerman,,22,14.3,59.9,0.1278,goal,right-foot,assisted,sofascore
14053670,986395,Ricardo Pepi,,17,19.3,47.5,0.0598,save,right-foot,assisted,sofascore
14053670,825843,Dylan Vente,,15,23.4,50.7,0.0364,save,left-foot,assisted,sofascore
14053670,1014408,Maxence Rivera,,7,18.9,45.6,0.2619,save,right-foot,assisted,sofascore
14053671,825843,Dylan Vente,,90,26.6,41.1,0.0389,miss,right-foot,free-kick,sofascore
14053671,1918931,Gaoussou Diarra,,90,20.6,16.9,0.071,miss,left-foot,assisted,sofascore
14053671,825843,Dylan Vente,,90,8.3,50.5,0.1316,miss,right-foot,assisted,sofascore
14053671,794014,Luuk Brouwers,,90,23.1,37.1,0.0172,block,right-foot,assisted,sofascore
14053671,1627623,Marcus Linday,,90,19.3,49.6,0.1105,block,right-foot,assisted,sofascore
14053671,1918931,Gaoussou Diarra,,88,13.6,73.8,0.0232,save,right-foot,assisted,sofascore
14053671,825843,Dylan Vente,,78,4.8,53.4,0.4328,miss,right-foot,regular,sofascore
14053671,1015627,Jacob Trenskow,,69,6.3,70.4,0.0557,save,left-foot,regular,sofascore
14053671,985823,Ayase Ueda,,64,7.1,53.9,0.162,miss,head,corner,sofascore
14053671,992018,Ringo Meerveld,,53,11.1,62.6,0.0989,miss,right-foot,assisted,sofascore
14053671,944467,Sem Steijn,,52,12.8,57.2,0.2288,save,right-foot,fast-break,sofascore
14053671,992018,Ringo Meerveld,,51,13.2,60.5,0.1058,block,right-foot,assisted,sofascore
14053671,1064426,Vasilios Zagaritis,,49,19.3,47.7,0.0368,block,right-foot,set-piece,sofascore
14053671,1015627,Jacob Trenskow,,45,14.7,50.8,0.0754,block,left-foot,assisted,sofascore
14053671,1218066,Anis Hadj Moussa,,42,9.5,69.2,0.0663,goal,left-foot,assisted,sofascore
14053671,1218066,Anis Hadj Moussa,,35,5.3,69.5,0.0554,miss,left-foot,assisted,sofascore
14053671,985823,Ayase Ueda,,34,12.8,53.4,0.0493,save,head,assisted,sofascore
14053671,1150938,Leo Sauer,,34,9.7,53.2,0.1077,miss,right-foot,regular,sofascore
14053671,1014408,Maxence Rivera,,31,10.8,41.2,0.066,block,right-foot,regular,sofascore
14053671,1218066,Anis Hadj Moussa,,9,9.5,60.6,0.1435,save,left-foot,assisted,sofascore
14053672,958317,Youssef el Kachati,,87,6.4,33.1,0.0416,block,left-foot,assisted,sofascore
14053672,156676,Robert Mühren,,85,7.0,44.4,0.0826,save,head,assisted,sofascore
14053672,1214957,Noe Lebreton,,83,7.6,57.5,0.1605,save,right-foot,regular,sofascore
14053672,35208,Tjaronn Chery,,81,26.5,53.1,0.0243,miss,left-foot,assisted,sofascore
14053672,940647,Danilo,,81,24.1,37.8,0.0272,block,right-foot,assisted,sofascore
14053672,958317,Youssef el Kachati,,78,10.5,60.9,0.074,block,right-foot,assisted,sofascore
14053672,1394147,Sami Ouaissa,,76,13.3,73.4,0.028,miss,left-foot,assisted,sofascore
14053672,1177177,Deveron Fonville,,71,26.2,43.6,0.0303,block,left-foot,corner,sofascore
14053672,47753,Bryan Linssen,,71,15.7,36.2,0.0594,save,right-foot,assisted,sofascore
14053672,1523582,Nick Verschuren,,69,8.3,50.9,0.0662,miss,head,corner,sofascore
14053672,1481354,Precious Ugwu,,65,23.8,50.9,0.0317,miss,left-foot,assisted,sofascore
14053672,1394147,Sami Ouaissa,,63,20.6,68.0,0.0643,goal,left-foot,assisted,sofascore
14053672,2216656,Robin van Cruijsen,,60,17.2,51.9,0.0923,save,left-foot,assisted,sofascore
14053672,897603,Darko Nejašmić,,58,8.4,48.3,0.0649,miss,head,corner,sofascore
14053672,1064177,Ahmetcan Kaplan,,57,28.8,48.1,0.0167,save,left-foot,regular,sofascore
14053672,1394147,Sami Ouaissa,,57,13.0,72.2,0.0517,block,left-foot,assisted,sofascore
14053672,47753,Bryan Linssen,,53,8.1,55.5,0.1409,block,right-foot,assisted,sofascore
14053672,47753,Bryan Linssen,,51,10.2,33.6,0.0112,save,head,corner,sofascore
14053672,1193676,Başar Önal,,47,19.1,44.7,0.052,goal,right-foot,assisted,sofascore
14053672,1394147,Sami Ouaissa,,46,18.3,73.0,0.0142,block,left-foot,assisted,sofascore
14053672,897603,Darko Nejašmić,,45,23.7,73.4,0.0238,save,left-foot,regular,sofascore
14053672,47753,Bryan Linssen,,45,27.8,47.9,0.0345,save,right-foot,assisted,sofascore
14053672,1146002,Dave Kwakman,,44,46.4,34.6,0.0246,miss,right-foot,free-kick,sofascore
14053672,35208,Tjaronn Chery,,43,25.1,50.0,0.0405,save,left-foot,assisted,sofascore
14053672,35208,Tjaronn Chery,,42,11.5,62.9,0.0483,block,left-foot,assisted,sofascore
14053672,1214957,Noe Lebreton,,39,8.2,39.0,0.0947,goal,right-foot,regular,sofascore
14053672,2216656,Robin van Cruijsen,,36,16.0,42.9,0.0439,save,left-foot,assisted,sofascore
14053672,1214957,Noe Lebreton,,31,15.6,45.8,0.0595,save,right-foot,regular,sofascore
14053672,1193676,Başar Önal,,24,17.1,33.0,0.0462,post,right-foot,assisted,sofascore
14053672,788971,Juninho Bacuna,,22,11.3,34.8,0.0661,miss,left-foot,assisted,sofascore
14053672,35208,Tjaronn Chery,,15,12.9,38.5,0.1199,block,left-foot,regular,sofascore
14053672,35208,Tjaronn Chery,,15,19.7,35.6,0.1088,block,left-foot,assisted,sofascore
14053672,35208,Tjaronn Chery,,13,15.6,36.6,0.0595,miss,left-foot,assisted,sofascore
14053672,47753,Bryan Linssen,,3,9.8,32.5,0.0088,miss,head,set-piece,sofascore
14053673,990814,Charles-Andreas Brym,,90,9.5,53.4,0.0802,miss,left-foot,corner,sofascore
14053673,943595,Sydney van Hooijdonk,,90,4.2,53.4,0.2401,block,head,assisted,sofascore
14053673,2197943,Pepijn Reulen,,90,11.1,32.3,0.082,save,left-foot,assisted,sofascore
14053673,858242,Boy Kemper,,90,10.4,38.3,0.1509,save,right-foot,regular,sofascore
14053673,990814,Charles-Andreas Brym,,88,5.4,43.8,0.1177,block,head,assisted,sofascore
14053673,990814,Charles-Andreas Brym,,85,8.7,49.9,0.1436,miss,head,assisted,sofascore
14053673,1046143,Julian Baas,,83,19.1,52.4,0.0355,miss,right-foot,regular,sofascore
14053673,58994,Denis Odoi,,79,7.6,50.3,0.101,miss,head,corner,sofascore
14053673,336811,Clint Leemans,,77,26.2,51.9,0.0555,miss,left-foot,fast-break,sofascore
14053673,1149147,Juho Talvitie,,72,3.4,66.7,0.0686,save,right-foot,assisted,sofascore
14053673,1515525,Cherrion Valerius,,69,18.2,65.0,0.034,miss,right-foot,corner,sofascore
14053673,1083398,Raul Paula,,69,15.7,38.3,0.0613,save,right-foot,assisted,sofascore
14053673,1002479,Shunsuke Mito,,68,8.9,71.2,0.0492,save,right-foot,assisted,sofascore
14053673,1648749,Younes Jaber el Maftahi,,62,9.8,37.8,0.1771,save,right-foot,assisted,sofascore
14053673,1149147,Juho Talvitie,,60,13.0,35.0,0.0695,miss,left-foot,corner,sofascore
14053673,1135884,Lewis Holtby,,60,9.1,57.9,0.2762,block,left-foot,assisted,sofascore
14053673,1135884,Lewis Holtby,,50,15.1,47.7,0.2103,save,left-foot,assisted,sofascore
14053673,1135884,Lewis Holtby,,48,4.8,66.4,0.0547,save,left-foot,corner,sofascore
14053673,1096511,Maximilien Balard,,45,28.4,49.3,0.0143,miss,right-foot,corner,sofascore
14053673,1515525,Cherrion Valerius,,45,22.6,51.5,0.0136,save,left-foot,set-piece,sofascore
14053673,1088895,Mohamed Nassoh,,35,18.4,51.5,0.0495,miss,left-foot,assisted,sofascore
14053673,1648756,Ayoub Oufkir,,30,14.7,56.6,0.1711,miss,left-foot,assisted,sofascore
14053673,1648751,Ayoni Santos,,28,15.1,33.8,0.09,block,right-foot,fast-break,sofascore
14053673,1002479,Shunsuke Mito,,26,9.2,41.3,0.4422,goal,right-foot,assisted,sofascore
14053673,1046143,Julian Baas,,23,14.7,54.2,0.1788,save,right-foot,assisted,sofascore
14053673,1648751,Ayoni Santos,,22,14.2,52.3,0.0633,block,right-foot,regular,sofascore
14053673,1135884,Lewis Holtby,,21,19.8,67.5,0.0493,miss,left-foot,assisted,sofascore
14053673,1149147,Juho Talvitie,,19,22.6,43.4,0.0278,miss,left-foot,corner,sofascore
14053673,1083398,Raul Paula,,18,12.5,53.4,0.2783,save,right-foot,assisted,sofascore
14053673,1083398,Raul Paula,,16,21.3,43.4,0.0801,save,right-foot,assisted,sofascore
14053673,1648756,Ayoub Oufkir,,14,12.6,56.8,0.2602,miss,left-foot,assisted,sofascore
14053673,1648756,Ayoub Oufkir,,12,6.4,51.3,0.839,save,left-foot,regular,sofascore
14053673,796943,Tobias Lauritsen,,12,10.5,33.6,0.1386,save,left-foot,assisted,sofascore
14053673,1648756,Ayoub Oufkir,,4,17.5,64.2,0.0754,post,left-foot,assisted,sofascore
14053674,1648756,Ayoub Oufkir,,90,1.7,55.9,0.4274,goal,left-foot,set-piece,sofascore
14053674,99960,Jens Toornstra,,90,17.5,50.3,0.0923,block,right-foot,assisted,sofascore
14053674,99960,Jens Toornstra,,88,13.0,37.6,0.0969,block,right-foot,fast-break,sofascore
14053674,827662,Mitchell Van Bergen,,88,14.7,44.8,0.1926,save,right-foot,fast-break,sofascore
14053674,1500752,Yoon Do-young,,87,29.6,52.0,0.0103,block,left-foot,corner,sofascore
14053674,1528458,Chris-Kévin Nadje,,87,13.5,71.4,0.0306,block,right-foot,assisted,sofascore
14053674,74577,Patrick van Aanholt,,85,26.6,23.7,0.0126,miss,left-foot,corner,sofascore
14053674,1648759,Marvin Young,,85,11.0,50.9,0.0264,miss,head,corner,sofascore
14053674,150494,Mike van Duinen,,83,7.3,56.0,0.0696,block,head,corner,sofascore
14053674,796943,Tobias Lauritsen,,80,4.5,58.0,0.1128,miss,head,assisted,sofascore
14053674,946505,Lance Duijvestijn,,77,26.5,34.0,0.0309,save,right-foot,fast-break,sofascore
14053674,796943,Tobias Lauritsen,,76,13.5,42.3,0.0386,block,left-foot,corner,sofascore
14053674,946505,Lance Duijvestijn,,76,22.2,34.6,0.0104,block,right-foot,corner,sofascore
14053674,1528458,Chris-Kévin Nadje,,69,13.3,40.2,0.045,block,right-foot,assisted,sofascore
14053674,1009285,Szymon Włodarczyk,,58,26.9,42.1,0.0193,miss,right-foot,assisted,sofascore
14053674,1384483,Irakli Yegoian,,57,3.9,62.2,0.0766,block,right-foot,regular,sofascore
14053674,913584,Joshua Kitolano,,49,11.7,36.2,0.0469,block,right-foot,assisted,sofascore
14053674,1046142,Derensili Sanches Fernandes,,47,9.8,63.8,0.1253,save,right-foot,assisted,sofascore
14053674,99960,Jens Toornstra,,45,15.7,55.2,0.0463,block,right-foot,regular,sofascore
14053674,1032926,Sayfallah Ltaief,,43,17.9,29.5,0.0278,save,right-foot,regular,sofascore
14053674,910053,Arthur Zagre,,41,10.4,40.6,0.3031,save,left-foot,assisted,sofascore
14053674,910053,Arthur Zagre,,31,10.2,30.7,0.056,block,left-foot,assisted,sofascore
14053674,1046142,Derensili Sanches Fernandes,,31,25.7,57.9,0.0395,block,left-foot,assisted,sofascore
14053674,796943,Tobias Lauritsen,,31,7.9,56.6,0.0993,miss,head,fast-break,sofascore
14053674,1048487,Noah Naujoks,,30,7.4,51.1,0.4594,post,right-foot,assisted,sofascore
14053674,1031721,Casper Widell,,26,10.8,46.2,0.051,block,right-foot,corner,sofascore
14053674,1384483,Irakli Yegoian,,26,22.5,31.5,0.0192,miss,left-foot,corner,sofascore
14053674,827662,Mitchell Van Bergen,,20,10.7,63.2,0.0868,block,right-foot,regular,sofascore
14053674,796943,Tobias Lauritsen,,19,21.8,46.6,0.0551,save,left-foot,assisted,sofascore
14053674,796943,Tobias Lauritsen,,19,11.6,44.4,0.136,save,right-foot,assisted,sofascore
14053674,1031721,Casper Widell,,18,7.9,65.6,0.0157,block,head,throw-in-set-piece,sofascore
14053674,827662,Mitchell Van Bergen,,16,12.2,70.7,0.045,miss,right-foot,assisted,sofascore
14053674,1046142,Derensili Sanches Fernandes,,12,27.1,60.3,0.019,save,left-foot,assisted,sofascore
14053674,916926,Shurandy Sambo,,8,24.4,69.1,0.0251,save,right-foot,assisted,sofascore
14053674,1031721,Casper Widell,,6,6.6,56.2,0.1069,miss,right-foot,corner,sofascore
14053674,1048906,Rick Meissen,,1,15.3,41.5,0.0562,save,right-foot,throw-in-set-piece,sofascore
14053675,907517,Stefán Ingi Sigurðarson,,86,13.9,51.4,0.1128,block,left-foot,fast-break,sofascore
14053675,1133233,Aske Adelgaard,,82,26.2,49.1,0.0201,miss,left-foot,corner,sofascore
14053675,907517,Stefán Ingi Sigurðarson,,82,5.7,55.2,0.1911,save,head,corner,sofascore
14053675,909960,Mathis Suray,,80,3.6,56.4,0.2745,save,head,regular,sofascore
14053675,907517,Stefán Ingi Sigurðarson,,80,9.1,44.4,0.0935,block,left-foot,assisted,sofascore
14053675,804901,Sam Lammers,,74,11.5,50.0,0.7884,goal,left-foot,penalty,sofascore
14053675,1218004,Jaden Slory,,69,19.0,74.4,0.019,save,left-foot,assisted,sofascore
14053675,891795,Melle Meulensteen,,60,14.5,38.9,0.0401,block,left-foot,regular,sofascore
14053675,909960,Mathis Suray,,59,11.9,54.8,0.0902,block,left-foot,regular,sofascore
14053675,1029724,Jakob Breum,,59,11.8,34.9,0.0644,save,right-foot,regular,sofascore
14053675,1029724,Jakob Breum,,56,5.7,47.9,0.5782,goal,left-foot,assisted,sofascore
14053675,909960,Mathis Suray,,56,15.1,56.0,0.1093,miss,right-foot,assisted,sofascore
14053675,804901,Sam Lammers,,55,9.1,65.0,0.3329,save,right-foot,fast-break,sofascore
14053675,1160026,Kristian Hlynsson,,50,5.5,48.2,0.3756,goal,head,regular,sofascore
14053675,946506,Bart van Rooij,,49,20.1,56.7,0.0347,miss,right-foot,corner,sofascore
14053675,945233,Thomas Van den Belt,,48,10.8,37.8,0.1099,block,left-foot,throw-in-set-piece,sofascore
14053675,989882,Ramiz Zerrouki,,47,20.4,56.2,0.0461,block,right-foot,assisted,sofascore
14053675,1133233,Aske Adelgaard,,45,4.8,26.3,0.0249,miss,left-foot,assisted,sofascore
14053675,804901,Sam Lammers,,29,22.0,30.3,0.0253,miss,right-foot,corner,sofascore
14053675,804901,Sam Lammers,,26,5.6,48.8,0.4843,goal,head,assisted,sofascore
14053675,1160026,Kristian Hlynsson,,22,14.0,47.9,0.1298,block,right-foot,throw-in-set-piece,sofascore
14053675,837072,Jari De Busser,,19,0.7,49.7,,goal,other,corner,sofascore
14053675,989882,Ramiz Zerrouki,,17,16.9,51.1,0.0344,block,right-foot,regular,sofascore
14053675,973716,Richonell Margaret,,13,10.0,29.1,0.0256,save,right-foot,corner,sofascore
14053675,891795,Melle Meulensteen,,12,25.9,55.8,0.0364,miss,right-foot,regular,sofascore
14053675,1160026,Kristian Hlynsson,,5,14.7,35.6,0.0533,save,right-foot,assisted,sofascore
14053675,841420,Victor Edvardsen,,3,8.2,43.4,0.0918,save,head,assisted,sofascore
14053676,1160026,Kristian Hlynsson,,90,14.2,65.8,0.0429,save,right-foot,regular,sofascore
14053676,1091923,Stav Lemkin,,88,13.0,47.4,0.0432,block,right-foot,corner,sofascore
14053676,1387012,Mats Rots,,87,23.1,44.8,0.0184,save,left-foot,corner,sofascore
14053676,1160026,Kristian Hlynsson,,87,13.9,49.3,0.0565,save,right-foot,corner,sofascore
14053676,946506,Bart van Rooij,,87,13.2,48.5,0.1029,save,left-foot,corner,sofascore
14053676,945233,Thomas Van den Belt,,86,1.8,52.6,0.5296,block,right-foot,corner,sofascore
14053676,1048430,Daan Rots,,86,17.7,56.5,0.0953,block,left-foot,fast-break,sofascore
14053676,1387012,Mats Rots,,82,8.6,31.7,0.0765,goal,left-foot,assisted,sofascore
14053676,1014118,Miguel Rodríguez,,80,20.6,68.3,0.0238,save,left-foot,assisted,sofascore
14053676,945233,Thomas Van den Belt,,78,25.6,46.4,0.0253,miss,right-foot,regular,sofascore
14053676,946506,Bart van Rooij,,77,24.7,64.4,0.008,miss,right-foot,corner,sofascore
14053676,35193,Ricky van Wolfswinkel,,76,14.6,54.4,0.1188,block,right-foot,regular,sofascore
14053676,1048430,Daan Rots,,76,11.6,66.4,0.0376,block,right-foot,regular,sofascore
14053676,1048430,Daan Rots,,73,13.8,64.2,0.0154,block,head,assisted,sofascore
14053676,1200962,Sondre Ørjasæter,,67,6.7,31.3,0.0662,miss,left-foot,regular,sofascore
14053676,991679,Souffian El Karouani,,66,29.6,54.4,0.0342,miss,left-foot,free-kick,sofascore
14053676,196082,Robin Pröpper,,58,14.8,52.1,0.0701,miss,right-foot,throw-in-set-piece,sofascore
14053676,1387012,Mats Rots,,57,24.4,33.3,0.0282,miss,left-foot,assisted,sofascore
14053676,794990,Siebe Horemans,,54,7.1,45.6,0.1136,save,head,corner,sofascore
14053676,856648,Victor Jensen,,52,8.6,53.6,0.2889,goal,left-foot,regular,sofascore
14053676,855854,Dani De Wit,,52,11.9,39.1,0.0193,block,head,assisted,sofascore
14053676,945233,Thomas Van den Belt,,48,15.6,51.5,0.0595,block,left-foot,throw-in-set-piece,sofascore
14053676,1200962,Sondre Ørjasæter,,44,12.8,30.9,0.0318,save,right-foot,regular,sofascore
14053676,945233,Thomas Van den Belt,,44,14.6,38.5,0.0337,block,left-foot,assisted,sofascore
14053676,1433802,Gjivai Zechiël,,43,27.9,55.8,0.0264,miss,right-foot,assisted,sofascore
14053676,991679,Souffian El Karouani,,41,22.6,33.3,0.0531,save,left-foot,regular,sofascore
14053676,856648,Victor Jensen,,39,14.5,49.5,0.0684,block,right-foot,assisted,sofascore
14053676,1160026,Kristian Hlynsson,,37,20.9,55.2,0.0579,miss,right-foot,regular,sofascore
14053676,1105700,Yoann Cathline,,36,15.5,34.7,0.0476,miss,right-foot,assisted,sofascore
14053676,1048430,Daan Rots,,28,12.8,52.6,0.0265,miss,head,assisted,sofascore
14053676,794990,Siebe Horemans,,27,13.4,35.8,0.0176,block,right-foot,corner,sofascore
14053676,1014118,Miguel Rodríguez,,27,4.0,41.3,0.097,block,left-foot,corner,sofascore
14053676,1433802,Gjivai Zechiël,,11,17.8,70.9,0.0305,block,left-foot,assisted,sofascore
14053677,934249,Can Bozdoğan,,90,15.7,58.2,0.0431,miss,right-foot,throw-in-set-piece,sofascore
14053677,1433802,Gjivai Zechiël,,90,10.1,44.9,0.0383,block,head,set-piece,sofascore
14053677,149731,Sébastien Haller,,90,11.3,36.0,0.0162,miss,head,set-piece,sofascore
14053677,1121402,Tika de Jonge,,79,12.1,41.9,0.1414,miss,right-foot,assisted,sofascore
14053677,966429,David Min,,75,20.7,58.9,0.0621,miss,right-foot,assisted,sofascore
14053677,76160,Marvin Peersman,,74,20.3,39.2,0.0473,save,left-foot,assisted,sofascore
14053677,827103,Marco Rente,,70,4.3,53.0,0.4559,goal,head,assisted,sofascore
14053677,1146623,Younes Taha,,70,12.9,48.5,0.0617,block,left-foot,assisted,sofascore
14053677,149731,Sébastien Haller,,66,10.4,43.0,0.327,miss,right-foot,fast-break,sofascore
14053677,1214695,Adrian Blake,,64,29.9,39.5,0.0141,miss,right-foot,assisted,sofascore
14053677,1146623,Younes Taha,,61,9.4,47.8,0.4787,miss,right-foot,assisted,sofascore
14053677,1014118,Miguel Rodríguez,,60,27.7,38.3,0.0164,save,left-foot,regular,sofascore
14053677,1090328,Stije Resink,,59,24.1,42.8,0.0178,block,right-foot,regular,sofascore
14053677,1146623,Younes Taha,,57,18.1,48.4,0.0449,block,left-foot,assisted,sofascore
14053677,1214695,Adrian Blake,,49,11.4,43.6,0.1753,save,right-foot,assisted,sofascore
14053677,966429,David Min,,45,9.3,51.6,0.0889,miss,head,set-piece,sofascore
14053677,966429,David Min,,44,8.4,52.2,0.0787,block,head,assisted,sofascore
14053677,152414,Mike Van der Hoorn,,36,6.8,50.3,0.1365,miss,head,corner,sofascore
14053677,1424404,Jorg Schreuders,,33,8.9,64.8,0.0629,save,right-foot,regular,sofascore
14053677,1424404,Jorg Schreuders,,33,13.8,65.7,0.098,save,right-foot,assisted,sofascore
14053677,966429,David Min,,23,7.1,50.2,0.1565,miss,head,assisted,sofascore
14053677,1090328,Stije Resink,,17,20.9,62.4,0.0428,miss,right-foot,corner,sofascore
14053677,1424404,Jorg Schreuders,,13,14.1,44.3,0.1347,save,right-foot,assisted,sofascore
14053677,1878212,David van der Werff,,11,11.7,55.4,0.0389,save,head,assisted,sofascore
14053677,1121402,Tika de Jonge,,10,16.5,63.1,0.0698,block,right-foot,regular,sofascore
14053677,1014118,Miguel Rodríguez,,6,24.6,50.5,0.0444,save,left-foot,assisted,sofascore
14053677,1214695,Adrian Blake,,2,18.2,43.2,0.0411,block,right-foot,assisted,sofascore
14053678,1403090,Rayane Bounida,,90,31.0,46.3,0.0311,save,right-foot,free-kick,sofascore
14053678,940979,Rui Mendes,,89,6.2,62.6,0.2469,save,right-foot,set-piece,sofascore
14053678,1120315,Anton Gaaei,,87,21.7,57.6,0.0282,miss,right-foot,assisted,sofascore
14053678,1481249,Wouter Prins,,84,19.1,38.0,0.0816,post,left-foot,assisted,sofascore
14053678,954836,Josip Šutalo,,80,9.4,41.5,0.1004,block,right-foot,corner,sofascore
14053678,1403090,Rayane Bounida,,79,21.5,60.1,0.032,block,left-foot,assisted,sofascore
14053678,1403090,Rayane Bounida,,77,12.8,65.0,0.0705,block,right-foot,assisted,sofascore
14053678,318745,Oskar Zawada,,72,6.5,45.3,0.2337,goal,head,assisted,sofascore
14053678,1424404,Jorg Schreuders,,71,17.4,28.6,0.0218,miss,right-foot,corner,sofascore
14053678,76160,Marvin Peersman,,70,5.4,44.5,0.1495,block,left-foot,corner,sofascore
14053678,318745,Oskar Zawada,,65,8.8,45.5,0.1071,goal,right-foot,assisted,sofascore
14053678,1413536,Thom van Bergen,,62,19.9,31.0,0.0215,miss,right-foot,corner,sofascore
14053678,1413536,Thom van Bergen,,59,8.3,34.8,0.0574,block,left-foot,assisted,sofascore
14053678,1149146,Mika Godts,,55,9.2,53.6,0.311,miss,left-foot,assisted,sofascore
14053678,1400656,Travis Hernes,,52,9.0,45.7,0.1904,save,right-foot,assisted,sofascore
14053678,1413536,Thom van Bergen,,49,5.5,46.1,0.2056,block,right-foot,assisted,sofascore
14053678,1878212,David van der Werff,,46,13.6,64.4,0.0712,miss,right-foot,assisted,sofascore
14053678,1878212,David van der Werff,,42,20.0,65.6,0.0513,save,left-foot,assisted,sofascore
14053678,1859920,Sean Steur,,39,25.9,50.5,0.0335,miss,left-foot,corner,sofascore
14053678,1563462,Jorthy Mokio,,38,19.7,43.2,0.0573,save,left-foot,assisted,sofascore
14053678,836673,Owen Wijndal,,36,4.6,40.1,0.1639,save,left-foot,assisted,sofascore
14053678,97410,Davy Klaassen,,30,1.4,47.7,0.9106,goal,head,assisted,sofascore
14053678,252215,Wout Weghorst,,25,8.0,48.1,0.2935,miss,right-foot,regular,sofascore
14053678,1120315,Anton Gaaei,,15,10.4,71.4,0.0343,block,left-foot,assisted,sofascore
14053678,1413536,Thom van Bergen,,6,15.4,37.6,0.2518,goal,right-foot,assisted,sofascore
14053678,100386,Steven Berghuis,,1,27.2,80.8,0.0154,save,left-foot,regular,sofascore
14053679,1066450,Walid Ould-Chikh,,90,20.6,32.4,0.0156,miss,right-foot,assisted,sofascore
14053679,1170900,Matěj Šín,,88,14.4,54.8,0.2163,block,right-foot,fast-break,sofascore
14053679,930295,Jan Žambůrek,,87,19.5,70.3,0.0222,miss,left-foot,corner,sofascore
14053679,914392,Jizz Hornkamp,,82,8.7,54.8,0.0927,block,right-foot,regular,sofascore
14053679,905174,Ibrahim Sadiq,,81,8.3,59.7,0.0422,save,head,assisted,sofascore
14053679,1087931,Isak Steiner Jensen,,81,21.6,44.4,0.0815,miss,right-foot,corner,sofascore
14053679,905174,Ibrahim Sadiq,,80,8.3,58.9,0.3198,miss,right-foot,regular,sofascore
14053679,1087931,Isak Steiner Jensen,,80,11.3,36.9,0.0941,block,right-foot,assisted,sofascore
14053679,918484,Ivan Mesík,,80,16.0,41.7,0.0322,miss,right-foot,corner,sofascore
14053679,1153117,Mexx Meerdink,,77,3.3,51.7,0.6639,goal,right-foot,assisted,sofascore
14053679,980671,Sven Mijnans,,72,25.0,65.7,0.0169,miss,right-foot,set-piece,sofascore
14053679,980671,Sven Mijnans,,72,25.6,61.5,0.0553,block,left-foot,free-kick,sofascore
14053679,146401,Thomas Bruns,,67,14.8,35.2,0.072,save,left-foot,fast-break,sofascore
14053679,918484,Ivan Mesík,,63,24.4,53.0,0.0082,block,left-foot,set-piece,sofascore
14053679,146401,Thomas Bruns,,63,19.1,42.7,0.0216,block,right-foot,set-piece,sofascore
14053679,974530,Djevencio van der Kust,,63,24.3,31.7,0.017,miss,left-foot,set-piece,sofascore
14053679,914392,Jizz Hornkamp,,59,20.6,74.6,0.0119,miss,left-foot,assisted,sofascore
14053679,146401,Thomas Bruns,,57,7.1,41.9,0.0711,miss,head,assisted,sofascore
14053679,788284,Ajdin Hrustić,,56,28.1,59.3,0.0212,miss,left-foot,assisted,sofascore
14053679,893559,Mees De Wit,,55,18.7,49.9,0.0402,save,right-foot,assisted,sofascore
14053679,996988,Bryan Limbombe,,53,7.7,55.8,0.0652,miss,head,regular,sofascore
14053679,146401,Thomas Bruns,,53,22.6,54.4,0.0295,save,right-foot,assisted,sofascore
14053679,1153117,Mexx Meerdink,,52,10.8,46.2,0.0454,miss,head,assisted,sofascore
14053679,1008111,Denso Kasius,,51,23.5,68.5,0.0059,miss,right-foot,set-piece,sofascore
14053679,980671,Sven Mijnans,,51,25.3,34.6,0.0415,block,left-foot,free-kick,sofascore
14053679,996988,Bryan Limbombe,,48,11.9,62.4,0.0456,save,left-foot,regular,sofascore
14053679,1405756,Kees Smit,,47,22.0,51.3,0.0474,miss,right-foot,assisted,sofascore
14053679,980671,Sven Mijnans,,44,10.7,43.8,0.1364,block,left-foot,assisted,sofascore
14053679,980671,Sven Mijnans,,43,15.3,63.2,0.0313,save,left-foot,corner,sofascore
14053679,116946,Jordy Clasie,,43,19.7,32.3,0.0271,save,left-foot,corner,sofascore
14053679,1008111,Denso Kasius,,42,27.8,55.6,0.0183,block,right-foot,corner,sofascore
14053679,1153117,Mexx Meerdink,,40,15.4,37.8,0.232,miss,left-foot,assisted,sofascore
14053679,914392,Jizz Hornkamp,,39,8.8,52.6,0.0632,miss,other,assisted,sofascore
14053679,996988,Bryan Limbombe,,38,24.3,62.2,0.0272,save,left-foot,assisted,sofascore
14053679,1123613,Yvandro Borges Sanches,,38,23.8,32.2,0.0246,post,right-foot,assisted,sofascore
14053679,1145989,Ro-Zangelo Daal,,32,23.8,39.7,0.0265,miss,right-foot,regular,sofascore
14053679,1145989,Ro-Zangelo Daal,,32,24.0,31.5,0.0117,block,right-foot,assisted,sofascore
14053679,980671,Sven Mijnans,,31,6.1,35.4,0.1774,save,left-foot,assisted,sofascore
14053679,318575,Damon Mirani,,29,7.9,44.4,0.045,goal,head,corner,sofascore
14053679,788284,Ajdin Hrustić,,29,24.4,53.0,0.0718,save,left-foot,free-kick,sofascore
14053679,1004278,Alexandre Penetra,,9,2.9,46.6,0.7671,goal,left-foot,corner,sofascore
14053679,980671,Sven Mijnans,,9,23.7,68.5,0.0157,save,left-foot,corner,sofascore
14053679,1153117,Mexx Meerdink,,7,8.6,42.1,0.0375,miss,head,corner,sofascore
14053679,1145989,Ro-Zangelo Daal,,4,15.7,35.2,0.0453,block,right-foot,assisted,sofascore
14053680,862479,Iván Márquez,,90,10.8,53.7,0.0631,miss,head,assisted,sofascore
14053680,1155158,Oscar Gloukh,,90,15.0,48.9,0.1227,block,left-foot,fast-break,sofascore
14053680,591044,Dimitris Limnios,,87,2.2,58.5,0.2005,miss,right-foot,assisted,sofascore
14053680,875673,Justin Lonwijk,,85,13.6,51.7,0.0437,miss,head,assisted,sofascore
14053680,1048011,Édouard Michut,,83,17.5,30.1,0.0435,miss,right-foot,assisted,sofascore
14053680,148615,Paul Gladon,,82,15.7,51.5,0.0869,miss,right-foot,regular,sofascore
14053680,366942,Kristoffer Peterson,,82,12.8,29.9,0.056,save,right-foot,assisted,sofascore
14053680,148615,Paul Gladon,,81,7.5,47.3,0.1212,miss,head,throw-in-set-piece,sofascore
14053680,591044,Dimitris Limnios,,77,25.7,73.9,0.0172,miss,right-foot,assisted,sofascore
14053680,366942,Kristoffer Peterson,,76,22.2,28.2,0.0198,save,right-foot,assisted,sofascore
14053680,1048011,Édouard Michut,,72,14.5,52.3,0.1329,block,right-foot,corner,sofascore
14053680,875673,Justin Lonwijk,,72,3.7,58.2,0.1532,block,head,corner,sofascore
14053680,855847,Kaj Sierhuis,,69,7.7,41.5,0.0315,miss,head,corner,sofascore
14053680,148615,Paul Gladon,,68,5.0,43.8,0.1763,block,right-foot,assisted,sofascore
14053680,929633,Mohamed Ihattaren,,68,19.1,53.8,0.043,block,left-foot,assisted,sofascore
14053680,855847,Kaj Sierhuis,,67,14.9,47.0,0.1035,block,left-foot,assisted,sofascore
14053680,836673,Owen Wijndal,,66,13.5,33.1,0.1231,miss,left-foot,assisted,sofascore
14053680,929633,Mohamed Ihattaren,,62,29.9,60.1,0.0183,save,left-foot,assisted,sofascore
14053680,1142147,Ryan Fosso,,61,20.1,44.8,0.0528,miss,right-foot,set-piece,sofascore
14053680,1403090,Rayane Bounida,,59,23.4,54.4,0.0896,miss,right-foot,free-kick,sofascore
14053680,1149146,Mika Godts,,57,18.4,51.5,0.1257,block,right-foot,assisted,sofascore
14053680,836673,Owen Wijndal,,52,23.6,39.1,0.059,goal,left-foot,assisted,sofascore
14053680,1142147,Ryan Fosso,,47,7.1,49.9,,goal,other,regular,sofascore
14053680,1155158,Oscar Gloukh,,45,26.0,46.0,0.0594,save,right-foot,free-kick,sofascore
14053680,961686,Syb Van Ottele,,45,8.2,52.0,,goal,left-foot,regular,sofascore
14053680,1048011,Édouard Michut,,45,20.9,49.1,0.0735,miss,right-foot,assisted,sofascore
14053680,929633,Mohamed Ihattaren,,45,22.0,58.5,0.0357,block,left-foot,assisted,sofascore
14053680,855847,Kaj Sierhuis,,45,21.9,43.1,0.0614,miss,left-foot,assisted,sofascore
14053680,790989,Ko Itakura,,43,15.8,49.1,0.0296,miss,head,assisted,sofascore
14053680,795761,Kasper Dolberg,,39,6.9,52.3,0.1068,miss,head,corner,sofascore
14053680,1048758,Jasper Dahlhaus,,37,17.9,29.7,0.0476,save,left-foot,assisted,sofascore
14053680,1403090,Rayane Bounida,,24,11.9,52.1,0.1438,block,left-foot,regular,sofascore
14053680,252215,Wout Weghorst,,24,10.1,48.9,0.1179,block,right-foot,regular,sofascore
14053680,1403090,Rayane Bounida,,24,18.7,53.0,0.0923,block,left-foot,assisted,sofascore
14053680,1048758,Jasper Dahlhaus,,20,15.3,32.5,0.0654,save,left-foot,assisted,sofascore
14053680,1048011,Édouard Michut,,17,19.1,51.7,0.1457,miss,right-foot,fast-break,sofascore
14053680,1149146,Mika Godts,,15,16.3,52.6,0.051,save,left-foot,assisted,sofascore
14053680,961686,Syb Van Ottele,,10,5.3,57.0,0.0902,miss,head,corner,sofascore
14053680,1149146,Mika Godts,,8,21.5,35.2,0.0326,save,right-foot,throw-in-set-piece,sofascore
14053680,855847,Kaj Sierhuis,,4,6.9,51.1,0.7787,goal,head,fast-break,sofascore
14053680,929633,Mohamed Ihattaren,,4,10.5,40.1,0.2758,save,right-foot,fast-break,sofascore
14053681,1050672,Casper Terho,,90,3.9,52.1,0.2244,miss,head,corner,sofascore
14053681,74577,Patrick van Aanholt,,90,22.2,44.9,0.0518,block,left-foot,assisted,sofascore
14053681,827662,Mitchell Van Bergen,,90,17.8,34.8,0.0572,save,right-foot,assisted,sofascore
14053681,927605,Kaj de Rooij,,85,11.9,40.7,0.1082,goal,left-foot,assisted,sofascore
14053681,1137227,Milan Zonneveld,,83,2.2,52.7,0.4581,goal,right-foot,regular,sofascore
14053681,827662,Mitchell Van Bergen,,83,8.5,41.5,0.096,post,right-foot,regular,sofascore
14053681,847073,Koen Kostons,,83,22.6,38.9,0.0327,miss,right-foot,regular,sofascore
14053681,1050672,Casper Terho,,81,11.2,62.1,0.1101,miss,left-foot,assisted,sofascore
14053681,1005693,Anselmo Garcia McNulty,,77,12.0,45.2,0.1207,miss,left-foot,set-piece,sofascore
14053681,235538,Younes Namli,,73,15.6,64.2,0.052,save,left-foot,throw-in-set-piece,sofascore
14053681,1050828,Zico Buurmeester,,71,2.6,29.4,0.0094,miss,left-foot,assisted,sofascore
14053681,1050672,Casper Terho,,68,24.6,72.3,0.0202,miss,left-foot,assisted,sofascore
14053681,916926,Shurandy Sambo,,63,22.9,36.8,0.0202,block,right-foot,corner,sofascore
14053681,1002479,Shunsuke Mito,,61,21.4,70.0,0.0294,block,left-foot,regular,sofascore
14053681,795135,Pelle Clement,,61,12.3,60.0,0.061,block,right-foot,assisted,sofascore
14053681,876233,Thijs Oosting,,60,19.0,50.4,0.1564,miss,left-foot,fast-break,sofascore
14053681,795135,Pelle Clement,,59,24.0,65.9,0.0329,save,right-foot,assisted,sofascore
14053681,827662,Mitchell Van Bergen,,56,14.2,35.9,0.0542,save,left-foot,fast-break,sofascore
14053681,235538,Younes Namli,,56,20.8,65.1,0.0169,save,left-foot,assisted,sofascore
14053681,1002479,Shunsuke Mito,,53,13.4,27.0,0.028,save,right-foot,assisted,sofascore
14053681,876233,Thijs Oosting,,49,27.0,50.2,0.015,miss,left-foot,assisted,sofascore
14053681,966655,Shola Shoretire,,43,7.4,39.9,0.5407,miss,right-foot,assisted,sofascore
14053681,827662,Mitchell Van Bergen,,38,7.7,65.8,0.2124,miss,right-foot,assisted,sofascore
14053681,333571,Ryan Thomas,,38,22.5,37.1,0.0161,miss,right-foot,throw-in-set-piece,sofascore
14053681,876233,Thijs Oosting,,36,12.4,40.3,0.1268,save,left-foot,fast-break,sofascore
14053681,796943,Tobias Lauritsen,,31,8.6,46.2,0.0529,save,head,corner,sofascore
14053681,913584,Joshua Kitolano,,30,20.7,60.3,0.0423,miss,right-foot,assisted,sofascore
14053681,1050828,Zico Buurmeester,,22,14.4,36.6,0.0385,save,left-foot,set-piece,sofascore
14053681,235538,Younes Namli,,22,19.4,41.9,0.1102,block,left-foot,free-kick,sofascore
14053681,1648751,Ayoni Santos,,17,10.9,47.9,0.0814,save,head,assisted,sofascore
14053681,876233,Thijs Oosting,,17,5.8,45.6,0.1803,save,head,corner,sofascore
14053681,913584,Joshua Kitolano,,13,19.2,50.5,0.0535,miss,right-foot,throw-in-set-piece,sofascore
14053681,795135,Pelle Clement,,9,25.7,49.2,0.0424,miss,right-foot,assisted,sofascore
14053681,876233,Thijs Oosting,,8,10.4,52.0,0.0709,miss,left-foot,regular,sofascore
14053681,796943,Tobias Lauritsen,,7,9.9,64.6,0.0921,miss,right-foot,assisted,sofascore
14053682,302690,Danny Bakker,,90,9.5,49.9,0.1973,miss,right-foot,throw-in-set-piece,sofascore
14053682,1418395,Neville Nwankwo,,90,9.4,57.5,0.0389,block,head,throw-in-set-piece,sofascore
14053682,1592152,Sebastiaan Hagedoorn,,90,14.4,52.8,0.0582,save,left-foot,set-piece,sofascore
14053682,1136902,Makan Aïko,,90,14.1,63.2,0.2659,goal,right-foot,regular,sofascore
14053682,1592152,Sebastiaan Hagedoorn,,87,14.2,55.4,0.0182,save,head,corner,sofascore
14053682,995365,Dylan Mertens,,87,14.3,48.5,0.0687,block,right-foot,corner,sofascore
14053682,302690,Danny Bakker,,87,3.5,38.7,0.0507,block,head,corner,sofascore
14053682,860158,Kay Tejan,,86,14.7,69.3,0.0218,block,left-foot,regular,sofascore
14053682,860158,Kay Tejan,,85,9.2,55.4,0.0496,block,head,set-piece,sofascore
14053682,1136902,Makan Aïko,,83,6.4,44.7,0.1934,goal,right-foot,assisted,sofascore
14053682,860158,Kay Tejan,,81,10.7,51.5,0.0444,save,head,set-piece,sofascore
14053682,860158,Kay Tejan,,71,5.1,40.3,0.3213,save,head,regular,sofascore
14053682,860158,Kay Tejan,,71,11.3,41.1,0.5464,save,left-foot,assisted,sofascore
14053682,302690,Danny Bakker,,52,7.4,52.3,0.101,block,head,corner,sofascore
14053682,1548838,Soufiane Hetli,,45,21.3,37.8,0.0261,miss,left-foot,throw-in-set-piece,sofascore
14053682,1157777,Jochem Ritmeester van de Kamp,,43,9.6,46.8,0.2029,goal,left-foot,assisted,sofascore
14053682,366942,Kristoffer Peterson,,34,11.0,32.7,0.0379,save,right-foot,assisted,sofascore
14053682,929633,Mohamed Ihattaren,,28,12.0,34.2,0.1115,save,left-foot,assisted,sofascore
14053682,1047396,Guus Offerhaus,,27,21.8,60.7,0.0211,miss,right-foot,set-piece,sofascore
14053682,1548838,Soufiane Hetli,,22,18.3,50.5,0.072,miss,right-foot,assisted,sofascore
14053682,148615,Paul Gladon,,19,3.7,54.9,0.2529,block,right-foot,assisted,sofascore
14053682,1142147,Ryan Fosso,,15,28.6,51.5,0.0187,miss,right-foot,regular,sofascore
14053682,366942,Kristoffer Peterson,,15,11.3,31.3,0.0361,block,right-foot,assisted,sofascore
14053682,1157777,Jochem Ritmeester van de Kamp,,12,18.5,68.7,0.0189,save,left-foot,assisted,sofascore
14053682,366942,Kristoffer Peterson,,8,9.8,29.9,0.0212,save,left-foot,assisted,sofascore
14053682,1469336,Tyrese Noslin,,7,23.8,64.8,0.0223,miss,right-foot,assisted,sofascore
14053682,148615,Paul Gladon,,2,9.2,48.6,0.1576,goal,head,assisted,sofascore
14053683,974020,Xavier Mbuyamba,,90,22.1,50.8,0.0389,miss,left-foot,regular,sofascore
14053683,1499696,Kento Shiogai,,90,8.5,64.2,0.2485,goal,right-foot,assisted,sofascore
14053683,106154,Mawouna Amevor,,90,7.7,52.3,0.1994,goal,head,set-piece,sofascore
14053683,313264,Henk Veerman,,87,8.1,50.7,0.133,miss,head,assisted,sofascore
14053683,385708,Vito van Crooij,,81,9.8,47.0,0.0589,save,head,assisted,sofascore
14053683,1008697,Anthony Descotte,,80,17.6,43.0,0.0345,save,left-foot,assisted,sofascore
14053683,156676,Robert Mühren,,77,7.7,61.3,0.264,miss,right-foot,assisted,sofascore
14053683,1499696,Kento Shiogai,,77,10.7,53.4,0.1558,miss,left-foot,regular,sofascore
14053683,1193676,Başar Önal,,74,14.8,37.0,0.0297,goal,right-foot,assisted,sofascore
14053683,106154,Mawouna Amevor,,63,10.1,47.7,0.0445,miss,head,corner,sofascore
14053683,106154,Mawouna Amevor,,63,7.0,53.2,0.1048,miss,head,corner,sofascore
14053683,47753,Bryan Linssen,,55,12.5,50.3,0.0872,block,right-foot,assisted,sofascore
14053683,35208,Tjaronn Chery,,52,28.2,52.1,0.0364,miss,left-foot,free-kick,sofascore
14053683,831860,Koki Ogawa,,50,10.9,47.9,0.0404,block,head,assisted,sofascore
14053683,897603,Darko Nejašmić,,46,23.1,48.7,0.0614,goal,right-foot,assisted,sofascore
14053683,1193676,Başar Önal,,45,19.8,33.3,0.0988,save,right-foot,free-kick,sofascore
14053683,1423743,Deron Payne,,45,20.9,67.6,0.0139,miss,right-foot,set-piece,sofascore
14053683,252885,Brandley Kuwas,,43,11.5,50.0,0.7884,goal,left-foot,penalty,sofascore
14053683,313264,Henk Veerman,,38,4.8,52.2,0.3413,save,right-foot,set-piece,sofascore
14053683,106154,Mawouna Amevor,,38,12.2,57.3,0.1266,save,right-foot,set-piece,sofascore
14053683,996982,Yannick Leliendal,,38,24.0,42.6,0.0242,miss,left-foot,set-piece,sofascore
14053683,252885,Brandley Kuwas,,38,21.1,68.1,0.0521,block,left-foot,free-kick,sofascore
14053683,47753,Bryan Linssen,,30,5.1,38.3,0.0455,block,head,corner,sofascore
14053683,127846,Eli Dasa,,29,17.2,60.9,0.0165,block,right-foot,corner,sofascore
14053683,1394147,Sami Ouaissa,,28,4.3,67.3,0.0608,save,left-foot,regular,sofascore
14053683,831860,Koki Ogawa,,23,16.3,50.6,0.1095,block,left-foot,assisted,sofascore
14053683,1064177,Ahmetcan Kaplan,,18,11.3,38.3,0.0713,block,left-foot,corner,sofascore
14053683,47753,Bryan Linssen,,12,12.0,46.0,0.1023,save,left-foot,assisted,sofascore
14053683,1064177,Ahmetcan Kaplan,,4,8.2,46.6,0.0654,miss,head,corner,sofascore
14053684,1088895,Mohamed Nassoh,,90,22.6,43.4,0.0295,miss,left-foot,assisted,sofascore
14053684,1218066,Anis Hadj Moussa,,90,19.6,38.0,0.0325,block,left-foot,set-piece,sofascore
14053684,1083398,Raul Paula,,90,10.7,28.6,0.0314,block,right-foot,assisted,sofascore
14053684,858242,Boy Kemper,,87,9.9,44.2,0.0087,miss,other,corner,sofascore
14053684,1149147,Juho Talvitie,,82,19.4,53.4,0.069,block,left-foot,fast-break,sofascore
14053684,990814,Charles-Andreas Brym,,78,9.9,55.3,0.1704,miss,left-foot,regular,sofascore
14053684,27035,André Ayew,,78,9.2,46.1,0.1205,block,left-foot,assisted,sofascore
14053684,927440,Kamal Sowah,,74,26.5,37.5,0.0138,block,left-foot,fast-break,sofascore
14053684,985823,Ayase Ueda,,71,3.2,42.7,0.1655,miss,right-foot,corner,sofascore
14053684,1095731,Oussama Targhalline,,66,6.9,57.9,0.0605,block,right-foot,corner,sofascore
14053684,825899,Anel Ahmedhodžić,,56,4.2,55.2,0.1428,miss,head,corner,sofascore
14053684,1144138,Jordan Bos,,55,6.7,31.5,0.0191,block,left-foot,set-piece,sofascore
14053684,985823,Ayase Ueda,,52,8.4,47.2,0.0778,goal,head,assisted,sofascore
14053684,138534,Raheem Sterling,,50,10.4,45.4,0.3361,save,left-foot,assisted,sofascore
14053684,27035,André Ayew,,45,7.4,49.1,0.2593,goal,head,assisted,sofascore
14053684,912651,Boyd Lucassen,,39,9.9,53.0,0.113,goal,head,assisted,sofascore
14053684,1121400,Luciano Valente,,31,20.1,57.5,0.0343,goal,left-foot,assisted,sofascore
14053684,990814,Charles-Andreas Brym,,27,23.1,30.3,0.0205,save,right-foot,assisted,sofascore
14053684,927440,Kamal Sowah,,22,8.5,47.9,0.1695,goal,left-foot,corner,sofascore
14053684,912651,Boyd Lucassen,,22,15.4,66.2,0.0327,block,right-foot,corner,sofascore
14053684,985823,Ayase Ueda,,19,3.8,47.7,0.4356,goal,head,corner,sofascore
14053684,886242,Jakub Moder,,19,9.5,63.4,0.1366,save,right-foot,assisted,sofascore
14053684,1121400,Luciano Valente,,10,14.2,66.4,0.0325,miss,right-foot,corner,sofascore
14053684,1218066,Anis Hadj Moussa,,9,14.8,48.7,0.1881,block,left-foot,assisted,sofascore
14053684,138534,Raheem Sterling,,4,14.5,28.9,0.0443,block,right-foot,corner,sofascore
14053684,886242,Jakub Moder,,3,18.8,29.1,0.0148,miss,right-foot,assisted,sofascore
14053685,942213,Tsuyoshi Watanabe,,90,3.9,40.9,0.0773,block,left-foot,set-piece,sofascore
14053685,1048011,Édouard Michut,,89,23.2,51.7,0.0612,miss,right-foot,regular,sofascore
14053685,860160,Gijs Smal,,80,14.4,53.6,0.2401,miss,left-foot,fast-break,sofascore
14053685,1388535,Givairo Read,,79,12.7,53.6,0.1997,block,left-foot,assisted,sofascore
14053685,985823,Ayase Ueda,,77,13.9,71.7,0.0304,miss,right-foot,assisted,sofascore
14053685,1144138,Jordan Bos,,76,24.7,40.7,0.0113,miss,left-foot,corner,sofascore
14053685,148615,Paul Gladon,,74,8.2,50.1,0.1461,miss,head,throw-in-set-piece,sofascore
14053685,1479467,Aymen Sliti,,72,15.5,57.1,0.1106,goal,left-foot,assisted,sofascore
14053685,1144138,Jordan Bos,,64,19.1,50.3,0.0527,miss,left-foot,corner,sofascore
14053685,985823,Ayase Ueda,,64,23.5,63.5,0.0602,save,right-foot,fast-break,sofascore
14053685,1144138,Jordan Bos,,60,8.9,32.1,0.1212,miss,left-foot,assisted,sofascore
14053685,944467,Sem Steijn,,58,12.7,46.5,0.1975,save,right-foot,fast-break,sofascore
14053685,875673,Justin Lonwijk,,58,20.9,57.9,0.0313,miss,left-foot,assisted,sofascore
14053685,1150938,Leo Sauer,,56,21.1,33.9,0.0513,block,right-foot,assisted,sofascore
14053685,959805,Quinten Timber,,54,27.8,48.9,0.0267,miss,right-foot,assisted,sofascore
14053685,1150938,Leo Sauer,,49,24.6,44.6,0.0141,miss,right-foot,corner,sofascore
14053685,929633,Mohamed Ihattaren,,42,17.7,60.7,0.0322,block,left-foot,assisted,sofascore
14053685,985823,Ayase Ueda,,40,12.5,62.4,0.3434,goal,left-foot,assisted,sofascore
14053685,985823,Ayase Ueda,,37,5.1,46.6,0.1668,block,head,corner,sofascore
14053685,1150938,Leo Sauer,,36,17.8,41.9,0.0468,save,right-foot,corner,sofascore
14053685,944467,Sem Steijn,,22,7.6,49.5,0.1333,miss,head,assisted,sofascore
14053685,1048758,Jasper Dahlhaus,,9,15.1,35.8,0.0604,miss,right-foot,assisted,sofascore
14053685,985823,Ayase Ueda,,3,7.9,53.6,0.1999,miss,head,throw-in-set-piece,sofascore
14053685,942213,Tsuyoshi Watanabe,,2,8.6,59.1,0.0438,miss,left-foot,corner,sofascore
14053686,914392,Jizz Hornkamp,,90,5.7,43.4,0.1204,save,right-foot,set-piece,sofascore
14053686,918484,Ivan Mesík,,90,9.2,45.6,0.5456,goal,right-foot,assisted,sofascore
14053686,1137227,Milan Zonneveld,,88,9.9,44.6,0.1594,miss,left-foot,assisted,sofascore
14053686,995365,Dylan Mertens,,82,14.7,50.1,0.1125,block,right-foot,set-piece,sofascore
14053686,788284,Ajdin Hrustić,,77,12.6,45.4,0.09,block,right-foot,assisted,sofascore
14053686,1469336,Tyrese Noslin,,70,17.0,51.5,0.133,save,right-foot,assisted,sofascore
14053686,1137227,Milan Zonneveld,,67,7.1,54.0,0.2797,goal,head,assisted,sofascore
14053686,788284,Ajdin Hrustić,,66,25.9,64.8,0.0183,block,left-foot,assisted,sofascore
14053686,1066319,Patrick Brouwer,,63,23.5,53.0,0.046,miss,right-foot,assisted,sofascore
14053686,1066319,Patrick Brouwer,,59,6.0,30.7,0.0504,miss,left-foot,corner,sofascore
14053686,914392,Jizz Hornkamp,,56,5.8,49.5,0.4913,block,left-foot,assisted,sofascore
14053686,918484,Ivan Mesík,,56,8.1,39.9,0.0769,miss,right-foot,regular,sofascore
14053686,1066450,Walid Ould-Chikh,,56,14.4,34.2,0.0667,save,right-foot,regular,sofascore
14053686,996988,Bryan Limbombe,,41,14.1,33.6,0.044,block,right-foot,assisted,sofascore
14053686,996988,Bryan Limbombe,,37,13.8,48.3,0.0822,block,right-foot,assisted,sofascore
14053686,918484,Ivan Mesík,,35,13.3,31.5,0.0384,miss,right-foot,assisted,sofascore
14053686,974203,Alec Van Hoorenbeeck,,28,8.5,47.2,0.0733,block,head,set-piece,sofascore
14053686,914392,Jizz Hornkamp,,23,7.7,41.1,0.1445,save,left-foot,regular,sofascore
14053686,1213453,Tristan van Gilst,,22,14.1,42.1,0.059,miss,left-foot,set-piece,sofascore
14053686,914392,Jizz Hornkamp,,22,10.4,44.8,0.2618,save,right-foot,set-piece,sofascore
14053686,302690,Danny Bakker,,16,20.6,51.1,0.0348,block,left-foot,corner,sofascore
14053686,302690,Danny Bakker,,16,25.9,32.3,0.0217,block,left-foot,regular,sofascore
14053686,1084609,Tyrone Owusu,,12,26.5,43.0,0.011,miss,right-foot,corner,sofascore
14053686,1548838,Soufiane Hetli,,11,11.3,32.7,0.0464,block,left-foot,assisted,sofascore
14053686,914392,Jizz Hornkamp,,2,9.7,36.6,0.1039,save,left-foot,assisted,sofascore
14053686,1066319,Patrick Brouwer,,1,26.0,37.0,0.0187,miss,right-foot,assisted,sofascore
14053687,1118181,Lequincio Zeefuik,,90,28.8,51.9,0.0171,miss,right-foot,assisted,sofascore
14053687,966429,David Min,,90,7.4,49.1,0.2336,miss,head,set-piece,sofascore
14053687,1118181,Lequincio Zeefuik,,88,24.3,60.9,0.0249,miss,left-foot,assisted,sofascore
14053687,788284,Ajdin Hrustić,,79,21.9,62.7,0.0339,save,left-foot,assisted,sofascore
14053687,966429,David Min,,75,5.5,55.6,0.1359,miss,head,set-piece,sofascore
14053687,1189738,Sem Scheperman,,74,8.2,43.0,0.0552,save,head,corner,sofascore
14053687,1118181,Lequincio Zeefuik,,70,11.3,66.0,0.0831,miss,right-foot,assisted,sofascore
14053687,1118181,Lequincio Zeefuik,,64,15.3,52.3,0.0391,save,head,assisted,sofascore
14053687,1153261,Ángel Alarcón,,63,10.5,57.7,0.0728,save,left-foot,regular,sofascore
14053687,991679,Souffian El Karouani,,62,28.0,57.7,0.0351,miss,left-foot,free-kick,sofascore
14053687,1153261,Ángel Alarcón,,56,7.7,43.0,0.0946,miss,head,corner,sofascore
14053687,1433802,Gjivai Zechiël,,47,13.0,46.8,0.1655,miss,right-foot,assisted,sofascore
14053687,1118181,Lequincio Zeefuik,,45,10.9,56.9,0.0222,miss,head,corner,sofascore
14053687,152414,Mike Van der Hoorn,,42,4.3,46.6,0.1896,block,head,corner,sofascore
14053687,1153261,Ángel Alarcón,,41,13.4,66.5,0.0811,block,right-foot,assisted,sofascore
14053687,1105700,Yoann Cathline,,40,3.1,47.0,0.279,miss,head,assisted,sofascore
14053687,788284,Ajdin Hrustić,,39,19.7,72.3,0.0297,miss,left-foot,assisted,sofascore
14053687,980742,Erik Ahlstrand,,35,25.1,74.2,0.0286,miss,left-foot,fast-break,sofascore
14053687,1433802,Gjivai Zechiël,,21,10.6,50.0,0.2509,save,right-foot,assisted,sofascore
14053687,1489193,Artem Stepanov,,18,6.9,44.5,0.0772,miss,head,corner,sofascore
14053687,1489193,Artem Stepanov,,17,6.8,72.4,0.0296,block,right-foot,fast-break,sofascore
14053687,1153261,Ángel Alarcón,,17,10.8,34.2,0.0252,miss,right-foot,set-piece,sofascore
14053687,1153261,Ángel Alarcón,,10,21.4,52.9,0.0589,block,left-foot,assisted,sofascore
14053687,1153261,Ángel Alarcón,,8,6.0,55.4,0.1265,save,head,assisted,sofascore
14053687,918484,Ivan Mesík,,5,27.6,42.1,0.0265,miss,right-foot,regular,sofascore
14053687,991679,Souffian El Karouani,,4,14.4,43.8,0.0903,miss,right-foot,regular,sofascore
14053688,906024,Taylor Booth,,90,9.5,68.7,0.0679,miss,right-foot,assisted,sofascore
14053688,578344,Arno Verschueren,,90,7.0,54.5,0.1743,save,right-foot,corner,sofascore
14053688,190435,Marko Pjaca,,89,8.3,45.8,0.1474,save,right-foot,assisted,sofascore
14053688,954317,Naci Ünüvar,,85,14.0,57.3,0.2416,goal,right-foot,assisted,sofascore
14053688,796943,Tobias Lauritsen,,82,7.7,50.9,0.1151,miss,head,assisted,sofascore
14053688,954317,Naci Ünüvar,,82,11.9,36.2,0.1987,miss,right-foot,assisted,sofascore
14053688,916926,Shurandy Sambo,,79,5.5,65.8,0.0665,miss,right-foot,throw-in-set-piece,sofascore
14053688,945233,Thomas Van den Belt,,76,12.8,57.7,0.4241,save,right-foot,assisted,sofascore
14053688,35193,Ricky van Wolfswinkel,,65,7.7,49.0,0.1616,goal,right-foot,regular,sofascore
14053688,946506,Bart van Rooij,,61,18.5,61.1,0.0655,goal,left-foot,regular,sofascore
14053688,1160026,Kristian Hlynsson,,60,17.9,49.9,0.1275,miss,right-foot,assisted,sofascore
14053688,74577,Patrick van Aanholt,,59,26.0,45.6,0.0391,miss,right-foot,assisted,sofascore
14053688,1160026,Kristian Hlynsson,,51,18.8,62.1,0.0388,goal,right-foot,assisted,sofascore
14053688,989882,Ramiz Zerrouki,,47,19.4,43.6,0.0511,miss,right-foot,assisted,sofascore
14053688,1160026,Kristian Hlynsson,,42,16.7,50.7,0.3085,miss,right-foot,assisted,sofascore
14053688,1160026,Kristian Hlynsson,,40,20.7,27.8,0.0196,miss,right-foot,assisted,sofascore
14053688,946506,Bart van Rooij,,39,12.9,69.7,0.0377,miss,left-foot,regular,sofascore
14053688,1200962,Sondre Ørjasæter,,36,21.8,32.4,0.0219,miss,right-foot,assisted,sofascore
14053688,1048430,Daan Rots,,33,8.1,53.6,0.0861,miss,head,assisted,sofascore
14053688,796943,Tobias Lauritsen,,31,13.0,41.5,0.0199,block,head,corner,sofascore
14053688,796943,Tobias Lauritsen,,24,8.2,45.0,0.689,goal,left-foot,regular,sofascore
14053688,74577,Patrick van Aanholt,,24,9.5,38.3,0.3724,save,left-foot,assisted,sofascore
14053688,946506,Bart van Rooij,,23,22.0,69.3,0.0217,miss,right-foot,assisted,sofascore
14053688,35193,Ricky van Wolfswinkel,,22,19.5,38.0,0.0327,save,right-foot,regular,sofascore
14053688,1032926,Sayfallah Ltaief,,20,21.5,59.8,0.0432,block,right-foot,fast-break,sofascore
14053688,989882,Ramiz Zerrouki,,15,10.2,61.7,0.1131,save,left-foot,throw-in-set-piece,sofascore
14053688,989882,Ramiz Zerrouki,,13,20.1,44.0,0.0574,goal,left-foot,assisted,sofascore
14053688,35193,Ricky van Wolfswinkel,,9,7.3,60.9,0.0812,miss,left-foot,corner,sofascore
14053688,1048430,Daan Rots,,8,6.7,40.5,0.0562,save,left-foot,corner,sofascore
14053688,1160026,Kristian Hlynsson,,8,13.9,53.2,0.0573,block,right-foot,assisted,sofascore
14053690,1145987,Lewis Schouten,,90,5.2,48.1,0.2378,goal,head,assisted,sofascore
14053690,1019892,Stefan Mitrović,,87,3.6,47.9,0.3543,block,right-foot,assisted,sofascore
14053690,899644,Ilias Bronkhorst,,85,25.4,47.2,0.021,miss,right-foot,set-piece,sofascore
14053690,1384483,Irakli Yegoian,,83,13.9,59.5,0.1228,miss,right-foot,assisted,sofascore
14053690,2216656,Robin van Cruijsen,,81,14.0,47.1,0.1426,block,left-foot,assisted,sofascore
14053690,1384483,Irakli Yegoian,,77,11.3,39.5,0.1189,save,left-foot,regular,sofascore
14053690,1893852,Jerolldino Bergraaf,,77,21.4,46.3,0.0558,save,left-foot,assisted,sofascore
14053690,1046142,Derensili Sanches Fernandes,,76,19.8,64.2,0.023,save,left-foot,assisted,sofascore
14053690,252885,Brandley Kuwas,,75,24.9,62.0,0.0326,save,left-foot,corner,sofascore
14053690,1095406,Aurelio Oehlers,,73,14.8,46.0,0.111,save,right-foot,assisted,sofascore
14053690,1031721,Casper Widell,,69,5.8,53.7,0.1321,miss,head,corner,sofascore
14053690,1048906,Rick Meissen,,68,10.7,44.6,0.0678,miss,right-foot,throw-in-set-piece,sofascore
14053690,1019892,Stefan Mitrović,,64,17.6,68.3,0.021,block,right-foot,assisted,sofascore
14053690,946950,Simon Janssen,,63,10.4,23.7,0.0412,save,left-foot,assisted,sofascore
14053690,1048487,Noah Naujoks,,60,8.8,60.1,0.0361,block,head,set-piece,sofascore
14053690,313264,Henk Veerman,,54,5.5,50.5,0.1868,save,head,corner,sofascore
14053690,313264,Henk Veerman,,54,10.4,61.1,0.5499,save,right-foot,fast-break,sofascore
14053690,252885,Brandley Kuwas,,50,11.6,53.4,0.0252,save,head,set-piece,sofascore
14053690,2216656,Robin van Cruijsen,,45,22.6,54.2,0.0756,goal,left-foot,regular,sofascore
14053690,991039,Adam Carlén,,41,1.7,39.7,0.036,miss,head,set-piece,sofascore
14053690,252885,Brandley Kuwas,,39,4.8,61.1,0.0496,block,left-foot,corner,sofascore
14053690,1481354,Precious Ugwu,,39,8.5,42.3,0.1062,block,right-foot,corner,sofascore
14053690,252885,Brandley Kuwas,,39,11.5,65.8,0.0401,post,left-foot,corner,sofascore
14053690,974020,Xavier Mbuyamba,,36,11.1,49.0,0.035,miss,head,set-piece,sofascore
14053690,1523582,Nick Verschuren,,32,11.7,54.2,0.0244,save,head,set-piece,sofascore
14053690,1048487,Noah Naujoks,,26,9.8,62.2,0.0168,miss,head,set-piece,sofascore
14053690,1481354,Precious Ugwu,,20,23.8,45.0,0.0414,miss,left-foot,assisted,sofascore
14053690,1009285,Szymon Włodarczyk,,10,5.5,47.7,0.4837,goal,head,assisted,sofascore
14053690,1523582,Nick Verschuren,,5,10.1,49.0,0.0578,miss,head,set-piece,sofascore
14053691,1648756,Ayoub Oufkir,,90,6.5,66.3,0.1639,save,right-foot,assisted,sofascore
14053691,986395,Ricardo Pepi,,86,7.0,52.8,0.4591,goal,right-foot,assisted,sofascore
14053691,1008111,Denso Kasius,,84,9.8,64.2,0.4304,save,right-foot,fast-break,sofascore
14053691,38710,Ivan Perišić,,80,12.8,36.0,0.065,miss,right-foot,fast-break,sofascore
14053691,986395,Ricardo Pepi,,80,13.4,54.9,0.167,save,right-foot,fast-break,sofascore
14053691,1008111,Denso Kasius,,72,8.2,68.2,0.0502,block,left-foot,assisted,sofascore
14053691,986395,Ricardo Pepi,,68,5.5,47.8,0.2719,miss,right-foot,assisted,sofascore
14053691,38710,Ivan Perišić,,66,8.9,30.4,0.0385,block,left-foot,assisted,sofascore
14053691,1008111,Denso Kasius,,66,23.0,26.5,0.0069,block,right-foot,corner,sofascore
14053691,980671,Sven Mijnans,,65,12.1,43.5,0.2288,block,left-foot,set-piece,sofascore
14053691,1146018,Paul Wanner,,62,6.9,52.9,0.1507,save,head,assisted,sofascore
14053691,966555,Troy Parrott,,61,6.2,55.8,0.1181,save,head,assisted,sofascore
14053691,986395,Ricardo Pepi,,60,11.5,49.8,0.0359,save,head,assisted,sofascore
14053691,1063767,Ismael Saibari,,58,9.8,49.6,0.0289,miss,other,assisted,sofascore
14053691,1087931,Isak Steiner Jensen,,55,13.3,53.1,0.1463,miss,left-foot,assisted,sofascore
14053691,38710,Ivan Perišić,,45,15.2,31.6,0.0228,save,right-foot,regular,sofascore
14053691,966555,Troy Parrott,,45,0.7,50.2,,goal,right-foot,corner,sofascore
14053691,1014222,Kiliann Sildillia,,45,4.3,55.5,0.1382,save,head,corner,sofascore
14053691,844234,Jerdy Schouten,,37,27.5,52.0,0.0229,miss,right-foot,regular,sofascore
14053691,812145,Dennis Man,,37,6.3,60.0,0.0548,miss,head,assisted,sofascore
14053691,1063767,Ismael Saibari,,36,28.1,48.3,0.019,block,right-foot,assisted,sofascore
14053691,986395,Ricardo Pepi,,34,14.5,43.0,0.05,block,left-foot,assisted,sofascore
14053691,1146018,Paul Wanner,,29,10.7,40.9,0.0509,miss,left-foot,assisted,sofascore
14053691,922018,Peer Koopmeiners,,24,7.5,66.9,0.1339,save,right-foot,assisted,sofascore
14053691,986395,Ricardo Pepi,,22,14.4,47.0,0.4113,save,right-foot,assisted,sofascore
14053691,1386461,Elijah Dijkstra,,21,16.4,66.4,0.02,block,left-foot,regular,sofascore
14053691,966555,Troy Parrott,,20,10.2,43.4,0.1491,block,left-foot,assisted,sofascore
14053691,1145989,Ro-Zangelo Daal,,19,14.1,38.1,0.1076,block,right-foot,assisted,sofascore
14053691,986395,Ricardo Pepi,,17,4.5,53.4,0.2205,block,head,assisted,sofascore
14053691,1213381,Billy van Duijl,,13,12.9,44.2,0.1826,goal,left-foot,throw-in-set-piece,sofascore
14053691,980671,Sven Mijnans,,12,13.9,72.6,0.0173,block,left-foot,assisted,sofascore
14053691,1063767,Ismael Saibari,,6,8.9,48.5,0.0751,miss,head,assisted,sofascore
14053691,1146018,Paul Wanner,,4,11.4,45.2,0.2499,save,left-foot,assisted,sofascore
14053692,1563462,Jorthy Mokio,,90,14.1,36.0,0.1131,goal,left-foot,assisted,sofascore
14053692,985823,Ayase Ueda,,88,8.8,46.0,0.0678,miss,right-foot,corner,sofascore
14053692,1001945,Kian Fitz-Jim,,86,15.3,55.8,0.0847,miss,left-foot,assisted,sofascore
14053692,942213,Tsuyoshi Watanabe,,85,19.2,36.2,0.0661,miss,right-foot,regular,sofascore
14053692,1149146,Mika Godts,,81,14.4,36.2,0.1374,miss,right-foot,assisted,sofascore
14053692,1403090,Rayane Bounida,,81,8.7,33.2,0.0435,block,right-foot,assisted,sofascore
14053692,959805,Quinten Timber,,80,1.6,73.0,0.0211,save,right-foot,regular,sofascore
14053692,1218066,Anis Hadj Moussa,,77,7.7,69.7,0.02,block,left-foot,regular,sofascore
14053692,1001945,Kian Fitz-Jim,,76,19.2,50.5,0.0463,miss,left-foot,regular,sofascore
14053692,1144138,Jordan Bos,,72,21.0,37.6,0.0315,block,left-foot,corner,sofascore
14053692,959805,Quinten Timber,,69,19.5,68.3,0.0396,block,right-foot,assisted,sofascore
14053692,1155158,Oscar Gloukh,,62,8.9,47.0,0.1558,miss,head,assisted,sofascore
14053692,860160,Gijs Smal,,57,14.1,35.6,0.0334,miss,left-foot,corner,sofascore
14053692,985823,Ayase Ueda,,54,7.2,57.7,0.0976,block,right-foot,assisted,sofascore
14053692,985823,Ayase Ueda,,50,8.6,40.1,0.5026,miss,right-foot,assisted,sofascore
14053692,996940,Youri Regeer,,47,18.4,53.4,0.0976,block,right-foot,regular,sofascore
14053692,825899,Anel Ahmedhodžić,,44,7.0,52.1,0.2624,miss,head,assisted,sofascore
14053692,1121400,Luciano Valente,,43,18.3,42.8,0.0538,block,right-foot,assisted,sofascore
14053692,1149146,Mika Godts,,41,27.2,38.9,0.0355,save,right-foot,assisted,sofascore
14053692,795761,Kasper Dolberg,,40,10.1,31.1,0.0231,save,right-foot,assisted,sofascore
14053692,970860,Lucas Rosa,,37,11.0,67.9,0.1832,save,right-foot,fast-break,sofascore
14053692,959805,Quinten Timber,,31,5.4,56.6,0.1413,miss,right-foot,assisted,sofascore
14053692,985823,Ayase Ueda,,31,7.0,45.6,0.1979,miss,head,assisted,sofascore
14053692,959805,Quinten Timber,,29,18.2,34.8,0.0916,block,right-foot,free-kick,sofascore
14053692,1859920,Sean Steur,,24,9.9,38.7,0.0965,save,left-foot,fast-break,sofascore
14053692,795761,Kasper Dolberg,,23,25.0,51.9,0.04,miss,right-foot,assisted,sofascore
14053692,1121400,Luciano Valente,,21,18.5,64.2,0.047,miss,right-foot,assisted,sofascore
14053692,985823,Ayase Ueda,,17,11.6,61.9,0.0553,block,right-foot,assisted,sofascore
14053692,97410,Davy Klaassen,,13,23.5,61.7,0.0405,goal,right-foot,assisted,sofascore
14053692,836673,Owen Wijndal,,11,10.7,31.8,0.0822,block,left-foot,assisted,sofascore
14053692,1150938,Leo Sauer,,8,14.8,32.7,0.0249,miss,right-foot,assisted,sofascore
14053692,797279,Bart Nieuwkoop,,7,10.1,50.7,0.1558,miss,head,assisted,sofascore
14053692,1155158,Oscar Gloukh,,7,18.1,47.7,0.0923,save,left-foot,assisted,sofascore
14053693,1441117,Tygo Land,,90,20.6,47.7,0.0579,miss,right-foot,regular,sofascore
14053693,318745,Oskar Zawada,,88,7.3,46.2,0.5199,goal,left-foot,assisted,sofascore
14053693,1137227,Milan Zonneveld,,83,8.3,34.4,0.1904,save,left-foot,fast-break,sofascore
14053693,1548838,Soufiane Hetli,,76,25.1,57.7,0.0281,save,left-foot,assisted,sofascore
14053693,1469336,Tyrese Noslin,,74,8.8,67.9,0.1124,miss,left-foot,regular,sofascore
14053693,1548838,Soufiane Hetli,,63,21.9,61.3,0.0598,save,right-foot,assisted,sofascore
14053693,1090328,Stije Resink,,57,6.7,52.6,0.1204,miss,head,corner,sofascore
14053693,1878212,David van der Werff,,56,14.8,33.3,0.0518,block,left-foot,assisted,sofascore
14053693,1090328,Stije Resink,,54,26.0,29.1,0.0315,miss,right-foot,free-kick,sofascore
14053693,827103,Marco Rente,,51,16.6,53.8,0.0926,save,left-foot,regular,sofascore
14053693,1146623,Younes Taha,,49,14.0,45.4,0.0708,save,left-foot,throw-in-set-piece,sofascore
14053693,1146623,Younes Taha,,45,10.2,67.7,0.1679,miss,right-foot,fast-break,sofascore
14053693,1090328,Stije Resink,,45,28.6,40.2,0.0156,save,right-foot,assisted,sofascore
14053693,1090328,Stije Resink,,41,6.0,51.3,0.1472,miss,head,corner,sofascore
14053693,1121401,Thijmen Blokzijl,,41,3.9,45.4,0.1729,block,head,corner,sofascore
14053693,1424404,Jorg Schreuders,,40,15.6,36.6,0.0967,block,right-foot,assisted,sofascore
14053693,1470010,Dies Janse,,35,54.1,41.8,0.008,miss,left-foot,regular,sofascore
14053693,1146623,Younes Taha,,29,27.5,24.6,0.0263,goal,left-foot,free-kick,sofascore
14053693,1413536,Thom van Bergen,,27,4.0,35.8,0.1795,save,right-foot,assisted,sofascore
14053693,1469336,Tyrese Noslin,,18,9.7,54.4,0.0963,miss,head,assisted,sofascore
14053693,860158,Kay Tejan,,15,12.5,55.0,0.3193,post,left-foot,assisted,sofascore
14053693,1121402,Tika de Jonge,,12,27.1,53.0,0.0375,miss,right-foot,assisted,sofascore
14053693,1548838,Soufiane Hetli,,11,20.6,54.6,0.0342,miss,left-foot,regular,sofascore
14053694,860158,Kay Tejan,,90,21.9,72.4,0.0188,save,left-foot,regular,sofascore
14053694,1896133,Luka Tunjić,,89,25.3,45.2,0.0295,block,left-foot,regular,sofascore
14053694,855847,Kaj Sierhuis,,89,8.6,52.2,0.1448,block,right-foot,regular,sofascore
14053694,148615,Paul Gladon,,89,10.8,58.1,0.0729,block,right-foot,assisted,sofascore
14053694,855847,Kaj Sierhuis,,85,15.1,54.2,0.0744,block,right-foot,assisted,sofascore
14053694,366942,Kristoffer Peterson,,82,8.2,35.6,0.0763,block,left-foot,assisted,sofascore
14053694,961678,Neraysho Kasanwirjo,,80,14.1,73.4,0.0174,miss,left-foot,throw-in-set-piece,sofascore
14053694,2007289,Jelani Seedorf,,74,4.5,43.8,0.2375,miss,head,corner,sofascore
14053694,860158,Kay Tejan,,73,12.3,62.8,0.1,save,left-foot,assisted,sofascore
14053694,1638564,Cedric Hatenboer,,73,21.2,46.2,0.0442,miss,right-foot,assisted,sofascore
14053694,302690,Danny Bakker,,65,4.0,38.9,0.1161,goal,right-foot,corner,sofascore
14053694,302690,Danny Bakker,,65,4.5,38.0,0.0475,block,head,corner,sofascore
14053694,855847,Kaj Sierhuis,,60,7.7,51.5,0.3264,save,right-foot,assisted,sofascore
14053694,855847,Kaj Sierhuis,,59,9.4,59.9,0.0267,post,head,assisted,sofascore
14053694,1010846,Yassin Oukili,,52,14.5,53.4,0.1394,save,left-foot,regular,sofascore
14053694,1066319,Patrick Brouwer,,50,13.9,48.5,0.5167,goal,right-foot,assisted,sofascore
14053694,855847,Kaj Sierhuis,,47,4.5,48.7,0.5255,miss,right-foot,assisted,sofascore
14053694,1132766,Philip Brittijn,,45,8.8,64.2,0.0488,block,right-foot,set-piece,sofascore
14053694,1132766,Philip Brittijn,,45,14.0,55.0,0.0413,block,right-foot,set-piece,sofascore
14053694,855847,Kaj Sierhuis,,44,14.7,49.9,0.2123,miss,right-foot,assisted,sofascore
14053694,1548834,Sem van Duijn,,39,9.7,56.2,0.36,miss,left-foot,regular,sofascore
14053694,1084609,Tyrone Owusu,,39,9.7,59.9,0.5554,save,right-foot,assisted,sofascore
14053694,1084609,Tyrone Owusu,,38,15.8,62.8,0.0695,save,right-foot,assisted,sofascore
14053694,1048758,Jasper Dahlhaus,,25,25.6,41.1,0.0125,miss,left-foot,set-piece,sofascore
14053694,855847,Kaj Sierhuis,,25,32.1,51.3,0.0275,post,right-foot,free-kick,sofascore
14053694,855847,Kaj Sierhuis,,22,2.3,50.5,0.5233,goal,right-foot,regular,sofascore
14053694,1469336,Tyrese Noslin,,20,13.8,57.7,0.1566,save,right-foot,throw-in-set-piece,sofascore
14053694,855847,Kaj Sierhuis,,17,15.3,27.1,0.0358,block,right-foot,fast-break,sofascore
14053694,929633,Mohamed Ihattaren,,12,17.5,64.0,0.0249,block,left-foot,assisted,sofascore
14053694,929633,Mohamed Ihattaren,,12,12.9,56.8,0.0775,block,left-foot,regular,sofascore
14053694,946505,Lance Duijvestijn,,11,7.9,58.5,0.2484,save,right-foot,regular,sofascore
14053694,78730,Ivo Pinto,,9,32.2,46.0,0.0162,miss,right-foot,regular,sofascore
14053694,987077,Nökkvi Þórisson,,7,14.2,31.5,0.1695,goal,right-foot,fast-break,sofascore
14053694,1066319,Patrick Brouwer,,5,7.7,51.7,0.427,goal,head,throw-in-set-piece,sofascore
14053694,1066319,Patrick Brouwer,,2,2.3,59.7,0.082,miss,right-foot,corner,sofascore
14053695,148615,Paul Gladon,,90,6.7,52.8,0.1059,miss,head,corner,sofascore
14053695,855847,Kaj Sierhuis,,80,15.4,48.1,0.0582,save,left-foot,regular,sofascore
14053695,855847,Kaj Sierhuis,,78,17.3,60.3,0.0544,save,right-foot,assisted,sofascore
14053695,148615,Paul Gladon,,76,6.3,56.7,0.1162,post,right-foot,assisted,sofascore
14053695,1142572,Tristan Gooijer,,72,12.7,75.1,0.0276,miss,right-foot,fast-break,sofascore
14053695,929633,Mohamed Ihattaren,,64,12.6,52.9,0.2115,miss,right-foot,assisted,sofascore
14053695,148615,Paul Gladon,,61,13.9,57.9,0.0579,miss,right-foot,assisted,sofascore
14053695,876233,Thijs Oosting,,55,4.8,54.0,0.4769,save,head,assisted,sofascore
14053695,929633,Mohamed Ihattaren,,52,25.5,39.4,0.0536,block,left-foot,free-kick,sofascore
14053695,855847,Kaj Sierhuis,,44,28.5,39.1,0.0064,miss,right-foot,set-piece,sofascore
14053695,1142147,Ryan Fosso,,43,23.2,40.9,0.0536,save,right-foot,regular,sofascore
14053695,847073,Koen Kostons,,35,21.8,64.0,0.0339,miss,right-foot,assisted,sofascore
14053695,815080,Jamiro Monteiro,,31,26.8,37.2,0.0216,block,right-foot,corner,sofascore
14053695,1005693,Anselmo Garcia McNulty,,30,16.0,34.2,0.0463,block,right-foot,regular,sofascore
14053695,875673,Justin Lonwijk,,18,12.2,47.4,0.1458,miss,right-foot,assisted,sofascore
14053695,862479,Iván Márquez,,16,6.4,58.5,0.0562,miss,head,corner,sofascore
14053695,876233,Thijs Oosting,,14,22.9,48.0,0.0991,save,left-foot,free-kick,sofascore
14053695,847073,Koen Kostons,,6,3.5,48.5,0.8579,goal,left-foot,assisted,sofascore
14053695,927605,Kaj de Rooij,,3,24.3,58.3,0.0401,miss,right-foot,assisted,sofascore
14053696,1433802,Gjivai Zechiël,,90,11.5,60.5,0.075,block,right-foot,corner,sofascore
14053696,152414,Mike Van der Hoorn,,90,10.6,43.4,0.0165,save,head,corner,sofascore
14053696,149731,Sébastien Haller,,90,13.8,50.1,0.0549,save,left-foot,assisted,sofascore
14053696,149731,Sébastien Haller,,89,5.7,47.0,0.1329,block,head,corner,sofascore
14053696,1957736,Jaygo van Ommeren,,88,19.4,46.4,0.0407,block,left-foot,corner,sofascore
14053696,1896133,Luka Tunjić,,68,21.6,46.2,0.0469,miss,left-foot,assisted,sofascore
14053696,991679,Souffian El Karouani,,57,12.0,32.5,0.026,miss,left-foot,assisted,sofascore
14053696,794990,Siebe Horemans,,45,20.2,69.7,0.035,miss,right-foot,regular,sofascore
14053696,1433802,Gjivai Zechiël,,45,25.7,39.1,0.0199,block,right-foot,assisted,sofascore
14053696,934249,Can Bozdoğan,,45,12.0,56.9,0.0235,miss,head,assisted,sofascore
14053696,991679,Souffian El Karouani,,44,14.9,23.1,0.0228,save,left-foot,regular,sofascore
14053696,1214695,Adrian Blake,,44,8.6,65.8,0.0545,save,right-foot,assisted,sofascore
14053696,366942,Kristoffer Peterson,,41,16.5,36.7,0.0791,post,right-foot,fast-break,sofascore
14053696,929633,Mohamed Ihattaren,,38,3.2,70.5,0.0658,save,left-foot,regular,sofascore
14053696,152414,Mike Van der Hoorn,,32,10.7,49.9,0.0367,miss,head,corner,sofascore
14053696,934249,Can Bozdoğan,,21,13.0,45.6,0.387,save,left-foot,assisted,sofascore
14053696,929633,Mohamed Ihattaren,,15,3.0,52.2,0.8534,goal,left-foot,fast-break,sofascore
14053696,929633,Mohamed Ihattaren,,15,7.7,54.8,0.5731,save,right-foot,fast-break,sofascore
14053696,1433802,Gjivai Zechiël,,14,18.5,58.1,0.0355,block,right-foot,corner,sofascore
14053696,1142147,Ryan Fosso,,3,25.7,41.9,0.0364,miss,right-foot,regular,sofascore
14053696,855847,Kaj Sierhuis,,3,8.8,55.8,0.055,miss,head,corner,sofascore
14053697,1218066,Anis Hadj Moussa,,86,9.2,56.6,0.6679,save,left-foot,fast-break,sofascore
14053697,1218066,Anis Hadj Moussa,,79,12.0,59.1,0.1115,save,left-foot,assisted,sofascore
14053697,1046142,Derensili Sanches Fernandes,,78,25.1,51.7,0.0262,block,left-foot,assisted,sofascore
14053697,1384483,Irakli Yegoian,,71,9.8,47.6,0.0889,miss,right-foot,throw-in-set-piece,sofascore
14053697,1048906,Rick Meissen,,71,10.9,52.4,0.0893,block,right-foot,throw-in-set-piece,sofascore
14053697,1126966,Gyan de Regt,,70,17.8,44.2,0.0477,block,right-foot,assisted,sofascore
14053697,985823,Ayase Ueda,,59,13.6,46.0,0.6656,goal,right-foot,fast-break,sofascore
14053697,985823,Ayase Ueda,,58,12.0,58.9,0.2051,goal,right-foot,assisted,sofascore
14053697,1031721,Casper Widell,,55,46.4,90.5,0.0224,miss,right-foot,free-kick,sofascore
14053697,1121400,Luciano Valente,,53,17.5,56.2,0.0881,block,right-foot,fast-break,sofascore
14053697,1144138,Jordan Bos,,48,5.0,34.2,0.0151,miss,left-foot,corner,sofascore
14053697,1144138,Jordan Bos,,48,9.6,59.5,0.0132,block,head,corner,sofascore
14053697,794013,Mats Deijl,,45,13.8,36.6,0.0292,save,right-foot,throw-in-set-piece,sofascore
14053697,1046142,Derensili Sanches Fernandes,,39,24.2,70.8,0.025,miss,left-foot,assisted,sofascore
14053697,889689,Hwang In-beom,,32,6.9,49.3,0.1985,block,left-foot,regular,sofascore
14053697,889689,Hwang In-beom,,32,8.6,48.1,0.1661,miss,left-foot,regular,sofascore
14053697,985823,Ayase Ueda,,32,13.8,33.9,0.0577,save,left-foot,assisted,sofascore
14053697,138534,Raheem Sterling,,30,11.9,53.4,0.1921,save,right-foot,assisted,sofascore
14053697,985823,Ayase Ueda,,30,10.5,44.0,0.0373,save,head,assisted,sofascore
14053697,910053,Arthur Zagre,,28,12.8,41.3,0.2825,goal,right-foot,fast-break,sofascore
14053697,1121400,Luciano Valente,,25,21.0,43.0,0.0918,block,right-foot,assisted,sofascore
14053697,138534,Raheem Sterling,,22,18.5,44.2,0.0943,block,right-foot,assisted,sofascore
14053697,1046142,Derensili Sanches Fernandes,,18,13.3,65.5,0.0195,save,right-foot,corner,sofascore
14053697,1048487,Noah Naujoks,,18,17.5,63.2,0.0295,block,right-foot,regular,sofascore
14053697,889689,Hwang In-beom,,12,20.1,65.8,0.0413,save,right-foot,regular,sofascore
14053697,1384483,Irakli Yegoian,,9,15.0,38.8,0.0397,miss,left-foot,assisted,sofascore
14053697,1126966,Gyan de Regt,,6,14.7,37.0,0.0371,save,right-foot,assisted,sofascore
14053697,1048487,Noah Naujoks,,5,8.4,46.7,0.1338,block,right-foot,assisted,sofascore
14053698,1047396,Guus Offerhaus,,90,11.9,64.2,0.052,block,right-foot,corner,sofascore
14053698,581080,Mohamed Hamdaoui,,90,17.0,45.8,0.0567,block,right-foot,corner,sofascore
14053698,1137227,Milan Zonneveld,,90,19.1,51.0,0.0721,block,right-foot,fast-break,sofascore
14053698,581080,Mohamed Hamdaoui,,90,31.2,59.7,0.0162,block,right-foot,assisted,sofascore
14053698,1499696,Kento Shiogai,,89,10.9,44.2,0.1364,block,left-foot,assisted,sofascore
14053698,1012639,Brayann Pereira,,87,6.6,60.9,0.3565,save,left-foot,assisted,sofascore
14053698,1418395,Neville Nwankwo,,86,8.6,58.5,0.0351,miss,head,assisted,sofascore
14053698,148623,Virgil Misidjan,,82,21.5,28.4,0.0231,miss,right-foot,assisted,sofascore
14053698,1499696,Kento Shiogai,,77,3.1,49.4,0.8858,goal,right-foot,assisted,sofascore
14053698,897603,Darko Nejašmić,,75,9.1,69.8,0.0242,block,right-foot,assisted,sofascore
14053698,1157777,Jochem Ritmeester van de Kamp,,67,8.8,59.8,0.1428,save,right-foot,set-piece,sofascore
14053698,1548838,Soufiane Hetli,,67,11.5,50.0,0.7884,save,right-foot,penalty,sofascore
14053698,1157777,Jochem Ritmeester van de Kamp,,63,15.9,36.3,0.0584,block,right-foot,regular,sofascore
14053698,385300,Jeff Hardeveld,,61,16.6,37.2,0.0286,goal,left-foot,assisted,sofascore
14053698,127846,Eli Dasa,,50,25.1,39.1,0.0319,miss,right-foot,fast-break,sofascore
14053698,35208,Tjaronn Chery,,49,22.2,56.6,0.0537,block,left-foot,fast-break,sofascore
14053698,47753,Bryan Linssen,,42,6.2,51.6,0.3231,goal,head,assisted,sofascore
14053698,831860,Koki Ogawa,,37,3.1,41.0,0.0964,save,head,assisted,sofascore
14053698,385300,Jeff Hardeveld,,21,5.8,48.5,0.6429,goal,head,assisted,sofascore
14053698,831860,Koki Ogawa,,20,3.5,48.5,0.5674,save,head,assisted,sofascore
14053698,47753,Bryan Linssen,,14,14.7,39.7,0.0621,save,left-foot,regular,sofascore
14053698,831860,Koki Ogawa,,11,5.1,39.1,0.0427,block,head,assisted,sofascore
14053698,1177177,Deveron Fonville,,7,18.7,42.1,0.0538,block,left-foot,assisted,sofascore
14053698,127846,Eli Dasa,,6,20.6,73.8,0.0244,block,right-foot,regular,sofascore
14053698,1394147,Sami Ouaissa,,6,10.0,69.9,0.0504,save,right-foot,assisted,sofascore
14053698,897603,Darko Nejašmić,,2,5.5,58.1,0.0673,save,head,corner,sofascore
14053699,1189738,Sem Scheperman,,90,13.3,62.0,0.0703,miss,left-foot,throw-in-set-piece,sofascore
14053699,132674,Mario Engels,,90,8.0,35.6,0.069,save,left-foot,set-piece,sofascore
14053699,1213453,Tristan van Gilst,,90,23.7,49.9,0.0245,save,right-foot,set-piece,sofascore
14053699,1213453,Tristan van Gilst,,90,18.9,51.9,0.064,block,left-foot,set-piece,sofascore
14053699,927440,Kamal Sowah,,90,3.6,32.5,0.0419,block,left-foot,corner,sofascore
14053699,943595,Sydney van Hooijdonk,,90,23.8,29.8,0.0408,block,right-foot,free-kick,sofascore
14053699,974203,Alec Van Hoorenbeeck,,87,7.7,46.8,0.0872,miss,head,corner,sofascore
14053699,943595,Sydney van Hooijdonk,,85,2.9,55.4,0.4125,goal,head,corner,sofascore
14053699,858242,Boy Kemper,,85,5.8,41.1,0.072,miss,head,corner,sofascore
14053699,571964,Enes Mahmutović,,82,2.8,61.5,0.0357,miss,head,set-piece,sofascore
14053699,1096511,Maximilien Balard,,76,13.0,48.9,0.1819,block,right-foot,assisted,sofascore
14053699,1135884,Lewis Holtby,,76,8.6,39.3,0.0724,block,left-foot,assisted,sofascore
14053699,974203,Alec Van Hoorenbeeck,,72,5.9,51.6,0.2383,miss,head,corner,sofascore
14053699,858242,Boy Kemper,,57,4.5,53.8,0.3335,goal,left-foot,corner,sofascore
14053699,1088895,Mohamed Nassoh,,57,5.4,49.7,0.294,save,left-foot,corner,sofascore
14053699,1088895,Mohamed Nassoh,,57,4.8,49.5,0.3444,block,right-foot,corner,sofascore
14053699,1012927,Rio Hillen,,56,11.1,49.5,0.0208,miss,head,corner,sofascore
14053699,1135884,Lewis Holtby,,53,9.4,51.3,0.0629,miss,head,assisted,sofascore
14053699,1149147,Juho Talvitie,,42,8.6,51.1,0.5338,post,right-foot,assisted,sofascore
14053699,1189738,Sem Scheperman,,38,7.0,54.1,0.1034,save,head,corner,sofascore
14053699,146401,Thomas Bruns,,37,15.6,73.0,0.0296,miss,right-foot,regular,sofascore
14053699,146401,Thomas Bruns,,26,19.9,31.9,0.0268,miss,right-foot,assisted,sofascore
14053699,1149147,Juho Talvitie,,20,1.8,67.2,0.025,miss,left-foot,assisted,sofascore
14053699,943595,Sydney van Hooijdonk,,17,11.4,62.4,0.0464,block,right-foot,assisted,sofascore
14053699,858242,Boy Kemper,,16,8.5,37.0,0.0257,miss,left-foot,corner,sofascore
14053699,1123613,Yvandro Borges Sanches,,11,12.2,31.2,0.0502,goal,left-foot,fast-break,sofascore
14053699,788284,Ajdin Hrustić,,10,27.0,49.6,0.0249,miss,left-foot,assisted,sofascore
14053699,1189738,Sem Scheperman,,8,8.2,49.1,0.0723,save,head,corner,sofascore
14053699,318575,Damon Mirani,,8,9.1,48.7,0.0475,block,head,corner,sofascore
14053699,914392,Jizz Hornkamp,,7,5.2,45.8,0.1817,miss,head,assisted,sofascore
14053699,1149147,Juho Talvitie,,6,17.8,68.7,0.0521,save,left-foot,throw-in-set-piece,sofascore
14053700,980671,Sven Mijnans,,88,24.3,62.8,0.0711,miss,left-foot,free-kick,sofascore
14053700,1087931,Isak Steiner Jensen,,84,18.9,40.1,0.1069,goal,right-foot,free-kick,sofascore
14053700,1008111,Denso Kasius,,77,9.2,70.1,0.0359,miss,right-foot,regular,sofascore
14053700,1405756,Kees Smit,,77,14.5,53.1,0.1555,block,right-foot,fast-break,sofascore
14053700,893559,Mees De Wit,,74,11.3,54.6,0.7633,goal,right-foot,assisted,sofascore
14053700,1189738,Sem Scheperman,,68,18.5,49.6,0.0406,block,right-foot,regular,sofascore
14053700,930295,Jan Žambůrek,,64,18.0,51.9,0.0724,miss,left-foot,assisted,sofascore
14053700,1118181,Lequincio Zeefuik,,64,8.8,50.3,0.2827,save,right-foot,assisted,sofascore
14053700,980671,Sven Mijnans,,55,1.1,54.2,0.811,miss,head,corner,sofascore
14053700,980671,Sven Mijnans,,53,11.8,67.2,0.0811,save,left-foot,fast-break,sofascore
14053700,980671,Sven Mijnans,,50,29.0,41.9,0.022,save,left-foot,assisted,sofascore
14053700,788284,Ajdin Hrustić,,50,15.6,38.0,0.0883,block,left-foot,regular,sofascore
14053700,918484,Ivan Mesík,,45,26.6,33.1,0.0052,save,left-foot,assisted,sofascore
14053700,980671,Sven Mijnans,,45,12.2,41.3,0.3524,goal,left-foot,assisted,sofascore
14053700,966555,Troy Parrott,,37,11.6,56.2,0.0837,block,right-foot,assisted,sofascore
14053700,966555,Troy Parrott,,34,11.9,54.9,0.0331,save,head,corner,sofascore
14053700,1213381,Billy van Duijl,,29,13.3,59.9,0.1049,block,left-foot,fast-break,sofascore
14053700,788284,Ajdin Hrustić,,28,11.9,54.3,0.3011,block,left-foot,throw-in-set-piece,sofascore
14053700,966555,Troy Parrott,,15,1.5,41.3,0.1231,miss,head,assisted,sofascore
14053700,966555,Troy Parrott,,5,7.3,48.1,0.5623,goal,left-foot,regular,sofascore
14053701,313264,Henk Veerman,,90,26.4,47.6,0.0326,miss,left-foot,assisted,sofascore
14053701,1090328,Stije Resink,,90,18.4,53.7,0.0761,block,left-foot,assisted,sofascore
14053701,1413536,Thom van Bergen,,90,2.4,42.3,0.1421,block,right-foot,corner,sofascore
14053701,1090328,Stije Resink,,89,11.5,50.0,0.7884,goal,right-foot,penalty,sofascore
14053701,1413536,Thom van Bergen,,87,19.1,52.5,0.038,block,right-foot,assisted,sofascore
14053701,1441117,Tygo Land,,86,24.9,60.0,0.0254,miss,right-foot,regular,sofascore
14053701,1011489,Silvinho Esajas,,83,15.1,56.4,0.0567,save,right-foot,set-piece,sofascore
14053701,1413536,Thom van Bergen,,78,4.7,46.5,0.5567,save,right-foot,regular,sofascore
14053701,1878212,David van der Werff,,78,11.3,29.4,0.057,save,right-foot,assisted,sofascore
14053701,907520,Brynjólfur Darri Willumsson,,74,13.4,44.3,0.2181,goal,right-foot,fast-break,sofascore
14053701,1121402,Tika de Jonge,,68,13.9,40.7,0.0563,block,right-foot,corner,sofascore
14053701,1424404,Jorg Schreuders,,67,12.9,57.7,0.2244,block,right-foot,fast-break,sofascore
14053701,1592993,Tyrique Mercera,,60,4.2,65.4,0.0584,miss,right-foot,assisted,sofascore
14053701,1146623,Younes Taha,,49,21.0,72.8,0.0289,block,left-foot,corner,sofascore
14053701,1090328,Stije Resink,,38,18.7,53.2,0.067,goal,left-foot,regular,sofascore
14053701,313264,Henk Veerman,,38,63.1,39.5,0.0086,miss,right-foot,fast-break,sofascore
14053701,907520,Brynjólfur Darri Willumsson,,33,9.8,58.1,0.0371,block,head,assisted,sofascore
14053701,1146623,Younes Taha,,30,29.3,71.6,0.0262,miss,left-foot,free-kick,sofascore
14053701,1413536,Thom van Bergen,,23,3.3,38.2,0.0389,save,head,corner,sofascore
14053701,252885,Brandley Kuwas,,21,30.5,52.6,0.0387,miss,left-foot,free-kick,sofascore
14053701,1592993,Tyrique Mercera,,16,25.3,52.6,0.0262,miss,right-foot,regular,sofascore
14053701,1090328,Stije Resink,,15,18.2,27.5,0.0509,block,right-foot,free-kick,sofascore
14053701,1413536,Thom van Bergen,,13,7.9,46.6,0.2975,miss,right-foot,assisted,sofascore
14053701,1424404,Jorg Schreuders,,12,15.1,64.3,0.0961,miss,right-foot,assisted,sofascore
14053701,907520,Brynjólfur Darri Willumsson,,10,10.2,70.7,0.0226,save,right-foot,assisted,sofascore
14053701,1413536,Thom van Bergen,,8,11.4,69.3,0.0496,block,right-foot,assisted,sofascore
14053701,1413536,Thom van Bergen,,5,21.8,45.9,0.129,block,right-foot,fast-break,sofascore
14053701,1413536,Thom van Bergen,,2,4.0,37.3,0.0234,miss,head,corner,sofascore
14053701,1413536,Thom van Bergen,,2,2.7,39.3,0.0667,block,right-foot,corner,sofascore
14053701,907520,Brynjólfur Darri Willumsson,,1,8.4,33.6,0.0427,block,left-foot,assisted,sofascore
14053702,1199214,Milan Smit,,90,14.0,53.0,0.4089,goal,right-foot,fast-break,sofascore
14053702,1381819,Jan Faberski,,90,25.1,67.5,0.0367,miss,left-foot,free-kick,sofascore
14053702,1005693,Anselmo Garcia McNulty,,89,12.5,29.9,0.0318,block,left-foot,assisted,sofascore
14053702,841420,Victor Edvardsen,,88,22.5,48.7,0.0438,miss,right-foot,assisted,sofascore
14053702,825906,Oscar Pettersson,,87,6.8,66.8,0.0907,save,right-foot,assisted,sofascore
14053702,1199214,Milan Smit,,80,11.4,53.7,0.059,goal,head,assisted,sofascore
14053702,841420,Victor Edvardsen,,79,9.5,56.6,0.0988,block,right-foot,assisted,sofascore
14053702,1029724,Jakob Breum,,78,24.5,56.7,0.0275,save,right-foot,regular,sofascore
14053702,841420,Victor Edvardsen,,75,9.7,63.8,0.1149,miss,right-foot,assisted,sofascore
14053702,973716,Richonell Margaret,,67,8.6,45.7,0.122,save,head,assisted,sofascore
14053702,973716,Richonell Margaret,,64,22.0,33.7,0.0287,miss,right-foot,corner,sofascore
14053702,909960,Mathis Suray,,64,26.3,46.0,0.0177,block,right-foot,corner,sofascore
14053702,973716,Richonell Margaret,,63,12.6,34.8,0.0323,block,right-foot,assisted,sofascore
14053702,927605,Kaj de Rooij,,62,9.1,48.3,0.1513,miss,head,assisted,sofascore
14053702,794013,Mats Deijl,,59,6.3,59.9,0.1898,save,head,assisted,sofascore
14053702,909960,Mathis Suray,,54,23.7,65.5,0.0338,miss,right-foot,assisted,sofascore
14053702,876233,Thijs Oosting,,54,17.9,31.3,0.0556,miss,left-foot,regular,sofascore
14053702,1029724,Jakob Breum,,53,28.5,45.6,0.017,save,right-foot,assisted,sofascore
14053702,803021,Sherel Constancio Floranus,,50,10.3,28.8,0.0344,save,left-foot,assisted,sofascore
14053702,847073,Koen Kostons,,47,26.0,18.3,0.0154,miss,right-foot,regular,sofascore
14053702,794013,Mats Deijl,,45,10.9,54.8,0.0696,miss,head,assisted,sofascore
14053702,916947,Kenzo Goudmijn,,42,4.5,57.7,0.3303,miss,right-foot,assisted,sofascore
14053702,1029724,Jakob Breum,,40,21.1,74.5,0.0171,save,right-foot,assisted,sofascore
14053702,1049446,Olivier Aertssen,,37,10.2,55.6,0.1002,miss,right-foot,assisted,sofascore
14053702,909960,Mathis Suray,,35,6.7,53.4,0.2762,miss,head,assisted,sofascore
14053702,891795,Melle Meulensteen,,30,22.6,63.4,0.05,save,right-foot,assisted,sofascore
14053702,876233,Thijs Oosting,,16,20.9,53.6,0.0486,miss,left-foot,assisted,sofascore
14053702,1046722,Dean James,,8,16.7,30.3,0.044,miss,left-foot,regular,sofascore
14053703,106154,Mawouna Amevor,,90,9.6,49.1,0.0858,miss,right-foot,throw-in-set-piece,sofascore
14053703,544532,Bilal Ould-Chikh,,88,13.5,67.9,0.0374,miss,left-foot,assisted,sofascore
14053703,156676,Robert Mühren,,80,3.5,56.3,0.4294,goal,left-foot,assisted,sofascore
14053703,860161,Alex Plat,,74,5.7,48.9,0.5177,miss,right-foot,regular,sofascore
14053703,1008697,Anthony Descotte,,73,6.4,49.0,0.2085,miss,right-foot,assisted,sofascore
14053703,946505,Lance Duijvestijn,,63,4.3,42.1,0.3146,miss,left-foot,assisted,sofascore
14053703,996982,Yannick Leliendal,,59,15.6,45.8,0.0825,save,right-foot,regular,sofascore
14053703,2216656,Robin van Cruijsen,,59,16.2,49.1,0.1203,block,left-foot,assisted,sofascore
14053703,1049063,Joel Ideho,,58,8.2,42.7,0.1747,miss,right-foot,regular,sofascore
14053703,788971,Juninho Bacuna,,58,9.7,51.9,0.3743,block,right-foot,regular,sofascore
14053703,788971,Juninho Bacuna,,56,12.2,29.6,0.0117,block,right-foot,corner,sofascore
14053703,1049063,Joel Ideho,,55,22.6,35.4,0.0374,save,right-foot,assisted,sofascore
14053703,996982,Yannick Leliendal,,50,23.2,49.7,0.0806,save,left-foot,free-kick,sofascore
14053703,788971,Juninho Bacuna,,45,32.5,82.6,0.0261,miss,right-foot,free-kick,sofascore
14053703,788971,Juninho Bacuna,,45,26.6,51.1,0.0253,miss,left-foot,assisted,sofascore
14053703,591044,Dimitris Limnios,,43,7.3,50.0,0.1212,goal,head,assisted,sofascore
14053703,929633,Mohamed Ihattaren,,37,19.5,75.4,0.0106,block,left-foot,assisted,sofascore
14053703,148615,Paul Gladon,,34,7.4,48.9,0.4134,miss,right-foot,assisted,sofascore
14053703,544532,Bilal Ould-Chikh,,33,14.1,68.5,0.0402,save,left-foot,assisted,sofascore
14053703,961678,Neraysho Kasanwirjo,,31,23.5,58.1,0.0196,block,left-foot,regular,sofascore
14053703,929633,Mohamed Ihattaren,,31,7.7,68.7,0.0937,block,left-foot,assisted,sofascore
14053703,591044,Dimitris Limnios,,31,18.9,34.7,0.0418,block,right-foot,assisted,sofascore
14053703,1048758,Jasper Dahlhaus,,25,2.9,30.9,0.0245,save,left-foot,assisted,sofascore
14053703,148615,Paul Gladon,,19,6.3,49.9,0.1631,goal,head,corner,sofascore
14053703,591044,Dimitris Limnios,,12,15.1,35.6,0.0478,post,right-foot,regular,sofascore
14053703,148615,Paul Gladon,,12,8.2,51.5,0.2238,save,right-foot,regular,sofascore
14053703,148615,Paul Gladon,,12,8.2,52.6,0.5066,block,right-foot,assisted,sofascore
14053703,961678,Neraysho Kasanwirjo,,5,5.2,50.1,0.2653,miss,head,corner,sofascore
14053703,788971,Juninho Bacuna,,4,4.6,54.8,0.21,block,right-foot,assisted,sofascore
14053704,946505,Lance Duijvestijn,,90,26.9,49.0,0.0523,miss,right-foot,free-kick,sofascore
14053704,794014,Luuk Brouwers,,90,31.2,32.2,0.0166,block,right-foot,assisted,sofascore
14053704,983068,Václav Sejk,,90,7.4,32.3,0.0644,block,right-foot,assisted,sofascore
14053704,1015627,Jacob Trenskow,,87,11.1,48.3,0.224,save,left-foot,regular,sofascore
14053704,946505,Lance Duijvestijn,,83,12.0,47.9,0.1467,miss,left-foot,regular,sofascore
14053704,794014,Luuk Brouwers,,82,10.1,40.9,0.0416,block,right-foot,corner,sofascore
14053704,1015627,Jacob Trenskow,,82,26.1,60.3,0.0093,block,left-foot,corner,sofascore
14053704,796943,Tobias Lauritsen,,79,8.5,54.0,0.1102,miss,right-foot,set-piece,sofascore
14053704,847072,Sam Kersten,,77,4.4,56.1,0.121,block,right-foot,corner,sofascore
14053704,1064426,Vasilios Zagaritis,,77,18.8,36.4,0.0485,save,left-foot,assisted,sofascore
14053704,1132765,Maas Willemsen,,74,6.6,42.3,0.0509,miss,head,corner,sofascore
14053704,983068,Václav Sejk,,73,11.6,64.2,0.0498,block,right-foot,regular,sofascore
14053704,966299,Teo Quintero,,72,10.7,57.9,0.0211,miss,head,set-piece,sofascore
14053704,896210,Saïd Bakari,,70,8.2,57.7,,goal,left-foot,regular,sofascore
14053704,992018,Ringo Meerveld,,64,24.0,46.0,0.0233,miss,right-foot,assisted,sofascore
14053704,1648751,Ayoni Santos,,57,21.8,75.6,0.0294,block,right-foot,fast-break,sofascore
14053704,1064426,Vasilios Zagaritis,,51,26.5,33.3,0.0154,block,left-foot,assisted,sofascore
14053704,1586644,Eser Gürbüz,,51,11.1,68.9,0.0281,block,left-foot,assisted,sofascore
14053704,1064426,Vasilios Zagaritis,,47,9.9,34.8,0.4124,goal,left-foot,assisted,sofascore
14053704,1132765,Maas Willemsen,,45,11.7,47.0,0.0212,miss,head,corner,sofascore
14053704,966299,Teo Quintero,,42,8.9,51.1,0.0522,block,head,corner,sofascore
14053704,966299,Teo Quintero,,41,10.2,44.0,0.0306,save,head,set-piece,sofascore
14053704,1015627,Jacob Trenskow,,25,18.2,36.2,0.0659,goal,left-foot,fast-break,sofascore
14053704,1648751,Ayoni Santos,,14,9.9,47.2,0.0562,save,head,assisted,sofascore
14053704,1002479,Shunsuke Mito,,12,10.7,29.7,0.0292,miss,left-foot,fast-break,sofascore
14053704,992018,Ringo Meerveld,,10,10.8,55.9,0.2321,miss,right-foot,assisted,sofascore
14053704,138842,Joris van Overeem,,10,9.5,25.8,0.0322,miss,right-foot,corner,sofascore
14053704,825843,Dylan Vente,,9,28.1,50.9,0.0198,save,right-foot,assisted,sofascore
14053704,1064426,Vasilios Zagaritis,,8,19.7,35.0,0.0265,miss,left-foot,corner,sofascore
14053704,992018,Ringo Meerveld,,8,22.9,49.7,0.0376,block,right-foot,regular,sofascore
14053704,827662,Mitchell Van Bergen,,5,12.3,58.9,0.0483,save,right-foot,set-piece,sofascore
14053704,1046143,Julian Baas,,5,30.0,14.6,0.0352,post,right-foot,free-kick,sofascore
14053705,1155158,Oscar Gloukh,,88,9.7,40.9,0.4703,goal,right-foot,assisted,sofascore
14053705,970860,Lucas Rosa,,83,1.1,66.4,0.0077,save,right-foot,assisted,sofascore
14053705,1184317,Yarek Gasiorowski,,81,5.7,49.7,0.5052,goal,head,assisted,sofascore
14053705,1063767,Ismael Saibari,,79,19.5,49.5,0.0999,save,right-foot,assisted,sofascore
14053705,1063767,Ismael Saibari,,78,15.5,49.0,0.1083,miss,right-foot,assisted,sofascore
14053705,961684,Anass Salah-Eddine,,73,28.3,65.7,0.018,save,left-foot,assisted,sofascore
14053705,1155158,Oscar Gloukh,,71,16.7,47.2,0.0999,miss,right-foot,assisted,sofascore
14053705,1136110,Esmir Bajraktarević,,69,20.9,67.9,0.0176,miss,left-foot,assisted,sofascore
14053705,1149146,Mika Godts,,67,22.7,20.6,0.0309,save,right-foot,free-kick,sofascore
14053705,1155158,Oscar Gloukh,,65,27.2,43.3,0.0405,block,left-foot,fast-break,sofascore
14053705,1149146,Mika Godts,,62,13.9,30.0,0.0341,block,right-foot,assisted,sofascore
14053705,836673,Owen Wijndal,,62,9.7,30.7,0.0853,save,left-foot,assisted,sofascore
14053705,1149146,Mika Godts,,58,11.1,37.8,0.0725,miss,right-foot,regular,sofascore
14053705,961684,Anass Salah-Eddine,,54,21.8,32.2,0.0347,save,left-foot,assisted,sofascore
14053705,38710,Ivan Perišić,,53,28.2,52.6,0.0248,miss,left-foot,regular,sofascore
14053705,1184317,Yarek Gasiorowski,,52,7.6,44.0,0.0588,save,head,corner,sofascore
14053705,986395,Ricardo Pepi,,52,6.9,48.1,0.6206,save,head,fast-break,sofascore
14053705,97410,Davy Klaassen,,51,8.1,46.4,0.1139,block,head,assisted,sofascore
14053705,1155158,Oscar Gloukh,,48,14.7,50.1,0.0647,block,right-foot,assisted,sofascore
14053705,1063767,Ismael Saibari,,47,7.3,53.3,0.1999,miss,right-foot,corner,sofascore
14053705,1063767,Ismael Saibari,,45,19.2,53.2,0.1014,miss,right-foot,regular,sofascore
14053705,38710,Ivan Perišić,,45,23.2,56.0,0.0366,miss,right-foot,assisted,sofascore
14053705,1149146,Mika Godts,,45,13.2,57.4,0.2107,miss,right-foot,assisted,sofascore
14053705,959806,Kenneth Taylor,,45,10.0,37.4,0.4641,save,left-foot,assisted,sofascore
14053705,844234,Jerdy Schouten,,44,29.0,49.3,0.021,block,right-foot,corner,sofascore
14053705,1212550,Ruben van Bommel,,33,1.4,50.3,0.9562,save,other,corner,sofascore
14053705,1184317,Yarek Gasiorowski,,33,9.9,47.7,0.0389,miss,head,corner,sofascore
14053705,959806,Kenneth Taylor,,31,11.5,50.0,0.7884,goal,left-foot,penalty,sofascore
14053705,795761,Kasper Dolberg,,16,24.6,32.1,0.0254,miss,right-foot,assisted,sofascore
14053705,1063767,Ismael Saibari,,7,4.1,48.2,0.6091,goal,head,assisted,sofascore
14053706,1403090,Rayane Bounida,,87,15.3,69.7,0.0558,save,left-foot,assisted,sofascore
14053706,966299,Teo Quintero,,85,10.2,44.6,0.0252,miss,head,corner,sofascore
14053706,966299,Teo Quintero,,84,13.0,26.6,0.0265,block,left-foot,regular,sofascore
14053706,97410,Davy Klaassen,,83,8.5,48.5,0.103,save,head,corner,sofascore
14053706,796943,Tobias Lauritsen,,78,55.8,41.1,0.0053,miss,right-foot,fast-break,sofascore
14053706,1149146,Mika Godts,,76,13.2,48.3,0.363,goal,left-foot,fast-break,sofascore
14053706,97410,Davy Klaassen,,73,13.0,39.3,0.3149,goal,right-foot,assisted,sofascore
14053706,796943,Tobias Lauritsen,,64,16.4,43.0,0.0141,miss,head,assisted,sofascore
14053706,100386,Steven Berghuis,,61,11.3,74.6,0.0391,miss,left-foot,assisted,sofascore
14053706,1563462,Jorthy Mokio,,56,15.7,51.7,0.1624,save,right-foot,assisted,sofascore
14053706,1149146,Mika Godts,,56,5.8,32.5,0.1069,save,left-foot,assisted,sofascore
14053706,795135,Pelle Clement,,52,24.3,66.7,0.018,miss,left-foot,assisted,sofascore
14053706,1403073,Don-Angelo Konadu,,52,11.6,51.9,0.0933,save,left-foot,assisted,sofascore
14053706,1403073,Don-Angelo Konadu,,50,5.5,45.0,0.8289,miss,right-foot,regular,sofascore
14053706,1002479,Shunsuke Mito,,48,8.2,29.9,0.0352,miss,left-foot,assisted,sofascore
14053706,1149146,Mika Godts,,43,21.3,64.6,0.0327,block,right-foot,set-piece,sofascore
14053706,1403073,Don-Angelo Konadu,,39,8.6,48.1,0.1726,miss,right-foot,corner,sofascore
14053706,1149146,Mika Godts,,38,22.7,55.3,0.0845,block,left-foot,regular,sofascore
14053706,796943,Tobias Lauritsen,,37,11.0,46.8,0.0356,save,head,assisted,sofascore
14053706,970860,Lucas Rosa,,34,11.4,70.9,0.043,miss,right-foot,assisted,sofascore
14053706,100386,Steven Berghuis,,32,6.6,53.2,0.6879,goal,right-foot,assisted,sofascore
14053706,100386,Steven Berghuis,,30,7.1,49.1,0.3229,save,right-foot,assisted,sofascore
14053706,804434,Takehiro Tomiyasu,,30,18.2,29.7,0.0552,block,right-foot,regular,sofascore
14053706,100386,Steven Berghuis,,28,23.1,55.0,0.1233,miss,left-foot,fast-break,sofascore
14053706,1149146,Mika Godts,,26,18.7,39.5,0.0811,save,left-foot,assisted,sofascore
14053706,970860,Lucas Rosa,,22,9.4,72.2,0.039,miss,right-foot,corner,sofascore
14053706,913584,Joshua Kitolano,,19,10.2,48.9,,goal,left-foot,set-piece,sofascore
14053706,100386,Steven Berghuis,,19,22.9,62.5,0.0374,miss,left-foot,set-piece,sofascore
14053706,100386,Steven Berghuis,,16,19.4,70.5,0.0483,miss,left-foot,assisted,sofascore
14053706,796943,Tobias Lauritsen,,12,7.4,48.1,0.1215,miss,head,regular,sofascore
14053706,100386,Steven Berghuis,,8,23.7,61.7,0.0177,block,left-foot,assisted,sofascore
14053707,1214957,Noe Lebreton,,90,4.2,41.1,0.1202,save,left-foot,assisted,sofascore
14053707,958317,Youssef el Kachati,,90,18.2,44.8,0.0498,miss,right-foot,assisted,sofascore
14053707,1022376,Amourricho van Axel-Dongen,,90,5.7,32.9,0.2933,save,left-foot,fast-break,sofascore
14053707,1132765,Maas Willemsen,,86,6.3,51.5,0.2004,block,left-foot,corner,sofascore
14053707,794014,Luuk Brouwers,,86,6.4,48.1,0.1466,miss,head,corner,sofascore
14053707,1394147,Sami Ouaissa,,83,14.8,56.0,0.1693,goal,left-foot,assisted,sofascore
14053707,35208,Tjaronn Chery,,79,22.2,35.8,0.0152,miss,left-foot,corner,sofascore
14053707,831860,Koki Ogawa,,65,5.5,49.5,0.2258,goal,head,corner,sofascore
14053707,831860,Koki Ogawa,,64,9.5,48.6,0.0893,block,head,corner,sofascore
14053707,1015627,Jacob Trenskow,,62,11.2,55.1,0.4705,goal,left-foot,regular,sofascore
14053707,825843,Dylan Vente,,50,11.4,62.6,0.424,goal,right-foot,fast-break,sofascore
14053707,1394147,Sami Ouaissa,,49,22.5,72.2,0.0367,miss,left-foot,assisted,sofascore
14053707,35208,Tjaronn Chery,,47,24.3,68.5,0.0259,save,left-foot,assisted,sofascore
14053707,385708,Vito van Crooij,,45,9.1,57.0,0.0646,miss,right-foot,assisted,sofascore
14053707,1014408,Maxence Rivera,,45,16.1,39.7,0.0705,save,right-foot,assisted,sofascore
14053707,1014408,Maxence Rivera,,44,13.5,44.0,0.1703,save,right-foot,assisted,sofascore
14053707,992018,Ringo Meerveld,,39,9.6,50.9,0.0589,save,head,assisted,sofascore
14053707,1132765,Maas Willemsen,,39,10.2,47.2,0.0571,miss,head,corner,sofascore
14053707,992018,Ringo Meerveld,,38,14.9,48.6,0.0676,block,left-foot,corner,sofascore
14053707,1015627,Jacob Trenskow,,37,22.8,43.2,0.0654,save,left-foot,regular,sofascore
14053707,35208,Tjaronn Chery,,29,26.5,74.0,0.0171,save,left-foot,assisted,sofascore
14053707,992018,Ringo Meerveld,,25,2.3,53.4,0.4723,goal,left-foot,regular,sofascore
14053707,1064426,Vasilios Zagaritis,,11,2.6,57.3,0.2533,miss,head,corner,sofascore
14053707,825843,Dylan Vente,,10,9.0,44.3,0.0628,block,right-foot,set-piece,sofascore
14053707,35208,Tjaronn Chery,,8,26.9,59.2,0.0273,save,left-foot,assisted,sofascore
14053708,1119473,Giovanni van Zwam,,90,15.6,55.9,0.0815,save,right-foot,regular,sofascore
14053708,339879,Bas Kuipers,,90,13.7,31.5,0.0385,save,left-foot,assisted,sofascore
14053708,1119473,Giovanni van Zwam,,86,6.1,69.1,0.0202,block,right-foot,assisted,sofascore
14053708,804901,Sam Lammers,,79,13.5,58.1,0.0861,save,right-foot,assisted,sofascore
14053708,973716,Richonell Margaret,,77,10.5,41.5,0.0639,block,right-foot,assisted,sofascore
14053708,1048430,Daan Rots,,76,10.2,59.7,0.1524,block,left-foot,assisted,sofascore
14053708,804901,Sam Lammers,,76,13.9,39.7,0.079,miss,right-foot,assisted,sofascore
14053708,1048430,Daan Rots,,67,12.9,63.9,0.065,block,left-foot,fast-break,sofascore
14053708,1387012,Mats Rots,,64,18.5,50.5,0.1257,block,left-foot,assisted,sofascore
14053708,190435,Marko Pjaca,,59,17.0,43.0,0.1191,miss,right-foot,assisted,sofascore
14053708,1387012,Mats Rots,,54,24.1,36.5,0.0229,save,left-foot,assisted,sofascore
14053708,964766,Thibo Baeten,,50,5.8,65.6,0.0546,save,right-foot,assisted,sofascore
14053708,946506,Bart van Rooij,,45,8.8,68.3,0.1069,miss,right-foot,fast-break,sofascore
14053708,804901,Sam Lammers,,45,5.4,51.9,0.6137,goal,left-foot,assisted,sofascore
14053708,793742,Joris Kramer,,45,6.7,46.6,0.1213,miss,head,corner,sofascore
14053708,945233,Thomas Van den Belt,,43,25.3,26.2,0.0128,miss,right-foot,assisted,sofascore
14053708,804901,Sam Lammers,,40,12.9,49.4,0.0909,miss,right-foot,assisted,sofascore
14053708,945233,Thomas Van den Belt,,37,5.7,42.5,0.1303,miss,right-foot,regular,sofascore
14053708,945233,Thomas Van den Belt,,37,3.9,45.2,0.2041,post,head,assisted,sofascore
14053708,190435,Marko Pjaca,,33,23.6,35.1,0.0313,miss,right-foot,assisted,sofascore
14053708,804901,Sam Lammers,,20,11.5,50.0,0.7884,goal,left-foot,penalty,sofascore
14053708,909960,Mathis Suray,,14,28.4,57.9,0.0348,miss,right-foot,free-kick,sofascore
14053708,804901,Sam Lammers,,10,9.0,60.0,0.4674,save,right-foot,assisted,sofascore
14053708,1387012,Mats Rots,,9,18.2,50.3,0.0474,block,left-foot,assisted,sofascore
14053708,945233,Thomas Van den Belt,,6,21.5,52.8,0.0928,miss,right-foot,assisted,sofascore
14053708,989882,Ramiz Zerrouki,,4,15.0,50.9,0.0547,block,right-foot,assisted,sofascore
14053708,190435,Marko Pjaca,,4,18.7,51.7,0.0757,block,right-foot,assisted,sofascore
14053708,190435,Marko Pjaca,,3,13.9,54.6,0.0732,miss,right-foot,regular,sofascore
14053708,1048430,Daan Rots,,1,8.3,64.2,0.157,save,left-foot,regular,sofascore
14053709,1091923,Stav Lemkin,,90,20.0,40.4,0.0877,miss,left-foot,regular,sofascore
14053709,855854,Dani De Wit,,90,12.4,43.8,0.2504,miss,left-foot,assisted,sofascore
14053709,1142678,Daouda Weidmann,,90,22.2,38.0,0.0414,block,right-foot,regular,sofascore
14053709,1634542,Lucas Vennegoor of Hesselink,,89,13.8,46.4,0.0496,miss,left-foot,throw-in-set-piece,sofascore
14053709,578344,Arno Verschueren,,85,4.6,43.7,0.1114,save,head,corner,sofascore
14053709,989882,Ramiz Zerrouki,,82,21.4,38.3,0.0426,miss,right-foot,assisted,sofascore
14053709,35193,Ricky van Wolfswinkel,,81,11.7,48.5,0.2542,post,right-foot,regular,sofascore
14053709,989882,Ramiz Zerrouki,,79,29.9,52.3,0.0191,miss,right-foot,assisted,sofascore
14053709,804901,Sam Lammers,,71,14.8,60.0,0.0733,miss,right-foot,assisted,sofascore
14053709,1048430,Daan Rots,,70,16.7,63.8,0.0615,miss,left-foot,assisted,sofascore
14053709,1153261,Ángel Alarcón,,66,8.9,54.0,0.5984,goal,left-foot,assisted,sofascore
14053709,804901,Sam Lammers,,61,6.7,51.9,0.3461,miss,head,assisted,sofascore
14053709,1890313,Ruud Nijstad,,58,16.1,52.6,0.0402,save,left-foot,set-piece,sofascore
14053709,1433802,Gjivai Zechiël,,50,9.4,32.1,0.1708,save,right-foot,assisted,sofascore
14053709,1489193,Artem Stepanov,,49,33.9,32.2,0.0841,miss,left-foot,regular,sofascore
14053709,945233,Thomas Van den Belt,,43,25.9,56.0,0.0317,save,right-foot,assisted,sofascore
14053709,1890313,Ruud Nijstad,,40,6.9,46.0,0.1334,save,left-foot,corner,sofascore
14053709,1160026,Kristian Hlynsson,,40,10.7,66.4,0.0372,block,right-foot,regular,sofascore
14053709,996992,Matisse Didden,,35,25.3,52.6,0.0127,save,right-foot,corner,sofascore
14053709,152414,Mike Van der Hoorn,,34,4.2,61.7,0.0596,save,head,corner,sofascore
14053709,1489193,Artem Stepanov,,32,4.9,50.7,0.3809,goal,right-foot,regular,sofascore
14053709,1153261,Ángel Alarcón,,32,14.5,71.7,0.0449,save,right-foot,assisted,sofascore
14053709,804901,Sam Lammers,,32,11.7,66.7,0.0648,miss,right-foot,assisted,sofascore
14053709,1048430,Daan Rots,,16,12.5,52.6,0.096,block,left-foot,assisted,sofascore
14053709,855854,Dani De Wit,,13,7.9,42.7,0.0505,save,head,regular,sofascore
14053709,1489193,Artem Stepanov,,11,9.2,47.4,0.0663,save,head,assisted,sofascore
14053710,1153117,Mexx Meerdink,,90,11.5,50.0,0.7884,goal,left-foot,penalty,sofascore
14053710,1153117,Mexx Meerdink,,90,12.2,40.9,0.1289,save,left-foot,regular,sofascore
14053710,1218066,Anis Hadj Moussa,,78,14.4,62.3,0.0843,goal,left-foot,assisted,sofascore
14053710,922018,Peer Koopmeiners,,73,27.3,59.4,0.0118,miss,right-foot,regular,sofascore
14053710,116946,Jordy Clasie,,72,14.9,68.3,0.0131,save,right-foot,set-piece,sofascore
14053710,1148468,Weslley Patati,,69,22.9,74.4,0.0159,miss,left-foot,assisted,sofascore
14053710,1218066,Anis Hadj Moussa,,66,19.8,72.4,0.0192,miss,left-foot,assisted,sofascore
14053710,944467,Sem Steijn,,60,32.6,56.1,0.0244,block,right-foot,fast-break,sofascore
14053710,1145989,Ro-Zangelo Daal,,57,13.4,41.9,0.1416,miss,right-foot,regular,sofascore
14053710,1144138,Jordan Bos,,56,23.4,40.5,0.0451,goal,left-foot,assisted,sofascore
14053710,944467,Sem Steijn,,52,24.8,49.4,0.0332,block,right-foot,regular,sofascore
14053710,1008111,Denso Kasius,,51,10.3,67.6,0.0396,goal,left-foot,assisted,sofascore
14053710,1218066,Anis Hadj Moussa,,49,13.7,68.6,0.0244,block,left-foot,regular,sofascore
14053710,944467,Sem Steijn,,47,10.5,48.9,0.1028,block,right-foot,regular,sofascore
14053710,1144138,Jordan Bos,,45,15.7,54.8,0.0475,miss,left-foot,corner,sofascore
14053710,1479467,Aymen Sliti,,44,14.3,38.8,0.114,block,left-foot,assisted,sofascore
14053710,985823,Ayase Ueda,,41,8.2,67.3,0.0078,miss,head,corner,sofascore
14053710,1218066,Anis Hadj Moussa,,40,14.7,66.4,0.0226,block,left-foot,assisted,sofascore
14053710,825899,Anel Ahmedhodžić,,39,21.8,60.1,0.0585,block,right-foot,assisted,sofascore
14053710,944467,Sem Steijn,,36,11.5,50.0,0.7884,goal,right-foot,penalty,sofascore
14053710,1479467,Aymen Sliti,,35,15.9,33.5,0.0419,block,right-foot,assisted,sofascore
14053710,944467,Sem Steijn,,31,10.5,63.4,0.2503,miss,left-foot,assisted,sofascore
14053710,1145989,Ro-Zangelo Daal,,24,22.0,32.6,0.0426,goal,right-foot,fast-break,sofascore
14053710,1008111,Denso Kasius,,19,3.9,71.0,0.0276,miss,right-foot,assisted,sofascore
14053710,825899,Anel Ahmedhodžić,,15,4.2,42.8,0.1063,block,head,corner,sofascore
14053710,1144138,Jordan Bos,,14,23.1,49.5,0.0456,block,left-foot,corner,sofascore
14053710,1121400,Luciano Valente,,12,18.3,59.7,0.0319,block,right-foot,assisted,sofascore
14053710,944467,Sem Steijn,,10,9.0,57.4,0.0684,miss,head,assisted,sofascore
14053711,1012927,Rio Hillen,,90,13.7,51.2,0.1709,miss,left-foot,assisted,sofascore
14053711,1515525,Cherrion Valerius,,90,5.2,55.2,0.2698,save,head,set-piece,sofascore
14053711,1149130,Brahim Ghalidi,,90,26.6,42.1,0.0193,miss,left-foot,assisted,sofascore
14053711,837010,Niklas Vesterlund,,79,11.2,63.3,0.1027,block,right-foot,regular,sofascore
14053711,856648,Victor Jensen,,79,16.6,46.8,0.0943,save,left-foot,assisted,sofascore
14053711,858242,Boy Kemper,,78,12.0,30.9,0.0244,block,left-foot,regular,sofascore
14053711,1149130,Brahim Ghalidi,,77,15.8,32.5,0.0197,miss,right-foot,assisted,sofascore
14053711,149731,Sébastien Haller,,73,10.5,53.2,0.0576,save,head,set-piece,sofascore
14053711,149731,Sébastien Haller,,69,1.8,62.4,0.0327,save,right-foot,corner,sofascore
14053711,856648,Victor Jensen,,69,10.5,46.8,0.1205,miss,right-foot,corner,sofascore
14053711,1105700,Yoann Cathline,,67,7.7,35.6,0.1092,save,left-foot,assisted,sofascore
14053711,927440,Kamal Sowah,,66,6.9,49.7,0.3837,save,right-foot,corner,sofascore
14053711,927440,Kamal Sowah,,65,14.5,40.6,0.0417,block,right-foot,regular,sofascore
14053711,1135884,Lewis Holtby,,65,15.5,45.2,0.0944,block,left-foot,assisted,sofascore
14053711,1105700,Yoann Cathline,,61,13.0,32.1,0.0369,miss,left-foot,assisted,sofascore
14053711,1149147,Juho Talvitie,,58,22.3,36.8,0.0333,miss,left-foot,corner,sofascore
14053711,1149147,Juho Talvitie,,52,15.3,69.1,0.0317,block,left-foot,assisted,sofascore
14053711,336811,Clint Leemans,,49,23.4,52.1,0.0367,miss,left-foot,regular,sofascore
14053711,58994,Denis Odoi,,49,24.6,32.7,0.0261,block,right-foot,assisted,sofascore
14053711,1083398,Raul Paula,,45,19.5,40.1,0.0559,miss,right-foot,assisted,sofascore
14053711,46900,Nick Viergever,,43,4.2,37.4,0.0241,miss,head,corner,sofascore
14053711,1096511,Maximilien Balard,,32,21.0,43.6,0.0575,block,right-foot,regular,sofascore
14053711,855854,Dani De Wit,,26,4.6,59.8,0.0477,goal,head,corner,sofascore
14053711,858242,Boy Kemper,,24,4.5,33.3,0.0669,miss,left-foot,assisted,sofascore
14053711,1083398,Raul Paula,,20,6.0,32.5,0.0972,goal,right-foot,corner,sofascore
14053711,991679,Souffian El Karouani,,15,28.1,48.5,0.0388,save,left-foot,free-kick,sofascore
14053711,837010,Niklas Vesterlund,,5,17.9,49.9,0.0234,miss,head,set-piece,sofascore
14053712,1083398,Raul Paula,,90,26.1,52.6,0.0307,block,right-foot,corner,sofascore
14053712,1149130,Brahim Ghalidi,,90,7.9,30.5,0.0269,block,left-foot,assisted,sofascore
14053712,226762,Fredrik Jensen,,87,9.2,54.2,0.1229,save,head,set-piece,sofascore
14053712,793742,Joris Kramer,,82,7.3,51.1,0.5282,goal,left-foot,assisted,sofascore
14053712,1175856,Amine Salama,,80,11.7,38.5,0.1054,block,right-foot,assisted,sofascore
14053712,1029724,Jakob Breum,,76,12.5,56.6,0.2719,goal,right-foot,assisted,sofascore
14053712,1029724,Jakob Breum,,73,11.0,56.8,0.1882,goal,right-foot,regular,sofascore
14053712,1175856,Amine Salama,,70,19.1,67.7,0.0344,block,left-foot,assisted,sofascore
14053712,858242,Boy Kemper,,69,8.5,41.5,0.0337,miss,head,regular,sofascore
14053712,1088895,Mohamed Nassoh,,65,14.4,28.0,0.0327,block,right-foot,set-piece,sofascore
14053712,990814,Charles-Andreas Brym,,65,15.1,54.2,0.031,block,right-foot,corner,sofascore
14053712,1083398,Raul Paula,,61,25.0,53.8,0.0454,block,right-foot,regular,sofascore
14053712,1083398,Raul Paula,,59,17.6,28.2,0.0557,miss,right-foot,free-kick,sofascore
14053712,1083398,Raul Paula,,50,24.4,53.8,0.0495,block,right-foot,assisted,sofascore
14053712,27035,André Ayew,,48,9.7,53.0,0.0776,save,head,assisted,sofascore
14053712,1029724,Jakob Breum,,45,12.7,46.2,0.094,goal,right-foot,assisted,sofascore
14053712,907517,Stefán Ingi Sigurðarson,,41,4.0,58.3,0.2431,goal,head,assisted,sofascore
14053712,27035,André Ayew,,40,9.5,52.6,0.0558,miss,head,corner,sofascore
14053712,336811,Clint Leemans,,40,27.5,52.1,0.0398,save,left-foot,free-kick,sofascore
14053712,909960,Mathis Suray,,37,21.2,35.8,0.1063,miss,right-foot,assisted,sofascore
14053712,858242,Boy Kemper,,37,6.1,50.3,0.152,miss,head,corner,sofascore
14053712,907517,Stefán Ingi Sigurðarson,,35,8.0,57.7,0.0535,miss,head,regular,sofascore
14053712,990814,Charles-Andreas Brym,,34,24.2,47.8,0.0236,block,right-foot,corner,sofascore
14053712,336811,Clint Leemans,,34,25.7,48.1,0.0685,block,left-foot,free-kick,sofascore
14053712,1135884,Lewis Holtby,,28,9.8,38.7,0.1357,block,right-foot,assisted,sofascore
14053712,1515525,Cherrion Valerius,,27,11.4,51.7,0.0198,miss,head,corner,sofascore
14053712,927440,Kamal Sowah,,25,24.3,53.2,0.0282,miss,left-foot,assisted,sofascore
14053712,907517,Stefán Ingi Sigurðarson,,20,22.6,61.1,0.0379,block,left-foot,assisted,sofascore
14053712,909960,Mathis Suray,,14,18.2,30.7,0.0629,miss,right-foot,fast-break,sofascore
14053712,909960,Mathis Suray,,12,12.0,35.0,0.1089,goal,right-foot,fast-break,sofascore
14053712,841420,Victor Edvardsen,,3,8.8,54.8,0.1253,miss,right-foot,corner,sofascore
14053713,578344,Arno Verschueren,,90,10.9,35.1,0.1132,save,left-foot,assisted,sofascore
14053713,1896133,Luka Tunjić,,90,18.2,30.0,0.0305,goal,right-foot,assisted,sofascore
14053713,954317,Naci Ünüvar,,90,10.5,48.1,0.4937,save,right-foot,fast-break,sofascore
14053713,929633,Mohamed Ihattaren,,85,27.6,35.2,0.0305,save,left-foot,fast-break,sofascore
14053713,1136902,Makan Aïko,,84,22.0,37.6,0.032,miss,right-foot,assisted,sofascore
14053713,954317,Naci Ünüvar,,79,13.9,48.3,0.078,block,right-foot,assisted,sofascore
14053713,945233,Thomas Van den Belt,,78,20.8,50.2,0.071,goal,left-foot,assisted,sofascore
14053713,875673,Justin Lonwijk,,72,7.9,52.1,0.3169,goal,head,assisted,sofascore
14053713,1048430,Daan Rots,,71,12.2,54.4,0.1037,save,left-foot,throw-in-set-piece,sofascore
14053713,1160026,Kristian Hlynsson,,69,13.8,47.4,0.1176,block,right-foot,assisted,sofascore
14053713,945233,Thomas Van den Belt,,59,17.9,47.7,0.0625,miss,right-foot,throw-in-set-piece,sofascore
14053713,946506,Bart van Rooij,,57,7.9,64.2,0.1873,goal,right-foot,assisted,sofascore
14053713,946506,Bart van Rooij,,54,13.8,69.6,0.0381,miss,left-foot,assisted,sofascore
14053713,1200962,Sondre Ørjasæter,,45,11.9,32.4,0.0461,miss,left-foot,assisted,sofascore
14053713,35193,Ricky van Wolfswinkel,,38,11.5,50.0,0.7884,goal,right-foot,penalty,sofascore
14053713,1160026,Kristian Hlynsson,,34,21.5,67.5,0.0136,save,right-foot,assisted,sofascore
14053713,1200962,Sondre Ørjasæter,,33,12.9,29.7,0.0502,save,right-foot,fast-break,sofascore
14053713,35193,Ricky van Wolfswinkel,,30,8.0,37.8,0.1551,block,left-foot,assisted,sofascore
14053713,929633,Mohamed Ihattaren,,28,19.7,69.9,0.0267,block,left-foot,assisted,sofascore
14053713,366942,Kristoffer Peterson,,23,15.3,34.8,0.0286,miss,right-foot,assisted,sofascore
14053713,1160026,Kristian Hlynsson,,19,7.3,49.5,0.3541,miss,right-foot,assisted,sofascore
14053713,862479,Iván Márquez,,18,8.8,49.7,0.0564,save,head,corner,sofascore
14053713,35193,Ricky van Wolfswinkel,,15,5.1,34.8,0.0906,save,left-foot,assisted,sofascore
14053713,1160026,Kristian Hlynsson,,13,9.9,52.2,0.1167,block,right-foot,corner,sofascore
14053713,196082,Robin Pröpper,,12,27.9,47.2,0.0193,save,right-foot,assisted,sofascore
14053713,366942,Kristoffer Peterson,,2,24.1,65.4,0.0231,block,right-foot,fast-break,sofascore
14053714,1130308,Mimeirhel Benita,,90,12.6,48.7,0.1958,save,head,assisted,sofascore
14053714,38710,Ivan Perišić,,90,12.2,69.0,0.0727,miss,left-foot,assisted,sofascore
14053714,132674,Mario Engels,,85,20.7,38.6,0.0386,block,right-foot,corner,sofascore
14053714,974203,Alec Van Hoorenbeeck,,85,12.2,55.8,0.0668,block,right-foot,corner,sofascore
14053714,845798,Guus Til,,81,9.8,47.9,0.1993,goal,left-foot,assisted,sofascore
14053714,914392,Jizz Hornkamp,,73,12.0,40.5,0.4668,goal,left-foot,assisted,sofascore
14053714,850816,Joey Veerman,,70,23.5,55.4,0.1113,goal,left-foot,assisted,sofascore
14053714,914392,Jizz Hornkamp,,66,2.3,59.1,0.1945,post,right-foot,regular,sofascore
14053714,998999,Luka Kulenović,,66,7.4,48.5,0.1385,save,head,regular,sofascore
14053714,132674,Mario Engels,,66,9.5,47.9,0.2035,save,left-foot,assisted,sofascore
14053714,845798,Guus Til,,65,6.8,58.5,0.0456,miss,head,corner,sofascore
14053714,844234,Jerdy Schouten,,63,9.2,47.2,0.0466,miss,head,corner,sofascore
14053714,998999,Luka Kulenović,,60,4.8,48.4,0.6559,goal,right-foot,assisted,sofascore
14053714,986395,Ricardo Pepi,,57,7.5,60.0,0.0461,save,head,assisted,sofascore
14053714,812145,Dennis Man,,54,13.6,58.2,0.014,miss,head,corner,sofascore
14053714,812145,Dennis Man,,53,15.9,72.7,0.0173,block,left-foot,assisted,sofascore
14053714,812145,Dennis Man,,51,10.1,60.3,0.1229,post,left-foot,fast-break,sofascore
14053714,918484,Ivan Mesík,,46,12.3,36.7,0.053,miss,right-foot,assisted,sofascore
14053714,914392,Jizz Hornkamp,,45,11.5,50.0,0.7884,goal,right-foot,penalty,sofascore
14053714,986395,Ricardo Pepi,,38,6.9,42.9,0.1998,miss,right-foot,assisted,sofascore
14053714,996988,Bryan Limbombe,,34,13.5,31.9,0.0385,miss,right-foot,assisted,sofascore
14053714,1063767,Ismael Saibari,,32,11.5,50.0,0.7884,goal,right-foot,penalty,sofascore
14053714,825838,Armando Obispo,,31,10.0,56.1,0.0268,block,head,corner,sofascore
14053714,825838,Armando Obispo,,30,4.6,55.6,0.1288,save,head,corner,sofascore
14053714,850816,Joey Veerman,,30,9.8,40.9,0.1577,block,right-foot,fast-break,sofascore
14053714,850816,Joey Veerman,,30,11.2,36.3,0.0846,block,right-foot,fast-break,sofascore
14053714,961684,Anass Salah-Eddine,,27,15.3,32.5,0.0379,block,right-foot,assisted,sofascore
14053714,812145,Dennis Man,,23,9.0,49.1,0.1921,miss,head,assisted,sofascore
14053714,986395,Ricardo Pepi,,20,11.5,50.0,0.7884,goal,right-foot,penalty,sofascore
14053714,986395,Ricardo Pepi,,6,12.9,35.7,0.0709,miss,right-foot,assisted,sofascore
14053714,986395,Ricardo Pepi,,5,9.9,56.9,0.0623,block,right-foot,regular,sofascore
14053714,906021,Sergiño Dest,,2,18.5,52.8,0.0586,miss,right-foot,regular,sofascore
14053715,1413536,Thom van Bergen,,90,5.5,62.6,0.0392,save,head,assisted,sofascore
14053715,790179,Cyle Larin,,89,11.6,54.8,0.3824,save,right-foot,fast-break,sofascore
14053715,1441117,Tygo Land,,72,22.9,53.2,0.041,block,right-foot,regular,sofascore
14053715,1150938,Leo Sauer,,70,10.7,33.8,0.064,block,left-foot,fast-break,sofascore
14053715,1413536,Thom van Bergen,,64,4.6,48.8,0.3755,save,right-foot,regular,sofascore
14053715,1424404,Jorg Schreuders,,64,10.1,39.5,0.2073,save,left-foot,assisted,sofascore
14053715,1218066,Anis Hadj Moussa,,62,16.2,66.4,0.0463,miss,left-foot,regular,sofascore
14053715,1090328,Stije Resink,,60,22.8,30.9,0.0134,block,right-foot,assisted,sofascore
14053715,1424404,Jorg Schreuders,,55,23.2,46.2,0.0655,miss,left-foot,regular,sofascore
14053715,1424404,Jorg Schreuders,,55,23.4,35.0,0.0365,block,right-foot,regular,sofascore
14053715,985823,Ayase Ueda,,50,8.9,51.4,0.0723,goal,head,assisted,sofascore
14053715,1150938,Leo Sauer,,48,15.1,30.4,0.0217,miss,right-foot,assisted,sofascore
14053715,1121402,Tika de Jonge,,45,31.8,37.2,0.0161,miss,right-foot,assisted,sofascore
14053715,1878212,David van der Werff,,45,27.3,52.9,0.015,save,left-foot,assisted,sofascore
14053715,1144138,Jordan Bos,,43,7.4,32.1,0.0361,save,left-foot,assisted,sofascore
14053715,1121402,Tika de Jonge,,43,13.0,39.3,0.1386,miss,right-foot,assisted,sofascore
14053715,985823,Ayase Ueda,,38,12.2,33.6,0.1351,save,right-foot,assisted,sofascore
14053715,959805,Quinten Timber,,36,10.2,44.6,0.1625,miss,left-foot,set-piece,sofascore
14053715,1090328,Stije Resink,,34,14.2,55.3,0.0855,block,right-foot,corner,sofascore
14053715,1218066,Anis Hadj Moussa,,24,29.4,52.1,0.0313,save,left-foot,fast-break,sofascore
14053715,1878212,David van der Werff,,24,25.9,49.6,0.0254,save,right-foot,assisted,sofascore
14053715,985823,Ayase Ueda,,23,9.2,55.0,0.0504,miss,head,set-piece,sofascore
14053715,1388535,Givairo Read,,20,9.4,59.7,0.1631,miss,right-foot,assisted,sofascore
14053716,38710,Ivan Perišić,,90,26.5,47.0,0.0537,block,right-foot,free-kick,sofascore
14053716,1184054,Kodai Sano,,90,19.9,27.3,0.0191,save,right-foot,regular,sofascore
14053716,1047395,Couhaib Driouech,,90,11.3,41.1,0.0671,goal,right-foot,assisted,sofascore
14053716,1047395,Couhaib Driouech,,90,18.9,36.2,0.0421,miss,right-foot,assisted,sofascore
14053716,1046960,Ryan Flamingo,,86,7.4,59.5,0.0264,miss,head,corner,sofascore
14053716,1193676,Başar Önal,,73,7.3,27.6,0.0187,block,right-foot,regular,sofascore
14053716,47753,Bryan Linssen,,73,4.9,45.4,0.373,save,right-foot,throw-in-set-piece,sofascore
14053716,47753,Bryan Linssen,,71,10.5,62.8,0.2471,miss,right-foot,fast-break,sofascore
14053716,958317,Youssef el Kachati,,67,5.8,68.3,0.0959,goal,right-foot,regular,sofascore
14053716,47753,Bryan Linssen,,67,13.0,47.2,0.093,block,right-foot,assisted,sofascore
14053716,856744,Myron Boadu,,60,8.5,63.2,0.1608,save,right-foot,assisted,sofascore
14053716,856744,Myron Boadu,,58,8.2,44.6,0.143,miss,head,throw-in-set-piece,sofascore
14053716,856744,Myron Boadu,,56,4.6,56.6,0.106,miss,head,corner,sofascore
14053716,1146018,Paul Wanner,,48,25.0,38.5,0.0432,save,left-foot,assisted,sofascore
14053716,1214957,Noe Lebreton,,45,17.2,63.0,0.0346,miss,right-foot,corner,sofascore
14053716,1193676,Başar Önal,,45,23.1,40.2,0.0288,block,left-foot,assisted,sofascore
14053716,1014222,Kiliann Sildillia,,42,3.3,52.3,0.4835,goal,right-foot,corner,sofascore
14053716,47753,Bryan Linssen,,38,13.3,67.1,0.0761,goal,right-foot,assisted,sofascore
14053716,1214957,Noe Lebreton,,37,14.7,42.1,0.1496,miss,right-foot,fast-break,sofascore
14053716,35208,Tjaronn Chery,,34,11.9,68.5,0.0382,block,right-foot,assisted,sofascore
14053716,47753,Bryan Linssen,,31,10.6,55.5,0.31,miss,right-foot,assisted,sofascore
14053716,986395,Ricardo Pepi,,22,8.1,47.9,0.0918,save,head,assisted,sofascore
14053716,47753,Bryan Linssen,,20,12.8,65.4,0.3051,goal,right-foot,fast-break,sofascore
14053716,1184054,Kodai Sano,,18,19.5,47.0,0.0705,miss,right-foot,regular,sofascore
14053716,1063767,Ismael Saibari,,16,12.0,65.0,0.2466,save,right-foot,fast-break,sofascore
14053716,812145,Dennis Man,,11,10.1,52.3,0.0558,block,head,assisted,sofascore
14053716,138828,Jetro Willems,,7,9.7,75.2,0.0238,block,right-foot,corner,sofascore
14053716,1214957,Noe Lebreton,,2,10.1,45.0,0.2169,save,left-foot,regular,sofascore
14053716,35208,Tjaronn Chery,,2,25.6,51.7,0.0258,block,left-foot,assisted,sofascore
14053717,1381819,Jan Faberski,,89,12.4,68.2,0.031,miss,left-foot,assisted,sofascore
14053717,1885838,Gabriel Reiziger,,84,6.9,72.7,0.0417,miss,right-foot,assisted,sofascore
14053717,1885838,Gabriel Reiziger,,83,12.0,50.2,0.1038,miss,left-foot,corner,sofascore
14053717,1381819,Jan Faberski,,83,8.4,72.8,0.0262,block,left-foot,corner,sofascore
14053717,1509752,Nick Fichtinger,,81,11.9,64.8,0.051,block,right-foot,regular,sofascore
14053717,1384483,Irakli Yegoian,,78,14.9,65.2,0.0695,goal,left-foot,fast-break,sofascore
14053717,1509752,Nick Fichtinger,,75,8.2,41.5,0.0959,save,left-foot,assisted,sofascore
14053717,1384483,Irakli Yegoian,,74,6.9,46.9,0.121,miss,head,corner,sofascore
14053717,1126966,Gyan de Regt,,71,9.5,34.2,0.1384,miss,left-foot,regular,sofascore
14053717,1048487,Noah Naujoks,,66,5.7,55.4,0.1176,miss,head,corner,sofascore
14053717,1893852,Jerolldino Bergraaf,,50,21.5,34.4,0.0432,miss,left-foot,fast-break,sofascore
14053717,803021,Sherel Constancio Floranus,,50,3.9,42.7,0.29,save,head,assisted,sofascore
14053717,333571,Ryan Thomas,,48,9.2,42.0,0.0981,goal,left-foot,assisted,sofascore
14053717,1048487,Noah Naujoks,,35,4.0,46.5,0.5307,miss,left-foot,assisted,sofascore
14053717,899644,Ilias Bronkhorst,,35,11.3,51.5,0.096,miss,head,assisted,sofascore
14053717,1126966,Gyan de Regt,,30,5.3,31.0,0.1932,save,right-foot,regular,sofascore
14053717,1046142,Derensili Sanches Fernandes,,29,18.8,60.1,0.0837,block,left-foot,fast-break,sofascore
14053717,1048487,Noah Naujoks,,20,8.1,47.2,0.1677,goal,head,assisted,sofascore
14053717,1048487,Noah Naujoks,,19,7.8,48.3,0.1248,miss,head,assisted,sofascore
14053717,1046142,Derensili Sanches Fernandes,,14,12.9,61.3,0.4004,save,right-foot,regular,sofascore
14053717,1048487,Noah Naujoks,,8,10.7,46.8,0.0421,block,head,assisted,sofascore
14053717,876233,Thijs Oosting,,4,8.0,56.6,0.5749,miss,left-foot,assisted,sofascore
14053718,252215,Wout Weghorst,,90,12.0,63.8,0.1531,save,right-foot,fast-break,sofascore
14053718,100386,Steven Berghuis,,90,15.2,53.1,0.2193,save,left-foot,assisted,sofascore
14053718,1012927,Rio Hillen,,90,5.0,59.6,0.0763,save,head,assisted,sofascore
14053718,990814,Charles-Andreas Brym,,90,15.8,63.2,0.0786,miss,left-foot,assisted,sofascore
14053718,336811,Clint Leemans,,90,21.0,28.2,0.0194,save,left-foot,regular,sofascore
14053718,918420,Leo Greiml,,89,9.8,37.0,0.0207,block,head,throw-in-set-piece,sofascore
14053718,1515525,Cherrion Valerius,,86,20.6,66.0,0.0151,miss,right-foot,set-piece,sofascore
14053718,990814,Charles-Andreas Brym,,86,9.8,51.5,0.0574,block,head,set-piece,sofascore
14053718,980383,Raúl Moro,,83,12.8,35.2,0.0642,miss,right-foot,assisted,sofascore
14053718,97410,Davy Klaassen,,79,8.6,48.2,0.4455,save,right-foot,set-piece,sofascore
14053718,980383,Raúl Moro,,76,12.6,30.9,0.0428,save,right-foot,assisted,sofascore
14053718,1012927,Rio Hillen,,74,10.8,55.0,0.0394,save,head,assisted,sofascore
14053718,980383,Raúl Moro,,68,19.1,61.7,0.0523,save,right-foot,fast-break,sofascore
14053718,1012927,Rio Hillen,,66,9.0,42.7,0.0221,miss,head,corner,sofascore
14053718,943595,Sydney van Hooijdonk,,64,10.4,44.1,0.0908,block,right-foot,assisted,sofascore
14053718,943595,Sydney van Hooijdonk,,57,10.8,64.8,0.0443,save,right-foot,assisted,sofascore
14053718,1155158,Oscar Gloukh,,53,8.2,50.8,0.359,miss,right-foot,assisted,sofascore
14053718,1155158,Oscar Gloukh,,52,10.0,34.9,0.0921,miss,left-foot,assisted,sofascore
14053718,959806,Kenneth Taylor,,46,9.9,57.3,0.1879,goal,right-foot,regular,sofascore
14053718,97410,Davy Klaassen,,46,7.9,63.4,0.1733,block,right-foot,assisted,sofascore
14053718,1403073,Don-Angelo Konadu,,45,21.8,52.8,0.03,block,right-foot,assisted,sofascore
14053718,918420,Leo Greiml,,36,10.2,53.4,0.0648,miss,head,corner,sofascore
14053718,1149147,Juho Talvitie,,36,2.6,67.5,0.1085,save,left-foot,corner,sofascore
14053718,943595,Sydney van Hooijdonk,,35,9.7,70.3,0.0596,block,right-foot,assisted,sofascore
14053718,1135884,Lewis Holtby,,28,23.8,41.1,0.0192,miss,right-foot,assisted,sofascore
14053718,918420,Leo Greiml,,23,8.3,68.5,0.0114,save,head,throw-in-set-piece,sofascore
14053718,943595,Sydney van Hooijdonk,,16,11.5,50.0,0.7884,goal,right-foot,penalty,sofascore
14053718,1088895,Mohamed Nassoh,,13,13.2,65.6,0.0463,block,left-foot,fast-break,sofascore
14053718,1155158,Oscar Gloukh,,4,13.5,47.7,0.1825,goal,right-foot,assisted,sofascore
14053719,1050828,Zico Buurmeester,,90,12.6,52.6,0.0872,block,right-foot,regular,sofascore
14053719,1381819,Jan Faberski,,90,14.0,63.7,0.0951,block,left-foot,assisted,sofascore
14053719,1146623,Younes Taha,,88,19.1,45.9,0.149,block,left-foot,free-kick,sofascore
14053719,1413536,Thom van Bergen,,84,8.1,52.4,0.2318,goal,head,set-piece,sofascore
14053719,847073,Koen Kostons,,82,8.0,52.3,0.6431,goal,right-foot,fast-break,sofascore
14053719,235538,Younes Namli,,82,9.5,33.6,0.2832,save,left-foot,fast-break,sofascore
14053719,1413536,Thom van Bergen,,81,9.5,40.5,0.156,block,right-foot,corner,sofascore
14053719,1413536,Thom van Bergen,,81,4.2,42.5,0.1398,miss,head,corner,sofascore
14053719,1413536,Thom van Bergen,,80,9.4,37.8,0.1974,block,left-foot,assisted,sofascore
14053719,1049446,Olivier Aertssen,,69,25.1,47.9,0.0211,block,right-foot,corner,sofascore
14053719,846003,Odysseus Velanas,,69,7.4,49.1,0.438,save,right-foot,set-piece,sofascore
14053719,827103,Marco Rente,,64,7.4,69.1,0.0408,post,right-foot,assisted,sofascore
14053719,1146623,Younes Taha,,59,23.8,52.6,0.0848,miss,left-foot,free-kick,sofascore
14053719,1878212,David van der Werff,,56,14.1,57.0,0.0653,block,left-foot,throw-in-set-piece,sofascore
14053719,876233,Thijs Oosting,,52,1.6,33.6,0.0733,save,left-foot,fast-break,sofascore
14053719,1413536,Thom van Bergen,,45,3.8,49.5,0.3027,save,right-foot,assisted,sofascore
14053719,1878212,David van der Werff,,45,3.4,48.1,0.3718,miss,right-foot,regular,sofascore
14053719,1878212,David van der Werff,,45,3.6,48.5,0.3298,save,left-foot,regular,sofascore
14053719,1509752,Nick Fichtinger,,45,27.4,50.5,0.0153,miss,right-foot,assisted,sofascore
14053719,1413536,Thom van Bergen,,35,10.7,42.5,0.205,miss,right-foot,assisted,sofascore
14053719,1400656,Travis Hernes,,35,12.0,53.4,0.1438,miss,right-foot,assisted,sofascore
14053719,847073,Koen Kostons,,31,15.1,65.6,0.0345,miss,right-foot,assisted,sofascore
14053719,235538,Younes Namli,,24,8.9,51.5,0.3885,miss,left-foot,fast-break,sofascore
14053719,827103,Marco Rente,,24,3.8,49.9,0.247,save,head,corner,sofascore
14053719,1424404,Jorg Schreuders,,23,12.5,36.2,0.0719,save,left-foot,fast-break,sofascore
14053719,847073,Koen Kostons,,21,14.4,45.0,0.5547,save,right-foot,fast-break,sofascore
14053719,876233,Thijs Oosting,,19,8.9,30.7,0.0422,miss,left-foot,assisted,sofascore
14053719,1400656,Travis Hernes,,19,27.9,53.8,0.0274,block,right-foot,assisted,sofascore
14053719,1146623,Younes Taha,,18,54.8,15.7,0.0046,save,left-foot,fast-break,sofascore
14053719,966655,Shola Shoretire,,16,21.8,39.3,0.0355,miss,right-foot,assisted,sofascore
14053719,235538,Younes Namli,,14,16.1,66.6,0.0241,save,left-foot,assisted,sofascore
14053720,905174,Ibrahim Sadiq,,90,3.9,53.2,0.4891,save,head,corner,sofascore
14053720,966555,Troy Parrott,,90,9.1,41.5,0.0315,block,head,corner,sofascore
14053720,966555,Troy Parrott,,90,1.8,69.3,0.1365,save,right-foot,assisted,sofascore
14053720,966555,Troy Parrott,,89,8.1,34.6,0.0586,miss,right-foot,regular,sofascore
14053720,1132766,Philip Brittijn,,86,1.2,48.1,0.931,goal,right-foot,corner,sofascore
14053720,961686,Syb Van Ottele,,86,29.4,51.1,0.0162,save,right-foot,set-piece,sofascore
14053720,1004278,Alexandre Penetra,,83,6.4,41.3,0.0427,miss,head,corner,sofascore
14053720,855847,Kaj Sierhuis,,81,7.6,49.7,0.0997,miss,head,corner,sofascore
14053720,929633,Mohamed Ihattaren,,81,13.7,74.4,0.0164,block,left-foot,assisted,sofascore
14053720,980671,Sven Mijnans,,79,21.3,34.8,0.0651,miss,left-foot,free-kick,sofascore
14053720,893559,Mees De Wit,,71,5.1,46.2,0.9248,goal,left-foot,regular,sofascore
14053720,966555,Troy Parrott,,71,5.8,56.8,0.4621,post,right-foot,assisted,sofascore
14053720,929633,Mohamed Ihattaren,,68,21.2,72.0,0.0137,block,left-foot,assisted,sofascore
14053720,893559,Mees De Wit,,64,19.7,59.7,0.0578,save,left-foot,assisted,sofascore
14053720,855847,Kaj Sierhuis,,61,34.8,50.7,0.0086,miss,right-foot,assisted,sofascore
14053720,1638685,Mateo Chávez,,61,12.5,44.6,0.1051,miss,right-foot,corner,sofascore
14053720,1004278,Alexandre Penetra,,60,1.7,58.6,0.0852,block,head,corner,sofascore
14053720,966555,Troy Parrott,,60,9.8,30.3,0.023,save,left-foot,assisted,sofascore
14053720,78730,Ivo Pinto,,59,27.2,57.7,0.0087,miss,right-foot,corner,sofascore
14053720,966555,Troy Parrott,,58,8.2,35.6,0.1834,miss,left-foot,assisted,sofascore
14053720,929633,Mohamed Ihattaren,,57,23.1,73.3,0.036,save,left-foot,free-kick,sofascore
14053720,1405756,Kees Smit,,55,12.6,64.8,0.0449,save,right-foot,fast-break,sofascore
14053720,855847,Kaj Sierhuis,,54,12.0,53.6,0.1401,goal,right-foot,fast-break,sofascore
14053720,980671,Sven Mijnans,,51,11.5,50.0,0.7884,save,left-foot,penalty,sofascore
14053720,855847,Kaj Sierhuis,,42,4.9,46.2,0.247,goal,right-foot,assisted,sofascore
14053720,966555,Troy Parrott,,32,9.4,44.6,0.4928,miss,left-foot,set-piece,sofascore
14053720,980671,Sven Mijnans,,31,12.9,54.4,0.1237,block,left-foot,assisted,sofascore
14053720,366942,Kristoffer Peterson,,27,11.8,27.6,0.0266,block,right-foot,fast-break,sofascore
14053720,980671,Sven Mijnans,,21,14.6,41.9,0.1971,goal,left-foot,assisted,sofascore
14053720,966555,Troy Parrott,,19,7.6,64.8,0.1164,goal,right-foot,assisted,sofascore
14053720,1148468,Weslley Patati,,14,17.8,70.7,0.0332,block,right-foot,assisted,sofascore
14053720,875673,Justin Lonwijk,,9,2.7,40.7,0.1016,goal,head,corner,sofascore
14053720,989586,Shawn Adewoye,,9,11.6,50.5,0.0456,block,left-foot,corner,sofascore
14053720,855847,Kaj Sierhuis,,8,8.2,42.3,0.0344,miss,head,corner,sofascore
14053720,929633,Mohamed Ihattaren,,8,20.7,26.0,0.0186,block,left-foot,regular,sofascore
14053720,922018,Peer Koopmeiners,,5,24.1,47.1,0.0252,block,right-foot,assisted,sofascore
14053721,1100399,Ozan Kökçü,,90,29.8,46.9,0.0486,post,right-foot,free-kick,sofascore
14053721,333571,Ryan Thomas,,88,23.4,23.4,0.0187,block,right-foot,assisted,sofascore
14053721,156676,Robert Mühren,,87,10.7,68.9,0.0476,miss,right-foot,assisted,sofascore
14053721,847073,Koen Kostons,,84,10.8,58.7,0.0569,miss,left-foot,corner,sofascore
14053721,333571,Ryan Thomas,,84,14.5,45.6,0.0651,block,left-foot,assisted,sofascore
14053721,1142572,Tristan Gooijer,,81,26.7,40.5,0.0273,save,left-foot,assisted,sofascore
14053721,1511723,Nordin Bukala,,68,21.8,45.2,0.0596,miss,left-foot,regular,sofascore
14053721,876233,Thijs Oosting,,67,15.4,39.5,0.0773,block,left-foot,assisted,sofascore
14053721,313264,Henk Veerman,,63,7.6,31.3,0.0185,miss,left-foot,regular,sofascore
14053721,847073,Koen Kostons,,62,23.4,34.4,0.053,block,right-foot,free-kick,sofascore
14053721,333571,Ryan Thomas,,60,24.3,47.4,0.0197,miss,right-foot,regular,sofascore
14053721,1049063,Joel Ideho,,59,29.8,37.1,0.0093,save,right-foot,assisted,sofascore
14053721,252885,Brandley Kuwas,,56,7.4,50.2,0.6489,goal,right-foot,fast-break,sofascore
14053721,1523582,Nick Verschuren,,55,14.2,50.0,0.0131,miss,head,set-piece,sofascore
14053721,313264,Henk Veerman,,53,19.0,47.1,0.0374,miss,left-foot,assisted,sofascore
14053721,1381819,Jan Faberski,,53,21.0,66.8,0.0306,miss,left-foot,assisted,sofascore
14053721,1403072,David Voute,,51,26.9,66.4,0.0167,miss,right-foot,assisted,sofascore
14053721,927605,Kaj de Rooij,,45,4.3,40.9,0.2156,goal,right-foot,assisted,sofascore
14053721,847073,Koen Kostons,,40,28.7,62.6,0.0199,miss,right-foot,assisted,sofascore
14053721,1049063,Joel Ideho,,34,7.6,66.6,0.0388,miss,right-foot,regular,sofascore
14053721,1481354,Precious Ugwu,,34,23.4,68.3,0.0205,block,right-foot,assisted,sofascore
14053721,1481354,Precious Ugwu,,32,16.1,69.5,0.0314,block,right-foot,assisted,sofascore
14053721,313264,Henk Veerman,,27,6.6,51.5,0.2574,goal,left-foot,assisted,sofascore
14053721,876233,Thijs Oosting,,25,14.2,58.5,0.1221,block,left-foot,assisted,sofascore
14053721,927605,Kaj de Rooij,,25,5.5,45.2,0.2604,miss,right-foot,regular,sofascore
14053721,1381819,Jan Faberski,,21,16.4,66.2,0.0446,block,left-foot,assisted,sofascore
14053721,313264,Henk Veerman,,16,7.9,46.8,0.0671,miss,head,corner,sofascore
14053721,1511723,Nordin Bukala,,14,12.8,42.1,0.1584,block,left-foot,assisted,sofascore
14053721,1511723,Nordin Bukala,,8,4.2,51.5,0.5073,miss,head,set-piece,sofascore
14053722,2007289,Jelani Seedorf,,90,9.9,48.1,0.2144,save,right-foot,set-piece,sofascore
14053722,1548834,Sem van Duijn,,90,14.8,45.6,0.0883,block,right-foot,set-piece,sofascore
14053722,1548834,Sem van Duijn,,90,15.3,41.1,0.0568,block,right-foot,set-piece,sofascore
14053722,794014,Luuk Brouwers,,90,14.7,55.5,0.1925,save,right-foot,assisted,sofascore
14053722,1469273,Rojendro Oudsten,,88,13.3,51.7,0.0949,save,right-foot,corner,sofascore
14053722,1548838,Soufiane Hetli,,88,14.8,32.5,0.0102,block,right-foot,corner,sofascore
14053722,1469336,Tyrese Noslin,,87,22.3,69.0,0.0206,block,left-foot,assisted,sofascore
14053722,1066319,Patrick Brouwer,,75,15.8,49.3,0.113,save,right-foot,assisted,sofascore
14053722,1015627,Jacob Trenskow,,73,13.0,56.0,0.0842,save,left-foot,assisted,sofascore
14053722,1015627,Jacob Trenskow,,71,8.7,62.5,0.0721,goal,left-foot,assisted,sofascore
14053722,860158,Kay Tejan,,66,9.1,43.8,0.5244,save,left-foot,assisted,sofascore
14053722,385300,Jeff Hardeveld,,64,15.6,48.1,0.1367,miss,left-foot,assisted,sofascore
14053722,1150061,Oliver Braude,,60,5.1,57.9,0.0909,save,head,corner,sofascore
14053722,1066319,Patrick Brouwer,,58,19.2,49.5,0.0645,miss,right-foot,assisted,sofascore
14053722,1066319,Patrick Brouwer,,58,4.5,49.7,0.2766,block,head,throw-in-set-piece,sofascore
14053722,1014408,Maxence Rivera,,56,23.3,48.6,0.0333,goal,right-foot,set-piece,sofascore
14053722,1548834,Sem van Duijn,,51,7.6,58.9,0.1547,block,right-foot,assisted,sofascore
14053722,1638564,Cedric Hatenboer,,50,20.9,58.9,0.0786,miss,right-foot,fast-break,sofascore
14053722,1066319,Patrick Brouwer,,48,8.1,29.8,0.0856,save,right-foot,assisted,sofascore
14053722,1028070,Lasse Selvåg Nordås,,46,9.3,47.6,0.0667,save,head,assisted,sofascore
14053722,302690,Danny Bakker,,44,21.4,60.7,0.1075,miss,left-foot,free-kick,sofascore
14053722,1015627,Jacob Trenskow,,40,14.1,66.9,0.0761,save,left-foot,assisted,sofascore
14053722,1084609,Tyrone Owusu,,34,29.1,52.1,0.0221,miss,right-foot,assisted,sofascore
14053722,1548834,Sem van Duijn,,30,11.7,56.6,0.2295,miss,right-foot,assisted,sofascore
14053722,1028070,Lasse Selvåg Nordås,,24,3.6,48.9,0.8854,goal,left-foot,regular,sofascore
14053722,1014408,Maxence Rivera,,24,9.2,34.2,0.054,save,right-foot,assisted,sofascore
14053722,1066319,Patrick Brouwer,,21,2.8,39.3,0.0489,block,head,corner,sofascore
14053722,1028070,Lasse Selvåg Nordås,,19,8.3,43.2,0.0353,miss,head,corner,sofascore
14053722,992018,Ringo Meerveld,,9,8.2,34.0,0.0601,miss,left-foot,regular,sofascore
14053722,1066319,Patrick Brouwer,,6,15.1,50.3,0.0744,miss,left-foot,assisted,sofascore
14053722,1015627,Jacob Trenskow,,6,11.7,49.7,0.2174,miss,right-foot,assisted,sofascore
14053722,987077,Nökkvi Þórisson,,3,15.1,37.2,0.0777,save,right-foot,assisted,sofascore
14053723,1014408,Maxence Rivera,,90,11.5,50.0,0.7884,goal,right-foot,penalty,sofascore
14053723,1022376,Amourricho van Axel-Dongen,,90,17.6,42.3,0.0505,miss,right-foot,assisted,sofascore
14053723,996988,Bryan Limbombe,,89,22.2,66.2,0.0235,save,right-foot,regular,sofascore
14053723,132674,Mario Engels,,85,18.2,45.0,0.2017,miss,left-foot,fast-break,sofascore
14053723,1064426,Vasilios Zagaritis,,77,11.4,35.4,0.1183,goal,left-foot,assisted,sofascore
14053723,794014,Luuk Brouwers,,74,14.4,60.5,0.0415,miss,left-foot,assisted,sofascore
14053723,132674,Mario Engels,,69,15.3,45.6,0.106,block,right-foot,fast-break,sofascore
14053723,1014408,Maxence Rivera,,68,13.8,52.6,0.0788,save,left-foot,assisted,sofascore
14053723,1014408,Maxence Rivera,,68,23.2,51.7,0.0551,save,right-foot,fast-break,sofascore
14053723,1132765,Maas Willemsen,,62,12.2,52.8,0.0275,miss,head,set-piece,sofascore
14053723,1015627,Jacob Trenskow,,55,15.8,63.4,0.0305,goal,left-foot,assisted,sofascore
14053723,1015627,Jacob Trenskow,,35,8.9,69.3,0.2359,save,left-foot,fast-break,sofascore
14053723,794014,Luuk Brouwers,,32,7.9,52.8,0.2504,miss,right-foot,assisted,sofascore
14053723,992018,Ringo Meerveld,,31,11.1,32.9,0.0273,miss,left-foot,corner,sofascore
14053723,318575,Damon Mirani,,19,13.0,53.6,0.0374,block,left-foot,corner,sofascore
14053723,974203,Alec Van Hoorenbeeck,,19,7.4,56.4,0.0743,block,right-foot,corner,sofascore
14053723,132674,Mario Engels,,16,8.0,45.7,0.1613,save,head,throw-in-set-piece,sofascore
14053723,1627623,Marcus Linday,,14,22.5,59.7,0.0198,miss,right-foot,corner,sofascore
14053723,1015627,Jacob Trenskow,,6,27.3,48.3,0.0276,save,left-foot,assisted,sofascore
14053723,788284,Ajdin Hrustić,,4,28.2,50.5,0.0257,miss,left-foot,assisted,sofascore
14053723,1150061,Oliver Braude,,3,12.9,61.3,0.0699,miss,left-foot,regular,sofascore
14053723,825843,Dylan Vente,,3,8.2,33.6,0.1859,save,left-foot,assisted,sofascore
14053723,788284,Ajdin Hrustić,,2,28.5,52.1,0.0138,miss,left-foot,set-piece,sofascore
14053724,812145,Dennis Man,,90,7.7,50.5,0.2482,save,head,corner,sofascore
14053724,1019892,Stefan Mitrović,,90,28.7,35.8,0.0328,save,right-foot,free-kick,sofascore
14053724,150494,Mike van Duinen,,86,12.9,38.9,0.015,miss,head,assisted,sofascore
14053724,1528458,Chris-Kévin Nadje,,82,26.6,41.7,0.0135,miss,right-foot,regular,sofascore
14053724,1384483,Irakli Yegoian,,81,27.4,58.5,0.0265,miss,right-foot,throw-in-set-piece,sofascore
14053724,910053,Arthur Zagre,,81,18.7,50.1,0.0633,block,right-foot,throw-in-set-piece,sofascore
14053724,1031721,Casper Widell,,81,9.0,58.4,0.0318,block,head,throw-in-set-piece,sofascore
14053724,1528458,Chris-Kévin Nadje,,78,18.8,47.6,0.0252,block,left-foot,corner,sofascore
14053724,991039,Adam Carlén,,78,24.8,28.0,0.0122,block,right-foot,corner,sofascore
14053724,1063767,Ismael Saibari,,72,7.6,50.7,0.789,goal,left-foot,assisted,sofascore
14053724,38710,Ivan Perišić,,69,22.6,35.6,0.0231,miss,right-foot,assisted,sofascore
14053724,1384483,Irakli Yegoian,,66,18.4,28.9,0.0506,save,right-foot,assisted,sofascore
14053724,1063767,Ismael Saibari,,63,12.4,69.1,0.0628,miss,right-foot,regular,sofascore
14053724,1063767,Ismael Saibari,,61,8.3,64.2,0.1066,block,right-foot,fast-break,sofascore
14053724,845798,Guus Til,,61,18.8,25.0,0.0259,save,left-foot,fast-break,sofascore
14053724,1063767,Ismael Saibari,,60,13.6,63.4,0.0929,miss,left-foot,assisted,sofascore
14053724,38710,Ivan Perišić,,59,4.0,37.2,0.3729,save,left-foot,fast-break,sofascore
14053724,844234,Jerdy Schouten,,58,20.1,68.5,0.0495,miss,right-foot,assisted,sofascore
14053724,1048487,Noah Naujoks,,51,8.6,43.4,0.0431,save,head,corner,sofascore
14053724,1009285,Szymon Włodarczyk,,45,7.7,46.3,0.4509,miss,left-foot,assisted,sofascore
14053724,1126966,Gyan de Regt,,40,25.3,48.1,0.0202,block,right-foot,regular,sofascore
14053724,1046142,Derensili Sanches Fernandes,,40,24.4,50.7,0.0454,block,right-foot,assisted,sofascore
14053724,1184317,Yarek Gasiorowski,,38,7.0,47.9,0.2535,miss,left-foot,corner,sofascore
14053724,1046960,Ryan Flamingo,,38,7.0,47.0,0.0969,block,head,corner,sofascore
14053724,1063767,Ismael Saibari,,37,6.9,65.8,0.0339,save,right-foot,regular,sofascore
14053724,1048487,Noah Naujoks,,34,15.3,54.6,0.1291,miss,right-foot,fast-break,sofascore
14053724,1046142,Derensili Sanches Fernandes,,33,12.2,44.6,0.0507,miss,head,assisted,sofascore
14053724,1146018,Paul Wanner,,26,24.7,49.5,0.0434,miss,right-foot,assisted,sofascore
14053724,1063767,Ismael Saibari,,22,8.3,58.9,0.1847,block,left-foot,regular,sofascore
14053724,850816,Joey Veerman,,19,24.1,36.7,0.0542,goal,right-foot,free-kick,sofascore
14053724,850816,Joey Veerman,,15,22.0,47.0,0.0798,save,right-foot,assisted,sofascore
14053724,1009285,Szymon Włodarczyk,,13,3.4,49.7,0.7639,goal,right-foot,throw-in-set-piece,sofascore
14053724,910053,Arthur Zagre,,12,12.9,29.9,0.0493,post,left-foot,assisted,sofascore
14053724,38710,Ivan Perišić,,10,10.7,46.0,0.3306,miss,right-foot,assisted,sofascore
14053724,1063767,Ismael Saibari,,9,13.3,71.4,0.0549,save,right-foot,assisted,sofascore
14053724,1384483,Irakli Yegoian,,7,7.4,50.1,0.3515,save,head,assisted,sofascore
14053725,1009285,Szymon Włodarczyk,,90,10.1,66.2,0.1269,block,right-foot,fast-break,sofascore
14053725,1009285,Szymon Włodarczyk,,90,21.0,36.6,0.0521,miss,right-foot,regular,sofascore
14053725,1048487,Noah Naujoks,,88,8.9,49.3,0.0782,save,head,assisted,sofascore
14053725,899644,Ilias Bronkhorst,,88,24.7,70.5,0.0181,miss,right-foot,set-piece,sofascore
14053725,794362,Emil Hansson,,81,13.6,28.2,0.0373,save,right-foot,fast-break,sofascore
14053725,996988,Bryan Limbombe,,77,17.9,66.9,0.0402,miss,left-foot,assisted,sofascore
14053725,1384483,Irakli Yegoian,,77,18.7,50.3,0.0921,block,right-foot,assisted,sofascore
14053725,150494,Mike van Duinen,,73,15.4,53.4,0.015,miss,head,set-piece,sofascore
14053725,1118181,Lequincio Zeefuik,,67,12.6,55.4,0.0452,miss,right-foot,set-piece,sofascore
14053725,1893852,Jerolldino Bergraaf,,63,8.9,52.8,0.0668,miss,head,assisted,sofascore
14053725,980742,Erik Ahlstrand,,60,23.5,46.0,0.0628,miss,left-foot,assisted,sofascore
14053725,918484,Ivan Mesík,,59,15.3,47.4,0.0417,save,right-foot,throw-in-set-piece,sofascore
14053725,1046142,Derensili Sanches Fernandes,,57,13.5,58.7,0.3631,goal,left-foot,assisted,sofascore
14053725,1046142,Derensili Sanches Fernandes,,55,18.4,44.5,0.0382,block,left-foot,assisted,sofascore
14053725,1118181,Lequincio Zeefuik,,53,21.3,41.7,0.0486,save,right-foot,fast-break,sofascore
14053725,1384483,Irakli Yegoian,,51,10.1,55.2,0.1739,block,right-foot,assisted,sofascore
14053725,1126966,Gyan de Regt,,50,18.8,24.6,0.0177,miss,right-foot,assisted,sofascore
14053725,1048487,Noah Naujoks,,45,12.4,69.6,0.0377,save,right-foot,regular,sofascore
14053725,980742,Erik Ahlstrand,,43,12.8,59.1,0.0283,miss,right-foot,set-piece,sofascore
14053725,1189738,Sem Scheperman,,43,9.1,44.6,0.0516,block,head,set-piece,sofascore
14053725,1118181,Lequincio Zeefuik,,35,9.2,50.3,0.0641,miss,head,assisted,sofascore
14053725,1118181,Lequincio Zeefuik,,35,14.2,61.5,0.0836,save,right-foot,regular,sofascore
14053725,1189738,Sem Scheperman,,23,2.9,54.4,0.687,goal,left-foot,corner,sofascore
14053725,980742,Erik Ahlstrand,,20,18.4,55.0,0.1246,miss,left-foot,fast-break,sofascore
14053725,1118181,Lequincio Zeefuik,,19,20.1,58.3,0.0339,miss,right-foot,assisted,sofascore
14053725,1126966,Gyan de Regt,,16,20.3,31.7,0.0669,miss,right-foot,free-kick,sofascore
14053725,1046142,Derensili Sanches Fernandes,,14,20.4,64.2,0.0199,block,left-foot,assisted,sofascore
14053725,788284,Ajdin Hrustić,,12,15.6,51.1,0.1792,post,left-foot,assisted,sofascore
14053726,1000228,Youri Baas,,90,25.2,43.3,0.0373,miss,left-foot,assisted,sofascore
14053726,1149146,Mika Godts,,86,19.7,59.1,0.0387,block,right-foot,corner,sofascore
14053726,1120315,Anton Gaaei,,83,22.9,72.2,0.0285,save,right-foot,assisted,sofascore
14053726,897603,Darko Nejašmić,,81,18.9,56.0,0.0574,save,right-foot,regular,sofascore
14053726,1499696,Kento Shiogai,,81,9.8,48.1,0.1284,block,right-foot,assisted,sofascore
14053726,1184054,Kodai Sano,,81,24.6,52.7,0.072,block,right-foot,free-kick,sofascore
14053726,1155158,Oscar Gloukh,,79,15.7,38.7,0.0631,save,left-foot,corner,sofascore
14053726,1403090,Rayane Bounida,,79,22.0,65.4,0.0306,block,left-foot,corner,sofascore
14053726,1155158,Oscar Gloukh,,78,15.1,32.7,0.0197,block,right-foot,assisted,sofascore
14053726,1149146,Mika Godts,,76,3.3,41.6,0.467,miss,head,assisted,sofascore
14053726,35208,Tjaronn Chery,,70,18.1,51.1,0.0508,miss,left-foot,assisted,sofascore
14053726,959806,Kenneth Taylor,,65,6.7,57.9,0.0967,miss,right-foot,assisted,sofascore
14053726,1155158,Oscar Gloukh,,65,18.8,53.8,0.1195,save,left-foot,assisted,sofascore
14053726,795761,Kasper Dolberg,,62,7.6,47.1,0.1009,miss,head,assisted,sofascore
14053726,127846,Eli Dasa,,59,24.1,62.8,0.0328,miss,right-foot,assisted,sofascore
14053726,47753,Bryan Linssen,,59,18.8,45.6,0.0572,block,right-foot,assisted,sofascore
14053726,790989,Ko Itakura,,57,9.5,42.3,0.0226,save,head,corner,sofascore
14053726,959806,Kenneth Taylor,,57,16.0,53.8,0.0645,block,right-foot,regular,sofascore
14053726,1149146,Mika Godts,,56,18.7,45.8,0.0451,block,right-foot,assisted,sofascore
14053726,1193676,Başar Önal,,53,10.6,38.0,0.3932,miss,right-foot,fast-break,sofascore
14053726,97410,Davy Klaassen,,53,7.5,53.5,0.0911,save,head,corner,sofascore
14053726,1394147,Sami Ouaissa,,46,16.4,64.2,0.0786,goal,left-foot,assisted,sofascore
14053726,1149146,Mika Godts,,44,10.8,36.4,0.2473,goal,left-foot,assisted,sofascore
14053726,1149146,Mika Godts,,42,11.3,39.7,0.0694,save,right-foot,assisted,sofascore
14053726,795761,Kasper Dolberg,,38,10.2,56.4,0.3858,goal,right-foot,assisted,sofascore
14053726,1193676,Başar Önal,,34,6.9,28.9,0.0343,save,right-foot,assisted,sofascore
14053726,1193676,Başar Önal,,28,14.5,30.4,0.0323,block,right-foot,assisted,sofascore
14053726,1000228,Youri Baas,,15,7.1,57.0,0.0734,miss,left-foot,corner,sofascore
14053726,1149146,Mika Godts,,13,12.8,33.3,0.0569,miss,right-foot,assisted,sofascore
14053726,831860,Koki Ogawa,,7,18.2,53.9,0.0977,miss,left-foot,regular,sofascore
14053726,1394147,Sami Ouaissa,,6,9.8,50.5,0.1266,miss,left-foot,assisted,sofascore
14053726,927359,Vítězslav Jaroš,,3,0.4,46.4,0.0,goal,left-foot,regular,sofascore
14053726,47753,Bryan Linssen,,3,4.5,45.8,0.5985,save,head,regular,sofascore
14053726,831860,Koki Ogawa,,3,7.3,54.4,0.3962,save,head,assisted,sofascore
14053727,1004278,Alexandre Penetra,,90,14.1,60.5,0.0706,miss,right-foot,assisted,sofascore
14053727,958317,Youssef el Kachati,,90,18.4,49.4,0.1246,block,right-foot,fast-break,sofascore
14053727,958317,Youssef el Kachati,,90,9.9,47.7,0.2056,save,head,regular,sofascore
14053727,958317,Youssef el Kachati,,83,19.1,49.7,0.0674,miss,right-foot,regular,sofascore
14053727,961685,Dirk Wanner Proper,,79,1.8,44.6,0.5196,goal,head,corner,sofascore
14053727,47753,Bryan Linssen,,79,7.6,60.3,0.0299,miss,head,corner,sofascore
14053727,1394147,Sami Ouaissa,,63,19.7,59.5,0.11,block,left-foot,free-kick,sofascore
14053727,905174,Ibrahim Sadiq,,60,8.6,63.2,0.0999,goal,right-foot,regular,sofascore
14053727,47753,Bryan Linssen,,54,7.3,57.7,0.0312,miss,head,corner,sofascore
14053727,1394147,Sami Ouaissa,,53,15.3,65.6,0.0232,block,left-foot,assisted,sofascore
14053727,831860,Koki Ogawa,,34,5.1,56.4,0.3125,miss,head,assisted,sofascore
14053727,1153117,Mexx Meerdink,,30,11.1,50.7,0.0336,miss,head,assisted,sofascore
14053727,1193676,Başar Önal,,26,7.7,40.4,0.1846,goal,right-foot,assisted,sofascore
14053727,1193676,Başar Önal,,22,20.1,33.6,0.0114,block,right-foot,corner,sofascore
14053727,798180,Thomas Ouwejan,,21,27.9,36.4,0.0198,block,left-foot,assisted,sofascore
14053727,1394147,Sami Ouaissa,,14,20.0,62.4,0.0479,save,left-foot,regular,sofascore
14053727,47753,Bryan Linssen,,11,15.1,43.8,0.1249,miss,right-foot,assisted,sofascore
14053727,922018,Peer Koopmeiners,,9,13.3,30.4,0.0207,miss,right-foot,corner,sofascore
14053727,980671,Sven Mijnans,,9,9.9,52.6,0.1077,block,left-foot,regular,sofascore
14053727,116946,Jordy Clasie,,8,25.3,45.8,0.0215,block,right-foot,regular,sofascore
14053727,1153117,Mexx Meerdink,,7,20.7,66.0,0.0293,save,left-foot,assisted,sofascore
14053728,571964,Enes Mahmutović,,90,7.9,45.6,0.1571,miss,head,assisted,sofascore
14053728,27035,André Ayew,,90,8.9,46.6,0.1209,save,head,assisted,sofascore
14053728,27035,André Ayew,,90,11.7,42.6,0.0476,miss,head,assisted,sofascore
14053728,1149130,Brahim Ghalidi,,89,7.3,29.1,0.03,miss,left-foot,set-piece,sofascore
14053728,2197943,Pepijn Reulen,,86,14.2,43.2,0.0426,miss,left-foot,corner,sofascore
14053728,336811,Clint Leemans,,86,20.4,54.0,0.0421,block,left-foot,corner,sofascore
14053728,1088895,Mohamed Nassoh,,82,15.4,47.7,0.0522,block,right-foot,assisted,sofascore
14053728,1088895,Mohamed Nassoh,,80,20.0,34.0,0.0673,save,left-foot,assisted,sofascore
14053728,27035,André Ayew,,77,7.0,47.7,0.1198,miss,head,set-piece,sofascore
14053728,1088895,Mohamed Nassoh,,67,7.6,50.7,0.1096,goal,head,throw-in-set-piece,sofascore
14053728,1050828,Zico Buurmeester,,64,17.5,26.4,0.0318,block,right-foot,assisted,sofascore
14053728,858242,Boy Kemper,,55,10.5,27.0,0.0457,miss,left-foot,fast-break,sofascore
14053728,1142572,Tristan Gooijer,,53,3.8,47.7,0.2239,block,head,corner,sofascore
14053728,336811,Clint Leemans,,50,8.3,40.7,0.0216,miss,head,corner,sofascore
14053728,990814,Charles-Andreas Brym,,50,25.4,51.5,0.0116,block,right-foot,corner,sofascore
14053728,1175856,Amine Salama,,49,24.0,74.8,0.0092,save,left-foot,assisted,sofascore
14053728,990814,Charles-Andreas Brym,,41,23.5,66.0,0.0157,save,left-foot,set-piece,sofascore
14053728,336811,Clint Leemans,,36,26.9,52.0,0.048,block,left-foot,free-kick,sofascore
14053728,1083398,Raul Paula,,27,21.0,33.8,0.0285,miss,right-foot,assisted,sofascore
14053728,846003,Odysseus Velanas,,24,9.5,37.4,0.0936,goal,right-foot,set-piece,sofascore
14053728,1005693,Anselmo Garcia McNulty,,24,8.4,51.7,0.1235,block,left-foot,set-piece,sofascore
14053728,876233,Thijs Oosting,,22,8.2,49.3,0.2401,goal,head,assisted,sofascore
14053728,235538,Younes Namli,,19,11.3,66.0,0.0406,block,left-foot,assisted,sofascore
14053728,336811,Clint Leemans,,18,25.8,40.6,0.0215,save,left-foot,assisted,sofascore
14053728,226762,Fredrik Jensen,,12,10.1,47.0,0.0352,block,head,corner,sofascore
14053728,235538,Younes Namli,,10,22.5,74.6,0.0097,block,left-foot,assisted,sofascore
14053728,990814,Charles-Andreas Brym,,7,6.6,54.1,0.1142,miss,head,assisted,sofascore
14053728,235538,Younes Namli,,6,27.1,29.3,0.0131,miss,left-foot,assisted,sofascore
14053729,1461935,Moussa Soumano,,90,14.4,38.4,0.0807,block,right-foot,assisted,sofascore
14053729,943595,Sydney van Hooijdonk,,87,3.9,65.8,0.014,miss,head,corner,sofascore
14053729,943595,Sydney van Hooijdonk,,82,10.8,55.2,0.1776,miss,right-foot,set-piece,sofascore
14053729,1066319,Patrick Brouwer,,77,2.9,52.1,0.6816,goal,right-foot,throw-in-set-piece,sofascore
14053729,1137227,Milan Zonneveld,,77,7.7,52.6,0.1622,block,left-foot,throw-in-set-piece,sofascore
14053729,302690,Danny Bakker,,71,9.6,43.8,0.0254,miss,head,corner,sofascore
14053729,1157777,Jochem Ritmeester van de Kamp,,70,12.3,40.3,0.1463,block,left-foot,assisted,sofascore
14053729,1066319,Patrick Brouwer,,70,13.5,49.5,0.347,miss,right-foot,fast-break,sofascore
14053729,1157777,Jochem Ritmeester van de Kamp,,68,22.2,40.1,0.0638,miss,left-foot,assisted,sofascore
14053729,1088895,Mohamed Nassoh,,67,22.9,52.1,0.0714,miss,left-foot,assisted,sofascore
14053729,1137227,Milan Zonneveld,,66,3.9,51.9,0.2829,miss,head,assisted,sofascore
14053729,1084609,Tyrone Owusu,,65,24.4,50.5,0.021,save,right-foot,assisted,sofascore
14053729,1088895,Mohamed Nassoh,,53,19.7,52.3,0.0234,miss,left-foot,corner,sofascore
14053729,571964,Enes Mahmutović,,53,2.9,54.3,0.2155,save,head,corner,sofascore
14053729,927440,Kamal Sowah,,46,25.0,49.5,0.0446,miss,left-foot,regular,sofascore
14053729,336811,Clint Leemans,,39,20.9,30.9,0.0145,miss,left-foot,regular,sofascore
14053729,1137227,Milan Zonneveld,,35,26.6,53.4,0.0372,save,right-foot,assisted,sofascore
14053729,1084609,Tyrone Owusu,,25,22.2,58.5,0.0302,miss,right-foot,regular,sofascore
14053729,1149147,Juho Talvitie,,23,17.6,67.1,0.0161,miss,left-foot,corner,sofascore
14053729,1149147,Juho Talvitie,,18,13.0,64.2,0.0356,save,left-foot,assisted,sofascore
14053729,1066319,Patrick Brouwer,,11,19.2,49.7,0.0959,save,left-foot,regular,sofascore
14053729,1135884,Lewis Holtby,,2,13.0,36.6,0.0442,miss,left-foot,corner,sofascore
14053730,984880,Jannes Wieckhoff,,90,22.5,63.7,0.0248,miss,left-foot,regular,sofascore
14053730,1648756,Ayoub Oufkir,,90,9.8,57.9,0.1957,miss,left-foot,regular,sofascore
14053730,946505,Lance Duijvestijn,,90,18.7,44.8,0.0722,save,right-foot,assisted,sofascore
14053730,1046143,Julian Baas,,87,14.4,50.1,0.1698,save,left-foot,regular,sofascore
14053730,918484,Ivan Mesík,,87,11.5,60.9,0.0289,block,left-foot,corner,sofascore
14053730,946505,Lance Duijvestijn,,82,26.8,32.7,0.0139,save,right-foot,assisted,sofascore
14053730,99960,Jens Toornstra,,78,8.5,58.3,0.4317,save,right-foot,assisted,sofascore
14053730,1648756,Ayoub Oufkir,,72,15.1,71.6,0.0198,block,left-foot,assisted,sofascore
14053730,914392,Jizz Hornkamp,,69,11.2,42.1,0.6398,goal,right-foot,fast-break,sofascore
14053730,827662,Mitchell Van Bergen,,67,22.9,51.9,0.063,save,right-foot,regular,sofascore
14053730,1123613,Yvandro Borges Sanches,,65,19.6,35.6,0.0526,goal,right-foot,assisted,sofascore
14053730,1032926,Sayfallah Ltaief,,59,22.3,53.6,0.0229,miss,right-foot,corner,sofascore
14053730,827662,Mitchell Van Bergen,,58,25.0,28.2,0.0202,block,right-foot,assisted,sofascore
14053730,996988,Bryan Limbombe,,53,15.3,70.6,0.0306,save,left-foot,assisted,sofascore
14053730,99960,Jens Toornstra,,51,13.0,62.9,0.0442,miss,right-foot,assisted,sofascore
14053730,914392,Jizz Hornkamp,,45,9.9,39.3,0.1592,goal,right-foot,assisted,sofascore
14053730,1032926,Sayfallah Ltaief,,45,21.3,39.1,0.0208,miss,right-foot,corner,sofascore
14053730,913584,Joshua Kitolano,,39,14.6,48.4,0.1557,miss,right-foot,fast-break,sofascore
14053730,1032926,Sayfallah Ltaief,,39,15.1,34.2,0.0311,block,right-foot,fast-break,sofascore
14053730,1213453,Tristan van Gilst,,38,26.2,43.3,0.0215,miss,right-foot,assisted,sofascore
14053730,827662,Mitchell Van Bergen,,29,19.5,51.3,0.0738,miss,left-foot,assisted,sofascore
14053730,996988,Bryan Limbombe,,28,19.4,66.4,0.0355,miss,left-foot,regular,sofascore
14053730,914392,Jizz Hornkamp,,21,6.7,54.3,0.2059,miss,head,assisted,sofascore
14053730,796943,Tobias Lauritsen,,18,10.0,41.6,0.0735,block,right-foot,assisted,sofascore
14053730,795135,Pelle Clement,,14,20.0,47.5,0.047,block,right-foot,fast-break,sofascore
14053730,966299,Teo Quintero,,11,22.5,29.8,0.0381,miss,left-foot,fast-break,sofascore
14053730,914392,Jizz Hornkamp,,6,9.3,52.2,0.0435,save,head,corner,sofascore
14053730,996988,Bryan Limbombe,,6,13.7,64.9,0.0521,block,right-foot,regular,sofascore
14053730,914392,Jizz Hornkamp,,6,21.2,57.5,0.0337,block,right-foot,regular,sofascore
14053730,827662,Mitchell Van Bergen,,2,21.6,74.6,0.0245,block,left-foot,assisted,sofascore
14053731,980671,Sven Mijnans,,90,23.2,60.1,0.0239,save,left-foot,assisted,sofascore
14053731,1499691,Rion Ichihara,,86,7.3,42.1,0.058,save,head,corner,sofascore
14053731,1153117,Mexx Meerdink,,81,9.1,48.9,0.1287,miss,left-foot,regular,sofascore
14053731,1405756,Kees Smit,,81,25.1,33.6,0.017,save,right-foot,assisted,sofascore
14053731,1146623,Younes Taha,,79,11.3,63.0,0.0705,block,right-foot,fast-break,sofascore
14053731,1441117,Tygo Land,,76,17.2,50.8,0.2261,goal,left-foot,fast-break,sofascore
14053731,905174,Ibrahim Sadiq,,74,4.9,45.0,0.1373,miss,head,corner,sofascore
14053731,1153117,Mexx Meerdink,,74,20.7,34.2,0.0396,block,left-foot,assisted,sofascore
14053731,1146623,Younes Taha,,73,5.4,43.1,0.3039,save,head,assisted,sofascore
14053731,966555,Troy Parrott,,71,17.7,51.4,0.1437,miss,left-foot,assisted,sofascore
14053731,1146623,Younes Taha,,70,27.4,71.8,0.0155,save,left-foot,regular,sofascore
14053731,1145989,Ro-Zangelo Daal,,68,12.5,27.7,0.0414,save,right-foot,assisted,sofascore
14053731,966555,Troy Parrott,,68,13.7,48.3,0.0911,block,right-foot,assisted,sofascore
14053731,1405756,Kees Smit,,65,23.1,61.5,0.0208,miss,right-foot,assisted,sofascore
14053731,907520,Brynjólfur Darri Willumsson,,62,4.8,38.3,0.0294,miss,head,corner,sofascore
14053731,1413536,Thom van Bergen,,58,8.4,42.7,0.3797,goal,left-foot,fast-break,sofascore
14053731,1146623,Younes Taha,,57,22.8,76.5,0.0198,post,left-foot,assisted,sofascore
14053731,827103,Marco Rente,,55,13.3,61.5,0.115,block,right-foot,regular,sofascore
14053731,1413536,Thom van Bergen,,54,19.1,47.1,0.0351,block,right-foot,regular,sofascore
14053731,1087931,Isak Steiner Jensen,,53,4.6,43.8,0.313,save,right-foot,regular,sofascore
14053731,1087931,Isak Steiner Jensen,,53,6.7,47.8,0.2301,block,left-foot,assisted,sofascore
14053731,922018,Peer Koopmeiners,,52,15.1,56.5,0.0853,block,right-foot,assisted,sofascore
14053731,966555,Troy Parrott,,47,9.2,45.3,0.1075,save,head,set-piece,sofascore
14053731,76160,Marvin Peersman,,36,11.5,50.0,0.7884,goal,left-foot,penalty,sofascore
14053731,1413536,Thom van Bergen,,27,7.5,58.6,0.0465,miss,head,assisted,sofascore
14053731,1405756,Kees Smit,,25,17.6,44.8,0.0398,block,left-foot,assisted,sofascore
14053731,1413536,Thom van Bergen,,21,12.0,39.9,0.0724,block,left-foot,assisted,sofascore
14053731,1878212,David van der Werff,,19,13.6,38.7,0.0995,block,right-foot,assisted,sofascore
14053731,1121402,Tika de Jonge,,17,14.8,41.1,0.1577,miss,right-foot,assisted,sofascore
14053731,1008111,Denso Kasius,,10,27.5,62.5,0.0168,save,left-foot,regular,sofascore
14053732,156676,Robert Mühren,,90,4.8,53.6,0.2566,miss,right-foot,assisted,sofascore
14053732,1002479,Shunsuke Mito,,90,13.0,63.2,0.1597,save,right-foot,regular,sofascore
14053732,1049063,Joel Ideho,,90,21.7,17.6,0.0363,miss,right-foot,free-kick,sofascore
14053732,996982,Yannick Leliendal,,88,24.6,51.1,0.0321,miss,left-foot,fast-break,sofascore
14053732,313264,Henk Veerman,,88,9.9,53.0,0.176,block,right-foot,fast-break,sofascore
14053732,1481354,Precious Ugwu,,84,4.5,32.5,0.0628,save,left-foot,regular,sofascore
14053732,1648756,Ayoub Oufkir,,83,10.3,65.7,0.15,save,left-foot,assisted,sofascore
14053732,1095406,Aurelio Oehlers,,82,7.4,70.3,0.0225,save,right-foot,assisted,sofascore
14053732,796943,Tobias Lauritsen,,80,11.5,50.0,0.7884,goal,right-foot,penalty,sofascore
14053732,974020,Xavier Mbuyamba,,74,6.6,48.1,0.133,save,head,corner,sofascore
14053732,1095753,Gibson Yah,,72,5.8,67.3,0.0367,block,right-foot,assisted,sofascore
14053732,1002479,Shunsuke Mito,,65,9.9,34.4,0.0893,miss,left-foot,assisted,sofascore
14053732,1002479,Shunsuke Mito,,60,20.3,41.2,0.057,block,right-foot,assisted,sofascore
14053732,1046143,Julian Baas,,59,10.5,18.3,0.049,save,right-foot,free-kick,sofascore
14053732,1960315,Lushendry Edward Martes,,58,12.6,72.0,0.027,save,left-foot,assisted,sofascore
14053732,827662,Mitchell Van Bergen,,56,18.2,64.8,0.0481,miss,left-foot,assisted,sofascore
14053732,1046143,Julian Baas,,54,18.6,51.7,0.1778,save,right-foot,free-kick,sofascore
14053732,1095406,Aurelio Oehlers,,51,17.9,28.2,0.0158,block,right-foot,assisted,sofascore
14053732,796943,Tobias Lauritsen,,43,6.4,47.5,0.1777,save,head,assisted,sofascore
14053732,252885,Brandley Kuwas,,43,19.5,47.9,0.0667,save,right-foot,assisted,sofascore
14053732,313264,Henk Veerman,,39,20.6,41.0,0.0483,miss,right-foot,assisted,sofascore
14053732,1002479,Shunsuke Mito,,36,14.4,53.1,0.2106,block,left-foot,fast-break,sofascore
14053732,1002479,Shunsuke Mito,,36,19.6,62.7,0.046,block,left-foot,fast-break,sofascore
14053732,1002479,Shunsuke Mito,,32,15.0,48.7,0.0657,block,right-foot,assisted,sofascore
14053732,796943,Tobias Lauritsen,,30,6.9,55.0,0.1049,block,head,assisted,sofascore
14053732,116947,Bruno Martins Indi,,28,8.6,50.9,0.0647,save,head,corner,sofascore
14053732,1046143,Julian Baas,,27,16.1,47.2,0.0926,block,left-foot,regular,sofascore
14053732,1648751,Ayoni Santos,,27,10.5,59.9,0.1156,block,right-foot,assisted,sofascore
14053732,1511723,Nordin Bukala,,24,13.9,67.5,0.0362,save,right-foot,assisted,sofascore
14053732,827662,Mitchell Van Bergen,,21,24.4,51.5,0.0248,save,right-foot,corner,sofascore
14053732,1046143,Julian Baas,,17,31.2,51.0,0.0299,miss,right-foot,free-kick,sofascore
14053732,913584,Joshua Kitolano,,13,20.8,33.7,0.0278,miss,right-foot,assisted,sofascore
14053732,827662,Mitchell Van Bergen,,13,13.6,60.9,0.0635,save,left-foot,regular,sofascore
14053732,796943,Tobias Lauritsen,,9,8.2,51.7,0.0994,miss,head,assisted,sofascore
14053732,913584,Joshua Kitolano,,6,26.0,53.6,0.0251,miss,right-foot,assisted,sofascore
14053733,1514878,Mats Egbring,,90,11.1,58.8,0.028,miss,head,assisted,sofascore
14053733,966429,David Min,,89,1.3,48.6,0.6743,goal,right-foot,corner,sofascore
14053733,46900,Nick Viergever,,89,1.9,50.9,0.7525,save,left-foot,corner,sofascore
14053733,1433802,Gjivai Zechiël,,89,10.1,55.6,0.0499,save,head,corner,sofascore
14053733,1014118,Miguel Rodríguez,,86,19.1,58.4,0.0738,post,left-foot,assisted,sofascore
14053733,1433802,Gjivai Zechiël,,84,9.2,44.6,0.0809,miss,head,assisted,sofascore
14053733,825843,Dylan Vente,,76,26.4,63.9,0.0268,miss,right-foot,assisted,sofascore
14053733,1014118,Miguel Rodríguez,,72,20.7,49.7,0.0745,miss,left-foot,assisted,sofascore
14053733,825843,Dylan Vente,,70,12.5,43.4,0.4416,goal,left-foot,assisted,sofascore
14053733,1014408,Maxence Rivera,,69,22.7,75.7,0.015,block,right-foot,assisted,sofascore
14053733,46900,Nick Viergever,,62,8.6,41.1,0.0486,miss,head,set-piece,sofascore
14053733,1433802,Gjivai Zechiël,,59,7.0,45.8,0.315,miss,left-foot,regular,sofascore
14053733,149731,Sébastien Haller,,57,8.5,58.1,0.0454,miss,head,assisted,sofascore
14053733,1150061,Oliver Braude,,57,26.6,72.0,0.0084,block,right-foot,regular,sofascore
14053733,1015627,Jacob Trenskow,,55,15.6,66.9,0.0374,block,left-foot,fast-break,sofascore
14053733,152414,Mike Van der Hoorn,,51,8.5,57.9,0.1153,miss,right-foot,corner,sofascore
14053733,1433802,Gjivai Zechiël,,45,26.0,53.9,0.0409,save,right-foot,fast-break,sofascore
14053733,825843,Dylan Vente,,39,5.4,46.8,0.353,goal,right-foot,assisted,sofascore
14053733,1132765,Maas Willemsen,,35,4.9,40.4,0.2708,save,left-foot,set-piece,sofascore
14053733,1015627,Jacob Trenskow,,35,18.9,56.3,0.1264,save,left-foot,free-kick,sofascore
14053733,1433802,Gjivai Zechiël,,32,21.6,47.0,0.0351,miss,right-foot,throw-in-set-piece,sofascore
14053733,991679,Souffian El Karouani,,27,5.7,68.3,0.0363,goal,right-foot,corner,sofascore
14053733,825843,Dylan Vente,,20,15.7,36.4,0.0337,block,left-foot,assisted,sofascore
14053733,991679,Souffian El Karouani,,11,19.1,48.7,0.1613,miss,left-foot,free-kick,sofascore
14053734,841420,Victor Edvardsen,,90,8.3,66.7,0.0876,save,right-foot,fast-break,sofascore
14053734,794990,Siebe Horemans,,90,27.4,49.5,0.0425,miss,right-foot,set-piece,sofascore
14053734,987647,Søren Tengstedt,,83,21.1,72.3,0.0127,block,left-foot,assisted,sofascore
14053734,964766,Thibo Baeten,,81,18.9,45.8,0.0464,miss,left-foot,corner,sofascore
14053734,1153261,Ángel Alarcón,,80,1.4,71.4,0.2104,miss,right-foot,regular,sofascore
14053734,991679,Souffian El Karouani,,78,16.4,34.8,0.0725,miss,left-foot,assisted,sofascore
14053734,991679,Souffian El Karouani,,77,27.4,58.6,0.0378,post,left-foot,free-kick,sofascore
14053734,793742,Joris Kramer,,75,7.6,58.9,0.0515,block,left-foot,corner,sofascore
14053734,964766,Thibo Baeten,,75,6.9,27.3,0.0254,block,left-foot,assisted,sofascore
14053734,149731,Sébastien Haller,,74,23.1,59.7,0.0207,save,right-foot,assisted,sofascore
14053734,837010,Niklas Vesterlund,,73,13.7,56.0,0.0794,miss,right-foot,set-piece,sofascore
14053734,991679,Souffian El Karouani,,73,10.1,27.1,0.0333,save,left-foot,set-piece,sofascore
14053734,891795,Melle Meulensteen,,71,22.4,55.3,0.0489,save,right-foot,assisted,sofascore
14053734,1153261,Ángel Alarcón,,64,17.6,55.4,0.0855,save,right-foot,fast-break,sofascore
14053734,1105700,Yoann Cathline,,62,10.4,35.6,0.0444,save,right-foot,assisted,sofascore
14053734,1489193,Artem Stepanov,,61,14.8,59.9,0.1168,miss,right-foot,assisted,sofascore
14053734,1433802,Gjivai Zechiël,,51,19.7,38.0,0.0735,block,right-foot,assisted,sofascore
14053734,855854,Dani De Wit,,50,7.3,55.9,0.0689,save,head,assisted,sofascore
14053734,1489193,Artem Stepanov,,37,4.6,39.5,0.3214,goal,right-foot,assisted,sofascore
14053734,891795,Melle Meulensteen,,36,9.1,41.3,0.0394,save,head,corner,sofascore
14053734,1489193,Artem Stepanov,,34,7.2,51.4,0.1049,miss,head,corner,sofascore
14053734,1105700,Yoann Cathline,,33,22.0,42.4,0.0993,block,right-foot,fast-break,sofascore
14053734,1433802,Gjivai Zechiël,,31,15.8,40.9,0.0444,save,right-foot,assisted,sofascore
14053734,855854,Dani De Wit,,30,17.9,50.3,0.1053,miss,right-foot,throw-in-set-piece,sofascore
14053734,907517,Stefán Ingi Sigurðarson,,24,2.3,60.3,0.1133,save,head,assisted,sofascore
14053734,891795,Melle Meulensteen,,20,8.2,49.5,0.1082,save,head,corner,sofascore
14053734,1029724,Jakob Breum,,19,6.1,34.4,0.0949,save,left-foot,assisted,sofascore
14053734,1133233,Aske Adelgaard,,18,25.0,73.8,0.019,miss,left-foot,assisted,sofascore
14053734,1433802,Gjivai Zechiël,,16,9.1,47.9,0.1468,goal,head,assisted,sofascore
14053734,1105700,Yoann Cathline,,15,20.3,29.5,0.0338,block,right-foot,corner,sofascore
14053734,1153261,Ángel Alarcón,,12,5.7,62.4,0.3094,save,right-foot,regular,sofascore
14053734,1105700,Yoann Cathline,,12,22.9,58.1,0.0572,block,right-foot,assisted,sofascore
14053734,1153261,Ángel Alarcón,,11,8.3,66.4,0.0987,save,right-foot,assisted,sofascore
14053735,1548838,Soufiane Hetli,,90,18.5,54.2,0.1805,goal,right-foot,fast-break,sofascore
14053735,133168,Gerrit Nauber,,90,8.2,51.0,0.0876,save,head,assisted,sofascore
14053735,1594488,Adil Lechkar,,87,23.8,39.7,0.0189,save,right-foot,assisted,sofascore
14053735,360006,Finn Stokkers,,83,2.5,59.7,0.1041,block,right-foot,assisted,sofascore
14053735,891795,Melle Meulensteen,,83,7.3,49.6,0.1206,miss,head,assisted,sofascore
14053735,891795,Melle Meulensteen,,83,3.3,43.0,0.5131,save,head,regular,sofascore
14053735,891795,Melle Meulensteen,,82,4.8,40.5,0.2287,save,head,assisted,sofascore
14053735,1199214,Milan Smit,,73,7.5,51.6,0.5497,goal,right-foot,assisted,sofascore
14053735,1157777,Jochem Ritmeester van de Kamp,,71,17.0,41.7,0.2194,goal,right-foot,fast-break,sofascore
14053735,1469273,Rojendro Oudsten,,71,14.2,62.4,0.0968,block,right-foot,fast-break,sofascore
14053735,891795,Melle Meulensteen,,70,18.3,57.6,0.0327,block,right-foot,assisted,sofascore
14053735,891795,Melle Meulensteen,,69,11.5,31.6,0.0377,block,right-foot,assisted,sofascore
14053735,1418395,Neville Nwankwo,,58,2.9,52.0,0.3224,miss,head,corner,sofascore
14053735,909960,Mathis Suray,,54,6.4,60.5,0.3101,miss,left-foot,corner,sofascore
14053735,916947,Kenzo Goudmijn,,54,19.7,62.4,0.0132,block,left-foot,corner,sofascore
14053735,860158,Kay Tejan,,53,11.1,41.6,0.0324,miss,head,assisted,sofascore
14053735,1548838,Soufiane Hetli,,49,24.3,43.6,0.0462,block,right-foot,corner,sofascore
14053735,995365,Dylan Mertens,,48,5.1,45.9,0.1566,save,head,corner,sofascore
14053735,891795,Melle Meulensteen,,45,8.0,55.2,0.2254,goal,right-foot,set-piece,sofascore
14053735,1150154,Nils Rossen,,42,3.6,49.9,0.3324,goal,right-foot,corner,sofascore
14053735,385300,Jeff Hardeveld,,41,5.7,36.8,0.0278,save,head,corner,sofascore
14053735,1066319,Patrick Brouwer,,41,18.4,51.1,0.055,block,right-foot,corner,sofascore
14053735,1066319,Patrick Brouwer,,37,19.6,50.3,0.1356,miss,right-foot,fast-break,sofascore
14053735,995365,Dylan Mertens,,29,13.0,29.4,0.0489,miss,right-foot,assisted,sofascore
14053735,909960,Mathis Suray,,25,7.7,49.0,0.226,miss,head,assisted,sofascore
14053735,825906,Oscar Pettersson,,22,24.3,41.8,0.0133,miss,right-foot,set-piece,sofascore
14053735,1066319,Patrick Brouwer,,12,21.8,36.7,0.0491,block,right-foot,regular,sofascore
14053735,1548838,Soufiane Hetli,,12,9.8,35.7,0.0553,block,right-foot,assisted,sofascore
14053735,860158,Kay Tejan,,9,7.3,63.6,0.1256,save,right-foot,assisted,sofascore
14053735,909960,Mathis Suray,,9,12.0,33.9,0.0325,miss,right-foot,assisted,sofascore
14053735,1548838,Soufiane Hetli,,8,12.2,38.8,0.1109,block,right-foot,assisted,sofascore
14053735,860158,Kay Tejan,,7,2.3,55.0,0.2951,goal,right-foot,regular,sofascore
14053735,1469336,Tyrese Noslin,,7,9.9,60.5,0.024,save,head,assisted,sofascore
14053735,860158,Kay Tejan,,6,11.4,52.5,0.0356,miss,head,assisted,sofascore
14053736,1048430,Daan Rots,,90,9.5,47.9,0.0543,miss,head,set-piece,sofascore
14053736,190435,Marko Pjaca,,90,12.3,30.0,0.0501,save,right-foot,assisted,sofascore
14053736,945233,Thomas Van den Belt,,90,18.4,34.6,0.0526,block,right-foot,assisted,sofascore
14053736,196082,Robin Pröpper,,90,3.1,53.4,0.2448,miss,head,corner,sofascore
14053736,966546,Mathias Kjølø,,90,6.1,66.3,0.0685,block,right-foot,assisted,sofascore
14053736,790179,Cyle Larin,,90,14.0,48.6,0.0267,save,head,assisted,sofascore
14053736,1048430,Daan Rots,,89,8.2,54.6,0.073,miss,head,assisted,sofascore
14053736,985823,Ayase Ueda,,83,16.9,37.6,0.0374,miss,left-foot,assisted,sofascore
14053736,35193,Ricky van Wolfswinkel,,79,8.8,45.2,0.0976,miss,right-foot,regular,sofascore
14053736,35193,Ricky van Wolfswinkel,,79,7.0,46.6,0.3176,block,right-foot,regular,sofascore
14053736,979221,Gonçalo Borges,,74,7.1,67.7,0.0821,goal,right-foot,assisted,sofascore
14053736,985823,Ayase Ueda,,71,10.0,49.2,0.1809,miss,left-foot,assisted,sofascore
14053736,190435,Marko Pjaca,,67,10.8,49.1,0.0817,save,head,assisted,sofascore
14053736,804901,Sam Lammers,,66,15.5,59.8,0.0402,block,left-foot,assisted,sofascore
14053736,1160026,Kristian Hlynsson,,66,23.8,59.6,0.0609,block,right-foot,free-kick,sofascore
14053736,946506,Bart van Rooij,,58,18.7,63.0,0.0559,block,right-foot,regular,sofascore
14053736,1160026,Kristian Hlynsson,,58,16.3,54.8,0.0543,block,right-foot,assisted,sofascore
14053736,1048430,Daan Rots,,57,13.0,67.7,0.0232,miss,left-foot,assisted,sofascore
14053736,825899,Anel Ahmedhodžić,,55,6.5,55.3,0.1124,miss,head,corner,sofascore
14053736,946506,Bart van Rooij,,50,11.4,64.8,0.0431,save,left-foot,assisted,sofascore
14053736,889689,Hwang In-beom,,47,20.4,31.1,0.0197,save,right-foot,corner,sofascore
14053736,1150938,Leo Sauer,,46,11.8,25.8,0.0409,save,right-foot,assisted,sofascore
14053736,966546,Mathias Kjølø,,45,29.7,61.3,0.0183,save,right-foot,regular,sofascore
14053736,804901,Sam Lammers,,42,6.9,39.9,0.4813,save,left-foot,assisted,sofascore
14053736,804901,Sam Lammers,,41,14.5,35.0,0.0658,save,right-foot,fast-break,sofascore
14053736,1150938,Leo Sauer,,39,21.6,38.3,0.0322,miss,right-foot,assisted,sofascore
14053736,1160026,Kristian Hlynsson,,32,7.9,36.4,0.035,save,right-foot,corner,sofascore
14053736,804901,Sam Lammers,,28,20.0,50.5,0.0598,miss,right-foot,assisted,sofascore
14053736,946506,Bart van Rooij,,25,17.6,57.0,0.0544,block,right-foot,corner,sofascore
14053736,946506,Bart van Rooij,,22,25.3,64.2,0.0273,miss,left-foot,assisted,sofascore
14053736,1048430,Daan Rots,,19,8.9,62.6,0.1401,goal,left-foot,assisted,sofascore
14053736,945233,Thomas Van den Belt,,18,7.4,26.4,0.037,miss,right-foot,corner,sofascore
14053736,804901,Sam Lammers,,17,6.7,58.7,0.1843,save,right-foot,regular,sofascore
14053736,804901,Sam Lammers,,13,11.7,38.0,0.0539,miss,left-foot,assisted,sofascore
14053736,796279,Jordan Lotomba,,12,11.3,67.0,0.0525,block,right-foot,regular,sofascore
14053736,1200962,Sondre Ørjasæter,,8,15.5,28.8,0.018,block,right-foot,assisted,sofascore
14053736,945233,Thomas Van den Belt,,7,18.4,49.9,0.131,save,right-foot,assisted,sofascore
14053736,1150938,Leo Sauer,,6,15.0,37.2,0.0376,block,right-foot,assisted,sofascore
14053736,1200962,Sondre Ørjasæter,,1,13.9,41.5,0.0138,save,head,assisted,sofascore
14053737,918420,Leo Greiml,,90,11.2,56.2,0.0314,block,head,assisted,sofascore
14053737,1515525,Cherrion Valerius,,90,18.7,64.2,0.042,post,left-foot,throw-in-set-piece,sofascore
14053737,1069509,Noam Emeran,,90,21.4,58.6,0.0834,block,left-foot,free-kick,sofascore
14053737,1088895,Mohamed Nassoh,,90,7.1,46.2,0.2021,goal,right-foot,assisted,sofascore
14053737,1083398,Raul Paula,,90,18.9,63.9,0.028,block,right-foot,assisted,sofascore
14053737,918420,Leo Greiml,,90,5.5,41.3,0.0889,save,head,corner,sofascore
14053737,1088895,Mohamed Nassoh,,90,8.7,37.0,0.1012,block,left-foot,fast-break,sofascore
14053737,927440,Kamal Sowah,,83,26.3,70.9,0.019,block,left-foot,assisted,sofascore
14053737,858242,Boy Kemper,,79,10.5,41.1,0.0325,save,head,assisted,sofascore
14053737,943595,Sydney van Hooijdonk,,70,12.5,47.7,0.0348,miss,head,assisted,sofascore
14053737,918420,Leo Greiml,,68,7.6,43.8,0.0763,miss,right-foot,corner,sofascore
14053737,1878212,David van der Werff,,66,29.1,21.9,0.0352,save,right-foot,free-kick,sofascore
14053737,1878212,David van der Werff,,64,3.0,32.7,0.0787,save,right-foot,set-piece,sofascore
14053737,1090328,Stije Resink,,59,9.6,55.7,0.1629,save,right-foot,set-piece,sofascore
14053737,1413536,Thom van Bergen,,54,13.2,55.6,0.344,goal,right-foot,fast-break,sofascore
14053737,1090328,Stije Resink,,51,19.4,29.1,0.0312,save,right-foot,assisted,sofascore
14053737,226762,Fredrik Jensen,,47,10.0,50.7,0.0607,save,head,set-piece,sofascore
14053737,1090328,Stije Resink,,37,27.7,34.4,0.0195,miss,right-foot,assisted,sofascore
14053737,1121402,Tika de Jonge,,34,27.1,42.3,0.0178,goal,left-foot,regular,sofascore
14053737,1090328,Stije Resink,,32,22.3,46.2,0.0518,miss,right-foot,regular,sofascore
14053737,1146623,Younes Taha,,25,29.0,63.8,0.0325,save,left-foot,free-kick,sofascore
14053737,1121402,Tika de Jonge,,16,11.1,57.9,0.1665,block,right-foot,assisted,sofascore
14053737,1413536,Thom van Bergen,,8,8.8,40.1,0.3541,save,right-foot,fast-break,sofascore
14053737,1878212,David van der Werff,,6,17.8,66.0,0.0591,block,right-foot,assisted,sofascore
14053737,1146623,Younes Taha,,5,22.9,28.2,0.0219,save,left-foot,fast-break,sofascore
14053738,957937,Casper Tengstedt,,90,10.8,30.7,0.0221,save,right-foot,assisted,sofascore
14053738,1218066,Anis Hadj Moussa,,88,11.4,71.2,0.0383,block,left-foot,assisted,sofascore
14053738,886242,Jakub Moder,,86,14.7,69.9,0.027,save,right-foot,assisted,sofascore
14053738,886242,Jakub Moder,,85,11.5,50.0,0.7884,goal,right-foot,penalty,sofascore
14053738,1144138,Jordan Bos,,79,14.7,33.9,0.0107,block,left-foot,set-piece,sofascore
14053738,1218066,Anis Hadj Moussa,,77,3.9,68.7,0.0299,miss,right-foot,assisted,sofascore
14053738,1218066,Anis Hadj Moussa,,65,8.7,71.8,0.0294,block,left-foot,assisted,sofascore
14053738,825899,Anel Ahmedhodžić,,65,24.1,43.0,0.0294,miss,right-foot,regular,sofascore
14053738,1150938,Leo Sauer,,62,3.8,36.6,0.0676,block,left-foot,assisted,sofascore
14053738,1859920,Sean Steur,,54,19.5,41.7,0.1049,goal,right-foot,regular,sofascore
14053738,100386,Steven Berghuis,,52,17.5,70.1,0.0278,block,left-foot,assisted,sofascore
14053738,985823,Ayase Ueda,,47,4.4,43.0,0.1206,miss,head,assisted,sofascore
14053738,886242,Jakub Moder,,38,15.9,65.5,0.0451,block,left-foot,regular,sofascore
14053738,985823,Ayase Ueda,,32,10.8,52.3,0.0604,miss,head,assisted,sofascore
14053738,1149146,Mika Godts,,30,14.5,70.7,0.0681,save,right-foot,assisted,sofascore
14053738,1149146,Mika Godts,,23,14.1,30.5,0.0578,miss,right-foot,assisted,sofascore
14053738,1218066,Anis Hadj Moussa,,18,17.9,71.1,0.0141,save,left-foot,assisted,sofascore
14053738,942213,Tsuyoshi Watanabe,,11,7.6,50.5,0.1288,save,head,set-piece,sofascore
14053738,100386,Steven Berghuis,,9,49.6,73.7,0.0088,miss,left-foot,fast-break,sofascore
14053739,318745,Oskar Zawada,,90,17.6,43.6,0.065,miss,right-foot,set-piece,sofascore
14053739,1022552,Oskar Siira Sivertsen,,90,8.0,50.9,0.1387,block,right-foot,assisted,sofascore
14053739,841420,Victor Edvardsen,,88,15.1,35.4,0.0476,block,right-foot,assisted,sofascore
14053739,1022552,Oskar Siira Sivertsen,,87,11.6,67.7,0.0692,save,right-foot,assisted,sofascore
14053739,318745,Oskar Zawada,,85,6.4,47.9,0.1772,miss,head,assisted,sofascore
14053739,1146623,Younes Taha,,72,6.8,61.7,0.2836,post,right-foot,assisted,sofascore
14053739,1424404,Jorg Schreuders,,67,22.7,56.4,0.0366,save,left-foot,assisted,sofascore
14053739,1090328,Stije Resink,,66,26.3,52.8,0.025,block,right-foot,set-piece,sofascore
14053739,1121402,Tika de Jonge,,61,19.4,57.7,0.0701,goal,right-foot,assisted,sofascore
14053739,1413536,Thom van Bergen,,56,5.7,61.3,0.0274,miss,head,corner,sofascore
14053739,1121401,Thijmen Blokzijl,,56,23.8,51.1,0.0245,block,right-foot,corner,sofascore
14053739,909960,Mathis Suray,,55,3.2,42.5,0.2057,miss,right-foot,assisted,sofascore
14053739,1146623,Younes Taha,,51,17.8,30.7,0.0297,miss,left-foot,assisted,sofascore
14053739,1146623,Younes Taha,,48,12.3,33.3,0.0517,block,left-foot,assisted,sofascore
14053739,1413536,Thom van Bergen,,47,8.1,49.1,0.0869,miss,head,assisted,sofascore
14053739,1413536,Thom van Bergen,,45,11.4,64.6,0.0876,save,right-foot,regular,sofascore
14053739,909960,Mathis Suray,,41,7.7,49.5,0.5497,goal,right-foot,assisted,sofascore
14053739,909960,Mathis Suray,,41,9.7,30.1,0.0525,block,left-foot,assisted,sofascore
14053739,1424404,Jorg Schreuders,,36,13.9,57.7,0.2698,miss,right-foot,assisted,sofascore
14053739,1046722,Dean James,,18,20.7,44.8,0.0579,save,left-foot,assisted,sofascore
14053739,1046722,Dean James,,13,9.5,42.7,0.035,miss,head,assisted,sofascore
14053739,907520,Brynjólfur Darri Willumsson,,6,26.0,61.7,0.0282,miss,right-foot,regular,sofascore
14053740,610396,Joël Drommel,,90,66.3,34.6,0.0298,miss,right-foot,free-kick,sofascore
14053740,1155158,Oscar Gloukh,,90,14.1,39.9,0.0799,goal,right-foot,regular,sofascore
14053740,1403073,Don-Angelo Konadu,,90,9.5,43.6,0.0379,miss,head,assisted,sofascore
14053740,100386,Steven Berghuis,,90,19.1,62.4,0.0486,miss,left-foot,assisted,sofascore
14053740,1149146,Mika Godts,,90,21.9,36.4,0.0421,miss,right-foot,throw-in-set-piece,sofascore
14053740,795135,Pelle Clement,,86,7.3,46.2,0.1214,save,right-foot,corner,sofascore
14053740,946505,Lance Duijvestijn,,85,11.9,43.0,0.1391,save,right-foot,assisted,sofascore
14053740,99960,Jens Toornstra,,77,23.4,60.5,0.033,block,left-foot,corner,sofascore
14053740,252215,Wout Weghorst,,73,12.8,31.2,0.0289,goal,right-foot,assisted,sofascore
14053740,1001945,Kian Fitz-Jim,,71,9.9,31.7,0.0322,block,left-foot,assisted,sofascore
14053740,1648756,Ayoub Oufkir,,64,18.4,48.1,0.2832,miss,left-foot,fast-break,sofascore
14053740,1001945,Kian Fitz-Jim,,63,11.4,56.8,0.1,post,left-foot,corner,sofascore
14053740,1001945,Kian Fitz-Jim,,63,11.1,60.9,0.052,block,right-foot,corner,sofascore
14053740,1120315,Anton Gaaei,,60,19.5,64.3,0.0423,miss,right-foot,regular,sofascore
14053740,913584,Joshua Kitolano,,55,18.2,46.2,0.1203,goal,right-foot,regular,sofascore
14053740,827662,Mitchell Van Bergen,,52,9.2,45.8,0.1983,goal,right-foot,regular,sofascore
14053740,913584,Joshua Kitolano,,51,14.8,56.6,0.0703,miss,right-foot,regular,sofascore
14053740,827662,Mitchell Van Bergen,,49,13.5,29.5,0.0355,block,right-foot,assisted,sofascore
14053740,1001945,Kian Fitz-Jim,,47,21.2,62.2,0.026,miss,right-foot,corner,sofascore
14053740,1563462,Jorthy Mokio,,47,28.1,33.3,0.0142,block,left-foot,regular,sofascore
14053740,796943,Tobias Lauritsen,,45,11.5,50.0,0.7884,goal,right-foot,penalty,sofascore
14053740,252215,Wout Weghorst,,42,5.0,50.8,0.8839,goal,right-foot,assisted,sofascore
14053740,959806,Kenneth Taylor,,41,14.7,62.4,0.0615,block,left-foot,assisted,sofascore
14053740,1149146,Mika Godts,,32,17.5,60.5,0.0738,block,right-foot,assisted,sofascore
14053740,966299,Teo Quintero,,26,8.3,48.1,0.1081,miss,head,corner,sofascore
14053740,827662,Mitchell Van Bergen,,19,7.0,66.7,0.1157,miss,right-foot,assisted,sofascore
14053740,827662,Mitchell Van Bergen,,18,18.8,60.9,0.0819,block,left-foot,fast-break,sofascore
14053740,959806,Kenneth Taylor,,10,6.7,32.1,0.0378,save,left-foot,assisted,sofascore
14053740,970860,Lucas Rosa,,9,20.0,48.1,0.0923,block,left-foot,assisted,sofascore
14053740,97410,Davy Klaassen,,4,11.4,57.5,0.0563,miss,head,assisted,sofascore
14053740,827662,Mitchell Van Bergen,,2,21.2,73.6,0.0166,block,right-foot,corner,sofascore
14053741,1010846,Yassin Oukili,,90,12.6,65.4,0.0228,block,right-foot,corner,sofascore
14053741,989882,Ramiz Zerrouki,,89,8.6,39.5,0.0854,block,left-foot,assisted,sofascore
14053741,855847,Kaj Sierhuis,,88,23.7,33.6,0.0091,save,right-foot,corner,sofascore
14053741,855847,Kaj Sierhuis,,88,15.8,30.9,0.0224,miss,right-foot,corner,sofascore
14053741,366942,Kristoffer Peterson,,84,19.6,31.5,0.0543,block,right-foot,fast-break,sofascore
14053741,804901,Sam Lammers,,77,6.9,54.9,0.3895,post,right-foot,fast-break,sofascore
14053741,1160026,Kristian Hlynsson,,68,11.0,58.5,0.281,block,right-foot,assisted,sofascore
14053741,989586,Shawn Adewoye,,62,15.3,42.8,0.0088,miss,head,set-piece,sofascore
14053741,1160026,Kristian Hlynsson,,60,8.5,35.0,0.2082,goal,right-foot,assisted,sofascore
14053741,1048430,Daan Rots,,55,12.5,62.0,0.4191,goal,right-foot,fast-break,sofascore
14053741,1048430,Daan Rots,,52,15.8,56.2,0.135,miss,left-foot,assisted,sofascore
14053741,148615,Paul Gladon,,51,7.1,53.8,0.4036,save,right-foot,assisted,sofascore
14053741,804901,Sam Lammers,,45,5.4,47.2,0.6027,miss,right-foot,assisted,sofascore
14053741,148615,Paul Gladon,,45,8.5,53.0,0.057,save,head,corner,sofascore
14053741,946505,Lance Duijvestijn,,25,7.9,47.9,0.0964,miss,head,throw-in-set-piece,sofascore
14053741,1142678,Daouda Weidmann,,19,23.8,26.4,0.0223,miss,right-foot,assisted,sofascore
14053741,989882,Ramiz Zerrouki,,18,19.7,37.6,0.0346,miss,right-foot,throw-in-set-piece,sofascore
14053741,946505,Lance Duijvestijn,,15,13.5,42.7,0.1096,miss,left-foot,throw-in-set-piece,sofascore
14053741,946505,Lance Duijvestijn,,7,13.3,41.3,0.1147,save,right-foot,fast-break,sofascore
14053741,591044,Dimitris Limnios,,5,10.5,34.0,0.4023,goal,left-foot,assisted,sofascore
14053742,1105700,Yoann Cathline,,90,19.6,27.0,0.0122,miss,right-foot,assisted,sofascore
14053742,991679,Souffian El Karouani,,90,26.2,35.1,0.0391,miss,left-foot,free-kick,sofascore
14053742,855854,Dani De Wit,,90,7.1,51.5,0.1742,save,right-foot,assisted,sofascore
14053742,152414,Mike Van der Hoorn,,84,6.4,58.3,0.0602,block,head,set-piece,sofascore
14053742,845798,Guus Til,,81,27.2,52.2,0.0338,save,right-foot,assisted,sofascore
14053742,38710,Ivan Perišić,,76,2.6,41.1,0.1358,goal,head,corner,sofascore
14053742,1014118,Miguel Rodríguez,,72,7.9,60.9,0.0476,miss,head,assisted,sofascore
14053742,844234,Jerdy Schouten,,69,2.1,38.8,0.0499,miss,right-foot,corner,sofascore
14053742,845798,Guus Til,,68,16.3,64.9,0.0502,save,right-foot,assisted,sofascore
14053742,845798,Guus Til,,66,14.5,61.7,0.0588,save,right-foot,assisted,sofascore
14053742,1136110,Esmir Bajraktarević,,61,7.9,50.3,0.123,save,left-foot,regular,sofascore
14053742,1014118,Miguel Rodríguez,,58,12.9,76.1,0.0152,block,left-foot,set-piece,sofascore
14053742,906021,Sergiño Dest,,55,21.2,50.9,0.0419,miss,left-foot,corner,sofascore
14053742,986395,Ricardo Pepi,,52,6.9,54.0,0.5487,goal,right-foot,assisted,sofascore
14053742,1146018,Paul Wanner,,52,14.7,67.3,0.0402,save,left-foot,assisted,sofascore
14053742,1146018,Paul Wanner,,44,29.5,46.4,0.0198,miss,left-foot,assisted,sofascore
14053742,855854,Dani De Wit,,41,10.3,52.1,0.0409,miss,head,set-piece,sofascore
14053742,1105700,Yoann Cathline,,40,21.5,40.5,0.0264,block,right-foot,regular,sofascore
14053742,38710,Ivan Perišić,,37,14.6,36.3,0.0728,block,right-foot,assisted,sofascore
14053742,855854,Dani De Wit,,36,3.7,45.8,0.2345,miss,head,regular,sofascore
14053742,152414,Mike Van der Hoorn,,31,6.3,47.9,0.429,goal,head,assisted,sofascore
14053742,856648,Victor Jensen,,30,10.8,43.1,0.0417,miss,head,set-piece,sofascore
14053742,991679,Souffian El Karouani,,29,14.6,32.2,0.0501,save,left-foot,regular,sofascore
14053742,794990,Siebe Horemans,,29,14.8,70.5,0.0483,post,right-foot,assisted,sofascore
14053742,1014118,Miguel Rodríguez,,28,24.7,48.1,0.0207,block,left-foot,assisted,sofascore
14053742,152414,Mike Van der Hoorn,,20,18.4,47.2,0.067,miss,right-foot,assisted,sofascore
14053742,38710,Ivan Perišić,,13,15.1,31.0,0.0191,save,right-foot,assisted,sofascore
14053742,812145,Dennis Man,,11,19.9,49.9,0.0869,block,left-foot,regular,sofascore
14053742,1014118,Miguel Rodríguez,,6,13.2,67.6,0.0233,block,left-foot,assisted,sofascore
14053742,1014118,Miguel Rodríguez,,5,62.2,57.2,0.0122,miss,left-foot,fast-break,sofascore
14053742,812145,Dennis Man,,2,8.2,56.0,0.1052,block,left-foot,regular,sofascore
14053743,313264,Henk Veerman,,90,7.9,53.4,0.0935,miss,head,assisted,sofascore
14053743,313264,Henk Veerman,,90,7.8,45.3,0.2207,miss,right-foot,assisted,sofascore
14053743,1136902,Makan Aïko,,87,17.2,48.4,0.0944,block,right-foot,fast-break,sofascore
14053743,1511723,Nordin Bukala,,80,4.1,54.1,0.216,miss,left-foot,corner,sofascore
14053743,974020,Xavier Mbuyamba,,80,11.1,43.9,0.0183,miss,head,corner,sofascore
14053743,148615,Paul Gladon,,78,11.7,44.0,0.0379,save,head,assisted,sofascore
14053743,366942,Kristoffer Peterson,,58,6.6,33.3,0.0422,miss,right-foot,assisted,sofascore
14053743,366942,Kristoffer Peterson,,57,13.9,56.8,0.1041,miss,left-foot,assisted,sofascore
14053743,855847,Kaj Sierhuis,,53,21.5,37.6,0.0993,block,right-foot,free-kick,sofascore
14053743,855847,Kaj Sierhuis,,49,17.0,55.8,0.1791,miss,right-foot,fast-break,sofascore
14053743,2216656,Robin van Cruijsen,,45,12.6,60.3,0.0867,save,left-foot,regular,sofascore
14053743,1112604,Justin Hubner,,44,6.6,54.0,0.0883,miss,head,corner,sofascore
14053743,875673,Justin Lonwijk,,42,6.7,47.2,0.2914,miss,head,assisted,sofascore
14053743,366942,Kristoffer Peterson,,42,13.5,47.7,0.118,miss,right-foot,assisted,sofascore
14053743,855847,Kaj Sierhuis,,41,17.0,44.0,0.0226,block,right-foot,set-piece,sofascore
14053743,1048758,Jasper Dahlhaus,,35,13.8,34.2,0.0444,miss,right-foot,regular,sofascore
14053743,855847,Kaj Sierhuis,,33,11.4,63.8,0.0941,save,right-foot,assisted,sofascore
14053743,1523582,Nick Verschuren,,28,6.3,44.0,0.0819,miss,other,corner,sofascore
14053743,2216656,Robin van Cruijsen,,27,18.1,58.6,0.0477,block,left-foot,assisted,sofascore
14053743,252885,Brandley Kuwas,,27,11.7,59.7,0.0705,block,left-foot,assisted,sofascore
14053743,862479,Iván Márquez,,22,7.4,35.8,0.0321,block,right-foot,corner,sofascore
14053743,366942,Kristoffer Peterson,,16,15.7,42.1,0.0908,miss,right-foot,assisted,sofascore
14053743,875673,Justin Lonwijk,,8,7.3,53.0,0.2195,goal,left-foot,assisted,sofascore
14053743,875673,Justin Lonwijk,,4,16.3,66.2,0.0221,block,right-foot,regular,sofascore
14053744,827662,Mitchell Van Bergen,,90,13.9,48.9,0.6187,save,right-foot,fast-break,sofascore
14053744,544532,Bilal Ould-Chikh,,82,11.7,60.7,0.0623,block,left-foot,assisted,sofascore
14053744,796943,Tobias Lauritsen,,80,4.8,37.2,0.0806,miss,left-foot,regular,sofascore
14053744,796943,Tobias Lauritsen,,80,8.5,43.8,0.1191,block,left-foot,assisted,sofascore
14053744,827662,Mitchell Van Bergen,,79,26.2,33.1,0.0156,save,right-foot,assisted,sofascore
14053744,1481354,Precious Ugwu,,75,18.4,48.8,0.0527,block,left-foot,corner,sofascore
14053744,156676,Robert Mühren,,74,6.0,33.3,0.0583,save,left-foot,regular,sofascore
14053744,1095753,Gibson Yah,,69,15.3,55.5,0.0624,block,left-foot,assisted,sofascore
14053744,966299,Teo Quintero,,57,24.1,31.3,0.026,block,right-foot,assisted,sofascore
14053744,996982,Yannick Leliendal,,57,4.4,24.9,0.0114,save,left-foot,assisted,sofascore
14053744,827662,Mitchell Van Bergen,,53,4.8,64.4,0.0659,block,left-foot,assisted,sofascore
14053744,788971,Juninho Bacuna,,52,23.2,53.8,0.0367,save,right-foot,assisted,sofascore
14053744,385708,Vito van Crooij,,50,10.8,14.6,0.0117,miss,right-foot,corner,sofascore
14053744,1100399,Ozan Kökçü,,48,19.2,44.8,0.0335,block,right-foot,regular,sofascore
14053744,966299,Teo Quintero,,36,10.1,57.3,0.0527,save,head,set-piece,sofascore
14053744,796943,Tobias Lauritsen,,33,8.2,53.6,0.1311,goal,head,corner,sofascore
14053744,966299,Teo Quintero,,31,18.4,39.9,0.0679,save,left-foot,assisted,sofascore
14053744,544532,Bilal Ould-Chikh,,27,23.1,66.0,0.0337,block,left-foot,assisted,sofascore
14053744,1648751,Ayoni Santos,,27,18.8,45.2,0.0797,save,right-foot,assisted,sofascore
14053744,827662,Mitchell Van Bergen,,26,15.1,65.4,0.1001,miss,right-foot,fast-break,sofascore
14053744,827662,Mitchell Van Bergen,,20,23.4,68.9,0.0287,save,left-foot,assisted,sofascore
14053744,827662,Mitchell Van Bergen,,18,20.4,67.3,0.0959,miss,right-foot,fast-break,sofascore
14053744,1002479,Shunsuke Mito,,14,10.2,46.2,0.114,goal,left-foot,assisted,sofascore
14053744,385708,Vito van Crooij,,13,29.5,49.5,0.0185,save,right-foot,assisted,sofascore
14053745,1136110,Esmir Bajraktarević,,88,23.5,66.9,0.0207,block,left-foot,assisted,sofascore
14053745,1136110,Esmir Bajraktarević,,83,26.9,48.5,0.0196,miss,left-foot,assisted,sofascore
14053745,1886213,Noah Fernandez,,78,20.0,53.8,0.0404,block,left-foot,corner,sofascore
14053745,1014222,Kiliann Sildillia,,78,19.2,64.0,0.0596,block,right-foot,assisted,sofascore
14053745,1047395,Couhaib Driouech,,72,10.1,35.2,0.1165,save,right-foot,assisted,sofascore
14053745,1384483,Irakli Yegoian,,71,7.9,40.1,0.1269,miss,left-foot,corner,sofascore
14053745,812145,Dennis Man,,69,10.5,56.1,0.1972,goal,left-foot,assisted,sofascore
14053745,1893852,Jerolldino Bergraaf,,68,5.2,33.1,0.0429,miss,left-foot,assisted,sofascore
14053745,38710,Ivan Perišić,,68,9.0,40.6,0.0144,block,head,corner,sofascore
14053745,1046142,Derensili Sanches Fernandes,,66,25.7,68.3,0.0331,miss,left-foot,free-kick,sofascore
14053745,1384483,Irakli Yegoian,,60,16.1,63.6,0.052,save,right-foot,assisted,sofascore
14053745,1046142,Derensili Sanches Fernandes,,58,14.2,73.5,0.046,miss,left-foot,assisted,sofascore
14053745,899644,Ilias Bronkhorst,,45,9.2,40.5,0.0678,save,head,set-piece,sofascore
14053745,899644,Ilias Bronkhorst,,45,10.1,47.6,0.2674,goal,left-foot,assisted,sofascore
14053745,1046960,Ryan Flamingo,,39,8.0,50.7,0.1345,goal,head,corner,sofascore
14053745,38710,Ivan Perišić,,34,10.1,33.3,0.0735,miss,left-foot,regular,sofascore
14053745,1184317,Yarek Gasiorowski,,33,2.6,53.5,0.4883,goal,head,corner,sofascore
14053745,1047395,Couhaib Driouech,,28,15.1,28.9,0.0436,block,right-foot,fast-break,sofascore
14053745,986395,Ricardo Pepi,,23,3.2,48.1,0.916,goal,right-foot,assisted,sofascore
14053745,893499,Mauro Júnior,,18,17.4,30.4,0.0527,save,left-foot,fast-break,sofascore
14053745,986395,Ricardo Pepi,,11,10.1,69.3,0.0926,save,right-foot,assisted,sofascore
14053745,1146018,Paul Wanner,,8,12.5,56.1,0.3094,goal,left-foot,assisted,sofascore
14053745,812145,Dennis Man,,5,19.4,64.8,0.0574,post,left-foot,assisted,sofascore
14053745,1384483,Irakli Yegoian,,1,22.4,63.4,0.0402,miss,right-foot,assisted,sofascore
14053746,1046960,Ryan Flamingo,,90,7.4,52.6,0.101,goal,head,corner,sofascore
14053746,1047395,Couhaib Driouech,,87,20.0,37.8,0.0655,miss,right-foot,fast-break,sofascore
14053746,825838,Armando Obispo,,85,23.2,41.5,0.0327,save,left-foot,regular,sofascore
14053746,1063767,Ismael Saibari,,71,8.6,61.2,0.2468,block,left-foot,assisted,sofascore
14053746,845798,Guus Til,,70,12.3,72.8,0.0457,save,right-foot,assisted,sofascore
14053746,850816,Joey Veerman,,67,14.5,50.0,0.1426,goal,right-foot,assisted,sofascore
14053746,1063767,Ismael Saibari,,66,11.1,54.5,0.3897,save,right-foot,assisted,sofascore
14053746,812145,Dennis Man,,57,22.5,64.4,0.0374,miss,left-foot,assisted,sofascore
14053746,906021,Sergiño Dest,,53,20.9,45.8,0.0946,miss,left-foot,assisted,sofascore
14053746,850816,Joey Veerman,,49,22.9,30.3,0.0303,miss,right-foot,regular,sofascore
14053746,812145,Dennis Man,,40,10.5,63.0,0.1936,goal,left-foot,assisted,sofascore
14053746,1047395,Couhaib Driouech,,36,15.0,28.2,0.029,save,right-foot,assisted,sofascore
14053746,1063767,Ismael Saibari,,35,14.3,51.0,0.1662,miss,right-foot,assisted,sofascore
14053746,876233,Thijs Oosting,,33,21.3,59.9,0.0423,miss,left-foot,set-piece,sofascore
14053746,1047395,Couhaib Driouech,,29,8.3,38.9,0.1411,miss,left-foot,assisted,sofascore
14053746,1063767,Ismael Saibari,,28,24.0,49.6,0.0291,miss,right-foot,assisted,sofascore
14053746,1063767,Ismael Saibari,,23,8.2,47.9,0.2831,goal,right-foot,assisted,sofascore
14053746,961684,Anass Salah-Eddine,,21,16.4,34.0,0.0221,block,left-foot,assisted,sofascore
14053746,815080,Jamiro Monteiro,,20,26.1,31.2,0.0203,miss,right-foot,assisted,sofascore
14053746,815080,Jamiro Monteiro,,19,12.3,17.0,0.0396,miss,right-foot,free-kick,sofascore
14053746,927605,Kaj de Rooij,,15,4.6,32.5,0.041,block,right-foot,regular,sofascore
14053746,844234,Jerdy Schouten,,11,8.2,60.9,0.0966,miss,right-foot,corner,sofascore
14053747,795135,Pelle Clement,,88,11.1,36.8,0.0941,goal,right-foot,assisted,sofascore
14053747,795135,Pelle Clement,,87,18.3,47.6,0.1246,save,right-foot,fast-break,sofascore
14053747,796943,Tobias Lauritsen,,86,9.3,39.9,0.0471,block,left-foot,corner,sofascore
14053747,998999,Luka Kulenović,,81,19.5,59.1,0.0587,save,right-foot,assisted,sofascore
14053747,1002479,Shunsuke Mito,,81,24.6,67.3,0.0277,save,right-foot,assisted,sofascore
14053747,827662,Mitchell Van Bergen,,79,16.3,53.2,0.0516,save,left-foot,assisted,sofascore
14053747,1046143,Julian Baas,,76,23.2,46.9,0.0448,miss,right-foot,assisted,sofascore
14053747,827662,Mitchell Van Bergen,,75,9.2,65.0,0.4215,save,right-foot,fast-break,sofascore
14053747,1130308,Mimeirhel Benita,,74,7.0,66.7,0.1082,save,right-foot,assisted,sofascore
14053747,796943,Tobias Lauritsen,,62,13.9,50.9,0.1837,miss,right-foot,assisted,sofascore
14053747,827662,Mitchell Van Bergen,,57,14.3,73.8,0.0371,block,right-foot,fast-break,sofascore
14053747,966299,Teo Quintero,,54,23.5,67.8,0.0508,block,left-foot,free-kick,sofascore
14053747,1118181,Lequincio Zeefuik,,51,7.3,46.8,0.1175,miss,head,assisted,sofascore
14053747,1066450,Walid Ould-Chikh,,50,23.1,43.8,0.0135,miss,right-foot,corner,sofascore
14053747,913584,Joshua Kitolano,,48,10.6,54.6,0.1091,miss,right-foot,regular,sofascore
14053747,1648751,Ayoni Santos,,48,16.3,64.2,0.0605,block,left-foot,regular,sofascore
14053747,1648751,Ayoni Santos,,45,13.2,51.3,0.2045,save,right-foot,assisted,sofascore
14053747,980742,Erik Ahlstrand,,34,24.1,62.0,0.0375,block,left-foot,fast-break,sofascore
14053747,1046143,Julian Baas,,30,19.1,63.9,0.0375,miss,right-foot,assisted,sofascore
14053747,827662,Mitchell Van Bergen,,30,12.2,70.9,0.0313,save,right-foot,fast-break,sofascore
14053747,1960315,Lushendry Edward Martes,,29,18.8,63.6,0.0699,miss,left-foot,fast-break,sofascore
14053747,827662,Mitchell Van Bergen,,21,24.6,49.5,0.0516,block,left-foot,assisted,sofascore
14053747,827662,Mitchell Van Bergen,,17,14.2,29.1,0.0309,block,right-foot,assisted,sofascore
14053747,827662,Mitchell Van Bergen,,16,20.6,34.7,0.0233,block,right-foot,corner,sofascore
14053747,796943,Tobias Lauritsen,,10,10.5,54.0,0.416,goal,right-foot,assisted,sofascore
14053747,1002479,Shunsuke Mito,,10,4.3,40.6,0.2837,save,left-foot,assisted,sofascore
14053747,1118181,Lequincio Zeefuik,,10,12.8,59.5,0.0676,miss,right-foot,assisted,sofascore
14053747,796943,Tobias Lauritsen,,3,9.9,50.1,0.0578,block,head,set-piece,sofascore
14053748,1028070,Lasse Selvåg Nordås,,90,14.2,50.3,0.2229,save,right-foot,fast-break,sofascore
14053748,958317,Youssef el Kachati,,88,1.8,63.2,0.0281,miss,head,corner,sofascore
14053748,958317,Youssef el Kachati,,87,13.8,67.9,0.0402,save,right-foot,assisted,sofascore
14053748,1214957,Noe Lebreton,,82,12.5,24.6,0.0362,save,right-foot,regular,sofascore
14053748,958317,Youssef el Kachati,,79,4.4,53.1,0.3967,miss,head,assisted,sofascore
14053748,1193676,Başar Önal,,74,18.2,22.2,0.0182,save,right-foot,assisted,sofascore
14053748,1184054,Kodai Sano,,72,19.6,50.4,0.0576,save,left-foot,assisted,sofascore
14053748,958317,Youssef el Kachati,,72,14.2,68.5,0.0608,save,right-foot,fast-break,sofascore
14053748,1394147,Sami Ouaissa,,62,11.5,70.4,0.0395,block,right-foot,throw-in-set-piece,sofascore
14053748,1394147,Sami Ouaissa,,62,10.8,52.1,0.1511,save,left-foot,throw-in-set-piece,sofascore
14053748,35208,Tjaronn Chery,,57,23.8,55.9,0.0339,goal,left-foot,assisted,sofascore
14053748,897603,Darko Nejašmić,,56,25.2,51.0,0.027,miss,right-foot,regular,sofascore
14053748,1028070,Lasse Selvåg Nordås,,52,15.5,37.4,0.1388,save,left-foot,fast-break,sofascore
14053748,47753,Bryan Linssen,,52,6.0,69.1,0.0257,block,right-foot,assisted,sofascore
14053748,992018,Ringo Meerveld,,51,9.7,39.5,0.2212,miss,right-foot,assisted,sofascore
14053748,825843,Dylan Vente,,50,3.2,55.7,0.2227,block,right-foot,regular,sofascore
14053748,35208,Tjaronn Chery,,50,13.1,74.4,0.0251,miss,left-foot,regular,sofascore
14053748,825843,Dylan Vente,,46,2.9,31.4,0.0378,miss,left-foot,assisted,sofascore
14053748,992018,Ringo Meerveld,,45,13.0,68.8,0.152,goal,right-foot,fast-break,sofascore
14053748,1214957,Noe Lebreton,,40,25.2,53.7,0.0617,block,right-foot,fast-break,sofascore
14053748,1015627,Jacob Trenskow,,37,9.6,51.0,0.4352,goal,left-foot,assisted,sofascore
14053748,35208,Tjaronn Chery,,33,3.5,66.6,0.0597,miss,right-foot,regular,sofascore
14053748,47753,Bryan Linssen,,30,14.6,48.6,0.5803,miss,right-foot,fast-break,sofascore
14053748,1028070,Lasse Selvåg Nordås,,28,4.2,42.9,0.147,miss,head,regular,sofascore
14053748,1064426,Vasilios Zagaritis,,26,18.4,30.0,0.0115,block,left-foot,corner,sofascore
14053748,847072,Sam Kersten,,25,31.4,52.6,0.0162,save,right-foot,regular,sofascore
14053748,825843,Dylan Vente,,24,18.0,62.7,0.028,block,right-foot,assisted,sofascore
14053748,47753,Bryan Linssen,,21,11.4,60.0,0.2422,miss,right-foot,fast-break,sofascore
14053748,35208,Tjaronn Chery,,19,1.7,56.6,0.1972,goal,right-foot,regular,sofascore
14053748,1214957,Noe Lebreton,,19,17.6,46.8,0.0809,save,right-foot,assisted,sofascore
14053748,35208,Tjaronn Chery,,15,24.8,57.9,0.0281,save,left-foot,assisted,sofascore
14053748,1184054,Kodai Sano,,2,16.6,57.0,0.0613,block,right-foot,corner,sofascore
14053748,35208,Tjaronn Chery,,1,18.4,71.1,0.0406,block,left-foot,assisted,sofascore
14053749,847072,Sam Kersten,,90,27.2,57.3,0.0334,goal,right-foot,assisted,sofascore
14053749,1015627,Jacob Trenskow,,90,20.4,46.3,0.0349,miss,left-foot,corner,sofascore
14053749,825843,Dylan Vente,,89,11.5,50.0,0.7884,goal,right-foot,penalty,sofascore
14053749,1019892,Stefan Mitrović,,85,18.5,50.7,0.1336,miss,left-foot,fast-break,sofascore
14053749,1627623,Marcus Linday,,84,19.7,43.2,0.0569,block,right-foot,assisted,sofascore
14053749,138842,Joris van Overeem,,77,25.3,65.2,0.018,miss,right-foot,corner,sofascore
14053749,1132765,Maas Willemsen,,62,20.1,43.2,0.0579,block,right-foot,assisted,sofascore
14053749,1014408,Maxence Rivera,,58,6.8,33.4,0.0429,block,right-foot,assisted,sofascore
14053749,1150061,Oliver Braude,,56,20.7,66.2,0.0514,miss,right-foot,assisted,sofascore
14053749,1126966,Gyan de Regt,,54,15.7,50.8,0.1522,block,right-foot,fast-break,sofascore
14053749,794014,Luuk Brouwers,,51,17.9,53.4,0.0065,save,right-foot,assisted,sofascore
14053749,992018,Ringo Meerveld,,50,27.1,32.5,0.0625,miss,right-foot,assisted,sofascore
14053749,1015627,Jacob Trenskow,,45,11.1,53.9,0.0935,miss,left-foot,assisted,sofascore
14053749,910053,Arthur Zagre,,44,12.3,37.8,0.0451,block,left-foot,assisted,sofascore
14053749,1015627,Jacob Trenskow,,44,11.1,40.1,0.1505,miss,left-foot,assisted,sofascore
14053749,1627623,Marcus Linday,,42,19.5,49.3,0.0194,miss,right-foot,set-piece,sofascore
14053749,1009285,Szymon Włodarczyk,,40,21.9,55.5,0.0796,miss,left-foot,fast-break,sofascore
14053749,1014408,Maxence Rivera,,39,12.2,31.6,0.0741,save,right-foot,assisted,sofascore
14053749,1627623,Marcus Linday,,36,24.0,49.7,0.0302,miss,right-foot,assisted,sofascore
14053749,794014,Luuk Brouwers,,36,22.1,48.5,0.0407,post,right-foot,assisted,sofascore
14053749,1046142,Derensili Sanches Fernandes,,32,18.7,68.9,0.0099,save,left-foot,fast-break,sofascore
14053749,794014,Luuk Brouwers,,25,7.0,55.0,0.2921,miss,left-foot,set-piece,sofascore
14053749,1046142,Derensili Sanches Fernandes,,24,14.5,61.7,0.0306,block,left-foot,assisted,sofascore
14053749,825843,Dylan Vente,,20,13.4,50.8,0.0844,block,right-foot,regular,sofascore
14053749,825843,Dylan Vente,,13,3.3,37.8,0.0693,block,left-foot,assisted,sofascore
14053749,1384483,Irakli Yegoian,,13,12.5,46.9,0.0292,block,left-foot,regular,sofascore
14053749,1384483,Irakli Yegoian,,13,19.8,51.1,0.0605,block,right-foot,regular,sofascore
14053749,1384483,Irakli Yegoian,,11,2.6,51.9,0.0328,goal,right-foot,regular,sofascore
14053750,1403090,Rayane Bounida,,90,10.7,58.3,0.1775,block,left-foot,assisted,sofascore
14053750,1403090,Rayane Bounida,,90,19.7,43.4,0.0733,miss,right-foot,assisted,sofascore
14053750,1403090,Rayane Bounida,,90,22.9,50.2,0.0233,save,left-foot,assisted,sofascore
14053750,1403073,Don-Angelo Konadu,,86,4.5,54.0,0.1654,miss,head,corner,sofascore
14053750,1149146,Mika Godts,,86,3.0,36.6,0.046,block,left-foot,regular,sofascore
14053750,1403073,Don-Angelo Konadu,,86,11.9,71.6,0.0221,save,right-foot,assisted,sofascore
14053750,302690,Danny Bakker,,84,4.6,46.8,0.2294,goal,head,corner,sofascore
14053750,385300,Jeff Hardeveld,,83,8.0,31.5,0.0322,save,left-foot,regular,sofascore
14053750,1000228,Youri Baas,,78,5.2,42.5,,goal,left-foot,regular,sofascore
14053750,1150154,Nils Rossen,,74,7.4,39.2,0.0905,block,left-foot,assisted,sofascore
14053750,1000228,Youri Baas,,72,5.4,54.5,0.1291,goal,head,corner,sofascore
14053750,795761,Kasper Dolberg,,71,14.9,62.7,0.0376,block,right-foot,assisted,sofascore
14053750,970860,Lucas Rosa,,66,20.1,51.1,0.0955,block,right-foot,assisted,sofascore
14053750,1418395,Neville Nwankwo,,57,5.1,43.8,0.0938,miss,head,corner,sofascore
14053750,302690,Danny Bakker,,48,7.6,51.9,0.0882,save,head,corner,sofascore
14053750,302690,Danny Bakker,,48,1.5,59.1,0.0588,block,head,corner,sofascore
14053750,1149146,Mika Godts,,45,12.3,39.6,0.1336,save,right-foot,assisted,sofascore
14053750,1149146,Mika Godts,,43,16.0,45.8,0.1944,save,right-foot,fast-break,sofascore
14053750,795761,Kasper Dolberg,,38,11.3,70.5,0.0663,save,right-foot,fast-break,sofascore
14053750,1418395,Neville Nwankwo,,27,5.0,48.8,0.1723,block,head,corner,sofascore
14053750,795761,Kasper Dolberg,,23,6.9,52.1,0.4217,save,right-foot,assisted,sofascore
14053750,1155158,Oscar Gloukh,,17,19.5,61.1,0.0323,save,left-foot,regular,sofascore
14053750,1149146,Mika Godts,,14,4.5,31.2,0.0897,goal,right-foot,assisted,sofascore
14053750,1155158,Oscar Gloukh,,11,14.0,69.6,0.0359,goal,right-foot,assisted,sofascore
14053751,1548834,Sem van Duijn,,90,18.2,49.9,0.0477,block,right-foot,regular,sofascore
14053751,1014222,Kiliann Sildillia,,90,8.8,42.3,0.0291,block,head,corner,sofascore
14053751,1047395,Couhaib Driouech,,90,21.9,55.0,0.0442,block,left-foot,assisted,sofascore
14053751,1063767,Ismael Saibari,,90,20.1,62.6,0.0195,block,left-foot,corner,sofascore
14053751,1046960,Ryan Flamingo,,90,12.6,48.7,0.0427,miss,right-foot,corner,sofascore
14053751,1047395,Couhaib Driouech,,87,22.2,50.5,0.0485,block,right-foot,assisted,sofascore
14053751,856744,Myron Boadu,,86,8.5,45.6,0.2567,save,right-foot,set-piece,sofascore
14053751,302690,Danny Bakker,,84,8.5,44.4,0.061,miss,head,corner,sofascore
14053751,1469336,Tyrese Noslin,,83,12.0,68.3,0.0919,save,right-foot,assisted,sofascore
14053751,1469336,Tyrese Noslin,,81,13.3,39.1,0.0372,miss,left-foot,throw-in-set-piece,sofascore
14053751,860158,Kay Tejan,,74,8.4,47.2,0.2116,goal,right-foot,throw-in-set-piece,sofascore
14053751,1638564,Cedric Hatenboer,,71,21.6,32.1,0.0216,save,right-foot,assisted,sofascore
14053751,1548838,Soufiane Hetli,,71,10.5,59.7,0.0652,save,left-foot,assisted,sofascore
14053751,893499,Mauro Júnior,,69,18.9,32.7,0.0428,miss,left-foot,regular,sofascore
14053751,1548834,Sem van Duijn,,66,19.1,38.3,0.0302,goal,right-foot,assisted,sofascore
14053751,1063767,Ismael Saibari,,63,23.2,41.1,0.0301,save,right-foot,assisted,sofascore
14053751,1548834,Sem van Duijn,,62,10.1,60.1,0.4643,save,right-foot,assisted,sofascore
14053751,1469336,Tyrese Noslin,,61,16.9,55.6,0.0503,save,left-foot,assisted,sofascore
14053751,1047395,Couhaib Driouech,,55,20.1,56.6,0.0473,miss,right-foot,throw-in-set-piece,sofascore
14053751,1046960,Ryan Flamingo,,54,8.0,50.9,0.1621,miss,head,set-piece,sofascore
14053751,1638564,Cedric Hatenboer,,52,22.5,40.9,0.0293,miss,right-foot,assisted,sofascore
14053751,1046960,Ryan Flamingo,,50,2.4,42.8,0.1736,miss,head,corner,sofascore
14053751,1047395,Couhaib Driouech,,50,12.5,36.2,0.1434,save,right-foot,fast-break,sofascore
14053751,1014222,Kiliann Sildillia,,47,5.8,47.9,0.1424,goal,head,corner,sofascore
14053751,1066319,Patrick Brouwer,,45,2.6,45.4,0.5547,goal,left-foot,set-piece,sofascore
14053751,825838,Armando Obispo,,37,3.9,57.5,0.0922,save,head,corner,sofascore
14053751,1548838,Soufiane Hetli,,35,25.1,46.8,0.0174,miss,right-foot,assisted,sofascore
14053751,38710,Ivan Perišić,,23,10.7,40.1,0.0507,save,right-foot,regular,sofascore
14053751,1063767,Ismael Saibari,,15,13.2,31.7,0.0626,save,left-foot,assisted,sofascore
14053751,1063767,Ismael Saibari,,8,14.5,34.8,0.0458,miss,right-foot,assisted,sofascore
14053751,1014222,Kiliann Sildillia,,6,4.2,56.4,0.1188,save,head,corner,sofascore
14053752,788284,Ajdin Hrustić,,90,23.1,38.3,0.0611,block,left-foot,free-kick,sofascore
14053752,945233,Thomas Van den Belt,,84,21.8,38.0,0.0541,goal,right-foot,assisted,sofascore
14053752,984880,Jannes Wieckhoff,,83,21.5,71.1,0.0231,miss,right-foot,assisted,sofascore
14053752,132674,Mario Engels,,82,9.2,43.1,0.085,block,left-foot,regular,sofascore
14053752,1066450,Walid Ould-Chikh,,82,2.0,31.8,0.023,block,right-foot,assisted,sofascore
14053752,989882,Ramiz Zerrouki,,74,25.4,31.9,0.0244,block,right-foot,assisted,sofascore
14053752,945233,Thomas Van den Belt,,69,18.3,48.2,0.0834,save,right-foot,assisted,sofascore
14053752,1200962,Sondre Ørjasæter,,68,12.2,34.8,0.0381,block,right-foot,assisted,sofascore
14053752,1387012,Mats Rots,,66,20.2,35.7,0.0365,miss,left-foot,assisted,sofascore
14053752,1160026,Kristian Hlynsson,,65,12.2,68.1,0.0171,miss,right-foot,regular,sofascore
14053752,914392,Jizz Hornkamp,,60,8.8,56.1,0.0552,miss,head,assisted,sofascore
14053752,1048430,Daan Rots,,59,23.1,59.0,0.0326,miss,left-foot,assisted,sofascore
14053752,1160026,Kristian Hlynsson,,54,25.4,50.9,0.0266,save,right-foot,assisted,sofascore
14053752,1200962,Sondre Ørjasæter,,52,13.3,52.5,0.2117,post,right-foot,assisted,sofascore
14053752,1091627,Max Bruns,,48,3.3,53.7,0.2157,goal,head,corner,sofascore
14053752,946506,Bart van Rooij,,45,15.6,67.3,0.0194,block,left-foot,assisted,sofascore
14053752,1160026,Kristian Hlynsson,,45,3.3,64.6,0.0612,save,right-foot,corner,sofascore
14053752,945233,Thomas Van den Belt,,45,19.7,38.2,0.0463,miss,left-foot,assisted,sofascore
14053752,918484,Ivan Mesík,,43,4.8,48.4,0.1968,goal,head,corner,sofascore
14053752,788284,Ajdin Hrustić,,39,14.4,66.5,0.0658,save,left-foot,assisted,sofascore
14053752,1200962,Sondre Ørjasæter,,36,20.0,41.2,0.0509,save,right-foot,assisted,sofascore
14053752,35193,Ricky van Wolfswinkel,,35,18.4,44.8,0.0697,save,right-foot,assisted,sofascore
14053752,946506,Bart van Rooij,,32,20.6,68.2,0.0325,miss,right-foot,fast-break,sofascore
14053752,1160026,Kristian Hlynsson,,26,21.7,42.2,0.0459,save,right-foot,assisted,sofascore
14053752,35193,Ricky van Wolfswinkel,,25,14.4,46.0,0.151,miss,right-foot,assisted,sofascore
14053752,1200962,Sondre Ørjasæter,,20,11.8,41.9,0.0373,miss,head,assisted,sofascore
14053752,1160026,Kristian Hlynsson,,12,8.1,29.7,0.0451,save,right-foot,set-piece,sofascore
14053752,1200962,Sondre Ørjasæter,,2,18.1,35.7,0.0481,miss,right-foot,assisted,sofascore
14053754,35208,Tjaronn Chery,,90,23.1,60.5,0.035,miss,left-foot,assisted,sofascore
14053754,940647,Danilo,,88,8.1,46.2,0.0756,save,head,corner,sofascore
14053754,150494,Mike van Duinen,,84,9.1,43.6,0.0454,miss,head,assisted,sofascore
14053754,1394147,Sami Ouaissa,,78,18.4,69.3,0.0197,miss,left-foot,assisted,sofascore
14053754,910053,Arthur Zagre,,73,15.3,37.2,0.0341,miss,left-foot,throw-in-set-piece,sofascore
14053754,1193676,Başar Önal,,71,11.0,62.8,0.3073,goal,right-foot,assisted,sofascore
14053754,1126966,Gyan de Regt,,67,9.1,29.5,0.0348,save,left-foot,fast-break,sofascore
14053754,1394147,Sami Ouaissa,,65,13.9,73.0,0.03,miss,left-foot,regular,sofascore
14053754,1046142,Derensili Sanches Fernandes,,63,23.5,67.7,0.0323,save,left-foot,assisted,sofascore
14053754,1394147,Sami Ouaissa,,61,27.1,47.0,0.0137,save,left-foot,assisted,sofascore
14053754,1126966,Gyan de Regt,,57,7.9,50.9,0.2174,save,head,throw-in-set-piece,sofascore
14053754,910053,Arthur Zagre,,57,24.3,38.3,0.0119,block,left-foot,throw-in-set-piece,sofascore
14053754,47753,Bryan Linssen,,50,7.4,58.3,0.092,miss,right-foot,regular,sofascore
14053754,35208,Tjaronn Chery,,33,7.3,26.5,0.0167,block,left-foot,assisted,sofascore
14053754,47753,Bryan Linssen,,30,1.8,42.1,0.4901,goal,right-foot,assisted,sofascore
14053754,1126966,Gyan de Regt,,29,11.4,38.5,0.2339,save,right-foot,assisted,sofascore
14053754,1126966,Gyan de Regt,,16,10.7,48.8,0.1066,block,right-foot,assisted,sofascore
14053754,1394147,Sami Ouaissa,,13,14.8,56.6,0.0921,save,left-foot,assisted,sofascore
14053754,127846,Eli Dasa,,10,21.4,67.9,0.0228,block,left-foot,assisted,sofascore
14053754,1184054,Kodai Sano,,2,20.3,65.2,0.0537,miss,right-foot,assisted,sofascore
14053755,1211982,Miliano Jonathans,,90,22.0,57.0,0.0323,miss,left-foot,throw-in-set-piece,sofascore
14053755,985823,Ayase Ueda,,88,8.7,51.4,0.4768,goal,right-foot,assisted,sofascore
14053755,942213,Tsuyoshi Watanabe,,85,6.1,41.3,0.0462,miss,head,corner,sofascore
14053755,1150938,Leo Sauer,,85,2.8,33.0,0.0621,save,left-foot,fast-break,sofascore
14053755,946561,Derry Murkin,,83,17.8,70.6,0.0303,goal,left-foot,assisted,sofascore
14053755,934249,Can Bozdoğan,,80,17.6,47.4,0.0625,miss,left-foot,assisted,sofascore
14053755,1433802,Gjivai Zechiël,,80,11.6,53.8,0.0921,block,right-foot,assisted,sofascore
14053755,889689,Hwang In-beom,,71,21.6,49.1,0.0306,block,right-foot,assisted,sofascore
14053755,1211982,Miliano Jonathans,,67,14.2,67.1,0.0234,block,left-foot,assisted,sofascore
14053755,1214695,Adrian Blake,,66,14.5,30.7,0.0581,miss,right-foot,regular,sofascore
14053755,1214695,Adrian Blake,,64,17.8,60.3,0.0344,save,right-foot,assisted,sofascore
14053755,1388535,Givairo Read,,60,6.7,67.6,0.0749,save,right-foot,assisted,sofascore
14053755,1214695,Adrian Blake,,55,23.8,33.3,0.0147,miss,right-foot,assisted,sofascore
14053755,944467,Sem Steijn,,54,6.5,46.5,0.3695,miss,head,assisted,sofascore
14053755,1388535,Givairo Read,,52,22.7,55.5,0.0237,miss,right-foot,corner,sofascore
14053755,944467,Sem Steijn,,50,9.4,50.8,0.2827,goal,left-foot,regular,sofascore
14053755,944467,Sem Steijn,,50,10.5,56.0,0.1445,block,right-foot,regular,sofascore
14053755,1433802,Gjivai Zechiël,,47,18.2,54.0,0.067,goal,right-foot,assisted,sofascore
14053755,1433802,Gjivai Zechiël,,44,16.0,36.4,0.0744,save,right-foot,assisted,sofascore
14053755,1218066,Anis Hadj Moussa,,43,12.8,64.0,0.0408,block,left-foot,assisted,sofascore
14053755,985823,Ayase Ueda,,40,12.6,36.8,0.1023,save,right-foot,assisted,sofascore
14053755,1121400,Luciano Valente,,37,12.3,34.9,0.0623,block,right-foot,assisted,sofascore
14053755,985823,Ayase Ueda,,35,13.2,47.9,0.0308,miss,head,assisted,sofascore
14053755,944467,Sem Steijn,,33,9.5,42.3,0.0417,block,left-foot,corner,sofascore
14053755,942213,Tsuyoshi Watanabe,,33,9.2,45.6,0.2404,save,right-foot,corner,sofascore
14053755,1095731,Oussama Targhalline,,33,23.1,63.6,0.0205,save,right-foot,corner,sofascore
14053755,985823,Ayase Ueda,,32,10.2,64.4,0.409,miss,right-foot,fast-break,sofascore
14053755,1150938,Leo Sauer,,29,26.0,31.3,0.015,save,right-foot,assisted,sofascore
14053755,985823,Ayase Ueda,,20,10.7,68.7,0.6155,goal,right-foot,assisted,sofascore
14053755,985823,Ayase Ueda,,19,18.8,33.0,0.0523,save,left-foot,assisted,sofascore
14053755,1144138,Jordan Bos,,17,7.3,43.2,0.2392,miss,right-foot,assisted,sofascore
14053755,1150938,Leo Sauer,,5,10.8,30.4,0.0374,block,right-foot,assisted,sofascore
14053756,1112604,Justin Hubner,,90,2.7,46.0,0.6421,goal,left-foot,assisted,sofascore
14053756,2025660,Amin Laoukili,,90,14.7,39.7,0.0122,save,head,assisted,sofascore
14053756,909960,Mathis Suray,,86,4.0,45.2,0.315,goal,head,regular,sofascore
14053756,909960,Mathis Suray,,78,17.9,48.7,0.0968,miss,right-foot,regular,sofascore
14053756,929633,Mohamed Ihattaren,,77,17.0,64.4,0.0318,post,left-foot,assisted,sofascore
14053756,909960,Mathis Suray,,77,16.9,69.7,0.0375,block,right-foot,assisted,sofascore
14053756,964766,Thibo Baeten,,76,18.5,71.4,0.0133,save,left-foot,assisted,sofascore
14053756,1199214,Milan Smit,,74,6.1,65.6,0.0406,miss,right-foot,assisted,sofascore
14053756,841420,Victor Edvardsen,,74,14.2,59.3,0.0479,block,right-foot,assisted,sofascore
14053756,916947,Kenzo Goudmijn,,64,20.9,36.4,0.0531,save,right-foot,assisted,sofascore
14053756,855847,Kaj Sierhuis,,63,7.0,51.7,0.1228,save,head,assisted,sofascore
14053756,1199214,Milan Smit,,60,12.3,63.3,0.089,save,right-foot,fast-break,sofascore
14053756,1199214,Milan Smit,,59,26.2,38.2,0.0265,miss,right-foot,assisted,sofascore
14053756,591044,Dimitris Limnios,,57,10.2,64.8,0.0484,block,right-foot,assisted,sofascore
14053756,1218004,Jaden Slory,,56,15.9,52.2,0.0289,block,right-foot,corner,sofascore
14053756,1218004,Jaden Slory,,56,19.1,53.8,0.0245,block,right-foot,corner,sofascore
14053756,1199214,Milan Smit,,53,8.6,55.8,0.0733,miss,head,corner,sofascore
14053756,1218004,Jaden Slory,,52,21.3,70.7,0.0133,block,left-foot,assisted,sofascore
14053756,855847,Kaj Sierhuis,,47,26.6,45.5,0.0079,miss,right-foot,regular,sofascore
14053756,909960,Mathis Suray,,45,8.3,54.5,0.2848,goal,right-foot,assisted,sofascore
14053756,909960,Mathis Suray,,44,10.1,49.9,0.0661,save,head,corner,sofascore
14053756,855847,Kaj Sierhuis,,43,16.9,53.4,0.0503,block,left-foot,assisted,sofascore
14053756,916947,Kenzo Goudmijn,,42,22.3,55.6,0.0697,miss,right-foot,assisted,sofascore
14053756,366942,Kristoffer Peterson,,36,10.0,19.6,0.0184,goal,right-foot,assisted,sofascore
14053756,929633,Mohamed Ihattaren,,34,11.2,68.0,0.0409,block,right-foot,fast-break,sofascore
14053756,929633,Mohamed Ihattaren,,31,13.6,74.0,0.0266,save,left-foot,assisted,sofascore
14053756,1199214,Milan Smit,,28,10.4,49.3,0.0545,miss,head,assisted,sofascore
14053756,916947,Kenzo Goudmijn,,28,24.6,63.1,0.0177,block,right-foot,assisted,sofascore
14053756,929633,Mohamed Ihattaren,,22,23.3,74.9,0.0221,miss,left-foot,assisted,sofascore
14053756,916947,Kenzo Goudmijn,,20,23.1,32.5,0.0234,miss,right-foot,assisted,sofascore
14053756,909960,Mathis Suray,,17,12.9,35.7,0.1524,save,left-foot,fast-break,sofascore
14053756,1199214,Milan Smit,,17,27.0,82.9,0.013,miss,right-foot,assisted,sofascore
14053756,855847,Kaj Sierhuis,,16,23.5,51.5,0.0361,miss,right-foot,assisted,sofascore
14053756,916947,Kenzo Goudmijn,,5,19.5,37.0,0.0274,block,right-foot,corner,sofascore
14053756,909960,Mathis Suray,,5,23.9,39.4,0.0602,save,right-foot,free-kick,sofascore
14053757,966555,Troy Parrott,,90,10.5,47.2,0.0599,save,left-foot,corner,sofascore
14053757,966555,Troy Parrott,,90,10.7,54.2,0.082,block,right-foot,corner,sofascore
14053757,1137227,Milan Zonneveld,,90,6.7,49.9,0.148,miss,head,corner,sofascore
14053757,1137227,Milan Zonneveld,,90,13.9,66.7,0.2096,save,right-foot,fast-break,sofascore
14053757,1150154,Nils Rossen,,87,18.9,47.2,0.0848,block,right-foot,regular,sofascore
14053757,581080,Mohamed Hamdaoui,,87,11.4,43.4,0.0921,block,right-foot,assisted,sofascore
14053757,1148468,Weslley Patati,,78,7.9,37.6,0.0855,save,left-foot,assisted,sofascore
14053757,1148468,Weslley Patati,,76,25.9,55.3,0.0266,miss,left-foot,assisted,sofascore
14053757,1137227,Milan Zonneveld,,68,6.7,61.3,0.1056,miss,head,assisted,sofascore
14053757,860158,Kay Tejan,,65,26.5,80.3,0.0046,miss,left-foot,set-piece,sofascore
14053757,1153117,Mexx Meerdink,,63,7.8,42.1,0.0955,save,left-foot,assisted,sofascore
14053757,1047396,Guus Offerhaus,,63,26.5,72.6,0.013,save,right-foot,assisted,sofascore
14053757,1469336,Tyrese Noslin,,61,12.7,52.6,0.1847,goal,left-foot,assisted,sofascore
14053757,860158,Kay Tejan,,60,13.1,58.6,0.127,miss,left-foot,assisted,sofascore
14053757,1087931,Isak Steiner Jensen,,57,13.2,48.3,0.1707,miss,right-foot,assisted,sofascore
14053757,1405756,Kees Smit,,51,15.3,70.7,0.0298,block,right-foot,assisted,sofascore
14053757,1004278,Alexandre Penetra,,51,10.4,47.0,0.0288,miss,head,corner,sofascore
14053757,1170900,Matěj Šín,,50,14.5,55.2,0.1163,save,left-foot,regular,sofascore
14053757,1548838,Soufiane Hetli,,49,17.0,32.7,0.0358,miss,right-foot,assisted,sofascore
14053757,1170900,Matěj Šín,,45,3.3,49.3,0.5649,goal,left-foot,regular,sofascore
14053757,1170900,Matěj Šín,,45,12.2,60.1,0.1473,block,left-foot,assisted,sofascore
14053757,1087931,Isak Steiner Jensen,,45,12.5,34.4,0.0708,save,right-foot,fast-break,sofascore
14053757,980671,Sven Mijnans,,43,12.5,43.2,0.2901,miss,left-foot,fast-break,sofascore
14053757,1405756,Kees Smit,,42,20.0,70.9,0.0202,miss,left-foot,assisted,sofascore
14053757,980671,Sven Mijnans,,41,2.7,39.5,0.2091,save,left-foot,assisted,sofascore
14053757,1638685,Mateo Chávez,,40,10.4,61.4,0.1769,save,left-foot,assisted,sofascore
14053757,1008111,Denso Kasius,,33,5.1,74.2,0.0134,block,right-foot,set-piece,sofascore
14053757,860158,Kay Tejan,,30,25.9,58.6,0.0179,block,left-foot,assisted,sofascore
14053757,1153117,Mexx Meerdink,,27,15.3,39.1,0.0699,miss,left-foot,assisted,sofascore
14053757,860158,Kay Tejan,,22,12.3,24.1,0.0125,save,left-foot,assisted,sofascore
14053757,980671,Sven Mijnans,,18,26.2,48.6,0.0367,save,left-foot,assisted,sofascore
14053757,1066319,Patrick Brouwer,,18,62.3,69.7,0.0065,save,right-foot,regular,sofascore
14053757,1405756,Kees Smit,,18,22.5,55.5,0.0366,block,right-foot,assisted,sofascore
14053757,1087931,Isak Steiner Jensen,,18,19.7,44.8,0.035,block,right-foot,assisted,sofascore
14053757,1153117,Mexx Meerdink,,17,6.0,52.8,0.3839,miss,left-foot,assisted,sofascore
14053757,1153117,Mexx Meerdink,,15,11.5,50.0,0.7884,goal,left-foot,penalty,sofascore
14053757,1153117,Mexx Meerdink,,13,5.4,56.8,0.0833,miss,head,corner,sofascore
14053757,1087931,Isak Steiner Jensen,,13,7.4,53.0,0.1201,block,right-foot,corner,sofascore
14053757,1153117,Mexx Meerdink,,13,7.5,50.9,0.1334,block,left-foot,corner,sofascore
14053757,980671,Sven Mijnans,,13,16.0,49.7,0.0683,block,left-foot,corner,sofascore
14053757,1145982,Wouter Goes,,8,14.3,61.8,0.0118,block,head,corner,sofascore
14053757,1548838,Soufiane Hetli,,3,23.7,64.4,0.0152,block,right-foot,regular,sofascore
14053758,1145982,Wouter Goes,,88,8.5,38.3,0.1161,save,left-foot,regular,sofascore
14053758,980671,Sven Mijnans,,87,8.3,62.8,0.169,save,right-foot,assisted,sofascore
14053758,591044,Dimitris Limnios,,75,16.0,62.0,0.0964,miss,right-foot,regular,sofascore
14053758,116946,Jordy Clasie,,73,26.2,58.9,0.0118,miss,right-foot,corner,sofascore
14053758,980671,Sven Mijnans,,73,25.9,54.8,0.0403,save,left-foot,regular,sofascore
14053758,148615,Paul Gladon,,62,6.7,46.4,0.1281,save,right-foot,corner,sofascore
14053758,1087931,Isak Steiner Jensen,,58,10.3,52.2,0.0985,block,right-foot,corner,sofascore
14053758,1008111,Denso Kasius,,57,6.1,67.3,0.0718,block,right-foot,assisted,sofascore
14053758,148615,Paul Gladon,,57,13.6,65.5,0.0218,save,right-foot,assisted,sofascore
14053758,148615,Paul Gladon,,49,6.9,53.6,0.0945,miss,head,corner,sofascore
14053758,946505,Lance Duijvestijn,,48,12.3,45.8,0.0896,save,right-foot,assisted,sofascore
14053758,1087931,Isak Steiner Jensen,,44,29.4,38.9,0.0276,block,right-foot,fast-break,sofascore
14053758,946505,Lance Duijvestijn,,43,43.4,87.9,0.0048,miss,right-foot,assisted,sofascore
14053758,946505,Lance Duijvestijn,,39,26.7,39.6,0.0184,save,right-foot,assisted,sofascore
14053758,855847,Kaj Sierhuis,,35,30.5,44.4,0.0183,miss,right-foot,assisted,sofascore
14053758,1008111,Denso Kasius,,34,12.5,62.9,0.0217,miss,right-foot,corner,sofascore
14053758,1153117,Mexx Meerdink,,33,11.8,62.5,0.3305,save,right-foot,regular,sofascore
14053758,1004278,Alexandre Penetra,,31,8.7,44.2,0.069,miss,right-foot,corner,sofascore
14053758,980671,Sven Mijnans,,27,3.5,63.6,0.0835,miss,right-foot,assisted,sofascore
14053758,1148468,Weslley Patati,,24,10.4,64.6,0.0315,miss,left-foot,regular,sofascore
14053758,1213381,Billy van Duijl,,18,24.4,43.8,0.0316,block,left-foot,throw-in-set-piece,sofascore
14053758,980671,Sven Mijnans,,15,19.0,59.9,0.0341,goal,left-foot,assisted,sofascore
14053758,1153117,Mexx Meerdink,,11,6.8,49.6,0.8788,goal,left-foot,assisted,sofascore
14053758,1048758,Jasper Dahlhaus,,5,21.4,55.1,0.0298,block,left-foot,corner,sofascore
14053759,1393970,Kayne van Oevelen,,90,13.3,49.5,0.0159,miss,head,set-piece,sofascore
14053759,1939251,Jesper Tielemans,,90,16.7,51.5,0.0899,save,left-foot,assisted,sofascore
14053759,974020,Xavier Mbuyamba,,81,7.9,49.5,0.0948,miss,head,set-piece,sofascore
14053759,980671,Sven Mijnans,,76,12.5,61.1,0.0497,block,left-foot,corner,sofascore
14053759,1648756,Ayoub Oufkir,,72,16.9,55.8,0.0848,miss,left-foot,regular,sofascore
14053759,1638685,Mateo Chávez,,71,12.2,31.5,0.0388,block,left-foot,regular,sofascore
14053759,1087931,Isak Steiner Jensen,,64,31.0,30.3,0.0105,save,right-foot,assisted,sofascore
14053759,980671,Sven Mijnans,,54,23.8,64.5,0.0229,miss,left-foot,assisted,sofascore
14053759,966555,Troy Parrott,,54,13.2,35.4,0.0331,block,right-foot,assisted,sofascore
14053759,1148468,Weslley Patati,,53,5.2,66.4,0.2099,save,left-foot,assisted,sofascore
14053759,966555,Troy Parrott,,52,8.5,60.9,0.0316,miss,right-foot,corner,sofascore
14053759,1638685,Mateo Chávez,,51,18.5,30.2,0.0413,save,right-foot,assisted,sofascore
14053759,980671,Sven Mijnans,,50,8.6,46.8,0.3811,miss,left-foot,regular,sofascore
14053759,966555,Troy Parrott,,50,3.2,45.8,0.4649,save,left-foot,assisted,sofascore
14053759,966555,Troy Parrott,,45,9.1,43.4,0.3646,save,left-foot,set-piece,sofascore
14053759,996982,Yannick Leliendal,,39,14.1,31.3,0.0385,block,left-foot,assisted,sofascore
14053759,974020,Xavier Mbuyamba,,38,21.6,45.6,0.0469,miss,right-foot,assisted,sofascore
14053759,922018,Peer Koopmeiners,,37,14.4,48.3,0.1426,save,right-foot,assisted,sofascore
14053759,980671,Sven Mijnans,,35,15.6,56.4,0.0748,block,left-foot,fast-break,sofascore
14053759,1004278,Alexandre Penetra,,34,9.7,51.7,0.1142,miss,left-foot,set-piece,sofascore
14053759,1095406,Aurelio Oehlers,,27,10.2,38.3,0.1846,save,right-foot,regular,sofascore
14053759,974020,Xavier Mbuyamba,,14,8.6,49.6,0.0657,miss,head,corner,sofascore
14053759,980671,Sven Mijnans,,9,4.8,43.3,0.2719,goal,left-foot,regular,sofascore
14053759,980671,Sven Mijnans,,9,10.7,43.2,0.1985,save,left-foot,regular,sofascore
14053760,825906,Oscar Pettersson,,90,4.3,64.3,0.092,post,right-foot,corner,sofascore
14053760,133168,Gerrit Nauber,,90,7.0,54.9,0.1473,goal,head,corner,sofascore
14053760,2180363,Yassir Rahmouni,,90,22.1,64.6,0.0409,miss,right-foot,assisted,sofascore
14053760,1029724,Jakob Breum,,88,19.4,51.3,0.0511,save,left-foot,corner,sofascore
14053760,35208,Tjaronn Chery,,79,22.3,38.4,0.0512,save,left-foot,assisted,sofascore
14053760,35208,Tjaronn Chery,,73,7.4,35.5,0.0592,block,right-foot,assisted,sofascore
14053760,1184054,Kodai Sano,,60,27.7,49.7,0.0099,miss,right-foot,corner,sofascore
14053760,148623,Virgil Misidjan,,60,13.2,29.7,0.0355,block,right-foot,assisted,sofascore
14053760,1064177,Ahmetcan Kaplan,,57,13.9,51.6,0.039,block,left-foot,corner,sofascore
14053760,148623,Virgil Misidjan,,56,5.7,30.3,0.0473,block,right-foot,assisted,sofascore
14053760,35208,Tjaronn Chery,,55,21.8,63.8,0.0321,save,left-foot,assisted,sofascore
14053760,1394147,Sami Ouaissa,,49,10.8,71.3,0.0338,miss,left-foot,assisted,sofascore
14053760,831860,Koki Ogawa,,38,8.1,53.3,0.0817,miss,head,corner,sofascore
14053760,148623,Virgil Misidjan,,37,21.4,28.0,0.0192,save,right-foot,assisted,sofascore
14053760,909960,Mathis Suray,,36,4.0,48.9,0.2594,post,right-foot,corner,sofascore
14053760,133168,Gerrit Nauber,,35,7.4,56.4,0.1219,save,head,corner,sofascore
14053760,837072,Jari De Busser,,32,1.2,48.9,,goal,other,regular,sofascore
14053760,831860,Koki Ogawa,,32,9.7,48.1,0.1379,save,head,assisted,sofascore
14053760,1394147,Sami Ouaissa,,30,18.7,69.1,0.0389,miss,left-foot,regular,sofascore
14053760,35208,Tjaronn Chery,,28,22.3,55.4,0.0512,save,left-foot,assisted,sofascore
14053760,831860,Koki Ogawa,,25,9.3,41.8,0.0806,block,left-foot,assisted,sofascore
14053760,47753,Bryan Linssen,,19,10.8,30.9,0.0625,save,right-foot,assisted,sofascore
14053760,35208,Tjaronn Chery,,18,32.1,40.1,0.0162,save,left-foot,assisted,sofascore
14053760,1029724,Jakob Breum,,13,7.1,18.6,0.0328,block,right-foot,free-kick,sofascore
14053760,1394147,Sami Ouaissa,,5,15.1,38.0,0.1512,miss,left-foot,fast-break,sofascore
14053760,973716,Richonell Margaret,,4,13.9,29.9,0.0208,block,right-foot,assisted,sofascore
14053761,1586644,Eser Gürbüz,,90,14.3,59.1,0.0532,save,left-foot,assisted,sofascore
14053761,974530,Djevencio van der Kust,,90,13.6,27.6,0.0287,miss,left-foot,assisted,sofascore
14053761,1586644,Eser Gürbüz,,87,24.9,65.4,0.0116,block,left-foot,assisted,sofascore
14053761,1213453,Tristan van Gilst,,86,13.0,49.3,0.0732,save,right-foot,assisted,sofascore
14053761,1028070,Lasse Selvåg Nordås,,80,12.9,45.8,0.2002,block,left-foot,assisted,sofascore
14053761,1189738,Sem Scheperman,,73,5.2,42.3,0.135,miss,left-foot,assisted,sofascore
14053761,847072,Sam Kersten,,69,21.3,56.4,0.0397,save,right-foot,corner,sofascore
14053761,1213453,Tristan van Gilst,,67,8.1,51.0,0.3088,miss,right-foot,assisted,sofascore
14053761,1015627,Jacob Trenskow,,65,5.2,41.7,0.2416,save,left-foot,assisted,sofascore
14053761,1213453,Tristan van Gilst,,63,24.7,64.6,0.0179,save,right-foot,assisted,sofascore
14053761,1015627,Jacob Trenskow,,61,2.5,53.9,0.318,save,left-foot,regular,sofascore
14053761,1014408,Maxence Rivera,,61,15.2,52.9,0.1197,save,right-foot,assisted,sofascore
14053761,1014408,Maxence Rivera,,51,3.5,49.1,0.8459,goal,right-foot,regular,sofascore
14053761,1014408,Maxence Rivera,,51,6.3,50.3,0.5794,save,right-foot,assisted,sofascore
14053761,1014408,Maxence Rivera,,49,27.9,50.5,0.0305,miss,right-foot,fast-break,sofascore
14053761,2622,Remko Pasveer,,47,1.5,45.6,,goal,other,regular,sofascore
14053761,1028070,Lasse Selvåg Nordås,,45,11.5,50.0,0.7884,goal,left-foot,penalty,sofascore
14053761,132674,Mario Engels,,45,21.0,49.3,0.0579,save,left-foot,regular,sofascore
14053761,1028070,Lasse Selvåg Nordås,,45,7.4,30.6,0.0296,miss,left-foot,fast-break,sofascore
14053761,1028070,Lasse Selvåg Nordås,,41,1.4,59.7,0.0658,miss,head,corner,sofascore
14053761,1150061,Oliver Braude,,40,11.7,62.1,0.1523,save,left-foot,assisted,sofascore
14053761,992018,Ringo Meerveld,,39,23.1,61.7,0.0324,save,right-foot,assisted,sofascore
14053761,1015627,Jacob Trenskow,,35,12.8,46.6,0.1135,goal,left-foot,corner,sofascore
14053761,1014408,Maxence Rivera,,34,15.6,26.5,0.0206,save,right-foot,assisted,sofascore
14053761,1014408,Maxence Rivera,,32,23.3,55.1,0.021,block,right-foot,set-piece,sofascore
14053761,1028070,Lasse Selvåg Nordås,,27,12.4,50.1,0.0887,save,right-foot,regular,sofascore
14053761,1132765,Maas Willemsen,,23,33.6,47.9,0.0122,block,left-foot,regular,sofascore
14053761,132674,Mario Engels,,21,4.8,47.2,0.6349,goal,right-foot,regular,sofascore
14053761,992018,Ringo Meerveld,,20,12.0,59.7,0.1181,miss,right-foot,assisted,sofascore
14053761,1627623,Marcus Linday,,20,17.2,54.6,0.0822,block,right-foot,assisted,sofascore
14053761,1014408,Maxence Rivera,,12,9.9,53.6,0.2118,block,right-foot,fast-break,sofascore
14053761,1014408,Maxence Rivera,,8,24.4,46.3,0.0256,save,right-foot,set-piece,sofascore
14053762,860160,Gijs Smal,,90,12.5,35.2,0.1173,block,left-foot,assisted,sofascore
14053762,1121400,Luciano Valente,,85,10.4,33.3,0.0583,save,left-foot,assisted,sofascore
14053762,974203,Alec Van Hoorenbeeck,,83,4.9,55.0,0.1317,block,head,corner,sofascore
14053762,998999,Luka Kulenović,,82,24.8,76.3,0.0127,miss,right-foot,assisted,sofascore
14053762,979221,Gonçalo Borges,,80,10.2,39.1,0.5143,goal,left-foot,fast-break,sofascore
14053762,914392,Jizz Hornkamp,,72,19.5,64.3,0.0443,miss,right-foot,assisted,sofascore
14053762,860160,Gijs Smal,,68,9.7,31.5,0.066,miss,left-foot,assisted,sofascore
14053762,1150938,Leo Sauer,,67,14.8,31.2,0.0516,save,right-foot,fast-break,sofascore
14053762,790179,Cyle Larin,,65,12.9,61.5,0.0518,block,right-foot,assisted,sofascore
14053762,790179,Cyle Larin,,64,9.1,59.2,0.0425,miss,right-foot,corner,sofascore
14053762,1150938,Leo Sauer,,63,8.3,30.9,0.043,save,left-foot,assisted,sofascore
14053762,1218066,Anis Hadj Moussa,,59,14.2,68.6,0.0321,goal,left-foot,corner,sofascore
14053762,944467,Sem Steijn,,56,9.0,51.6,0.4223,goal,right-foot,assisted,sofascore
14053762,1150938,Leo Sauer,,55,20.9,33.3,0.0278,save,right-foot,assisted,sofascore
14053762,796279,Jordan Lotomba,,40,7.0,66.8,0.0841,save,left-foot,assisted,sofascore
14053762,985823,Ayase Ueda,,38,8.9,48.8,0.3639,goal,left-foot,corner,sofascore
14053762,1144138,Jordan Bos,,38,24.4,33.6,0.032,block,left-foot,corner,sofascore
14053762,985823,Ayase Ueda,,33,4.9,51.7,0.4767,goal,right-foot,throw-in-set-piece,sofascore
14053762,1218066,Anis Hadj Moussa,,28,16.7,58.9,0.0857,goal,left-foot,fast-break,sofascore
14053762,944467,Sem Steijn,,28,16.6,45.6,0.0972,block,right-foot,fast-break,sofascore
14053762,146401,Thomas Bruns,,20,18.0,66.9,0.0282,miss,right-foot,set-piece,sofascore
14053762,1388535,Givairo Read,,17,14.2,65.9,0.046,miss,right-foot,assisted,sofascore
14053762,985823,Ayase Ueda,,7,17.9,52.4,0.1422,goal,right-foot,regular,sofascore
14053763,1634542,Lucas Vennegoor of Hesselink,,90,8.6,39.5,0.0311,block,right-foot,corner,sofascore
14053763,190435,Marko Pjaca,,90,4.0,58.5,0.0866,miss,head,corner,sofascore
14053763,945233,Thomas Van den Belt,,90,16.7,64.8,0.0108,block,left-foot,set-piece,sofascore
14053763,333571,Ryan Thomas,,90,15.2,59.1,0.1193,miss,right-foot,assisted,sofascore
14053763,1048430,Daan Rots,,86,8.5,51.5,0.2401,goal,head,assisted,sofascore
14053763,1091923,Stav Lemkin,,80,24.0,66.1,0.0212,miss,right-foot,assisted,sofascore
14053763,1387012,Mats Rots,,79,15.0,50.5,0.0661,block,right-foot,assisted,sofascore
14053763,1048430,Daan Rots,,78,13.6,58.7,0.1124,block,left-foot,assisted,sofascore
14053763,1387012,Mats Rots,,76,23.7,43.4,0.0284,miss,left-foot,assisted,sofascore
14053763,966655,Shola Shoretire,,66,3.9,51.1,0.2856,goal,head,throw-in-set-piece,sofascore
14053763,1200962,Sondre Ørjasæter,,59,8.4,30.3,0.0353,save,right-foot,assisted,sofascore
14053763,946506,Bart van Rooij,,55,16.9,60.3,0.0412,save,left-foot,assisted,sofascore
14053763,1048430,Daan Rots,,48,7.0,61.2,0.0332,block,head,assisted,sofascore
14053763,1160026,Kristian Hlynsson,,47,8.3,54.0,0.2954,block,right-foot,assisted,sofascore
14053763,1142678,Daouda Weidmann,,47,25.6,55.8,0.0191,miss,right-foot,assisted,sofascore
14053763,847073,Koen Kostons,,45,24.8,72.0,0.0202,miss,right-foot,assisted,sofascore
14053763,804901,Sam Lammers,,44,9.5,53.6,0.1154,miss,right-foot,assisted,sofascore
14053763,1200962,Sondre Ørjasæter,,44,24.8,37.0,0.0236,save,right-foot,assisted,sofascore
14053763,1160026,Kristian Hlynsson,,43,8.3,48.5,0.0876,block,head,throw-in-set-piece,sofascore
14053763,1200962,Sondre Ørjasæter,,38,12.2,45.4,0.1345,save,right-foot,regular,sofascore
14053763,1142678,Daouda Weidmann,,26,22.3,38.5,0.0562,miss,right-foot,assisted,sofascore
14053763,1142678,Daouda Weidmann,,26,28.1,45.6,0.0364,block,right-foot,free-kick,sofascore
14053763,1160026,Kristian Hlynsson,,23,12.3,52.1,0.1915,save,left-foot,assisted,sofascore
14053763,1048430,Daan Rots,,15,22.0,48.9,0.0278,miss,left-foot,regular,sofascore
14053763,1387012,Mats Rots,,12,20.0,33.9,0.0497,miss,left-foot,assisted,sofascore
14053763,1160026,Kristian Hlynsson,,11,15.3,50.8,0.1182,miss,left-foot,assisted,sofascore
14053763,196082,Robin Pröpper,,8,6.6,35.2,0.0088,miss,head,corner,sofascore
14053763,1142678,Daouda Weidmann,,5,19.2,43.8,0.099,save,left-foot,assisted,sofascore
14053763,1387012,Mats Rots,,5,14.7,37.2,0.0642,block,right-foot,assisted,sofascore
14053764,1105700,Yoann Cathline,,90,11.1,64.9,0.0451,miss,right-foot,regular,sofascore
14053764,893499,Mauro Júnior,,90,15.3,47.8,0.0613,save,right-foot,assisted,sofascore
14053764,1047395,Couhaib Driouech,,90,17.8,34.0,0.0455,goal,right-foot,assisted,sofascore
14053764,834597,Jesper Karlsson,,90,18.5,40.1,0.0858,save,right-foot,assisted,sofascore
14053764,1014222,Kiliann Sildillia,,90,4.7,44.7,0.2427,miss,head,set-piece,sofascore
14053764,1146018,Paul Wanner,,90,13.3,51.7,0.1551,block,left-foot,assisted,sofascore
14053764,1136110,Esmir Bajraktarević,,84,18.4,59.3,0.0391,save,left-foot,assisted,sofascore
14053764,834597,Jesper Karlsson,,82,9.4,30.9,0.0554,goal,right-foot,assisted,sofascore
14053764,991679,Souffian El Karouani,,79,25.6,50.5,0.0196,block,left-foot,assisted,sofascore
14053764,1105700,Yoann Cathline,,76,10.2,45.4,0.1243,save,head,fast-break,sofascore
14053764,1047395,Couhaib Driouech,,75,20.5,25.6,0.0119,save,right-foot,assisted,sofascore
14053764,893499,Mauro Júnior,,72,23.1,43.8,0.0128,block,left-foot,set-piece,sofascore
14053764,893499,Mauro Júnior,,70,13.1,42.9,0.1456,miss,left-foot,regular,sofascore
14053764,1105700,Yoann Cathline,,56,27.4,45.4,0.0155,save,right-foot,assisted,sofascore
14053764,845798,Guus Til,,52,2.6,42.7,0.634,goal,left-foot,fast-break,sofascore
14053764,1063767,Ismael Saibari,,48,11.4,45.0,0.3882,goal,right-foot,assisted,sofascore
14053764,844234,Jerdy Schouten,,44,24.6,54.2,0.0287,miss,right-foot,regular,sofascore
14053764,1014222,Kiliann Sildillia,,44,9.2,47.7,0.1241,post,right-foot,regular,sofascore
14053764,1146018,Paul Wanner,,44,21.2,45.4,0.0498,block,left-foot,assisted,sofascore
14053764,845798,Guus Til,,40,9.5,55.8,0.8565,miss,right-foot,fast-break,sofascore
14053764,812145,Dennis Man,,36,14.2,52.9,0.0697,block,left-foot,regular,sofascore
14053764,1105700,Yoann Cathline,,31,14.8,51.9,0.0669,block,left-foot,assisted,sofascore
14053764,850816,Joey Veerman,,29,22.0,44.8,0.0268,block,right-foot,assisted,sofascore
14053764,837010,Niklas Vesterlund,,25,7.4,59.0,0.0614,save,head,assisted,sofascore
14053764,1063767,Ismael Saibari,,21,11.1,43.3,0.2663,goal,right-foot,throw-in-set-piece,sofascore
14053764,1489193,Artem Stepanov,,18,7.0,47.3,0.1228,miss,head,assisted,sofascore
14053764,1105700,Yoann Cathline,,17,13.0,32.7,0.0393,block,left-foot,assisted,sofascore
14053764,1433802,Gjivai Zechiël,,13,13.9,52.3,0.5307,goal,right-foot,assisted,sofascore
14053764,1014222,Kiliann Sildillia,,12,9.8,49.9,0.2906,miss,right-foot,set-piece,sofascore
14053764,1063767,Ismael Saibari,,6,14.4,33.3,0.0402,save,right-foot,assisted,sofascore
14053764,1489193,Artem Stepanov,,3,13.6,53.0,0.1692,goal,right-foot,assisted,sofascore
14053765,845798,Guus Til,,90,7.4,49.1,0.12,miss,head,corner,sofascore
14053765,38710,Ivan Perišić,,90,11.6,31.3,0.0392,save,left-foot,assisted,sofascore
14053765,986395,Ricardo Pepi,,88,18.4,66.7,0.0514,save,right-foot,fast-break,sofascore
14053765,845798,Guus Til,,84,14.5,55.8,0.1156,block,right-foot,assisted,sofascore
14053765,986395,Ricardo Pepi,,83,11.9,50.9,0.284,block,right-foot,fast-break,sofascore
14053765,1022552,Oskar Siira Sivertsen,,77,4.3,65.2,0.0297,save,head,assisted,sofascore
14053765,986395,Ricardo Pepi,,73,8.7,55.5,0.1043,miss,right-foot,corner,sofascore
14053765,986395,Ricardo Pepi,,73,17.5,57.9,0.0443,block,right-foot,assisted,sofascore
14053765,812145,Dennis Man,,66,21.3,53.7,0.092,miss,left-foot,assisted,sofascore
14053765,850816,Joey Veerman,,65,11.6,62.0,0.1111,miss,right-foot,assisted,sofascore
14053765,961684,Anass Salah-Eddine,,64,8.4,47.4,0.3575,block,left-foot,assisted,sofascore
14053765,1199214,Milan Smit,,62,5.2,43.8,0.3407,goal,left-foot,regular,sofascore
14053765,38710,Ivan Perišić,,52,8.5,32.9,0.1009,miss,left-foot,fast-break,sofascore
14053765,845798,Guus Til,,50,8.3,53.4,0.7626,goal,right-foot,fast-break,sofascore
14053765,906021,Sergiño Dest,,49,2.6,67.2,0.0312,save,right-foot,assisted,sofascore
14053765,845798,Guus Til,,48,12.5,48.1,0.096,block,right-foot,regular,sofascore
14053765,812145,Dennis Man,,47,14.2,65.4,0.0566,miss,left-foot,assisted,sofascore
14053765,850816,Joey Veerman,,45,19.2,48.1,0.0783,block,right-foot,assisted,sofascore
14053765,961684,Anass Salah-Eddine,,42,22.2,39.9,0.0583,miss,left-foot,assisted,sofascore
14053765,891795,Melle Meulensteen,,40,13.6,28.9,0.0349,miss,right-foot,regular,sofascore
14053765,850816,Joey Veerman,,35,21.9,50.1,0.0722,save,right-foot,fast-break,sofascore
14053765,845798,Guus Til,,22,3.0,48.9,0.4871,goal,right-foot,regular,sofascore
14053765,38710,Ivan Perišić,,21,3.8,59.3,0.1223,block,left-foot,corner,sofascore
14053765,973716,Richonell Margaret,,19,12.0,37.2,0.0899,block,right-foot,regular,sofascore
14053765,38710,Ivan Perišić,,17,5.7,32.0,0.0267,save,head,regular,sofascore
14053765,845798,Guus Til,,7,8.4,51.6,0.1189,save,head,assisted,sofascore
14053765,845798,Guus Til,,4,10.5,47.7,0.1127,block,right-foot,assisted,sofascore
14053765,893499,Mauro Júnior,,4,21.6,56.1,0.0391,miss,left-foot,assisted,sofascore
14053766,1088895,Mohamed Nassoh,,81,14.1,46.8,0.1109,miss,left-foot,regular,sofascore
14053766,27035,André Ayew,,74,4.6,49.8,0.2713,miss,head,assisted,sofascore
14053766,318745,Oskar Zawada,,72,4.0,45.0,0.3692,save,head,assisted,sofascore
14053766,1146623,Younes Taha,,71,17.3,44.2,0.0428,miss,left-foot,regular,sofascore
14053766,318745,Oskar Zawada,,68,4.9,48.1,0.1875,miss,head,corner,sofascore
14053766,1121402,Tika de Jonge,,67,19.5,52.3,0.0999,block,right-foot,assisted,sofascore
14053766,1090328,Stije Resink,,66,18.4,63.0,0.0497,miss,right-foot,regular,sofascore
14053766,1096511,Maximilien Balard,,60,24.2,38.4,0.0374,miss,right-foot,regular,sofascore
14053766,1413536,Thom van Bergen,,58,7.1,45.2,0.0972,save,head,regular,sofascore
14053766,907520,Brynjólfur Darri Willumsson,,51,3.3,38.7,0.0393,miss,head,corner,sofascore
14053766,76160,Marvin Peersman,,51,7.4,32.9,0.1279,save,left-foot,regular,sofascore
14053766,1413536,Thom van Bergen,,51,13.0,42.6,0.2155,miss,right-foot,regular,sofascore
14053766,1461935,Moussa Soumano,,47,7.1,44.8,0.1496,miss,head,corner,sofascore
14053766,1146623,Younes Taha,,45,25.1,69.0,0.0416,miss,left-foot,free-kick,sofascore
14053766,858242,Boy Kemper,,44,8.8,26.4,0.1355,save,left-foot,fast-break,sofascore
14053766,1146623,Younes Taha,,43,27.3,52.0,0.0398,block,left-foot,free-kick,sofascore
14053766,827103,Marco Rente,,34,9.8,48.9,0.2924,save,left-foot,set-piece,sofascore
14053766,927440,Kamal Sowah,,31,22.8,58.7,0.0267,miss,right-foot,regular,sofascore
14053766,1121402,Tika de Jonge,,30,25.1,42.5,0.0343,miss,right-foot,assisted,sofascore
14053766,1146623,Younes Taha,,29,23.3,31.5,0.0306,save,left-foot,assisted,sofascore
14053766,1461935,Moussa Soumano,,27,13.0,52.6,0.027,block,head,assisted,sofascore
14053766,943595,Sydney van Hooijdonk,,22,9.4,53.0,0.0702,block,right-foot,corner,sofascore
14053766,943595,Sydney van Hooijdonk,,21,9.0,69.9,0.0227,block,right-foot,regular,sofascore
14053766,1121402,Tika de Jonge,,21,22.0,54.4,0.0814,block,left-foot,regular,sofascore
14053766,1413536,Thom van Bergen,,18,20.1,38.7,0.0825,miss,right-foot,assisted,sofascore
14053766,1461935,Moussa Soumano,,7,9.2,47.0,0.0466,save,head,corner,sofascore
14053767,985823,Ayase Ueda,,90,13.6,54.6,0.0268,save,head,assisted,sofascore
14053767,313264,Henk Veerman,,89,4.6,47.0,0.183,miss,head,corner,sofascore
14053767,1520752,Benjamin Pauwels,,88,14.5,33.2,0.3575,save,right-foot,fast-break,sofascore
14053767,957937,Casper Tengstedt,,83,11.3,27.0,0.0226,miss,right-foot,regular,sofascore
14053767,1479467,Aymen Sliti,,81,6.0,57.5,0.2115,miss,head,corner,sofascore
14053767,1121400,Luciano Valente,,81,19.7,40.9,0.0293,block,left-foot,corner,sofascore
14053767,942213,Tsuyoshi Watanabe,,80,2.9,55.2,0.1963,save,head,corner,sofascore
14053767,1523582,Nick Verschuren,,79,9.1,51.0,0.0553,miss,head,corner,sofascore
14053767,1520752,Benjamin Pauwels,,78,14.6,30.1,0.0336,block,right-foot,assisted,sofascore
14053767,1384486,Thijs Kraaijeveld,,72,28.7,53.1,0.0224,miss,right-foot,assisted,sofascore
14053767,886242,Jakub Moder,,66,13.9,57.5,0.1326,save,right-foot,assisted,sofascore
14053767,886242,Jakub Moder,,66,13.6,68.9,0.0196,block,right-foot,regular,sofascore
14053767,1008697,Anthony Descotte,,62,9.5,33.7,0.0634,save,left-foot,assisted,sofascore
14053767,1121400,Luciano Valente,,59,13.7,58.8,0.0543,block,left-foot,regular,sofascore
14053767,1049063,Joel Ideho,,58,18.8,29.9,0.0242,block,right-foot,assisted,sofascore
14053767,1008697,Anthony Descotte,,55,7.3,55.5,0.069,miss,head,corner,sofascore
14053767,1049063,Joel Ideho,,51,10.7,35.1,0.2881,save,right-foot,fast-break,sofascore
14053767,985823,Ayase Ueda,,48,18.5,48.9,0.088,miss,left-foot,assisted,sofascore
14053767,886242,Jakub Moder,,48,30.5,28.6,0.0154,miss,right-foot,assisted,sofascore
14053767,886242,Jakub Moder,,47,10.5,64.8,0.0384,block,right-foot,assisted,sofascore
14053767,1008697,Anthony Descotte,,45,15.1,64.4,0.0623,save,right-foot,fast-break,sofascore
14053767,1144138,Jordan Bos,,45,15.9,37.0,0.0365,save,right-foot,throw-in-set-piece,sofascore
14053767,138534,Raheem Sterling,,42,11.4,35.8,0.0772,miss,right-foot,throw-in-set-piece,sofascore
14053767,1008697,Anthony Descotte,,38,8.4,45.0,0.1235,miss,right-foot,set-piece,sofascore
14053767,979221,Gonçalo Borges,,35,15.5,55.1,0.1619,miss,right-foot,fast-break,sofascore
14053767,106154,Mawouna Amevor,,32,9.5,63.4,0.015,miss,head,set-piece,sofascore
14053767,1008697,Anthony Descotte,,22,15.6,53.6,0.1091,block,right-foot,assisted,sofascore
14053767,1095406,Aurelio Oehlers,,20,7.3,63.4,0.2011,miss,right-foot,fast-break,sofascore
14053767,979221,Gonçalo Borges,,14,14.0,70.2,0.0359,miss,left-foot,regular,sofascore
14053767,138534,Raheem Sterling,,3,2.7,35.9,0.0368,block,left-foot,assisted,sofascore
14053768,1014118,Miguel Rodríguez,,90,7.3,56.7,0.5082,goal,right-foot,assisted,sofascore
14053768,1214695,Adrian Blake,,81,27.9,32.5,0.0185,block,right-foot,assisted,sofascore
14053768,966429,David Min,,79,16.1,50.7,0.0821,miss,right-foot,fast-break,sofascore
14053768,149731,Sébastien Haller,,78,15.7,46.4,0.1444,miss,right-foot,assisted,sofascore
14053768,991679,Souffian El Karouani,,75,21.6,31.3,0.0325,goal,right-foot,regular,sofascore
14053768,1433802,Gjivai Zechiël,,75,13.2,55.2,0.1498,save,right-foot,regular,sofascore
14053768,966429,David Min,,74,8.9,47.2,0.1313,miss,head,fast-break,sofascore
14053768,149731,Sébastien Haller,,71,5.7,45.8,0.1941,save,right-foot,set-piece,sofascore
14053768,1433802,Gjivai Zechiël,,71,13.2,46.6,0.0489,block,left-foot,set-piece,sofascore
14053768,1511723,Nordin Bukala,,67,15.8,38.8,0.0788,save,right-foot,assisted,sofascore
14053768,149731,Sébastien Haller,,66,6.9,48.7,0.1519,post,right-foot,set-piece,sofascore
14053768,991679,Souffian El Karouani,,60,24.1,46.4,0.0359,block,right-foot,regular,sofascore
14053768,1214695,Adrian Blake,,56,16.3,53.2,0.1117,miss,right-foot,throw-in-set-piece,sofascore
14053768,1214695,Adrian Blake,,53,8.8,33.3,0.0728,goal,right-foot,assisted,sofascore
14053768,152414,Mike Van der Hoorn,,52,7.7,44.2,0.0789,miss,right-foot,corner,sofascore
14053768,149731,Sébastien Haller,,49,6.9,46.0,0.153,miss,right-foot,assisted,sofascore
14053768,966429,David Min,,46,8.8,47.4,0.2942,block,left-foot,assisted,sofascore
14053768,1433802,Gjivai Zechiël,,45,27.4,48.1,0.0137,miss,right-foot,assisted,sofascore
14053768,1214695,Adrian Blake,,43,15.1,33.3,0.1081,block,right-foot,assisted,sofascore
14053768,2216656,Robin van Cruijsen,,42,12.6,39.8,0.3925,goal,left-foot,fast-break,sofascore
14053768,1211982,Miliano Jonathans,,38,15.8,65.4,0.0554,block,left-foot,set-piece,sofascore
14053768,991679,Souffian El Karouani,,31,25.5,60.7,0.0538,save,left-foot,free-kick,sofascore
14053768,1433802,Gjivai Zechiël,,18,12.6,42.1,0.0712,block,right-foot,regular,sofascore
14053768,252885,Brandley Kuwas,,8,25.3,35.7,0.0142,save,left-foot,assisted,sofascore
14053768,149731,Sébastien Haller,,8,11.2,55.2,0.0283,miss,head,set-piece,sofascore
14053769,1150061,Oliver Braude,,90,20.8,36.9,0.0421,miss,right-foot,corner,sofascore
14053769,825843,Dylan Vente,,90,4.2,68.4,0.0833,save,right-foot,assisted,sofascore
14053769,1388535,Givairo Read,,88,27.4,39.5,0.0207,block,right-foot,corner,sofascore
14053769,1022376,Amourricho van Axel-Dongen,,87,12.4,46.6,0.0396,goal,left-foot,corner,sofascore
14053769,1014408,Maxence Rivera,,86,22.6,39.5,0.0328,block,right-foot,assisted,sofascore
14053769,996986,Luca Oyen,,86,15.5,37.0,0.0341,block,right-foot,assisted,sofascore
14053769,1028070,Lasse Selvåg Nordås,,76,18.5,46.2,0.0978,save,left-foot,assisted,sofascore
14053769,959805,Quinten Timber,,70,23.5,38.3,0.0254,miss,right-foot,assisted,sofascore
14053769,1132765,Maas Willemsen,,64,12.3,44.8,0.0411,save,left-foot,corner,sofascore
14053769,944467,Sem Steijn,,58,26.5,65.2,0.0342,save,right-foot,free-kick,sofascore
14053769,794014,Luuk Brouwers,,56,23.7,39.5,0.0329,save,right-foot,corner,sofascore
14053769,825843,Dylan Vente,,53,7.1,44.6,0.2421,miss,left-foot,assisted,sofascore
14053769,1014408,Maxence Rivera,,53,14.1,63.2,0.0372,block,left-foot,assisted,sofascore
14053769,825843,Dylan Vente,,45,14.7,35.8,0.0572,block,left-foot,fast-break,sofascore
14053769,944467,Sem Steijn,,43,4.3,57.7,0.5141,goal,head,assisted,sofascore
14053769,794014,Luuk Brouwers,,41,3.6,65.2,0.1592,goal,right-foot,assisted,sofascore
14053769,889689,Hwang In-beom,,39,18.3,55.1,0.043,miss,right-foot,corner,sofascore
14053769,1014408,Maxence Rivera,,36,8.9,62.4,0.1533,block,right-foot,assisted,sofascore
14053769,1014408,Maxence Rivera,,31,26.6,46.4,0.0225,save,right-foot,assisted,sofascore
14053769,1150938,Leo Sauer,,30,12.7,58.1,0.3517,goal,right-foot,assisted,sofascore
14053769,825843,Dylan Vente,,29,30.6,53.6,0.019,miss,right-foot,assisted,sofascore
14053769,992018,Ringo Meerveld,,25,24.3,32.7,0.0271,miss,right-foot,assisted,sofascore
14053769,959805,Quinten Timber,,14,14.1,51.2,0.2104,miss,right-foot,assisted,sofascore
14053770,1424404,Jorg Schreuders,,90,8.2,37.9,0.2093,goal,left-foot,assisted,sofascore
14053770,1146623,Younes Taha,,90,21.1,70.3,0.0202,miss,left-foot,assisted,sofascore
14053770,1146623,Younes Taha,,87,3.7,70.8,0.0426,save,right-foot,fast-break,sofascore
14053770,1470010,Dies Janse,,86,20.3,68.2,0.0331,miss,left-foot,corner,sofascore
14053770,1413536,Thom van Bergen,,85,16.4,38.3,0.0463,save,right-foot,set-piece,sofascore
14053770,1146623,Younes Taha,,85,16.8,61.1,0.043,post,left-foot,corner,sofascore
14053770,1066319,Patrick Brouwer,,84,22.3,49.5,0.0485,save,right-foot,assisted,sofascore
14053770,1121402,Tika de Jonge,,82,24.6,58.6,0.0288,miss,right-foot,regular,sofascore
14053770,1424404,Jorg Schreuders,,82,21.0,53.9,0.0342,block,right-foot,assisted,sofascore
14053770,907520,Brynjólfur Darri Willumsson,,75,5.1,40.6,0.1117,save,left-foot,assisted,sofascore
14053770,1469336,Tyrese Noslin,,73,10.6,51.7,0.0421,block,head,assisted,sofascore
14053770,1638564,Cedric Hatenboer,,70,23.7,72.8,0.0241,miss,left-foot,regular,sofascore
14053770,1413536,Thom van Bergen,,66,11.6,57.9,0.5074,miss,right-foot,fast-break,sofascore
14053770,1146623,Younes Taha,,66,13.0,46.2,0.5182,save,left-foot,fast-break,sofascore
14053770,1548834,Sem van Duijn,,65,8.1,52.8,0.124,miss,head,corner,sofascore
14053770,1146623,Younes Taha,,63,27.1,5.2,0.0161,miss,left-foot,regular,sofascore
14053770,1121402,Tika de Jonge,,60,4.3,41.7,0.0761,miss,head,corner,sofascore
14053770,1424404,Jorg Schreuders,,60,5.7,35.3,0.3071,save,left-foot,assisted,sofascore
14053770,1638564,Cedric Hatenboer,,59,26.0,51.1,0.0358,save,right-foot,throw-in-set-piece,sofascore
14053770,1146623,Younes Taha,,54,21.6,36.1,0.0214,save,right-foot,corner,sofascore
14053770,1146623,Younes Taha,,51,28.8,37.8,0.0145,save,left-foot,assisted,sofascore
14053770,1878212,David van der Werff,,47,19.0,68.4,0.0338,miss,right-foot,regular,sofascore
14053770,1470010,Dies Janse,,45,21.2,33.3,0.0116,save,left-foot,set-piece,sofascore
14053770,1548834,Sem van Duijn,,42,17.5,34.8,0.3024,miss,right-foot,assisted,sofascore
14053770,385300,Jeff Hardeveld,,41,10.2,50.5,0.2093,miss,right-foot,throw-in-set-piece,sofascore
14053770,1066319,Patrick Brouwer,,40,19.2,67.7,0.0394,block,right-foot,corner,sofascore
14053770,385300,Jeff Hardeveld,,39,6.7,33.3,0.0515,save,left-foot,assisted,sofascore
14053770,1548838,Soufiane Hetli,,36,13.8,42.1,0.0598,miss,right-foot,throw-in-set-piece,sofascore
14053770,1470010,Dies Janse,,32,2.1,44.2,0.1965,goal,head,corner,sofascore
14053770,1413536,Thom van Bergen,,31,8.7,76.3,0.0136,block,right-foot,assisted,sofascore
14053770,1441117,Tygo Land,,29,15.7,49.5,0.1452,save,right-foot,regular,sofascore
14053770,1878212,David van der Werff,,29,19.1,26.6,0.03,block,right-foot,assisted,sofascore
14053770,1047396,Guus Offerhaus,,29,13.8,52.1,0.1176,miss,right-foot,assisted,sofascore
14053770,987077,Nökkvi Þórisson,,16,20.3,63.0,0.063,miss,right-foot,assisted,sofascore
14053770,827103,Marco Rente,,10,26.2,76.5,0.0102,block,right-foot,regular,sofascore
14053770,1878212,David van der Werff,,10,10.7,53.1,0.1028,block,right-foot,assisted,sofascore
14053770,1066319,Patrick Brouwer,,9,13.5,49.6,0.1024,miss,right-foot,corner,sofascore
14053770,987077,Nökkvi Þórisson,,3,12.2,31.5,0.0239,block,right-foot,assisted,sofascore
14053771,959806,Kenneth Taylor,,90,26.9,51.3,0.048,block,left-foot,free-kick,sofascore
14053771,1403090,Rayane Bounida,,87,9.4,33.0,0.0466,block,left-foot,assisted,sofascore
14053771,252215,Wout Weghorst,,84,9.2,64.8,0.0119,block,head,set-piece,sofascore
14053771,970860,Lucas Rosa,,81,15.3,52.8,0.1364,miss,right-foot,assisted,sofascore
14053771,1403090,Rayane Bounida,,79,18.2,43.8,0.0511,block,right-foot,corner,sofascore
14053771,1000228,Youri Baas,,79,15.0,50.1,0.0328,save,left-foot,corner,sofascore
14053771,905174,Ibrahim Sadiq,,76,14.9,32.6,0.0778,block,right-foot,assisted,sofascore
14053771,97410,Davy Klaassen,,69,11.0,58.1,0.0604,miss,head,assisted,sofascore
14053771,966555,Troy Parrott,,66,13.3,44.4,0.1701,block,right-foot,fast-break,sofascore
14053771,970860,Lucas Rosa,,62,21.8,35.0,0.0275,save,right-foot,assisted,sofascore
14053771,1148468,Weslley Patati,,61,20.3,67.7,0.0426,miss,left-foot,assisted,sofascore
14053771,922018,Peer Koopmeiners,,56,9.7,68.1,0.0276,block,right-foot,regular,sofascore
14053771,922018,Peer Koopmeiners,,56,18.5,53.6,0.1214,block,right-foot,assisted,sofascore
14053771,1120315,Anton Gaaei,,50,25.6,66.2,0.0064,miss,right-foot,corner,sofascore
14053771,1405756,Kees Smit,,49,25.9,59.2,0.0485,miss,right-foot,assisted,sofascore
14053771,1149146,Mika Godts,,49,14.4,45.6,0.3361,save,right-foot,fast-break,sofascore
14053771,959806,Kenneth Taylor,,48,9.7,64.2,0.101,save,left-foot,assisted,sofascore
14053771,966555,Troy Parrott,,42,11.5,50.0,0.7884,goal,right-foot,penalty,sofascore
14053771,980671,Sven Mijnans,,40,4.8,51.5,0.4543,save,left-foot,assisted,sofascore
14053771,1155158,Oscar Gloukh,,39,23.7,43.2,0.022,miss,left-foot,assisted,sofascore
14053771,1155158,Oscar Gloukh,,37,10.6,33.8,0.0963,save,left-foot,assisted,sofascore
14053771,1087931,Isak Steiner Jensen,,33,29.7,47.2,0.0341,miss,right-foot,free-kick,sofascore
14053771,1155158,Oscar Gloukh,,28,16.9,64.6,0.0433,miss,right-foot,set-piece,sofascore
14053771,1120315,Anton Gaaei,,28,25.0,30.9,0.0358,save,right-foot,free-kick,sofascore
14053771,1148468,Weslley Patati,,25,3.8,54.2,0.263,goal,left-foot,corner,sofascore
14053771,1148468,Weslley Patati,,24,10.1,35.0,0.1044,block,left-foot,assisted,sofascore
14053771,1148468,Weslley Patati,,23,23.4,46.4,0.0432,block,left-foot,assisted,sofascore
14053771,252215,Wout Weghorst,,23,4.6,58.7,0.0883,miss,right-foot,corner,sofascore
14053771,966555,Troy Parrott,,18,20.0,44.2,0.0501,miss,right-foot,assisted,sofascore
14053771,959806,Kenneth Taylor,,8,13.8,39.5,0.0928,miss,right-foot,assisted,sofascore
14053772,1068610,Devon Koswal,,90,13.0,48.1,0.0196,post,head,set-piece,sofascore
14053772,1047396,Guus Offerhaus,,90,23.4,42.7,0.0212,block,left-foot,assisted,sofascore
14053772,302690,Danny Bakker,,85,12.5,51.0,0.0194,miss,head,set-piece,sofascore
14053772,1548838,Soufiane Hetli,,83,19.0,46.6,0.0371,block,left-foot,corner,sofascore
14053772,860158,Kay Tejan,,82,19.5,31.9,0.0262,block,left-foot,assisted,sofascore
14053772,385300,Jeff Hardeveld,,82,27.2,37.6,0.0175,block,left-foot,assisted,sofascore
14053772,1048487,Noah Naujoks,,81,5.5,50.4,0.3609,goal,head,fast-break,sofascore
14053772,1893852,Jerolldino Bergraaf,,81,21.3,73.3,0.0231,block,left-foot,fast-break,sofascore
14053772,1384483,Irakli Yegoian,,75,18.8,50.6,0.0946,goal,right-foot,regular,sofascore
14053772,1211982,Miliano Jonathans,,75,9.3,48.5,0.2039,save,left-foot,assisted,sofascore
14053772,1893852,Jerolldino Bergraaf,,70,6.0,46.6,0.2916,miss,head,assisted,sofascore
14053772,1893852,Jerolldino Bergraaf,,62,6.9,53.4,0.1207,miss,head,assisted,sofascore
14053772,1150154,Nils Rossen,,57,10.5,52.4,0.093,goal,right-foot,regular,sofascore
14053772,1047396,Guus Offerhaus,,57,17.9,60.3,0.0696,block,right-foot,assisted,sofascore
14053772,1157777,Jochem Ritmeester van de Kamp,,52,7.1,55.4,0.4396,goal,right-foot,assisted,sofascore
14053772,1384483,Irakli Yegoian,,50,21.5,56.8,0.0622,block,right-foot,assisted,sofascore
14053772,1048487,Noah Naujoks,,41,9.9,62.8,0.1172,miss,right-foot,assisted,sofascore
14053772,1137227,Milan Zonneveld,,39,7.3,48.1,0.5497,save,right-foot,assisted,sofascore
14053772,1046142,Derensili Sanches Fernandes,,33,21.0,61.7,0.0592,block,left-foot,assisted,sofascore
14053772,1048487,Noah Naujoks,,32,10.2,52.1,0.1007,miss,head,assisted,sofascore
14053772,1157777,Jochem Ritmeester van de Kamp,,27,20.7,75.0,0.0276,block,left-foot,regular,sofascore
14053772,1048487,Noah Naujoks,,25,8.3,48.8,0.2095,miss,head,assisted,sofascore
14053772,1047396,Guus Offerhaus,,23,28.3,56.7,0.0167,miss,right-foot,regular,sofascore
14053772,1137227,Milan Zonneveld,,23,7.7,41.8,0.2069,block,right-foot,assisted,sofascore
14053772,1418395,Neville Nwankwo,,18,6.0,54.0,0.1473,miss,head,corner,sofascore
14053772,794362,Emil Hansson,,17,22.2,30.9,0.0211,miss,right-foot,assisted,sofascore
14053772,1893852,Jerolldino Bergraaf,,17,8.3,51.9,0.0772,miss,head,assisted,sofascore
14053772,1469336,Tyrese Noslin,,10,21.5,67.5,0.0178,block,left-foot,corner,sofascore
14053772,1066319,Patrick Brouwer,,10,14.8,30.7,0.0614,block,right-foot,assisted,sofascore
14053772,1157777,Jochem Ritmeester van de Kamp,,10,22.0,41.5,0.0583,block,right-foot,assisted,sofascore
14053773,1012927,Rio Hillen,,90,5.2,54.8,0.1617,miss,head,assisted,sofascore
14053773,943595,Sydney van Hooijdonk,,90,22.1,30.3,0.0495,save,right-foot,free-kick,sofascore
14053773,1149147,Juho Talvitie,,84,26.3,61.5,0.0277,miss,left-foot,assisted,sofascore
14053773,1135884,Lewis Holtby,,83,13.2,41.4,0.0666,block,left-foot,assisted,sofascore
14053773,858242,Boy Kemper,,82,7.6,38.9,0.1137,miss,left-foot,assisted,sofascore
14053773,815080,Jamiro Monteiro,,79,7.7,44.0,0.1078,miss,head,assisted,sofascore
14053773,847073,Koen Kostons,,74,25.6,65.4,0.0174,save,right-foot,regular,sofascore
14053773,847073,Koen Kostons,,73,20.7,74.0,0.0182,miss,right-foot,assisted,sofascore
14053773,815080,Jamiro Monteiro,,70,5.5,46.6,0.2988,miss,head,assisted,sofascore
14053773,1096511,Maximilien Balard,,68,20.6,48.9,0.0558,miss,right-foot,regular,sofascore
14053773,815080,Jamiro Monteiro,,67,11.9,38.7,0.1087,goal,left-foot,assisted,sofascore
14053773,847073,Koen Kostons,,60,17.0,43.4,0.1009,block,right-foot,assisted,sofascore
14053773,333571,Ryan Thomas,,57,23.9,44.5,0.0462,block,left-foot,regular,sofascore
14053773,927440,Kamal Sowah,,55,14.5,49.9,0.0761,save,left-foot,regular,sofascore
14053773,803021,Sherel Constancio Floranus,,53,4.8,40.5,0.2284,miss,left-foot,assisted,sofascore
14053773,1515525,Cherrion Valerius,,52,20.6,60.3,0.0157,block,left-foot,set-piece,sofascore
14053773,876233,Thijs Oosting,,46,10.5,47.2,0.3946,miss,left-foot,assisted,sofascore
14053773,847073,Koen Kostons,,43,12.5,45.6,0.0413,goal,head,assisted,sofascore
14053773,943595,Sydney van Hooijdonk,,41,11.5,50.0,0.7884,goal,right-foot,penalty,sofascore
14053773,927440,Kamal Sowah,,39,21.8,35.4,0.0404,block,left-foot,assisted,sofascore
14053773,943595,Sydney van Hooijdonk,,37,7.7,34.8,0.0821,block,left-foot,assisted,sofascore
14053773,943595,Sydney van Hooijdonk,,34,19.4,39.9,0.0567,goal,right-foot,fast-break,sofascore
14053773,858242,Boy Kemper,,31,18.3,30.6,0.0245,miss,left-foot,regular,sofascore
14053773,1088895,Mohamed Nassoh,,31,13.3,46.9,0.1411,block,left-foot,regular,sofascore
14053773,1088895,Mohamed Nassoh,,24,13.0,50.5,0.1994,save,right-foot,assisted,sofascore
14053773,1088895,Mohamed Nassoh,,21,21.1,35.8,0.0665,miss,left-foot,fast-break,sofascore
14053773,1381819,Jan Faberski,,18,25.2,66.8,0.0171,block,left-foot,assisted,sofascore
14053773,1012927,Rio Hillen,,12,7.0,48.1,0.1048,miss,head,corner,sofascore
14053773,943595,Sydney van Hooijdonk,,11,9.8,52.6,0.1097,block,right-foot,corner,sofascore
14053773,990814,Charles-Andreas Brym,,3,4.4,48.6,0.2987,save,head,corner,sofascore
14053774,803021,Sherel Constancio Floranus,,85,26.3,42.1,0.0089,miss,right-foot,corner,sofascore
14053774,927605,Kaj de Rooij,,79,14.2,34.8,0.0405,block,right-foot,assisted,sofascore
14053774,841420,Victor Edvardsen,,72,8.8,53.6,0.1015,block,right-foot,set-piece,sofascore
14053774,1029724,Jakob Breum,,69,8.1,53.6,0.3665,save,right-foot,assisted,sofascore
14053774,927605,Kaj de Rooij,,65,23.5,28.5,0.0241,miss,right-foot,assisted,sofascore
14053774,909960,Mathis Suray,,63,15.9,51.2,0.0556,goal,right-foot,assisted,sofascore
14053774,1509752,Nick Fichtinger,,62,3.3,54.0,0.1794,miss,head,corner,sofascore
14053774,803021,Sherel Constancio Floranus,,61,15.4,25.5,0.0235,block,right-foot,throw-in-set-piece,sofascore
14053774,1509752,Nick Fichtinger,,60,18.2,38.5,0.0302,block,right-foot,throw-in-set-piece,sofascore
14053774,1133233,Aske Adelgaard,,56,21.9,31.4,0.022,goal,left-foot,assisted,sofascore
14053774,927605,Kaj de Rooij,,55,10.8,36.0,0.0517,miss,right-foot,assisted,sofascore
14053774,235538,Younes Namli,,52,21.1,42.3,0.0929,block,left-foot,fast-break,sofascore
14053774,909960,Mathis Suray,,50,10.8,70.3,0.0269,save,right-foot,regular,sofascore
14053774,803021,Sherel Constancio Floranus,,49,3.2,32.4,0.018,miss,left-foot,assisted,sofascore
14053774,876233,Thijs Oosting,,48,21.6,53.4,0.0278,miss,left-foot,corner,sofascore
14053774,987647,Søren Tengstedt,,45,10.5,49.7,0.3148,save,left-foot,assisted,sofascore
14053774,235538,Younes Namli,,37,28.1,47.7,0.0265,miss,left-foot,regular,sofascore
14053774,987647,Søren Tengstedt,,36,14.7,66.2,0.0217,save,right-foot,regular,sofascore
14053774,841420,Victor Edvardsen,,36,5.7,42.3,0.8826,save,right-foot,assisted,sofascore
14053774,847073,Koen Kostons,,34,14.7,51.3,0.13,miss,left-foot,assisted,sofascore
14053774,847073,Koen Kostons,,26,10.2,44.0,0.1441,save,left-foot,assisted,sofascore
14053774,987647,Søren Tengstedt,,23,7.1,29.7,0.0131,miss,left-foot,corner,sofascore
14053774,793742,Joris Kramer,,23,1.4,57.7,0.0941,block,left-foot,corner,sofascore
14053774,907517,Stefán Ingi Sigurðarson,,23,5.5,57.7,0.0678,save,head,corner,sofascore
14053774,907517,Stefán Ingi Sigurðarson,,22,9.9,32.3,0.0469,save,left-foot,assisted,sofascore
14053774,841420,Victor Edvardsen,,15,9.5,55.2,0.0773,goal,right-foot,assisted,sofascore
14053774,876233,Thijs Oosting,,13,14.5,71.8,0.0264,block,left-foot,fast-break,sofascore
14053774,927605,Kaj de Rooij,,12,11.5,29.5,0.0595,miss,right-foot,assisted,sofascore
14053774,847073,Koen Kostons,,11,12.3,49.1,0.5375,miss,right-foot,assisted,sofascore
14053774,987647,Søren Tengstedt,,7,17.2,67.4,0.035,goal,left-foot,fast-break,sofascore
14053774,907517,Stefán Ingi Sigurðarson,,4,6.9,51.6,0.1232,goal,head,assisted,sofascore
14053775,855847,Kaj Sierhuis,,89,21.6,56.6,0.059,miss,right-foot,fast-break,sofascore
14053775,812145,Dennis Man,,84,6.1,68.5,0.1158,save,left-foot,fast-break,sofascore
14053775,1146018,Paul Wanner,,82,8.6,46.0,0.6895,miss,left-foot,assisted,sofascore
14053775,1146018,Paul Wanner,,81,9.5,47.7,0.284,save,left-foot,assisted,sofascore
14053775,845798,Guus Til,,81,11.1,41.5,0.0695,block,right-foot,regular,sofascore
14053775,38710,Ivan Perišić,,76,11.7,43.4,0.5886,goal,right-foot,assisted,sofascore
14053775,844234,Jerdy Schouten,,75,7.7,66.5,0.1629,save,right-foot,assisted,sofascore
14053775,1132766,Philip Brittijn,,70,5.2,56.2,0.1063,miss,head,corner,sofascore
14053775,855847,Kaj Sierhuis,,69,11.2,25.3,0.0167,block,left-foot,fast-break,sofascore
14053775,893499,Mauro Júnior,,66,24.4,33.3,0.0148,miss,right-foot,corner,sofascore
14053775,893499,Mauro Júnior,,65,15.7,31.3,0.0508,block,left-foot,throw-in-set-piece,sofascore
14053775,1136110,Esmir Bajraktarević,,60,25.0,26.4,0.0184,block,left-foot,fast-break,sofascore
14053775,946505,Lance Duijvestijn,,55,25.0,56.8,0.0382,miss,right-foot,regular,sofascore
14053775,1184317,Yarek Gasiorowski,,48,6.9,50.5,0.1914,save,left-foot,assisted,sofascore
14053775,1014222,Kiliann Sildillia,,43,4.8,57.5,0.0902,block,head,corner,sofascore
14053775,1136110,Esmir Bajraktarević,,42,22.2,50.1,0.0299,save,left-foot,assisted,sofascore
14053775,850816,Joey Veerman,,38,24.7,48.7,0.0434,miss,right-foot,assisted,sofascore
14053775,1014222,Kiliann Sildillia,,34,14.8,76.1,0.0168,miss,right-foot,assisted,sofascore
14053775,591044,Dimitris Limnios,,32,11.7,63.0,0.0999,miss,right-foot,regular,sofascore
14053775,1146018,Paul Wanner,,31,20.4,69.1,0.0342,miss,left-foot,corner,sofascore
14053775,1184317,Yarek Gasiorowski,,17,7.9,56.8,0.0585,save,head,corner,sofascore
14053775,855847,Kaj Sierhuis,,12,24.4,35.2,0.0561,goal,right-foot,fast-break,sofascore
14053775,1146018,Paul Wanner,,8,11.9,56.2,0.2736,goal,left-foot,assisted,sofascore
14053775,38710,Ivan Perišić,,6,8.5,58.1,0.0454,miss,head,corner,sofascore
14053776,1083398,Raul Paula,,90,25.4,43.0,0.0601,miss,right-foot,free-kick,sofascore
14053776,27035,André Ayew,,89,9.1,45.2,0.0612,miss,head,assisted,sofascore
14053776,1002479,Shunsuke Mito,,71,5.4,33.7,0.1181,miss,left-foot,assisted,sofascore
14053776,1088895,Mohamed Nassoh,,67,16.6,31.5,0.0283,block,left-foot,corner,sofascore
14053776,1083398,Raul Paula,,66,13.2,34.9,0.0334,miss,right-foot,corner,sofascore
14053776,1088895,Mohamed Nassoh,,65,17.6,32.9,0.0071,save,left-foot,assisted,sofascore
14053776,796943,Tobias Lauritsen,,59,10.1,42.1,0.0289,save,head,assisted,sofascore
14053776,827662,Mitchell Van Bergen,,57,14.7,70.8,0.0305,miss,left-foot,assisted,sofascore
14053776,1083398,Raul Paula,,57,19.7,38.7,0.065,miss,right-foot,throw-in-set-piece,sofascore
14053776,990814,Charles-Andreas Brym,,53,25.9,54.0,0.0118,miss,right-foot,corner,sofascore
14053776,1088895,Mohamed Nassoh,,53,17.0,54.2,0.0227,miss,right-foot,corner,sofascore
14053776,1012927,Rio Hillen,,44,9.4,50.7,0.0606,save,head,corner,sofascore
14053776,990814,Charles-Andreas Brym,,39,18.9,48.1,0.0198,block,right-foot,corner,sofascore
14053776,1002479,Shunsuke Mito,,24,29.0,43.0,0.0151,miss,right-foot,assisted,sofascore
14053776,827662,Mitchell Van Bergen,,19,21.4,28.8,0.0304,save,right-foot,assisted,sofascore
14053776,226762,Fredrik Jensen,,13,8.8,53.1,0.1394,save,head,set-piece,sofascore
14053776,827662,Mitchell Van Bergen,,10,7.3,66.7,0.0429,save,right-foot,assisted,sofascore
14053776,1012927,Rio Hillen,,1,8.6,55.3,0.0459,save,head,corner,sofascore
14053777,1031721,Casper Widell,,87,3.5,55.6,0.2386,miss,right-foot,set-piece,sofascore
14053777,1046142,Derensili Sanches Fernandes,,83,21.6,66.2,0.0225,save,left-foot,assisted,sofascore
14053777,910053,Arthur Zagre,,82,14.2,46.2,0.1448,block,right-foot,assisted,sofascore
14053777,591044,Dimitris Limnios,,77,21.8,37.8,0.0542,save,right-foot,assisted,sofascore
14053777,845119,Houboulang Mendes,,76,16.9,64.8,0.0528,block,left-foot,regular,sofascore
14053777,1126966,Gyan de Regt,,68,9.5,36.8,0.0845,post,right-foot,regular,sofascore
14053777,1126966,Gyan de Regt,,66,20.3,26.2,0.0438,save,right-foot,free-kick,sofascore
14053777,1136902,Makan Aïko,,53,14.8,47.0,0.1432,miss,left-foot,assisted,sofascore
14053777,1142147,Ryan Fosso,,52,24.0,34.2,0.021,block,right-foot,regular,sofascore
14053777,1019892,Stefan Mitrović,,45,23.6,71.1,0.0249,save,right-foot,assisted,sofascore
14053777,366942,Kristoffer Peterson,,44,10.8,36.2,0.0944,block,right-foot,regular,sofascore
14053777,855847,Kaj Sierhuis,,44,13.6,45.8,0.08,save,right-foot,assisted,sofascore
14053777,910053,Arthur Zagre,,41,18.1,65.7,0.0747,miss,left-foot,free-kick,sofascore
14053777,855847,Kaj Sierhuis,,28,7.3,47.9,0.1206,save,head,assisted,sofascore
14053777,910053,Arthur Zagre,,21,13.5,30.1,0.0384,block,left-foot,assisted,sofascore
14053777,366942,Kristoffer Peterson,,18,12.6,43.0,0.1441,save,right-foot,regular,sofascore
14053777,591044,Dimitris Limnios,,18,14.7,72.2,0.0705,save,right-foot,assisted,sofascore
14053777,591044,Dimitris Limnios,,18,20.6,27.0,0.014,block,right-foot,set-piece,sofascore
14053777,1132766,Philip Brittijn,,18,18.4,53.1,0.0446,block,right-foot,set-piece,sofascore
14053777,366942,Kristoffer Peterson,,18,12.7,40.4,0.11,block,right-foot,set-piece,sofascore
14053777,899644,Ilias Bronkhorst,,16,24.0,73.0,0.0144,miss,right-foot,regular,sofascore
14053777,1126966,Gyan de Regt,,9,6.7,48.7,0.3327,goal,right-foot,fast-break,sofascore
14053777,1031721,Casper Widell,,6,12.6,58.7,0.0386,save,head,set-piece,sofascore
14053777,366942,Kristoffer Peterson,,2,10.7,36.4,0.1116,save,left-foot,fast-break,sofascore
14053777,875673,Justin Lonwijk,,1,18.2,53.2,0.0983,miss,left-foot,regular,sofascore
14053778,1014118,Miguel Rodríguez,,84,15.0,56.2,0.034,miss,head,assisted,sofascore
14053778,1105700,Yoann Cathline,,82,20.6,30.1,0.0151,block,right-foot,set-piece,sofascore
14053778,1049063,Joel Ideho,,78,15.8,27.6,0.0165,save,right-foot,assisted,sofascore
14053778,934249,Can Bozdoğan,,77,27.2,56.4,0.0302,save,left-foot,assisted,sofascore
14053778,149731,Sébastien Haller,,65,11.0,40.7,0.0233,miss,head,assisted,sofascore
14053778,996992,Matisse Didden,,59,7.9,44.8,0.3757,miss,right-foot,set-piece,sofascore
14053778,991679,Souffian El Karouani,,52,9.1,29.2,0.0212,block,left-foot,regular,sofascore
14053778,856648,Victor Jensen,,49,14.3,44.9,0.0668,goal,right-foot,assisted,sofascore
14053778,1433802,Gjivai Zechiël,,45,12.2,42.5,0.1613,miss,right-foot,assisted,sofascore
14053778,252885,Brandley Kuwas,,42,12.9,36.1,0.2274,goal,left-foot,fast-break,sofascore
14053778,1433802,Gjivai Zechiël,,41,24.7,41.9,0.0191,block,right-foot,assisted,sofascore
14053778,1014118,Miguel Rodríguez,,39,26.0,67.3,0.0114,save,left-foot,assisted,sofascore
14053778,1105700,Yoann Cathline,,36,29.6,34.4,0.0153,miss,right-foot,assisted,sofascore
14053778,1433802,Gjivai Zechiël,,35,20.7,27.8,0.0295,save,right-foot,assisted,sofascore
14053778,996992,Matisse Didden,,31,7.7,49.3,0.0957,miss,head,corner,sofascore
14053778,1105700,Yoann Cathline,,27,15.8,42.7,0.0945,block,right-foot,fast-break,sofascore
14053778,1146002,Dave Kwakman,,27,19.3,50.9,0.0453,miss,right-foot,assisted,sofascore
14053778,149731,Sébastien Haller,,23,10.2,54.2,0.039,save,head,set-piece,sofascore
14053778,1100399,Ozan Kökçü,,20,22.5,51.1,0.0438,block,left-foot,assisted,sofascore
14053778,1433802,Gjivai Zechiël,,19,18.8,49.3,0.0733,block,right-foot,assisted,sofascore
14053778,1049063,Joel Ideho,,10,20.5,36.9,0.08,goal,right-foot,fast-break,sofascore
14053778,1146002,Dave Kwakman,,9,14.2,29.9,0.0199,block,right-foot,assisted,sofascore
14053778,1511723,Nordin Bukala,,2,15.6,49.9,0.0483,miss,right-foot,assisted,sofascore
14053779,1387012,Mats Rots,,88,14.7,43.6,0.135,save,right-foot,assisted,sofascore
14053779,1155158,Oscar Gloukh,,83,19.6,57.0,0.0588,block,right-foot,assisted,sofascore
14053779,946506,Bart van Rooij,,79,13.1,59.7,0.1251,goal,left-foot,assisted,sofascore
14053779,804901,Sam Lammers,,78,8.8,46.2,0.1221,miss,right-foot,assisted,sofascore
14053779,1160026,Kristian Hlynsson,,76,22.8,43.4,0.0267,block,right-foot,regular,sofascore
14053779,1155158,Oscar Gloukh,,72,14.7,45.4,0.0944,block,right-foot,fast-break,sofascore
14053779,1563462,Jorthy Mokio,,70,22.5,55.2,0.0198,miss,left-foot,regular,sofascore
14053779,1155158,Oscar Gloukh,,70,17.2,46.5,0.0451,block,left-foot,assisted,sofascore
14053779,1200962,Sondre Ørjasæter,,64,16.2,29.1,0.0299,miss,right-foot,regular,sofascore
14053779,100386,Steven Berghuis,,60,22.0,59.1,0.0293,miss,left-foot,regular,sofascore
14053779,804901,Sam Lammers,,58,5.3,56.8,0.2153,miss,right-foot,regular,sofascore
14053779,1387012,Mats Rots,,52,20.7,70.7,0.0463,miss,left-foot,free-kick,sofascore
14053779,1048430,Daan Rots,,49,7.7,56.3,0.3196,save,left-foot,assisted,sofascore
14053779,804901,Sam Lammers,,49,11.1,52.1,0.1091,save,right-foot,assisted,sofascore
14053779,1387012,Mats Rots,,47,22.0,62.6,0.0217,block,left-foot,assisted,sofascore
14053779,252215,Wout Weghorst,,45,21.1,42.1,0.0713,block,right-foot,fast-break,sofascore
14053779,1859920,Sean Steur,,38,8.6,35.1,0.0713,miss,right-foot,corner,sofascore
14053779,252215,Wout Weghorst,,32,10.2,45.8,0.1622,goal,right-foot,assisted,sofascore
14053779,252215,Wout Weghorst,,27,5.3,47.2,0.3583,miss,right-foot,assisted,sofascore
14053779,1160026,Kristian Hlynsson,,25,29.7,67.9,0.0114,save,right-foot,assisted,sofascore
14053779,804901,Sam Lammers,,22,8.6,62.8,0.0653,block,left-foot,assisted,sofascore
14053779,1890313,Ruud Nijstad,,21,7.9,39.7,0.0301,miss,head,set-piece,sofascore
14053779,989882,Ramiz Zerrouki,,18,22.0,31.8,0.0211,goal,right-foot,assisted,sofascore
14053779,804901,Sam Lammers,,15,9.4,56.7,0.0822,block,right-foot,assisted,sofascore
14053779,1149146,Mika Godts,,5,27.7,40.2,0.0176,save,right-foot,assisted,sofascore
14053779,804901,Sam Lammers,,4,13.9,59.6,0.0942,save,right-foot,assisted,sofascore
14053780,35193,Ricky van Wolfswinkel,,90,11.5,50.0,0.7884,goal,right-foot,penalty,sofascore
14053780,578344,Arno Verschueren,,89,23.1,44.9,0.0241,block,right-foot,set-piece,sofascore
14053780,578344,Arno Verschueren,,83,12.5,43.0,,goal,right-foot,regular,sofascore
14053780,1193676,Başar Önal,,83,13.3,38.5,0.0489,miss,right-foot,assisted,sofascore
14053780,897603,Darko Nejašmić,,74,7.0,46.0,0.0968,save,head,corner,sofascore
14053780,798180,Thomas Ouwejan,,73,21.5,26.6,0.0188,block,left-foot,assisted,sofascore
14053780,958317,Youssef el Kachati,,72,9.4,54.2,0.1711,save,head,assisted,sofascore
14053780,196082,Robin Pröpper,,71,8.4,46.7,0.0772,miss,head,set-piece,sofascore
14053780,958317,Youssef el Kachati,,66,4.9,49.6,0.2305,goal,right-foot,corner,sofascore
14053780,1160026,Kristian Hlynsson,,56,12.8,38.3,0.0526,block,right-foot,assisted,sofascore
14053780,1387012,Mats Rots,,55,3.0,33.8,0.1366,goal,left-foot,assisted,sofascore
14053780,196082,Robin Pröpper,,45,14.9,47.0,0.0137,miss,head,corner,sofascore
14053780,989882,Ramiz Zerrouki,,42,30.9,50.7,0.032,miss,right-foot,free-kick,sofascore
14053780,831860,Koki Ogawa,,41,21.9,45.2,0.029,block,left-foot,assisted,sofascore
14053780,1184054,Kodai Sano,,40,19.4,36.8,0.0117,block,right-foot,set-piece,sofascore
14053780,798180,Thomas Ouwejan,,29,15.1,45.8,0.0744,goal,right-foot,assisted,sofascore
14053780,196082,Robin Pröpper,,27,56.4,55.8,0.0083,miss,right-foot,fast-break,sofascore
14053780,35193,Ricky van Wolfswinkel,,24,11.5,50.0,0.7884,goal,right-foot,penalty,sofascore
14053780,35193,Ricky van Wolfswinkel,,6,22.8,54.5,0.0627,miss,right-foot,assisted,sofascore
14053781,974203,Alec Van Hoorenbeeck,,90,8.0,48.4,0.0745,miss,head,corner,sofascore
14053781,998999,Luka Kulenović,,90,12.9,58.1,0.0177,miss,head,assisted,sofascore
14053781,132674,Mario Engels,,87,7.7,48.7,0.1763,block,right-foot,assisted,sofascore
14053781,35193,Ricky van Wolfswinkel,,84,9.7,36.8,0.1947,block,right-foot,throw-in-set-piece,sofascore
14053781,998999,Luka Kulenović,,81,8.2,51.9,0.1316,miss,right-foot,assisted,sofascore
14053781,190435,Marko Pjaca,,80,21.0,59.7,0.0707,save,left-foot,assisted,sofascore
14053781,998999,Luka Kulenović,,77,11.7,47.4,0.0898,block,left-foot,assisted,sofascore
14053781,788284,Ajdin Hrustić,,74,21.5,61.3,0.0213,save,left-foot,assisted,sofascore
14053781,1213453,Tristan van Gilst,,72,13.6,47.9,0.0372,miss,head,assisted,sofascore
14053781,196082,Robin Pröpper,,69,23.2,39.3,0.0644,save,right-foot,free-kick,sofascore
14053781,35193,Ricky van Wolfswinkel,,55,11.5,50.0,0.7884,goal,right-foot,penalty,sofascore
14053781,35193,Ricky van Wolfswinkel,,51,8.8,40.7,0.0556,block,left-foot,assisted,sofascore
14053781,946506,Bart van Rooij,,50,10.7,69.1,0.0394,miss,right-foot,assisted,sofascore
14053781,788284,Ajdin Hrustić,,49,17.6,62.2,0.0448,miss,left-foot,assisted,sofascore
14053781,318575,Damon Mirani,,48,9.1,54.4,0.0422,post,head,corner,sofascore
14053781,980742,Erik Ahlstrand,,42,24.8,76.1,0.0165,save,left-foot,assisted,sofascore
14053781,989882,Ramiz Zerrouki,,40,18.4,40.7,0.0731,save,left-foot,assisted,sofascore
14053781,35193,Ricky van Wolfswinkel,,37,15.3,48.7,0.1227,block,right-foot,fast-break,sofascore
14053781,1200962,Sondre Ørjasæter,,36,23.2,53.0,0.0266,miss,right-foot,regular,sofascore
14053781,998999,Luka Kulenović,,34,14.1,60.8,0.0727,miss,right-foot,regular,sofascore
14053781,945233,Thomas Van den Belt,,30,3.2,49.5,0.7081,goal,head,corner,sofascore
14053781,1160026,Kristian Hlynsson,,29,15.0,53.2,0.0642,block,right-foot,assisted,sofascore
14053781,1387012,Mats Rots,,27,8.7,31.8,0.026,block,left-foot,regular,sofascore
14053781,1200962,Sondre Ørjasæter,,27,16.4,34.4,0.0222,block,right-foot,assisted,sofascore
14053781,1160026,Kristian Hlynsson,,25,10.7,52.3,0.0422,miss,head,assisted,sofascore
14053781,1048430,Daan Rots,,21,19.4,66.9,0.0328,save,left-foot,assisted,sofascore
14053781,1048430,Daan Rots,,17,11.4,67.7,0.066,miss,left-foot,fast-break,sofascore
14053781,1387012,Mats Rots,,14,10.1,33.1,0.1062,miss,left-foot,assisted,sofascore
14053781,989882,Ramiz Zerrouki,,11,19.7,72.4,0.0297,block,right-foot,assisted,sofascore
14053782,1031721,Casper Widell,,90,7.4,55.0,0.0746,miss,head,set-piece,sofascore
14053782,1046142,Derensili Sanches Fernandes,,89,21.6,66.6,0.0371,miss,left-foot,regular,sofascore
14053782,1046142,Derensili Sanches Fernandes,,87,18.4,64.4,0.0242,miss,left-foot,throw-in-set-piece,sofascore
14053782,1009285,Szymon Włodarczyk,,80,6.7,49.7,0.1892,goal,head,assisted,sofascore
14053782,856736,Thomas Buitink,,80,7.1,52.0,0.31,save,right-foot,assisted,sofascore
14053782,1048487,Noah Naujoks,,76,12.5,51.0,0.1847,miss,right-foot,throw-in-set-piece,sofascore
14053782,1048487,Noah Naujoks,,75,24.3,52.2,0.0207,block,right-foot,assisted,sofascore
14053782,794362,Emil Hansson,,68,18.2,30.5,0.0329,save,right-foot,assisted,sofascore
14053782,847073,Koen Kostons,,66,6.3,55.2,0.0945,miss,head,corner,sofascore
14053782,846003,Odysseus Velanas,,60,8.9,50.7,0.7569,goal,head,assisted,sofascore
14053782,847073,Koen Kostons,,59,10.5,27.7,0.0402,miss,right-foot,fast-break,sofascore
14053782,1050828,Zico Buurmeester,,58,21.9,49.3,0.0593,save,right-foot,assisted,sofascore
14053782,1049446,Olivier Aertssen,,55,20.0,67.9,0.0413,block,left-foot,regular,sofascore
14053782,927155,Simon Graves,,54,4.0,50.3,0.5376,miss,head,set-piece,sofascore
14053782,910053,Arthur Zagre,,47,4.9,31.9,0.2377,miss,left-foot,fast-break,sofascore
14053782,927155,Simon Graves,,47,4.8,61.7,0.0245,miss,head,corner,sofascore
14053782,1048487,Noah Naujoks,,40,6.9,53.2,0.2281,miss,head,assisted,sofascore
14053782,1048906,Rick Meissen,,40,19.3,62.7,0.0813,block,right-foot,regular,sofascore
14053782,1046142,Derensili Sanches Fernandes,,40,15.0,60.7,0.0439,block,left-foot,regular,sofascore
14053782,1126595,Lennard Hartjes,,40,16.1,48.5,0.0797,block,right-foot,assisted,sofascore
14053782,333571,Ryan Thomas,,31,27.1,41.2,0.0269,block,right-foot,regular,sofascore
14053782,1126966,Gyan de Regt,,30,19.4,25.9,0.0438,miss,right-foot,free-kick,sofascore
14053782,1050828,Zico Buurmeester,,20,24.1,48.3,0.0336,block,right-foot,assisted,sofascore
14053782,876233,Thijs Oosting,,20,12.5,59.7,0.0588,block,left-foot,assisted,sofascore
14053782,1046142,Derensili Sanches Fernandes,,16,1.4,53.6,0.4151,goal,right-foot,throw-in-set-piece,sofascore
14053782,1031721,Casper Widell,,16,11.3,57.8,0.1285,block,right-foot,throw-in-set-piece,sofascore
14053782,1031721,Casper Widell,,12,18.2,49.3,0.049,miss,right-foot,corner,sofascore
14053782,876233,Thijs Oosting,,3,8.6,48.7,0.3147,goal,right-foot,regular,sofascore
14053782,927155,Simon Graves,,2,4.5,57.6,0.1013,block,left-foot,corner,sofascore
14053782,847073,Koen Kostons,,2,4.4,55.2,0.1761,miss,left-foot,corner,sofascore
14053782,846003,Odysseus Velanas,,1,14.9,41.7,0.5019,save,right-foot,fast-break,sofascore
14053783,1088895,Mohamed Nassoh,,90,8.9,58.9,0.1974,goal,right-foot,assisted,sofascore
14053783,983068,Václav Sejk,,80,16.4,63.2,0.7529,goal,right-foot,assisted,sofascore
14053783,943595,Sydney van Hooijdonk,,80,18.9,23.7,0.0156,save,right-foot,corner,sofascore
14053783,1088895,Mohamed Nassoh,,79,26.5,39.3,0.0253,block,right-foot,set-piece,sofascore
14053783,1132765,Maas Willemsen,,68,7.0,53.2,0.8482,goal,right-foot,corner,sofascore
14053783,1132765,Maas Willemsen,,65,10.7,48.2,0.0529,block,head,set-piece,sofascore
14053783,794014,Luuk Brouwers,,64,13.5,45.6,0.0383,block,right-foot,corner,sofascore
14053783,1015627,Jacob Trenskow,,60,11.4,63.2,0.0884,save,left-foot,assisted,sofascore
14053783,943595,Sydney van Hooijdonk,,58,7.9,55.3,0.4907,goal,right-foot,assisted,sofascore
14053783,918420,Leo Greiml,,55,3.9,51.9,0.2135,goal,head,corner,sofascore
14053783,943595,Sydney van Hooijdonk,,54,10.2,57.0,0.1681,block,right-foot,assisted,sofascore
14053783,1015627,Jacob Trenskow,,47,11.9,71.1,0.0451,save,left-foot,assisted,sofascore
14053783,138837,Terence Kongolo,,45,11.3,55.4,,goal,head,regular,sofascore
14053783,1064426,Vasilios Zagaritis,,45,8.5,45.2,0.0645,miss,head,corner,sofascore
14053783,794014,Luuk Brouwers,,45,12.5,47.2,0.338,block,right-foot,assisted,sofascore
14053783,138842,Joris van Overeem,,33,15.4,65.1,0.0208,miss,right-foot,regular,sofascore
14053783,1515525,Cherrion Valerius,,31,26.3,51.9,0.022,miss,right-foot,set-piece,sofascore
14053783,1135884,Lewis Holtby,,26,26.3,52.3,0.0424,miss,right-foot,assisted,sofascore
14053783,927440,Kamal Sowah,,20,19.8,36.6,0.0363,miss,right-foot,assisted,sofascore
14053783,943595,Sydney van Hooijdonk,,10,3.3,37.2,0.0385,block,left-foot,corner,sofascore
14053783,1015627,Jacob Trenskow,,6,15.1,68.3,0.0541,miss,left-foot,assisted,sofascore
14053783,943595,Sydney van Hooijdonk,,5,1.8,40.0,0.1873,miss,right-foot,fast-break,sofascore
14053784,1170900,Matěj Šín,,90,26.9,58.2,0.0371,miss,right-foot,regular,sofascore
14053784,966655,Shola Shoretire,,90,10.7,43.3,0.506,goal,right-foot,set-piece,sofascore
14053784,1405756,Kees Smit,,90,21.6,41.3,0.0666,post,right-foot,assisted,sofascore
14053784,966655,Shola Shoretire,,88,11.3,47.9,0.1044,save,left-foot,assisted,sofascore
14053784,1148468,Weslley Patati,,80,27.6,46.3,0.0388,block,left-foot,free-kick,sofascore
14053784,1386461,Elijah Dijkstra,,76,18.5,59.5,0.0349,block,right-foot,corner,sofascore
14053784,922018,Peer Koopmeiners,,74,0.5,0.5,0.0101,goal,right-foot,corner,sofascore
14053784,1405756,Kees Smit,,73,21.5,63.0,0.0184,block,right-foot,assisted,sofascore
14053784,966655,Shola Shoretire,,67,8.7,70.1,0.0167,post,right-foot,assisted,sofascore
14053784,1142572,Tristan Gooijer,,61,13.7,63.6,0.0379,save,right-foot,assisted,sofascore
14053784,905174,Ibrahim Sadiq,,58,16.3,32.3,0.0345,save,right-foot,assisted,sofascore
14053784,847073,Koen Kostons,,58,8.4,33.7,0.0065,miss,head,corner,sofascore
14053784,235538,Younes Namli,,57,22.9,55.5,0.0988,block,left-foot,free-kick,sofascore
14053784,1148468,Weslley Patati,,54,20.4,59.7,0.0548,miss,left-foot,assisted,sofascore
14053784,1148468,Weslley Patati,,53,11.4,67.6,0.0483,save,left-foot,assisted,sofascore
14053784,922018,Peer Koopmeiners,,52,20.3,52.8,0.1362,miss,right-foot,free-kick,sofascore
14053784,905174,Ibrahim Sadiq,,47,18.1,50.1,0.1313,save,right-foot,assisted,sofascore
14053784,1005693,Anselmo Garcia McNulty,,26,4.2,57.9,0.1055,goal,head,corner,sofascore
14053784,1142572,Tristan Gooijer,,24,8.2,48.8,0.1773,miss,head,regular,sofascore
14053784,235538,Younes Namli,,21,26.9,55.8,0.0285,miss,left-foot,assisted,sofascore
14053784,1405756,Kees Smit,,15,23.1,29.3,0.0277,miss,right-foot,assisted,sofascore
14053784,876233,Thijs Oosting,,13,20.3,32.9,0.056,block,left-foot,fast-break,sofascore
14053784,966655,Shola Shoretire,,7,11.5,41.1,0.6206,goal,left-foot,fast-break,sofascore
14053784,235538,Younes Namli,,5,25.7,72.6,0.019,miss,left-foot,assisted,sofascore
14053785,1014566,Sava Arangel Čestić,,90,31.6,31.3,0.0151,miss,right-foot,throw-in-set-piece,sofascore
14053785,1014566,Sava Arangel Čestić,,90,26.3,50.7,0.0241,save,right-foot,regular,sofascore
14053785,1118181,Lequincio Zeefuik,,90,6.6,29.7,0.0612,block,left-foot,assisted,sofascore
14053785,132674,Mario Engels,,90,15.3,68.5,0.0543,miss,left-foot,assisted,sofascore
14053785,1014566,Sava Arangel Čestić,,83,9.1,42.3,0.165,miss,left-foot,corner,sofascore
14053785,1118181,Lequincio Zeefuik,,81,18.3,49.0,0.1686,block,right-foot,free-kick,sofascore
14053785,318575,Damon Mirani,,74,15.0,52.1,0.0797,miss,left-foot,corner,sofascore
14053785,318575,Damon Mirani,,74,12.6,55.6,0.0139,miss,head,corner,sofascore
14053785,1066450,Walid Ould-Chikh,,72,27.4,48.3,0.0267,miss,right-foot,throw-in-set-piece,sofascore
14053785,1149146,Mika Godts,,70,13.3,32.3,0.0794,post,right-foot,assisted,sofascore
14053785,1118181,Lequincio Zeefuik,,63,26.9,64.6,0.0313,miss,right-foot,fast-break,sofascore
14053785,1155158,Oscar Gloukh,,63,13.5,20.7,0.0248,block,right-foot,corner,sofascore
14053785,252215,Wout Weghorst,,61,9.9,40.1,0.0658,save,left-foot,assisted,sofascore
14053785,1563462,Jorthy Mokio,,60,14.8,46.8,0.0285,miss,head,assisted,sofascore
14053785,1014566,Sava Arangel Čestić,,54,20.7,70.5,0.0103,save,right-foot,regular,sofascore
14053785,974203,Alec Van Hoorenbeeck,,53,3.6,43.0,0.1076,save,head,corner,sofascore
14053785,1149146,Mika Godts,,50,12.6,37.6,0.1177,block,left-foot,fast-break,sofascore
14053785,100386,Steven Berghuis,,47,13.2,54.8,0.5651,goal,left-foot,assisted,sofascore
14053785,100386,Steven Berghuis,,44,24.1,56.0,0.0436,miss,left-foot,fast-break,sofascore
14053785,1155158,Oscar Gloukh,,43,15.1,58.3,0.1559,save,right-foot,assisted,sofascore
14053785,100386,Steven Berghuis,,41,22.3,67.7,0.0121,block,left-foot,assisted,sofascore
14053785,790989,Ko Itakura,,38,25.1,29.7,0.0217,block,right-foot,assisted,sofascore
14053785,1563462,Jorthy Mokio,,37,21.6,50.5,0.0503,miss,left-foot,fast-break,sofascore
14053785,100386,Steven Berghuis,,34,21.4,71.2,0.0363,miss,left-foot,free-kick,sofascore
14053785,100386,Steven Berghuis,,17,15.4,45.8,0.0877,goal,left-foot,assisted,sofascore
14053785,1149146,Mika Godts,,16,14.8,28.9,0.2633,goal,right-foot,fast-break,sofascore
14053785,100386,Steven Berghuis,,14,24.0,70.3,0.0367,save,left-foot,free-kick,sofascore
14053785,252215,Wout Weghorst,,10,8.3,52.1,0.0917,miss,head,assisted,sofascore
14053785,1563462,Jorthy Mokio,,8,11.6,40.1,0.3277,miss,left-foot,regular,sofascore
14053785,918484,Ivan Mesík,,8,7.1,43.6,0.1106,miss,head,corner,sofascore
14053785,954317,Naci Ünüvar,,7,5.2,38.0,0.1364,block,left-foot,regular,sofascore
14053785,1120315,Anton Gaaei,,5,22.3,73.0,0.0256,block,right-foot,assisted,sofascore
14053786,163541,Mats Seuntjens,,86,10.8,41.1,0.1567,block,right-foot,assisted,sofascore
14053786,1048758,Jasper Dahlhaus,,80,23.1,50.0,0.0211,miss,right-foot,throw-in-set-piece,sofascore
14053786,148615,Paul Gladon,,75,10.6,52.8,0.0422,goal,head,assisted,sofascore
14053786,1424404,Jorg Schreuders,,70,9.7,34.0,0.1978,save,left-foot,assisted,sofascore
14053786,1090328,Stije Resink,,69,16.3,47.9,0.0525,miss,right-foot,assisted,sofascore
14053786,855847,Kaj Sierhuis,,65,9.5,70.1,0.0744,miss,right-foot,assisted,sofascore
14053786,76160,Marvin Peersman,,61,17.6,45.2,0.3336,goal,left-foot,fast-break,sofascore
14053786,855847,Kaj Sierhuis,,61,3.3,60.5,0.065,block,head,corner,sofascore
14053786,1413536,Thom van Bergen,,55,3.5,39.5,0.2575,save,left-foot,assisted,sofascore
14053786,855847,Kaj Sierhuis,,49,8.3,50.5,0.3044,miss,left-foot,fast-break,sofascore
14053786,1121401,Thijmen Blokzijl,,49,6.0,54.2,0.124,block,head,corner,sofascore
14053786,1878212,David van der Werff,,48,24.1,33.8,0.0256,save,right-foot,corner,sofascore
14053786,1878212,David van der Werff,,48,12.8,64.0,0.1995,save,right-foot,fast-break,sofascore
14053786,855847,Kaj Sierhuis,,47,7.6,50.1,0.3037,save,head,assisted,sofascore
14053786,862479,Iván Márquez,,45,7.4,39.4,0.0494,miss,head,throw-in-set-piece,sofascore
14053786,875673,Justin Lonwijk,,45,8.3,48.3,0.2095,save,head,assisted,sofascore
14053786,1090328,Stije Resink,,35,24.1,66.2,0.0212,miss,right-foot,assisted,sofascore
14053786,1146623,Younes Taha,,26,25.4,75.6,0.0364,save,left-foot,free-kick,sofascore
14053786,1121402,Tika de Jonge,,23,27.4,57.5,0.0224,save,left-foot,corner,sofascore
14053786,1090328,Stije Resink,,23,17.5,37.2,0.096,save,right-foot,free-kick,sofascore
14053786,366942,Kristoffer Peterson,,17,20.3,26.0,0.0187,miss,right-foot,assisted,sofascore
14053786,1878212,David van der Werff,,15,8.3,68.5,0.0486,miss,right-foot,regular,sofascore
14053786,1413536,Thom van Bergen,,15,17.9,48.3,0.0777,save,right-foot,assisted,sofascore
14053786,1146623,Younes Taha,,9,23.8,50.3,0.0341,block,left-foot,regular,sofascore
14053786,1878212,David van der Werff,,6,13.2,63.0,0.089,goal,left-foot,assisted,sofascore
14053787,913584,Joshua Kitolano,,90,8.5,38.3,0.1369,goal,left-foot,fast-break,sofascore
14053787,913584,Joshua Kitolano,,90,21.8,65.8,0.0487,miss,right-foot,assisted,sofascore
14053787,1470002,Shaqueel van Persie,,88,8.6,54.0,0.0981,goal,left-foot,assisted,sofascore
14053787,1939011,Tobias van den Elshout,,88,12.3,54.8,0.0841,block,right-foot,regular,sofascore
14053787,1470002,Shaqueel van Persie,,87,4.5,54.3,0.2753,goal,right-foot,assisted,sofascore
14053787,959805,Quinten Timber,,86,22.5,47.4,0.1012,save,right-foot,free-kick,sofascore
14053787,790179,Cyle Larin,,77,7.9,46.8,0.0671,miss,head,corner,sofascore
14053787,790179,Cyle Larin,,76,7.6,53.6,0.1558,block,right-foot,assisted,sofascore
14053787,966299,Teo Quintero,,74,14.2,33.3,0.0234,block,right-foot,assisted,sofascore
14053787,1002479,Shunsuke Mito,,74,13.9,47.0,0.0704,block,left-foot,assisted,sofascore
14053787,1002479,Shunsuke Mito,,71,12.9,44.4,0.3344,goal,right-foot,fast-break,sofascore
14053787,889689,Hwang In-beom,,64,26.9,53.8,0.0325,goal,right-foot,assisted,sofascore
14053787,944467,Sem Steijn,,63,10.4,51.9,0.1022,save,right-foot,regular,sofascore
14053787,942213,Tsuyoshi Watanabe,,61,9.1,37.4,0.0222,miss,head,corner,sofascore
14053787,1218066,Anis Hadj Moussa,,59,12.2,64.6,0.0386,save,left-foot,assisted,sofascore
14053787,1002479,Shunsuke Mito,,57,12.6,29.9,0.0314,miss,left-foot,fast-break,sofascore
14053787,827662,Mitchell Van Bergen,,55,11.1,46.4,0.6035,goal,right-foot,regular,sofascore
14053787,966299,Teo Quintero,,53,19.7,35.6,0.022,miss,right-foot,regular,sofascore
14053787,957937,Casper Tengstedt,,53,27.1,48.7,0.026,save,right-foot,assisted,sofascore
14053787,1144138,Jordan Bos,,52,8.6,32.3,0.0506,miss,right-foot,regular,sofascore
14053787,1218066,Anis Hadj Moussa,,48,7.6,72.6,0.0167,save,right-foot,fast-break,sofascore
14053787,1002479,Shunsuke Mito,,47,12.9,27.8,0.0288,block,right-foot,assisted,sofascore
14053787,942213,Tsuyoshi Watanabe,,45,7.6,56.0,0.0525,save,head,corner,sofascore
14053787,1144138,Jordan Bos,,42,22.4,57.7,0.0272,save,left-foot,corner,sofascore
14053787,942213,Tsuyoshi Watanabe,,42,9.8,56.4,0.0315,block,head,corner,sofascore
14053787,913584,Joshua Kitolano,,40,18.1,53.0,0.1195,goal,right-foot,assisted,sofascore
14053787,913584,Joshua Kitolano,,36,15.7,48.9,0.0941,miss,left-foot,assisted,sofascore
14053787,913584,Joshua Kitolano,,32,22.9,51.1,0.0429,save,right-foot,assisted,sofascore
14053787,1046143,Julian Baas,,27,22.6,48.7,0.0443,miss,left-foot,regular,sofascore
14053787,1121400,Luciano Valente,,24,14.7,39.3,0.0451,post,right-foot,set-piece,sofascore
14053787,957937,Casper Tengstedt,,21,2.3,42.7,0.1285,miss,right-foot,assisted,sofascore
14053787,1218066,Anis Hadj Moussa,,15,26.3,58.7,0.0236,save,left-foot,assisted,sofascore
14053787,1218066,Anis Hadj Moussa,,12,5.6,68.2,0.0391,block,right-foot,assisted,sofascore
14053787,957937,Casper Tengstedt,,5,6.7,54.8,0.1996,save,left-foot,assisted,sofascore
14053787,1218066,Anis Hadj Moussa,,5,9.4,67.1,0.0385,block,left-foot,assisted,sofascore
14053788,788284,Ajdin Hrustić,,80,23.3,47.6,0.1493,block,left-foot,free-kick,sofascore
14053788,1008697,Anthony Descotte,,79,5.2,41.3,0.0806,save,left-foot,corner,sofascore
14053788,252885,Brandley Kuwas,,78,26.8,29.0,0.0311,block,left-foot,free-kick,sofascore
14053788,2216656,Robin van Cruijsen,,73,11.8,54.1,0.0784,save,left-foot,assisted,sofascore
14053788,996982,Yannick Leliendal,,72,26.5,29.0,0.0135,save,right-foot,assisted,sofascore
14053788,1095406,Aurelio Oehlers,,66,15.1,28.1,0.0469,goal,right-foot,assisted,sofascore
14053788,998999,Luka Kulenović,,64,22.8,46.1,0.104,block,right-foot,fast-break,sofascore
14053788,132674,Mario Engels,,57,20.7,43.7,0.0482,save,right-foot,assisted,sofascore
14053788,998999,Luka Kulenović,,55,14.7,35.7,0.0176,miss,right-foot,corner,sofascore
14053788,974203,Alec Van Hoorenbeeck,,54,6.2,41.3,0.0518,miss,head,corner,sofascore
14053788,914392,Jizz Hornkamp,,51,8.2,55.8,0.1001,miss,head,assisted,sofascore
14053788,996982,Yannick Leliendal,,49,25.3,33.9,0.0283,goal,left-foot,assisted,sofascore
14053788,914392,Jizz Hornkamp,,44,4.6,47.9,0.4793,save,right-foot,assisted,sofascore
14053788,1511723,Nordin Bukala,,42,1.6,53.2,0.7895,goal,right-foot,corner,sofascore
14053788,106154,Mawouna Amevor,,42,6.9,46.8,0.1049,miss,head,corner,sofascore
14053788,998999,Luka Kulenović,,40,19.8,42.7,0.0843,miss,right-foot,regular,sofascore
14053788,313264,Henk Veerman,,39,14.8,64.4,0.0533,save,left-foot,assisted,sofascore
14053788,918484,Ivan Mesík,,38,29.0,28.0,0.0188,block,right-foot,assisted,sofascore
14053788,313264,Henk Veerman,,33,10.1,49.1,0.0524,miss,head,assisted,sofascore
14053788,252885,Brandley Kuwas,,30,16.9,63.4,0.0355,block,left-foot,assisted,sofascore
14053788,918484,Ivan Mesík,,28,14.8,38.7,0.0542,block,left-foot,assisted,sofascore
14053788,132674,Mario Engels,,26,21.5,53.4,0.0559,miss,right-foot,assisted,sofascore
14053788,2216656,Robin van Cruijsen,,8,14.5,42.5,0.1586,block,left-foot,regular,sofascore
14053788,313264,Henk Veerman,,3,14.4,57.0,0.0705,miss,left-foot,assisted,sofascore
14053789,1652148,Giannino Vianello,,90,7.5,29.5,0.0396,post,left-foot,fast-break,sofascore
14053789,1137227,Milan Zonneveld,,90,12.8,56.7,0.1382,save,right-foot,regular,sofascore
14053789,845798,Guus Til,,90,24.6,62.3,0.0237,block,right-foot,assisted,sofascore
14053789,856744,Myron Boadu,,89,4.2,46.5,0.2858,post,head,regular,sofascore
14053789,1050672,Casper Terho,,89,14.8,34.9,0.0393,miss,left-foot,assisted,sofascore
14053789,1047395,Couhaib Driouech,,88,24.4,62.7,0.0238,miss,right-foot,assisted,sofascore
14053789,1136110,Esmir Bajraktarević,,86,20.7,39.1,0.077,block,left-foot,assisted,sofascore
14053789,1136110,Esmir Bajraktarević,,86,27.4,61.2,0.018,block,left-foot,assisted,sofascore
14053789,1046960,Ryan Flamingo,,84,9.1,57.2,0.0529,miss,head,corner,sofascore
14053789,1063767,Ismael Saibari,,80,15.7,60.4,0.5283,goal,right-foot,fast-break,sofascore
14053789,1050672,Casper Terho,,79,11.9,64.5,0.0496,block,left-foot,assisted,sofascore
14053789,913584,Joshua Kitolano,,66,5.4,48.3,0.6231,save,right-foot,assisted,sofascore
14053789,1063767,Ismael Saibari,,56,23.6,57.1,0.0409,save,left-foot,assisted,sofascore
14053789,986395,Ricardo Pepi,,45,7.7,44.2,0.2233,goal,head,assisted,sofascore
14053789,1063767,Ismael Saibari,,45,25.1,64.6,0.0141,block,right-foot,assisted,sofascore
14053789,38710,Ivan Perišić,,43,9.9,51.5,0.1118,save,left-foot,assisted,sofascore
14053789,1146018,Paul Wanner,,33,19.1,68.1,0.0118,miss,left-foot,corner,sofascore
14053789,986395,Ricardo Pepi,,32,7.1,43.4,0.085,miss,head,assisted,sofascore
14053789,986395,Ricardo Pepi,,31,5.2,49.1,0.4683,miss,right-foot,assisted,sofascore
14053789,1063767,Ismael Saibari,,28,12.5,49.1,0.096,post,left-foot,assisted,sofascore
14053789,1046143,Julian Baas,,25,27.4,58.7,0.0149,miss,right-foot,assisted,sofascore
14053789,1014222,Kiliann Sildillia,,20,3.0,60.5,0.0673,miss,head,regular,sofascore
14053789,38710,Ivan Perišić,,19,13.3,32.9,0.038,block,right-foot,assisted,sofascore
14053789,893499,Mauro Júnior,,18,23.4,35.4,0.0242,save,left-foot,assisted,sofascore
14053789,1193084,Mike Kleijn,,13,9.1,44.2,0.0777,save,left-foot,regular,sofascore
14053789,1002479,Shunsuke Mito,,9,14.4,28.2,0.0185,save,right-foot,assisted,sofascore
14053789,385708,Vito van Crooij,,9,19.4,38.7,0.1058,block,right-foot,free-kick,sofascore
14053790,1022376,Amourricho van Axel-Dongen,,90,8.9,54.8,0.2014,block,right-foot,throw-in-set-piece,sofascore
14053790,1022376,Amourricho van Axel-Dongen,,90,8.3,49.9,0.3073,block,left-foot,throw-in-set-piece,sofascore
14053790,1878212,David van der Werff,,90,7.8,50.7,0.5343,save,left-foot,assisted,sofascore
14053790,1015627,Jacob Trenskow,,88,22.9,49.3,0.0273,miss,right-foot,assisted,sofascore
14053790,1132765,Maas Willemsen,,87,25.4,50.5,0.0299,save,left-foot,regular,sofascore
14053790,1014408,Maxence Rivera,,86,28.4,60.1,0.0061,miss,right-foot,corner,sofascore
14053790,1028070,Lasse Selvåg Nordås,,85,11.8,65.8,0.057,save,left-foot,assisted,sofascore
14053790,907520,Brynjólfur Darri Willumsson,,84,18.1,55.2,0.067,save,right-foot,assisted,sofascore
14053790,1121401,Thijmen Blokzijl,,79,19.7,52.2,0.0396,goal,right-foot,assisted,sofascore
14053790,1413536,Thom van Bergen,,77,10.3,34.4,0.0954,miss,left-foot,regular,sofascore
14053790,1413536,Thom van Bergen,,76,13.0,46.4,0.6592,save,right-foot,fast-break,sofascore
14053790,992018,Ringo Meerveld,,71,4.0,32.7,0.0748,save,left-foot,assisted,sofascore
14053790,1015627,Jacob Trenskow,,69,15.0,50.1,0.1242,block,left-foot,regular,sofascore
14053790,1441117,Tygo Land,,67,16.6,51.3,0.0517,miss,right-foot,corner,sofascore
14053790,1090328,Stije Resink,,66,7.3,54.6,0.1085,block,right-foot,corner,sofascore
14053790,1195719,Bernt Klaverboer,,58,1.3,47.3,,goal,right-foot,fast-break,sofascore
14053790,1146623,Younes Taha,,56,31.9,62.7,0.037,save,left-foot,free-kick,sofascore
14053790,1878212,David van der Werff,,55,10.4,67.3,0.062,miss,right-foot,fast-break,sofascore
14053790,794014,Luuk Brouwers,,42,8.0,66.9,0.0704,miss,right-foot,throw-in-set-piece,sofascore
14053790,825843,Dylan Vente,,37,9.2,74.2,0.0497,save,right-foot,assisted,sofascore
14053790,992018,Ringo Meerveld,,32,14.4,49.9,0.2358,save,right-foot,assisted,sofascore
14053790,1015627,Jacob Trenskow,,30,18.4,61.1,0.053,block,left-foot,fast-break,sofascore
14053790,1413536,Thom van Bergen,,27,3.5,37.0,0.0371,miss,right-foot,corner,sofascore
14053790,992018,Ringo Meerveld,,22,14.4,47.8,0.0382,block,left-foot,corner,sofascore
14053790,992018,Ringo Meerveld,,20,16.9,38.3,0.0291,block,right-foot,assisted,sofascore
14053790,1413536,Thom van Bergen,,16,11.4,62.6,0.3058,save,right-foot,assisted,sofascore
14053790,1413536,Thom van Bergen,,9,12.2,53.8,0.0326,miss,head,assisted,sofascore
14053790,825843,Dylan Vente,,7,7.0,49.7,0.1238,miss,head,set-piece,sofascore
14053790,1627623,Marcus Linday,,4,20.4,57.9,0.0455,post,right-foot,regular,sofascore
14053790,1150061,Oliver Braude,,4,10.5,52.1,0.1176,miss,head,assisted,sofascore
14053791,916926,Shurandy Sambo,,90,5.5,68.7,0.0346,miss,right-foot,regular,sofascore
14053791,1046143,Julian Baas,,90,20.1,23.4,0.0267,save,right-foot,throw-in-set-piece,sofascore
14053791,1592152,Sebastiaan Hagedoorn,,90,13.9,57.5,0.0178,save,head,assisted,sofascore
14053791,581080,Mohamed Hamdaoui,,88,30.3,64.9,0.0111,miss,right-foot,assisted,sofascore
14053791,1592152,Sebastiaan Hagedoorn,,83,17.5,47.4,0.0691,save,left-foot,assisted,sofascore
14053791,74577,Patrick van Aanholt,,83,10.2,46.8,0.363,miss,left-foot,throw-in-set-piece,sofascore
14053791,1047396,Guus Offerhaus,,81,20.6,57.7,0.0511,miss,right-foot,assisted,sofascore
14053791,1137227,Milan Zonneveld,,78,7.7,34.0,0.0894,block,left-foot,assisted,sofascore
14053791,1137227,Milan Zonneveld,,75,12.9,70.5,0.0368,block,left-foot,assisted,sofascore
14053791,827662,Mitchell Van Bergen,,72,18.5,47.1,0.0303,miss,right-foot,set-piece,sofascore
14053791,1648759,Marvin Young,,70,8.8,43.0,0.043,miss,head,set-piece,sofascore
14053791,1648756,Ayoub Oufkir,,67,7.7,29.2,0.0352,save,left-foot,fast-break,sofascore
14053791,1047396,Guus Offerhaus,,62,28.3,54.9,0.0106,miss,left-foot,regular,sofascore
14053791,1469336,Tyrese Noslin,,60,28.4,56.2,0.0131,miss,right-foot,set-piece,sofascore
14053791,827662,Mitchell Van Bergen,,58,8.3,69.7,0.0353,block,left-foot,regular,sofascore
14053791,1157777,Jochem Ritmeester van de Kamp,,56,16.3,49.9,0.0294,miss,head,assisted,sofascore
14053791,385300,Jeff Hardeveld,,55,3.4,56.7,0.1312,block,head,corner,sofascore
14053791,860158,Kay Tejan,,45,25.0,43.0,0.0253,miss,left-foot,assisted,sofascore
14053791,385300,Jeff Hardeveld,,42,19.7,46.0,0.045,block,right-foot,regular,sofascore
14053791,1469336,Tyrese Noslin,,35,21.2,69.3,0.0212,miss,left-foot,regular,sofascore
14053791,946505,Lance Duijvestijn,,28,25.0,42.1,0.0162,save,right-foot,assisted,sofascore
14053791,796943,Tobias Lauritsen,,25,3.6,48.4,0.796,goal,right-foot,assisted,sofascore
14053791,1648756,Ayoub Oufkir,,25,5.8,34.6,0.0799,miss,left-foot,regular,sofascore
14053791,946505,Lance Duijvestijn,,25,7.1,57.3,0.1278,miss,head,assisted,sofascore
14053791,116947,Bruno Martins Indi,,22,11.9,51.3,0.0399,save,head,corner,sofascore
14053791,1469336,Tyrese Noslin,,11,14.4,61.8,0.078,save,left-foot,regular,sofascore
14053791,1648756,Ayoub Oufkir,,3,4.6,34.8,0.0453,block,left-foot,regular,sofascore
14053791,1648756,Ayoub Oufkir,,3,13.4,38.2,0.124,save,left-foot,assisted,sofascore
14053792,360006,Finn Stokkers,,90,9.8,53.9,0.0437,miss,head,assisted,sofascore
14053792,360006,Finn Stokkers,,90,8.2,39.9,0.0898,block,right-foot,regular,sofascore
14053792,1413536,Thom van Bergen,,90,8.3,31.8,0.0528,miss,right-foot,assisted,sofascore
14053792,1121402,Tika de Jonge,,88,11.3,44.7,0.087,block,right-foot,regular,sofascore
14053792,163541,Mats Seuntjens,,76,14.4,36.8,0.0388,miss,left-foot,regular,sofascore
14053792,907520,Brynjólfur Darri Willumsson,,75,13.1,47.9,0.1047,block,left-foot,assisted,sofascore
14053792,1413536,Thom van Bergen,,75,12.8,65.3,0.0812,block,right-foot,assisted,sofascore
14053792,360006,Finn Stokkers,,74,7.9,47.3,0.0922,miss,head,assisted,sofascore
14053792,909960,Mathis Suray,,71,23.0,34.4,0.0377,save,right-foot,assisted,sofascore
14053792,1413536,Thom van Bergen,,67,9.0,55.6,0.074,save,head,assisted,sofascore
14053792,1400656,Travis Hernes,,63,9.7,41.1,0.2394,save,right-foot,assisted,sofascore
14053792,1424404,Jorg Schreuders,,62,19.4,32.3,0.0411,miss,right-foot,fast-break,sofascore
14053792,1400656,Travis Hernes,,60,27.7,52.3,0.0487,miss,left-foot,assisted,sofascore
14053792,1441117,Tygo Land,,55,14.3,38.8,0.073,block,right-foot,assisted,sofascore
14053792,1878212,David van der Werff,,54,21.0,34.4,0.0428,block,right-foot,fast-break,sofascore
14053792,909960,Mathis Suray,,51,5.8,46.0,0.3997,miss,right-foot,assisted,sofascore
14053792,1424404,Jorg Schreuders,,47,21.5,39.3,0.0605,miss,right-foot,assisted,sofascore
14053792,1413536,Thom van Bergen,,43,10.6,36.4,0.0636,miss,left-foot,assisted,sofascore
14053792,987647,Søren Tengstedt,,41,10.3,68.1,0.0178,block,left-foot,corner,sofascore
14053792,909960,Mathis Suray,,40,25.3,23.3,0.0172,save,right-foot,assisted,sofascore
14053792,1878212,David van der Werff,,36,25.6,25.6,0.0143,miss,right-foot,corner,sofascore
14053792,827103,Marco Rente,,36,4.5,59.1,0.0847,block,right-foot,corner,sofascore
14053792,1878212,David van der Werff,,35,10.9,50.0,0.0421,save,head,assisted,sofascore
14053792,1146623,Younes Taha,,26,24.3,38.5,0.026,miss,left-foot,assisted,sofascore
14053792,1121402,Tika de Jonge,,24,24.0,50.5,0.0243,miss,right-foot,assisted,sofascore
14053792,1413536,Thom van Bergen,,20,5.4,44.4,0.1129,block,head,corner,sofascore
14053792,891795,Melle Meulensteen,,19,13.3,60.7,0.0751,block,left-foot,throw-in-set-piece,sofascore
14053792,907517,Stefán Ingi Sigurðarson,,17,18.4,46.5,0.0855,block,right-foot,fast-break,sofascore
14053792,1029724,Jakob Breum,,14,19.4,32.6,0.0185,block,right-foot,regular,sofascore
14053792,1121402,Tika de Jonge,,12,4.1,41.8,0.2018,save,left-foot,fast-break,sofascore
14053792,1878212,David van der Werff,,12,25.4,34.9,0.0251,save,right-foot,fast-break,sofascore
14053792,827103,Marco Rente,,10,3.3,59.3,0.1449,post,head,corner,sofascore
14053792,1878212,David van der Werff,,9,24.6,50.0,0.0379,block,right-foot,corner,sofascore
14053792,1146623,Younes Taha,,9,8.0,59.0,0.0341,block,head,assisted,sofascore
14053793,980383,Raúl Moro,,90,10.4,63.6,0.1118,miss,right-foot,assisted,sofascore
14053793,996940,Youri Regeer,,90,15.3,46.4,0.0625,miss,left-foot,regular,sofascore
14053793,970860,Lucas Rosa,,90,2.6,45.9,0.2984,post,left-foot,regular,sofascore
14053793,794013,Mats Deijl,,87,10.8,63.6,0.0722,save,right-foot,set-piece,sofascore
14053793,1155158,Oscar Gloukh,,85,15.6,34.6,0.0842,block,right-foot,fast-break,sofascore
14053793,1199214,Milan Smit,,85,21.5,63.4,0.037,save,right-foot,assisted,sofascore
14053793,964766,Thibo Baeten,,82,22.9,76.9,0.0137,miss,left-foot,assisted,sofascore
14053793,795761,Kasper Dolberg,,74,6.4,56.8,0.2507,miss,right-foot,assisted,sofascore
14053793,1199214,Milan Smit,,66,8.6,41.1,0.3282,goal,left-foot,assisted,sofascore
14053793,1403090,Rayane Bounida,,63,14.6,48.6,0.0748,block,right-foot,assisted,sofascore
14053793,795761,Kasper Dolberg,,63,9.3,59.8,0.4498,save,right-foot,assisted,sofascore
14053793,964766,Thibo Baeten,,58,25.0,68.7,0.0166,save,left-foot,assisted,sofascore
14053793,1403090,Rayane Bounida,,57,11.4,44.2,0.2007,save,left-foot,fast-break,sofascore
14053793,1029724,Jakob Breum,,55,14.1,33.4,0.0402,save,right-foot,regular,sofascore
14053793,1199214,Milan Smit,,55,14.3,49.3,0.0238,miss,head,assisted,sofascore
14053793,964766,Thibo Baeten,,53,13.3,55.2,0.3377,goal,left-foot,assisted,sofascore
14053793,1149146,Mika Godts,,52,15.3,58.4,0.0826,miss,left-foot,assisted,sofascore
14053793,964766,Thibo Baeten,,49,25.9,48.1,0.0417,miss,left-foot,assisted,sofascore
14053793,1120315,Anton Gaaei,,46,9.9,68.9,0.0377,miss,right-foot,assisted,sofascore
14053793,1120315,Anton Gaaei,,41,24.0,52.3,0.0242,block,right-foot,corner,sofascore
14053793,1859920,Sean Steur,,40,12.8,41.3,0.5059,save,left-foot,assisted,sofascore
14053793,1120315,Anton Gaaei,,38,8.5,73.8,0.0272,miss,right-foot,assisted,sofascore
14053793,1403090,Rayane Bounida,,37,13.2,56.0,0.0842,block,left-foot,assisted,sofascore
14053793,916947,Kenzo Goudmijn,,32,24.0,48.7,0.0293,post,right-foot,assisted,sofascore
14053793,795761,Kasper Dolberg,,28,7.0,48.7,0.2528,goal,left-foot,assisted,sofascore
14053793,1149146,Mika Godts,,20,7.3,52.8,0.3952,post,right-foot,assisted,sofascore
14053793,97410,Davy Klaassen,,15,17.9,50.3,0.141,goal,right-foot,fast-break,sofascore
14053793,795761,Kasper Dolberg,,8,25.3,59.9,0.0581,save,left-foot,fast-break,sofascore
14053794,815080,Jamiro Monteiro,,90,19.7,30.3,0.0626,miss,right-foot,free-kick,sofascore
14053794,876233,Thijs Oosting,,83,21.3,68.1,0.0632,save,left-foot,free-kick,sofascore
14053794,35208,Tjaronn Chery,,79,17.1,31.8,0.0382,block,left-foot,assisted,sofascore
14053794,966655,Shola Shoretire,,79,8.6,32.9,0.0458,save,left-foot,regular,sofascore
14053794,847073,Koen Kostons,,77,27.1,55.6,0.0419,miss,right-foot,assisted,sofascore
14053794,847073,Koen Kostons,,69,26.9,53.6,0.0603,save,right-foot,assisted,sofascore
14053794,1193676,Başar Önal,,67,13.0,34.4,0.0584,miss,right-foot,assisted,sofascore
14053794,1064177,Ahmetcan Kaplan,,62,19.8,35.0,0.055,block,left-foot,fast-break,sofascore
14053794,127846,Eli Dasa,,59,23.5,61.8,0.0325,save,right-foot,assisted,sofascore
14053794,847073,Koen Kostons,,54,14.7,59.8,0.5311,save,right-foot,fast-break,sofascore
14053794,847073,Koen Kostons,,50,11.7,44.0,0.8698,goal,left-foot,fast-break,sofascore
14053794,1064177,Ahmetcan Kaplan,,47,11.4,38.5,0.1806,goal,left-foot,regular,sofascore
14053794,1064177,Ahmetcan Kaplan,,47,14.1,33.7,0.0674,block,left-foot,regular,sofascore
14053794,1193676,Başar Önal,,47,11.7,33.1,0.0537,block,right-foot,assisted,sofascore
14053794,815080,Jamiro Monteiro,,45,22.6,31.9,0.0519,goal,right-foot,free-kick,sofascore
14053794,847073,Koen Kostons,,36,14.4,65.7,0.1018,miss,right-foot,fast-break,sofascore
14053794,35208,Tjaronn Chery,,35,23.9,35.4,0.023,miss,left-foot,assisted,sofascore
14053794,815080,Jamiro Monteiro,,22,19.1,24.8,0.0047,block,right-foot,corner,sofascore
14053794,1184054,Kodai Sano,,20,14.8,59.5,0.0434,miss,right-foot,assisted,sofascore
14053794,1193676,Başar Önal,,12,18.2,31.3,0.0176,miss,right-foot,assisted,sofascore
14053794,831860,Koki Ogawa,,9,13.1,52.6,0.1971,goal,right-foot,assisted,sofascore
14053795,1548838,Soufiane Hetli,,90,11.0,51.3,0.1053,miss,head,assisted,sofascore
14053795,1548838,Soufiane Hetli,,90,20.9,43.4,0.1307,save,right-foot,free-kick,sofascore
14053795,2007289,Jelani Seedorf,,90,8.8,46.1,0.0505,block,head,corner,sofascore
14053795,834597,Jesper Karlsson,,90,29.9,46.6,0.034,goal,right-foot,free-kick,sofascore
14053795,1084609,Tyrone Owusu,,86,26.3,57.9,0.0305,save,right-foot,regular,sofascore
14053795,991679,Souffian El Karouani,,81,6.8,30.4,0.0399,save,left-foot,assisted,sofascore
14053795,1153261,Ángel Alarcón,,75,12.8,66.0,0.0811,save,right-foot,assisted,sofascore
14053795,1548834,Sem van Duijn,,74,13.5,59.9,0.0573,save,right-foot,assisted,sofascore
14053795,855854,Dani De Wit,,72,15.0,50.8,0.7617,goal,right-foot,regular,sofascore
14053795,1489193,Artem Stepanov,,72,13.9,59.9,0.1286,save,right-foot,regular,sofascore
14053795,1105700,Yoann Cathline,,69,9.9,58.3,0.1923,miss,right-foot,assisted,sofascore
14053795,991679,Souffian El Karouani,,69,30.5,24.4,0.0155,save,left-foot,assisted,sofascore
14053795,1047396,Guus Offerhaus,,68,23.4,36.8,0.0677,block,right-foot,free-kick,sofascore
14053795,1433802,Gjivai Zechiël,,61,26.6,55.1,0.0198,goal,right-foot,assisted,sofascore
14053795,302690,Danny Bakker,,58,26.5,37.2,0.0272,goal,left-foot,assisted,sofascore
14053795,1153261,Ángel Alarcón,,57,4.6,54.2,0.1699,miss,head,corner,sofascore
14053795,1105700,Yoann Cathline,,57,11.1,64.6,0.0464,save,right-foot,assisted,sofascore
14053795,1105700,Yoann Cathline,,54,25.6,40.3,0.0172,block,left-foot,assisted,sofascore
14053795,991679,Souffian El Karouani,,51,5.2,27.4,0.0191,miss,left-foot,regular,sofascore
14053795,996992,Matisse Didden,,49,9.5,46.8,0.0604,miss,head,set-piece,sofascore
14053795,1084609,Tyrone Owusu,,46,13.2,58.3,0.1931,block,right-foot,fast-break,sofascore
14053795,991679,Souffian El Karouani,,39,4.2,34.8,0.1642,miss,left-foot,fast-break,sofascore
14053795,855854,Dani De Wit,,35,15.3,67.2,0.0373,miss,right-foot,assisted,sofascore
14053795,991679,Souffian El Karouani,,17,24.7,35.2,0.0221,block,right-foot,assisted,sofascore
14053795,1548834,Sem van Duijn,,12,7.3,44.4,0.0655,save,head,corner,sofascore
14053795,996992,Matisse Didden,,10,8.2,52.4,0.0997,goal,right-foot,corner,sofascore
14053795,1489193,Artem Stepanov,,9,15.3,39.9,0.081,block,right-foot,fast-break,sofascore
14053795,1418395,Neville Nwankwo,,8,12.8,69.3,0.049,miss,right-foot,regular,sofascore
14053795,1084609,Tyrone Owusu,,8,14.7,54.1,0.0699,save,right-foot,assisted,sofascore
14053795,1066319,Patrick Brouwer,,5,16.6,40.1,0.151,save,right-foot,regular,sofascore
14053795,1548834,Sem van Duijn,,1,14.1,49.9,0.0133,miss,head,set-piece,sofascore
14053796,1184054,Kodai Sano,,90,12.0,46.2,0.0887,goal,right-foot,assisted,sofascore
14053796,912651,Boyd Lucassen,,86,17.8,47.3,0.1747,miss,right-foot,free-kick,sofascore
14053796,858242,Boy Kemper,,81,11.0,37.2,0.143,goal,left-foot,set-piece,sofascore
14053796,858242,Boy Kemper,,78,5.2,35.4,0.1093,miss,left-foot,set-piece,sofascore
14053796,1461935,Moussa Soumano,,71,9.3,52.1,0.0667,block,head,assisted,sofascore
14053796,961685,Dirk Wanner Proper,,69,12.2,51.7,0.5837,goal,right-foot,assisted,sofascore
14053796,1012927,Rio Hillen,,61,11.8,54.5,0.027,save,head,set-piece,sofascore
14053796,1461935,Moussa Soumano,,55,19.0,35.2,0.0352,goal,right-foot,fast-break,sofascore
14053796,1214957,Noe Lebreton,,51,13.0,68.9,0.0405,miss,right-foot,regular,sofascore
14053796,1461935,Moussa Soumano,,45,13.0,51.7,0.0287,miss,head,assisted,sofascore
14053796,1214957,Noe Lebreton,,45,13.2,35.4,0.0331,save,right-foot,throw-in-set-piece,sofascore
14053796,943595,Sydney van Hooijdonk,,45,11.7,54.0,0.0311,miss,head,assisted,sofascore
14053796,1461935,Moussa Soumano,,38,24.1,31.7,0.0199,goal,right-foot,assisted,sofascore
14053796,1135884,Lewis Holtby,,37,9.8,36.8,0.0752,save,left-foot,regular,sofascore
14053796,1461935,Moussa Soumano,,37,21.8,51.7,0.0488,block,right-foot,assisted,sofascore
14053796,35208,Tjaronn Chery,,34,20.5,27.6,0.0293,save,left-foot,assisted,sofascore
14053796,831860,Koki Ogawa,,32,8.6,44.9,0.0513,save,head,corner,sofascore
14053796,943595,Sydney van Hooijdonk,,27,20.7,64.2,0.0208,block,right-foot,assisted,sofascore
14053796,1012927,Rio Hillen,,27,9.8,48.3,0.0462,miss,head,corner,sofascore
14053796,897603,Darko Nejašmić,,25,26.3,35.8,0.0365,save,right-foot,assisted,sofascore
14053796,1394147,Sami Ouaissa,,17,16.7,63.2,0.0255,goal,left-foot,assisted,sofascore
14053796,1193676,Başar Önal,,14,15.0,37.8,0.067,block,right-foot,assisted,sofascore
14053796,127846,Eli Dasa,,10,4.9,65.2,0.0634,goal,right-foot,throw-in-set-piece,sofascore
14053796,1193676,Başar Önal,,6,9.9,41.1,0.1756,block,right-foot,assisted,sofascore
14053796,858242,Boy Kemper,,3,12.2,39.7,0.095,miss,left-foot,regular,sofascore
14053797,996940,Youri Regeer,,68,21.9,52.1,0.0276,block,right-foot,regular,sofascore
14053797,945233,Thomas Van den Belt,,68,20.0,41.8,0.0339,miss,left-foot,assisted,sofascore
14053797,35193,Ricky van Wolfswinkel,,64,11.5,50.0,0.7884,goal,right-foot,penalty,sofascore
14053797,35193,Ricky van Wolfswinkel,,60,21.3,55.4,0.0491,miss,right-foot,assisted,sofascore
14053797,1149146,Mika Godts,,56,11.4,42.5,0.2965,goal,right-foot,fast-break,sofascore
14053797,1155158,Oscar Gloukh,,51,19.4,49.0,0.0624,goal,right-foot,assisted,sofascore
14053797,1200962,Sondre Ørjasæter,,51,19.1,37.3,0.0435,save,right-foot,assisted,sofascore
14053797,945233,Thomas Van den Belt,,50,18.3,39.4,0.0463,block,right-foot,assisted,sofascore
14053797,252215,Wout Weghorst,,49,6.7,51.6,0.1724,goal,head,throw-in-set-piece,sofascore
14053797,252215,Wout Weghorst,,46,14.1,53.4,0.1169,block,right-foot,assisted,sofascore
14053797,190435,Marko Pjaca,,45,10.5,74.1,0.0305,save,right-foot,assisted,sofascore
14053797,989882,Ramiz Zerrouki,,44,28.4,32.1,0.0175,miss,right-foot,assisted,sofascore
14053797,790989,Ko Itakura,,42,8.0,40.8,0.035,save,head,set-piece,sofascore
14053797,1200962,Sondre Ørjasæter,,39,13.1,44.9,0.0809,block,right-foot,assisted,sofascore
14053797,959806,Kenneth Taylor,,32,8.5,72.5,0.0288,save,left-foot,assisted,sofascore
14053797,1387012,Mats Rots,,30,19.7,29.7,0.0197,miss,left-foot,corner,sofascore
14053797,1160026,Kristian Hlynsson,,29,18.2,65.5,0.0419,block,right-foot,assisted,sofascore
14053797,1387012,Mats Rots,,29,22.5,68.4,0.0139,block,left-foot,assisted,sofascore
14053797,1387012,Mats Rots,,29,9.1,56.4,0.2146,miss,left-foot,assisted,sofascore
14053797,989882,Ramiz Zerrouki,,26,18.4,46.7,0.0799,block,left-foot,assisted,sofascore
14053797,959806,Kenneth Taylor,,24,12.4,53.2,0.0308,miss,head,assisted,sofascore
14053797,945233,Thomas Van den Belt,,22,7.4,49.5,0.2207,save,head,assisted,sofascore
14053797,945233,Thomas Van den Belt,,19,16.9,55.0,0.0791,block,right-foot,assisted,sofascore
14053797,252215,Wout Weghorst,,18,13.3,62.2,0.0702,save,right-foot,fast-break,sofascore
14053797,35193,Ricky van Wolfswinkel,,13,3.8,59.6,0.1537,miss,head,corner,sofascore
14053797,945233,Thomas Van den Belt,,13,9.8,34.8,0.0467,block,left-foot,assisted,sofascore
14053797,1200962,Sondre Ørjasæter,,9,15.3,31.5,0.0203,block,right-foot,assisted,sofascore
14053797,1160026,Kristian Hlynsson,,8,13.9,46.6,0.1151,miss,right-foot,assisted,sofascore
14053797,1160026,Kristian Hlynsson,,4,2.4,48.7,0.6017,goal,head,corner,sofascore
14053797,1890313,Ruud Nijstad,,4,9.1,49.4,0.0486,block,head,corner,sofascore
14053798,1088895,Mohamed Nassoh,,90,24.7,52.8,0.0188,goal,right-foot,assisted,sofascore
14053798,929633,Mohamed Ihattaren,,90,25.3,36.3,0.0193,save,left-foot,assisted,sofascore
14053798,1461935,Moussa Soumano,,88,18.5,51.4,0.039,save,right-foot,assisted,sofascore
14053798,148615,Paul Gladon,,85,10.7,45.4,0.6042,miss,right-foot,assisted,sofascore
14053798,1461935,Moussa Soumano,,83,21.8,31.7,0.0248,miss,right-foot,assisted,sofascore
14053798,858242,Boy Kemper,,82,7.5,42.3,0.0328,save,head,corner,sofascore
14053798,1175856,Amine Salama,,81,21.0,71.8,0.0295,block,right-foot,assisted,sofascore
14053798,148615,Paul Gladon,,79,3.8,69.6,0.0247,block,right-foot,assisted,sofascore
14053798,918420,Leo Greiml,,76,28.2,57.9,0.0225,save,right-foot,regular,sofascore
14053798,366942,Kristoffer Peterson,,56,3.1,43.4,0.4467,goal,left-foot,assisted,sofascore
14053798,226762,Fredrik Jensen,,45,21.8,62.2,0.0164,save,left-foot,corner,sofascore
14053798,226762,Fredrik Jensen,,45,10.1,51.4,0.0468,miss,head,assisted,sofascore
14053798,58994,Denis Odoi,,44,27.5,74.0,0.0154,miss,right-foot,assisted,sofascore
14053798,946505,Lance Duijvestijn,,40,14.3,55.7,0.2038,miss,right-foot,assisted,sofascore
14053798,366942,Kristoffer Peterson,,31,18.7,35.2,0.0421,miss,right-foot,assisted,sofascore
14053798,27035,André Ayew,,29,6.0,29.8,0.0457,save,left-foot,assisted,sofascore
14053798,927440,Kamal Sowah,,26,9.3,53.8,0.1376,miss,head,assisted,sofascore
14053798,591044,Dimitris Limnios,,24,18.7,51.9,0.0418,miss,left-foot,set-piece,sofascore
14053798,1083398,Raul Paula,,20,18.8,39.7,0.0299,block,right-foot,assisted,sofascore
14053798,961686,Syb Van Ottele,,16,24.6,48.8,0.0237,miss,right-foot,corner,sofascore
14053798,27035,André Ayew,,14,11.1,51.7,0.0954,miss,left-foot,assisted,sofascore
14053798,27035,André Ayew,,10,6.5,48.3,0.3461,save,head,throw-in-set-piece,sofascore
14053798,591044,Dimitris Limnios,,7,6.7,50.7,0.1594,miss,head,assisted,sofascore
14053798,366942,Kristoffer Peterson,,1,15.6,29.7,0.0374,block,right-foot,assisted,sofascore
14053799,190435,Marko Pjaca,,90,7.6,44.2,0.075,block,head,assisted,sofascore
14053799,1048487,Noah Naujoks,,81,13.5,57.3,0.2233,miss,right-foot,fast-break,sofascore
14053799,991039,Adam Carlén,,79,7.5,52.7,0.0882,block,head,corner,sofascore
14053799,1126595,Lennard Hartjes,,71,6.7,46.4,0.3461,miss,head,assisted,sofascore
14053799,991039,Adam Carlén,,63,9.5,46.1,0.0416,block,head,corner,sofascore
14053799,1384483,Irakli Yegoian,,62,11.6,68.9,0.0234,block,right-foot,corner,sofascore
14053799,1200962,Sondre Ørjasæter,,59,15.0,59.8,0.0522,miss,right-foot,corner,sofascore
14053799,1200962,Sondre Ørjasæter,,52,15.3,44.2,0.1074,miss,right-foot,regular,sofascore
14053799,1126966,Gyan de Regt,,48,24.3,39.3,0.038,block,right-foot,fast-break,sofascore
14053799,1153163,Nolan Martens,,46,3.3,69.5,0.1043,miss,right-foot,assisted,sofascore
14053799,150494,Mike van Duinen,,45,10.2,54.2,0.0495,save,head,set-piece,sofascore
14053799,1200962,Sondre Ørjasæter,,42,12.5,48.1,0.096,block,right-foot,assisted,sofascore
14053799,1160026,Kristian Hlynsson,,38,10.9,62.0,0.061,block,right-foot,regular,sofascore
14053799,1200962,Sondre Ørjasæter,,38,22.9,36.2,0.0377,block,right-foot,assisted,sofascore
14053799,1200962,Sondre Ørjasæter,,31,13.2,31.2,0.0409,save,right-foot,assisted,sofascore
14053799,1200962,Sondre Ørjasæter,,21,4.4,67.5,0.0649,post,right-foot,regular,sofascore
14053799,1160026,Kristian Hlynsson,,21,10.0,49.5,0.1841,block,right-foot,assisted,sofascore
14053799,945233,Thomas Van den Belt,,16,9.9,55.0,0.3064,save,right-foot,fast-break,sofascore
14053799,1160026,Kristian Hlynsson,,14,22.2,50.1,0.0374,miss,right-foot,corner,sofascore
14053799,1091627,Max Bruns,,12,8.8,42.3,0.0772,miss,head,assisted,sofascore
14053799,35193,Ricky van Wolfswinkel,,11,15.3,63.6,0.0301,save,right-foot,assisted,sofascore
14053799,1387012,Mats Rots,,9,9.1,36.2,0.1753,post,left-foot,fast-break,sofascore
14053800,1386182,Robbin Weijenberg,,90,10.2,28.4,0.0159,block,right-foot,assisted,sofascore
14053800,1133233,Aske Adelgaard,,90,21.3,63.6,0.0391,save,left-foot,set-piece,sofascore
14053800,1046142,Derensili Sanches Fernandes,,82,22.2,69.3,0.0134,block,left-foot,assisted,sofascore
14053800,1133233,Aske Adelgaard,,81,24.2,35.4,0.0233,block,left-foot,assisted,sofascore
14053800,1384483,Irakli Yegoian,,75,9.9,52.2,0.0542,block,head,assisted,sofascore
14053800,909960,Mathis Suray,,66,3.8,44.3,0.4237,goal,head,assisted,sofascore
14053800,973716,Richonell Margaret,,62,4.8,71.6,0.0198,miss,right-foot,assisted,sofascore
14053800,909960,Mathis Suray,,58,13.3,46.6,0.1501,goal,right-foot,regular,sofascore
14053800,909960,Mathis Suray,,58,13.8,49.1,0.471,save,right-foot,assisted,sofascore
14053800,1384483,Irakli Yegoian,,55,24.6,62.8,0.0475,miss,right-foot,assisted,sofascore
14053800,991039,Adam Carlén,,49,24.5,52.5,0.0151,miss,right-foot,corner,sofascore
14053800,1046142,Derensili Sanches Fernandes,,49,6.6,71.1,0.0341,save,left-foot,fast-break,sofascore
14053800,891795,Melle Meulensteen,,48,8.6,49.1,0.0618,miss,head,corner,sofascore
14053800,1199214,Milan Smit,,47,13.9,42.5,0.064,block,left-foot,assisted,sofascore
14053800,1009285,Szymon Włodarczyk,,44,9.5,36.0,0.1787,save,right-foot,assisted,sofascore
14053800,2180363,Yassir Rahmouni,,33,23.4,63.4,0.0163,miss,right-foot,throw-in-set-piece,sofascore
14053800,1019892,Stefan Mitrović,,27,3.0,37.5,0.1229,block,left-foot,assisted,sofascore
14053800,1019892,Stefan Mitrović,,27,14.7,28.0,0.0178,block,right-foot,assisted,sofascore
14053800,794013,Mats Deijl,,25,14.0,73.1,0.0453,miss,right-foot,regular,sofascore
14053800,909960,Mathis Suray,,22,7.4,47.8,0.5497,miss,left-foot,assisted,sofascore
14053800,1384483,Irakli Yegoian,,18,21.3,57.7,0.0549,block,right-foot,assisted,sofascore
14053800,991039,Adam Carlén,,9,19.1,54.6,0.012,miss,head,corner,sofascore
14053800,910053,Arthur Zagre,,6,24.8,56.6,0.0175,block,left-foot,throw-in-set-piece,sofascore
14053801,940647,Danilo,,90,12.2,47.2,0.0607,goal,right-foot,assisted,sofascore
14053801,1479467,Aymen Sliti,,90,18.8,46.0,0.1306,save,left-foot,regular,sofascore
14053801,979221,Gonçalo Borges,,90,11.7,58.7,0.0776,block,left-foot,assisted,sofascore
14053801,897603,Darko Nejašmić,,90,8.2,53.3,0.1051,save,head,set-piece,sofascore
14053801,940647,Danilo,,90,7.9,45.2,0.6929,miss,left-foot,regular,sofascore
14053801,1193676,Başar Önal,,90,21.8,32.6,0.0374,block,right-foot,assisted,sofascore
14053801,1394147,Sami Ouaissa,,89,11.0,46.4,0.1451,miss,left-foot,regular,sofascore
14053801,127846,Eli Dasa,,73,25.0,61.1,0.019,miss,right-foot,regular,sofascore
14053801,1394147,Sami Ouaissa,,72,14.8,60.9,0.0411,save,left-foot,assisted,sofascore
14053801,897603,Darko Nejašmić,,70,5.2,54.2,0.1318,miss,head,corner,sofascore
14053801,1939011,Tobias van den Elshout,,63,13.6,55.0,0.169,save,right-foot,regular,sofascore
14053801,1193676,Başar Önal,,59,13.5,41.1,0.1193,miss,right-foot,assisted,sofascore
14053801,985823,Ayase Ueda,,57,3.5,55.6,0.1756,miss,head,set-piece,sofascore
14053801,1218066,Anis Hadj Moussa,,55,18.9,56.2,0.0605,miss,left-foot,set-piece,sofascore
14053801,886242,Jakub Moder,,55,17.5,51.9,0.1893,block,right-foot,free-kick,sofascore
14053801,1939011,Tobias van den Elshout,,45,4.3,54.8,0.5446,miss,right-foot,regular,sofascore
14053801,1218066,Anis Hadj Moussa,,45,4.6,65.6,0.2423,save,left-foot,assisted,sofascore
14053801,1218066,Anis Hadj Moussa,,45,11.7,52.3,0.1006,save,left-foot,assisted,sofascore
14053801,47753,Bryan Linssen,,39,11.6,54.2,0.3028,miss,right-foot,fast-break,sofascore
14053801,1214957,Noe Lebreton,,37,7.3,50.5,0.1742,block,right-foot,assisted,sofascore
14053801,35208,Tjaronn Chery,,33,17.2,57.0,0.1048,block,left-foot,assisted,sofascore
14053801,1064177,Ahmetcan Kaplan,,32,3.3,55.4,0.2467,miss,head,corner,sofascore
14053801,47753,Bryan Linssen,,27,10.7,54.6,0.0481,save,head,assisted,sofascore
14053801,985823,Ayase Ueda,,18,6.9,48.5,0.1077,goal,head,corner,sofascore
14053801,1939011,Tobias van den Elshout,,18,18.1,31.5,0.0535,block,right-foot,regular,sofascore
14053801,886242,Jakub Moder,,14,24.4,64.6,0.0151,block,right-foot,regular,sofascore
14053801,985823,Ayase Ueda,,13,8.6,49.9,0.1276,miss,head,set-piece,sofascore
14053801,1394147,Sami Ouaissa,,4,11.1,61.5,0.0251,miss,head,assisted,sofascore
14053802,1063767,Ismael Saibari,,90,9.9,52.8,0.0514,miss,head,corner,sofascore
14053802,825838,Armando Obispo,,90,7.0,55.9,0.0883,goal,head,assisted,sofascore
14053802,1063767,Ismael Saibari,,81,8.0,47.9,0.3005,miss,head,assisted,sofascore
14053802,1047395,Couhaib Driouech,,76,14.9,48.5,0.04,block,left-foot,corner,sofascore
14053802,1136110,Esmir Bajraktarević,,76,8.2,48.9,0.2238,save,left-foot,assisted,sofascore
14053802,1063767,Ismael Saibari,,72,12.7,54.5,0.0137,miss,head,corner,sofascore
14053802,1136110,Esmir Bajraktarević,,68,20.7,67.9,0.0256,block,left-foot,assisted,sofascore
14053802,1063767,Ismael Saibari,,65,20.0,53.8,0.0705,miss,right-foot,assisted,sofascore
14053802,1047395,Couhaib Driouech,,55,15.7,33.5,0.0365,block,right-foot,fast-break,sofascore
14053802,1461935,Moussa Soumano,,54,12.6,35.2,0.0403,block,right-foot,assisted,sofascore
14053802,990814,Charles-Andreas Brym,,45,6.7,46.8,0.613,goal,right-foot,regular,sofascore
14053802,990814,Charles-Andreas Brym,,45,10.2,47.4,0.6816,post,right-foot,regular,sofascore
14053802,858242,Boy Kemper,,45,9.1,47.7,0.1167,goal,head,set-piece,sofascore
14053802,1461935,Moussa Soumano,,37,11.3,44.8,0.3558,miss,right-foot,assisted,sofascore
14053802,850816,Joey Veerman,,34,25.9,46.4,0.0376,miss,right-foot,regular,sofascore
14053802,812145,Dennis Man,,32,14.8,60.0,0.084,miss,left-foot,fast-break,sofascore
14053802,1047395,Couhaib Driouech,,27,13.6,53.2,0.4646,goal,right-foot,assisted,sofascore
14053802,850816,Joey Veerman,,26,13.8,50.4,0.0736,save,right-foot,assisted,sofascore
14053802,812145,Dennis Man,,23,9.4,46.2,0.0437,post,head,corner,sofascore
14053802,1047395,Couhaib Driouech,,10,22.0,33.8,0.0613,miss,right-foot,fast-break,sofascore
14053802,58994,Denis Odoi,,6,8.2,58.8,0.0661,miss,right-foot,corner,sofascore
14053802,1146018,Paul Wanner,,4,17.0,48.5,0.1422,miss,left-foot,assisted,sofascore
14053803,986395,Ricardo Pepi,,90,20.9,37.8,0.0505,save,right-foot,assisted,sofascore
14053803,790179,Cyle Larin,,90,7.9,49.3,0.1123,miss,head,corner,sofascore
14053803,986395,Ricardo Pepi,,89,14.0,42.0,0.111,block,left-foot,assisted,sofascore
14053803,985823,Ayase Ueda,,87,8.3,47.5,0.1027,save,head,set-piece,sofascore
14053803,985823,Ayase Ueda,,80,9.4,34.4,0.125,block,left-foot,fast-break,sofascore
14053803,1121400,Luciano Valente,,76,8.5,51.1,0.3633,miss,right-foot,throw-in-set-piece,sofascore
14053803,1095731,Oussama Targhalline,,73,16.6,59.5,0.0399,goal,right-foot,regular,sofascore
14053803,1150938,Leo Sauer,,66,14.8,34.2,0.0341,save,left-foot,regular,sofascore
14053803,38710,Ivan Perišić,,65,14.2,30.1,0.0352,save,right-foot,regular,sofascore
14053803,38710,Ivan Perišić,,65,26.0,27.2,0.0349,block,left-foot,assisted,sofascore
14053803,942213,Tsuyoshi Watanabe,,63,7.9,47.8,0.1216,miss,head,set-piece,sofascore
14053803,1063767,Ismael Saibari,,60,20.9,53.6,0.0562,goal,right-foot,regular,sofascore
14053803,985823,Ayase Ueda,,58,20.4,60.9,0.0545,save,right-foot,regular,sofascore
14053803,1063767,Ismael Saibari,,51,8.5,30.1,0.0532,goal,left-foot,assisted,sofascore
14053803,1121400,Luciano Valente,,50,22.9,55.0,0.0419,goal,right-foot,assisted,sofascore
14053803,985823,Ayase Ueda,,45,11.5,30.9,0.0638,save,left-foot,assisted,sofascore
14053803,38710,Ivan Perišić,,45,3.2,42.7,0.2817,save,left-foot,corner,sofascore
14053803,845798,Guus Til,,42,12.2,53.9,0.1458,block,right-foot,assisted,sofascore
14053803,1063767,Ismael Saibari,,35,15.1,67.7,0.0485,miss,left-foot,assisted,sofascore
14053803,1063767,Ismael Saibari,,30,4.8,57.3,0.3,goal,right-foot,fast-break,sofascore
14053803,906021,Sergiño Dest,,14,25.0,53.4,0.0446,miss,left-foot,assisted,sofascore
14053803,985823,Ayase Ueda,,13,18.8,51.0,0.0459,block,right-foot,regular,sofascore
14053803,1218066,Anis Hadj Moussa,,8,23.1,25.0,0.0338,miss,left-foot,free-kick,sofascore
14053804,1638685,Mateo Chávez,,90,9.2,32.5,0.0581,miss,left-foot,regular,sofascore
14053804,980671,Sven Mijnans,,90,15.0,52.0,0.0491,block,left-foot,assisted,sofascore
14053804,1087931,Isak Steiner Jensen,,90,19.4,46.6,0.0742,save,right-foot,assisted,sofascore
14053804,1148468,Weslley Patati,,90,26.2,41.8,0.0323,miss,left-foot,assisted,sofascore
14053804,1153117,Mexx Meerdink,,89,4.4,55.2,0.1238,miss,head,corner,sofascore
14053804,1153117,Mexx Meerdink,,88,6.5,31.5,0.0593,miss,left-foot,assisted,sofascore
14053804,825843,Dylan Vente,,82,8.4,53.4,0.0604,miss,head,corner,sofascore
14053804,825843,Dylan Vente,,81,7.3,56.2,0.0761,save,head,assisted,sofascore
14053804,992018,Ringo Meerveld,,73,12.0,62.7,0.1388,block,right-foot,fast-break,sofascore
14053804,966555,Troy Parrott,,71,5.5,38.9,0.2129,goal,left-foot,assisted,sofascore
14053804,1150061,Oliver Braude,,67,13.0,71.4,0.0489,post,right-foot,assisted,sofascore
14053804,1386461,Elijah Dijkstra,,66,14.8,61.3,0.0816,miss,right-foot,fast-break,sofascore
14053804,1145989,Ro-Zangelo Daal,,63,16.5,32.1,0.0411,save,left-foot,regular,sofascore
14053804,893559,Mees De Wit,,63,4.9,52.3,0.1802,save,other,corner,sofascore
14053804,1386461,Elijah Dijkstra,,62,14.2,58.5,0.0849,block,right-foot,regular,sofascore
14053804,1087931,Isak Steiner Jensen,,62,11.7,69.1,0.0661,save,right-foot,assisted,sofascore
14053804,1145989,Ro-Zangelo Daal,,60,28.2,44.1,0.0167,miss,right-foot,assisted,sofascore
14053804,1405756,Kees Smit,,57,9.0,44.4,0.2336,miss,left-foot,assisted,sofascore
14053804,1014408,Maxence Rivera,,56,9.0,33.9,0.0414,block,right-foot,throw-in-set-piece,sofascore
14053804,1064426,Vasilios Zagaritis,,49,18.4,48.3,0.0916,block,right-foot,throw-in-set-piece,sofascore
14053804,966555,Troy Parrott,,37,12.8,41.5,0.0547,miss,right-foot,regular,sofascore
14053804,1405756,Kees Smit,,32,22.3,62.7,0.0209,miss,right-foot,assisted,sofascore
14053804,966555,Troy Parrott,,29,27.6,36.0,0.0152,save,right-foot,assisted,sofascore
14053804,980671,Sven Mijnans,,23,21.7,49.2,0.0277,save,right-foot,regular,sofascore
14053804,980671,Sven Mijnans,,19,11.4,36.6,0.0771,block,left-foot,assisted,sofascore
14053804,992018,Ringo Meerveld,,11,11.1,61.5,0.1358,miss,right-foot,assisted,sofascore
14053804,980671,Sven Mijnans,,8,8.6,63.4,0.0644,goal,right-foot,regular,sofascore
14053804,980671,Sven Mijnans,,7,21.9,56.7,0.0264,goal,left-foot,corner,sofascore
14053804,966555,Troy Parrott,,6,11.8,57.7,0.2484,block,left-foot,assisted,sofascore
14053804,1145989,Ro-Zangelo Daal,,3,26.5,45.6,0.0311,save,right-foot,assisted,sofascore
14053805,893559,Mees De Wit,,88,12.9,43.3,0.3878,goal,right-foot,assisted,sofascore
14053805,905174,Ibrahim Sadiq,,86,4.1,41.1,0.0851,block,right-foot,set-piece,sofascore
14053805,966429,David Min,,81,10.8,51.5,0.0415,miss,head,assisted,sofascore
14053805,149731,Sébastien Haller,,76,12.6,55.2,0.0454,save,head,assisted,sofascore
14053805,1433802,Gjivai Zechiël,,72,28.1,38.5,0.0203,post,right-foot,assisted,sofascore
14053805,1105700,Yoann Cathline,,71,17.5,49.9,0.0477,block,right-foot,assisted,sofascore
14053805,1433802,Gjivai Zechiël,,69,4.5,49.7,0.5588,goal,head,assisted,sofascore
14053805,966555,Troy Parrott,,60,11.5,50.0,0.7884,save,right-foot,penalty,sofascore
14053805,966555,Troy Parrott,,58,14.4,44.5,0.0451,miss,left-foot,regular,sofascore
14053805,980671,Sven Mijnans,,58,9.1,67.1,0.0289,block,left-foot,assisted,sofascore
14053805,966555,Troy Parrott,,56,8.8,64.2,0.1653,save,right-foot,assisted,sofascore
14053805,980671,Sven Mijnans,,51,9.5,52.6,0.4352,goal,right-foot,assisted,sofascore
14053805,922018,Peer Koopmeiners,,49,26.6,59.3,0.0149,miss,right-foot,corner,sofascore
14053805,1008111,Denso Kasius,,48,3.2,66.4,0.0291,block,right-foot,assisted,sofascore
14053805,980671,Sven Mijnans,,47,11.9,52.8,0.0908,miss,left-foot,assisted,sofascore
14053805,966555,Troy Parrott,,45,13.3,70.8,0.0705,miss,right-foot,assisted,sofascore
14053805,966429,David Min,,38,7.5,44.8,0.2238,miss,head,regular,sofascore
14053805,966555,Troy Parrott,,34,4.2,49.5,0.3887,goal,right-foot,assisted,sofascore
14053805,1148468,Weslley Patati,,31,8.8,64.6,0.0698,block,left-foot,assisted,sofascore
14053805,980671,Sven Mijnans,,19,19.8,68.3,0.0171,block,left-foot,assisted,sofascore
14053805,980671,Sven Mijnans,,19,8.7,53.1,0.7266,save,right-foot,assisted,sofascore
14053805,1211982,Miliano Jonathans,,17,15.1,65.2,0.026,miss,left-foot,assisted,sofascore
14053805,991679,Souffian El Karouani,,17,12.0,31.9,0.0227,block,right-foot,assisted,sofascore
14053805,1405756,Kees Smit,,13,24.1,55.4,0.032,block,left-foot,corner,sofascore
14053805,1087931,Isak Steiner Jensen,,13,25.1,33.1,0.0165,block,right-foot,regular,sofascore
14053805,966555,Troy Parrott,,6,12.5,59.3,0.1949,goal,right-foot,fast-break,sofascore
14053806,1012639,Brayann Pereira,,90,13.9,63.6,0.0622,block,right-foot,assisted,sofascore
14053806,1500993,Kevin Kers,,82,7.9,46.7,0.2832,miss,head,assisted,sofascore
14053806,1381819,Jan Faberski,,82,23.5,75.4,0.0141,block,left-foot,assisted,sofascore
14053806,35208,Tjaronn Chery,,78,8.8,46.4,0.2042,goal,left-foot,assisted,sofascore
14053806,35208,Tjaronn Chery,,77,8.9,37.0,0.0671,block,left-foot,regular,sofascore
14053806,148623,Virgil Misidjan,,77,23.6,57.8,0.0465,post,right-foot,assisted,sofascore
14053806,927155,Simon Graves,,64,3.8,40.5,0.0721,save,head,corner,sofascore
14053806,235538,Younes Namli,,63,12.2,36.4,0.0795,block,left-foot,assisted,sofascore
14053806,1184054,Kodai Sano,,57,23.5,54.2,0.0171,block,right-foot,corner,sofascore
14053806,876233,Thijs Oosting,,53,13.5,52.3,0.106,save,left-foot,assisted,sofascore
14053806,815080,Jamiro Monteiro,,44,12.5,55.0,0.5969,save,right-foot,assisted,sofascore
14053806,831860,Koki Ogawa,,39,6.6,49.5,0.1386,goal,head,corner,sofascore
14053806,1214957,Noe Lebreton,,39,7.4,53.7,0.0897,block,head,corner,sofascore
14053806,847073,Koen Kostons,,33,28.3,34.1,0.0149,save,right-foot,throw-in-set-piece,sofascore
14053806,1214957,Noe Lebreton,,32,14.6,35.1,0.0596,miss,right-foot,assisted,sofascore
14053806,847073,Koen Kostons,,28,27.5,62.0,0.0224,save,right-foot,assisted,sofascore
14053806,127846,Eli Dasa,,25,26.8,46.6,0.0236,post,right-foot,corner,sofascore
14053806,235538,Younes Namli,,15,23.1,67.5,0.0195,goal,left-foot,corner,sofascore
14053806,1142572,Tristan Gooijer,,14,12.7,72.2,0.0594,miss,right-foot,assisted,sofascore
14053806,235538,Younes Namli,,12,21.8,70.5,0.0142,block,left-foot,assisted,sofascore
14053806,47753,Bryan Linssen,,8,7.4,60.9,0.0319,miss,head,corner,sofascore
14053806,966655,Shola Shoretire,,5,23.2,50.9,0.0317,miss,right-foot,assisted,sofascore
14053806,831860,Koki Ogawa,,5,26.6,92.8,0.3221,miss,right-foot,regular,sofascore
14053806,35208,Tjaronn Chery,,2,22.2,48.1,0.0454,miss,right-foot,regular,sofascore
14053807,1387012,Mats Rots,,88,9.1,33.8,0.0617,save,left-foot,assisted,sofascore
14053807,1511723,Nordin Bukala,,86,23.4,51.0,0.0259,block,right-foot,set-piece,sofascore
14053807,1520752,Benjamin Pauwels,,86,14.5,27.0,0.0323,save,right-foot,set-piece,sofascore
14053807,1520752,Benjamin Pauwels,,84,11.9,27.6,0.0306,save,right-foot,assisted,sofascore
14053807,1387012,Mats Rots,,76,14.1,30.7,0.0232,block,left-foot,regular,sofascore
14053807,1511723,Nordin Bukala,,74,7.1,51.9,0.5427,goal,left-foot,assisted,sofascore
14053807,35193,Ricky van Wolfswinkel,,72,2.3,41.4,0.0914,save,left-foot,corner,sofascore
14053807,804901,Sam Lammers,,69,7.3,55.4,0.1129,save,left-foot,regular,sofascore
14053807,190435,Marko Pjaca,,65,10.5,32.7,0.1442,save,left-foot,fast-break,sofascore
14053807,788971,Juninho Bacuna,,64,27.1,37.0,0.0167,miss,right-foot,assisted,sofascore
14053807,1049063,Joel Ideho,,64,19.4,20.9,0.0237,block,right-foot,assisted,sofascore
14053807,1200962,Sondre Ørjasæter,,60,13.6,33.6,0.0475,save,right-foot,assisted,sofascore
14053807,35193,Ricky van Wolfswinkel,,58,9.4,59.5,0.4364,save,left-foot,assisted,sofascore
14053807,35193,Ricky van Wolfswinkel,,55,10.5,48.3,0.0291,miss,head,corner,sofascore
14053807,989882,Ramiz Zerrouki,,54,11.3,59.8,0.0708,block,left-foot,assisted,sofascore
14053807,945233,Thomas Van den Belt,,48,12.9,38.8,0.3742,miss,left-foot,assisted,sofascore
14053807,1200962,Sondre Ørjasæter,,47,13.0,28.2,0.0212,block,right-foot,assisted,sofascore
14053807,804901,Sam Lammers,,45,4.5,38.9,0.0914,block,right-foot,set-piece,sofascore
14053807,1008697,Anthony Descotte,,43,12.5,45.0,0.2684,save,right-foot,assisted,sofascore
14053807,1200962,Sondre Ørjasæter,,41,19.1,37.1,0.0701,block,left-foot,assisted,sofascore
14053807,1160026,Kristian Hlynsson,,39,14.4,56.8,0.1033,miss,right-foot,throw-in-set-piece,sofascore
14053807,946506,Bart van Rooij,,38,24.4,56.0,0.0291,miss,left-foot,assisted,sofascore
14053807,989882,Ramiz Zerrouki,,37,21.8,47.0,0.0637,block,left-foot,assisted,sofascore
14053807,1160026,Kristian Hlynsson,,34,10.6,64.6,0.054,goal,right-foot,assisted,sofascore
14053807,1200962,Sondre Ørjasæter,,28,16.9,69.3,0.0508,save,right-foot,assisted,sofascore
14053807,35193,Ricky van Wolfswinkel,,21,9.8,58.8,0.0655,post,head,assisted,sofascore
14053807,1200962,Sondre Ørjasæter,,20,14.6,32.8,0.0228,block,right-foot,assisted,sofascore
14053807,788971,Juninho Bacuna,,20,19.7,48.5,0.038,block,right-foot,assisted,sofascore
14053807,1387012,Mats Rots,,15,17.8,44.2,0.0433,miss,left-foot,corner,sofascore
14053807,989882,Ramiz Zerrouki,,15,24.2,50.2,0.021,block,right-foot,assisted,sofascore
14053807,1890313,Ruud Nijstad,,2,8.9,46.0,0.1724,goal,right-foot,corner,sofascore
14053808,845798,Guus Til,,90,10.1,47.0,0.1519,goal,right-foot,corner,sofascore
14053808,1136110,Esmir Bajraktarević,,90,14.3,73.3,0.0281,block,left-foot,assisted,sofascore
14053808,845798,Guus Til,,90,8.3,46.8,0.0615,block,head,corner,sofascore
14053808,1136110,Esmir Bajraktarević,,90,7.6,68.5,0.03,block,left-foot,assisted,sofascore
14053808,1047395,Couhaib Driouech,,90,20.4,41.9,0.0882,post,right-foot,regular,sofascore
14053808,1047395,Couhaib Driouech,,90,18.7,32.9,0.0361,block,right-foot,assisted,sofascore
14053808,855847,Kaj Sierhuis,,89,27.0,67.2,0.0105,goal,right-foot,assisted,sofascore
14053808,1063767,Ismael Saibari,,87,18.5,43.4,0.1159,miss,right-foot,assisted,sofascore
14053808,986395,Ricardo Pepi,,82,12.5,58.7,0.5483,goal,right-foot,fast-break,sofascore
14053808,855847,Kaj Sierhuis,,82,10.1,43.6,0.0847,block,right-foot,assisted,sofascore
14053808,366942,Kristoffer Peterson,,81,14.0,31.3,0.0374,block,right-foot,assisted,sofascore
14053808,845798,Guus Til,,76,8.5,66.2,0.106,miss,right-foot,fast-break,sofascore
14053808,875673,Justin Lonwijk,,74,24.0,53.6,0.0196,miss,right-foot,assisted,sofascore
14053808,875673,Justin Lonwijk,,68,10.6,68.4,0.0456,goal,right-foot,assisted,sofascore
14053808,1136902,Makan Aïko,,53,8.8,48.9,0.1731,block,left-foot,regular,sofascore
14053808,929633,Mohamed Ihattaren,,53,10.5,66.4,0.0425,save,right-foot,regular,sofascore
14053808,845798,Guus Til,,49,7.6,69.5,0.0274,block,right-foot,assisted,sofascore
14053808,850816,Joey Veerman,,47,18.7,29.1,0.0239,miss,right-foot,assisted,sofascore
14053808,812145,Dennis Man,,45,3.6,60.7,0.0898,goal,left-foot,assisted,sofascore
14053808,812145,Dennis Man,,45,7.3,64.4,0.0618,block,left-foot,assisted,sofascore
14053808,893499,Mauro Júnior,,42,15.1,56.8,0.0896,block,left-foot,assisted,sofascore
14053808,1136902,Makan Aïko,,35,22.6,43.2,0.044,block,right-foot,fast-break,sofascore
14053808,845798,Guus Til,,32,13.9,55.8,0.1653,miss,right-foot,assisted,sofascore
14053808,1063767,Ismael Saibari,,28,5.4,67.3,0.148,goal,right-foot,assisted,sofascore
14053808,1142147,Ryan Fosso,,27,25.0,57.7,0.0215,miss,right-foot,corner,sofascore
14053808,591044,Dimitris Limnios,,26,10.1,38.5,0.2717,save,right-foot,assisted,sofascore
14053808,1063767,Ismael Saibari,,17,8.2,42.1,0.0956,goal,head,assisted,sofascore
14053808,1063767,Ismael Saibari,,15,18.4,51.9,0.0717,miss,right-foot,assisted,sofascore
14053808,812145,Dennis Man,,9,15.4,43.8,0.0881,save,left-foot,fast-break,sofascore
14053808,850816,Joey Veerman,,7,21.3,47.7,0.0558,miss,right-foot,assisted,sofascore
14053808,1063767,Ismael Saibari,,7,11.6,63.2,0.1173,miss,right-foot,assisted,sofascore
14053809,302690,Danny Bakker,,89,6.9,31.1,0.0663,save,left-foot,fast-break,sofascore
14053809,581080,Mohamed Hamdaoui,,85,11.6,48.1,0.1603,miss,right-foot,regular,sofascore
14053809,966555,Troy Parrott,,84,17.6,45.0,0.0459,block,right-foot,assisted,sofascore
14053809,1087931,Isak Steiner Jensen,,78,13.0,55.2,0.2617,goal,right-foot,assisted,sofascore
14053809,385300,Jeff Hardeveld,,69,4.9,39.3,0.4957,miss,left-foot,assisted,sofascore
14053809,1145989,Ro-Zangelo Daal,,63,14.2,48.5,0.0687,save,right-foot,assisted,sofascore
14053809,922018,Peer Koopmeiners,,63,10.7,56.6,0.0901,post,left-foot,assisted,sofascore
14053809,1590941,Kasper Boogaard,,63,19.5,49.9,0.0619,miss,left-foot,regular,sofascore
14053809,922018,Peer Koopmeiners,,63,29.5,47.1,0.0201,block,right-foot,regular,sofascore
14053809,1145989,Ro-Zangelo Daal,,63,12.5,32.9,0.0292,save,right-foot,regular,sofascore
14053809,1638564,Cedric Hatenboer,,57,26.0,58.5,0.0366,miss,right-foot,fast-break,sofascore
14053809,1145982,Wouter Goes,,47,7.3,47.2,0.2653,post,right-foot,throw-in-set-piece,sofascore
14053809,1148468,Weslley Patati,,45,7.9,52.2,0.134,save,left-foot,regular,sofascore
14053809,966555,Troy Parrott,,43,10.4,49.5,0.0452,miss,head,assisted,sofascore
14053809,1638564,Cedric Hatenboer,,42,20.6,26.8,0.0133,miss,right-foot,assisted,sofascore
14053809,893559,Mees De Wit,,39,24.6,40.0,0.0244,miss,left-foot,throw-in-set-piece,sofascore
14053809,1638564,Cedric Hatenboer,,20,27.3,63.3,0.0146,save,right-foot,throw-in-set-piece,sofascore
14053809,1157777,Jochem Ritmeester van de Kamp,,18,22.2,40.8,0.0219,block,right-foot,assisted,sofascore
14053809,385300,Jeff Hardeveld,,16,22.3,66.2,0.0235,miss,left-foot,regular,sofascore
14053809,1137227,Milan Zonneveld,,12,9.6,69.1,0.0466,miss,right-foot,assisted,sofascore
14053809,1137227,Milan Zonneveld,,6,8.0,52.8,0.1372,save,head,assisted,sofascore
14053809,1145989,Ro-Zangelo Daal,,5,21.6,28.2,0.0294,miss,right-foot,assisted,sofascore
14053810,1388535,Givairo Read,,90,16.4,63.2,0.086,block,right-foot,assisted,sofascore
14053810,1479467,Aymen Sliti,,90,20.9,56.0,0.047,miss,left-foot,assisted,sofascore
14053810,985823,Ayase Ueda,,89,6.9,47.0,0.2222,goal,head,set-piece,sofascore
14053810,1479467,Aymen Sliti,,85,20.9,37.6,0.0403,save,left-foot,fast-break,sofascore
14053810,1049063,Joel Ideho,,82,23.5,26.6,0.0235,miss,right-foot,regular,sofascore
14053810,1049063,Joel Ideho,,79,16.4,44.0,0.1099,block,right-foot,regular,sofascore
14053810,1479467,Aymen Sliti,,76,13.9,41.5,0.0946,block,left-foot,assisted,sofascore
14053810,313264,Henk Veerman,,72,4.3,59.5,0.2532,miss,right-foot,assisted,sofascore
14053810,1388535,Givairo Read,,70,14.8,63.6,0.0743,block,right-foot,assisted,sofascore
14053810,1218066,Anis Hadj Moussa,,68,8.6,68.1,0.0339,miss,right-foot,assisted,sofascore
14053810,985823,Ayase Ueda,,64,7.1,49.5,0.1048,block,head,corner,sofascore
14053810,1388535,Givairo Read,,64,11.5,63.1,0.1058,save,right-foot,assisted,sofascore
14053810,1388535,Givairo Read,,64,20.3,68.5,0.0304,block,left-foot,assisted,sofascore
14053810,889689,Hwang In-beom,,63,11.1,63.2,0.2631,miss,right-foot,regular,sofascore
14053810,1218066,Anis Hadj Moussa,,62,29.0,59.3,0.0202,save,left-foot,assisted,sofascore
14053810,1121400,Luciano Valente,,60,20.0,43.4,0.0735,block,right-foot,regular,sofascore
14053810,889689,Hwang In-beom,,60,18.4,52.8,0.1275,block,right-foot,assisted,sofascore
14053810,1121400,Luciano Valente,,60,19.5,49.7,0.0401,block,left-foot,assisted,sofascore
14053810,313264,Henk Veerman,,59,1.2,43.2,0.2624,goal,left-foot,assisted,sofascore
14053810,252885,Brandley Kuwas,,58,24.6,58.3,0.0407,miss,left-foot,assisted,sofascore
14053810,985823,Ayase Ueda,,56,3.9,48.3,0.2856,miss,head,assisted,sofascore
14053810,1121400,Luciano Valente,,52,22.3,43.0,0.0358,block,right-foot,assisted,sofascore
14053810,313264,Henk Veerman,,51,7.6,57.7,0.0587,miss,head,assisted,sofascore
14053810,985823,Ayase Ueda,,48,13.2,57.9,0.0353,miss,head,assisted,sofascore
14053810,860160,Gijs Smal,,46,1.7,35.4,0.024,block,left-foot,assisted,sofascore
14053810,1218066,Anis Hadj Moussa,,45,19.7,63.0,0.058,miss,left-foot,assisted,sofascore
14053810,825899,Anel Ahmedhodžić,,45,25.0,60.5,0.035,block,right-foot,regular,sofascore
14053810,1218066,Anis Hadj Moussa,,45,18.4,64.0,0.0252,block,left-foot,assisted,sofascore
14053810,1218066,Anis Hadj Moussa,,45,14.5,58.1,0.0606,miss,right-foot,regular,sofascore
14053810,1150938,Leo Sauer,,43,12.9,28.9,0.1022,block,right-foot,fast-break,sofascore
14053810,313264,Henk Veerman,,39,5.1,65.8,0.049,block,right-foot,assisted,sofascore
14053810,252885,Brandley Kuwas,,35,27.5,70.9,0.0182,miss,left-foot,assisted,sofascore
14053810,1121400,Luciano Valente,,33,24.0,46.4,0.0463,save,right-foot,assisted,sofascore
14053810,860160,Gijs Smal,,29,27.8,38.6,0.0146,block,left-foot,corner,sofascore
14053810,944467,Sem Steijn,,26,10.2,48.2,0.657,goal,left-foot,fast-break,sofascore
14053810,1150938,Leo Sauer,,26,6.6,43.2,0.1789,block,left-foot,fast-break,sofascore
14053810,944467,Sem Steijn,,24,22.7,43.7,0.0627,block,right-foot,assisted,sofascore
14053810,1150938,Leo Sauer,,24,20.1,55.3,0.0345,block,left-foot,assisted,sofascore
14053810,825899,Anel Ahmedhodžić,,22,3.9,60.5,0.0449,block,head,corner,sofascore
14053810,985823,Ayase Ueda,,19,6.9,48.4,0.9331,goal,right-foot,assisted,sofascore
14053810,985823,Ayase Ueda,,17,12.3,48.1,0.2079,save,right-foot,assisted,sofascore
14053810,1121400,Luciano Valente,,17,21.2,39.9,0.0416,save,right-foot,assisted,sofascore
14053810,1121400,Luciano Valente,,6,26.5,54.4,0.0312,block,right-foot,assisted,sofascore
14053810,985823,Ayase Ueda,,5,5.4,59.1,0.4463,miss,right-foot,corner,sofascore
14053810,1011489,Silvinho Esajas,,3,23.7,65.2,0.0107,miss,right-foot,regular,sofascore
14053810,985823,Ayase Ueda,,1,8.0,49.8,0.0985,miss,head,assisted,sofascore
14053811,1155158,Oscar Gloukh,,90,14.5,52.9,0.0773,block,right-foot,assisted,sofascore
14053811,1149146,Mika Godts,,90,22.2,52.0,0.0815,miss,right-foot,assisted,sofascore
14053811,252215,Wout Weghorst,,90,25.4,48.0,0.0349,miss,left-foot,assisted,sofascore
14053811,1563462,Jorthy Mokio,,90,18.2,50.2,0.1215,block,right-foot,regular,sofascore
14053811,1120315,Anton Gaaei,,90,10.5,67.3,0.1705,save,right-foot,assisted,sofascore
14053811,252885,Brandley Kuwas,,84,21.6,67.7,0.0233,save,left-foot,assisted,sofascore
14053811,1149146,Mika Godts,,79,9.9,37.5,0.2123,save,right-foot,assisted,sofascore
14053811,996982,Yannick Leliendal,,76,11.6,28.3,0.0482,miss,left-foot,assisted,sofascore
14053811,97410,Davy Klaassen,,74,18.7,45.8,0.1044,block,right-foot,regular,sofascore
14053811,97410,Davy Klaassen,,73,11.1,42.0,0.084,miss,left-foot,regular,sofascore
14053811,97410,Davy Klaassen,,71,8.3,53.8,0.4738,save,left-foot,assisted,sofascore
14053811,970860,Lucas Rosa,,70,26.5,33.6,0.0152,miss,right-foot,regular,sofascore
14053811,795761,Kasper Dolberg,,70,24.2,56.7,0.0187,block,right-foot,assisted,sofascore
14053811,1100399,Ozan Kökçü,,63,13.6,52.2,0.0988,miss,right-foot,assisted,sofascore
14053811,1120315,Anton Gaaei,,55,30.4,47.5,0.0335,block,right-foot,free-kick,sofascore
14053811,1146002,Dave Kwakman,,45,26.9,39.5,0.0184,post,right-foot,assisted,sofascore
14053811,1149146,Mika Godts,,43,13.7,27.7,0.0313,save,right-foot,assisted,sofascore
14053811,1149146,Mika Godts,,41,22.7,31.2,0.0206,miss,right-foot,assisted,sofascore
14053811,1403090,Rayane Bounida,,40,23.8,27.0,0.0235,miss,right-foot,regular,sofascore
14053811,795761,Kasper Dolberg,,40,8.6,55.3,0.1994,miss,left-foot,assisted,sofascore
14053811,1000228,Youri Baas,,36,3.8,48.4,0.4457,goal,head,corner,sofascore
14053811,795761,Kasper Dolberg,,36,10.1,48.5,0.0536,miss,right-foot,corner,sofascore
14053811,1403090,Rayane Bounida,,36,5.1,68.5,0.053,block,right-foot,assisted,sofascore
14053811,1403090,Rayane Bounida,,33,15.7,52.3,0.0833,save,right-foot,assisted,sofascore
14053811,795761,Kasper Dolberg,,31,11.7,31.3,0.0642,save,left-foot,fast-break,sofascore
14053811,1586649,Aaron Bouwman,,31,11.4,55.5,0.089,save,head,corner,sofascore
14053811,1859920,Sean Steur,,31,19.4,44.6,0.0513,save,right-foot,corner,sofascore
14053811,1403090,Rayane Bounida,,30,7.4,58.2,0.1043,block,right-foot,assisted,sofascore
14053811,1149146,Mika Godts,,23,20.4,31.3,0.0234,save,right-foot,assisted,sofascore
14053811,1149146,Mika Godts,,16,20.8,61.3,0.0737,save,right-foot,assisted,sofascore
14053811,1049063,Joel Ideho,,14,5.5,32.7,0.2252,save,left-foot,regular,sofascore
14053811,1000228,Youri Baas,,13,6.5,53.6,0.1229,goal,head,corner,sofascore
14053811,1859920,Sean Steur,,12,7.6,35.1,0.1855,save,left-foot,regular,sofascore
14053811,1403090,Rayane Bounida,,12,18.1,47.5,0.0799,save,left-foot,assisted,sofascore
14053811,996940,Youri Regeer,,9,9.4,58.5,0.0901,block,right-foot,regular,sofascore
14053811,97410,Davy Klaassen,,2,15.5,47.8,0.0552,block,right-foot,assisted,sofascore
14053812,891795,Melle Meulensteen,,90,11.9,56.2,0.0139,block,head,corner,sofascore
14053812,964766,Thibo Baeten,,90,23.8,76.5,0.0187,block,left-foot,assisted,sofascore
14053812,1515525,Cherrion Valerius,,90,21.3,71.1,0.029,miss,right-foot,fast-break,sofascore
14053812,1199214,Milan Smit,,83,12.2,52.8,0.0337,block,head,assisted,sofascore
14053812,891795,Melle Meulensteen,,80,16.3,51.3,0.0965,block,right-foot,throw-in-set-piece,sofascore
14053812,1199214,Milan Smit,,75,2.7,38.3,0.0799,save,left-foot,assisted,sofascore
14053812,336811,Clint Leemans,,67,23.1,26.2,0.0247,miss,left-foot,assisted,sofascore
14053812,858242,Boy Kemper,,66,11.7,38.0,0.028,miss,head,set-piece,sofascore
14053812,1149147,Juho Talvitie,,48,10.1,63.6,0.0666,goal,left-foot,assisted,sofascore
14053812,1199214,Milan Smit,,45,7.2,44.1,0.1468,miss,head,assisted,sofascore
14053812,943595,Sydney van Hooijdonk,,27,9.1,49.5,0.0672,miss,head,throw-in-set-piece,sofascore
14053812,891795,Melle Meulensteen,,15,14.2,38.2,0.0073,save,head,set-piece,sofascore
14053812,943595,Sydney van Hooijdonk,,5,7.4,45.0,0.1949,post,head,assisted,sofascore
14053812,336811,Clint Leemans,,5,30.4,45.5,0.0184,save,left-foot,assisted,sofascore
14053812,943595,Sydney van Hooijdonk,,1,7.6,50.9,0.2008,miss,head,assisted,sofascore
14053814,860158,Kay Tejan,,90,5.4,34.0,0.1512,save,left-foot,fast-break,sofascore
14053814,150494,Mike van Duinen,,90,19.1,64.6,0.0385,miss,left-foot,assisted,sofascore
14053814,1548838,Soufiane Hetli,,88,18.2,45.0,0.088,block,left-foot,regular,sofascore
14053814,995365,Dylan Mertens,,88,21.8,64.0,0.0785,block,right-foot,regular,sofascore
14053814,860158,Kay Tejan,,85,7.3,32.5,0.1328,save,left-foot,fast-break,sofascore
14053814,1548838,Soufiane Hetli,,83,7.3,51.5,0.3505,save,head,assisted,sofascore
14053814,1048487,Noah Naujoks,,82,9.1,40.5,0.0731,miss,head,assisted,sofascore
14053814,1150154,Nils Rossen,,80,26.2,63.4,0.0349,block,right-foot,regular,sofascore
14053814,1126966,Gyan de Regt,,77,12.8,38.3,0.1617,goal,right-foot,assisted,sofascore
14053814,910053,Arthur Zagre,,75,11.5,50.0,0.7884,post,left-foot,penalty,sofascore
14053814,1384483,Irakli Yegoian,,71,23.2,32.9,0.0144,miss,right-foot,assisted,sofascore
14053814,1893852,Jerolldino Bergraaf,,69,8.8,49.2,0.0789,miss,head,assisted,sofascore
14053814,1031721,Casper Widell,,66,1.5,54.8,0.4497,save,left-foot,set-piece,sofascore
14053814,1145987,Lewis Schouten,,64,26.8,54.4,0.0538,miss,right-foot,free-kick,sofascore
14053814,302690,Danny Bakker,,59,11.5,50.0,0.7884,miss,left-foot,penalty,sofascore
14053814,1046142,Derensili Sanches Fernandes,,56,13.5,64.4,0.056,block,left-foot,assisted,sofascore
14053814,385300,Jeff Hardeveld,,55,21.5,38.7,0.0476,miss,right-foot,assisted,sofascore
14053814,899644,Ilias Bronkhorst,,54,18.2,71.4,0.0151,block,right-foot,assisted,sofascore
14053814,1137227,Milan Zonneveld,,53,11.3,67.7,0.0707,miss,right-foot,assisted,sofascore
14053814,991039,Adam Carlén,,51,14.1,52.8,0.0683,block,left-foot,throw-in-set-piece,sofascore
14053814,1469336,Tyrese Noslin,,50,10.5,70.1,0.0524,miss,right-foot,assisted,sofascore
14053814,1384483,Irakli Yegoian,,48,5.7,31.3,0.0423,save,left-foot,assisted,sofascore
14053814,1066319,Patrick Brouwer,,45,9.8,57.5,0.0166,block,head,corner,sofascore
14053814,1126966,Gyan de Regt,,45,3.0,42.7,0.3095,miss,right-foot,assisted,sofascore
14053814,910053,Arthur Zagre,,44,11.5,50.0,0.7884,goal,left-foot,penalty,sofascore
14053814,1048906,Rick Meissen,,41,8.3,55.2,0.0663,save,head,corner,sofascore
14053814,1046142,Derensili Sanches Fernandes,,36,15.7,29.1,0.0216,miss,left-foot,assisted,sofascore
14053814,1009285,Szymon Włodarczyk,,35,3.8,56.6,0.1798,miss,head,corner,sofascore
14053814,1384483,Irakli Yegoian,,31,8.9,69.1,0.0643,save,right-foot,assisted,sofascore
14053814,1084609,Tyrone Owusu,,28,8.9,38.7,0.2751,goal,right-foot,assisted,sofascore
14053814,1066319,Patrick Brouwer,,24,11.9,56.4,0.8706,save,left-foot,fast-break,sofascore
14053814,966542,Mathijs Tielemans,,23,27.8,41.3,0.0237,save,right-foot,assisted,sofascore
14053814,1009285,Szymon Włodarczyk,,20,9.4,43.6,0.1059,save,left-foot,regular,sofascore
14053814,1046142,Derensili Sanches Fernandes,,20,12.6,68.5,0.0472,block,right-foot,assisted,sofascore
14053814,1084609,Tyrone Owusu,,18,15.8,52.6,0.0547,save,right-foot,assisted,sofascore
14053814,1084609,Tyrone Owusu,,16,14.1,43.6,0.077,save,head,assisted,sofascore
14053814,1068610,Devon Koswal,,13,19.7,67.0,0.0297,block,right-foot,assisted,sofascore
14053814,1157777,Jochem Ritmeester van de Kamp,,2,9.1,53.0,0.3244,goal,right-foot,assisted,sofascore
14053815,1213453,Tristan van Gilst,,90,3.4,48.2,0.7439,goal,right-foot,assisted,sofascore
14053815,957937,Casper Tengstedt,,85,10.7,53.2,0.4981,goal,right-foot,assisted,sofascore
14053815,1218066,Anis Hadj Moussa,,83,16.3,74.5,0.0164,goal,left-foot,assisted,sofascore
14053815,889689,Hwang In-beom,,82,13.2,36.0,0.0867,save,right-foot,regular,sofascore
14053815,1144138,Jordan Bos,,80,18.8,47.8,0.0733,save,right-foot,assisted,sofascore
14053815,984880,Jannes Wieckhoff,,74,20.4,28.2,0.0173,miss,right-foot,fast-break,sofascore
14053815,1218066,Anis Hadj Moussa,,73,14.7,71.8,0.0334,block,left-foot,assisted,sofascore
14053815,998999,Luka Kulenović,,58,12.3,49.3,0.1925,miss,right-foot,fast-break,sofascore
14053815,889689,Hwang In-beom,,57,10.5,51.5,0.0517,block,head,assisted,sofascore
14053815,1121400,Luciano Valente,,52,24.6,35.6,0.0226,miss,left-foot,assisted,sofascore
14053815,1144138,Jordan Bos,,50,3.2,34.2,0.0227,miss,left-foot,assisted,sofascore
14053815,1144138,Jordan Bos,,45,17.6,31.7,0.0208,block,right-foot,assisted,sofascore
14053815,1144138,Jordan Bos,,38,23.7,36.8,0.0256,miss,left-foot,set-piece,sofascore
14053815,1144138,Jordan Bos,,35,11.1,35.2,0.0953,goal,left-foot,assisted,sofascore
14053815,1121400,Luciano Valente,,35,15.6,29.7,0.0342,block,right-foot,corner,sofascore
14053815,1118181,Lequincio Zeefuik,,33,10.7,28.9,0.0292,block,right-foot,fast-break,sofascore
14053815,132674,Mario Engels,,31,4.9,26.4,0.0056,save,left-foot,assisted,sofascore
14053815,998999,Luka Kulenović,,29,11.5,50.0,0.7884,goal,right-foot,penalty,sofascore
14053815,889689,Hwang In-beom,,25,2.7,58.5,0.1065,block,right-foot,assisted,sofascore
14053815,1150938,Leo Sauer,,23,7.0,50.7,0.2258,goal,head,assisted,sofascore
14053815,794013,Mats Deijl,,20,9.5,48.7,0.1121,save,head,assisted,sofascore
14053815,1218066,Anis Hadj Moussa,,11,20.3,59.6,0.0489,save,left-foot,assisted,sofascore
14053815,998999,Luka Kulenović,,10,9.7,53.2,0.0612,miss,head,set-piece,sofascore
14053816,252215,Wout Weghorst,,90,7.7,46.6,0.1398,miss,head,assisted,sofascore
14053816,1014408,Maxence Rivera,,90,22.0,41.2,0.0198,miss,right-foot,corner,sofascore
14053816,1014408,Maxence Rivera,,90,21.3,32.7,0.0136,miss,right-foot,assisted,sofascore
14053816,959806,Kenneth Taylor,,86,14.3,29.2,0.0309,block,right-foot,assisted,sofascore
14053816,1014408,Maxence Rivera,,85,11.5,30.9,0.0502,miss,right-foot,fast-break,sofascore
14053816,794014,Luuk Brouwers,,80,15.8,53.6,0.0957,save,left-foot,regular,sofascore
14053816,1120315,Anton Gaaei,,79,9.2,70.1,0.0608,miss,right-foot,assisted,sofascore
14053816,1014408,Maxence Rivera,,76,15.6,26.5,0.0311,miss,right-foot,fast-break,sofascore
14053816,1155158,Oscar Gloukh,,71,15.1,48.8,0.1617,block,left-foot,assisted,sofascore
14053816,983068,Václav Sejk,,68,7.0,51.3,0.4302,goal,right-foot,regular,sofascore
14053816,1132765,Maas Willemsen,,68,29.2,38.2,0.0191,save,left-foot,assisted,sofascore
14053816,1155158,Oscar Gloukh,,58,18.7,62.7,0.0777,save,right-foot,assisted,sofascore
14053816,825843,Dylan Vente,,51,14.4,36.7,0.0342,block,left-foot,regular,sofascore
14053816,138842,Joris van Overeem,,51,11.4,41.0,0.088,block,left-foot,regular,sofascore
14053816,1132765,Maas Willemsen,,45,8.1,43.7,0.0524,save,head,corner,sofascore
14053816,794014,Luuk Brouwers,,42,14.0,70.2,0.0479,save,right-foot,assisted,sofascore
14053816,1015627,Jacob Trenskow,,42,18.7,55.4,0.0447,block,left-foot,assisted,sofascore
14053816,1149146,Mika Godts,,38,12.8,63.3,0.1013,goal,right-foot,assisted,sofascore
14053816,1155158,Oscar Gloukh,,35,22.8,37.5,0.072,miss,right-foot,free-kick,sofascore
14053816,980383,Raúl Moro,,33,7.7,47.6,0.1926,block,right-foot,assisted,sofascore
14053816,983068,Václav Sejk,,32,29.8,53.9,0.0206,save,right-foot,regular,sofascore
14053816,252215,Wout Weghorst,,24,3.0,39.5,0.0524,miss,right-foot,corner,sofascore
14053816,1014408,Maxence Rivera,,20,24.3,25.6,0.0135,save,right-foot,assisted,sofascore
14053816,138842,Joris van Overeem,,6,22.1,54.2,0.0488,miss,right-foot,assisted,sofascore
14053816,1014408,Maxence Rivera,,6,14.4,35.4,0.033,block,right-foot,assisted,sofascore
14053816,1015627,Jacob Trenskow,,2,9.1,73.2,0.0296,block,left-foot,throw-in-set-piece,sofascore
14053817,837010,Niklas Vesterlund,,90,7.0,47.8,0.1206,save,head,throw-in-set-piece,sofascore
14053817,1105700,Yoann Cathline,,90,23.5,32.3,0.0223,miss,right-foot,assisted,sofascore
14053817,855854,Dani De Wit,,90,7.4,49.6,0.2095,miss,head,corner,sofascore
14053817,1214695,Adrian Blake,,89,7.3,31.3,0.0369,post,left-foot,assisted,sofascore
14053817,1105700,Yoann Cathline,,89,8.3,68.5,0.0321,block,left-foot,assisted,sofascore
14053817,1014118,Miguel Rodríguez,,88,11.7,66.4,0.1028,miss,right-foot,regular,sofascore
14053817,99960,Jens Toornstra,,85,15.2,35.2,0.0679,save,right-foot,throw-in-set-piece,sofascore
14053817,1214695,Adrian Blake,,73,15.3,34.8,0.0342,miss,left-foot,corner,sofascore
14053817,1014118,Miguel Rodríguez,,72,8.9,29.9,0.0313,block,left-foot,regular,sofascore
14053817,1105700,Yoann Cathline,,68,26.8,49.9,0.0156,block,right-foot,assisted,sofascore
14053817,913584,Joshua Kitolano,,66,27.7,48.9,0.0389,miss,right-foot,free-kick,sofascore
14053817,1014118,Miguel Rodríguez,,62,32.8,49.0,0.0122,miss,left-foot,assisted,sofascore
14053817,1014118,Miguel Rodríguez,,53,10.0,39.2,0.0735,miss,right-foot,assisted,sofascore
14053817,1960315,Lushendry Edward Martes,,51,24.0,60.7,0.0491,save,left-foot,assisted,sofascore
14053817,934249,Can Bozdoğan,,50,23.7,63.2,0.017,miss,left-foot,regular,sofascore
14053817,827662,Mitchell Van Bergen,,45,16.1,29.3,0.0323,block,right-foot,assisted,sofascore
14053817,996992,Matisse Didden,,45,9.7,51.3,0.0912,miss,right-foot,corner,sofascore
14053817,794990,Siebe Horemans,,44,18.9,64.2,0.0375,block,right-foot,regular,sofascore
14053817,934249,Can Bozdoğan,,38,8.0,32.9,0.0604,miss,left-foot,assisted,sofascore
14053817,834597,Jesper Karlsson,,38,21.7,34.3,0.0235,block,right-foot,assisted,sofascore
14053817,934249,Can Bozdoğan,,34,2.0,57.9,0.1161,save,right-foot,corner,sofascore
14053817,1014118,Miguel Rodríguez,,34,5.3,64.2,0.0183,miss,head,corner,sofascore
14053817,991679,Souffian El Karouani,,34,21.6,61.5,0.1003,save,left-foot,free-kick,sofascore
14053817,991679,Souffian El Karouani,,24,15.7,47.8,0.0562,miss,left-foot,throw-in-set-piece,sofascore
14053817,834597,Jesper Karlsson,,18,19.5,48.5,0.0364,save,right-foot,corner,sofascore
14053817,1002479,Shunsuke Mito,,7,13.1,58.1,0.4449,goal,right-foot,fast-break,sofascore
14053817,855854,Dani De Wit,,6,13.3,47.7,0.0771,save,right-foot,assisted,sofascore
14053818,146401,Thomas Bruns,,89,14.3,58.9,0.0763,goal,left-foot,regular,sofascore
14053818,1123613,Yvandro Borges Sanches,,89,10.3,55.4,0.1505,block,left-foot,assisted,sofascore
14053818,146401,Thomas Bruns,,88,22.9,67.1,0.0146,block,right-foot,assisted,sofascore
14053818,1123613,Yvandro Borges Sanches,,87,21.8,66.9,0.0229,save,right-foot,regular,sofascore
14053818,998999,Luka Kulenović,,83,9.8,59.4,0.485,post,right-foot,fast-break,sofascore
14053818,927605,Kaj de Rooij,,79,18.9,48.5,0.0318,miss,right-foot,corner,sofascore
14053818,930295,Jan Žambůrek,,75,33.3,52.1,0.0266,miss,left-foot,assisted,sofascore
14053818,927605,Kaj de Rooij,,71,14.5,56.9,0.3934,goal,right-foot,regular,sofascore
14053818,974203,Alec Van Hoorenbeeck,,67,3.1,47.5,0.3046,goal,right-foot,corner,sofascore
14053818,788284,Ajdin Hrustić,,66,21.8,43.4,0.0701,miss,left-foot,fast-break,sofascore
14053818,974203,Alec Van Hoorenbeeck,,63,8.6,53.0,0.1891,miss,head,assisted,sofascore
14053818,996988,Bryan Limbombe,,59,11.4,66.9,0.0965,goal,right-foot,regular,sofascore
14053818,998999,Luka Kulenović,,59,16.7,36.8,0.0256,block,right-foot,regular,sofascore
14053818,998999,Luka Kulenović,,56,5.7,51.9,0.4687,post,head,set-piece,sofascore
14053818,918484,Ivan Mesík,,54,12.3,40.9,0.1869,save,right-foot,regular,sofascore
14053818,998999,Luka Kulenović,,53,10.7,56.2,0.0819,miss,head,assisted,sofascore
14053818,127554,Mike te Wierik,,50,7.4,53.4,0.3579,goal,head,assisted,sofascore
14053818,996988,Bryan Limbombe,,50,22.6,68.7,0.0222,block,right-foot,assisted,sofascore
14053818,927605,Kaj de Rooij,,47,12.6,24.3,0.0215,block,right-foot,regular,sofascore
14053818,815080,Jamiro Monteiro,,47,16.2,40.4,0.0642,block,right-foot,assisted,sofascore
14053818,927605,Kaj de Rooij,,45,8.8,29.5,0.0354,save,right-foot,assisted,sofascore
14053818,998999,Luka Kulenović,,39,11.5,50.0,0.7884,goal,right-foot,penalty,sofascore
14053818,914392,Jizz Hornkamp,,32,11.7,43.6,0.0871,goal,right-foot,assisted,sofascore
14053818,914392,Jizz Hornkamp,,29,8.6,48.3,0.5303,goal,right-foot,assisted,sofascore
14053818,914392,Jizz Hornkamp,,29,14.3,50.0,0.1804,miss,right-foot,assisted,sofascore
14053818,918484,Ivan Mesík,,20,15.1,42.1,0.0185,miss,left-foot,set-piece,sofascore
14053818,914392,Jizz Hornkamp,,18,14.6,69.0,0.0218,goal,right-foot,assisted,sofascore
14053818,914392,Jizz Hornkamp,,17,3.0,56.7,0.138,save,head,corner,sofascore
14053818,847073,Koen Kostons,,14,7.6,54.2,0.5299,save,right-foot,assisted,sofascore
14053818,974203,Alec Van Hoorenbeeck,,13,8.3,49.3,0.1613,miss,head,set-piece,sofascore
14053818,927605,Kaj de Rooij,,9,13.0,31.1,0.065,goal,right-foot,assisted,sofascore
14053819,76160,Marvin Peersman,,90,18.8,32.7,0.0385,miss,left-foot,throw-in-set-piece,sofascore
14053819,1470010,Dies Janse,,90,15.4,47.7,0.0526,block,left-foot,throw-in-set-piece,sofascore
14053819,907520,Brynjólfur Darri Willumsson,,90,7.7,46.8,0.1577,block,right-foot,assisted,sofascore
14053819,1121401,Thijmen Blokzijl,,90,18.5,55.2,0.0487,miss,right-foot,assisted,sofascore
14053819,907520,Brynjólfur Darri Willumsson,,90,12.2,65.2,0.0647,save,right-foot,regular,sofascore
14053819,76160,Marvin Peersman,,90,18.5,52.4,0.0387,block,left-foot,regular,sofascore
14053819,907520,Brynjólfur Darri Willumsson,,90,22.2,52.8,0.0255,block,left-foot,assisted,sofascore
14053819,907520,Brynjólfur Darri Willumsson,,89,8.0,68.9,0.0595,save,right-foot,regular,sofascore
14053819,1048011,Édouard Michut,,87,16.5,73.8,0.0287,miss,right-foot,fast-break,sofascore
14053819,318745,Oskar Zawada,,79,7.6,47.2,0.0989,save,head,assisted,sofascore
14053819,1121401,Thijmen Blokzijl,,78,24.9,63.8,0.0227,block,right-foot,regular,sofascore
14053819,366942,Kristoffer Peterson,,75,22.9,43.0,0.0549,block,right-foot,fast-break,sofascore
14053819,827103,Marco Rente,,73,9.1,67.1,0.0709,miss,right-foot,assisted,sofascore
14053819,1413536,Thom van Bergen,,72,9.1,38.6,0.499,save,left-foot,fast-break,sofascore
14053819,855847,Kaj Sierhuis,,70,33.4,58.8,0.0089,save,right-foot,assisted,sofascore
14053819,318745,Oskar Zawada,,69,10.9,67.3,0.0322,miss,right-foot,assisted,sofascore
14053819,827103,Marco Rente,,65,26.8,55.0,0.0214,miss,right-foot,assisted,sofascore
14053819,1424404,Jorg Schreuders,,61,26.0,42.3,0.0147,block,right-foot,assisted,sofascore
14053819,76160,Marvin Peersman,,58,14.2,30.3,0.0496,miss,left-foot,assisted,sofascore
14053819,1146623,Younes Taha,,55,61.2,70.6,0.0075,miss,left-foot,fast-break,sofascore
14053819,946505,Lance Duijvestijn,,45,19.2,47.9,0.1347,save,right-foot,assisted,sofascore
14053819,1090328,Stije Resink,,39,25.1,47.4,0.0685,block,right-foot,free-kick,sofascore
14053819,76160,Marvin Peersman,,37,5.0,49.7,0.1933,miss,head,corner,sofascore
14053819,946505,Lance Duijvestijn,,32,5.0,46.6,0.3559,goal,head,assisted,sofascore
14053819,1146623,Younes Taha,,29,22.7,46.7,0.0839,miss,left-foot,assisted,sofascore
14053819,1048011,Édouard Michut,,28,18.2,54.4,0.021,block,right-foot,corner,sofascore
14053819,76160,Marvin Peersman,,23,3.6,62.0,0.027,block,head,corner,sofascore
14053819,1413536,Thom van Bergen,,22,3.3,35.8,0.017,block,head,corner,sofascore
14053819,1090328,Stije Resink,,21,7.7,51.5,0.2013,miss,head,set-piece,sofascore
14053819,946505,Lance Duijvestijn,,14,13.9,27.4,0.0322,save,right-foot,assisted,sofascore
14053819,855847,Kaj Sierhuis,,12,10.8,38.9,0.3356,goal,right-foot,assisted,sofascore
14053819,855847,Kaj Sierhuis,,11,19.4,31.9,0.0294,block,right-foot,fast-break,sofascore
14053819,1470010,Dies Janse,,6,4.9,46.4,0.3351,goal,left-foot,corner,sofascore
14053819,1146623,Younes Taha,,6,12.9,53.2,0.0848,miss,left-foot,corner,sofascore
14053819,929633,Mohamed Ihattaren,,2,34.0,20.1,0.0078,save,left-foot,regular,sofascore
14053820,163541,Mats Seuntjens,,90,12.6,56.2,0.179,block,right-foot,assisted,sofascore
14053820,1121402,Tika de Jonge,,88,23.4,44.2,0.0175,block,right-foot,regular,sofascore
14053820,190435,Marko Pjaca,,84,24.6,40.3,0.0434,save,right-foot,assisted,sofascore
14053820,1424404,Jorg Schreuders,,80,19.8,74.0,0.0187,miss,right-foot,assisted,sofascore
14053820,578344,Arno Verschueren,,79,8.5,42.3,0.0377,miss,head,regular,sofascore
14053820,1387012,Mats Rots,,78,15.7,51.5,0.0441,save,head,assisted,sofascore
14053820,907520,Brynjólfur Darri Willumsson,,73,13.9,34.8,0.0527,miss,right-foot,fast-break,sofascore
14053820,196082,Robin Pröpper,,67,8.3,49.5,0.1759,save,head,set-piece,sofascore
14053820,1090328,Stije Resink,,53,11.5,50.0,0.7884,goal,right-foot,penalty,sofascore
14053820,1160026,Kristian Hlynsson,,47,3.2,51.1,0.9268,goal,left-foot,assisted,sofascore
14053820,1048430,Daan Rots,,45,15.7,55.8,0.0608,miss,left-foot,regular,sofascore
14053820,1200962,Sondre Ørjasæter,,34,13.3,42.7,0.0656,block,left-foot,assisted,sofascore
14053820,1413536,Thom van Bergen,,34,3.8,44.6,0.4158,miss,right-foot,corner,sofascore
14053820,1146623,Younes Taha,,33,6.9,67.9,0.0509,block,right-foot,assisted,sofascore
14053820,1048430,Daan Rots,,32,16.2,72.6,0.012,block,left-foot,regular,sofascore
14053820,1878212,David van der Werff,,31,7.1,49.5,0.1637,miss,head,corner,sofascore
14053820,1878212,David van der Werff,,24,15.3,64.9,0.0851,miss,right-foot,regular,sofascore
14053820,1424404,Jorg Schreuders,,24,15.4,38.7,0.1119,save,right-foot,assisted,sofascore
14053820,76160,Marvin Peersman,,21,4.6,54.2,0.1699,miss,head,corner,sofascore
14053820,76160,Marvin Peersman,,21,12.9,47.9,0.3595,save,left-foot,fast-break,sofascore
14053820,76160,Marvin Peersman,,16,4.2,42.1,0.0915,miss,head,corner,sofascore
14053820,1146623,Younes Taha,,15,11.0,50.9,0.3713,save,left-foot,regular,sofascore
14053820,1160026,Kristian Hlynsson,,11,21.6,65.6,0.0145,block,right-foot,assisted,sofascore
14053820,1878212,David van der Werff,,10,9.5,49.9,0.3555,save,left-foot,regular,sofascore
14053820,827103,Marco Rente,,10,9.1,57.0,0.0934,save,right-foot,assisted,sofascore
14053820,1878212,David van der Werff,,9,26.0,61.5,0.037,miss,right-foot,assisted,sofascore
14053820,196082,Robin Pröpper,,7,7.0,38.9,0.0623,miss,left-foot,set-piece,sofascore
14053820,1146623,Younes Taha,,3,58.2,24.8,0.0089,save,left-foot,fast-break,sofascore
14053821,946505,Lance Duijvestijn,,89,14.2,38.2,0.0459,miss,right-foot,set-piece,sofascore
14053821,827662,Mitchell Van Bergen,,88,12.2,70.1,0.0457,block,left-foot,assisted,sofascore
14053821,1648751,Ayoni Santos,,75,9.3,69.0,0.1318,save,right-foot,fast-break,sofascore
14053821,1405756,Kees Smit,,69,19.7,60.5,0.1194,goal,right-foot,fast-break,sofascore
14053821,916926,Shurandy Sambo,,66,22.9,29.1,0.0257,block,right-foot,corner,sofascore
14053821,966299,Teo Quintero,,66,7.4,41.9,0.0543,block,head,set-piece,sofascore
14053821,827662,Mitchell Van Bergen,,55,18.2,30.7,0.0225,block,right-foot,assisted,sofascore
14053821,922018,Peer Koopmeiners,,54,23.7,62.2,0.0195,save,right-foot,corner,sofascore
14053821,796943,Tobias Lauritsen,,52,9.3,50.5,0.0706,save,head,assisted,sofascore
14053821,980671,Sven Mijnans,,50,14.1,56.1,0.1737,save,left-foot,assisted,sofascore
14053821,966555,Troy Parrott,,47,2.0,54.8,0.359,save,right-foot,regular,sofascore
14053821,1148468,Weslley Patati,,47,10.1,58.4,0.1322,save,right-foot,assisted,sofascore
14053821,796943,Tobias Lauritsen,,40,7.4,48.6,0.1189,miss,head,assisted,sofascore
14053821,1148468,Weslley Patati,,40,8.8,53.1,0.4714,save,head,assisted,sofascore
14053821,1008111,Denso Kasius,,40,5.7,76.1,0.0168,save,right-foot,assisted,sofascore
14053821,922018,Peer Koopmeiners,,37,22.4,55.8,0.0612,block,right-foot,assisted,sofascore
14053821,980671,Sven Mijnans,,37,7.6,37.3,0.0726,save,left-foot,assisted,sofascore
14053821,1148468,Weslley Patati,,35,26.0,50.0,0.0399,miss,left-foot,assisted,sofascore
14053821,966555,Troy Parrott,,28,11.5,50.0,0.7884,save,right-foot,penalty,sofascore
14053821,966555,Troy Parrott,,22,9.2,44.6,0.0414,save,head,corner,sofascore
14053821,966555,Troy Parrott,,21,14.6,37.7,0.054,save,left-foot,assisted,sofascore
14053821,980671,Sven Mijnans,,18,1.7,34.0,0.0103,block,left-foot,corner,sofascore
14053821,980671,Sven Mijnans,,17,21.7,54.6,0.0369,block,left-foot,assisted,sofascore
14053821,1648756,Ayoub Oufkir,,12,16.3,32.3,0.032,miss,left-foot,assisted,sofascore
14053821,827662,Mitchell Van Bergen,,10,27.7,37.3,0.0242,save,right-foot,assisted,sofascore
14053821,1148468,Weslley Patati,,8,29.1,65.4,0.0174,miss,left-foot,assisted,sofascore
14053821,1148468,Weslley Patati,,7,11.6,67.2,0.0381,save,left-foot,corner,sofascore
14053821,980671,Sven Mijnans,,7,32.1,61.7,0.0161,save,left-foot,assisted,sofascore
14053821,1405756,Kees Smit,,6,20.6,33.4,0.0177,miss,right-foot,assisted,sofascore
14053821,1405756,Kees Smit,,1,7.4,44.2,0.1773,save,head,assisted,sofascore
14053822,1048906,Rick Meissen,,90,14.3,46.6,0.0761,save,right-foot,assisted,sofascore
14053822,1048487,Noah Naujoks,,90,25.3,57.9,0.0267,save,right-foot,regular,sofascore
14053822,252215,Wout Weghorst,,81,15.1,63.0,0.0595,miss,right-foot,assisted,sofascore
14053822,910053,Arthur Zagre,,79,5.2,32.9,0.2197,goal,left-foot,assisted,sofascore
14053822,1211982,Miliano Jonathans,,77,19.2,65.6,0.0374,block,left-foot,assisted,sofascore
14053822,1211982,Miliano Jonathans,,74,6.7,55.9,0.2302,goal,head,assisted,sofascore
14053822,1893852,Jerolldino Bergraaf,,61,19.5,35.8,0.0157,save,head,assisted,sofascore
14053822,1384483,Irakli Yegoian,,59,13.9,68.9,0.0229,miss,left-foot,assisted,sofascore
14053822,1403090,Rayane Bounida,,52,23.3,63.4,0.0327,miss,left-foot,assisted,sofascore
14053822,1384483,Irakli Yegoian,,48,9.0,47.3,0.0697,miss,head,throw-in-set-piece,sofascore
14053822,1126595,Lennard Hartjes,,48,21.8,42.3,0.0217,miss,right-foot,corner,sofascore
14053822,1149146,Mika Godts,,43,13.1,60.0,0.0979,miss,right-foot,assisted,sofascore
14053822,1149146,Mika Godts,,40,10.8,49.8,0.263,goal,right-foot,assisted,sofascore
14053822,1403090,Rayane Bounida,,39,23.5,70.6,0.0368,block,right-foot,fast-break,sofascore
14053822,1384483,Irakli Yegoian,,38,21.6,72.4,0.0192,miss,right-foot,assisted,sofascore
14053822,1048906,Rick Meissen,,35,10.1,46.1,0.0309,block,head,corner,sofascore
14053822,1149146,Mika Godts,,33,23.4,39.7,0.0458,save,right-foot,assisted,sofascore
14053822,1149146,Mika Godts,,24,10.6,33.3,0.042,miss,left-foot,regular,sofascore
14053822,1149146,Mika Godts,,21,12.4,57.9,0.1347,goal,right-foot,assisted,sofascore
14053822,97410,Davy Klaassen,,17,10.2,25.9,0.0222,miss,left-foot,assisted,sofascore
14053823,1014118,Miguel Rodríguez,,90,24.3,64.2,0.0254,block,left-foot,set-piece,sofascore
14053823,35208,Tjaronn Chery,,87,11.5,50.0,0.7884,post,left-foot,penalty,sofascore
14053823,1177177,Deveron Fonville,,85,7.0,57.0,0.0719,block,head,corner,sofascore
14053823,794990,Siebe Horemans,,80,8.2,59.5,0.0537,save,head,set-piece,sofascore
14053823,855854,Dani De Wit,,75,9.7,65.4,0.1759,miss,right-foot,regular,sofascore
14053823,855854,Dani De Wit,,75,12.9,63.0,0.3466,save,right-foot,assisted,sofascore
14053823,35208,Tjaronn Chery,,70,29.4,43.8,0.0338,block,left-foot,free-kick,sofascore
14053823,127846,Eli Dasa,,64,30.6,44.2,0.0167,miss,right-foot,assisted,sofascore
14053823,35208,Tjaronn Chery,,63,29.4,50.5,0.0306,save,left-foot,regular,sofascore
14053823,1064177,Ahmetcan Kaplan,,62,13.9,34.2,0.059,block,left-foot,fast-break,sofascore
14053823,798180,Thomas Ouwejan,,62,15.1,45.8,0.1033,block,right-foot,fast-break,sofascore
14053823,1000548,Alonzo Engwanda,,62,18.8,43.2,0.0448,block,right-foot,assisted,sofascore
14053823,1394147,Sami Ouaissa,,59,23.7,69.7,0.0294,save,left-foot,assisted,sofascore
14053823,46900,Nick Viergever,,58,3.8,39.5,0.1119,miss,head,corner,sofascore
14053823,1064177,Ahmetcan Kaplan,,57,25.6,50.1,0.049,save,left-foot,regular,sofascore
14053823,46900,Nick Viergever,,55,23.7,34.6,0.0504,miss,left-foot,regular,sofascore
14053823,47753,Bryan Linssen,,47,15.0,41.1,0.0711,save,right-foot,regular,sofascore
14053823,991679,Souffian El Karouani,,45,10.7,25.1,0.0308,save,left-foot,fast-break,sofascore
14053823,1014118,Miguel Rodríguez,,41,10.4,49.5,0.1005,goal,right-foot,assisted,sofascore
14053823,47753,Bryan Linssen,,33,9.2,59.5,0.0275,miss,head,corner,sofascore
14053823,47753,Bryan Linssen,,33,9.1,63.0,0.4455,save,right-foot,assisted,sofascore
14053823,831860,Koki Ogawa,,28,10.4,58.1,0.3039,miss,right-foot,assisted,sofascore
14053823,798180,Thomas Ouwejan,,20,18.1,53.0,0.0766,miss,right-foot,fast-break,sofascore
14053823,35208,Tjaronn Chery,,11,31.4,57.8,0.0203,miss,left-foot,assisted,sofascore
14053823,1184054,Kodai Sano,,9,27.1,31.1,0.0138,miss,right-foot,assisted,sofascore
14053823,1014118,Miguel Rodríguez,,1,2.9,59.6,0.6183,miss,right-foot,regular,sofascore
14053823,1214695,Adrian Blake,,1,12.8,32.3,0.0256,miss,left-foot,assisted,sofascore
14053824,132674,Mario Engels,,90,6.1,32.8,0.1129,miss,left-foot,fast-break,sofascore
14053824,998999,Luka Kulenović,,90,8.2,51.0,0.0937,miss,head,assisted,sofascore
14053824,929633,Mohamed Ihattaren,,90,23.3,72.7,0.0241,miss,left-foot,assisted,sofascore
14053824,1118181,Lequincio Zeefuik,,80,4.9,47.4,0.1875,miss,head,corner,sofascore
14053824,929633,Mohamed Ihattaren,,71,22.9,66.9,0.0068,save,left-foot,assisted,sofascore
14053824,788284,Ajdin Hrustić,,64,28.1,38.5,0.0314,save,left-foot,fast-break,sofascore
14053824,1118181,Lequincio Zeefuik,,63,15.3,64.4,0.0887,save,right-foot,assisted,sofascore
14053824,989586,Shawn Adewoye,,59,6.4,50.5,0.0022,save,head,corner,sofascore
14053824,1112604,Justin Hubner,,59,10.2,48.1,0.0374,miss,left-foot,corner,sofascore
14053824,1132766,Philip Brittijn,,54,13.6,54.0,0.0168,block,right-foot,corner,sofascore
14053824,855847,Kaj Sierhuis,,53,13.8,62.4,0.078,block,right-foot,fast-break,sofascore
14053824,929633,Mohamed Ihattaren,,46,23.4,36.0,0.0066,save,left-foot,assisted,sofascore
14053824,961678,Neraysho Kasanwirjo,,45,18.9,52.8,0.0213,save,right-foot,corner,sofascore
14053824,974203,Alec Van Hoorenbeeck,,44,2.0,49.7,0.8182,goal,right-foot,set-piece,sofascore
14053824,1130308,Mimeirhel Benita,,44,13.9,50.7,0.0859,save,right-foot,set-piece,sofascore
14053824,1118181,Lequincio Zeefuik,,42,3.0,56.2,0.4817,save,right-foot,set-piece,sofascore
14053824,788284,Ajdin Hrustić,,41,22.9,60.3,0.0672,save,left-foot,free-kick,sofascore
14053824,855847,Kaj Sierhuis,,39,30.5,49.0,0.0143,save,right-foot,assisted,sofascore
14053824,855847,Kaj Sierhuis,,37,13.9,48.0,0.0369,goal,head,assisted,sofascore
14053824,788284,Ajdin Hrustić,,26,8.5,43.8,0.2421,goal,left-foot,fast-break,sofascore
14053824,366942,Kristoffer Peterson,,12,9.0,41.1,0.0335,miss,head,assisted,sofascore
14053824,954317,Naci Ünüvar,,7,8.6,32.2,0.0488,block,right-foot,throw-in-set-piece,sofascore
14053824,929633,Mohamed Ihattaren,,5,27.2,30.9,0.0272,miss,left-foot,fast-break,sofascore
14053825,1387012,Mats Rots,,90,17.3,36.6,0.0223,block,left-foot,corner,sofascore
14053825,578344,Arno Verschueren,,90,3.9,40.2,0.0634,block,head,corner,sofascore
14053825,196082,Robin Pröpper,,90,8.2,30.9,0.0491,block,right-foot,assisted,sofascore
14053825,804901,Sam Lammers,,90,10.2,54.2,0.0702,save,right-foot,regular,sofascore
14053825,1160026,Kristian Hlynsson,,90,12.9,61.5,0.088,block,right-foot,regular,sofascore
14053825,1091923,Stav Lemkin,,90,14.2,56.2,0.1484,block,left-foot,assisted,sofascore
14053825,1048430,Daan Rots,,90,7.6,58.3,0.0464,block,head,throw-in-set-piece,sofascore
14053825,581080,Mohamed Hamdaoui,,87,15.3,45.0,0.0586,block,left-foot,assisted,sofascore
14053825,1084609,Tyrone Owusu,,84,19.8,58.5,0.0695,block,right-foot,assisted,sofascore
14053825,1048430,Daan Rots,,77,19.4,53.6,0.0396,miss,left-foot,assisted,sofascore
14053825,1137227,Milan Zonneveld,,73,8.5,47.7,0.1304,miss,right-foot,assisted,sofascore
14053825,1160026,Kristian Hlynsson,,64,18.4,64.0,0.0274,miss,right-foot,regular,sofascore
14053825,35193,Ricky van Wolfswinkel,,64,12.5,44.0,0.0266,block,head,assisted,sofascore
14053825,190435,Marko Pjaca,,63,29.7,51.1,0.0301,save,right-foot,assisted,sofascore
14053825,1200962,Sondre Ørjasæter,,61,12.3,54.6,0.0276,miss,head,assisted,sofascore
14053825,35193,Ricky van Wolfswinkel,,58,10.5,65.8,0.0921,save,right-foot,regular,sofascore
14053825,1200962,Sondre Ørjasæter,,56,14.5,34.2,0.021,block,right-foot,assisted,sofascore
14053825,946506,Bart van Rooij,,55,22.3,65.2,0.0386,block,left-foot,assisted,sofascore
14053825,1548838,Soufiane Hetli,,53,13.5,66.7,0.0234,block,left-foot,assisted,sofascore
14053825,1160026,Kristian Hlynsson,,50,18.3,35.4,0.0321,block,right-foot,corner,sofascore
14053825,196082,Robin Pröpper,,50,9.5,43.6,0.025,block,head,corner,sofascore
14053825,945233,Thomas Van den Belt,,45,20.1,42.1,0.0551,miss,right-foot,assisted,sofascore
14053825,1066319,Patrick Brouwer,,45,14.8,46.0,0.3097,miss,right-foot,assisted,sofascore
14053825,946506,Bart van Rooij,,43,12.2,67.5,0.1103,save,right-foot,assisted,sofascore
14053825,946506,Bart van Rooij,,39,7.4,51.5,0.1194,miss,head,assisted,sofascore
14053825,190435,Marko Pjaca,,39,7.4,50.5,0.1228,save,head,assisted,sofascore
14053825,1890313,Ruud Nijstad,,32,9.7,44.6,0.0488,save,head,corner,sofascore
14053825,1160026,Kristian Hlynsson,,28,7.4,42.3,0.0967,block,left-foot,assisted,sofascore
14053825,1160026,Kristian Hlynsson,,25,15.8,56.4,0.0616,miss,right-foot,assisted,sofascore
14053825,946506,Bart van Rooij,,14,13.9,73.4,0.0311,miss,right-foot,assisted,sofascore
14053825,1200962,Sondre Ørjasæter,,9,10.1,37.6,0.1333,miss,right-foot,assisted,sofascore
14053825,35193,Ricky van Wolfswinkel,,6,15.8,56.4,0.118,save,right-foot,assisted,sofascore
14053825,1548838,Soufiane Hetli,,3,18.8,34.9,0.0415,block,right-foot,assisted,sofascore
14053826,1015627,Jacob Trenskow,,90,11.3,57.6,0.0927,block,left-foot,regular,sofascore
14053826,1014118,Miguel Rodríguez,,90,27.1,50.7,0.0311,save,left-foot,regular,sofascore
14053826,996986,Luca Oyen,,90,4.3,40.3,0.0987,miss,right-foot,assisted,sofascore
14053826,1586644,Eser Gürbüz,,90,11.7,68.9,0.0437,block,left-foot,regular,sofascore
14053826,996986,Luca Oyen,,90,9.6,39.6,0.1166,post,right-foot,assisted,sofascore
14053826,1000548,Alonzo Engwanda,,87,22.8,62.4,0.0263,block,right-foot,assisted,sofascore
14053826,992018,Ringo Meerveld,,85,18.7,67.3,0.0347,block,right-foot,assisted,sofascore
14053826,825843,Dylan Vente,,78,8.2,71.4,0.0249,miss,right-foot,regular,sofascore
14053826,1014118,Miguel Rodríguez,,75,13.2,56.7,0.3069,miss,left-foot,fast-break,sofascore
14053826,1015627,Jacob Trenskow,,75,12.0,61.7,0.0815,block,left-foot,fast-break,sofascore
14053826,794014,Luuk Brouwers,,67,15.1,54.2,0.1638,miss,right-foot,assisted,sofascore
14053826,992018,Ringo Meerveld,,59,22.3,48.4,0.0477,block,left-foot,assisted,sofascore
14053826,138842,Joris van Overeem,,58,30.7,51.1,0.0143,block,right-foot,regular,sofascore
14053826,834597,Jesper Karlsson,,54,9.9,42.5,0.0995,goal,head,assisted,sofascore
14053826,825843,Dylan Vente,,53,27.5,45.6,0.0388,save,right-foot,free-kick,sofascore
14053826,1627623,Marcus Linday,,51,14.7,54.1,0.1653,post,right-foot,assisted,sofascore
14053826,1627623,Marcus Linday,,51,14.7,51.5,0.2115,block,right-foot,assisted,sofascore
14053826,1064426,Vasilios Zagaritis,,50,14.4,28.3,0.0363,miss,left-foot,assisted,sofascore
14053826,996992,Matisse Didden,,41,18.1,46.4,0.0424,miss,right-foot,corner,sofascore
14053826,834597,Jesper Karlsson,,40,20.7,28.2,0.0269,block,right-foot,fast-break,sofascore
14053826,1015627,Jacob Trenskow,,35,22.0,72.8,0.0286,save,left-foot,assisted,sofascore
14053826,834597,Jesper Karlsson,,33,11.1,30.5,0.0449,miss,right-foot,assisted,sofascore
14053826,855854,Dani De Wit,,26,10.9,38.9,0.1272,save,right-foot,assisted,sofascore
14053826,1015627,Jacob Trenskow,,24,7.3,55.8,0.2875,goal,left-foot,assisted,sofascore
14053826,1014408,Maxence Rivera,,23,13.0,35.4,0.0284,block,right-foot,assisted,sofascore
14053826,1015627,Jacob Trenskow,,21,17.3,48.1,0.1403,miss,left-foot,assisted,sofascore
14053826,1000548,Alonzo Engwanda,,19,24.4,51.3,0.0341,miss,right-foot,assisted,sofascore
14053826,794014,Luuk Brouwers,,17,26.2,62.8,0.0188,miss,right-foot,assisted,sofascore
14053826,1153261,Ángel Alarcón,,15,23.2,53.0,0.0596,save,left-foot,assisted,sofascore
14053826,834597,Jesper Karlsson,,11,21.5,56.0,0.0318,block,right-foot,assisted,sofascore
14053827,1625485,Nils Eggens,,90,14.3,53.7,0.0352,block,head,assisted,sofascore
14053827,1002479,Shunsuke Mito,,90,7.6,52.2,0.6862,goal,left-foot,assisted,sofascore
14053827,796943,Tobias Lauritsen,,90,18.3,47.8,0.0817,miss,left-foot,regular,sofascore
14053827,966299,Teo Quintero,,84,7.4,29.7,0.0225,save,left-foot,assisted,sofascore
14053827,1146623,Younes Taha,,58,27.8,51.5,0.0267,save,left-foot,assisted,sofascore
14053827,1002479,Shunsuke Mito,,55,21.2,47.9,0.1317,goal,right-foot,fast-break,sofascore
14053827,1648751,Ayoni Santos,,45,10.8,26.6,0.0082,block,right-foot,set-piece,sofascore
14053827,827662,Mitchell Van Bergen,,39,7.4,67.3,0.368,save,right-foot,fast-break,sofascore
14053827,1121401,Thijmen Blokzijl,,34,28.4,68.3,0.0137,block,right-foot,corner,sofascore
14053827,1878212,David van der Werff,,33,13.6,30.1,0.0474,save,right-foot,assisted,sofascore
14053827,1424404,Jorg Schreuders,,31,28.7,66.9,0.0173,block,right-foot,assisted,sofascore
14053827,907520,Brynjólfur Darri Willumsson,,31,9.4,57.3,0.1264,block,right-foot,fast-break,sofascore
14053827,1002479,Shunsuke Mito,,25,7.6,44.2,0.0516,miss,head,corner,sofascore
14053827,1441117,Tygo Land,,17,9.0,60.9,0.0492,miss,right-foot,set-piece,sofascore
14053827,1146623,Younes Taha,,17,30.5,34.6,0.0273,block,left-foot,free-kick,sofascore
14053827,1002479,Shunsuke Mito,,15,11.4,59.3,0.1747,save,right-foot,regular,sofascore
14053827,1002479,Shunsuke Mito,,7,11.2,65.2,0.1095,miss,right-foot,assisted,sofascore
14053828,148623,Virgil Misidjan,,90,8.3,24.4,0.0219,save,right-foot,assisted,sofascore
14053828,914392,Jizz Hornkamp,,89,8.3,57.6,0.1754,miss,head,fast-break,sofascore
14053828,1184054,Kodai Sano,,83,8.6,41.8,0.1519,miss,right-foot,assisted,sofascore
14053828,966555,Troy Parrott,,73,16.0,56.4,0.1301,miss,right-foot,assisted,sofascore
14053828,1394147,Sami Ouaissa,,65,25.4,45.6,0.0408,miss,left-foot,regular,sofascore
14053828,35208,Tjaronn Chery,,59,17.9,26.7,0.0238,save,left-foot,assisted,sofascore
14053828,47753,Bryan Linssen,,58,12.0,62.0,0.0658,miss,left-foot,assisted,sofascore
14053828,966555,Troy Parrott,,54,4.3,59.9,0.0533,miss,head,corner,sofascore
14053828,1184054,Kodai Sano,,52,24.1,49.2,0.0225,goal,left-foot,regular,sofascore
14053828,1145982,Wouter Goes,,48,14.6,51.3,0.018,save,head,set-piece,sofascore
14053828,35208,Tjaronn Chery,,43,25.4,65.0,0.039,save,left-foot,free-kick,sofascore
14053828,966555,Troy Parrott,,40,12.5,60.7,0.4635,goal,left-foot,assisted,sofascore
14053828,1087931,Isak Steiner Jensen,,39,8.2,34.0,0.2576,miss,left-foot,assisted,sofascore
14053828,897603,Darko Nejašmić,,38,19.7,50.5,0.0258,miss,left-foot,corner,sofascore
14053828,47753,Bryan Linssen,,36,7.3,55.4,0.0692,save,head,corner,sofascore
14053828,35208,Tjaronn Chery,,36,12.5,56.9,0.1447,block,right-foot,assisted,sofascore
14053828,1394147,Sami Ouaissa,,30,15.3,67.3,0.0213,miss,left-foot,assisted,sofascore
14053828,1590941,Kasper Boogaard,,26,7.9,67.0,0.0394,block,right-foot,assisted,sofascore
14053828,35208,Tjaronn Chery,,21,12.5,36.6,0.0812,block,left-foot,regular,sofascore
14053828,47753,Bryan Linssen,,16,44.2,67.8,0.0127,save,right-foot,regular,sofascore
14053828,1145989,Ro-Zangelo Daal,,16,8.8,44.0,0.092,block,right-foot,regular,sofascore
14053828,1214957,Noe Lebreton,,15,9.1,48.4,0.3318,miss,right-foot,assisted,sofascore
14053828,1170900,Matěj Šín,,13,19.0,48.8,0.1104,block,left-foot,throw-in-set-piece,sofascore
14053828,1193676,Başar Önal,,12,15.9,29.6,0.0191,goal,right-foot,assisted,sofascore
14053828,35208,Tjaronn Chery,,10,19.5,62.8,0.0401,goal,right-foot,assisted,sofascore
14053828,1214957,Noe Lebreton,,10,19.6,53.5,0.0396,block,right-foot,assisted,sofascore
14053828,1119294,Maxim Dekker,,9,7.6,43.7,0.0579,block,head,corner,sofascore
14053828,966555,Troy Parrott,,8,23.5,64.8,0.0226,block,right-foot,assisted,sofascore
14053828,1214957,Noe Lebreton,,5,7.4,42.3,0.0387,miss,head,corner,sofascore
14053828,1184054,Kodai Sano,,2,24.1,66.4,0.0301,miss,right-foot,assisted,sofascore
14053829,912651,Boyd Lucassen,,90,11.3,59.3,0.1595,miss,right-foot,regular,sofascore
14053829,1461935,Moussa Soumano,,90,12.8,46.2,0.0237,miss,head,assisted,sofascore
14053829,1149147,Juho Talvitie,,90,18.8,43.4,0.0241,block,left-foot,assisted,sofascore
14053829,1461935,Moussa Soumano,,87,10.1,57.5,0.0172,goal,head,corner,sofascore
14053829,990814,Charles-Andreas Brym,,87,18.2,44.8,0.0471,save,right-foot,corner,sofascore
14053829,1130306,Jayden Candelaria,,82,4.3,44.6,0.2426,save,left-foot,regular,sofascore
14053829,990814,Charles-Andreas Brym,,81,9.2,51.9,0.1117,save,head,assisted,sofascore
14053829,1160026,Kristian Hlynsson,,76,7.9,37.8,0.0735,save,left-foot,regular,sofascore
14053829,1160026,Kristian Hlynsson,,76,12.0,50.5,0.1863,block,left-foot,assisted,sofascore
14053829,927440,Kamal Sowah,,74,25.1,41.1,0.018,block,left-foot,assisted,sofascore
14053829,1149147,Juho Talvitie,,73,20.0,72.4,0.0207,block,left-foot,assisted,sofascore
14053829,190435,Marko Pjaca,,72,18.6,55.4,0.1149,miss,right-foot,assisted,sofascore
14053829,927440,Kamal Sowah,,67,14.4,36.7,0.0458,miss,right-foot,assisted,sofascore
14053829,1461935,Moussa Soumano,,67,8.3,50.3,0.1775,save,right-foot,regular,sofascore
14053829,1387012,Mats Rots,,64,18.5,45.1,0.0762,save,left-foot,assisted,sofascore
14053829,990814,Charles-Andreas Brym,,61,12.3,64.0,0.1574,goal,right-foot,assisted,sofascore
14053829,1200962,Sondre Ørjasæter,,60,21.8,31.4,0.0207,miss,right-foot,assisted,sofascore
14053829,1461935,Moussa Soumano,,60,17.8,35.2,0.0334,save,right-foot,assisted,sofascore
14053829,1515525,Cherrion Valerius,,58,9.5,51.9,0.1315,block,left-foot,assisted,sofascore
14053829,945233,Thomas Van den Belt,,55,22.2,42.1,0.0362,save,right-foot,assisted,sofascore
14053829,918420,Leo Greiml,,54,12.0,55.3,0.0175,save,head,corner,sofascore
14053829,35193,Ricky van Wolfswinkel,,51,14.3,57.9,0.164,goal,right-foot,fast-break,sofascore
14053829,1387012,Mats Rots,,46,9.4,53.3,0.1177,block,right-foot,throw-in-set-piece,sofascore
14053829,1461935,Moussa Soumano,,45,19.8,30.1,0.0211,block,right-foot,fast-break,sofascore
14053829,945233,Thomas Van den Belt,,45,21.3,33.9,0.0282,block,right-foot,assisted,sofascore
14053829,1200962,Sondre Ørjasæter,,45,12.3,29.7,0.0451,block,left-foot,fast-break,sofascore
14053829,1387012,Mats Rots,,42,14.7,51.2,0.0643,goal,left-foot,assisted,sofascore
14053829,1048430,Daan Rots,,40,8.8,64.8,0.0698,save,right-foot,regular,sofascore
14053829,1012927,Rio Hillen,,38,9.0,56.3,0.0241,miss,head,corner,sofascore
14053829,918420,Leo Greiml,,38,11.6,57.5,0.015,save,head,corner,sofascore
14053829,945233,Thomas Van den Belt,,35,13.7,41.1,0.0476,save,right-foot,regular,sofascore
14053829,990814,Charles-Andreas Brym,,29,33.9,66.9,0.0117,save,right-foot,assisted,sofascore
14053829,35193,Ricky van Wolfswinkel,,20,9.5,44.7,0.0976,miss,left-foot,assisted,sofascore
14053829,1135884,Lewis Holtby,,16,28.2,50.3,0.0183,miss,left-foot,assisted,sofascore
14053829,1387012,Mats Rots,,12,4.2,34.0,0.1101,block,left-foot,assisted,sofascore
14053829,35193,Ricky van Wolfswinkel,,7,13.4,35.7,0.0872,save,left-foot,assisted,sofascore
14053829,945233,Thomas Van den Belt,,6,18.5,49.1,0.0987,block,left-foot,fast-break,sofascore
14053829,1048430,Daan Rots,,2,17.2,53.8,0.1318,save,left-foot,assisted,sofascore
14053830,302690,Danny Bakker,,90,3.9,41.9,0.112,miss,head,corner,sofascore
14053830,995365,Dylan Mertens,,90,14.2,42.7,0.103,miss,left-foot,throw-in-set-piece,sofascore
14053830,847073,Koen Kostons,,83,11.8,55.1,0.1917,goal,right-foot,fast-break,sofascore
14053830,1142572,Tristan Gooijer,,70,3.1,49.4,0.9071,goal,right-foot,corner,sofascore
14053830,847073,Koen Kostons,,67,3.8,44.6,0.6077,goal,right-foot,throw-in-set-piece,sofascore
14053830,966655,Shola Shoretire,,67,8.1,51.9,0.1232,block,right-foot,throw-in-set-piece,sofascore
14053830,876233,Thijs Oosting,,67,13.8,40.6,0.1064,save,left-foot,assisted,sofascore
14053830,1150154,Nils Rossen,,60,3.2,64.8,0.1135,goal,right-foot,fast-break,sofascore
14053830,1548838,Soufiane Hetli,,60,12.2,61.1,0.1934,save,right-foot,fast-break,sofascore
14053830,1137227,Milan Zonneveld,,59,5.4,42.3,0.3303,save,right-foot,corner,sofascore
14053830,385300,Jeff Hardeveld,,58,11.6,51.5,0.1172,save,left-foot,corner,sofascore
14053830,385300,Jeff Hardeveld,,48,4.9,39.7,0.0434,miss,head,corner,sofascore
14053830,1418395,Neville Nwankwo,,47,9.4,47.2,0.0951,miss,head,set-piece,sofascore
14053830,966655,Shola Shoretire,,45,3.0,52.2,0.2763,goal,head,corner,sofascore
14053830,1469336,Tyrese Noslin,,45,9.4,73.8,0.0285,save,right-foot,fast-break,sofascore
14053830,235538,Younes Namli,,43,19.4,64.6,0.0579,miss,left-foot,assisted,sofascore
14053830,1005693,Anselmo Garcia McNulty,,35,3.5,38.3,0.1197,miss,head,throw-in-set-piece,sofascore
14053830,847073,Koen Kostons,,34,11.9,66.0,0.0333,block,right-foot,set-piece,sofascore
14053830,847073,Koen Kostons,,33,8.0,49.5,0.1928,miss,head,assisted,sofascore
14053830,235538,Younes Namli,,28,17.8,64.0,0.047,block,left-foot,assisted,sofascore
14053830,1548838,Soufiane Hetli,,27,7.0,70.9,0.0375,save,right-foot,assisted,sofascore
14053830,1137227,Milan Zonneveld,,19,2.1,42.1,0.1236,block,left-foot,corner,sofascore
14053830,1137227,Milan Zonneveld,,19,3.0,50.1,0.3392,save,head,corner,sofascore
14053830,1469336,Tyrese Noslin,,19,14.4,60.3,0.0698,block,right-foot,corner,sofascore
14053830,1005693,Anselmo Garcia McNulty,,16,11.1,58.3,0.0135,miss,head,corner,sofascore
14053830,876233,Thijs Oosting,,13,14.1,53.4,0.0482,save,head,regular,sofascore
14053830,1157777,Jochem Ritmeester van de Kamp,,7,15.0,57.5,0.1681,save,left-foot,assisted,sofascore
14053830,1005693,Anselmo Garcia McNulty,,4,7.0,59.7,0.0976,save,left-foot,regular,sofascore
14053830,235538,Younes Namli,,4,27.0,51.0,0.0316,save,left-foot,fast-break,sofascore
14053830,876233,Thijs Oosting,,2,23.1,50.2,0.0535,save,left-foot,fast-break,sofascore
14053831,544532,Bilal Ould-Chikh,,90,7.9,40.6,0.0608,miss,left-foot,throw-in-set-piece,sofascore
14053831,1423743,Deron Payne,,90,7.6,46.8,0.0967,miss,head,set-piece,sofascore
14053831,544532,Bilal Ould-Chikh,,90,24.1,68.1,0.017,block,left-foot,assisted,sofascore
14053831,1481354,Precious Ugwu,,89,8.7,48.5,0.0705,save,head,set-piece,sofascore
14053831,996982,Yannick Leliendal,,88,24.4,41.9,0.0297,block,left-foot,set-piece,sofascore
14053831,2216656,Robin van Cruijsen,,81,11.7,66.8,0.0347,save,right-foot,corner,sofascore
14053831,544532,Bilal Ould-Chikh,,80,24.8,70.2,0.0169,block,left-foot,regular,sofascore
14053831,1146002,Dave Kwakman,,78,22.8,35.3,0.0287,block,right-foot,corner,sofascore
14053831,909960,Mathis Suray,,76,27.7,27.8,0.0154,miss,right-foot,assisted,sofascore
14053831,964766,Thibo Baeten,,76,9.8,26.5,0.0271,block,left-foot,fast-break,sofascore
14053831,156676,Robert Mühren,,74,5.7,50.7,0.2716,goal,right-foot,assisted,sofascore
14053831,544532,Bilal Ould-Chikh,,71,14.4,62.4,0.0336,block,left-foot,assisted,sofascore
14053831,106154,Mawouna Amevor,,64,20.4,47.6,0.0597,miss,left-foot,assisted,sofascore
14053831,996982,Yannick Leliendal,,63,21.5,40.1,0.0205,block,left-foot,corner,sofascore
14053831,1100399,Ozan Kökçü,,58,14.2,45.1,0.0684,miss,right-foot,assisted,sofascore
14053831,1049063,Joel Ideho,,56,2.7,31.0,0.0222,miss,left-foot,assisted,sofascore
14053831,793742,Joris Kramer,,54,1.7,39.5,0.0306,miss,head,corner,sofascore
14053831,909960,Mathis Suray,,53,8.9,67.0,0.0491,save,right-foot,assisted,sofascore
14053831,1119473,Giovanni van Zwam,,48,7.3,49.5,0.1048,block,head,corner,sofascore
14053831,841420,Victor Edvardsen,,47,17.6,58.9,0.0276,block,right-foot,assisted,sofascore
14053831,841420,Victor Edvardsen,,44,20.0,27.0,0.0144,miss,right-foot,regular,sofascore
14053831,860161,Alex Plat,,42,22.2,52.6,0.0643,save,right-foot,regular,sofascore
14053831,1049063,Joel Ideho,,42,19.4,32.9,0.0379,block,right-foot,regular,sofascore
14053831,1218004,Jaden Slory,,41,13.6,49.1,0.08,block,right-foot,assisted,sofascore
14053831,841420,Victor Edvardsen,,38,9.9,75.4,0.0226,save,right-foot,assisted,sofascore
14053831,1049063,Joel Ideho,,35,12.0,54.8,0.0819,miss,right-foot,regular,sofascore
14053831,1218004,Jaden Slory,,33,14.7,65.2,0.0777,block,right-foot,fast-break,sofascore
14053831,252885,Brandley Kuwas,,25,8.3,33.2,0.0719,save,left-foot,assisted,sofascore
14053831,1146002,Dave Kwakman,,18,25.4,30.1,0.0151,block,right-foot,assisted,sofascore
14053831,252885,Brandley Kuwas,,14,27.0,37.0,0.0347,block,left-foot,free-kick,sofascore
14053831,841420,Victor Edvardsen,,10,8.5,48.1,0.3108,goal,right-foot,regular,sofascore
14053831,909960,Mathis Suray,,9,22.8,23.3,0.0141,save,right-foot,assisted,sofascore
14053831,842536,Alfons Sampsted,,3,4.8,34.3,0.1609,save,left-foot,regular,sofascore
14053832,893499,Mauro Júnior,,90,14.0,31.0,0.047,block,left-foot,assisted,sofascore
14053832,893499,Mauro Júnior,,90,9.2,60.7,0.0798,block,right-foot,assisted,sofascore
14053832,979221,Gonçalo Borges,,80,9.4,39.1,0.0683,miss,right-foot,corner,sofascore
14053832,1150938,Leo Sauer,,77,14.2,26.6,0.03,block,right-foot,assisted,sofascore
14053832,845798,Guus Til,,75,26.8,61.8,0.0309,save,right-foot,assisted,sofascore
14053832,1150938,Leo Sauer,,75,10.5,36.2,0.0243,save,head,assisted,sofascore
14053832,1121400,Luciano Valente,,71,22.9,42.1,0.0301,miss,left-foot,assisted,sofascore
14053832,1047395,Couhaib Driouech,,69,5.1,49.7,0.1883,miss,head,corner,sofascore
14053832,845798,Guus Til,,58,3.3,60.9,0.1244,miss,head,corner,sofascore
14053832,850816,Joey Veerman,,49,23.3,31.3,0.0508,block,right-foot,free-kick,sofascore
14053832,1121400,Luciano Valente,,45,19.4,60.7,0.0579,save,right-foot,assisted,sofascore
14053832,845798,Guus Til,,42,11.5,67.0,0.1053,save,right-foot,assisted,sofascore
14053832,893499,Mauro Júnior,,42,23.5,34.6,0.0434,save,left-foot,assisted,sofascore
14053832,844234,Jerdy Schouten,,38,23.8,49.5,0.0139,miss,right-foot,corner,sofascore
14053832,985823,Ayase Ueda,,34,11.1,38.3,0.0626,miss,left-foot,assisted,sofascore
14053832,1063767,Ismael Saibari,,33,20.4,32.7,0.0287,miss,right-foot,assisted,sofascore
14053832,1063767,Ismael Saibari,,32,18.7,51.4,0.0894,save,right-foot,assisted,sofascore
14053832,889689,Hwang In-beom,,29,23.8,67.1,0.0141,block,right-foot,assisted,sofascore
14053832,985823,Ayase Ueda,,21,9.1,48.5,0.0699,miss,head,assisted,sofascore
14053832,1063767,Ismael Saibari,,17,11.9,47.4,0.4578,goal,right-foot,assisted,sofascore
14053832,845798,Guus Til,,13,5.7,53.4,0.2807,goal,left-foot,regular,sofascore
14053832,825838,Armando Obispo,,10,3.5,52.8,0.477,goal,head,set-piece,sofascore
14053833,58994,Denis Odoi,,90,5.5,41.3,0.0524,miss,head,corner,sofascore
14053833,336811,Clint Leemans,,90,6.7,50.3,0.2716,miss,head,assisted,sofascore
14053833,946950,Simon Janssen,,89,22.8,72.7,0.0459,miss,left-foot,free-kick,sofascore
14053833,1461935,Moussa Soumano,,80,15.6,48.5,0.1471,miss,right-foot,regular,sofascore
14053833,1461935,Moussa Soumano,,79,7.7,50.6,0.1675,miss,left-foot,assisted,sofascore
14053833,1175856,Amine Salama,,68,25.0,63.0,0.0164,save,right-foot,assisted,sofascore
14053833,946950,Simon Janssen,,64,7.0,47.3,0.3337,save,left-foot,assisted,sofascore
14053833,1461935,Moussa Soumano,,60,14.7,37.6,0.0839,block,right-foot,fast-break,sofascore
14053833,1096511,Maximilien Balard,,59,18.4,57.9,0.0345,save,left-foot,assisted,sofascore
14053833,1145987,Lewis Schouten,,57,7.3,54.2,0.09,miss,head,corner,sofascore
14053833,1211982,Miliano Jonathans,,48,15.3,71.4,0.0309,save,left-foot,assisted,sofascore
14053833,927440,Kamal Sowah,,45,14.6,59.7,0.0589,miss,left-foot,set-piece,sofascore
14053833,1461935,Moussa Soumano,,43,18.4,52.6,0.0733,miss,right-foot,assisted,sofascore
14053833,1126966,Gyan de Regt,,38,13.5,71.1,0.0197,save,left-foot,assisted,sofascore
14053833,990814,Charles-Andreas Brym,,37,29.2,37.1,0.0183,save,right-foot,assisted,sofascore
14053833,990814,Charles-Andreas Brym,,36,21.7,44.6,0.1107,save,right-foot,fast-break,sofascore
14053833,1384483,Irakli Yegoian,,31,8.3,54.9,0.2173,goal,right-foot,assisted,sofascore
14053833,1145987,Lewis Schouten,,27,3.2,59.3,0.0921,save,head,corner,sofascore
14053833,1096511,Maximilien Balard,,25,24.0,54.5,0.0466,block,right-foot,assisted,sofascore
14053833,1461935,Moussa Soumano,,22,25.1,52.1,0.0613,save,right-foot,fast-break,sofascore
14053833,794362,Emil Hansson,,18,7.7,67.4,0.0648,goal,right-foot,regular,sofascore
14053833,794362,Emil Hansson,,16,12.0,26.1,0.0284,miss,right-foot,regular,sofascore
14053833,990814,Charles-Andreas Brym,,3,3.8,40.0,0.0759,miss,right-foot,corner,sofascore
14053833,1461935,Moussa Soumano,,3,8.5,35.8,0.0611,save,right-foot,regular,sofascore
14053834,190435,Marko Pjaca,,90,13.0,33.1,0.0264,block,right-foot,assisted,sofascore
14053834,578344,Arno Verschueren,,87,15.6,64.4,0.0366,block,left-foot,assisted,sofascore
14053834,804901,Sam Lammers,,84,11.0,45.6,0.3361,goal,left-foot,fast-break,sofascore
14053834,1028070,Lasse Selvåg Nordås,,79,16.3,30.9,0.0191,block,left-foot,assisted,sofascore
14053834,1890313,Ruud Nijstad,,78,20.4,32.5,0.042,save,left-foot,assisted,sofascore
14053834,1160026,Kristian Hlynsson,,76,19.4,30.3,0.0445,block,right-foot,set-piece,sofascore
14053834,946506,Bart van Rooij,,73,15.6,62.6,0.0321,block,right-foot,assisted,sofascore
14053834,1091923,Stav Lemkin,,72,25.1,53.2,0.0267,miss,right-foot,assisted,sofascore
14053834,996986,Luca Oyen,,70,11.6,31.4,0.0389,miss,right-foot,assisted,sofascore
14053834,1028070,Lasse Selvåg Nordås,,66,13.6,61.1,0.1018,miss,right-foot,assisted,sofascore
14053834,1160026,Kristian Hlynsson,,63,7.6,51.5,0.7717,goal,right-foot,fast-break,sofascore
14053834,1048430,Daan Rots,,63,17.6,49.9,0.1613,save,left-foot,fast-break,sofascore
14053834,804901,Sam Lammers,,59,12.9,32.3,0.1039,save,left-foot,assisted,sofascore
14053834,989882,Ramiz Zerrouki,,58,25.1,45.4,0.0215,miss,right-foot,corner,sofascore
14053834,1048430,Daan Rots,,56,20.0,28.9,0.0307,save,left-foot,regular,sofascore
14053834,1048430,Daan Rots,,54,4.8,49.7,0.4399,goal,right-foot,assisted,sofascore
14053834,989882,Ramiz Zerrouki,,53,19.7,37.2,0.0856,miss,right-foot,free-kick,sofascore
14053834,804901,Sam Lammers,,50,16.3,48.9,0.0977,miss,left-foot,assisted,sofascore
14053834,1015627,Jacob Trenskow,,47,22.9,49.1,0.0256,block,left-foot,assisted,sofascore
14053834,945233,Thomas Van den Belt,,46,22.3,51.1,0.0298,miss,right-foot,assisted,sofascore
14053834,992018,Ringo Meerveld,,40,10.6,62.7,0.0956,miss,right-foot,assisted,sofascore
14053834,1015627,Jacob Trenskow,,37,14.8,67.3,0.0393,miss,left-foot,assisted,sofascore
14053834,1387012,Mats Rots,,30,3.9,43.4,0.4467,goal,left-foot,regular,sofascore
14053834,946506,Bart van Rooij,,30,8.9,64.4,0.1103,save,left-foot,assisted,sofascore
14053834,945233,Thomas Van den Belt,,28,14.4,54.0,0.1104,block,right-foot,corner,sofascore
14053834,1048430,Daan Rots,,27,11.1,65.0,0.1165,save,left-foot,assisted,sofascore
14053834,945233,Thomas Van den Belt,,26,17.5,46.6,0.0474,block,right-foot,regular,sofascore
14053834,989882,Ramiz Zerrouki,,19,18.5,47.0,0.0923,goal,right-foot,regular,sofascore
14053834,946506,Bart van Rooij,,18,17.8,50.9,0.0963,miss,left-foot,assisted,sofascore
14053834,945233,Thomas Van den Belt,,18,6.4,46.4,0.1723,save,head,assisted,sofascore
14053834,989882,Ramiz Zerrouki,,18,21.6,54.8,0.0683,save,right-foot,assisted,sofascore
14053834,946506,Bart van Rooij,,13,19.8,61.7,0.0289,miss,right-foot,corner,sofascore
14053834,804901,Sam Lammers,,13,13.6,61.7,0.0619,block,right-foot,corner,sofascore
14053834,1160026,Kristian Hlynsson,,9,12.5,51.7,0.2441,miss,right-foot,assisted,sofascore
14053834,1200962,Sondre Ørjasæter,,7,4.2,33.8,0.0675,save,right-foot,assisted,sofascore
14053834,1022376,Amourricho van Axel-Dongen,,4,6.6,52.8,0.1744,miss,head,assisted,sofascore
14053835,907517,Stefán Ingi Sigurðarson,,90,2.9,49.3,0.3772,save,right-foot,set-piece,sofascore
14053835,793742,Joris Kramer,,90,4.2,50.1,0.2696,miss,head,set-piece,sofascore
14053835,385300,Jeff Hardeveld,,90,8.6,46.2,0.2848,goal,right-foot,throw-in-set-piece,sofascore
14053835,1047396,Guus Offerhaus,,90,13.7,46.9,0.1167,block,right-foot,throw-in-set-piece,sofascore
14053835,1047396,Guus Offerhaus,,90,21.4,49.7,0.0307,miss,right-foot,throw-in-set-piece,sofascore
14053835,1022552,Oskar Siira Sivertsen,,89,10.2,70.9,0.0243,save,right-foot,assisted,sofascore
14053835,907517,Stefán Ingi Sigurðarson,,85,5.7,52.3,0.2069,goal,left-foot,assisted,sofascore
14053835,1047396,Guus Offerhaus,,83,20.6,60.8,0.0237,miss,right-foot,throw-in-set-piece,sofascore
14053835,1022552,Oskar Siira Sivertsen,,81,10.8,73.0,0.0682,save,right-foot,assisted,sofascore
14053835,2007289,Jelani Seedorf,,80,11.1,67.7,0.1138,save,right-foot,fast-break,sofascore
14053835,964766,Thibo Baeten,,79,15.1,57.7,0.2369,save,right-foot,fast-break,sofascore
14053835,1638564,Cedric Hatenboer,,79,22.7,52.2,0.0359,block,left-foot,throw-in-set-piece,sofascore
14053835,987647,Søren Tengstedt,,75,15.3,48.3,0.1101,block,left-foot,assisted,sofascore
14053835,987647,Søren Tengstedt,,74,4.2,35.1,0.0674,miss,left-foot,assisted,sofascore
14053835,1548834,Sem van Duijn,,73,11.7,45.7,0.3683,miss,right-foot,assisted,sofascore
14053835,891795,Melle Meulensteen,,68,23.1,68.9,0.0306,miss,right-foot,regular,sofascore
14053835,1157777,Jochem Ritmeester van de Kamp,,66,14.2,49.1,0.1671,miss,left-foot,assisted,sofascore
14053835,891795,Melle Meulensteen,,65,20.2,34.2,0.0316,save,right-foot,assisted,sofascore
14053835,1157777,Jochem Ritmeester van de Kamp,,64,10.7,54.3,0.1551,miss,left-foot,assisted,sofascore
14053835,964766,Thibo Baeten,,61,15.0,20.3,0.0126,miss,left-foot,assisted,sofascore
14053835,1029724,Jakob Breum,,60,18.2,25.6,0.0071,miss,right-foot,corner,sofascore
14053835,1133233,Aske Adelgaard,,55,14.3,25.6,0.0313,miss,left-foot,corner,sofascore
14053835,964766,Thibo Baeten,,54,9.5,23.2,0.0122,save,left-foot,assisted,sofascore
14053835,1119473,Giovanni van Zwam,,52,4.3,60.7,0.0382,block,head,corner,sofascore
14053835,987077,Nökkvi Þórisson,,44,18.9,48.5,0.0612,block,right-foot,fast-break,sofascore
14053835,987077,Nökkvi Þórisson,,44,18.8,33.2,0.0295,block,right-foot,fast-break,sofascore
14053835,891795,Melle Meulensteen,,39,4.8,49.0,0.2974,save,left-foot,assisted,sofascore
14053835,1029724,Jakob Breum,,39,8.2,43.2,0.1301,miss,right-foot,assisted,sofascore
14053835,1469336,Tyrese Noslin,,32,19.7,71.3,0.0318,block,right-foot,assisted,sofascore
14053835,1029724,Jakob Breum,,20,10.1,52.2,0.0518,save,head,assisted,sofascore
14053835,1218004,Jaden Slory,,18,26.1,51.1,0.0208,save,right-foot,corner,sofascore
14053835,841420,Victor Edvardsen,,13,8.7,50.2,0.0844,miss,head,assisted,sofascore
14053835,964766,Thibo Baeten,,12,4.8,42.1,0.1254,miss,head,corner,sofascore
14053835,793742,Joris Kramer,,11,5.7,42.5,0.116,save,head,corner,sofascore
14053835,793742,Joris Kramer,,4,8.9,51.4,0.0529,block,head,corner,sofascore
14053835,891795,Melle Meulensteen,,4,7.9,60.1,0.0494,block,right-foot,corner,sofascore
14053836,1001945,Kian Fitz-Jim,,90,8.3,50.1,0.1929,goal,head,assisted,sofascore
14053836,1120315,Anton Gaaei,,88,3.9,61.3,0.0481,miss,head,regular,sofascore
14053836,1001945,Kian Fitz-Jim,,82,16.9,30.7,0.0222,block,right-foot,assisted,sofascore
14053836,905174,Ibrahim Sadiq,,79,21.0,38.0,0.0814,miss,right-foot,regular,sofascore
14053836,905174,Ibrahim Sadiq,,79,22.6,30.9,0.0206,block,right-foot,assisted,sofascore
14053836,966555,Troy Parrott,,79,9.4,55.0,0.2114,save,head,set-piece,sofascore
14053836,1859920,Sean Steur,,72,21.3,46.4,0.0399,block,right-foot,corner,sofascore
14053836,1145989,Ro-Zangelo Daal,,69,23.8,37.0,0.0388,save,right-foot,assisted,sofascore
14053836,914392,Jizz Hornkamp,,66,8.6,45.6,0.2476,save,head,assisted,sofascore
14053836,1403090,Rayane Bounida,,64,30.3,52.1,0.0143,block,right-foot,assisted,sofascore
14053836,922018,Peer Koopmeiners,,61,8.6,58.2,0.0398,miss,head,throw-in-set-piece,sofascore
14053836,1087931,Isak Steiner Jensen,,61,13.2,64.2,0.0369,block,right-foot,assisted,sofascore
14053836,1145982,Wouter Goes,,52,3.2,53.0,0.9148,goal,left-foot,throw-in-set-piece,sofascore
14053836,1638685,Mateo Chávez,,52,14.6,40.9,0.1243,save,left-foot,throw-in-set-piece,sofascore
14053836,1149146,Mika Godts,,50,13.3,46.2,0.1508,miss,right-foot,fast-break,sofascore
14053836,966555,Troy Parrott,,47,26.0,51.5,0.0419,miss,right-foot,assisted,sofascore
14053836,893559,Mees De Wit,,45,21.3,74.2,0.0099,block,left-foot,throw-in-set-piece,sofascore
14053836,1170900,Matěj Šín,,38,26.2,56.6,0.0342,block,right-foot,fast-break,sofascore
14053836,1120315,Anton Gaaei,,36,20.6,58.9,0.0553,block,right-foot,assisted,sofascore
14053836,966555,Troy Parrott,,32,15.7,50.3,0.1113,block,right-foot,assisted,sofascore
14053836,1859920,Sean Steur,,29,26.9,46.2,0.0287,save,right-foot,assisted,sofascore
14053836,97410,Davy Klaassen,,28,9.1,53.4,0.1278,miss,head,assisted,sofascore
14053836,1149146,Mika Godts,,26,14.4,28.2,0.0398,miss,right-foot,assisted,sofascore
14053836,1403090,Rayane Bounida,,23,8.1,50.7,0.2285,miss,right-foot,regular,sofascore
14053836,1590941,Kasper Boogaard,,20,24.6,70.7,0.0236,save,right-foot,assisted,sofascore
14053836,1403090,Rayane Bounida,,5,12.3,56.2,0.0827,miss,left-foot,assisted,sofascore
14053837,1214695,Adrian Blake,,90,19.1,47.0,0.0545,save,right-foot,throw-in-set-piece,sofascore
14053837,944467,Sem Steijn,,86,8.8,33.8,0.1853,save,left-foot,fast-break,sofascore
14053837,1150938,Leo Sauer,,84,13.9,32.7,0.0538,miss,left-foot,fast-break,sofascore
14053837,944467,Sem Steijn,,71,19.2,29.1,0.0629,block,right-foot,free-kick,sofascore
14053837,1014118,Miguel Rodríguez,,63,9.7,58.3,0.5412,save,left-foot,assisted,sofascore
14053837,1433802,Gjivai Zechiël,,53,11.9,33.3,0.1056,save,right-foot,assisted,sofascore
14053837,1095731,Oussama Targhalline,,50,24.7,54.0,0.0305,miss,right-foot,assisted,sofascore
14053837,1479467,Aymen Sliti,,39,11.4,41.3,0.2197,miss,left-foot,fast-break,sofascore
14053837,1121400,Luciano Valente,,36,20.9,32.4,0.0193,save,right-foot,corner,sofascore
14053837,886242,Jakub Moder,,19,29.4,36.7,0.0183,miss,right-foot,regular,sofascore
14053837,886242,Jakub Moder,,14,8.5,46.8,0.0743,save,head,set-piece,sofascore
14053837,1095731,Oussama Targhalline,,10,18.3,47.6,0.0503,goal,right-foot,assisted,sofascore
14053837,1433802,Gjivai Zechiël,,9,11.0,45.6,0.0755,save,head,throw-in-set-piece,sofascore
14053837,1433802,Gjivai Zechiël,,8,8.6,34.8,0.3001,save,right-foot,assisted,sofascore
14053837,1144138,Jordan Bos,,5,18.8,37.4,0.0442,block,right-foot,assisted,sofascore
14053837,1000548,Alonzo Engwanda,,1,67.3,32.9,0.0057,block,right-foot,regular,sofascore
14053838,252885,Brandley Kuwas,,90,13.8,54.7,0.2546,goal,left-foot,fast-break,sofascore
14053838,847073,Koen Kostons,,90,9.4,37.9,0.1414,save,right-foot,fast-break,sofascore
14053838,1146002,Dave Kwakman,,90,2.7,35.4,0.1848,save,left-foot,assisted,sofascore
14053838,1146002,Dave Kwakman,,86,25.1,38.6,0.0242,block,right-foot,assisted,sofascore
14053838,927605,Kaj de Rooij,,82,11.9,44.4,0.0417,miss,head,assisted,sofascore
14053838,106154,Mawouna Amevor,,77,11.0,51.3,0.0326,miss,head,set-piece,sofascore
14053838,966655,Shola Shoretire,,72,21.9,43.9,0.061,save,right-foot,assisted,sofascore
14053838,544532,Bilal Ould-Chikh,,69,14.7,60.3,0.0731,block,right-foot,set-piece,sofascore
14053838,788971,Juninho Bacuna,,69,19.4,35.0,0.0736,block,right-foot,free-kick,sofascore
14053838,847073,Koen Kostons,,63,9.9,48.5,0.055,block,right-foot,corner,sofascore
14053838,333571,Ryan Thomas,,57,19.2,69.1,0.045,block,left-foot,regular,sofascore
14053838,32386,Aaron Meijers,,50,9.7,40.7,0.0724,block,left-foot,corner,sofascore
14053838,235538,Younes Namli,,49,20.9,34.4,0.0208,save,left-foot,assisted,sofascore
14053838,860161,Alex Plat,,48,8.3,66.7,0.0592,block,right-foot,regular,sofascore
14053838,1100399,Ozan Kökçü,,43,10.6,52.7,0.2519,post,right-foot,assisted,sofascore
14053838,544532,Bilal Ould-Chikh,,40,24.3,69.4,0.0141,save,left-foot,assisted,sofascore
14053838,847073,Koen Kostons,,39,14.5,66.2,0.0521,miss,right-foot,regular,sofascore
14053838,252885,Brandley Kuwas,,38,11.0,37.6,0.4223,save,left-foot,fast-break,sofascore
14053838,235538,Younes Namli,,37,15.4,63.9,0.0291,block,left-foot,assisted,sofascore
14053838,2216656,Robin van Cruijsen,,34,10.2,53.4,0.5099,goal,left-foot,assisted,sofascore
14053838,847073,Koen Kostons,,33,9.6,64.9,0.0567,miss,left-foot,corner,sofascore
14053838,1523582,Nick Verschuren,,27,7.3,51.9,0.1078,save,head,corner,sofascore
14053838,1481354,Precious Ugwu,,27,20.4,36.6,0.0355,miss,right-foot,corner,sofascore
14053838,544532,Bilal Ould-Chikh,,26,15.9,75.7,0.0251,save,left-foot,assisted,sofascore
14053838,966655,Shola Shoretire,,23,7.6,45.0,0.058,miss,head,corner,sofascore
14053838,1005693,Anselmo Garcia McNulty,,23,8.5,51.1,0.0698,block,head,corner,sofascore
14053838,847073,Koen Kostons,,22,5.0,66.6,0.0358,miss,right-foot,corner,sofascore
14053838,2195123,Jadiel Pereira da Gama,,17,28.2,47.9,0.0184,miss,left-foot,assisted,sofascore
14053838,1142572,Tristan Gooijer,,10,21.8,57.7,0.0824,goal,right-foot,assisted,sofascore
14053839,38710,Ivan Perišić,,89,18.1,37.6,0.0288,block,left-foot,corner,sofascore
14053839,845798,Guus Til,,86,7.5,66.6,0.0429,block,right-foot,assisted,sofascore
14053839,1441117,Tygo Land,,81,15.3,43.8,0.1183,save,right-foot,throw-in-set-piece,sofascore
14053839,812145,Dennis Man,,76,1.6,55.5,0.8026,goal,right-foot,corner,sofascore
14053839,812145,Dennis Man,,76,3.3,49.3,0.3386,save,left-foot,corner,sofascore
14053839,1063767,Ismael Saibari,,76,7.0,51.6,0.1053,block,head,corner,sofascore
14053839,38710,Ivan Perišić,,69,17.9,30.8,0.0542,miss,right-foot,fast-break,sofascore
14053839,1063767,Ismael Saibari,,65,5.2,49.6,0.5276,goal,head,assisted,sofascore
14053839,1146623,Younes Taha,,62,8.6,34.4,0.2311,save,left-foot,fast-break,sofascore
14053839,845798,Guus Til,,59,8.5,55.6,0.1215,block,right-foot,assisted,sofascore
14053839,1146623,Younes Taha,,55,9.8,61.1,0.3023,miss,left-foot,set-piece,sofascore
14053839,845798,Guus Til,,54,7.7,49.1,0.0956,block,head,corner,sofascore
14053839,1063767,Ismael Saibari,,52,7.6,42.4,0.0556,block,head,assisted,sofascore
14053839,1413536,Thom van Bergen,,50,11.3,38.0,0.0257,miss,head,set-piece,sofascore
14053839,1063767,Ismael Saibari,,35,7.4,67.6,0.1897,save,right-foot,assisted,sofascore
14053839,1146623,Younes Taha,,35,14.4,43.2,0.2296,save,left-foot,fast-break,sofascore
14053839,1063767,Ismael Saibari,,28,21.8,62.4,0.0339,save,left-foot,assisted,sofascore
14053839,1146018,Paul Wanner,,25,12.5,43.6,0.1133,post,left-foot,regular,sofascore
14053839,1090328,Stije Resink,,22,13.0,60.1,0.0581,miss,right-foot,assisted,sofascore
14053839,1146623,Younes Taha,,17,9.4,67.6,0.3008,goal,left-foot,regular,sofascore
14053839,1063767,Ismael Saibari,,17,6.2,54.1,0.139,miss,head,corner,sofascore
14053839,1063767,Ismael Saibari,,10,7.0,29.7,0.0652,miss,left-foot,assisted,sofascore
14053839,1090328,Stije Resink,,6,9.5,59.9,0.016,miss,head,corner,sofascore
14053840,1214957,Noe Lebreton,,90,3.2,49.0,0.8295,goal,other,assisted,sofascore
14053840,1066450,Walid Ould-Chikh,,84,19.4,73.2,0.0248,miss,right-foot,corner,sofascore
14053840,1118181,Lequincio Zeefuik,,84,13.6,60.9,0.0439,block,right-foot,assisted,sofascore
14053840,1184054,Kodai Sano,,79,24.8,50.1,0.0251,miss,right-foot,corner,sofascore
14053840,1214957,Noe Lebreton,,74,12.6,41.8,0.0335,miss,head,assisted,sofascore
14053840,318575,Damon Mirani,,68,3.9,47.4,0.2663,save,right-foot,corner,sofascore
14053840,127846,Eli Dasa,,65,23.3,65.6,0.0329,miss,right-foot,assisted,sofascore
14053840,1184054,Kodai Sano,,61,11.6,43.4,0.1726,miss,right-foot,assisted,sofascore
14053840,1193676,Başar Önal,,61,13.1,33.5,0.0582,block,right-foot,fast-break,sofascore
14053840,1193676,Başar Önal,,57,11.5,50.0,0.7884,goal,right-foot,penalty,sofascore
14053840,1193676,Başar Önal,,54,12.7,30.1,0.0339,block,right-foot,assisted,sofascore
14053840,35208,Tjaronn Chery,,51,12.4,46.5,0.1824,save,right-foot,regular,sofascore
14053840,1214957,Noe Lebreton,,49,14.5,58.3,0.0565,block,right-foot,assisted,sofascore
14053840,897603,Darko Nejašmić,,47,27.3,33.5,0.0193,save,right-foot,regular,sofascore
14053840,35208,Tjaronn Chery,,42,12.9,69.0,0.0656,goal,right-foot,assisted,sofascore
14053840,788284,Ajdin Hrustić,,41,16.0,28.8,0.1414,miss,left-foot,fast-break,sofascore
14053840,127554,Mike te Wierik,,40,5.8,45.6,0.1317,miss,head,corner,sofascore
14053840,1118181,Lequincio Zeefuik,,27,14.4,53.8,0.5037,post,right-foot,assisted,sofascore
14053840,897603,Darko Nejašmić,,26,29.3,61.7,0.0183,miss,right-foot,regular,sofascore
14053840,1118181,Lequincio Zeefuik,,25,7.3,68.1,0.2699,post,right-foot,fast-break,sofascore
14053840,1118181,Lequincio Zeefuik,,23,11.5,62.5,0.1229,goal,right-foot,assisted,sofascore
14053840,47753,Bryan Linssen,,17,19.4,62.6,0.1447,goal,right-foot,assisted,sofascore
14053840,318575,Damon Mirani,,15,11.5,58.9,0.0114,miss,head,corner,sofascore
14053840,1118181,Lequincio Zeefuik,,13,14.4,53.0,0.0178,miss,head,set-piece,sofascore
14053840,47753,Bryan Linssen,,5,13.9,38.0,0.0249,miss,head,assisted,sofascore
14053841,1050672,Casper Terho,,90,3.0,58.9,0.0621,goal,other,corner,sofascore
14053841,1960315,Lushendry Edward Martes,,90,22.9,72.7,0.021,miss,right-foot,regular,sofascore
14053841,1010846,Yassin Oukili,,90,15.1,56.0,0.1035,goal,right-foot,fast-break,sofascore
14053841,1648759,Marvin Young,,89,12.0,50.7,0.0446,miss,left-foot,corner,sofascore
14053841,1137227,Milan Zonneveld,,82,5.0,61.1,0.0831,save,left-foot,assisted,sofascore
14053841,855847,Kaj Sierhuis,,81,18.5,63.7,0.0992,block,left-foot,fast-break,sofascore
14053841,1648751,Ayoni Santos,,66,22.5,29.5,0.0267,save,right-foot,corner,sofascore
14053841,966299,Teo Quintero,,65,25.6,30.9,0.0206,save,left-foot,assisted,sofascore
14053841,862479,Iván Márquez,,64,8.4,46.5,0.0597,miss,head,corner,sofascore
14053841,796943,Tobias Lauritsen,,62,4.0,48.9,0.3477,goal,left-foot,regular,sofascore
14053841,946505,Lance Duijvestijn,,61,10.9,55.8,0.1981,block,right-foot,assisted,sofascore
14053841,966299,Teo Quintero,,60,20.3,43.2,0.0228,block,right-foot,assisted,sofascore
14053841,1002479,Shunsuke Mito,,58,19.4,58.5,0.0589,block,right-foot,assisted,sofascore
14053841,966299,Teo Quintero,,51,12.2,48.6,0.0652,miss,head,assisted,sofascore
14053841,913584,Joshua Kitolano,,47,19.7,43.0,0.0617,block,right-foot,assisted,sofascore
14053841,946505,Lance Duijvestijn,,44,12.6,55.1,0.2122,goal,right-foot,assisted,sofascore
14053841,966299,Teo Quintero,,34,8.0,51.1,0.151,miss,right-foot,corner,sofascore
14053841,855847,Kaj Sierhuis,,29,5.4,60.7,0.1241,block,right-foot,assisted,sofascore
14053841,929633,Mohamed Ihattaren,,25,17.3,57.5,0.0455,block,left-foot,assisted,sofascore
14053841,966299,Teo Quintero,,18,21.5,36.0,0.0187,block,right-foot,assisted,sofascore
14053841,1002479,Shunsuke Mito,,16,11.9,52.3,0.1445,miss,left-foot,fast-break,sofascore
14053841,1048011,Édouard Michut,,16,20.0,56.8,0.0242,block,right-foot,corner,sofascore
14053841,1002479,Shunsuke Mito,,14,12.9,32.0,0.1009,miss,left-foot,fast-break,sofascore
14053841,855847,Kaj Sierhuis,,14,34.0,41.8,0.0118,block,right-foot,assisted,sofascore
14053841,966299,Teo Quintero,,7,11.1,51.7,0.1068,miss,right-foot,corner,sofascore
14053841,929633,Mohamed Ihattaren,,4,14.8,76.1,0.0143,save,left-foot,set-piece,sofascore
14053841,929633,Mohamed Ihattaren,,3,13.0,68.7,0.024,block,left-foot,assisted,sofascore
14053842,1004278,Alexandre Penetra,,90,4.4,45.1,0.367,goal,head,corner,sofascore
14053842,905174,Ibrahim Sadiq,,90,25.2,47.5,0.0398,miss,right-foot,regular,sofascore
14053842,966555,Troy Parrott,,90,22.5,37.3,0.0207,goal,left-foot,assisted,sofascore
14053842,1590941,Kasper Boogaard,,88,21.9,53.2,0.0476,miss,left-foot,assisted,sofascore
14053842,905174,Ibrahim Sadiq,,82,4.0,34.6,0.017,miss,head,corner,sofascore
14053842,1153117,Mexx Meerdink,,81,14.2,33.1,0.0454,save,left-foot,assisted,sofascore
14053842,1126595,Lennard Hartjes,,80,5.5,44.8,0.1237,miss,head,corner,sofascore
14053842,1153117,Mexx Meerdink,,76,11.6,50.2,0.0315,miss,head,assisted,sofascore
14053842,1153117,Mexx Meerdink,,72,6.5,51.0,0.4188,miss,head,fast-break,sofascore
14053842,980671,Sven Mijnans,,66,17.7,63.2,0.0545,miss,left-foot,assisted,sofascore
14053842,966555,Troy Parrott,,65,14.4,48.1,0.5933,save,right-foot,assisted,sofascore
14053842,980671,Sven Mijnans,,62,9.1,57.0,0.1694,save,right-foot,assisted,sofascore
14053842,905174,Ibrahim Sadiq,,55,23.5,62.5,0.0537,save,right-foot,fast-break,sofascore
14053842,966555,Troy Parrott,,50,26.0,40.9,0.0495,save,left-foot,fast-break,sofascore
14053842,1046142,Derensili Sanches Fernandes,,46,13.8,62.9,0.1089,block,left-foot,fast-break,sofascore
14053842,899644,Ilias Bronkhorst,,45,25.9,65.0,0.019,goal,right-foot,regular,sofascore
14053842,1384483,Irakli Yegoian,,45,22.1,50.3,0.0601,block,right-foot,assisted,sofascore
14053842,1046142,Derensili Sanches Fernandes,,45,22.9,68.5,0.0171,block,left-foot,assisted,sofascore
14053842,1048487,Noah Naujoks,,41,22.9,27.8,0.0321,block,right-foot,fast-break,sofascore
14053842,1384483,Irakli Yegoian,,39,23.8,48.8,0.0494,save,right-foot,assisted,sofascore
14053842,1590941,Kasper Boogaard,,37,23.6,60.7,0.0299,miss,left-foot,regular,sofascore
14053842,1046142,Derensili Sanches Fernandes,,27,18.9,50.6,0.1521,miss,right-foot,fast-break,sofascore
14053842,1046142,Derensili Sanches Fernandes,,25,11.7,58.7,0.1147,block,left-foot,assisted,sofascore
14053842,914392,Jizz Hornkamp,,18,14.0,43.9,0.0685,block,right-foot,assisted,sofascore
14053842,1148468,Weslley Patati,,10,4.8,44.9,0.168,block,left-foot,assisted,sofascore
14053842,1145987,Lewis Schouten,,3,8.0,47.2,0.0704,miss,head,corner,sofascore
14053842,1384483,Irakli Yegoian,,2,20.1,51.7,0.1214,miss,left-foot,regular,sofascore
14053843,252215,Wout Weghorst,,90,9.6,56.1,0.0654,miss,right-foot,assisted,sofascore
14053843,1149146,Mika Godts,,90,28.3,36.3,0.033,miss,right-foot,free-kick,sofascore
14053843,252215,Wout Weghorst,,89,12.6,29.2,0.1133,save,left-foot,fast-break,sofascore
14053843,366942,Kristoffer Peterson,,87,11.6,54.4,0.0313,block,head,assisted,sofascore
14053843,1155158,Oscar Gloukh,,84,12.9,33.0,0.044,block,left-foot,assisted,sofascore
14053843,1149146,Mika Godts,,81,16.4,47.0,0.0832,goal,right-foot,assisted,sofascore
14053843,1155158,Oscar Gloukh,,81,12.6,30.0,0.0218,block,right-foot,assisted,sofascore
14053843,855847,Kaj Sierhuis,,79,7.2,52.0,0.4338,miss,right-foot,assisted,sofascore
14053843,855847,Kaj Sierhuis,,78,12.7,64.2,0.0355,save,right-foot,assisted,sofascore
14053843,1403090,Rayane Bounida,,67,11.6,41.1,0.0808,save,left-foot,assisted,sofascore
14053843,1403090,Rayane Bounida,,58,16.4,68.0,0.0207,miss,left-foot,assisted,sofascore
14053843,970860,Lucas Rosa,,56,13.9,66.3,0.0223,miss,right-foot,corner,sofascore
14053843,1149146,Mika Godts,,56,18.9,55.0,0.0575,block,right-foot,set-piece,sofascore
14053843,961678,Neraysho Kasanwirjo,,53,15.6,59.5,0.0391,miss,right-foot,regular,sofascore
14053843,1132766,Philip Brittijn,,51,18.1,49.1,0.0413,block,left-foot,regular,sofascore
14053843,795761,Kasper Dolberg,,47,10.5,41.0,0.04,post,head,assisted,sofascore
14053843,954836,Josip Šutalo,,45,6.9,49.2,,goal,right-foot,regular,sofascore
14053843,946505,Lance Duijvestijn,,45,7.7,53.5,0.1977,miss,right-foot,assisted,sofascore
14053843,795761,Kasper Dolberg,,42,4.8,32.7,0.041,block,right-foot,assisted,sofascore
14053843,1403090,Rayane Bounida,,37,7.0,65.4,0.1788,save,right-foot,assisted,sofascore
14053843,855847,Kaj Sierhuis,,30,24.5,34.9,0.0601,miss,right-foot,fast-break,sofascore
14053843,970860,Lucas Rosa,,26,16.0,72.8,0.0323,miss,right-foot,corner,sofascore
14053843,1149146,Mika Godts,,24,17.3,43.2,0.0867,goal,right-foot,assisted,sofascore
14053843,1563462,Jorthy Mokio,,22,18.5,43.7,0.0685,miss,left-foot,regular,sofascore
14053843,1403090,Rayane Bounida,,14,11.1,67.8,0.0321,goal,left-foot,assisted,sofascore
14053843,929633,Mohamed Ihattaren,,11,23.8,62.2,0.0164,miss,left-foot,assisted,sofascore
14053843,1403090,Rayane Bounida,,9,13.3,65.3,0.0259,block,left-foot,regular,sofascore
14053843,836673,Owen Wijndal,,9,22.7,33.9,0.0236,save,left-foot,assisted,sofascore
14053843,1563462,Jorthy Mokio,,7,11.4,38.5,0.2069,goal,left-foot,set-piece,sofascore
14468218,1118181,Lequincio Zeefuik,,88,13.6,57.7,0.073,save,right-foot,regular,sofascore
14468218,1118181,Lequincio Zeefuik,,87,8.3,51.1,0.0809,miss,head,regular,sofascore
14468218,1087931,Isak Steiner Jensen,,83,19.1,26.2,0.0231,miss,right-foot,assisted,sofascore
14468218,1004278,Alexandre Penetra,,77,7.3,46.2,0.0968,miss,head,corner,sofascore
14468218,1153117,Mexx Meerdink,,72,14.8,60.3,0.045,save,left-foot,assisted,sofascore
14468218,1008111,Denso Kasius,,71,7.9,69.5,0.0458,miss,right-foot,assisted,sofascore
14468218,1008111,Denso Kasius,,69,18.2,72.4,0.0169,block,right-foot,assisted,sofascore
14468218,922018,Peer Koopmeiners,,64,2.6,58.1,0.1632,post,right-foot,assisted,sofascore
14468218,893559,Mees De Wit,,63,14.5,38.9,0.0785,miss,left-foot,assisted,sofascore
14468218,980671,Sven Mijnans,,60,24.8,49.7,0.032,miss,left-foot,assisted,sofascore
14468218,1153117,Mexx Meerdink,,58,7.9,48.5,0.6422,miss,right-foot,assisted,sofascore
14468218,893559,Mees De Wit,,58,12.3,30.3,0.0696,miss,left-foot,assisted,sofascore
14468218,1008111,Denso Kasius,,58,15.7,56.8,0.1012,block,left-foot,assisted,sofascore
14468218,1405756,Kees Smit,,57,13.5,53.6,0.08,block,right-foot,assisted,sofascore
14468218,922018,Peer Koopmeiners,,55,29.0,49.8,0.0351,miss,right-foot,free-kick,sofascore
14468218,1148468,Weslley Patati,,52,25.0,68.9,0.0162,save,left-foot,regular,sofascore
14468218,980671,Sven Mijnans,,52,7.7,55.0,0.1147,block,right-foot,assisted,sofascore
14468218,1008111,Denso Kasius,,51,9.5,64.4,0.018,save,head,assisted,sofascore
14468218,847073,Koen Kostons,,47,5.8,48.9,0.3531,goal,head,assisted,sofascore
14468218,1148468,Weslley Patati,,45,2.6,54.8,0.2443,goal,head,assisted,sofascore
14468218,847073,Koen Kostons,,45,14.1,52.1,0.075,save,left-foot,assisted,sofascore
14468218,847073,Koen Kostons,,44,15.1,59.7,0.092,goal,right-foot,assisted,sofascore
14468218,1153117,Mexx Meerdink,,42,17.9,45.0,0.0459,miss,left-foot,regular,sofascore
14468218,1145989,Ro-Zangelo Daal,,40,12.5,31.7,0.0391,save,right-foot,regular,sofascore
14468218,1405756,Kees Smit,,38,25.7,41.5,0.0314,goal,right-foot,assisted,sofascore
14468218,980671,Sven Mijnans,,36,10.8,44.1,0.1442,save,left-foot,assisted,sofascore
14468218,876233,Thijs Oosting,,29,16.3,63.2,0.0532,save,left-foot,assisted,sofascore
14468218,1381819,Jan Faberski,,26,9.0,61.0,0.117,block,right-foot,fast-break,sofascore
14468218,922018,Peer Koopmeiners,,23,25.6,52.8,0.0132,save,right-foot,corner,sofascore
14468218,1148468,Weslley Patati,,22,4.9,66.8,0.0642,block,right-foot,regular,sofascore
14468218,1148468,Weslley Patati,,20,14.7,52.9,0.0754,miss,left-foot,assisted,sofascore
14468218,1153117,Mexx Meerdink,,18,7.4,44.8,0.0697,miss,head,corner,sofascore
14468218,980671,Sven Mijnans,,11,23.1,55.0,0.0303,block,left-foot,assisted,sofascore
14468218,927605,Kaj de Rooij,,5,8.1,61.7,0.1157,block,right-foot,assisted,sofascore
14468218,876233,Thijs Oosting,,2,18.8,62.5,0.0545,miss,left-foot,regular,sofascore
14468218,1381819,Jan Faberski,,2,12.5,64.2,0.0381,block,left-foot,assisted,sofascore
15269642,1004278,Alexandre Penetra,,86,13.0,54.7,0.0431,block,right-foot,corner,sofascore
15269642,1211982,Miliano Jonathans,,81,4.4,53.4,0.6033,goal,right-foot,assisted,sofascore
15269642,150494,Mike van Duinen,,81,9.5,45.7,0.1033,miss,left-foot,assisted,sofascore
15269642,1384483,Irakli Yegoian,,79,24.6,48.3,0.0337,block,right-foot,assisted,sofascore
15269642,1893852,Jerolldino Bergraaf,,74,11.7,62.2,0.0895,miss,left-foot,throw-in-set-piece,sofascore
15269642,922018,Peer Koopmeiners,,68,27.2,52.6,0.0266,miss,right-foot,assisted,sofascore
15269642,966555,Troy Parrott,,65,8.2,49.2,0.7996,goal,left-foot,regular,sofascore
15269642,1405756,Kees Smit,,65,11.7,62.4,0.2259,save,right-foot,assisted,sofascore
15269642,1048487,Noah Naujoks,,62,13.9,68.7,0.0385,block,left-foot,regular,sofascore
15269642,1893852,Jerolldino Bergraaf,,59,7.3,57.0,0.1847,miss,left-foot,assisted,sofascore
15269642,1087931,Isak Steiner Jensen,,59,14.3,32.7,0.0418,block,left-foot,assisted,sofascore
15269642,1145987,Lewis Schouten,,55,22.8,54.4,0.03,save,right-foot,regular,sofascore
15269642,966555,Troy Parrott,,52,9.9,65.6,0.249,save,right-foot,fast-break,sofascore
15269642,966555,Troy Parrott,,48,3.8,55.0,0.4636,save,left-foot,assisted,sofascore
15269642,1405756,Kees Smit,,35,15.9,33.0,0.0422,miss,right-foot,assisted,sofascore
15269642,1148468,Weslley Patati,,29,20.5,78.2,0.0237,miss,left-foot,regular,sofascore
15269642,1893852,Jerolldino Bergraaf,,25,12.7,52.8,0.0321,miss,head,assisted,sofascore
15269642,1590941,Kasper Boogaard,,22,22.9,49.9,0.037,miss,right-foot,regular,sofascore
15269642,966555,Troy Parrott,,18,26.0,44.0,0.0182,block,left-foot,assisted,sofascore
15269642,1148468,Weslley Patati,,6,8.8,62.1,0.155,miss,right-foot,regular,sofascore
15269642,922018,Peer Koopmeiners,,6,14.7,52.4,0.2109,block,right-foot,assisted,sofascore
15294982,1479476,Eus Waayers,,90,21.8,51.5,0.0311,save,left-foot,regular,sofascore
15294982,907517,Stefán Ingi Sigurðarson,,90,6.6,52.1,0.2377,save,right-foot,regular,sofascore
15294982,987647,Søren Tengstedt,,90,7.5,34.0,0.0723,block,left-foot,corner,sofascore
15294982,987647,Søren Tengstedt,,87,4.2,35.8,0.1202,miss,left-foot,assisted,sofascore
15294982,1015627,Jacob Trenskow,,81,8.1,58.9,0.0924,goal,left-foot,assisted,sofascore
15294982,907517,Stefán Ingi Sigurðarson,,80,11.9,67.1,0.0349,block,left-foot,assisted,sofascore
15294982,907517,Stefán Ingi Sigurðarson,,79,4.6,54.7,0.1929,miss,head,corner,sofascore
15294982,1029724,Jakob Breum,,76,20.4,45.8,0.0698,block,right-foot,assisted,sofascore
15294982,1028070,Lasse Selvåg Nordås,,68,11.1,42.5,0.2427,goal,left-foot,assisted,sofascore
15294982,1028070,Lasse Selvåg Nordås,,59,18.1,51.3,0.0447,miss,left-foot,assisted,sofascore
15294982,1028070,Lasse Selvåg Nordås,,58,2.4,54.2,0.7452,goal,right-foot,corner,sofascore
15294982,1150061,Oliver Braude,,58,3.5,57.9,0.1034,save,head,corner,sofascore
15294982,992018,Ringo Meerveld,,57,8.6,37.0,0.07,block,left-foot,regular,sofascore
15294982,1001943,Julius Dirksen,,54,4.2,58.8,0.0772,goal,head,corner,sofascore
15294982,1029724,Jakob Breum,,53,21.9,37.2,0.032,save,right-foot,regular,sofascore
15294982,841420,Victor Edvardsen,,51,12.2,34.6,0.0582,miss,right-foot,assisted,sofascore
15294982,1064426,Vasilios Zagaritis,,50,24.7,34.8,0.0141,save,left-foot,assisted,sofascore
15294982,1015627,Jacob Trenskow,,50,11.7,63.0,0.0626,save,left-foot,assisted,sofascore
15294982,841420,Victor Edvardsen,,46,2.4,35.0,0.0215,save,left-foot,assisted,sofascore
15294982,1627623,Marcus Linday,,45,16.9,67.9,0.0495,block,right-foot,assisted,sofascore
15294982,992018,Ringo Meerveld,,44,8.9,63.9,0.0619,block,left-foot,assisted,sofascore
15294982,1028070,Lasse Selvåg Nordås,,40,11.0,32.1,0.0438,save,left-foot,regular,sofascore
15294982,1218004,Jaden Slory,,36,12.3,71.8,0.0316,miss,right-foot,assisted,sofascore
15294982,1627623,Marcus Linday,,32,15.0,64.0,0.0376,block,right-foot,corner,sofascore
15294982,1028070,Lasse Selvåg Nordås,,31,22.7,54.5,0.0366,block,left-foot,assisted,sofascore
15294982,1014408,Maxence Rivera,,31,27.4,38.9,0.0235,block,right-foot,assisted,sofascore
15294982,1028070,Lasse Selvåg Nordås,,22,8.9,37.2,0.0714,miss,left-foot,assisted,sofascore
15294982,1014408,Maxence Rivera,,22,18.2,43.3,0.0349,block,right-foot,assisted,sofascore
15294982,1015627,Jacob Trenskow,,15,23.7,52.0,0.0321,save,left-foot,assisted,sofascore
15294982,1014408,Maxence Rivera,,13,13.1,30.6,0.0496,save,right-foot,assisted,sofascore
15294982,992018,Ringo Meerveld,,10,3.9,66.0,0.0522,save,right-foot,regular,sofascore
15294982,1029724,Jakob Breum,,6,21.5,49.3,0.0578,save,right-foot,assisted,sofascore
15390794,1214695,Adrian Blake,,90,14.2,47.0,0.3527,save,right-foot,fast-break,sofascore
15390794,127846,Eli Dasa,,90,25.4,44.8,0.0371,block,right-foot,assisted,sofascore
15390794,831860,Koki Ogawa,,87,6.1,49.3,0.4779,miss,head,assisted,sofascore
15390794,35208,Tjaronn Chery,,81,25.2,61.5,0.023,block,left-foot,assisted,sofascore
15390794,127846,Eli Dasa,,80,9.3,66.3,0.0322,miss,left-foot,corner,sofascore
15390794,940647,Danilo,,79,19.8,59.1,0.031,block,left-foot,assisted,sofascore
15390794,940647,Danilo,,78,8.7,49.3,0.0692,miss,head,assisted,sofascore
15390794,958317,Youssef el Kachati,,75,19.7,56.8,0.0318,miss,left-foot,regular,sofascore
15390794,1153261,Ángel Alarcón,,74,15.2,61.1,0.2904,post,right-foot,fast-break,sofascore
15390794,940647,Danilo,,73,7.2,45.5,0.083,block,head,corner,sofascore
15390794,35208,Tjaronn Chery,,64,25.0,58.1,0.0323,miss,left-foot,assisted,sofascore
15390794,47753,Bryan Linssen,,63,9.3,44.8,0.0604,miss,head,set-piece,sofascore
15390794,1193676,Başar Önal,,61,19.2,30.1,0.0314,block,right-foot,corner,sofascore
15390794,897603,Darko Nejašmić,,59,19.0,65.6,0.0562,goal,right-foot,regular,sofascore
15390794,1153261,Ángel Alarcón,,53,17.8,48.5,0.145,save,left-foot,fast-break,sofascore
15390794,35208,Tjaronn Chery,,52,11.7,66.3,0.0323,save,left-foot,assisted,sofascore
15390794,1105700,Yoann Cathline,,49,11.4,36.4,0.0873,goal,right-foot,assisted,sofascore
15390794,1105700,Yoann Cathline,,48,14.0,43.3,0.0677,block,right-foot,assisted,sofascore
15390794,1433802,Gjivai Zechiël,,45,12.3,66.5,0.1833,goal,right-foot,assisted,sofascore
15390794,897603,Darko Nejašmić,,42,22.6,39.9,0.0557,block,left-foot,assisted,sofascore
15390794,1064177,Ahmetcan Kaplan,,40,5.4,49.4,0.3671,miss,head,set-piece,sofascore
15390794,1394147,Sami Ouaissa,,36,19.3,50.1,0.0752,miss,left-foot,assisted,sofascore
15390794,1214957,Noe Lebreton,,36,9.4,35.2,0.0496,save,left-foot,assisted,sofascore
15390794,991679,Souffian El Karouani,,23,7.6,44.0,0.0996,miss,left-foot,assisted,sofascore
15390794,1153261,Ángel Alarcón,,23,12.2,53.6,0.1131,post,left-foot,assisted,sofascore
15390794,1105700,Yoann Cathline,,22,19.8,61.1,0.0246,miss,right-foot,assisted,sofascore
15390794,35208,Tjaronn Chery,,21,22.5,38.8,0.0486,miss,left-foot,fast-break,sofascore
15390794,35208,Tjaronn Chery,,15,24.0,56.9,0.0267,block,left-foot,assisted,sofascore
15390794,1193676,Başar Önal,,11,21.3,37.9,0.0338,miss,right-foot,assisted,sofascore
15390794,1489193,Artem Stepanov,,11,11.7,27.0,0.0263,block,right-foot,fast-break,sofascore
15390794,1193676,Başar Önal,,10,10.0,29.8,0.0338,save,right-foot,assisted,sofascore
15390794,1394147,Sami Ouaissa,,9,8.0,53.4,0.2183,save,right-foot,assisted,sofascore
15390794,1153261,Ángel Alarcón,,5,20.4,54.9,0.4187,goal,right-foot,fast-break,sofascore
15390794,1184054,Kodai Sano,,4,29.4,37.4,0.0185,block,right-foot,assisted,sofascore
15390794,35208,Tjaronn Chery,,4,26.9,50.5,0.0293,save,left-foot,assisted,sofascore
15390794,35208,Tjaronn Chery,,2,18.5,67.7,0.0262,miss,left-foot,assisted,sofascore
16072779,965776,Tomas Kalinauskas,,90,19.7,50.4,,goal,left-foot,assisted,sofascore
16072779,2190082,Tim van der Leij,,89,9.7,28.5,,block,right-foot,fast-break,sofascore
16072779,971006,Denilho Cleonise,,82,6.9,48.4,,block,left-foot,assisted,sofascore
16072779,2190082,Tim van der Leij,,74,24.1,60.7,,miss,right-foot,assisted,sofascore
16072779,1512238,Harrie Kuster,,63,13.6,51.6,,block,right-foot,assisted,sofascore
16072779,1099750,Ryan Fage,,60,8.6,71.4,,save,left-foot,fast-break,sofascore
16072779,253065,Anthony van den Hurk,,57,4.6,50.0,,miss,head,throw-in-set-piece,sofascore
16072779,971006,Denilho Cleonise,,51,19.3,38.1,,goal,right-foot,regular,sofascore
16072779,1099750,Ryan Fage,,48,18.3,62.2,,save,left-foot,fast-break,sofascore
16072779,1146005,Loek Postma,,47,6.6,51.4,,miss,right-foot,corner,sofascore
16072779,1475512,Jesper Uneken,,45,13.3,46.9,,save,right-foot,assisted,sofascore
16072779,1477353,Nazjir Held,,44,22.2,70.0,,miss,left-foot,assisted,sofascore
16072779,971006,Denilho Cleonise,,39,23.6,62.1,,block,left-foot,assisted,sofascore
16072779,995322,Joey Muller,,34,12.2,45.0,,block,left-foot,assisted,sofascore
16072779,1475512,Jesper Uneken,,33,15.3,56.5,,block,right-foot,regular,sofascore
16072779,915171,Michael Breij,,29,20.3,54.1,,miss,right-foot,throw-in-set-piece,sofascore
16072779,915171,Michael Breij,,27,22.7,51.9,,block,right-foot,assisted,sofascore
16072779,995322,Joey Muller,,18,11.9,36.4,,block,right-foot,assisted,sofascore
16072779,1002670,Iman Griffith,,18,14.3,38.2,,save,right-foot,assisted,sofascore
16072779,856735,Juan Familia-Castillo,,15,21.0,29.5,,save,left-foot,assisted,sofascore
16072779,971006,Denilho Cleonise,,15,11.4,69.4,,block,left-foot,regular,sofascore
16072779,1002670,Iman Griffith,,11,23.9,53.3,,miss,right-foot,regular,sofascore
16072779,915171,Michael Breij,,3,14.4,55.0,,miss,right-foot,assisted,sofascore
16072779,138830,Jean-Paul Boëtius,,2,19.2,54.3,,miss,right-foot,free-kick,sofascore
16072837,998867,Lucas Beerten,,125,11.5,50.0,,post,right-foot,shootout,sofascore
16072837,910049,Liam Van Gelderen,,124,11.5,50.0,,goal,right-foot,shootout,sofascore
16072837,965776,Tomas Kalinauskas,,124,11.5,50.0,,save,right-foot,shootout,sofascore
16072837,925930,Roshon van Eijma,,123,11.5,50.0,,goal,right-foot,shootout,sofascore
16072837,839883,Jerome Deom,,122,11.5,50.0,,goal,right-foot,shootout,sofascore
16072837,876257,Daniel Van Kaam,,121,11.5,50.0,,goal,left-foot,shootout,sofascore
16072837,192290,Mitchell Paulissen,,121,11.5,50.0,,save,right-foot,shootout,sofascore
16072837,1529982,Yorem van der Veen,,120,18.3,24.6,,block,right-foot,corner,sofascore
16072837,856735,Juan Familia-Castillo,,120,12.4,32.2,,save,left-foot,fast-break,sofascore
16072837,1091591,Jack Cooper Love,,119,3.9,38.4,,save,right-foot,corner,sofascore
16072837,1513292,Reda El Meliani,,119,25.9,24.6,,block,right-foot,assisted,sofascore
16072837,1155366,Rein van Hedel,,113,22.9,68.9,,block,right-foot,regular,sofascore
16072837,804489,Richard van der Venne,,111,25.0,40.1,,save,left-foot,assisted,sofascore
16072837,192290,Mitchell Paulissen,,107,5.7,54.0,,miss,head,assisted,sofascore
16072837,1529982,Yorem van der Veen,,99,21.8,35.1,,miss,right-foot,set-piece,sofascore
16072837,1146005,Loek Postma,,99,22.0,37.1,,miss,right-foot,set-piece,sofascore
16072837,860162,Marco Tol,,93,48.1,53.3,,save,right-foot,fast-break,sofascore
16072837,1475512,Jesper Uneken,,90,11.3,53.3,,goal,right-foot,assisted,sofascore
16072837,1475512,Jesper Uneken,,90,5.0,35.0,,save,head,assisted,sofascore
16072837,804489,Richard van der Venne,,90,19.4,45.4,,miss,left-foot,throw-in-set-piece,sofascore
16072837,2190082,Tim van der Leij,,90,11.9,61.1,,save,right-foot,assisted,sofascore
16072837,804489,Richard van der Venne,,90,19.8,48.5,,block,left-foot,assisted,sofascore
16072837,2190082,Tim van der Leij,,89,26.4,60.5,,block,right-foot,assisted,sofascore
16072837,1146005,Loek Postma,,88,25.9,57.2,,block,left-foot,regular,sofascore
16072837,1146005,Loek Postma,,88,28.0,58.4,,miss,right-foot,assisted,sofascore
16072837,36781,Michiel Kramer,,84,4.2,34.7,,miss,head,corner,sofascore
16072837,36781,Michiel Kramer,,79,8.8,50.5,,save,head,assisted,sofascore
16072837,971006,Denilho Cleonise,,64,14.0,54.4,,block,left-foot,assisted,sofascore
16072837,1512238,Harrie Kuster,,59,16.6,50.3,,miss,right-foot,assisted,sofascore
16072837,1146005,Loek Postma,,56,10.1,47.6,,save,head,corner,sofascore
16072837,138830,Jean-Paul Boëtius,,55,12.7,35.2,,block,right-foot,corner,sofascore
16072837,1475512,Jesper Uneken,,55,13.9,66.0,,save,right-foot,assisted,sofascore
16072837,253065,Anthony van den Hurk,,52,15.2,66.7,,goal,right-foot,assisted,sofascore
16072837,1475512,Jesper Uneken,,47,10.2,52.9,,miss,right-foot,assisted,sofascore
16072837,915171,Michael Breij,,38,29.7,67.0,,miss,right-foot,assisted,sofascore
16072837,1475512,Jesper Uneken,,35,9.1,62.1,,save,head,assisted,sofascore
16072837,1475512,Jesper Uneken,,22,25.3,50.0,,save,right-foot,assisted,sofascore
16072837,971006,Denilho Cleonise,,10,12.3,31.5,,miss,right-foot,assisted,sofascore
16072837,856735,Juan Familia-Castillo,,6,25.2,31.5,,block,left-foot,assisted,sofascore
16072837,1512238,Harrie Kuster,,2,10.1,35.6,,block,right-foot,assisted,sofascore
16072839,1492733,Ilias Boumassaoudi,,90,23.8,55.6,,block,left-foot,assisted,sofascore
16072839,1648769,Marley  Dors,,88,4.9,59.7,,goal,right-foot,assisted,sofascore
16072839,1418029,Genrich Sillé,,88,25.0,48.7,,save,right-foot,throw-in-set-piece,sofascore
16072839,1048226,Teun van Grunsven,,88,10.9,58.6,,miss,right-foot,throw-in-set-piece,sofascore
16072839,893741,Ferdy Druijf,,84,7.2,46.6,,miss,head,assisted,sofascore
16072839,893741,Ferdy Druijf,,82,3.3,56.3,,save,right-foot,assisted,sofascore
16072839,1120949,Milan de Haan,,81,18.8,39.2,,save,right-foot,assisted,sofascore
16072839,893741,Ferdy Druijf,,78,24.7,62.9,,block,right-foot,fast-break,sofascore
16072839,1048226,Teun van Grunsven,,77,4.6,58.9,,miss,head,corner,sofascore
16072839,966676,Kévin Monzialo,,76,13.3,30.9,,block,right-foot,assisted,sofascore
16072839,1492733,Ilias Boumassaoudi,,73,24.4,28.2,,miss,right-foot,assisted,sofascore
16072839,1048428,Thijs van Leeuwen,,71,18.8,51.7,,block,left-foot,regular,sofascore
16072839,893744,Jamie Jacobs,,68,17.9,50.7,,block,left-foot,assisted,sofascore
16072839,893741,Ferdy Druijf,,65,7.2,47.3,,goal,head,set-piece,sofascore
16072839,893741,Ferdy Druijf,,64,8.7,59.8,,miss,head,assisted,sofascore
16072839,193462,James Lawrence,,63,3.6,59.9,,miss,head,corner,sofascore
16072839,1648769,Marley  Dors,,62,12.7,63.7,,block,right-foot,assisted,sofascore
16072839,1539611,Hamza El Dahri,,60,8.2,62.0,,save,right-foot,assisted,sofascore
16072839,1048428,Thijs van Leeuwen,,59,2.7,57.6,,miss,right-foot,assisted,sofascore
16072839,893744,Jamie Jacobs,,57,2.0,46.9,,goal,left-foot,regular,sofascore
16072839,893741,Ferdy Druijf,,57,3.4,45.8,,save,head,assisted,sofascore
16072839,893744,Jamie Jacobs,,56,4.4,56.7,,block,left-foot,assisted,sofascore
16072839,893741,Ferdy Druijf,,53,12.3,59.9,,block,right-foot,assisted,sofascore
16072839,825836,Boyd Reith,,50,20.8,60.2,,miss,right-foot,assisted,sofascore
16072839,893744,Jamie Jacobs,,48,6.8,45.8,,miss,head,corner,sofascore
16072839,1539611,Hamza El Dahri,,48,8.7,72.9,,block,right-foot,fast-break,sofascore
16072839,893744,Jamie Jacobs,,47,18.1,50.1,,save,right-foot,assisted,sofascore
16072839,966676,Kévin Monzialo,,44,4.3,34.4,,goal,right-foot,regular,sofascore
16072839,1048428,Thijs van Leeuwen,,38,28.9,42.3,,save,right-foot,assisted,sofascore
16072839,1119291,Emmanuel van de Blaak,,35,5.1,63.3,,miss,right-foot,corner,sofascore
16072839,893744,Jamie Jacobs,,34,15.3,40.0,,miss,right-foot,assisted,sofascore
16072839,896215,Kevin Felida,,30,26.6,51.6,,save,right-foot,assisted,sofascore
16072839,1048226,Teun van Grunsven,,29,4.3,44.6,,miss,head,corner,sofascore
16072839,1120949,Milan de Haan,,26,20.6,31.3,,save,left-foot,assisted,sofascore
16072839,893741,Ferdy Druijf,,25,19.0,45.2,,block,left-foot,assisted,sofascore
16072839,825836,Boyd Reith,,24,12.7,67.9,,block,right-foot,assisted,sofascore
16072839,1648769,Marley  Dors,,21,4.8,38.9,,post,right-foot,assisted,sofascore
16072839,1048428,Thijs van Leeuwen,,19,14.7,52.6,,block,right-foot,assisted,sofascore
16072839,1050421,Sebastian Karlsson Grach,,16,7.7,48.2,,goal,right-foot,assisted,sofascore
16072839,1887071,Emanuel Poku,,14,4.6,60.3,,save,left-foot,regular,sofascore
16072839,1887071,Emanuel Poku,,14,3.6,60.6,,block,head,assisted,sofascore
16072839,825836,Boyd Reith,,10,15.8,45.4,,save,left-foot,assisted,sofascore
16072839,1048428,Thijs van Leeuwen,,9,14.9,64.0,,miss,right-foot,assisted,sofascore
16074271,1140601,Julian Rijkhoff,,89,12.1,47.0,,goal,right-foot,assisted,sofascore
16074271,893741,Ferdy Druijf,,82,24.1,49.7,,goal,right-foot,assisted,sofascore
16074271,1140601,Julian Rijkhoff,,81,19.7,48.7,,miss,left-foot,fast-break,sofascore
16074271,1492733,Ilias Boumassaoudi,,79,12.3,34.5,,save,right-foot,assisted,sofascore
16074271,1140601,Julian Rijkhoff,,77,6.3,53.3,,miss,left-foot,corner,sofascore
16074271,893741,Ferdy Druijf,,76,13.2,37.9,,save,left-foot,fast-break,sofascore
16074271,1140601,Julian Rijkhoff,,75,8.8,37.4,,save,left-foot,fast-break,sofascore
16074271,1067996,Stan Maas,,67,5.4,36.1,,save,head,throw-in-set-piece,sofascore
16074271,1140601,Julian Rijkhoff,,65,19.2,35.4,,miss,right-foot,assisted,sofascore
16074271,1539611,Hamza El Dahri,,64,21.7,52.7,,miss,left-foot,assisted,sofascore
16074271,896215,Kevin Felida,,63,14.2,36.1,,block,right-foot,assisted,sofascore
16074271,193462,James Lawrence,,62,7.6,50.6,,save,head,corner,sofascore
16074271,1648769,Marley  Dors,,62,13.3,37.2,,block,right-foot,assisted,sofascore
16074271,977526,Reda Akmum,,59,9.2,61.3,,miss,head,corner,sofascore
16074271,1017501,Jack De Vries,,59,5.1,67.0,,block,left-foot,assisted,sofascore
16074271,893741,Ferdy Druijf,,53,14.3,57.3,,block,right-foot,assisted,sofascore
16074271,1017501,Jack De Vries,,52,22.8,51.3,,block,left-foot,assisted,sofascore
16074271,1153326,Niko Takahashi,,50,26.0,73.0,,block,left-foot,throw-in-set-piece,sofascore
16074271,893744,Jamie Jacobs,,48,8.4,62.3,,save,right-foot,regular,sofascore
16074271,1017501,Jack De Vries,,47,8.8,60.9,,save,right-foot,assisted,sofascore
16074271,896215,Kevin Felida,,45,27.4,51.3,,miss,right-foot,assisted,sofascore
16074271,1648769,Marley  Dors,,41,11.0,55.1,,goal,right-foot,regular,sofascore
16074271,1887071,Emanuel Poku,,41,14.6,57.3,,save,left-foot,assisted,sofascore
16074271,1048226,Teun van Grunsven,,35,28.1,27.7,,block,right-foot,free-kick,sofascore
16074271,893741,Ferdy Druijf,,34,7.9,51.6,,save,left-foot,assisted,sofascore
16074271,1017501,Jack De Vries,,32,5.2,35.6,,save,head,fast-break,sofascore
16074271,1017501,Jack De Vries,,17,31.3,49.0,,block,left-foot,assisted,sofascore
16074271,966676,Kévin Monzialo,,10,9.0,77.2,,miss,right-foot,assisted,sofascore
16115678,833246,Justin Hoogma,,88,8.0,36.8,,miss,head,corner,sofascore
16115678,2188152,Siegert Baartmans,,81,12.1,35.6,,miss,left-foot,assisted,sofascore
16115678,822166,Nick Doodeman,,79,13.9,71.6,,save,right-foot,assisted,sofascore
16115678,804489,Richard van der Venne,,77,31.8,74.8,,miss,left-foot,regular,sofascore
16115678,825849,Godfried Roemeratoe,,63,2.0,51.3,,goal,right-foot,corner,sofascore
16115678,2188152,Siegert Baartmans,,63,15.1,44.9,,block,left-foot,assisted,sofascore
16115678,1475512,Jesper Uneken,,59,4.5,45.7,,miss,head,corner,sofascore
16115678,1485398,Armin Culum,,57,19.6,52.6,,save,right-foot,assisted,sofascore
16115678,1106765,Devin Haen,,47,5.1,43.1,,save,right-foot,set-piece,sofascore
16115678,1477353,Nazjir Held,,43,6.6,51.6,,miss,head,assisted,sofascore
16115678,1099750,Ryan Fage,,31,25.1,45.9,,miss,left-foot,assisted,sofascore
16115678,2188152,Siegert Baartmans,,29,8.6,43.1,,save,head,regular,sofascore
16115678,1475512,Jesper Uneken,,26,8.6,44.0,,miss,head,assisted,sofascore
16115678,1485398,Armin Culum,,14,25.9,52.0,,miss,right-foot,assisted,sofascore
16115678,1512238,Harrie Kuster,,3,14.7,42.6,,miss,right-foot,assisted,sofascore
16115794,1006443,Ibrahim El Kadiri,,87,13.2,27.4,,miss,right-foot,assisted,sofascore
16115794,1648769,Marley  Dors,,81,11.1,54.7,,miss,right-foot,assisted,sofascore
16115794,1887071,Emanuel Poku,,77,6.9,65.4,,goal,right-foot,assisted,sofascore
16115794,1887071,Emanuel Poku,,74,12.8,66.0,,block,left-foot,assisted,sofascore
16115794,1186805,Chahid El Allachi,,70,27.0,32.3,,block,right-foot,assisted,sofascore
16115794,1887071,Emanuel Poku,,62,13.4,46.0,,miss,right-foot,corner,sofascore
16115794,1648769,Marley  Dors,,58,4.3,42.6,,goal,head,assisted,sofascore
16115794,1887071,Emanuel Poku,,57,7.8,45.4,,miss,head,assisted,sofascore
16115794,1012924,Fedde De Jong,,55,3.6,32.7,,miss,head,assisted,sofascore
16115794,893744,Jamie Jacobs,,53,9.5,50.5,,miss,head,assisted,sofascore
16115794,1186805,Chahid El Allachi,,51,13.6,41.1,,miss,right-foot,regular,sofascore
16115794,1625485,Nils Eggens,,49,7.4,63.2,,miss,right-foot,corner,sofascore
16115794,193462,James Lawrence,,46,10.0,57.9,,miss,head,corner,sofascore
16115794,1012924,Fedde De Jong,,45,8.4,48.0,,goal,head,throw-in-set-piece,sofascore
16115794,1387854,Joran Hardeman,,45,9.5,51.7,,save,head,corner,sofascore
16115794,1012924,Fedde De Jong,,42,16.0,53.6,,block,right-foot,assisted,sofascore
16115794,893744,Jamie Jacobs,,36,8.7,58.0,,miss,head,throw-in-set-piece,sofascore
16115794,1648769,Marley  Dors,,36,13.3,33.1,,save,right-foot,assisted,sofascore
16115794,1887071,Emanuel Poku,,32,8.1,56.9,,goal,right-foot,fast-break,sofascore
16115794,893744,Jamie Jacobs,,21,39.7,84.3,,miss,right-foot,fast-break,sofascore
16115794,1120949,Milan de Haan,,18,24.3,27.6,,miss,right-foot,assisted,sofascore
16115794,1887071,Emanuel Poku,,7,13.3,65.4,,miss,right-foot,regular,sofascore
16115794,1539611,Hamza El Dahri,,7,18.9,53.8,,block,right-foot,assisted,sofascore
16115794,893744,Jamie Jacobs,,5,2.6,50.5,,miss,left-foot,fast-break,sofascore
16115796,1046725,Enzo Cornelisse,,90,24.5,35.8,,save,left-foot,regular,sofascore
16115796,1120949,Milan de Haan,,90,39.8,63.2,,save,right-foot,regular,sofascore
16115796,2004127,Kyano Kwint,,90,7.3,55.3,,goal,head,corner,sofascore
16115796,1625485,Nils Eggens,,89,11.0,61.6,,block,right-foot,assisted,sofascore
16115796,2004127,Kyano Kwint,,87,11.5,50.5,,miss,right-foot,corner,sofascore
16115796,1625485,Nils Eggens,,86,11.0,38.9,,block,head,assisted,sofascore
16115796,1387854,Joran Hardeman,,83,10.4,41.3,,miss,right-foot,corner,sofascore
16115796,1387854,Joran Hardeman,,82,2.6,57.0,,save,right-foot,throw-in-set-piece,sofascore
16115796,1153163,Nolan Martens,,82,20.8,65.2,,block,right-foot,corner,sofascore
16115796,1625485,Nils Eggens,,81,5.1,45.4,,save,left-foot,assisted,sofascore
16115796,1006443,Ibrahim El Kadiri,,79,19.2,34.0,,miss,right-foot,assisted,sofascore
16115796,1006443,Ibrahim El Kadiri,,73,18.5,35.5,,miss,right-foot,regular,sofascore
16115796,1006443,Ibrahim El Kadiri,,70,17.5,30.9,,block,right-foot,set-piece,sofascore
16115796,1625485,Nils Eggens,,66,22.4,45.3,,save,right-foot,regular,sofascore
16115796,1120949,Milan de Haan,,62,13.9,27.1,,goal,right-foot,assisted,sofascore
16115796,1625485,Nils Eggens,,54,3.3,52.6,,miss,right-foot,corner,sofascore
16115796,1006443,Ibrahim El Kadiri,,50,14.1,37.2,,block,right-foot,regular,sofascore
16115796,1392464,Rowan Besselink,,48,2.9,55.6,,goal,right-foot,set-piece,sofascore
16115796,1392464,Rowan Besselink,,48,4.9,56.6,,save,head,set-piece,sofascore
16115796,1186805,Chahid El Allachi,,45,6.0,51.9,,miss,head,assisted,sofascore
16115796,1186805,Chahid El Allachi,,41,22.2,70.2,,miss,right-foot,regular,sofascore
16115796,893741,Ferdy Druijf,,36,4.5,41.9,,goal,head,corner,sofascore
16115796,1887071,Emanuel Poku,,36,3.9,64.5,,block,right-foot,corner,sofascore
16115796,893741,Ferdy Druijf,,35,20.4,34.0,,block,right-foot,assisted,sofascore
16115796,1648769,Marley  Dors,,31,15.4,39.1,,miss,right-foot,regular,sofascore
16115796,1539611,Hamza El Dahri,,23,23.1,50.5,,save,right-foot,corner,sofascore
16115796,2004127,Kyano Kwint,,22,8.0,53.9,,miss,head,assisted,sofascore
16115796,893741,Ferdy Druijf,,18,14.0,61.2,,save,right-foot,regular,sofascore
16115796,1120949,Milan de Haan,,18,18.8,36.1,,block,right-foot,assisted,sofascore
16115796,1887071,Emanuel Poku,,17,13.8,65.4,,miss,right-foot,set-piece,sofascore
16115796,893741,Ferdy Druijf,,7,7.0,56.7,,miss,head,corner,sofascore
16115796,1648769,Marley  Dors,,6,2.5,35.1,,save,right-foot,regular,sofascore
16115797,1512238,Harrie Kuster,,90,10.0,39.9,,miss,right-foot,assisted,sofascore
16115797,1440801,Gijs Besselink,,74,15.3,73.5,,miss,right-foot,assisted,sofascore
16115797,1099750,Ryan Fage,,72,14.6,67.5,,miss,left-foot,assisted,sofascore
16115797,804489,Richard van der Venne,,70,14.9,42.7,,miss,left-foot,assisted,sofascore
16115797,856735,Juan Familia-Castillo,,66,13.5,39.2,,miss,left-foot,assisted,sofascore
16115797,2008016,Uriel van Aalst,,63,30.6,56.9,,miss,right-foot,regular,sofascore
16115797,971006,Denilho Cleonise,,61,24.8,56.0,,block,left-foot,assisted,sofascore
16115797,138830,Jean-Paul Boëtius,,59,17.6,50.1,,goal,right-foot,regular,sofascore
16115797,804489,Richard van der Venne,,56,14.0,46.3,,save,left-foot,assisted,sofascore
16115797,1106765,Devin Haen,,49,7.1,44.5,,miss,head,assisted,sofascore
16115797,804489,Richard van der Venne,,49,13.6,49.0,,save,right-foot,assisted,sofascore
16115797,539294,Mounir El Allouchi,,46,7.1,53.8,,goal,right-foot,assisted,sofascore
16115797,2188152,Siegert Baartmans,,40,8.8,49.1,,miss,head,assisted,sofascore
16115797,804489,Richard van der Venne,,37,24.9,48.7,,miss,left-foot,assisted,sofascore
16115797,36781,Michiel Kramer,,35,19.8,67.8,,miss,right-foot,assisted,sofascore
16115797,971006,Denilho Cleonise,,33,11.6,35.4,,save,left-foot,fast-break,sofascore
16115797,856735,Juan Familia-Castillo,,27,20.6,63.6,,save,left-foot,regular,sofascore
16115797,804489,Richard van der Venne,,20,26.6,64.3,,miss,left-foot,regular,sofascore
16115797,971006,Denilho Cleonise,,9,9.9,60.3,,miss,left-foot,assisted,sofascore
16115797,1106765,Devin Haen,,7,1.9,67.0,,miss,right-foot,fast-break,sofascore
16115797,2188152,Siegert Baartmans,,2,10.0,50.5,,save,head,corner,sofascore
16115797,2188152,Siegert Baartmans,,1,22.6,40.8,,block,left-foot,corner,sofascore
16115797,2188152,Siegert Baartmans,,1,14.5,49.8,,save,right-foot,fast-break,sofascore
16157212,1140601,Julian Rijkhoff,,75,3.6,52.9,,save,left-foot,assisted,sofascore
16157212,539294,Mounir El Allouchi,,72,11.5,50.0,,save,right-foot,penalty,sofascore
16157212,2188152,Siegert Baartmans,,69,10.0,54.6,,miss,right-foot,assisted,sofascore
16157212,1120949,Milan de Haan,,69,24.4,41.4,,miss,right-foot,assisted,sofascore
16157212,1153326,Niko Takahashi,,64,19.3,28.0,,block,left-foot,assisted,sofascore
16157212,893741,Ferdy Druijf,,60,7.7,51.7,,miss,head,corner,sofascore
16157212,193462,James Lawrence,,60,7.0,55.9,,block,head,corner,sofascore
16157212,1120949,Milan de Haan,,50,26.6,37.8,,miss,right-foot,assisted,sofascore
16157212,893744,Jamie Jacobs,,48,5.2,40.1,,miss,right-foot,assisted,sofascore
16157212,893741,Ferdy Druijf,,44,11.5,52.9,,miss,head,assisted,sofascore
16157212,1120949,Milan de Haan,,44,23.5,38.9,,miss,left-foot,assisted,sofascore
16157212,893741,Ferdy Druijf,,43,10.1,49.7,,miss,head,assisted,sofascore
16157212,1887071,Emanuel Poku,,39,14.3,28.7,,block,right-foot,assisted,sofascore
16157212,1083404,Samuel Bamba,,32,13.6,41.9,,goal,right-foot,assisted,sofascore
16157212,1083404,Samuel Bamba,,30,6.4,51.7,,miss,right-foot,assisted,sofascore
16157212,893741,Ferdy Druijf,,27,21.6,49.8,,save,left-foot,regular,sofascore
16157212,193462,James Lawrence,,24,27.8,40.6,,miss,left-foot,assisted,sofascore
16157212,1119291,Emmanuel van de Blaak,,20,9.2,44.0,,miss,head,corner,sofascore
16157212,893741,Ferdy Druijf,,19,11.7,52.1,,miss,head,assisted,sofascore
16157212,539294,Mounir El Allouchi,,13,8.2,60.6,,miss,right-foot,assisted,sofascore
16157212,1440801,Gijs Besselink,,12,22.7,31.9,,save,right-foot,assisted,sofascore
16157212,1083404,Samuel Bamba,,10,12.9,45.3,,save,right-foot,assisted,sofascore
16157212,2008016,Uriel van Aalst,,6,15.7,48.7,,block,right-foot,regular,sofascore
16157213,1083404,Samuel Bamba,,90,19.0,47.4,,miss,right-foot,fast-break,sofascore
16157213,1901884,Per van Loon,,90,10.9,55.0,,miss,head,assisted,sofascore
16157213,996991,Amine Et-Taibi,,85,14.4,61.5,,goal,right-foot,assisted,sofascore
16157213,893741,Ferdy Druijf,,79,4.5,56.6,,miss,right-foot,assisted,sofascore
16157213,1119291,Emmanuel van de Blaak,,75,6.7,62.4,,miss,head,corner,sofascore
16157213,893741,Ferdy Druijf,,74,15.1,63.0,,block,right-foot,assisted,sofascore
16157213,1648769,Marley  Dors,,71,5.1,39.7,,miss,right-foot,assisted,sofascore
16157213,803027,Teun Bijleveld,,68,24.8,60.8,,miss,left-foot,assisted,sofascore
16157213,2008016,Uriel van Aalst,,62,16.1,55.6,,save,right-foot,fast-break,sofascore
16157213,2008016,Uriel van Aalst,,60,20.3,77.9,,goal,right-foot,regular,sofascore
16157213,893741,Ferdy Druijf,,57,6.0,53.2,,miss,head,corner,sofascore
16157213,1046725,Enzo Cornelisse,,57,19.9,60.0,,block,left-foot,regular,sofascore
16157213,1140601,Julian Rijkhoff,,52,4.9,55.0,,block,right-foot,assisted,sofascore
16157213,1125984,Finn Stam,,51,11.1,50.8,,miss,head,corner,sofascore
16157213,992651,Nathan Tjoe-A-On,,50,11.4,26.5,,block,left-foot,assisted,sofascore
16157213,1125984,Finn Stam,,49,12.4,63.9,,post,left-foot,assisted,sofascore
16157213,1887071,Emanuel Poku,,48,15.8,50.2,,block,right-foot,corner,sofascore
16157213,539294,Mounir El Allouchi,,41,21.0,32.5,,miss,right-foot,corner,sofascore
16157213,825836,Boyd Reith,,40,23.9,55.5,,save,left-foot,assisted,sofascore
16157213,1648769,Marley  Dors,,37,12.0,53.4,,miss,head,assisted,sofascore
16157213,992651,Nathan Tjoe-A-On,,35,13.1,31.0,,miss,right-foot,corner,sofascore
16157213,1140601,Julian Rijkhoff,,27,12.0,53.9,,block,right-foot,assisted,sofascore
16157213,803027,Teun Bijleveld,,20,16.4,38.0,,block,left-foot,assisted,sofascore
16157213,1106765,Devin Haen,,17,8.6,34.9,,miss,right-foot,assisted,sofascore
16157213,1887071,Emanuel Poku,,13,11.4,57.5,,block,right-foot,regular,sofascore
16157213,1125984,Finn Stam,,12,23.2,67.3,,block,left-foot,throw-in-set-piece,sofascore
16157213,1106765,Devin Haen,,12,11.5,43.8,,miss,head,throw-in-set-piece,sofascore
16157213,1440801,Gijs Besselink,,11,25.6,55.9,,miss,right-foot,regular,sofascore
16157213,1887071,Emanuel Poku,,7,20.1,61.5,,block,left-foot,assisted,sofascore
16195914,156676,Robert Mühren,,90,3.9,34.1,,miss,right-foot,corner,sofascore
16195914,156676,Robert Mühren,,90,8.9,70.5,,save,right-foot,assisted,sofascore
16195914,106154,Mawouna Amevor,,89,6.4,51.4,,miss,head,corner,sofascore
16195914,1095406,Aurelio Oehlers,,87,21.7,39.5,,miss,right-foot,assisted,sofascore
16195914,1095406,Aurelio Oehlers,,85,12.3,32.1,,block,right-foot,fast-break,sofascore
16195914,1008697,Anthony Descotte,,77,9.4,56.2,,save,head,assisted,sofascore
16195914,1008697,Anthony Descotte,,75,12.0,28.5,,post,right-foot,assisted,sofascore
16195914,996982,Yannick Leliendal,,72,21.2,32.6,,miss,left-foot,assisted,sofascore
16195914,252885,Brandley Kuwas,,65,15.7,40.3,,post,left-foot,assisted,sofascore
16195914,539294,Mounir El Allouchi,,64,19.7,49.7,,save,right-foot,regular,sofascore
16195914,1520752,Benjamin Pauwels,,60,16.0,32.3,,save,right-foot,assisted,sofascore
16195914,822166,Nick Doodeman,,54,8.3,66.0,,goal,right-foot,fast-break,sofascore
16195914,1095753,Gibson Yah,,44,22.9,34.5,,miss,left-foot,assisted,sofascore
16195914,1106765,Devin Haen,,40,11.0,65.2,,save,left-foot,regular,sofascore
16195914,313264,Henk Veerman,,36,7.4,51.4,,miss,head,assisted,sofascore
16195914,822166,Nick Doodeman,,32,14.8,69.2,,miss,right-foot,fast-break,sofascore
16195914,1125984,Finn Stam,,29,27.2,62.0,,save,left-foot,assisted,sofascore
16195914,822166,Nick Doodeman,,26,18.7,64.0,,block,left-foot,assisted,sofascore
16195914,788971,Juninho Bacuna,,23,3.8,47.7,,miss,right-foot,fast-break,sofascore
16195914,1083404,Samuel Bamba,,21,15.1,40.2,,miss,left-foot,assisted,sofascore
16195914,313264,Henk Veerman,,18,4.4,40.5,,goal,left-foot,regular,sofascore
16195914,544532,Bilal Ould-Chikh,,13,13.0,56.9,,goal,left-foot,regular,sofascore
16195914,822166,Nick Doodeman,,11,12.4,51.4,,miss,head,throw-in-set-piece,sofascore
16195914,539294,Mounir El Allouchi,,9,33.5,48.8,,miss,left-foot,assisted,sofascore
16195914,1083404,Samuel Bamba,,6,8.6,36.8,,save,left-foot,fast-break,sofascore
16195914,1008697,Anthony Descotte,,2,10.4,52.6,,post,right-foot,regular,sofascore
16195914,1008697,Anthony Descotte,,2,10.5,42.1,,block,right-foot,assisted,sofascore
16195916,339809,Thomas Didillon,,128,11.5,50.0,,goal,left-foot,shootout,sofascore
16195916,996982,Yannick Leliendal,,127,11.5,50.0,,goal,left-foot,shootout,sofascore
16195916,1485398,Armin Culum,,126,11.5,50.0,,goal,right-foot,shootout,sofascore
16195916,252885,Brandley Kuwas,,125,11.5,50.0,,goal,left-foot,shootout,sofascore
16195916,822166,Nick Doodeman,,125,11.5,50.0,,goal,right-foot,shootout,sofascore
16195916,1520752,Benjamin Pauwels,,124,11.5,50.0,,goal,right-foot,shootout,sofascore
16195916,833246,Justin Hoogma,,123,11.5,50.0,,goal,left-foot,shootout,sofascore
16195916,1511723,Nordin Bukala,,122,11.5,50.0,,save,right-foot,shootout,sofascore
16195916,1106765,Devin Haen,,122,11.5,50.0,,goal,right-foot,shootout,sofascore
16195916,156676,Robert Mühren,,121,11.5,50.0,,goal,right-foot,shootout,sofascore
16195916,996982,Yannick Leliendal,,120,19.7,35.7,,miss,left-foot,assisted,sofascore
16195916,1520752,Benjamin Pauwels,,120,8.7,26.0,,block,right-foot,assisted,sofascore
16195916,1520752,Benjamin Pauwels,,112,26.7,33.2,,miss,right-foot,set-piece,sofascore
16195916,156676,Robert Mühren,,112,7.3,38.5,,save,head,set-piece,sofascore
16195916,156676,Robert Mühren,,105,10.7,50.3,,block,right-foot,assisted,sofascore
16195916,1095406,Aurelio Oehlers,,99,15.2,69.3,,save,left-foot,assisted,sofascore
16195916,1146002,Dave Kwakman,,98,28.6,37.7,,miss,right-foot,fast-break,sofascore
16195916,1481354,Precious Ugwu,,95,26.4,52.6,,miss,right-foot,regular,sofascore
16195916,252885,Brandley Kuwas,,95,12.5,38.3,,block,left-foot,assisted,sofascore
16195916,156676,Robert Mühren,,95,8.9,56.2,,block,right-foot,assisted,sofascore
16195916,2008016,Uriel van Aalst,,94,25.7,43.3,,miss,right-foot,assisted,sofascore
16195916,1083404,Samuel Bamba,,92,4.1,43.3,,miss,right-foot,assisted,sofascore
16195916,1083404,Samuel Bamba,,90,25.7,34.7,,miss,right-foot,regular,sofascore
16195916,2008016,Uriel van Aalst,,90,28.5,43.4,,block,right-foot,regular,sofascore
16195916,1523582,Nick Verschuren,,90,2.9,51.1,,miss,head,set-piece,sofascore
16195916,1083404,Samuel Bamba,,86,11.2,31.0,,block,right-foot,assisted,sofascore
16195916,992651,Nathan Tjoe-A-On,,85,8.7,56.7,,miss,head,set-piece,sofascore
16195916,156676,Robert Mühren,,75,17.6,52.9,,block,right-foot,assisted,sofascore
16195916,156676,Robert Mühren,,73,8.4,54.9,,post,right-foot,assisted,sofascore
16195916,1520752,Benjamin Pauwels,,53,28.2,31.2,,save,right-foot,assisted,sofascore
16195916,544532,Bilal Ould-Chikh,,46,19.2,69.1,,save,left-foot,assisted,sofascore
16195916,996982,Yannick Leliendal,,40,23.0,35.7,,goal,left-foot,assisted,sofascore
16195916,544532,Bilal Ould-Chikh,,37,13.8,66.8,,save,left-foot,regular,sofascore
16195916,1520752,Benjamin Pauwels,,36,15.4,33.5,,block,right-foot,fast-break,sofascore
16195916,1008697,Anthony Descotte,,36,21.4,42.3,,block,right-foot,assisted,sofascore
16195916,788971,Juninho Bacuna,,31,25.7,43.2,,miss,left-foot,assisted,sofascore
16195916,1520752,Benjamin Pauwels,,29,8.1,46.7,,miss,right-foot,assisted,sofascore
16195916,1125984,Finn Stam,,17,16.5,53.2,,goal,left-foot,regular,sofascore
16195916,788971,Juninho Bacuna,,15,23.4,53.9,,miss,right-foot,assisted,sofascore
16195916,539294,Mounir El Allouchi,,11,24.5,29.6,,miss,right-foot,assisted,sofascore
16195916,2188152,Siegert Baartmans,,8,1.9,49.0,,goal,right-foot,corner,sofascore
16195916,1520752,Benjamin Pauwels,,2,9.9,23.3,,block,right-foot,assisted,sofascore
16196423,1121402,Tika de Jonge,,89,10.3,45.7,0.0516,miss,head,assisted,sofascore
16196423,907520,Brynjólfur Darri Willumsson,,86,12.9,64.2,0.029,save,right-foot,assisted,sofascore
16196423,163541,Mats Seuntjens,,80,22.5,68.8,0.0306,miss,right-foot,assisted,sofascore
16196423,1586649,Aaron Bouwman,,76,3.6,59.7,0.14,miss,head,corner,sofascore
16196423,1149146,Mika Godts,,75,13.3,52.4,0.2554,save,right-foot,fast-break,sofascore
16196423,1597274,Maher Carrizo,,72,11.7,54.8,0.644,miss,right-foot,fast-break,sofascore
16196423,1878212,David van der Werff,,59,23.8,30.0,0.0164,block,right-foot,assisted,sofascore
16196423,1563462,Jorthy Mokio,,57,21.7,43.3,0.0596,goal,left-foot,regular,sofascore
16196423,1149146,Mika Godts,,55,25.5,39.2,0.0272,miss,right-foot,assisted,sofascore
16196423,1121402,Tika de Jonge,,54,22.5,62.3,0.0231,block,right-foot,assisted,sofascore
16196423,1563462,Jorthy Mokio,,50,3.3,45.1,0.1914,block,head,corner,sofascore
16196423,252215,Wout Weghorst,,45,7.3,44.4,0.4786,save,left-foot,assisted,sofascore
16196423,1859920,Sean Steur,,34,6.1,67.5,0.0385,block,right-foot,assisted,sofascore
16196423,252215,Wout Weghorst,,27,12.4,63.6,0.0658,block,right-foot,fast-break,sofascore
16196423,97410,Davy Klaassen,,24,11.2,54.7,0.0314,goal,head,assisted,sofascore
16196423,252215,Wout Weghorst,,10,20.0,65.5,0.0443,save,left-foot,fast-break,sofascore
16196423,100386,Steven Berghuis,,8,20.1,66.4,0.0294,miss,left-foot,assisted,sofascore
16196426,1105700,Yoann Cathline,,90,9.8,53.1,0.1773,save,right-foot,fast-break,sofascore
16196426,1214695,Adrian Blake,,90,15.4,36.1,0.1293,save,left-foot,fast-break,sofascore
16196426,1214695,Adrian Blake,,90,10.8,68.5,0.0423,block,right-foot,assisted,sofascore
16196426,1028070,Lasse Selvåg Nordås,,89,7.8,49.8,0.0759,block,head,corner,sofascore
16196426,1064426,Vasilios Zagaritis,,86,18.7,53.0,0.0799,block,left-foot,assisted,sofascore
16196426,1015627,Jacob Trenskow,,82,13.8,51.0,0.1709,miss,left-foot,assisted,sofascore
16196426,1214695,Adrian Blake,,81,9.5,25.8,0.0234,save,left-foot,regular,sofascore
16196426,149731,Sébastien Haller,,81,7.9,52.5,0.2095,miss,head,assisted,sofascore
16196426,1015627,Jacob Trenskow,,77,20.0,61.8,0.0819,goal,left-foot,free-kick,sofascore
16196426,825843,Dylan Vente,,74,7.6,70.3,0.1157,miss,right-foot,assisted,sofascore
16196426,855854,Dani De Wit,,73,20.0,63.6,0.058,miss,left-foot,regular,sofascore
16196426,1105700,Yoann Cathline,,71,20.9,46.5,0.1025,save,left-foot,assisted,sofascore
16196426,1028070,Lasse Selvåg Nordås,,69,13.7,36.4,0.0989,miss,left-foot,fast-break,sofascore
16196426,1105700,Yoann Cathline,,69,17.5,60.0,0.0365,save,right-foot,assisted,sofascore
16196426,991679,Souffian El Karouani,,67,31.1,53.1,0.0162,block,left-foot,assisted,sofascore
16196426,1433802,Gjivai Zechiël,,64,24.8,33.6,0.038,miss,right-foot,fast-break,sofascore
16196426,996986,Luca Oyen,,62,9.8,28.3,0.0356,save,left-foot,set-piece,sofascore
16196426,991679,Souffian El Karouani,,58,9.4,36.2,0.0737,goal,left-foot,assisted,sofascore
16196426,152414,Mike Van der Hoorn,,56,8.0,49.7,0.0888,goal,head,corner,sofascore
16196426,825843,Dylan Vente,,54,5.0,55.1,0.2389,goal,right-foot,assisted,sofascore
16196426,1433802,Gjivai Zechiël,,53,19.2,27.4,0.0312,miss,right-foot,assisted,sofascore
16196426,992018,Ringo Meerveld,,52,19.3,29.4,0.0135,miss,right-foot,assisted,sofascore
16196426,1489193,Artem Stepanov,,46,3.9,49.2,0.5782,goal,right-foot,throw-in-set-piece,sofascore
16196426,1064426,Vasilios Zagaritis,,41,16.9,30.9,0.0148,miss,left-foot,regular,sofascore
16196426,152414,Mike Van der Hoorn,,39,3.9,38.9,0.044,block,head,corner,sofascore
16196426,1489193,Artem Stepanov,,37,6.0,46.9,0.1788,miss,head,corner,sofascore
16196426,834597,Jesper Karlsson,,37,12.1,71.2,0.0249,block,right-foot,assisted,sofascore
16196426,1105700,Yoann Cathline,,30,11.6,71.5,0.0367,block,left-foot,assisted,sofascore
16196426,1433802,Gjivai Zechiël,,27,27.7,33.4,0.0141,miss,right-foot,assisted,sofascore
16196426,1489193,Artem Stepanov,,26,8.8,54.0,0.0658,miss,head,assisted,sofascore
16196426,1015627,Jacob Trenskow,,22,11.6,59.7,0.0458,save,head,assisted,sofascore
16196426,1105700,Yoann Cathline,,19,14.4,62.0,0.1048,block,left-foot,assisted,sofascore
16196426,834597,Jesper Karlsson,,11,10.1,70.6,0.0565,miss,right-foot,fast-break,sofascore
16196426,1015627,Jacob Trenskow,,10,11.4,63.2,0.3067,save,right-foot,assisted,sofascore
16196426,996986,Luca Oyen,,7,20.3,28.8,0.0131,miss,right-foot,assisted,sofascore
16196426,1105700,Yoann Cathline,,3,12.2,67.7,0.0478,block,right-foot,assisted,sofascore
16216345,991679,Souffian El Karouani,,127,11.5,50.0,0.7884,save,left-foot,shootout,sofascore
16216345,1120315,Anton Gaaei,,127,11.5,50.0,0.7884,goal,right-foot,shootout,sofascore
16216345,1214695,Adrian Blake,,126,11.5,50.0,0.7884,goal,right-foot,shootout,sofascore
16216345,1149146,Mika Godts,,125,11.5,50.0,0.7884,goal,right-foot,shootout,sofascore
16216345,1433802,Gjivai Zechiël,,124,11.5,50.0,0.7884,goal,right-foot,shootout,sofascore
16216345,252215,Wout Weghorst,,123,11.5,50.0,0.7884,goal,right-foot,shootout,sofascore
16216345,1190941,Rafik El Arguioui,,123,11.5,50.0,0.7884,goal,right-foot,shootout,sofascore
16216345,97410,Davy Klaassen,,122,11.5,50.0,0.7884,goal,right-foot,shootout,sofascore
16216345,149731,Sébastien Haller,,121,11.5,50.0,0.7884,save,right-foot,shootout,sofascore
16216345,97410,Davy Klaassen,,120,16.0,53.4,0.0537,block,right-foot,regular,sofascore
16216345,1153261,Ángel Alarcón,,116,7.0,70.9,0.0327,save,right-foot,fast-break,sofascore
16216345,1120315,Anton Gaaei,,113,19.7,65.6,0.0422,block,right-foot,corner,sofascore
16216345,1597274,Maher Carrizo,,109,6.4,54.8,0.2303,post,head,assisted,sofascore
16216345,1433802,Gjivai Zechiël,,106,17.5,50.5,0.046,goal,left-foot,regular,sofascore
16216345,1149146,Mika Godts,,105,24.7,41.7,0.0421,miss,right-foot,assisted,sofascore
16216345,1149146,Mika Godts,,105,14.2,40.3,0.1214,save,left-foot,assisted,sofascore
16216345,149731,Sébastien Haller,,102,12.6,57.7,0.012,miss,head,set-piece,sofascore
16216345,97410,Davy Klaassen,,96,13.9,41.9,0.0739,goal,left-foot,set-piece,sofascore
16216345,1149146,Mika Godts,,93,13.3,26.2,0.0284,save,right-foot,assisted,sofascore
16216345,1214695,Adrian Blake,,90,19.1,29.7,0.025,miss,right-foot,assisted,sofascore
16216345,252215,Wout Weghorst,,88,15.3,52.6,0.0572,miss,right-foot,assisted,sofascore
16216345,1859920,Sean Steur,,86,4.5,58.5,0.0869,miss,head,corner,sofascore
16216345,149731,Sébastien Haller,,84,11.3,46.8,0.0305,miss,head,set-piece,sofascore
16216345,149731,Sébastien Haller,,83,9.1,48.7,0.1224,miss,right-foot,regular,sofascore
16216345,149731,Sébastien Haller,,74,7.1,55.0,0.5953,miss,right-foot,set-piece,sofascore
16216345,1214695,Adrian Blake,,74,17.8,47.0,0.0482,miss,right-foot,set-piece,sofascore
16216345,1149146,Mika Godts,,65,24.1,56.6,0.0147,block,right-foot,corner,sofascore
16216345,1120315,Anton Gaaei,,59,21.6,76.7,0.0195,miss,right-foot,corner,sofascore
16216345,100386,Steven Berghuis,,58,15.5,47.4,0.0844,block,left-foot,assisted,sofascore
16216345,1859920,Sean Steur,,58,23.9,50.3,0.0327,save,right-foot,assisted,sofascore
16216345,996940,Youri Regeer,,57,21.2,50.6,0.0915,block,right-foot,regular,sofascore
16216345,1563462,Jorthy Mokio,,52,17.8,55.3,0.0756,post,left-foot,assisted,sofascore
16216345,1586649,Aaron Bouwman,,50,9.1,46.4,0.1163,save,head,corner,sofascore
16216345,1563462,Jorthy Mokio,,49,11.0,52.7,0.0901,block,left-foot,corner,sofascore
16216345,1586649,Aaron Bouwman,,49,9.3,48.6,0.0472,block,head,corner,sofascore
16216345,996940,Youri Regeer,,40,6.8,48.6,0.1315,miss,head,corner,sofascore
16216345,970860,Lucas Rosa,,39,13.8,32.7,0.052,save,right-foot,assisted,sofascore
16216345,1489193,Artem Stepanov,,39,14.6,54.9,0.0622,block,left-foot,regular,sofascore
16216345,1586649,Aaron Bouwman,,37,10.7,48.2,0.1025,miss,right-foot,throw-in-set-piece,sofascore
16216345,1586649,Aaron Bouwman,,17,24.8,49.2,0.0161,save,right-foot,regular,sofascore
16216345,100386,Steven Berghuis,,14,24.8,71.4,0.0314,save,left-foot,assisted,sofascore
16216345,991679,Souffian El Karouani,,7,16.9,28.6,0.0287,save,left-foot,regular,sofascore
16216345,100386,Steven Berghuis,,6,30.5,50.8,0.0339,miss,left-foot,free-kick,sofascore
16216345,152414,Mike Van der Hoorn,,2,8.5,50.4,0.1126,miss,head,corner,sofascore
16216345,794990,Siebe Horemans,,2,9.4,49.5,0.049,save,head,corner,sofascore
