match_id_ss,player_id_ss,player_name,team_id_ss,minute,x,y,xg,result,shot_type,situation,data_source
14288819,1020610,Matheus Dias,,90,2.1,42.1,0.2802,miss,right-foot,set-piece,sofascore
14288819,1579664,Pablo Messias Cardozo,,90,12.8,66.0,0.0508,block,right-foot,fast-break,sofascore
14288819,822509,Léo Santos,,90,13.3,63.0,0.0107,save,head,throw-in-set-piece,sofascore
14288819,253837,Lucas João,,88,8.8,51.9,0.0591,save,head,corner,sofascore
14288819,987597,Jesús Ramírez,,83,8.5,55.0,0.2443,save,head,assisted,sofascore
14288819,987597,Jesús Ramírez,,78,12.1,47.2,0.024,miss,head,set-piece,sofascore
14288819,902051,Miguel Baeza,,74,12.8,62.0,0.1316,miss,left-foot,regular,sofascore
14288819,902051,Miguel Baeza,,72,11.7,59.1,0.0748,miss,right-foot,throw-in-set-piece,sofascore
14288819,902051,Miguel Baeza,,67,19.4,50.9,0.0351,goal,left-foot,assisted,sofascore
14288819,822510,Liziero,,59,16.6,49.1,0.0748,save,right-foot,assisted,sofascore
14288819,1112474,Ze Vitor,,57,26.5,45.4,0.0196,block,left-foot,regular,sofascore
14288819,822510,Liziero,,54,30.7,47.2,0.0123,miss,left-foot,assisted,sofascore
14288819,987597,Jesús Ramírez,,54,10.1,29.3,0.0198,block,left-foot,assisted,sofascore
14288819,1020610,Matheus Dias,,53,29.4,61.3,0.0141,miss,right-foot,assisted,sofascore
14288819,1115751,Luís Semedo,,51,4.3,55.2,0.1987,miss,left-foot,assisted,sofascore
14288819,905455,Alan,,50,14.1,73.7,0.0234,miss,right-foot,assisted,sofascore
14288819,1166006,Mateja Stjepanović,,50,3.8,58.3,0.0977,miss,head,corner,sofascore
14288819,905455,Alan,,49,8.6,68.3,0.0866,save,right-foot,assisted,sofascore
14288819,1115751,Luís Semedo,,45,13.0,55.6,0.4646,goal,right-foot,fast-break,sofascore
14288819,905455,Alan,,35,14.7,34.2,0.0272,block,left-foot,assisted,sofascore
14288819,912781,Paulinho Bóia,,29,23.2,36.0,0.0234,save,right-foot,assisted,sofascore
14288819,822509,Léo Santos,,23,8.6,41.3,0.0451,miss,right-foot,corner,sofascore
14288819,912781,Paulinho Bóia,,23,9.5,37.8,0.1333,block,right-foot,regular,sofascore
14288819,987597,Jesús Ramírez,,23,10.9,51.1,0.0558,block,head,assisted,sofascore
14288819,902051,Miguel Baeza,,13,13.0,64.3,0.0642,block,right-foot,regular,sofascore
14288819,1082948,Kiko Bondoso,,7,15.1,41.9,0.0753,miss,right-foot,regular,sofascore
16033937,1939199,Salvador Blopa,38396.0,90,6.6,43.4,,goal,other,corner,sofascore
16033937,861283,Cicero,38396.0,90,8.9,39.7,0.0241,miss,head,corner,sofascore
16033937,1136902,Makan Aïko,38396.0,90,11.5,50.0,0.7884,save,right-foot,penalty,sofascore
16033937,1133070,Tiago Manso,38396.0,89,9.3,44.5,0.2047,miss,right-foot,assisted,sofascore
16033937,929193,Maximiliano Araújo,3001.0,81,14.7,37.4,0.0718,block,right-foot,fast-break,sofascore
16033937,1068519,João Silva,3001.0,79,8.5,48.3,,goal,right-foot,regular,sofascore
16033937,1001140,Geny Catamo,3001.0,78,13.9,64.6,0.077,miss,left-foot,assisted,sofascore
16033937,830431,Francisco Trincão,3001.0,77,13.9,44.2,0.1247,block,left-foot,assisted,sofascore
16033937,1136902,Makan Aïko,38396.0,75,19.4,27.9,0.0441,miss,right-foot,free-kick,sofascore
16033937,895764,Pedro Gonçalves,3001.0,68,13.8,34.6,0.0481,miss,right-foot,assisted,sofascore
16033937,1939199,Salvador Blopa,3001.0,64,25.9,74.8,0.0172,miss,right-foot,regular,sofascore
16033937,914213,Luis Javier Suárez,3001.0,62,7.9,59.1,0.0636,goal,left-foot,assisted,sofascore
16033937,861979,Daniel Bragança,3001.0,60,8.8,53.6,0.1461,block,left-foot,fast-break,sofascore
16033937,914213,Luis Javier Suárez,3001.0,60,9.8,37.2,0.1293,block,right-foot,fast-break,sofascore
16033937,1001140,Geny Catamo,3001.0,59,2.4,52.3,0.7,miss,left-foot,assisted,sofascore
16033937,895764,Pedro Gonçalves,3001.0,56,15.6,31.6,0.0375,save,right-foot,regular,sofascore
16033937,879917,Maranhão,38396.0,54,11.6,68.5,0.0321,miss,right-foot,fast-break,sofascore
16033937,1133070,Tiago Manso,38396.0,50,17.9,35.4,0.0404,miss,left-foot,regular,sofascore
16033937,190147,Rony Lopes,38396.0,47,22.6,38.7,0.0309,miss,right-foot,assisted,sofascore
16033937,861979,Daniel Bragança,3001.0,40,14.5,43.8,0.0651,save,left-foot,regular,sofascore
16033937,914213,Luis Javier Suárez,3001.0,33,5.5,34.4,0.1385,miss,left-foot,assisted,sofascore
16033937,914213,Luis Javier Suárez,3001.0,32,9.5,65.6,0.1223,save,right-foot,assisted,sofascore
16033937,929193,Maximiliano Araújo,3001.0,21,10.2,32.3,0.0861,save,left-foot,assisted,sofascore
16033937,914213,Luis Javier Suárez,3001.0,13,10.3,65.7,0.0475,block,right-foot,assisted,sofascore
16033937,1001140,Geny Catamo,3001.0,6,14.2,74.4,0.0261,miss,left-foot,assisted,sofascore
16033937,190147,Rony Lopes,38396.0,1,16.0,34.9,0.0378,block,right-foot,assisted,sofascore
14288879,987597,Jesús Ramírez,3013.0,90,7.0,50.9,0.3594,miss,head,assisted,sofascore
14288879,822510,Liziero,3013.0,90,20.0,38.0,0.024,miss,left-foot,corner,sofascore
14288879,253837,Lucas João,3013.0,90,10.1,46.1,0.0637,miss,head,assisted,sofascore
14288879,987597,Jesús Ramírez,3013.0,89,10.2,48.4,0.071,miss,head,set-piece,sofascore
14288879,1112474,Ze Vitor,3013.0,86,27.7,41.0,0.0237,block,left-foot,regular,sofascore
14288879,253837,Lucas João,3013.0,86,10.3,49.1,0.1161,block,right-foot,assisted,sofascore
14288879,987597,Jesús Ramírez,3013.0,84,5.5,67.1,0.0848,save,right-foot,throw-in-set-piece,sofascore
14288879,1067648,Pedro Lima,483088.0,82,26.7,63.6,0.0264,save,left-foot,assisted,sofascore
14288879,1133063,Tunde Akinsola,483088.0,80,15.8,53.2,0.178,miss,left-foot,fast-break,sofascore
14288879,987597,Jesús Ramírez,3013.0,73,12.9,66.9,0.0475,miss,right-foot,assisted,sofascore
14288879,1067648,Pedro Lima,483088.0,65,15.9,32.2,0.0366,block,left-foot,regular,sofascore
14288879,1003071,Diego Duarte,483088.0,65,21.2,47.9,0.0563,block,left-foot,assisted,sofascore
14288879,1900362,Guilherme Neiva,483088.0,63,12.6,36.2,0.2411,goal,left-foot,fast-break,sofascore
14288879,912781,Paulinho Bóia,3013.0,60,16.4,31.1,0.0309,save,right-foot,assisted,sofascore
14288879,1900362,Guilherme Neiva,483088.0,60,20.4,73.7,0.0096,miss,left-foot,set-piece,sofascore
14288879,1900362,Guilherme Neiva,483088.0,57,19.2,46.5,0.1362,block,right-foot,free-kick,sofascore
14288879,1172052,Daniel Júnior,3013.0,54,24.8,64.1,0.0127,miss,left-foot,assisted,sofascore
14288879,1046440,Roni,483088.0,51,16.0,58.0,0.0447,miss,left-foot,corner,sofascore
14288879,1133063,Tunde Akinsola,483088.0,51,7.4,70.9,0.0578,block,left-foot,assisted,sofascore
14288879,1133063,Tunde Akinsola,483088.0,50,12.8,55.5,0.0807,miss,left-foot,throw-in-set-piece,sofascore
14288879,1067648,Pedro Lima,483088.0,48,21.1,69.7,0.0489,block,left-foot,free-kick,sofascore
14288879,344181,José Gomes,3013.0,45,14.6,43.0,0.0947,block,left-foot,set-piece,sofascore
14288879,987597,Jesús Ramírez,3013.0,40,8.2,45.5,0.0755,save,head,corner,sofascore
14288879,1900362,Guilherme Neiva,483088.0,38,6.4,34.4,0.0668,miss,right-foot,regular,sofascore
14288879,1172052,Daniel Júnior,3013.0,36,23.7,64.6,0.0158,block,left-foot,assisted,sofascore
14288879,1900362,Guilherme Neiva,483088.0,34,23.5,64.8,0.0325,miss,right-foot,assisted,sofascore
14288879,1046440,Roni,483088.0,33,18.5,42.4,0.0746,block,left-foot,assisted,sofascore
14288879,1176165,Paulo Vitor,483088.0,32,4.4,45.4,0.264,miss,head,corner,sofascore
14288879,1067648,Pedro Lima,483088.0,30,23.5,42.1,0.0465,block,left-foot,assisted,sofascore
14288879,1002819,Gabriel Veron,3013.0,28,11.9,63.4,0.0495,miss,right-foot,regular,sofascore
14288879,1002819,Gabriel Veron,3013.0,25,22.1,55.8,0.0158,block,right-foot,corner,sofascore
14288879,1112474,Ze Vitor,3013.0,25,8.8,52.8,0.0488,miss,head,corner,sofascore
14288879,987597,Jesús Ramírez,3013.0,25,11.9,46.4,0.1799,block,right-foot,assisted,sofascore
14288879,1011997,Chiheb Labidi,3013.0,25,17.9,63.4,0.0581,miss,left-foot,assisted,sofascore
14288879,1067648,Pedro Lima,483088.0,22,6.4,53.6,0.2021,goal,head,assisted,sofascore
14288879,344181,José Gomes,3013.0,15,6.1,50.1,0.1724,save,head,corner,sofascore
14288879,822509,Léo Santos,3013.0,15,10.9,47.9,0.0353,block,head,corner,sofascore
14288879,1172052,Daniel Júnior,3013.0,10,25.7,38.0,0.019,save,left-foot,assisted,sofascore
14288879,1133063,Tunde Akinsola,483088.0,10,19.6,69.9,0.0249,block,left-foot,assisted,sofascore
14288879,987597,Jesús Ramírez,3013.0,7,8.2,46.6,0.1314,miss,left-foot,assisted,sofascore
14288879,1067648,Pedro Lima,483088.0,7,22.3,26.0,0.0163,block,right-foot,throw-in-set-piece,sofascore
14288879,851030,Filipe Soares,3013.0,4,19.8,41.1,0.0248,goal,right-foot,corner,sofascore
14288880,1188685,Yan Maranhão,3014.0,90,13.2,64.6,0.0465,miss,right-foot,assisted,sofascore
14288880,931485,Maracás,3014.0,90,7.6,51.7,0.4839,goal,head,set-piece,sofascore
14288880,1210450,Tom Moustier,3035.0,90,10.7,71.4,0.0468,block,right-foot,regular,sofascore
14288880,910316,Ianis Stoica,3035.0,87,6.8,52.0,0.3745,miss,head,assisted,sofascore
14288880,1164070,Jorge Meireles,3035.0,85,19.6,69.0,0.0252,save,left-foot,throw-in-set-piece,sofascore
14288880,943595,Sydney van Hooijdonk,3035.0,83,12.6,54.8,0.0365,miss,head,assisted,sofascore
14288880,1164070,Jorge Meireles,3035.0,82,11.0,34.0,0.0979,block,right-foot,assisted,sofascore
14288880,1188685,Yan Maranhão,3014.0,78,7.0,66.7,0.0251,miss,right-foot,set-piece,sofascore
14288880,1115751,Luís Semedo,3014.0,73,11.4,63.0,0.0509,goal,left-foot,assisted,sofascore
14288880,1142578,Diogo Travassos,3014.0,58,24.9,34.9,0.017,save,right-foot,throw-in-set-piece,sofascore
14288880,1001848,Nile John,3014.0,47,20.9,68.5,0.0284,block,right-foot,assisted,sofascore
14288880,1130513,Fabiano Souza,3014.0,45,17.8,65.7,0.0272,block,right-foot,assisted,sofascore
14288880,905455,Alan,3014.0,45,11.5,50.0,0.7884,save,right-foot,penalty,sofascore
14288880,1142578,Diogo Travassos,3014.0,39,13.8,38.3,0.0763,block,right-foot,regular,sofascore
14288880,910316,Ianis Stoica,3035.0,36,11.5,50.0,0.7884,goal,right-foot,penalty,sofascore
14288880,801339,Rodrigo Pinho,3035.0,35,5.5,53.6,0.1809,block,head,corner,sofascore
14288880,801339,Rodrigo Pinho,3035.0,30,12.9,38.3,0.4514,miss,left-foot,fast-break,sofascore
14288880,1471229,Landerson,3014.0,20,19.4,29.5,0.016,block,right-foot,assisted,sofascore
14288880,1142254,Rodrigo Alonso,3014.0,18,25.1,38.5,0.024,miss,right-foot,assisted,sofascore
14288880,845802,Jovane Cabral,3035.0,13,11.5,50.0,0.7884,goal,right-foot,penalty,sofascore
14288880,1166006,Mateja Stjepanović,3014.0,9,13.5,44.0,0.1663,block,right-foot,assisted,sofascore
14288880,1166006,Mateja Stjepanović,3014.0,4,13.3,64.2,0.0193,miss,head,set-piece,sofascore
14288880,845802,Jovane Cabral,3035.0,2,22.9,61.7,0.0443,miss,right-foot,regular,sofascore
14288887,1066681,Elias Manoel,3011.0,90,1.1,47.1,0.9203,goal,right-foot,assisted,sofascore
14288887,1001753,Vinícius Lopes,3011.0,90,16.3,48.5,0.0508,block,right-foot,assisted,sofascore
14288887,1066681,Elias Manoel,3011.0,88,18.4,58.9,0.0457,miss,right-foot,assisted,sofascore
14288887,863637,Tiago Esgaio,25777.0,83,6.9,54.6,0.094,goal,head,corner,sofascore
14288887,1105857,Taichi Fukui,25777.0,74,25.4,62.6,0.0305,save,right-foot,assisted,sofascore
14288887,2155276,José Tavares,3011.0,65,9.5,59.5,0.0723,save,right-foot,assisted,sofascore
14288887,1126965,Espen Van Ee,25777.0,64,25.7,35.4,0.0177,miss,right-foot,assisted,sofascore
14288887,1046794,Gabriel Silva,3011.0,61,8.5,52.1,0.0657,miss,head,corner,sofascore
14288887,2155276,José Tavares,3011.0,60,16.8,50.6,0.0616,save,left-foot,corner,sofascore
14288887,1162051,Gustavo Klismahn,3011.0,59,10.1,47.7,0.116,block,left-foot,assisted,sofascore
14288887,892083,Diogo Calila,3011.0,59,24.0,60.9,0.0321,block,right-foot,throw-in-set-piece,sofascore
14288887,1126965,Espen Van Ee,25777.0,57,24.0,59.5,0.0189,save,right-foot,assisted,sofascore
14288887,2155276,José Tavares,3011.0,56,10.5,31.5,0.0338,miss,left-foot,fast-break,sofascore
14288887,913728,Ivan Barbero,25777.0,52,25.7,47.4,0.0446,miss,right-foot,assisted,sofascore
14288887,955133,Naïs Djouahra,25777.0,31,22.6,67.5,0.0628,block,right-foot,free-kick,sofascore
14288887,138890,Gonçalo Paciência,3011.0,23,27.1,32.7,0.0191,miss,right-foot,assisted,sofascore
14288887,1126965,Espen Van Ee,25777.0,18,19.1,68.1,0.0251,save,left-foot,assisted,sofascore
14288887,1046794,Gabriel Silva,3011.0,10,3.4,45.3,0.1914,goal,head,corner,sofascore
14288887,1191120,Hyun-ju Lee,25777.0,8,2.0,48.3,0.5341,goal,right-foot,assisted,sofascore
14288887,863637,Tiago Esgaio,25777.0,8,7.3,59.3,0.1327,miss,right-foot,assisted,sofascore
14288883,991924,Rodrigo Pinheiro,49531.0,90,24.6,65.0,0.0203,post,right-foot,assisted,sofascore
14288883,1195796,Romeo Beney,49531.0,90,18.2,77.1,0.0177,block,left-foot,assisted,sofascore
14288883,1105595,Sorriso,49531.0,90,7.9,47.7,0.1393,miss,head,assisted,sofascore
14288883,1015292,Richard Ríos,3006.0,90,3.1,66.7,0.0237,miss,right-foot,throw-in-set-piece,sofascore
14288883,1511656,Mathias De Amorim,49531.0,90,15.4,65.4,0.0469,miss,left-foot,assisted,sofascore
14288883,252577,Rafa Silva,3006.0,87,21.8,53.4,0.0192,block,right-foot,corner,sofascore
14288883,2194737,Umar Abubakar,49531.0,78,3.0,48.7,0.3693,goal,right-foot,corner,sofascore
14288883,836676,Tom Van De Looi,49531.0,78,27.2,30.3,0.0173,block,right-foot,assisted,sofascore
14288883,977676,Léo Realpe,49531.0,70,10.2,49.7,0.0362,save,head,corner,sofascore
14288883,1049526,Simon Elisor,49531.0,69,11.6,42.3,0.0239,block,head,assisted,sofascore
14288883,1511656,Mathias De Amorim,49531.0,67,10.1,29.9,0.0344,goal,right-foot,assisted,sofascore
14288883,991924,Rodrigo Pinheiro,49531.0,61,11.0,55.7,0.0453,save,head,assisted,sofascore
14288883,1563665,Gustavo Sá,49531.0,58,4.3,52.6,0.4274,miss,head,assisted,sofascore
14288883,1103333,Franjo Ivanović,3006.0,45,10.9,27.7,0.0313,miss,right-foot,assisted,sofascore
14288883,583838,Gil Dias,49531.0,41,21.9,72.8,0.0158,save,left-foot,corner,sofascore
14288883,1563665,Gustavo Sá,49531.0,37,2.7,54.0,0.2822,miss,left-foot,corner,sofascore
14288883,1105595,Sorriso,49531.0,37,5.4,40.7,0.0496,miss,head,corner,sofascore
14288883,1100952,Andreas Schjelderup,3006.0,31,4.9,33.7,0.085,block,right-foot,assisted,sofascore
14288883,583838,Gil Dias,49531.0,25,5.4,65.8,0.0567,miss,right-foot,assisted,sofascore
14288883,1015292,Richard Ríos,3006.0,22,8.0,49.1,0.0871,miss,head,corner,sofascore
14288883,1103333,Franjo Ivanović,3006.0,21,10.1,62.8,0.1195,save,right-foot,fast-break,sofascore
14288883,1015292,Richard Ríos,3006.0,19,14.4,46.8,0.1369,goal,right-foot,assisted,sofascore
14288883,1100952,Andreas Schjelderup,3006.0,12,11.5,50.0,0.7884,goal,right-foot,penalty,sofascore
14288881,125625,Sergi Gómez,190328.0,90,7.4,55.2,0.2355,save,right-foot,set-piece,sofascore
14288881,904849,Nabil Touaizi,190328.0,84,7.6,74.7,0.0174,save,right-foot,assisted,sofascore
14288881,992567,Borja Sainz,3002.0,73,8.6,45.9,0.2025,save,head,fast-break,sofascore
14288881,1105790,Figueiredo,190328.0,68,24.0,48.3,0.0237,block,right-foot,corner,sofascore
14288881,1105790,Figueiredo,190328.0,67,12.0,34.6,0.0409,save,right-foot,assisted,sofascore
14288881,1407720,Deniz Gül,3002.0,61,19.7,41.9,0.0348,save,right-foot,assisted,sofascore
14288881,1407720,Deniz Gül,3002.0,59,13.9,62.8,0.0406,block,right-foot,assisted,sofascore
14288881,344023,Sandro Lima,190328.0,53,31.3,62.8,0.0379,miss,right-foot,regular,sofascore
14288881,344023,Sandro Lima,190328.0,46,21.5,45.2,0.0495,miss,left-foot,assisted,sofascore
14288881,1105790,Figueiredo,190328.0,45,29.3,51.5,0.0212,save,right-foot,assisted,sofascore
14288881,1548929,Oskar Pietuszewski,3002.0,44,5.8,29.7,0.0366,save,left-foot,assisted,sofascore
14288881,286085,Jan Bednarek,3002.0,40,10.6,48.8,0.0315,goal,head,corner,sofascore
14288881,882664,Pepê,3002.0,36,24.1,64.0,0.0352,block,right-foot,assisted,sofascore
14288881,904849,Nabil Touaizi,190328.0,34,9.4,53.6,0.1079,miss,head,set-piece,sofascore
14288881,344023,Sandro Lima,190328.0,26,7.4,47.7,0.1178,miss,head,regular,sofascore
14288881,1406639,Victor Froholdt,3002.0,24,15.1,58.9,0.058,block,right-foot,corner,sofascore
14288881,1010505,Gabri Veiga,3002.0,22,10.4,73.9,0.0247,block,right-foot,assisted,sofascore
14288881,882664,Pepê,3002.0,20,4.8,67.3,0.0227,block,right-foot,assisted,sofascore
14288881,1160957,Alberto Costa,3002.0,14,25.3,57.0,0.0321,block,left-foot,set-piece,sofascore
14288881,987510,Zaidu Sanusi,3002.0,11,11.9,40.8,0.0731,block,left-foot,regular,sofascore
14288881,804472,Pablo Rosario,3002.0,9,12.0,53.8,0.0229,miss,head,set-piece,sofascore
14288881,1015826,Chiquinho,190328.0,7,25.9,53.2,0.031,save,right-foot,fast-break,sofascore
14288881,1160957,Alberto Costa,3002.0,3,12.9,67.7,0.0316,miss,right-foot,assisted,sofascore
14288885,1146013,Hugo Félix,38396.0,90,12.8,40.7,0.2753,miss,left-foot,fast-break,sofascore
14288885,826054,Jérémy Livolant,36365.0,90,14.5,36.5,0.0343,block,right-foot,assisted,sofascore
14288885,1155358,Dailon Rocha Livramento,36365.0,90,8.5,48.9,0.2465,save,right-foot,assisted,sofascore
14288885,1136902,Makan Aïko,38396.0,90,13.4,39.0,0.0421,save,head,assisted,sofascore
14288885,1136902,Makan Aïko,38396.0,89,13.9,49.1,0.1457,miss,right-foot,assisted,sofascore
14288885,190147,Rony Lopes,38396.0,84,55.5,27.2,0.0119,save,left-foot,fast-break,sofascore
14288885,826054,Jérémy Livolant,36365.0,83,16.7,15.4,0.0397,save,right-foot,free-kick,sofascore
14288885,865335,Bebeto,38396.0,68,11.5,50.0,0.7884,goal,right-foot,penalty,sofascore
14288885,1133070,Tiago Manso,38396.0,56,23.1,63.6,0.026,save,left-foot,regular,sofascore
14288885,1146013,Hugo Félix,38396.0,48,24.7,24.6,0.0312,save,right-foot,free-kick,sofascore
14288885,879917,Maranhão,38396.0,17,26.5,49.3,0.0136,miss,right-foot,regular,sofascore
14288885,1015932,David Sousa,36365.0,9,8.5,47.2,0.0578,save,head,corner,sofascore
14288888,929894,Alejandro Marqués,4500.0,90,24.7,62.8,0.0306,block,right-foot,assisted,sofascore
14288888,1120679,André Lacximicant,4500.0,90,14.5,29.3,0.0309,miss,left-foot,assisted,sofascore
14288888,1031567,Pau Víctor,2999.0,89,9.8,65.6,0.0206,block,right-foot,corner,sofascore
14288888,1485309,Gabriel Moscardo,2999.0,87,10.8,40.9,0.0317,save,head,corner,sofascore
14288888,1513647,Peixinho,4500.0,82,12.6,64.6,0.062,block,left-foot,fast-break,sofascore
14288888,930246,Yanis Begraoui,4500.0,79,7.3,60.7,0.2278,goal,right-foot,assisted,sofascore
14288888,914772,Fran Navarro,2999.0,77,10.2,30.7,0.0522,miss,left-foot,assisted,sofascore
14288888,1087354,Gonçalo Costa,4500.0,76,10.9,36.2,0.1376,save,left-foot,fast-break,sofascore
14288888,887754,Vítor Carvalho,2999.0,73,10.9,39.2,0.0239,miss,head,corner,sofascore
14288888,1031567,Pau Víctor,2999.0,68,9.2,68.3,0.0578,save,right-foot,assisted,sofascore
14288888,1485309,Gabriel Moscardo,2999.0,62,23.8,44.2,0.0202,block,right-foot,regular,sofascore
14288888,1031567,Pau Víctor,2999.0,57,20.3,35.9,0.0216,block,right-foot,regular,sofascore
14288888,920684,Jordan Holsgrove,4500.0,39,24.0,69.6,0.0408,post,left-foot,free-kick,sofascore
14288888,920684,Jordan Holsgrove,4500.0,26,24.1,63.0,0.055,miss,left-foot,free-kick,sofascore
14288888,1396015,Mario Dorgeles,2999.0,23,13.9,43.9,0.1319,goal,left-foot,assisted,sofascore
14288888,986726,Ricard Sánchez,4500.0,19,9.5,54.6,0.4029,save,right-foot,assisted,sofascore
14288888,1485309,Gabriel Moscardo,2999.0,16,13.3,47.9,0.0121,block,head,corner,sofascore
14288888,966575,Rodrigo Zalazar,2999.0,10,22.9,23.3,0.0318,miss,right-foot,free-kick,sofascore
14288888,920684,Jordan Holsgrove,4500.0,6,21.8,67.5,0.0101,save,left-foot,corner,sofascore
14288888,858705,Xeka,4500.0,5,23.5,37.0,0.0615,block,right-foot,free-kick,sofascore
14288882,949449,Sergio Bermejo,3010.0,90,18.8,68.5,0.0302,miss,left-foot,assisted,sofascore
14288882,1393242,Tamás Nikitscher,3036.0,90,15.1,67.5,0.0274,miss,right-foot,set-piece,sofascore
14288882,1173124,João Tomé,3036.0,90,11.0,50.5,0.0403,block,head,set-piece,sofascore
14288882,611880,Murilo,3010.0,86,20.3,66.5,0.0288,miss,left-foot,regular,sofascore
14288882,1799336,Agustín Moreira,3010.0,85,11.3,27.2,0.0549,miss,left-foot,assisted,sofascore
14288882,831781,Ghislain Konan,3010.0,84,19.7,30.7,0.0352,miss,left-foot,regular,sofascore
14288882,1176881,Diogo Bezerra,3036.0,81,16.9,43.0,0.0505,block,right-foot,assisted,sofascore
14288882,1799336,Agustín Moreira,3010.0,78,12.2,35.8,0.0748,block,left-foot,fast-break,sofascore
14288882,1499082,Jalen Blesa,3036.0,61,9.7,43.0,0.0223,save,head,corner,sofascore
14288882,1499082,Jalen Blesa,3036.0,60,7.6,53.4,0.2421,save,head,assisted,sofascore
14288882,1467139,Francisco Petrasso,3036.0,55,9.9,36.6,0.0211,block,right-foot,corner,sofascore
14288882,1176881,Diogo Bezerra,3036.0,54,9.2,57.3,0.0595,block,right-foot,regular,sofascore
14288882,611880,Murilo,3010.0,52,4.0,60.9,0.0511,block,head,assisted,sofascore
14288882,1083277,Martin Fernández,3010.0,39,8.6,63.2,0.0207,miss,head,corner,sofascore
14288882,1094384,Tamblé Monteiro,3036.0,37,15.4,39.5,0.04,block,right-foot,assisted,sofascore
14288882,1094384,Tamblé Monteiro,3036.0,36,20.1,55.4,0.0676,miss,right-foot,fast-break,sofascore
14288882,826024,Dario Špikić,3036.0,33,9.7,38.9,0.1026,miss,right-foot,assisted,sofascore
14288882,1176881,Diogo Bezerra,3036.0,31,12.3,54.3,0.0623,block,left-foot,assisted,sofascore
14288882,826024,Dario Špikić,3036.0,31,23.5,27.8,0.0164,block,right-foot,assisted,sofascore
14288882,1138915,Zé Carlos,3010.0,30,21.5,39.9,0.0488,miss,right-foot,throw-in-set-piece,sofascore
14288882,1097527,Luís Esteves,3010.0,27,20.6,34.8,0.0469,save,right-foot,assisted,sofascore
14288882,2034540,Gustavo Mancha,3036.0,26,3.9,47.2,0.5453,miss,left-foot,corner,sofascore
14288882,1176881,Diogo Bezerra,3036.0,21,8.8,66.7,0.0417,block,right-foot,assisted,sofascore
14288882,1084746,Santi García,3010.0,20,6.5,49.0,0.1617,block,head,assisted,sofascore
14288882,1094384,Tamblé Monteiro,3036.0,18,8.3,55.3,0.0481,miss,head,corner,sofascore
14288882,611880,Murilo,3010.0,16,20.1,48.9,0.0186,miss,left-foot,corner,sofascore
14288882,611880,Murilo,3010.0,14,22.8,65.2,0.0321,miss,left-foot,assisted,sofascore
14288882,1499082,Jalen Blesa,3036.0,12,2.9,57.9,0.2248,miss,right-foot,assisted,sofascore
14288882,1176881,Diogo Bezerra,3036.0,11,14.2,31.9,0.0339,block,right-foot,fast-break,sofascore
14288882,611880,Murilo,3010.0,10,5.7,74.6,0.1001,save,left-foot,regular,sofascore
14288882,826024,Dario Špikić,3036.0,9,12.2,33.6,0.0353,block,left-foot,assisted,sofascore
14288884,1488511,Tony Strata,3009.0,90,22.3,56.4,0.0289,save,left-foot,assisted,sofascore
14288884,914213,Luis Javier Suárez,3001.0,90,3.9,55.1,0.1979,miss,head,assisted,sofascore
14288884,1488511,Tony Strata,3009.0,88,27.4,57.4,0.0274,save,right-foot,assisted,sofascore
14288884,352882,Nuno Santos,3001.0,87,21.4,37.6,0.0256,save,left-foot,set-piece,sofascore
14288884,1035280,Telmo Arcanjo,3009.0,86,25.4,69.3,0.0213,block,left-foot,assisted,sofascore
14288884,1126512,Zeno Debast,3009.0,85,16.0,43.9,,goal,left-foot,regular,sofascore
14288884,914213,Luis Javier Suárez,3001.0,81,8.6,53.1,0.2222,save,right-foot,regular,sofascore
14288884,1016893,Luís Guilherme,3001.0,74,14.4,53.2,0.587,goal,left-foot,assisted,sofascore
14288884,1001140,Geny Catamo,3001.0,65,19.7,68.7,0.0231,block,left-foot,corner,sofascore
14288884,914213,Luis Javier Suárez,3001.0,61,13.9,45.5,0.4399,goal,right-foot,assisted,sofascore
14288884,895764,Pedro Gonçalves,3001.0,58,25.9,55.8,0.0594,save,right-foot,free-kick,sofascore
14288884,1161004,Gonçalo Nogueira,3009.0,56,8.1,41.6,0.0977,miss,left-foot,assisted,sofascore
14288884,1468082,Gustavo Silva,3009.0,51,43.0,30.6,0.0242,miss,right-foot,regular,sofascore
14288884,929193,Maximiliano Araújo,3001.0,45,12.2,47.5,0.6564,goal,right-foot,assisted,sofascore
14288884,1133568,João Mendes,3009.0,45,21.2,30.5,0.0161,miss,left-foot,regular,sofascore
14288884,914213,Luis Javier Suárez,3001.0,42,14.7,53.1,0.2608,miss,right-foot,assisted,sofascore
14288884,2140143,Miguel Nogueira,3009.0,42,14.7,76.1,0.0236,save,left-foot,assisted,sofascore
14288884,1468082,Gustavo Silva,3009.0,39,14.6,61.3,0.0681,block,right-foot,assisted,sofascore
14288884,2140143,Miguel Nogueira,3009.0,36,20.7,68.5,0.0348,block,left-foot,assisted,sofascore
14288884,785808,Samu,3009.0,36,7.3,44.3,0.1259,save,left-foot,regular,sofascore
14288884,895764,Pedro Gonçalves,3001.0,34,24.1,33.2,0.0187,save,right-foot,assisted,sofascore
14288884,830431,Francisco Trincão,3001.0,33,8.3,34.4,0.3705,miss,left-foot,assisted,sofascore
14288884,861979,Daniel Bragança,3001.0,32,6.4,42.4,0.5666,save,left-foot,assisted,sofascore
14288884,1468082,Gustavo Silva,3009.0,31,7.2,54.8,0.0809,miss,head,corner,sofascore
14288884,861979,Daniel Bragança,3001.0,23,13.3,47.6,0.6025,goal,left-foot,assisted,sofascore
14288884,1001196,Gonçalo Inácio,3001.0,9,4.4,51.0,0.5354,goal,head,set-piece,sofascore
14288884,1133568,João Mendes,3009.0,3,25.1,24.4,0.0178,miss,left-foot,assisted,sofascore
14288884,1434543,Diogo Sousa,3009.0,2,18.4,73.6,0.0397,save,left-foot,assisted,sofascore
14288892,33541,Thiago Silva,3002.0,87,26.6,54.9,0.0289,miss,right-foot,assisted,sofascore
14288892,1639250,William Gomes,3002.0,87,12.6,63.9,0.1137,block,left-foot,regular,sofascore
14288892,1010505,Gabri Veiga,3002.0,85,17.6,43.5,0.0597,miss,right-foot,regular,sofascore
14288892,1548929,Oskar Pietuszewski,3002.0,85,12.7,35.1,0.0642,block,right-foot,assisted,sofascore
14288892,1160957,Alberto Costa,3002.0,82,9.4,45.2,0.1377,block,right-foot,assisted,sofascore
14288892,129617,Aderllan Santos,483088.0,80,7.9,51.6,0.1208,goal,head,set-piece,sofascore
14288892,1003071,Diego Duarte,483088.0,77,8.5,51.1,0.0843,save,head,set-piece,sofascore
14288892,1160957,Alberto Costa,3002.0,67,8.2,66.3,0.0747,block,right-foot,assisted,sofascore
14288892,1160957,Alberto Costa,3002.0,64,7.9,55.8,0.1929,save,head,assisted,sofascore
14288892,1407720,Deniz Gül,3002.0,63,3.0,53.4,0.6355,save,head,assisted,sofascore
14288892,1410240,Rodrigo Mora,3002.0,62,11.5,51.9,0.0334,save,head,assisted,sofascore
14288892,1046440,Roni,483088.0,58,27.1,55.0,0.0187,goal,right-foot,assisted,sofascore
14288892,1407720,Deniz Gül,3002.0,53,1.6,50.0,0.9817,goal,head,assisted,sofascore
14288892,1410240,Rodrigo Mora,3002.0,51,3.2,63.7,0.0641,miss,right-foot,regular,sofascore
14288892,992567,Borja Sainz,3002.0,45,14.7,41.6,0.132,miss,right-foot,assisted,sofascore
14288892,1067648,Pedro Lima,483088.0,44,5.4,52.3,0.1775,miss,head,corner,sofascore
14288892,1067648,Pedro Lima,483088.0,43,27.8,32.3,0.0257,block,left-foot,fast-break,sofascore
14288892,1410240,Rodrigo Mora,3002.0,39,15.7,49.3,0.0586,block,right-foot,assisted,sofascore
14288892,1146484,Dominik Prpić,3002.0,39,27.2,60.5,0.027,block,left-foot,assisted,sofascore
14288892,191188,Seko Fofana,3002.0,36,14.7,54.2,0.1656,block,right-foot,regular,sofascore
14288892,1003071,Diego Duarte,483088.0,36,2.7,64.6,0.0221,miss,head,assisted,sofascore
14288892,1046440,Roni,483088.0,23,17.6,45.4,0.0423,block,right-foot,corner,sofascore
14288892,1176165,Paulo Vitor,483088.0,23,2.1,53.6,0.3129,save,head,corner,sofascore
14288892,1410240,Rodrigo Mora,3002.0,20,14.1,32.3,0.0431,miss,right-foot,corner,sofascore
14288892,1407720,Deniz Gül,3002.0,18,16.7,47.7,0.0508,block,left-foot,assisted,sofascore
14288892,191188,Seko Fofana,3002.0,9,10.9,63.4,0.0928,block,right-foot,assisted,sofascore
14288892,1066560,Alan Varela,3002.0,8,22.0,40.7,0.078,block,left-foot,regular,sofascore
14288892,992567,Borja Sainz,3002.0,4,4.6,38.3,0.1602,miss,left-foot,assisted,sofascore
14288895,1511977,Pedro Carvalho,4500.0,90,24.4,61.6,0.0127,miss,left-foot,set-piece,sofascore
14288895,1405454,Cédric Nuozzi,190328.0,90,9.2,74.0,0.0247,miss,right-foot,assisted,sofascore
14288895,1087354,Gonçalo Costa,4500.0,84,31.9,37.6,0.0117,save,left-foot,assisted,sofascore
14288895,1167068,Kaiky Naves,190328.0,79,4.8,50.7,0.2003,miss,head,corner,sofascore
14288895,1063375,Vasco Moreira,190328.0,77,18.3,46.9,0.0255,block,right-foot,corner,sofascore
14288895,826210,Rafik Guitane,4500.0,72,22.2,63.4,0.0276,miss,left-foot,regular,sofascore
14288895,1120679,André Lacximicant,4500.0,47,13.9,45.6,0.4663,goal,left-foot,assisted,sofascore
14288895,930246,Yanis Begraoui,4500.0,45,3.3,58.3,0.151,post,right-foot,assisted,sofascore
14288895,826210,Rafik Guitane,4500.0,45,13.9,61.7,0.0445,miss,right-foot,regular,sofascore
14288895,344023,Sandro Lima,190328.0,45,25.4,44.0,0.04,miss,left-foot,assisted,sofascore
14288895,904849,Nabil Touaizi,190328.0,43,13.8,56.8,0.1274,miss,right-foot,regular,sofascore
14288895,994532,Antef Tsoungui,4500.0,39,20.9,37.6,0.0378,miss,left-foot,assisted,sofascore
14288895,920684,Jordan Holsgrove,4500.0,35,28.8,73.2,0.0146,block,left-foot,assisted,sofascore
14288895,2033832,Davy Gui,190328.0,27,22.3,50.1,0.0274,block,right-foot,assisted,sofascore
14288895,986726,Ricard Sánchez,4500.0,22,20.4,69.3,0.0105,miss,right-foot,corner,sofascore
14288895,920684,Jordan Holsgrove,4500.0,19,15.8,63.4,0.0293,miss,left-foot,assisted,sofascore
14288895,548044,João Carvalho,4500.0,19,8.6,32.5,0.0599,save,right-foot,regular,sofascore
14288895,1105790,Figueiredo,190328.0,12,5.0,43.7,0.6361,goal,left-foot,assisted,sofascore
14288895,992024,Rhaldney,190328.0,10,9.1,35.9,0.0696,block,left-foot,assisted,sofascore
14288891,1471229,Landerson,3014.0,90,4.8,30.3,0.0384,miss,right-foot,assisted,sofascore
14288891,879917,Maranhão,38396.0,86,23.3,71.4,0.0332,miss,right-foot,fast-break,sofascore
14288891,1001848,Nile John,3014.0,76,26.4,61.3,0.0226,miss,right-foot,assisted,sofascore
14288891,1471229,Landerson,3014.0,74,5.8,30.1,0.0158,miss,head,assisted,sofascore
14288891,190147,Rony Lopes,38396.0,69,22.8,66.7,0.0147,block,left-foot,regular,sofascore
14288891,910033,Cedric Teguia,3014.0,65,20.3,37.7,0.1033,miss,left-foot,free-kick,sofascore
14288891,190147,Rony Lopes,38396.0,60,7.4,61.7,0.4203,goal,left-foot,fast-break,sofascore
14288891,1001848,Nile John,3014.0,57,23.1,37.0,0.0188,block,left-foot,regular,sofascore
14288891,1115751,Luís Semedo,3014.0,53,27.0,41.2,0.0193,miss,left-foot,assisted,sofascore
14288891,1136902,Makan Aïko,38396.0,51,8.8,53.5,0.1221,save,right-foot,assisted,sofascore
14288891,879917,Maranhão,38396.0,47,19.2,63.9,0.0192,miss,right-foot,corner,sofascore
14288891,1142578,Diogo Travassos,3014.0,45,27.6,43.7,0.0149,miss,left-foot,assisted,sofascore
14288891,190147,Rony Lopes,38396.0,44,22.0,35.7,0.025,post,left-foot,assisted,sofascore
14288891,190147,Rony Lopes,38396.0,38,15.1,57.7,0.0481,block,left-foot,regular,sofascore
14288891,1146013,Hugo Félix,38396.0,38,11.8,48.1,0.0854,block,right-foot,assisted,sofascore
14288891,190147,Rony Lopes,38396.0,37,8.7,66.6,0.0732,miss,right-foot,regular,sofascore
14288891,879917,Maranhão,38396.0,37,4.8,56.7,0.1583,post,right-foot,assisted,sofascore
14288891,1395583,Kiko,3014.0,35,12.7,45.5,0.0146,save,head,corner,sofascore
14288891,905455,Alan,3014.0,22,15.2,29.6,0.031,block,left-foot,assisted,sofascore
14288891,1136902,Makan Aïko,38396.0,21,20.5,31.9,0.0343,block,right-foot,fast-break,sofascore
14288891,1136902,Makan Aïko,38396.0,18,3.9,49.6,0.3274,goal,right-foot,assisted,sofascore
14288891,1133070,Tiago Manso,38396.0,18,9.6,29.8,0.0223,block,right-foot,regular,sofascore
14288891,1001848,Nile John,3014.0,14,23.8,29.5,0.0164,save,right-foot,assisted,sofascore
14288891,861283,Cicero,38396.0,8,27.3,47.2,0.0197,miss,right-foot,assisted,sofascore
14288897,892083,Diogo Calila,3011.0,90,6.9,59.8,0.0669,miss,right-foot,regular,sofascore
14288897,1066681,Elias Manoel,3011.0,90,7.0,49.6,0.7949,goal,right-foot,fast-break,sofascore
14288897,987597,Jesús Ramírez,3013.0,90,15.8,68.5,0.0193,block,left-foot,assisted,sofascore
14288897,344181,José Gomes,3013.0,90,10.7,41.1,0.1536,miss,right-foot,assisted,sofascore
14288897,1002819,Gabriel Veron,3013.0,83,18.9,68.0,0.0316,miss,left-foot,assisted,sofascore
14288897,1001753,Vinícius Lopes,3011.0,83,23.9,37.2,0.0351,miss,right-foot,regular,sofascore
14288897,1046794,Gabriel Silva,3011.0,60,20.8,57.3,0.0543,miss,right-foot,assisted,sofascore
14288897,822509,Léo Santos,3013.0,59,9.8,53.4,0.0364,miss,head,corner,sofascore
14288897,987597,Jesús Ramírez,3013.0,58,19.2,48.5,0.0374,block,right-foot,assisted,sofascore
14288897,1066681,Elias Manoel,3011.0,57,26.9,50.5,0.0195,block,right-foot,assisted,sofascore
14288897,851030,Filipe Soares,3013.0,45,13.5,42.1,0.1437,block,right-foot,throw-in-set-piece,sofascore
14288897,1172052,Daniel Júnior,3013.0,45,27.1,54.4,0.0193,miss,left-foot,assisted,sofascore
14288897,1515290,Andrey,3011.0,40,19.2,52.0,0.0671,miss,left-foot,fast-break,sofascore
14288897,1066681,Elias Manoel,3011.0,40,10.5,45.0,0.2184,block,right-foot,fast-break,sofascore
14288897,1046794,Gabriel Silva,3011.0,38,12.8,31.3,0.0226,block,right-foot,assisted,sofascore
14288897,786269,Witiness Quembo,3013.0,37,11.4,40.1,0.2047,miss,left-foot,assisted,sofascore
14288897,987597,Jesús Ramírez,3013.0,34,7.3,50.5,0.1172,miss,head,set-piece,sofascore
14288897,989385,Welinton Torrao,3011.0,30,13.5,69.3,0.0638,miss,right-foot,regular,sofascore
14288897,786269,Witiness Quembo,3011.0,27,6.4,46.2,,goal,head,corner,sofascore
14288897,838502,Pedro Pacheco,3011.0,27,6.4,45.0,0.09,miss,head,corner,sofascore
14288897,786269,Witiness Quembo,3013.0,25,11.0,66.3,0.0866,miss,right-foot,fast-break,sofascore
14288897,138890,Gonçalo Paciência,3011.0,14,9.3,55.3,0.0823,miss,head,assisted,sofascore
14288897,138890,Gonçalo Paciência,3011.0,12,9.0,23.2,0.0201,miss,left-foot,assisted,sofascore
14288897,987597,Jesús Ramírez,3013.0,11,19.3,46.7,0.0371,save,left-foot,assisted,sofascore
14288897,786269,Witiness Quembo,3013.0,7,21.3,35.8,0.0296,miss,left-foot,regular,sofascore
14288890,1083277,Martin Fernández,3010.0,90,15.3,36.0,0.0521,miss,left-foot,corner,sofascore
14288890,1114164,Marvin Elimbi Gilbert,3010.0,90,4.6,59.3,0.0658,block,head,corner,sofascore
14288890,1510444,Dylan Nandín,25777.0,90,10.1,22.7,0.0121,block,right-foot,regular,sofascore
14288890,1014254,Carlos Eduardo,3010.0,87,7.6,40.3,0.0391,miss,head,assisted,sofascore
14288890,352448,Héctor Hernández,3010.0,84,7.6,49.2,0.1137,save,head,assisted,sofascore
14288890,1105857,Taichi Fukui,25777.0,82,24.4,40.9,0.0434,goal,right-foot,assisted,sofascore
14288890,611880,Murilo,3010.0,80,21.6,62.2,0.0331,save,left-foot,assisted,sofascore
14288890,611880,Murilo,3010.0,78,4.5,60.1,0.0619,save,head,assisted,sofascore
14288890,943713,Javi Sánchez,25777.0,73,8.5,53.2,0.0648,miss,head,corner,sofascore
14288890,973517,Alfonso Trezza,25777.0,73,12.5,70.3,0.0486,save,right-foot,assisted,sofascore
14288890,611880,Murilo,3010.0,70,21.6,61.2,0.0766,post,left-foot,free-kick,sofascore
14288890,913728,Ivan Barbero,25777.0,67,11.1,61.1,0.4169,goal,right-foot,assisted,sofascore
14288890,1097527,Luís Esteves,3010.0,63,18.4,35.4,0.0545,goal,right-foot,assisted,sofascore
14288890,339879,Bas Kuipers,25777.0,61,4.6,52.4,0.4527,goal,head,throw-in-set-piece,sofascore
14288890,1032547,Joelson Fernandes,3010.0,53,15.6,19.3,0.0166,block,right-foot,assisted,sofascore
14288890,973517,Alfonso Trezza,25777.0,52,23.9,72.3,0.0241,miss,right-foot,assisted,sofascore
14288890,1146305,Gustavo Varela,3010.0,48,11.9,63.6,0.0452,save,right-foot,assisted,sofascore
14288890,989837,Facundo Cáseres,3010.0,47,12.5,55.1,0.0485,block,left-foot,corner,sofascore
14288890,1114164,Marvin Elimbi Gilbert,3010.0,47,6.4,66.4,0.0148,block,head,corner,sofascore
14288890,1097527,Luís Esteves,3010.0,39,11.4,41.3,0.0809,block,right-foot,assisted,sofascore
14288890,913728,Ivan Barbero,25777.0,36,11.6,45.8,0.0637,save,head,assisted,sofascore
14288890,955133,Naïs Djouahra,25777.0,34,24.0,55.4,0.0304,miss,right-foot,assisted,sofascore
14288890,973517,Alfonso Trezza,25777.0,24,13.7,66.8,0.0278,miss,right-foot,assisted,sofascore
14288890,973517,Alfonso Trezza,25777.0,18,22.0,60.3,0.0171,block,right-foot,corner,sofascore
14288890,913728,Ivan Barbero,25777.0,12,17.6,49.5,0.0508,save,right-foot,assisted,sofascore
14288890,339879,Bas Kuipers,25777.0,12,19.1,32.1,0.064,block,left-foot,assisted,sofascore
14288890,831781,Ghislain Konan,3010.0,8,27.9,47.2,0.0231,miss,left-foot,corner,sofascore
14288890,611880,Murilo,3010.0,1,11.3,58.5,0.0482,miss,head,assisted,sofascore
14288893,2194737,Umar Abubakar,49531.0,90,1.8,50.7,0.9829,miss,right-foot,corner,sofascore
14288893,876255,Justin De Haas,49531.0,90,7.9,47.7,0.2208,block,right-foot,regular,sofascore
14288893,1158547,Leandro Antonetti,3035.0,77,4.8,32.1,0.1148,miss,left-foot,fast-break,sofascore
14288893,1105595,Sorriso,49531.0,75,22.3,24.2,0.0071,miss,right-foot,corner,sofascore
14288893,583838,Gil Dias,49531.0,64,17.3,64.4,0.0472,miss,left-foot,assisted,sofascore
14288893,1511656,Mathias De Amorim,49531.0,63,15.5,45.3,0.1031,save,right-foot,assisted,sofascore
14288893,1563665,Gustavo Sá,49531.0,56,6.5,65.8,0.0873,miss,head,corner,sofascore
14288893,876255,Justin De Haas,49531.0,51,28.9,58.0,0.0338,save,left-foot,free-kick,sofascore
14288893,910316,Ianis Stoica,3035.0,49,14.6,27.9,0.0242,save,left-foot,fast-break,sofascore
14288893,801339,Rodrigo Pinho,3035.0,45,8.1,50.9,0.0943,block,head,assisted,sofascore
14288893,583838,Gil Dias,49531.0,42,10.7,72.1,0.0464,save,right-foot,throw-in-set-piece,sofascore
14288893,836676,Tom Van De Looi,49531.0,42,24.6,43.0,0.021,block,right-foot,throw-in-set-piece,sofascore
14288893,1105595,Sorriso,49531.0,33,7.4,40.5,0.039,block,head,assisted,sofascore
14288893,1511656,Mathias De Amorim,49531.0,25,6.7,48.3,0.1584,miss,head,assisted,sofascore
14288893,583838,Gil Dias,49531.0,22,3.4,39.4,0.0539,miss,head,corner,sofascore
14288893,1105595,Sorriso,49531.0,19,19.4,22.3,0.0169,save,right-foot,assisted,sofascore
14288893,1090543,Abraham Marcus,3035.0,12,20.6,65.2,0.0297,block,left-foot,assisted,sofascore
14288893,583838,Gil Dias,49531.0,11,22.5,49.7,0.0476,miss,right-foot,regular,sofascore
14288889,1063255,Alioune Ndoye,3009.0,90,9.9,44.6,0.0408,miss,head,assisted,sofascore
14288889,1488511,Tony Strata,3009.0,90,11.0,72.0,0.0338,block,right-foot,assisted,sofascore
14288889,849719,Gaizka Larrazabal,36365.0,86,8.2,35.1,0.0953,goal,right-foot,assisted,sofascore
14288889,846416,Rodrigo Abascal,3009.0,86,32.9,30.9,0.0159,miss,left-foot,assisted,sofascore
14288889,1961096,Martim Guedes,3009.0,83,22.7,25.0,0.0127,post,right-foot,set-piece,sofascore
14288889,1012448,Claudio Mendes,36365.0,80,13.0,30.1,0.0189,save,left-foot,assisted,sofascore
14288889,851276,Abdu Conté,36365.0,77,15.3,83.4,0.0433,miss,left-foot,free-kick,sofascore
14288889,1961096,Martim Guedes,3009.0,74,5.1,47.3,0.2343,miss,head,assisted,sofascore
14288889,1035280,Telmo Arcanjo,3009.0,71,4.9,56.2,0.1098,block,head,corner,sofascore
14288889,1153328,Noah Saviolo,3009.0,60,22.2,26.7,0.0112,save,right-foot,assisted,sofascore
14288889,785808,Samu,3009.0,59,13.8,50.0,0.072,block,left-foot,regular,sofascore
14288889,1488511,Tony Strata,3009.0,58,16.6,70.4,0.0177,block,right-foot,set-piece,sofascore
14288889,785808,Samu,3009.0,52,14.7,65.4,0.0548,save,left-foot,regular,sofascore
14288889,158597,Sebastián Pérez,36365.0,50,14.8,73.0,0.0219,block,right-foot,corner,sofascore
14288889,849719,Gaizka Larrazabal,36365.0,42,6.6,66.0,0.2884,save,right-foot,fast-break,sofascore
14288889,2140143,Miguel Nogueira,3009.0,35,21.8,63.8,0.0303,miss,left-foot,assisted,sofascore
14288889,846416,Rodrigo Abascal,3009.0,34,60.9,14.8,0.0377,miss,left-foot,free-kick,sofascore
14288889,892170,Lawrence Ofori,36365.0,32,29.7,31.2,0.0156,save,right-foot,regular,sofascore
14288889,1015932,David Sousa,36365.0,31,14.5,40.0,0.008,miss,head,set-piece,sofascore
14288889,1155358,Dailon Rocha Livramento,36365.0,21,13.2,31.2,0.0518,save,right-foot,fast-break,sofascore
14288889,1161004,Gonçalo Nogueira,3009.0,15,13.3,45.1,0.0779,block,left-foot,fast-break,sofascore
14288889,1155358,Dailon Rocha Livramento,36365.0,11,8.5,54.0,0.0573,miss,head,corner,sofascore
14288889,849719,Gaizka Larrazabal,36365.0,10,16.0,44.3,0.2473,block,right-foot,fast-break,sofascore
14288889,785808,Samu,3009.0,5,11.0,44.2,0.0885,miss,left-foot,assisted,sofascore
14288896,1403165,Geovany Quenda,3001.0,90,11.8,32.6,0.057,goal,left-foot,fast-break,sofascore
14288896,1403165,Geovany Quenda,3001.0,88,25.3,49.3,0.0411,save,left-foot,assisted,sofascore
14288896,1001140,Geny Catamo,3001.0,71,8.5,67.2,0.0417,block,left-foot,assisted,sofascore
14288896,1393242,Tamás Nikitscher,3036.0,68,13.8,37.0,0.0558,block,right-foot,set-piece,sofascore
14288896,1173124,João Tomé,3036.0,68,12.7,57.3,0.0128,miss,head,set-piece,sofascore
14288896,830431,Francisco Trincão,3001.0,66,21.2,66.0,0.0433,goal,left-foot,assisted,sofascore
14288896,914213,Luis Javier Suárez,3001.0,63,11.4,47.3,0.0392,miss,head,assisted,sofascore
14288896,1016893,Luís Guilherme,3001.0,61,13.8,69.6,0.021,block,left-foot,assisted,sofascore
14288896,895764,Pedro Gonçalves,3001.0,59,9.6,37.0,0.0736,miss,left-foot,corner,sofascore
14288896,895764,Pedro Gonçalves,3001.0,56,22.8,49.5,0.1009,save,right-foot,free-kick,sofascore
14288896,1499082,Jalen Blesa,3036.0,51,10.6,40.4,0.0225,miss,head,assisted,sofascore
14288896,1499082,Jalen Blesa,3036.0,49,14.2,34.8,0.0907,block,right-foot,fast-break,sofascore
14288896,826024,Dario Špikić,3036.0,45,7.8,62.6,0.0726,miss,right-foot,assisted,sofascore
14288896,1094384,Tamblé Monteiro,3036.0,45,9.9,35.6,0.1364,save,right-foot,assisted,sofascore
14288896,914213,Luis Javier Suárez,3001.0,44,5.0,42.8,0.1311,miss,right-foot,regular,sofascore
14288896,2034540,Gustavo Mancha,3001.0,42,20.2,72.4,,goal,left-foot,regular,sofascore
14288896,914213,Luis Javier Suárez,3001.0,35,11.5,50.0,0.7884,goal,right-foot,penalty,sofascore
14288896,826024,Dario Špikić,3036.0,28,26.3,34.8,0.0262,miss,right-foot,assisted,sofascore
14288896,914213,Luis Javier Suárez,3001.0,20,12.1,71.2,0.0232,block,right-foot,assisted,sofascore
14288896,914213,Luis Javier Suárez,3001.0,17,23.1,50.7,0.037,miss,left-foot,assisted,sofascore
14288896,1176881,Diogo Bezerra,3036.0,12,14.8,64.4,0.0905,goal,right-foot,assisted,sofascore
14288896,1094384,Tamblé Monteiro,3036.0,10,19.8,63.4,0.0445,miss,left-foot,regular,sofascore
14288896,895764,Pedro Gonçalves,3001.0,9,12.8,65.8,0.019,block,right-foot,corner,sofascore
14288896,1016893,Luís Guilherme,3001.0,8,22.2,63.5,0.0267,block,left-foot,assisted,sofascore
14288896,895764,Pedro Gonçalves,3001.0,6,13.3,29.9,0.0388,miss,right-foot,assisted,sofascore
14288896,1094384,Tamblé Monteiro,3036.0,5,5.1,56.4,0.1294,miss,head,assisted,sofascore
14288896,826024,Dario Špikić,3036.0,2,27.1,54.0,0.0149,block,right-foot,regular,sofascore
14288898,795236,Vangelis Pavlidis,3006.0,90,11.5,50.0,0.7884,goal,right-foot,penalty,sofascore
14288898,1006069,António Silva,3006.0,90,27.5,50.5,0.0277,miss,right-foot,assisted,sofascore
14288898,1201395,Gianluca Prestianni,3006.0,89,25.4,45.0,0.0126,save,right-foot,regular,sofascore
14288898,795236,Vangelis Pavlidis,3006.0,89,18.7,49.7,0.0799,block,left-foot,assisted,sofascore
14288898,1120039,Jean-Baptiste Gorby,2999.0,88,20.6,34.6,0.047,goal,right-foot,assisted,sofascore
14288898,1006069,António Silva,3006.0,84,3.9,50.3,0.5044,miss,head,corner,sofascore
14288898,228364,Fredrik Aursnes,3006.0,84,4.3,58.3,0.0931,miss,head,corner,sofascore
14288898,795236,Vangelis Pavlidis,3006.0,81,23.7,35.2,0.0334,save,left-foot,assisted,sofascore
14288898,795236,Vangelis Pavlidis,3006.0,80,6.5,46.6,0.1292,save,head,corner,sofascore
14288898,1201395,Gianluca Prestianni,3006.0,71,9.2,66.4,0.0441,miss,left-foot,assisted,sofascore
14288898,1006069,António Silva,3006.0,69,4.1,45.7,0.1486,block,head,corner,sofascore
14288898,1100952,Andreas Schjelderup,3006.0,62,12.0,37.4,0.0551,block,right-foot,assisted,sofascore
14288898,228364,Fredrik Aursnes,3006.0,60,19.1,49.0,0.0759,block,right-foot,assisted,sofascore
14288898,983542,Tomás Araújo,3006.0,59,7.6,53.3,0.084,miss,head,corner,sofascore
14288898,1201395,Gianluca Prestianni,3006.0,58,16.7,50.1,0.0372,miss,right-foot,set-piece,sofascore
14288898,228364,Fredrik Aursnes,3006.0,55,22.2,28.6,0.0226,save,right-foot,assisted,sofascore
14288898,1100952,Andreas Schjelderup,3006.0,55,8.8,32.1,0.0392,block,right-foot,assisted,sofascore
14288898,1031567,Pau Víctor,2999.0,48,10.8,57.0,0.078,goal,head,assisted,sofascore
14288898,252577,Rafa Silva,3006.0,46,8.4,48.6,0.2692,goal,right-foot,regular,sofascore
14288898,906800,Leandro Barreiro,3006.0,45,8.3,50.9,0.133,save,head,regular,sofascore
14288898,252577,Rafa Silva,3006.0,34,15.7,42.7,0.0505,save,right-foot,assisted,sofascore
14288898,1201395,Gianluca Prestianni,3006.0,32,21.3,61.3,0.0171,block,right-foot,corner,sofascore
14288898,1103333,Franjo Ivanović,3006.0,31,11.1,36.2,0.0464,block,left-foot,assisted,sofascore
14288898,1134430,Gabriel Martínez,2999.0,30,15.9,28.9,0.0181,block,right-foot,assisted,sofascore
14288898,1100952,Andreas Schjelderup,3006.0,25,14.2,41.9,0.164,block,right-foot,fast-break,sofascore
14288898,1103333,Franjo Ivanović,3006.0,20,10.7,32.7,0.0319,miss,right-foot,assisted,sofascore
14288898,1134430,Gabriel Martínez,2999.0,15,17.3,28.9,0.0162,miss,right-foot,assisted,sofascore
14288898,1120039,Jean-Baptiste Gorby,2999.0,8,21.8,37.4,0.0271,block,left-foot,assisted,sofascore
14288898,1100952,Andreas Schjelderup,3006.0,3,22.7,47.8,0.0194,miss,right-foot,corner,sofascore
14288899,1115751,Luís Semedo,3014.0,90,8.1,45.9,0.0733,block,head,assisted,sofascore
14288899,126076,Tomané,483088.0,90,3.8,50.1,0.9584,miss,other,fast-break,sofascore
14288899,1142578,Diogo Travassos,3014.0,88,19.4,26.4,0.019,miss,right-foot,assisted,sofascore
14288899,929688,Mateus Pivô,483088.0,78,4.1,56.5,0.1017,block,head,corner,sofascore
14288899,929688,Mateus Pivô,483088.0,77,19.1,42.0,0.0233,block,left-foot,throw-in-set-piece,sofascore
14288899,1133063,Tunde Akinsola,483088.0,74,11.3,44.3,0.5899,miss,left-foot,assisted,sofascore
14288899,1819304,Kevyn Monteiro,3014.0,72,6.3,63.3,0.0319,block,head,corner,sofascore
14288899,1001848,Nile John,3014.0,69,14.3,56.1,0.2159,save,right-foot,regular,sofascore
14288899,905455,Alan,3014.0,69,12.9,45.6,0.1619,block,right-foot,regular,sofascore
14288899,1082948,Kiko Bondoso,3014.0,67,12.6,37.0,0.0474,block,left-foot,assisted,sofascore
14288899,1003071,Diego Duarte,483088.0,66,18.5,61.7,0.0772,miss,left-foot,fast-break,sofascore
14288899,1188685,Yan Maranhão,3014.0,65,7.7,46.5,0.0802,save,head,corner,sofascore
14288899,1411034,Jimi Gower,3014.0,60,31.0,48.9,0.0164,miss,right-foot,regular,sofascore
14288899,1142578,Diogo Travassos,3014.0,51,3.9,56.2,0.2172,post,right-foot,fast-break,sofascore
14288899,1003071,Diego Duarte,483088.0,45,9.4,35.8,0.0633,block,left-foot,assisted,sofascore
14288899,1142578,Diogo Travassos,3014.0,45,20.9,46.9,0.0995,save,left-foot,fast-break,sofascore
14288899,1900362,Guilherme Neiva,483088.0,44,14.6,40.6,0.1219,block,right-foot,assisted,sofascore
14288899,1395583,Kiko,3014.0,42,27.4,47.4,0.0229,miss,left-foot,regular,sofascore
14288899,1001848,Nile John,3014.0,37,20.4,29.5,0.0468,save,right-foot,free-kick,sofascore
14288899,1900362,Guilherme Neiva,483088.0,6,21.7,27.3,0.0455,miss,right-foot,free-kick,sofascore
14288899,1001848,Nile John,3014.0,2,14.3,73.2,0.0539,miss,right-foot,assisted,sofascore
14336196,1515290,Andrey,3011.0,90,26.9,43.0,0.0266,block,left-foot,regular,sofascore
14336196,991358,Lucas Soares,3011.0,90,21.1,35.2,0.0513,miss,right-foot,regular,sofascore
14336196,1010505,Gabri Veiga,3002.0,89,21.9,69.7,0.0493,block,right-foot,free-kick,sofascore
14336196,913401,Nehuén Pérez,3002.0,88,9.2,53.0,0.0944,miss,right-foot,corner,sofascore
14336196,1548929,Oskar Pietuszewski,3002.0,87,26.7,29.8,0.0195,save,right-foot,fast-break,sofascore
14336196,1046794,Gabriel Silva,3011.0,84,10.5,53.0,0.0281,miss,head,corner,sofascore
14336196,1046794,Gabriel Silva,3011.0,81,3.6,49.5,0.2557,miss,head,corner,sofascore
14336196,1131145,Sidney Lima,3002.0,69,2.9,51.8,,goal,right-foot,regular,sofascore
14336196,1001753,Vinícius Lopes,3011.0,65,22.5,37.8,0.02,block,right-foot,assisted,sofascore
14336196,1548929,Oskar Pietuszewski,3002.0,63,15.6,35.2,0.0476,block,left-foot,assisted,sofascore
14336196,1162051,Gustavo Klismahn,3011.0,61,15.7,39.3,0.035,miss,left-foot,corner,sofascore
14336196,1410240,Rodrigo Mora,3002.0,59,9.2,51.0,0.1113,miss,head,assisted,sofascore
14336196,286085,Jan Bednarek,3002.0,54,13.0,47.9,0.0269,block,head,set-piece,sofascore
14336196,1019184,Serginho,3011.0,53,30.0,25.9,0.0154,miss,right-foot,assisted,sofascore
14336196,892083,Diogo Calila,3011.0,51,27.8,68.5,0.0074,miss,right-foot,assisted,sofascore
14336196,1639250,William Gomes,3002.0,49,25.7,71.1,0.0102,save,left-foot,assisted,sofascore
14336196,1410240,Rodrigo Mora,3002.0,43,13.9,48.5,0.11,block,left-foot,regular,sofascore
14336196,1407720,Deniz Gül,3002.0,43,10.4,44.8,0.0954,block,right-foot,assisted,sofascore
14336196,1066560,Alan Varela,3002.0,31,29.6,35.8,0.0161,save,right-foot,regular,sofascore
14336196,1639250,William Gomes,3002.0,30,25.3,69.3,0.016,save,right-foot,assisted,sofascore
14336196,976037,Jakub Kiwior,3002.0,29,25.0,63.0,0.0531,save,left-foot,free-kick,sofascore
14336196,976037,Jakub Kiwior,3002.0,26,30.3,34.3,0.0161,miss,left-foot,assisted,sofascore
14336196,1046794,Gabriel Silva,3011.0,24,12.8,29.4,0.0351,miss,left-foot,assisted,sofascore
14336196,1162051,Gustavo Klismahn,3011.0,19,27.5,36.9,0.0167,miss,left-foot,assisted,sofascore
14336196,1410240,Rodrigo Mora,3002.0,17,14.0,45.5,0.2401,save,right-foot,fast-break,sofascore
14336196,838502,Pedro Pacheco,3011.0,16,15.8,42.1,0.0081,block,head,corner,sofascore
14336202,190147,Rony Lopes,38396.0,90,19.2,68.3,0.0173,miss,right-foot,regular,sofascore
14336202,1191120,Hyun-ju Lee,25777.0,85,10.7,46.4,0.4421,goal,right-foot,assisted,sofascore
14336202,973517,Alfonso Trezza,25777.0,77,3.6,53.4,0.279,goal,head,corner,sofascore
14336202,1146013,Hugo Félix,38396.0,72,21.4,30.0,0.0198,save,right-foot,assisted,sofascore
14336202,863637,Tiago Esgaio,25777.0,70,5.6,55.5,0.1146,miss,head,corner,sofascore
14336202,879917,Maranhão,38396.0,68,4.3,37.6,0.2043,miss,right-foot,fast-break,sofascore
14336202,190147,Rony Lopes,38396.0,65,17.6,56.7,0.0639,goal,left-foot,assisted,sofascore
14336202,1146013,Hugo Félix,38396.0,62,16.0,55.4,0.0476,block,right-foot,assisted,sofascore
14336202,973517,Alfonso Trezza,25777.0,61,20.3,68.3,0.0399,miss,right-foot,fast-break,sofascore
14336202,1146013,Hugo Félix,38396.0,57,23.2,44.6,0.0366,block,right-foot,assisted,sofascore
14336202,190147,Rony Lopes,38396.0,55,28.0,49.3,0.0388,block,left-foot,free-kick,sofascore
14336202,913728,Ivan Barbero,25777.0,50,7.4,54.0,0.2732,miss,right-foot,assisted,sofascore
14336202,190147,Rony Lopes,38396.0,45,10.4,60.9,0.0729,block,left-foot,regular,sofascore
14336202,913728,Ivan Barbero,25777.0,43,14.7,60.9,0.0703,block,right-foot,assisted,sofascore
14336202,913728,Ivan Barbero,25777.0,34,10.7,48.6,0.0848,block,head,regular,sofascore
14336202,973517,Alfonso Trezza,25777.0,34,6.3,74.2,0.0232,miss,right-foot,assisted,sofascore
14336202,1133070,Tiago Manso,38396.0,31,25.1,62.8,0.0313,miss,right-foot,assisted,sofascore
14336202,1136902,Makan Aïko,38396.0,25,14.3,31.0,0.0476,block,right-foot,assisted,sofascore
14336202,996932,Pablo Gozálbez,25777.0,25,20.7,28.6,0.0194,miss,right-foot,assisted,sofascore
14336202,996932,Pablo Gozálbez,25777.0,23,7.9,53.0,0.1536,post,left-foot,assisted,sofascore
14336202,1105857,Taichi Fukui,25777.0,20,24.1,54.6,0.0394,goal,right-foot,regular,sofascore
14336202,913728,Ivan Barbero,25777.0,20,14.7,58.1,0.0687,block,right-foot,assisted,sofascore
14336202,913728,Ivan Barbero,25777.0,18,22.6,44.6,0.055,block,right-foot,fast-break,sofascore
14336202,190147,Rony Lopes,38396.0,18,19.5,58.5,0.0391,block,left-foot,assisted,sofascore
14336202,913728,Ivan Barbero,25777.0,14,12.8,55.0,0.0142,miss,head,corner,sofascore
14336202,973517,Alfonso Trezza,25777.0,13,11.9,35.6,0.0844,save,left-foot,assisted,sofascore
14336202,1105857,Taichi Fukui,25777.0,8,26.6,42.7,0.0131,miss,right-foot,assisted,sofascore
14336201,1190517,Oluwakorede Osundina,36365.0,90,13.9,59.7,0.5243,miss,right-foot,fast-break,sofascore
14336201,1835218,Domingos Jose Gabriel Bandeira,36365.0,87,15.7,51.2,0.0357,block,right-foot,corner,sofascore
14336201,892170,Lawrence Ofori,36365.0,86,30.3,41.8,0.0135,miss,right-foot,assisted,sofascore
14336201,1005992,Andreas Ndoj,3036.0,82,24.4,57.0,0.0421,miss,right-foot,assisted,sofascore
14336201,983537,Rafael Brito,36365.0,73,19.1,49.7,0.0502,block,left-foot,throw-in-set-piece,sofascore
14336201,1015932,David Sousa,36365.0,72,14.7,50.0,0.0661,block,left-foot,throw-in-set-piece,sofascore
14336201,892170,Lawrence Ofori,36365.0,71,14.2,52.8,0.1093,save,right-foot,throw-in-set-piece,sofascore
14336201,983537,Rafael Brito,36365.0,71,19.1,50.7,0.0487,block,right-foot,throw-in-set-piece,sofascore
14336201,1087321,João Marques,36365.0,69,23.7,24.4,0.0199,miss,right-foot,regular,sofascore
14336201,849719,Gaizka Larrazabal,36365.0,64,8.6,65.4,0.1491,save,right-foot,assisted,sofascore
14336201,1091103,Pedro Rosas,36365.0,58,2.9,40.5,0.0958,miss,head,corner,sofascore
14336201,849719,Gaizka Larrazabal,36365.0,57,26.0,43.3,0.0572,block,right-foot,free-kick,sofascore
14336201,1091103,Pedro Rosas,36365.0,56,15.8,59.4,0.0446,block,left-foot,regular,sofascore
14336201,1499082,Jalen Blesa,3036.0,52,9.9,40.1,0.2231,goal,right-foot,regular,sofascore
14336201,1005992,Andreas Ndoj,3036.0,50,24.8,44.0,0.0182,block,right-foot,assisted,sofascore
14336201,849719,Gaizka Larrazabal,36365.0,47,7.9,53.4,0.1305,block,right-foot,regular,sofascore
14336201,1155358,Dailon Rocha Livramento,36365.0,41,16.6,33.3,0.0351,miss,left-foot,assisted,sofascore
14336201,1499082,Jalen Blesa,3036.0,40,7.7,61.3,0.3987,miss,right-foot,assisted,sofascore
14336201,1087321,João Marques,36365.0,38,17.6,47.8,0.088,miss,right-foot,assisted,sofascore
14336201,849719,Gaizka Larrazabal,36365.0,38,15.0,49.1,0.2506,save,right-foot,assisted,sofascore
14336201,1176881,Diogo Bezerra,3036.0,38,25.7,29.9,0.0323,save,right-foot,free-kick,sofascore
14336201,849719,Gaizka Larrazabal,36365.0,35,1.4,53.6,0.6394,goal,other,corner,sofascore
14336201,158597,Sebastián Pérez,36365.0,34,26.0,63.1,0.0197,save,right-foot,regular,sofascore
14336201,1015932,David Sousa,36365.0,22,9.0,24.9,0.0223,miss,left-foot,assisted,sofascore
14336201,849719,Gaizka Larrazabal,36365.0,17,12.2,59.7,0.0464,block,right-foot,throw-in-set-piece,sofascore
14336201,1005992,Andreas Ndoj,3036.0,8,24.0,60.7,0.0401,save,right-foot,assisted,sofascore
14336199,1468082,Gustavo Silva,3009.0,90,19.3,39.4,0.1078,miss,right-foot,free-kick,sofascore
14336199,987597,Jesús Ramírez,3013.0,86,11.5,50.0,0.7884,goal,right-foot,penalty,sofascore
14336199,1468082,Gustavo Silva,3009.0,83,9.5,44.7,0.0528,block,head,assisted,sofascore
14336199,785808,Samu,3009.0,78,11.5,50.0,0.7884,save,left-foot,penalty,sofascore
14336199,987597,Jesús Ramírez,3013.0,69,9.9,42.7,0.0612,goal,right-foot,assisted,sofascore
14336199,1468082,Gustavo Silva,3009.0,67,9.3,47.0,0.067,save,head,set-piece,sofascore
14336199,2217380,Rica Rocha,3009.0,64,33.7,42.8,0.0162,miss,right-foot,assisted,sofascore
14336199,822509,Léo Santos,3013.0,60,26.3,31.1,0.007,block,right-foot,throw-in-set-piece,sofascore
14336199,846416,Rodrigo Abascal,3009.0,58,7.1,59.1,0.0393,miss,head,set-piece,sofascore
14336199,987597,Jesús Ramírez,3013.0,57,9.4,47.3,0.0504,save,head,corner,sofascore
14336199,851030,Filipe Soares,3013.0,53,22.5,64.0,0.0295,miss,right-foot,throw-in-set-piece,sofascore
14336199,1035280,Telmo Arcanjo,3009.0,45,26.0,68.0,0.0204,miss,left-foot,assisted,sofascore
14336199,1131047,Miguel Maga,3009.0,34,24.1,53.3,0.0228,block,right-foot,corner,sofascore
14336199,1035280,Telmo Arcanjo,3009.0,26,26.1,74.7,0.0135,block,left-foot,set-piece,sofascore
14336199,846416,Rodrigo Abascal,3009.0,19,8.5,70.6,0.0274,block,right-foot,corner,sofascore
14336199,1468082,Gustavo Silva,3009.0,19,8.4,50.7,0.0723,miss,head,corner,sofascore
14336199,1468082,Gustavo Silva,3009.0,14,8.4,49.6,0.0645,save,head,corner,sofascore
14336199,1468082,Gustavo Silva,3009.0,13,10.2,48.3,0.0411,save,head,set-piece,sofascore
14336204,1146225,Stefan Leković,3035.0,90,7.8,50.7,0.4379,goal,left-foot,assisted,sofascore
14336204,851283,Jefferson Encada,3035.0,90,23.5,67.2,0.02,miss,right-foot,set-piece,sofascore
14336204,845802,Jovane Cabral,3035.0,90,25.8,29.7,0.0323,save,right-foot,free-kick,sofascore
14336204,1031567,Pau Víctor,2999.0,90,11.5,50.0,0.7884,goal,right-foot,penalty,sofascore
14336204,965263,Gustaf Lagerbielke,2999.0,75,28.1,61.3,0.0203,miss,right-foot,assisted,sofascore
14336204,106751,Paulo Oliveira,2999.0,73,7.1,59.1,0.0902,miss,head,corner,sofascore
14336204,6562,João Moutinho,2999.0,73,25.6,49.8,0.0744,block,right-foot,free-kick,sofascore
14336204,910316,Ianis Stoica,3035.0,67,13.7,30.4,0.0504,miss,right-foot,fast-break,sofascore
14336204,314380,Ricardo Horta,2999.0,63,21.9,47.2,0.1182,block,right-foot,free-kick,sofascore
14336204,314380,Ricardo Horta,2999.0,53,18.7,27.9,0.0358,miss,right-foot,assisted,sofascore
14336204,1031567,Pau Víctor,2999.0,51,14.9,65.4,0.0273,block,right-foot,assisted,sofascore
14336204,1031567,Pau Víctor,2999.0,49,8.9,69.6,0.0318,miss,left-foot,throw-in-set-piece,sofascore
14336204,914772,Fran Navarro,2999.0,27,11.2,58.0,0.0806,save,right-foot,assisted,sofascore
14336204,1090543,Abraham Marcus,3035.0,26,14.8,71.1,0.0569,save,left-foot,assisted,sofascore
14336204,1974420,Luís Pinto,2999.0,22,21.7,70.1,0.0202,miss,left-foot,assisted,sofascore
14336204,1134430,Gabriel Martínez,2999.0,16,2.9,50.6,0.9549,goal,head,regular,sofascore
14336204,6562,João Moutinho,2999.0,15,20.9,63.7,0.0233,save,right-foot,regular,sofascore
14336204,314380,Ricardo Horta,2999.0,12,12.9,47.2,0.0803,block,right-foot,regular,sofascore
14336204,1146225,Stefan Leković,3035.0,5,11.6,51.6,0.1095,goal,right-foot,set-piece,sofascore
14288900,2194737,Umar Abubakar,49531.0,89,14.4,60.5,0.0669,miss,right-foot,regular,sofascore
14288900,2033832,Davy Gui,190328.0,85,31.5,62.5,0.0092,miss,right-foot,regular,sofascore
14288900,2194737,Umar Abubakar,49531.0,83,8.3,51.1,0.0791,goal,head,assisted,sofascore
14288900,2194737,Umar Abubakar,49531.0,78,8.2,69.1,0.0318,miss,right-foot,assisted,sofascore
14288900,904849,Nabil Touaizi,190328.0,63,9.2,74.8,0.0246,miss,right-foot,assisted,sofascore
14288900,344023,Sandro Lima,190328.0,62,7.7,54.0,0.1325,miss,right-foot,corner,sofascore
14288900,836676,Tom Van De Looi,49531.0,47,19.4,45.2,0.0705,post,right-foot,assisted,sofascore
14288900,904849,Nabil Touaizi,190328.0,40,5.1,37.0,0.0263,miss,head,corner,sofascore
14288900,1105790,Figueiredo,190328.0,39,28.4,42.7,0.014,save,right-foot,set-piece,sofascore
14288900,1506777,Steven Baseya,190328.0,34,5.6,51.0,0.1753,post,head,corner,sofascore
14288900,1105595,Sorriso,49531.0,31,9.2,50.9,0.0979,miss,head,assisted,sofascore
14288900,1563665,Gustavo Sá,49531.0,27,23.7,47.4,0.0243,save,right-foot,assisted,sofascore
14288900,1015826,Chiquinho,190328.0,26,6.0,66.7,0.0706,miss,right-foot,regular,sofascore
14288900,583838,Gil Dias,49531.0,18,20.4,68.5,0.0294,block,left-foot,regular,sofascore
14288900,836676,Tom Van De Looi,49531.0,18,19.7,63.8,0.0362,block,left-foot,assisted,sofascore
14288900,583838,Gil Dias,49531.0,14,24.7,71.3,0.0154,miss,left-foot,assisted,sofascore
14288900,1049526,Simon Elisor,49531.0,14,7.7,58.3,0.0357,miss,head,corner,sofascore
14288900,991924,Rodrigo Pinheiro,49531.0,3,18.7,68.9,0.0347,block,right-foot,corner,sofascore
14288901,859917,Morten Hjulmand,3001.0,90,14.1,67.6,0.0657,goal,left-foot,throw-in-set-piece,sofascore
14288901,1097527,Luís Esteves,3010.0,89,29.4,43.2,0.0193,miss,right-foot,assisted,sofascore
14288901,1084746,Santi García,3010.0,79,27.8,64.5,0.0213,miss,right-foot,regular,sofascore
14288901,611880,Murilo,3010.0,79,14.9,60.1,0.0431,block,left-foot,assisted,sofascore
14288901,1146305,Gustavo Varela,3010.0,67,12.9,49.3,0.072,miss,right-foot,throw-in-set-piece,sofascore
14288901,830431,Francisco Trincão,3001.0,64,14.1,44.9,0.1162,save,left-foot,assisted,sofascore
14288901,611880,Murilo,3010.0,63,29.9,58.1,0.0457,miss,left-foot,free-kick,sofascore
14288901,611880,Murilo,3010.0,61,3.3,54.3,0.324,miss,head,assisted,sofascore
14288901,1114164,Marvin Elimbi Gilbert,3010.0,54,28.2,47.7,0.0132,block,right-foot,throw-in-set-piece,sofascore
14288901,830431,Francisco Trincão,3001.0,50,10.9,52.5,0.1094,block,left-foot,assisted,sofascore
14288901,1799336,Agustín Moreira,3010.0,49,20.8,40.0,0.0475,miss,right-foot,assisted,sofascore
14288901,1097527,Luís Esteves,3010.0,47,18.9,44.7,0.0341,save,right-foot,regular,sofascore
14288901,830431,Francisco Trincão,3001.0,45,25.2,47.8,0.0405,block,left-foot,fast-break,sofascore
14288901,914213,Luis Javier Suárez,3001.0,45,21.8,32.1,0.0246,miss,right-foot,assisted,sofascore
14288901,929193,Maximiliano Araújo,3001.0,45,20.5,29.8,0.0206,block,left-foot,assisted,sofascore
14288901,1097527,Luís Esteves,3010.0,42,24.3,35.8,0.0229,miss,right-foot,assisted,sofascore
14288901,914213,Luis Javier Suárez,3001.0,34,15.7,56.7,0.1514,goal,right-foot,regular,sofascore
14288901,914213,Luis Javier Suárez,3001.0,33,4.5,36.0,0.0234,block,head,regular,sofascore
14288901,895764,Pedro Gonçalves,3001.0,30,10.7,59.1,0.0769,miss,left-foot,assisted,sofascore
14288901,1001140,Geny Catamo,3001.0,29,13.2,70.8,0.0331,block,left-foot,assisted,sofascore
14288901,1001140,Geny Catamo,3001.0,28,15.0,70.6,0.0309,miss,left-foot,assisted,sofascore
14288901,914213,Luis Javier Suárez,3001.0,27,20.4,29.7,0.0201,miss,right-foot,assisted,sofascore
14288901,859917,Morten Hjulmand,3001.0,23,2.5,45.0,0.6813,save,right-foot,set-piece,sofascore
14288901,989841,Eduardo Quaresma,3001.0,15,3.8,58.7,0.1475,goal,head,corner,sofascore
14288901,859917,Morten Hjulmand,3001.0,3,13.8,62.0,0.0701,miss,right-foot,assisted,sofascore
14336198,906800,Leandro Barreiro,3006.0,90,8.0,53.4,0.1101,miss,right-foot,assisted,sofascore
14336198,1513647,Peixinho,4500.0,90,20.6,53.8,0.0595,goal,left-foot,assisted,sofascore
14336198,920684,Jordan Holsgrove,4500.0,90,12.0,75.7,0.0146,block,left-foot,assisted,sofascore
14336198,986726,Ricard Sánchez,4500.0,89,13.2,72.6,0.0165,miss,right-foot,assisted,sofascore
14336198,1001313,Nodar Lominadze,4500.0,87,26.8,45.2,0.0206,miss,right-foot,regular,sofascore
14336198,1015292,Richard Ríos,3006.0,85,9.4,50.5,0.5491,save,right-foot,regular,sofascore
14336198,983542,Tomás Araújo,3006.0,84,7.4,48.9,0.165,miss,head,corner,sofascore
14336198,1015292,Richard Ríos,3006.0,83,14.1,59.9,0.0413,miss,right-foot,corner,sofascore
14336198,795236,Vangelis Pavlidis,3006.0,83,5.1,38.5,0.0547,block,right-foot,corner,sofascore
14336198,823631,Dodi Lukebakio,3006.0,82,15.1,56.2,0.1312,block,left-foot,fast-break,sofascore
14336198,930246,Yanis Begraoui,4500.0,79,9.9,68.1,0.0666,miss,right-foot,assisted,sofascore
14336198,823631,Dodi Lukebakio,3006.0,74,17.9,66.7,0.0444,miss,left-foot,regular,sofascore
14336198,1513647,Peixinho,4500.0,73,8.5,52.8,0.2744,miss,left-foot,assisted,sofascore
14336198,823631,Dodi Lukebakio,3006.0,72,21.3,67.7,0.0228,save,left-foot,assisted,sofascore
14336198,1513647,Peixinho,4500.0,71,8.6,45.6,0.1233,block,left-foot,assisted,sofascore
14336198,1120679,André Lacximicant,4500.0,65,8.5,57.9,0.0991,save,left-foot,assisted,sofascore
14336198,920684,Jordan Holsgrove,4500.0,61,23.4,66.4,0.0173,miss,left-foot,corner,sofascore
14336198,1120679,André Lacximicant,4500.0,60,12.8,29.7,0.0434,save,left-foot,fast-break,sofascore
14336198,858705,Xeka,4500.0,59,27.5,23.1,0.0154,miss,right-foot,assisted,sofascore
14336198,1201395,Gianluca Prestianni,3006.0,57,9.8,61.7,0.392,miss,right-foot,throw-in-set-piece,sofascore
14336198,834247,Pedro Amaral,4500.0,51,10.9,24.9,0.0248,save,left-foot,assisted,sofascore
14336198,1120679,André Lacximicant,4500.0,49,12.6,49.1,0.0636,save,head,assisted,sofascore
14336198,252577,Rafa Silva,3006.0,46,6.7,49.5,0.2579,save,head,assisted,sofascore
14336198,930246,Yanis Begraoui,4500.0,33,15.0,62.6,0.0996,save,right-foot,fast-break,sofascore
14336198,1015292,Richard Ríos,3006.0,27,9.7,52.8,0.1798,save,right-foot,regular,sofascore
14336198,1100952,Andreas Schjelderup,3006.0,24,18.9,63.0,0.096,block,right-foot,free-kick,sofascore
14336198,252577,Rafa Silva,3006.0,16,15.3,51.3,0.1274,goal,left-foot,assisted,sofascore
14336198,850976,Alexander Bah,3006.0,15,2.9,54.8,0.5454,goal,right-foot,corner,sofascore
14336198,983542,Tomás Araújo,3006.0,14,8.3,45.6,0.07,miss,head,corner,sofascore
14336198,1100952,Andreas Schjelderup,3006.0,12,19.5,34.2,0.0262,block,left-foot,corner,sofascore
14336198,1201395,Gianluca Prestianni,3006.0,10,12.6,52.1,0.4127,save,right-foot,regular,sofascore
14336198,1015292,Richard Ríos,3006.0,7,3.0,52.8,0.8614,goal,right-foot,regular,sofascore
14336198,1087354,Gonçalo Costa,4500.0,3,7.9,48.5,0.2425,miss,head,assisted,sofascore
14336198,850976,Alexander Bah,3006.0,1,7.4,40.1,0.0608,miss,head,corner,sofascore
16197899,891793,Kévin Zohi,25787.0,90,14.8,65.4,,miss,right-foot,throw-in-set-piece,sofascore
16197899,1395440,Andre Simões,25787.0,90,19.5,65.4,,block,right-foot,assisted,sofascore
16197899,892170,Lawrence Ofori,36365.0,90,24.7,56.8,,miss,right-foot,set-piece,sofascore
16197899,906366,Javi Vázquez,25787.0,89,25.4,57.5,,miss,left-foot,free-kick,sofascore
16197899,59609,Stopira,25787.0,86,13.5,56.2,,miss,head,corner,sofascore
16197899,1114426,Musa Drammeh,25787.0,86,14.4,48.3,,block,right-foot,assisted,sofascore
16197899,1002402,Dany Jean,25787.0,83,15.3,70.5,,block,right-foot,assisted,sofascore
16197899,1485283,Leo Azevedo,25787.0,82,7.6,68.7,,miss,right-foot,assisted,sofascore
16197899,1155358,Dailon Rocha Livramento,36365.0,72,3.8,46.2,,save,head,assisted,sofascore
16197899,1396199,Alejandro Alfaro,25787.0,61,11.4,64.6,,block,right-foot,fast-break,sofascore
16197899,1485283,Leo Azevedo,25787.0,59,7.0,44.8,,miss,head,corner,sofascore
16197899,1002402,Dany Jean,25787.0,57,17.8,27.4,,save,right-foot,regular,sofascore
16197899,1893086,Mohamed Ali Diadié,25787.0,56,15.1,61.5,,miss,right-foot,corner,sofascore
16197899,1396199,Alejandro Alfaro,25787.0,56,14.5,47.7,,block,right-foot,corner,sofascore
16197899,157023,Cassiano,36365.0,48,18.9,49.3,,miss,left-foot,regular,sofascore
16197899,1396199,Alejandro Alfaro,25787.0,29,24.8,58.9,,miss,right-foot,assisted,sofascore
16197899,849719,Gaizka Larrazabal,36365.0,23,27.8,48.3,,save,right-foot,free-kick,sofascore
16197899,1015932,David Sousa,36365.0,18,7.9,44.2,,miss,head,corner,sofascore
16197899,1396199,Alejandro Alfaro,25787.0,13,15.0,61.3,,save,right-foot,fast-break,sofascore
16197899,157023,Cassiano,36365.0,2,13.9,60.7,,miss,right-foot,assisted,sofascore
16197900,1002402,Dany Jean,25787.0,90,8.2,49.9,,post,right-foot,regular,sofascore
16197900,906366,Javi Vázquez,25787.0,88,8.9,29.3,,miss,left-foot,corner,sofascore
16197900,1396199,Alejandro Alfaro,25787.0,88,13.6,36.8,,miss,left-foot,corner,sofascore
16197900,1002402,Dany Jean,25787.0,82,14.9,52.3,,miss,right-foot,assisted,sofascore
16197900,157023,Cassiano,36365.0,81,5.1,44.4,,save,right-foot,assisted,sofascore
16197900,1190517,Oluwakorede Osundina,36365.0,80,8.6,65.6,,save,left-foot,fast-break,sofascore
16197900,892170,Lawrence Ofori,36365.0,77,4.8,49.4,,goal,right-foot,assisted,sofascore
16197900,1396199,Alejandro Alfaro,25787.0,74,22.9,61.5,,miss,right-foot,corner,sofascore
16197900,1396199,Alejandro Alfaro,25787.0,73,13.4,34.2,,miss,right-foot,regular,sofascore
16197900,1002402,Dany Jean,25787.0,71,13.3,23.1,,block,right-foot,assisted,sofascore
16197900,1114426,Musa Drammeh,25787.0,71,9.6,52.2,,block,head,corner,sofascore
16197900,1016878,Guilherme Liberato,25787.0,70,6.9,51.5,,miss,head,corner,sofascore
16197900,1396199,Alejandro Alfaro,25787.0,63,18.2,45.8,,miss,right-foot,set-piece,sofascore
16197900,906366,Javi Vázquez,25787.0,63,23.9,59.7,,block,left-foot,free-kick,sofascore
16197900,1002402,Dany Jean,25787.0,55,18.9,30.3,,miss,right-foot,assisted,sofascore
16197900,1218086,Luis Quintero,25787.0,50,22.6,32.9,,miss,left-foot,assisted,sofascore
16197900,59609,Stopira,25787.0,42,5.5,52.1,,miss,head,corner,sofascore
16197900,849719,Gaizka Larrazabal,36365.0,38,9.7,64.0,,goal,right-foot,assisted,sofascore
16197900,1015932,David Sousa,36365.0,36,8.3,55.4,,save,head,corner,sofascore
16197900,1485283,Leo Azevedo,25787.0,32,9.5,55.6,,block,right-foot,corner,sofascore
16197900,59609,Stopira,25787.0,32,10.3,46.7,,block,right-foot,corner,sofascore
16197900,1155358,Dailon Rocha Livramento,36365.0,30,7.5,54.1,,save,head,assisted,sofascore
16197900,1835218,Domingos Jose Gabriel Bandeira,36365.0,29,19.2,44.8,,save,right-foot,fast-break,sofascore
16197900,906366,Javi Vázquez,25787.0,29,26.5,40.1,,block,left-foot,free-kick,sofascore
16197900,1464186,Kevin Prieto,36365.0,23,31.0,65.6,,miss,right-foot,corner,sofascore
16197900,1155358,Dailon Rocha Livramento,36365.0,23,6.4,56.2,,miss,other,corner,sofascore
16197900,1155358,Dailon Rocha Livramento,36365.0,20,7.4,49.9,,miss,head,assisted,sofascore
16197900,826054,Jérémy Livolant,36365.0,18,8.5,60.5,,block,right-foot,assisted,sofascore
16197900,1155358,Dailon Rocha Livramento,36365.0,18,9.1,30.7,,save,right-foot,assisted,sofascore
16197900,1464186,Kevin Prieto,36365.0,8,18.2,69.3,,block,left-foot,assisted,sofascore
16197900,906366,Javi Vázquez,25787.0,5,57.9,6.0,,save,left-foot,assisted,sofascore
16197900,1114426,Musa Drammeh,25787.0,5,17.2,34.6,,save,right-foot,fast-break,sofascore
14288849,877920,Jandro Orellana,4500.0,90,13.8,55.8,0.0843,block,right-foot,set-piece,sofascore
14288849,1000680,Miguel Puche,25777.0,90,20.0,32.1,0.0211,miss,right-foot,regular,sofascore
14288849,930246,Yanis Begraoui,4500.0,90,13.2,33.0,0.0388,miss,right-foot,fast-break,sofascore
14288849,1511977,Pedro Carvalho,4500.0,87,3.7,54.8,0.4739,miss,head,assisted,sofascore
14288849,930246,Yanis Begraoui,4500.0,84,9.8,32.1,0.0965,miss,right-foot,assisted,sofascore
14288849,1000680,Miguel Puche,25777.0,84,10.5,53.7,0.0856,miss,head,assisted,sofascore
14288849,986726,Ricard Sánchez,4500.0,76,12.5,29.6,0.037,miss,left-foot,assisted,sofascore
14288849,930246,Yanis Begraoui,4500.0,73,14.5,56.7,0.1006,block,right-foot,assisted,sofascore
14288849,863637,Tiago Esgaio,25777.0,60,8.2,56.0,0.1015,miss,right-foot,corner,sofascore
14288849,1191120,Hyun-ju Lee,25777.0,60,15.4,64.6,0.0704,block,left-foot,assisted,sofascore
14288849,996932,Pablo Gozálbez,25777.0,55,9.4,52.2,0.0963,goal,head,throw-in-set-piece,sofascore
14288849,1105857,Taichi Fukui,25777.0,48,27.8,45.9,0.0167,miss,right-foot,set-piece,sofascore
14288849,964609,Jose Fontán,25777.0,45,4.5,48.6,0.427,goal,head,set-piece,sofascore
14288849,1120679,André Lacximicant,4500.0,45,8.5,30.9,0.0294,miss,left-foot,assisted,sofascore
14288849,913728,Ivan Barbero,25777.0,40,7.7,55.7,0.0713,miss,head,assisted,sofascore
14288849,1120679,André Lacximicant,4500.0,37,23.6,30.4,0.046,save,left-foot,fast-break,sofascore
14288849,930246,Yanis Begraoui,4500.0,32,9.8,67.2,0.1128,goal,right-foot,assisted,sofascore
14288849,548044,João Carvalho,4500.0,27,26.4,38.9,0.0292,miss,right-foot,assisted,sofascore
14288849,913728,Ivan Barbero,25777.0,20,9.5,51.7,0.1095,save,head,regular,sofascore
14288849,996932,Pablo Gozálbez,25777.0,19,18.5,50.7,0.0322,miss,right-foot,corner,sofascore
14288849,913728,Ivan Barbero,25777.0,13,13.9,51.7,0.1169,goal,left-foot,assisted,sofascore
14288849,913728,Ivan Barbero,25777.0,12,4.1,50.9,0.7205,miss,right-foot,assisted,sofascore
14288849,986726,Ricard Sánchez,4500.0,8,24.0,69.1,0.0132,miss,right-foot,corner,sofascore
14288849,858705,Xeka,4500.0,3,20.8,30.0,0.0325,goal,right-foot,assisted,sofascore
14288848,74915,Nicolás Otamendi,3006.0,90,14.4,48.5,0.0498,block,right-foot,set-piece,sofascore
14288848,2163561,Anísio Cabral,3006.0,84,7.4,40.9,0.0819,miss,left-foot,assisted,sofascore
14288848,1100952,Andreas Schjelderup,3006.0,80,9.9,46.6,0.2384,miss,right-foot,assisted,sofascore
14288848,983537,Rafael Brito,36365.0,78,14.4,56.1,0.1138,goal,right-foot,regular,sofascore
14288848,1123925,Georgiy Sudakov,3006.0,77,18.8,53.7,0.0397,miss,right-foot,corner,sofascore
14288848,1123925,Georgiy Sudakov,3006.0,76,23.6,69.3,0.0157,block,right-foot,corner,sofascore
14288848,1015292,Richard Ríos,3006.0,68,3.6,47.2,0.563,goal,head,assisted,sofascore
14288848,1091103,Pedro Rosas,36365.0,63,14.0,53.8,0.0223,miss,head,set-piece,sofascore
14288848,157023,Cassiano,36365.0,63,13.2,58.6,0.0245,block,right-foot,set-piece,sofascore
14288848,1100952,Andreas Schjelderup,3006.0,51,18.5,34.6,0.0233,block,right-foot,assisted,sofascore
14288848,849719,Gaizka Larrazabal,36365.0,50,14.7,74.1,0.0158,miss,right-foot,regular,sofascore
14288848,252577,Rafa Silva,3006.0,48,9.2,66.1,0.0824,miss,right-foot,assisted,sofascore
14288848,1067284,Tiago Morais,36365.0,45,12.6,35.0,0.0389,miss,right-foot,set-piece,sofascore
14288848,1091103,Pedro Rosas,36365.0,45,7.7,37.2,0.0603,save,left-foot,set-piece,sofascore
14288848,1100952,Andreas Schjelderup,3006.0,45,14.1,32.8,0.0391,miss,right-foot,regular,sofascore
14288848,823631,Dodi Lukebakio,3006.0,45,13.9,39.1,0.0547,block,left-foot,assisted,sofascore
14288848,850976,Alexander Bah,3006.0,44,13.0,45.4,0.0901,block,right-foot,set-piece,sofascore
14288848,795236,Vangelis Pavlidis,3006.0,44,4.3,45.6,0.1977,save,right-foot,set-piece,sofascore
14288848,795236,Vangelis Pavlidis,3006.0,40,5.0,48.7,0.2402,miss,head,assisted,sofascore
14288848,823631,Dodi Lukebakio,3006.0,37,15.2,50.3,0.1149,miss,right-foot,regular,sofascore
14288848,823631,Dodi Lukebakio,3006.0,35,27.9,60.3,0.0194,miss,left-foot,assisted,sofascore
14288848,1067284,Tiago Morais,36365.0,31,8.8,27.6,0.0092,block,left-foot,set-piece,sofascore
14288848,1015292,Richard Ríos,3006.0,18,28.7,46.0,0.0351,miss,right-foot,free-kick,sofascore
14288848,1100952,Andreas Schjelderup,3006.0,14,11.0,32.1,0.0329,block,left-foot,assisted,sofascore
14288848,1015292,Richard Ríos,3006.0,9,27.2,23.9,0.0154,save,right-foot,assisted,sofascore
14288848,1067284,Tiago Morais,36365.0,3,18.6,30.7,0.0097,block,right-foot,corner,sofascore
14288857,2194737,Umar Abubakar,49531.0,90,7.4,51.5,0.122,save,head,corner,sofascore
14288857,984626,Óscar Aranda,49531.0,90,54.5,44.4,0.0062,miss,right-foot,assisted,sofascore
14288857,1511656,Mathias De Amorim,49531.0,90,4.0,37.2,0.22,miss,left-foot,assisted,sofascore
14288857,991924,Rodrigo Pinheiro,49531.0,88,10.2,64.0,0.0706,save,right-foot,assisted,sofascore
14288857,1195796,Romeo Beney,49531.0,77,8.3,48.3,0.111,save,right-foot,corner,sofascore
14288857,1120040,Pedro Santos,49531.0,77,8.8,56.0,0.0639,block,left-foot,corner,sofascore
14288857,1049526,Simon Elisor,49531.0,76,13.3,60.6,0.0438,save,left-foot,corner,sofascore
14288857,1120040,Pedro Santos,49531.0,71,8.2,47.2,0.0861,goal,head,throw-in-set-piece,sofascore
14288857,1120040,Pedro Santos,49531.0,68,7.6,53.6,0.1224,block,right-foot,set-piece,sofascore
14288857,1595506,Ibrahima Ba,49531.0,68,4.8,48.6,0.2827,block,right-foot,set-piece,sofascore
14288857,836676,Tom Van De Looi,49531.0,45,26.2,32.7,0.0151,block,left-foot,assisted,sofascore
14288857,1595506,Ibrahima Ba,49531.0,45,6.3,57.0,0.0678,save,head,corner,sofascore
14288857,1049526,Simon Elisor,49531.0,45,4.9,50.3,0.2442,save,head,corner,sofascore
14288857,1595506,Ibrahima Ba,49531.0,40,31.2,49.5,0.0164,miss,right-foot,assisted,sofascore
14288857,1563665,Gustavo Sá,49531.0,37,12.0,62.4,0.0696,block,right-foot,assisted,sofascore
14288857,1511656,Mathias De Amorim,49531.0,31,24.7,45.4,0.0107,post,left-foot,set-piece,sofascore
14288857,876255,Justin De Haas,49531.0,24,7.5,51.2,0.1024,block,head,corner,sofascore
14288857,1142578,Diogo Travassos,3014.0,12,18.6,45.2,0.0474,block,right-foot,assisted,sofascore
14288857,836676,Tom Van De Looi,49531.0,10,18.4,53.8,0.0422,miss,right-foot,corner,sofascore
14288857,1142254,Rodrigo Alonso,3014.0,4,7.3,67.3,0.722,goal,right-foot,fast-break,sofascore
14288853,1185986,Óscar Perea,483088.0,90,24.4,28.0,0.0126,block,right-foot,corner,sofascore
14288853,966219,Ángel Algobia,483088.0,90,14.4,50.1,0.087,block,right-foot,corner,sofascore
14288853,1133568,João Mendes,3009.0,90,19.8,35.2,0.023,miss,left-foot,set-piece,sofascore
14288853,1900362,Guilherme Neiva,483088.0,90,12.7,66.0,0.1433,save,right-foot,assisted,sofascore
14288853,1003071,Diego Duarte,483088.0,88,24.0,57.0,0.0236,miss,right-foot,corner,sofascore
14288853,966219,Ángel Algobia,483088.0,87,26.0,40.9,0.0358,save,right-foot,assisted,sofascore
14288853,1006114,Gustavo Mendonca,483088.0,86,19.8,60.7,0.0858,save,right-foot,assisted,sofascore
14288853,1434543,Diogo Sousa,3009.0,83,20.6,56.6,0.0578,save,left-foot,assisted,sofascore
14288853,929688,Mateus Pivô,483088.0,77,4.0,64.0,0.0446,miss,left-foot,corner,sofascore
14288853,1185986,Óscar Perea,483088.0,77,12.7,43.9,0.1765,block,right-foot,assisted,sofascore
14288853,42898,Nélson Oliveira,3009.0,72,21.3,44.8,0.1337,post,right-foot,free-kick,sofascore
14288853,1148442,Thiago Balieiro,3009.0,62,5.2,38.0,0.0311,miss,head,corner,sofascore
14288853,2140143,Miguel Nogueira,3009.0,57,12.2,51.1,0.0929,save,left-foot,regular,sofascore
14288853,126076,Tomané,483088.0,55,9.7,52.3,0.0436,miss,head,corner,sofascore
14288853,1185986,Óscar Perea,483088.0,53,25.0,50.5,0.0444,block,right-foot,fast-break,sofascore
14288853,988778,Daniel Rivas,483088.0,52,31.6,52.8,0.0084,block,left-foot,regular,sofascore
14288853,1563640,Oumar Camara,3009.0,48,4.6,58.1,0.2041,miss,right-foot,assisted,sofascore
14288853,1468082,Gustavo Silva,3009.0,48,8.3,62.0,0.1238,block,right-foot,assisted,sofascore
14288853,1067648,Pedro Lima,483088.0,47,25.4,48.7,0.0424,miss,left-foot,assisted,sofascore
14288853,2140143,Miguel Nogueira,3009.0,46,34.1,55.9,0.0843,miss,left-foot,regular,sofascore
14288853,785808,Samu,3009.0,45,10.1,86.1,0.0366,miss,left-foot,free-kick,sofascore
14288853,1468082,Gustavo Silva,3009.0,43,9.1,56.8,0.2645,miss,right-foot,assisted,sofascore
14288853,1133568,João Mendes,3009.0,30,21.6,31.0,0.0204,save,left-foot,assisted,sofascore
14288853,126076,Tomané,483088.0,27,13.3,37.6,0.0795,goal,right-foot,assisted,sofascore
14288853,1468082,Gustavo Silva,3009.0,24,4.0,40.1,0.2846,goal,right-foot,assisted,sofascore
14288853,1046440,Roni,483088.0,19,26.6,60.1,0.0136,block,right-foot,assisted,sofascore
14288853,126076,Tomané,483088.0,19,21.6,49.9,0.0303,block,left-foot,regular,sofascore
14288853,1468082,Gustavo Silva,3009.0,17,7.3,48.5,0.2414,save,left-foot,regular,sofascore
14288853,1168093,Óscar Rivas,3009.0,16,5.5,46.4,0.4396,save,right-foot,corner,sofascore
14288853,1133063,Tunde Akinsola,483088.0,8,25.1,74.2,0.0185,miss,left-foot,assisted,sofascore
14288853,1067320,Cristian Castro,483088.0,6,29.5,67.3,0.0109,miss,right-foot,regular,sofascore
14288858,1001753,Vinícius Lopes,3011.0,90,23.5,68.4,0.0209,save,right-foot,assisted,sofascore
14288858,138890,Gonçalo Paciência,3011.0,84,8.4,55.0,0.0619,miss,head,assisted,sofascore
14288858,1046794,Gabriel Silva,3011.0,71,26.4,43.2,0.0495,block,right-foot,free-kick,sofascore
14288858,1046794,Gabriel Silva,3011.0,65,19.3,27.7,0.0441,block,right-foot,free-kick,sofascore
14288858,1131145,Sidney Lima,3036.0,61,6.9,44.4,,goal,head,set-piece,sofascore
14288858,1001753,Vinícius Lopes,3011.0,54,12.8,36.1,0.0165,miss,right-foot,set-piece,sofascore
14288858,1459634,Luis Fernando,3011.0,51,32.3,42.3,0.0093,save,right-foot,regular,sofascore
14288858,1393242,Tamás Nikitscher,3036.0,50,8.8,41.3,0.0325,goal,head,corner,sofascore
14288858,1176881,Diogo Bezerra,3036.0,47,9.8,69.3,0.0747,save,right-foot,assisted,sofascore
14288858,1459634,Luis Fernando,3011.0,45,12.6,45.5,0.0602,miss,right-foot,throw-in-set-piece,sofascore
14288858,1046794,Gabriel Silva,3011.0,45,24.8,27.7,0.0151,miss,right-foot,assisted,sofascore
14288858,1162051,Gustavo Klismahn,3011.0,43,9.1,50.5,0.0743,save,head,throw-in-set-piece,sofascore
14288858,883908,Guilherme Romão,3011.0,42,19.8,38.8,0.0264,miss,left-foot,throw-in-set-piece,sofascore
14288858,1019184,Serginho,3011.0,40,18.2,56.5,0.0274,miss,left-foot,corner,sofascore
14288858,1162051,Gustavo Klismahn,3011.0,17,20.4,68.5,0.0267,save,left-foot,assisted,sofascore
14288858,1094384,Tamblé Monteiro,3036.0,11,12.6,36.8,0.0991,save,right-foot,assisted,sofascore
14288858,1094384,Tamblé Monteiro,3036.0,5,6.4,59.9,0.0811,miss,head,corner,sofascore
14288858,989385,Welinton Torrao,3011.0,1,12.7,38.8,0.081,block,right-foot,fast-break,sofascore
14288855,914213,Luis Javier Suárez,3001.0,90,17.8,44.8,0.0474,block,right-foot,assisted,sofascore
14288855,1001140,Geny Catamo,3001.0,89,11.9,64.2,0.0153,block,right-foot,set-piece,sofascore
14288855,943595,Sydney van Hooijdonk,3035.0,83,11.6,34.2,0.0568,save,left-foot,assisted,sofascore
14288855,2115909,Otavio,3035.0,80,10.8,57.9,0.0162,save,head,corner,sofascore
14288855,1164070,Jorge Meireles,3035.0,80,18.1,57.0,0.0413,block,right-foot,assisted,sofascore
14288855,1001140,Geny Catamo,3001.0,79,21.6,72.2,0.0198,post,left-foot,assisted,sofascore
14288855,845802,Jovane Cabral,3035.0,70,13.2,64.8,0.0306,block,right-foot,corner,sofascore
14288855,1410927,Max Scholze,3035.0,70,25.0,46.0,0.035,save,right-foot,corner,sofascore
14288855,861979,Daniel Bragança,3001.0,59,17.8,45.2,0.088,goal,left-foot,assisted,sofascore
14288855,2058164,Robinho,3035.0,56,26.9,49.7,0.0102,miss,right-foot,corner,sofascore
14288855,914213,Luis Javier Suárez,3001.0,50,7.7,57.7,0.0562,miss,left-foot,corner,sofascore
14288855,910316,Ianis Stoica,3035.0,39,12.2,24.8,0.035,miss,right-foot,fast-break,sofascore
14288855,895764,Pedro Gonçalves,3001.0,32,10.2,55.6,0.3086,miss,left-foot,assisted,sofascore
14288855,2368703,Eddy Doué,3035.0,20,20.6,35.6,0.0528,miss,right-foot,regular,sofascore
14288855,830431,Francisco Trincão,3001.0,18,13.6,56.0,0.0737,miss,left-foot,assisted,sofascore
14288855,914213,Luis Javier Suárez,3001.0,18,19.1,39.1,0.0374,block,right-foot,regular,sofascore
14288855,2368703,Eddy Doué,3035.0,8,12.9,59.1,0.1012,miss,right-foot,assisted,sofascore
14288855,929193,Maximiliano Araújo,3001.0,7,10.7,27.6,0.033,save,left-foot,assisted,sofascore
14288856,1155358,Dailon Rocha Livramento,36365.0,90,4.9,57.9,0.074,save,head,corner,sofascore
14288856,849719,Gaizka Larrazabal,36365.0,90,15.0,58.3,0.0497,save,right-foot,corner,sofascore
14288856,1063375,Vasco Moreira,190328.0,89,13.2,64.4,0.0156,miss,right-foot,corner,sofascore
14288856,992024,Rhaldney,190328.0,83,17.6,61.3,0.0436,goal,left-foot,assisted,sofascore
14288856,1100957,Marko Milovanović,190328.0,77,2.1,44.2,0.187,block,left-foot,corner,sofascore
14288856,1155358,Dailon Rocha Livramento,36365.0,72,5.1,58.9,0.0705,miss,head,corner,sofascore
14288856,1015826,Chiquinho,190328.0,70,28.8,46.8,0.0225,miss,right-foot,regular,sofascore
14288856,1015826,Chiquinho,190328.0,63,2.3,46.8,0.7986,goal,right-foot,regular,sofascore
14288856,344023,Sandro Lima,190328.0,63,8.0,56.6,0.1323,save,head,assisted,sofascore
14288856,1012448,Claudio Mendes,36365.0,59,20.0,38.7,0.064,miss,left-foot,assisted,sofascore
14288856,992024,Rhaldney,190328.0,54,19.5,37.4,0.0437,block,right-foot,assisted,sofascore
14288856,1015826,Chiquinho,190328.0,53,20.6,21.3,0.0155,miss,right-foot,assisted,sofascore
14288856,1105790,Figueiredo,190328.0,49,4.8,56.4,0.3663,goal,head,assisted,sofascore
14288856,826054,Jérémy Livolant,36365.0,45,24.0,53.8,0.0223,block,right-foot,assisted,sofascore
14288856,849719,Gaizka Larrazabal,36365.0,45,12.3,56.0,0.0527,block,left-foot,corner,sofascore
14288856,904849,Nabil Touaizi,190328.0,44,5.8,54.6,0.2476,miss,head,assisted,sofascore
14288856,983537,Rafael Brito,36365.0,29,14.8,46.2,0.0899,save,right-foot,throw-in-set-piece,sofascore
14288856,158597,Sebastián Pérez,36365.0,27,26.0,46.6,0.01,miss,right-foot,throw-in-set-piece,sofascore
14288856,849719,Gaizka Larrazabal,36365.0,26,24.1,26.8,0.0328,block,right-foot,free-kick,sofascore
14288856,1167068,Kaiky Naves,190328.0,24,24.0,68.1,0.0173,save,right-foot,assisted,sofascore
14288856,849719,Gaizka Larrazabal,36365.0,18,20.9,64.0,0.02,block,left-foot,regular,sofascore
14288856,157023,Cassiano,36365.0,15,9.7,63.4,0.0692,miss,right-foot,throw-in-set-piece,sofascore
14288856,849719,Gaizka Larrazabal,36365.0,13,9.1,64.8,0.0728,save,right-foot,throw-in-set-piece,sofascore
14288856,849719,Gaizka Larrazabal,36365.0,6,23.5,31.7,0.0515,post,right-foot,free-kick,sofascore
14288856,1087321,João Marques,36365.0,1,19.1,37.6,0.0935,goal,right-foot,fast-break,sofascore
14288851,1396015,Mario Dorgeles,2999.0,90,5.7,67.7,0.0418,block,right-foot,assisted,sofascore
14288851,1185196,Fally Mayulu,25777.0,90,13.0,53.4,0.0199,miss,head,corner,sofascore
14288851,973517,Alfonso Trezza,25777.0,84,24.0,69.1,0.0122,block,right-foot,assisted,sofascore
14288851,913728,Ivan Barbero,25777.0,83,11.5,50.0,0.7884,post,right-foot,penalty,sofascore
14288851,973517,Alfonso Trezza,25777.0,78,24.8,57.0,0.0287,block,right-foot,regular,sofascore
14288851,973517,Alfonso Trezza,25777.0,75,13.1,72.1,0.0175,block,right-foot,assisted,sofascore
14288851,863637,Tiago Esgaio,25777.0,72,12.3,58.5,0.012,miss,head,set-piece,sofascore
14288851,943713,Javi Sánchez,25777.0,69,28.8,42.7,0.0211,miss,left-foot,regular,sofascore
14288851,1031567,Pau Víctor,2999.0,66,8.8,47.7,0.6617,goal,right-foot,assisted,sofascore
14288851,913728,Ivan Barbero,25777.0,61,9.5,66.0,0.1861,save,right-foot,assisted,sofascore
14288851,314380,Ricardo Horta,2999.0,59,23.4,62.4,0.0267,save,left-foot,set-piece,sofascore
14288851,314380,Ricardo Horta,2999.0,53,27.1,48.9,0.046,block,right-foot,free-kick,sofascore
14288851,1396015,Mario Dorgeles,2999.0,47,14.9,46.5,0.0993,miss,left-foot,assisted,sofascore
14288851,6562,João Moutinho,2999.0,25,23.1,44.0,0.0266,block,right-foot,assisted,sofascore
14288851,955133,Naïs Djouahra,25777.0,22,23.7,30.5,0.0169,miss,right-foot,assisted,sofascore
14288859,823631,Dodi Lukebakio,3006.0,90,21.7,23.4,0.0403,block,left-foot,free-kick,sofascore
14288859,1102791,Amar Dedić,3006.0,89,13.7,60.0,0.2209,save,right-foot,assisted,sofascore
14288859,1006069,António Silva,3006.0,87,4.0,45.8,0.2181,save,head,set-piece,sofascore
14288859,906800,Leandro Barreiro,3006.0,85,13.8,64.5,0.0869,save,right-foot,regular,sofascore
14288859,1103333,Franjo Ivanović,3006.0,85,6.0,71.6,0.0368,save,right-foot,assisted,sofascore
14288859,1100952,Andreas Schjelderup,3006.0,84,4.5,38.9,0.1494,block,right-foot,regular,sofascore
14288859,74915,Nicolás Otamendi,3006.0,82,7.8,45.9,0.1046,miss,head,corner,sofascore
14288859,1100952,Andreas Schjelderup,3006.0,82,11.9,34.2,0.0229,block,left-foot,corner,sofascore
14288859,795236,Vangelis Pavlidis,3006.0,77,3.6,58.5,0.1032,miss,head,assisted,sofascore
14288859,987597,Jesús Ramírez,3013.0,76,19.0,50.3,0.07,save,left-foot,assisted,sofascore
14288859,1579664,Pablo Messias Cardozo,3013.0,75,7.1,46.9,0.1048,save,head,corner,sofascore
14288859,252577,Rafa Silva,3006.0,68,8.1,45.4,0.2346,miss,head,assisted,sofascore
14288859,344181,José Gomes,3013.0,61,23.8,31.9,0.0189,miss,left-foot,assisted,sofascore
14288859,1006069,António Silva,3006.0,60,8.4,46.5,0.0638,miss,head,corner,sofascore
14288859,1100952,Andreas Schjelderup,3006.0,59,25.9,40.1,0.0476,block,right-foot,free-kick,sofascore
14288859,795236,Vangelis Pavlidis,3006.0,58,11.5,50.0,0.7884,save,right-foot,penalty,sofascore
14288859,1011997,Chiheb Labidi,3013.0,54,28.7,39.9,0.0203,block,left-foot,assisted,sofascore
14288859,1172052,Daniel Júnior,3013.0,52,12.0,70.2,0.0312,save,left-foot,fast-break,sofascore
14288859,1100952,Andreas Schjelderup,3006.0,52,7.6,27.7,0.0303,save,right-foot,assisted,sofascore
14288859,795236,Vangelis Pavlidis,3006.0,42,9.1,44.0,0.0806,miss,head,assisted,sofascore
14288859,1102791,Amar Dedić,3006.0,40,11.6,68.1,0.0452,miss,right-foot,regular,sofascore
14288859,1201395,Gianluca Prestianni,3006.0,40,21.2,36.4,0.0462,post,right-foot,assisted,sofascore
14288859,1201395,Gianluca Prestianni,3006.0,37,17.0,65.8,0.045,block,right-foot,corner,sofascore
14288859,1102791,Amar Dedić,3006.0,37,11.6,74.0,0.0414,block,right-foot,assisted,sofascore
14288859,1006069,António Silva,3006.0,25,7.4,50.8,0.1457,block,right-foot,corner,sofascore
14288859,252577,Rafa Silva,3006.0,14,6.6,53.2,0.5685,goal,right-foot,assisted,sofascore
14288859,786269,Witiness Quembo,3013.0,14,26.8,34.0,0.0158,save,left-foot,assisted,sofascore
14288859,252577,Rafa Silva,3006.0,13,7.4,54.6,0.0931,miss,head,assisted,sofascore
14288859,822510,Liziero,3013.0,9,25.1,63.2,0.0156,miss,left-foot,assisted,sofascore
14288859,1100952,Andreas Schjelderup,3006.0,3,4.3,40.9,0.159,goal,left-foot,assisted,sofascore
14288854,826210,Rafik Guitane,4500.0,90,11.7,66.7,0.038,miss,left-foot,corner,sofascore
14288854,1410240,Rodrigo Mora,3002.0,90,21.5,38.5,0.0239,miss,right-foot,assisted,sofascore
14288854,992567,Borja Sainz,3002.0,88,21.6,59.2,0.0235,save,right-foot,corner,sofascore
14288854,992567,Borja Sainz,3002.0,87,7.7,49.7,0.1556,save,head,assisted,sofascore
14288854,548044,João Carvalho,4500.0,85,21.2,52.6,0.0721,block,right-foot,assisted,sofascore
14288854,1410240,Rodrigo Mora,3002.0,79,21.2,42.4,0.0746,block,left-foot,assisted,sofascore
14288854,930246,Yanis Begraoui,4500.0,78,16.2,52.8,0.0901,goal,left-foot,assisted,sofascore
14288854,894396,Terem Moffi,3002.0,76,26.4,51.5,0.0627,miss,left-foot,fast-break,sofascore
14288854,1406639,Victor Froholdt,3002.0,72,1.6,55.1,0.7833,goal,right-foot,corner,sofascore
14288854,976037,Jakub Kiwior,3002.0,72,9.2,54.4,0.0588,block,right-foot,corner,sofascore
14288854,1160957,Alberto Costa,3002.0,67,9.7,69.9,0.074,miss,right-foot,assisted,sofascore
14288854,1120679,André Lacximicant,4500.0,65,23.5,39.6,0.0269,miss,left-foot,assisted,sofascore
14288854,1406639,Victor Froholdt,3002.0,64,10.3,68.0,0.0683,miss,right-foot,fast-break,sofascore
14288854,992567,Borja Sainz,3002.0,64,15.5,50.6,0.1662,save,right-foot,fast-break,sofascore
14288854,1160957,Alberto Costa,3002.0,62,25.7,67.1,0.0252,miss,right-foot,assisted,sofascore
14288854,986726,Ricard Sánchez,4500.0,59,22.5,67.5,0.0115,miss,right-foot,set-piece,sofascore
14288854,1407720,Deniz Gül,3002.0,56,10.1,67.5,0.0985,miss,right-foot,fast-break,sofascore
14288854,882664,Pepê,3002.0,45,43.2,79.9,0.0159,miss,left-foot,fast-break,sofascore
14288854,1548929,Oskar Pietuszewski,3002.0,44,14.1,35.6,0.0824,miss,right-foot,fast-break,sofascore
14288854,986726,Ricard Sánchez,4500.0,43,6.1,68.1,0.0906,save,left-foot,assisted,sofascore
14288854,548044,João Carvalho,4500.0,40,10.8,63.1,0.0758,miss,right-foot,assisted,sofascore
14288854,1407720,Deniz Gül,3002.0,35,9.4,34.2,0.1122,miss,left-foot,fast-break,sofascore
14288854,858705,Xeka,3002.0,32,2.4,47.2,,goal,left-foot,corner,sofascore
14288854,1406639,Victor Froholdt,3002.0,32,7.4,57.0,0.17,miss,head,corner,sofascore
14288854,1010505,Gabri Veiga,3002.0,26,22.2,29.5,0.0201,miss,right-foot,assisted,sofascore
14288854,1120679,André Lacximicant,4500.0,18,13.3,53.8,0.0258,save,head,assisted,sofascore
14288854,548044,João Carvalho,4500.0,17,13.1,72.8,0.0285,miss,right-foot,regular,sofascore
14288854,1066560,Alan Varela,3002.0,16,19.6,49.8,0.1033,miss,right-foot,assisted,sofascore
14288854,882664,Pepê,3002.0,14,2.9,54.0,0.5465,goal,right-foot,assisted,sofascore
14288852,988882,Joe Hodge,38396.0,90,11.5,50.0,0.7884,save,right-foot,penalty,sofascore
14288852,1133070,Tiago Manso,38396.0,90,18.1,50.3,0.1951,block,right-foot,fast-break,sofascore
14288852,1404790,Carlos Eduardo,3010.0,90,7.1,50.5,0.228,goal,head,assisted,sofascore
14288852,1097527,Luís Esteves,3010.0,87,24.4,45.6,0.0441,miss,right-foot,assisted,sofascore
14288852,1084746,Santi García,3010.0,82,18.6,50.4,0.0447,miss,left-foot,regular,sofascore
14288852,1146305,Gustavo Varela,3010.0,80,22.6,28.9,0.0121,save,right-foot,regular,sofascore
14288852,1097527,Luís Esteves,3010.0,80,15.9,15.7,0.0343,save,right-foot,free-kick,sofascore
14288852,1097527,Luís Esteves,3010.0,79,20.2,60.6,0.0603,save,right-foot,assisted,sofascore
14288852,611880,Murilo,3010.0,65,16.3,42.1,0.0468,miss,left-foot,assisted,sofascore
14288852,1146305,Gustavo Varela,3010.0,57,11.6,55.8,0.0937,miss,left-foot,throw-in-set-piece,sofascore
14288852,1097527,Luís Esteves,3010.0,53,22.8,63.4,0.0255,block,right-foot,assisted,sofascore
14288852,879917,Maranhão,38396.0,52,7.5,58.2,0.2237,miss,right-foot,assisted,sofascore
14288852,1146305,Gustavo Varela,3010.0,51,6.4,50.7,0.1448,miss,head,corner,sofascore
14288852,1799336,Agustín Moreira,3010.0,50,12.0,27.6,0.0209,save,left-foot,assisted,sofascore
14288852,945121,Rodrigo Conceição,38396.0,43,22.7,33.0,0.0212,miss,right-foot,assisted,sofascore
14288852,1397915,Moudjatovic,38396.0,37,9.8,30.3,0.0317,miss,left-foot,assisted,sofascore
14288852,611880,Murilo,3010.0,29,11.5,50.0,0.7884,goal,left-foot,penalty,sofascore
14288852,1097527,Luís Esteves,3010.0,22,14.3,51.0,0.0645,miss,right-foot,throw-in-set-piece,sofascore
14288852,190147,Rony Lopes,38396.0,16,25.0,49.3,0.0449,goal,right-foot,regular,sofascore
14288852,1146013,Hugo Félix,38396.0,13,11.1,27.2,0.0313,save,right-foot,assisted,sofascore
14288852,1084746,Santi García,3010.0,9,19.1,46.8,0.0355,miss,left-foot,set-piece,sofascore
14288852,879917,Maranhão,38396.0,1,5.0,71.5,0.0516,save,right-foot,fast-break,sofascore
14288852,1397915,Moudjatovic,38396.0,1,10.7,35.8,0.2811,miss,left-foot,fast-break,sofascore
14288860,1003071,Diego Duarte,483088.0,90,14.7,44.4,0.281,save,left-foot,fast-break,sofascore
14288860,1485731,Rafael Lobato,3036.0,90,25.1,59.5,0.02,block,left-foot,set-piece,sofascore
14288860,1067648,Pedro Lima,483088.0,84,9.5,34.2,0.1277,save,left-foot,fast-break,sofascore
14288860,1094384,Tamblé Monteiro,3036.0,80,12.2,39.4,0.2733,save,left-foot,fast-break,sofascore
14288860,1005992,Andreas Ndoj,3036.0,79,3.5,47.0,0.7547,goal,right-foot,corner,sofascore
14288860,1133063,Tunde Akinsola,483088.0,78,11.2,37.3,0.1577,save,left-foot,assisted,sofascore
14288860,848521,Marios Vrousai,3036.0,75,21.2,68.4,0.0316,miss,right-foot,fast-break,sofascore
14288860,1067648,Pedro Lima,483088.0,68,5.2,50.8,0.2385,goal,head,corner,sofascore
14288860,1067648,Pedro Lima,483088.0,67,15.7,41.9,0.0551,block,right-foot,regular,sofascore
14288860,826024,Dario Špikić,3036.0,66,10.0,57.6,0.0592,save,head,assisted,sofascore
14288860,1133063,Tunde Akinsola,483088.0,61,14.2,76.8,0.0213,miss,left-foot,assisted,sofascore
14288860,1067648,Pedro Lima,483088.0,60,24.8,27.4,0.0148,save,left-foot,assisted,sofascore
14288860,1499082,Jalen Blesa,3036.0,55,13.3,50.9,0.0892,save,right-foot,assisted,sofascore
14288860,1005992,Andreas Ndoj,3036.0,55,15.0,60.0,0.0308,miss,left-foot,regular,sofascore
14288860,1176881,Diogo Bezerra,3036.0,54,24.2,23.9,0.0309,block,right-foot,free-kick,sofascore
14288860,1176881,Diogo Bezerra,3036.0,47,4.8,60.7,0.2424,save,right-foot,regular,sofascore
14288860,826024,Dario Špikić,3036.0,45,25.0,44.2,0.0267,save,right-foot,assisted,sofascore
14288860,848521,Marios Vrousai,3036.0,40,19.3,66.5,0.0178,block,right-foot,regular,sofascore
14288860,1133063,Tunde Akinsola,483088.0,39,21.3,71.8,0.0194,miss,left-foot,assisted,sofascore
14288860,826024,Dario Špikić,3036.0,37,9.7,47.4,0.1102,block,right-foot,assisted,sofascore
14288860,826024,Dario Špikić,3036.0,36,20.1,41.9,0.0311,block,right-foot,regular,sofascore
14288860,126076,Tomané,483088.0,32,5.4,49.8,0.5335,goal,right-foot,corner,sofascore
14288860,930273,Olinho,3036.0,30,14.5,66.2,0.042,miss,right-foot,assisted,sofascore
14288860,1499082,Jalen Blesa,3036.0,29,8.9,47.4,0.0699,miss,head,assisted,sofascore
14288860,1176881,Diogo Bezerra,3036.0,27,17.5,56.0,0.2539,miss,right-foot,fast-break,sofascore
14288860,1499082,Jalen Blesa,3036.0,27,12.3,57.0,0.5257,save,left-foot,fast-break,sofascore
14288860,1185986,Óscar Perea,483088.0,25,22.4,25.8,0.0296,save,right-foot,fast-break,sofascore
14288860,1005992,Andreas Ndoj,3036.0,23,18.7,48.9,0.0894,miss,right-foot,assisted,sofascore
14288860,930273,Olinho,3036.0,18,22.7,36.4,0.0248,goal,left-foot,assisted,sofascore
14288860,1176881,Diogo Bezerra,3036.0,8,32.5,95.8,0.0903,miss,right-foot,fast-break,sofascore
14288860,126076,Tomané,483088.0,7,18.5,31.1,0.036,block,right-foot,fast-break,sofascore
14288860,1067648,Pedro Lima,483088.0,3,14.1,34.4,0.0181,block,left-foot,corner,sofascore
14288860,1133063,Tunde Akinsola,483088.0,1,13.0,73.3,0.0276,miss,left-foot,regular,sofascore
14288862,2033832,Davy Gui,190328.0,90,25.7,60.9,0.0221,miss,right-foot,assisted,sofascore
14288862,912781,Paulinho Bóia,3013.0,90,13.6,40.5,0.2489,miss,left-foot,fast-break,sofascore
14288862,1015826,Chiquinho,190328.0,88,21.5,19.9,0.0371,miss,right-foot,free-kick,sofascore
14288862,1405973,Bastien Meupiyou,190328.0,85,12.7,64.0,0.0345,block,left-foot,regular,sofascore
14288862,1112474,Ze Vitor,3013.0,81,10.6,53.8,0.0366,save,head,corner,sofascore
14288862,987597,Jesús Ramírez,3013.0,71,9.3,45.8,0.0505,miss,head,corner,sofascore
14288862,912781,Paulinho Bóia,3013.0,71,25.0,44.4,0.017,save,right-foot,corner,sofascore
14288862,987597,Jesús Ramírez,3013.0,67,10.1,42.3,0.4955,goal,right-foot,assisted,sofascore
14288862,1172052,Daniel Júnior,3013.0,60,25.4,61.7,0.0148,save,left-foot,assisted,sofascore
14288862,1002819,Gabriel Veron,3013.0,45,19.1,71.4,0.0432,save,right-foot,assisted,sofascore
14288862,992024,Rhaldney,190328.0,44,20.5,59.6,0.0488,save,right-foot,assisted,sofascore
14288862,987597,Jesús Ramírez,3013.0,40,12.9,43.8,0.0131,miss,head,set-piece,sofascore
14288862,344181,José Gomes,3013.0,30,8.9,46.2,0.0639,save,head,assisted,sofascore
14288862,822510,Liziero,3013.0,26,26.3,48.7,0.0279,miss,left-foot,regular,sofascore
14288862,1015826,Chiquinho,190328.0,23,14.8,29.3,0.0298,block,right-foot,throw-in-set-piece,sofascore
14288862,904849,Nabil Touaizi,190328.0,13,4.4,39.2,0.0899,save,right-foot,corner,sofascore
14288864,1459634,Luis Fernando,3011.0,90,4.9,63.6,0.0295,save,head,set-piece,sofascore
14288864,1151667,João Goulart,36365.0,90,12.3,44.1,0.0148,block,head,corner,sofascore
14288864,1015932,David Sousa,36365.0,85,5.1,50.2,0.1899,miss,head,corner,sofascore
14288864,1012448,Claudio Mendes,36365.0,81,7.4,48.3,0.4307,miss,right-foot,fast-break,sofascore
14288864,1046794,Gabriel Silva,3011.0,80,25.4,40.0,0.0236,miss,left-foot,assisted,sofascore
14288864,826054,Jérémy Livolant,36365.0,65,13.1,63.1,0.1518,miss,right-foot,fast-break,sofascore
14288864,849719,Gaizka Larrazabal,36365.0,55,3.9,64.4,0.0643,save,right-foot,regular,sofascore
14288864,1091103,Pedro Rosas,36365.0,50,23.2,31.7,0.0306,post,left-foot,assisted,sofascore
14288864,849719,Gaizka Larrazabal,36365.0,45,27.8,51.7,0.0275,save,right-foot,assisted,sofascore
14288864,826054,Jérémy Livolant,36365.0,36,17.9,28.7,0.025,miss,left-foot,regular,sofascore
14288864,849719,Gaizka Larrazabal,36365.0,36,6.4,52.2,0.284,save,left-foot,assisted,sofascore
14288864,1001753,Vinícius Lopes,3011.0,36,11.6,53.8,0.0448,save,right-foot,corner,sofascore
14288864,157023,Cassiano,36365.0,24,15.0,56.5,0.0866,miss,right-foot,regular,sofascore
14288864,138890,Gonçalo Paciência,3011.0,12,12.2,49.4,0.0334,miss,head,throw-in-set-piece,sofascore
14288864,991358,Lucas Soares,3011.0,2,24.8,62.8,0.0366,miss,right-foot,assisted,sofascore
14288866,1142261,Antonio Espigares,3010.0,90,10.0,48.1,0.0387,save,head,corner,sofascore
14288866,352448,Héctor Hernández,3010.0,82,5.2,55.4,0.1501,block,right-foot,corner,sofascore
14288866,1084746,Santi García,3010.0,69,2.7,59.8,0.0553,block,head,corner,sofascore
14288866,1146305,Gustavo Varela,3010.0,69,3.8,67.8,0.049,save,right-foot,assisted,sofascore
14288866,1468082,Gustavo Silva,3009.0,66,19.2,51.4,0.0637,goal,right-foot,assisted,sofascore
14288866,1563640,Oumar Camara,3009.0,65,12.9,69.9,0.0744,miss,right-foot,assisted,sofascore
14288866,1001662,Zé Carlos,3010.0,63,28.7,49.6,0.0088,miss,right-foot,corner,sofascore
14288866,1146305,Gustavo Varela,3010.0,62,12.5,52.2,0.0998,block,right-foot,assisted,sofascore
14288866,1468082,Gustavo Silva,3009.0,60,24.4,30.5,0.0122,miss,right-foot,assisted,sofascore
14288866,1146305,Gustavo Varela,3010.0,58,4.0,53.0,0.2381,miss,head,corner,sofascore
14288866,1097527,Luís Esteves,3010.0,57,23.8,47.4,0.0324,save,right-foot,regular,sofascore
14288866,1799336,Agustín Moreira,3010.0,57,10.8,38.5,0.4175,save,right-foot,assisted,sofascore
14288866,1153328,Noah Saviolo,3009.0,52,19.9,58.5,0.0337,miss,right-foot,corner,sofascore
14288866,1468082,Gustavo Silva,3009.0,52,25.8,68.8,0.011,block,right-foot,assisted,sofascore
14288866,785808,Samu,3009.0,47,10.9,55.2,0.2175,save,right-foot,assisted,sofascore
14288866,1468082,Gustavo Silva,3009.0,45,7.6,34.5,0.0718,miss,right-foot,assisted,sofascore
14288866,1153328,Noah Saviolo,3009.0,33,10.4,35.4,0.1281,post,left-foot,assisted,sofascore
14288866,1146305,Gustavo Varela,3010.0,29,12.0,71.7,0.0633,save,right-foot,fast-break,sofascore
14288866,1434543,Diogo Sousa,3009.0,29,3.6,41.5,0.1213,block,left-foot,throw-in-set-piece,sofascore
14288866,611880,Murilo,3010.0,13,12.6,68.7,0.0515,save,left-foot,regular,sofascore
14288866,1468082,Gustavo Silva,3009.0,2,23.1,30.6,0.0506,save,right-foot,free-kick,sofascore
14288867,845802,Jovane Cabral,3035.0,90,29.3,31.6,0.0265,block,right-foot,free-kick,sofascore
14288867,943713,Javi Sánchez,25777.0,90,11.9,55.8,0.0284,miss,head,corner,sofascore
14288867,1146225,Stefan Leković,3035.0,80,32.4,52.3,0.0163,miss,right-foot,assisted,sofascore
14288867,1410927,Max Scholze,3035.0,80,9.3,67.7,0.0362,block,left-foot,assisted,sofascore
14288867,1893864,Mateo Flores,25777.0,78,23.2,61.1,0.0449,block,left-foot,assisted,sofascore
14288867,801339,Rodrigo Pinho,3035.0,76,19.4,60.0,0.037,save,left-foot,assisted,sofascore
14288867,801339,Rodrigo Pinho,3035.0,72,6.9,55.1,0.1792,miss,head,corner,sofascore
14288867,845802,Jovane Cabral,3035.0,71,6.4,65.8,0.0687,block,right-foot,assisted,sofascore
14288867,989449,Kevin Höög Jansson,3035.0,66,9.0,44.3,0.0616,block,left-foot,corner,sofascore
14288867,801339,Rodrigo Pinho,3035.0,65,13.5,56.7,0.2925,save,right-foot,assisted,sofascore
14288867,910316,Ianis Stoica,3035.0,56,6.0,35.4,0.0684,post,left-foot,assisted,sofascore
14288867,863637,Tiago Esgaio,25777.0,46,3.9,55.3,0.5486,goal,left-foot,regular,sofascore
14288867,955133,Naïs Djouahra,25777.0,46,23.7,29.1,0.0241,save,right-foot,assisted,sofascore
14288867,801339,Rodrigo Pinho,3035.0,45,3.3,59.7,0.0853,miss,left-foot,corner,sofascore
14288867,913728,Ivan Barbero,25777.0,43,9.2,49.1,0.5803,save,right-foot,set-piece,sofascore
14288867,996932,Pablo Gozálbez,25777.0,42,9.8,59.8,0.0246,miss,head,assisted,sofascore
14288867,913728,Ivan Barbero,25777.0,38,22.3,53.2,0.0421,block,right-foot,assisted,sofascore
14288867,801339,Rodrigo Pinho,3035.0,35,7.0,50.1,0.2331,save,head,throw-in-set-piece,sofascore
14288867,801339,Rodrigo Pinho,3035.0,34,19.1,75.0,0.0438,miss,left-foot,free-kick,sofascore
14288867,910316,Ianis Stoica,3035.0,30,26.5,53.1,0.022,miss,right-foot,assisted,sofascore
14288867,913728,Ivan Barbero,25777.0,25,25.9,52.6,0.0378,miss,right-foot,assisted,sofascore
14288867,910316,Ianis Stoica,3035.0,24,12.2,62.2,0.1595,miss,right-foot,assisted,sofascore
14288867,1126965,Espen Van Ee,25777.0,20,27.5,47.4,0.0229,miss,right-foot,assisted,sofascore
14288867,913728,Ivan Barbero,25777.0,17,11.3,61.0,0.3506,save,right-foot,assisted,sofascore
14288867,863637,Tiago Esgaio,25777.0,5,17.8,64.6,0.0745,miss,right-foot,assisted,sofascore
14288865,830431,Francisco Trincão,3001.0,90,15.7,67.9,0.01,miss,left-foot,set-piece,sofascore
14288865,1001196,Gonçalo Inácio,3001.0,90,5.4,38.7,0.0683,block,right-foot,assisted,sofascore
14288865,252577,Rafa Silva,3006.0,90,7.1,48.2,0.373,goal,left-foot,assisted,sofascore
14288865,861979,Daniel Bragança,3001.0,90,23.5,58.4,0.0347,miss,left-foot,assisted,sofascore
14288865,830431,Francisco Trincão,3001.0,89,25.5,57.4,0.0182,block,left-foot,assisted,sofascore
14288865,74915,Nicolás Otamendi,3006.0,88,3.3,41.9,0.1002,miss,head,corner,sofascore
14288865,795236,Vangelis Pavlidis,3006.0,87,17.7,50.5,0.0484,block,right-foot,regular,sofascore
14288865,906800,Leandro Barreiro,3006.0,82,3.6,44.8,0.5182,miss,left-foot,assisted,sofascore
14288865,823631,Dodi Lukebakio,3006.0,81,28.4,51.9,0.023,block,left-foot,assisted,sofascore
14288865,1001140,Geny Catamo,3001.0,73,19.8,69.5,0.049,save,left-foot,fast-break,sofascore
14288865,926560,Hidemasa Morita,3001.0,72,6.5,42.5,0.1659,goal,head,assisted,sofascore
14288865,926560,Hidemasa Morita,3001.0,64,21.5,34.8,0.0162,miss,right-foot,assisted,sofascore
14288865,914213,Luis Javier Suárez,3001.0,62,15.1,72.1,0.0178,block,right-foot,assisted,sofascore
14288865,1100952,Andreas Schjelderup,3006.0,59,13.5,35.6,0.061,miss,right-foot,assisted,sofascore
14288865,895764,Pedro Gonçalves,3001.0,59,9.3,33.4,0.1021,save,right-foot,assisted,sofascore
14288865,859917,Morten Hjulmand,3001.0,55,29.0,52.1,0.0159,miss,right-foot,assisted,sofascore
14288865,1001140,Geny Catamo,3001.0,54,16.3,63.7,0.0471,miss,left-foot,assisted,sofascore
14288865,983542,Tomás Araújo,3006.0,53,9.9,49.7,0.061,miss,head,corner,sofascore
14288865,1100952,Andreas Schjelderup,3006.0,52,14.1,37.0,0.1097,save,right-foot,fast-break,sofascore
14288865,895764,Pedro Gonçalves,3001.0,50,15.5,36.8,0.0451,post,right-foot,fast-break,sofascore
14288865,993101,Samuel Dahl,3006.0,46,23.3,35.4,0.0195,save,left-foot,corner,sofascore
14288865,830431,Francisco Trincão,3001.0,45,24.6,62.8,0.0236,miss,left-foot,assisted,sofascore
14288865,895764,Pedro Gonçalves,3001.0,40,15.0,48.3,0.0661,block,right-foot,regular,sofascore
14288865,1100952,Andreas Schjelderup,3006.0,27,11.5,50.0,0.7884,goal,right-foot,penalty,sofascore
14288865,74915,Nicolás Otamendi,3006.0,25,12.0,41.5,0.0116,block,head,corner,sofascore
14288865,914213,Luis Javier Suárez,3001.0,19,11.5,50.0,0.7884,save,right-foot,penalty,sofascore
14288865,895764,Pedro Gonçalves,3001.0,13,12.8,31.5,0.0356,miss,left-foot,corner,sofascore
14288865,993101,Samuel Dahl,3006.0,9,24.1,39.9,0.0114,miss,left-foot,corner,sofascore
14288865,74915,Nicolás Otamendi,3006.0,8,8.5,53.8,0.1139,save,head,corner,sofascore
14288865,1015292,Richard Ríos,3006.0,8,22.3,62.8,0.0352,block,left-foot,assisted,sofascore
14288865,895764,Pedro Gonçalves,3001.0,6,3.8,29.7,0.0412,miss,right-foot,corner,sofascore
14288865,1001140,Geny Catamo,3001.0,6,22.7,53.6,0.033,save,left-foot,corner,sofascore
14288865,1001140,Geny Catamo,3001.0,5,14.1,59.3,0.0508,save,left-foot,regular,sofascore
14288869,314380,Ricardo Horta,2999.0,90,11.5,50.0,0.7884,goal,right-foot,penalty,sofascore
14288869,1485309,Gabriel Moscardo,2999.0,90,3.3,53.8,0.2082,miss,head,corner,sofascore
14288869,965263,Gustaf Lagerbielke,2999.0,90,8.6,50.1,0.1378,save,head,assisted,sofascore
14288869,1142613,Demir Ege Tıknaz,2999.0,90,24.4,55.8,0.051,block,left-foot,assisted,sofascore
14288869,1142613,Demir Ege Tıknaz,2999.0,84,10.1,51.1,0.0509,save,head,set-piece,sofascore
14288869,190137,Rafa Soares,49531.0,65,7.7,42.7,0.2255,goal,left-foot,assisted,sofascore
14288869,186719,Florian Grillitsch,2999.0,62,20.6,62.0,0.0493,miss,right-foot,regular,sofascore
14288869,314380,Ricardo Horta,2999.0,62,13.0,58.7,0.1474,block,left-foot,assisted,sofascore
14288869,965263,Gustaf Lagerbielke,2999.0,59,4.0,39.7,0.0868,miss,head,corner,sofascore
14288869,836676,Tom Van De Looi,49531.0,45,24.0,15.8,0.0154,miss,right-foot,assisted,sofascore
14288869,1049526,Simon Elisor,49531.0,43,4.5,42.1,0.0988,miss,head,corner,sofascore
14288869,583838,Gil Dias,49531.0,40,10.6,64.6,0.1365,goal,left-foot,assisted,sofascore
14288869,887754,Vítor Carvalho,2999.0,22,10.1,50.2,0.0366,miss,head,corner,sofascore
14288869,836676,Tom Van De Looi,49531.0,8,27.8,48.0,0.0151,miss,right-foot,corner,sofascore
14288869,583838,Gil Dias,49531.0,7,25.1,65.4,0.0181,save,left-foot,regular,sofascore
14288869,914772,Fran Navarro,2999.0,2,11.7,36.8,0.2241,goal,left-foot,assisted,sofascore
14288868,1010505,Gabri Veiga,3002.0,90,29.0,50.2,0.0351,block,right-foot,free-kick,sofascore
14288868,286085,Jan Bednarek,3002.0,88,2.3,45.7,0.3427,miss,head,corner,sofascore
14288868,1482435,Juan Rodríguez,38396.0,85,23.0,70.0,0.0288,miss,left-foot,corner,sofascore
14288868,1146013,Hugo Félix,38396.0,81,25.3,30.0,0.0206,save,right-foot,assisted,sofascore
14288868,1133070,Tiago Manso,38396.0,74,26.6,62.4,0.027,save,right-foot,assisted,sofascore
14288868,1160957,Alberto Costa,3002.0,72,5.2,67.9,0.0489,save,right-foot,regular,sofascore
14288868,1406639,Victor Froholdt,3002.0,72,4.4,53.6,0.5052,save,left-foot,assisted,sofascore
14288868,1639250,William Gomes,3002.0,71,11.9,65.0,0.0717,block,left-foot,assisted,sofascore
14288868,1406639,Victor Froholdt,3002.0,65,8.4,35.2,0.0619,goal,left-foot,regular,sofascore
14288868,1160957,Alberto Costa,3002.0,53,12.2,57.5,0.1577,block,left-foot,assisted,sofascore
14288868,1406639,Victor Froholdt,3002.0,51,16.9,44.0,0.055,miss,left-foot,assisted,sofascore
14288868,1010505,Gabri Veiga,3002.0,48,8.6,42.3,0.3525,goal,left-foot,assisted,sofascore
14288868,1406639,Victor Froholdt,3002.0,45,10.7,60.6,0.0819,miss,right-foot,corner,sofascore
14288868,1548929,Oskar Pietuszewski,3002.0,45,19.5,29.1,0.0182,save,right-foot,set-piece,sofascore
14288868,1066560,Alan Varela,3002.0,39,11.5,50.0,0.7884,save,right-foot,penalty,sofascore
14288868,1410240,Rodrigo Mora,3002.0,37,18.5,43.4,0.0864,block,right-foot,assisted,sofascore
14288868,976037,Jakub Kiwior,3002.0,33,4.2,47.6,0.2611,miss,head,corner,sofascore
14288868,1066560,Alan Varela,3002.0,29,26.7,28.3,0.0311,miss,right-foot,free-kick,sofascore
14288868,988882,Joe Hodge,38396.0,24,31.5,77.1,0.0109,save,right-foot,regular,sofascore
14288868,987510,Zaidu Sanusi,3002.0,23,28.1,43.4,0.0185,block,left-foot,regular,sofascore
14288868,190147,Rony Lopes,38396.0,20,24.1,71.0,0.0358,miss,left-foot,free-kick,sofascore
14288868,1407720,Deniz Gül,3002.0,17,4.3,66.8,0.08,miss,right-foot,throw-in-set-piece,sofascore
14288868,1406639,Victor Froholdt,3002.0,17,11.3,73.2,0.0195,block,right-foot,throw-in-set-piece,sofascore
14288868,286085,Jan Bednarek,3002.0,14,10.1,53.2,0.0505,block,head,assisted,sofascore
14288868,1066560,Alan Varela,3002.0,10,26.2,43.2,0.0361,save,right-foot,regular,sofascore
14288868,1548929,Oskar Pietuszewski,3002.0,6,15.6,38.5,0.0463,miss,right-foot,fast-break,sofascore
14288868,976037,Jakub Kiwior,3002.0,2,8.9,58.0,0.0233,save,head,corner,sofascore
14288861,1188685,Yan Maranhão,3014.0,72,4.3,38.7,0.0354,miss,head,corner,sofascore
14288861,1471229,Landerson,3014.0,71,11.5,41.2,0.1893,save,right-foot,assisted,sofascore
14288861,905455,Alan,3014.0,66,13.7,44.3,0.2607,save,left-foot,fast-break,sofascore
14288861,1166006,Mateja Stjepanović,3014.0,60,20.2,71.2,0.0151,miss,right-foot,set-piece,sofascore
14288861,826210,Rafik Guitane,4500.0,59,12.0,68.8,0.0382,post,left-foot,regular,sofascore
14288861,930246,Yanis Begraoui,4500.0,42,9.8,26.7,0.0148,block,right-foot,assisted,sofascore
14288861,1471229,Landerson,3014.0,32,13.7,32.0,0.0393,block,left-foot,regular,sofascore
14288861,1511977,Pedro Carvalho,4500.0,29,4.0,63.0,0.2486,post,right-foot,assisted,sofascore
14288861,1142254,Rodrigo Alonso,3014.0,22,7.4,42.4,0.1121,save,left-foot,assisted,sofascore
14288861,1166006,Mateja Stjepanović,3014.0,20,12.0,44.2,0.0168,block,head,corner,sofascore
14288861,930246,Yanis Begraoui,4500.0,18,14.4,46.4,0.1359,save,right-foot,assisted,sofascore
14288861,1819304,Kevyn Monteiro,3014.0,16,11.5,47.5,0.0356,miss,head,assisted,sofascore
14288861,905455,Alan,3014.0,12,21.9,42.7,0.0538,goal,right-foot,assisted,sofascore
14288861,2030567,Afonso Assis,3014.0,8,23.3,42.1,0.0415,miss,left-foot,assisted,sofascore
14288828,1091103,Pedro Rosas,36365.0,75,13.6,40.7,0.1757,miss,right-foot,assisted,sofascore
14288828,849719,Gaizka Larrazabal,36365.0,70,20.6,58.4,0.028,save,left-foot,corner,sofascore
14288828,314380,Ricardo Horta,2999.0,68,17.0,31.1,0.0495,miss,right-foot,assisted,sofascore
14288828,892170,Lawrence Ofori,36365.0,66,23.6,37.4,0.0127,block,right-foot,corner,sofascore
14288828,1015932,David Sousa,36365.0,60,24.7,26.8,0.0103,miss,left-foot,assisted,sofascore
14288828,1091103,Pedro Rosas,36365.0,55,18.1,26.0,0.0322,block,left-foot,fast-break,sofascore
14288828,1134430,Gabriel Martínez,2999.0,53,27.0,38.3,0.019,block,right-foot,assisted,sofascore
14288828,1134430,Gabriel Martínez,2999.0,51,14.2,32.9,0.0223,miss,right-foot,corner,sofascore
14288828,1131015,Iyad Mohamed,36365.0,48,29.4,52.6,0.0124,miss,left-foot,set-piece,sofascore
14288828,1012448,Claudio Mendes,36365.0,45,5.5,54.4,0.2163,miss,right-foot,assisted,sofascore
14288828,877918,Victor Gómez,2999.0,41,27.8,47.3,0.0274,miss,right-foot,assisted,sofascore
14288828,1031567,Pau Víctor,2999.0,37,3.2,57.1,0.2908,goal,head,corner,sofascore
14288828,1031567,Pau Víctor,2999.0,26,30.8,57.4,0.0162,block,right-foot,assisted,sofascore
14288828,1142613,Demir Ege Tıknaz,2999.0,25,26.8,39.3,0.0271,save,right-foot,assisted,sofascore
14288828,314380,Ricardo Horta,2999.0,12,20.0,26.2,0.029,miss,right-foot,assisted,sofascore
14288876,1100957,Marko Milovanović,190328.0,79,4.0,36.0,0.0685,block,left-foot,assisted,sofascore
14288876,1100957,Marko Milovanović,190328.0,71,4.9,44.2,0.3155,goal,head,assisted,sofascore
14288876,973517,Alfonso Trezza,25777.0,62,14.5,54.6,0.1045,miss,right-foot,assisted,sofascore
14288876,955133,Naïs Djouahra,25777.0,62,17.7,30.3,0.0356,block,right-foot,fast-break,sofascore
14288876,1105790,Figueiredo,190328.0,61,29.4,61.5,0.0276,miss,right-foot,fast-break,sofascore
14288876,1126965,Espen Van Ee,25777.0,59,30.3,39.5,0.0117,miss,right-foot,regular,sofascore
14288876,1105857,Taichi Fukui,25777.0,57,26.8,41.9,0.0163,miss,right-foot,corner,sofascore
14288876,339879,Bas Kuipers,25777.0,52,14.5,27.0,0.0281,miss,left-foot,assisted,sofascore
14288876,1105857,Taichi Fukui,25777.0,52,29.5,67.6,0.0188,save,right-foot,fast-break,sofascore
14288876,1126965,Espen Van Ee,25777.0,49,26.8,34.0,0.0208,goal,right-foot,assisted,sofascore
14288876,1105790,Figueiredo,190328.0,48,20.0,44.4,0.0308,save,right-foot,corner,sofascore
14288876,1105857,Taichi Fukui,25777.0,47,30.6,51.3,0.0194,block,right-foot,assisted,sofascore
14288876,955133,Naïs Djouahra,25777.0,42,25.3,68.2,0.0135,block,right-foot,corner,sofascore
14288876,955133,Naïs Djouahra,25777.0,41,21.9,38.9,0.0575,block,right-foot,assisted,sofascore
14288876,992024,Rhaldney,190328.0,37,9.4,70.3,0.0352,block,right-foot,assisted,sofascore
14288876,1105790,Figueiredo,190328.0,27,9.3,69.2,0.0331,miss,right-foot,assisted,sofascore
14288876,913728,Ivan Barbero,25777.0,15,9.4,49.3,0.051,miss,head,corner,sofascore
14288876,964609,Jose Fontán,25777.0,14,9.7,41.7,0.1049,block,left-foot,set-piece,sofascore
14288876,1167068,Kaiky Naves,190328.0,9,2.6,43.7,0.3392,goal,head,corner,sofascore
14288876,913728,Ivan Barbero,25777.0,3,11.1,42.1,0.0834,miss,left-foot,regular,sofascore
14288876,996932,Pablo Gozálbez,25777.0,2,7.6,46.2,0.2991,save,right-foot,regular,sofascore
14288871,190147,Rony Lopes,38396.0,90,22.8,66.6,0.0519,miss,left-foot,free-kick,sofascore
14288871,987597,Jesús Ramírez,3013.0,90,4.6,43.8,0.4354,miss,right-foot,fast-break,sofascore
14288871,1136902,Makan Aïko,38396.0,90,6.9,39.3,0.0309,save,head,corner,sofascore
14288871,1112474,Ze Vitor,3013.0,90,39.9,37.8,0.0116,miss,left-foot,regular,sofascore
14288871,1133070,Tiago Manso,38396.0,90,12.5,38.9,0.109,save,left-foot,regular,sofascore
14288871,190147,Rony Lopes,38396.0,89,25.0,65.4,0.0129,block,left-foot,assisted,sofascore
14288871,1068519,João Silva,38396.0,75,9.2,54.0,0.0457,miss,head,corner,sofascore
14288871,1133070,Tiago Manso,38396.0,70,19.5,28.6,0.0097,miss,right-foot,regular,sofascore
14288871,1172052,Daniel Júnior,3013.0,63,17.3,67.5,0.0319,save,left-foot,fast-break,sofascore
14288871,1579664,Pablo Messias Cardozo,3013.0,56,14.7,58.7,0.1023,block,right-foot,regular,sofascore
14288871,851030,Filipe Soares,3013.0,52,24.7,54.2,0.0267,miss,left-foot,throw-in-set-piece,sofascore
14288871,190147,Rony Lopes,38396.0,51,22.9,46.2,0.0367,miss,left-foot,assisted,sofascore
14288871,912781,Paulinho Bóia,3013.0,51,16.6,39.1,0.1293,save,right-foot,fast-break,sofascore
14288871,190147,Rony Lopes,38396.0,49,8.6,43.4,0.1273,block,left-foot,assisted,sofascore
14288871,190147,Rony Lopes,38396.0,48,7.9,55.4,0.199,block,left-foot,assisted,sofascore
14288871,988882,Joe Hodge,38396.0,48,20.9,58.5,0.0492,save,right-foot,assisted,sofascore
14288871,1133070,Tiago Manso,38396.0,47,13.5,34.2,0.0478,block,right-foot,assisted,sofascore
14288871,190147,Rony Lopes,38396.0,47,23.5,61.3,0.0262,save,left-foot,assisted,sofascore
14288871,1020610,Matheus Dias,3013.0,46,18.8,51.1,0.0279,save,left-foot,set-piece,sofascore
14288871,987597,Jesús Ramírez,3013.0,46,30.0,38.5,0.0099,block,right-foot,set-piece,sofascore
14288871,1482435,Juan Rodríguez,38396.0,34,27.2,45.8,0.0137,miss,right-foot,assisted,sofascore
14288871,1187281,Brayan Medina,3013.0,31,3.3,49.1,,goal,head,corner,sofascore
14288871,1579664,Pablo Messias Cardozo,3013.0,31,22.5,35.6,0.0156,block,left-foot,assisted,sofascore
14288871,917006,Arjen Van Der Heide,38396.0,28,8.3,60.1,0.1984,miss,right-foot,assisted,sofascore
14288871,1187281,Brayan Medina,38396.0,26,7.4,51.3,0.1024,save,head,corner,sofascore
14288871,1146013,Hugo Félix,38396.0,26,16.3,50.5,0.0464,block,right-foot,assisted,sofascore
14288871,917006,Arjen Van Der Heide,38396.0,26,15.8,54.4,0.0389,block,left-foot,assisted,sofascore
14288871,917006,Arjen Van Der Heide,38396.0,25,9.5,36.8,0.1834,block,left-foot,fast-break,sofascore
14288871,988882,Joe Hodge,38396.0,24,15.6,54.4,0.1031,block,left-foot,assisted,sofascore
14288871,190147,Rony Lopes,38396.0,24,17.0,70.1,0.0217,miss,right-foot,assisted,sofascore
14288871,987597,Jesús Ramírez,3013.0,22,7.3,53.6,0.0855,goal,head,corner,sofascore
14288871,1579664,Pablo Messias Cardozo,3013.0,22,23.7,53.4,0.0217,block,right-foot,regular,sofascore
14288871,190147,Rony Lopes,38396.0,21,11.1,59.9,0.0874,miss,left-foot,assisted,sofascore
14288871,912781,Paulinho Bóia,3013.0,17,7.1,32.5,0.0571,save,left-foot,assisted,sofascore
14288871,987597,Jesús Ramírez,3013.0,11,20.9,26.0,0.0106,block,right-foot,assisted,sofascore
14288871,344181,José Gomes,3013.0,10,13.8,47.4,0.0287,miss,head,corner,sofascore
14288871,912781,Paulinho Bóia,3013.0,10,20.9,28.4,0.0074,block,left-foot,corner,sofascore
14288871,1020610,Matheus Dias,3013.0,9,5.4,56.2,0.2154,save,head,set-piece,sofascore
14288871,917006,Arjen Van Der Heide,38396.0,3,22.9,71.6,0.0164,miss,left-foot,assisted,sofascore
14288871,987597,Jesús Ramírez,3013.0,3,6.6,56.2,0.1069,block,right-foot,corner,sofascore
14288877,1103333,Franjo Ivanović,3006.0,90,4.6,52.1,0.5659,goal,left-foot,fast-break,sofascore
14288877,1103333,Franjo Ivanović,3006.0,89,8.0,66.4,0.0618,goal,right-foot,assisted,sofascore
14288877,74915,Nicolás Otamendi,3006.0,86,9.8,55.0,0.0334,save,head,corner,sofascore
14288877,1103333,Franjo Ivanović,3006.0,83,13.0,67.5,0.0296,miss,left-foot,assisted,sofascore
14288877,1166006,Mateja Stjepanović,3014.0,73,25.0,31.9,0.0123,miss,left-foot,assisted,sofascore
14288877,1102791,Amar Dedić,3006.0,68,19.5,70.9,0.0146,block,right-foot,assisted,sofascore
14288877,1015292,Richard Ríos,3006.0,57,25.9,25.4,0.0172,save,right-foot,assisted,sofascore
14288877,795236,Vangelis Pavlidis,3006.0,54,15.3,42.4,0.0531,block,right-foot,assisted,sofascore
14288877,1001848,Nile John,3014.0,51,27.7,36.0,0.012,miss,right-foot,assisted,sofascore
14288877,850976,Alexander Bah,3006.0,41,4.3,40.7,0.2428,save,left-foot,set-piece,sofascore
14288877,823631,Dodi Lukebakio,3006.0,35,11.3,63.8,0.1233,block,left-foot,fast-break,sofascore
14288877,2030567,Afonso Assis,3014.0,34,8.9,59.3,0.0297,miss,head,set-piece,sofascore
14288877,1015292,Richard Ríos,3006.0,29,13.9,62.6,0.1166,goal,right-foot,assisted,sofascore
14288877,1142578,Diogo Travassos,3014.0,26,9.2,68.7,0.3068,goal,left-foot,fast-break,sofascore
14288877,1006069,António Silva,3006.0,26,9.2,51.7,0.0445,miss,head,corner,sofascore
14288877,795236,Vangelis Pavlidis,3006.0,25,18.7,53.0,0.0428,block,right-foot,assisted,sofascore
14288877,795236,Vangelis Pavlidis,3006.0,18,11.1,50.5,0.2037,miss,left-foot,assisted,sofascore
14288877,823631,Dodi Lukebakio,3006.0,17,7.3,71.8,0.0202,miss,left-foot,assisted,sofascore
14288877,1006069,António Silva,3006.0,11,9.1,50.7,0.0505,post,head,corner,sofascore
14288877,1006069,António Silva,3006.0,10,9.1,46.6,0.048,save,head,corner,sofascore
14288877,905455,Alan,3014.0,8,10.8,75.4,0.0093,save,right-foot,corner,sofascore
14288877,1153099,Gilberto Batista,3014.0,8,4.0,55.4,0.3817,save,head,corner,sofascore
14288877,1082948,Kiko Bondoso,3014.0,7,15.1,53.6,0.0946,save,right-foot,corner,sofascore
14288877,1130513,Fabiano Souza,3014.0,7,12.2,69.7,0.0482,block,right-foot,assisted,sofascore
14288877,906800,Leandro Barreiro,3006.0,2,4.5,51.1,0.3266,goal,right-foot,assisted,sofascore
14288878,1488511,Tony Strata,3009.0,90,25.6,58.5,0.0355,goal,right-foot,assisted,sofascore
14288878,1485731,Rafael Lobato,3036.0,90,11.7,68.4,0.0452,save,left-foot,assisted,sofascore
14288878,1094384,Tamblé Monteiro,3036.0,90,13.8,38.5,0.0447,block,right-foot,assisted,sofascore
14288878,1468082,Gustavo Silva,3009.0,80,18.4,53.2,0.0835,block,right-foot,fast-break,sofascore
14288878,785808,Samu,3009.0,76,8.0,51.7,0.1348,miss,left-foot,assisted,sofascore
14288878,785808,Samu,3009.0,72,4.0,46.0,0.5891,goal,left-foot,assisted,sofascore
14288878,1499082,Jalen Blesa,3036.0,70,15.7,48.3,0.1153,save,left-foot,assisted,sofascore
14288878,930273,Olinho,3036.0,67,14.5,59.9,0.1112,save,right-foot,assisted,sofascore
14288878,785808,Samu,3009.0,62,9.5,35.6,0.0564,block,left-foot,regular,sofascore
14288878,1153328,Noah Saviolo,3009.0,62,12.5,29.8,0.0221,block,right-foot,assisted,sofascore
14288878,826024,Dario Špikić,3036.0,56,17.3,46.8,0.1195,save,right-foot,regular,sofascore
14288878,1563640,Oumar Camara,3009.0,51,19.5,56.6,0.0595,miss,left-foot,assisted,sofascore
14288878,1133568,João Mendes,3009.0,48,24.0,27.4,0.0172,miss,left-foot,assisted,sofascore
14288878,1468082,Gustavo Silva,3009.0,45,4.1,61.7,0.0796,miss,right-foot,regular,sofascore
14288878,785808,Samu,3009.0,41,21.5,32.5,0.0591,save,left-foot,assisted,sofascore
14288878,1563640,Oumar Camara,3009.0,12,8.8,71.4,0.0372,miss,right-foot,assisted,sofascore
14288874,1002443,Gustavo García,49531.0,90,15.4,63.6,0.0128,save,head,set-piece,sofascore
14288874,930246,Yanis Begraoui,4500.0,88,19.2,69.5,0.0268,miss,right-foot,assisted,sofascore
14288874,994532,Antef Tsoungui,4500.0,82,13.0,48.7,0.0576,miss,right-foot,corner,sofascore
14288874,930246,Yanis Begraoui,4500.0,76,8.0,58.1,0.102,block,right-foot,assisted,sofascore
14288874,548044,João Carvalho,4500.0,53,28.7,46.9,0.0224,save,right-foot,assisted,sofascore
14288874,876255,Justin De Haas,49531.0,51,11.5,50.0,0.7884,goal,left-foot,penalty,sofascore
14288874,930246,Yanis Begraoui,4500.0,43,14.1,42.3,0.1059,block,left-foot,regular,sofascore
14288874,834247,Pedro Amaral,4500.0,43,18.2,28.2,0.023,block,left-foot,assisted,sofascore
14288874,583838,Gil Dias,49531.0,31,12.9,27.5,0.0279,save,left-foot,fast-break,sofascore
14288874,858705,Xeka,4500.0,30,22.9,44.6,0.0348,block,right-foot,assisted,sofascore
14288874,1595506,Ibrahima Ba,49531.0,27,3.0,38.3,0.0483,save,head,corner,sofascore
14288874,858705,Xeka,4500.0,10,28.7,48.4,0.0225,miss,right-foot,assisted,sofascore
14288874,1049526,Simon Elisor,49531.0,9,7.4,54.4,0.1775,save,left-foot,assisted,sofascore
14288874,986726,Ricard Sánchez,4500.0,8,20.1,67.6,0.0451,save,left-foot,regular,sofascore
14288874,1105595,Sorriso,49531.0,3,13.7,40.8,0.0915,save,right-foot,assisted,sofascore
14288872,1046794,Gabriel Silva,3011.0,83,23.7,56.6,0.0323,goal,right-foot,regular,sofascore
14288872,1799251,Brenner,3011.0,79,8.6,57.0,0.4507,miss,right-foot,fast-break,sofascore
14288872,138890,Gonçalo Paciência,3011.0,74,12.9,47.2,0.0922,block,right-foot,assisted,sofascore
14288872,138890,Gonçalo Paciência,3011.0,71,10.4,44.4,0.22,goal,left-foot,assisted,sofascore
14288872,254815,Frederico Venâncio,3011.0,70,3.2,57.3,0.1851,miss,head,set-piece,sofascore
14288872,989385,Welinton Torrao,3011.0,66,3.8,52.9,0.5584,miss,head,set-piece,sofascore
14288872,1162051,Gustavo Klismahn,3011.0,63,20.3,50.5,0.0517,miss,left-foot,regular,sofascore
14288872,1014048,Amine El Ouazzani,2999.0,50,24.6,43.4,0.0499,save,right-foot,assisted,sofascore
14288872,2155276,José Tavares,3011.0,45,26.0,52.4,0.0261,miss,right-foot,assisted,sofascore
14288872,1131145,Sidney Lima,3011.0,41,8.9,51.7,0.1793,save,head,set-piece,sofascore
14288872,966575,Rodrigo Zalazar,2999.0,38,20.3,36.6,0.0954,block,right-foot,free-kick,sofascore
14288872,1046794,Gabriel Silva,3011.0,32,25.7,23.5,0.0155,miss,right-foot,assisted,sofascore
14288872,966575,Rodrigo Zalazar,2999.0,30,12.2,31.7,0.027,goal,right-foot,assisted,sofascore
14288872,254815,Frederico Venâncio,3011.0,10,28.2,59.9,0.0089,miss,right-foot,throw-in-set-piece,sofascore
14288872,1046794,Gabriel Silva,3011.0,9,4.3,48.1,0.8682,miss,left-foot,assisted,sofascore
14288872,2155276,José Tavares,3011.0,7,26.6,57.5,0.0194,block,right-foot,assisted,sofascore
14288872,138890,Gonçalo Paciência,3011.0,5,8.3,44.6,0.135,miss,left-foot,set-piece,sofascore
14288875,987490,Bruno Langa,3035.0,90,26.1,27.7,0.0178,miss,left-foot,assisted,sofascore
14288875,943595,Sydney van Hooijdonk,3035.0,89,8.7,44.8,0.0564,save,head,assisted,sofascore
14288875,845802,Jovane Cabral,3035.0,79,6.9,45.4,0.1179,goal,head,set-piece,sofascore
14288875,1090543,Abraham Marcus,3035.0,75,12.5,66.0,0.0507,block,left-foot,assisted,sofascore
14288875,1410240,Rodrigo Mora,3002.0,72,15.0,46.8,0.0947,miss,left-foot,regular,sofascore
14288875,1548929,Oskar Pietuszewski,3002.0,65,18.5,46.6,0.0225,block,right-foot,corner,sofascore
14288875,1090543,Abraham Marcus,3035.0,63,6.7,58.9,0.7794,post,left-foot,regular,sofascore
14288875,910316,Ianis Stoica,3035.0,62,11.9,33.1,0.1756,post,left-foot,assisted,sofascore
14288875,1090543,Abraham Marcus,3035.0,58,9.9,63.2,0.3905,post,right-foot,fast-break,sofascore
14288875,882664,Pepê,3002.0,52,18.5,65.8,0.0225,miss,right-foot,corner,sofascore
14288875,976037,Jakub Kiwior,3002.0,51,5.8,48.5,0.0822,save,other,corner,sofascore
14288875,1406639,Victor Froholdt,3002.0,44,13.8,55.8,0.0684,block,right-foot,regular,sofascore
14288875,989449,Kevin Höög Jansson,3035.0,42,25.6,39.7,0.0321,miss,left-foot,assisted,sofascore
14288875,1407720,Deniz Gül,3002.0,37,3.0,46.4,0.5802,goal,head,assisted,sofascore
14288875,1090543,Abraham Marcus,3035.0,35,18.1,68.1,0.0346,block,left-foot,assisted,sofascore
14288875,1548929,Oskar Pietuszewski,3002.0,32,20.2,21.3,0.0158,save,right-foot,assisted,sofascore
14288875,1407720,Deniz Gül,3002.0,17,11.5,50.0,0.7884,goal,right-foot,penalty,sofascore
14288875,910316,Ianis Stoica,3035.0,12,21.6,31.3,0.025,miss,left-foot,assisted,sofascore
14288875,1010505,Gabri Veiga,3002.0,10,25.7,27.8,0.0141,miss,right-foot,assisted,sofascore
14288875,1548929,Oskar Pietuszewski,3002.0,6,23.8,30.9,0.026,block,right-foot,assisted,sofascore
14288875,286085,Jan Bednarek,3002.0,4,2.6,38.9,0.0986,miss,right-foot,set-piece,sofascore
14288873,830431,Francisco Trincão,3001.0,90,19.7,57.9,0.0701,miss,left-foot,assisted,sofascore
14288873,44685,Nenê,483088.0,90,27.8,10.1,0.0352,miss,right-foot,free-kick,sofascore
14288873,926560,Hidemasa Morita,3001.0,90,4.9,53.8,0.7383,miss,right-foot,assisted,sofascore
14288873,1185986,Óscar Perea,483088.0,90,18.4,40.3,0.3072,post,right-foot,fast-break,sofascore
14288873,914213,Luis Javier Suárez,3001.0,90,21.1,34.2,0.0174,miss,right-foot,assisted,sofascore
14288873,44685,Nenê,483088.0,89,53.3,73.6,0.0061,miss,right-foot,fast-break,sofascore
14288873,1133063,Tunde Akinsola,483088.0,87,20.7,56.6,0.034,block,left-foot,assisted,sofascore
14288873,1001140,Geny Catamo,3001.0,82,10.7,58.1,0.1616,post,left-foot,regular,sofascore
14288873,929193,Maximiliano Araújo,3001.0,82,20.0,30.7,0.0246,save,right-foot,assisted,sofascore
14288873,1133063,Tunde Akinsola,483088.0,81,19.2,64.8,0.0374,save,left-foot,regular,sofascore
14288873,1464248,Luis Guilherme,3001.0,79,17.8,30.5,0.0264,save,right-foot,corner,sofascore
14288873,1001140,Geny Catamo,3001.0,76,8.8,55.4,0.0803,save,head,assisted,sofascore
14288873,1003071,Diego Duarte,483088.0,75,16.6,47.9,0.0567,save,left-foot,throw-in-set-piece,sofascore
14288873,914213,Luis Javier Suárez,3001.0,72,4.5,56.1,0.1892,block,right-foot,assisted,sofascore
14288873,1394342,Ousmane Diomande,3001.0,71,7.0,51.3,0.1241,save,head,set-piece,sofascore
14288873,1067648,Pedro Lima,483088.0,66,11.5,50.0,0.7884,goal,left-foot,penalty,sofascore
14288873,1067648,Pedro Lima,483088.0,61,9.9,37.6,0.0207,block,head,assisted,sofascore
14288873,886402,Giorgi Kochorashvili,3001.0,56,19.1,33.6,0.0743,block,right-foot,free-kick,sofascore
14288873,895764,Pedro Gonçalves,3001.0,50,21.2,46.6,0.0421,post,right-foot,assisted,sofascore
14288873,1464415,Rafael Nel,3001.0,47,1.0,47.6,0.9706,goal,left-foot,assisted,sofascore
14288873,1403165,Geovany Quenda,3001.0,45,4.0,31.1,0.0349,miss,left-foot,corner,sofascore
14288873,1003071,Diego Duarte,483088.0,42,13.9,43.4,0.1005,block,left-foot,fast-break,sofascore
14288873,1900362,Guilherme Neiva,483088.0,39,22.2,37.6,0.0348,save,right-foot,fast-break,sofascore
14288873,830431,Francisco Trincão,3001.0,36,18.2,61.5,0.033,miss,left-foot,set-piece,sofascore
14288873,1067648,Pedro Lima,483088.0,35,29.6,49.5,0.0242,miss,left-foot,fast-break,sofascore
14288873,895764,Pedro Gonçalves,3001.0,13,4.6,61.5,0.0941,save,right-foot,assisted,sofascore
14288873,1166952,Georgios Vagiannidis,3001.0,10,13.3,69.5,0.0364,miss,left-foot,assisted,sofascore
14288873,1403165,Geovany Quenda,3001.0,8,21.9,58.1,0.0352,miss,left-foot,set-piece,sofascore
14288873,1126512,Zeno Debast,3001.0,6,10.1,39.1,0.0687,save,left-foot,corner,sofascore
14288870,1012448,Claudio Mendes,36365.0,90,8.6,52.6,0.0842,miss,head,assisted,sofascore
14288870,1799336,Agustín Moreira,3010.0,83,18.8,49.9,0.2807,save,right-foot,assisted,sofascore
14288870,1146305,Gustavo Varela,3010.0,80,8.9,45.0,0.1305,block,right-foot,regular,sofascore
14288870,1799336,Agustín Moreira,3010.0,80,12.3,26.8,0.0171,block,left-foot,assisted,sofascore
14288870,611880,Murilo,3010.0,73,11.5,50.0,0.7884,goal,left-foot,penalty,sofascore
14288870,1114164,Marvin Elimbi Gilbert,3010.0,67,7.4,45.8,0.1673,miss,head,throw-in-set-piece,sofascore
14288870,1004444,Jonathan Mutombo,3010.0,62,28.7,35.2,0.0134,block,right-foot,regular,sofascore
14288870,1146305,Gustavo Varela,3010.0,62,11.4,66.2,0.0767,save,right-foot,assisted,sofascore
14288870,826054,Jérémy Livolant,36365.0,57,15.5,48.7,0.0564,miss,left-foot,throw-in-set-piece,sofascore
14288870,1001662,Zé Carlos,3010.0,54,13.6,61.7,0.0394,block,left-foot,throw-in-set-piece,sofascore
14288870,157023,Cassiano,36365.0,49,25.9,43.6,0.0178,save,right-foot,assisted,sofascore
14288870,157023,Cassiano,36365.0,45,11.5,50.0,0.7884,goal,right-foot,penalty,sofascore
14288870,1097527,Luís Esteves,3010.0,45,20.7,63.6,0.0268,miss,right-foot,throw-in-set-piece,sofascore
14288870,1015932,David Sousa,36365.0,38,7.1,45.0,0.0777,miss,head,corner,sofascore
14288870,611880,Murilo,3010.0,31,8.5,57.0,0.2168,goal,left-foot,throw-in-set-piece,sofascore
14288870,1084746,Santi García,3010.0,24,16.9,58.5,0.113,block,right-foot,regular,sofascore
14288870,611880,Murilo,3010.0,17,22.8,28.0,0.0066,miss,left-foot,corner,sofascore
14288870,157023,Cassiano,36365.0,7,8.2,53.2,0.1676,miss,head,assisted,sofascore
14288870,983537,Rafael Brito,36365.0,7,13.6,67.5,0.0201,block,right-foot,assisted,sofascore
14288821,966575,Rodrigo Zalazar,2999.0,90,11.5,50.0,0.7884,goal,right-foot,penalty,sofascore
14288821,314380,Ricardo Horta,2999.0,90,13.8,56.7,0.112,block,right-foot,throw-in-set-piece,sofascore
14288821,186719,Florian Grillitsch,2999.0,87,30.0,46.4,0.0145,miss,right-foot,assisted,sofascore
14288821,929193,Maximiliano Araújo,3001.0,86,21.2,38.3,0.0138,miss,left-foot,corner,sofascore
14288821,1394342,Ousmane Diomande,3001.0,83,7.3,50.9,0.1048,save,head,corner,sofascore
14288821,1485309,Gabriel Moscardo,2999.0,78,11.9,53.6,0.0196,miss,head,corner,sofascore
14288821,966575,Rodrigo Zalazar,2999.0,77,25.6,44.9,0.0247,block,right-foot,assisted,sofascore
14288821,877918,Victor Gómez,2999.0,75,5.2,73.5,0.0215,save,right-foot,assisted,sofascore
14288821,914213,Luis Javier Suárez,3001.0,68,25.7,68.7,0.0159,miss,left-foot,assisted,sofascore
14288821,6562,João Moutinho,2999.0,66,2.2,71.5,0.0194,miss,right-foot,assisted,sofascore
14288821,1167818,Iván Fresneda,3001.0,64,6.4,56.5,0.1684,save,right-foot,set-piece,sofascore
14288821,966575,Rodrigo Zalazar,2999.0,60,25.7,74.6,0.031,block,right-foot,free-kick,sofascore
14288821,926560,Hidemasa Morita,3001.0,53,47.3,28.0,0.006,miss,right-foot,assisted,sofascore
14288821,1485309,Gabriel Moscardo,2999.0,48,8.4,53.6,0.0645,block,head,corner,sofascore
14288821,914213,Luis Javier Suárez,3001.0,45,11.5,50.0,0.7884,goal,right-foot,penalty,sofascore
14288821,314380,Ricardo Horta,2999.0,34,8.6,53.0,0.4693,goal,left-foot,assisted,sofascore
14288821,895764,Pedro Gonçalves,3001.0,26,22.3,60.9,0.024,miss,right-foot,assisted,sofascore
14288821,914213,Luis Javier Suárez,3001.0,24,12.6,53.4,0.4236,save,right-foot,fast-break,sofascore
14288821,1001196,Gonçalo Inácio,3001.0,22,7.4,43.1,0.0502,goal,head,corner,sofascore
14288821,1001140,Geny Catamo,3001.0,22,9.1,68.1,0.0655,block,left-foot,assisted,sofascore
14288821,1001140,Geny Catamo,3001.0,18,14.1,65.6,0.0725,miss,left-foot,assisted,sofascore
14288821,1394342,Ousmane Diomande,3001.0,11,7.7,53.0,0.084,block,head,corner,sofascore
14288821,1001140,Geny Catamo,3001.0,11,21.0,56.7,0.0277,block,left-foot,assisted,sofascore
14288814,983537,Rafael Brito,36365.0,90,23.3,35.5,0.024,miss,right-foot,regular,sofascore
14288814,157023,Cassiano,36365.0,88,7.1,52.3,0.5472,miss,right-foot,regular,sofascore
14288814,1155358,Dailon Rocha Livramento,36365.0,88,9.3,70.6,0.0352,save,right-foot,regular,sofascore
14288814,1087354,Gonçalo Costa,4500.0,87,19.1,27.6,0.0207,block,left-foot,regular,sofascore
14288814,929894,Alejandro Marqués,4500.0,85,3.6,46.2,0.3961,miss,head,corner,sofascore
14288814,920684,Jordan Holsgrove,4500.0,85,26.7,68.7,0.014,miss,left-foot,assisted,sofascore
14288814,157023,Cassiano,36365.0,79,18.7,42.1,0.0438,block,right-foot,assisted,sofascore
14288814,826210,Rafik Guitane,4500.0,78,23.5,66.4,0.034,miss,left-foot,assisted,sofascore
14288814,920684,Jordan Holsgrove,4500.0,68,21.7,64.6,0.0633,miss,left-foot,free-kick,sofascore
14288814,877920,Jandro Orellana,4500.0,65,19.7,68.2,0.0268,save,right-foot,regular,sofascore
14288814,826210,Rafik Guitane,4500.0,63,11.7,69.7,0.037,miss,left-foot,assisted,sofascore
14288814,930246,Yanis Begraoui,4500.0,58,18.1,66.6,0.0574,miss,right-foot,assisted,sofascore
14288814,851276,Abdu Conté,36365.0,57,19.6,30.0,0.0399,post,left-foot,assisted,sofascore
14288814,157023,Cassiano,36365.0,43,2.9,52.5,0.7402,miss,right-foot,assisted,sofascore
14288814,826054,Jérémy Livolant,36365.0,38,24.4,70.0,0.0068,miss,left-foot,corner,sofascore
14288814,826054,Jérémy Livolant,36365.0,21,28.6,72.7,0.0159,save,right-foot,fast-break,sofascore
14288814,930246,Yanis Begraoui,4500.0,15,20.8,67.0,0.0216,block,right-foot,assisted,sofascore
14288814,849719,Gaizka Larrazabal,36365.0,2,25.9,57.0,0.0107,block,left-foot,corner,sofascore
14288818,2154588,Rodrigo Rodrigues,3010.0,90,12.1,65.7,0.0582,save,left-foot,assisted,sofascore
14288818,1084746,Santi García,3010.0,87,21.4,43.6,0.0337,block,left-foot,assisted,sofascore
14288818,1084746,Santi García,3010.0,86,11.6,45.4,0.0665,miss,left-foot,regular,sofascore
14288818,1090646,Paulo Moreira,3035.0,83,17.8,65.8,0.052,miss,right-foot,throw-in-set-piece,sofascore
14288818,1146225,Stefan Leković,3035.0,83,7.7,46.8,0.1614,block,left-foot,throw-in-set-piece,sofascore
14288818,801339,Rodrigo Pinho,3035.0,83,4.5,49.3,0.2741,save,head,throw-in-set-piece,sofascore
14288818,989449,Kevin Höög Jansson,3035.0,83,9.3,40.7,0.0315,block,head,throw-in-set-piece,sofascore
14288818,611880,Murilo,3010.0,81,25.9,58.9,0.0334,block,left-foot,assisted,sofascore
14288818,1087355,Hevertton Santos,3010.0,74,23.8,52.5,0.0189,block,right-foot,set-piece,sofascore
14288818,1084746,Santi García,3010.0,69,9.9,60.3,0.2025,goal,left-foot,assisted,sofascore
14288818,1090543,Abraham Marcus,3035.0,67,5.5,54.7,0.4221,goal,left-foot,set-piece,sofascore
14288818,801339,Rodrigo Pinho,3035.0,67,32.1,54.4,0.0275,save,left-foot,free-kick,sofascore
14288818,611880,Murilo,3010.0,63,20.6,62.9,0.0613,save,left-foot,assisted,sofascore
14288818,1084746,Santi García,3010.0,56,13.9,45.0,0.0706,miss,right-foot,regular,sofascore
14288818,845802,Jovane Cabral,3035.0,54,8.0,58.5,0.1578,goal,right-foot,assisted,sofascore
14288818,1097527,Luís Esteves,3010.0,52,19.5,60.5,0.0528,block,right-foot,assisted,sofascore
14288818,989837,Facundo Cáseres,3010.0,49,13.9,71.6,0.0182,miss,right-foot,set-piece,sofascore
14288818,1097527,Luís Esteves,3010.0,45,30.0,44.9,0.034,miss,right-foot,free-kick,sofascore
14288818,845802,Jovane Cabral,3035.0,43,28.5,48.5,0.0351,miss,right-foot,free-kick,sofascore
14288818,1799336,Agustín Moreira,3010.0,38,12.3,34.4,0.1161,block,right-foot,fast-break,sofascore
14288818,1084746,Santi García,3010.0,38,13.8,43.1,0.1247,block,left-foot,fast-break,sofascore
14288818,611880,Murilo,3010.0,35,9.5,46.8,0.1011,save,left-foot,throw-in-set-piece,sofascore
14288818,845802,Jovane Cabral,3035.0,29,9.9,52.3,0.0595,save,head,assisted,sofascore
14288818,1097527,Luís Esteves,3010.0,26,16.9,55.8,0.0826,miss,right-foot,regular,sofascore
14288818,611880,Murilo,3010.0,18,12.9,34.4,0.0218,miss,left-foot,corner,sofascore
14288818,1084746,Santi García,3010.0,18,24.8,61.5,0.0175,block,left-foot,assisted,sofascore
14288818,611880,Murilo,3010.0,14,11.5,50.0,0.7884,goal,left-foot,penalty,sofascore
14288818,1084746,Santi García,3010.0,9,11.1,86.3,0.0092,save,right-foot,assisted,sofascore
14288822,1103333,Franjo Ivanović,3006.0,90,14.7,58.3,0.0532,save,left-foot,assisted,sofascore
14288822,993101,Samuel Dahl,3006.0,90,23.1,52.2,0.047,block,right-foot,assisted,sofascore
14288822,1406639,Victor Froholdt,3002.0,90,3.0,35.8,0.019,miss,right-foot,corner,sofascore
14288822,906800,Leandro Barreiro,3006.0,88,11.3,49.3,0.0987,goal,right-foot,assisted,sofascore
14288822,1639250,William Gomes,3002.0,82,11.8,67.5,0.0372,miss,right-foot,fast-break,sofascore
14288822,992567,Borja Sainz,3002.0,81,20.3,37.2,0.073,block,right-foot,fast-break,sofascore
14288822,823631,Dodi Lukebakio,3006.0,80,17.8,51.5,0.0732,block,left-foot,fast-break,sofascore
14288822,1100952,Andreas Schjelderup,3006.0,80,14.5,34.2,0.0661,block,right-foot,fast-break,sofascore
14288822,993101,Samuel Dahl,3006.0,75,19.6,28.6,0.0148,block,right-foot,set-piece,sofascore
14288822,823631,Dodi Lukebakio,3006.0,74,22.4,53.4,0.032,block,left-foot,assisted,sofascore
14288822,1066560,Alan Varela,3002.0,73,21.2,67.1,0.0385,save,right-foot,assisted,sofascore
14288822,1407720,Deniz Gül,3002.0,73,9.9,54.4,0.2038,block,left-foot,fast-break,sofascore
14288822,1100952,Andreas Schjelderup,3006.0,69,10.1,51.9,0.2818,goal,right-foot,regular,sofascore
14288822,823631,Dodi Lukebakio,3006.0,69,16.0,65.4,0.0475,post,left-foot,assisted,sofascore
14288822,1160957,Alberto Costa,3002.0,66,3.8,58.3,0.1192,save,right-foot,assisted,sofascore
14288822,74915,Nicolás Otamendi,3006.0,60,11.3,51.5,0.0451,block,right-foot,corner,sofascore
14288822,252577,Rafa Silva,3006.0,58,13.4,54.1,0.1388,miss,left-foot,assisted,sofascore
14288822,1201395,Gianluca Prestianni,3006.0,45,13.1,54.6,0.0226,miss,head,assisted,sofascore
14288822,1087316,Enzo Barrenechea,3006.0,45,21.6,44.6,0.0391,miss,right-foot,assisted,sofascore
14288822,1010505,Gabri Veiga,3002.0,45,25.9,43.3,0.0662,save,right-foot,free-kick,sofascore
14288822,1406639,Victor Froholdt,3002.0,45,20.1,47.4,0.0595,block,right-foot,assisted,sofascore
14288822,1201395,Gianluca Prestianni,3006.0,44,11.6,73.6,0.0356,save,right-foot,fast-break,sofascore
14288822,1548929,Oskar Pietuszewski,3002.0,40,8.1,45.5,0.7498,goal,left-foot,fast-break,sofascore
14288822,1087316,Enzo Barrenechea,3006.0,40,20.0,50.7,0.0252,block,right-foot,regular,sofascore
14288822,1100952,Andreas Schjelderup,3006.0,35,14.4,34.0,0.0226,block,right-foot,assisted,sofascore
14288822,1201395,Gianluca Prestianni,3006.0,34,10.1,29.3,0.0547,save,right-foot,assisted,sofascore
14288822,1548929,Oskar Pietuszewski,3002.0,28,22.7,26.3,0.0159,miss,right-foot,assisted,sofascore
14288822,1100952,Andreas Schjelderup,3006.0,27,26.2,47.5,0.0627,miss,right-foot,free-kick,sofascore
14288822,976037,Jakub Kiwior,3002.0,25,29.7,33.6,0.0159,miss,left-foot,assisted,sofascore
14288822,983542,Tomás Araújo,3006.0,23,11.6,51.7,0.0449,block,right-foot,corner,sofascore
14288822,1407720,Deniz Gül,3002.0,19,21.9,43.5,0.0333,block,right-foot,regular,sofascore
14288822,1406639,Victor Froholdt,3002.0,10,11.4,63.2,0.0954,save,right-foot,assisted,sofascore
14288822,795236,Vangelis Pavlidis,3006.0,8,26.3,48.9,0.0376,save,right-foot,fast-break,sofascore
14288820,1563640,Oumar Camara,3009.0,90,20.0,29.2,0.0202,save,right-foot,assisted,sofascore
14288820,1434543,Diogo Sousa,3009.0,90,29.7,34.9,0.0117,block,left-foot,assisted,sofascore
14288820,1799251,Brenner,3011.0,90,10.4,60.5,0.1499,save,right-foot,assisted,sofascore
14288820,1434543,Diogo Sousa,3009.0,77,15.1,54.6,0.0291,block,left-foot,set-piece,sofascore
14288820,42898,Nélson Oliveira,3009.0,75,23.1,68.3,0.0508,miss,right-foot,free-kick,sofascore
14288820,1468082,Gustavo Silva,3009.0,68,7.1,55.6,0.4729,save,right-foot,regular,sofascore
14288820,1161004,Gonçalo Nogueira,3009.0,68,9.7,48.1,0.116,save,left-foot,assisted,sofascore
14288820,1434543,Diogo Sousa,3009.0,48,28.7,68.6,0.0154,miss,left-foot,regular,sofascore
14288820,1035280,Telmo Arcanjo,3009.0,45,20.1,74.4,0.0152,miss,left-foot,set-piece,sofascore
14288820,1148442,Thiago Balieiro,3009.0,45,8.0,50.1,0.1159,miss,head,corner,sofascore
14288820,785808,Samu,3009.0,39,38.0,6.3,0.0288,save,left-foot,free-kick,sofascore
14288820,1459634,Luis Fernando,3011.0,38,24.1,34.4,0.0295,block,left-foot,assisted,sofascore
14288820,846416,Rodrigo Abascal,3009.0,31,14.2,66.7,0.0271,miss,left-foot,set-piece,sofascore
14288820,1434543,Diogo Sousa,3009.0,16,27.1,56.2,0.0191,save,left-foot,assisted,sofascore
14288820,155985,Charles,3011.0,14,1.4,48.3,0.0,goal,left-foot,regular,sofascore
14288820,989385,Welinton Torrao,3011.0,14,9.0,38.3,0.0632,save,head,regular,sofascore
14288820,1046794,Gabriel Silva,3011.0,14,11.4,71.6,0.0469,save,right-foot,assisted,sofascore
14288820,1459627,Henrique Silva,3011.0,10,11.9,54.2,0.0649,miss,right-foot,throw-in-set-piece,sofascore
14288820,1131145,Sidney Lima,3011.0,6,12.0,53.6,0.1946,goal,right-foot,set-piece,sofascore
14288820,1148442,Thiago Balieiro,3009.0,3,9.7,62.0,0.1061,save,right-foot,set-piece,sofascore
14288820,1002367,Beni Mukendi,3009.0,1,22.0,74.6,0.0152,block,right-foot,regular,sofascore
14288816,1397915,Moudjatovic,38396.0,90,21.6,26.2,0.0235,miss,left-foot,corner,sofascore
14288816,1094384,Tamblé Monteiro,3036.0,74,14.1,63.0,0.0733,miss,right-foot,fast-break,sofascore
14288816,1499082,Jalen Blesa,3036.0,70,13.9,34.6,0.1248,goal,left-foot,assisted,sofascore
14288816,879917,Maranhão,38396.0,65,4.8,73.7,0.016,block,right-foot,assisted,sofascore
14288816,988882,Joe Hodge,38396.0,53,4.2,58.9,0.1195,post,right-foot,throw-in-set-piece,sofascore
14288816,1176881,Diogo Bezerra,3036.0,45,11.5,50.0,0.7884,post,right-foot,penalty,sofascore
14288816,1176881,Diogo Bezerra,3036.0,43,23.3,50.1,0.0245,block,right-foot,assisted,sofascore
14288816,879917,Maranhão,38396.0,37,9.1,58.1,0.0339,save,head,assisted,sofascore
14288816,826024,Dario Špikić,3036.0,32,4.2,34.6,0.115,save,left-foot,regular,sofascore
14288816,1499082,Jalen Blesa,3036.0,32,11.2,52.3,0.0329,post,head,assisted,sofascore
14288816,1187281,Brayan Medina,38396.0,30,8.5,44.0,0.0593,save,head,set-piece,sofascore
14288816,1005992,Andreas Ndoj,3036.0,25,26.6,43.8,0.0187,miss,right-foot,assisted,sofascore
14288816,1068519,João Silva,38396.0,23,4.8,50.0,0.4407,miss,head,set-piece,sofascore
14288816,826024,Dario Špikić,3036.0,19,14.3,30.4,0.0336,miss,right-foot,assisted,sofascore
14288816,1064359,Nelson Abbey,3036.0,8,8.6,30.0,0.0231,block,left-foot,assisted,sofascore
14288826,1195796,Romeo Beney,49531.0,90,11.7,58.9,0.0766,block,left-foot,assisted,sofascore
14288826,1493216,Marcos Peña,49531.0,90,22.3,57.9,0.0187,miss,right-foot,corner,sofascore
14288826,1035280,Telmo Arcanjo,3009.0,86,24.9,61.0,0.0102,save,left-foot,set-piece,sofascore
14288826,1488511,Tony Strata,3009.0,81,20.9,55.2,0.0552,block,left-foot,assisted,sofascore
14288826,1063255,Alioune Ndoye,3009.0,72,5.0,64.9,0.0559,block,right-foot,regular,sofascore
14288826,1035280,Telmo Arcanjo,3009.0,72,24.1,71.1,0.0241,save,left-foot,regular,sofascore
14288826,1105595,Sorriso,49531.0,70,7.4,43.3,0.0937,miss,head,assisted,sofascore
14288826,846416,Rodrigo Abascal,3009.0,64,9.1,28.9,0.0229,miss,right-foot,set-piece,sofascore
14288826,1049526,Simon Elisor,49531.0,56,18.5,49.5,0.0447,miss,left-foot,assisted,sofascore
14288826,1105595,Sorriso,49531.0,47,9.5,35.8,0.0991,save,left-foot,assisted,sofascore
14288826,1563665,Gustavo Sá,49531.0,44,21.8,28.0,0.016,miss,right-foot,corner,sofascore
14288826,876255,Justin De Haas,49531.0,43,17.6,41.5,0.0235,block,left-foot,corner,sofascore
14288826,1595506,Ibrahima Ba,49531.0,43,5.4,55.6,0.1159,block,head,corner,sofascore
14288826,1153328,Noah Saviolo,3009.0,42,13.9,65.8,0.0118,miss,right-foot,corner,sofascore
14288826,42898,Nélson Oliveira,3009.0,41,15.7,67.3,0.0637,save,right-foot,assisted,sofascore
14288826,1148442,Thiago Balieiro,3009.0,35,11.9,60.3,0.0188,save,head,throw-in-set-piece,sofascore
14288826,1153328,Noah Saviolo,3009.0,34,19.9,24.6,0.0183,save,right-foot,assisted,sofascore
14288826,583838,Gil Dias,49531.0,31,14.8,67.8,0.0386,miss,left-foot,throw-in-set-piece,sofascore
14288826,785808,Samu,3009.0,25,9.2,42.7,0.0659,miss,head,assisted,sofascore
14288826,785808,Samu,3009.0,23,20.9,49.7,0.079,goal,left-foot,assisted,sofascore
14288826,876255,Justin De Haas,49531.0,17,5.5,47.9,0.5048,goal,head,assisted,sofascore
14288826,1563665,Gustavo Sá,49531.0,11,27.1,43.2,0.0221,block,right-foot,assisted,sofascore
14288826,1105595,Sorriso,49531.0,5,10.1,24.3,0.0143,miss,right-foot,assisted,sofascore
14288825,1167068,Kaiky Naves,190328.0,90,7.0,49.5,0.1074,goal,head,corner,sofascore
14288825,1063375,Vasco Moreira,190328.0,90,21.9,39.5,0.0219,save,right-foot,assisted,sofascore
14288825,1100957,Marko Milovanović,190328.0,90,8.5,46.2,0.1189,save,head,corner,sofascore
14288825,2033832,Davy Gui,190328.0,81,21.8,48.5,0.0402,miss,right-foot,corner,sofascore
14288825,904849,Nabil Touaizi,190328.0,80,7.1,34.6,0.0404,save,right-foot,corner,sofascore
14288825,1146305,Gustavo Varela,3010.0,77,10.5,35.6,0.1647,save,right-foot,regular,sofascore
14288825,1799336,Agustín Moreira,3010.0,71,14.7,34.0,0.1022,goal,left-foot,assisted,sofascore
14288825,794928,Lincoln,190328.0,70,10.0,37.6,0.0717,block,left-foot,assisted,sofascore
14288825,344023,Sandro Lima,190328.0,69,19.7,61.9,0.0735,miss,left-foot,assisted,sofascore
14288825,1146305,Gustavo Varela,3010.0,67,7.3,40.7,0.0713,miss,head,assisted,sofascore
14288825,1915110,Isaac James,190328.0,65,20.7,32.2,0.0182,miss,left-foot,regular,sofascore
14288825,1105790,Figueiredo,190328.0,63,3.0,57.9,0.2348,post,head,assisted,sofascore
14288825,1915110,Isaac James,190328.0,58,6.7,43.5,0.0804,miss,head,assisted,sofascore
14288825,344023,Sandro Lima,190328.0,52,7.1,49.0,0.8406,goal,right-foot,assisted,sofascore
14288825,1097527,Luís Esteves,3010.0,51,18.8,48.9,0.0545,save,right-foot,corner,sofascore
14288825,1084746,Santi García,3010.0,48,13.3,49.9,0.0226,save,head,set-piece,sofascore
14288825,1915110,Isaac James,190328.0,46,4.8,31.5,0.0692,miss,left-foot,fast-break,sofascore
14288825,1915110,Isaac James,190328.0,45,18.4,32.9,0.0416,block,left-foot,regular,sofascore
14288825,1799336,Agustín Moreira,3010.0,45,5.2,32.3,0.0526,save,left-foot,assisted,sofascore
14288825,1097527,Luís Esteves,3010.0,43,19.1,39.0,0.0541,miss,left-foot,assisted,sofascore
14288825,1799336,Agustín Moreira,3010.0,40,14.1,51.7,0.1698,miss,right-foot,regular,sofascore
14288825,794928,Lincoln,190328.0,36,13.9,83.2,0.0393,miss,left-foot,free-kick,sofascore
14288825,1799336,Agustín Moreira,3010.0,32,14.9,45.8,0.0744,goal,left-foot,assisted,sofascore
14288825,992024,Rhaldney,190328.0,18,11.5,46.6,0.0456,miss,head,assisted,sofascore
14288825,1015826,Chiquinho,190328.0,12,15.6,36.6,0.0829,block,right-foot,fast-break,sofascore
14288825,611880,Murilo,3010.0,12,15.0,66.7,0.041,block,left-foot,assisted,sofascore
14288830,1103333,Franjo Ivanović,3006.0,90,4.0,64.8,0.0698,goal,right-foot,assisted,sofascore
14288830,1102791,Amar Dedić,3006.0,90,2.7,63.0,0.0637,miss,right-foot,assisted,sofascore
14288830,2163561,Anísio Cabral,3006.0,90,11.9,54.6,0.0182,save,head,corner,sofascore
14288830,1123925,Georgiy Sudakov,3006.0,90,12.9,36.8,0.0808,block,right-foot,assisted,sofascore
14288830,2163561,Anísio Cabral,3006.0,87,9.5,47.2,0.0397,miss,head,corner,sofascore
14288830,1103333,Franjo Ivanović,3006.0,87,18.5,43.8,0.0946,block,right-foot,assisted,sofascore
14288830,1510444,Dylan Nandín,25777.0,84,9.1,51.1,0.1783,miss,head,assisted,sofascore
14288830,1000680,Miguel Puche,25777.0,82,4.0,44.4,0.1825,save,head,assisted,sofascore
14288830,1510444,Dylan Nandín,25777.0,81,12.6,54.2,0.1258,save,right-foot,assisted,sofascore
14288830,906800,Leandro Barreiro,3006.0,81,5.1,57.9,0.0697,miss,head,corner,sofascore
14288830,983542,Tomás Araújo,3006.0,78,2.6,38.0,0.054,miss,right-foot,set-piece,sofascore
14288830,996932,Pablo Gozálbez,25777.0,71,23.5,64.2,0.0167,block,right-foot,assisted,sofascore
14288830,1105857,Taichi Fukui,25777.0,70,14.7,37.6,0.0376,save,left-foot,assisted,sofascore
14288830,955133,Naïs Djouahra,25777.0,63,10.5,35.6,0.1456,miss,right-foot,fast-break,sofascore
14288830,1100952,Andreas Schjelderup,3006.0,58,11.1,37.0,0.1549,miss,right-foot,fast-break,sofascore
14288830,795236,Vangelis Pavlidis,3006.0,57,15.3,64.6,0.0476,miss,right-foot,assisted,sofascore
14288830,1015292,Richard Ríos,3006.0,50,5.7,52.1,0.4054,goal,head,corner,sofascore
14288830,823631,Dodi Lukebakio,3006.0,50,7.9,64.8,0.1416,save,right-foot,assisted,sofascore
14288830,1191120,Hyun-ju Lee,25777.0,47,4.5,54.3,0.5238,save,right-foot,regular,sofascore
14288830,913728,Ivan Barbero,25777.0,47,8.0,58.9,0.081,block,right-foot,assisted,sofascore
14288830,252577,Rafa Silva,3006.0,45,4.5,74.4,0.0158,miss,right-foot,assisted,sofascore
14288830,252577,Rafa Silva,3006.0,44,10.7,44.2,0.09,miss,right-foot,assisted,sofascore
14288830,983542,Tomás Araújo,3006.0,41,8.0,55.1,0.0778,block,left-foot,corner,sofascore
14288830,795236,Vangelis Pavlidis,3006.0,41,4.2,51.5,0.2243,save,head,corner,sofascore
14288830,913728,Ivan Barbero,25777.0,38,7.6,45.8,0.1905,miss,head,assisted,sofascore
14288830,850976,Alexander Bah,3006.0,36,22.9,68.5,0.0216,block,right-foot,assisted,sofascore
14288830,850976,Alexander Bah,3006.0,32,3.6,42.8,0.2172,miss,head,corner,sofascore
14288830,823631,Dodi Lukebakio,3006.0,31,18.5,69.7,0.0262,block,left-foot,fast-break,sofascore
14288830,823631,Dodi Lukebakio,3006.0,24,19.7,66.7,0.0736,block,left-foot,free-kick,sofascore
14288830,993101,Samuel Dahl,3006.0,15,9.1,31.5,0.1033,block,left-foot,regular,sofascore
14288830,795236,Vangelis Pavlidis,3006.0,11,22.0,55.0,0.0321,block,right-foot,assisted,sofascore
14288830,913728,Ivan Barbero,25777.0,7,11.5,50.0,0.7884,goal,right-foot,penalty,sofascore
14288830,913728,Ivan Barbero,25777.0,3,10.2,47.2,0.0533,block,head,assisted,sofascore
14288823,858705,Xeka,4500.0,90,16.1,53.4,0.0881,miss,right-foot,assisted,sofascore
14288823,253837,Lucas João,3013.0,89,10.8,42.1,0.0303,miss,head,assisted,sofascore
14288823,1172052,Daniel Júnior,3013.0,88,13.2,59.7,0.0915,block,left-foot,assisted,sofascore
14288823,987597,Jesús Ramírez,3013.0,82,9.1,40.5,0.0312,miss,head,assisted,sofascore
14288823,912781,Paulinho Bóia,3013.0,73,20.9,33.6,0.0278,miss,right-foot,assisted,sofascore
14288823,826210,Rafik Guitane,4500.0,72,13.2,68.7,0.027,block,left-foot,assisted,sofascore
14288823,1112474,Ze Vitor,3013.0,69,26.8,55.4,0.0214,miss,left-foot,throw-in-set-piece,sofascore
14288823,912781,Paulinho Bóia,3013.0,64,22.5,53.8,0.0301,miss,right-foot,assisted,sofascore
14288823,912781,Paulinho Bóia,3013.0,61,3.5,29.7,0.0264,block,left-foot,assisted,sofascore
14288823,548044,João Carvalho,4500.0,56,8.5,58.7,0.2898,miss,right-foot,fast-break,sofascore
14288823,912781,Paulinho Bóia,3013.0,53,18.0,31.0,0.0453,miss,right-foot,assisted,sofascore
14288823,987597,Jesús Ramírez,3013.0,51,5.5,44.8,0.1962,save,head,corner,sofascore
14288823,1112474,Ze Vitor,3013.0,50,8.4,50.2,0.0706,miss,head,corner,sofascore
14288823,987597,Jesús Ramírez,3013.0,47,8.6,55.5,0.0587,miss,head,throw-in-set-piece,sofascore
14288823,902051,Miguel Baeza,3013.0,44,21.2,60.9,0.0266,save,left-foot,assisted,sofascore
14288823,920684,Jordan Holsgrove,4500.0,40,26.9,51.9,0.0303,save,left-foot,assisted,sofascore
14288823,943525,Felix Bacher,4500.0,38,13.9,31.9,0.0061,miss,head,set-piece,sofascore
14288823,929894,Alejandro Marqués,4500.0,37,5.4,50.7,0.2392,miss,head,throw-in-set-piece,sofascore
14288823,987597,Jesús Ramírez,3013.0,35,15.0,52.8,0.024,miss,head,assisted,sofascore
14288823,1112474,Ze Vitor,3013.0,32,33.0,44.4,0.0162,save,left-foot,regular,sofascore
14288823,902051,Miguel Baeza,3013.0,30,22.2,48.5,0.0489,block,left-foot,assisted,sofascore
14288823,357734,Ferro,4500.0,24,30.2,41.1,0.0177,miss,right-foot,regular,sofascore
14288823,929894,Alejandro Marqués,4500.0,17,31.2,51.9,0.0156,block,right-foot,fast-break,sofascore
14288823,930246,Yanis Begraoui,4500.0,13,11.3,59.3,0.1893,miss,right-foot,assisted,sofascore
14288823,912781,Paulinho Bóia,3013.0,10,22.2,27.8,0.0177,save,right-foot,assisted,sofascore
14288823,943525,Felix Bacher,4500.0,9,4.3,47.8,0.1995,goal,head,corner,sofascore
14288823,930246,Yanis Begraoui,4500.0,7,15.1,31.9,0.0323,block,right-foot,fast-break,sofascore
14288829,129617,Aderllan Santos,483088.0,90,11.7,48.3,0.0272,miss,head,corner,sofascore
14288829,1001753,Vinícius Lopes,3011.0,90,13.2,42.1,0.1237,block,right-foot,assisted,sofascore
14288829,851277,Pedro Ferreira,3011.0,90,20.7,44.4,0.0974,miss,right-foot,regular,sofascore
14288829,883908,Guilherme Romão,3011.0,90,3.9,42.7,0.2754,block,left-foot,assisted,sofascore
14288829,1001753,Vinícius Lopes,3011.0,81,17.8,30.1,0.028,save,right-foot,throw-in-set-piece,sofascore
14288829,1046794,Gabriel Silva,3011.0,78,4.3,44.0,0.1514,post,head,corner,sofascore
14288829,1067648,Pedro Lima,483088.0,72,7.5,61.3,0.0217,miss,head,corner,sofascore
14288829,1046794,Gabriel Silva,3011.0,68,22.5,45.2,0.1126,goal,right-foot,free-kick,sofascore
14288829,1067648,Pedro Lima,483088.0,62,28.6,44.8,0.017,miss,right-foot,assisted,sofascore
14288829,324345,Kiki,483088.0,62,22.8,27.4,0.0161,block,left-foot,regular,sofascore
14288829,1019184,Serginho,3011.0,55,27.2,40.3,0.0205,block,left-foot,set-piece,sofascore
14288829,1131145,Sidney Lima,3011.0,48,7.5,57.6,0.0357,miss,head,corner,sofascore
14288829,1046794,Gabriel Silva,3011.0,48,11.0,47.2,0.0622,block,right-foot,corner,sofascore
14288829,1162051,Gustavo Klismahn,3011.0,43,27.9,74.6,0.0104,miss,left-foot,assisted,sofascore
14288829,1046440,Roni,483088.0,43,23.6,38.2,0.0259,save,left-foot,assisted,sofascore
14288829,1019184,Serginho,3011.0,31,12.9,56.2,0.4365,save,right-foot,assisted,sofascore
14288829,1900362,Guilherme Neiva,483088.0,30,26.8,64.6,0.0254,block,right-foot,assisted,sofascore
14288829,1046794,Gabriel Silva,3011.0,30,22.6,44.4,0.0494,miss,left-foot,assisted,sofascore
14288829,929688,Mateus Pivô,483088.0,28,27.1,56.2,0.0193,miss,right-foot,assisted,sofascore
14288829,129617,Aderllan Santos,483088.0,24,12.0,40.9,0.0371,miss,head,set-piece,sofascore
14288829,929688,Mateus Pivô,483088.0,10,25.3,56.2,0.0316,block,right-foot,regular,sofascore
14288829,126076,Tomané,483088.0,2,13.9,46.8,0.0118,save,head,corner,sofascore
14288824,72020,Jakub Brabec,3036.0,90,10.5,54.8,0.0589,miss,head,set-piece,sofascore
14288824,1094384,Tamblé Monteiro,3036.0,85,15.7,47.4,0.0247,block,right-foot,set-piece,sofascore
14288824,1105850,Ryan Guilherme,3036.0,82,9.2,51.0,0.1738,save,head,assisted,sofascore
14288824,2058164,Robinho,3035.0,77,8.2,57.6,0.2134,miss,right-foot,assisted,sofascore
14288824,801339,Rodrigo Pinho,3035.0,72,3.9,54.0,0.1953,block,head,corner,sofascore
14288824,801339,Rodrigo Pinho,3035.0,65,3.2,51.9,0.7078,goal,left-foot,assisted,sofascore
14288824,1090543,Abraham Marcus,3035.0,63,4.1,75.6,0.0094,miss,right-foot,assisted,sofascore
14288824,845802,Jovane Cabral,3035.0,56,25.5,51.0,0.0666,miss,right-foot,free-kick,sofascore
14288824,1499082,Jalen Blesa,3036.0,55,11.3,64.2,0.2032,save,right-foot,fast-break,sofascore
14288824,845802,Jovane Cabral,3035.0,53,24.8,18.3,0.0262,miss,right-foot,free-kick,sofascore
14288824,930273,Olinho,3036.0,50,9.4,35.8,0.1252,block,left-foot,throw-in-set-piece,sofascore
14288824,1499082,Jalen Blesa,3036.0,48,8.9,40.7,0.0908,goal,right-foot,assisted,sofascore
14288824,1090543,Abraham Marcus,3035.0,46,19.1,61.1,0.0293,save,left-foot,assisted,sofascore
14288824,826024,Dario Špikić,3036.0,45,10.5,57.5,0.2599,block,right-foot,fast-break,sofascore
14288824,910316,Ianis Stoica,3035.0,41,22.9,77.2,0.0318,miss,right-foot,free-kick,sofascore
14288824,1005992,Andreas Ndoj,3036.0,39,15.1,46.2,0.0557,block,right-foot,assisted,sofascore
14288824,1499082,Jalen Blesa,3036.0,33,8.9,53.6,0.2818,post,right-foot,corner,sofascore
14288824,72020,Jakub Brabec,3036.0,32,8.4,52.9,0.0898,block,right-foot,corner,sofascore
14288824,1005992,Andreas Ndoj,3036.0,31,15.0,63.6,0.0977,block,right-foot,assisted,sofascore
14288824,1499082,Jalen Blesa,3036.0,27,3.7,46.4,0.8939,goal,right-foot,fast-break,sofascore
14288824,1005992,Andreas Ndoj,3036.0,21,22.9,35.8,0.0239,miss,right-foot,assisted,sofascore
14288824,826024,Dario Špikić,3036.0,19,11.0,68.3,0.1152,save,left-foot,assisted,sofascore
14288824,1176881,Diogo Bezerra,3036.0,13,27.2,61.7,0.0246,block,right-foot,assisted,sofascore
14288824,1005992,Andreas Ndoj,3036.0,12,18.9,47.9,0.0797,block,left-foot,assisted,sofascore
14288824,1410927,Max Scholze,3035.0,9,22.9,62.0,0.0193,miss,right-foot,set-piece,sofascore
14288824,801339,Rodrigo Pinho,3035.0,9,22.3,69.6,0.0495,block,left-foot,free-kick,sofascore
14288824,848521,Marios Vrousai,3036.0,7,24.5,51.1,0.023,block,left-foot,corner,sofascore
14288824,801339,Rodrigo Pinho,3035.0,5,10.8,28.0,0.078,save,left-foot,fast-break,sofascore
14288824,848521,Marios Vrousai,3036.0,2,20.7,66.2,0.0171,save,left-foot,regular,sofascore
14288827,1142585,Martim Fernandes,3002.0,90,31.0,63.6,0.0092,block,right-foot,assisted,sofascore
14288827,1410240,Rodrigo Mora,3002.0,84,20.5,27.4,0.0189,save,right-foot,assisted,sofascore
14288827,1639250,William Gomes,3002.0,81,13.7,66.6,0.0278,goal,left-foot,assisted,sofascore
14288827,894396,Terem Moffi,3002.0,73,14.5,38.8,0.0778,block,left-foot,assisted,sofascore
14288827,894396,Terem Moffi,3002.0,69,14.2,45.4,0.4124,save,left-foot,fast-break,sofascore
14288827,905455,Alan,3014.0,64,19.5,45.2,0.0598,save,left-foot,assisted,sofascore
14288827,1010505,Gabri Veiga,3002.0,63,27.1,69.1,0.0081,miss,right-foot,regular,sofascore
14288827,1406639,Victor Froholdt,3002.0,62,22.5,55.6,0.0245,save,right-foot,assisted,sofascore
14288827,905455,Alan,3014.0,53,23.0,23.8,0.0198,save,right-foot,assisted,sofascore
14288827,1471229,Landerson,3014.0,53,9.5,35.6,0.0573,post,right-foot,assisted,sofascore
14288827,1010505,Gabri Veiga,3002.0,42,25.9,44.7,0.0164,miss,right-foot,regular,sofascore
14288827,1407720,Deniz Gül,3002.0,42,8.3,62.5,0.2176,save,right-foot,assisted,sofascore
14288827,1548929,Oskar Pietuszewski,3002.0,34,9.9,52.8,0.4486,miss,left-foot,assisted,sofascore
14288827,1548929,Oskar Pietuszewski,3002.0,30,15.1,40.6,0.133,miss,right-foot,regular,sofascore
14288827,1548929,Oskar Pietuszewski,3002.0,25,11.4,38.3,0.1637,goal,right-foot,fast-break,sofascore
14288827,1548929,Oskar Pietuszewski,3002.0,17,8.9,28.6,0.0338,save,left-foot,assisted,sofascore
14288827,1010505,Gabri Veiga,3002.0,14,8.4,49.0,0.6075,goal,left-foot,regular,sofascore
14288827,1548929,Oskar Pietuszewski,3002.0,14,14.2,44.2,0.2169,save,right-foot,assisted,sofascore
14288827,1066560,Alan Varela,3002.0,10,24.0,48.5,0.0308,block,right-foot,assisted,sofascore
14288827,882664,Pepê,3002.0,6,22.8,67.7,0.0309,miss,left-foot,assisted,sofascore
14288833,1012448,Claudio Mendes,36365.0,88,21.5,77.2,0.0155,save,left-foot,assisted,sofascore
14288833,1210450,Tom Moustier,3035.0,86,9.1,70.3,0.0316,save,right-foot,assisted,sofascore
14288833,27622,José Fonte,36365.0,82,15.0,60.7,0.0488,miss,left-foot,set-piece,sofascore
14288833,1131015,Iyad Mohamed,36365.0,81,27.2,58.5,0.0187,miss,left-foot,assisted,sofascore
14288833,2368703,Eddy Doué,3035.0,76,5.7,50.9,0.3269,goal,right-foot,assisted,sofascore
14288833,910316,Ianis Stoica,3035.0,72,9.7,64.6,0.0753,miss,right-foot,assisted,sofascore
14288833,845802,Jovane Cabral,3035.0,72,21.9,53.8,0.0401,save,right-foot,assisted,sofascore
14288833,1090543,Abraham Marcus,3035.0,70,22.5,51.5,0.048,miss,left-foot,assisted,sofascore
14288833,845802,Jovane Cabral,3035.0,69,7.3,51.3,0.1249,miss,head,assisted,sofascore
14288833,826054,Jérémy Livolant,36365.0,62,11.6,44.0,0.4623,save,left-foot,assisted,sofascore
14288833,1067284,Tiago Morais,36365.0,54,30.2,37.6,0.0161,miss,right-foot,assisted,sofascore
14288833,910316,Ianis Stoica,3035.0,51,5.1,50.7,0.5276,miss,head,assisted,sofascore
14288833,989449,Kevin Höög Jansson,3035.0,51,3.2,48.1,0.2739,miss,head,corner,sofascore
14288833,910316,Ianis Stoica,3035.0,50,15.0,37.8,0.0596,block,right-foot,regular,sofascore
14288833,801339,Rodrigo Pinho,3035.0,45,7.6,61.7,0.1752,goal,right-foot,corner,sofascore
14288833,801339,Rodrigo Pinho,3035.0,39,9.4,50.5,0.0635,miss,head,assisted,sofascore
14288833,1090543,Abraham Marcus,3035.0,37,10.8,56.8,0.5427,goal,left-foot,regular,sofascore
14288833,2368703,Eddy Doué,3035.0,35,18.9,29.1,0.0143,save,right-foot,assisted,sofascore
14288833,851276,Abdu Conté,36365.0,30,7.7,31.5,0.0371,miss,left-foot,regular,sofascore
14288833,801339,Rodrigo Pinho,3035.0,27,26.0,45.6,0.0247,miss,left-foot,fast-break,sofascore
14288833,1090543,Abraham Marcus,3035.0,27,22.5,50.6,0.0557,miss,left-foot,fast-break,sofascore
14288833,849719,Gaizka Larrazabal,36365.0,23,27.3,26.1,0.0262,miss,right-foot,free-kick,sofascore
14288833,910316,Ianis Stoica,3035.0,21,23.4,68.5,0.0306,miss,right-foot,regular,sofascore
14288833,826054,Jérémy Livolant,36365.0,20,26.2,53.4,0.0404,miss,right-foot,assisted,sofascore
14288833,910316,Ianis Stoica,3035.0,17,6.1,29.3,0.045,miss,left-foot,assisted,sofascore
14288833,801339,Rodrigo Pinho,3035.0,12,11.5,50.0,0.7884,goal,left-foot,penalty,sofascore
14288833,801339,Rodrigo Pinho,3035.0,8,25.9,56.6,0.0251,miss,left-foot,assisted,sofascore
14288833,910316,Ianis Stoica,3035.0,7,13.3,37.4,0.0486,block,right-foot,corner,sofascore
14288833,801339,Rodrigo Pinho,3035.0,6,12.0,62.2,0.0594,save,right-foot,corner,sofascore
14288833,801339,Rodrigo Pinho,3035.0,3,21.6,69.1,0.033,miss,left-foot,assisted,sofascore
14288834,1142578,Diogo Travassos,3014.0,90,23.5,67.0,0.0609,block,right-foot,free-kick,sofascore
14288834,1471229,Landerson,3014.0,90,10.6,39.8,0.1505,post,right-foot,assisted,sofascore
14288834,931485,Maracás,3014.0,71,5.4,49.1,0.2402,miss,head,set-piece,sofascore
14288834,1000680,Miguel Puche,25777.0,67,1.1,46.6,0.7636,goal,head,regular,sofascore
14288834,955133,Naïs Djouahra,25777.0,67,23.2,32.9,0.0294,block,right-foot,assisted,sofascore
14288834,1001848,Nile John,3014.0,63,24.6,71.6,0.0211,save,right-foot,assisted,sofascore
14288834,863637,Tiago Esgaio,25777.0,56,14.2,37.4,0.0067,miss,head,set-piece,sofascore
14288834,1510444,Dylan Nandín,25777.0,47,19.8,54.6,0.0319,save,left-foot,regular,sofascore
14288834,955133,Naïs Djouahra,25777.0,47,15.0,36.6,0.0976,miss,right-foot,regular,sofascore
14288834,339879,Bas Kuipers,25777.0,45,12.5,28.0,0.0195,miss,left-foot,assisted,sofascore
14288834,964609,Jose Fontán,25777.0,44,11.6,43.4,0.0261,miss,head,assisted,sofascore
14288834,1105857,Taichi Fukui,25777.0,43,13.8,63.0,0.0572,block,right-foot,corner,sofascore
14288834,955133,Naïs Djouahra,25777.0,43,27.8,38.0,0.0261,block,right-foot,assisted,sofascore
14288834,964609,Jose Fontán,25777.0,31,25.3,24.8,0.0191,miss,left-foot,assisted,sofascore
14288834,1153099,Gilberto Batista,3014.0,28,9.8,55.8,0.0681,miss,head,corner,sofascore
14288834,1510444,Dylan Nandín,25777.0,25,9.9,40.1,0.0814,miss,head,fast-break,sofascore
14288834,1510444,Dylan Nandín,25777.0,21,9.2,44.1,0.3905,miss,right-foot,assisted,sofascore
14288834,1191120,Hyun-ju Lee,25777.0,20,24.3,63.6,0.0229,block,right-foot,assisted,sofascore
14288834,1166006,Mateja Stjepanović,3014.0,16,23.6,42.0,0.0174,block,right-foot,throw-in-set-piece,sofascore
14288834,863637,Tiago Esgaio,25777.0,10,9.8,46.2,0.3927,miss,left-foot,set-piece,sofascore
14288834,1166006,Mateja Stjepanović,3014.0,1,26.2,40.1,0.02,save,right-foot,regular,sofascore
14288837,1579664,Pablo Messias Cardozo,3013.0,90,10.2,41.2,0.0426,miss,right-foot,set-piece,sofascore
14288837,253837,Lucas João,3013.0,86,14.4,44.7,0.0569,save,right-foot,set-piece,sofascore
14288837,1011997,Chiheb Labidi,3013.0,72,25.4,72.1,0.019,save,left-foot,assisted,sofascore
14288837,1595506,Ibrahima Ba,49531.0,63,2.7,53.6,0.6554,goal,right-foot,set-piece,sofascore
14288837,583838,Gil Dias,49531.0,60,21.1,66.3,0.014,miss,left-foot,regular,sofascore
14288837,1563665,Gustavo Sá,49531.0,60,14.6,53.3,0.066,block,right-foot,assisted,sofascore
14288837,1049526,Simon Elisor,49531.0,57,4.8,45.8,0.2329,miss,left-foot,assisted,sofascore
14288837,1116982,Alan Núñez,3013.0,56,26.8,62.1,0.024,miss,right-foot,corner,sofascore
14288837,912781,Paulinho Bóia,3013.0,55,10.1,32.5,0.2513,save,left-foot,assisted,sofascore
14288837,1563665,Gustavo Sá,49531.0,45,4.7,55.7,0.1628,save,right-foot,regular,sofascore
14288837,583838,Gil Dias,49531.0,45,21.3,72.8,0.0188,block,left-foot,assisted,sofascore
14288837,1049526,Simon Elisor,49531.0,38,4.1,28.5,0.0171,miss,left-foot,throw-in-set-piece,sofascore
14288837,1511656,Mathias De Amorim,49531.0,36,24.6,44.9,0.0191,miss,right-foot,regular,sofascore
14288837,1011997,Chiheb Labidi,3013.0,35,26.7,40.6,0.0212,miss,left-foot,corner,sofascore
14288837,1172052,Daniel Júnior,3013.0,34,20.5,62.7,0.0308,save,left-foot,corner,sofascore
14288837,836676,Tom Van De Looi,49531.0,31,21.9,40.9,0.0227,block,right-foot,throw-in-set-piece,sofascore
14288837,1049526,Simon Elisor,49531.0,27,14.2,63.3,0.058,save,left-foot,assisted,sofascore
14288837,836676,Tom Van De Looi,49531.0,22,21.4,34.4,0.0093,miss,right-foot,corner,sofascore
14288837,1049526,Simon Elisor,49531.0,21,11.9,66.3,0.3321,save,right-foot,assisted,sofascore
14288837,1105595,Sorriso,49531.0,13,16.0,31.8,0.0193,block,right-foot,assisted,sofascore
14288837,1112474,Ze Vitor,3013.0,10,32.0,35.5,0.0161,save,left-foot,assisted,sofascore
14288837,1011997,Chiheb Labidi,3013.0,7,19.5,31.8,0.0496,save,left-foot,assisted,sofascore
14288837,1049526,Simon Elisor,49531.0,1,3.5,58.1,0.1033,miss,head,corner,sofascore
14288838,1404790,Carlos Eduardo,3010.0,90,10.1,52.2,0.1997,miss,left-foot,throw-in-set-piece,sofascore
14288838,1001753,Vinícius Lopes,3011.0,90,18.4,23.7,0.0067,goal,right-foot,corner,sofascore
14288838,1445615,Tidjany Touré,3010.0,86,19.0,47.6,0.0338,miss,right-foot,assisted,sofascore
14288838,1799251,Brenner,3011.0,83,17.3,66.4,0.0221,block,right-foot,corner,sofascore
14288838,1162051,Gustavo Klismahn,3011.0,82,25.4,47.2,0.0701,block,left-foot,free-kick,sofascore
14288838,1146305,Gustavo Varela,3010.0,75,8.9,48.3,0.0757,miss,head,assisted,sofascore
14288838,851277,Pedro Ferreira,3011.0,72,19.4,54.8,0.0355,miss,right-foot,corner,sofascore
14288838,1097527,Luís Esteves,3010.0,67,19.8,31.5,0.0194,block,right-foot,assisted,sofascore
14288838,1142261,Antonio Espigares,3010.0,64,7.3,53.4,0.0943,miss,head,corner,sofascore
14288838,851277,Pedro Ferreira,3011.0,62,24.8,53.0,0.0192,miss,right-foot,set-piece,sofascore
14288838,1146305,Gustavo Varela,3010.0,42,12.9,27.6,0.0461,block,right-foot,regular,sofascore
14288838,991358,Lucas Soares,3011.0,40,4.6,9.3,0.0285,save,right-foot,free-kick,sofascore
14288838,1097527,Luís Esteves,3010.0,32,24.4,57.0,0.0398,miss,right-foot,throw-in-set-piece,sofascore
14288838,1114164,Marvin Elimbi Gilbert,3010.0,24,6.6,52.1,0.355,miss,head,set-piece,sofascore
14288838,1459634,Luis Fernando,3011.0,18,23.6,31.6,0.0135,block,right-foot,assisted,sofascore
14288838,1046794,Gabriel Silva,3011.0,3,11.7,61.7,0.2577,save,right-foot,assisted,sofascore
14288841,823631,Dodi Lukebakio,3006.0,90,9.9,50.9,0.4187,miss,left-foot,assisted,sofascore
14288841,1035280,Telmo Arcanjo,3009.0,81,19.0,58.9,0.0191,block,left-foot,corner,sofascore
14288841,1468082,Gustavo Silva,3009.0,81,7.3,31.6,0.0411,block,left-foot,fast-break,sofascore
14288841,1133568,João Mendes,3009.0,80,24.8,35.2,0.0312,miss,left-foot,assisted,sofascore
14288841,252577,Rafa Silva,3006.0,77,9.8,45.2,0.463,save,right-foot,assisted,sofascore
14288841,1434543,Diogo Sousa,3009.0,76,22.9,64.5,0.0227,block,left-foot,assisted,sofascore
14288841,1002367,Beni Mukendi,3006.0,74,3.5,49.4,,goal,left-foot,regular,sofascore
14288841,795236,Vangelis Pavlidis,3006.0,74,4.8,56.9,0.3791,miss,left-foot,assisted,sofascore
14288841,1468082,Gustavo Silva,3009.0,73,8.3,62.6,0.0123,miss,head,corner,sofascore
14288841,1168093,Óscar Rivas,3009.0,66,27.0,47.4,0.0084,miss,left-foot,regular,sofascore
14288841,1468082,Gustavo Silva,3009.0,62,7.7,69.7,0.0561,miss,right-foot,assisted,sofascore
14288841,1168093,Óscar Rivas,3009.0,58,8.9,47.1,0.048,miss,head,corner,sofascore
14288841,1133568,João Mendes,3009.0,58,21.0,26.0,0.0228,block,left-foot,corner,sofascore
14288841,785808,Samu,3009.0,57,28.1,37.2,0.0152,save,left-foot,assisted,sofascore
14288841,795236,Vangelis Pavlidis,3006.0,55,13.2,51.4,0.3359,goal,right-foot,assisted,sofascore
14288841,1563640,Oumar Camara,3009.0,53,29.1,55.2,0.0183,miss,right-foot,corner,sofascore
14288841,42898,Nélson Oliveira,3009.0,52,16.1,31.5,0.0569,miss,right-foot,regular,sofascore
14288841,2140143,Miguel Nogueira,3009.0,52,19.1,66.0,0.0365,save,left-foot,assisted,sofascore
14288841,850976,Alexander Bah,3006.0,48,15.8,64.4,0.0633,miss,right-foot,assisted,sofascore
14288841,1488511,Tony Strata,3009.0,45,25.3,59.3,0.0107,block,right-foot,corner,sofascore
14288841,1100952,Andreas Schjelderup,3006.0,39,11.8,35.2,0.113,save,right-foot,fast-break,sofascore
14288841,1123925,Georgiy Sudakov,3006.0,34,20.9,55.0,0.12,block,right-foot,fast-break,sofascore
14288841,42898,Nélson Oliveira,3009.0,31,8.6,53.8,0.3368,miss,left-foot,assisted,sofascore
14288841,1148442,Thiago Balieiro,3009.0,28,14.1,50.3,0.0122,miss,head,corner,sofascore
14288841,795236,Vangelis Pavlidis,3006.0,22,10.2,40.7,0.1187,block,right-foot,assisted,sofascore
14288841,1015292,Richard Ríos,3006.0,22,26.3,59.7,0.0259,miss,left-foot,corner,sofascore
14288841,1201395,Gianluca Prestianni,3006.0,15,11.1,63.0,0.1113,goal,right-foot,assisted,sofascore
14288841,795236,Vangelis Pavlidis,3006.0,13,4.2,36.2,0.1591,miss,left-foot,assisted,sofascore
14288841,1015292,Richard Ríos,3006.0,6,30.5,52.6,0.0335,block,right-foot,free-kick,sofascore
14288832,950339,Benjamin Mbunga-Kimpioka,38396.0,90,14.1,67.9,0.0527,block,left-foot,fast-break,sofascore
14288832,788786,Jordan Siebatcheu,38396.0,90,4.4,42.3,0.149,miss,left-foot,assisted,sofascore
14288832,1187281,Brayan Medina,38396.0,90,17.2,53.0,0.0194,miss,head,assisted,sofascore
14288832,44685,Nenê,483088.0,90,6.3,51.7,0.1466,save,head,corner,sofascore
14288832,1133063,Tunde Akinsola,483088.0,90,6.7,60.9,0.2554,save,left-foot,fast-break,sofascore
14288832,1003071,Diego Duarte,483088.0,89,15.0,53.0,0.0959,block,right-foot,set-piece,sofascore
14288832,1133063,Tunde Akinsola,483088.0,86,21.0,69.2,0.0205,miss,left-foot,fast-break,sofascore
14288832,1187281,Brayan Medina,38396.0,83,13.3,56.5,0.0127,block,head,set-piece,sofascore
14288832,788786,Jordan Siebatcheu,38396.0,79,3.2,68.6,0.0319,block,right-foot,assisted,sofascore
14288832,1136902,Makan Aïko,38396.0,76,15.4,26.7,0.0234,save,right-foot,assisted,sofascore
14288832,1136902,Makan Aïko,38396.0,75,9.9,33.6,0.085,post,right-foot,assisted,sofascore
14288832,879917,Maranhão,38396.0,69,7.6,56.6,0.2762,post,head,fast-break,sofascore
14288832,1133063,Tunde Akinsola,483088.0,69,9.2,58.5,0.0856,miss,left-foot,regular,sofascore
14288832,1006114,Gustavo Mendonca,483088.0,68,29.0,50.5,0.0128,miss,right-foot,assisted,sofascore
14288832,950339,Benjamin Mbunga-Kimpioka,38396.0,62,8.4,63.0,0.0213,miss,head,assisted,sofascore
14288832,1067648,Pedro Lima,483088.0,55,13.9,45.8,0.1671,miss,left-foot,assisted,sofascore
14288832,988882,Joe Hodge,38396.0,50,26.1,29.4,0.0142,save,right-foot,assisted,sofascore
14288832,1185986,Óscar Perea,483088.0,48,9.7,48.5,0.0445,block,head,corner,sofascore
14288832,879917,Maranhão,38396.0,45,8.0,52.1,0.0924,miss,head,assisted,sofascore
14288832,1068519,João Silva,38396.0,45,11.3,55.5,0.0261,block,head,set-piece,sofascore
14288832,1185986,Óscar Perea,483088.0,43,25.3,28.9,0.0203,miss,right-foot,assisted,sofascore
14288832,950339,Benjamin Mbunga-Kimpioka,38396.0,38,16.9,66.4,0.0407,miss,right-foot,assisted,sofascore
14288832,945121,Rodrigo Conceição,38396.0,38,26.6,49.7,0.0216,save,right-foot,assisted,sofascore
14288832,584116,Ponck,483088.0,26,21.5,56.6,0.0182,block,left-foot,corner,sofascore
14288835,1094384,Tamblé Monteiro,3036.0,90,9.2,35.0,0.1294,save,left-foot,fast-break,sofascore
14288835,929894,Alejandro Marqués,4500.0,90,7.6,51.1,0.5572,miss,right-foot,assisted,sofascore
14288835,1094384,Tamblé Monteiro,3036.0,89,4.8,67.9,0.1689,save,right-foot,assisted,sofascore
14288835,548044,João Carvalho,4500.0,88,24.6,72.8,0.0202,miss,right-foot,regular,sofascore
14288835,834247,Pedro Amaral,4500.0,87,25.0,35.4,0.0132,miss,left-foot,assisted,sofascore
14288835,930246,Yanis Begraoui,4500.0,83,13.0,63.8,0.0224,block,right-foot,set-piece,sofascore
14288835,930246,Yanis Begraoui,4500.0,82,18.8,59.9,0.0332,block,left-foot,assisted,sofascore
14288835,930246,Yanis Begraoui,4500.0,77,12.2,65.6,0.0333,miss,right-foot,assisted,sofascore
14288835,1499082,Jalen Blesa,3036.0,74,11.5,50.0,0.7884,goal,right-foot,penalty,sofascore
14288835,1064359,Nelson Abbey,3036.0,71,20.7,34.9,0.0146,block,left-foot,corner,sofascore
14288835,826024,Dario Špikić,3036.0,64,9.0,54.9,0.0913,miss,right-foot,throw-in-set-piece,sofascore
14288835,548044,João Carvalho,4500.0,60,14.5,28.0,0.0279,post,right-foot,corner,sofascore
14288835,1120679,André Lacximicant,4500.0,59,3.7,41.9,0.4576,save,left-foot,assisted,sofascore
14288835,930246,Yanis Begraoui,4500.0,57,13.4,69.1,0.0509,save,right-foot,fast-break,sofascore
14288835,848521,Marios Vrousai,3036.0,57,12.2,72.6,0.0543,save,right-foot,regular,sofascore
14288835,72020,Jakub Brabec,3036.0,54,8.0,49.8,0.0891,goal,head,set-piece,sofascore
14288835,920684,Jordan Holsgrove,4500.0,49,17.5,63.4,0.0316,miss,left-foot,corner,sofascore
14288835,848521,Marios Vrousai,3036.0,43,8.3,56.0,0.3975,save,right-foot,regular,sofascore
14288835,1176881,Diogo Bezerra,3036.0,43,13.8,24.1,0.0227,save,right-foot,assisted,sofascore
14288835,1176881,Diogo Bezerra,3036.0,30,17.2,16.8,0.0348,save,right-foot,free-kick,sofascore
14288835,930273,Olinho,3036.0,24,20.0,56.2,0.0578,miss,left-foot,assisted,sofascore
14288835,357734,Ferro,4500.0,16,9.6,46.4,0.1033,goal,head,set-piece,sofascore
14288835,826210,Rafik Guitane,4500.0,14,15.1,72.0,0.0305,save,left-foot,assisted,sofascore
14288835,930273,Olinho,3036.0,9,22.3,27.4,0.0115,block,right-foot,regular,sofascore
14288835,1176881,Diogo Bezerra,3036.0,6,14.9,66.1,0.0349,block,right-foot,regular,sofascore
14288835,548044,João Carvalho,4500.0,4,22.2,69.5,0.0175,block,right-foot,corner,sofascore
14288836,1405973,Bastien Meupiyou,190328.0,90,11.4,28.8,0.0336,save,right-foot,assisted,sofascore
14288836,1464415,Rafael Nel,3001.0,89,8.5,52.8,0.3029,save,left-foot,regular,sofascore
14288836,878496,Ricardo Mangas,3001.0,89,4.2,47.2,0.3451,post,left-foot,regular,sofascore
14288836,1464415,Rafael Nel,3001.0,88,7.1,53.1,0.2083,save,left-foot,assisted,sofascore
14288836,895764,Pedro Gonçalves,3001.0,86,14.0,18.8,0.0412,goal,right-foot,free-kick,sofascore
14288836,1100957,Marko Milovanović,190328.0,83,13.6,37.8,0.0849,goal,right-foot,assisted,sofascore
14288836,1166952,Georgios Vagiannidis,3001.0,77,15.0,50.6,0.1467,save,right-foot,assisted,sofascore
14288836,1100957,Marko Milovanović,190328.0,75,6.9,44.5,0.1896,save,head,set-piece,sofascore
14288836,2033832,Davy Gui,190328.0,73,20.1,36.0,0.0579,miss,left-foot,assisted,sofascore
14288836,1001140,Geny Catamo,3001.0,68,20.9,69.2,0.0212,goal,left-foot,assisted,sofascore
14288836,830431,Francisco Trincão,3001.0,66,25.0,51.5,0.0194,miss,left-foot,assisted,sofascore
14288836,859917,Morten Hjulmand,3001.0,64,16.3,63.9,0.0459,save,right-foot,regular,sofascore
14288836,914213,Luis Javier Suárez,3001.0,57,13.0,35.2,0.1815,miss,left-foot,assisted,sofascore
14288836,904849,Nabil Touaizi,190328.0,56,13.8,64.0,0.0712,miss,right-foot,regular,sofascore
14288836,914213,Luis Javier Suárez,3001.0,50,20.8,30.6,0.0212,goal,right-foot,assisted,sofascore
14288836,1015826,Chiquinho,190328.0,45,12.0,45.7,0.0541,miss,head,assisted,sofascore
14288836,992024,Rhaldney,190328.0,42,19.1,51.5,0.0385,miss,right-foot,corner,sofascore
14288836,344023,Sandro Lima,190328.0,34,8.0,56.0,0.1141,miss,head,fast-break,sofascore
14288836,1105790,Figueiredo,190328.0,33,14.5,51.5,0.071,block,left-foot,regular,sofascore
14288836,992024,Rhaldney,190328.0,33,16.7,36.6,0.0511,block,right-foot,regular,sofascore
14288836,794928,Lincoln,190328.0,31,30.3,46.7,0.0142,save,left-foot,regular,sofascore
14288836,895764,Pedro Gonçalves,3001.0,30,18.2,47.5,0.0704,miss,right-foot,set-piece,sofascore
14288836,1105790,Figueiredo,190328.0,25,10.5,52.2,0.0619,miss,head,set-piece,sofascore
14288836,895764,Pedro Gonçalves,3001.0,22,10.2,31.2,0.0478,goal,right-foot,regular,sofascore
14288836,926560,Hidemasa Morita,3001.0,19,22.9,43.4,0.0343,block,right-foot,assisted,sofascore
14288836,1001140,Geny Catamo,3001.0,16,26.3,57.0,0.0199,save,left-foot,assisted,sofascore
14288836,830431,Francisco Trincão,3001.0,12,20.9,68.2,0.0221,miss,left-foot,assisted,sofascore
14288839,1396015,Mario Dorgeles,2999.0,90,21.6,69.3,0.0296,block,left-foot,assisted,sofascore
14288839,191188,Seko Fofana,3002.0,87,10.7,39.7,0.0951,miss,left-foot,assisted,sofascore
14288839,191188,Seko Fofana,3002.0,80,11.6,41.7,0.0652,goal,right-foot,corner,sofascore
14288839,1639250,William Gomes,3002.0,78,7.0,66.0,0.05,block,right-foot,assisted,sofascore
14288839,1639250,William Gomes,3002.0,69,3.2,61.1,0.4661,goal,right-foot,assisted,sofascore
14288839,1639250,William Gomes,3002.0,60,16.0,70.5,0.0299,block,left-foot,assisted,sofascore
14288839,1406639,Victor Froholdt,3002.0,58,20.7,57.7,0.0556,save,left-foot,regular,sofascore
14288839,966575,Rodrigo Zalazar,2999.0,54,11.5,50.0,0.7884,goal,right-foot,penalty,sofascore
14288839,314380,Ricardo Horta,2999.0,51,25.1,49.3,0.026,block,right-foot,assisted,sofascore
14288839,1031567,Pau Víctor,2999.0,42,9.9,66.3,0.0543,miss,right-foot,assisted,sofascore
14288839,1010505,Gabri Veiga,3002.0,36,23.5,58.5,0.0618,miss,right-foot,free-kick,sofascore
14288839,966575,Rodrigo Zalazar,2999.0,25,3.5,66.7,0.0374,miss,right-foot,assisted,sofascore
14288839,1010505,Gabri Veiga,3002.0,24,22.5,60.5,0.0778,miss,left-foot,regular,sofascore
14288839,314380,Ricardo Horta,2999.0,14,12.0,29.7,0.0494,miss,right-foot,fast-break,sofascore
14288839,1548929,Oskar Pietuszewski,3002.0,9,19.8,41.1,0.0337,miss,right-foot,corner,sofascore
14288839,882664,Pepê,3002.0,8,15.7,61.7,0.0317,miss,right-foot,corner,sofascore
14288839,1548929,Oskar Pietuszewski,3002.0,7,3.6,41.1,0.2249,miss,head,assisted,sofascore
14288839,1066560,Alan Varela,3002.0,4,23.2,43.2,0.0143,miss,right-foot,corner,sofascore
14288842,44685,Nenê,483088.0,90,29.0,42.3,0.0339,save,right-foot,free-kick,sofascore
14288842,1185986,Óscar Perea,483088.0,87,22.8,37.4,0.0621,block,right-foot,fast-break,sofascore
14288842,1146305,Gustavo Varela,3010.0,80,3.1,57.3,0.1727,goal,right-foot,regular,sofascore
14288842,1003071,Diego Duarte,483088.0,73,15.0,44.0,0.0559,miss,right-foot,assisted,sofascore
14288842,324345,Kiki,483088.0,73,23.7,27.6,0.0176,block,left-foot,assisted,sofascore
14288842,1097527,Luís Esteves,3010.0,69,21.1,56.4,0.0572,save,right-foot,assisted,sofascore
14288842,1146305,Gustavo Varela,3010.0,62,7.2,47.0,0.3315,miss,left-foot,regular,sofascore
14288842,611880,Murilo,3010.0,62,17.3,63.0,0.0481,save,left-foot,regular,sofascore
14288842,800348,Jonathan Buatu,3010.0,61,7.6,43.0,0.0561,miss,head,assisted,sofascore
14288842,1001662,Zé Carlos,3010.0,60,10.1,63.8,0.0904,block,right-foot,assisted,sofascore
14288842,929688,Mateus Pivô,483088.0,54,13.9,72.9,0.0167,block,right-foot,assisted,sofascore
14288842,126076,Tomané,483088.0,53,18.9,53.0,0.037,block,left-foot,throw-in-set-piece,sofascore
14288842,1133063,Tunde Akinsola,483088.0,50,27.3,61.5,0.0443,save,left-foot,fast-break,sofascore
14288842,1097527,Luís Esteves,3010.0,47,18.6,49.5,0.0391,block,right-foot,assisted,sofascore
14288842,1067648,Pedro Lima,483088.0,45,22.6,55.0,0.0265,block,left-foot,assisted,sofascore
14288842,1084746,Santi García,3010.0,42,25.1,53.6,0.0199,miss,right-foot,set-piece,sofascore
14288842,611880,Murilo,3010.0,34,4.5,54.5,0.6347,save,right-foot,throw-in-set-piece,sofascore
14288842,831781,Ghislain Konan,3010.0,30,14.6,33.5,0.0303,miss,right-foot,regular,sofascore
14288842,796139,Andre Green,483088.0,26,14.7,26.8,0.0267,block,right-foot,assisted,sofascore
14288842,611880,Murilo,3010.0,22,7.7,53.1,0.3015,miss,head,assisted,sofascore
14288842,1146305,Gustavo Varela,3010.0,11,12.6,48.2,0.0748,goal,right-foot,throw-in-set-piece,sofascore
14288842,1097527,Luís Esteves,3010.0,10,25.6,46.8,0.0253,block,right-foot,assisted,sofascore
14288842,796139,Andre Green,483088.0,7,22.9,23.7,0.0141,save,right-foot,assisted,sofascore
14288842,1084746,Santi García,3010.0,5,22.8,55.0,0.0317,miss,left-foot,corner,sofascore
14288842,1146305,Gustavo Varela,3010.0,2,3.1,32.0,0.0344,miss,left-foot,assisted,sofascore
14288850,1434543,Diogo Sousa,3009.0,80,26.2,62.9,0.027,miss,left-foot,assisted,sofascore
14288850,1153328,Noah Saviolo,3009.0,76,7.9,50.1,0.1002,miss,head,assisted,sofascore
14288850,1133568,João Mendes,3009.0,65,11.5,50.0,0.7884,goal,left-foot,penalty,sofascore
14288850,1468082,Gustavo Silva,3009.0,55,14.8,65.0,0.0529,goal,right-foot,regular,sofascore
14288850,785808,Samu,3009.0,51,11.5,50.0,0.7884,goal,left-foot,penalty,sofascore
14288850,1133568,João Mendes,3009.0,45,9.7,37.0,0.1226,block,left-foot,assisted,sofascore
14288850,1148442,Thiago Balieiro,3009.0,42,7.4,54.4,0.225,miss,head,set-piece,sofascore
14288850,1111880,Emmanuel Maviram,38396.0,34,32.8,46.4,0.0059,save,left-foot,assisted,sofascore
14288850,1468082,Gustavo Silva,3009.0,24,13.1,46.9,0.0895,post,left-foot,assisted,sofascore
14288850,1161004,Gonçalo Nogueira,3009.0,21,2.7,39.5,0.0481,miss,head,corner,sofascore
14288850,2140143,Miguel Nogueira,3009.0,18,13.8,57.8,0.1909,goal,left-foot,fast-break,sofascore
14288850,1133568,João Mendes,3009.0,18,30.0,39.5,0.0106,block,left-foot,assisted,sofascore
14288850,917006,Arjen Van Der Heide,38396.0,12,27.2,40.7,0.0203,miss,left-foot,assisted,sofascore
14288850,988882,Joe Hodge,38396.0,8,22.0,32.3,0.0331,miss,right-foot,regular,sofascore
14288850,1563640,Oumar Camara,3009.0,5,18.4,45.8,0.0756,goal,right-foot,assisted,sofascore
14288846,1464415,Rafael Nel,3001.0,90,12.9,62.2,0.3513,goal,right-foot,fast-break,sofascore
14288846,1002343,Souleymane Faye,3001.0,90,14.3,52.1,0.2216,miss,right-foot,regular,sofascore
14288846,138890,Gonçalo Paciência,3011.0,89,8.8,48.9,0.3001,goal,right-foot,assisted,sofascore
14288846,1001753,Vinícius Lopes,3011.0,73,27.7,34.8,0.0202,miss,right-foot,assisted,sofascore
14288846,1464415,Rafael Nel,3001.0,71,8.8,74.4,0.0403,miss,right-foot,assisted,sofascore
14288846,859917,Morten Hjulmand,3001.0,70,8.0,63.6,0.0113,block,head,corner,sofascore
14288846,1001140,Geny Catamo,3001.0,67,16.0,76.4,0.0275,post,left-foot,corner,sofascore
14288846,1464415,Rafael Nel,3001.0,60,7.3,51.5,0.4602,miss,left-foot,assisted,sofascore
14288846,830431,Francisco Trincão,3001.0,58,18.8,46.0,0.0447,block,left-foot,assisted,sofascore
14288846,1046794,Gabriel Silva,3011.0,50,12.3,75.0,0.0313,save,right-foot,assisted,sofascore
14288846,830431,Francisco Trincão,3001.0,42,9.5,33.3,0.1038,goal,left-foot,assisted,sofascore
14288846,926560,Hidemasa Morita,3001.0,42,23.7,62.0,0.043,save,right-foot,assisted,sofascore
14288846,861979,Daniel Bragança,3001.0,39,9.5,43.5,0.0988,goal,left-foot,assisted,sofascore
14288846,1046794,Gabriel Silva,3011.0,37,12.6,28.0,0.0137,save,head,throw-in-set-piece,sofascore
14288846,861979,Daniel Bragança,3001.0,35,15.7,56.4,0.0305,block,left-foot,corner,sofascore
14288846,989841,Eduardo Quaresma,3001.0,35,6.8,52.8,0.1076,block,head,corner,sofascore
14288846,1166952,Georgios Vagiannidis,3001.0,34,4.2,68.9,0.0448,block,right-foot,assisted,sofascore
14288846,1001140,Geny Catamo,3001.0,32,14.5,63.4,0.0926,save,left-foot,assisted,sofascore
14288846,1001140,Geny Catamo,3001.0,27,19.2,73.2,0.0244,save,left-foot,corner,sofascore
14288846,1126512,Zeno Debast,3001.0,27,25.6,50.5,0.0251,block,right-foot,assisted,sofascore
14288846,926560,Hidemasa Morita,3001.0,26,8.6,38.3,0.0198,save,head,corner,sofascore
14288846,895764,Pedro Gonçalves,3001.0,25,15.6,37.8,0.0366,block,right-foot,assisted,sofascore
14288846,895764,Pedro Gonçalves,3001.0,22,11.5,50.0,0.7884,goal,right-foot,penalty,sofascore
14288846,830431,Francisco Trincão,3001.0,16,23.3,39.7,0.0269,block,left-foot,assisted,sofascore
14288846,895764,Pedro Gonçalves,3001.0,14,10.5,53.8,0.0538,block,head,assisted,sofascore
14288846,1459634,Luis Fernando,3011.0,13,35.3,92.7,0.2427,miss,right-foot,fast-break,sofascore
14288846,895764,Pedro Gonçalves,3001.0,10,20.4,62.2,0.0409,miss,right-foot,assisted,sofascore
14288846,1162051,Gustavo Klismahn,3011.0,3,4.3,57.9,0.2658,goal,right-foot,throw-in-set-piece,sofascore
14288846,1459634,Luis Fernando,3011.0,3,10.7,52.3,0.0422,miss,head,throw-in-set-piece,sofascore
14288843,1090543,Abraham Marcus,3035.0,90,28.1,72.6,0.0154,miss,left-foot,regular,sofascore
14288843,1172052,Daniel Júnior,3013.0,90,15.7,64.2,0.0543,save,left-foot,assisted,sofascore
14288843,851030,Filipe Soares,3013.0,89,27.2,40.9,0.0404,miss,right-foot,fast-break,sofascore
14288843,1172052,Daniel Júnior,3013.0,88,14.7,58.9,0.0947,block,left-foot,assisted,sofascore
14288843,845802,Jovane Cabral,3035.0,83,16.6,31.5,0.0294,miss,right-foot,corner,sofascore
14288843,1112474,Ze Vitor,3013.0,82,29.5,45.7,0.0342,save,left-foot,free-kick,sofascore
14288843,845802,Jovane Cabral,3035.0,77,7.9,35.6,0.0101,save,head,corner,sofascore
14288843,912781,Paulinho Bóia,3013.0,71,15.3,48.8,0.08,goal,right-foot,assisted,sofascore
14288843,987597,Jesús Ramírez,3013.0,66,13.0,52.7,0.0274,miss,head,set-piece,sofascore
14288843,1210450,Tom Moustier,3035.0,63,20.3,40.5,0.0745,miss,right-foot,assisted,sofascore
14288843,1410927,Max Scholze,3035.0,61,28.5,49.1,0.0113,block,left-foot,throw-in-set-piece,sofascore
14288843,845802,Jovane Cabral,3035.0,59,12.2,74.9,0.0216,miss,right-foot,corner,sofascore
14288843,1090543,Abraham Marcus,3035.0,58,15.1,53.4,0.0622,block,left-foot,assisted,sofascore
14288843,845802,Jovane Cabral,3035.0,58,14.9,64.3,0.0771,post,right-foot,fast-break,sofascore
14288843,1011997,Chiheb Labidi,3013.0,54,27.6,44.7,0.0285,block,left-foot,fast-break,sofascore
14288843,987597,Jesús Ramírez,3013.0,54,12.7,46.9,0.1352,block,left-foot,fast-break,sofascore
14288843,801339,Rodrigo Pinho,3035.0,50,10.8,54.8,0.1579,save,left-foot,assisted,sofascore
14288843,902051,Miguel Baeza,3013.0,45,23.4,71.1,0.0163,block,left-foot,assisted,sofascore
14288843,912781,Paulinho Bóia,3013.0,40,22.7,32.1,0.0216,block,left-foot,assisted,sofascore
14288843,1112474,Ze Vitor,3013.0,27,12.0,59.6,0.0083,block,head,corner,sofascore
14288843,902051,Miguel Baeza,3013.0,22,4.6,59.5,0.1917,miss,left-foot,assisted,sofascore
14288843,989449,Kevin Höög Jansson,3035.0,20,19.5,74.4,0.0438,miss,left-foot,free-kick,sofascore
14288843,801339,Rodrigo Pinho,3035.0,12,31.3,34.1,0.0272,block,left-foot,free-kick,sofascore
14288843,1002819,Gabriel Veron,3013.0,5,18.7,65.4,0.0349,miss,right-foot,corner,sofascore
14288843,987597,Jesús Ramírez,3013.0,2,20.6,43.1,0.121,goal,right-foot,free-kick,sofascore
14288844,848521,Marios Vrousai,3036.0,90,14.8,41.5,0.0584,block,right-foot,set-piece,sofascore
14288844,1105850,Ryan Guilherme,3036.0,90,18.4,43.9,0.0638,miss,right-foot,regular,sofascore
14288844,1094384,Tamblé Monteiro,3036.0,85,7.1,50.5,0.1048,block,head,corner,sofascore
14288844,848521,Marios Vrousai,3036.0,83,19.0,51.5,0.0952,save,right-foot,regular,sofascore
14288844,848521,Marios Vrousai,3036.0,82,24.4,49.3,0.047,miss,right-foot,assisted,sofascore
14288844,848521,Marios Vrousai,3036.0,78,9.7,45.6,0.1024,miss,left-foot,assisted,sofascore
14288844,1405454,Cédric Nuozzi,190328.0,77,14.1,49.1,0.2407,miss,left-foot,fast-break,sofascore
14288844,1499082,Jalen Blesa,3036.0,76,5.5,33.6,0.0523,save,left-foot,assisted,sofascore
14288844,794928,Lincoln,190328.0,69,22.0,32.9,0.0239,block,left-foot,assisted,sofascore
14288844,1005992,Andreas Ndoj,3036.0,66,11.9,44.2,0.0204,save,head,corner,sofascore
14288844,930273,Olinho,3036.0,66,17.3,45.8,0.0332,block,right-foot,corner,sofascore
14288844,1176881,Diogo Bezerra,3036.0,62,17.9,45.8,0.2475,miss,right-foot,fast-break,sofascore
14288844,1499082,Jalen Blesa,3036.0,59,7.3,47.4,0.353,goal,head,assisted,sofascore
14288844,904849,Nabil Touaizi,190328.0,58,8.8,65.2,0.1783,miss,right-foot,assisted,sofascore
14288844,1105790,Figueiredo,190328.0,56,22.3,45.6,0.0287,miss,right-foot,assisted,sofascore
14288844,930273,Olinho,3036.0,49,18.9,51.3,0.0447,block,left-foot,assisted,sofascore
14288844,826024,Dario Špikić,3036.0,48,20.3,30.1,0.0336,miss,right-foot,assisted,sofascore
14288844,1105790,Figueiredo,190328.0,47,21.5,45.4,0.1124,save,right-foot,fast-break,sofascore
14288844,1015826,Chiquinho,190328.0,45,9.4,31.1,0.0625,save,right-foot,regular,sofascore
14288844,794928,Lincoln,190328.0,40,28.1,50.3,0.0263,save,left-foot,assisted,sofascore
14288844,992024,Rhaldney,190328.0,40,21.3,64.4,0.0335,block,right-foot,assisted,sofascore
14288844,794928,Lincoln,190328.0,39,21.9,38.7,0.0386,save,left-foot,assisted,sofascore
14288844,1015826,Chiquinho,190328.0,39,7.1,48.1,0.1742,block,right-foot,regular,sofascore
14288844,1499082,Jalen Blesa,3036.0,34,9.5,55.4,0.0502,miss,head,assisted,sofascore
14288844,848521,Marios Vrousai,3036.0,30,23.8,73.4,0.0155,block,right-foot,assisted,sofascore
14288844,1176881,Diogo Bezerra,3036.0,30,24.0,30.9,0.0259,block,right-foot,assisted,sofascore
14288844,344023,Sandro Lima,190328.0,21,11.9,60.7,0.2516,goal,right-foot,assisted,sofascore
14288844,344023,Sandro Lima,190328.0,19,7.0,44.2,0.1506,miss,head,assisted,sofascore
14288844,930273,Olinho,3036.0,12,10.2,72.0,0.0298,save,right-foot,assisted,sofascore
14288844,1105790,Figueiredo,190328.0,5,27.2,40.3,0.0152,goal,right-foot,set-piece,sofascore
14288844,1915110,Isaac James,190328.0,2,1.7,37.8,0.0329,miss,left-foot,throw-in-set-piece,sofascore
14288847,1184326,Diego Rodrigues,2999.0,90,20.9,25.9,0.0182,save,right-foot,assisted,sofascore
14288847,1395583,Kiko,3014.0,90,24.2,35.8,0.0304,miss,left-foot,assisted,sofascore
14288847,1166006,Mateja Stjepanović,3014.0,90,14.5,48.2,0.0633,block,left-foot,assisted,sofascore
14288847,910033,Cedric Teguia,3014.0,87,25.3,62.4,0.0204,block,left-foot,assisted,sofascore
14288847,1001848,Nile John,3014.0,86,23.9,49.0,0.0191,miss,right-foot,set-piece,sofascore
14288847,905455,Alan,3014.0,85,15.5,44.5,0.0547,block,right-foot,regular,sofascore
14288847,1001848,Nile John,3014.0,82,19.8,48.5,0.0172,block,right-foot,corner,sofascore
14288847,1142578,Diogo Travassos,3014.0,82,10.7,30.8,0.0321,block,right-foot,fast-break,sofascore
14288847,1142578,Diogo Travassos,3014.0,78,19.7,67.7,0.0148,block,right-foot,corner,sofascore
14288847,314380,Ricardo Horta,2999.0,70,1.2,33.1,0.0215,save,right-foot,throw-in-set-piece,sofascore
14288847,6562,João Moutinho,2999.0,65,18.8,47.4,0.0702,save,right-foot,assisted,sofascore
14288847,1115751,Luís Semedo,3014.0,61,26.6,53.0,0.0503,miss,right-foot,fast-break,sofascore
14288847,868235,Sikou Niakaté,2999.0,59,3.6,55.2,0.3031,save,head,corner,sofascore
14288847,1031567,Pau Víctor,2999.0,45,25.7,66.7,0.0172,block,right-foot,assisted,sofascore
14288847,1001848,Nile John,3014.0,45,16.0,26.8,0.0218,save,right-foot,corner,sofascore
14288847,1395583,Kiko,3014.0,45,14.7,33.6,0.041,save,left-foot,assisted,sofascore
14288847,914772,Fran Navarro,2999.0,38,8.4,47.6,0.2577,save,left-foot,corner,sofascore
14288847,965263,Gustaf Lagerbielke,2999.0,38,8.3,53.8,0.0586,block,head,corner,sofascore
14288847,1134430,Gabriel Martínez,2999.0,36,8.6,34.6,0.1277,save,right-foot,assisted,sofascore
14288847,905455,Alan,3014.0,34,24.8,23.6,0.0365,miss,right-foot,free-kick,sofascore
14288847,914772,Fran Navarro,2999.0,24,3.2,44.8,0.2805,goal,left-foot,set-piece,sofascore
14288847,314380,Ricardo Horta,2999.0,13,15.6,65.1,0.0852,miss,right-foot,throw-in-set-piece,sofascore
14288845,991924,Rodrigo Pinheiro,49531.0,90,4.3,47.2,0.248,goal,right-foot,throw-in-set-piece,sofascore
14288845,1120040,Pedro Santos,49531.0,90,12.1,45.8,0.0861,block,left-foot,throw-in-set-piece,sofascore
14288845,191188,Seko Fofana,3002.0,90,11.6,35.4,0.0759,goal,right-foot,corner,sofascore
14288845,1639250,William Gomes,3002.0,89,14.0,66.6,0.0213,block,left-foot,assisted,sofascore
14288845,836676,Tom Van De Looi,49531.0,78,14.8,44.6,0.1395,miss,right-foot,assisted,sofascore
14288845,1105595,Sorriso,49531.0,54,3.0,48.8,0.7188,goal,head,fast-break,sofascore
14288845,1049526,Simon Elisor,49531.0,54,6.9,56.3,0.1232,save,head,fast-break,sofascore
14288845,191188,Seko Fofana,3002.0,53,25.6,58.3,0.0256,miss,right-foot,assisted,sofascore
14288845,190137,Rafa Soares,49531.0,45,12.3,38.9,0.0618,miss,left-foot,corner,sofascore
14288845,1563665,Gustavo Sá,49531.0,42,14.8,62.4,0.0481,save,right-foot,assisted,sofascore
14288845,882664,Pepê,3002.0,39,22.8,35.4,0.0254,miss,left-foot,fast-break,sofascore
14288845,876255,Justin De Haas,49531.0,39,7.3,37.8,0.0251,save,head,set-piece,sofascore
14288845,1160957,Alberto Costa,3002.0,35,11.2,55.1,0.0931,goal,right-foot,assisted,sofascore
14288845,894396,Terem Moffi,3002.0,31,7.3,40.9,0.0827,save,right-foot,assisted,sofascore
14288845,1563665,Gustavo Sá,49531.0,29,14.8,69.6,0.0269,miss,left-foot,assisted,sofascore
14288845,1511656,Mathias De Amorim,49531.0,24,22.8,64.4,0.0207,miss,right-foot,corner,sofascore
14288845,1410240,Rodrigo Mora,3002.0,18,25.0,50.9,0.0476,block,right-foot,fast-break,sofascore
14288845,894396,Terem Moffi,3002.0,10,6.4,42.5,0.0606,block,head,corner,sofascore
14288845,1105595,Sorriso,49531.0,3,10.8,35.0,0.3938,save,left-foot,assisted,sofascore
14288997,2155276,José Tavares,3011.0,90,32.3,73.9,0.0081,block,left-foot,assisted,sofascore
14288997,1117723,Sidny Lopes Cabral,3006.0,90,18.6,33.6,0.0218,block,right-foot,assisted,sofascore
14288997,906800,Leandro Barreiro,3006.0,86,14.1,57.9,0.1084,miss,left-foot,set-piece,sofascore
14288997,1123925,Georgiy Sudakov,3006.0,86,27.4,35.1,0.0337,block,right-foot,free-kick,sofascore
14288997,1006069,António Silva,3006.0,83,9.1,44.8,0.0385,block,head,corner,sofascore
14288997,1117723,Sidny Lopes Cabral,3006.0,70,21.9,30.6,0.0146,miss,right-foot,assisted,sofascore
14288997,1459634,Luis Fernando,3011.0,64,43.3,45.8,0.0201,miss,right-foot,fast-break,sofascore
14288997,991358,Lucas Soares,3011.0,54,29.8,69.9,0.0146,save,right-foot,assisted,sofascore
14288997,138890,Gonçalo Paciência,3011.0,47,7.5,48.6,0.101,goal,head,corner,sofascore
14288997,1162051,Gustavo Klismahn,3011.0,47,24.6,49.1,0.0291,block,left-foot,assisted,sofascore
14288997,1001753,Vinícius Lopes,3011.0,45,14.5,75.0,0.0216,block,left-foot,fast-break,sofascore
14288997,1108505,Paulo Victor,3006.0,38,3.6,44.4,,goal,right-foot,regular,sofascore
14288997,1201395,Gianluca Prestianni,3006.0,38,4.2,42.4,0.1504,miss,left-foot,assisted,sofascore
14288997,252577,Rafa Silva,3006.0,33,6.2,62.9,0.1102,miss,right-foot,assisted,sofascore
14288997,252577,Rafa Silva,3006.0,25,16.1,63.2,0.0337,save,right-foot,assisted,sofascore
14288997,1019184,Serginho,3011.0,24,24.6,58.6,0.0269,block,right-foot,assisted,sofascore
14288997,795236,Vangelis Pavlidis,3006.0,16,2.6,48.2,0.4212,goal,head,assisted,sofascore
14288997,851277,Pedro Ferreira,3011.0,11,18.1,43.2,0.0386,block,left-foot,throw-in-set-piece,sofascore
14288997,1046794,Gabriel Silva,3011.0,10,27.5,33.3,0.0193,block,right-foot,assisted,sofascore
14288997,252577,Rafa Silva,3006.0,5,2.8,54.3,0.2559,save,head,assisted,sofascore
14288991,1482435,Juan Rodríguez,38396.0,90,11.3,44.9,0.1417,block,right-foot,regular,sofascore
14288991,1168617,Mathis Clairicia,190328.0,90,8.2,69.7,0.0235,save,right-foot,assisted,sofascore
14288991,1136902,Makan Aïko,38396.0,84,23.3,41.6,0.0454,miss,right-foot,assisted,sofascore
14288991,1482435,Juan Rodríguez,38396.0,83,12.4,46.3,0.0333,miss,head,assisted,sofascore
14288991,1068519,João Silva,38396.0,80,4.3,49.0,0.5439,goal,head,corner,sofascore
14288991,879917,Maranhão,38396.0,77,31.3,63.2,0.0161,miss,right-foot,assisted,sofascore
14288991,950339,Benjamin Mbunga-Kimpioka,38396.0,74,11.2,58.4,0.0769,block,left-foot,regular,sofascore
14288991,1482435,Juan Rodríguez,38396.0,74,11.7,40.9,0.0292,miss,head,assisted,sofascore
14288991,1187281,Brayan Medina,38396.0,68,11.9,38.8,0.0107,block,head,set-piece,sofascore
14288991,1136902,Makan Aïko,38396.0,66,16.3,35.1,0.047,save,right-foot,assisted,sofascore
14288991,1015826,Chiquinho,190328.0,62,12.2,33.0,0.041,miss,left-foot,assisted,sofascore
14288991,1136902,Makan Aïko,38396.0,61,12.3,32.0,0.0223,miss,left-foot,fast-break,sofascore
14288991,1482435,Juan Rodríguez,38396.0,58,23.5,38.3,0.026,miss,left-foot,assisted,sofascore
14288991,1100957,Marko Milovanović,190328.0,48,15.6,47.4,0.0653,block,left-foot,corner,sofascore
14288991,945121,Rodrigo Conceição,38396.0,45,15.6,29.5,0.0327,save,right-foot,assisted,sofascore
14288991,1105790,Figueiredo,190328.0,45,11.0,65.2,0.1074,block,right-foot,fast-break,sofascore
14288991,950339,Benjamin Mbunga-Kimpioka,38396.0,45,12.6,46.4,0.1921,block,left-foot,regular,sofascore
14288991,879917,Maranhão,38396.0,37,11.5,58.1,0.0815,miss,right-foot,regular,sofascore
14288991,988882,Joe Hodge,38396.0,30,11.7,65.2,0.0691,miss,right-foot,regular,sofascore
14288991,1100957,Marko Milovanović,190328.0,28,8.8,51.7,0.1203,save,right-foot,corner,sofascore
14288991,988882,Joe Hodge,38396.0,20,9.8,45.0,0.0892,miss,left-foot,regular,sofascore
14288991,945121,Rodrigo Conceição,38396.0,20,10.8,39.5,0.0666,block,right-foot,assisted,sofascore
14288991,1105790,Figueiredo,190328.0,16,14.4,52.1,0.0717,block,right-foot,corner,sofascore
14288991,1167068,Kaiky Naves,190328.0,16,11.3,61.8,0.0514,block,right-foot,corner,sofascore
14288991,1100957,Marko Milovanović,190328.0,15,15.2,44.0,0.0375,block,right-foot,corner,sofascore
14288991,904849,Nabil Touaizi,190328.0,15,10.1,72.2,0.0193,save,right-foot,assisted,sofascore
14288991,861283,Cicero,38396.0,7,8.3,55.4,0.143,save,head,assisted,sofascore
14288991,1100957,Marko Milovanović,190328.0,4,6.5,46.0,0.1194,goal,head,assisted,sofascore
14288993,943713,Javi Sánchez,25777.0,90,12.2,44.3,0.0198,save,head,set-piece,sofascore
14288993,996932,Pablo Gozálbez,25777.0,90,18.8,48.4,0.0429,block,right-foot,set-piece,sofascore
14288993,955133,Naïs Djouahra,25777.0,86,25.5,37.9,0.0302,block,right-foot,assisted,sofascore
14288993,826054,Jérémy Livolant,36365.0,77,25.6,38.5,0.0096,block,right-foot,corner,sofascore
14288993,983537,Rafael Brito,36365.0,61,30.1,58.7,0.0183,save,right-foot,regular,sofascore
14288993,1015932,David Sousa,36365.0,60,13.9,45.7,0.0167,miss,head,corner,sofascore
14288993,1151667,João Goulart,36365.0,55,25.2,66.1,0.0254,miss,right-foot,regular,sofascore
14288993,973517,Alfonso Trezza,25777.0,47,25.1,49.0,0.0285,block,right-foot,assisted,sofascore
14288993,863637,Tiago Esgaio,25777.0,45,13.8,59.3,0.0088,miss,head,set-piece,sofascore
14288993,157023,Cassiano,36365.0,45,11.5,50.0,0.7884,goal,right-foot,penalty,sofascore
14288993,851276,Abdu Conté,25777.0,37,3.0,40.9,,goal,head,set-piece,sofascore
14288993,157023,Cassiano,36365.0,25,10.1,47.7,0.7151,goal,left-foot,fast-break,sofascore
14288993,955133,Naïs Djouahra,25777.0,24,24.8,34.2,0.0262,save,right-foot,assisted,sofascore
14288993,851276,Abdu Conté,36365.0,22,8.4,27.9,0.0079,miss,left-foot,regular,sofascore
14288993,983537,Rafael Brito,36365.0,21,3.0,44.3,0.4745,goal,head,assisted,sofascore
14288993,826054,Jérémy Livolant,36365.0,20,3.9,56.6,0.1435,miss,head,regular,sofascore
14288993,1151667,João Goulart,36365.0,16,15.7,71.2,0.0165,block,left-foot,throw-in-set-piece,sofascore
14288993,913728,Ivan Barbero,25777.0,11,2.5,49.0,0.9478,goal,head,set-piece,sofascore
14288993,826054,Jérémy Livolant,36365.0,7,30.0,52.8,0.0069,block,right-foot,set-piece,sofascore
14288990,1158547,Leandro Antonetti,3035.0,90,14.1,49.3,0.0761,save,right-foot,assisted,sofascore
14288990,1153328,Noah Saviolo,3009.0,80,3.9,60.0,0.0954,block,right-foot,assisted,sofascore
14288990,1434543,Diogo Sousa,3009.0,68,8.8,41.3,0.2933,goal,left-foot,assisted,sofascore
14288990,1148442,Thiago Balieiro,3009.0,64,3.2,62.6,0.0453,goal,right-foot,corner,sofascore
14288990,1066233,Miguel Nóbrega,3009.0,64,10.5,59.3,0.0135,block,head,corner,sofascore
14288990,1153328,Noah Saviolo,3009.0,64,8.5,51.1,0.1155,save,other,corner,sofascore
14288990,1035280,Telmo Arcanjo,3009.0,64,20.7,74.0,0.01,miss,left-foot,corner,sofascore
14288990,1133568,João Mendes,3009.0,59,23.2,48.9,0.047,miss,left-foot,assisted,sofascore
14288990,1148442,Thiago Balieiro,3009.0,54,13.4,45.1,0.0345,block,left-foot,corner,sofascore
14288990,1148442,Thiago Balieiro,3009.0,53,6.9,50.1,0.1374,save,head,corner,sofascore
14288990,1035280,Telmo Arcanjo,3009.0,53,19.3,70.5,0.0316,block,left-foot,corner,sofascore
14288990,785808,Samu,3009.0,50,2.1,39.3,0.0718,miss,left-foot,assisted,sofascore
14288990,1035280,Telmo Arcanjo,3009.0,50,19.0,72.4,0.0265,block,left-foot,corner,sofascore
14288990,785808,Samu,3009.0,48,17.9,50.3,0.0923,save,left-foot,assisted,sofascore
14288990,845802,Jovane Cabral,3035.0,46,21.9,16.2,0.1746,save,left-foot,regular,sofascore
14288990,1090646,Paulo Moreira,3035.0,45,13.2,34.0,0.0801,post,right-foot,regular,sofascore
14288990,1153328,Noah Saviolo,3009.0,45,27.2,37.0,0.0131,save,right-foot,regular,sofascore
14288990,1133568,João Mendes,3009.0,45,26.8,30.6,0.0063,block,left-foot,set-piece,sofascore
14288990,785808,Samu,3009.0,40,29.1,47.2,0.0124,block,left-foot,assisted,sofascore
14288990,1133568,João Mendes,3009.0,30,28.7,34.0,0.0028,block,left-foot,corner,sofascore
14288990,1563640,Oumar Camara,3009.0,22,8.8,57.5,0.0393,miss,head,assisted,sofascore
14288990,1468082,Gustavo Silva,3009.0,19,13.5,59.1,0.1908,miss,right-foot,regular,sofascore
14288990,1468082,Gustavo Silva,3009.0,13,17.6,48.7,0.1383,miss,right-foot,assisted,sofascore
14288990,1090646,Paulo Moreira,3035.0,10,9.7,64.0,0.3911,goal,right-foot,assisted,sofascore
14288990,1146225,Stefan Leković,3035.0,4,9.0,51.6,0.0782,miss,head,corner,sofascore
14288990,1090543,Abraham Marcus,3035.0,3,10.2,60.1,0.4247,save,right-foot,assisted,sofascore
14288996,966575,Rodrigo Zalazar,2999.0,90,9.9,17.0,0.0397,block,right-foot,free-kick,sofascore
14288996,966575,Rodrigo Zalazar,2999.0,88,12.0,35.2,0.0857,miss,right-foot,assisted,sofascore
14288996,106751,Paulo Oliveira,2999.0,82,3.2,41.5,0.1148,miss,head,corner,sofascore
14288996,1084746,Santi García,3010.0,76,8.5,48.7,0.1276,goal,head,corner,sofascore
14288996,611880,Murilo,3010.0,71,8.9,64.8,0.2312,miss,left-foot,fast-break,sofascore
14288996,1146305,Gustavo Varela,3010.0,65,14.8,54.0,0.3912,goal,left-foot,fast-break,sofascore
14288996,1097527,Luís Esteves,3010.0,60,24.3,43.6,0.0349,block,right-foot,assisted,sofascore
14288996,1134430,Gabriel Martínez,2999.0,57,12.0,34.0,0.0743,miss,right-foot,fast-break,sofascore
14288996,800348,Jonathan Buatu,3010.0,54,8.5,44.4,0.0427,miss,head,corner,sofascore
14288996,611880,Murilo,3010.0,53,8.5,65.6,0.1094,save,right-foot,assisted,sofascore
14288996,1001662,Zé Carlos,3010.0,49,25.6,69.3,0.02,miss,right-foot,throw-in-set-piece,sofascore
14288996,1097527,Luís Esteves,3010.0,48,23.2,38.9,0.0296,block,left-foot,assisted,sofascore
14288996,1084746,Santi García,3010.0,45,9.8,40.1,0.06,miss,left-foot,assisted,sofascore
14288996,1032547,Joelson Fernandes,3010.0,45,23.7,26.6,0.0229,save,right-foot,assisted,sofascore
14288996,611880,Murilo,3010.0,42,15.3,67.5,0.0401,block,left-foot,assisted,sofascore
14288996,314380,Ricardo Horta,2999.0,38,13.8,29.9,0.0321,miss,right-foot,assisted,sofascore
14288996,965263,Gustaf Lagerbielke,2999.0,36,8.6,60.3,0.0248,miss,head,set-piece,sofascore
14288996,6562,João Moutinho,2999.0,34,21.3,44.0,0.0558,miss,right-foot,regular,sofascore
14288996,831781,Ghislain Konan,3010.0,32,25.3,36.8,0.0195,block,left-foot,throw-in-set-piece,sofascore
14288996,831781,Ghislain Konan,3010.0,30,22.3,35.6,0.0133,miss,left-foot,set-piece,sofascore
14288996,314380,Ricardo Horta,2999.0,21,11.0,60.5,0.1584,goal,right-foot,assisted,sofascore
14288996,186719,Florian Grillitsch,2999.0,18,11.0,41.7,0.0211,block,head,set-piece,sofascore
14288996,959592,Adrian Leon Barišić,2999.0,16,9.2,55.2,0.0992,save,head,corner,sofascore
14288996,611880,Murilo,3010.0,13,20.2,70.8,0.0131,save,left-foot,assisted,sofascore
14288996,1097527,Luís Esteves,3010.0,10,19.5,54.6,0.0516,miss,right-foot,throw-in-set-piece,sofascore
14288996,966575,Rodrigo Zalazar,2999.0,2,28.7,57.3,0.0204,miss,right-foot,assisted,sofascore
14288999,902051,Miguel Baeza,3013.0,90,18.8,52.6,0.0429,miss,left-foot,assisted,sofascore
14288999,1172052,Daniel Júnior,3013.0,90,9.5,62.6,0.0281,block,head,assisted,sofascore
14288999,1112474,Ze Vitor,3013.0,89,8.8,45.4,0.0452,miss,head,corner,sofascore
14288999,987597,Jesús Ramírez,3013.0,73,5.5,49.9,0.2734,block,right-foot,throw-in-set-piece,sofascore
14288999,286085,Jan Bednarek,3002.0,60,6.9,48.9,0.1116,goal,head,corner,sofascore
14288999,912781,Paulinho Bóia,3013.0,56,23.2,31.5,0.0306,save,right-foot,assisted,sofascore
14288999,1410240,Rodrigo Mora,3002.0,46,11.4,47.0,0.0963,save,right-foot,regular,sofascore
14288999,882664,Pepê,3002.0,46,11.0,58.5,0.1561,block,left-foot,assisted,sofascore
14288999,786269,Witiness Quembo,3013.0,43,27.4,25.4,0.0107,block,left-foot,fast-break,sofascore
14288999,1112474,Ze Vitor,3013.0,34,14.2,57.0,0.0161,miss,head,assisted,sofascore
14288999,987597,Jesús Ramírez,3013.0,33,8.6,50.5,0.1828,save,head,corner,sofascore
14288999,786269,Witiness Quembo,3013.0,24,14.4,64.2,0.0475,miss,left-foot,regular,sofascore
14288999,33541,Thiago Silva,3002.0,18,3.9,40.7,0.0641,save,head,corner,sofascore
14288999,882664,Pepê,3002.0,17,21.5,63.8,0.0116,miss,right-foot,corner,sofascore
14288999,1407720,Deniz Gül,3002.0,13,8.2,56.8,0.0419,save,head,corner,sofascore
14288999,1548929,Oskar Pietuszewski,3002.0,11,23.7,37.2,0.0369,save,right-foot,assisted,sofascore
14288999,1066560,Alan Varela,3002.0,3,20.6,69.3,0.0325,block,right-foot,assisted,sofascore
14288998,966219,Ángel Algobia,483088.0,90,8.7,64.0,0.2738,goal,right-foot,assisted,sofascore
14288998,929894,Alejandro Marqués,4500.0,90,11.7,49.3,0.0356,miss,head,assisted,sofascore
14288998,44685,Nenê,483088.0,90,20.7,21.2,0.0345,block,right-foot,free-kick,sofascore
14288998,44685,Nenê,483088.0,87,47.1,49.9,0.0191,miss,right-foot,fast-break,sofascore
14288998,1185986,Óscar Perea,483088.0,83,17.3,47.9,0.0502,miss,right-foot,corner,sofascore
14288998,126076,Tomané,483088.0,75,18.4,51.0,0.079,goal,left-foot,regular,sofascore
14288998,929894,Alejandro Marqués,4500.0,72,4.4,39.9,0.1244,miss,head,corner,sofascore
14288998,1133063,Tunde Akinsola,483088.0,65,19.4,69.9,0.0302,miss,left-foot,fast-break,sofascore
14288998,1067648,Pedro Lima,483088.0,57,25.2,40.4,0.0409,block,left-foot,assisted,sofascore
14288998,324345,Kiki,483088.0,56,13.0,33.9,0.0539,miss,left-foot,regular,sofascore
14288998,1003071,Diego Duarte,483088.0,54,13.0,44.3,0.0559,block,left-foot,throw-in-set-piece,sofascore
14288998,1006114,Gustavo Mendonca,483088.0,52,25.6,48.4,0.0354,miss,right-foot,assisted,sofascore
14288998,877920,Jandro Orellana,4500.0,51,18.4,24.6,0.0189,block,right-foot,throw-in-set-piece,sofascore
14288998,930246,Yanis Begraoui,4500.0,49,19.5,41.8,0.0347,block,right-foot,assisted,sofascore
14288998,943525,Felix Bacher,4500.0,44,12.9,41.1,0.0321,block,right-foot,set-piece,sofascore
14288998,930246,Yanis Begraoui,4500.0,36,6.9,67.7,0.0335,miss,right-foot,assisted,sofascore
14288998,1133063,Tunde Akinsola,483088.0,30,14.6,71.4,0.0431,miss,left-foot,fast-break,sofascore
14288998,826210,Rafik Guitane,4500.0,28,9.5,67.1,0.0679,miss,left-foot,regular,sofascore
14288998,986726,Ricard Sánchez,4500.0,20,11.3,60.9,0.1549,miss,right-foot,assisted,sofascore
14288998,548044,João Carvalho,4500.0,10,14.7,27.8,0.0611,miss,left-foot,fast-break,sofascore
14288998,986726,Ricard Sánchez,4500.0,10,12.6,38.3,0.4926,save,left-foot,fast-break,sofascore
14288998,1067320,Cristian Castro,483088.0,9,9.9,55.2,0.0355,miss,head,corner,sofascore
14288998,1067648,Pedro Lima,483088.0,9,3.5,65.5,0.0324,block,right-foot,regular,sofascore
14288998,929894,Alejandro Marqués,4500.0,7,11.3,47.2,0.0445,miss,right-foot,corner,sofascore
14288998,126076,Tomané,483088.0,5,25.3,39.4,0.0167,block,right-foot,assisted,sofascore
14288998,877920,Jandro Orellana,4500.0,5,23.4,49.5,0.0286,save,left-foot,corner,sofascore
14288994,859917,Morten Hjulmand,3001.0,90,9.7,46.6,0.0383,block,head,corner,sofascore
14288994,861979,Daniel Bragança,3001.0,82,4.2,59.7,0.063,goal,head,corner,sofascore
14288994,830431,Francisco Trincão,3001.0,82,11.9,63.4,0.0507,block,left-foot,assisted,sofascore
14288994,830431,Francisco Trincão,3001.0,71,8.5,65.8,0.0175,miss,head,assisted,sofascore
14288994,926560,Hidemasa Morita,3001.0,67,7.7,38.5,0.0167,miss,head,corner,sofascore
14288994,895764,Pedro Gonçalves,3001.0,55,26.0,33.1,0.0163,miss,right-foot,assisted,sofascore
14288994,830431,Francisco Trincão,3001.0,54,3.7,44.9,0.6619,save,left-foot,regular,sofascore
14288994,878496,Ricardo Mangas,3001.0,54,8.9,41.3,0.1881,block,left-foot,assisted,sofascore
14288994,895764,Pedro Gonçalves,3001.0,54,20.3,30.1,0.0469,block,right-foot,free-kick,sofascore
14288994,895764,Pedro Gonçalves,3001.0,45,24.6,41.5,0.0264,miss,right-foot,assisted,sofascore
14288994,859917,Morten Hjulmand,3001.0,42,6.1,50.9,0.4093,miss,head,set-piece,sofascore
14288994,1394342,Ousmane Diomande,3001.0,41,13.4,47.9,0.0357,block,right-foot,corner,sofascore
14288994,859917,Morten Hjulmand,3001.0,35,7.3,53.7,0.0945,miss,head,corner,sofascore
14288994,1464248,Luis Guilherme,3001.0,34,5.2,67.9,0.0423,save,right-foot,assisted,sofascore
14288994,1049526,Simon Elisor,49531.0,34,13.9,56.6,0.6056,miss,left-foot,fast-break,sofascore
14288994,929193,Maximiliano Araújo,3001.0,31,14.8,47.9,0.1284,miss,left-foot,assisted,sofascore
14288994,878496,Ricardo Mangas,3001.0,30,11.1,35.7,0.1041,save,right-foot,regular,sofascore
14288994,895764,Pedro Gonçalves,3001.0,30,11.0,38.0,0.0563,block,right-foot,assisted,sofascore
14288994,830431,Francisco Trincão,3001.0,29,18.9,68.1,0.0541,miss,left-foot,assisted,sofascore
14288994,830431,Francisco Trincão,3001.0,25,27.7,62.6,0.0138,block,left-foot,corner,sofascore
14288994,929193,Maximiliano Araújo,3001.0,15,9.2,31.7,0.0877,save,left-foot,assisted,sofascore
14288994,926560,Hidemasa Morita,3001.0,5,18.3,48.5,0.0459,block,right-foot,regular,sofascore
14288994,1563665,Gustavo Sá,49531.0,4,29.1,34.6,0.0132,save,right-foot,regular,sofascore
14288995,910033,Cedric Teguia,3014.0,90,46.9,82.7,0.0055,save,left-foot,regular,sofascore
14288995,848521,Marios Vrousai,3036.0,90,19.8,46.8,0.0598,block,right-foot,assisted,sofascore
14288995,1188685,Yan Maranhão,3014.0,90,10.7,63.0,0.3689,post,right-foot,fast-break,sofascore
14288995,930273,Olinho,3036.0,88,17.2,17.6,0.0375,miss,right-foot,free-kick,sofascore
14288995,1499082,Jalen Blesa,3036.0,85,7.3,44.0,0.1259,block,left-foot,assisted,sofascore
14288995,930273,Olinho,3036.0,81,10.4,54.4,0.0285,save,head,corner,sofascore
14288995,930273,Olinho,3036.0,61,13.5,40.9,0.1241,save,left-foot,regular,sofascore
14288995,826024,Dario Špikić,3036.0,59,13.5,55.1,0.0823,miss,right-foot,regular,sofascore
14288995,848521,Marios Vrousai,3036.0,59,25.1,42.6,0.0189,block,left-foot,set-piece,sofascore
14288995,1166006,Mateja Stjepanović,3014.0,57,23.8,52.1,0.0534,goal,right-foot,assisted,sofascore
14288995,1188685,Yan Maranhão,3014.0,53,12.4,51.2,0.096,block,left-foot,assisted,sofascore
14288995,848521,Marios Vrousai,3036.0,45,41.2,25.8,0.0154,miss,right-foot,assisted,sofascore
14288995,1005992,Andreas Ndoj,3036.0,45,14.5,47.9,0.0306,block,right-foot,set-piece,sofascore
14288995,1499082,Jalen Blesa,3036.0,42,24.0,45.7,0.0274,goal,right-foot,assisted,sofascore
14288995,2034540,Gustavo Mancha,3036.0,39,8.2,46.9,0.071,block,head,corner,sofascore
14288995,1176881,Diogo Bezerra,3036.0,38,3.8,55.7,0.291,save,right-foot,regular,sofascore
14288995,1393242,Tamás Nikitscher,3036.0,35,7.4,43.4,0.0918,miss,head,corner,sofascore
14288995,826024,Dario Špikić,3036.0,34,13.9,32.4,0.0228,block,left-foot,assisted,sofascore
14288995,848521,Marios Vrousai,3036.0,28,25.2,56.2,0.0408,miss,right-foot,regular,sofascore
14288995,1142254,Rodrigo Alonso,3014.0,17,24.1,36.3,0.0385,goal,right-foot,assisted,sofascore
14288995,1176881,Diogo Bezerra,3036.0,7,21.6,68.5,0.0392,save,right-foot,regular,sofascore
14288995,1176881,Diogo Bezerra,3036.0,4,27.9,57.5,0.0375,miss,right-foot,free-kick,sofascore
14288995,1142254,Rodrigo Alonso,3014.0,1,15.0,70.0,0.0171,block,right-foot,regular,sofascore
14288798,950339,Benjamin Mbunga-Kimpioka,38396.0,90,17.2,63.2,0.0506,save,right-foot,fast-break,sofascore
14288798,1146225,Stefan Leković,3035.0,90,22.2,43.8,0.0292,miss,left-foot,set-piece,sofascore
14288798,943595,Sydney van Hooijdonk,3035.0,90,21.6,64.7,0.066,block,right-foot,free-kick,sofascore
14288798,1146013,Hugo Félix,38396.0,86,22.0,38.5,0.0329,block,right-foot,assisted,sofascore
14288798,910316,Ianis Stoica,3035.0,84,15.4,27.6,0.0343,post,right-foot,regular,sofascore
14288798,1210450,Tom Moustier,3035.0,84,19.7,46.2,0.0343,block,left-foot,assisted,sofascore
14288798,1146013,Hugo Félix,38396.0,83,19.3,51.1,0.063,block,left-foot,assisted,sofascore
14288798,1210450,Tom Moustier,3035.0,82,20.1,37.6,0.0598,miss,left-foot,assisted,sofascore
14288798,1146013,Hugo Félix,38396.0,81,24.8,44.6,0.0288,miss,right-foot,assisted,sofascore
14288798,950339,Benjamin Mbunga-Kimpioka,38396.0,78,8.8,69.9,0.0372,save,right-foot,regular,sofascore
14288798,879917,Maranhão,38396.0,75,20.7,60.1,0.0736,goal,right-foot,regular,sofascore
14288798,879917,Maranhão,38396.0,70,7.0,32.6,0.0955,miss,right-foot,assisted,sofascore
14288798,943595,Sydney van Hooijdonk,3035.0,50,6.1,70.1,0.0548,block,right-foot,assisted,sofascore
14288798,845802,Jovane Cabral,3035.0,48,3.8,41.2,0.0973,save,head,set-piece,sofascore
14288798,1090646,Paulo Moreira,3035.0,45,17.9,44.8,0.0799,save,left-foot,assisted,sofascore
14288798,1146013,Hugo Félix,38396.0,44,14.4,70.3,0.0336,save,right-foot,assisted,sofascore
14288798,845802,Jovane Cabral,3035.0,34,27.5,48.7,0.0195,miss,right-foot,assisted,sofascore
14288798,1090543,Abraham Marcus,3035.0,27,21.2,73.2,0.0189,save,left-foot,assisted,sofascore
14288798,879917,Maranhão,38396.0,24,10.4,63.6,0.1115,block,right-foot,set-piece,sofascore
14288798,989449,Kevin Höög Jansson,3035.0,22,22.2,41.7,0.0406,miss,left-foot,assisted,sofascore
14288798,1068519,João Silva,38396.0,21,10.7,51.3,0.0422,block,head,throw-in-set-piece,sofascore
14288798,943595,Sydney van Hooijdonk,3035.0,19,3.8,41.1,0.0772,miss,head,corner,sofascore
14288798,845802,Jovane Cabral,3035.0,18,24.8,69.3,0.0387,block,right-foot,free-kick,sofascore
14288798,1090646,Paulo Moreira,3035.0,14,6.4,48.5,0.2846,miss,head,assisted,sofascore
14288798,865335,Bebeto,38396.0,4,11.5,50.0,0.7884,goal,right-foot,penalty,sofascore
14288800,1172052,Daniel Júnior,3013.0,88,23.4,69.9,0.0179,save,left-foot,assisted,sofascore
14288800,786269,Witiness Quembo,3013.0,81,25.2,36.6,0.0195,save,right-foot,assisted,sofascore
14288800,822509,Léo Santos,3013.0,79,12.9,62.4,0.0083,save,head,set-piece,sofascore
14288800,1191120,Hyun-ju Lee,25777.0,76,13.2,61.3,0.0467,block,left-foot,assisted,sofascore
14288800,1510444,Dylan Nandín,25777.0,72,7.0,52.2,0.5623,goal,right-foot,assisted,sofascore
14288800,1191120,Hyun-ju Lee,25777.0,67,7.0,55.3,0.5808,goal,head,fast-break,sofascore
14288800,996932,Pablo Gozálbez,25777.0,67,12.4,39.1,0.2186,save,right-foot,fast-break,sofascore
14288800,912781,Paulinho Bóia,3013.0,63,24.5,39.0,0.0635,block,right-foot,free-kick,sofascore
14288800,987597,Jesús Ramírez,3013.0,58,13.4,39.1,0.0908,block,right-foot,fast-break,sofascore
14288800,912781,Paulinho Bóia,3013.0,55,12.2,35.7,0.0904,miss,right-foot,assisted,sofascore
14288800,1112474,Ze Vitor,3013.0,55,13.4,41.4,0.1165,block,left-foot,set-piece,sofascore
14288800,1002819,Gabriel Veron,3013.0,50,14.7,60.4,0.1671,miss,right-foot,fast-break,sofascore
14288800,913728,Ivan Barbero,25777.0,49,10.9,47.4,0.104,save,right-foot,regular,sofascore
14288800,973517,Alfonso Trezza,25777.0,47,15.0,70.5,0.0315,goal,right-foot,assisted,sofascore
14288800,339879,Bas Kuipers,25777.0,42,10.1,62.0,0.3518,miss,right-foot,assisted,sofascore
14288800,987597,Jesús Ramírez,3013.0,40,11.7,34.6,0.0651,block,right-foot,fast-break,sofascore
14288800,912781,Paulinho Bóia,3013.0,38,9.6,24.3,0.0103,save,right-foot,assisted,sofascore
14288800,987597,Jesús Ramírez,3013.0,35,14.4,63.7,0.0603,save,right-foot,assisted,sofascore
14288800,987597,Jesús Ramírez,3013.0,34,8.9,38.9,0.088,block,left-foot,assisted,sofascore
14288800,913728,Ivan Barbero,25777.0,24,8.7,47.9,0.0842,save,head,assisted,sofascore
14288800,822509,Léo Santos,3013.0,21,21.9,33.4,0.0183,miss,right-foot,throw-in-set-piece,sofascore
14288800,1191120,Hyun-ju Lee,25777.0,9,23.1,60.5,0.0128,miss,right-foot,corner,sofascore
14288800,973517,Alfonso Trezza,25777.0,9,18.2,67.5,0.0554,save,right-foot,assisted,sofascore
14288800,987597,Jesús Ramírez,3013.0,8,5.0,45.0,0.1215,miss,head,corner,sofascore
14288800,987597,Jesús Ramírez,3013.0,3,6.6,48.7,0.0989,miss,other,assisted,sofascore
14288799,1631412,Kauan Gomes,190328.0,90,24.6,52.3,0.0232,miss,right-foot,corner,sofascore
14288799,1019184,Serginho,3011.0,90,24.3,49.7,0.0285,miss,right-foot,regular,sofascore
14288799,883908,Guilherme Romão,3011.0,90,28.3,31.2,0.0149,block,left-foot,assisted,sofascore
14288799,1019184,Serginho,3011.0,88,24.2,61.2,0.0375,miss,right-foot,assisted,sofascore
14288799,1046794,Gabriel Silva,3011.0,86,10.1,44.9,0.1486,miss,left-foot,assisted,sofascore
14288799,254815,Frederico Venâncio,3011.0,83,30.4,45.5,0.0142,miss,right-foot,assisted,sofascore
14288799,344023,Sandro Lima,190328.0,80,13.7,44.7,0.0513,block,right-foot,assisted,sofascore
14288799,1019184,Serginho,3011.0,77,22.5,35.7,0.0294,miss,right-foot,assisted,sofascore
14288799,1459634,Luis Fernando,3011.0,76,14.2,34.6,0.0495,goal,right-foot,assisted,sofascore
14288799,2155276,José Tavares,3011.0,65,16.9,49.7,0.0569,miss,right-foot,corner,sofascore
14288799,1001753,Vinícius Lopes,3011.0,64,17.0,19.7,0.0115,save,right-foot,assisted,sofascore
14288799,344023,Sandro Lima,190328.0,59,5.7,42.3,0.0673,block,head,corner,sofascore
14288799,2155276,José Tavares,3011.0,57,33.5,32.4,0.0153,save,right-foot,assisted,sofascore
14288799,1046794,Gabriel Silva,3011.0,56,21.5,37.0,0.0313,miss,right-foot,assisted,sofascore
14288799,1001753,Vinícius Lopes,3011.0,56,9.0,26.8,0.0171,block,right-foot,regular,sofascore
14288799,138890,Gonçalo Paciência,3011.0,56,10.8,53.2,0.0549,block,head,assisted,sofascore
14288799,794928,Lincoln,190328.0,48,18.8,39.5,0.0664,block,left-foot,fast-break,sofascore
14288799,1001753,Vinícius Lopes,3011.0,39,19.8,66.2,0.0354,miss,left-foot,assisted,sofascore
14288799,794928,Lincoln,190328.0,36,18.4,54.5,0.1681,block,left-foot,free-kick,sofascore
14288799,1100957,Marko Milovanović,190328.0,28,8.6,67.6,0.1198,miss,right-foot,assisted,sofascore
14288799,1001753,Vinícius Lopes,3011.0,13,27.6,49.5,0.0276,miss,right-foot,assisted,sofascore
14288799,1100957,Marko Milovanović,190328.0,6,11.4,50.0,0.7884,goal,right-foot,penalty,sofascore
14288799,1162051,Gustavo Klismahn,3011.0,3,13.0,62.8,0.0175,miss,head,assisted,sofascore
14288802,1410209,João Simões,3001.0,87,8.5,40.3,0.0877,block,left-foot,assisted,sofascore
14288802,929193,Maximiliano Araújo,3001.0,85,26.3,54.8,0.0118,save,left-foot,corner,sofascore
14288802,903679,Fotis Ioannidis,3001.0,84,4.3,41.1,0.1757,save,right-foot,assisted,sofascore
14288802,1001848,Nile John,3014.0,79,11.7,72.2,0.018,save,right-foot,assisted,sofascore
14288802,914213,Luis Javier Suárez,3001.0,75,8.5,35.0,0.0603,goal,right-foot,corner,sofascore
14288802,914213,Luis Javier Suárez,3001.0,68,9.3,63.1,0.0692,block,left-foot,assisted,sofascore
14288802,1188685,Yan Maranhão,3014.0,65,11.1,46.8,0.0234,miss,head,corner,sofascore
14288802,1001848,Nile John,3014.0,65,10.8,62.0,0.0776,block,right-foot,assisted,sofascore
14288802,905455,Alan,3014.0,60,20.3,24.8,0.0186,miss,right-foot,regular,sofascore
14288802,1001140,Geny Catamo,3001.0,56,19.7,71.6,0.0198,goal,left-foot,assisted,sofascore
14288802,830431,Francisco Trincão,3001.0,52,13.9,55.8,0.1878,goal,left-foot,assisted,sofascore
14288802,926560,Hidemasa Morita,3001.0,49,8.6,46.0,0.0698,block,left-foot,corner,sofascore
14288802,914213,Luis Javier Suárez,3001.0,45,9.1,44.5,0.1001,miss,left-foot,assisted,sofascore
14288802,1464248,Luis Guilherme,3001.0,44,20.1,31.0,0.0274,miss,right-foot,assisted,sofascore
14288802,1160980,Dinis Pinto,3014.0,39,4.6,56.7,0.1273,miss,head,set-piece,sofascore
14288802,914213,Luis Javier Suárez,3001.0,25,20.9,29.3,0.0198,block,right-foot,assisted,sofascore
14288802,1142254,Rodrigo Alonso,3014.0,21,21.8,42.1,0.0339,save,right-foot,assisted,sofascore
14288802,830431,Francisco Trincão,3001.0,15,8.2,57.7,0.0669,save,head,assisted,sofascore
14288802,1464248,Luis Guilherme,3001.0,15,8.5,33.3,0.0647,block,left-foot,regular,sofascore
14288802,1001140,Geny Catamo,3001.0,9,14.7,32.1,0.0476,save,right-foot,corner,sofascore
14288802,830431,Francisco Trincão,3001.0,8,12.8,44.6,0.2808,save,right-foot,assisted,sofascore
14289000,1961117,José Neto,3006.0,84,20.0,41.1,0.0515,miss,left-foot,corner,sofascore
14289000,1015292,Richard Ríos,3006.0,81,18.7,55.8,0.0575,miss,right-foot,regular,sofascore
14289000,1087316,Enzo Barrenechea,3006.0,81,26.7,57.3,0.0125,save,right-foot,regular,sofascore
14289000,795236,Vangelis Pavlidis,3006.0,78,7.1,40.6,0.0433,miss,head,regular,sofascore
14289000,1006069,António Silva,3006.0,77,10.3,55.3,0.0358,block,head,corner,sofascore
14289000,1087316,Enzo Barrenechea,3006.0,70,9.1,55.0,0.0618,miss,head,corner,sofascore
14289000,795236,Vangelis Pavlidis,3006.0,70,18.1,52.3,0.088,block,left-foot,assisted,sofascore
14289000,1961117,José Neto,3006.0,69,20.1,62.6,0.0287,block,left-foot,corner,sofascore
14289000,1117723,Sidny Lopes Cabral,3006.0,67,12.8,55.6,0.0846,post,right-foot,assisted,sofascore
14289000,1015292,Richard Ríos,3006.0,66,24.7,47.9,0.0219,block,left-foot,regular,sofascore
14289000,1100952,Andreas Schjelderup,3006.0,59,4.5,38.9,0.115,block,right-foot,assisted,sofascore
14289000,1003071,Diego Duarte,483088.0,58,18.8,65.0,0.0431,block,left-foot,regular,sofascore
14289000,1018546,Tiago Galletto,483088.0,58,8.5,41.5,0.0378,miss,head,assisted,sofascore
14289000,1006114,Gustavo Mendonca,483088.0,50,10.5,30.7,0.027,miss,right-foot,corner,sofascore
14289000,1015292,Richard Ríos,3006.0,49,5.7,50.1,0.5954,miss,right-foot,assisted,sofascore
14289000,252577,Rafa Silva,3006.0,43,7.6,54.2,0.3562,goal,right-foot,assisted,sofascore
14289000,1100952,Andreas Schjelderup,3006.0,43,18.3,34.3,0.0559,save,right-foot,fast-break,sofascore
14289000,795236,Vangelis Pavlidis,3006.0,35,6.7,43.6,0.6923,save,right-foot,fast-break,sofascore
14289000,1087316,Enzo Barrenechea,3006.0,30,12.8,46.2,0.1033,goal,left-foot,corner,sofascore
14289000,252577,Rafa Silva,3006.0,29,9.8,55.0,0.2934,save,right-foot,assisted,sofascore
14289000,1087316,Enzo Barrenechea,3006.0,26,19.5,49.1,0.0456,miss,right-foot,regular,sofascore
14289000,795236,Vangelis Pavlidis,3006.0,16,3.7,41.9,0.3309,save,left-foot,assisted,sofascore
14289000,850976,Alexander Bah,3006.0,11,6.8,45.8,0.5159,goal,left-foot,regular,sofascore
14289000,795236,Vangelis Pavlidis,3006.0,11,11.0,33.6,0.0837,save,right-foot,assisted,sofascore
14288803,1035280,Telmo Arcanjo,3009.0,90,14.2,57.3,0.0406,save,left-foot,set-piece,sofascore
14288803,1148442,Thiago Balieiro,3009.0,90,12.6,42.7,0.0146,block,head,set-piece,sofascore
14288803,1563640,Oumar Camara,3009.0,85,12.4,60.0,0.4116,save,right-foot,assisted,sofascore
14288803,314380,Ricardo Horta,2999.0,75,15.0,34.0,0.0672,save,right-foot,assisted,sofascore
14288803,914772,Fran Navarro,2999.0,70,5.2,51.5,0.2817,save,left-foot,assisted,sofascore
14288803,966575,Rodrigo Zalazar,2999.0,57,7.1,48.0,0.7544,goal,right-foot,assisted,sofascore
14288803,1468082,Gustavo Silva,3009.0,54,2.7,44.9,0.594,goal,right-foot,assisted,sofascore
14288803,314380,Ricardo Horta,2999.0,45,13.7,36.4,0.1416,save,left-foot,assisted,sofascore
14288803,966575,Rodrigo Zalazar,2999.0,45,10.4,63.6,0.1073,save,right-foot,assisted,sofascore
14288803,1488511,Tony Strata,3009.0,43,28.4,47.1,0.014,miss,left-foot,set-piece,sofascore
14288803,1488511,Tony Strata,3009.0,38,22.1,69.9,0.0203,miss,left-foot,assisted,sofascore
14288803,1468082,Gustavo Silva,3009.0,33,13.8,65.1,0.0227,miss,right-foot,assisted,sofascore
14288803,314380,Ricardo Horta,2999.0,32,9.6,53.2,0.5386,goal,right-foot,assisted,sofascore
14288803,959592,Adrian Leon Barišić,3009.0,19,4.2,47.9,,goal,left-foot,set-piece,sofascore
14288803,966575,Rodrigo Zalazar,2999.0,17,11.6,50.0,0.7884,goal,right-foot,penalty,sofascore
14288803,1153328,Noah Saviolo,3009.0,12,22.8,26.2,0.0155,block,right-foot,assisted,sofascore
14288803,1434543,Diogo Sousa,3009.0,1,15.8,44.0,0.0564,save,left-foot,regular,sofascore
14288797,1799336,Agustín Moreira,3010.0,90,10.1,53.8,0.1463,miss,right-foot,assisted,sofascore
14288797,352448,Héctor Hernández,3010.0,90,6.0,50.5,0.1705,miss,head,corner,sofascore
14288797,930246,Yanis Begraoui,4500.0,80,9.2,62.2,0.4882,goal,right-foot,assisted,sofascore
14288797,930246,Yanis Begraoui,4500.0,74,8.2,43.6,0.2594,goal,left-foot,fast-break,sofascore
14288797,1146305,Gustavo Varela,3010.0,71,14.9,33.6,0.0251,block,right-foot,assisted,sofascore
14288797,826210,Rafik Guitane,4500.0,67,16.6,64.4,0.0273,save,left-foot,assisted,sofascore
14288797,1799336,Agustín Moreira,3010.0,66,4.1,34.2,0.037,block,left-foot,assisted,sofascore
14288797,611880,Murilo,3010.0,59,4.4,64.2,0.2126,miss,left-foot,assisted,sofascore
14288797,929894,Alejandro Marqués,4500.0,56,4.5,53.6,0.6215,save,head,fast-break,sofascore
14288797,611880,Murilo,3010.0,54,21.5,67.7,0.0143,block,left-foot,corner,sofascore
14288797,930246,Yanis Begraoui,4500.0,46,8.6,36.6,0.0696,block,right-foot,throw-in-set-piece,sofascore
14288797,943525,Felix Bacher,4500.0,45,9.7,57.6,0.0416,miss,head,set-piece,sofascore
14288797,929894,Alejandro Marqués,4500.0,45,9.6,49.5,0.6813,save,left-foot,assisted,sofascore
14288797,920684,Jordan Holsgrove,4500.0,43,27.1,47.3,0.0193,miss,left-foot,assisted,sofascore
14288797,1084746,Santi García,3010.0,40,8.6,62.6,0.0774,save,left-foot,assisted,sofascore
14288797,1146305,Gustavo Varela,3010.0,39,8.7,50.2,0.7088,save,right-foot,assisted,sofascore
14288797,1146305,Gustavo Varela,3010.0,32,3.2,63.8,0.0789,miss,right-foot,throw-in-set-piece,sofascore
14288797,1146305,Gustavo Varela,3010.0,30,8.0,51.3,0.2935,save,right-foot,assisted,sofascore
14288797,943525,Felix Bacher,4500.0,22,5.7,47.9,0.2889,goal,head,corner,sofascore
14288797,548044,João Carvalho,4500.0,21,11.1,37.2,0.1008,save,right-foot,assisted,sofascore
14288797,611880,Murilo,3010.0,15,11.5,50.0,0.7884,goal,left-foot,penalty,sofascore
14288797,1097527,Luís Esteves,3010.0,8,15.5,57.0,0.0653,block,right-foot,throw-in-set-piece,sofascore
14288801,191188,Seko Fofana,3002.0,89,26.6,54.8,0.0136,block,left-foot,assisted,sofascore
14288801,992567,Borja Sainz,3002.0,89,4.2,40.9,0.1244,block,left-foot,regular,sofascore
14288801,1410240,Rodrigo Mora,3002.0,89,12.2,55.0,0.2684,post,right-foot,assisted,sofascore
14288801,804472,Pablo Rosario,3002.0,86,5.1,50.7,0.3581,save,head,corner,sofascore
14288801,1639250,William Gomes,3002.0,76,13.2,71.5,0.0301,miss,left-foot,regular,sofascore
14288801,1010505,Gabri Veiga,3002.0,62,10.2,47.7,0.1574,block,right-foot,regular,sofascore
14288801,1406639,Victor Froholdt,3002.0,61,4.2,43.4,0.3991,post,right-foot,assisted,sofascore
14288801,882664,Pepê,3002.0,61,25.1,67.5,0.0244,save,right-foot,assisted,sofascore
14288801,930273,Olinho,3036.0,54,14.7,62.6,0.0301,block,right-foot,assisted,sofascore
14288801,1010505,Gabri Veiga,3002.0,44,13.2,35.6,0.0341,block,left-foot,assisted,sofascore
14288801,1066560,Alan Varela,3002.0,38,27.7,32.1,0.0173,miss,right-foot,assisted,sofascore
14288801,1393242,Tamás Nikitscher,3036.0,37,23.5,32.5,0.0205,save,right-foot,regular,sofascore
14288801,1176881,Diogo Bezerra,3036.0,34,29.1,32.9,0.0176,miss,right-foot,fast-break,sofascore
14288801,1010505,Gabri Veiga,3002.0,33,14.1,35.0,0.0861,post,right-foot,assisted,sofascore
14288801,987510,Zaidu Sanusi,3002.0,27,24.7,43.0,0.0148,miss,left-foot,corner,sofascore
14288801,1406639,Victor Froholdt,3002.0,22,3.5,46.8,0.4056,goal,right-foot,assisted,sofascore
14288801,930273,Olinho,3036.0,20,26.5,34.6,0.008,miss,right-foot,assisted,sofascore
14288801,930273,Olinho,3036.0,17,21.8,62.6,0.032,block,left-foot,assisted,sofascore
14288801,1010505,Gabri Veiga,3002.0,14,9.2,34.8,0.0378,block,left-foot,assisted,sofascore
14288801,930273,Olinho,3036.0,12,6.9,51.1,0.1359,miss,head,assisted,sofascore
14288801,1010505,Gabri Veiga,3002.0,10,19.4,52.6,0.0593,miss,right-foot,regular,sofascore
14288801,1406639,Victor Froholdt,3002.0,7,11.4,62.0,0.0627,miss,left-foot,corner,sofascore
14289002,1464186,Kevin Prieto,36365.0,90,10.1,64.0,0.0525,miss,right-foot,regular,sofascore
14289002,1067284,Tiago Morais,36365.0,90,17.9,29.9,0.0538,post,right-foot,regular,sofascore
14289002,1563665,Gustavo Sá,49531.0,90,15.1,49.1,0.1485,miss,right-foot,regular,sofascore
14289002,583838,Gil Dias,49531.0,87,22.2,66.2,0.0338,miss,left-foot,assisted,sofascore
14289002,1463265,Antoine Joujou,49531.0,84,3.9,56.0,0.133,miss,head,corner,sofascore
14289002,1049526,Simon Elisor,49531.0,84,7.7,69.7,0.0115,save,right-foot,assisted,sofascore
14289002,1463265,Antoine Joujou,49531.0,81,10.4,40.9,0.4359,goal,left-foot,assisted,sofascore
14289002,1595506,Ibrahima Ba,49531.0,78,22.5,36.0,0.0231,miss,left-foot,corner,sofascore
14289002,826054,Jérémy Livolant,36365.0,66,19.1,70.9,0.0485,miss,right-foot,free-kick,sofascore
14289002,1155358,Dailon Rocha Livramento,36365.0,60,15.0,67.1,0.0209,save,right-foot,assisted,sofascore
14289002,1511656,Mathias De Amorim,49531.0,60,13.5,47.9,0.0203,miss,head,assisted,sofascore
14289002,836676,Tom Van De Looi,49531.0,57,26.5,38.9,0.0268,block,right-foot,throw-in-set-piece,sofascore
14289002,1105595,Sorriso,49531.0,55,7.0,47.0,0.1049,block,head,corner,sofascore
14289002,1511656,Mathias De Amorim,49531.0,54,23.1,51.5,0.0466,block,right-foot,regular,sofascore
14289002,1015932,David Sousa,36365.0,45,7.9,53.6,0.0722,block,head,corner,sofascore
14289002,1835218,Domingos Jose Gabriel Bandeira,36365.0,44,14.8,35.6,0.0453,miss,left-foot,set-piece,sofascore
14289002,1563665,Gustavo Sá,49531.0,34,11.3,64.8,0.0414,block,right-foot,throw-in-set-piece,sofascore
14289002,1105595,Sorriso,49531.0,34,13.8,64.8,0.0247,block,right-foot,assisted,sofascore
14289002,1511656,Mathias De Amorim,49531.0,31,12.0,54.6,0.042,save,right-foot,corner,sofascore
14289002,1595506,Ibrahima Ba,49531.0,31,14.8,54.0,0.0506,block,left-foot,corner,sofascore
14289002,876255,Justin De Haas,49531.0,31,5.7,43.8,0.1067,block,left-foot,corner,sofascore
14289002,1511656,Mathias De Amorim,49531.0,28,12.8,46.2,0.213,miss,left-foot,regular,sofascore
14289002,1105595,Sorriso,49531.0,26,21.6,35.6,0.008,block,right-foot,set-piece,sofascore
14289002,1105595,Sorriso,49531.0,25,11.9,38.0,0.0501,block,right-foot,throw-in-set-piece,sofascore
14289002,1511656,Mathias De Amorim,49531.0,22,25.4,42.7,0.0257,save,right-foot,assisted,sofascore
14289002,2194737,Umar Abubakar,49531.0,20,13.6,43.4,0.068,save,left-foot,assisted,sofascore
14289002,876255,Justin De Haas,49531.0,11,27.1,58.9,0.0443,block,left-foot,free-kick,sofascore
14289002,1105595,Sorriso,49531.0,9,8.6,42.5,0.0426,save,head,assisted,sofascore
14289002,826054,Jérémy Livolant,36365.0,6,4.0,40.3,0.0972,miss,left-foot,assisted,sofascore
14289002,1105595,Sorriso,49531.0,5,13.8,40.1,0.0508,block,left-foot,regular,sofascore
14288806,894396,Terem Moffi,3002.0,90,5.2,49.8,0.6276,goal,left-foot,assisted,sofascore
14288806,1410240,Rodrigo Mora,3002.0,90,22.8,63.2,0.0182,miss,right-foot,assisted,sofascore
14288806,1639250,William Gomes,3002.0,90,11.5,50.0,0.7884,goal,left-foot,penalty,sofascore
14288806,1160957,Alberto Costa,3002.0,82,5.1,70.1,0.0246,block,right-foot,assisted,sofascore
14288806,1406639,Victor Froholdt,3002.0,81,12.5,64.8,0.034,block,right-foot,regular,sofascore
14288806,1639250,William Gomes,3002.0,80,20.9,64.6,0.0113,save,left-foot,set-piece,sofascore
14288806,955133,Naïs Djouahra,25777.0,70,22.6,48.9,0.0366,goal,right-foot,regular,sofascore
14288806,973517,Alfonso Trezza,25777.0,70,18.1,43.6,0.0792,block,right-foot,assisted,sofascore
14288806,976037,Jakub Kiwior,3002.0,64,25.3,57.5,0.0262,miss,left-foot,regular,sofascore
14288806,882664,Pepê,3002.0,63,18.3,32.7,0.0383,miss,right-foot,regular,sofascore
14288806,1410240,Rodrigo Mora,3002.0,63,11.1,34.6,0.0393,block,right-foot,assisted,sofascore
14288806,955133,Naïs Djouahra,25777.0,57,25.4,50.7,0.0411,miss,right-foot,regular,sofascore
14288806,913728,Ivan Barbero,25777.0,56,12.6,46.2,0.0325,miss,head,assisted,sofascore
14288806,1407720,Deniz Gül,3002.0,52,3.9,35.4,0.1926,miss,right-foot,throw-in-set-piece,sofascore
14288806,1548929,Oskar Pietuszewski,3002.0,50,11.9,32.5,0.0267,block,right-foot,regular,sofascore
14288806,1010505,Gabri Veiga,3002.0,48,12.3,34.2,0.1669,save,left-foot,assisted,sofascore
14288806,973517,Alfonso Trezza,25777.0,46,13.5,52.8,0.0404,miss,head,regular,sofascore
14288806,1105857,Taichi Fukui,25777.0,46,25.7,53.9,0.0253,post,right-foot,assisted,sofascore
14288806,882664,Pepê,3002.0,45,3.9,60.6,0.1626,block,right-foot,fast-break,sofascore
14288806,1010505,Gabri Veiga,3002.0,32,15.1,47.7,0.0587,block,right-foot,regular,sofascore
14288806,1406639,Victor Froholdt,3002.0,31,20.7,48.3,0.0597,block,right-foot,assisted,sofascore
14288806,1548929,Oskar Pietuszewski,3002.0,20,22.6,59.9,0.0396,save,right-foot,fast-break,sofascore
14288806,1406639,Victor Froholdt,3002.0,18,2.9,58.9,0.1065,post,right-foot,assisted,sofascore
14288806,339879,Bas Kuipers,25777.0,8,15.3,51.7,0.0581,miss,left-foot,assisted,sofascore
14288806,1548929,Oskar Pietuszewski,3002.0,1,1.6,45.3,0.8295,goal,left-foot,assisted,sofascore
14288804,1002343,Souleymane Faye,3001.0,90,11.9,48.1,0.0265,miss,head,corner,sofascore
14288804,861979,Daniel Bragança,3001.0,90,7.1,41.3,0.0502,miss,head,corner,sofascore
14288804,994532,Antef Tsoungui,4500.0,88,8.0,39.1,0.0321,miss,head,set-piece,sofascore
14288804,1166952,Georgios Vagiannidis,3001.0,84,7.7,65.6,0.0863,block,left-foot,regular,sofascore
14288804,929193,Maximiliano Araújo,3001.0,75,11.0,53.8,0.3054,block,left-foot,fast-break,sofascore
14288804,1002343,Souleymane Faye,3001.0,74,18.1,34.8,0.0466,save,right-foot,assisted,sofascore
14288804,930246,Yanis Begraoui,4500.0,68,14.2,39.3,0.0816,miss,right-foot,assisted,sofascore
14288804,1511977,Pedro Carvalho,4500.0,65,10.5,64.0,0.0919,miss,right-foot,assisted,sofascore
14288804,826210,Rafik Guitane,4500.0,62,9.4,67.7,0.0353,save,right-foot,assisted,sofascore
14288804,930246,Yanis Begraoui,4500.0,60,23.1,55.6,0.0615,miss,right-foot,regular,sofascore
14288804,914213,Luis Javier Suárez,3001.0,52,24.9,58.1,0.0297,save,right-foot,assisted,sofascore
14288804,548044,João Carvalho,4500.0,45,20.3,57.9,0.0573,save,right-foot,assisted,sofascore
14288804,830431,Francisco Trincão,3001.0,36,13.3,36.4,0.079,save,left-foot,fast-break,sofascore
14288804,1001140,Geny Catamo,3001.0,29,9.8,64.0,0.1629,miss,right-foot,assisted,sofascore
14288804,986726,Ricard Sánchez,4500.0,26,8.5,66.0,0.1217,save,right-foot,assisted,sofascore
14288804,914213,Luis Javier Suárez,3001.0,16,9.9,54.6,0.6593,goal,right-foot,assisted,sofascore
14288804,1464248,Luis Guilherme,3001.0,13,12.9,33.6,0.0419,miss,left-foot,regular,sofascore
14288804,914213,Luis Javier Suárez,3001.0,13,11.7,36.2,0.0579,save,left-foot,assisted,sofascore
14288804,914213,Luis Javier Suárez,3001.0,6,3.5,46.0,0.6245,goal,right-foot,assisted,sofascore
14288804,859917,Morten Hjulmand,3001.0,4,8.3,46.8,0.0759,miss,head,corner,sofascore
14288811,801339,Rodrigo Pinho,3035.0,90,9.6,48.1,0.1079,miss,head,set-piece,sofascore
14288811,1164070,Jorge Meireles,3035.0,90,27.4,40.7,0.0152,block,right-foot,set-piece,sofascore
14288811,324345,Kiki,483088.0,90,25.9,59.1,0.0234,block,left-foot,throw-in-set-piece,sofascore
14288811,584116,Ponck,483088.0,90,9.7,48.5,0.044,block,head,corner,sofascore
14288811,1146225,Stefan Leković,3035.0,87,10.5,44.8,0.0826,save,head,assisted,sofascore
14288811,1164070,Jorge Meireles,3035.0,87,22.5,51.1,0.0293,block,left-foot,assisted,sofascore
14288811,1133063,Tunde Akinsola,483088.0,70,14.2,69.3,0.0362,save,right-foot,assisted,sofascore
14288811,1185986,Óscar Perea,483088.0,70,14.5,26.4,0.0407,block,right-foot,assisted,sofascore
14288811,910316,Ianis Stoica,3035.0,68,12.2,25.2,0.0242,save,right-foot,assisted,sofascore
14288811,1006114,Gustavo Mendonca,483088.0,66,6.5,60.5,0.1737,save,right-foot,assisted,sofascore
14288811,1090646,Paulo Moreira,3035.0,65,12.3,71.6,0.0326,post,right-foot,regular,sofascore
14288811,1133063,Tunde Akinsola,483088.0,64,17.9,47.0,0.0717,miss,left-foot,assisted,sofascore
14288811,801339,Rodrigo Pinho,3035.0,59,15.1,53.4,0.0187,save,head,corner,sofascore
14288811,910316,Ianis Stoica,3035.0,54,23.8,34.0,0.0078,block,right-foot,set-piece,sofascore
14288811,943595,Sydney van Hooijdonk,3035.0,48,19.5,72.6,0.0286,save,right-foot,fast-break,sofascore
14288811,129617,Aderllan Santos,483088.0,45,10.7,46.2,0.0822,miss,right-foot,set-piece,sofascore
14288811,988778,Daniel Rivas,483088.0,45,22.8,33.1,0.006,miss,left-foot,set-piece,sofascore
14288811,845802,Jovane Cabral,3035.0,43,27.7,50.9,0.0389,save,right-foot,free-kick,sofascore
14288811,845802,Jovane Cabral,3035.0,36,25.7,17.4,0.0352,save,right-foot,free-kick,sofascore
14288811,845802,Jovane Cabral,3035.0,27,13.2,28.0,0.0256,block,right-foot,corner,sofascore
14288811,966219,Ángel Algobia,483088.0,25,13.3,38.9,0.0981,save,left-foot,assisted,sofascore
14288811,126076,Tomané,483088.0,18,13.2,49.7,0.1683,miss,right-foot,assisted,sofascore
14288811,1017590,Bernardo Schappo,3035.0,16,3.7,46.6,0.2111,miss,head,corner,sofascore
14288811,966219,Ángel Algobia,483088.0,13,24.3,50.3,0.0291,miss,right-foot,assisted,sofascore
14288811,2115909,Otavio,3035.0,8,25.9,26.8,0.0178,block,left-foot,regular,sofascore
14288811,1090646,Paulo Moreira,3035.0,7,19.7,63.1,0.0184,miss,right-foot,corner,sofascore
14288811,1146225,Stefan Leković,3035.0,7,8.3,53.4,0.0791,block,right-foot,corner,sofascore
14288809,822509,Léo Santos,3013.0,90,14.5,55.4,0.0621,miss,left-foot,throw-in-set-piece,sofascore
14288809,253837,Lucas João,3013.0,90,7.4,46.2,0.0961,save,head,corner,sofascore
14288809,966575,Rodrigo Zalazar,2999.0,90,11.5,50.0,0.7884,goal,right-foot,penalty,sofascore
14288809,6562,João Moutinho,2999.0,85,22.0,57.0,0.0442,save,right-foot,assisted,sofascore
14288809,1020610,Matheus Dias,3013.0,82,7.1,56.4,0.0941,miss,head,corner,sofascore
14288809,987597,Jesús Ramírez,3013.0,81,5.8,56.0,0.1005,block,head,assisted,sofascore
14288809,1031567,Pau Víctor,2999.0,80,11.0,56.8,0.1598,block,right-foot,fast-break,sofascore
14288809,987597,Jesús Ramírez,3013.0,79,18.3,24.9,0.019,block,right-foot,assisted,sofascore
14288809,877918,Victor Gómez,2999.0,78,7.5,51.0,0.0944,save,head,corner,sofascore
14288809,6562,João Moutinho,2999.0,78,7.6,57.3,0.0506,block,head,set-piece,sofascore
14288809,314380,Ricardo Horta,2999.0,71,23.2,31.3,0.0209,post,right-foot,assisted,sofascore
14288809,822510,Liziero,3013.0,70,23.5,63.2,0.036,save,left-foot,regular,sofascore
14288809,1396015,Mario Dorgeles,2999.0,68,9.5,40.3,0.1381,miss,left-foot,assisted,sofascore
14288809,1134430,Gabriel Martínez,2999.0,63,11.1,33.3,0.0727,miss,right-foot,fast-break,sofascore
14288809,912781,Paulinho Bóia,3013.0,59,12.0,40.7,0.3166,goal,right-foot,assisted,sofascore
14288809,1031567,Pau Víctor,2999.0,58,10.2,52.6,0.1066,miss,right-foot,assisted,sofascore
14288809,912781,Paulinho Bóia,3013.0,53,16.9,47.6,0.0492,block,right-foot,assisted,sofascore
14288809,966575,Rodrigo Zalazar,2999.0,52,17.2,62.0,0.0222,save,right-foot,corner,sofascore
14288809,966575,Rodrigo Zalazar,2999.0,51,16.7,52.1,0.1167,save,right-foot,fast-break,sofascore
14288809,987597,Jesús Ramírez,3013.0,51,13.6,46.6,0.0733,block,left-foot,assisted,sofascore
14288809,877918,Victor Gómez,2999.0,50,11.0,37.1,0.0621,miss,right-foot,corner,sofascore
14288809,1134430,Gabriel Martínez,2999.0,50,16.3,46.8,0.036,block,right-foot,corner,sofascore
14288809,314380,Ricardo Horta,2999.0,49,8.8,54.4,0.2067,block,right-foot,assisted,sofascore
14288809,912781,Paulinho Bóia,3013.0,45,25.4,33.4,0.0253,save,right-foot,assisted,sofascore
14288809,1031567,Pau Víctor,2999.0,40,14.2,41.4,0.0482,save,right-foot,assisted,sofascore
14288809,1134430,Gabriel Martínez,2999.0,38,20.3,37.2,0.0389,miss,right-foot,assisted,sofascore
14288809,1020610,Matheus Dias,3013.0,37,31.5,57.0,0.0162,save,right-foot,assisted,sofascore
14288809,912781,Paulinho Bóia,3013.0,37,11.1,34.2,0.0385,block,right-foot,assisted,sofascore
14288809,987597,Jesús Ramírez,3013.0,35,11.1,64.9,0.1134,post,right-foot,fast-break,sofascore
14288809,912781,Paulinho Bóia,3013.0,35,10.8,31.9,0.0418,block,right-foot,fast-break,sofascore
14288809,965263,Gustaf Lagerbielke,2999.0,21,5.1,49.1,0.2745,block,left-foot,corner,sofascore
14288809,877918,Victor Gómez,2999.0,21,4.2,41.5,0.0901,save,head,corner,sofascore
14288809,966575,Rodrigo Zalazar,2999.0,11,18.6,52.3,0.0799,goal,right-foot,assisted,sofascore
14288809,1134430,Gabriel Martínez,2999.0,3,8.0,31.9,0.0363,miss,left-foot,assisted,sofascore
14288805,344023,Sandro Lima,190328.0,90,4.6,52.4,0.1807,save,head,corner,sofascore
14288805,904849,Nabil Touaizi,190328.0,90,10.3,63.8,0.0108,save,head,set-piece,sofascore
14288805,844409,Orest Lebedenko,3009.0,89,15.2,52.5,0.081,miss,right-foot,set-piece,sofascore
14288805,1105790,Figueiredo,190328.0,66,2.4,53.2,0.893,goal,right-foot,assisted,sofascore
14288805,1100957,Marko Milovanović,190328.0,64,8.5,58.7,0.0647,miss,head,fast-break,sofascore
14288805,1063255,Alioune Ndoye,3009.0,62,11.1,51.7,0.0519,save,head,assisted,sofascore
14288805,992024,Rhaldney,190328.0,52,18.5,47.7,0.0282,block,right-foot,corner,sofascore
14288805,785808,Samu,3009.0,46,9.5,53.8,0.1933,goal,right-foot,assisted,sofascore
14288805,1063255,Alioune Ndoye,3009.0,46,9.7,63.0,0.0606,miss,right-foot,regular,sofascore
14288805,1015826,Chiquinho,190328.0,44,19.3,46.8,0.0883,block,right-foot,fast-break,sofascore
14288805,1063255,Alioune Ndoye,3009.0,41,9.7,49.9,0.3961,miss,right-foot,regular,sofascore
14288805,1488511,Tony Strata,3009.0,41,15.8,68.4,0.0343,save,right-foot,assisted,sofascore
14288805,1434543,Diogo Sousa,3009.0,40,27.9,46.8,0.0187,miss,left-foot,assisted,sofascore
14288805,1063255,Alioune Ndoye,3009.0,40,7.0,52.9,0.3161,save,right-foot,regular,sofascore
14288805,785808,Samu,3009.0,40,12.8,65.5,0.0455,block,left-foot,regular,sofascore
14288805,1153328,Noah Saviolo,3009.0,36,12.4,57.2,0.0742,block,right-foot,regular,sofascore
14288805,1488511,Tony Strata,3009.0,34,24.9,70.5,0.0254,block,right-foot,assisted,sofascore
14288805,1468082,Gustavo Silva,3009.0,18,27.6,57.7,0.0193,miss,right-foot,assisted,sofascore
14288805,1434543,Diogo Sousa,3009.0,15,14.0,34.0,0.0559,save,left-foot,assisted,sofascore
14288805,1002367,Beni Mukendi,3009.0,14,25.3,58.2,0.0379,save,right-foot,regular,sofascore
14288805,785808,Samu,3009.0,9,17.7,49.1,0.1026,miss,left-foot,regular,sofascore
14288805,1015826,Chiquinho,190328.0,6,7.5,46.2,0.0961,block,head,assisted,sofascore
14288805,794928,Lincoln,190328.0,6,17.1,40.3,0.0589,block,left-foot,assisted,sofascore
14288805,1015826,Chiquinho,190328.0,5,7.0,43.4,0.12,save,right-foot,assisted,sofascore
14288805,904849,Nabil Touaizi,190328.0,4,1.1,56.7,0.381,miss,head,corner,sofascore
14288805,1100957,Marko Milovanović,190328.0,3,13.1,28.8,0.0502,save,left-foot,assisted,sofascore
14288808,1136902,Makan Aïko,38396.0,90,7.7,30.1,0.0229,save,right-foot,set-piece,sofascore
14288808,1019184,Serginho,3011.0,88,11.5,50.0,0.7884,goal,right-foot,penalty,sofascore
14288808,1046794,Gabriel Silva,3011.0,83,19.4,37.7,0.091,block,right-foot,free-kick,sofascore
14288808,1459627,Henrique Silva,3011.0,78,13.8,45.0,0.0118,block,head,corner,sofascore
14288808,851277,Pedro Ferreira,3011.0,76,26.8,47.4,0.0082,miss,right-foot,regular,sofascore
14288808,190147,Rony Lopes,38396.0,75,7.6,28.4,0.0162,miss,left-foot,set-piece,sofascore
14288808,988964,Christian Marques,38396.0,75,9.9,53.8,0.1626,miss,left-foot,set-piece,sofascore
14288808,1136902,Makan Aïko,38396.0,75,12.9,70.7,0.0345,miss,right-foot,set-piece,sofascore
14288808,138890,Gonçalo Paciência,3011.0,73,11.3,53.8,0.0963,miss,right-foot,throw-in-set-piece,sofascore
14288808,190147,Rony Lopes,38396.0,65,25.4,56.2,0.0262,miss,left-foot,assisted,sofascore
14288808,945121,Rodrigo Conceição,38396.0,60,16.0,30.3,0.0275,goal,right-foot,fast-break,sofascore
14288808,1019184,Serginho,3011.0,60,8.3,73.9,0.0127,block,right-foot,assisted,sofascore
14288808,883908,Guilherme Romão,3011.0,58,6.3,46.2,0.3793,save,left-foot,assisted,sofascore
14288808,2155276,José Tavares,3011.0,58,10.7,55.0,0.0394,block,head,assisted,sofascore
14288808,1459627,Henrique Silva,3011.0,53,10.2,44.8,0.0255,miss,head,corner,sofascore
14288808,892083,Diogo Calila,3011.0,50,29.7,69.1,0.0154,miss,right-foot,assisted,sofascore
14288808,1019184,Serginho,3011.0,45,27.8,38.9,0.0164,miss,right-foot,throw-in-set-piece,sofascore
14288808,865335,Bebeto,38396.0,39,30.9,65.8,0.0153,block,right-foot,regular,sofascore
14288808,1131145,Sidney Lima,3011.0,33,20.7,65.0,0.0162,miss,right-foot,corner,sofascore
14288808,1459627,Henrique Silva,3011.0,33,19.5,48.0,0.034,block,left-foot,corner,sofascore
14288808,1187281,Brayan Medina,38396.0,26,12.3,46.6,0.0166,block,head,corner,sofascore
14288808,1459634,Luis Fernando,3011.0,24,9.5,66.2,0.0468,miss,right-foot,throw-in-set-piece,sofascore
14288808,1046794,Gabriel Silva,3011.0,23,27.0,53.3,0.0221,miss,left-foot,assisted,sofascore
14288808,1046794,Gabriel Silva,3011.0,15,23.5,72.6,0.016,goal,left-foot,throw-in-set-piece,sofascore
14288808,865335,Bebeto,38396.0,10,11.5,50.0,0.7884,goal,right-foot,penalty,sofascore
14288808,1046794,Gabriel Silva,3011.0,7,11.1,68.5,0.0568,miss,right-foot,assisted,sofascore
14288808,879917,Maranhão,38396.0,5,20.1,46.0,0.416,save,right-foot,regular,sofascore
14288812,2030567,Afonso Assis,3014.0,90,7.9,52.1,0.1281,save,head,set-piece,sofascore
14288812,1471229,Landerson,3014.0,90,9.9,34.2,0.0792,block,right-foot,assisted,sofascore
14288812,1091103,Pedro Rosas,36365.0,87,10.5,41.1,0.0285,block,head,assisted,sofascore
14288812,1155358,Dailon Rocha Livramento,36365.0,78,10.2,59.3,0.138,miss,right-foot,assisted,sofascore
14288812,1001848,Nile John,3014.0,75,22.8,28.4,0.026,block,right-foot,assisted,sofascore
14288812,983537,Rafael Brito,36365.0,67,7.6,60.5,0.0657,miss,head,assisted,sofascore
14288812,1115751,Luís Semedo,3014.0,64,14.8,68.3,0.0527,save,left-foot,fast-break,sofascore
14288812,826054,Jérémy Livolant,36365.0,64,29.9,48.7,0.0078,block,right-foot,set-piece,sofascore
14288812,905455,Alan,3014.0,62,11.5,50.0,0.7884,goal,right-foot,penalty,sofascore
14288812,1142578,Diogo Travassos,3014.0,55,16.3,71.1,0.0097,miss,left-foot,corner,sofascore
14288812,1160980,Dinis Pinto,3014.0,48,8.3,54.0,0.1174,miss,head,corner,sofascore
14288812,157023,Cassiano,36365.0,40,11.9,50.7,0.1408,goal,right-foot,assisted,sofascore
14288812,1142578,Diogo Travassos,3014.0,36,22.8,75.2,0.0236,save,right-foot,assisted,sofascore
14288812,1160980,Dinis Pinto,3014.0,32,5.1,57.9,0.1956,save,left-foot,assisted,sofascore
14288812,1160980,Dinis Pinto,3014.0,31,3.9,63.2,0.0202,block,head,corner,sofascore
14288812,1142578,Diogo Travassos,3014.0,30,10.8,59.5,0.0554,save,head,fast-break,sofascore
14288812,931485,Maracás,3014.0,29,8.6,46.2,0.0717,miss,head,set-piece,sofascore
14288812,983537,Rafael Brito,36365.0,5,24.3,51.5,0.0291,miss,right-foot,assisted,sofascore
14288812,157023,Cassiano,36365.0,3,11.5,50.0,0.7884,save,right-foot,penalty,sofascore
14288807,1005992,Andreas Ndoj,3036.0,90,4.3,33.8,0.0978,miss,left-foot,corner,sofascore
14288807,1105850,Ryan Guilherme,3036.0,90,16.6,49.5,0.0526,block,right-foot,corner,sofascore
14288807,1173124,João Tomé,3036.0,90,20.6,64.0,0.0131,save,right-foot,corner,sofascore
14288807,583838,Gil Dias,49531.0,77,10.0,55.7,0.3164,save,left-foot,assisted,sofascore
14288807,826024,Dario Špikić,3036.0,74,22.6,46.4,0.0367,miss,right-foot,assisted,sofascore
14288807,848521,Marios Vrousai,3036.0,62,21.8,62.2,0.0168,block,left-foot,regular,sofascore
14288807,848521,Marios Vrousai,3036.0,58,18.9,76.1,0.0373,miss,right-foot,regular,sofascore
14288807,826024,Dario Špikić,3036.0,58,22.6,36.0,0.0158,block,right-foot,assisted,sofascore
14288807,1511656,Mathias De Amorim,49531.0,55,22.3,43.9,0.0627,save,left-foot,regular,sofascore
14288807,583838,Gil Dias,49531.0,50,13.0,63.8,0.0773,miss,left-foot,assisted,sofascore
14288807,1120040,Pedro Santos,49531.0,50,4.3,50.5,0.3346,post,right-foot,assisted,sofascore
14288807,2194737,Umar Abubakar,49531.0,46,8.7,44.2,0.0416,miss,head,corner,sofascore
14288807,583838,Gil Dias,49531.0,46,13.0,66.3,0.0362,block,left-foot,assisted,sofascore
14288807,1005992,Andreas Ndoj,3036.0,43,6.9,50.9,0.2458,save,head,set-piece,sofascore
14288807,1393242,Tamás Nikitscher,3036.0,40,11.0,40.7,0.0116,miss,head,corner,sofascore
14288807,1105595,Sorriso,49531.0,31,17.9,27.4,0.0142,save,right-foot,assisted,sofascore
14288807,1393242,Tamás Nikitscher,3036.0,31,8.2,36.8,0.0197,miss,head,set-piece,sofascore
14288807,1105595,Sorriso,49531.0,27,16.9,34.0,0.023,block,right-foot,assisted,sofascore
14288807,1094384,Tamblé Monteiro,3036.0,25,3.5,55.2,0.2108,save,head,assisted,sofascore
14288807,1005992,Andreas Ndoj,3036.0,25,25.8,37.4,0.0182,block,right-foot,regular,sofascore
14288807,848521,Marios Vrousai,3036.0,22,25.6,71.4,0.0259,miss,right-foot,regular,sofascore
14288807,1094384,Tamblé Monteiro,3036.0,20,12.2,35.0,0.0522,miss,right-foot,assisted,sofascore
14288807,1105595,Sorriso,49531.0,19,24.1,30.3,0.0167,save,right-foot,assisted,sofascore
14288807,826024,Dario Špikić,3036.0,16,21.5,40.1,0.0902,save,right-foot,fast-break,sofascore
14288807,1105595,Sorriso,49531.0,6,22.2,26.8,0.0162,block,right-foot,assisted,sofascore
14288807,1176881,Diogo Bezerra,3036.0,5,19.7,63.0,0.0856,miss,right-foot,free-kick,sofascore
14288810,1097527,Luís Esteves,3010.0,90,28.5,33.6,0.0173,miss,right-foot,assisted,sofascore
14288810,831781,Ghislain Konan,3010.0,90,27.4,44.8,0.0211,save,left-foot,regular,sofascore
14288810,1032547,Joelson Fernandes,3010.0,79,23.4,30.1,0.0175,miss,right-foot,assisted,sofascore
14288810,1100952,Andreas Schjelderup,3006.0,73,7.3,35.2,0.0995,goal,left-foot,regular,sofascore
14288810,1015292,Richard Ríos,3006.0,71,23.1,28.9,0.0167,miss,right-foot,regular,sofascore
14288810,252577,Rafa Silva,3006.0,70,23.1,46.4,0.0363,block,right-foot,assisted,sofascore
14288810,1100952,Andreas Schjelderup,3006.0,62,1.8,36.0,0.0547,miss,left-foot,fast-break,sofascore
14288810,1001662,Zé Carlos,3010.0,57,20.4,66.9,0.0208,miss,right-foot,corner,sofascore
14288810,352448,Héctor Hernández,3010.0,56,10.4,52.1,0.0389,save,head,corner,sofascore
14288810,1084746,Santi García,3010.0,56,3.5,46.1,0.2082,block,head,corner,sofascore
14288810,352448,Héctor Hernández,3010.0,51,13.6,52.3,0.0203,save,head,throw-in-set-piece,sofascore
14288810,1001662,Zé Carlos,3010.0,45,26.9,69.1,0.019,miss,right-foot,regular,sofascore
14288810,228364,Fredrik Aursnes,3006.0,45,26.3,72.6,0.0056,miss,right-foot,regular,sofascore
14288810,1084746,Santi García,3010.0,44,11.1,50.9,0.1005,miss,right-foot,assisted,sofascore
14288810,1799336,Agustín Moreira,3010.0,40,18.8,42.3,0.0233,miss,left-foot,throw-in-set-piece,sofascore
14288810,795236,Vangelis Pavlidis,3006.0,38,5.0,48.6,0.1863,post,other,assisted,sofascore
14288810,1006069,António Silva,3006.0,35,5.7,57.9,0.0694,goal,head,corner,sofascore
14288810,1100952,Andreas Schjelderup,3006.0,34,7.0,45.2,0.127,block,head,assisted,sofascore
14288810,252577,Rafa Silva,3006.0,18,13.7,51.7,0.1217,save,right-foot,assisted,sofascore
14288810,795236,Vangelis Pavlidis,3006.0,13,18.4,67.9,0.0552,miss,right-foot,regular,sofascore
14288810,1097527,Luís Esteves,3010.0,7,26.9,49.3,0.0305,miss,right-foot,assisted,sofascore
14288810,1799336,Agustín Moreira,3010.0,2,19.5,37.4,0.0718,save,right-foot,fast-break,sofascore
14288815,977676,Léo Realpe,49531.0,90,6.7,55.0,0.0895,save,head,corner,sofascore
14288815,902050,Boris Popović,25777.0,90,9.9,42.6,0.0421,block,head,throw-in-set-piece,sofascore
14288815,1510444,Dylan Nandín,25777.0,85,9.8,55.2,0.0638,save,head,assisted,sofascore
14288815,991924,Rodrigo Pinheiro,49531.0,82,23.8,61.5,0.014,goal,right-foot,regular,sofascore
14288815,1510444,Dylan Nandín,25777.0,81,29.1,68.2,0.0082,save,right-foot,regular,sofascore
14288815,1195796,Romeo Beney,49531.0,79,12.5,63.0,0.1301,miss,left-foot,assisted,sofascore
14288815,2194737,Umar Abubakar,49531.0,77,9.9,47.8,0.0345,miss,head,corner,sofascore
14288815,2194737,Umar Abubakar,49531.0,73,7.9,49.5,0.0874,save,head,corner,sofascore
14288815,1195796,Romeo Beney,49531.0,72,27.1,44.0,0.0149,save,left-foot,regular,sofascore
14288815,973517,Alfonso Trezza,25777.0,68,12.7,49.1,0.6391,save,right-foot,assisted,sofascore
14288815,1126965,Espen Van Ee,25777.0,55,27.4,56.2,0.0193,miss,right-foot,assisted,sofascore
14288815,1191120,Hyun-ju Lee,25777.0,53,15.3,43.3,0.0555,miss,right-foot,assisted,sofascore
14288815,583838,Gil Dias,49531.0,53,15.1,49.9,0.1473,miss,left-foot,assisted,sofascore
14288815,1563665,Gustavo Sá,49531.0,42,8.4,57.3,0.0336,miss,head,corner,sofascore
14288815,991924,Rodrigo Pinheiro,49531.0,35,22.2,71.7,0.0125,miss,right-foot,assisted,sofascore
14288815,913728,Ivan Barbero,25777.0,31,14.5,28.5,0.0198,block,right-foot,assisted,sofascore
14288815,1463265,Antoine Joujou,49531.0,19,2.4,41.7,0.2365,miss,left-foot,assisted,sofascore
14288815,1049526,Simon Elisor,49531.0,16,20.0,50.3,0.1645,save,right-foot,assisted,sofascore
14288815,955133,Naïs Djouahra,25777.0,15,17.2,48.3,0.0194,save,head,throw-in-set-piece,sofascore
14288815,583838,Gil Dias,49531.0,9,15.1,63.0,0.0348,save,left-foot,regular,sofascore
14288815,1105857,Taichi Fukui,25777.0,5,46.5,49.5,0.0155,miss,right-foot,fast-break,sofascore
14288815,339879,Bas Kuipers,25777.0,4,9.0,27.4,0.0157,miss,left-foot,assisted,sofascore
14288813,1168617,Mathis Clairicia,190328.0,90,8.2,46.8,0.1248,miss,head,corner,sofascore
14288813,324345,Kiki,483088.0,90,30.5,45.7,0.0176,miss,left-foot,regular,sofascore
14288813,1190120,Fabrício Garcia,190328.0,90,21.9,26.2,0.013,miss,left-foot,corner,sofascore
14288813,1120043,Diogo Spencer,190328.0,86,7.9,69.7,0.029,block,right-foot,assisted,sofascore
14288813,1190120,Fabrício Garcia,190328.0,84,18.1,31.7,0.0161,miss,right-foot,throw-in-set-piece,sofascore
14288813,1915110,Isaac James,190328.0,83,24.2,28.0,0.0159,block,left-foot,regular,sofascore
14288813,1915110,Isaac James,190328.0,79,9.2,25.5,0.0115,block,left-foot,throw-in-set-piece,sofascore
14288813,1105790,Figueiredo,190328.0,75,16.1,65.0,0.026,miss,right-foot,set-piece,sofascore
14288813,129617,Aderllan Santos,483088.0,74,16.9,48.1,0.0096,miss,head,set-piece,sofascore
14288813,794928,Lincoln,190328.0,70,22.1,73.5,0.0408,miss,left-foot,free-kick,sofascore
14288813,324345,Kiki,483088.0,67,15.2,33.0,0.0395,block,left-foot,assisted,sofascore
14288813,1105790,Figueiredo,190328.0,65,27.4,46.6,0.0193,save,right-foot,assisted,sofascore
14288813,1176165,Paulo Vitor,483088.0,63,25.6,31.2,0.0217,miss,left-foot,regular,sofascore
14288813,1506777,Steven Baseya,190328.0,53,11.3,30.8,0.0334,miss,right-foot,throw-in-set-piece,sofascore
14288813,1046440,Roni,483088.0,46,14.0,32.5,0.0258,post,right-foot,regular,sofascore
14288813,1105790,Figueiredo,190328.0,45,3.6,40.8,0.3,miss,left-foot,assisted,sofascore
14288813,129617,Aderllan Santos,483088.0,45,27.8,64.3,0.0083,block,right-foot,regular,sofascore
14288813,1006114,Gustavo Mendonca,483088.0,38,32.7,34.9,0.0161,save,left-foot,assisted,sofascore
14288813,794928,Lincoln,190328.0,36,26.3,70.8,0.0142,miss,left-foot,assisted,sofascore
14288813,1046440,Roni,483088.0,35,31.5,48.3,0.0122,miss,right-foot,assisted,sofascore
14288813,1003071,Diego Duarte,483088.0,28,14.3,64.8,0.1213,miss,right-foot,fast-break,sofascore
14288813,1900362,Guilherme Neiva,483088.0,24,9.9,59.9,0.1283,block,right-foot,throw-in-set-piece,sofascore
14288813,904849,Nabil Touaizi,190328.0,21,9.1,71.6,0.0296,miss,left-foot,regular,sofascore
14288813,1105790,Figueiredo,190328.0,14,12.2,44.3,0.0668,block,right-foot,set-piece,sofascore
14288813,1015826,Chiquinho,190328.0,14,22.6,28.3,0.044,block,right-foot,free-kick,sofascore
14288813,1046440,Roni,483088.0,6,23.2,22.7,0.0187,save,right-foot,assisted,sofascore
14288813,966219,Ángel Algobia,483088.0,2,25.3,38.1,0.0064,block,right-foot,throw-in-set-piece,sofascore
14288813,1105790,Figueiredo,190328.0,1,8.2,56.0,0.0559,miss,head,throw-in-set-piece,sofascore
14288932,1397915,Moudjatovic,38396.0,90,22.3,57.7,0.0185,block,left-foot,assisted,sofascore
14288932,1136902,Makan Aïko,38396.0,90,20.0,28.0,0.0194,miss,right-foot,assisted,sofascore
14288932,788786,Jordan Siebatcheu,38396.0,90,2.4,45.6,0.2649,save,head,assisted,sofascore
14288932,966575,Rodrigo Zalazar,2999.0,90,11.5,50.0,0.7884,goal,right-foot,penalty,sofascore
14288932,1146013,Hugo Félix,38396.0,86,11.5,50.0,0.7884,save,right-foot,penalty,sofascore
14288932,966575,Rodrigo Zalazar,2999.0,81,11.4,58.3,0.0313,save,head,assisted,sofascore
14288932,314380,Ricardo Horta,2999.0,80,23.1,30.9,0.0539,save,right-foot,free-kick,sofascore
14288932,1184326,Diego Rodrigues,2999.0,77,11.9,30.7,0.0377,block,right-foot,assisted,sofascore
14288932,1146013,Hugo Félix,38396.0,71,13.0,75.2,0.0245,block,right-foot,assisted,sofascore
14288932,314380,Ricardo Horta,2999.0,71,12.5,37.6,0.0915,block,right-foot,assisted,sofascore
14288932,1136902,Makan Aïko,38396.0,69,13.3,44.8,0.0798,block,left-foot,assisted,sofascore
14288932,6562,João Moutinho,2999.0,58,17.6,36.0,0.0243,miss,right-foot,regular,sofascore
14288932,1031567,Pau Víctor,2999.0,41,6.0,41.3,0.1078,save,left-foot,corner,sofascore
14288932,6562,João Moutinho,2999.0,41,4.6,56.4,0.1078,post,head,corner,sofascore
14288932,1031567,Pau Víctor,2999.0,11,8.5,45.8,0.2368,block,left-foot,set-piece,sofascore
14288932,966575,Rodrigo Zalazar,2999.0,10,16.1,41.7,0.0493,block,right-foot,throw-in-set-piece,sofascore
14288932,6562,João Moutinho,2999.0,5,18.4,50.7,0.047,block,right-foot,set-piece,sofascore
14288944,1153328,Noah Saviolo,3009.0,90,8.6,46.6,0.0767,miss,head,assisted,sofascore
14288944,1035280,Telmo Arcanjo,3009.0,90,24.8,74.0,0.0167,miss,left-foot,assisted,sofascore
14288944,1066560,Alan Varela,3002.0,85,11.5,50.0,0.7884,goal,right-foot,penalty,sofascore
14288944,1410240,Rodrigo Mora,3002.0,75,21.2,31.7,0.0215,miss,right-foot,assisted,sofascore
14288944,1407720,Deniz Gül,3002.0,73,26.8,35.0,0.0165,save,right-foot,regular,sofascore
14288944,1410240,Rodrigo Mora,3002.0,72,14.1,53.4,0.0761,miss,right-foot,regular,sofascore
14288944,1639250,William Gomes,3002.0,72,17.3,68.8,0.0198,block,left-foot,assisted,sofascore
14288944,992567,Borja Sainz,3002.0,71,9.3,43.0,0.276,post,right-foot,assisted,sofascore
14288944,844409,Orest Lebedenko,3009.0,68,5.4,41.7,0.1971,save,head,assisted,sofascore
14288944,1563640,Oumar Camara,3009.0,64,18.4,53.4,0.0893,miss,right-foot,assisted,sofascore
14288944,1066560,Alan Varela,3002.0,63,21.9,52.8,0.0369,save,right-foot,regular,sofascore
14288944,1010505,Gabri Veiga,3002.0,53,11.4,54.9,0.1794,miss,right-foot,assisted,sofascore
14288944,1063255,Alioune Ndoye,3009.0,52,24.4,56.1,0.0309,miss,left-foot,regular,sofascore
14288944,1563640,Oumar Camara,3009.0,45,14.8,46.2,0.0334,block,right-foot,corner,sofascore
14288944,844409,Orest Lebedenko,3009.0,45,13.3,46.3,0.0457,block,left-foot,corner,sofascore
14288944,1066233,Miguel Nóbrega,3009.0,45,9.4,49.8,0.0426,block,head,corner,sofascore
14288944,1063255,Alioune Ndoye,3009.0,45,12.2,51.9,0.0333,miss,head,throw-in-set-piece,sofascore
14288944,1488511,Tony Strata,3009.0,44,25.4,64.4,0.0183,block,right-foot,assisted,sofascore
14288944,1010505,Gabri Veiga,3002.0,36,21.8,36.4,0.0684,miss,right-foot,free-kick,sofascore
14288944,976037,Jakub Kiwior,3002.0,35,26.0,28.8,0.0313,block,left-foot,free-kick,sofascore
14288944,785808,Samu,3009.0,27,11.4,44.4,0.2709,miss,left-foot,fast-break,sofascore
14288944,1503836,Samu Aghehowa,3002.0,27,11.5,50.0,0.7884,post,right-foot,penalty,sofascore
14288944,1066233,Miguel Nóbrega,3009.0,24,13.2,54.0,0.0964,block,right-foot,assisted,sofascore
14288944,1161004,Gonçalo Nogueira,3009.0,23,21.1,69.1,0.0139,miss,right-foot,regular,sofascore
14288944,1063255,Alioune Ndoye,3009.0,23,30.0,48.7,0.0143,block,right-foot,regular,sofascore
14288944,1153328,Noah Saviolo,3009.0,19,6.4,29.9,0.0452,save,right-foot,assisted,sofascore
14288944,1160957,Alberto Costa,3002.0,15,3.7,82.1,0.0076,miss,right-foot,assisted,sofascore
14288944,785808,Samu,3009.0,10,13.2,52.0,0.028,save,head,corner,sofascore
14288944,1488511,Tony Strata,3009.0,10,25.2,65.8,0.0139,block,right-foot,corner,sofascore
14288944,1563640,Oumar Camara,3009.0,3,9.3,49.3,0.1744,block,left-foot,assisted,sofascore
14288937,994532,Antef Tsoungui,4500.0,90,27.4,44.8,0.0274,miss,right-foot,assisted,sofascore
14288937,845802,Jovane Cabral,3035.0,83,26.0,50.5,0.0614,miss,right-foot,free-kick,sofascore
14288937,994532,Antef Tsoungui,4500.0,77,25.1,62.4,0.0231,block,right-foot,regular,sofascore
14288937,930246,Yanis Begraoui,4500.0,70,4.3,30.9,0.0614,goal,right-foot,assisted,sofascore
14288937,929894,Alejandro Marqués,4500.0,65,5.1,45.0,0.3871,goal,right-foot,assisted,sofascore
14288937,869875,Kikas,3035.0,58,33.8,50.3,0.0164,block,right-foot,assisted,sofascore
14288937,930246,Yanis Begraoui,4500.0,54,11.5,50.0,0.7884,goal,right-foot,penalty,sofascore
14288937,930246,Yanis Begraoui,4500.0,51,5.7,50.3,0.2581,goal,right-foot,assisted,sofascore
14288937,845802,Jovane Cabral,3035.0,48,34.1,35.0,0.0117,save,right-foot,assisted,sofascore
14288937,548044,João Carvalho,4500.0,42,11.1,35.6,0.0859,block,right-foot,assisted,sofascore
14288937,851283,Jefferson Encada,3035.0,37,10.5,74.0,0.0334,save,right-foot,assisted,sofascore
14288937,930246,Yanis Begraoui,4500.0,21,6.6,67.3,0.2386,save,right-foot,fast-break,sofascore
14288937,929894,Alejandro Marqués,4500.0,16,3.5,43.2,0.1466,block,head,corner,sofascore
14288937,1090543,Abraham Marcus,3035.0,14,22.8,59.3,0.0266,miss,left-foot,corner,sofascore
14288937,869875,Kikas,3035.0,5,21.8,60.3,0.0408,miss,right-foot,assisted,sofascore
14288937,548044,João Carvalho,4500.0,3,13.3,26.4,0.0253,goal,right-foot,corner,sofascore
14288937,826210,Rafik Guitane,4500.0,2,8.9,60.3,0.132,miss,left-foot,assisted,sofascore
14288946,1900362,Guilherme Neiva,483088.0,90,7.1,34.6,0.0292,save,right-foot,corner,sofascore
14288946,1106840,Adriel,483088.0,90,9.3,46.7,0.0484,block,head,corner,sofascore
14288946,324345,Kiki,483088.0,90,12.7,72.1,0.0107,block,left-foot,corner,sofascore
14288946,44685,Nenê,483088.0,90,11.5,50.0,0.7884,goal,right-foot,penalty,sofascore
14288946,1003071,Diego Duarte,483088.0,85,12.4,44.2,0.0789,block,right-foot,corner,sofascore
14288946,892170,Lawrence Ofori,36365.0,82,11.9,51.5,0.0723,block,left-foot,set-piece,sofascore
14288946,1190517,Oluwakorede Osundina,36365.0,77,9.5,52.7,0.0873,block,head,assisted,sofascore
14288946,44685,Nenê,483088.0,75,11.5,50.0,0.7884,goal,right-foot,penalty,sofascore
14288946,1190517,Oluwakorede Osundina,36365.0,65,8.5,47.9,0.5666,goal,right-foot,assisted,sofascore
14288946,966219,Ángel Algobia,483088.0,64,20.5,36.4,0.0377,block,right-foot,set-piece,sofascore
14288946,1067648,Pedro Lima,483088.0,56,25.5,62.0,0.0157,block,left-foot,assisted,sofascore
14288946,849719,Gaizka Larrazabal,36365.0,56,23.8,70.1,0.025,miss,right-foot,regular,sofascore
14288946,966219,Ángel Algobia,483088.0,52,21.6,35.2,0.0217,miss,right-foot,throw-in-set-piece,sofascore
14288946,849719,Gaizka Larrazabal,36365.0,50,8.5,60.1,0.0859,goal,right-foot,regular,sofascore
14288946,126076,Tomané,483088.0,43,15.6,46.6,0.0552,block,left-foot,regular,sofascore
14288946,1133063,Tunde Akinsola,483088.0,43,18.9,65.4,0.0424,block,left-foot,regular,sofascore
14288946,1067648,Pedro Lima,483088.0,43,9.7,66.7,0.0919,miss,right-foot,assisted,sofascore
14288946,344199,Rúben Semedo,483088.0,40,12.3,34.6,0.0489,block,right-foot,set-piece,sofascore
14288946,1046440,Roni,483088.0,40,24.1,52.6,0.0166,block,right-foot,set-piece,sofascore
14288946,1133063,Tunde Akinsola,483088.0,40,15.3,56.3,0.0306,block,left-foot,set-piece,sofascore
14288946,1133063,Tunde Akinsola,483088.0,37,5.4,45.8,0.1325,block,head,corner,sofascore
14288946,1067284,Tiago Morais,36365.0,35,4.3,57.5,0.2572,save,right-foot,assisted,sofascore
14288946,584116,Ponck,483088.0,32,28.5,51.3,0.013,miss,left-foot,set-piece,sofascore
14288946,126076,Tomané,483088.0,31,29.9,45.6,0.0114,save,right-foot,regular,sofascore
14288946,1067648,Pedro Lima,483088.0,30,16.4,51.1,0.0797,block,right-foot,throw-in-set-piece,sofascore
14288946,1067648,Pedro Lima,483088.0,29,19.4,50.3,0.0347,block,left-foot,throw-in-set-piece,sofascore
14288946,1046440,Roni,483088.0,26,24.3,36.7,0.0132,miss,left-foot,set-piece,sofascore
14288946,1046440,Roni,483088.0,24,26.9,53.0,0.0099,miss,right-foot,regular,sofascore
14288946,1185986,Óscar Perea,483088.0,23,12.6,19.5,0.0164,miss,right-foot,corner,sofascore
14288946,1046440,Roni,483088.0,21,28.6,24.1,0.0104,block,right-foot,throw-in-set-piece,sofascore
14288946,851276,Abdu Conté,36365.0,15,21.6,40.5,0.0092,block,left-foot,set-piece,sofascore
14288946,1185986,Óscar Perea,483088.0,11,17.6,28.9,0.0303,save,right-foot,assisted,sofascore
14288946,1185986,Óscar Perea,483088.0,10,13.4,31.5,0.0232,block,left-foot,throw-in-set-piece,sofascore
14288946,1015932,David Sousa,36365.0,5,4.8,50.2,0.2548,goal,head,set-piece,sofascore
14288946,157023,Cassiano,36365.0,2,5.5,58.3,0.2669,miss,right-foot,assisted,sofascore
14288951,1799251,Brenner,3011.0,90,22.7,65.7,0.0227,miss,right-foot,assisted,sofascore
14288951,931485,Maracás,3014.0,87,18.1,45.4,0.0738,goal,right-foot,corner,sofascore
14288951,1019184,Serginho,3011.0,64,26.3,55.0,0.0326,block,right-foot,assisted,sofascore
14288951,1160980,Dinis Pinto,3014.0,54,26.6,51.5,0.023,miss,left-foot,regular,sofascore
14288951,1001753,Vinícius Lopes,3011.0,43,23.8,36.4,0.0233,block,right-foot,assisted,sofascore
14288951,1001753,Vinícius Lopes,3011.0,41,23.9,43.9,0.0309,block,right-foot,assisted,sofascore
14288951,1115751,Luís Semedo,3014.0,35,9.0,46.4,0.134,miss,head,assisted,sofascore
14288951,1046794,Gabriel Silva,3011.0,28,15.0,33.4,0.0409,block,right-foot,assisted,sofascore
14288951,1001753,Vinícius Lopes,3011.0,21,10.6,44.5,0.0453,post,head,assisted,sofascore
14288951,1131145,Sidney Lima,3011.0,19,30.2,51.8,0.009,miss,right-foot,set-piece,sofascore
14288951,851277,Pedro Ferreira,3011.0,11,22.2,35.5,0.0247,miss,right-foot,assisted,sofascore
14288955,914213,Luis Javier Suárez,3001.0,90,8.2,47.0,0.0915,goal,head,assisted,sofascore
14288955,1000680,Miguel Puche,25777.0,90,13.2,70.9,0.0502,save,right-foot,fast-break,sofascore
14288955,1126512,Zeno Debast,3001.0,89,7.9,67.3,0.0503,miss,right-foot,corner,sofascore
14288955,914213,Luis Javier Suárez,3001.0,86,15.7,46.6,0.1079,miss,left-foot,assisted,sofascore
14288955,859917,Morten Hjulmand,3001.0,85,8.5,47.9,0.0885,save,head,set-piece,sofascore
14288955,943713,Javi Sánchez,25777.0,83,7.7,50.9,0.0523,block,other,corner,sofascore
14288955,996932,Pablo Gozálbez,25777.0,77,17.6,40.5,0.0384,block,right-foot,assisted,sofascore
14288955,914213,Luis Javier Suárez,3001.0,73,9.2,43.8,0.1469,block,left-foot,assisted,sofascore
14288955,1464248,Luis Guilherme,3001.0,68,4.4,34.3,0.0705,block,left-foot,fast-break,sofascore
14288955,1167818,Iván Fresneda,3001.0,62,21.9,53.4,0.0596,miss,right-foot,regular,sofascore
14288955,914213,Luis Javier Suárez,3001.0,60,10.4,56.2,0.1421,miss,right-foot,assisted,sofascore
14288955,1105857,Taichi Fukui,25777.0,57,18.8,51.5,0.0773,miss,right-foot,assisted,sofascore
14288955,1001140,Geny Catamo,3001.0,56,15.3,41.3,0.0404,block,left-foot,assisted,sofascore
14288955,1191120,Hyun-ju Lee,25777.0,55,24.7,51.9,0.037,block,right-foot,corner,sofascore
14288955,955133,Naïs Djouahra,25777.0,54,15.7,60.3,0.2431,save,right-foot,fast-break,sofascore
14288955,1191120,Hyun-ju Lee,25777.0,52,26.6,63.4,0.0269,block,right-foot,assisted,sofascore
14288955,863637,Tiago Esgaio,25777.0,51,16.4,50.9,0.0516,save,left-foot,assisted,sofascore
14288955,913728,Ivan Barbero,25777.0,48,7.6,47.7,0.3375,goal,left-foot,assisted,sofascore
14288955,955133,Naïs Djouahra,25777.0,46,14.7,46.4,0.065,save,right-foot,throw-in-set-piece,sofascore
14288955,929193,Maximiliano Araújo,3001.0,43,15.0,35.8,0.0614,block,left-foot,assisted,sofascore
14288955,914213,Luis Javier Suárez,3001.0,35,13.5,37.0,0.0407,goal,right-foot,assisted,sofascore
14288955,830431,Francisco Trincão,3001.0,29,14.4,44.2,0.1116,miss,left-foot,regular,sofascore
14288955,914213,Luis Javier Suárez,3001.0,21,6.3,33.6,0.1969,miss,right-foot,assisted,sofascore
14288955,914213,Luis Javier Suárez,3001.0,17,6.7,45.0,0.144,miss,right-foot,assisted,sofascore
14288955,929193,Maximiliano Araújo,3001.0,9,3.0,41.3,0.1905,miss,left-foot,assisted,sofascore
14288955,913728,Ivan Barbero,25777.0,8,19.4,47.4,0.0674,miss,right-foot,regular,sofascore
14288955,1001140,Geny Catamo,3001.0,5,6.3,68.7,0.0377,save,right-foot,corner,sofascore
14288954,1087354,Gonçalo Costa,4500.0,89,8.0,24.9,0.0054,miss,left-foot,set-piece,sofascore
14288954,1130363,Fabio Blanco,3009.0,87,12.5,33.8,0.0379,miss,right-foot,corner,sofascore
14288954,930246,Yanis Begraoui,4500.0,78,19.5,57.5,0.1275,goal,right-foot,assisted,sofascore
14288954,1063255,Alioune Ndoye,3009.0,75,9.5,52.5,0.0845,miss,right-foot,assisted,sofascore
14288954,1063255,Alioune Ndoye,3009.0,70,9.1,46.0,0.4403,miss,left-foot,assisted,sofascore
14288954,1468082,Gustavo Silva,3009.0,70,10.5,38.0,0.1027,miss,right-foot,assisted,sofascore
14288954,1049465,Kévin Boma,4500.0,68,7.1,51.2,0.1048,miss,head,corner,sofascore
14288954,929894,Alejandro Marqués,4500.0,65,5.1,46.2,0.3873,goal,right-foot,set-piece,sofascore
14288954,929894,Alejandro Marqués,4500.0,63,13.6,43.2,0.2202,block,right-foot,fast-break,sofascore
14288954,930246,Yanis Begraoui,4500.0,62,3.5,37.8,0.0645,miss,right-foot,corner,sofascore
14288954,929894,Alejandro Marqués,4500.0,56,8.9,48.9,0.0696,goal,head,assisted,sofascore
14288954,1166097,Matija Mitrović,3009.0,53,12.0,56.8,0.1665,block,right-foot,fast-break,sofascore
14288954,785808,Samu,3009.0,51,4.5,57.9,0.1276,miss,left-foot,assisted,sofascore
14288954,929894,Alejandro Marqués,4500.0,50,22.9,58.7,0.0474,block,right-foot,regular,sofascore
14288954,785808,Samu,3009.0,49,9.5,42.5,0.3868,save,right-foot,assisted,sofascore
14288954,826210,Rafik Guitane,4500.0,47,12.9,73.0,0.0278,block,left-foot,assisted,sofascore
14288954,1063255,Alioune Ndoye,3009.0,38,28.2,53.4,0.0243,block,right-foot,assisted,sofascore
14288954,920684,Jordan Holsgrove,4500.0,37,24.0,43.3,0.0716,miss,left-foot,free-kick,sofascore
14288954,1166097,Matija Mitrović,3009.0,34,27.6,41.2,0.0426,goal,right-foot,free-kick,sofascore
14288954,930246,Yanis Begraoui,4500.0,29,8.4,66.0,0.168,goal,right-foot,assisted,sofascore
14288954,785808,Samu,3009.0,27,13.3,51.9,0.1628,goal,left-foot,assisted,sofascore
14288954,929894,Alejandro Marqués,4500.0,21,20.1,44.8,0.0597,block,right-foot,regular,sofascore
14288954,929894,Alejandro Marqués,4500.0,20,4.3,46.8,0.5402,save,right-foot,regular,sofascore
14288954,826210,Rafik Guitane,4500.0,20,18.8,52.5,0.0693,block,left-foot,assisted,sofascore
14288954,1133568,João Mendes,3009.0,19,28.4,23.3,0.0154,miss,left-foot,assisted,sofascore
14288954,1063255,Alioune Ndoye,3009.0,15,7.7,53.5,0.1977,save,head,assisted,sofascore
14288954,1063255,Alioune Ndoye,3009.0,9,14.1,51.0,0.2102,miss,right-foot,assisted,sofascore
14288954,834247,Pedro Amaral,4500.0,2,28.1,47.0,0.0101,save,left-foot,set-piece,sofascore
14288954,986726,Ricard Sánchez,4500.0,2,20.1,64.0,0.0362,block,right-foot,set-piece,sofascore
14288953,786269,Witiness Quembo,3013.0,90,29.3,35.8,0.0183,goal,left-foot,assisted,sofascore
14288953,1196014,Antonis Papakanellos,3036.0,84,7.4,31.9,0.0361,miss,right-foot,assisted,sofascore
14288953,822509,Léo Santos,3013.0,72,5.2,51.9,0.1804,goal,head,corner,sofascore
14288953,344181,José Gomes,3013.0,72,8.8,34.0,0.0137,miss,head,corner,sofascore
14288953,987597,Jesús Ramírez,3013.0,66,7.0,44.8,0.4207,miss,head,set-piece,sofascore
14288953,822509,Léo Santos,3013.0,64,8.7,58.1,0.0253,block,head,corner,sofascore
14288953,848521,Marios Vrousai,3036.0,63,8.4,37.3,0.0747,save,right-foot,assisted,sofascore
14288953,1393991,Joel Silva,3013.0,58,21.9,46.6,0.0554,save,left-foot,assisted,sofascore
14288953,826024,Dario Špikić,3036.0,58,11.6,29.1,0.0202,save,left-foot,assisted,sofascore
14288953,987597,Jesús Ramírez,3013.0,57,7.7,44.2,0.0552,miss,head,corner,sofascore
14288953,826024,Dario Špikić,3036.0,56,25.1,43.2,0.0267,block,right-foot,assisted,sofascore
14288953,1112474,Ze Vitor,3013.0,50,2.3,59.3,0.0855,miss,head,corner,sofascore
14288953,987597,Jesús Ramírez,3013.0,46,8.8,47.9,0.0723,goal,head,assisted,sofascore
14288953,848521,Marios Vrousai,3036.0,45,25.6,71.1,0.0322,save,right-foot,free-kick,sofascore
14288953,1112474,Ze Vitor,3013.0,40,34.9,32.3,0.0161,miss,left-foot,regular,sofascore
14288953,1173124,João Tomé,3036.0,36,10.2,66.7,0.0179,save,head,throw-in-set-piece,sofascore
14288953,1002819,Gabriel Veron,3013.0,34,10.2,56.4,0.1411,goal,right-foot,throw-in-set-piece,sofascore
14288953,1017023,Clayton,3036.0,33,14.5,45.4,0.048,save,right-foot,assisted,sofascore
14288953,848521,Marios Vrousai,3036.0,32,6.1,37.6,0.055,block,right-foot,corner,sofascore
14288953,1017023,Clayton,3036.0,31,10.4,42.4,0.063,save,right-foot,corner,sofascore
14288953,72020,Jakub Brabec,3036.0,23,10.2,55.5,0.0483,miss,head,set-piece,sofascore
14288953,1020610,Matheus Dias,3013.0,20,28.1,44.6,0.0178,miss,right-foot,assisted,sofascore
14288953,987597,Jesús Ramírez,3013.0,20,9.7,39.5,0.1458,miss,left-foot,assisted,sofascore
14288953,987597,Jesús Ramírez,3013.0,18,5.1,47.7,0.2312,miss,head,assisted,sofascore
14288953,1017023,Clayton,3036.0,8,13.4,64.6,0.0626,block,left-foot,assisted,sofascore
14288957,1463265,Antoine Joujou,49531.0,90,14.4,40.7,0.0405,save,right-foot,assisted,sofascore
14288957,1120040,Pedro Santos,49531.0,82,8.9,48.5,0.3528,goal,left-foot,regular,sofascore
14288957,1102988,Pedro Bondo,49531.0,77,20.4,35.4,0.0157,miss,left-foot,set-piece,sofascore
14288957,583838,Gil Dias,49531.0,69,13.9,67.3,0.0561,goal,left-foot,regular,sofascore
14288957,836676,Tom Van De Looi,49531.0,66,30.2,53.0,0.0184,block,right-foot,regular,sofascore
14288957,1511656,Mathias De Amorim,49531.0,56,25.0,66.7,0.0131,miss,left-foot,corner,sofascore
14288957,1511656,Mathias De Amorim,49531.0,55,22.9,54.2,0.0362,block,right-foot,assisted,sofascore
14288957,1105595,Sorriso,49531.0,45,6.9,41.1,0.0576,post,head,assisted,sofascore
14288957,1511656,Mathias De Amorim,49531.0,31,15.2,44.3,0.0601,goal,right-foot,assisted,sofascore
14288957,879917,Maranhão,38396.0,22,26.8,55.8,0.029,block,right-foot,regular,sofascore
14288957,879917,Maranhão,38396.0,6,7.6,67.6,0.1007,miss,right-foot,throw-in-set-piece,sofascore
14288958,2163561,Anísio Cabral,3006.0,84,7.3,53.8,0.1131,goal,head,regular,sofascore
14288958,1117723,Sidny Lopes Cabral,3006.0,68,9.7,69.5,0.0521,miss,right-foot,assisted,sofascore
14288958,1006069,António Silva,3006.0,63,12.2,35.0,0.103,save,right-foot,assisted,sofascore
14288958,795236,Vangelis Pavlidis,3006.0,61,12.9,55.8,0.1576,block,right-foot,assisted,sofascore
14288958,1117723,Sidny Lopes Cabral,3006.0,58,9.7,37.6,0.4236,goal,right-foot,regular,sofascore
14288958,910316,Ianis Stoica,3035.0,57,18.7,34.0,0.0407,miss,right-foot,regular,sofascore
14288958,795236,Vangelis Pavlidis,3006.0,55,11.5,50.0,0.7884,goal,right-foot,penalty,sofascore
14288958,1961109,Daniel Banjaqui,3006.0,45,5.8,72.8,0.0253,miss,right-foot,assisted,sofascore
14288958,993101,Samuel Dahl,3006.0,45,6.6,31.9,0.0463,save,left-foot,assisted,sofascore
14288958,795236,Vangelis Pavlidis,3006.0,45,22.6,44.8,0.0381,miss,left-foot,assisted,sofascore
14288958,910316,Ianis Stoica,3035.0,45,24.4,28.9,0.0357,miss,right-foot,free-kick,sofascore
14288958,795236,Vangelis Pavlidis,3006.0,42,8.2,47.7,0.1031,goal,head,corner,sofascore
14288958,1961109,Daniel Banjaqui,3006.0,25,7.4,58.1,0.0705,miss,head,regular,sofascore
14288958,1117723,Sidny Lopes Cabral,3006.0,17,25.9,58.5,0.0515,save,left-foot,free-kick,sofascore
14288958,1961109,Daniel Banjaqui,3006.0,14,17.8,64.6,0.047,miss,left-foot,assisted,sofascore
14288958,228364,Fredrik Aursnes,3006.0,8,4.6,42.1,0.4658,miss,right-foot,assisted,sofascore
14288958,1087316,Enzo Barrenechea,3006.0,6,10.2,48.1,0.049,save,head,set-piece,sofascore
14288958,1158547,Leandro Antonetti,3035.0,2,12.9,71.1,0.0493,save,left-foot,regular,sofascore
14288948,1134430,Gabriel Martínez,2999.0,90,12.2,37.6,0.124,save,right-foot,fast-break,sofascore
14288948,1649069,Sandro Vidigal,2999.0,90,22.3,61.7,0.0329,block,right-foot,regular,sofascore
14288948,1485309,Gabriel Moscardo,2999.0,84,6.7,46.4,0.1033,save,head,corner,sofascore
14288948,914772,Fran Navarro,2999.0,79,3.6,45.2,0.9184,goal,left-foot,assisted,sofascore
14288948,914772,Fran Navarro,2999.0,76,19.4,38.5,0.0554,block,right-foot,assisted,sofascore
14288948,1105790,Figueiredo,190328.0,68,20.3,61.3,0.0715,miss,left-foot,regular,sofascore
14288948,1105790,Figueiredo,190328.0,65,11.9,36.4,0.0801,block,left-foot,assisted,sofascore
14288948,1134430,Gabriel Martínez,2999.0,51,15.5,47.4,0.1091,block,right-foot,assisted,sofascore
14288948,1015826,Chiquinho,190328.0,48,1.0,72.7,0.0131,miss,right-foot,regular,sofascore
14288948,1134430,Gabriel Martínez,2999.0,48,25.3,58.1,0.0116,miss,right-foot,set-piece,sofascore
14288948,314380,Ricardo Horta,2999.0,45,11.6,50.0,0.7884,goal,right-foot,penalty,sofascore
14288948,1134430,Gabriel Martínez,2999.0,41,19.2,46.8,0.0622,block,right-foot,assisted,sofascore
14288948,887754,Vítor Carvalho,2999.0,37,8.3,48.1,0.0834,miss,head,set-piece,sofascore
14288948,1031567,Pau Víctor,2999.0,30,7.7,47.7,0.5842,goal,head,assisted,sofascore
14288948,1167068,Kaiky Naves,190328.0,26,6.9,53.2,0.1184,miss,head,set-piece,sofascore
14288948,966575,Rodrigo Zalazar,2999.0,23,12.2,56.4,0.1764,goal,right-foot,assisted,sofascore
14288948,887754,Vítor Carvalho,2999.0,17,17.9,55.3,0.0542,goal,left-foot,corner,sofascore
14288948,1134430,Gabriel Martínez,2999.0,16,6.7,40.5,0.0559,block,head,assisted,sofascore
14288948,1031567,Pau Víctor,2999.0,11,13.8,37.0,0.0374,block,right-foot,assisted,sofascore
14288948,887754,Vítor Carvalho,2999.0,9,4.8,47.2,0.1854,block,head,corner,sofascore
14288950,804472,Pablo Rosario,3002.0,90,18.8,46.3,0.07,miss,left-foot,assisted,sofascore
14288950,1407720,Deniz Gül,3002.0,90,6.7,56.2,0.1837,save,right-foot,assisted,sofascore
14288950,949449,Sergio Bermejo,3010.0,89,3.8,55.4,0.3647,save,head,assisted,sofascore
14288950,1084746,Santi García,3010.0,89,26.7,52.6,0.0114,block,right-foot,assisted,sofascore
14288950,1639250,William Gomes,3002.0,86,6.3,57.9,0.5468,goal,left-foot,fast-break,sofascore
14288950,976037,Jakub Kiwior,3002.0,83,22.2,34.0,0.0264,block,left-foot,assisted,sofascore
14288950,804472,Pablo Rosario,3002.0,78,16.4,46.4,0.1356,miss,right-foot,regular,sofascore
14288950,1142585,Martim Fernandes,3002.0,75,29.4,49.9,0.0184,goal,right-foot,corner,sofascore
14288950,1410240,Rodrigo Mora,3002.0,75,5.1,39.9,0.0925,save,left-foot,throw-in-set-piece,sofascore
14288950,1406639,Victor Froholdt,3002.0,73,12.4,44.8,0.036,miss,head,assisted,sofascore
14288950,1097527,Luís Esteves,3010.0,67,24.0,29.7,0.0367,post,right-foot,free-kick,sofascore
14288950,1146305,Gustavo Varela,3010.0,66,27.3,50.5,0.0277,save,right-foot,assisted,sofascore
14288950,1445615,Tidjany Touré,3010.0,63,22.6,23.7,0.0212,save,right-foot,assisted,sofascore
14288950,1146305,Gustavo Varela,3010.0,50,12.6,37.8,0.0517,miss,right-foot,assisted,sofascore
14288950,1503836,Samu Aghehowa,3002.0,37,11.5,50.0,0.7884,goal,right-foot,penalty,sofascore
14288950,1010505,Gabri Veiga,3002.0,33,9.8,48.8,0.1268,block,right-foot,assisted,sofascore
14288950,286085,Jan Bednarek,3002.0,29,9.2,45.6,0.0572,miss,head,corner,sofascore
14288950,1503836,Samu Aghehowa,3002.0,26,19.5,36.4,0.0232,save,right-foot,assisted,sofascore
14288950,1445615,Tidjany Touré,3010.0,18,7.4,55.4,0.1252,miss,head,corner,sofascore
14288950,1445615,Tidjany Touré,3010.0,16,15.3,41.1,0.0699,block,right-foot,throw-in-set-piece,sofascore
14288950,1084746,Santi García,3010.0,15,24.7,37.6,0.0334,save,right-foot,assisted,sofascore
14288950,1097527,Luís Esteves,3010.0,13,24.4,51.9,0.0288,save,right-foot,assisted,sofascore
14288950,1406639,Victor Froholdt,3002.0,8,3.0,34.4,0.0205,block,right-foot,corner,sofascore
14288950,992567,Borja Sainz,3002.0,3,18.2,51.9,0.1246,miss,right-foot,fast-break,sofascore
14288950,611880,Murilo,3010.0,3,23.1,65.2,0.0218,block,left-foot,regular,sofascore
14288973,1133568,João Mendes,3009.0,90,10.0,28.0,0.0258,block,left-foot,regular,sofascore
14288973,1153328,Noah Saviolo,3009.0,90,14.4,33.6,0.0249,block,right-foot,assisted,sofascore
14288973,1188685,Yan Maranhão,3014.0,90,11.3,47.0,0.1216,save,head,fast-break,sofascore
14288973,1063255,Alioune Ndoye,3009.0,85,7.1,57.0,0.0646,miss,head,set-piece,sofascore
14288973,1166097,Matija Mitrović,3009.0,84,27.4,62.4,0.0339,miss,right-foot,free-kick,sofascore
14288973,785808,Samu,3009.0,83,14.7,68.0,0.0518,block,left-foot,regular,sofascore
14288973,846416,Rodrigo Abascal,3009.0,75,14.2,45.2,0.3403,miss,left-foot,fast-break,sofascore
14288973,905455,Alan,3014.0,70,26.3,27.2,0.0172,miss,right-foot,assisted,sofascore
14288973,785808,Samu,3009.0,66,11.5,50.0,0.7884,goal,left-foot,penalty,sofascore
14288973,1434543,Diogo Sousa,3009.0,64,18.8,51.1,0.0432,miss,right-foot,corner,sofascore
14288973,785808,Samu,3009.0,63,9.8,29.3,0.0435,save,left-foot,regular,sofascore
14288973,1063255,Alioune Ndoye,3009.0,63,18.4,47.4,0.0373,block,right-foot,assisted,sofascore
14288973,1434543,Diogo Sousa,3009.0,61,16.7,49.7,0.0612,miss,right-foot,corner,sofascore
14288973,1468082,Gustavo Silva,3009.0,57,2.9,59.3,0.1584,miss,head,assisted,sofascore
14288973,1142578,Diogo Travassos,3014.0,55,8.0,33.7,0.0963,save,left-foot,assisted,sofascore
14288973,905455,Alan,3014.0,37,27.4,60.5,0.0251,save,right-foot,assisted,sofascore
14288973,1142578,Diogo Travassos,3014.0,34,20.3,34.8,0.0198,block,right-foot,assisted,sofascore
14288973,1115751,Luís Semedo,3014.0,30,22.4,63.1,0.026,miss,left-foot,assisted,sofascore
14288973,905455,Alan,3014.0,29,10.1,37.0,0.1639,save,right-foot,assisted,sofascore
14288973,1115751,Luís Semedo,3014.0,19,25.3,53.6,0.0405,miss,right-foot,fast-break,sofascore
14288973,1434543,Diogo Sousa,3009.0,13,20.7,42.1,0.0856,miss,left-foot,regular,sofascore
14288973,1142254,Rodrigo Alonso,3014.0,10,24.3,51.3,0.0237,miss,right-foot,assisted,sofascore
14288973,905455,Alan,3014.0,7,13.0,32.7,0.0393,save,right-foot,assisted,sofascore
14288973,1488511,Tony Strata,3009.0,3,25.9,65.1,0.0361,miss,right-foot,assisted,sofascore
14288972,254815,Frederico Venâncio,3011.0,90,15.2,45.4,0.0375,miss,right-foot,corner,sofascore
14288972,138890,Gonçalo Paciência,3011.0,90,9.2,46.8,0.2069,save,right-foot,corner,sofascore
14288972,930246,Yanis Begraoui,4500.0,88,11.5,50.0,0.7884,goal,right-foot,penalty,sofascore
14288972,1087354,Gonçalo Costa,4500.0,76,15.3,41.5,0.0741,save,left-foot,assisted,sofascore
14288972,826210,Rafik Guitane,4500.0,74,14.5,66.4,0.0486,goal,left-foot,assisted,sofascore
14288972,2155276,José Tavares,3011.0,70,19.1,43.1,0.0349,block,left-foot,regular,sofascore
14288972,1046794,Gabriel Silva,3011.0,65,25.7,62.2,0.0317,goal,right-foot,assisted,sofascore
14288972,991358,Lucas Soares,3011.0,54,9.1,55.0,0.0966,miss,head,assisted,sofascore
14288972,892083,Diogo Calila,3011.0,52,5.0,54.0,0.1658,goal,head,corner,sofascore
14288972,826210,Rafik Guitane,4500.0,49,13.5,64.0,0.0358,block,right-foot,assisted,sofascore
14288972,991358,Lucas Soares,3011.0,45,19.4,42.3,0.089,miss,right-foot,assisted,sofascore
14288972,1046794,Gabriel Silva,3011.0,45,12.2,42.1,0.0758,miss,right-foot,assisted,sofascore
14288972,929894,Alejandro Marqués,4500.0,40,6.3,51.6,0.4072,goal,head,set-piece,sofascore
14288972,1046794,Gabriel Silva,3011.0,38,12.3,51.1,0.2533,miss,right-foot,assisted,sofascore
14288972,920684,Jordan Holsgrove,4500.0,37,19.4,73.5,0.044,block,left-foot,free-kick,sofascore
14288972,930246,Yanis Begraoui,4500.0,34,11.5,50.0,0.7884,goal,right-foot,penalty,sofascore
14288972,1459627,Henrique Silva,3011.0,29,14.1,47.4,0.0403,block,right-foot,corner,sofascore
14288972,1046794,Gabriel Silva,3011.0,28,12.6,41.7,0.3061,save,left-foot,assisted,sofascore
14288972,1799251,Brenner,3011.0,27,8.8,68.9,0.1228,miss,right-foot,assisted,sofascore
14288972,548044,João Carvalho,4500.0,24,15.7,34.2,0.0119,block,right-foot,corner,sofascore
14288972,930246,Yanis Begraoui,4500.0,19,20.4,59.6,0.0757,save,left-foot,regular,sofascore
14288972,1019184,Serginho,3011.0,12,19.5,67.8,0.0449,block,left-foot,assisted,sofascore
14288972,929894,Alejandro Marqués,4500.0,5,18.6,31.2,0.026,block,right-foot,assisted,sofascore
14288972,1046794,Gabriel Silva,3011.0,4,6.8,49.1,0.0716,miss,other,corner,sofascore
14288972,548044,João Carvalho,4500.0,2,20.8,36.4,0.0101,block,right-foot,set-piece,sofascore
14288963,848521,Marios Vrousai,3036.0,90,7.9,40.7,0.083,post,right-foot,corner,sofascore
14288963,867438,Jonathan Panzo,3036.0,90,11.0,47.7,0.051,block,left-foot,corner,sofascore
14288963,826024,Dario Špikić,3036.0,90,12.9,27.1,0.0304,block,left-foot,assisted,sofascore
14288963,996932,Pablo Gozálbez,25777.0,82,20.7,35.0,0.0296,save,right-foot,assisted,sofascore
14288963,964609,Jose Fontán,25777.0,75,8.4,46.7,0.0952,miss,head,corner,sofascore
14288963,339879,Bas Kuipers,25777.0,74,5.8,29.9,0.024,block,left-foot,regular,sofascore
14288963,1191120,Hyun-ju Lee,25777.0,66,9.2,37.4,0.0767,goal,right-foot,assisted,sofascore
14288963,1017023,Clayton,3036.0,63,12.9,30.1,0.0355,block,left-foot,assisted,sofascore
14288963,1126965,Espen Van Ee,25777.0,59,21.2,32.7,0.0339,save,right-foot,throw-in-set-piece,sofascore
14288963,339879,Bas Kuipers,25777.0,58,5.7,31.3,0.0354,save,left-foot,assisted,sofascore
14288963,913728,Ivan Barbero,25777.0,53,3.9,47.7,0.2916,goal,other,regular,sofascore
14288963,863637,Tiago Esgaio,25777.0,44,2.0,55.5,0.2149,goal,head,corner,sofascore
14288963,964609,Jose Fontán,25777.0,44,6.9,41.7,0.0706,miss,head,corner,sofascore
14288963,913728,Ivan Barbero,25777.0,44,10.9,52.9,0.0244,miss,head,corner,sofascore
14288963,1105857,Taichi Fukui,25777.0,43,18.2,55.8,0.1275,block,right-foot,assisted,sofascore
14288963,973517,Alfonso Trezza,25777.0,41,10.6,64.5,0.083,miss,right-foot,assisted,sofascore
14288963,930273,Olinho,3036.0,37,13.6,59.3,0.0844,miss,right-foot,set-piece,sofascore
14288963,1017023,Clayton,3036.0,34,18.4,65.4,0.0632,block,right-foot,fast-break,sofascore
14288963,1126965,Espen Van Ee,25777.0,33,17.5,42.3,0.0232,miss,left-foot,corner,sofascore
14288963,955133,Naïs Djouahra,25777.0,30,24.7,57.0,0.0408,save,right-foot,assisted,sofascore
14288963,1191120,Hyun-ju Lee,25777.0,29,18.5,67.8,0.0199,miss,left-foot,assisted,sofascore
14288963,913728,Ivan Barbero,25777.0,27,9.3,41.2,0.044,miss,head,corner,sofascore
14288963,1196014,Antonis Papakanellos,3036.0,20,14.7,40.8,0.0478,block,left-foot,assisted,sofascore
14288963,1105857,Taichi Fukui,25777.0,12,21.5,33.7,0.0269,block,right-foot,set-piece,sofascore
14288963,973517,Alfonso Trezza,25777.0,8,12.6,59.7,0.1065,miss,right-foot,regular,sofascore
14288970,2033832,Davy Gui,190328.0,90,21.2,57.7,0.0274,miss,right-foot,corner,sofascore
14288970,1405454,Cédric Nuozzi,190328.0,90,4.8,62.4,0.076,block,right-foot,assisted,sofascore
14288970,1190120,Fabrício Garcia,190328.0,87,5.5,47.4,0.4367,goal,other,corner,sofascore
14288970,943595,Sydney van Hooijdonk,3035.0,81,11.4,50.0,0.7884,goal,right-foot,penalty,sofascore
14288970,1105790,Figueiredo,190328.0,58,8.0,53.2,0.439,save,right-foot,assisted,sofascore
14288970,1090646,Paulo Moreira,3035.0,40,27.9,49.9,0.0276,save,right-foot,assisted,sofascore
14288970,904849,Nabil Touaizi,190328.0,38,21.8,69.7,0.0301,save,left-foot,assisted,sofascore
14288970,125625,Sergi Gómez,190328.0,29,26.6,47.9,0.0231,block,right-foot,throw-in-set-piece,sofascore
14288970,1105790,Figueiredo,190328.0,23,8.2,62.4,0.034,save,head,corner,sofascore
14288970,801339,Rodrigo Pinho,3035.0,12,9.4,51.1,0.0635,block,head,assisted,sofascore
14288970,2037671,Alex Sola,3035.0,9,28.2,52.1,0.0185,miss,right-foot,assisted,sofascore
14288970,794928,Lincoln,190328.0,3,19.1,38.3,0.05,block,left-foot,regular,sofascore
14288970,1002565,Luan Patrick,3035.0,2,14.7,36.0,0.0298,block,right-foot,assisted,sofascore
14288964,1084746,Santi García,3010.0,90,10.1,48.0,0.108,goal,left-foot,regular,sofascore
14288964,1493216,Marcos Peña,49531.0,89,24.2,44.7,0.018,miss,right-foot,set-piece,sofascore
14288964,876255,Justin De Haas,49531.0,89,20.7,32.4,0.0589,post,left-foot,free-kick,sofascore
14288964,1097527,Luís Esteves,3010.0,87,22.3,39.0,0.0559,miss,right-foot,assisted,sofascore
14288964,1146305,Gustavo Varela,3010.0,84,2.9,55.4,0.4624,goal,right-foot,assisted,sofascore
14288964,1146305,Gustavo Varela,3010.0,80,11.6,45.8,0.4161,goal,left-foot,regular,sofascore
14288964,1138915,Zé Carlos,3010.0,74,19.0,20.5,0.0089,block,right-foot,regular,sofascore
14288964,1001662,Zé Carlos,3010.0,74,26.6,52.1,0.016,block,right-foot,assisted,sofascore
14288964,1146305,Gustavo Varela,3010.0,70,8.9,27.2,0.0269,save,right-foot,assisted,sofascore
14288964,1084746,Santi García,3010.0,69,22.2,46.2,0.0476,block,right-foot,assisted,sofascore
14288964,836676,Tom Van De Looi,49531.0,68,28.2,34.0,0.0141,miss,right-foot,set-piece,sofascore
14288964,1463265,Antoine Joujou,49531.0,67,13.3,31.4,0.0227,block,right-foot,assisted,sofascore
14288964,800348,Jonathan Buatu,3010.0,65,2.1,57.5,0.1872,miss,head,corner,sofascore
14288964,831781,Ghislain Konan,3010.0,65,30.0,39.3,0.0139,save,left-foot,regular,sofascore
14288964,1445615,Tidjany Touré,3010.0,58,14.2,18.7,0.0268,save,right-foot,assisted,sofascore
14288964,800348,Jonathan Buatu,3010.0,53,6.3,53.0,0.2259,goal,head,corner,sofascore
14288964,611880,Murilo,3010.0,44,11.5,50.0,0.7884,goal,left-foot,penalty,sofascore
14288964,1084746,Santi García,3010.0,25,15.6,28.9,0.029,miss,right-foot,throw-in-set-piece,sofascore
14288964,1084746,Santi García,3010.0,21,13.6,31.8,0.0134,save,left-foot,set-piece,sofascore
14288964,1404790,Carlos Eduardo,3010.0,7,4.9,50.1,0.2035,miss,head,corner,sofascore
14288964,1097527,Luís Esteves,3010.0,2,19.4,63.2,0.062,block,right-foot,assisted,sofascore
14288960,914213,Luis Javier Suárez,3001.0,90,7.0,45.7,0.2258,goal,left-foot,assisted,sofascore
14288960,830431,Francisco Trincão,3001.0,84,13.5,47.6,0.2247,block,left-foot,assisted,sofascore
14288960,1116982,Alan Núñez,3013.0,76,7.1,55.6,0.8706,goal,right-foot,fast-break,sofascore
14288960,1002819,Gabriel Veron,3013.0,76,13.1,29.1,0.0729,save,left-foot,fast-break,sofascore
14288960,895764,Pedro Gonçalves,3001.0,72,9.5,53.0,0.1398,goal,right-foot,regular,sofascore
14288960,830431,Francisco Trincão,3001.0,72,8.3,63.4,0.1455,save,left-foot,assisted,sofascore
14288960,344181,José Gomes,3013.0,72,17.8,30.5,0.0534,save,left-foot,assisted,sofascore
14288960,895764,Pedro Gonçalves,3001.0,68,13.3,61.5,0.1068,miss,left-foot,assisted,sofascore
14288960,989841,Eduardo Quaresma,3001.0,57,9.2,44.3,0.0333,miss,head,corner,sofascore
14288960,929193,Maximiliano Araújo,3001.0,57,20.3,71.4,0.05,save,left-foot,free-kick,sofascore
14288960,1464248,Luis Guilherme,3001.0,50,7.4,39.5,0.0914,block,left-foot,regular,sofascore
14288960,929193,Maximiliano Araújo,3001.0,48,13.9,35.0,0.0691,miss,left-foot,assisted,sofascore
14288960,914213,Luis Javier Suárez,3001.0,45,10.1,46.2,0.3835,save,left-foot,assisted,sofascore
14288960,895764,Pedro Gonçalves,3001.0,40,18.8,50.1,0.0484,save,left-foot,assisted,sofascore
14288960,929193,Maximiliano Araújo,3001.0,36,23.0,62.6,0.0306,save,right-foot,regular,sofascore
14288960,1001140,Geny Catamo,3001.0,36,23.2,56.4,0.0258,block,left-foot,corner,sofascore
14288960,1112474,Ze Vitor,3013.0,27,14.6,49.3,0.0167,block,head,throw-in-set-piece,sofascore
14288960,1464248,Luis Guilherme,3001.0,25,18.3,28.3,0.0199,miss,right-foot,corner,sofascore
14288960,914213,Luis Javier Suárez,3001.0,24,8.3,48.8,0.133,miss,head,assisted,sofascore
14288960,1394342,Ousmane Diomande,3001.0,20,8.1,54.0,0.0689,miss,head,corner,sofascore
14288960,1002819,Gabriel Veron,3013.0,12,9.8,55.3,0.3561,save,right-foot,fast-break,sofascore
14288966,2163561,Anísio Cabral,3006.0,90,7.9,57.0,0.1188,save,left-foot,throw-in-set-piece,sofascore
14288966,993101,Samuel Dahl,3006.0,90,20.4,38.6,0.0262,miss,left-foot,assisted,sofascore
14288966,97012,Bruma,3006.0,89,15.3,35.2,0.0558,block,left-foot,corner,sofascore
14288966,795236,Vangelis Pavlidis,3006.0,82,1.4,50.9,0.6371,miss,head,regular,sofascore
14288966,228364,Fredrik Aursnes,3006.0,82,8.0,31.7,0.0858,save,left-foot,assisted,sofascore
14288966,1117723,Sidny Lopes Cabral,3006.0,75,11.3,67.2,0.029,miss,right-foot,assisted,sofascore
14288966,228364,Fredrik Aursnes,3006.0,74,4.4,43.3,0.157,save,right-foot,assisted,sofascore
14288966,1117723,Sidny Lopes Cabral,3006.0,72,24.1,30.1,0.0367,block,right-foot,free-kick,sofascore
14288966,1201395,Gianluca Prestianni,3006.0,68,18.3,55.7,0.067,miss,left-foot,assisted,sofascore
14288966,795236,Vangelis Pavlidis,3006.0,65,4.9,56.3,0.1355,miss,head,assisted,sofascore
14288966,74915,Nicolás Otamendi,3006.0,64,9.2,45.5,0.0438,miss,head,corner,sofascore
14288966,1201395,Gianluca Prestianni,3006.0,62,21.4,40.6,0.0254,block,right-foot,assisted,sofascore
14288966,1100952,Andreas Schjelderup,3006.0,59,6.0,40.3,0.1482,save,right-foot,assisted,sofascore
14288966,1201395,Gianluca Prestianni,3006.0,58,10.1,62.4,0.0903,miss,right-foot,assisted,sofascore
14288966,74915,Nicolás Otamendi,3006.0,55,13.8,47.2,0.0111,block,head,corner,sofascore
14288966,1201395,Gianluca Prestianni,3006.0,54,15.8,28.9,0.0436,save,right-foot,assisted,sofascore
14288966,988882,Joe Hodge,38396.0,50,26.5,32.9,0.0211,miss,right-foot,assisted,sofascore
14288966,788786,Jordan Siebatcheu,38396.0,50,4.5,59.9,0.0904,miss,right-foot,assisted,sofascore
14288966,1961109,Daniel Banjaqui,3006.0,43,20.9,65.4,0.0295,save,right-foot,regular,sofascore
14288966,74915,Nicolás Otamendi,3006.0,37,10.1,53.2,0.036,block,head,corner,sofascore
14288966,1123925,Georgiy Sudakov,3006.0,37,19.2,35.8,0.0421,block,right-foot,assisted,sofascore
14288966,795236,Vangelis Pavlidis,3006.0,34,10.5,50.7,0.1203,save,right-foot,assisted,sofascore
14288966,1201395,Gianluca Prestianni,3006.0,33,13.0,62.4,0.0907,save,right-foot,regular,sofascore
14288966,74915,Nicolás Otamendi,3006.0,31,25.2,39.2,0.0251,miss,right-foot,assisted,sofascore
14288966,1136902,Makan Aïko,38396.0,27,24.7,40.1,0.0249,miss,right-foot,regular,sofascore
14288966,788786,Jordan Siebatcheu,38396.0,26,4.5,55.2,0.2748,post,right-foot,regular,sofascore
14288966,1201395,Gianluca Prestianni,3006.0,21,24.3,57.9,0.0191,miss,right-foot,assisted,sofascore
14288966,1100952,Andreas Schjelderup,3006.0,15,18.8,31.3,0.0247,block,right-foot,corner,sofascore
14288966,945121,Rodrigo Conceição,38396.0,12,18.8,51.1,0.0458,save,right-foot,set-piece,sofascore
14288966,788786,Jordan Siebatcheu,38396.0,5,23.8,43.0,0.0205,miss,left-foot,assisted,sofascore
14288968,1133063,Tunde Akinsola,483088.0,90,12.9,72.0,0.0301,save,left-foot,assisted,sofascore
14288968,1031567,Pau Víctor,2999.0,88,4.2,55.0,0.4988,save,right-foot,assisted,sofascore
14288968,44685,Nenê,483088.0,85,1.4,57.0,0.4075,miss,right-foot,assisted,sofascore
14288968,126076,Tomané,483088.0,85,6.4,43.7,0.0899,miss,head,assisted,sofascore
14288968,1031567,Pau Víctor,2999.0,83,5.5,49.9,0.4139,goal,right-foot,assisted,sofascore
14288968,1031567,Pau Víctor,2999.0,80,10.7,49.0,0.4332,goal,right-foot,assisted,sofascore
14288968,6562,João Moutinho,2999.0,74,10.0,54.5,0.0317,save,other,corner,sofascore
14288968,1134430,Gabriel Martínez,2999.0,72,13.1,46.5,0.1871,save,right-foot,assisted,sofascore
14288968,1031567,Pau Víctor,2999.0,55,18.5,47.3,0.088,miss,right-foot,assisted,sofascore
14288968,1133063,Tunde Akinsola,483088.0,54,25.9,70.1,0.0144,save,left-foot,assisted,sofascore
14288968,1133063,Tunde Akinsola,483088.0,52,14.2,66.9,0.0278,miss,left-foot,assisted,sofascore
14288968,1185986,Óscar Perea,483088.0,43,9.9,46.2,0.1076,block,right-foot,assisted,sofascore
14288968,1031567,Pau Víctor,2999.0,41,9.8,35.3,0.1152,save,left-foot,assisted,sofascore
14288968,966575,Rodrigo Zalazar,2999.0,30,16.4,53.0,0.0507,goal,right-foot,corner,sofascore
14288968,344199,Rúben Semedo,483088.0,25,10.9,46.2,0.0575,save,head,set-piece,sofascore
14288968,1067648,Pedro Lima,483088.0,14,22.5,48.1,0.0474,miss,right-foot,assisted,sofascore
14288968,314380,Ricardo Horta,2999.0,7,13.7,51.2,0.1388,goal,right-foot,assisted,sofascore
14288969,983537,Rafael Brito,36365.0,90,26.9,61.5,0.0149,block,right-foot,set-piece,sofascore
14288969,1012448,Claudio Mendes,36365.0,90,12.4,63.0,0.2066,save,left-foot,assisted,sofascore
14288969,985138,Francisco Moura,3002.0,87,22.0,52.7,0.0663,block,left-foot,set-piece,sofascore
14288969,1010505,Gabri Veiga,3002.0,87,19.2,50.5,0.1413,block,right-foot,free-kick,sofascore
14288969,1012448,Claudio Mendes,36365.0,85,26.7,69.6,0.0138,miss,left-foot,throw-in-set-piece,sofascore
14288969,804472,Pablo Rosario,3002.0,75,3.3,48.3,0.2652,miss,head,corner,sofascore
14288969,1407720,Deniz Gül,3002.0,74,3.3,35.9,0.0526,save,right-foot,regular,sofascore
14288969,1503836,Samu Aghehowa,3002.0,64,9.0,45.5,0.0594,miss,head,assisted,sofascore
14288969,1010505,Gabri Veiga,3002.0,63,15.3,43.6,0.1268,save,right-foot,assisted,sofascore
14288969,804472,Pablo Rosario,3002.0,55,6.8,57.7,0.0525,miss,head,corner,sofascore
14288969,33541,Thiago Silva,3002.0,55,7.8,56.8,0.0646,save,right-foot,corner,sofascore
14288969,804472,Pablo Rosario,3002.0,46,14.2,53.2,0.2026,goal,right-foot,assisted,sofascore
14288969,33541,Thiago Silva,36365.0,45,9.4,49.1,0.0,goal,right-foot,set-piece,sofascore
14288969,804472,Pablo Rosario,3002.0,43,6.9,52.6,0.1246,block,head,assisted,sofascore
14288969,992567,Borja Sainz,3002.0,38,24.8,43.4,0.0257,block,right-foot,assisted,sofascore
14288969,1066560,Alan Varela,3002.0,36,27.4,40.1,0.0191,post,right-foot,assisted,sofascore
14288969,1010505,Gabri Veiga,3002.0,35,12.0,60.9,0.192,save,right-foot,assisted,sofascore
14288969,992567,Borja Sainz,3002.0,30,5.5,48.3,0.2589,save,right-foot,regular,sofascore
14288969,826054,Jérémy Livolant,36365.0,23,65.3,52.3,0.0115,miss,right-foot,fast-break,sofascore
14288969,992567,Borja Sainz,3002.0,18,20.8,44.7,0.0312,block,right-foot,assisted,sofascore
14288969,849719,Gaizka Larrazabal,36365.0,12,3.0,56.2,0.6626,goal,right-foot,assisted,sofascore
14288982,989385,Welinton Torrao,3011.0,90,8.8,45.6,0.1395,miss,head,assisted,sofascore
14288982,138890,Gonçalo Paciência,3011.0,90,21.9,29.9,0.0204,block,right-foot,assisted,sofascore
14288982,910316,Ianis Stoica,3035.0,90,13.0,58.5,0.3337,save,right-foot,fast-break,sofascore
14288982,1799251,Brenner,3011.0,89,18.5,53.8,0.0368,block,right-foot,regular,sofascore
14288982,138890,Gonçalo Paciência,3011.0,89,12.2,40.6,0.1461,save,left-foot,assisted,sofascore
14288982,254815,Frederico Venâncio,3011.0,82,9.8,53.4,0.0685,save,head,set-piece,sofascore
14288982,989385,Welinton Torrao,3011.0,81,4.9,38.2,0.0264,block,head,corner,sofascore
14288982,138890,Gonçalo Paciência,3011.0,81,11.0,41.9,0.084,block,left-foot,assisted,sofascore
14288982,1799251,Brenner,3011.0,73,10.5,74.9,0.0225,miss,right-foot,assisted,sofascore
14288982,910316,Ianis Stoica,3035.0,71,7.9,67.9,0.0389,block,left-foot,assisted,sofascore
14288982,138890,Gonçalo Paciência,3011.0,68,15.2,60.9,0.0383,save,left-foot,assisted,sofascore
14288982,991358,Lucas Soares,3011.0,64,12.8,65.3,0.0507,miss,right-foot,assisted,sofascore
14288982,845802,Jovane Cabral,3035.0,59,6.8,52.5,0.1273,goal,head,assisted,sofascore
14288982,1017590,Bernardo Schappo,3035.0,58,30.9,49.3,0.0159,save,left-foot,assisted,sofascore
14288982,1001753,Vinícius Lopes,3011.0,57,8.2,44.7,0.1255,miss,right-foot,regular,sofascore
14288982,1090543,Abraham Marcus,3035.0,49,14.1,64.4,0.0566,post,left-foot,assisted,sofascore
14288982,937265,Wendel,3011.0,49,8.6,35.8,0.0526,save,left-foot,assisted,sofascore
14288982,1046794,Gabriel Silva,3011.0,44,30.9,39.1,0.0333,miss,right-foot,assisted,sofascore
14288982,2058164,Robinho,3035.0,43,18.5,37.6,0.0142,block,right-foot,corner,sofascore
14288982,845802,Jovane Cabral,3035.0,35,23.3,40.5,0.0651,miss,right-foot,free-kick,sofascore
14288982,1090543,Abraham Marcus,3035.0,32,27.9,63.8,0.0203,miss,left-foot,regular,sofascore
14288982,2058164,Robinho,3035.0,19,24.4,60.3,0.0297,block,right-foot,assisted,sofascore
14288982,1001753,Vinícius Lopes,3011.0,13,12.9,73.2,0.0294,save,right-foot,assisted,sofascore
14288982,1046794,Gabriel Silva,3011.0,12,3.4,43.9,0.1527,miss,head,corner,sofascore
14288982,845802,Jovane Cabral,3035.0,11,8.2,49.3,0.2131,miss,head,assisted,sofascore
14288982,1162051,Gustavo Klismahn,3011.0,7,30.8,40.0,0.0152,miss,left-foot,assisted,sofascore
14288982,2058164,Robinho,3035.0,4,21.6,74.7,0.0159,miss,right-foot,throw-in-set-piece,sofascore
14288982,1046794,Gabriel Silva,3011.0,1,2.5,40.3,0.2145,post,left-foot,assisted,sofascore
14288981,1146305,Gustavo Varela,3010.0,90,11.0,54.0,0.0634,miss,head,fast-break,sofascore
14288981,352448,Héctor Hernández,3010.0,88,3.9,55.2,0.4409,goal,head,throw-in-set-piece,sofascore
14288981,1084746,Santi García,3010.0,84,5.5,55.4,0.2626,save,head,corner,sofascore
14288981,800348,Jonathan Buatu,3010.0,82,8.7,50.5,0.1206,block,head,throw-in-set-piece,sofascore
14288981,800348,Jonathan Buatu,3010.0,77,4.9,58.5,0.0774,miss,head,corner,sofascore
14288981,1146305,Gustavo Varela,3010.0,73,11.0,46.8,0.1703,miss,right-foot,regular,sofascore
14288981,1142578,Diogo Travassos,3014.0,67,27.5,57.7,0.0233,goal,right-foot,set-piece,sofascore
14288981,1115751,Luís Semedo,3014.0,67,8.2,46.8,0.0746,block,head,set-piece,sofascore
14288981,611880,Murilo,3010.0,64,20.4,74.1,0.0348,save,left-foot,assisted,sofascore
14288981,1084746,Santi García,3010.0,58,20.7,44.7,0.0342,block,left-foot,assisted,sofascore
14288981,1146305,Gustavo Varela,3010.0,57,9.1,45.4,0.132,block,right-foot,regular,sofascore
14288981,1032547,Joelson Fernandes,3010.0,57,5.2,38.2,0.0494,block,head,assisted,sofascore
14288981,1084746,Santi García,3010.0,51,9.4,52.1,0.0883,block,right-foot,assisted,sofascore
14288981,1445615,Tidjany Touré,3010.0,47,14.9,59.8,0.0874,miss,right-foot,regular,sofascore
14288981,611880,Murilo,3010.0,43,11.5,50.0,0.7884,goal,left-foot,penalty,sofascore
14288981,1471229,Landerson,3014.0,34,16.1,31.5,0.0218,block,right-foot,set-piece,sofascore
14288981,1445615,Tidjany Touré,3010.0,17,14.7,30.1,0.0359,block,right-foot,assisted,sofascore
14288981,1084746,Santi García,3010.0,14,28.2,49.5,0.0187,miss,right-foot,assisted,sofascore
14288984,945121,Rodrigo Conceição,38396.0,90,12.3,30.4,0.0492,save,right-foot,fast-break,sofascore
14288984,930246,Yanis Begraoui,4500.0,86,8.3,70.3,0.0206,miss,right-foot,regular,sofascore
14288984,1513647,Peixinho,4500.0,76,8.8,48.3,0.1278,miss,left-foot,assisted,sofascore
14288984,930246,Yanis Begraoui,4500.0,71,20.1,71.1,0.0303,miss,left-foot,throw-in-set-piece,sofascore
14288984,986726,Ricard Sánchez,4500.0,68,11.5,66.8,0.0317,save,right-foot,assisted,sofascore
14288984,986726,Ricard Sánchez,4500.0,64,18.5,67.7,0.0246,miss,right-foot,corner,sofascore
14288984,822684,Siphephelo Sithole,38396.0,62,22.2,54.0,0.0162,miss,left-foot,corner,sofascore
14288984,826210,Rafik Guitane,4500.0,61,13.0,63.6,0.0757,save,left-foot,regular,sofascore
14288984,930246,Yanis Begraoui,4500.0,56,10.1,67.7,0.0354,miss,left-foot,assisted,sofascore
14288984,1187281,Brayan Medina,38396.0,43,10.2,36.4,0.0235,save,head,throw-in-set-piece,sofascore
14288984,826210,Rafik Guitane,4500.0,41,20.9,64.5,0.0311,save,left-foot,assisted,sofascore
14288984,826210,Rafik Guitane,4500.0,32,27.4,49.1,0.0195,miss,left-foot,assisted,sofascore
14288984,357734,Ferro,4500.0,29,5.2,51.0,0.1859,goal,head,corner,sofascore
14288984,548044,João Carvalho,4500.0,26,9.7,30.1,0.0471,goal,right-foot,assisted,sofascore
14288984,834247,Pedro Amaral,4500.0,21,31.8,33.0,0.0126,save,left-foot,set-piece,sofascore
14288984,879917,Maranhão,38396.0,16,12.7,66.6,0.2846,goal,right-foot,assisted,sofascore
14288984,986726,Ricard Sánchez,4500.0,15,17.2,73.0,0.0142,block,right-foot,assisted,sofascore
14288984,548044,João Carvalho,4500.0,15,28.9,26.5,0.0146,block,right-foot,assisted,sofascore
14288984,879917,Maranhão,38396.0,12,1.1,52.6,0.9453,goal,right-foot,assisted,sofascore
14288984,879917,Maranhão,38396.0,6,15.2,68.1,0.0376,save,right-foot,assisted,sofascore
14288984,929894,Alejandro Marqués,4500.0,5,14.4,46.3,0.0685,miss,right-foot,assisted,sofascore
14288986,1468082,Gustavo Silva,3009.0,90,8.6,36.8,0.0696,block,left-foot,assisted,sofascore
14288986,1133568,João Mendes,3009.0,78,25.9,35.6,0.0141,miss,left-foot,corner,sofascore
14288986,1191120,Hyun-ju Lee,25777.0,74,7.1,50.9,0.715,goal,right-foot,regular,sofascore
14288986,973517,Alfonso Trezza,25777.0,74,25.1,48.1,0.0263,save,right-foot,assisted,sofascore
14288986,913728,Ivan Barbero,25777.0,72,14.2,49.1,0.0258,save,head,assisted,sofascore
14288986,955133,Naïs Djouahra,25777.0,71,12.6,31.5,0.0641,miss,right-foot,assisted,sofascore
14288986,1468082,Gustavo Silva,3009.0,69,14.4,50.3,0.0837,save,right-foot,corner,sofascore
14288986,1434543,Diogo Sousa,3009.0,68,14.4,30.3,0.0336,save,left-foot,assisted,sofascore
14288986,913728,Ivan Barbero,25777.0,56,5.1,55.6,0.2134,goal,head,corner,sofascore
14288986,42898,Nélson Oliveira,3009.0,54,23.4,56.4,0.0342,miss,left-foot,assisted,sofascore
14288986,1105857,Taichi Fukui,25777.0,53,27.9,39.1,0.0215,miss,right-foot,assisted,sofascore
14288986,973517,Alfonso Trezza,25777.0,50,12.9,53.8,0.0803,miss,right-foot,throw-in-set-piece,sofascore
14288986,1126965,Espen Van Ee,25777.0,50,14.3,65.3,0.0321,block,left-foot,throw-in-set-piece,sofascore
14288986,973517,Alfonso Trezza,25777.0,45,13.4,42.3,0.5307,goal,left-foot,assisted,sofascore
14288986,955133,Naïs Djouahra,25777.0,44,13.8,25.7,0.0262,save,right-foot,assisted,sofascore
14288986,42898,Nélson Oliveira,3009.0,32,25.3,47.7,0.0327,save,left-foot,fast-break,sofascore
14288986,1563640,Oumar Camara,3009.0,30,9.5,38.0,0.3719,goal,right-foot,assisted,sofascore
14288986,1002367,Beni Mukendi,3009.0,28,21.3,40.9,0.0396,block,left-foot,assisted,sofascore
14288986,1434543,Diogo Sousa,3009.0,26,16.3,51.7,0.0368,post,right-foot,corner,sofascore
14288986,1153328,Noah Saviolo,3009.0,26,5.1,51.1,0.7353,goal,head,corner,sofascore
14288986,846416,Rodrigo Abascal,3009.0,26,8.9,43.6,0.0769,block,left-foot,corner,sofascore
14288986,42898,Nélson Oliveira,3009.0,25,10.2,43.4,0.142,block,left-foot,regular,sofascore
14288986,1563640,Oumar Camara,3009.0,25,5.4,70.1,0.0583,save,right-foot,assisted,sofascore
14288986,785808,Samu,3009.0,19,12.0,38.8,0.0547,block,left-foot,throw-in-set-piece,sofascore
14288977,849719,Gaizka Larrazabal,36365.0,86,22.8,29.9,0.0485,block,right-foot,free-kick,sofascore
14288977,1112474,Ze Vitor,3013.0,80,8.0,57.2,0.1309,miss,head,set-piece,sofascore
14288977,157023,Cassiano,36365.0,76,15.1,56.6,0.07,save,right-foot,assisted,sofascore
14288977,912781,Paulinho Bóia,3013.0,75,17.8,71.6,0.0297,save,right-foot,fast-break,sofascore
14288977,1002819,Gabriel Veron,3013.0,74,18.9,54.6,0.0598,miss,right-foot,assisted,sofascore
14288977,1002819,Gabriel Veron,3013.0,68,18.4,61.4,0.0226,block,right-foot,corner,sofascore
14288977,912781,Paulinho Bóia,3013.0,65,22.5,33.8,0.0217,miss,right-foot,assisted,sofascore
14288977,987597,Jesús Ramírez,3013.0,60,25.7,57.9,0.0281,miss,right-foot,assisted,sofascore
14288977,902051,Miguel Baeza,3013.0,56,23.1,37.4,0.0128,block,left-foot,corner,sofascore
14288977,1002819,Gabriel Veron,3013.0,53,13.2,68.4,0.0288,miss,right-foot,corner,sofascore
14288977,1020610,Matheus Dias,3013.0,53,6.7,45.0,0.0969,block,head,corner,sofascore
14288977,987597,Jesús Ramírez,3013.0,48,8.3,56.4,0.0402,miss,head,corner,sofascore
14288977,987597,Jesús Ramírez,3013.0,44,8.9,47.9,0.0829,save,right-foot,corner,sofascore
14288977,1112474,Ze Vitor,3013.0,44,14.2,49.1,0.011,block,head,corner,sofascore
14288977,344181,José Gomes,3013.0,43,9.5,42.8,0.0448,post,left-foot,corner,sofascore
14288977,987597,Jesús Ramírez,3013.0,42,13.4,53.0,0.0216,save,head,throw-in-set-piece,sofascore
14288977,822510,Liziero,3013.0,41,22.5,48.1,0.0378,miss,left-foot,regular,sofascore
14288977,157023,Cassiano,36365.0,38,13.7,31.8,0.0406,save,right-foot,assisted,sofascore
14288977,1116982,Alan Núñez,3013.0,31,26.3,49.5,0.0274,miss,left-foot,throw-in-set-piece,sofascore
14288977,851276,Abdu Conté,36365.0,29,19.5,47.0,0.0425,miss,left-foot,corner,sofascore
14288977,157023,Cassiano,36365.0,29,3.5,67.3,0.0114,block,right-foot,throw-in-set-piece,sofascore
14288977,157023,Cassiano,36365.0,27,4.9,45.9,0.2133,miss,head,assisted,sofascore
14288977,912781,Paulinho Bóia,3013.0,26,24.3,43.2,0.0674,save,right-foot,fast-break,sofascore
14288977,822510,Liziero,3013.0,23,20.1,41.7,0.0603,miss,left-foot,assisted,sofascore
14288977,822509,Léo Santos,3013.0,21,7.7,51.5,0.3513,miss,head,assisted,sofascore
14288977,892170,Lawrence Ofori,36365.0,14,20.6,62.6,0.0438,miss,right-foot,assisted,sofascore
14288977,849719,Gaizka Larrazabal,36365.0,12,23.8,65.6,0.0311,save,right-foot,assisted,sofascore
14288977,822510,Liziero,3013.0,7,24.8,56.2,0.0683,block,left-foot,free-kick,sofascore
14288977,157023,Cassiano,36365.0,1,16.3,22.9,0.0188,miss,right-foot,regular,sofascore
14288989,314380,Ricardo Horta,2999.0,90,12.0,43.9,0.5371,goal,right-foot,assisted,sofascore
14288989,1393242,Tamás Nikitscher,3036.0,80,23.6,46.9,0.0221,block,left-foot,regular,sofascore
14288989,314380,Ricardo Horta,2999.0,73,5.0,51.2,0.6936,goal,right-foot,assisted,sofascore
14288989,946909,Georgios Liavas,3036.0,68,27.2,31.2,0.0135,miss,right-foot,assisted,sofascore
14288989,1134430,Gabriel Martínez,2999.0,63,6.4,29.1,0.0217,save,right-foot,assisted,sofascore
14288989,966575,Rodrigo Zalazar,2999.0,59,9.6,65.7,0.0172,block,right-foot,corner,sofascore
14288989,1031567,Pau Víctor,2999.0,58,10.0,44.3,0.1483,block,right-foot,fast-break,sofascore
14288989,186719,Florian Grillitsch,2999.0,46,20.0,46.6,0.0475,miss,right-foot,assisted,sofascore
14288989,1134430,Gabriel Martínez,2999.0,46,3.9,39.4,0.2429,save,left-foot,assisted,sofascore
14288989,314380,Ricardo Horta,2999.0,45,26.2,45.9,0.0613,save,right-foot,free-kick,sofascore
14288989,892483,Omar Richards,3036.0,42,21.8,35.7,0.0133,miss,left-foot,corner,sofascore
14288989,1196014,Antonis Papakanellos,3036.0,40,20.0,51.3,0.0539,block,right-foot,set-piece,sofascore
14288989,966575,Rodrigo Zalazar,2999.0,38,26.6,58.0,0.0469,block,right-foot,free-kick,sofascore
14288989,966575,Rodrigo Zalazar,2999.0,34,24.0,74.2,0.0119,miss,right-foot,corner,sofascore
14288989,877918,Victor Gómez,2999.0,31,21.0,74.0,0.0123,block,right-foot,assisted,sofascore
14288989,314380,Ricardo Horta,2999.0,17,10.0,41.9,0.5097,post,left-foot,assisted,sofascore
14288989,997173,Bright Arrey-Mbi,2999.0,17,24.0,31.8,0.0282,block,left-foot,assisted,sofascore
14288989,1176881,Diogo Bezerra,3036.0,12,29.1,36.7,0.0141,save,right-foot,regular,sofascore
14288989,1134430,Gabriel Martínez,2999.0,8,19.0,35.2,0.0378,save,right-foot,set-piece,sofascore
14288989,186719,Florian Grillitsch,2999.0,4,9.9,53.6,0.4038,goal,right-foot,assisted,sofascore
14288989,892483,Omar Richards,3036.0,1,15.7,37.6,0.0166,save,head,regular,sofascore
14288979,97012,Bruma,3006.0,90,26.3,36.6,0.0465,miss,right-foot,free-kick,sofascore
14288979,2163561,Anísio Cabral,3006.0,86,10.1,50.9,0.0524,goal,head,assisted,sofascore
14288979,1168617,Mathis Clairicia,190328.0,84,13.6,62.0,0.1104,block,right-foot,fast-break,sofascore
14288979,1201395,Gianluca Prestianni,3006.0,81,13.3,69.0,0.051,miss,right-foot,assisted,sofascore
14288979,1105790,Figueiredo,190328.0,80,13.3,33.1,0.038,block,right-foot,assisted,sofascore
14288979,1123925,Georgiy Sudakov,3006.0,79,9.8,37.2,0.085,save,right-foot,set-piece,sofascore
14288979,1201395,Gianluca Prestianni,3006.0,76,6.4,65.4,0.1204,save,right-foot,fast-break,sofascore
14288979,252577,Rafa Silva,3006.0,74,11.3,44.4,0.0885,miss,right-foot,assisted,sofascore
14288979,74915,Nicolás Otamendi,3006.0,73,9.1,38.2,0.0175,miss,head,set-piece,sofascore
14288979,1201395,Gianluca Prestianni,3006.0,69,14.7,43.0,0.0548,save,right-foot,assisted,sofascore
14288979,74915,Nicolás Otamendi,3006.0,67,10.6,47.4,0.0285,miss,head,corner,sofascore
14288979,1100952,Andreas Schjelderup,3006.0,59,25.9,36.0,0.0427,block,right-foot,free-kick,sofascore
14288979,1201395,Gianluca Prestianni,3006.0,58,18.8,63.8,0.0226,save,left-foot,assisted,sofascore
14288979,795236,Vangelis Pavlidis,3006.0,55,8.2,49.5,0.2402,miss,head,assisted,sofascore
14288979,228364,Fredrik Aursnes,3006.0,55,18.4,32.0,0.0246,block,right-foot,corner,sofascore
14288979,1117723,Sidny Lopes Cabral,3006.0,52,19.7,62.0,0.0463,miss,left-foot,assisted,sofascore
14288979,252577,Rafa Silva,3006.0,51,14.5,62.1,0.0376,miss,right-foot,assisted,sofascore
14288979,252577,Rafa Silva,3006.0,50,6.5,60.1,0.0715,block,right-foot,assisted,sofascore
14288979,228364,Fredrik Aursnes,3006.0,45,25.4,37.4,0.03,block,right-foot,assisted,sofascore
14288979,1100952,Andreas Schjelderup,3006.0,45,20.6,43.0,0.0304,block,right-foot,corner,sofascore
14288979,1117723,Sidny Lopes Cabral,3006.0,45,26.9,43.6,0.0406,block,right-foot,free-kick,sofascore
14288979,1167068,Kaiky Naves,190328.0,44,29.7,55.0,0.0148,save,right-foot,assisted,sofascore
14288979,795236,Vangelis Pavlidis,3006.0,37,23.8,46.0,0.047,save,right-foot,assisted,sofascore
14288979,906800,Leandro Barreiro,3006.0,32,8.3,41.2,0.0241,block,head,corner,sofascore
14288979,1105790,Figueiredo,190328.0,30,6.9,49.2,0.5887,goal,right-foot,assisted,sofascore
14288979,1117723,Sidny Lopes Cabral,3006.0,26,21.8,69.5,0.0201,save,left-foot,assisted,sofascore
14288979,1100952,Andreas Schjelderup,3006.0,26,2.6,33.6,0.0333,block,right-foot,assisted,sofascore
14288979,1405973,Bastien Meupiyou,190328.0,24,4.9,55.6,0.2274,miss,head,corner,sofascore
14288979,1100952,Andreas Schjelderup,3006.0,16,3.2,43.8,0.4742,goal,right-foot,regular,sofascore
14288979,252577,Rafa Silva,3006.0,16,18.8,62.8,0.0501,save,right-foot,assisted,sofascore
14288979,228364,Fredrik Aursnes,3006.0,15,15.6,50.5,0.1031,miss,left-foot,assisted,sofascore
14288979,1105790,Figueiredo,190328.0,6,24.4,70.7,0.0261,miss,right-foot,assisted,sofascore
14288979,1100952,Andreas Schjelderup,3006.0,2,11.0,34.8,0.0391,save,right-foot,assisted,sofascore
14288974,1002443,Gustavo García,49531.0,86,21.0,67.5,0.0089,miss,right-foot,corner,sofascore
14288974,1105595,Sorriso,49531.0,85,8.9,41.9,0.5869,save,left-foot,assisted,sofascore
14288974,583838,Gil Dias,49531.0,72,14.1,34.2,0.0278,block,left-foot,assisted,sofascore
14288974,2194737,Umar Abubakar,49531.0,67,4.9,46.2,0.8488,goal,left-foot,assisted,sofascore
14288974,2194737,Umar Abubakar,49531.0,65,3.6,35.8,0.1499,save,left-foot,assisted,sofascore
14288974,1463265,Antoine Joujou,49531.0,63,11.0,72.4,0.0202,goal,right-foot,assisted,sofascore
14288974,1046440,Roni,483088.0,61,19.5,58.7,0.0548,block,right-foot,throw-in-set-piece,sofascore
14288974,1067648,Pedro Lima,483088.0,61,14.1,53.0,0.1046,miss,left-foot,throw-in-set-piece,sofascore
14288974,1003071,Diego Duarte,483088.0,61,14.5,47.0,0.097,miss,right-foot,throw-in-set-piece,sofascore
14288974,1563665,Gustavo Sá,49531.0,59,5.2,53.8,0.1475,miss,head,corner,sofascore
14288974,876255,Justin De Haas,49531.0,55,8.8,52.8,0.2642,goal,right-foot,set-piece,sofascore
14288974,1003071,Diego Duarte,483088.0,51,9.1,64.6,0.2164,goal,right-foot,assisted,sofascore
14288974,2194737,Umar Abubakar,49531.0,47,3.5,58.1,0.1295,save,left-foot,regular,sofascore
14288974,1463265,Antoine Joujou,49531.0,47,11.2,57.4,0.0874,block,right-foot,assisted,sofascore
14288974,1133063,Tunde Akinsola,483088.0,45,24.0,61.5,0.0212,miss,left-foot,set-piece,sofascore
14288974,2194737,Umar Abubakar,49531.0,44,3.0,66.0,0.0512,miss,right-foot,assisted,sofascore
14288974,126076,Tomané,483088.0,42,20.3,57.9,0.0573,block,right-foot,regular,sofascore
14288974,836676,Tom Van De Looi,49531.0,39,24.3,62.2,0.0161,block,right-foot,assisted,sofascore
14288974,1133063,Tunde Akinsola,483088.0,35,27.8,44.4,0.0087,miss,left-foot,corner,sofascore
14288974,1102988,Pedro Bondo,49531.0,33,20.0,42.3,0.0181,miss,left-foot,corner,sofascore
14288974,1105595,Sorriso,49531.0,3,25.7,37.8,0.0138,block,right-foot,set-piece,sofascore
14288988,914213,Luis Javier Suárez,3001.0,90,11.5,50.0,0.7884,save,right-foot,penalty,sofascore
14288988,859917,Morten Hjulmand,3001.0,90,13.5,54.6,0.1258,block,right-foot,corner,sofascore
14288988,830431,Francisco Trincão,3001.0,90,18.8,45.4,0.0786,block,left-foot,assisted,sofascore
14288988,1001196,Gonçalo Inácio,3001.0,90,9.4,49.1,0.086,block,left-foot,corner,sofascore
14288988,1394342,Ousmane Diomande,3001.0,90,10.7,47.0,0.0275,block,head,corner,sofascore
14288988,1464248,Luis Guilherme,3001.0,88,15.6,73.8,0.0325,miss,left-foot,assisted,sofascore
14288988,830431,Francisco Trincão,3001.0,82,16.1,73.4,0.0261,miss,left-foot,assisted,sofascore
14288988,1407720,Deniz Gül,3002.0,76,8.9,44.2,0.2203,block,right-foot,regular,sofascore
14288988,191188,Seko Fofana,3002.0,76,10.7,49.8,0.1593,block,left-foot,regular,sofascore
14288988,1160957,Alberto Costa,3002.0,76,7.7,59.6,0.0894,block,right-foot,assisted,sofascore
14288988,1406639,Victor Froholdt,3002.0,76,23.2,59.9,0.0275,block,right-foot,regular,sofascore
14288988,191188,Seko Fofana,3002.0,72,16.0,37.8,0.0411,block,left-foot,throw-in-set-piece,sofascore
14288988,1167818,Iván Fresneda,3001.0,57,17.8,61.3,0.0528,save,left-foot,assisted,sofascore
14288988,1160957,Alberto Costa,3002.0,38,26.5,66.4,0.0152,miss,left-foot,assisted,sofascore
14288988,1001140,Geny Catamo,3001.0,24,12.5,73.6,0.0355,miss,left-foot,fast-break,sofascore
14288988,1066560,Alan Varela,3002.0,20,18.5,45.7,0.0799,miss,right-foot,assisted,sofascore
14131988,912781,Paulinho Bóia,3013.0,90,25.4,38.5,0.0214,miss,right-foot,assisted,sofascore
14131988,1011997,Chiheb Labidi,3013.0,90,24.0,55.6,0.0288,miss,left-foot,assisted,sofascore
14131988,987597,Jesús Ramírez,3013.0,86,11.0,34.3,0.1958,save,left-foot,fast-break,sofascore
14131988,942907,Jordi Escobar,483088.0,85,14.5,41.5,0.0331,block,right-foot,assisted,sofascore
14131988,253837,Lucas João,3013.0,83,15.0,46.8,0.021,miss,head,assisted,sofascore
14131988,822510,Liziero,3013.0,81,25.9,57.7,0.0111,save,left-foot,regular,sofascore
14131988,126076,Tomané,483088.0,79,12.2,41.1,0.0783,miss,right-foot,set-piece,sofascore
14131988,1133063,Tunde Akinsola,483088.0,78,18.3,36.8,0.0461,block,left-foot,corner,sofascore
14131988,1133063,Tunde Akinsola,483088.0,75,20.6,79.6,0.0153,miss,left-foot,throw-in-set-piece,sofascore
14131988,1112474,Ze Vitor,3013.0,74,12.9,53.8,0.0683,miss,right-foot,set-piece,sofascore
14131988,1133063,Tunde Akinsola,483088.0,66,20.3,60.3,0.071,save,left-foot,fast-break,sofascore
14131988,1120043,Diogo Spencer,483088.0,66,15.6,68.5,0.0364,block,right-foot,assisted,sofascore
14131988,1120043,Diogo Spencer,483088.0,65,23.1,62.0,0.0259,miss,right-foot,assisted,sofascore
14131988,987597,Jesús Ramírez,3013.0,61,2.2,45.3,0.2385,goal,right-foot,regular,sofascore
14131988,1530274,Pablo Ruan,3013.0,61,11.1,63.9,0.015,block,head,assisted,sofascore
14131988,822510,Liziero,3013.0,60,25.1,67.2,0.0086,miss,left-foot,throw-in-set-piece,sofascore
14131988,344181,José Gomes,3013.0,60,27.7,42.3,0.0265,block,left-foot,regular,sofascore
14131988,912781,Paulinho Bóia,3013.0,58,23.5,30.1,0.0309,save,right-foot,assisted,sofascore
14131988,1185986,Óscar Perea,483088.0,56,15.5,37.0,0.0447,block,left-foot,fast-break,sofascore
14131988,1112474,Ze Vitor,3013.0,50,14.5,31.3,0.0321,goal,left-foot,corner,sofascore
14131988,1394244,Francisco Gonçalves,3013.0,45,14.6,57.9,0.0091,miss,head,set-piece,sofascore
14131988,1133063,Tunde Akinsola,483088.0,43,22.3,65.4,0.0217,goal,left-foot,assisted,sofascore
14131988,126076,Tomané,483088.0,38,6.4,43.3,0.0749,post,head,corner,sofascore
14131988,126076,Tomané,483088.0,35,16.9,58.3,0.4554,goal,right-foot,regular,sofascore
14131988,1112474,Ze Vitor,3013.0,34,11.5,45.2,0.0196,miss,head,corner,sofascore
14131988,1185986,Óscar Perea,483088.0,30,26.1,38.2,0.0273,miss,right-foot,regular,sofascore
14131988,1067320,Cristian Castro,483088.0,30,13.8,47.4,0.0755,miss,right-foot,corner,sofascore
14131988,1020610,Matheus Dias,3013.0,27,26.0,44.6,0.0182,miss,right-foot,regular,sofascore
14131988,1067648,Pedro Lima,483088.0,21,13.0,50.7,0.0892,block,left-foot,regular,sofascore
14131988,987597,Jesús Ramírez,3013.0,18,15.4,51.9,0.1193,save,left-foot,assisted,sofascore
14131988,987597,Jesús Ramírez,3013.0,17,10.5,53.8,0.042,miss,head,assisted,sofascore
14131988,1067648,Pedro Lima,483088.0,9,24.8,64.0,0.0628,miss,left-foot,free-kick,sofascore
14131988,1067648,Pedro Lima,483088.0,3,15.6,38.8,0.0779,miss,right-foot,regular,sofascore
14288886,1394935,Bernardo Fontes,38396.0,90,6.1,51.1,0.1494,miss,head,corner,sofascore
14288886,1478262,Yefrei Rodriguez,38396.0,90,3.2,61.3,0.1729,save,right-foot,assisted,sofascore
14288886,1151667,João Goulart,36365.0,90,5.4,48.1,0.1775,miss,head,corner,sofascore
14288886,190147,Rony Lopes,38396.0,90,23.5,49.9,0.0445,block,right-foot,corner,sofascore
14288886,1015932,David Sousa,36365.0,89,8.0,51.0,0.0804,save,head,corner,sofascore
14288886,988882,Joe Hodge,38396.0,86,14.8,47.9,0.0585,miss,right-foot,regular,sofascore
14288886,879917,Maranhão,38396.0,83,15.0,13.6,0.0204,save,right-foot,corner,sofascore
14288886,584158,João Afonso,38396.0,83,6.9,30.7,0.017,block,left-foot,corner,sofascore
14288886,861283,Cicero,38396.0,78,6.1,59.5,0.0383,miss,head,corner,sofascore
14288886,2119726,Renato Nhaga,36365.0,70,5.5,41.3,0.1315,goal,left-foot,assisted,sofascore
14288886,849719,Gaizka Larrazabal,36365.0,62,7.4,48.8,0.1174,goal,head,assisted,sofascore
14288886,110950,Ivan Cavaleiro,38396.0,58,11.5,50.0,0.7884,goal,right-foot,penalty,sofascore
14288886,849719,Gaizka Larrazabal,36365.0,54,29.9,34.6,0.0367,miss,right-foot,free-kick,sofascore
14288886,826054,Jérémy Livolant,36365.0,45,8.0,44.5,0.0618,miss,head,assisted,sofascore
14288886,1010846,Yassin Oukili,36365.0,42,14.7,62.9,0.064,save,right-foot,assisted,sofascore
14288886,849719,Gaizka Larrazabal,36365.0,41,11.4,32.3,0.0264,miss,right-foot,assisted,sofascore
14288886,788786,Jordan Siebatcheu,38396.0,38,6.6,44.8,0.2778,miss,head,assisted,sofascore
14288886,849719,Gaizka Larrazabal,36365.0,27,8.8,65.6,0.0513,save,right-foot,regular,sofascore
14288886,826054,Jérémy Livolant,36365.0,27,20.1,32.5,0.0186,block,right-foot,assisted,sofascore
14288886,879917,Maranhão,38396.0,9,10.8,65.6,0.1561,save,right-foot,fast-break,sofascore
14288886,826054,Jérémy Livolant,36365.0,7,20.9,45.6,0.181,miss,right-foot,free-kick,sofascore
14288886,1155358,Dailon Rocha Livramento,36365.0,5,3.8,47.4,0.2534,block,head,set-piece,sofascore
14288902,1191120,Hyun-ju Lee,25777.0,90,13.3,37.0,0.0703,miss,right-foot,assisted,sofascore
14288902,1046794,Gabriel Silva,3011.0,86,8.0,53.4,0.0665,miss,head,corner,sofascore
14288902,2155276,José Tavares,3011.0,85,18.8,47.9,0.0214,save,left-foot,corner,sofascore
14288902,1046794,Gabriel Silva,3011.0,83,20.4,33.3,0.0294,save,right-foot,assisted,sofascore
14288902,955133,Naïs Djouahra,25777.0,80,19.4,30.1,0.0157,block,right-foot,assisted,sofascore
14288902,845787,Luquinhas,3011.0,69,12.5,40.9,0.0176,miss,head,assisted,sofascore
14288902,997025,Arnau Solà,25777.0,59,13.2,32.1,0.0394,miss,left-foot,set-piece,sofascore
14288902,1510444,Dylan Nandín,25777.0,55,28.2,49.3,0.0383,miss,right-foot,fast-break,sofascore
14288902,989383,Adriano Firmino,3011.0,51,25.9,47.7,0.0395,save,right-foot,assisted,sofascore
14288902,1046794,Gabriel Silva,3011.0,48,25.3,22.3,0.0154,miss,right-foot,assisted,sofascore
14288902,964609,Jose Fontán,25777.0,45,7.7,34.6,0.066,miss,left-foot,corner,sofascore
14288902,973517,Alfonso Trezza,25777.0,45,16.9,50.1,0.0533,save,right-foot,corner,sofascore
14288902,1000680,Miguel Puche,25777.0,42,32.8,48.1,0.0164,save,left-foot,regular,sofascore
14288902,1019184,Serginho,3011.0,35,23.1,57.5,0.0461,miss,right-foot,assisted,sofascore
14288902,997025,Arnau Solà,25777.0,23,19.8,47.7,0.0622,block,left-foot,throw-in-set-piece,sofascore
14288902,851277,Pedro Ferreira,3011.0,16,5.8,54.4,0.1485,save,head,throw-in-set-piece,sofascore
14288902,1105841,Matheus Araújo,3011.0,3,9.4,51.3,0.071,save,head,set-piece,sofascore
14288796,1010505,Gabri Veiga,3002.0,88,11.6,40.9,0.0757,block,right-foot,regular,sofascore
14288796,1406639,Victor Froholdt,3002.0,88,12.6,43.8,0.0713,block,right-foot,regular,sofascore
14288796,1010505,Gabri Veiga,3002.0,86,26.1,39.0,0.0455,miss,right-foot,free-kick,sofascore
14288796,1528310,Tiago Leite,190328.0,77,5.5,42.5,0.0938,block,head,assisted,sofascore
14288796,1528310,Tiago Leite,190328.0,72,6.7,45.8,0.0986,miss,head,corner,sofascore
14288796,794928,Lincoln,190328.0,71,21.6,74.4,0.0154,save,left-foot,assisted,sofascore
14288796,992567,Borja Sainz,3002.0,69,15.1,33.3,0.0533,goal,right-foot,throw-in-set-piece,sofascore
14288796,1639250,William Gomes,3002.0,66,13.6,56.4,0.1201,block,left-foot,throw-in-set-piece,sofascore
14288796,1100957,Marko Milovanović,190328.0,64,11.4,51.1,0.0392,save,head,assisted,sofascore
14288796,1066560,Alan Varela,3002.0,57,7.1,56.4,0.3678,goal,left-foot,regular,sofascore
14288796,882664,Pepê,3002.0,57,10.8,65.8,0.0784,save,right-foot,assisted,sofascore
14288796,804472,Pablo Rosario,3002.0,47,9.2,56.8,0.0221,block,head,corner,sofascore
14288796,1503836,Samu Aghehowa,3002.0,47,7.6,70.3,0.0199,save,right-foot,assisted,sofascore
14288796,1100957,Marko Milovanović,190328.0,42,8.4,57.1,0.0556,save,head,regular,sofascore
14288796,904849,Nabil Touaizi,190328.0,38,8.7,71.3,0.0656,save,right-foot,assisted,sofascore
14288796,1100957,Marko Milovanović,190328.0,38,7.3,56.4,0.3868,save,right-foot,regular,sofascore
14288796,992567,Borja Sainz,3002.0,29,7.0,44.4,0.1471,goal,head,assisted,sofascore
14288796,992567,Borja Sainz,3002.0,11,15.1,38.0,0.0659,block,right-foot,assisted,sofascore
14288796,1511706,Alexsandro Amorim,190328.0,7,21.6,24.4,0.0237,miss,right-foot,assisted,sofascore
14288796,1142585,Martim Fernandes,3002.0,3,23.7,32.1,0.021,save,right-foot,assisted,sofascore
14288796,1410240,Rodrigo Mora,3002.0,2,9.5,66.7,0.0759,miss,right-foot,assisted,sofascore
14288840,1184329,Rodrigo Rego,3006.0,83,27.4,49.3,0.0153,block,left-foot,assisted,sofascore
14288840,1201395,Gianluca Prestianni,3006.0,78,10.1,70.1,0.0529,save,right-foot,assisted,sofascore
14288840,1105595,Sorriso,49531.0,67,10.1,58.1,0.0767,miss,head,regular,sofascore
14288840,1563665,Gustavo Sá,49531.0,67,14.4,64.2,0.0862,save,right-foot,regular,sofascore
14288840,1006069,António Silva,3006.0,66,10.8,53.3,0.0386,save,head,corner,sofascore
14288840,228364,Fredrik Aursnes,3006.0,65,9.4,63.6,0.2067,save,right-foot,assisted,sofascore
14288840,1606013,Yassir Zabiri,49531.0,57,23.6,57.0,0.0224,save,left-foot,assisted,sofascore
14288840,1102791,Amar Dedić,3006.0,51,20.0,50.5,0.0598,miss,left-foot,assisted,sofascore
14288840,228364,Fredrik Aursnes,3006.0,45,11.1,58.9,0.0207,block,head,set-piece,sofascore
14288840,836676,Tom Van De Looi,49531.0,45,21.3,66.4,0.0246,block,right-foot,assisted,sofascore
14288840,795236,Vangelis Pavlidis,3006.0,34,11.5,50.0,0.7884,goal,right-foot,penalty,sofascore
14288840,993101,Samuel Dahl,3006.0,25,7.7,31.5,0.0337,save,left-foot,assisted,sofascore
14288840,795236,Vangelis Pavlidis,3006.0,20,8.2,29.2,0.0498,miss,left-foot,assisted,sofascore
14288840,1123925,Georgiy Sudakov,3006.0,11,25.9,35.4,0.0147,save,right-foot,assisted,sofascore
14288863,1130363,Fabio Blanco,3009.0,90,19.1,64.4,0.0304,block,right-foot,assisted,sofascore
14288863,42898,Nélson Oliveira,3009.0,86,21.8,43.6,0.0284,save,left-foot,assisted,sofascore
14288863,929193,Maximiliano Araújo,3001.0,82,21.3,40.7,0.0202,block,left-foot,corner,sofascore
14288863,929193,Maximiliano Araújo,3001.0,79,1.1,46.6,0.9383,goal,left-foot,regular,sofascore
14288863,914213,Luis Javier Suárez,3001.0,79,9.2,63.0,0.0703,save,right-foot,assisted,sofascore
14288863,1148442,Thiago Balieiro,3009.0,78,12.0,65.4,0.0248,miss,right-foot,corner,sofascore
14288863,1063255,Alioune Ndoye,3009.0,77,7.7,46.8,0.0934,block,head,assisted,sofascore
14288863,42898,Nélson Oliveira,3009.0,72,19.8,35.2,0.0244,miss,left-foot,assisted,sofascore
14288863,42898,Nélson Oliveira,3009.0,71,23.2,63.6,0.0264,save,left-foot,assisted,sofascore
14288863,1167818,Iván Fresneda,3001.0,69,10.3,44.9,0.2385,miss,left-foot,assisted,sofascore
14288863,1175004,Juan Castillo,3001.0,63,1.4,47.4,,goal,other,set-piece,sofascore
14288863,1063255,Alioune Ndoye,3009.0,60,7.4,43.6,0.0696,miss,head,assisted,sofascore
14288863,1035280,Telmo Arcanjo,3009.0,59,22.8,65.0,0.0101,miss,left-foot,set-piece,sofascore
14288863,1434543,Diogo Sousa,3009.0,57,24.8,63.4,0.0185,block,left-foot,assisted,sofascore
14288863,1035280,Telmo Arcanjo,3009.0,50,22.0,72.6,0.0233,goal,left-foot,fast-break,sofascore
14288863,929193,Maximiliano Araújo,3001.0,49,18.4,42.5,0.1177,miss,left-foot,assisted,sofascore
14288863,914213,Luis Javier Suárez,3001.0,47,12.6,37.6,0.1232,miss,left-foot,assisted,sofascore
14288863,1166097,Matija Mitrović,3009.0,45,25.0,39.9,0.0547,save,right-foot,free-kick,sofascore
14288863,1063255,Alioune Ndoye,3009.0,45,7.7,53.6,0.1471,block,left-foot,assisted,sofascore
14288863,1410209,João Simões,3001.0,45,23.8,52.2,0.0491,save,left-foot,assisted,sofascore
14288863,1133568,João Mendes,3009.0,45,29.3,47.2,0.0145,miss,left-foot,assisted,sofascore
14288863,903679,Fotis Ioannidis,3001.0,42,9.9,47.2,0.0542,goal,head,assisted,sofascore
14288863,785808,Samu,3009.0,41,14.7,56.6,0.0979,miss,left-foot,throw-in-set-piece,sofascore
14288863,1153328,Noah Saviolo,3009.0,37,15.6,25.5,0.0188,miss,right-foot,assisted,sofascore
14288863,830431,Francisco Trincão,3001.0,32,2.7,55.3,0.4805,goal,right-foot,fast-break,sofascore
14288863,914213,Luis Javier Suárez,3001.0,30,21.9,35.6,0.0216,miss,right-foot,set-piece,sofascore
14288863,785808,Samu,3009.0,27,14.7,61.7,0.0286,miss,left-foot,assisted,sofascore
14288863,989841,Eduardo Quaresma,3001.0,25,9.5,61.5,0.0322,block,head,set-piece,sofascore
14288863,1133568,João Mendes,3009.0,23,26.5,24.3,0.0127,save,left-foot,assisted,sofascore
14288863,830431,Francisco Trincão,3001.0,19,13.2,69.1,0.0223,save,left-foot,assisted,sofascore
14288863,914213,Luis Javier Suárez,3001.0,16,5.3,59.3,0.107,block,right-foot,assisted,sofascore
14288863,1167818,Iván Fresneda,3001.0,14,18.2,64.6,0.0156,block,right-foot,corner,sofascore
14288863,859917,Morten Hjulmand,3001.0,14,4.2,59.5,0.0706,save,head,corner,sofascore
14288863,878496,Ricardo Mangas,3001.0,10,9.8,34.0,0.2528,miss,left-foot,assisted,sofascore
14288910,1049526,Simon Elisor,49531.0,90,9.7,50.1,0.0886,miss,right-foot,assisted,sofascore
14288910,1563665,Gustavo Sá,49531.0,90,23.7,52.4,0.0577,block,right-foot,assisted,sofascore
14288910,836676,Tom Van De Looi,49531.0,90,18.9,50.7,0.0408,save,right-foot,assisted,sofascore
14288910,583838,Gil Dias,49531.0,90,24.3,34.4,0.0325,miss,left-foot,assisted,sofascore
14288910,1049526,Simon Elisor,49531.0,79,8.3,50.9,0.2401,save,head,assisted,sofascore
14288910,876255,Justin De Haas,49531.0,76,28.5,40.9,0.0204,miss,left-foot,assisted,sofascore
14288910,1049526,Simon Elisor,49531.0,76,8.0,49.9,0.2733,miss,right-foot,assisted,sofascore
14288910,1606013,Yassir Zabiri,49531.0,74,6.2,43.7,0.1768,save,left-foot,assisted,sofascore
14288910,1606013,Yassir Zabiri,49531.0,71,25.8,56.7,0.0261,post,left-foot,regular,sofascore
14288910,977676,Léo Realpe,49531.0,68,3.5,51.8,0.2541,post,head,corner,sofascore
14288910,876255,Justin De Haas,49531.0,67,20.4,43.6,0.1264,block,left-foot,free-kick,sofascore
14288910,1563665,Gustavo Sá,49531.0,58,12.2,45.0,0.0324,miss,head,assisted,sofascore
14288910,845802,Jovane Cabral,3035.0,51,11.3,39.5,0.1302,goal,right-foot,regular,sofascore
14288910,1105595,Sorriso,49531.0,47,7.6,42.7,0.0615,block,head,assisted,sofascore
14288910,583838,Gil Dias,49531.0,42,12.4,65.6,0.0323,block,left-foot,regular,sofascore
14288910,1090543,Abraham Marcus,3035.0,39,11.0,73.0,0.0247,save,left-foot,fast-break,sofascore
14288910,836676,Tom Van De Looi,49531.0,36,25.8,49.7,0.0143,block,right-foot,corner,sofascore
14288910,1105595,Sorriso,49531.0,35,8.5,50.9,0.0859,block,head,assisted,sofascore
14288910,1105595,Sorriso,49531.0,27,4.6,45.6,0.4256,goal,head,assisted,sofascore
14288910,583838,Gil Dias,49531.0,27,8.3,39.2,0.0593,miss,left-foot,set-piece,sofascore
14288910,845802,Jovane Cabral,3035.0,24,9.7,55.8,0.1524,goal,left-foot,regular,sofascore
14288910,869875,Kikas,3035.0,20,11.0,64.6,0.1647,miss,right-foot,assisted,sofascore
14288910,1511656,Mathias De Amorim,49531.0,19,11.2,46.7,0.0622,save,right-foot,set-piece,sofascore
14288910,977676,Léo Realpe,49531.0,18,12.3,41.5,0.0419,block,right-foot,corner,sofascore
14288910,1606013,Yassir Zabiri,49531.0,13,24.1,45.6,0.0305,miss,right-foot,assisted,sofascore
14288910,869875,Kikas,3035.0,10,15.0,39.3,0.199,goal,right-foot,assisted,sofascore
14288910,1002565,Luan Patrick,49531.0,8,6.4,49.5,0.0,goal,head,regular,sofascore
14288910,1105595,Sorriso,49531.0,8,6.9,50.1,0.2702,miss,head,assisted,sofascore
14288910,1090646,Paulo Moreira,3035.0,5,22.3,64.0,0.0272,block,right-foot,regular,sofascore
14288911,2033832,Davy Gui,190328.0,90,9.5,71.2,0.0327,save,right-foot,assisted,sofascore
14288911,1513647,Peixinho,4500.0,88,7.8,45.8,0.4712,save,left-foot,assisted,sofascore
14288911,930246,Yanis Begraoui,4500.0,87,5.3,58.0,0.079,miss,head,corner,sofascore
14288911,1528310,Tiago Leite,190328.0,81,9.1,30.3,0.1992,save,right-foot,fast-break,sofascore
14288911,1511706,Alexsandro Amorim,190328.0,67,25.9,51.7,0.0304,goal,right-foot,assisted,sofascore
14288911,1528310,Tiago Leite,190328.0,64,11.5,72.9,0.0537,save,right-foot,assisted,sofascore
14288911,1405973,Bastien Meupiyou,4500.0,60,4.4,47.6,,goal,left-foot,regular,sofascore
14288911,1031485,Sabit Abdulai,190328.0,58,11.7,42.3,0.0406,miss,head,set-piece,sofascore
14288911,920684,Jordan Holsgrove,4500.0,56,19.7,27.3,0.0441,block,left-foot,free-kick,sofascore
14288911,930246,Yanis Begraoui,4500.0,47,15.3,56.5,0.1269,goal,left-foot,assisted,sofascore
14288911,344023,Sandro Lima,190328.0,46,14.4,61.5,0.0639,save,left-foot,assisted,sofascore
14288911,1405454,Cédric Nuozzi,190328.0,45,3.2,30.1,0.0859,save,left-foot,assisted,sofascore
14288911,930246,Yanis Begraoui,4500.0,43,4.6,55.1,0.4932,goal,right-foot,set-piece,sofascore
14288911,826210,Rafik Guitane,4500.0,43,20.1,69.3,0.0091,block,left-foot,set-piece,sofascore
14288911,1405973,Bastien Meupiyou,4500.0,36,9.2,47.7,,goal,right-foot,regular,sofascore
14288911,930246,Yanis Begraoui,4500.0,33,12.9,72.7,0.0292,miss,right-foot,assisted,sofascore
14288911,1405454,Cédric Nuozzi,190328.0,29,10.5,24.7,0.0089,miss,right-foot,corner,sofascore
14288911,1158067,Francisco Chissumba,190328.0,25,7.9,40.9,0.218,miss,right-foot,fast-break,sofascore
14288911,834247,Pedro Amaral,4500.0,21,20.7,33.3,0.0353,miss,right-foot,regular,sofascore
14288911,344023,Sandro Lima,190328.0,19,9.5,47.4,0.0712,miss,head,assisted,sofascore
14288911,794928,Lincoln,190328.0,12,21.6,81.2,0.0186,save,left-foot,regular,sofascore
14288911,1049465,Kévin Boma,4500.0,10,4.3,53.9,0.1785,save,head,corner,sofascore
14288906,1116649,Brian Mansilla,25777.0,90,28.5,67.1,0.0171,miss,left-foot,regular,sofascore
14288906,964609,Jose Fontán,25777.0,90,18.9,51.1,0.0268,save,left-foot,set-piece,sofascore
14288906,973517,Alfonso Trezza,25777.0,90,11.0,56.0,0.0616,miss,head,assisted,sofascore
14288906,1032547,Joelson Fernandes,3010.0,90,24.7,41.1,0.022,block,right-foot,corner,sofascore
14288906,1114164,Marvin Elimbi Gilbert,3010.0,88,18.1,47.7,0.0449,block,right-foot,corner,sofascore
14288906,996932,Pablo Gozálbez,25777.0,84,22.2,69.9,0.0208,save,right-foot,assisted,sofascore
14288906,1146305,Gustavo Varela,3010.0,81,13.1,46.2,0.0151,block,head,set-piece,sofascore
14288906,1084746,Santi García,3010.0,69,23.5,53.6,0.0365,miss,right-foot,assisted,sofascore
14288906,1142261,Antonio Espigares,3010.0,58,23.5,26.6,0.0351,block,right-foot,free-kick,sofascore
14288906,611880,Murilo,3010.0,48,4.5,51.5,0.6254,goal,left-foot,throw-in-set-piece,sofascore
14288906,1101174,Pablo Felipe,3010.0,41,7.6,49.3,0.0962,goal,head,corner,sofascore
14288906,1445615,Tidjany Touré,3010.0,39,14.2,35.2,0.0409,block,right-foot,fast-break,sofascore
14288906,913728,Ivan Barbero,25777.0,38,23.3,58.6,0.0305,block,right-foot,assisted,sofascore
14288906,863637,Tiago Esgaio,25777.0,33,10.7,62.2,0.0912,miss,right-foot,regular,sofascore
14288906,1084746,Santi García,3010.0,31,21.0,59.5,0.0715,save,right-foot,regular,sofascore
14288906,1142261,Antonio Espigares,3010.0,29,26.7,54.6,0.0168,miss,right-foot,regular,sofascore
14288906,1445615,Tidjany Touré,3010.0,28,12.8,30.1,0.0375,block,right-foot,assisted,sofascore
14288906,1142261,Antonio Espigares,3010.0,26,12.3,54.6,0.0233,post,head,corner,sofascore
14288906,1087355,Hevertton Santos,3010.0,14,26.2,40.5,0.0092,miss,right-foot,set-piece,sofascore
14288906,973517,Alfonso Trezza,25777.0,12,3.2,53.8,0.6965,goal,right-foot,regular,sofascore
14288906,955133,Naïs Djouahra,25777.0,12,13.0,51.5,0.2361,save,right-foot,assisted,sofascore
14288906,1191120,Hyun-ju Lee,25777.0,8,13.2,54.2,0.1601,goal,left-foot,assisted,sofascore
14288906,1101174,Pablo Felipe,3010.0,5,11.6,47.2,0.1288,block,right-foot,set-piece,sofascore
14288906,1097527,Luís Esteves,3010.0,5,6.7,48.7,0.2649,save,right-foot,set-piece,sofascore
14288906,611880,Murilo,3010.0,2,7.4,56.7,0.0685,miss,head,regular,sofascore
14288906,1445615,Tidjany Touré,3010.0,2,7.9,36.0,0.2001,save,left-foot,assisted,sofascore
14288905,27622,José Fonte,36365.0,90,9.6,52.2,0.0507,save,head,set-piece,sofascore
14288905,1153328,Noah Saviolo,3009.0,90,14.4,31.6,0.0228,block,right-foot,assisted,sofascore
14288905,1063255,Alioune Ndoye,3009.0,88,7.8,51.3,0.1464,save,right-foot,regular,sofascore
14288905,1434543,Diogo Sousa,3009.0,72,21.0,50.7,0.0485,block,left-foot,throw-in-set-piece,sofascore
14288905,1035280,Telmo Arcanjo,3009.0,72,12.9,53.2,0.1735,block,left-foot,throw-in-set-piece,sofascore
14288905,1066233,Miguel Nóbrega,3009.0,72,10.8,44.0,0.061,block,right-foot,throw-in-set-piece,sofascore
14288905,1063255,Alioune Ndoye,3009.0,66,7.6,51.2,0.226,miss,head,assisted,sofascore
14288905,1161004,Gonçalo Nogueira,3009.0,65,6.9,45.8,0.4342,miss,left-foot,corner,sofascore
14288905,1035280,Telmo Arcanjo,3009.0,64,15.7,61.7,0.0164,miss,left-foot,corner,sofascore
14288905,27622,José Fonte,36365.0,56,6.6,46.4,0.1055,save,head,corner,sofascore
14288905,1010846,Yassin Oukili,36365.0,50,20.1,57.3,0.0958,miss,right-foot,fast-break,sofascore
14288905,826054,Jérémy Livolant,36365.0,44,15.6,48.8,0.06,miss,left-foot,assisted,sofascore
14288905,2119726,Renato Nhaga,36365.0,38,29.7,59.5,0.0183,miss,left-foot,assisted,sofascore
14288905,785808,Samu,3009.0,32,27.0,62.7,0.0352,miss,left-foot,free-kick,sofascore
14288905,1161004,Gonçalo Nogueira,3009.0,18,18.8,51.5,0.061,miss,right-foot,regular,sofascore
14288905,1035280,Telmo Arcanjo,3009.0,15,18.8,84.2,0.0185,miss,left-foot,assisted,sofascore
14288905,1166097,Matija Mitrović,3009.0,4,26.6,68.7,0.0191,miss,right-foot,assisted,sofascore
14288905,1035280,Telmo Arcanjo,3009.0,3,5.5,59.9,0.1143,save,head,assisted,sofascore
14288915,1015292,Richard Ríos,3006.0,90,6.5,51.0,0.1466,miss,head,corner,sofascore
14288915,795236,Vangelis Pavlidis,3006.0,90,10.5,65.4,0.0635,miss,left-foot,assisted,sofascore
14288915,1201395,Gianluca Prestianni,3006.0,87,9.5,31.3,0.0477,block,right-foot,regular,sofascore
14288915,1015292,Richard Ríos,3006.0,86,21.4,80.4,0.0133,miss,right-foot,assisted,sofascore
14288915,914772,Fran Navarro,2999.0,83,8.6,49.5,0.0858,miss,head,assisted,sofascore
14288915,228364,Fredrik Aursnes,3006.0,80,9.8,43.2,0.258,miss,left-foot,assisted,sofascore
14288915,1015292,Richard Ríos,3006.0,74,14.1,64.6,0.0779,save,right-foot,assisted,sofascore
14288915,983542,Tomás Araújo,3006.0,70,7.4,47.4,0.117,miss,head,corner,sofascore
14288915,993101,Samuel Dahl,3006.0,70,9.0,30.7,0.0689,save,left-foot,assisted,sofascore
14288915,795236,Vangelis Pavlidis,3006.0,57,9.2,47.7,0.0472,save,head,corner,sofascore
14288915,983542,Tomás Araújo,3006.0,56,7.0,62.6,0.1615,save,right-foot,regular,sofascore
14288915,228364,Fredrik Aursnes,3006.0,53,20.7,63.8,0.0505,goal,right-foot,fast-break,sofascore
14288915,6562,João Moutinho,2999.0,52,23.7,30.1,0.0167,block,right-foot,assisted,sofascore
14288915,1396015,Mario Dorgeles,2999.0,52,17.5,65.3,0.052,miss,left-foot,regular,sofascore
14288915,1031567,Pau Víctor,2999.0,45,4.6,60.5,0.2755,goal,right-foot,regular,sofascore
14288915,1015292,Richard Ríos,3006.0,40,28.7,51.9,0.0167,miss,right-foot,assisted,sofascore
14288915,966575,Rodrigo Zalazar,2999.0,38,11.5,50.0,0.7884,goal,right-foot,penalty,sofascore
14288915,1396015,Mario Dorgeles,2999.0,35,13.1,52.4,0.0242,block,head,assisted,sofascore
14288915,74915,Nicolás Otamendi,3006.0,29,9.1,51.7,0.0882,goal,head,set-piece,sofascore
14288915,1015292,Richard Ríos,3006.0,26,19.1,61.3,0.068,miss,right-foot,assisted,sofascore
14288915,314380,Ricardo Horta,2999.0,16,4.9,17.8,0.0348,block,right-foot,free-kick,sofascore
14288915,966575,Rodrigo Zalazar,2999.0,13,23.4,55.2,0.0227,block,right-foot,assisted,sofascore
14288915,887754,Vítor Carvalho,2999.0,7,4.9,52.8,0.1834,save,head,corner,sofascore
14288915,6562,João Moutinho,2999.0,7,6.6,48.1,0.2354,miss,right-foot,corner,sofascore
14288915,314380,Ricardo Horta,2999.0,6,21.8,71.1,0.0241,miss,right-foot,assisted,sofascore
14288913,1122835,Alisson Santos,3001.0,90,21.9,42.7,0.0435,save,right-foot,assisted,sofascore
14288913,886402,Giorgi Kochorashvili,3001.0,89,16.6,66.0,0.0423,miss,left-foot,assisted,sofascore
14288913,1020203,Brandon Aguilera,3036.0,82,23.5,58.3,0.0426,block,left-foot,assisted,sofascore
14288913,878496,Ricardo Mangas,3001.0,77,11.7,33.6,0.0476,miss,left-foot,assisted,sofascore
14288913,1467139,Francisco Petrasso,3036.0,75,27.4,77.5,0.0154,miss,right-foot,assisted,sofascore
14288913,914213,Luis Javier Suárez,3001.0,75,9.2,47.2,0.0654,save,head,assisted,sofascore
14288913,830431,Francisco Trincão,3001.0,73,18.7,52.1,0.1301,block,right-foot,fast-break,sofascore
14288913,914213,Luis Javier Suárez,3001.0,61,6.7,47.9,0.8888,goal,left-foot,regular,sofascore
14288913,830431,Francisco Trincão,3001.0,61,10.1,63.4,0.2917,save,left-foot,assisted,sofascore
14288913,914213,Luis Javier Suárez,3001.0,60,4.3,46.6,0.1896,goal,head,corner,sofascore
14288913,903679,Fotis Ioannidis,3001.0,58,9.2,43.8,0.112,save,right-foot,assisted,sofascore
14288913,914213,Luis Javier Suárez,3001.0,57,10.5,41.1,0.0817,block,right-foot,assisted,sofascore
14288913,929193,Maximiliano Araújo,3001.0,53,3.7,38.5,0.8156,goal,left-foot,assisted,sofascore
14288913,1100204,Nikolaos Athanasiou,3036.0,44,43.9,23.5,0.0164,miss,left-foot,fast-break,sofascore
14288913,826024,Dario Špikić,3036.0,42,18.9,30.3,0.0166,block,right-foot,assisted,sofascore
14288913,914213,Luis Javier Suárez,3001.0,37,22.3,63.8,0.0131,block,right-foot,regular,sofascore
14288913,914213,Luis Javier Suárez,3001.0,34,3.2,54.2,0.1655,goal,other,corner,sofascore
14288913,1410209,João Simões,3001.0,34,7.0,44.4,0.1345,miss,head,corner,sofascore
14288913,878496,Ricardo Mangas,3001.0,31,3.5,40.7,0.0815,save,right-foot,regular,sofascore
14288913,914213,Luis Javier Suárez,3001.0,28,13.9,44.8,0.0239,miss,head,assisted,sofascore
14288913,914213,Luis Javier Suárez,3001.0,26,7.0,42.7,0.0922,save,left-foot,assisted,sofascore
14288913,878496,Ricardo Mangas,3001.0,16,12.9,41.7,0.0898,save,right-foot,regular,sofascore
14288913,878496,Ricardo Mangas,3001.0,11,7.0,31.1,0.0411,miss,left-foot,regular,sofascore
14288913,929193,Maximiliano Araújo,3001.0,11,12.5,54.2,0.096,save,right-foot,assisted,sofascore
14288913,878496,Ricardo Mangas,3001.0,8,26.5,48.7,0.0328,miss,left-foot,assisted,sofascore
14288913,1005992,Andreas Ndoj,3036.0,7,25.8,53.1,0.0265,miss,right-foot,assisted,sofascore
14288913,914213,Luis Javier Suárez,3001.0,2,8.5,58.3,0.1017,miss,left-foot,regular,sofascore
14288913,929193,Maximiliano Araújo,3001.0,2,8.8,51.5,0.132,block,left-foot,assisted,sofascore
14288909,1066560,Alan Varela,3002.0,85,12.3,49.5,0.0428,miss,right-foot,corner,sofascore
14288909,1503836,Samu Aghehowa,3002.0,85,4.5,43.5,0.1169,miss,head,corner,sofascore
14288909,1153261,Ángel Alarcón,3002.0,78,24.7,31.1,0.021,miss,right-foot,corner,sofascore
14288909,126076,Tomané,483088.0,76,11.1,45.0,0.0729,miss,right-foot,throw-in-set-piece,sofascore
14288909,981217,Gustavo Assunção,483088.0,73,26.5,55.2,0.0303,block,right-foot,fast-break,sofascore
14288909,1406639,Victor Froholdt,3002.0,67,11.9,52.0,0.0184,miss,head,corner,sofascore
14288909,1503836,Samu Aghehowa,3002.0,65,11.5,50.0,0.7884,goal,right-foot,penalty,sofascore
14288909,882664,Pepê,3002.0,58,9.6,32.3,0.0903,miss,left-foot,assisted,sofascore
14288909,1067320,Cristian Castro,483088.0,56,24.6,44.6,0.0442,save,right-foot,regular,sofascore
14288909,1185986,Óscar Perea,483088.0,54,26.0,64.4,0.0161,miss,right-foot,set-piece,sofascore
14288909,804472,Pablo Rosario,3002.0,52,8.8,45.2,0.104,miss,right-foot,set-piece,sofascore
14288909,126076,Tomané,483088.0,49,24.4,35.4,0.0223,block,right-foot,assisted,sofascore
14288909,1503836,Samu Aghehowa,3002.0,48,9.5,44.0,0.4776,goal,right-foot,assisted,sofascore
14288909,126076,Tomané,483088.0,46,23.4,67.7,0.0209,miss,right-foot,assisted,sofascore
14288909,976037,Jakub Kiwior,3002.0,45,6.6,48.7,0.355,miss,head,set-piece,sofascore
14288909,1503836,Samu Aghehowa,3002.0,44,11.6,43.0,0.0871,block,right-foot,assisted,sofascore
14288909,1410240,Rodrigo Mora,3002.0,40,23.2,64.4,0.0435,miss,right-foot,regular,sofascore
14288909,1406639,Victor Froholdt,3002.0,30,7.4,52.8,0.2501,save,head,assisted,sofascore
14288909,882664,Pepê,3002.0,30,22.8,39.4,0.0309,block,right-foot,regular,sofascore
14288909,985138,Francisco Moura,3002.0,24,14.8,48.1,0.0486,miss,left-foot,assisted,sofascore
14288909,988778,Daniel Rivas,483088.0,17,26.9,31.2,0.0142,miss,left-foot,assisted,sofascore
14288909,1639250,William Gomes,3002.0,14,16.1,70.3,0.0314,miss,left-foot,assisted,sofascore
14288909,1503836,Samu Aghehowa,3002.0,14,7.8,70.8,0.0216,block,right-foot,assisted,sofascore
14288909,1503836,Samu Aghehowa,3002.0,12,26.3,52.6,0.0244,save,right-foot,regular,sofascore
14288909,1410240,Rodrigo Mora,3002.0,11,26.8,46.9,0.0291,miss,right-foot,regular,sofascore
14288919,830431,Francisco Trincão,3001.0,90,22.5,72.2,0.0458,block,left-foot,free-kick,sofascore
14288919,859917,Morten Hjulmand,3001.0,90,9.7,52.6,0.041,miss,head,corner,sofascore
14288919,1404790,Carlos Eduardo,3010.0,90,7.2,50.4,0.1202,save,head,set-piece,sofascore
14288919,1032547,Joelson Fernandes,3010.0,90,11.1,33.3,0.3043,save,right-foot,regular,sofascore
14288919,1404790,Carlos Eduardo,3010.0,87,6.2,44.3,0.1723,goal,head,assisted,sofascore
14288919,1114164,Marvin Elimbi Gilbert,3010.0,83,8.6,61.3,0.014,block,head,corner,sofascore
14288919,611880,Murilo,3010.0,82,21.9,66.2,0.0532,block,left-foot,free-kick,sofascore
14288919,1097527,Luís Esteves,3010.0,77,25.3,42.5,0.0122,miss,right-foot,set-piece,sofascore
14288919,1032547,Joelson Fernandes,3010.0,76,14.5,46.1,0.0489,block,right-foot,set-piece,sofascore
14288919,1114164,Marvin Elimbi Gilbert,3010.0,74,9.8,57.8,0.0192,save,head,corner,sofascore
14288919,1087355,Hevertton Santos,3010.0,69,19.4,49.5,0.0325,block,right-foot,corner,sofascore
14288919,1083277,Martin Fernández,3010.0,69,18.2,54.0,0.0424,block,left-foot,assisted,sofascore
14288919,1167818,Iván Fresneda,3001.0,60,19.7,72.0,0.0075,miss,right-foot,corner,sofascore
14288919,1097527,Luís Esteves,3010.0,59,19.1,50.5,0.0598,save,right-foot,assisted,sofascore
14288919,611880,Murilo,3010.0,59,21.8,73.0,0.012,block,left-foot,assisted,sofascore
14288919,914213,Luis Javier Suárez,3001.0,57,19.4,51.3,0.038,block,left-foot,assisted,sofascore
14288919,1445615,Tidjany Touré,3010.0,55,6.9,44.0,0.0826,save,head,assisted,sofascore
14288919,914213,Luis Javier Suárez,3001.0,54,9.5,42.6,0.3363,save,right-foot,assisted,sofascore
14288919,914213,Luis Javier Suárez,3001.0,53,11.1,32.2,0.0301,miss,left-foot,assisted,sofascore
14288919,929193,Maximiliano Araújo,3001.0,52,25.4,46.6,0.0086,miss,right-foot,corner,sofascore
14288919,1001196,Gonçalo Inácio,3001.0,52,2.7,56.5,0.1553,block,head,corner,sofascore
14288919,830431,Francisco Trincão,3001.0,51,22.3,57.3,0.0365,save,left-foot,regular,sofascore
14288919,929193,Maximiliano Araújo,3001.0,47,19.1,38.9,0.0553,save,right-foot,assisted,sofascore
14288919,914213,Luis Javier Suárez,3001.0,45,8.7,66.6,0.2647,goal,right-foot,assisted,sofascore
14288919,1146305,Gustavo Varela,3010.0,45,20.0,41.3,0.057,save,right-foot,assisted,sofascore
14288919,1445615,Tidjany Touré,3010.0,40,4.3,31.7,0.0408,save,right-foot,set-piece,sofascore
14288919,914213,Luis Javier Suárez,3001.0,25,12.7,61.8,0.0201,miss,head,assisted,sofascore
14288919,1445615,Tidjany Touré,3010.0,19,20.9,27.2,0.0192,block,right-foot,assisted,sofascore
14288919,903679,Fotis Ioannidis,3001.0,16,4.2,48.7,0.3135,miss,head,assisted,sofascore
14288919,1097527,Luís Esteves,3010.0,15,20.7,50.7,0.0187,miss,right-foot,corner,sofascore
14288919,1146305,Gustavo Varela,3010.0,15,16.4,44.0,0.048,save,right-foot,throw-in-set-piece,sofascore
14288919,989837,Facundo Cáseres,3010.0,15,13.8,66.7,0.0248,miss,right-foot,throw-in-set-piece,sofascore
14288923,1011997,Chiheb Labidi,3013.0,90,15.6,46.4,0.0488,goal,left-foot,assisted,sofascore
14288923,1020610,Matheus Dias,3013.0,89,14.8,46.0,0.0226,miss,head,corner,sofascore
14288923,846416,Rodrigo Abascal,3009.0,87,12.6,36.0,0.1445,goal,left-foot,assisted,sofascore
14288923,1011997,Chiheb Labidi,3013.0,85,18.3,54.3,0.0348,block,left-foot,corner,sofascore
14288923,878283,Lenny Vallier,3013.0,85,18.8,49.9,0.0368,miss,left-foot,corner,sofascore
14288923,1011997,Chiheb Labidi,3013.0,80,18.3,49.7,0.0259,block,right-foot,set-piece,sofascore
14288923,1153328,Noah Saviolo,3009.0,78,15.8,55.2,0.0893,block,left-foot,throw-in-set-piece,sofascore
14288923,1063255,Alioune Ndoye,3009.0,75,7.7,62.4,0.1969,save,right-foot,fast-break,sofascore
14288923,1153328,Noah Saviolo,3009.0,70,3.6,77.9,0.0213,goal,right-foot,assisted,sofascore
14288923,1063255,Alioune Ndoye,3009.0,68,14.7,54.2,0.1553,miss,right-foot,assisted,sofascore
14288923,912781,Paulinho Bóia,3013.0,55,24.4,59.5,0.0401,save,right-foot,assisted,sofascore
14288923,822509,Léo Santos,3013.0,53,6.6,54.6,0.279,miss,head,set-piece,sofascore
14288923,344181,José Gomes,3013.0,46,12.5,26.6,0.0573,miss,left-foot,fast-break,sofascore
14288923,987597,Jesús Ramírez,3013.0,42,15.3,41.3,0.1313,miss,right-foot,fast-break,sofascore
14288923,1153328,Noah Saviolo,3009.0,39,13.6,39.5,0.0748,save,right-foot,assisted,sofascore
14288923,902051,Miguel Baeza,3013.0,37,22.8,49.7,0.1055,miss,left-foot,fast-break,sofascore
14288923,987597,Jesús Ramírez,3013.0,31,4.2,53.4,0.5663,miss,right-foot,regular,sofascore
14288923,912781,Paulinho Bóia,3013.0,31,11.9,30.3,0.0537,save,right-foot,assisted,sofascore
14288923,42898,Nélson Oliveira,3009.0,29,18.2,32.5,0.0847,miss,left-foot,fast-break,sofascore
14288923,42898,Nélson Oliveira,3009.0,27,21.6,45.0,0.0543,miss,right-foot,assisted,sofascore
14288923,1172052,Daniel Júnior,3013.0,20,12.8,66.9,0.0293,save,right-foot,assisted,sofascore
14288923,987597,Jesús Ramírez,3013.0,19,26.5,39.1,0.0405,block,left-foot,regular,sofascore
14288923,822509,Léo Santos,3013.0,7,10.5,65.3,0.0443,block,left-foot,throw-in-set-piece,sofascore
14288923,42898,Nélson Oliveira,3009.0,3,14.5,38.7,0.0401,block,right-foot,assisted,sofascore
14288927,973517,Alfonso Trezza,25777.0,83,8.7,64.6,0.0601,miss,right-foot,assisted,sofascore
14288927,1478262,Yefrei Rodriguez,38396.0,60,12.7,46.4,0.0139,goal,head,corner,sofascore
14288927,788786,Jordan Siebatcheu,38396.0,45,6.9,54.3,0.1277,miss,head,throw-in-set-piece,sofascore
14288927,964609,Jose Fontán,25777.0,45,3.8,58.7,0.0987,save,left-foot,corner,sofascore
14288927,973517,Alfonso Trezza,25777.0,45,22.6,68.9,0.006,block,right-foot,corner,sofascore
14288927,1014259,Pedro Santos,25777.0,44,19.4,30.7,0.0156,miss,right-foot,corner,sofascore
14288927,913728,Ivan Barbero,25777.0,41,15.1,47.0,0.0391,miss,head,assisted,sofascore
14288927,788786,Jordan Siebatcheu,38396.0,34,2.6,42.9,0.2272,goal,left-foot,corner,sofascore
14288927,973517,Alfonso Trezza,25777.0,31,21.0,54.6,0.0654,save,left-foot,regular,sofascore
14288927,955133,Naïs Djouahra,25777.0,30,25.1,55.0,0.0307,save,right-foot,set-piece,sofascore
14288927,964609,Jose Fontán,25777.0,25,12.0,24.2,0.0268,miss,left-foot,assisted,sofascore
14288927,973517,Alfonso Trezza,25777.0,15,10.1,55.5,0.0841,miss,head,assisted,sofascore
14288927,1111880,Emmanuel Maviram,38396.0,12,22.9,63.6,0.0566,goal,left-foot,free-kick,sofascore
14288927,973517,Alfonso Trezza,25777.0,8,17.9,59.9,0.3271,goal,right-foot,assisted,sofascore
14288927,788786,Jordan Siebatcheu,38396.0,5,18.8,68.5,0.0204,block,right-foot,assisted,sofascore
14288929,1864305,Alisson Souza de Jesus,3035.0,90,22.8,75.6,0.0228,save,left-foot,assisted,sofascore
14288929,1031567,Pau Víctor,2999.0,82,7.1,54.2,0.4685,miss,left-foot,throw-in-set-piece,sofascore
14288929,887754,Vítor Carvalho,2999.0,79,6.7,50.7,0.1543,miss,head,corner,sofascore
14288929,1017590,Bernardo Schappo,3035.0,74,26.2,27.9,0.0188,miss,left-foot,assisted,sofascore
14288929,1090543,Abraham Marcus,3035.0,73,3.8,56.7,0.2908,goal,left-foot,corner,sofascore
14288929,845802,Jovane Cabral,3035.0,69,6.0,54.3,0.2654,goal,right-foot,throw-in-set-piece,sofascore
14288929,966575,Rodrigo Zalazar,2999.0,64,3.2,58.7,0.3064,goal,right-foot,regular,sofascore
14288929,966575,Rodrigo Zalazar,2999.0,61,42.5,69.7,0.0192,miss,right-foot,fast-break,sofascore
14288929,1090543,Abraham Marcus,3035.0,54,26.1,52.7,0.0239,block,left-foot,assisted,sofascore
14288929,914772,Fran Navarro,2999.0,51,2.7,52.3,0.665,save,right-foot,assisted,sofascore
14288929,845802,Jovane Cabral,3035.0,36,28.5,67.3,0.0177,miss,right-foot,assisted,sofascore
14288929,869875,Kikas,3035.0,35,18.1,44.8,0.1283,miss,right-foot,regular,sofascore
14288929,845802,Jovane Cabral,3035.0,35,14.0,53.0,0.0663,block,right-foot,regular,sofascore
14288929,887754,Vítor Carvalho,2999.0,27,9.7,46.2,0.033,miss,head,corner,sofascore
14288929,869875,Kikas,3035.0,16,23.4,56.0,0.0858,goal,right-foot,fast-break,sofascore
14288929,6562,João Moutinho,2999.0,12,11.5,50.0,0.7884,goal,right-foot,penalty,sofascore
14288929,1031567,Pau Víctor,2999.0,7,17.5,31.7,0.0347,save,right-foot,assisted,sofascore
14288929,914772,Fran Navarro,2999.0,6,5.4,56.4,0.4718,save,right-foot,assisted,sofascore
14288929,1090543,Abraham Marcus,3035.0,2,24.1,52.1,0.0305,block,left-foot,assisted,sofascore
14288921,994532,Antef Tsoungui,4500.0,90,25.3,46.4,0.0131,save,left-foot,set-piece,sofascore
14288921,1117723,Sidny Lopes Cabral,3006.0,88,19.4,69.6,0.0558,miss,left-foot,free-kick,sofascore
14288921,795236,Vangelis Pavlidis,3006.0,80,2.3,54.0,0.2763,goal,right-foot,regular,sofascore
14288921,983542,Tomás Araújo,3006.0,76,8.9,54.7,0.0708,miss,head,corner,sofascore
14288921,1015292,Richard Ríos,3006.0,76,12.9,41.5,0.0725,block,right-foot,corner,sofascore
14288921,1123925,Georgiy Sudakov,3006.0,71,27.1,43.2,0.0439,miss,right-foot,free-kick,sofascore
14288921,548044,João Carvalho,4500.0,68,23.6,65.6,0.0218,miss,right-foot,assisted,sofascore
14288921,930246,Yanis Begraoui,4500.0,66,8.9,69.1,0.073,miss,right-foot,regular,sofascore
14288921,1123925,Georgiy Sudakov,3006.0,53,21.3,49.3,0.0551,block,right-foot,assisted,sofascore
14288921,1102791,Amar Dedić,3006.0,48,11.0,69.6,0.0373,block,right-foot,assisted,sofascore
14288921,1201395,Gianluca Prestianni,3006.0,48,29.9,55.0,0.0142,miss,right-foot,regular,sofascore
14288921,548044,João Carvalho,4500.0,45,13.8,52.8,0.1237,goal,right-foot,assisted,sofascore
14288921,795236,Vangelis Pavlidis,3006.0,45,12.7,31.8,0.1972,goal,right-foot,assisted,sofascore
14288921,1123925,Georgiy Sudakov,3006.0,41,25.9,37.6,0.0183,block,right-foot,assisted,sofascore
14288921,1201395,Gianluca Prestianni,3006.0,36,9.4,34.6,0.084,block,left-foot,fast-break,sofascore
14288921,795236,Vangelis Pavlidis,3006.0,34,11.5,50.0,0.7884,goal,right-foot,penalty,sofascore
14288921,1201395,Gianluca Prestianni,3006.0,28,11.3,61.0,0.0776,block,right-foot,assisted,sofascore
14288921,983542,Tomás Araújo,3006.0,26,8.2,54.4,0.0854,block,right-foot,corner,sofascore
14288921,1015292,Richard Ríos,3006.0,26,6.4,42.8,0.0542,block,head,corner,sofascore
14288921,1085740,Manu Silva,3006.0,26,13.2,48.9,0.0535,miss,right-foot,corner,sofascore
14288921,1201395,Gianluca Prestianni,3006.0,25,15.7,69.5,0.0508,block,right-foot,assisted,sofascore
14288921,795236,Vangelis Pavlidis,3006.0,22,6.6,51.7,0.1724,miss,head,assisted,sofascore
14288921,877920,Jandro Orellana,4500.0,19,18.9,46.2,0.0342,block,right-foot,corner,sofascore
14288921,929894,Alejandro Marqués,4500.0,18,10.1,64.2,0.0786,block,left-foot,fast-break,sofascore
14288921,1123925,Georgiy Sudakov,3006.0,9,24.4,61.1,0.0249,miss,right-foot,assisted,sofascore
14288921,1123925,Georgiy Sudakov,3006.0,8,19.1,46.2,0.0339,block,left-foot,throw-in-set-piece,sofascore
14288921,834247,Pedro Amaral,4500.0,2,7.6,37.2,0.0492,miss,head,regular,sofascore
14288921,930246,Yanis Begraoui,4500.0,2,9.2,56.2,0.1012,save,right-foot,assisted,sofascore
14288917,1133063,Tunde Akinsola,483088.0,85,22.5,55.2,0.0418,save,left-foot,assisted,sofascore
14288917,905455,Alan,3014.0,85,24.4,37.4,0.0238,miss,left-foot,assisted,sofascore
14288917,1185986,Óscar Perea,483088.0,82,22.8,42.4,0.0477,save,right-foot,assisted,sofascore
14288917,1185986,Óscar Perea,483088.0,77,9.4,34.4,0.0483,block,right-foot,assisted,sofascore
14288917,1471229,Landerson,3014.0,75,10.3,48.7,0.3925,miss,right-foot,assisted,sofascore
14288917,905455,Alan,3014.0,72,17.8,33.8,0.0213,block,right-foot,assisted,sofascore
14288917,1133063,Tunde Akinsola,483088.0,69,14.4,65.0,0.0362,miss,left-foot,assisted,sofascore
14288917,942907,Jordi Escobar,483088.0,58,15.4,56.0,0.0623,save,left-foot,assisted,sofascore
14288917,856119,Guilherme Schettine,3014.0,54,23.7,43.4,0.0382,save,right-foot,corner,sofascore
14288917,1142254,Rodrigo Alonso,3014.0,54,23.8,57.3,0.0116,block,right-foot,corner,sofascore
14288917,1142578,Diogo Travassos,3014.0,54,5.6,69.6,0.0395,block,left-foot,assisted,sofascore
14288917,856119,Guilherme Schettine,3014.0,50,4.9,48.9,0.7743,goal,right-foot,assisted,sofascore
14288917,1166006,Mateja Stjepanović,3014.0,50,26.3,31.6,0.0154,save,right-foot,regular,sofascore
14288917,1133063,Tunde Akinsola,483088.0,37,22.6,65.4,0.0094,miss,left-foot,throw-in-set-piece,sofascore
14288917,1900362,Guilherme Neiva,483088.0,36,21.0,26.2,0.0182,save,right-foot,assisted,sofascore
14288917,1133063,Tunde Akinsola,483088.0,32,25.4,54.4,0.0253,block,left-foot,assisted,sofascore
14288917,988778,Daniel Rivas,483088.0,25,27.8,28.2,0.0154,miss,left-foot,assisted,sofascore
14288917,905455,Alan,3014.0,24,27.1,40.5,0.0378,miss,right-foot,free-kick,sofascore
14288917,1142578,Diogo Travassos,3014.0,12,20.3,71.0,0.0134,goal,right-foot,regular,sofascore
14288917,856119,Guilherme Schettine,3014.0,12,8.6,56.4,0.2096,block,right-foot,fast-break,sofascore
14288917,856119,Guilherme Schettine,3014.0,10,4.2,45.8,0.4099,save,head,assisted,sofascore
14288925,1133282,André Luiz,3036.0,86,8.3,53.8,0.4894,goal,left-foot,assisted,sofascore
14288925,1012448,Claudio Mendes,36365.0,83,12.7,37.9,0.2526,goal,left-foot,throw-in-set-piece,sofascore
14288925,980407,Kelian Nsona,36365.0,82,14.8,40.9,0.1094,save,right-foot,fast-break,sofascore
14288925,848521,Marios Vrousai,3036.0,81,22.2,36.1,0.04,save,right-foot,assisted,sofascore
14288925,980407,Kelian Nsona,36365.0,77,11.3,32.1,0.0292,miss,right-foot,corner,sofascore
14288925,27622,José Fonte,36365.0,77,8.9,39.9,0.0118,block,head,corner,sofascore
14288925,1017023,Clayton,3036.0,75,13.8,46.2,0.1956,save,left-foot,regular,sofascore
14288925,27622,José Fonte,36365.0,74,8.6,42.1,0.0262,miss,head,corner,sofascore
14288925,826054,Jérémy Livolant,36365.0,73,27.7,46.9,0.0389,save,right-foot,free-kick,sofascore
14288925,1020203,Brandon Aguilera,3036.0,62,12.0,84.8,0.0422,goal,left-foot,free-kick,sofascore
14288925,1133282,André Luiz,3036.0,54,4.5,50.9,0.8128,goal,left-foot,fast-break,sofascore
14288925,849719,Gaizka Larrazabal,36365.0,52,11.3,66.7,0.1306,post,right-foot,assisted,sofascore
14288925,1133282,André Luiz,3036.0,48,20.9,61.1,0.0255,miss,left-foot,corner,sofascore
14288925,1133282,André Luiz,3036.0,47,24.3,52.3,0.0467,save,right-foot,assisted,sofascore
14288925,157023,Cassiano,36365.0,45,14.5,58.9,0.0516,miss,left-foot,throw-in-set-piece,sofascore
14288925,1020203,Brandon Aguilera,3036.0,41,29.6,22.7,0.0146,miss,left-foot,assisted,sofascore
14288925,848521,Marios Vrousai,3036.0,34,20.6,40.5,0.0312,block,right-foot,regular,sofascore
14288925,157023,Cassiano,36365.0,33,27.6,58.5,0.0291,miss,right-foot,assisted,sofascore
14288925,1005992,Andreas Ndoj,3036.0,28,14.4,60.5,0.0728,block,right-foot,set-piece,sofascore
14288925,1017023,Clayton,3036.0,24,14.2,47.7,0.375,save,left-foot,fast-break,sofascore
14288925,1133282,André Luiz,3036.0,24,9.5,47.4,0.8204,save,left-foot,fast-break,sofascore
14288925,2119726,Renato Nhaga,36365.0,16,8.0,18.2,0.3269,save,left-foot,assisted,sofascore
14288925,1010846,Yassin Oukili,36365.0,6,8.2,63.0,0.0697,block,right-foot,assisted,sofascore
14288925,157023,Cassiano,36365.0,4,8.2,47.0,0.5216,miss,right-foot,assisted,sofascore
14288925,826054,Jérémy Livolant,36365.0,2,14.7,42.3,0.0395,block,right-foot,regular,sofascore
14288925,849719,Gaizka Larrazabal,36365.0,2,10.4,66.7,0.1497,save,right-foot,assisted,sofascore
14288920,1799251,Brenner,3011.0,90,28.0,67.6,0.0175,miss,right-foot,regular,sofascore
14288920,992567,Borja Sainz,3002.0,88,21.3,28.3,0.0295,save,right-foot,assisted,sofascore
14288920,989383,Adriano Firmino,3011.0,85,29.6,53.8,0.0137,miss,right-foot,regular,sofascore
14288920,1001753,Vinícius Lopes,3011.0,85,20.6,31.9,0.0256,block,right-foot,assisted,sofascore
14288920,1046794,Gabriel Silva,3011.0,85,24.6,48.5,0.027,block,left-foot,assisted,sofascore
14288920,1108505,Paulo Victor,3011.0,80,15.6,37.0,0.0367,miss,left-foot,set-piece,sofascore
14288920,991358,Lucas Soares,3011.0,77,21.5,62.4,0.0344,block,left-foot,assisted,sofascore
14288920,1503836,Samu Aghehowa,3002.0,66,6.9,56.2,0.1341,block,right-foot,assisted,sofascore
14288920,1046794,Gabriel Silva,3011.0,57,26.5,33.6,0.0158,miss,right-foot,regular,sofascore
14288920,1503836,Samu Aghehowa,3002.0,53,13.2,43.7,0.0198,save,head,assisted,sofascore
14288920,1503836,Samu Aghehowa,3002.0,50,21.5,47.7,0.5854,goal,right-foot,regular,sofascore
14288920,1046794,Gabriel Silva,3011.0,47,52.6,69.6,0.0127,miss,right-foot,fast-break,sofascore
14288920,1010505,Gabri Veiga,3002.0,45,15.5,41.8,0.1437,block,left-foot,fast-break,sofascore
14288920,1639250,William Gomes,3002.0,45,13.9,59.6,0.0995,save,left-foot,fast-break,sofascore
14288920,989383,Adriano Firmino,3011.0,45,26.1,67.2,0.0079,block,right-foot,throw-in-set-piece,sofascore
14288920,991358,Lucas Soares,3011.0,31,28.3,72.4,0.0139,miss,right-foot,assisted,sofascore
14288920,1001753,Vinícius Lopes,3011.0,25,6.4,64.8,0.0239,miss,right-foot,corner,sofascore
14288920,1001753,Vinícius Lopes,3011.0,24,27.2,43.6,0.0279,block,right-foot,assisted,sofascore
14288920,1010505,Gabri Veiga,3002.0,22,24.9,39.4,0.0622,save,right-foot,free-kick,sofascore
14288920,1639250,William Gomes,3002.0,17,22.9,64.8,0.0227,miss,left-foot,assisted,sofascore
14288918,1015826,Chiquinho,190328.0,90,11.5,50.0,0.7884,goal,right-foot,penalty,sofascore
14288918,1528310,Tiago Leite,190328.0,90,13.8,53.8,0.0196,block,head,assisted,sofascore
14288918,904849,Nabil Touaizi,190328.0,90,11.9,66.6,0.031,miss,left-foot,assisted,sofascore
14288918,1105595,Sorriso,49531.0,87,22.9,33.3,0.0329,miss,right-foot,assisted,sofascore
14288918,1015826,Chiquinho,190328.0,87,15.7,19.0,0.0445,miss,right-foot,free-kick,sofascore
14288918,794928,Lincoln,190328.0,80,25.9,50.7,0.0628,miss,left-foot,free-kick,sofascore
14288918,1105595,Sorriso,49531.0,72,12.1,48.9,0.0333,block,head,assisted,sofascore
14288918,876255,Justin De Haas,49531.0,69,26.0,58.3,0.0515,save,left-foot,free-kick,sofascore
14288918,1511706,Alexsandro Amorim,190328.0,63,27.2,48.1,0.0156,miss,right-foot,assisted,sofascore
14288918,1606013,Yassir Zabiri,49531.0,62,2.9,38.9,0.1495,miss,left-foot,regular,sofascore
14288918,344023,Sandro Lima,190328.0,58,11.5,50.0,0.7884,save,right-foot,penalty,sofascore
14288918,836676,Tom Van De Looi,49531.0,52,18.5,49.6,0.0472,miss,right-foot,set-piece,sofascore
14288918,1563665,Gustavo Sá,49531.0,52,19.7,35.6,0.0206,miss,right-foot,set-piece,sofascore
14288918,1511656,Mathias De Amorim,49531.0,51,19.4,59.5,0.0237,block,right-foot,throw-in-set-piece,sofascore
14288918,836676,Tom Van De Looi,49531.0,49,27.9,59.3,0.0228,miss,right-foot,assisted,sofascore
14288918,344023,Sandro Lima,190328.0,48,6.9,54.8,0.234,save,head,assisted,sofascore
14288918,1511656,Mathias De Amorim,49531.0,47,25.4,44.8,0.0209,miss,left-foot,set-piece,sofascore
14288918,1167068,Kaiky Naves,190328.0,37,7.7,50.1,0.1058,miss,head,set-piece,sofascore
14288918,876255,Justin De Haas,49531.0,28,3.9,50.7,0.2884,save,right-foot,set-piece,sofascore
14288918,1463265,Antoine Joujou,49531.0,10,7.8,40.6,0.0796,miss,head,assisted,sofascore
14288918,1463265,Antoine Joujou,49531.0,6,10.5,37.1,0.1852,miss,left-foot,assisted,sofascore
14288918,190137,Rafa Soares,49531.0,4,27.7,38.0,0.0224,block,left-foot,throw-in-set-piece,sofascore
14288918,344023,Sandro Lima,190328.0,3,33.9,43.9,0.0093,save,right-foot,regular,sofascore
14288914,822526,Gabriel Batista,3011.0,90,6.0,49.8,0.149,miss,head,corner,sofascore
14288914,1001753,Vinícius Lopes,3011.0,90,24.3,39.8,0.0297,miss,right-foot,corner,sofascore
14288914,851277,Pedro Ferreira,3011.0,90,3.0,60.0,0.0847,block,right-foot,regular,sofascore
14288914,1066681,Elias Manoel,3011.0,90,8.9,50.9,0.1368,miss,head,assisted,sofascore
14288914,1131145,Sidney Lima,3011.0,89,6.7,51.3,0.1315,miss,head,corner,sofascore
14288914,1131145,Sidney Lima,3011.0,87,26.1,53.4,0.0593,block,right-foot,free-kick,sofascore
14288914,344181,José Gomes,3013.0,85,5.1,60.3,0.0465,miss,head,corner,sofascore
14288914,1172052,Daniel Júnior,3013.0,84,17.9,65.4,0.0422,save,left-foot,assisted,sofascore
14288914,786269,Witiness Quembo,3013.0,83,5.0,31.5,0.0588,miss,left-foot,throw-in-set-piece,sofascore
14288914,989383,Adriano Firmino,3011.0,80,23.2,52.2,0.0444,miss,right-foot,regular,sofascore
14288914,851277,Pedro Ferreira,3011.0,80,9.4,69.2,0.053,block,right-foot,assisted,sofascore
14288914,1799251,Brenner,3011.0,78,13.5,59.3,0.0302,miss,head,assisted,sofascore
14288914,1799251,Brenner,3011.0,77,8.4,70.6,0.0488,save,right-foot,regular,sofascore
14288914,141012,Luís Rocha,3011.0,75,8.8,56.0,0.0407,miss,head,corner,sofascore
14288914,1108505,Paulo Victor,3011.0,75,25.6,37.9,0.0076,save,left-foot,corner,sofascore
14288914,1172052,Daniel Júnior,3013.0,74,14.3,68.4,0.0577,miss,left-foot,fast-break,sofascore
14288914,1001753,Vinícius Lopes,3011.0,63,7.3,49.7,0.1249,miss,head,assisted,sofascore
14288914,2155276,José Tavares,3011.0,57,21.0,55.2,0.0321,block,right-foot,corner,sofascore
14288914,987597,Jesús Ramírez,3013.0,50,6.9,48.8,0.6637,goal,left-foot,assisted,sofascore
14288914,1172052,Daniel Júnior,3013.0,50,19.6,73.2,0.0122,block,left-foot,assisted,sofascore
14288914,991358,Lucas Soares,3011.0,45,22.3,53.8,0.0797,miss,left-foot,regular,sofascore
14288914,1459627,Henrique Silva,3011.0,43,26.5,37.4,0.0272,block,left-foot,regular,sofascore
14288914,987597,Jesús Ramírez,3013.0,38,11.5,50.0,0.7884,goal,right-foot,penalty,sofascore
14288914,822509,Léo Santos,3013.0,35,11.7,63.2,0.0142,miss,head,throw-in-set-piece,sofascore
14288914,1001753,Vinícius Lopes,3011.0,32,12.0,47.9,0.2717,miss,right-foot,assisted,sofascore
14288914,1046794,Gabriel Silva,3011.0,29,24.3,22.8,0.0306,save,right-foot,free-kick,sofascore
14288914,44684,João Aurélio,3013.0,24,21.6,56.2,0.0391,miss,right-foot,throw-in-set-piece,sofascore
14288914,987597,Jesús Ramírez,3013.0,21,14.8,47.9,0.0696,goal,right-foot,assisted,sofascore
14288914,1108505,Paulo Victor,3011.0,15,6.6,34.2,0.0637,goal,left-foot,regular,sofascore
14288914,912781,Paulinho Bóia,3013.0,12,12.1,35.1,0.0647,save,right-foot,regular,sofascore
14288914,902051,Miguel Baeza,3013.0,12,19.3,63.2,0.0253,block,left-foot,assisted,sofascore
14288914,1001753,Vinícius Lopes,3011.0,4,12.9,44.2,0.5132,goal,right-foot,regular,sofascore
14288907,861283,Cicero,38396.0,81,4.6,39.5,0.0544,block,head,corner,sofascore
14288907,822684,Siphephelo Sithole,38396.0,80,22.0,38.5,0.058,save,right-foot,assisted,sofascore
14288907,1142578,Diogo Travassos,3014.0,68,15.3,69.1,0.0203,miss,right-foot,assisted,sofascore
14288907,879917,Maranhão,38396.0,67,20.1,45.6,0.0366,miss,left-foot,corner,sofascore
14288907,905455,Alan,3014.0,66,17.9,49.5,0.0982,miss,right-foot,regular,sofascore
14288907,931485,Maracás,3014.0,62,4.8,45.1,0.1334,goal,head,corner,sofascore
14288907,1482435,Juan Rodríguez,38396.0,48,8.8,59.7,0.0622,block,right-foot,assisted,sofascore
14288907,879917,Maranhão,38396.0,43,25.4,56.4,0.0583,save,right-foot,assisted,sofascore
14288907,788786,Jordan Siebatcheu,38396.0,26,9.7,57.5,0.1206,block,right-foot,throw-in-set-piece,sofascore
14288907,879917,Maranhão,38396.0,18,22.3,63.4,0.0501,miss,left-foot,regular,sofascore
14288907,1115751,Luís Semedo,3014.0,13,27.4,55.2,0.0149,miss,right-foot,assisted,sofascore
14288907,2030567,Afonso Assis,3014.0,11,2.6,59.9,0.1087,block,head,corner,sofascore
14288907,1082948,Kiko Bondoso,3014.0,7,25.3,49.5,0.0193,block,right-foot,assisted,sofascore
14288907,910033,Cedric Teguia,3014.0,3,10.4,66.7,0.1377,save,left-foot,regular,sofascore
14288930,1122835,Alisson Santos,3001.0,88,8.3,69.9,0.0756,miss,right-foot,assisted,sofascore
14288930,1126512,Zeno Debast,3001.0,87,26.2,60.7,0.0162,miss,right-foot,set-piece,sofascore
14288930,861979,Daniel Bragança,3001.0,78,8.8,60.1,0.2751,goal,right-foot,assisted,sofascore
14288930,861979,Daniel Bragança,3001.0,76,24.1,29.9,0.0087,save,left-foot,assisted,sofascore
14288930,861979,Daniel Bragança,3001.0,73,18.9,62.4,0.0499,block,left-foot,assisted,sofascore
14288930,1067284,Tiago Morais,36365.0,60,26.0,53.2,0.0524,save,right-foot,fast-break,sofascore
14288930,830431,Francisco Trincão,3001.0,50,23.5,60.9,0.0202,block,left-foot,assisted,sofascore
14288930,830431,Francisco Trincão,3001.0,47,7.7,46.0,0.1681,miss,left-foot,regular,sofascore
14288930,826054,Jérémy Livolant,36365.0,46,21.0,66.2,0.035,miss,right-foot,assisted,sofascore
14288930,1001140,Geny Catamo,3001.0,43,12.5,60.5,0.247,goal,left-foot,assisted,sofascore
14288930,1001140,Geny Catamo,3001.0,38,13.8,74.2,0.0262,goal,left-foot,assisted,sofascore
14288930,1464248,Luis Guilherme,3001.0,34,4.8,42.3,0.759,miss,left-foot,fast-break,sofascore
14288930,830431,Francisco Trincão,3001.0,34,14.2,75.0,0.0242,miss,left-foot,assisted,sofascore
14288930,158597,Sebastián Pérez,36365.0,32,24.7,47.4,0.0346,miss,right-foot,corner,sofascore
14288930,2119726,Renato Nhaga,36365.0,31,13.9,62.3,0.0607,block,right-foot,fast-break,sofascore
14288930,1167818,Iván Fresneda,3001.0,27,6.4,45.2,0.1052,miss,head,assisted,sofascore
14288930,914213,Luis Javier Suárez,3001.0,21,17.9,41.5,0.1088,miss,right-foot,free-kick,sofascore
14288930,914213,Luis Javier Suárez,3001.0,18,19.1,44.0,0.078,miss,right-foot,regular,sofascore
14288930,1410209,João Simões,3001.0,17,27.9,62.1,0.0155,miss,left-foot,assisted,sofascore
14288930,914213,Luis Javier Suárez,3001.0,14,25.4,38.6,0.0503,miss,right-foot,free-kick,sofascore
14288930,826054,Jérémy Livolant,36365.0,10,9.9,71.4,0.0177,block,right-foot,assisted,sofascore
14288930,980407,Kelian Nsona,36365.0,5,17.9,26.2,0.0219,miss,right-foot,assisted,sofascore
14288940,1112474,Ze Vitor,3013.0,90,31.1,38.1,0.0112,miss,left-foot,regular,sofascore
14288940,987597,Jesús Ramírez,3013.0,90,9.9,45.6,0.0552,save,head,assisted,sofascore
14288940,912781,Paulinho Bóia,3013.0,87,33.4,38.5,0.0154,miss,right-foot,assisted,sofascore
14288940,1114164,Marvin Elimbi Gilbert,3010.0,83,5.1,56.0,0.1252,block,head,set-piece,sofascore
14288940,1097527,Luís Esteves,3010.0,81,19.5,49.0,0.0352,miss,right-foot,throw-in-set-piece,sofascore
14288940,1097527,Luís Esteves,3010.0,76,10.2,63.4,0.3629,miss,right-foot,assisted,sofascore
14288940,912781,Paulinho Bóia,3013.0,69,7.0,65.4,0.0374,miss,right-foot,corner,sofascore
14288940,912781,Paulinho Bóia,3013.0,67,11.7,29.4,0.0347,miss,right-foot,assisted,sofascore
14288940,1084746,Santi García,3010.0,57,13.2,52.6,0.4846,goal,right-foot,corner,sofascore
14288940,1001662,Zé Carlos,3010.0,57,23.8,54.6,0.0228,post,right-foot,corner,sofascore
14288940,344181,José Gomes,3013.0,52,28.6,37.0,0.0069,miss,left-foot,regular,sofascore
14288940,987597,Jesús Ramírez,3013.0,49,5.0,50.0,0.5448,miss,left-foot,regular,sofascore
14288940,1001662,Zé Carlos,3010.0,44,21.3,63.7,0.0377,miss,right-foot,corner,sofascore
14288940,1445615,Tidjany Touré,3010.0,44,13.2,25.5,0.02,block,right-foot,corner,sofascore
14288940,611880,Murilo,3010.0,41,23.3,61.3,0.0413,miss,left-foot,assisted,sofascore
14288940,1097527,Luís Esteves,3010.0,39,22.5,58.7,0.0177,miss,right-foot,throw-in-set-piece,sofascore
14288940,1084746,Santi García,3010.0,36,24.1,57.3,0.0187,block,left-foot,regular,sofascore
14288940,1084746,Santi García,3010.0,35,13.0,62.0,0.0565,block,left-foot,corner,sofascore
14288940,831781,Ghislain Konan,3010.0,34,16.3,30.8,0.0193,save,left-foot,assisted,sofascore
14288940,1445615,Tidjany Touré,3010.0,33,7.4,50.6,0.1194,miss,head,set-piece,sofascore
14288940,1112474,Ze Vitor,3013.0,22,5.7,46.6,0.4918,goal,left-foot,corner,sofascore
14288940,611880,Murilo,3010.0,19,16.9,50.2,0.0629,goal,left-foot,corner,sofascore
14288940,1097527,Luís Esteves,3010.0,19,19.3,58.1,0.0348,block,right-foot,assisted,sofascore
14288940,912781,Paulinho Bóia,3013.0,17,12.2,62.2,0.4481,save,right-foot,fast-break,sofascore
14288940,1146305,Gustavo Varela,3010.0,16,10.1,58.4,0.0585,save,head,assisted,sofascore
14288940,822510,Liziero,3013.0,15,29.9,63.6,0.0295,save,left-foot,free-kick,sofascore
14288940,1172052,Daniel Júnior,3013.0,9,30.0,50.7,0.0282,miss,left-foot,fast-break,sofascore
14288940,1011997,Chiheb Labidi,3013.0,3,22.9,45.2,0.0355,miss,left-foot,assisted,sofascore
14288936,344199,Rúben Semedo,483088.0,90,15.5,59.8,0.0074,save,head,set-piece,sofascore
14288936,838633,Jaume Grau,483088.0,89,21.6,58.1,0.0524,miss,left-foot,assisted,sofascore
14288936,1003071,Diego Duarte,483088.0,86,9.5,66.4,0.1656,save,right-foot,assisted,sofascore
14288936,966219,Ángel Algobia,483088.0,80,18.1,48.9,0.01,block,head,set-piece,sofascore
14288936,1133063,Tunde Akinsola,483088.0,76,25.4,59.3,0.0261,block,left-foot,assisted,sofascore
14288936,44685,Nenê,483088.0,75,51.1,68.7,0.0061,miss,right-foot,fast-break,sofascore
14288936,1067648,Pedro Lima,483088.0,69,28.2,45.6,0.033,block,left-foot,fast-break,sofascore
14288936,1003071,Diego Duarte,483088.0,62,12.8,41.9,0.019,block,head,assisted,sofascore
14288936,973517,Alfonso Trezza,25777.0,60,20.0,55.4,0.0587,block,right-foot,fast-break,sofascore
14288936,913728,Ivan Barbero,25777.0,58,4.8,43.6,0.169,miss,left-foot,assisted,sofascore
14288936,982610,Amadou Dante,25777.0,57,18.2,32.5,0.0425,block,right-foot,assisted,sofascore
14288936,913728,Ivan Barbero,25777.0,55,13.0,52.8,0.0329,miss,head,assisted,sofascore
14288936,913728,Ivan Barbero,25777.0,49,6.3,49.9,0.1638,miss,head,corner,sofascore
14288936,1191120,Hyun-ju Lee,25777.0,48,13.7,33.6,0.0569,block,right-foot,assisted,sofascore
14288936,1185986,Óscar Perea,483088.0,45,13.2,31.7,0.0232,miss,right-foot,assisted,sofascore
14288936,1133063,Tunde Akinsola,483088.0,45,26.2,61.1,0.0194,miss,left-foot,regular,sofascore
14288936,913728,Ivan Barbero,25777.0,42,7.7,46.2,0.1931,goal,head,assisted,sofascore
14288936,973517,Alfonso Trezza,25777.0,35,10.5,60.5,0.0528,miss,head,assisted,sofascore
14288936,1083250,Matías Rocha,25777.0,34,29.4,63.8,0.0206,miss,right-foot,assisted,sofascore
14288936,955133,Naïs Djouahra,25777.0,32,22.8,26.8,0.0178,miss,right-foot,assisted,sofascore
14288936,1067648,Pedro Lima,483088.0,28,5.4,32.9,0.0367,save,left-foot,regular,sofascore
14288936,1185986,Óscar Perea,483088.0,27,12.1,36.3,0.106,block,left-foot,fast-break,sofascore
14288936,1105857,Taichi Fukui,25777.0,22,23.9,27.0,0.0158,miss,right-foot,assisted,sofascore
14288936,1191120,Hyun-ju Lee,25777.0,21,16.3,53.0,0.0943,save,left-foot,throw-in-set-piece,sofascore
14288936,863637,Tiago Esgaio,25777.0,20,11.0,69.3,0.0602,block,right-foot,regular,sofascore
14288936,913728,Ivan Barbero,25777.0,18,9.7,48.7,0.1407,miss,head,assisted,sofascore
14288936,913728,Ivan Barbero,25777.0,17,24.3,50.9,0.022,block,right-foot,regular,sofascore
14288936,943713,Javi Sánchez,25777.0,12,9.0,53.9,0.0611,miss,head,set-piece,sofascore
14288936,973517,Alfonso Trezza,25777.0,9,20.5,72.4,0.0097,save,right-foot,assisted,sofascore
14288936,1105857,Taichi Fukui,25777.0,8,22.8,45.4,0.0193,miss,right-foot,corner,sofascore
14288938,1511706,Alexsandro Amorim,190328.0,87,10.7,66.2,0.0405,miss,left-foot,assisted,sofascore
14288938,1188685,Yan Maranhão,3014.0,82,4.2,60.7,0.0755,save,right-foot,regular,sofascore
14288938,1471229,Landerson,3014.0,79,21.9,49.7,0.0165,block,right-foot,set-piece,sofascore
14288938,1115751,Luís Semedo,3014.0,77,6.7,58.1,0.1342,miss,head,assisted,sofascore
14288938,1188685,Yan Maranhão,3014.0,72,7.3,50.5,0.2279,save,head,assisted,sofascore
14288938,344023,Sandro Lima,190328.0,69,8.0,53.4,0.223,goal,right-foot,assisted,sofascore
14288938,1142254,Rodrigo Alonso,3014.0,62,8.5,46.8,0.4122,goal,right-foot,regular,sofascore
14288938,1115751,Luís Semedo,3014.0,62,7.0,52.3,0.147,save,head,assisted,sofascore
14288938,904849,Nabil Touaizi,190328.0,60,11.5,50.0,0.7884,goal,right-foot,penalty,sofascore
14288938,794928,Lincoln,190328.0,54,9.4,48.9,0.3321,miss,left-foot,assisted,sofascore
14288938,794928,Lincoln,190328.0,53,15.3,49.7,0.0568,miss,left-foot,assisted,sofascore
14288938,1115751,Luís Semedo,3014.0,52,13.9,38.3,0.1592,miss,left-foot,fast-break,sofascore
14288938,1105790,Figueiredo,190328.0,49,7.1,67.3,0.0482,block,right-foot,assisted,sofascore
14288938,794928,Lincoln,190328.0,49,14.5,63.0,0.0785,block,left-foot,regular,sofascore
14288938,1158067,Francisco Chissumba,190328.0,49,8.6,51.5,0.144,block,right-foot,assisted,sofascore
14288938,1405973,Bastien Meupiyou,190328.0,42,25.7,39.5,0.0211,miss,left-foot,assisted,sofascore
14288938,1511706,Alexsandro Amorim,190328.0,42,19.0,63.2,0.0228,block,right-foot,regular,sofascore
14288938,125625,Sergi Gómez,190328.0,37,1.5,42.5,0.3401,miss,right-foot,set-piece,sofascore
14288938,1105790,Figueiredo,190328.0,33,26.3,46.2,0.0216,save,right-foot,assisted,sofascore
14288938,1511706,Alexsandro Amorim,190328.0,32,23.8,40.7,0.0277,miss,left-foot,assisted,sofascore
14288938,1142578,Diogo Travassos,3014.0,31,14.7,64.4,0.1733,miss,right-foot,fast-break,sofascore
14288938,794928,Lincoln,190328.0,23,14.2,45.0,0.2044,miss,left-foot,assisted,sofascore
14288938,905455,Alan,3014.0,17,25.1,41.3,0.025,block,right-foot,assisted,sofascore
14288938,344023,Sandro Lima,190328.0,13,5.8,57.3,0.0834,miss,head,throw-in-set-piece,sofascore
14288938,1142578,Diogo Travassos,3014.0,12,11.9,53.6,0.0498,miss,other,assisted,sofascore
14288934,795236,Vangelis Pavlidis,3006.0,90,21.2,48.1,0.0582,save,left-foot,assisted,sofascore
14288934,1085740,Manu Silva,3006.0,90,4.3,51.4,0.2278,miss,head,corner,sofascore
14288934,993101,Samuel Dahl,3006.0,90,17.3,35.4,0.0141,block,left-foot,corner,sofascore
14288934,1176881,Diogo Bezerra,3036.0,87,20.7,69.9,0.0122,block,right-foot,corner,sofascore
14288934,1017023,Clayton,3036.0,87,9.1,46.6,0.0445,block,head,corner,sofascore
14288934,1117723,Sidny Lopes Cabral,3006.0,85,25.7,63.2,0.0045,block,right-foot,corner,sofascore
14288934,1123925,Georgiy Sudakov,3006.0,67,26.5,43.0,0.0203,miss,right-foot,regular,sofascore
14288934,1123925,Georgiy Sudakov,3006.0,63,11.9,31.9,0.0877,miss,left-foot,fast-break,sofascore
14288934,1017023,Clayton,3036.0,60,8.8,28.2,0.0162,miss,left-foot,assisted,sofascore
14288934,1133282,André Luiz,3036.0,56,18.8,51.1,0.0447,save,left-foot,assisted,sofascore
14288934,1123925,Georgiy Sudakov,3006.0,51,13.2,26.7,0.021,save,right-foot,corner,sofascore
14288934,983542,Tomás Araújo,3006.0,47,15.1,46.6,0.0388,save,right-foot,corner,sofascore
14288934,1201395,Gianluca Prestianni,3006.0,46,19.1,63.4,0.0782,miss,right-foot,assisted,sofascore
14288934,1201395,Gianluca Prestianni,3006.0,45,19.7,66.0,0.0218,miss,right-foot,assisted,sofascore
14288934,1020203,Brandon Aguilera,3036.0,41,23.1,48.3,0.0375,block,left-foot,assisted,sofascore
14288934,1005992,Andreas Ndoj,3036.0,40,22.3,66.7,0.0308,post,right-foot,fast-break,sofascore
14288934,1017023,Clayton,3036.0,40,14.4,32.3,0.0334,block,right-foot,fast-break,sofascore
14288934,906800,Leandro Barreiro,3006.0,37,9.8,37.1,0.0171,save,head,corner,sofascore
14288934,795236,Vangelis Pavlidis,3006.0,36,25.9,49.9,0.0254,block,left-foot,assisted,sofascore
14288934,1100952,Andreas Schjelderup,3006.0,34,12.5,35.6,0.0676,block,right-foot,assisted,sofascore
14288934,1005992,Andreas Ndoj,3006.0,25,15.9,53.6,,goal,left-foot,regular,sofascore
14288934,906800,Leandro Barreiro,3006.0,16,7.1,43.9,0.1774,goal,head,corner,sofascore
14288934,906800,Leandro Barreiro,3006.0,15,25.9,43.8,0.0239,block,right-foot,assisted,sofascore
14288934,993101,Samuel Dahl,3006.0,15,11.7,33.3,0.0537,save,left-foot,regular,sofascore
14288934,1100952,Andreas Schjelderup,3006.0,14,9.4,49.3,0.2086,save,left-foot,regular,sofascore
14288934,983542,Tomás Araújo,3006.0,12,7.1,54.4,0.1801,miss,head,corner,sofascore
14288934,1102791,Amar Dedić,3006.0,10,9.9,64.0,0.0798,miss,right-foot,assisted,sofascore
14288934,993101,Samuel Dahl,3006.0,8,16.1,33.3,0.0254,miss,left-foot,assisted,sofascore
14288934,795236,Vangelis Pavlidis,3006.0,7,9.8,54.0,0.2659,save,right-foot,regular,sofascore
14288934,795236,Vangelis Pavlidis,3006.0,3,6.6,34.9,0.0104,miss,head,corner,sofascore
14288942,1046794,Gabriel Silva,3011.0,90,24.6,33.5,0.0261,post,right-foot,regular,sofascore
14288942,991358,Lucas Soares,3011.0,90,25.3,70.3,0.0135,block,right-foot,assisted,sofascore
14288942,1066681,Elias Manoel,3011.0,82,1.3,45.2,0.7338,miss,head,corner,sofascore
14288942,989385,Welinton Torrao,3011.0,82,3.9,57.9,0.1061,miss,head,corner,sofascore
14288942,1606013,Yassir Zabiri,49531.0,79,14.3,74.7,0.0333,save,right-foot,assisted,sofascore
14288942,851277,Pedro Ferreira,3011.0,79,25.9,59.1,0.0256,miss,right-foot,regular,sofascore
14288942,1105595,Sorriso,49531.0,75,4.0,52.6,0.2908,goal,right-foot,assisted,sofascore
14288942,1563665,Gustavo Sá,49531.0,64,7.2,55.7,0.7141,miss,left-foot,assisted,sofascore
14288942,1046794,Gabriel Silva,3011.0,61,26.8,47.6,0.0233,miss,right-foot,assisted,sofascore
14288942,1019184,Serginho,3011.0,59,23.1,74.6,0.0166,block,right-foot,regular,sofascore
14288942,1102988,Pedro Bondo,49531.0,56,16.6,46.4,0.0265,miss,right-foot,corner,sofascore
14288942,1001753,Vinícius Lopes,3011.0,52,26.5,55.0,0.0414,block,right-foot,fast-break,sofascore
14288942,1563665,Gustavo Sá,49531.0,51,5.1,54.8,0.2101,save,head,assisted,sofascore
14288942,1001753,Vinícius Lopes,3011.0,45,24.4,63.6,0.0264,block,right-foot,assisted,sofascore
14288942,583838,Gil Dias,49531.0,44,13.2,66.8,0.0569,miss,left-foot,assisted,sofascore
14288942,1162051,Gustavo Klismahn,3011.0,37,10.9,31.2,0.0439,miss,left-foot,assisted,sofascore
14288942,991358,Lucas Soares,3011.0,18,8.3,62.3,0.0262,miss,head,assisted,sofascore
14288942,1049526,Simon Elisor,49531.0,16,9.7,54.0,0.0865,miss,head,assisted,sofascore
14288942,1046794,Gabriel Silva,3011.0,8,17.9,45.8,0.0477,block,right-foot,assisted,sofascore
14131965,1100957,Marko Milovanović,190328.0,90,6.2,46.6,0.54,goal,head,fast-break,sofascore
14131965,1529932,Fahem Benaissa-Yahia,36365.0,79,21.9,46.0,0.0548,post,left-foot,assisted,sofascore
14131965,794928,Lincoln,190328.0,76,8.6,46.3,0.3414,goal,left-foot,assisted,sofascore
14131965,849719,Gaizka Larrazabal,36365.0,71,15.3,36.4,0.0261,block,right-foot,regular,sofascore
14131965,1031485,Sabit Abdulai,190328.0,69,11.8,65.1,0.0066,save,head,corner,sofascore
14131965,1100957,Marko Milovanović,190328.0,66,6.5,46.1,0.1674,miss,head,corner,sofascore
14131965,1511706,Alexsandro Amorim,190328.0,62,21.2,47.9,0.0678,save,right-foot,regular,sofascore
14131965,1031485,Sabit Abdulai,190328.0,59,29.3,61.5,0.0142,miss,right-foot,assisted,sofascore
14131965,1511706,Alexsandro Amorim,190328.0,54,8.9,64.3,0.2,save,right-foot,regular,sofascore
14131965,851276,Abdu Conté,36365.0,53,29.0,39.7,0.009,miss,left-foot,corner,sofascore
14131965,794928,Lincoln,190328.0,45,8.4,28.9,0.0485,post,left-foot,fast-break,sofascore
14131965,849719,Gaizka Larrazabal,36365.0,36,11.1,61.3,0.0693,block,right-foot,assisted,sofascore
14131965,963990,Kaique Rocha,36365.0,20,7.8,37.3,0.0139,block,head,corner,sofascore
14131965,1031485,Sabit Abdulai,190328.0,15,28.1,39.1,0.0204,miss,left-foot,assisted,sofascore
14131966,1049526,Simon Elisor,49531.0,90,4.2,55.1,0.1453,miss,head,corner,sofascore
14131966,583838,Gil Dias,49531.0,90,17.2,70.3,0.0185,block,left-foot,regular,sofascore
14131966,1563665,Gustavo Sá,49531.0,86,9.3,44.2,0.0391,miss,head,corner,sofascore
14131966,583838,Gil Dias,49531.0,85,6.7,66.4,0.0508,save,right-foot,assisted,sofascore
14131966,1115751,Luís Semedo,3014.0,84,54.8,54.8,0.0072,miss,right-foot,fast-break,sofascore
14131966,1142578,Diogo Travassos,3014.0,83,26.3,45.6,0.0153,block,right-foot,assisted,sofascore
14131966,1160980,Dinis Pinto,3014.0,80,8.9,37.6,0.0147,goal,head,set-piece,sofascore
14131966,1006995,Vasco Sousa,3014.0,76,13.2,45.8,0.1552,save,right-foot,assisted,sofascore
14131966,1606013,Yassir Zabiri,49531.0,70,3.8,54.2,0.4849,save,right-foot,assisted,sofascore
14131966,1105595,Sorriso,49531.0,60,8.3,45.0,0.4079,save,right-foot,regular,sofascore
14131966,836676,Tom Van De Looi,49531.0,60,21.8,56.4,0.0454,save,right-foot,assisted,sofascore
14131966,1563665,Gustavo Sá,49531.0,57,9.9,58.1,0.1033,goal,right-foot,set-piece,sofascore
14131966,1606013,Yassir Zabiri,49531.0,54,6.5,55.7,0.1989,save,head,throw-in-set-piece,sofascore
14131966,1563665,Gustavo Sá,49531.0,53,15.1,57.0,0.1241,block,left-foot,throw-in-set-piece,sofascore
14131966,856119,Guilherme Schettine,3014.0,47,3.1,48.5,0.9001,goal,left-foot,assisted,sofascore
14131966,856119,Guilherme Schettine,3014.0,45,8.3,51.9,0.168,save,head,assisted,sofascore
14131966,1105595,Sorriso,49531.0,40,6.1,42.2,0.0666,block,head,assisted,sofascore
14131966,1160980,Dinis Pinto,3014.0,37,21.0,57.3,0.064,save,right-foot,regular,sofascore
14131966,1471229,Landerson,3014.0,37,18.8,27.8,0.0228,block,right-foot,assisted,sofascore
14131966,1563665,Gustavo Sá,49531.0,36,21.6,58.7,0.0699,miss,left-foot,assisted,sofascore
14131966,1595506,Ibrahima Ba,49531.0,31,7.4,66.9,0.0087,miss,head,corner,sofascore
14131966,1606013,Yassir Zabiri,49531.0,31,19.7,35.0,0.0653,save,left-foot,assisted,sofascore
14131966,845811,Bernardo Martins,3014.0,27,23.8,59.9,0.0119,miss,right-foot,corner,sofascore
14131966,1606013,Yassir Zabiri,49531.0,21,7.1,48.2,0.3536,goal,head,assisted,sofascore
14131966,1606013,Yassir Zabiri,49531.0,14,8.9,47.7,0.0675,miss,head,assisted,sofascore
14131966,845811,Bernardo Martins,3014.0,7,47.6,46.4,0.0098,miss,right-foot,regular,sofascore
14131966,845811,Bernardo Martins,3014.0,4,20.1,62.4,0.0392,save,left-foot,assisted,sofascore
14131966,1102988,Pedro Bondo,49531.0,1,28.7,41.9,0.0177,miss,left-foot,corner,sofascore
14131968,822509,Léo Santos,3013.0,90,24.8,48.7,0.037,miss,left-foot,regular,sofascore
14131968,795236,Vangelis Pavlidis,3006.0,90,3.8,49.2,0.53,goal,left-foot,assisted,sofascore
14131968,1201395,Gianluca Prestianni,3006.0,89,11.7,73.2,0.0285,goal,right-foot,assisted,sofascore
14131968,786269,Witiness Quembo,3013.0,80,19.7,66.4,0.0465,miss,left-foot,fast-break,sofascore
14131968,1123925,Georgiy Sudakov,3006.0,79,19.1,49.1,0.0391,block,right-foot,assisted,sofascore
14131968,1006069,António Silva,3006.0,76,6.7,47.7,0.2779,miss,head,assisted,sofascore
14131968,1102791,Amar Dedić,3006.0,75,3.7,65.8,0.0903,block,right-foot,assisted,sofascore
14131968,1006069,António Silva,3006.0,71,8.2,43.6,0.054,miss,head,set-piece,sofascore
14131968,228364,Fredrik Aursnes,3006.0,69,23.2,45.0,0.0222,miss,right-foot,assisted,sofascore
14131968,1103333,Franjo Ivanović,3006.0,66,7.6,54.0,0.2034,save,head,assisted,sofascore
14131968,1102791,Amar Dedić,3006.0,66,18.2,55.2,0.0693,block,left-foot,regular,sofascore
14131968,228364,Fredrik Aursnes,3006.0,63,17.0,62.2,0.0193,block,right-foot,corner,sofascore
14131968,1006069,António Silva,3006.0,63,4.4,40.0,0.0589,block,head,corner,sofascore
14131968,795236,Vangelis Pavlidis,3006.0,63,16.5,48.4,0.0952,save,left-foot,assisted,sofascore
14131968,987597,Jesús Ramírez,3013.0,60,8.3,41.7,0.2307,goal,left-foot,assisted,sofascore
14131968,1087316,Enzo Barrenechea,3006.0,58,17.9,36.7,0.06,miss,left-foot,assisted,sofascore
14131968,912781,Paulinho Bóia,3013.0,54,9.8,73.2,0.0216,miss,left-foot,corner,sofascore
14131968,987597,Jesús Ramírez,3013.0,53,19.7,43.3,0.0348,save,right-foot,assisted,sofascore
14131968,1184329,Rodrigo Rego,3006.0,52,23.1,69.1,0.0205,miss,left-foot,assisted,sofascore
14131968,1640310,Motez Nourani,3013.0,51,26.9,65.2,0.022,block,left-foot,assisted,sofascore
14131968,228364,Fredrik Aursnes,3006.0,50,19.2,31.7,0.0173,block,right-foot,assisted,sofascore
14131968,1184329,Rodrigo Rego,3006.0,43,14.1,55.6,0.1347,block,left-foot,regular,sofascore
14131968,1123925,Georgiy Sudakov,3006.0,33,23.8,54.8,0.022,save,right-foot,assisted,sofascore
14131968,1184329,Rodrigo Rego,3006.0,29,8.8,71.6,0.0171,block,left-foot,assisted,sofascore
14131968,795236,Vangelis Pavlidis,3006.0,29,9.9,53.8,0.0462,save,head,assisted,sofascore
14131968,795236,Vangelis Pavlidis,3006.0,26,8.8,58.5,0.0996,miss,head,assisted,sofascore
14131968,228364,Fredrik Aursnes,3006.0,26,19.5,50.5,0.0745,miss,right-foot,assisted,sofascore
14131968,1102791,Amar Dedić,3006.0,18,20.4,69.9,0.0206,miss,right-foot,assisted,sofascore
14131968,1184329,Rodrigo Rego,3006.0,16,20.3,69.5,0.023,block,left-foot,assisted,sofascore
14131968,1123925,Georgiy Sudakov,3006.0,14,27.2,49.9,0.0195,miss,right-foot,assisted,sofascore
14131968,1087316,Enzo Barrenechea,3006.0,11,7.1,40.0,0.0554,miss,right-foot,corner,sofascore
14131968,906800,Leandro Barreiro,3006.0,10,20.0,30.1,0.0346,save,right-foot,assisted,sofascore
14131968,74915,Nicolás Otamendi,3006.0,6,11.1,38.0,0.0232,block,left-foot,corner,sofascore
14131968,906800,Leandro Barreiro,3006.0,6,4.8,41.3,0.0988,save,left-foot,corner,sofascore
14131968,795236,Vangelis Pavlidis,3006.0,6,7.7,44.4,0.0925,miss,right-foot,corner,sofascore
14131961,1083277,Martin Fernández,3010.0,90,17.7,70.4,0.0142,block,left-foot,assisted,sofascore
14131961,800348,Jonathan Buatu,3010.0,88,13.3,51.1,0.0186,block,head,corner,sofascore
14131961,988882,Joe Hodge,38396.0,78,7.1,66.7,0.0754,block,right-foot,throw-in-set-piece,sofascore
14131961,1799336,Agustín Moreira,3010.0,74,12.9,35.2,0.0926,miss,left-foot,assisted,sofascore
14131961,611880,Murilo,3010.0,73,27.1,62.0,0.0363,miss,left-foot,free-kick,sofascore
14131961,831781,Ghislain Konan,3010.0,60,17.5,30.4,0.0334,block,left-foot,regular,sofascore
14131961,1084746,Santi García,3010.0,46,34.1,52.3,0.0164,miss,right-foot,regular,sofascore
14131961,611880,Murilo,3010.0,45,8.5,68.2,0.0331,miss,right-foot,assisted,sofascore
14131961,611880,Murilo,3010.0,43,23.8,64.2,0.0237,save,left-foot,assisted,sofascore
14131961,1146305,Gustavo Varela,3010.0,41,13.1,61.9,0.0485,block,right-foot,assisted,sofascore
14131961,879917,Maranhão,38396.0,35,11.5,50.0,0.7884,goal,right-foot,penalty,sofascore
14131961,879917,Maranhão,38396.0,32,8.1,72.6,0.0527,save,right-foot,fast-break,sofascore
14131961,1146013,Hugo Félix,38396.0,32,26.1,21.9,0.0352,miss,right-foot,free-kick,sofascore
14131961,1097527,Luís Esteves,3010.0,26,19.5,32.1,0.0452,miss,right-foot,assisted,sofascore
14131961,1146305,Gustavo Varela,3010.0,21,9.8,48.5,0.0875,miss,head,assisted,sofascore
14131961,1097527,Luís Esteves,3010.0,17,23.2,46.2,0.016,block,right-foot,throw-in-set-piece,sofascore
14131961,831781,Ghislain Konan,3010.0,13,22.3,28.2,0.0198,miss,left-foot,assisted,sofascore
14131961,611880,Murilo,3010.0,11,23.8,67.5,0.021,save,left-foot,assisted,sofascore
14131961,879917,Maranhão,38396.0,4,29.9,72.6,0.0596,post,right-foot,fast-break,sofascore
14131967,254815,Frederico Venâncio,3011.0,77,14.5,56.5,0.0452,miss,right-foot,corner,sofascore
14131967,1019184,Serginho,3011.0,62,23.2,48.7,0.0332,miss,right-foot,regular,sofascore
14131967,989383,Adriano Firmino,3011.0,59,26.3,41.3,0.0187,miss,right-foot,regular,sofascore
14131967,1017023,Clayton,3036.0,56,11.1,66.7,0.0774,miss,right-foot,assisted,sofascore
14131967,1799251,Brenner,3011.0,55,23.2,23.8,0.0198,save,right-foot,assisted,sofascore
14131967,848521,Marios Vrousai,3036.0,53,11.3,70.9,0.0218,save,right-foot,assisted,sofascore
14131967,867438,Jonathan Panzo,3036.0,45,6.7,50.7,0.5418,miss,head,corner,sofascore
14131967,848521,Marios Vrousai,3036.0,45,8.8,68.1,0.0343,save,right-foot,regular,sofascore
14131967,1019184,Serginho,3011.0,45,22.0,31.6,0.0204,save,right-foot,assisted,sofascore
14131967,1019184,Serginho,3011.0,38,11.5,50.0,0.7884,goal,right-foot,penalty,sofascore
14131967,1017023,Clayton,3036.0,29,7.7,71.4,0.0206,miss,right-foot,assisted,sofascore
14131967,1799251,Brenner,3011.0,26,22.8,26.8,0.0159,miss,right-foot,assisted,sofascore
14131967,1017023,Clayton,3036.0,24,7.3,43.3,0.0678,goal,head,set-piece,sofascore
14131967,1017023,Clayton,3036.0,20,3.6,47.6,0.5237,miss,head,set-piece,sofascore
14131967,1133282,André Luiz,3036.0,15,11.9,53.2,0.1341,miss,left-foot,set-piece,sofascore
14131967,1017023,Clayton,3036.0,15,11.5,50.0,0.7884,save,right-foot,penalty,sofascore
14131967,851277,Pedro Ferreira,3011.0,8,10.8,59.5,0.0615,block,right-foot,set-piece,sofascore
14131967,1799251,Brenner,3011.0,6,13.5,29.8,0.038,block,right-foot,assisted,sofascore
14131964,1122835,Alisson Santos,3001.0,90,18.6,49.3,0.0466,miss,right-foot,corner,sofascore
14131964,895764,Pedro Gonçalves,3001.0,90,10.1,70.9,0.0581,save,right-foot,fast-break,sofascore
14131964,1122835,Alisson Santos,3001.0,89,21.2,29.5,0.02,block,right-foot,assisted,sofascore
14131964,914213,Luis Javier Suárez,3001.0,81,15.6,42.1,0.1828,save,right-foot,regular,sofascore
14131964,830431,Francisco Trincão,3001.0,77,26.2,46.2,0.0251,block,left-foot,assisted,sofascore
14131964,797648,Matheus Reis,3001.0,72,21.0,30.6,0.0203,block,right-foot,assisted,sofascore
14131964,1117723,Sidny Lopes Cabral,3035.0,64,18.4,30.1,0.026,block,right-foot,fast-break,sofascore
14131964,797648,Matheus Reis,3001.0,63,5.5,64.4,0.0103,miss,head,corner,sofascore
14131964,830431,Francisco Trincão,3001.0,62,21.1,62.2,0.025,block,left-foot,regular,sofascore
14131964,914213,Luis Javier Suárez,3001.0,54,13.5,48.7,0.6024,goal,right-foot,assisted,sofascore
14131964,845802,Jovane Cabral,3035.0,54,28.2,30.9,0.0108,save,right-foot,assisted,sofascore
14131964,1001140,Geny Catamo,3001.0,52,8.5,66.1,0.0442,miss,right-foot,assisted,sofascore
14131964,914213,Luis Javier Suárez,3001.0,47,13.9,56.1,0.1527,miss,right-foot,assisted,sofascore
14131964,1090543,Abraham Marcus,3035.0,46,14.8,70.9,0.0256,save,left-foot,assisted,sofascore
14131964,869875,Kikas,3035.0,43,26.8,68.5,0.0191,save,right-foot,assisted,sofascore
14131964,1117723,Sidny Lopes Cabral,3035.0,41,20.8,66.7,0.0248,miss,left-foot,fast-break,sofascore
14131964,1403165,Geovany Quenda,3001.0,37,13.5,29.3,0.0374,block,left-foot,assisted,sofascore
14131964,914213,Luis Javier Suárez,3001.0,34,24.2,60.4,0.0189,miss,left-foot,regular,sofascore
14131964,1167818,Iván Fresneda,3001.0,25,8.6,52.3,0.14,goal,head,set-piece,sofascore
14131964,1167818,Iván Fresneda,3001.0,23,15.0,62.6,0.0668,block,left-foot,assisted,sofascore
14131964,830431,Francisco Trincão,3001.0,13,9.7,54.4,0.6364,miss,left-foot,regular,sofascore
14131964,914213,Luis Javier Suárez,3001.0,11,15.3,52.2,0.1346,goal,right-foot,assisted,sofascore
14131964,1403165,Geovany Quenda,3001.0,9,21.9,44.4,0.0814,miss,left-foot,assisted,sofascore
14131964,989841,Eduardo Quaresma,3001.0,7,9.9,51.0,0.0526,goal,head,set-piece,sofascore
14131963,357734,Ferro,4500.0,90,15.1,45.8,0.0403,block,right-foot,set-piece,sofascore
14131963,992567,Borja Sainz,3002.0,71,19.4,45.0,0.0596,block,right-foot,assisted,sofascore
14131963,286085,Jan Bednarek,3002.0,70,9.8,59.3,0.0174,miss,head,corner,sofascore
14131963,40878,Luuk de Jong,3002.0,69,1.8,58.7,0.0789,block,right-foot,assisted,sofascore
14131963,1503836,Samu Aghehowa,3002.0,68,9.1,56.8,0.4578,save,right-foot,assisted,sofascore
14131963,1010505,Gabri Veiga,3002.0,63,13.9,31.9,0.0495,save,right-foot,assisted,sofascore
14131963,976037,Jakub Kiwior,3002.0,59,5.5,45.4,0.1285,miss,head,corner,sofascore
14131963,1511977,Pedro Carvalho,4500.0,57,11.1,66.4,0.0374,block,right-foot,assisted,sofascore
14131963,1503836,Samu Aghehowa,3002.0,55,20.0,54.6,0.1052,save,right-foot,fast-break,sofascore
14131963,1503836,Samu Aghehowa,3002.0,54,9.4,52.4,0.0894,miss,right-foot,corner,sofascore
14131963,1639250,William Gomes,3002.0,54,15.8,49.9,0.0428,save,right-foot,corner,sofascore
14131963,1406639,Victor Froholdt,3002.0,48,5.1,64.0,0.0764,block,right-foot,assisted,sofascore
14131963,930246,Yanis Begraoui,4500.0,45,12.3,54.7,0.1732,miss,right-foot,set-piece,sofascore
14131963,920684,Jordan Holsgrove,4500.0,45,29.0,45.3,0.01,miss,right-foot,regular,sofascore
14131963,548044,João Carvalho,4500.0,32,23.0,61.4,0.0301,save,right-foot,set-piece,sofascore
14131963,548044,João Carvalho,4500.0,30,12.9,42.4,0.1531,miss,right-foot,assisted,sofascore
14131963,548044,João Carvalho,4500.0,22,30.8,39.3,0.0161,save,right-foot,regular,sofascore
14131963,986726,Ricard Sánchez,4500.0,22,15.8,53.2,0.1797,miss,right-foot,assisted,sofascore
14131963,992567,Borja Sainz,3002.0,21,14.9,50.3,0.1881,save,right-foot,fast-break,sofascore
14131963,1120679,André Lacximicant,4500.0,11,9.5,73.0,0.015,block,left-foot,assisted,sofascore
14131963,1639250,William Gomes,3002.0,8,10.8,32.7,0.0569,goal,left-foot,regular,sofascore
14131963,1120679,André Lacximicant,4500.0,5,15.7,55.8,0.054,block,left-foot,assisted,sofascore
14131963,930246,Yanis Begraoui,4500.0,5,37.2,82.8,0.3392,miss,right-foot,fast-break,sofascore
14131959,1105857,Taichi Fukui,25777.0,90,24.4,70.3,0.0164,miss,right-foot,regular,sofascore
14131959,1014048,Amine El Ouazzani,2999.0,88,17.5,70.4,0.0173,miss,left-foot,assisted,sofascore
14131959,1014048,Amine El Ouazzani,2999.0,85,8.8,46.2,0.1425,post,head,set-piece,sofascore
14131959,965263,Gustaf Lagerbielke,2999.0,85,7.4,50.9,0.2336,post,head,set-piece,sofascore
14131959,1014048,Amine El Ouazzani,2999.0,84,3.9,58.2,0.1799,save,right-foot,corner,sofascore
14131959,868235,Sikou Niakaté,2999.0,84,8.3,52.9,0.0837,miss,head,corner,sofascore
14131959,965263,Gustaf Lagerbielke,2999.0,71,5.4,47.8,0.2237,goal,head,corner,sofascore
14131959,1014048,Amine El Ouazzani,2999.0,66,9.1,67.5,0.1515,miss,right-foot,assisted,sofascore
14131959,1014048,Amine El Ouazzani,2999.0,65,5.2,47.8,0.4176,save,right-foot,assisted,sofascore
14131959,1000680,Miguel Puche,25777.0,62,24.5,38.8,0.0345,save,right-foot,fast-break,sofascore
14131959,965263,Gustaf Lagerbielke,2999.0,58,7.2,43.9,0.15,miss,head,throw-in-set-piece,sofascore
14131959,1031567,Pau Víctor,2999.0,58,18.9,51.9,0.0469,save,right-foot,corner,sofascore
14131959,1105857,Taichi Fukui,25777.0,57,41.2,91.0,0.0069,miss,right-foot,fast-break,sofascore
14131959,1034711,Alex Pinto,2999.0,45,4.1,44.3,,goal,left-foot,regular,sofascore
14131959,1031567,Pau Víctor,2999.0,44,20.0,48.5,0.0612,miss,right-foot,assisted,sofascore
14131959,1120039,Jean-Baptiste Gorby,2999.0,40,5.7,27.0,0.0229,save,left-foot,assisted,sofascore
14131959,314380,Ricardo Horta,2999.0,34,11.2,56.9,0.133,miss,right-foot,assisted,sofascore
14131959,314380,Ricardo Horta,2999.0,31,11.5,66.6,0.0778,goal,right-foot,assisted,sofascore
14131959,877918,Victor Gómez,2999.0,31,16.3,56.9,0.099,block,left-foot,assisted,sofascore
14131959,888592,Nico Mantl,2999.0,26,1.8,50.5,0.0,goal,other,set-piece,sofascore
14131959,314380,Ricardo Horta,2999.0,26,11.5,50.0,0.7884,post,right-foot,penalty,sofascore
14131959,868235,Sikou Niakaté,2999.0,21,24.4,30.9,0.0187,miss,left-foot,assisted,sofascore
14131959,1014048,Amine El Ouazzani,2999.0,21,19.5,64.6,0.0229,block,left-foot,regular,sofascore
14131973,1015292,Richard Ríos,3006.0,81,18.0,64.1,0.0384,miss,left-foot,assisted,sofascore
14131973,1123925,Georgiy Sudakov,3006.0,65,22.4,48.8,0.062,save,right-foot,assisted,sofascore
14131973,228364,Fredrik Aursnes,3006.0,64,14.2,68.7,0.0188,save,right-foot,assisted,sofascore
14131973,795236,Vangelis Pavlidis,3006.0,62,21.6,46.6,0.0496,save,left-foot,regular,sofascore
14131973,1102791,Amar Dedić,3006.0,54,20.4,70.2,0.0203,miss,right-foot,assisted,sofascore
14131973,906800,Leandro Barreiro,3006.0,43,9.9,41.3,0.0744,block,right-foot,assisted,sofascore
14131973,1102791,Amar Dedić,3006.0,39,13.2,59.7,0.1012,miss,left-foot,regular,sofascore
14131973,1087316,Enzo Barrenechea,3006.0,31,10.5,55.1,0.0306,miss,head,corner,sofascore
14131973,1123925,Georgiy Sudakov,3006.0,27,1.0,46.8,0.4545,goal,left-foot,assisted,sofascore
14131973,929193,Maximiliano Araújo,3001.0,26,22.0,51.3,0.0538,miss,left-foot,fast-break,sofascore
14131973,1123925,Georgiy Sudakov,3006.0,22,25.3,38.3,0.074,miss,right-foot,free-kick,sofascore
14131973,929193,Maximiliano Araújo,3001.0,18,4.0,31.5,0.0358,miss,left-foot,assisted,sofascore
14131973,830431,Francisco Trincão,3001.0,17,23.2,72.8,0.0161,block,left-foot,assisted,sofascore
14131973,895764,Pedro Gonçalves,3001.0,12,15.0,49.7,0.4001,goal,right-foot,assisted,sofascore
14131973,914213,Luis Javier Suárez,3001.0,3,8.5,33.3,0.0719,save,right-foot,regular,sofascore
14131972,826054,Jérémy Livolant,36365.0,90,10.9,37.6,0.0889,block,right-foot,fast-break,sofascore
14131972,1010846,Yassin Oukili,36365.0,81,21.3,44.4,0.0259,miss,right-foot,regular,sofascore
14131972,826054,Jérémy Livolant,36365.0,79,22.7,30.3,0.0498,save,right-foot,free-kick,sofascore
14131972,849719,Gaizka Larrazabal,36365.0,70,18.4,58.1,0.0756,save,left-foot,throw-in-set-piece,sofascore
14131972,1010846,Yassin Oukili,36365.0,64,11.8,38.7,0.0524,block,right-foot,throw-in-set-piece,sofascore
14131972,1019184,Serginho,3011.0,62,23.3,51.4,0.0469,miss,right-foot,assisted,sofascore
14131972,851277,Pedro Ferreira,3011.0,50,22.9,54.1,0.0373,miss,right-foot,assisted,sofascore
14131972,991358,Lucas Soares,3011.0,48,19.9,57.0,0.0607,block,left-foot,assisted,sofascore
14131972,851277,Pedro Ferreira,3011.0,45,7.1,54.6,0.375,miss,right-foot,throw-in-set-piece,sofascore
14131972,1131145,Sidney Lima,3011.0,45,9.9,54.7,0.0471,miss,head,set-piece,sofascore
14131972,937265,Wendel,3011.0,39,3.0,33.3,0.0311,block,left-foot,throw-in-set-piece,sofascore
14131972,1019184,Serginho,3011.0,20,11.5,35.7,0.0817,save,right-foot,regular,sofascore
14131972,254815,Frederico Venâncio,3011.0,11,5.1,44.6,0.2114,goal,head,corner,sofascore
14131972,937265,Wendel,3011.0,9,9.0,45.7,0.3204,save,left-foot,assisted,sofascore
14131972,1019184,Serginho,3011.0,6,15.2,57.3,0.1389,block,right-foot,throw-in-set-piece,sofascore
14131972,1131145,Sidney Lima,3011.0,6,26.2,61.8,0.0431,block,right-foot,free-kick,sofascore
14131969,1003071,Diego Duarte,483088.0,90,18.2,54.0,0.1713,block,left-foot,free-kick,sofascore
14131969,848521,Marios Vrousai,3036.0,90,27.8,38.5,0.0355,save,right-foot,free-kick,sofascore
14131969,1017023,Clayton,3036.0,90,11.5,50.0,0.7884,goal,right-foot,penalty,sofascore
14131969,848521,Marios Vrousai,3036.0,86,12.3,67.9,0.0753,block,right-foot,assisted,sofascore
14131969,1017023,Clayton,3036.0,80,12.0,42.3,0.2049,save,left-foot,corner,sofascore
14131969,1017023,Clayton,3036.0,66,11.7,45.0,0.0958,block,right-foot,assisted,sofascore
14131969,1064359,Nelson Abbey,3036.0,64,18.4,53.3,0.046,block,left-foot,corner,sofascore
14131969,848521,Marios Vrousai,3036.0,63,11.4,70.8,0.0374,block,right-foot,assisted,sofascore
14131969,1900362,Guilherme Neiva,483088.0,57,28.4,46.2,0.0351,block,right-foot,free-kick,sofascore
14131969,1017023,Clayton,3036.0,53,13.3,45.8,0.0213,save,head,throw-in-set-piece,sofascore
14131969,1185986,Óscar Perea,483088.0,50,12.6,45.1,0.5735,goal,left-foot,assisted,sofascore
14131969,1185986,Óscar Perea,483088.0,48,11.7,31.1,0.0712,save,left-foot,assisted,sofascore
14131969,584116,Ponck,483088.0,46,5.5,52.1,0.2411,block,left-foot,corner,sofascore
14131969,1900362,Guilherme Neiva,483088.0,45,15.8,79.5,0.0276,save,right-foot,fast-break,sofascore
14131969,930273,Olinho,3036.0,43,16.6,35.2,0.0398,miss,right-foot,set-piece,sofascore
14131969,1020203,Brandon Aguilera,3036.0,42,26.7,35.7,0.0346,save,left-foot,free-kick,sofascore
14131969,1017023,Clayton,3036.0,30,8.6,57.9,0.115,goal,right-foot,assisted,sofascore
14131969,1133282,André Luiz,3036.0,27,3.6,62.6,0.1435,miss,right-foot,assisted,sofascore
14131969,930273,Olinho,3036.0,26,13.2,46.0,0.1043,miss,left-foot,regular,sofascore
14131969,867438,Jonathan Panzo,3036.0,20,4.2,48.9,0.2243,save,head,corner,sofascore
14131969,1017023,Clayton,3036.0,17,11.9,75.0,0.0268,save,right-foot,assisted,sofascore
14131969,126076,Tomané,483088.0,10,8.8,65.1,0.2388,save,right-foot,assisted,sofascore
14131969,1133282,André Luiz,3036.0,6,4.2,57.8,0.2661,miss,right-foot,assisted,sofascore
14131969,1005992,Andreas Ndoj,3036.0,6,14.1,54.6,0.109,block,right-foot,regular,sofascore
14131969,1185986,Óscar Perea,483088.0,2,5.6,41.7,0.2457,save,head,assisted,sofascore
14131977,1606013,Yassir Zabiri,49531.0,90,14.7,44.2,0.0152,miss,head,throw-in-set-piece,sofascore
14131977,1463265,Antoine Joujou,49531.0,90,4.5,53.2,0.2668,save,right-foot,assisted,sofascore
14131977,1049526,Simon Elisor,49531.0,84,7.6,50.0,0.1766,save,left-foot,set-piece,sofascore
14131977,965263,Gustaf Lagerbielke,2999.0,81,7.9,51.1,0.0842,block,head,corner,sofascore
14131977,1031567,Pau Víctor,2999.0,80,8.2,53.8,0.2687,save,right-foot,assisted,sofascore
14131977,965263,Gustaf Lagerbielke,2999.0,79,11.6,53.8,0.0492,block,right-foot,corner,sofascore
14131977,877918,Victor Gómez,2999.0,78,18.9,48.7,0.1114,save,left-foot,assisted,sofascore
14131977,1031567,Pau Víctor,2999.0,72,3.6,46.0,0.5735,goal,left-foot,set-piece,sofascore
14131977,877918,Victor Gómez,2999.0,72,6.4,46.8,0.1973,block,left-foot,set-piece,sofascore
14131977,966575,Rodrigo Zalazar,2999.0,68,14.8,43.8,0.1851,miss,right-foot,assisted,sofascore
14131977,966575,Rodrigo Zalazar,2999.0,67,11.1,70.3,0.0358,block,right-foot,assisted,sofascore
14131977,868235,Sikou Niakaté,2999.0,65,7.1,46.4,0.1856,miss,head,corner,sofascore
14131977,868235,Sikou Niakaté,2999.0,64,7.4,58.3,0.0609,miss,head,assisted,sofascore
14131977,965263,Gustaf Lagerbielke,2999.0,63,7.7,52.8,0.1039,miss,head,set-piece,sofascore
14131977,1031567,Pau Víctor,2999.0,59,11.0,36.6,0.1762,save,left-foot,assisted,sofascore
14131977,965263,Gustaf Lagerbielke,2999.0,58,10.7,53.2,0.0842,miss,right-foot,set-piece,sofascore
14131977,991924,Rodrigo Pinheiro,49531.0,55,23.8,58.9,0.0447,miss,right-foot,assisted,sofascore
14131977,1606013,Yassir Zabiri,49531.0,50,7.5,50.5,0.1024,miss,head,corner,sofascore
14131977,314380,Ricardo Horta,2999.0,48,25.7,50.1,0.0503,save,right-foot,regular,sofascore
14131977,314380,Ricardo Horta,2999.0,47,12.2,63.6,0.0509,block,right-foot,regular,sofascore
14131977,1606013,Yassir Zabiri,49531.0,41,3.2,53.2,0.6652,goal,right-foot,assisted,sofascore
14131977,914772,Fran Navarro,2999.0,38,7.1,47.9,0.1007,block,head,corner,sofascore
14131977,1134430,Gabriel Martínez,2999.0,35,13.5,42.4,0.1111,miss,right-foot,assisted,sofascore
14131977,965263,Gustaf Lagerbielke,2999.0,35,9.9,44.1,0.0319,miss,head,corner,sofascore
14131977,1120039,Jean-Baptiste Gorby,2999.0,34,13.5,40.1,0.0588,block,left-foot,set-piece,sofascore
14131977,991924,Rodrigo Pinheiro,2999.0,24,12.2,52.3,0.0,goal,left-foot,regular,sofascore
14131977,314380,Ricardo Horta,2999.0,24,15.0,56.3,0.1022,miss,right-foot,assisted,sofascore
14131977,914772,Fran Navarro,2999.0,19,3.2,30.3,0.0644,save,left-foot,assisted,sofascore
14131977,1606013,Yassir Zabiri,49531.0,15,15.6,55.0,0.126,save,left-foot,regular,sofascore
14131977,1134430,Gabriel Martínez,2999.0,5,2.4,32.9,0.0716,miss,left-foot,assisted,sofascore
14131970,930246,Yanis Begraoui,4500.0,90,19.7,64.0,0.0377,save,right-foot,assisted,sofascore
14131970,1115751,Luís Semedo,3014.0,90,15.6,49.3,0.4518,goal,right-foot,assisted,sofascore
14131970,1160980,Dinis Pinto,3014.0,90,8.9,58.7,0.0215,miss,head,corner,sofascore
14131970,2030567,Afonso Assis,3014.0,62,2.4,48.1,0.919,goal,head,corner,sofascore
14131970,930246,Yanis Begraoui,4500.0,58,8.2,56.4,0.5931,goal,left-foot,throw-in-set-piece,sofascore
14131970,1120679,André Lacximicant,4500.0,57,16.1,52.3,0.5639,save,left-foot,assisted,sofascore
14131970,986726,Ricard Sánchez,4500.0,54,8.8,56.1,0.5481,goal,right-foot,set-piece,sofascore
14131970,1015291,Patrick de Paula,4500.0,54,27.8,63.8,0.0329,block,left-foot,free-kick,sofascore
14131970,1120679,André Lacximicant,4500.0,31,13.9,30.5,0.0391,miss,left-foot,assisted,sofascore
14131970,856119,Guilherme Schettine,3014.0,22,6.9,55.6,0.6818,save,left-foot,assisted,sofascore
14131970,1471229,Landerson,3014.0,22,10.2,34.8,0.045,block,right-foot,assisted,sofascore
14131970,1015291,Patrick de Paula,4500.0,19,19.4,65.2,0.0302,goal,right-foot,assisted,sofascore
14131970,1160980,Dinis Pinto,3014.0,16,23.5,68.9,0.019,save,right-foot,assisted,sofascore
14131970,856119,Guilherme Schettine,3014.0,7,7.4,59.7,0.1308,miss,right-foot,fast-break,sofascore
14131970,1142578,Diogo Travassos,3014.0,2,14.7,64.6,0.0533,goal,left-foot,assisted,sofascore
14131970,877920,Jandro Orellana,4500.0,2,24.8,54.2,0.0497,miss,right-foot,regular,sofascore
14131970,548044,João Carvalho,4500.0,1,20.6,51.9,0.0345,block,right-foot,assisted,sofascore
14131971,253837,Lucas João,3013.0,90,18.9,32.5,0.0379,miss,right-foot,assisted,sofascore
14131971,1100957,Marko Milovanović,190328.0,88,3.3,50.0,0.7013,goal,right-foot,corner,sofascore
14131971,1459763,Felipe Lima,190328.0,85,8.5,54.4,0.0666,miss,head,assisted,sofascore
14131971,1100957,Marko Milovanović,190328.0,83,14.3,75.3,0.028,save,right-foot,fast-break,sofascore
14131971,822509,Léo Santos,3013.0,81,15.7,51.7,0.031,block,right-foot,corner,sofascore
14131971,1112474,Ze Vitor,3013.0,81,11.1,48.1,0.022,block,head,corner,sofascore
14131971,822510,Liziero,3013.0,80,29.3,41.9,0.0193,block,left-foot,assisted,sofascore
14131971,987597,Jesús Ramírez,3013.0,80,4.8,55.0,0.2399,save,right-foot,assisted,sofascore
14131971,902051,Miguel Baeza,3013.0,71,27.2,51.1,0.0231,miss,left-foot,assisted,sofascore
14131971,786269,Witiness Quembo,3013.0,67,9.6,66.4,0.1104,block,right-foot,fast-break,sofascore
14131971,987597,Jesús Ramírez,3013.0,64,10.5,47.2,0.0452,miss,head,assisted,sofascore
14131971,912781,Paulinho Bóia,3013.0,63,18.4,26.2,0.0287,block,right-foot,assisted,sofascore
14131971,1031485,Sabit Abdulai,190328.0,60,26.5,49.7,0.0118,block,right-foot,regular,sofascore
14131971,987597,Jesús Ramírez,3013.0,57,15.5,33.1,0.0203,block,right-foot,regular,sofascore
14131971,1405454,Cédric Nuozzi,190328.0,56,15.6,39.1,0.0331,block,right-foot,regular,sofascore
14131971,344023,Sandro Lima,190328.0,55,20.7,54.8,0.0579,save,left-foot,assisted,sofascore
14131971,987597,Jesús Ramírez,3013.0,49,22.6,30.3,0.0201,save,right-foot,assisted,sofascore
14131971,912781,Paulinho Bóia,3013.0,42,23.5,37.6,0.0149,miss,right-foot,regular,sofascore
14131971,987597,Jesús Ramírez,3013.0,28,4.9,55.2,0.1476,save,head,set-piece,sofascore
14131971,1112474,Ze Vitor,3013.0,28,14.1,43.2,0.0105,miss,head,set-piece,sofascore
14131971,912781,Paulinho Bóia,3013.0,26,15.4,44.2,0.1082,block,right-foot,regular,sofascore
14131971,1511706,Alexsandro Amorim,190328.0,25,15.7,39.9,0.0868,save,left-foot,regular,sofascore
14131971,987597,Jesús Ramírez,3013.0,20,7.6,69.7,0.0391,miss,right-foot,assisted,sofascore
14131971,1158067,Francisco Chissumba,190328.0,19,13.4,37.0,0.0347,block,right-foot,assisted,sofascore
14131971,1476213,Julián Jose Martinez,190328.0,11,9.7,47.7,0.0902,miss,left-foot,corner,sofascore
14131971,794928,Lincoln,190328.0,6,11.5,50.0,0.7884,miss,left-foot,penalty,sofascore
14131975,1117723,Sidny Lopes Cabral,3035.0,90,21.3,31.7,0.0216,save,right-foot,assisted,sofascore
14131975,801339,Rodrigo Pinho,3035.0,90,8.6,47.9,0.165,miss,left-foot,assisted,sofascore
14131975,955133,Naïs Djouahra,25777.0,90,24.4,44.1,0.0304,block,right-foot,assisted,sofascore
14131975,801339,Rodrigo Pinho,3035.0,89,10.1,57.7,0.8625,goal,right-foot,fast-break,sofascore
14131975,1117723,Sidny Lopes Cabral,3035.0,89,20.3,26.2,0.0187,miss,right-foot,assisted,sofascore
14131975,801339,Rodrigo Pinho,3035.0,88,13.9,29.7,0.0385,save,left-foot,fast-break,sofascore
14131975,1090543,Abraham Marcus,3035.0,76,13.3,56.0,0.087,block,left-foot,corner,sofascore
14131975,1017590,Bernardo Schappo,3035.0,76,6.3,47.8,0.1466,block,head,corner,sofascore
14131975,869875,Kikas,3035.0,75,9.5,60.9,0.56,save,right-foot,fast-break,sofascore
14131975,955133,Naïs Djouahra,25777.0,74,11.4,48.3,0.1505,miss,left-foot,regular,sofascore
14131975,1175854,Oumar Ngom,3035.0,63,8.0,65.6,0.0557,block,right-foot,assisted,sofascore
14131975,1117723,Sidny Lopes Cabral,3035.0,63,25.4,65.4,0.026,block,right-foot,assisted,sofascore
14131975,1105857,Taichi Fukui,25777.0,59,20.7,51.7,0.0234,goal,left-foot,corner,sofascore
14131975,1175854,Oumar Ngom,3035.0,55,24.1,49.7,0.0228,miss,right-foot,regular,sofascore
14131975,845802,Jovane Cabral,3035.0,53,28.7,43.5,0.0348,save,right-foot,free-kick,sofascore
14131975,845802,Jovane Cabral,3035.0,52,29.1,72.8,0.038,save,right-foot,free-kick,sofascore
14131975,1117723,Sidny Lopes Cabral,3035.0,47,11.5,68.7,0.0377,miss,right-foot,assisted,sofascore
14131975,1175854,Oumar Ngom,3035.0,45,8.9,46.5,0.0553,miss,head,corner,sofascore
14131975,973517,Alfonso Trezza,25777.0,42,9.6,50.5,0.1175,block,left-foot,assisted,sofascore
14131975,1090543,Abraham Marcus,3035.0,34,6.7,47.7,0.3763,goal,left-foot,assisted,sofascore
14131975,869875,Kikas,3035.0,34,11.7,39.9,0.4244,save,left-foot,regular,sofascore
14131975,910316,Ianis Stoica,3035.0,32,17.6,30.7,0.0288,miss,right-foot,assisted,sofascore
14131975,869875,Kikas,3035.0,29,10.4,24.2,0.0164,goal,left-foot,assisted,sofascore
14131975,845802,Jovane Cabral,3035.0,29,13.0,30.5,0.0301,block,right-foot,set-piece,sofascore
14131975,982610,Amadou Dante,25777.0,24,16.0,24.8,0.0256,save,left-foot,regular,sofascore
14131975,955133,Naïs Djouahra,25777.0,22,9.2,37.2,0.0671,miss,left-foot,throw-in-set-piece,sofascore
14131975,2115909,Otavio,3035.0,19,6.7,53.4,0.106,block,head,corner,sofascore
14131975,1090543,Abraham Marcus,3035.0,18,14.7,46.2,0.1403,block,left-foot,fast-break,sofascore
14131975,1105857,Taichi Fukui,25777.0,16,18.4,68.1,0.0147,miss,right-foot,corner,sofascore
14131975,1510444,Dylan Nandín,25777.0,7,8.5,34.2,0.1355,block,left-foot,fast-break,sofascore
14131975,955133,Naïs Djouahra,25777.0,5,5.4,70.3,0.0213,miss,right-foot,corner,sofascore
14131976,1111880,Emmanuel Maviram,38396.0,90,19.3,46.6,0.0539,miss,left-foot,set-piece,sofascore
14131976,343909,Hélder Tavares,38396.0,90,14.5,47.0,0.036,block,right-foot,set-piece,sofascore
14131976,1133070,Tiago Manso,38396.0,90,31.3,51.7,0.006,miss,right-foot,set-piece,sofascore
14131976,992567,Borja Sainz,3002.0,81,5.4,33.6,0.0925,miss,left-foot,regular,sofascore
14131976,1503836,Samu Aghehowa,3002.0,77,14.8,36.6,0.0288,block,right-foot,assisted,sofascore
14131976,1111880,Emmanuel Maviram,38396.0,74,21.0,33.8,0.0247,miss,right-foot,regular,sofascore
14131976,1503836,Samu Aghehowa,3002.0,72,8.9,48.6,0.0368,miss,other,assisted,sofascore
14131976,1146013,Hugo Félix,38396.0,68,53.0,55.8,0.0169,miss,right-foot,fast-break,sofascore
14131976,788786,Jordan Siebatcheu,38396.0,64,12.2,47.0,0.0295,miss,head,assisted,sofascore
14131976,1482435,Juan Rodríguez,38396.0,62,20.0,62.4,0.0671,block,right-foot,assisted,sofascore
14131976,286085,Jan Bednarek,3002.0,61,7.9,60.9,0.0297,save,head,set-piece,sofascore
14131976,1639250,William Gomes,3002.0,49,8.0,53.6,0.9508,goal,right-foot,regular,sofascore
14131976,1503836,Samu Aghehowa,3002.0,48,1.5,47.4,0.5556,goal,left-foot,corner,sofascore
14131976,976037,Jakub Kiwior,3002.0,48,9.8,48.8,0.041,save,head,corner,sofascore
14131976,1639250,William Gomes,3002.0,33,14.7,49.1,0.0732,block,left-foot,regular,sofascore
14131976,1639250,William Gomes,3002.0,30,9.0,70.0,0.0414,save,right-foot,assisted,sofascore
14131976,788786,Jordan Siebatcheu,38396.0,29,3.8,65.8,0.0952,save,right-foot,assisted,sofascore
14131976,1146013,Hugo Félix,38396.0,28,25.3,68.9,0.0168,block,right-foot,assisted,sofascore
14131976,788786,Jordan Siebatcheu,38396.0,19,9.2,57.9,0.032,miss,head,corner,sofascore
14131976,1503836,Samu Aghehowa,3002.0,13,4.5,33.8,0.1055,save,left-foot,assisted,sofascore
14131976,1410240,Rodrigo Mora,3002.0,12,29.7,61.1,0.0071,miss,right-foot,regular,sofascore
14131976,788786,Jordan Siebatcheu,38396.0,11,7.9,49.9,0.0985,save,head,throw-in-set-piece,sofascore
14131974,1063255,Alioune Ndoye,3009.0,90,14.3,37.6,0.0068,block,head,set-piece,sofascore
14131974,1083277,Martin Fernández,3010.0,88,13.2,70.8,0.035,miss,left-foot,assisted,sofascore
14131974,1063255,Alioune Ndoye,3009.0,86,4.2,56.4,0.1145,miss,head,corner,sofascore
14131974,1002367,Beni Mukendi,3009.0,84,24.7,63.1,0.0236,miss,right-foot,throw-in-set-piece,sofascore
14131974,1153328,Noah Saviolo,3009.0,68,23.3,37.7,0.0186,miss,right-foot,assisted,sofascore
14131974,800348,Jonathan Buatu,3010.0,65,10.2,47.9,0.0421,miss,head,throw-in-set-piece,sofascore
14131974,1087355,Hevertton Santos,3010.0,65,27.5,59.3,0.0092,block,right-foot,set-piece,sofascore
14131974,611880,Murilo,3010.0,65,14.8,84.4,0.042,save,left-foot,free-kick,sofascore
14131974,1063255,Alioune Ndoye,3009.0,62,36.0,59.3,0.0076,miss,right-foot,regular,sofascore
14131974,1563640,Oumar Camara,3009.0,53,10.9,71.7,0.0314,block,right-foot,assisted,sofascore
14131974,42898,Nélson Oliveira,3009.0,44,17.7,57.9,0.1266,save,right-foot,free-kick,sofascore
14131974,846416,Rodrigo Abascal,3009.0,39,4.1,34.8,0.0123,miss,head,corner,sofascore
14131974,1097527,Luís Esteves,3010.0,19,31.2,38.6,0.0112,block,right-foot,throw-in-set-piece,sofascore
14131974,1168093,Óscar Rivas,3009.0,15,1.2,39.7,0.1478,save,left-foot,throw-in-set-piece,sofascore
14131974,1146305,Gustavo Varela,3010.0,8,12.8,62.9,0.0939,block,right-foot,fast-break,sofascore
14131974,1153328,Noah Saviolo,3009.0,3,21.7,33.0,0.0221,save,right-foot,assisted,sofascore
14131978,1097527,Luís Esteves,3010.0,90,28.2,82.4,0.0261,miss,right-foot,free-kick,sofascore
14131978,1445615,Tidjany Touré,3010.0,90,23.1,37.0,0.0119,miss,right-foot,set-piece,sofascore
14131978,611880,Murilo,3010.0,75,9.8,46.5,0.2439,block,left-foot,regular,sofascore
14131978,831781,Ghislain Konan,3010.0,71,8.5,31.9,0.044,miss,left-foot,assisted,sofascore
14131978,980407,Kelian Nsona,36365.0,53,3.6,39.7,0.0936,goal,left-foot,set-piece,sofascore
14131978,1146305,Gustavo Varela,3010.0,46,4.4,56.2,0.2926,miss,head,assisted,sofascore
14131978,980407,Kelian Nsona,36365.0,45,11.9,31.2,0.0317,miss,right-foot,fast-break,sofascore
14131978,1084746,Santi García,3010.0,45,19.1,49.1,0.0624,block,left-foot,assisted,sofascore
14131978,611880,Murilo,3010.0,45,16.4,70.7,0.0298,block,left-foot,assisted,sofascore
14131978,1142261,Antonio Espigares,3010.0,38,25.2,58.3,0.0677,goal,right-foot,free-kick,sofascore
14131978,1010846,Yassin Oukili,36365.0,29,22.5,64.4,0.0235,miss,right-foot,assisted,sofascore
14131978,831781,Ghislain Konan,3010.0,25,23.8,31.5,0.0115,miss,left-foot,throw-in-set-piece,sofascore
14131978,1032547,Joelson Fernandes,3010.0,17,12.2,31.0,0.0375,post,right-foot,assisted,sofascore
14131987,1214878,Karem Zoabi,3036.0,90,15.1,45.8,0.0097,miss,head,set-piece,sofascore
14131987,785808,Samu,3009.0,90,27.5,44.8,0.0349,miss,left-foot,assisted,sofascore
14131987,42898,Nélson Oliveira,3009.0,79,13.6,39.9,0.0968,block,right-foot,assisted,sofascore
14131987,72020,Jakub Brabec,3036.0,77,8.4,44.5,0.0691,miss,head,corner,sofascore
14131987,1166097,Matija Mitrović,3009.0,75,18.5,46.2,0.0389,block,right-foot,assisted,sofascore
14131987,1133568,João Mendes,3009.0,71,15.6,44.0,0.0893,miss,right-foot,assisted,sofascore
14131987,1166097,Matija Mitrović,3009.0,69,18.4,33.8,0.0418,block,right-foot,assisted,sofascore
14131987,1017023,Clayton,3036.0,58,12.2,44.4,0.0565,block,right-foot,corner,sofascore
14131987,1133282,André Luiz,3036.0,58,5.5,75.0,0.018,save,right-foot,assisted,sofascore
14131987,1017023,Clayton,3036.0,57,26.6,36.0,0.0283,save,right-foot,assisted,sofascore
14131987,1020203,Brandon Aguilera,3036.0,54,14.8,47.9,0.1729,miss,left-foot,regular,sofascore
14131987,1063255,Alioune Ndoye,3009.0,53,11.4,52.4,0.0215,miss,head,corner,sofascore
14131987,1020203,Brandon Aguilera,3036.0,51,28.2,52.3,0.0293,miss,left-foot,assisted,sofascore
14131987,1133568,João Mendes,3009.0,49,25.6,51.1,0.0131,block,left-foot,corner,sofascore
14131987,1063255,Alioune Ndoye,3009.0,43,11.0,47.9,0.0359,miss,head,assisted,sofascore
14131987,1563640,Oumar Camara,3009.0,42,6.1,55.8,0.281,miss,left-foot,assisted,sofascore
14131987,1153328,Noah Saviolo,3009.0,37,3.0,29.5,0.0392,save,left-foot,assisted,sofascore
14131987,1563640,Oumar Camara,3009.0,35,5.8,55.0,0.1736,save,right-foot,assisted,sofascore
14131987,1153328,Noah Saviolo,3009.0,20,21.4,39.4,0.0399,miss,right-foot,regular,sofascore
14131987,1161004,Gonçalo Nogueira,3009.0,20,20.1,59.3,0.0464,block,right-foot,regular,sofascore
14131987,1563640,Oumar Camara,3009.0,12,22.8,49.4,0.0384,miss,right-foot,assisted,sofascore
14131987,1153328,Noah Saviolo,3009.0,8,26.2,27.4,0.0126,miss,right-foot,assisted,sofascore
14131987,1393242,Tamás Nikitscher,3036.0,4,12.5,50.0,0.0734,miss,right-foot,set-piece,sofascore
14131981,1001140,Geny Catamo,3001.0,90,15.0,59.3,0.1363,goal,left-foot,assisted,sofascore
14131981,1122835,Alisson Santos,3001.0,90,29.8,34.8,0.0116,save,right-foot,assisted,sofascore
14131981,1166952,Georgios Vagiannidis,3001.0,84,14.8,63.1,0.0833,miss,right-foot,regular,sofascore
14131981,1122835,Alisson Santos,3001.0,84,12.5,31.8,0.043,save,right-foot,assisted,sofascore
14131981,1122835,Alisson Santos,3001.0,82,22.4,36.3,0.0105,miss,right-foot,set-piece,sofascore
14131981,126076,Tomané,483088.0,80,10.1,44.0,0.0698,save,head,assisted,sofascore
14131981,126076,Tomané,483088.0,78,28.8,54.2,0.0427,block,right-foot,fast-break,sofascore
14131981,1122835,Alisson Santos,3001.0,77,24.5,57.2,0.0129,miss,right-foot,corner,sofascore
14131981,886402,Giorgi Kochorashvili,3001.0,76,20.4,58.7,0.0223,save,right-foot,regular,sofascore
14131981,1185986,Óscar Perea,483088.0,72,11.5,31.6,0.07,block,left-foot,fast-break,sofascore
14131981,1001140,Geny Catamo,3001.0,71,29.6,69.9,0.0127,save,left-foot,regular,sofascore
14131981,1394342,Ousmane Diomande,3001.0,69,3.4,52.7,0.2317,miss,head,corner,sofascore
14131981,1067648,Pedro Lima,483088.0,65,3.9,58.6,0.2703,save,left-foot,assisted,sofascore
14131981,886402,Giorgi Kochorashvili,3001.0,62,21.5,70.1,0.0484,miss,right-foot,free-kick,sofascore
14131981,914213,Luis Javier Suárez,3001.0,57,9.2,39.2,0.0225,miss,head,assisted,sofascore
14131981,914213,Luis Javier Suárez,3001.0,53,2.0,56.7,0.559,goal,right-foot,corner,sofascore
14131981,797648,Matheus Reis,3001.0,53,4.6,45.0,0.1461,miss,head,corner,sofascore
14131981,914213,Luis Javier Suárez,3001.0,48,13.1,31.5,0.0641,save,left-foot,regular,sofascore
14131981,929193,Maximiliano Araújo,3001.0,47,3.6,44.7,0.5253,goal,left-foot,assisted,sofascore
14131981,878496,Ricardo Mangas,3001.0,39,10.2,35.4,0.0998,miss,left-foot,assisted,sofascore
14131981,1001140,Geny Catamo,3001.0,37,19.2,46.9,0.0216,goal,right-foot,corner,sofascore
14131981,929193,Maximiliano Araújo,3001.0,35,9.1,58.5,0.1962,goal,left-foot,assisted,sofascore
14131981,914213,Luis Javier Suárez,3001.0,32,19.8,61.3,0.0811,goal,right-foot,regular,sofascore
14131981,1185986,Óscar Perea,483088.0,29,14.3,38.2,0.1084,save,right-foot,fast-break,sofascore
14131981,1001140,Geny Catamo,3001.0,29,11.0,59.1,0.1229,save,left-foot,regular,sofascore
14131981,966219,Ángel Algobia,483088.0,28,15.8,49.7,0.0663,miss,left-foot,assisted,sofascore
14131981,830431,Francisco Trincão,3001.0,21,24.0,66.4,0.0217,save,left-foot,assisted,sofascore
14131981,914213,Luis Javier Suárez,3001.0,18,16.1,55.0,0.0482,block,right-foot,regular,sofascore
14131981,830431,Francisco Trincão,3001.0,15,13.6,55.7,0.1398,miss,left-foot,assisted,sofascore
14131981,1067648,Pedro Lima,483088.0,9,27.2,48.1,0.0194,block,left-foot,regular,sofascore
14131981,914213,Luis Javier Suárez,3001.0,3,6.3,34.0,0.0418,save,left-foot,corner,sofascore
14131982,1120679,André Lacximicant,4500.0,90,8.9,31.4,0.0405,miss,left-foot,fast-break,sofascore
14131982,1463265,Antoine Joujou,49531.0,90,16.2,26.2,0.0246,save,right-foot,assisted,sofascore
14131982,1195796,Romeo Beney,49531.0,86,20.4,76.2,0.0168,save,left-foot,assisted,sofascore
14131982,1120040,Pedro Santos,49531.0,84,32.8,42.7,0.0162,miss,left-foot,assisted,sofascore
14131982,920684,Jordan Holsgrove,4500.0,83,21.4,47.6,0.0519,block,left-foot,assisted,sofascore
14131982,1606013,Yassir Zabiri,49531.0,78,9.4,53.8,0.5549,goal,left-foot,regular,sofascore
14131982,1563665,Gustavo Sá,49531.0,78,24.7,42.4,0.0149,save,right-foot,regular,sofascore
14131982,1195796,Romeo Beney,49531.0,76,8.0,39.9,0.2378,save,left-foot,fast-break,sofascore
14131982,1511977,Pedro Carvalho,4500.0,72,12.6,53.2,0.094,block,left-foot,assisted,sofascore
14131982,836676,Tom Van De Looi,49531.0,70,24.3,59.7,0.0183,miss,right-foot,assisted,sofascore
14131982,877920,Jandro Orellana,4500.0,69,14.9,52.0,0.107,miss,right-foot,set-piece,sofascore
14131982,1105595,Sorriso,49531.0,67,18.2,47.0,0.0996,miss,left-foot,regular,sofascore
14131982,1606013,Yassir Zabiri,49531.0,67,15.5,54.8,0.1574,save,left-foot,regular,sofascore
14131982,930246,Yanis Begraoui,4500.0,65,21.2,50.5,0.0579,save,left-foot,assisted,sofascore
14131982,1606013,Yassir Zabiri,49531.0,60,8.8,47.9,0.0762,post,head,assisted,sofascore
14131982,1120679,André Lacximicant,4500.0,58,13.1,35.4,0.0331,save,left-foot,assisted,sofascore
14131982,583838,Gil Dias,49531.0,50,7.4,64.0,0.3188,goal,right-foot,fast-break,sofascore
14131982,1120679,André Lacximicant,4500.0,43,8.2,35.0,0.3132,save,left-foot,assisted,sofascore
14131982,1120679,André Lacximicant,4500.0,36,16.9,31.5,0.0413,miss,left-foot,assisted,sofascore
14131982,1102988,Pedro Bondo,49531.0,31,25.3,49.3,0.0349,miss,left-foot,corner,sofascore
14131982,1563665,Gustavo Sá,49531.0,24,4.6,60.3,0.4447,goal,head,set-piece,sofascore
14131982,1606013,Yassir Zabiri,49531.0,24,7.5,34.4,0.0779,save,left-foot,set-piece,sofascore
14131982,1606013,Yassir Zabiri,49531.0,22,25.9,50.8,0.0299,save,left-foot,fast-break,sofascore
14131982,994532,Antef Tsoungui,4500.0,19,25.3,64.6,0.0076,block,right-foot,set-piece,sofascore
14131982,1105595,Sorriso,49531.0,15,5.1,46.1,0.4347,save,left-foot,assisted,sofascore
14131982,1511656,Mathias De Amorim,49531.0,12,3.1,40.4,0.2218,miss,left-foot,assisted,sofascore
14131982,1120679,André Lacximicant,4500.0,9,10.2,24.4,0.0259,save,right-foot,assisted,sofascore
14131982,1606013,Yassir Zabiri,49531.0,7,9.4,20.3,0.0091,block,left-foot,regular,sofascore
14131982,1606013,Yassir Zabiri,49531.0,2,8.2,46.0,0.2528,goal,left-foot,assisted,sofascore
14131982,583838,Gil Dias,49531.0,2,11.6,70.2,0.0221,block,left-foot,assisted,sofascore
14131986,1100952,Andreas Schjelderup,3006.0,90,12.8,39.1,0.1498,block,right-foot,fast-break,sofascore
14131986,1184329,Rodrigo Rego,3006.0,81,22.0,52.6,0.0802,miss,left-foot,assisted,sofascore
14131986,1103333,Franjo Ivanović,3006.0,80,6.7,29.6,0.0631,miss,left-foot,assisted,sofascore
14131986,1142578,Diogo Travassos,3014.0,79,26.5,56.2,0.0419,block,right-foot,free-kick,sofascore
14131986,228364,Fredrik Aursnes,3006.0,76,17.8,67.4,0.1309,goal,right-foot,regular,sofascore
14131986,1142578,Diogo Travassos,3014.0,73,12.6,67.1,0.0221,block,left-foot,assisted,sofascore
14131986,795236,Vangelis Pavlidis,3006.0,70,13.0,41.1,0.2515,goal,left-foot,regular,sofascore
14131986,845811,Bernardo Martins,3014.0,63,21.5,64.2,0.0316,save,left-foot,assisted,sofascore
14131986,795236,Vangelis Pavlidis,3006.0,57,13.4,38.9,0.0489,goal,right-foot,assisted,sofascore
14131986,1142578,Diogo Travassos,3014.0,47,18.4,72.2,0.0087,block,left-foot,corner,sofascore
14131986,845811,Bernardo Martins,3014.0,45,21.9,68.3,0.0398,miss,right-foot,assisted,sofascore
14131986,983542,Tomás Araújo,3006.0,42,9.5,47.2,0.0445,save,head,corner,sofascore
14131986,795236,Vangelis Pavlidis,3006.0,36,12.2,61.5,0.066,block,right-foot,assisted,sofascore
14131986,1153099,Gilberto Batista,3014.0,26,12.2,67.1,0.0179,block,right-foot,set-piece,sofascore
14131986,1123925,Georgiy Sudakov,3006.0,21,4.8,40.9,0.1057,block,head,assisted,sofascore
14131986,1006995,Vasco Sousa,3014.0,18,11.3,57.0,0.0832,block,right-foot,regular,sofascore
14131986,1166006,Mateja Stjepanović,3014.0,16,18.8,49.5,0.0461,miss,right-foot,corner,sofascore
14131986,1471229,Landerson,3014.0,10,9.9,34.6,0.0693,block,left-foot,fast-break,sofascore
14131986,1153099,Gilberto Batista,3014.0,7,6.3,52.6,0.1466,save,head,corner,sofascore
14131984,1915110,Isaac James,190328.0,86,18.6,45.8,0.0269,save,left-foot,corner,sofascore
14131984,1191120,Hyun-ju Lee,25777.0,83,13.6,45.8,0.0722,miss,right-foot,regular,sofascore
14131984,1100957,Marko Milovanović,190328.0,69,7.7,65.0,0.0741,block,right-foot,regular,sofascore
14131984,955133,Naïs Djouahra,25777.0,66,16.7,33.6,0.0402,save,right-foot,assisted,sofascore
14131984,1191120,Hyun-ju Lee,25777.0,64,24.0,66.4,0.0212,miss,left-foot,assisted,sofascore
14131984,1191120,Hyun-ju Lee,25777.0,59,6.1,47.0,0.2807,goal,head,assisted,sofascore
14131984,1510444,Dylan Nandín,25777.0,58,7.4,55.4,0.329,miss,head,regular,sofascore
14131984,955133,Naïs Djouahra,25777.0,53,18.9,49.1,0.0357,block,right-foot,regular,sofascore
14131984,1167068,Kaiky Naves,190328.0,51,7.8,49.1,0.0913,miss,head,corner,sofascore
14131984,1511706,Alexsandro Amorim,190328.0,48,27.5,35.0,0.0126,block,right-foot,assisted,sofascore
14131984,863637,Tiago Esgaio,25777.0,45,7.9,54.1,0.0639,miss,head,corner,sofascore
14131984,955133,Naïs Djouahra,25777.0,45,25.1,30.5,0.0246,block,right-foot,assisted,sofascore
14131984,902050,Boris Popović,25777.0,45,9.7,53.8,0.0541,miss,head,assisted,sofascore
14131984,1393731,Omar Fayed,25777.0,44,9.8,45.8,0.0412,block,head,corner,sofascore
14131984,1000680,Miguel Puche,25777.0,35,11.3,46.0,0.0338,miss,head,assisted,sofascore
14131984,1126965,Espen Van Ee,25777.0,25,20.6,49.3,0.0703,miss,right-foot,regular,sofascore
14131984,955133,Naïs Djouahra,25777.0,25,17.6,35.1,0.057,block,right-foot,assisted,sofascore
14131984,973517,Alfonso Trezza,25777.0,15,16.4,50.3,0.3601,save,left-foot,assisted,sofascore
14131984,1167068,Kaiky Naves,190328.0,12,21.9,69.3,0.017,miss,right-foot,assisted,sofascore
14131984,1126965,Espen Van Ee,25777.0,9,26.6,45.8,0.031,save,right-foot,assisted,sofascore
14131984,982610,Amadou Dante,25777.0,3,32.6,38.3,0.0093,miss,left-foot,assisted,sofascore
15216704,987597,Jesús Ramírez,3013.0,90,11.5,50.0,0.7884,goal,right-foot,penalty,sofascore
15216704,912781,Paulinho Bóia,3013.0,90,12.2,39.3,0.2746,goal,left-foot,assisted,sofascore
15216704,1807776,Yarlen,38396.0,90,6.4,32.5,0.0568,miss,left-foot,set-piece,sofascore
15216704,788786,Jordan Siebatcheu,38396.0,90,11.5,50.0,0.7884,save,right-foot,penalty,sofascore
15216704,1495552,Afonso Rodrigues,38396.0,87,8.2,54.8,0.1417,block,left-foot,assisted,sofascore
15216704,1495552,Afonso Rodrigues,38396.0,82,15.7,34.4,0.0265,save,left-foot,throw-in-set-piece,sofascore
15216704,110950,Ivan Cavaleiro,38396.0,74,8.0,44.8,0.2558,miss,right-foot,regular,sofascore
15216704,110950,Ivan Cavaleiro,38396.0,73,21.0,54.1,0.0946,block,left-foot,assisted,sofascore
15216704,879917,Maranhão,38396.0,72,13.6,65.0,0.0294,save,right-foot,throw-in-set-piece,sofascore
15216704,1112474,Ze Vitor,3013.0,68,0.3,49.0,0.5962,goal,left-foot,set-piece,sofascore
15216704,987597,Jesús Ramírez,3013.0,68,9.7,45.4,0.0784,save,head,set-piece,sofascore
15216704,110950,Ivan Cavaleiro,38396.0,59,22.2,33.2,0.0229,miss,right-foot,assisted,sofascore
15216704,879917,Maranhão,38396.0,58,13.3,65.2,0.0505,miss,right-foot,assisted,sofascore
15216704,1146013,Hugo Félix,38396.0,54,3.5,47.9,0.8413,miss,left-foot,fast-break,sofascore
15216704,1111880,Emmanuel Maviram,38396.0,49,11.0,36.4,0.0753,goal,left-foot,assisted,sofascore
15216704,912781,Paulinho Bóia,3013.0,45,20.4,45.2,0.042,miss,right-foot,assisted,sofascore
15216704,822510,Liziero,3013.0,45,22.5,48.5,0.0554,block,left-foot,assisted,sofascore
15216704,110950,Ivan Cavaleiro,38396.0,45,18.5,67.8,0.0347,miss,right-foot,regular,sofascore
15216704,1133070,Tiago Manso,38396.0,45,27.1,65.2,0.016,block,right-foot,assisted,sofascore
15216704,1146013,Hugo Félix,38396.0,37,8.8,46.0,0.099,block,left-foot,set-piece,sofascore
15216704,879917,Maranhão,38396.0,37,11.5,50.0,0.7884,save,right-foot,penalty,sofascore
15216704,879917,Maranhão,38396.0,30,5.4,64.0,0.0204,miss,head,corner,sofascore
15216704,788786,Jordan Siebatcheu,38396.0,25,8.6,57.5,0.088,miss,right-foot,assisted,sofascore
15216704,879917,Maranhão,38396.0,24,20.6,68.1,0.0182,block,left-foot,set-piece,sofascore
15216704,1482435,Juan Rodríguez,38396.0,17,14.1,56.4,0.0603,block,right-foot,corner,sofascore
15216704,1482435,Juan Rodríguez,38396.0,16,18.9,53.8,0.0394,block,left-foot,corner,sofascore
15216704,987597,Jesús Ramírez,3013.0,11,4.6,52.2,0.5466,miss,head,assisted,sofascore
15216704,987597,Jesús Ramírez,3013.0,2,9.5,56.0,0.023,miss,head,corner,sofascore
14131980,1799251,Brenner,3011.0,70,13.9,65.6,0.048,miss,right-foot,assisted,sofascore
14131980,966575,Rodrigo Zalazar,2999.0,55,14.1,71.8,0.0397,miss,right-foot,fast-break,sofascore
14131980,937265,Wendel,3011.0,50,6.3,72.8,0.0247,save,right-foot,assisted,sofascore
14131980,966575,Rodrigo Zalazar,2999.0,49,21.2,22.9,0.0237,save,right-foot,throw-in-set-piece,sofascore
14131980,991358,Lucas Soares,3011.0,45,26.8,71.1,0.0131,miss,left-foot,assisted,sofascore
14131980,314380,Ricardo Horta,2999.0,42,6.6,52.8,0.5734,goal,right-foot,assisted,sofascore
14131980,965263,Gustaf Lagerbielke,2999.0,39,10.1,51.3,0.0567,save,head,set-piece,sofascore
14131980,965263,Gustaf Lagerbielke,2999.0,38,7.7,45.4,0.0785,block,head,set-piece,sofascore
14131980,851277,Pedro Ferreira,3011.0,28,14.5,48.5,0.0347,block,right-foot,corner,sofascore
14131980,1799251,Brenner,3011.0,26,13.9,44.7,0.4528,save,right-foot,assisted,sofascore
14131980,914772,Fran Navarro,2999.0,18,8.8,67.7,0.081,block,right-foot,assisted,sofascore
14131983,1407720,Deniz Gül,3002.0,90,10.3,61.3,0.0489,miss,left-foot,regular,sofascore
14131983,1639250,William Gomes,3002.0,90,18.2,45.6,0.0799,block,left-foot,regular,sofascore
14131983,1164070,Jorge Meireles,3035.0,89,26.8,52.6,0.0238,miss,right-foot,regular,sofascore
14131983,801339,Rodrigo Pinho,3035.0,89,12.2,50.4,0.0295,block,head,assisted,sofascore
14131983,1010505,Gabri Veiga,3002.0,87,22.2,48.1,0.1075,post,right-foot,free-kick,sofascore
14131983,985138,Francisco Moura,3002.0,76,13.0,25.4,0.0232,block,left-foot,regular,sofascore
14131983,804472,Pablo Rosario,3002.0,76,19.1,47.0,0.0545,block,right-foot,regular,sofascore
14131983,1503836,Samu Aghehowa,3002.0,73,3.2,54.2,0.2562,goal,right-foot,regular,sofascore
14131983,1410240,Rodrigo Mora,3002.0,71,11.7,36.6,0.0824,block,left-foot,assisted,sofascore
14131983,1639250,William Gomes,3002.0,68,8.0,55.4,0.2974,save,left-foot,assisted,sofascore
14131983,985138,Francisco Moura,3002.0,63,7.0,53.0,0.1457,goal,left-foot,corner,sofascore
14131983,1066560,Alan Varela,3002.0,63,9.2,49.3,0.1116,block,right-foot,corner,sofascore
14131983,1503836,Samu Aghehowa,3002.0,63,7.9,39.9,0.1094,block,left-foot,corner,sofascore
14131983,286085,Jan Bednarek,3002.0,63,9.2,45.8,0.059,miss,head,corner,sofascore
14131983,1503836,Samu Aghehowa,3002.0,62,6.4,56.0,0.2804,save,head,assisted,sofascore
14131983,1090543,Abraham Marcus,3035.0,60,8.6,46.8,0.067,goal,head,assisted,sofascore
14131983,869875,Kikas,3035.0,59,24.8,54.8,0.0446,block,left-foot,assisted,sofascore
14131983,1090543,Abraham Marcus,3035.0,51,24.0,63.2,0.0249,block,left-foot,assisted,sofascore
14131983,992567,Borja Sainz,3002.0,45,6.8,39.9,0.0865,miss,right-foot,assisted,sofascore
14131983,992567,Borja Sainz,3002.0,40,17.8,45.6,0.0561,miss,right-foot,throw-in-set-piece,sofascore
14131983,1503836,Samu Aghehowa,3002.0,38,10.9,37.5,0.1123,block,right-foot,throw-in-set-piece,sofascore
14131983,1503836,Samu Aghehowa,3002.0,37,11.7,49.8,0.0296,miss,head,assisted,sofascore
14131983,1503836,Samu Aghehowa,3002.0,17,11.5,50.0,0.7884,goal,right-foot,penalty,sofascore
14131983,910316,Ianis Stoica,3035.0,5,25.0,24.6,0.0178,miss,right-foot,assisted,sofascore
14131983,1410240,Rodrigo Mora,3002.0,4,14.3,45.5,0.1314,save,left-foot,regular,sofascore
14131983,882664,Pepê,3002.0,3,11.5,73.9,0.0408,save,right-foot,assisted,sofascore
14131983,1503836,Samu Aghehowa,3002.0,1,10.2,53.3,0.0537,miss,head,assisted,sofascore
14288903,930246,Yanis Begraoui,4500.0,90,19.7,52.9,0.0674,save,right-foot,assisted,sofascore
14288903,314380,Ricardo Horta,2999.0,88,20.6,60.5,0.0291,save,left-foot,assisted,sofascore
14288903,966575,Rodrigo Zalazar,2999.0,88,6.1,69.0,0.0279,miss,right-foot,assisted,sofascore
14288903,1190120,Fabrício Garcia,4500.0,86,10.8,35.2,0.2427,save,left-foot,fast-break,sofascore
14288903,930246,Yanis Begraoui,4500.0,82,19.1,51.5,0.0439,save,left-foot,assisted,sofascore
14288903,877918,Victor Gómez,2999.0,80,2.7,60.9,0.0893,save,right-foot,regular,sofascore
14288903,357734,Ferro,4500.0,64,3.2,59.8,0.1273,miss,right-foot,corner,sofascore
14288903,1120679,André Lacximicant,4500.0,63,11.3,67.3,0.2838,save,left-foot,throw-in-set-piece,sofascore
14288903,930246,Yanis Begraoui,4500.0,57,7.6,38.2,0.3041,save,left-foot,assisted,sofascore
14288903,930246,Yanis Begraoui,4500.0,49,13.3,62.4,0.0791,miss,right-foot,assisted,sofascore
14288903,1031567,Pau Víctor,2999.0,48,3.9,49.7,0.4742,save,left-foot,assisted,sofascore
14288903,1184326,Diego Rodrigues,2999.0,44,10.8,54.9,0.0935,miss,right-foot,assisted,sofascore
14288903,1120679,André Lacximicant,4500.0,43,8.3,32.7,0.1075,goal,left-foot,assisted,sofascore
14288903,1134430,Gabriel Martínez,2999.0,39,2.5,46.6,0.2889,miss,head,assisted,sofascore
14288903,834247,Pedro Amaral,4500.0,34,21.9,29.9,0.0253,miss,right-foot,corner,sofascore
14288903,6562,João Moutinho,2999.0,28,7.6,58.5,0.0351,save,head,corner,sofascore
14288903,1120679,André Lacximicant,4500.0,18,7.1,54.6,0.3322,miss,head,assisted,sofascore
14288903,930246,Yanis Begraoui,4500.0,17,10.2,34.2,0.0707,save,left-foot,assisted,sofascore
14288903,930246,Yanis Begraoui,4500.0,16,17.9,76.4,0.0179,block,left-foot,regular,sofascore
14288903,1184326,Diego Rodrigues,2999.0,14,18.1,51.5,0.0508,block,left-foot,regular,sofascore
14288903,966575,Rodrigo Zalazar,2999.0,13,31.9,89.5,0.2415,miss,right-foot,regular,sofascore
14288903,1184326,Diego Rodrigues,2999.0,8,16.0,45.2,0.0645,block,left-foot,assisted,sofascore
14288903,1031567,Pau Víctor,2999.0,4,9.8,43.6,0.444,save,left-foot,regular,sofascore
14288817,1101174,Pablo Felipe,3010.0,90,8.8,51.1,0.2528,goal,right-foot,set-piece,sofascore
14288817,1020203,Brandon Aguilera,3036.0,90,11.4,95.5,0.0322,save,left-foot,free-kick,sofascore
14288817,1084746,Santi García,3010.0,89,4.0,64.0,0.0171,block,head,corner,sofascore
14288817,1142261,Antonio Espigares,3010.0,82,9.6,58.6,0.0295,miss,head,throw-in-set-piece,sofascore
14288817,1084746,Santi García,3010.0,81,18.7,52.3,0.0246,block,left-foot,set-piece,sofascore
14288817,1142261,Antonio Espigares,3010.0,81,19.9,37.0,0.0856,block,right-foot,free-kick,sofascore
14288817,1445615,Tidjany Touré,3010.0,68,21.8,49.1,0.0703,miss,right-foot,assisted,sofascore
14288817,1142261,Antonio Espigares,3036.0,66,3.2,52.2,,goal,left-foot,regular,sofascore
14288817,1133282,André Luiz,3036.0,56,12.0,70.7,0.0451,miss,right-foot,fast-break,sofascore
14288817,1087355,Hevertton Santos,3010.0,51,26.6,42.1,0.0278,miss,right-foot,assisted,sofascore
14288817,1146305,Gustavo Varela,3010.0,51,28.6,38.7,0.012,block,right-foot,regular,sofascore
14288817,1133282,André Luiz,3036.0,41,8.8,65.0,0.2004,goal,right-foot,regular,sofascore
14288817,611880,Murilo,3010.0,39,14.2,67.3,0.0329,goal,left-foot,assisted,sofascore
14288817,1097527,Luís Esteves,3010.0,38,22.6,36.8,0.0174,miss,right-foot,assisted,sofascore
14288817,1097527,Luís Esteves,3010.0,36,21.5,60.1,0.0514,miss,right-foot,regular,sofascore
14288817,1084746,Santi García,3010.0,35,8.6,54.2,0.1536,miss,right-foot,assisted,sofascore
14288817,1146305,Gustavo Varela,3010.0,32,9.2,46.4,0.0624,save,head,assisted,sofascore
14288817,1097527,Luís Esteves,3010.0,25,19.6,46.7,0.0598,block,right-foot,assisted,sofascore
14288817,1032547,Joelson Fernandes,3010.0,19,13.5,36.4,0.0975,block,right-foot,regular,sofascore
14288817,1097527,Luís Esteves,3010.0,19,19.8,47.9,0.033,block,right-foot,assisted,sofascore
14288817,1097527,Luís Esteves,3010.0,14,12.3,33.3,0.0381,save,left-foot,assisted,sofascore
14288817,1097527,Luís Esteves,3010.0,13,25.0,38.5,0.0231,miss,right-foot,assisted,sofascore
14288817,1084746,Santi García,3010.0,12,21.9,48.9,0.0299,miss,right-foot,regular,sofascore
14288817,1084746,Santi García,3010.0,8,24.6,47.2,0.0273,miss,left-foot,assisted,sofascore
14288817,611880,Murilo,3010.0,7,25.7,70.7,0.016,miss,left-foot,set-piece,sofascore
14288817,1146305,Gustavo Varela,3010.0,5,9.4,49.7,0.0684,block,head,corner,sofascore
14288817,1114164,Marvin Elimbi Gilbert,3010.0,5,5.1,64.4,0.0169,save,head,corner,sofascore
14288795,905455,Alan,3014.0,90,20.9,52.3,0.0428,block,left-foot,assisted,sofascore
14288795,1175854,Oumar Ngom,3035.0,90,10.4,51.5,0.0462,post,head,corner,sofascore
14288795,801339,Rodrigo Pinho,3035.0,90,30.3,63.4,0.0273,block,left-foot,free-kick,sofascore
14288795,1153099,Gilberto Batista,3014.0,89,12.5,49.9,0.025,save,head,set-piece,sofascore
14288795,1090543,Abraham Marcus,3035.0,86,19.4,52.7,0.0152,block,left-foot,set-piece,sofascore
14288795,801339,Rodrigo Pinho,3035.0,82,10.1,61.0,0.0494,miss,left-foot,assisted,sofascore
14288795,905455,Alan,3014.0,78,20.6,28.0,0.0269,save,right-foot,fast-break,sofascore
14288795,910316,Ianis Stoica,3035.0,72,11.4,39.1,0.1852,save,right-foot,assisted,sofascore
14288795,1082948,Kiko Bondoso,3014.0,70,8.4,29.4,0.0327,save,left-foot,assisted,sofascore
14288795,1115751,Luís Semedo,3014.0,67,13.1,51.2,0.0366,miss,head,set-piece,sofascore
14288795,1142578,Diogo Travassos,3014.0,64,17.0,54.8,0.2011,miss,left-foot,fast-break,sofascore
14288795,1175854,Oumar Ngom,3035.0,55,15.8,55.0,0.1046,miss,left-foot,regular,sofascore
14288795,845802,Jovane Cabral,3035.0,52,14.1,35.8,0.0692,miss,right-foot,assisted,sofascore
14288795,1002565,Luan Patrick,3035.0,49,7.5,31.6,0.0071,miss,head,corner,sofascore
14288795,845811,Bernardo Martins,3014.0,46,20.2,63.7,0.0286,miss,right-foot,corner,sofascore
14288795,1395583,Kiko,3014.0,40,14.4,48.7,0.0408,block,left-foot,corner,sofascore
14288795,1166006,Mateja Stjepanović,3014.0,39,10.3,34.7,0.059,block,right-foot,corner,sofascore
14288795,845811,Bernardo Martins,3014.0,38,15.6,55.6,0.042,save,right-foot,corner,sofascore
14288795,1142578,Diogo Travassos,3014.0,37,9.5,51.3,0.3725,save,head,regular,sofascore
14288795,856119,Guilherme Schettine,3014.0,37,24.9,46.1,0.0584,save,right-foot,assisted,sofascore
14288795,1160980,Dinis Pinto,3014.0,23,26.3,68.3,0.011,miss,left-foot,assisted,sofascore
14288795,845802,Jovane Cabral,3035.0,21,15.0,46.5,0.1402,miss,right-foot,regular,sofascore
14288795,1117723,Sidny Lopes Cabral,3035.0,18,23.8,26.5,0.0229,save,right-foot,assisted,sofascore
14288795,2037671,Alex Sola,3035.0,17,7.3,57.7,0.1595,block,right-foot,assisted,sofascore
14288795,845811,Bernardo Martins,3014.0,16,19.5,72.4,0.0197,save,right-foot,throw-in-set-piece,sofascore
14288795,856119,Guilherme Schettine,3014.0,13,21.0,33.2,0.0433,miss,left-foot,assisted,sofascore
14288795,845802,Jovane Cabral,3035.0,6,29.3,8.0,0.0154,save,right-foot,throw-in-set-piece,sofascore
14131930,895764,Pedro Gonçalves,3001.0,90,8.8,43.3,0.0689,save,head,assisted,sofascore
14131930,1120039,Jean-Baptiste Gorby,2999.0,90,21.8,48.1,0.0467,save,right-foot,set-piece,sofascore
14131930,1122835,Alisson Santos,3001.0,90,13.7,44.2,0.1343,miss,right-foot,regular,sofascore
14131930,966575,Rodrigo Zalazar,2999.0,90,11.5,50.0,0.7884,goal,right-foot,penalty,sofascore
14131930,886402,Giorgi Kochorashvili,3001.0,90,18.4,45.2,0.0978,block,left-foot,assisted,sofascore
14131930,1122835,Alisson Santos,3001.0,78,15.3,27.4,0.0436,miss,right-foot,assisted,sofascore
14131930,1122835,Alisson Santos,3001.0,74,13.6,30.7,0.0384,block,right-foot,assisted,sofascore
14131930,966575,Rodrigo Zalazar,2999.0,71,25.7,44.4,0.0378,save,right-foot,assisted,sofascore
14131930,886402,Giorgi Kochorashvili,3001.0,67,15.1,51.9,0.0828,block,right-foot,assisted,sofascore
14131930,966575,Rodrigo Zalazar,2999.0,65,10.4,39.1,0.0263,block,right-foot,corner,sofascore
14131930,966575,Rodrigo Zalazar,2999.0,57,24.4,35.0,0.0317,miss,right-foot,assisted,sofascore
14131930,926560,Hidemasa Morita,3001.0,56,12.7,51.3,0.0439,miss,head,fast-break,sofascore
14131930,1006865,Leonardo Lelo,2999.0,54,2.3,41.1,0.1985,save,left-foot,assisted,sofascore
14131930,914213,Luis Javier Suárez,3001.0,53,19.3,30.6,0.022,block,right-foot,fast-break,sofascore
14131930,1166952,Georgios Vagiannidis,3001.0,51,4.0,56.0,0.5764,miss,head,assisted,sofascore
14131930,887754,Vítor Carvalho,2999.0,48,9.5,57.9,0.0323,miss,head,set-piece,sofascore
14131930,895764,Pedro Gonçalves,3001.0,45,9.8,65.0,0.1127,miss,right-foot,fast-break,sofascore
14131930,868235,Sikou Niakaté,2999.0,45,10.5,47.7,0.0492,miss,head,set-piece,sofascore
14131930,314380,Ricardo Horta,2999.0,45,9.1,67.3,0.0634,save,right-foot,assisted,sofascore
14131930,914213,Luis Javier Suárez,3001.0,19,3.0,41.9,0.1171,goal,left-foot,regular,sofascore
14131930,314380,Ricardo Horta,2999.0,9,28.5,44.6,0.017,miss,right-foot,assisted,sofascore
14131930,966575,Rodrigo Zalazar,2999.0,6,20.9,27.2,0.0151,block,right-foot,set-piece,sofascore
14131930,1403165,Geovany Quenda,3001.0,3,18.3,75.0,0.0183,save,left-foot,assisted,sofascore
14131931,1410240,Rodrigo Mora,3002.0,90,13.2,34.1,0.0631,post,right-foot,fast-break,sofascore
14131931,1015292,Richard Ríos,3006.0,90,13.9,51.7,0.0415,miss,right-foot,corner,sofascore
14131931,993101,Samuel Dahl,3006.0,90,19.4,33.1,0.0096,miss,left-foot,corner,sofascore
14131931,1639250,William Gomes,3002.0,68,21.9,70.0,0.0204,miss,left-foot,assisted,sofascore
14131931,795236,Vangelis Pavlidis,3006.0,61,16.3,32.5,0.0223,block,left-foot,assisted,sofascore
14131931,1503836,Samu Aghehowa,3002.0,58,15.4,64.8,0.0265,block,right-foot,regular,sofascore
14131931,1010505,Gabri Veiga,3002.0,56,18.2,45.9,0.0804,save,right-foot,assisted,sofascore
14131931,985138,Francisco Moura,3002.0,43,12.6,33.1,0.0416,miss,left-foot,assisted,sofascore
14131931,1010505,Gabri Veiga,3002.0,42,4.9,46.0,0.2442,save,left-foot,regular,sofascore
14131931,985138,Francisco Moura,3002.0,42,11.3,32.6,0.0328,block,left-foot,assisted,sofascore
14131931,882664,Pepê,3002.0,34,10.5,58.5,0.1709,miss,left-foot,assisted,sofascore
14131931,1123925,Georgiy Sudakov,3006.0,33,26.9,49.5,0.048,save,right-foot,free-kick,sofascore
14131934,1146305,Gustavo Varela,3010.0,82,20.7,58.5,0.0335,block,left-foot,regular,sofascore
14131934,611880,Murilo,3010.0,81,10.7,57.5,0.4617,save,right-foot,set-piece,sofascore
14131934,794928,Lincoln,190328.0,79,11.5,50.0,0.7884,save,left-foot,penalty,sofascore
14131934,1405454,Cédric Nuozzi,190328.0,77,6.7,45.2,0.1018,miss,head,assisted,sofascore
14131934,1167068,Kaiky Naves,190328.0,72,7.4,61.1,0.1353,miss,right-foot,set-piece,sofascore
14131934,1083277,Martin Fernández,3010.0,70,12.9,40.1,0.2187,goal,left-foot,assisted,sofascore
14131934,1101174,Pablo Felipe,3010.0,51,14.7,54.6,0.1941,goal,right-foot,fast-break,sofascore
14131934,2033832,Davy Gui,190328.0,49,25.0,47.7,0.0267,miss,left-foot,assisted,sofascore
14131934,794928,Lincoln,190328.0,45,13.3,86.1,0.0394,save,left-foot,free-kick,sofascore
14131934,1084746,Santi García,3010.0,45,20.2,42.5,0.0481,goal,left-foot,assisted,sofascore
14131934,611880,Murilo,3010.0,42,21.8,65.0,0.0266,miss,left-foot,assisted,sofascore
14131934,1100957,Marko Milovanović,190328.0,40,4.0,55.2,0.3187,miss,right-foot,assisted,sofascore
14131934,1097527,Luís Esteves,3010.0,21,27.4,49.4,0.0143,block,right-foot,set-piece,sofascore
14131934,611880,Murilo,3010.0,21,4.1,48.2,0.3406,block,left-foot,set-piece,sofascore
14131934,1084746,Santi García,3010.0,21,4.7,43.9,0.1776,miss,right-foot,set-piece,sofascore
14131934,1032547,Joelson Fernandes,3010.0,6,22.9,32.1,0.0228,block,right-foot,assisted,sofascore
14131934,1032547,Joelson Fernandes,3010.0,4,18.9,43.0,0.0227,block,right-foot,corner,sofascore
14131934,1097527,Luís Esteves,3010.0,1,17.9,55.0,0.0603,goal,right-foot,throw-in-set-piece,sofascore
14131938,1046794,Gabriel Silva,3011.0,82,13.6,34.2,0.0582,block,left-foot,fast-break,sofascore
14131938,1046794,Gabriel Silva,3011.0,80,4.2,30.5,0.0232,save,left-foot,assisted,sofascore
14131938,1001753,Vinícius Lopes,3011.0,78,14.4,54.2,0.168,goal,right-foot,assisted,sofascore
14131938,984810,Bruno Lourenço,483088.0,76,12.9,70.6,0.0203,save,left-foot,regular,sofascore
14131938,1019184,Serginho,3011.0,72,11.5,50.0,0.7884,goal,right-foot,penalty,sofascore
14131938,1108505,Paulo Victor,3011.0,69,16.0,37.4,0.038,block,left-foot,corner,sofascore
14131938,1799251,Brenner,3011.0,54,13.5,74.2,0.029,miss,right-foot,assisted,sofascore
14131938,1067648,Pedro Lima,483088.0,51,13.8,53.0,0.0221,miss,head,assisted,sofascore
14131938,989383,Adriano Firmino,3011.0,45,5.5,47.9,0.1819,block,head,corner,sofascore
14131938,851277,Pedro Ferreira,3011.0,45,24.0,59.3,0.0269,block,right-foot,assisted,sofascore
14131938,991358,Lucas Soares,3011.0,44,23.2,71.4,0.0258,miss,right-foot,assisted,sofascore
14131938,126076,Tomané,483088.0,41,25.4,54.0,0.0175,miss,right-foot,set-piece,sofascore
14131938,1131145,Sidney Lima,3011.0,38,29.1,41.7,0.021,miss,right-foot,assisted,sofascore
14131938,1799251,Brenner,3011.0,37,10.4,73.6,0.0277,miss,right-foot,assisted,sofascore
14131938,1133063,Tunde Akinsola,483088.0,35,22.2,67.1,0.0146,miss,left-foot,regular,sofascore
14131938,851277,Pedro Ferreira,3011.0,34,31.5,37.2,0.0117,miss,right-foot,assisted,sofascore
14131938,141012,Luís Rocha,3011.0,28,13.8,53.8,0.0383,block,right-foot,corner,sofascore
14131938,1001753,Vinícius Lopes,3011.0,27,14.4,28.0,0.0306,save,right-foot,assisted,sofascore
14131938,1019184,Serginho,3011.0,25,27.7,25.9,0.0109,miss,right-foot,assisted,sofascore
14131938,1108505,Paulo Victor,3011.0,24,13.8,82.8,0.0423,block,left-foot,free-kick,sofascore
14131938,1001753,Vinícius Lopes,3011.0,20,12.5,47.4,0.1298,save,right-foot,assisted,sofascore
14131938,1001753,Vinícius Lopes,3011.0,17,4.2,41.1,0.1429,miss,head,assisted,sofascore
14131938,324345,Kiki,483088.0,9,21.2,46.8,0.0686,miss,left-foot,regular,sofascore
14131938,1799251,Brenner,3011.0,6,8.7,67.6,0.0329,block,right-foot,assisted,sofascore
14131938,1120043,Diogo Spencer,483088.0,4,27.0,52.8,0.0097,save,right-foot,corner,sofascore
14131938,1211830,Sidi Bane,483088.0,4,9.2,48.9,0.0505,block,head,corner,sofascore
14131933,1031642,Atanas Chernev,3035.0,90,9.6,55.8,0.0581,miss,head,assisted,sofascore
14131933,801339,Rodrigo Pinho,3035.0,90,15.4,65.2,0.0453,miss,left-foot,regular,sofascore
14131933,2218660,Joao Gastao,3035.0,81,9.4,53.7,0.0572,miss,head,set-piece,sofascore
14131933,848521,Marios Vrousai,3036.0,71,12.9,66.0,0.0569,goal,right-foot,assisted,sofascore
14131933,910316,Ianis Stoica,3035.0,67,26.3,19.2,0.0073,block,right-foot,assisted,sofascore
14131933,1017023,Clayton,3036.0,60,15.9,38.8,0.0319,miss,left-foot,assisted,sofascore
14131933,1164070,Jorge Meireles,3035.0,57,24.6,46.0,0.0337,miss,right-foot,assisted,sofascore
14131933,1175854,Oumar Ngom,3035.0,57,6.8,49.6,0.2297,miss,head,corner,sofascore
14131933,1117723,Sidny Lopes Cabral,3035.0,56,7.3,72.4,0.0171,block,right-foot,assisted,sofascore
14131933,1175854,Oumar Ngom,3035.0,54,25.9,43.2,0.0239,block,right-foot,assisted,sofascore
14131933,1017023,Clayton,3036.0,52,28.1,48.5,0.0188,miss,right-foot,assisted,sofascore
14131933,1133282,André Luiz,3036.0,50,14.7,53.8,0.5016,goal,left-foot,assisted,sofascore
14131933,1117723,Sidny Lopes Cabral,3035.0,47,15.2,33.4,0.0236,save,right-foot,assisted,sofascore
14131933,1164070,Jorge Meireles,3035.0,45,20.8,25.1,0.015,block,right-foot,corner,sofascore
14131933,867438,Jonathan Panzo,3036.0,44,7.1,55.4,0.0796,miss,head,set-piece,sofascore
14131933,869875,Kikas,3035.0,38,14.4,51.9,0.1095,miss,right-foot,assisted,sofascore
14131933,1133282,André Luiz,3036.0,35,27.1,39.5,0.0209,block,left-foot,assisted,sofascore
14131933,1090646,Paulo Moreira,3035.0,28,10.1,36.0,0.0931,goal,left-foot,assisted,sofascore
14131933,1090543,Abraham Marcus,3035.0,28,19.8,65.3,0.0392,miss,left-foot,regular,sofascore
14131933,1164070,Jorge Meireles,3035.0,28,23.9,48.7,0.0213,block,right-foot,assisted,sofascore
14131933,1133282,André Luiz,3036.0,15,7.7,69.0,0.0414,block,left-foot,assisted,sofascore
14131933,848521,Marios Vrousai,3036.0,14,7.3,53.7,0.1097,miss,head,throw-in-set-piece,sofascore
14131933,1117723,Sidny Lopes Cabral,3035.0,12,30.8,53.7,0.032,miss,right-foot,free-kick,sofascore
14131933,1175854,Oumar Ngom,3035.0,4,29.1,66.4,0.016,block,right-foot,assisted,sofascore
14131939,1103333,Franjo Ivanović,3006.0,90,11.5,50.0,0.7884,goal,right-foot,penalty,sofascore
14131939,1103333,Franjo Ivanović,3006.0,88,19.8,58.5,0.0573,save,left-foot,assisted,sofascore
14131939,1116649,Brian Mansilla,25777.0,86,2.5,61.8,0.0649,block,left-foot,assisted,sofascore
14131939,1087316,Enzo Barrenechea,3006.0,80,28.8,49.3,0.0366,miss,right-foot,free-kick,sofascore
14131939,823631,Dodi Lukebakio,3006.0,76,15.6,67.8,0.0376,block,left-foot,regular,sofascore
14131939,913728,Ivan Barbero,25777.0,75,9.2,40.3,0.1606,miss,left-foot,assisted,sofascore
14131939,795236,Vangelis Pavlidis,3006.0,73,6.9,56.0,0.199,block,right-foot,fast-break,sofascore
14131939,1158353,João Rêgo,3006.0,72,11.7,40.1,0.0168,save,head,corner,sofascore
14131939,54672,David Simão,25777.0,69,22.0,28.9,0.0299,miss,left-foot,assisted,sofascore
14131939,1100952,Andreas Schjelderup,3006.0,67,12.8,36.8,0.1201,post,right-foot,fast-break,sofascore
14131939,1201395,Gianluca Prestianni,3006.0,58,14.7,39.5,0.0805,save,right-foot,fast-break,sofascore
14131939,823631,Dodi Lukebakio,3006.0,57,20.6,65.4,0.0294,miss,left-foot,assisted,sofascore
14131939,1015292,Richard Ríos,3006.0,56,2.9,43.2,0.1601,miss,right-foot,assisted,sofascore
14131939,795236,Vangelis Pavlidis,3006.0,50,14.6,51.0,0.137,goal,right-foot,assisted,sofascore
14131939,983542,Tomás Araújo,3006.0,47,9.3,50.8,0.048,miss,head,corner,sofascore
14131939,74915,Nicolás Otamendi,3006.0,45,3.2,45.6,0.213,goal,head,corner,sofascore
14131939,913728,Ivan Barbero,25777.0,43,27.4,59.1,0.0193,miss,right-foot,assisted,sofascore
14131939,795236,Vangelis Pavlidis,3006.0,42,9.2,66.3,0.2325,post,right-foot,assisted,sofascore
14131939,74915,Nicolás Otamendi,3006.0,32,5.0,57.0,0.1082,miss,head,corner,sofascore
14131939,996932,Pablo Gozálbez,25777.0,29,19.7,46.5,0.1609,miss,left-foot,regular,sofascore
14131939,795236,Vangelis Pavlidis,3006.0,22,11.5,50.0,0.7884,goal,right-foot,penalty,sofascore
14131939,795236,Vangelis Pavlidis,3006.0,9,11.5,50.0,0.7884,goal,right-foot,penalty,sofascore
14131932,1403144,Tiago Parente,4500.0,90,10.9,39.6,0.1753,miss,left-foot,regular,sofascore
14131932,548044,João Carvalho,4500.0,90,12.1,68.4,0.041,save,left-foot,assisted,sofascore
14131932,929894,Alejandro Marqués,4500.0,83,9.8,49.2,0.0458,save,head,corner,sofascore
14131932,1513647,Peixinho,4500.0,83,13.0,63.1,0.0943,block,left-foot,regular,sofascore
14131932,786269,Witiness Quembo,3013.0,80,3.9,58.4,0.2649,miss,right-foot,assisted,sofascore
14131932,1020610,Matheus Dias,3013.0,70,9.4,43.0,0.0242,miss,head,corner,sofascore
14131932,822510,Liziero,3013.0,70,23.5,41.9,0.0271,block,left-foot,regular,sofascore
14131932,822509,Léo Santos,3013.0,66,3.0,41.4,0.2054,miss,head,set-piece,sofascore
14131932,930246,Yanis Begraoui,4500.0,60,11.5,50.0,0.7884,goal,right-foot,penalty,sofascore
14131932,1049465,Kévin Boma,4500.0,55,10.8,41.1,0.0288,save,head,corner,sofascore
14131932,912781,Paulinho Bóia,3013.0,47,13.6,29.6,0.0522,save,right-foot,assisted,sofascore
14131932,1087354,Gonçalo Costa,4500.0,45,19.9,22.6,0.0206,miss,left-foot,set-piece,sofascore
14131932,548044,João Carvalho,4500.0,43,29.6,38.2,0.0135,miss,right-foot,assisted,sofascore
14131932,1112474,Ze Vitor,3013.0,37,2.0,50.5,0.7856,goal,left-foot,corner,sofascore
14131932,822509,Léo Santos,3013.0,37,7.9,53.4,0.0711,save,head,corner,sofascore
14131932,920684,Jordan Holsgrove,4500.0,31,27.3,74.4,0.0262,miss,left-foot,free-kick,sofascore
14131932,1511977,Pedro Carvalho,4500.0,23,13.7,56.8,0.1063,miss,left-foot,assisted,sofascore
14131932,1049465,Kévin Boma,4500.0,17,4.5,45.4,0.3015,miss,right-foot,corner,sofascore
14131932,994532,Antef Tsoungui,4500.0,17,6.1,66.4,0.057,block,right-foot,corner,sofascore
14131932,1020610,Matheus Dias,3013.0,10,23.7,40.5,0.0177,miss,right-foot,throw-in-set-piece,sofascore
14131932,930246,Yanis Begraoui,4500.0,8,6.1,63.4,0.0443,miss,head,set-piece,sofascore
14131932,987597,Jesús Ramírez,3013.0,2,6.0,27.7,0.0236,save,left-foot,fast-break,sofascore
14131935,1105595,Sorriso,49531.0,90,5.7,46.2,0.9417,goal,right-foot,fast-break,sofascore
14131935,42898,Nélson Oliveira,3009.0,90,11.7,47.9,0.0356,miss,head,assisted,sofascore
14131935,583838,Gil Dias,49531.0,90,19.7,70.9,0.0283,save,left-foot,fast-break,sofascore
14131935,1488511,Tony Strata,3009.0,90,24.7,74.4,0.0261,block,right-foot,assisted,sofascore
14131935,844409,Orest Lebedenko,3009.0,84,8.8,56.9,0.0501,miss,head,set-piece,sofascore
14131935,1105595,Sorriso,49531.0,80,15.4,43.4,0.0515,block,right-foot,assisted,sofascore
14131935,1049526,Simon Elisor,49531.0,75,8.4,33.9,0.0474,save,left-foot,assisted,sofascore
14131935,1131047,Miguel Maga,3009.0,65,23.8,63.6,0.0188,block,right-foot,set-piece,sofascore
14131935,1063255,Alioune Ndoye,3009.0,63,10.5,47.0,0.0444,save,head,assisted,sofascore
14131935,844409,Orest Lebedenko,3009.0,58,10.1,38.8,0.0184,miss,head,corner,sofascore
14131935,1168093,Óscar Rivas,3009.0,57,25.3,29.7,0.0323,block,right-foot,free-kick,sofascore
14131935,1153328,Noah Saviolo,3009.0,48,23.2,31.5,0.021,block,right-foot,assisted,sofascore
14131935,1105595,Sorriso,49531.0,44,12.2,55.2,0.0492,save,head,assisted,sofascore
14131935,1511656,Mathias De Amorim,49531.0,41,14.7,50.9,0.1281,goal,right-foot,assisted,sofascore
14131935,1511656,Mathias De Amorim,49531.0,39,11.1,35.0,0.0973,miss,right-foot,assisted,sofascore
14131935,1463265,Antoine Joujou,49531.0,39,12.3,35.4,0.0664,save,left-foot,regular,sofascore
14131935,1463265,Antoine Joujou,49531.0,29,16.4,33.3,0.024,block,right-foot,assisted,sofascore
14131935,1063255,Alioune Ndoye,3009.0,28,20.9,31.3,0.0518,save,right-foot,free-kick,sofascore
14131935,1049526,Simon Elisor,49531.0,25,18.4,29.9,0.0161,save,left-foot,assisted,sofascore
14131935,836676,Tom Van De Looi,49531.0,23,27.9,35.4,0.0151,save,right-foot,assisted,sofascore
14131935,1511656,Mathias De Amorim,49531.0,17,8.9,40.7,0.0929,block,left-foot,regular,sofascore
14131935,785808,Samu,3009.0,15,22.0,43.4,0.0321,miss,left-foot,set-piece,sofascore
14131935,1063255,Alioune Ndoye,3009.0,15,24.8,57.0,0.0189,block,right-foot,set-piece,sofascore
14131935,1105595,Sorriso,49531.0,13,23.5,61.7,0.0303,save,left-foot,assisted,sofascore
14131935,1434543,Diogo Sousa,3009.0,10,8.9,52.6,0.0818,miss,head,assisted,sofascore
14131935,1434543,Diogo Sousa,3009.0,6,4.6,31.6,0.0961,save,left-foot,assisted,sofascore
14131935,1463265,Antoine Joujou,49531.0,5,11.3,32.1,0.052,save,left-foot,regular,sofascore
14131935,1563665,Gustavo Sá,49531.0,1,25.3,54.0,0.0422,block,right-foot,assisted,sofascore
14131940,1403165,Geovany Quenda,3001.0,90,3.1,58.1,0.2114,goal,head,assisted,sofascore
14131940,830431,Francisco Trincão,3001.0,89,17.9,49.7,0.1108,save,left-foot,fast-break,sofascore
14131940,1122835,Alisson Santos,3001.0,86,5.5,30.9,0.0302,block,right-foot,assisted,sofascore
14131940,1133070,Tiago Manso,38396.0,81,22.0,57.0,0.0272,block,right-foot,assisted,sofascore
14131940,895764,Pedro Gonçalves,3001.0,80,10.9,47.4,0.0978,block,left-foot,assisted,sofascore
14131940,859917,Morten Hjulmand,3001.0,76,8.5,67.9,0.0183,miss,head,corner,sofascore
14131940,1807776,Yarlen,38396.0,71,7.5,51.8,0.2448,block,right-foot,assisted,sofascore
14131940,879917,Maranhão,38396.0,70,28.4,31.1,0.0149,miss,right-foot,assisted,sofascore
14131940,1133070,Tiago Manso,38396.0,69,21.3,61.3,0.0528,block,left-foot,assisted,sofascore
14131940,1001140,Geny Catamo,3001.0,62,22.5,69.6,0.0243,miss,left-foot,assisted,sofascore
14131940,895764,Pedro Gonçalves,3001.0,59,13.3,29.6,0.0221,goal,left-foot,assisted,sofascore
14131940,895764,Pedro Gonçalves,3001.0,51,13.9,38.7,0.0535,block,right-foot,corner,sofascore
14131940,879917,Maranhão,38396.0,50,29.9,41.3,0.0141,miss,right-foot,assisted,sofascore
14131940,895764,Pedro Gonçalves,3001.0,49,26.3,28.6,0.0135,save,right-foot,assisted,sofascore
14131940,1001140,Geny Catamo,3001.0,49,9.8,64.8,0.1321,save,left-foot,assisted,sofascore
14131940,929193,Maximiliano Araújo,3001.0,47,12.2,39.7,0.0599,save,left-foot,regular,sofascore
14131940,914213,Luis Javier Suárez,3001.0,47,15.2,53.6,0.0622,miss,left-foot,assisted,sofascore
14131940,859917,Morten Hjulmand,3001.0,46,29.9,50.9,0.0128,block,right-foot,regular,sofascore
14131940,879917,Maranhão,38396.0,42,10.7,73.2,0.0366,save,right-foot,assisted,sofascore
14131940,879917,Maranhão,38396.0,40,31.9,74.8,0.0154,miss,right-foot,regular,sofascore
14131940,1111880,Emmanuel Maviram,38396.0,39,26.0,30.7,0.0203,miss,left-foot,regular,sofascore
14131940,914213,Luis Javier Suárez,3001.0,38,12.2,50.9,0.1915,save,right-foot,assisted,sofascore
14131940,914213,Luis Javier Suárez,3001.0,36,8.2,58.3,0.1946,save,right-foot,assisted,sofascore
14131940,1001140,Geny Catamo,3001.0,35,21.3,70.1,0.0198,save,left-foot,assisted,sofascore
14131940,859917,Morten Hjulmand,3001.0,34,18.7,53.8,0.131,block,right-foot,regular,sofascore
14131940,895764,Pedro Gonçalves,3001.0,33,7.5,50.7,0.1709,save,right-foot,assisted,sofascore
14131940,1394342,Ousmane Diomande,3001.0,32,25.9,68.4,0.0122,miss,right-foot,set-piece,sofascore
14131940,914213,Luis Javier Suárez,3001.0,26,3.6,42.6,0.1511,miss,head,corner,sofascore
14131940,859917,Morten Hjulmand,3001.0,26,9.4,54.3,0.0361,block,head,corner,sofascore
14131940,914213,Luis Javier Suárez,3001.0,25,5.2,64.2,0.1902,save,right-foot,assisted,sofascore
14131940,914213,Luis Javier Suárez,3001.0,18,9.1,33.8,0.0835,goal,left-foot,assisted,sofascore
14131940,830431,Francisco Trincão,3001.0,17,15.8,61.3,0.0585,miss,left-foot,assisted,sofascore
14131940,1001140,Geny Catamo,3001.0,7,20.9,72.3,0.0127,save,left-foot,regular,sofascore
14131940,861283,Cicero,38396.0,5,12.3,56.0,0.0317,save,head,throw-in-set-piece,sofascore
14131940,1394342,Ousmane Diomande,3001.0,4,8.4,50.2,0.0725,miss,head,corner,sofascore
14131940,914213,Luis Javier Suárez,3001.0,4,20.3,32.9,0.0218,block,right-foot,corner,sofascore
14131940,895764,Pedro Gonçalves,3001.0,2,10.3,48.1,0.1396,save,left-foot,assisted,sofascore
14131937,1184326,Diego Rodrigues,2999.0,78,23.8,38.5,0.0212,save,right-foot,assisted,sofascore
14131937,6562,João Moutinho,2999.0,77,10.1,62.0,0.0171,save,head,corner,sofascore
14131937,1014048,Amine El Ouazzani,2999.0,69,10.5,43.8,0.1473,miss,left-foot,assisted,sofascore
14131937,1014048,Amine El Ouazzani,2999.0,68,22.2,47.0,0.029,block,left-foot,assisted,sofascore
14131937,966575,Rodrigo Zalazar,2999.0,57,11.5,50.0,0.7884,goal,right-foot,penalty,sofascore
14131937,1155358,Dailon Rocha Livramento,36365.0,52,9.1,40.3,0.0377,miss,head,assisted,sofascore
14131937,1396015,Mario Dorgeles,2999.0,48,26.3,35.6,0.6436,goal,left-foot,regular,sofascore
14131937,1014048,Amine El Ouazzani,2999.0,46,29.1,45.2,0.0211,block,left-foot,assisted,sofascore
14131937,849719,Gaizka Larrazabal,36365.0,45,25.6,62.2,0.03,miss,right-foot,regular,sofascore
14131937,1396015,Mario Dorgeles,2999.0,28,17.8,61.5,0.0283,miss,left-foot,assisted,sofascore
14131937,826054,Jérémy Livolant,36365.0,24,7.1,56.0,0.1438,save,other,set-piece,sofascore
14131937,314380,Ricardo Horta,2999.0,17,5.7,50.7,0.2379,save,right-foot,regular,sofascore
14131937,1396015,Mario Dorgeles,2999.0,15,12.5,58.1,0.0737,miss,left-foot,regular,sofascore
14131937,1120039,Jean-Baptiste Gorby,2999.0,15,26.2,54.0,0.0277,block,left-foot,assisted,sofascore
14131937,965263,Gustaf Lagerbielke,2999.0,8,7.3,49.9,0.2634,goal,head,set-piece,sofascore
14131937,1014048,Amine El Ouazzani,2999.0,8,9.8,43.2,0.0391,post,head,set-piece,sofascore
14131937,314380,Ricardo Horta,2999.0,5,12.8,44.8,0.2465,goal,right-foot,regular,sofascore
14131937,966575,Rodrigo Zalazar,2999.0,5,9.4,70.9,0.0465,save,right-foot,assisted,sofascore
14131936,1142254,Rodrigo Alonso,3014.0,90,15.8,54.6,0.0538,block,right-foot,assisted,sofascore
14131936,856119,Guilherme Schettine,3014.0,90,9.5,49.9,0.064,block,head,assisted,sofascore
14131936,1407720,Deniz Gül,3002.0,88,4.6,51.9,0.202,goal,head,corner,sofascore
14131936,976037,Jakub Kiwior,3002.0,88,5.4,47.3,0.1764,miss,head,corner,sofascore
14131936,905455,Alan,3014.0,79,21.6,76.3,0.0352,block,right-foot,free-kick,sofascore
14131936,1142578,Diogo Travassos,3014.0,76,22.8,72.0,0.0167,miss,right-foot,assisted,sofascore
14131936,1407720,Deniz Gül,3002.0,75,7.0,41.7,0.0981,miss,head,regular,sofascore
14131936,1410240,Rodrigo Mora,3002.0,75,16.8,30.8,0.0317,block,right-foot,assisted,sofascore
14131936,1639250,William Gomes,3002.0,70,14.8,71.1,0.0282,miss,left-foot,regular,sofascore
14131936,845811,Bernardo Martins,3014.0,66,39.5,52.6,0.0121,miss,right-foot,regular,sofascore
14131936,985138,Francisco Moura,3002.0,64,18.7,31.5,0.0565,block,left-foot,assisted,sofascore
14131936,882664,Pepê,3002.0,61,18.8,30.5,0.0198,block,right-foot,set-piece,sofascore
14131936,1503836,Samu Aghehowa,3002.0,56,11.4,37.4,0.1121,save,left-foot,assisted,sofascore
14131936,976037,Jakub Kiwior,3002.0,50,8.0,48.5,0.092,save,left-foot,corner,sofascore
14131936,1010505,Gabri Veiga,3002.0,50,10.2,18.8,0.0409,block,right-foot,free-kick,sofascore
14131936,1503836,Samu Aghehowa,3002.0,45,11.5,50.0,0.7884,goal,right-foot,penalty,sofascore
14131936,286085,Jan Bednarek,3002.0,43,11.9,52.8,0.037,save,head,assisted,sofascore
14131936,1142578,Diogo Travassos,3014.0,38,19.4,27.6,0.0207,miss,left-foot,assisted,sofascore
14131936,992567,Borja Sainz,3002.0,28,25.5,39.0,0.0159,miss,right-foot,assisted,sofascore
14131936,1503836,Samu Aghehowa,3002.0,24,11.6,47.2,0.039,save,head,assisted,sofascore
14131936,905455,Alan,3014.0,18,11.4,30.5,0.0472,goal,right-foot,regular,sofascore
14131936,910033,Cedric Teguia,3014.0,18,22.2,25.0,0.0155,miss,left-foot,regular,sofascore
14131936,1503836,Samu Aghehowa,3002.0,11,9.4,48.3,0.1009,save,head,fast-break,sofascore
14131936,1406639,Victor Froholdt,3002.0,8,20.0,49.9,0.0351,miss,right-foot,assisted,sofascore
14131945,1122835,Alisson Santos,3001.0,90,11.4,35.2,0.121,miss,right-foot,fast-break,sofascore
14131945,904849,Nabil Touaizi,190328.0,90,24.1,65.0,0.0324,block,right-foot,assisted,sofascore
14131945,1122835,Alisson Santos,3001.0,89,15.1,27.6,0.0175,miss,right-foot,assisted,sofascore
14131945,1511706,Alexsandro Amorim,190328.0,88,23.7,66.9,0.021,miss,right-foot,assisted,sofascore
14131945,2033832,Davy Gui,190328.0,85,25.4,49.1,0.0411,miss,left-foot,regular,sofascore
14131945,2033832,Davy Gui,190328.0,81,26.0,53.2,0.024,block,right-foot,assisted,sofascore
14131945,895764,Pedro Gonçalves,3001.0,74,25.3,40.7,0.0163,goal,right-foot,assisted,sofascore
14131945,1403165,Geovany Quenda,3001.0,70,12.8,74.1,0.0243,save,left-foot,assisted,sofascore
14131945,903679,Fotis Ioannidis,3001.0,68,5.0,50.4,0.3485,goal,head,corner,sofascore
14131945,1166952,Georgios Vagiannidis,3001.0,66,25.7,62.1,0.0152,save,right-foot,corner,sofascore
14131945,903679,Fotis Ioannidis,3001.0,65,10.4,56.1,0.0363,miss,head,assisted,sofascore
14131945,903679,Fotis Ioannidis,3001.0,64,3.7,67.3,0.0425,miss,right-foot,assisted,sofascore
14131945,1100957,Marko Milovanović,190328.0,57,23.0,69.6,0.0205,miss,left-foot,assisted,sofascore
14131945,1100957,Marko Milovanović,190328.0,52,16.7,45.8,0.1085,miss,left-foot,regular,sofascore
14131945,1001196,Gonçalo Inácio,3001.0,50,7.3,46.5,0.0954,miss,head,corner,sofascore
14131945,1001196,Gonçalo Inácio,3001.0,48,7.3,51.2,0.1048,miss,head,corner,sofascore
14131945,1394342,Ousmane Diomande,3001.0,45,7.3,48.5,0.1554,miss,right-foot,set-piece,sofascore
14131945,929193,Maximiliano Araújo,3001.0,45,10.8,59.1,0.0281,miss,head,set-piece,sofascore
14131945,1410209,João Simões,3001.0,45,8.8,45.9,0.172,block,left-foot,assisted,sofascore
14131945,895764,Pedro Gonçalves,3001.0,42,18.2,31.7,0.0322,save,right-foot,assisted,sofascore
14131945,830431,Francisco Trincão,3001.0,36,9.9,68.9,0.0296,save,left-foot,assisted,sofascore
14131945,914213,Luis Javier Suárez,3001.0,35,2.7,35.7,0.0471,save,left-foot,regular,sofascore
14131945,1001140,Geny Catamo,3001.0,32,12.4,71.5,0.0204,block,left-foot,assisted,sofascore
14131945,1410209,João Simões,3001.0,27,21.8,40.3,0.0369,block,left-foot,regular,sofascore
14131945,914213,Luis Javier Suárez,3001.0,25,12.9,41.4,0.0605,block,right-foot,assisted,sofascore
14131945,1100957,Marko Milovanović,190328.0,24,21.6,32.1,0.0326,miss,left-foot,fast-break,sofascore
14131945,895764,Pedro Gonçalves,3001.0,23,18.2,60.7,0.0558,block,right-foot,assisted,sofascore
14131945,859917,Morten Hjulmand,3001.0,20,26.0,39.3,0.015,miss,right-foot,assisted,sofascore
14131945,830431,Francisco Trincão,3001.0,19,18.5,38.7,0.0828,save,left-foot,assisted,sofascore
14131945,1001140,Geny Catamo,3001.0,18,12.5,62.7,0.1362,post,left-foot,fast-break,sofascore
14131945,1410209,João Simões,3001.0,16,8.6,51.8,0.1315,miss,head,assisted,sofascore
14131945,830431,Francisco Trincão,3001.0,5,9.9,47.9,0.0772,block,left-foot,regular,sofascore
14131945,914213,Luis Javier Suárez,3001.0,2,9.3,38.9,0.3038,miss,left-foot,assisted,sofascore
14131946,583838,Gil Dias,49531.0,90,12.7,58.5,0.4387,miss,left-foot,fast-break,sofascore
14131946,1606013,Yassir Zabiri,49531.0,90,45.8,48.6,0.0184,save,left-foot,fast-break,sofascore
14131946,1020610,Matheus Dias,3013.0,90,18.1,44.6,0.0144,miss,head,set-piece,sofascore
14131946,1640310,Motez Nourani,3013.0,89,9.7,32.7,0.1432,miss,right-foot,fast-break,sofascore
14131946,987597,Jesús Ramírez,3013.0,89,20.3,31.9,0.0351,save,right-foot,fast-break,sofascore
14131946,583838,Gil Dias,49531.0,84,13.6,64.6,0.0675,block,left-foot,assisted,sofascore
14131946,836676,Tom Van De Looi,49531.0,80,19.8,39.4,0.0259,block,left-foot,corner,sofascore
14131946,1563665,Gustavo Sá,49531.0,80,12.6,64.4,0.0618,save,right-foot,assisted,sofascore
14131946,1595506,Ibrahima Ba,49531.0,76,8.9,50.6,0.0522,miss,head,corner,sofascore
14131946,583838,Gil Dias,49531.0,75,14.4,58.9,0.1471,block,left-foot,fast-break,sofascore
14131946,1511656,Mathias De Amorim,49531.0,74,12.6,42.3,0.1119,miss,right-foot,assisted,sofascore
14131946,912781,Paulinho Bóia,3013.0,73,26.5,56.4,0.0411,save,right-foot,assisted,sofascore
14131946,1102988,Pedro Bondo,49531.0,72,14.4,38.0,0.0365,miss,left-foot,corner,sofascore
14131946,1049526,Simon Elisor,49531.0,66,18.1,52.6,0.1681,block,left-foot,free-kick,sofascore
14131946,1049526,Simon Elisor,49531.0,62,14.2,61.5,0.042,miss,left-foot,regular,sofascore
14131946,1105595,Sorriso,49531.0,61,4.9,34.2,0.0244,miss,head,throw-in-set-piece,sofascore
14131946,44684,João Aurélio,3013.0,53,12.3,40.9,0.0293,miss,head,set-piece,sofascore
14131946,1463265,Antoine Joujou,49531.0,51,3.5,41.1,0.1701,miss,left-foot,assisted,sofascore
14131946,1463265,Antoine Joujou,49531.0,45,4.0,32.3,0.0412,goal,left-foot,regular,sofascore
14131946,1105595,Sorriso,49531.0,45,13.6,63.4,0.0389,miss,right-foot,throw-in-set-piece,sofascore
14131946,836676,Tom Van De Looi,49531.0,43,21.8,39.7,0.029,block,right-foot,assisted,sofascore
14131946,1049526,Simon Elisor,49531.0,42,24.6,59.7,0.0583,block,left-foot,free-kick,sofascore
14131946,1463265,Antoine Joujou,49531.0,23,18.2,35.2,0.0437,block,left-foot,assisted,sofascore
14131946,1049526,Simon Elisor,49531.0,22,15.4,75.2,0.0231,block,left-foot,assisted,sofascore
14131946,912781,Paulinho Bóia,3013.0,13,22.6,35.2,0.0104,miss,right-foot,corner,sofascore
14131946,912781,Paulinho Bóia,3013.0,12,14.7,53.4,0.1035,block,right-foot,assisted,sofascore
14131946,786269,Witiness Quembo,3013.0,1,11.9,76.3,0.0217,save,right-foot,assisted,sofascore
14131942,157023,Cassiano,36365.0,90,23.4,67.9,0.0508,miss,right-foot,free-kick,sofascore
14131942,1155358,Dailon Rocha Livramento,36365.0,90,11.0,73.8,0.0337,save,right-foot,fast-break,sofascore
14131942,801339,Rodrigo Pinho,3035.0,89,24.7,53.6,0.0267,block,left-foot,regular,sofascore
14131942,27622,José Fonte,36365.0,85,4.3,53.2,0.3253,goal,head,set-piece,sofascore
14131942,826054,Jérémy Livolant,36365.0,85,22.3,36.2,0.0608,block,right-foot,free-kick,sofascore
14131942,1117723,Sidny Lopes Cabral,3035.0,82,12.5,39.1,0.0531,goal,right-foot,assisted,sofascore
14131942,1090543,Abraham Marcus,3035.0,79,10.2,63.2,0.1384,miss,left-foot,assisted,sofascore
14131942,1155358,Dailon Rocha Livramento,36365.0,78,25.9,46.0,0.0212,block,right-foot,assisted,sofascore
14131942,826054,Jérémy Livolant,36365.0,70,13.9,50.1,0.1201,miss,right-foot,regular,sofascore
14131942,1090646,Paulo Moreira,3035.0,67,20.3,54.4,0.0621,goal,right-foot,assisted,sofascore
14131942,1117723,Sidny Lopes Cabral,3035.0,65,11.5,50.0,0.7884,goal,left-foot,penalty,sofascore
14131942,845802,Jovane Cabral,3035.0,61,30.0,53.4,0.0142,block,right-foot,assisted,sofascore
14131942,1131015,Iyad Mohamed,36365.0,48,19.4,48.1,0.0965,goal,left-foot,regular,sofascore
14131942,869875,Kikas,3035.0,45,13.5,64.8,0.0476,block,right-foot,fast-break,sofascore
14131942,1117723,Sidny Lopes Cabral,3035.0,45,11.5,50.0,0.7884,goal,left-foot,penalty,sofascore
14131942,1117723,Sidny Lopes Cabral,3035.0,39,26.5,65.2,0.0342,block,left-foot,free-kick,sofascore
14131942,869875,Kikas,3035.0,36,8.9,50.7,0.1865,goal,head,assisted,sofascore
14131942,157023,Cassiano,36365.0,34,8.4,44.9,0.2903,goal,right-foot,fast-break,sofascore
14131942,1175854,Oumar Ngom,3035.0,30,10.4,56.4,0.0192,save,head,corner,sofascore
14131942,1117723,Sidny Lopes Cabral,3035.0,28,22.5,19.0,0.0125,miss,right-foot,assisted,sofascore
14131942,963990,Kaique Rocha,36365.0,16,28.5,45.8,0.0224,miss,right-foot,throw-in-set-piece,sofascore
14131942,1015932,David Sousa,36365.0,2,9.4,52.1,0.0463,block,head,corner,sofascore
14131944,548044,João Carvalho,4500.0,90,7.5,63.0,0.3227,miss,right-foot,assisted,sofascore
14131944,1511977,Pedro Carvalho,4500.0,83,18.7,56.4,0.0547,miss,right-foot,regular,sofascore
14131944,1120679,André Lacximicant,4500.0,81,6.3,69.1,0.1054,post,left-foot,assisted,sofascore
14131944,1015291,Patrick de Paula,4500.0,81,25.5,39.7,0.0276,block,left-foot,assisted,sofascore
14131944,1049465,Kévin Boma,4500.0,79,6.4,56.4,0.0837,save,head,corner,sofascore
14131944,930246,Yanis Begraoui,4500.0,70,11.5,50.0,0.7884,goal,right-foot,penalty,sofascore
14131944,1120679,André Lacximicant,4500.0,63,6.7,43.2,0.0981,goal,left-foot,assisted,sofascore
14131944,548044,João Carvalho,4500.0,57,11.1,30.5,0.0399,post,right-foot,assisted,sofascore
14131944,1133282,André Luiz,3036.0,55,9.7,53.2,0.1704,miss,left-foot,assisted,sofascore
14131944,1120679,André Lacximicant,4500.0,53,11.3,31.9,0.0271,miss,left-foot,assisted,sofascore
14131944,994532,Antef Tsoungui,4500.0,50,21.9,46.4,0.0717,miss,right-foot,assisted,sofascore
14131944,1087354,Gonçalo Costa,4500.0,50,13.1,41.8,0.1157,block,left-foot,assisted,sofascore
14131944,1120679,André Lacximicant,4500.0,50,10.5,52.1,0.1604,block,left-foot,regular,sofascore
14131944,930246,Yanis Begraoui,4500.0,45,12.9,59.7,0.0899,goal,right-foot,assisted,sofascore
14131944,920684,Jordan Holsgrove,4500.0,45,28.7,48.7,0.0112,miss,right-foot,regular,sofascore
14131944,1049465,Kévin Boma,4500.0,43,5.4,53.2,0.1623,miss,head,corner,sofascore
14131944,930246,Yanis Begraoui,4500.0,40,15.2,65.8,0.027,goal,right-foot,assisted,sofascore
14131944,930246,Yanis Begraoui,4500.0,27,4.2,48.3,0.6529,miss,right-foot,assisted,sofascore
14131944,943525,Felix Bacher,4500.0,26,6.4,45.8,0.1025,block,head,corner,sofascore
14131944,920684,Jordan Holsgrove,4500.0,24,26.1,42.3,0.0522,block,left-foot,free-kick,sofascore
14131944,548044,João Carvalho,4500.0,19,20.1,27.4,0.0311,save,right-foot,assisted,sofascore
14131944,1511977,Pedro Carvalho,4500.0,12,3.0,62.6,0.1292,miss,right-foot,assisted,sofascore
14131944,1005992,Andreas Ndoj,3036.0,10,15.3,35.2,0.0453,block,left-foot,regular,sofascore
14131944,920684,Jordan Holsgrove,4500.0,5,24.4,37.5,0.0228,block,left-foot,corner,sofascore
14131944,548044,João Carvalho,4500.0,4,9.8,32.3,0.0345,block,right-foot,assisted,sofascore
14131944,1120679,André Lacximicant,4500.0,3,19.8,58.5,0.0313,block,left-foot,assisted,sofascore
14131949,1158353,João Rêgo,3006.0,87,2.9,57.3,0.4421,goal,right-foot,regular,sofascore
14131949,1087316,Enzo Barrenechea,3006.0,87,17.2,45.2,0.0717,save,right-foot,assisted,sofascore
14131949,906800,Leandro Barreiro,3006.0,84,18.2,48.1,0.0396,miss,left-foot,corner,sofascore
14131949,74915,Nicolás Otamendi,3006.0,84,13.5,32.4,0.0047,block,head,corner,sofascore
14131949,1087316,Enzo Barrenechea,3006.0,84,19.8,35.4,0.0567,save,right-foot,assisted,sofascore
14131949,823631,Dodi Lukebakio,3006.0,75,23.4,56.6,0.0329,miss,left-foot,assisted,sofascore
14131949,906800,Leandro Barreiro,3006.0,75,15.3,41.5,0.0492,block,right-foot,regular,sofascore
14131949,906800,Leandro Barreiro,3006.0,72,4.5,55.8,0.2939,save,head,assisted,sofascore
14131949,823631,Dodi Lukebakio,3006.0,71,12.7,72.7,0.0319,save,left-foot,assisted,sofascore
14131949,1168093,Óscar Rivas,3009.0,70,11.4,44.8,0.0232,miss,head,corner,sofascore
14131949,785808,Samu,3009.0,70,15.1,34.0,0.0258,block,right-foot,assisted,sofascore
14131949,1100952,Andreas Schjelderup,3006.0,69,20.0,39.3,0.0622,block,right-foot,regular,sofascore
14131949,993101,Samuel Dahl,3006.0,62,8.0,30.6,0.0477,goal,left-foot,assisted,sofascore
14131949,785808,Samu,3009.0,59,24.7,36.2,0.0328,miss,left-foot,fast-break,sofascore
14131949,228364,Fredrik Aursnes,3006.0,55,3.3,62.3,0.1168,miss,right-foot,assisted,sofascore
14131949,983542,Tomás Araújo,3006.0,53,3.5,56.4,0.1764,goal,head,corner,sofascore
14131949,823631,Dodi Lukebakio,3006.0,53,25.9,55.2,0.0663,save,left-foot,free-kick,sofascore
14131949,1015292,Richard Ríos,3006.0,50,3.0,43.7,0.2102,miss,head,corner,sofascore
14131949,795236,Vangelis Pavlidis,3006.0,48,1.0,57.9,0.0869,miss,right-foot,regular,sofascore
14131949,906800,Leandro Barreiro,3006.0,48,6.4,48.3,0.1791,save,head,assisted,sofascore
14131949,1133568,João Mendes,3009.0,45,26.6,61.3,0.0156,miss,left-foot,set-piece,sofascore
14131949,1201395,Gianluca Prestianni,3006.0,37,20.9,30.1,0.0202,miss,right-foot,assisted,sofascore
14131949,1563640,Oumar Camara,3009.0,36,16.6,32.9,0.0319,block,right-foot,fast-break,sofascore
14131949,1123925,Georgiy Sudakov,3006.0,34,5.4,32.1,0.0399,miss,left-foot,assisted,sofascore
14131949,1201395,Gianluca Prestianni,3006.0,33,22.9,31.7,0.0326,save,right-foot,assisted,sofascore
14131949,785808,Samu,3009.0,32,9.7,58.3,0.0964,miss,right-foot,throw-in-set-piece,sofascore
14131949,1434543,Diogo Sousa,3009.0,32,17.6,36.6,0.0402,block,right-foot,fast-break,sofascore
14131949,1130363,Fabio Blanco,3009.0,30,25.0,43.4,0.0262,save,right-foot,assisted,sofascore
14131949,1035280,Telmo Arcanjo,3009.0,28,23.7,80.1,0.0086,save,left-foot,assisted,sofascore
14131949,228364,Fredrik Aursnes,3006.0,13,27.7,62.4,0.0063,miss,right-foot,corner,sofascore
14131949,1015292,Richard Ríos,3006.0,13,30.5,33.8,0.0161,block,right-foot,assisted,sofascore
14131949,1434543,Diogo Sousa,3009.0,10,20.9,35.0,0.0311,save,left-foot,assisted,sofascore
14131949,1201395,Gianluca Prestianni,3006.0,9,11.0,34.8,0.0415,block,right-foot,assisted,sofascore
14131949,1015292,Richard Ríos,3006.0,9,17.0,45.0,0.0503,block,left-foot,assisted,sofascore
14131941,1120043,Diogo Spencer,483088.0,90,6.5,68.4,0.0594,block,right-foot,throw-in-set-piece,sofascore
14131941,44685,Nenê,483088.0,90,9.9,57.3,0.0474,block,head,assisted,sofascore
14131941,110950,Ivan Cavaleiro,38396.0,90,17.3,17.9,0.0392,miss,right-foot,free-kick,sofascore
14131941,1067648,Pedro Lima,483088.0,90,22.3,39.9,0.0371,save,left-foot,assisted,sofascore
14131941,1478262,Yefrei Rodriguez,38396.0,90,7.2,45.6,0.2022,miss,head,set-piece,sofascore
14131941,1187281,Brayan Medina,38396.0,80,5.2,48.9,0.4179,miss,left-foot,corner,sofascore
14131941,1035696,Rémy Vita,38396.0,79,32.5,63.2,0.0047,miss,left-foot,corner,sofascore
14131941,879917,Maranhão,38396.0,71,11.5,50.0,0.7884,goal,right-foot,penalty,sofascore
14131941,1185986,Óscar Perea,483088.0,62,10.8,40.9,0.2806,goal,left-foot,assisted,sofascore
14131941,126076,Tomané,483088.0,60,15.2,39.7,0.13,save,right-foot,assisted,sofascore
14131941,1185986,Óscar Perea,483088.0,49,13.5,33.8,0.0608,block,left-foot,fast-break,sofascore
14131941,879917,Maranhão,38396.0,45,8.9,65.8,0.0911,miss,right-foot,fast-break,sofascore
14131941,1211830,Sidi Bane,483088.0,43,6.4,62.0,0.0736,goal,right-foot,assisted,sofascore
14131941,1185986,Óscar Perea,483088.0,39,24.7,30.5,0.0166,miss,right-foot,regular,sofascore
14131941,981217,Gustavo Assunção,483088.0,39,11.1,59.7,0.0247,save,head,set-piece,sofascore
14131941,788786,Jordan Siebatcheu,38396.0,38,9.1,39.5,0.2456,block,left-foot,fast-break,sofascore
14131941,981217,Gustavo Assunção,483088.0,36,30.0,54.6,0.0136,block,right-foot,assisted,sofascore
14131941,823128,Rafael Barbosa,483088.0,31,25.9,47.9,0.0182,miss,right-foot,assisted,sofascore
14131941,823128,Rafael Barbosa,483088.0,27,13.2,62.4,0.1016,miss,left-foot,assisted,sofascore
14131941,126076,Tomané,483088.0,19,8.3,67.2,0.0191,block,right-foot,corner,sofascore
14131941,190147,Rony Lopes,38396.0,18,25.0,56.2,0.0261,save,left-foot,assisted,sofascore
14131941,190147,Rony Lopes,38396.0,14,15.8,76.5,0.0181,goal,left-foot,corner,sofascore
14131941,879917,Maranhão,38396.0,14,13.9,28.3,0.0216,miss,right-foot,corner,sofascore
14131941,981217,Gustavo Assunção,483088.0,12,28.7,45.8,0.0139,miss,right-foot,corner,sofascore
14131941,1185986,Óscar Perea,483088.0,12,18.5,30.3,0.023,block,right-foot,throw-in-set-piece,sofascore
14131943,1115751,Luís Semedo,3014.0,90,18.5,52.5,0.1768,save,right-foot,assisted,sofascore
14131943,913728,Ivan Barbero,25777.0,72,9.5,47.7,0.0601,block,head,assisted,sofascore
14131943,905455,Alan,3014.0,67,14.4,19.7,0.0368,save,right-foot,free-kick,sofascore
14131943,863637,Tiago Esgaio,25777.0,62,8.8,48.0,0.0642,miss,head,corner,sofascore
14131943,1191120,Hyun-ju Lee,25777.0,58,9.7,28.2,0.0331,block,right-foot,assisted,sofascore
14131943,1395583,Kiko,3014.0,57,6.7,33.3,0.0543,miss,left-foot,fast-break,sofascore
14131943,1191120,Hyun-ju Lee,25777.0,40,25.1,53.2,0.0192,miss,right-foot,assisted,sofascore
14131943,997025,Arnau Solà,25777.0,38,29.9,45.7,0.0151,block,left-foot,corner,sofascore
14131943,964609,Jose Fontán,25777.0,38,7.0,50.1,0.1129,block,head,corner,sofascore
14131943,856119,Guilherme Schettine,3014.0,36,12.8,59.1,0.1496,goal,right-foot,fast-break,sofascore
14131943,955133,Naïs Djouahra,25777.0,34,10.0,32.2,0.0323,miss,right-foot,assisted,sofascore
14131943,955133,Naïs Djouahra,25777.0,31,20.5,44.1,0.0579,save,right-foot,regular,sofascore
14131943,1191120,Hyun-ju Lee,25777.0,30,8.3,41.1,0.1522,miss,left-foot,assisted,sofascore
14131943,905455,Alan,3014.0,28,26.9,51.1,0.0196,save,right-foot,assisted,sofascore
14131943,913728,Ivan Barbero,25777.0,25,14.2,47.9,0.0192,save,head,assisted,sofascore
14131943,856119,Guilherme Schettine,3014.0,12,7.1,46.0,0.1611,goal,left-foot,assisted,sofascore
14131943,1395583,Kiko,3014.0,11,8.6,34.5,0.0868,miss,left-foot,assisted,sofascore
14131943,1105857,Taichi Fukui,25777.0,5,24.3,23.7,0.0277,miss,right-foot,assisted,sofascore
14131948,992567,Borja Sainz,3002.0,79,12.9,55.6,0.5296,goal,right-foot,assisted,sofascore
14131948,1407720,Deniz Gül,3002.0,76,13.6,40.5,0.1857,miss,right-foot,fast-break,sofascore
14131948,877918,Victor Gómez,2999.0,74,25.3,63.8,0.0206,miss,left-foot,set-piece,sofascore
14131948,914772,Fran Navarro,2999.0,71,8.2,47.0,0.2826,miss,right-foot,assisted,sofascore
14131948,1120039,Jean-Baptiste Gorby,2999.0,70,22.3,59.3,0.0454,block,right-foot,assisted,sofascore
14131948,1120039,Jean-Baptiste Gorby,2999.0,67,26.0,58.9,0.0312,miss,right-foot,regular,sofascore
14131948,966575,Rodrigo Zalazar,2999.0,63,14.8,47.4,0.0617,save,right-foot,assisted,sofascore
14131948,1639250,William Gomes,3002.0,61,13.3,63.6,0.0762,block,left-foot,assisted,sofascore
14131948,877918,Victor Gómez,2999.0,51,6.9,43.4,0.1504,goal,head,corner,sofascore
14131948,186719,Florian Grillitsch,2999.0,50,22.8,26.2,0.0238,block,right-foot,assisted,sofascore
14131948,1503836,Samu Aghehowa,3002.0,49,53.2,26.0,0.0051,save,right-foot,fast-break,sofascore
14131948,1410240,Rodrigo Mora,3002.0,45,24.8,53.8,0.0228,goal,right-foot,assisted,sofascore
14131948,1503836,Samu Aghehowa,3002.0,45,30.5,54.2,0.0251,block,right-foot,assisted,sofascore
14131948,1160957,Alberto Costa,3002.0,44,24.3,67.7,0.0262,miss,right-foot,assisted,sofascore
14131948,1410240,Rodrigo Mora,3002.0,39,21.9,40.1,0.0243,block,right-foot,assisted,sofascore
14131948,966575,Rodrigo Zalazar,2999.0,29,4.6,51.9,0.202,block,head,corner,sofascore
14131948,314380,Ricardo Horta,2999.0,28,12.3,64.8,0.0603,block,right-foot,assisted,sofascore
14131948,314380,Ricardo Horta,2999.0,26,14.1,34.6,0.0286,save,right-foot,set-piece,sofascore
14131948,1066560,Alan Varela,3002.0,2,21.6,45.6,0.0389,save,right-foot,assisted,sofascore
14131947,1511976,João Costa,3011.0,90,9.8,47.8,0.0625,block,head,assisted,sofascore
14131947,1001753,Vinícius Lopes,3011.0,89,18.9,76.8,0.0182,miss,right-foot,assisted,sofascore
14131947,1016898,Matheus Pereira,3011.0,86,34.9,34.0,0.0161,miss,left-foot,assisted,sofascore
14131947,1131145,Sidney Lima,3011.0,84,14.2,40.9,0.0116,save,head,set-piece,sofascore
14131947,1084746,Santi García,3010.0,70,16.4,68.9,0.0611,save,left-foot,assisted,sofascore
14131947,611880,Murilo,3010.0,70,24.8,70.5,0.0163,save,left-foot,assisted,sofascore
14131947,611880,Murilo,3010.0,64,24.1,49.1,0.0751,miss,left-foot,free-kick,sofascore
14131947,1001753,Vinícius Lopes,3011.0,58,8.8,54.6,0.1192,miss,right-foot,assisted,sofascore
14131947,1138915,Zé Carlos,3010.0,53,26.0,50.7,0.0148,block,right-foot,set-piece,sofascore
14131947,1001753,Vinícius Lopes,3011.0,51,27.8,27.0,0.0109,block,right-foot,assisted,sofascore
14131947,1019184,Serginho,3011.0,49,21.4,34.0,0.0268,save,right-foot,assisted,sofascore
14131947,1001662,Zé Carlos,3010.0,46,8.2,71.8,0.0209,block,right-foot,assisted,sofascore
14131947,1138915,Zé Carlos,3010.0,45,22.5,54.4,0.0852,miss,right-foot,fast-break,sofascore
14131947,1001753,Vinícius Lopes,3011.0,34,5.8,32.3,0.0223,save,head,regular,sofascore
14131947,991358,Lucas Soares,3011.0,34,16.2,74.2,0.0569,save,right-foot,assisted,sofascore
14131947,1799251,Brenner,3011.0,33,14.9,74.8,0.0275,miss,right-foot,assisted,sofascore
14131947,1019184,Serginho,3011.0,31,23.1,49.5,0.0227,block,right-foot,assisted,sofascore
14131947,989383,Adriano Firmino,3011.0,24,19.5,33.1,0.0426,miss,right-foot,assisted,sofascore
14131947,1001753,Vinícius Lopes,3011.0,22,10.7,48.8,0.042,block,head,assisted,sofascore
14131947,991358,Lucas Soares,3011.0,21,23.2,62.2,0.0207,miss,right-foot,regular,sofascore
14131947,1019184,Serginho,3011.0,21,3.8,34.8,0.0518,block,left-foot,regular,sofascore
14131947,800348,Jonathan Buatu,3010.0,13,2.1,61.8,0.0519,miss,head,corner,sofascore
14131947,1101174,Pablo Felipe,3010.0,10,7.0,49.6,0.2532,goal,head,assisted,sofascore
14131947,1032547,Joelson Fernandes,3010.0,6,19.4,23.1,0.0274,miss,right-foot,assisted,sofascore
14131957,930246,Yanis Begraoui,4500.0,90,12.5,56.7,0.0149,save,head,set-piece,sofascore
14131957,973517,Alfonso Trezza,25777.0,89,10.1,64.6,0.0738,save,right-foot,regular,sofascore
14131957,548044,João Carvalho,4500.0,86,5.2,55.3,0.5323,goal,left-foot,assisted,sofascore
14131957,1651509,Tiago Brito,4500.0,84,9.9,47.7,0.0547,block,right-foot,corner,sofascore
14131957,930246,Yanis Begraoui,4500.0,83,20.3,61.8,0.0244,block,right-foot,assisted,sofascore
14131957,548044,João Carvalho,4500.0,80,25.6,39.1,0.0353,save,right-foot,assisted,sofascore
14131957,996932,Pablo Gozálbez,25777.0,77,8.8,44.6,0.1827,miss,right-foot,assisted,sofascore
14131957,955133,Naïs Djouahra,25777.0,74,23.4,16.8,0.0154,goal,right-foot,assisted,sofascore
14131957,955133,Naïs Djouahra,25777.0,73,20.7,38.0,0.0303,block,right-foot,assisted,sofascore
14131957,1513647,Peixinho,4500.0,68,17.9,69.9,0.0302,miss,left-foot,assisted,sofascore
14131957,54672,David Simão,25777.0,65,24.3,50.5,0.0374,miss,left-foot,regular,sofascore
14131957,357734,Ferro,4500.0,55,6.5,47.1,0.1366,save,head,corner,sofascore
14131957,930246,Yanis Begraoui,4500.0,54,9.2,61.1,0.2145,post,right-foot,assisted,sofascore
14131957,920684,Jordan Holsgrove,4500.0,51,9.4,62.4,0.0693,goal,left-foot,throw-in-set-piece,sofascore
14131957,1191120,Hyun-ju Lee,25777.0,47,11.8,43.1,0.3608,miss,right-foot,assisted,sofascore
14131957,1120679,André Lacximicant,4500.0,45,2.3,41.5,0.1572,miss,head,corner,sofascore
14131957,930246,Yanis Begraoui,4500.0,45,12.6,47.5,0.0872,block,right-foot,assisted,sofascore
14131957,1049465,Kévin Boma,4500.0,43,8.3,48.4,0.1011,goal,head,corner,sofascore
14131957,548044,João Carvalho,4500.0,41,18.4,33.1,0.0361,save,right-foot,throw-in-set-piece,sofascore
14131957,1191120,Hyun-ju Lee,25777.0,35,23.7,49.5,0.0248,miss,right-foot,corner,sofascore
14131957,955133,Naïs Djouahra,25777.0,31,8.6,67.8,0.028,goal,right-foot,corner,sofascore
14131957,1001313,Nodar Lominadze,4500.0,26,25.0,40.9,0.0401,miss,right-foot,throw-in-set-piece,sofascore
14131957,1087354,Gonçalo Costa,4500.0,19,11.9,37.2,0.0532,block,left-foot,corner,sofascore
14131957,943525,Felix Bacher,4500.0,13,6.3,53.4,0.1127,block,other,corner,sofascore
14131957,1105857,Taichi Fukui,4500.0,10,5.5,56.6,,goal,left-foot,corner,sofascore
14131957,930246,Yanis Begraoui,4500.0,9,18.3,39.0,0.0302,block,right-foot,assisted,sofascore
14131957,1511977,Pedro Carvalho,4500.0,7,8.2,67.3,0.2265,miss,right-foot,assisted,sofascore
14131957,1105857,Taichi Fukui,25777.0,5,18.7,50.6,0.072,goal,right-foot,regular,sofascore
14131957,913728,Ivan Barbero,25777.0,4,8.6,41.3,0.305,block,left-foot,fast-break,sofascore
14131957,930246,Yanis Begraoui,4500.0,2,15.7,47.9,0.103,block,right-foot,regular,sofascore
14131952,1099301,Gian Cabezas,190328.0,90,25.6,39.1,0.0098,miss,left-foot,throw-in-set-piece,sofascore
14131952,1393242,Tamás Nikitscher,3036.0,90,28.8,32.2,0.0163,block,right-foot,assisted,sofascore
14131952,1133282,André Luiz,3036.0,90,23.6,38.0,0.0206,block,left-foot,regular,sofascore
14131952,1133282,André Luiz,3036.0,88,26.3,65.8,0.0258,block,left-foot,assisted,sofascore
14131952,1158067,Francisco Chissumba,190328.0,86,10.9,35.7,0.0664,miss,right-foot,assisted,sofascore
14131952,848521,Marios Vrousai,3036.0,84,27.3,55.1,0.0395,save,right-foot,free-kick,sofascore
14131952,344023,Sandro Lima,190328.0,77,3.9,52.1,0.5032,goal,head,set-piece,sofascore
14131952,1017023,Clayton,3036.0,75,21.6,24.3,0.0159,miss,right-foot,assisted,sofascore
14131952,1020203,Brandon Aguilera,3036.0,67,22.3,70.0,0.03,miss,left-foot,assisted,sofascore
14131952,1511706,Alexsandro Amorim,190328.0,66,21.5,48.5,0.0284,block,right-foot,assisted,sofascore
14131952,848521,Marios Vrousai,3036.0,63,26.4,81.2,0.0158,miss,right-foot,assisted,sofascore
14131952,1167068,Kaiky Naves,190328.0,58,7.7,50.2,0.2183,miss,head,set-piece,sofascore
14131952,1158067,Francisco Chissumba,190328.0,49,12.0,28.4,0.0345,save,left-foot,regular,sofascore
14131952,1031485,Sabit Abdulai,190328.0,47,28.4,58.3,0.0132,save,right-foot,assisted,sofascore
14131952,1405454,Cédric Nuozzi,190328.0,47,19.3,32.9,0.0334,block,right-foot,assisted,sofascore
14131952,1167068,Kaiky Naves,190328.0,43,7.6,41.5,0.0472,block,right-foot,corner,sofascore
14131952,1031485,Sabit Abdulai,190328.0,37,2.8,64.3,0.0169,miss,head,corner,sofascore
14131952,1511706,Alexsandro Amorim,190328.0,37,15.3,67.1,0.0404,block,left-foot,assisted,sofascore
14131952,1017023,Clayton,3036.0,35,6.9,50.3,0.2866,goal,head,assisted,sofascore
14131952,1133282,André Luiz,3036.0,26,5.2,65.2,0.0763,save,right-foot,set-piece,sofascore
14131952,1133282,André Luiz,3036.0,21,9.1,67.5,0.1316,save,right-foot,assisted,sofascore
14131952,1405973,Bastien Meupiyou,190328.0,20,3.5,47.4,0.3512,save,left-foot,set-piece,sofascore
14131952,1100957,Marko Milovanović,190328.0,20,7.0,44.8,0.1626,block,right-foot,set-piece,sofascore
14131952,930273,Olinho,3036.0,15,25.4,28.2,0.0322,miss,right-foot,free-kick,sofascore
14131952,1405454,Cédric Nuozzi,190328.0,13,11.9,49.3,0.0504,save,head,assisted,sofascore
14131952,1031485,Sabit Abdulai,190328.0,11,5.1,65.0,0.0101,block,head,corner,sofascore
14131958,1133070,Tiago Manso,38396.0,90,21.9,63.8,0.0233,block,right-foot,regular,sofascore
14131958,1146013,Hugo Félix,38396.0,90,13.2,60.9,0.0806,miss,right-foot,assisted,sofascore
14131958,1563640,Oumar Camara,3009.0,90,11.5,50.0,0.7884,goal,right-foot,penalty,sofascore
14131958,844409,Orest Lebedenko,3009.0,82,9.1,48.9,0.1066,miss,head,assisted,sofascore
14131958,1035280,Telmo Arcanjo,3009.0,79,8.5,38.7,0.0798,miss,left-foot,regular,sofascore
14131958,1111880,Emmanuel Maviram,38396.0,78,25.1,41.5,0.0266,block,left-foot,set-piece,sofascore
14131958,1035280,Telmo Arcanjo,3009.0,76,12.0,34.2,0.0647,save,left-foot,assisted,sofascore
14131958,1146013,Hugo Félix,38396.0,75,12.6,59.7,0.0582,block,right-foot,assisted,sofascore
14131958,110950,Ivan Cavaleiro,38396.0,73,9.2,44.2,0.2466,post,right-foot,fast-break,sofascore
14131958,1807776,Yarlen,38396.0,72,8.3,66.6,0.1251,save,right-foot,fast-break,sofascore
14131958,1146013,Hugo Félix,38396.0,72,20.9,46.0,0.1326,save,right-foot,fast-break,sofascore
14131958,1563640,Oumar Camara,3009.0,60,14.2,29.1,0.0334,miss,right-foot,regular,sofascore
14131958,846416,Rodrigo Abascal,3009.0,51,8.3,40.7,0.0312,miss,head,corner,sofascore
14131958,1111880,Emmanuel Maviram,38396.0,45,19.2,32.7,0.0514,miss,left-foot,regular,sofascore
14131958,1146013,Hugo Félix,38396.0,42,20.0,44.6,0.0597,save,right-foot,assisted,sofascore
14131958,1133568,João Mendes,3009.0,41,23.2,38.9,0.0345,miss,left-foot,assisted,sofascore
14131958,42898,Nélson Oliveira,3009.0,38,8.8,54.8,0.0587,miss,head,throw-in-set-piece,sofascore
14131958,110950,Ivan Cavaleiro,38396.0,35,11.0,65.0,0.1145,block,right-foot,assisted,sofascore
14131958,1002367,Beni Mukendi,3009.0,31,24.4,61.3,0.0257,block,right-foot,regular,sofascore
14131958,1133568,João Mendes,3009.0,28,14.2,42.2,0.0558,block,left-foot,regular,sofascore
14131958,1563640,Oumar Camara,3009.0,16,14.2,49.3,0.0529,block,right-foot,throw-in-set-piece,sofascore
14131958,879917,Maranhão,38396.0,13,5.5,52.8,0.3822,save,right-foot,throw-in-set-piece,sofascore
14131958,879917,Maranhão,38396.0,2,24.0,54.0,0.0203,block,right-foot,assisted,sofascore
14131954,859917,Morten Hjulmand,3001.0,90,3.8,55.0,0.1648,goal,head,corner,sofascore
14131954,1131145,Sidney Lima,3011.0,90,18.5,50.1,0.1714,miss,right-foot,free-kick,sofascore
14131954,1799251,Brenner,3011.0,90,13.0,60.7,0.0697,miss,right-foot,assisted,sofascore
14131954,903679,Fotis Ioannidis,3001.0,86,8.8,47.2,0.0675,miss,head,assisted,sofascore
14131954,929193,Maximiliano Araújo,3001.0,82,29.3,59.7,0.0053,miss,left-foot,corner,sofascore
14131954,903679,Fotis Ioannidis,3001.0,81,3.5,58.3,0.137,save,left-foot,regular,sofascore
14131954,1019184,Serginho,3011.0,80,31.5,30.0,0.0264,block,right-foot,free-kick,sofascore
14131954,914213,Luis Javier Suárez,3001.0,77,15.6,64.0,0.0472,miss,right-foot,regular,sofascore
14131954,830431,Francisco Trincão,3001.0,73,27.4,59.1,0.0186,save,left-foot,regular,sofascore
14131954,929193,Maximiliano Araújo,3001.0,70,11.1,38.1,0.0171,block,head,assisted,sofascore
14131954,1403165,Geovany Quenda,3001.0,69,18.8,68.5,0.0381,miss,left-foot,assisted,sofascore
14131954,1001753,Vinícius Lopes,3011.0,68,27.8,47.2,0.0193,save,right-foot,regular,sofascore
14131954,914213,Luis Javier Suárez,3001.0,63,18.2,46.4,0.0474,miss,right-foot,assisted,sofascore
14131954,914213,Luis Javier Suárez,3001.0,56,18.9,47.2,0.0797,block,right-foot,regular,sofascore
14131954,895764,Pedro Gonçalves,3001.0,50,24.9,66.1,0.0171,block,right-foot,assisted,sofascore
14131954,1001140,Geny Catamo,3001.0,50,22.0,70.9,0.0294,block,left-foot,assisted,sofascore
14131954,1001196,Gonçalo Inácio,3001.0,47,10.1,55.0,0.0358,miss,head,corner,sofascore
14131954,914213,Luis Javier Suárez,3001.0,38,11.0,33.1,0.0338,miss,left-foot,assisted,sofascore
14131954,914213,Luis Javier Suárez,3001.0,35,1.4,34.2,0.0344,save,left-foot,assisted,sofascore
14131954,895764,Pedro Gonçalves,3001.0,32,3.0,39.3,0.1332,goal,head,assisted,sofascore
14131954,929193,Maximiliano Araújo,3001.0,28,8.0,46.2,0.1665,miss,head,regular,sofascore
14131954,1001140,Geny Catamo,3001.0,21,14.1,68.3,0.0619,save,left-foot,assisted,sofascore
14131954,895764,Pedro Gonçalves,3001.0,20,21.9,51.5,0.0331,save,right-foot,assisted,sofascore
14131954,914213,Luis Javier Suárez,3001.0,16,6.1,40.5,0.0567,miss,head,throw-in-set-piece,sofascore
14131954,895764,Pedro Gonçalves,3001.0,10,22.9,39.1,0.0214,miss,right-foot,regular,sofascore
14131954,1001753,Vinícius Lopes,3011.0,5,5.7,43.0,0.2908,goal,left-foot,assisted,sofascore
14131951,1175854,Oumar Ngom,3035.0,90,3.8,50.7,0.639,miss,head,corner,sofascore
14131951,845802,Jovane Cabral,3035.0,88,28.4,63.9,0.0192,save,right-foot,assisted,sofascore
14131951,869875,Kikas,3035.0,83,7.9,54.6,0.1115,save,right-foot,assisted,sofascore
14131951,987597,Jesús Ramírez,3013.0,80,6.9,54.6,0.0937,miss,head,corner,sofascore
14131951,1117723,Sidny Lopes Cabral,3035.0,76,24.1,68.5,0.0286,miss,left-foot,regular,sofascore
14131951,1090543,Abraham Marcus,3035.0,74,13.6,65.4,0.0262,block,left-foot,assisted,sofascore
14131951,912781,Paulinho Bóia,3013.0,71,22.1,64.6,0.0235,miss,right-foot,assisted,sofascore
14131951,912781,Paulinho Bóia,3013.0,70,24.1,47.1,0.0288,block,right-foot,assisted,sofascore
14131951,1090543,Abraham Marcus,3035.0,66,20.0,71.8,0.0389,miss,left-foot,assisted,sofascore
14131951,912781,Paulinho Bóia,3013.0,64,2.1,34.1,0.0736,miss,left-foot,regular,sofascore
14131951,1117723,Sidny Lopes Cabral,3035.0,63,11.5,50.0,0.7884,goal,left-foot,penalty,sofascore
14131951,1175854,Oumar Ngom,3035.0,55,26.0,56.3,0.0162,block,right-foot,throw-in-set-piece,sofascore
14131951,987597,Jesús Ramírez,3013.0,53,13.1,72.7,0.0299,save,right-foot,assisted,sofascore
14131951,1090646,Paulo Moreira,3035.0,50,5.1,39.3,0.0898,save,head,assisted,sofascore
14131951,987597,Jesús Ramírez,3013.0,49,3.9,43.4,0.2108,miss,head,assisted,sofascore
14131951,1020610,Matheus Dias,3013.0,45,3.0,47.4,0.2614,miss,head,corner,sofascore
14131951,869875,Kikas,3035.0,45,3.9,49.3,0.2856,miss,head,throw-in-set-piece,sofascore
14131951,786269,Witiness Quembo,3013.0,44,15.1,70.0,0.0191,miss,left-foot,assisted,sofascore
14131951,1175854,Oumar Ngom,3035.0,43,29.5,56.2,0.0127,miss,right-foot,assisted,sofascore
14131951,344181,José Gomes,3013.0,40,4.2,36.4,0.0319,goal,left-foot,corner,sofascore
14131951,987597,Jesús Ramírez,3013.0,38,8.0,40.6,0.0187,block,head,corner,sofascore
14131951,1011997,Chiheb Labidi,3013.0,36,12.2,45.9,0.0998,post,left-foot,assisted,sofascore
14131951,822510,Liziero,3013.0,35,19.2,51.7,0.1437,save,left-foot,free-kick,sofascore
14131951,822510,Liziero,3013.0,31,9.7,28.0,0.0246,miss,left-foot,corner,sofascore
14131951,912781,Paulinho Bóia,3013.0,31,25.3,54.5,0.0121,miss,left-foot,corner,sofascore
14131951,1017590,Bernardo Schappo,3035.0,27,13.1,44.4,0.0141,miss,head,set-piece,sofascore
14131951,1090543,Abraham Marcus,3035.0,12,9.1,57.0,0.0646,miss,left-foot,assisted,sofascore
14131951,1020610,Matheus Dias,3013.0,11,7.5,51.0,0.1102,miss,head,set-piece,sofascore
14131951,912781,Paulinho Bóia,3013.0,6,23.5,64.7,0.0227,save,right-foot,regular,sofascore
14131951,1006996,Guilherme Montóia,3035.0,3,21.4,33.9,0.0251,block,left-foot,regular,sofascore
14131950,1146305,Gustavo Varela,3010.0,90,7.4,44.4,0.4338,post,left-foot,assisted,sofascore
14131950,1067648,Pedro Lima,483088.0,90,13.8,37.6,0.0444,miss,left-foot,assisted,sofascore
14131950,1097527,Luís Esteves,3010.0,90,25.4,41.7,0.0251,save,right-foot,assisted,sofascore
14131950,44685,Nenê,483088.0,87,11.4,42.1,0.2769,goal,right-foot,assisted,sofascore
14131950,838633,Jaume Grau,483088.0,86,12.8,48.7,0.0867,save,left-foot,throw-in-set-piece,sofascore
14131950,1185986,Óscar Perea,483088.0,85,11.0,40.7,0.0819,save,left-foot,regular,sofascore
14131950,44685,Nenê,483088.0,84,11.5,50.0,0.7884,save,right-foot,penalty,sofascore
14131950,1185986,Óscar Perea,483088.0,82,11.7,27.2,0.029,block,right-foot,assisted,sofascore
14131950,1003071,Diego Duarte,483088.0,81,10.6,57.1,0.0354,miss,head,assisted,sofascore
14131950,44685,Nenê,483088.0,81,6.1,28.0,0.0519,save,left-foot,assisted,sofascore
14131950,1185986,Óscar Perea,483088.0,73,14.7,36.0,0.0739,block,right-foot,assisted,sofascore
14131950,1067648,Pedro Lima,483088.0,73,12.6,44.8,0.0195,save,head,set-piece,sofascore
14131950,611880,Murilo,3010.0,63,16.4,65.8,0.0609,save,left-foot,fast-break,sofascore
14131950,800348,Jonathan Buatu,3010.0,57,7.1,50.9,0.2632,miss,head,set-piece,sofascore
14131950,1185986,Óscar Perea,483088.0,49,13.5,34.3,0.0617,save,right-foot,regular,sofascore
14131950,126076,Tomané,483088.0,49,13.0,49.5,0.094,block,right-foot,regular,sofascore
14131950,1101174,Pablo Felipe,3010.0,44,11.5,50.0,0.7884,miss,right-foot,penalty,sofascore
14131950,1101174,Pablo Felipe,3010.0,39,7.3,43.2,0.0531,block,head,assisted,sofascore
14131950,1133063,Tunde Akinsola,483088.0,33,14.4,64.2,0.0705,miss,left-foot,set-piece,sofascore
14131950,611880,Murilo,3010.0,29,14.5,44.0,0.0621,miss,right-foot,throw-in-set-piece,sofascore
14131950,1120043,Diogo Spencer,483088.0,26,24.4,60.9,0.0249,miss,left-foot,assisted,sofascore
14131950,1185986,Óscar Perea,483088.0,21,21.6,28.0,0.0292,save,right-foot,assisted,sofascore
14131950,1097527,Luís Esteves,3010.0,20,3.1,66.4,0.1175,miss,right-foot,throw-in-set-piece,sofascore
14131950,1185986,Óscar Perea,483088.0,9,8.9,28.0,0.0275,miss,left-foot,set-piece,sofascore
14131950,1084746,Santi García,3010.0,5,2.7,62.2,0.0307,goal,left-foot,corner,sofascore
14131950,1084746,Santi García,3010.0,4,9.8,57.0,0.0226,save,head,corner,sofascore
14131953,1563665,Gustavo Sá,49531.0,84,27.2,49.6,0.0268,block,right-foot,regular,sofascore
14131953,2194737,Umar Abubakar,49531.0,84,13.8,49.5,0.0733,block,left-foot,regular,sofascore
14131953,1105595,Sorriso,49531.0,84,14.1,62.2,0.038,block,left-foot,assisted,sofascore
14131953,992567,Borja Sainz,3002.0,79,11.7,37.2,0.0488,block,left-foot,assisted,sofascore
14131953,1160957,Alberto Costa,3002.0,78,13.8,71.4,0.037,save,right-foot,assisted,sofascore
14131953,1503836,Samu Aghehowa,3002.0,72,7.7,70.6,0.0607,save,right-foot,assisted,sofascore
14131953,992567,Borja Sainz,3002.0,69,11.1,44.7,0.0957,miss,right-foot,assisted,sofascore
14131953,1010505,Gabri Veiga,3002.0,67,10.2,24.4,0.0129,miss,right-foot,corner,sofascore
14131953,992567,Borja Sainz,3002.0,67,16.0,42.8,0.0456,block,right-foot,corner,sofascore
14131953,1503836,Samu Aghehowa,3002.0,67,5.0,44.7,0.1773,save,right-foot,set-piece,sofascore
14131953,1595506,Ibrahima Ba,49531.0,56,30.3,52.4,0.0142,miss,right-foot,regular,sofascore
14131953,1410240,Rodrigo Mora,3002.0,54,39.0,40.7,0.0162,block,right-foot,regular,sofascore
14131953,836676,Tom Van De Looi,49531.0,47,22.0,39.4,0.0123,block,left-foot,set-piece,sofascore
14131953,583838,Gil Dias,49531.0,45,29.0,54.6,0.0136,block,left-foot,regular,sofascore
14131953,1160957,Alberto Costa,3002.0,38,18.7,57.3,0.0508,miss,left-foot,regular,sofascore
14131953,1639250,William Gomes,3002.0,37,11.0,67.9,0.0491,miss,right-foot,assisted,sofascore
14131953,1406639,Victor Froholdt,3002.0,36,11.7,45.8,0.2072,goal,left-foot,assisted,sofascore
14131953,1503836,Samu Aghehowa,3002.0,33,9.4,48.5,0.1355,save,head,assisted,sofascore
14131953,882664,Pepê,3002.0,31,36.6,31.0,0.0116,miss,right-foot,regular,sofascore
14131953,1606013,Yassir Zabiri,49531.0,29,15.1,55.5,0.0623,post,left-foot,assisted,sofascore
14131953,1105595,Sorriso,49531.0,29,24.4,35.4,0.0154,block,right-foot,assisted,sofascore
14131953,1639250,William Gomes,3002.0,28,23.0,67.6,0.0212,miss,left-foot,assisted,sofascore
14131953,1639250,William Gomes,3002.0,26,26.5,47.5,0.015,miss,left-foot,assisted,sofascore
14131953,1503836,Samu Aghehowa,3002.0,25,19.4,48.9,0.0674,miss,left-foot,assisted,sofascore
14131953,985138,Francisco Moura,3002.0,17,11.9,28.9,0.0501,miss,left-foot,assisted,sofascore
14131953,1410240,Rodrigo Mora,3002.0,8,14.3,23.2,0.0324,miss,right-foot,assisted,sofascore
14131953,1503836,Samu Aghehowa,3002.0,4,9.7,33.8,0.1052,save,left-foot,assisted,sofascore
14131955,1084416,Joel Jorquera,3014.0,90,13.9,37.4,0.0168,miss,head,throw-in-set-piece,sofascore
14131955,1134430,Gabriel Martínez,2999.0,90,4.2,33.1,0.0679,save,left-foot,fast-break,sofascore
14131955,931485,Maracás,3014.0,82,4.4,48.1,0.2145,goal,head,corner,sofascore
14131955,910033,Cedric Teguia,3014.0,81,18.9,28.0,0.0238,block,left-foot,assisted,sofascore
14131955,1031567,Pau Víctor,2999.0,79,14.4,48.7,0.1634,block,right-foot,fast-break,sofascore
14131955,1115751,Luís Semedo,3014.0,79,2.7,44.6,0.2417,block,right-foot,regular,sofascore
14131955,905455,Alan,3014.0,79,8.2,58.9,0.0785,miss,left-foot,assisted,sofascore
14131955,314380,Ricardo Horta,2999.0,77,3.6,42.5,0.1615,post,left-foot,set-piece,sofascore
14131955,1134430,Gabriel Martínez,2999.0,75,9.8,64.6,0.1096,block,right-foot,assisted,sofascore
14131955,314380,Ricardo Horta,2999.0,71,8.3,47.2,0.2037,goal,left-foot,fast-break,sofascore
14131955,1115751,Luís Semedo,3014.0,69,24.4,27.4,0.0061,block,right-foot,throw-in-set-piece,sofascore
14131955,868235,Sikou Niakaté,2999.0,64,3.9,49.8,0.572,miss,head,corner,sofascore
14131955,314380,Ricardo Horta,2999.0,63,14.5,36.0,0.0585,miss,right-foot,assisted,sofascore
14131955,1031567,Pau Víctor,2999.0,58,8.5,61.7,0.0393,miss,head,set-piece,sofascore
14131955,966575,Rodrigo Zalazar,2999.0,43,37.9,80.7,0.0174,miss,right-foot,fast-break,sofascore
14131955,905455,Alan,3014.0,41,10.2,73.6,0.0325,block,right-foot,regular,sofascore
14131955,1142578,Diogo Travassos,3014.0,41,13.9,66.7,0.0483,block,left-foot,assisted,sofascore
14131955,1166006,Mateja Stjepanović,3014.0,26,7.2,56.5,0.1086,miss,head,corner,sofascore
14131955,1166006,Mateja Stjepanović,3014.0,20,31.3,64.5,0.0112,miss,right-foot,assisted,sofascore
14131955,966575,Rodrigo Zalazar,2999.0,13,11.5,50.0,0.7884,goal,right-foot,penalty,sofascore
14131955,966575,Rodrigo Zalazar,2999.0,9,18.9,36.4,0.0429,block,right-foot,assisted,sofascore
14131955,845811,Bernardo Martins,3014.0,4,19.1,33.6,0.0442,block,right-foot,assisted,sofascore
14131956,1201395,Gianluca Prestianni,3006.0,90,20.3,55.0,0.0473,miss,right-foot,throw-in-set-piece,sofascore
14131956,2119726,Renato Nhaga,36365.0,90,8.5,47.4,0.2178,goal,left-foot,regular,sofascore
14131956,1067284,Tiago Morais,36365.0,86,26.0,45.2,0.0251,save,left-foot,regular,sofascore
14131956,1015292,Richard Ríos,3006.0,81,4.5,48.7,0.3727,miss,head,corner,sofascore
14131956,1201395,Gianluca Prestianni,3006.0,79,23.1,60.1,0.035,miss,right-foot,assisted,sofascore
14131956,1123925,Georgiy Sudakov,3006.0,75,20.4,32.5,0.0163,miss,right-foot,assisted,sofascore
14131956,983542,Tomás Araújo,36365.0,65,8.5,46.6,,goal,right-foot,set-piece,sofascore
14131956,157023,Cassiano,36365.0,65,11.5,50.0,0.7884,save,right-foot,penalty,sofascore
14131956,826054,Jérémy Livolant,36365.0,62,20.3,35.6,0.0219,block,left-foot,assisted,sofascore
14131956,795236,Vangelis Pavlidis,3006.0,60,11.5,50.0,0.7884,goal,right-foot,penalty,sofascore
14131956,1015292,Richard Ríos,3006.0,58,4.0,59.3,0.0698,block,head,corner,sofascore
14131956,823631,Dodi Lukebakio,3006.0,57,15.3,70.5,0.0485,save,left-foot,assisted,sofascore
14131956,1123925,Georgiy Sudakov,3006.0,51,25.3,49.5,0.0424,save,right-foot,assisted,sofascore
14131956,1015292,Richard Ríos,3006.0,46,26.0,65.6,0.0195,save,right-foot,regular,sofascore
14131956,983542,Tomás Araújo,3006.0,45,15.0,37.5,0.0203,block,right-foot,corner,sofascore
14131956,1102791,Amar Dedić,3006.0,45,14.6,59.0,0.0531,miss,right-foot,corner,sofascore
14131956,823631,Dodi Lukebakio,3006.0,40,17.2,69.7,0.2551,save,left-foot,assisted,sofascore
14131956,826054,Jérémy Livolant,36365.0,39,8.9,32.1,0.0906,save,right-foot,assisted,sofascore
14131956,1006069,António Silva,3006.0,35,14.2,50.5,0.0404,block,right-foot,corner,sofascore
14131956,1015932,David Sousa,36365.0,33,9.2,55.4,0.0508,block,head,corner,sofascore
14131956,849719,Gaizka Larrazabal,36365.0,30,25.6,37.8,0.019,block,right-foot,assisted,sofascore
14131956,1015292,Richard Ríos,3006.0,29,14.8,55.6,0.0571,miss,left-foot,assisted,sofascore
14131956,795236,Vangelis Pavlidis,3006.0,27,8.8,57.9,0.114,block,right-foot,assisted,sofascore
14131956,1015292,Richard Ríos,3006.0,22,24.1,65.6,0.0212,block,right-foot,assisted,sofascore
14131956,1123925,Georgiy Sudakov,3006.0,17,9.5,56.9,0.1882,goal,left-foot,assisted,sofascore
14131956,823631,Dodi Lukebakio,3006.0,12,13.3,83.8,0.0149,miss,left-foot,assisted,sofascore
14131956,1087316,Enzo Barrenechea,3006.0,9,19.7,33.1,0.0152,block,left-foot,regular,sofascore
14131962,1166097,Matija Mitrović,3009.0,87,21.6,15.0,0.0262,post,right-foot,free-kick,sofascore
14131962,1003071,Diego Duarte,483088.0,85,8.9,48.3,0.0739,save,head,assisted,sofascore
14131962,1211830,Sidi Bane,483088.0,79,8.8,40.7,0.0158,miss,head,corner,sofascore
14131962,1563640,Oumar Camara,3009.0,75,6.3,50.1,0.3237,goal,head,assisted,sofascore
14131962,785808,Samu,3009.0,74,18.2,74.7,0.0193,miss,left-foot,assisted,sofascore
14131962,1133063,Tunde Akinsola,483088.0,71,23.5,59.1,0.0269,block,right-foot,assisted,sofascore
14131962,823128,Rafael Barbosa,483088.0,71,14.7,52.1,0.13,miss,right-foot,regular,sofascore
14131962,1153328,Noah Saviolo,3009.0,66,20.2,26.8,0.0189,miss,right-foot,assisted,sofascore
14131962,984810,Bruno Lourenço,483088.0,65,6.9,46.6,0.6784,miss,right-foot,regular,sofascore
14131962,44685,Nenê,483088.0,65,8.6,52.8,0.0754,post,head,assisted,sofascore
14131962,984810,Bruno Lourenço,483088.0,61,7.7,41.5,0.0899,miss,head,assisted,sofascore
14131962,44685,Nenê,483088.0,54,28.1,42.7,0.0336,miss,right-foot,fast-break,sofascore
14131962,1168093,Óscar Rivas,3009.0,38,11.6,48.6,0.0447,miss,head,set-piece,sofascore
14131962,1002367,Beni Mukendi,3009.0,32,6.9,47.7,0.4109,goal,right-foot,corner,sofascore
14131962,1168093,Óscar Rivas,3009.0,27,8.0,52.3,0.3073,goal,left-foot,regular,sofascore
14131962,42898,Nélson Oliveira,3009.0,14,15.3,55.4,0.2499,goal,right-foot,fast-break,sofascore
14131962,1035280,Telmo Arcanjo,3009.0,10,20.9,75.3,0.0276,miss,left-foot,assisted,sofascore
14131962,42898,Nélson Oliveira,3009.0,9,12.2,60.5,0.0934,block,right-foot,set-piece,sofascore
14131962,1185986,Óscar Perea,483088.0,7,12.2,56.6,0.028,block,head,assisted,sofascore
14131962,1153328,Noah Saviolo,3009.0,2,12.2,28.6,0.037,block,right-foot,assisted,sofascore
14131898,1410209,João Simões,3001.0,90,10.7,25.7,0.0477,save,left-foot,assisted,sofascore
14131898,836676,Tom Van De Looi,49531.0,90,15.6,43.2,0.035,save,right-foot,set-piece,sofascore
14131898,1120040,Pedro Santos,49531.0,89,15.3,51.3,0.0618,block,left-foot,regular,sofascore
14131898,1049526,Simon Elisor,49531.0,76,9.1,54.3,0.1134,miss,head,assisted,sofascore
14131898,914213,Luis Javier Suárez,3001.0,65,9.4,54.7,0.4179,goal,right-foot,assisted,sofascore
14131898,830431,Francisco Trincão,3001.0,65,15.7,45.2,0.0959,block,left-foot,regular,sofascore
14131898,830431,Francisco Trincão,3001.0,62,23.5,50.3,0.0207,miss,left-foot,corner,sofascore
14131898,1595506,Ibrahima Ba,49531.0,56,3.2,38.4,0.0746,save,head,throw-in-set-piece,sofascore
14131898,1403165,Geovany Quenda,3001.0,49,11.0,53.6,0.2267,post,left-foot,assisted,sofascore
14131898,876255,Justin De Haas,49531.0,45,9.4,49.1,0.0863,miss,head,corner,sofascore
14131898,583838,Gil Dias,49531.0,45,16.6,69.3,0.0273,block,left-foot,fast-break,sofascore
14131898,830431,Francisco Trincão,3001.0,30,24.0,60.0,0.0259,miss,left-foot,regular,sofascore
14131898,1102988,Pedro Bondo,49531.0,27,28.6,41.2,0.0073,miss,left-foot,set-piece,sofascore
14131898,895764,Pedro Gonçalves,3001.0,22,11.1,54.9,0.6239,goal,right-foot,assisted,sofascore
14131898,1563665,Gustavo Sá,49531.0,17,4.3,46.8,0.4735,goal,head,corner,sofascore
14131898,1403165,Geovany Quenda,3001.0,15,13.1,53.3,0.5977,save,left-foot,assisted,sofascore
14131898,991924,Rodrigo Pinheiro,49531.0,9,16.0,66.9,0.0422,block,right-foot,assisted,sofascore
14131898,914213,Luis Javier Suárez,3001.0,6,7.1,45.7,0.1792,miss,right-foot,set-piece,sofascore
14131895,1468082,Gustavo Silva,3009.0,90,9.2,62.4,0.0893,save,right-foot,fast-break,sofascore
14131895,1166097,Matija Mitrović,3009.0,90,29.9,63.0,0.0304,block,right-foot,free-kick,sofascore
14131895,1063255,Alioune Ndoye,3009.0,90,14.2,44.2,0.0738,goal,right-foot,set-piece,sofascore
14131895,1015993,Alan Godoy,3035.0,86,28.9,41.8,0.0339,miss,right-foot,free-kick,sofascore
14131895,1035280,Telmo Arcanjo,3009.0,69,24.0,71.4,0.0163,block,left-foot,assisted,sofascore
14131895,1031642,Atanas Chernev,3035.0,64,13.0,57.9,0.1001,miss,right-foot,throw-in-set-piece,sofascore
14131895,1090646,Paulo Moreira,3035.0,60,21.5,64.6,0.0203,miss,right-foot,regular,sofascore
14131895,910316,Ianis Stoica,3035.0,60,14.4,37.3,0.0832,save,right-foot,assisted,sofascore
14131895,42898,Nélson Oliveira,3009.0,57,12.2,42.3,0.1151,miss,right-foot,assisted,sofascore
14131895,1090543,Abraham Marcus,3035.0,50,9.5,57.0,0.0352,miss,head,assisted,sofascore
14131895,1002367,Beni Mukendi,3009.0,45,29.8,53.4,0.0194,miss,right-foot,assisted,sofascore
14131895,801339,Rodrigo Pinho,3035.0,45,8.6,48.9,0.1223,miss,head,throw-in-set-piece,sofascore
14131895,1468082,Gustavo Silva,3009.0,43,11.6,40.6,0.0482,save,head,assisted,sofascore
14131895,1468082,Gustavo Silva,3009.0,42,3.3,43.6,0.4118,miss,left-foot,fast-break,sofascore
14131895,2140143,Miguel Nogueira,3009.0,37,21.4,68.2,0.0344,save,left-foot,assisted,sofascore
14131895,1117723,Sidny Lopes Cabral,3035.0,36,34.3,37.0,0.013,miss,right-foot,set-piece,sofascore
14131895,42898,Nélson Oliveira,3009.0,33,10.2,50.7,0.0455,goal,head,throw-in-set-piece,sofascore
14131895,869875,Kikas,3035.0,29,24.3,55.4,0.0288,post,right-foot,assisted,sofascore
14131895,42898,Nélson Oliveira,3009.0,24,4.9,42.1,0.4122,save,right-foot,throw-in-set-piece,sofascore
14131895,1468082,Gustavo Silva,3009.0,21,27.2,30.7,0.0103,miss,right-foot,assisted,sofascore
14131895,42898,Nélson Oliveira,3009.0,17,9.4,44.2,0.0733,miss,head,assisted,sofascore
14131895,1117723,Sidny Lopes Cabral,3035.0,12,23.3,24.4,0.0198,miss,right-foot,assisted,sofascore
14131895,1090543,Abraham Marcus,3035.0,8,21.8,51.6,0.0264,miss,left-foot,throw-in-set-piece,sofascore
14131897,1155358,Dailon Rocha Livramento,36365.0,90,13.2,57.3,0.2305,miss,right-foot,fast-break,sofascore
14131897,1510444,Dylan Nandín,25777.0,90,6.2,51.6,0.2051,miss,right-foot,set-piece,sofascore
14131897,1116649,Brian Mansilla,25777.0,77,24.0,76.9,0.0048,miss,left-foot,set-piece,sofascore
14131897,1000680,Miguel Puche,25777.0,74,20.6,30.9,0.0165,miss,right-foot,regular,sofascore
14131897,913728,Ivan Barbero,25777.0,70,9.5,42.7,0.0977,save,head,assisted,sofascore
14131897,1015932,David Sousa,36365.0,67,8.6,47.0,0.1324,goal,head,set-piece,sofascore
14131897,982610,Amadou Dante,25777.0,61,23.8,75.2,0.0322,miss,left-foot,free-kick,sofascore
14131897,955133,Naïs Djouahra,25777.0,55,2.0,29.4,0.0295,save,right-foot,regular,sofascore
14131897,1191120,Hyun-ju Lee,25777.0,53,20.3,43.2,0.0311,block,right-foot,assisted,sofascore
14131897,964609,Jose Fontán,25777.0,36,10.8,52.3,0.0439,miss,head,corner,sofascore
14131897,27622,José Fonte,36365.0,30,3.2,40.7,0.1022,miss,head,corner,sofascore
14131897,826054,Jérémy Livolant,36365.0,20,10.1,39.7,0.3163,save,left-foot,assisted,sofascore
14131897,157023,Cassiano,36365.0,14,10.1,48.3,0.0464,miss,head,assisted,sofascore
14131897,982610,Amadou Dante,25777.0,11,27.9,49.3,0.0213,save,left-foot,regular,sofascore
14131897,1067284,Tiago Morais,36365.0,8,14.3,43.5,0.125,block,left-foot,regular,sofascore
14131897,826054,Jérémy Livolant,36365.0,8,8.5,38.3,0.3134,save,right-foot,assisted,sofascore
14131897,158597,Sebastián Pérez,36365.0,5,11.3,56.9,0.0164,miss,head,corner,sofascore
14131900,1485309,Gabriel Moscardo,2999.0,90,9.7,49.9,0.0605,miss,head,set-piece,sofascore
14131900,314380,Ricardo Horta,2999.0,87,12.9,59.5,0.0996,save,right-foot,assisted,sofascore
14131900,314380,Ricardo Horta,2999.0,85,13.2,62.8,0.1242,save,right-foot,regular,sofascore
14131900,831781,Ghislain Konan,3010.0,85,5.2,36.4,0.1016,save,left-foot,fast-break,sofascore
14131900,186719,Florian Grillitsch,2999.0,83,11.0,46.8,0.0313,save,head,set-piece,sofascore
14131900,868235,Sikou Niakaté,2999.0,82,10.7,50.9,0.0265,miss,head,corner,sofascore
14131900,6562,João Moutinho,2999.0,67,3.5,51.1,0.3593,save,other,corner,sofascore
14131900,868235,Sikou Niakaté,2999.0,67,3.6,52.6,0.1968,block,head,corner,sofascore
14131900,6562,João Moutinho,2999.0,58,8.6,49.8,0.083,save,head,set-piece,sofascore
14131900,1799336,Agustín Moreira,3010.0,48,12.2,29.3,0.0489,miss,left-foot,fast-break,sofascore
14131900,1101174,Pablo Felipe,3010.0,45,7.6,47.9,0.7017,goal,left-foot,assisted,sofascore
14131900,611880,Murilo,3010.0,45,25.0,77.1,0.0099,save,left-foot,corner,sofascore
14131900,1084746,Santi García,3010.0,44,22.8,39.5,0.0433,block,right-foot,fast-break,sofascore
14131900,1799336,Agustín Moreira,3010.0,25,23.8,59.7,0.0087,miss,left-foot,corner,sofascore
14131900,1101174,Pablo Felipe,3010.0,24,9.2,39.5,0.083,save,left-foot,assisted,sofascore
14131900,1097527,Luís Esteves,3010.0,19,22.5,29.3,0.0484,miss,right-foot,free-kick,sofascore
14131900,1001662,Zé Carlos,3010.0,17,26.8,63.7,0.013,miss,right-foot,corner,sofascore
14131900,611880,Murilo,3010.0,17,19.1,51.9,0.0522,block,left-foot,corner,sofascore
14131900,1101174,Pablo Felipe,3010.0,16,2.7,39.5,0.0823,save,head,corner,sofascore
14131900,1084746,Santi García,3010.0,14,7.6,57.5,0.0691,miss,head,corner,sofascore
14131900,1031567,Pau Víctor,2999.0,12,9.2,47.7,0.0894,save,right-foot,throw-in-set-piece,sofascore
14131900,1014048,Amine El Ouazzani,2999.0,5,8.0,34.0,0.0511,miss,left-foot,assisted,sofascore
14131911,1418646,Eric da Silva Moreira,3036.0,90,7.6,59.5,0.0403,save,head,assisted,sofascore
14131911,1153261,Ángel Alarcón,3002.0,88,15.5,37.1,0.0318,block,right-foot,assisted,sofascore
14131911,848521,Marios Vrousai,3036.0,82,18.2,33.6,0.0204,block,right-foot,assisted,sofascore
14131911,992567,Borja Sainz,3002.0,82,14.2,43.8,0.3914,save,left-foot,assisted,sofascore
14131911,987510,Zaidu Sanusi,3002.0,76,12.3,61.3,0.1412,miss,left-foot,assisted,sofascore
14131911,1410240,Rodrigo Mora,3002.0,62,18.9,47.3,0.0691,miss,right-foot,assisted,sofascore
14131911,1017023,Clayton,3036.0,60,8.8,33.3,0.0596,miss,left-foot,assisted,sofascore
14131911,848521,Marios Vrousai,3036.0,59,11.7,72.0,0.023,save,right-foot,assisted,sofascore
14131911,992567,Borja Sainz,3002.0,56,10.8,56.4,0.147,post,right-foot,assisted,sofascore
14131911,1503836,Samu Aghehowa,3002.0,56,4.3,43.7,0.1513,save,right-foot,assisted,sofascore
14131911,1010505,Gabri Veiga,3002.0,52,8.6,52.6,0.1448,goal,right-foot,assisted,sofascore
14131911,848521,Marios Vrousai,3036.0,49,27.9,70.1,0.0155,block,right-foot,assisted,sofascore
14131911,1020203,Brandon Aguilera,3036.0,42,19.7,55.8,0.0305,block,left-foot,regular,sofascore
14131911,882664,Pepê,3002.0,40,12.9,56.8,0.1228,miss,right-foot,regular,sofascore
14131911,992567,Borja Sainz,3002.0,40,6.0,33.1,0.152,save,right-foot,assisted,sofascore
14131911,1010505,Gabri Veiga,3002.0,38,23.2,46.6,0.0244,miss,right-foot,assisted,sofascore
14131911,848521,Marios Vrousai,3036.0,26,26.5,55.4,0.0369,block,left-foot,assisted,sofascore
14131911,992567,Borja Sainz,3002.0,24,10.4,35.6,0.0692,block,right-foot,fast-break,sofascore
14131911,992567,Borja Sainz,3002.0,18,26.1,41.8,0.0163,save,right-foot,corner,sofascore
14131911,1503836,Samu Aghehowa,3002.0,13,2.4,56.2,0.1805,goal,head,corner,sofascore
14131911,1503836,Samu Aghehowa,3002.0,12,6.6,44.2,0.0859,block,head,set-piece,sofascore
14131911,1010505,Gabri Veiga,3002.0,12,11.8,17.0,0.0395,block,right-foot,free-kick,sofascore
14131911,1010505,Gabri Veiga,3002.0,10,21.9,28.0,0.0188,miss,right-foot,assisted,sofascore
14131911,1503836,Samu Aghehowa,3002.0,5,4.9,70.5,0.0258,miss,right-foot,assisted,sofascore
14131911,804472,Pablo Rosario,3002.0,4,4.1,48.8,0.2145,goal,other,corner,sofascore
14131911,992567,Borja Sainz,3002.0,1,5.1,30.3,0.0229,miss,right-foot,regular,sofascore
14131910,822510,Liziero,3013.0,90,12.5,85.6,0.0411,block,left-foot,free-kick,sofascore
14131910,1126965,Espen Van Ee,25777.0,89,14.4,44.9,0.2569,goal,right-foot,assisted,sofascore
14131910,822510,Liziero,3013.0,87,19.5,58.7,0.1093,miss,left-foot,free-kick,sofascore
14131910,1116649,Brian Mansilla,25777.0,81,21.7,72.7,0.0455,save,left-foot,free-kick,sofascore
14131910,996932,Pablo Gozálbez,25777.0,78,15.6,52.0,0.0529,miss,left-foot,assisted,sofascore
14131910,902050,Boris Popović,25777.0,74,5.0,48.8,0.5576,goal,head,corner,sofascore
14131910,973517,Alfonso Trezza,25777.0,68,14.5,59.4,0.0846,miss,right-foot,assisted,sofascore
14131910,987597,Jesús Ramírez,3013.0,66,11.5,50.0,0.7884,goal,right-foot,penalty,sofascore
14131910,996932,Pablo Gozálbez,25777.0,64,19.1,48.6,0.047,block,left-foot,corner,sofascore
14131910,1510444,Dylan Nandín,25777.0,63,10.2,55.7,0.0368,block,head,set-piece,sofascore
14131910,912781,Paulinho Bóia,3013.0,60,15.7,44.0,0.1064,miss,right-foot,assisted,sofascore
14131910,44684,João Aurélio,3013.0,58,25.5,61.9,0.0323,save,right-foot,assisted,sofascore
14131910,1510444,Dylan Nandín,25777.0,57,24.5,73.5,0.0202,post,right-foot,assisted,sofascore
14131910,1530274,Pablo Ruan,3013.0,55,20.1,42.1,0.1084,miss,right-foot,free-kick,sofascore
14131910,1112474,Ze Vitor,3013.0,50,32.5,35.6,0.0154,miss,left-foot,assisted,sofascore
14131910,44684,João Aurélio,3013.0,48,13.3,63.4,0.0314,block,right-foot,assisted,sofascore
14131910,1530274,Pablo Ruan,3013.0,39,6.0,77.1,0.0155,miss,right-foot,assisted,sofascore
14131910,955133,Naïs Djouahra,25777.0,37,24.0,36.2,0.0498,miss,right-foot,fast-break,sofascore
14131910,1011997,Chiheb Labidi,3013.0,29,22.9,62.0,0.0303,block,left-foot,assisted,sofascore
14131910,1530274,Pablo Ruan,3013.0,27,7.9,65.1,0.0356,save,head,assisted,sofascore
14131910,344181,José Gomes,3013.0,26,3.9,50.4,0.548,save,left-foot,assisted,sofascore
14131910,1011997,Chiheb Labidi,3013.0,23,25.5,44.5,0.0253,miss,left-foot,regular,sofascore
14131910,987597,Jesús Ramírez,3013.0,4,11.5,50.0,0.7884,save,right-foot,penalty,sofascore
14131908,1105841,Matheus Araújo,3011.0,90,3.2,55.6,0.2951,goal,head,corner,sofascore
14131908,370010,Anthony Carter,3011.0,85,11.0,54.2,0.0388,save,head,assisted,sofascore
14131908,1528310,Tiago Leite,190328.0,84,18.4,65.6,0.0502,save,right-foot,assisted,sofascore
14131908,851277,Pedro Ferreira,3011.0,76,28.5,52.8,0.0058,block,right-foot,set-piece,sofascore
14131908,1105841,Matheus Araújo,3011.0,68,14.8,45.6,0.0158,miss,head,set-piece,sofascore
14131908,1019184,Serginho,3011.0,61,27.7,45.5,0.0193,save,right-foot,assisted,sofascore
14131908,989383,Adriano Firmino,3011.0,40,29.1,51.7,0.0156,miss,right-foot,assisted,sofascore
14131908,1105790,Figueiredo,190328.0,38,20.5,65.8,0.0386,save,right-foot,assisted,sofascore
14131908,1046794,Gabriel Silva,3011.0,36,4.5,58.9,0.1245,block,right-foot,assisted,sofascore
14131908,1105841,Matheus Araújo,3011.0,30,28.1,50.3,0.0388,save,left-foot,free-kick,sofascore
14131908,1001753,Vinícius Lopes,3011.0,22,13.5,40.5,0.0591,miss,right-foot,throw-in-set-piece,sofascore
14131908,794928,Lincoln,190328.0,19,7.1,48.9,0.3584,goal,head,assisted,sofascore
14131908,1131145,Sidney Lima,3011.0,13,9.4,54.8,0.0492,miss,head,set-piece,sofascore
14131908,1019184,Serginho,3011.0,9,11.5,50.0,0.7884,goal,right-foot,penalty,sofascore
14131908,1799251,Brenner,3011.0,7,11.9,37.6,0.3287,save,left-foot,regular,sofascore
14131908,1046794,Gabriel Silva,3011.0,5,12.8,58.5,0.0782,miss,right-foot,corner,sofascore
14131904,74915,Nicolás Otamendi,3006.0,90,12.2,37.6,0.0096,block,head,set-piece,sofascore
14131904,1211830,Sidi Bane,483088.0,90,4.1,30.0,0.0388,miss,left-foot,assisted,sofascore
14131904,1003071,Diego Duarte,483088.0,83,9.1,50.1,0.4585,save,left-foot,assisted,sofascore
14131904,906800,Leandro Barreiro,3006.0,82,27.0,37.5,0.0179,block,right-foot,assisted,sofascore
14131904,228364,Fredrik Aursnes,3006.0,76,25.1,57.7,0.0408,miss,right-foot,assisted,sofascore
14131904,1900362,Guilherme Neiva,483088.0,74,9.3,49.6,0.1085,miss,head,fast-break,sofascore
14131904,795236,Vangelis Pavlidis,3006.0,69,10.7,27.8,0.0179,block,right-foot,assisted,sofascore
14131904,1103333,Franjo Ivanović,3006.0,69,4.8,53.0,0.2535,save,right-foot,regular,sofascore
14131904,228364,Fredrik Aursnes,3006.0,69,11.3,65.4,0.0856,block,right-foot,assisted,sofascore
14131904,1103333,Franjo Ivanović,3006.0,64,10.3,46.0,0.1736,goal,right-foot,assisted,sofascore
14131904,1103333,Franjo Ivanović,3006.0,61,17.8,65.8,0.0519,miss,right-foot,assisted,sofascore
14131904,795236,Vangelis Pavlidis,3006.0,59,11.5,50.0,0.7884,goal,right-foot,penalty,sofascore
14131904,1123925,Georgiy Sudakov,3006.0,54,15.5,30.7,0.0343,save,right-foot,regular,sofascore
14131904,74915,Nicolás Otamendi,3006.0,45,4.9,64.2,0.0736,miss,right-foot,corner,sofascore
14131904,993101,Samuel Dahl,3006.0,45,19.5,63.4,0.0273,block,left-foot,corner,sofascore
14131904,1123925,Georgiy Sudakov,3006.0,45,18.7,56.2,0.0358,block,left-foot,assisted,sofascore
14131904,1015292,Richard Ríos,3006.0,43,19.2,57.9,0.0319,miss,left-foot,assisted,sofascore
14131904,126076,Tomané,483088.0,39,16.3,46.0,0.1353,post,right-foot,assisted,sofascore
14131904,1185986,Óscar Perea,483088.0,38,15.3,26.8,0.0156,miss,right-foot,assisted,sofascore
14131904,1103333,Franjo Ivanović,3006.0,33,3.9,68.1,0.0777,save,right-foot,assisted,sofascore
14131904,966219,Ángel Algobia,483088.0,23,26.3,39.4,0.0194,block,right-foot,assisted,sofascore
14131904,1015292,Richard Ríos,3006.0,22,26.3,27.3,0.0311,miss,right-foot,free-kick,sofascore
14131904,1185986,Óscar Perea,483088.0,20,17.6,46.6,0.0441,miss,right-foot,throw-in-set-piece,sofascore
14131904,126076,Tomané,483088.0,7,9.8,51.5,0.0608,block,head,regular,sofascore
14131904,1103333,Franjo Ivanović,3006.0,2,15.6,64.0,0.2861,miss,right-foot,fast-break,sofascore
14131913,966575,Rodrigo Zalazar,2999.0,90,18.9,51.9,0.0611,block,right-foot,assisted,sofascore
14131913,1153328,Noah Saviolo,3009.0,90,24.7,36.4,0.008,miss,right-foot,corner,sofascore
14131913,966575,Rodrigo Zalazar,2999.0,86,11.4,44.9,0.0339,miss,head,corner,sofascore
14131913,966575,Rodrigo Zalazar,2999.0,77,12.4,53.0,0.0872,block,right-foot,assisted,sofascore
14131913,1134430,Gabriel Martínez,2999.0,75,7.1,37.6,0.0508,save,head,assisted,sofascore
14131913,314380,Ricardo Horta,2999.0,68,16.7,40.9,0.0384,miss,right-foot,regular,sofascore
14131913,966575,Rodrigo Zalazar,2999.0,68,24.3,52.1,0.0467,block,right-foot,assisted,sofascore
14131913,785808,Samu,3009.0,66,14.9,33.2,0.0186,block,left-foot,regular,sofascore
14131913,785808,Samu,3009.0,63,11.5,62.9,0.2631,miss,left-foot,assisted,sofascore
14131913,1166097,Matija Mitrović,3009.0,61,24.7,39.4,0.0268,save,left-foot,regular,sofascore
14131913,314380,Ricardo Horta,2999.0,56,33.7,34.6,0.0117,save,right-foot,assisted,sofascore
14131913,966575,Rodrigo Zalazar,2999.0,55,11.8,67.5,0.006,block,head,set-piece,sofascore
14131913,42898,Nélson Oliveira,3009.0,51,10.5,29.6,0.0243,block,left-foot,assisted,sofascore
14131913,1468082,Gustavo Silva,3009.0,45,6.0,30.6,0.0288,miss,left-foot,set-piece,sofascore
14131913,42898,Nélson Oliveira,3009.0,45,11.5,50.0,0.7884,save,right-foot,penalty,sofascore
14131913,868235,Sikou Niakaté,2999.0,45,4.8,46.4,0.1759,post,head,corner,sofascore
14131913,2140143,Miguel Nogueira,3009.0,42,3.2,66.4,0.0082,miss,head,corner,sofascore
14131913,314380,Ricardo Horta,2999.0,36,14.0,28.8,0.0237,save,right-foot,assisted,sofascore
14131913,965263,Gustaf Lagerbielke,2999.0,34,7.4,40.4,0.035,block,head,set-piece,sofascore
14131913,1166097,Matija Mitrović,3009.0,32,26.3,28.4,0.0182,goal,right-foot,assisted,sofascore
14131913,914772,Fran Navarro,2999.0,27,4.5,54.5,0.2624,goal,right-foot,corner,sofascore
14131913,868235,Sikou Niakaté,2999.0,27,11.2,62.7,0.0682,block,left-foot,corner,sofascore
14131913,1134430,Gabriel Martínez,2999.0,25,13.4,40.6,0.1482,block,right-foot,assisted,sofascore
14131913,1168093,Óscar Rivas,3009.0,23,31.6,65.6,0.0161,miss,right-foot,regular,sofascore
14131913,314380,Ricardo Horta,2999.0,22,19.7,47.9,0.0624,save,right-foot,regular,sofascore
14131913,6562,João Moutinho,2999.0,16,24.0,30.9,0.0192,miss,right-foot,assisted,sofascore
14131913,1468082,Gustavo Silva,3009.0,8,9.4,57.0,0.1565,miss,right-foot,assisted,sofascore
14131907,1425318,Jeffrey Rodriguez,38396.0,90,7.9,43.8,0.0677,save,head,assisted,sofascore
14131907,879917,Maranhão,38396.0,82,7.4,49.5,0.1906,save,right-foot,throw-in-set-piece,sofascore
14131907,788786,Jordan Siebatcheu,38396.0,80,6.6,59.7,0.0565,save,head,throw-in-set-piece,sofascore
14131907,801339,Rodrigo Pinho,3035.0,78,11.5,66.8,0.019,save,right-foot,set-piece,sofascore
14131907,1473200,Alisson Souza de Jesus,3035.0,75,4.9,51.7,0.4285,miss,left-foot,assisted,sofascore
14131907,1187281,Brayan Medina,38396.0,66,8.0,51.5,0.07,miss,head,corner,sofascore
14131907,879917,Maranhão,38396.0,60,8.6,70.7,0.0346,miss,right-foot,assisted,sofascore
14131907,869875,Kikas,3035.0,54,12.0,57.6,0.0301,save,head,throw-in-set-piece,sofascore
14131907,110950,Ivan Cavaleiro,38396.0,52,22.1,68.8,0.0208,miss,right-foot,assisted,sofascore
14131907,1017590,Bernardo Schappo,3035.0,50,9.8,54.2,0.0521,miss,head,assisted,sofascore
14131907,788786,Jordan Siebatcheu,38396.0,46,8.6,65.0,0.0583,block,right-foot,assisted,sofascore
14131907,788786,Jordan Siebatcheu,38396.0,45,8.6,45.8,0.0658,save,head,assisted,sofascore
14131907,1035696,Rémy Vita,38396.0,43,12.2,36.4,0.038,miss,left-foot,assisted,sofascore
14131907,110950,Ivan Cavaleiro,38396.0,39,21.2,37.6,0.0335,save,left-foot,assisted,sofascore
14131907,879917,Maranhão,38396.0,38,30.7,73.0,0.0154,miss,right-foot,assisted,sofascore
14131907,110950,Ivan Cavaleiro,38396.0,36,28.4,47.0,0.0354,block,right-foot,free-kick,sofascore
14131907,788786,Jordan Siebatcheu,38396.0,30,2.9,56.8,0.1743,save,head,regular,sofascore
14131907,910316,Ianis Stoica,3035.0,30,7.0,57.0,0.1334,block,right-foot,assisted,sofascore
14131907,110950,Ivan Cavaleiro,38396.0,27,5.1,41.9,0.218,save,right-foot,assisted,sofascore
14131907,1090543,Abraham Marcus,3035.0,22,24.1,68.5,0.0324,miss,left-foot,fast-break,sofascore
14131907,788786,Jordan Siebatcheu,38396.0,17,7.3,55.6,0.0878,miss,head,throw-in-set-piece,sofascore
14131907,910316,Ianis Stoica,3035.0,8,19.8,23.2,0.0118,block,right-foot,regular,sofascore
14131907,1482435,Juan Rodríguez,38396.0,7,13.8,51.7,0.018,save,head,corner,sofascore
14131907,1117723,Sidny Lopes Cabral,3035.0,6,11.9,66.1,0.2868,save,right-foot,assisted,sofascore
14131907,110950,Ivan Cavaleiro,38396.0,5,21.5,49.0,0.0305,block,right-foot,assisted,sofascore
14131906,1120679,André Lacximicant,4500.0,90,14.9,34.7,0.0685,miss,left-foot,assisted,sofascore
14131906,548044,João Carvalho,4500.0,88,48.0,20.9,0.0059,miss,right-foot,fast-break,sofascore
14131906,1032547,Joelson Fernandes,3010.0,86,7.6,43.4,0.5057,goal,left-foot,fast-break,sofascore
14131906,1015291,Patrick de Paula,4500.0,80,25.9,43.8,0.0244,miss,left-foot,assisted,sofascore
14131906,611880,Murilo,3010.0,77,12.9,64.4,0.0346,miss,left-foot,regular,sofascore
14131906,1032547,Joelson Fernandes,3010.0,77,7.1,46.6,0.1153,miss,head,regular,sofascore
14131906,611880,Murilo,3010.0,76,4.2,69.9,0.063,save,left-foot,regular,sofascore
14131906,1032547,Joelson Fernandes,3010.0,74,19.6,25.6,0.0187,block,right-foot,assisted,sofascore
14131906,611880,Murilo,3010.0,70,16.4,63.6,0.052,miss,left-foot,assisted,sofascore
14131906,989837,Facundo Cáseres,3010.0,64,15.4,53.2,0.1145,miss,left-foot,set-piece,sofascore
14131906,1114164,Marvin Elimbi Gilbert,3010.0,64,8.2,52.1,0.1999,miss,right-foot,set-piece,sofascore
14131906,1015291,Patrick de Paula,4500.0,61,25.3,28.8,0.0105,miss,left-foot,set-piece,sofascore
14131906,548044,João Carvalho,4500.0,58,3.3,60.5,0.0546,save,head,set-piece,sofascore
14131906,1190120,Fabrício Garcia,4500.0,53,2.4,41.1,0.1415,save,left-foot,fast-break,sofascore
14131906,1001662,Zé Carlos,3010.0,34,15.4,63.2,0.0146,miss,right-foot,corner,sofascore
14131906,611880,Murilo,3010.0,30,17.5,47.2,0.0428,block,left-foot,assisted,sofascore
14131906,826210,Rafik Guitane,4500.0,29,9.4,74.6,0.0146,save,left-foot,assisted,sofascore
14131906,1799336,Agustín Moreira,3010.0,26,13.0,40.7,0.0908,miss,right-foot,throw-in-set-piece,sofascore
14131906,1114164,Marvin Elimbi Gilbert,3010.0,23,9.0,45.9,0.0634,miss,head,throw-in-set-piece,sofascore
14131906,1101174,Pablo Felipe,3010.0,15,11.5,50.0,0.7884,goal,right-foot,penalty,sofascore
14131906,1114164,Marvin Elimbi Gilbert,3010.0,8,10.4,51.7,0.0313,miss,head,corner,sofascore
14131906,611880,Murilo,3010.0,4,4.6,54.3,0.335,miss,head,assisted,sofascore
14131906,1084746,Santi García,3010.0,4,19.4,49.3,0.0428,block,left-foot,assisted,sofascore
14131905,1085569,Max Svensson,36365.0,90,22.4,68.0,0.0216,save,left-foot,assisted,sofascore
14131905,1105595,Sorriso,49531.0,90,8.5,45.8,0.3109,block,left-foot,assisted,sofascore
14131905,826054,Jérémy Livolant,36365.0,88,11.5,50.0,0.7884,goal,right-foot,penalty,sofascore
14131905,1015932,David Sousa,36365.0,71,12.6,62.3,0.0094,miss,head,set-piece,sofascore
14131905,583838,Gil Dias,49531.0,67,10.3,63.0,0.3731,save,right-foot,assisted,sofascore
14131905,849719,Gaizka Larrazabal,36365.0,65,30.5,67.5,0.0115,miss,right-foot,assisted,sofascore
14131905,158597,Sebastián Pérez,36365.0,61,12.5,59.1,0.076,miss,right-foot,throw-in-set-piece,sofascore
14131905,1105595,Sorriso,49531.0,60,29.8,34.0,0.0082,block,right-foot,regular,sofascore
14131905,849719,Gaizka Larrazabal,36365.0,57,20.4,29.5,0.0122,block,right-foot,set-piece,sofascore
14131905,977676,Léo Realpe,49531.0,47,1.5,44.6,0.4516,goal,head,corner,sofascore
14131905,1563665,Gustavo Sá,49531.0,40,20.7,45.6,0.0345,block,right-foot,assisted,sofascore
14131905,1511656,Mathias De Amorim,49531.0,39,7.0,50.7,0.1944,block,left-foot,regular,sofascore
14131905,836676,Tom Van De Looi,49531.0,35,22.2,49.3,0.015,miss,right-foot,corner,sofascore
14131905,1105595,Sorriso,49531.0,34,16.5,42.8,0.0505,block,left-foot,assisted,sofascore
14131905,583838,Gil Dias,49531.0,33,8.3,60.1,0.162,miss,left-foot,assisted,sofascore
14131905,583838,Gil Dias,49531.0,20,14.5,59.6,0.2062,miss,left-foot,assisted,sofascore
14131905,826054,Jérémy Livolant,36365.0,15,25.0,52.8,0.0685,block,right-foot,free-kick,sofascore
14131905,849719,Gaizka Larrazabal,36365.0,13,22.0,70.8,0.0236,block,left-foot,assisted,sofascore
14131905,876255,Justin De Haas,49531.0,7,7.7,49.3,0.2783,miss,left-foot,set-piece,sofascore
14131905,157023,Cassiano,36365.0,3,20.1,47.7,0.0254,save,right-foot,assisted,sofascore
14131912,903679,Fotis Ioannidis,3001.0,90,4.5,47.7,0.6639,goal,right-foot,assisted,sofascore
14131912,895764,Pedro Gonçalves,3001.0,90,11.5,50.0,0.7884,goal,right-foot,penalty,sofascore
14131912,895764,Pedro Gonçalves,3001.0,87,4.9,34.8,0.2119,save,left-foot,assisted,sofascore
14131912,929193,Maximiliano Araújo,3001.0,86,6.0,40.9,0.2149,save,head,assisted,sofascore
14131912,895764,Pedro Gonçalves,3001.0,82,8.0,59.7,0.4378,save,right-foot,assisted,sofascore
14131912,914213,Luis Javier Suárez,3001.0,76,11.5,50.0,0.7884,goal,right-foot,penalty,sofascore
14131912,859917,Morten Hjulmand,3001.0,74,27.1,50.3,0.019,block,right-foot,assisted,sofascore
14131912,895764,Pedro Gonçalves,3001.0,70,9.5,31.5,0.0413,block,right-foot,corner,sofascore
14131912,895764,Pedro Gonçalves,3001.0,69,18.1,31.5,0.0434,save,right-foot,assisted,sofascore
14131912,830431,Francisco Trincão,3001.0,68,28.7,56.0,0.0153,block,left-foot,assisted,sofascore
14131912,929193,Maximiliano Araújo,3001.0,61,9.2,37.4,0.1314,miss,right-foot,assisted,sofascore
14131912,914213,Luis Javier Suárez,3001.0,50,15.6,36.0,0.0706,block,left-foot,fast-break,sofascore
14131912,905455,Alan,3014.0,48,33.0,34.9,0.0112,save,right-foot,assisted,sofascore
14131912,156318,Marcelo,3014.0,45,10.2,42.5,0.016,miss,head,corner,sofascore
14131912,1395583,Kiko,3014.0,45,24.7,33.2,0.0123,block,left-foot,assisted,sofascore
14131912,914213,Luis Javier Suárez,3001.0,44,14.9,40.4,0.0438,miss,right-foot,assisted,sofascore
14131912,1006995,Vasco Sousa,3014.0,40,14.9,56.4,0.0705,block,right-foot,assisted,sofascore
14131912,1403165,Geovany Quenda,3001.0,39,7.4,54.2,0.1207,miss,left-foot,assisted,sofascore
14131912,895764,Pedro Gonçalves,3001.0,33,15.3,37.3,0.0381,save,right-foot,assisted,sofascore
14131912,1403165,Geovany Quenda,3001.0,32,18.9,68.9,0.0208,block,left-foot,assisted,sofascore
14131912,895764,Pedro Gonçalves,3001.0,32,22.3,57.0,0.0417,save,right-foot,assisted,sofascore
14131912,914213,Luis Javier Suárez,3001.0,24,3.3,38.7,0.6861,post,left-foot,regular,sofascore
14131912,895764,Pedro Gonçalves,3001.0,23,22.5,43.0,0.0339,miss,right-foot,regular,sofascore
14131912,830431,Francisco Trincão,3001.0,22,21.8,70.9,0.024,miss,left-foot,corner,sofascore
14131912,1166952,Georgios Vagiannidis,3001.0,19,5.8,69.9,0.0417,save,right-foot,assisted,sofascore
14131912,914213,Luis Javier Suárez,3001.0,12,3.6,39.1,0.4171,save,left-foot,assisted,sofascore
14131912,1166952,Georgios Vagiannidis,3001.0,12,7.6,65.6,0.0231,save,head,regular,sofascore
14131912,914213,Luis Javier Suárez,3001.0,8,12.6,65.8,0.0375,save,right-foot,assisted,sofascore
14131912,914213,Luis Javier Suárez,3001.0,2,12.9,66.3,0.0526,save,right-foot,assisted,sofascore
14131859,823631,Dodi Lukebakio,3006.0,90,14.0,65.5,0.0646,block,left-foot,fast-break,sofascore
14131859,795236,Vangelis Pavlidis,3006.0,90,7.5,50.7,0.1194,save,head,regular,sofascore
14131859,1133282,André Luiz,3036.0,90,15.5,69.6,0.0343,goal,left-foot,assisted,sofascore
14131859,795236,Vangelis Pavlidis,3006.0,88,20.0,56.6,0.0349,save,left-foot,assisted,sofascore
14131859,1123925,Georgiy Sudakov,3006.0,86,10.2,55.2,0.3234,goal,right-foot,assisted,sofascore
14131859,795236,Vangelis Pavlidis,3006.0,80,12.1,53.9,0.1847,block,right-foot,assisted,sofascore
14131859,795236,Vangelis Pavlidis,3006.0,76,10.9,32.8,0.0293,block,left-foot,assisted,sofascore
14131859,1015292,Richard Ríos,3006.0,72,3.2,46.1,0.7644,miss,left-foot,assisted,sofascore
14131859,1100952,Andreas Schjelderup,3006.0,72,15.4,28.6,0.028,block,right-foot,assisted,sofascore
14131859,823631,Dodi Lukebakio,3006.0,69,14.2,33.1,0.3194,save,left-foot,assisted,sofascore
14131859,823631,Dodi Lukebakio,3006.0,67,18.3,67.0,0.0347,miss,left-foot,assisted,sofascore
14131859,795236,Vangelis Pavlidis,3006.0,55,9.8,55.7,0.0394,save,head,assisted,sofascore
14131859,228364,Fredrik Aursnes,3006.0,45,19.4,56.2,0.0355,miss,right-foot,corner,sofascore
14131859,860683,Marc Gual,3036.0,45,12.3,51.5,0.0301,miss,head,assisted,sofascore
14131859,1015292,Richard Ríos,3006.0,32,7.4,54.6,0.0806,miss,head,corner,sofascore
14131859,795236,Vangelis Pavlidis,3006.0,27,8.8,42.7,0.0822,save,right-foot,regular,sofascore
14131859,1103333,Franjo Ivanović,3006.0,27,5.5,33.6,0.0514,block,left-foot,regular,sofascore
14131859,1015292,Richard Ríos,3006.0,26,24.5,48.2,0.0274,miss,right-foot,assisted,sofascore
14131859,1123925,Georgiy Sudakov,3006.0,26,12.9,42.3,0.0719,block,right-foot,assisted,sofascore
14131859,826024,Dario Špikić,3036.0,21,13.2,36.4,0.0363,save,right-foot,assisted,sofascore
14131859,860683,Marc Gual,3036.0,20,20.9,38.3,0.0597,block,left-foot,fast-break,sofascore
14131859,1015292,Richard Ríos,3006.0,8,13.5,61.7,0.0207,save,head,assisted,sofascore
14131920,1015292,Richard Ríos,3006.0,90,32.1,73.2,0.0352,miss,right-foot,free-kick,sofascore
14131920,1083277,Martin Fernández,3010.0,80,10.8,46.4,0.0686,miss,left-foot,throw-in-set-piece,sofascore
14131920,1138915,Zé Carlos,3010.0,76,4.1,57.7,0.1061,block,head,corner,sofascore
14131920,1097527,Luís Esteves,3010.0,75,23.4,46.4,0.0274,save,right-foot,corner,sofascore
14131920,1103333,Franjo Ivanović,3006.0,71,22.3,51.7,0.0238,miss,right-foot,assisted,sofascore
14131920,1101174,Pablo Felipe,3010.0,68,6.3,42.3,0.252,miss,right-foot,assisted,sofascore
14131920,823631,Dodi Lukebakio,3006.0,57,20.2,32.4,0.0192,save,left-foot,set-piece,sofascore
14131920,611880,Murilo,3010.0,54,26.3,53.0,0.0239,post,left-foot,assisted,sofascore
14131920,1097527,Luís Esteves,3010.0,48,26.6,49.3,0.0342,miss,right-foot,assisted,sofascore
14131920,1084746,Santi García,3010.0,47,6.1,64.4,0.0361,save,right-foot,corner,sofascore
14131920,1097527,Luís Esteves,3010.0,46,13.2,66.4,0.035,save,right-foot,regular,sofascore
14131920,1084746,Santi García,3010.0,46,21.6,42.3,0.0459,save,left-foot,assisted,sofascore
14131920,823631,Dodi Lukebakio,3006.0,45,11.1,66.4,0.1028,miss,right-foot,fast-break,sofascore
14131920,823631,Dodi Lukebakio,3006.0,42,21.9,54.5,0.0711,save,left-foot,assisted,sofascore
14131920,831781,Ghislain Konan,3010.0,35,18.1,29.9,0.0279,miss,left-foot,assisted,sofascore
14131920,823631,Dodi Lukebakio,3006.0,34,13.2,64.6,0.0536,miss,left-foot,fast-break,sofascore
14131920,823631,Dodi Lukebakio,3006.0,31,26.5,71.1,0.0182,miss,left-foot,regular,sofascore
14131920,795236,Vangelis Pavlidis,3006.0,26,11.5,50.0,0.7884,goal,right-foot,penalty,sofascore
14131920,1101174,Pablo Felipe,3010.0,23,20.3,31.7,0.0413,miss,right-foot,assisted,sofascore
14131920,1799336,Agustín Moreira,3010.0,23,8.6,26.2,0.0461,save,right-foot,fast-break,sofascore
14131920,795236,Vangelis Pavlidis,3006.0,18,7.3,41.9,0.0849,goal,left-foot,regular,sofascore
14131920,1123925,Georgiy Sudakov,3006.0,13,22.6,25.5,0.0405,miss,right-foot,free-kick,sofascore
14131920,1097527,Luís Esteves,3010.0,11,19.0,44.2,0.1537,goal,right-foot,free-kick,sofascore
14131920,1114164,Marvin Elimbi Gilbert,3010.0,2,6.1,62.0,0.0909,block,right-foot,assisted,sofascore
14131920,1799336,Agustín Moreira,3010.0,1,3.9,37.0,0.0721,block,left-foot,regular,sofascore
14131920,611880,Murilo,3010.0,1,8.6,47.0,0.213,save,left-foot,assisted,sofascore
14131922,125039,André Geraldes,36365.0,90,14.4,55.8,0.0608,save,right-foot,throw-in-set-piece,sofascore
14131922,1015932,David Sousa,36365.0,90,12.1,48.8,0.0761,block,left-foot,set-piece,sofascore
14131922,1155358,Dailon Rocha Livramento,36365.0,90,9.8,43.6,0.1237,block,left-foot,set-piece,sofascore
14131922,1085569,Max Svensson,36365.0,90,10.5,33.6,0.0082,block,head,set-piece,sofascore
14131922,157023,Cassiano,36365.0,86,8.3,55.6,0.0979,miss,head,assisted,sofascore
14131922,845811,Bernardo Martins,3014.0,85,25.9,38.1,0.0455,save,right-foot,free-kick,sofascore
14131922,1160980,Dinis Pinto,3014.0,80,24.1,55.6,0.0706,save,right-foot,throw-in-set-piece,sofascore
14131922,856119,Guilherme Schettine,3014.0,80,12.9,31.5,0.025,block,right-foot,throw-in-set-piece,sofascore
14131922,1015932,David Sousa,36365.0,76,29.9,39.9,0.0183,miss,left-foot,assisted,sofascore
14131922,963990,Kaique Rocha,36365.0,73,6.9,62.2,0.0249,block,head,corner,sofascore
14131922,845811,Bernardo Martins,3014.0,70,14.7,46.6,0.0643,goal,right-foot,corner,sofascore
14131922,856119,Guilherme Schettine,3014.0,67,5.2,67.7,0.0402,miss,right-foot,set-piece,sofascore
14131922,849719,Gaizka Larrazabal,36365.0,62,20.5,64.0,0.0169,miss,left-foot,throw-in-set-piece,sofascore
14131922,963990,Kaique Rocha,36365.0,60,9.5,39.9,0.0129,miss,head,corner,sofascore
14131922,849719,Gaizka Larrazabal,36365.0,60,24.4,70.3,0.0164,save,right-foot,assisted,sofascore
14131922,1155358,Dailon Rocha Livramento,36365.0,59,24.0,38.5,0.0256,miss,right-foot,assisted,sofascore
14131922,1155358,Dailon Rocha Livramento,36365.0,54,12.0,27.6,0.0241,miss,right-foot,fast-break,sofascore
14131922,1006995,Vasco Sousa,3014.0,51,14.7,41.7,0.0471,miss,right-foot,assisted,sofascore
14131922,1395583,Kiko,3014.0,45,22.9,26.8,0.0163,block,left-foot,assisted,sofascore
14131922,963990,Kaique Rocha,36365.0,43,8.8,44.0,0.0402,miss,head,corner,sofascore
14131922,2119726,Renato Nhaga,36365.0,36,25.8,49.3,0.0256,miss,right-foot,regular,sofascore
14131922,1006995,Vasco Sousa,3014.0,31,7.7,46.8,0.2776,miss,left-foot,fast-break,sofascore
14131922,1006995,Vasco Sousa,3014.0,30,23.7,56.3,0.0282,miss,right-foot,assisted,sofascore
14131922,856119,Guilherme Schettine,3014.0,29,14.7,52.1,0.0669,miss,right-foot,regular,sofascore
14131922,1160980,Dinis Pinto,3014.0,29,10.7,68.3,0.035,block,right-foot,assisted,sofascore
14131922,1015932,David Sousa,36365.0,25,10.1,53.4,0.0525,miss,head,corner,sofascore
14131922,1155358,Dailon Rocha Livramento,36365.0,19,15.8,44.0,0.008,save,head,set-piece,sofascore
14131922,856119,Guilherme Schettine,3014.0,14,6.8,50.8,0.2748,goal,head,assisted,sofascore
14131922,2119726,Renato Nhaga,36365.0,12,30.7,50.1,0.0288,miss,right-foot,assisted,sofascore
14131922,1067284,Tiago Morais,36365.0,11,18.1,45.2,0.0447,block,left-foot,regular,sofascore
14131922,826054,Jérémy Livolant,36365.0,8,2.6,48.9,0.9599,goal,right-foot,assisted,sofascore
14131922,826054,Jérémy Livolant,36365.0,2,11.9,28.4,0.0341,miss,left-foot,assisted,sofascore
14131918,1001753,Vinícius Lopes,3011.0,90,14.2,54.4,0.0892,miss,left-foot,assisted,sofascore
14131918,1046794,Gabriel Silva,3011.0,90,18.9,29.1,0.0132,block,left-foot,assisted,sofascore
14131918,937265,Wendel,3011.0,87,8.4,55.6,0.3941,save,left-foot,assisted,sofascore
14131918,1046794,Gabriel Silva,3011.0,80,31.4,27.3,0.0105,save,right-foot,assisted,sofascore
14131918,937265,Wendel,3011.0,76,11.5,50.0,0.7884,goal,right-foot,penalty,sofascore
14131918,937265,Wendel,3011.0,72,8.6,46.6,0.2122,block,right-foot,assisted,sofascore
14131918,822684,Siphephelo Sithole,38396.0,63,0.7,45.3,0.2261,goal,other,corner,sofascore
14131918,879917,Maranhão,38396.0,60,6.3,65.6,0.21,goal,right-foot,assisted,sofascore
14131918,991358,Lucas Soares,3011.0,58,18.9,67.0,0.0353,miss,left-foot,assisted,sofascore
14131918,1019184,Serginho,3011.0,57,21.8,70.9,0.0173,block,left-foot,corner,sofascore
14131918,190147,Rony Lopes,38396.0,56,24.8,67.1,0.026,miss,right-foot,assisted,sofascore
14131918,190147,Rony Lopes,38396.0,54,22.6,62.7,0.0143,miss,left-foot,set-piece,sofascore
14131918,879917,Maranhão,38396.0,50,11.5,50.0,0.7884,save,right-foot,penalty,sofascore
14131918,788786,Jordan Siebatcheu,38396.0,45,4.5,38.9,0.0624,miss,head,corner,sofascore
14131918,879917,Maranhão,38396.0,44,25.1,56.0,0.0335,save,right-foot,corner,sofascore
14131918,110950,Ivan Cavaleiro,38396.0,38,19.3,44.2,0.0999,miss,right-foot,assisted,sofascore
14131918,991358,Lucas Soares,3011.0,37,18.8,73.0,0.0231,save,left-foot,assisted,sofascore
14131918,110950,Ivan Cavaleiro,38396.0,35,31.2,38.8,0.0161,miss,right-foot,assisted,sofascore
14131918,190147,Rony Lopes,38396.0,34,30.7,29.1,0.0102,save,left-foot,assisted,sofascore
14131918,822684,Siphephelo Sithole,38396.0,24,15.1,52.1,0.0225,miss,head,throw-in-set-piece,sofascore
14131918,1019184,Serginho,3011.0,18,13.2,59.1,0.1177,block,right-foot,assisted,sofascore
14131918,879917,Maranhão,38396.0,10,29.2,34.5,0.0162,miss,right-foot,assisted,sofascore
14131918,845787,Luquinhas,3011.0,1,7.4,44.8,0.2942,save,left-foot,assisted,sofascore
14131921,1117723,Sidny Lopes Cabral,3035.0,82,9.4,71.8,0.0411,miss,right-foot,assisted,sofascore
14131921,1117723,Sidny Lopes Cabral,3035.0,78,7.9,86.9,0.0308,save,left-foot,free-kick,sofascore
14131921,1003071,Diego Duarte,483088.0,70,12.2,28.0,0.022,block,left-foot,assisted,sofascore
14131921,869875,Kikas,3035.0,70,5.1,48.7,0.3144,block,right-foot,corner,sofascore
14131921,1175854,Oumar Ngom,3035.0,70,9.5,41.9,0.0325,block,head,corner,sofascore
14131921,1117723,Sidny Lopes Cabral,3035.0,69,26.9,50.1,0.048,block,left-foot,free-kick,sofascore
14131921,1211830,Sidi Bane,483088.0,65,3.3,37.2,0.0542,miss,right-foot,corner,sofascore
14131921,1006996,Guilherme Montóia,3035.0,56,13.4,30.9,0.0528,save,left-foot,assisted,sofascore
14131921,1211830,Sidi Bane,483088.0,52,5.7,47.2,0.3409,save,head,set-piece,sofascore
14131921,823128,Rafael Barbosa,483088.0,50,24.1,43.1,0.0633,miss,right-foot,fast-break,sofascore
14131921,1090543,Abraham Marcus,3035.0,49,25.2,68.0,0.0424,miss,right-foot,fast-break,sofascore
14131921,823128,Rafael Barbosa,483088.0,46,13.5,23.6,0.0121,block,right-foot,throw-in-set-piece,sofascore
14131921,869875,Kikas,3035.0,45,4.0,50.1,0.6309,goal,head,assisted,sofascore
14131921,126076,Tomané,483088.0,42,9.7,45.6,0.0522,miss,head,regular,sofascore
14131921,869875,Kikas,3035.0,39,12.6,8.0,0.0217,save,right-foot,fast-break,sofascore
14131921,324345,Kiki,483088.0,29,25.1,37.9,0.0275,miss,left-foot,corner,sofascore
14131921,1133063,Tunde Akinsola,483088.0,29,17.8,56.2,0.0489,block,left-foot,corner,sofascore
14131921,126076,Tomané,483088.0,29,9.7,65.8,0.0893,save,right-foot,assisted,sofascore
14131921,910316,Ianis Stoica,3035.0,24,2.3,47.7,0.9113,goal,left-foot,assisted,sofascore
14131921,869875,Kikas,3035.0,21,10.7,63.0,0.4556,goal,right-foot,assisted,sofascore
14131921,324345,Kiki,483088.0,18,14.6,35.4,0.0574,miss,left-foot,corner,sofascore
14131921,1133063,Tunde Akinsola,483088.0,17,24.4,58.2,0.0188,block,left-foot,assisted,sofascore
14131914,1122835,Alisson Santos,3001.0,90,20.2,32.2,0.0331,block,right-foot,corner,sofascore
14131914,830431,Francisco Trincão,3001.0,90,3.6,45.8,0.2468,save,left-foot,regular,sofascore
14131914,1190120,Fabrício Garcia,4500.0,88,27.1,40.9,0.0054,block,left-foot,set-piece,sofascore
14131914,1511977,Pedro Carvalho,4500.0,76,16.3,65.4,0.0381,miss,right-foot,corner,sofascore
14131914,895764,Pedro Gonçalves,3001.0,68,29.9,39.8,0.0141,miss,right-foot,assisted,sofascore
14131914,895764,Pedro Gonçalves,3001.0,47,10.9,25.7,0.0153,block,right-foot,assisted,sofascore
14131914,834247,Pedro Amaral,4500.0,45,11.9,24.7,0.0384,miss,left-foot,assisted,sofascore
14131914,1403165,Geovany Quenda,3001.0,42,19.8,72.3,0.0195,block,left-foot,assisted,sofascore
14131914,357734,Ferro,4500.0,42,16.0,31.8,0.0262,block,right-foot,corner,sofascore
14131914,929894,Alejandro Marqués,4500.0,41,10.1,62.7,0.0903,save,right-foot,regular,sofascore
14131914,895764,Pedro Gonçalves,3001.0,32,4.2,50.2,0.5816,miss,right-foot,assisted,sofascore
14131914,926560,Hidemasa Morita,3001.0,23,25.6,31.1,0.0217,miss,left-foot,assisted,sofascore
14131914,920684,Jordan Holsgrove,4500.0,15,24.4,68.9,0.0165,save,left-foot,assisted,sofascore
14131914,914213,Luis Javier Suárez,3001.0,12,14.0,42.9,0.1033,goal,left-foot,assisted,sofascore
14131914,926560,Hidemasa Morita,3001.0,8,9.7,46.1,0.0824,miss,right-foot,corner,sofascore
14131915,785808,Samu,3009.0,90,25.1,26.8,0.0023,block,left-foot,corner,sofascore
14131915,344023,Sandro Lima,190328.0,90,15.8,49.2,0.5793,goal,right-foot,fast-break,sofascore
14131915,1166097,Matija Mitrović,3009.0,89,25.6,44.4,0.0168,block,right-foot,assisted,sofascore
14131915,1130363,Fabio Blanco,3009.0,89,17.8,27.8,0.0307,block,right-foot,corner,sofascore
14131915,1130363,Fabio Blanco,3009.0,78,19.4,49.7,0.034,block,left-foot,set-piece,sofascore
14131915,42898,Nélson Oliveira,3009.0,72,20.7,39.9,0.033,miss,right-foot,assisted,sofascore
14131915,1133568,João Mendes,3009.0,68,31.6,52.6,0.0093,miss,left-foot,regular,sofascore
14131915,1063255,Alioune Ndoye,3009.0,65,10.0,53.2,0.0546,save,head,assisted,sofascore
14131915,1168093,Óscar Rivas,3009.0,63,28.3,50.6,0.0185,miss,right-foot,regular,sofascore
14131915,1063255,Alioune Ndoye,3009.0,63,13.7,52.0,0.08,block,right-foot,assisted,sofascore
14131915,785808,Samu,3009.0,61,19.4,34.2,0.0402,save,right-foot,regular,sofascore
14131915,1168093,Óscar Rivas,3009.0,60,25.7,51.1,0.0194,miss,right-foot,regular,sofascore
14131915,846416,Rodrigo Abascal,3009.0,54,31.5,33.2,0.0161,miss,left-foot,assisted,sofascore
14131915,785808,Samu,3009.0,51,18.5,34.7,0.0429,miss,left-foot,assisted,sofascore
14131915,2140143,Miguel Nogueira,3009.0,50,8.4,52.1,0.0872,miss,head,regular,sofascore
14131915,2140143,Miguel Nogueira,3009.0,46,4.3,47.2,0.6454,miss,right-foot,assisted,sofascore
14131915,1167068,Kaiky Naves,190328.0,45,10.8,51.9,0.1748,block,right-foot,set-piece,sofascore
14131915,1100957,Marko Milovanović,190328.0,41,11.5,50.0,0.7884,goal,right-foot,penalty,sofascore
14131915,1158067,Francisco Chissumba,190328.0,35,9.2,32.7,0.0438,miss,left-foot,assisted,sofascore
14131915,1153328,Noah Saviolo,3009.0,33,28.4,24.2,0.0202,miss,right-foot,fast-break,sofascore
14131915,1166097,Matija Mitrović,3009.0,30,17.6,51.3,0.0497,block,right-foot,assisted,sofascore
14131915,1100957,Marko Milovanović,190328.0,26,18.7,31.6,0.0326,miss,right-foot,assisted,sofascore
14131915,1511706,Alexsandro Amorim,190328.0,25,30.3,44.6,0.0142,miss,right-foot,assisted,sofascore
14131915,794928,Lincoln,190328.0,22,11.3,48.5,0.0856,save,head,assisted,sofascore
14131915,1105790,Figueiredo,190328.0,16,19.1,47.2,0.0514,block,right-foot,corner,sofascore
14131915,1105790,Figueiredo,190328.0,10,27.5,34.8,0.0117,block,right-foot,assisted,sofascore
14131915,1035280,Telmo Arcanjo,3009.0,4,19.4,66.4,0.0213,save,left-foot,regular,sofascore
14131915,1105790,Figueiredo,190328.0,2,19.4,56.8,0.0592,save,right-foot,assisted,sofascore
14131919,1184326,Diego Rodrigues,2999.0,90,28.1,66.0,0.0187,miss,right-foot,assisted,sofascore
14131919,314380,Ricardo Horta,2999.0,90,9.4,61.3,0.1389,miss,right-foot,set-piece,sofascore
14131919,786269,Witiness Quembo,3013.0,90,9.1,53.6,0.6831,save,right-foot,fast-break,sofascore
14131919,1134430,Gabriel Martínez,2999.0,90,26.0,49.6,0.0123,block,right-foot,corner,sofascore
14131919,186719,Florian Grillitsch,2999.0,90,7.4,61.3,0.1368,miss,right-foot,assisted,sofascore
14131919,822510,Liziero,3013.0,69,28.5,41.8,0.0209,miss,left-foot,regular,sofascore
14131919,987597,Jesús Ramírez,3013.0,65,15.2,63.2,0.1105,save,right-foot,assisted,sofascore
14131919,1530274,Pablo Ruan,3013.0,62,21.5,62.7,0.0581,save,right-foot,fast-break,sofascore
14131919,1485309,Gabriel Moscardo,2999.0,51,26.6,52.6,0.0202,block,right-foot,assisted,sofascore
14131919,877918,Victor Gómez,2999.0,50,15.7,65.4,0.0687,block,left-foot,assisted,sofascore
14131919,822510,Liziero,3013.0,47,24.2,34.3,0.0308,miss,left-foot,assisted,sofascore
14131919,987597,Jesús Ramírez,3013.0,45,14.1,55.8,0.0199,miss,head,corner,sofascore
14131919,1011997,Chiheb Labidi,3013.0,45,25.7,33.3,0.0166,block,left-foot,regular,sofascore
14131919,877918,Victor Gómez,2999.0,43,20.7,55.2,0.0205,save,right-foot,corner,sofascore
14131919,314380,Ricardo Horta,2999.0,42,4.3,65.8,0.1065,post,right-foot,throw-in-set-piece,sofascore
14131919,1530274,Pablo Ruan,3013.0,33,13.5,62.2,0.0806,save,right-foot,assisted,sofascore
14131919,6562,João Moutinho,2999.0,30,18.4,47.6,0.0836,miss,left-foot,assisted,sofascore
14131919,987597,Jesús Ramírez,3013.0,23,29.0,60.5,0.0157,miss,right-foot,assisted,sofascore
14131919,1112474,Ze Vitor,3013.0,11,27.6,43.4,0.0274,miss,left-foot,throw-in-set-piece,sofascore
14131919,1011997,Chiheb Labidi,3013.0,11,19.7,53.8,0.0501,block,left-foot,throw-in-set-piece,sofascore
14131919,987597,Jesús Ramírez,3013.0,6,13.3,47.2,0.5273,goal,right-foot,assisted,sofascore
14131917,826024,Dario Špikić,3036.0,90,12.3,27.0,0.0283,block,right-foot,assisted,sofascore
14131917,836676,Tom Van De Looi,49531.0,90,18.7,47.7,0.106,miss,left-foot,assisted,sofascore
14131917,1563665,Gustavo Sá,49531.0,84,10.4,56.8,0.03,miss,head,throw-in-set-piece,sofascore
14131917,2194737,Umar Abubakar,49531.0,82,7.0,50.3,0.1074,miss,head,corner,sofascore
14131917,1563665,Gustavo Sá,49531.0,81,8.4,76.1,0.0129,save,right-foot,set-piece,sofascore
14131917,1133282,André Luiz,3036.0,80,8.9,42.5,0.1171,save,left-foot,assisted,sofascore
14131917,1563665,Gustavo Sá,49531.0,77,19.5,60.9,0.0634,post,right-foot,throw-in-set-piece,sofascore
14131917,1105595,Sorriso,49531.0,73,10.5,58.1,0.0585,save,head,assisted,sofascore
14131917,836676,Tom Van De Looi,49531.0,72,13.2,58.9,0.0921,miss,right-foot,regular,sofascore
14131917,1511656,Mathias De Amorim,49531.0,67,16.4,50.5,0.146,miss,right-foot,regular,sofascore
14131917,836676,Tom Van De Looi,49531.0,65,24.7,64.0,0.0148,block,right-foot,regular,sofascore
14131917,1511656,Mathias De Amorim,49531.0,61,12.3,31.7,0.043,block,right-foot,assisted,sofascore
14131917,1511656,Mathias De Amorim,49531.0,59,22.5,45.6,0.0634,miss,right-foot,assisted,sofascore
14131917,991924,Rodrigo Pinheiro,49531.0,52,23.1,43.4,0.0223,block,right-foot,regular,sofascore
14131917,1133282,André Luiz,3036.0,45,20.7,70.3,0.0139,block,left-foot,assisted,sofascore
14131917,1105595,Sorriso,49531.0,45,7.7,42.3,0.184,miss,head,fast-break,sofascore
14131917,583838,Gil Dias,49531.0,35,8.8,52.6,0.1432,save,left-foot,assisted,sofascore
14131917,1105595,Sorriso,49531.0,31,21.2,21.3,0.0092,block,right-foot,assisted,sofascore
14131917,1133282,André Luiz,3036.0,30,9.4,61.1,0.0925,save,left-foot,assisted,sofascore
14131917,991924,Rodrigo Pinheiro,49531.0,29,6.3,67.2,0.0555,save,right-foot,fast-break,sofascore
14131917,1511656,Mathias De Amorim,49531.0,28,12.8,42.3,0.1579,miss,left-foot,assisted,sofascore
14131917,1563665,Gustavo Sá,49531.0,28,8.6,50.9,0.0858,block,head,assisted,sofascore
14131917,583838,Gil Dias,49531.0,25,13.8,59.3,0.0508,miss,left-foot,regular,sofascore
14131917,583838,Gil Dias,49531.0,23,6.9,69.1,0.0123,miss,right-foot,set-piece,sofascore
14131917,1049526,Simon Elisor,49531.0,21,10.7,63.6,0.0562,block,right-foot,regular,sofascore
14131917,1105595,Sorriso,49531.0,21,4.6,45.2,0.2922,save,left-foot,assisted,sofascore
14131917,1133282,André Luiz,3036.0,18,13.3,53.4,0.2346,save,left-foot,assisted,sofascore
14131917,1511656,Mathias De Amorim,49531.0,15,15.8,53.6,0.0605,block,right-foot,corner,sofascore
14131917,1105595,Sorriso,49531.0,11,22.5,21.7,0.0131,block,right-foot,assisted,sofascore
14131917,1049526,Simon Elisor,49531.0,10,3.6,46.2,0.2052,miss,head,corner,sofascore
14131917,1563665,Gustavo Sá,49531.0,9,24.7,53.8,0.0436,block,right-foot,fast-break,sofascore
14131917,583838,Gil Dias,49531.0,2,18.8,60.7,0.0297,block,left-foot,assisted,sofascore
14131916,1116649,Brian Mansilla,25777.0,90,25.4,52.1,0.0338,miss,left-foot,corner,sofascore
14131916,1000680,Miguel Puche,25777.0,90,12.8,48.3,0.063,save,left-foot,assisted,sofascore
14131916,1145658,Romualdas Jansonas,25777.0,90,23.0,22.6,0.0187,miss,right-foot,assisted,sofascore
14131916,1510444,Dylan Nandín,25777.0,90,15.7,37.5,0.0263,miss,right-foot,corner,sofascore
14131916,1126965,Espen Van Ee,25777.0,89,18.5,37.8,0.0338,miss,right-foot,corner,sofascore
14131916,1105857,Taichi Fukui,25777.0,88,26.5,46.0,0.0208,miss,right-foot,assisted,sofascore
14131916,987510,Zaidu Sanusi,3002.0,85,1.8,51.6,0.9708,goal,right-foot,assisted,sofascore
14131916,997025,Arnau Solà,25777.0,82,21.6,29.1,0.0198,miss,right-foot,assisted,sofascore
14131916,1406639,Victor Froholdt,3002.0,80,8.5,33.5,0.074,block,right-foot,assisted,sofascore
14131916,1083250,Matías Rocha,25777.0,79,9.8,43.6,0.0352,miss,head,assisted,sofascore
14131916,913728,Ivan Barbero,25777.0,78,8.2,44.4,0.1771,save,left-foot,assisted,sofascore
14131916,1000680,Miguel Puche,25777.0,77,15.0,42.3,0.0717,miss,left-foot,corner,sofascore
14131916,997025,Arnau Solà,25777.0,77,13.5,37.9,0.0595,block,left-foot,assisted,sofascore
14131916,976037,Jakub Kiwior,3002.0,72,6.8,31.5,0.0163,miss,left-foot,set-piece,sofascore
14131916,985138,Francisco Moura,3002.0,60,8.6,32.7,0.0358,goal,left-foot,assisted,sofascore
14131916,992567,Borja Sainz,3002.0,59,25.0,52.0,0.0219,block,right-foot,corner,sofascore
14131916,1406639,Victor Froholdt,3002.0,54,19.1,68.6,0.0301,block,right-foot,assisted,sofascore
14131916,1407720,Deniz Gül,3002.0,51,9.4,58.1,0.4464,goal,right-foot,assisted,sofascore
14131916,1010505,Gabri Veiga,3002.0,50,26.8,47.4,0.0291,miss,right-foot,regular,sofascore
14131916,992567,Borja Sainz,3002.0,47,18.8,37.2,0.0486,miss,right-foot,assisted,sofascore
14131916,985138,Francisco Moura,3002.0,46,14.8,42.6,0.0489,save,right-foot,regular,sofascore
14131916,1142585,Martim Fernandes,3002.0,45,12.2,41.6,0.0126,block,head,set-piece,sofascore
14131916,985138,Francisco Moura,3002.0,44,5.5,32.7,0.1388,post,head,regular,sofascore
14131916,992567,Borja Sainz,3002.0,42,8.9,56.5,0.0748,miss,right-foot,assisted,sofascore
14131916,1503836,Samu Aghehowa,3002.0,12,9.2,45.2,0.8339,goal,left-foot,assisted,sofascore
14131916,1406639,Victor Froholdt,3002.0,12,10.9,52.4,0.1169,block,right-foot,assisted,sofascore
14131916,1010505,Gabri Veiga,3002.0,5,18.8,44.0,0.0663,miss,right-foot,regular,sofascore
14131916,902050,Boris Popović,25777.0,3,3.9,61.1,0.0925,save,right-foot,set-piece,sofascore
14131916,1105857,Taichi Fukui,25777.0,1,22.9,63.4,0.0223,miss,left-foot,corner,sofascore
14131924,1120679,André Lacximicant,4500.0,86,10.8,33.1,0.0574,save,left-foot,assisted,sofascore
14131924,548044,João Carvalho,4500.0,84,4.6,38.3,0.2452,goal,right-foot,regular,sofascore
14131924,1015291,Patrick de Paula,4500.0,81,27.8,53.0,0.0189,block,left-foot,set-piece,sofascore
14131924,1190120,Fabrício Garcia,4500.0,76,12.6,71.6,0.0482,miss,left-foot,assisted,sofascore
14131924,548044,João Carvalho,4500.0,75,18.7,46.4,0.0241,block,right-foot,corner,sofascore
14131924,943525,Felix Bacher,4500.0,71,7.8,49.1,0.1476,miss,head,corner,sofascore
14131924,963990,Kaique Rocha,36365.0,68,6.9,52.0,0.1074,miss,head,corner,sofascore
14131924,826054,Jérémy Livolant,36365.0,67,11.0,53.4,0.1155,save,left-foot,regular,sofascore
14131924,1155358,Dailon Rocha Livramento,36365.0,65,9.9,46.2,0.1024,block,left-foot,assisted,sofascore
14131924,1155358,Dailon Rocha Livramento,36365.0,62,5.2,52.3,0.1785,miss,other,corner,sofascore
14131924,826054,Jérémy Livolant,36365.0,45,24.3,52.6,0.0523,goal,right-foot,regular,sofascore
14131924,849719,Gaizka Larrazabal,36365.0,43,15.4,54.4,0.1126,save,left-foot,fast-break,sofascore
14131924,826054,Jérémy Livolant,36365.0,39,16.0,58.9,0.065,miss,right-foot,assisted,sofascore
14131924,1001313,Nodar Lominadze,4500.0,38,11.3,53.6,0.1068,miss,right-foot,throw-in-set-piece,sofascore
14131924,1015932,David Sousa,36365.0,35,12.6,47.4,0.023,save,head,set-piece,sofascore
14131924,1001313,Nodar Lominadze,4500.0,31,13.9,63.0,0.0619,miss,left-foot,throw-in-set-piece,sofascore
14131924,963990,Kaique Rocha,36365.0,28,8.2,45.8,0.0544,goal,head,corner,sofascore
14131924,1155358,Dailon Rocha Livramento,36365.0,25,9.1,64.8,0.0871,miss,right-foot,throw-in-set-piece,sofascore
14131924,158597,Sebastián Pérez,36365.0,20,19.4,50.1,0.0377,block,right-foot,regular,sofascore
14131924,1001313,Nodar Lominadze,4500.0,14,7.3,51.9,0.3552,goal,right-foot,corner,sofascore
14131924,548044,João Carvalho,4500.0,14,13.6,38.9,0.0522,miss,right-foot,corner,sofascore
14131928,156318,Marcelo,3014.0,86,8.2,53.4,0.1285,block,head,set-piece,sofascore
14131928,987597,Jesús Ramírez,3013.0,84,11.5,50.0,0.7884,goal,right-foot,penalty,sofascore
14131928,1112474,Ze Vitor,3013.0,77,28.4,36.6,0.0203,miss,left-foot,assisted,sofascore
14131928,1166006,Mateja Stjepanović,3014.0,76,3.9,62.6,0.0269,miss,head,set-piece,sofascore
14131928,845811,Bernardo Martins,3014.0,70,26.6,29.7,0.015,save,right-foot,set-piece,sofascore
14131928,1020610,Matheus Dias,3013.0,67,21.0,48.1,0.0468,save,left-foot,throw-in-set-piece,sofascore
14131928,912781,Paulinho Bóia,3013.0,67,6.1,33.8,0.0825,save,left-foot,throw-in-set-piece,sofascore
14131928,987597,Jesús Ramírez,3013.0,65,10.5,35.4,0.0278,block,left-foot,set-piece,sofascore
14131928,822510,Liziero,3013.0,65,24.0,50.9,0.0751,block,left-foot,free-kick,sofascore
14131928,822509,Léo Santos,3013.0,59,2.9,59.1,0.1942,goal,head,set-piece,sofascore
14131928,1395583,Kiko,3014.0,56,6.6,46.2,0.1556,goal,head,assisted,sofascore
14131928,1188685,Yan Maranhão,3014.0,56,4.2,55.6,0.2825,save,head,assisted,sofascore
14131928,912781,Paulinho Bóia,3013.0,51,18.5,47.9,0.121,miss,right-foot,fast-break,sofascore
14131928,987597,Jesús Ramírez,3013.0,50,25.0,51.5,0.0264,save,left-foot,assisted,sofascore
14131928,1142578,Diogo Travassos,3014.0,48,9.9,63.8,0.1013,miss,right-foot,assisted,sofascore
14131928,344181,José Gomes,3013.0,42,11.0,55.2,0.2231,miss,left-foot,assisted,sofascore
14131928,822510,Liziero,3013.0,40,29.4,49.7,0.0209,miss,left-foot,assisted,sofascore
14131928,1011997,Chiheb Labidi,3013.0,35,24.0,35.4,0.016,save,left-foot,assisted,sofascore
14131928,1188685,Yan Maranhão,3014.0,32,9.8,51.9,0.0763,miss,head,assisted,sofascore
14131928,1188685,Yan Maranhão,3014.0,25,3.5,45.2,0.623,miss,right-foot,regular,sofascore
14131928,987597,Jesús Ramírez,3013.0,21,11.5,50.0,0.7884,goal,right-foot,penalty,sofascore
14131928,344181,José Gomes,3013.0,16,21.8,31.3,0.0112,block,left-foot,set-piece,sofascore
14131928,1112474,Ze Vitor,3013.0,16,7.7,42.4,0.0855,miss,right-foot,set-piece,sofascore
14131928,1020610,Matheus Dias,3013.0,16,18.4,49.5,0.0522,miss,right-foot,set-piece,sofascore
14131928,1011997,Chiheb Labidi,3013.0,16,20.7,70.2,0.0684,block,left-foot,free-kick,sofascore
14131928,1142578,Diogo Travassos,3014.0,10,18.8,71.8,0.0143,block,left-foot,assisted,sofascore
14131928,1006995,Vasco Sousa,3014.0,4,7.9,52.4,0.543,goal,left-foot,assisted,sofascore
14131927,1164070,Jorge Meireles,3035.0,90,16.7,43.0,0.0318,miss,right-foot,corner,sofascore
14131927,869875,Kikas,3035.0,90,11.6,58.9,0.0327,block,right-foot,corner,sofascore
14131927,1117723,Sidny Lopes Cabral,3035.0,90,25.1,53.0,0.0217,block,right-foot,corner,sofascore
14131927,1158547,Leandro Antonetti,3035.0,90,8.3,50.3,0.0863,save,head,assisted,sofascore
14131927,1146305,Gustavo Varela,3010.0,90,11.5,50.0,0.7884,save,right-foot,penalty,sofascore
14131927,1015993,Alan Godoy,3035.0,87,3.9,34.2,0.0329,miss,head,assisted,sofascore
14131927,1117723,Sidny Lopes Cabral,3035.0,86,19.5,65.8,0.0282,save,left-foot,corner,sofascore
14131927,1097527,Luís Esteves,3010.0,85,17.8,53.4,0.0891,block,right-foot,assisted,sofascore
14131927,1017590,Bernardo Schappo,3035.0,83,9.1,54.2,0.0507,miss,head,corner,sofascore
14131927,1117723,Sidny Lopes Cabral,3035.0,81,24.6,21.1,0.0097,miss,right-foot,corner,sofascore
14131927,1117723,Sidny Lopes Cabral,3035.0,80,22.9,76.1,0.0132,save,right-foot,regular,sofascore
14131927,869875,Kikas,3035.0,78,8.6,55.6,0.0829,miss,head,assisted,sofascore
14131927,1164070,Jorge Meireles,3035.0,75,18.8,53.0,0.0613,save,right-foot,assisted,sofascore
14131927,1015993,Alan Godoy,3035.0,74,12.4,47.3,0.2064,block,right-foot,assisted,sofascore
14131927,1146305,Gustavo Varela,3010.0,70,16.6,71.1,0.0286,save,right-foot,assisted,sofascore
14131927,1164070,Jorge Meireles,3035.0,64,19.2,34.6,0.0574,save,left-foot,regular,sofascore
14131927,1117723,Sidny Lopes Cabral,3035.0,61,18.2,44.5,0.1419,block,right-foot,free-kick,sofascore
14131927,1084746,Santi García,3010.0,45,25.7,43.2,0.0337,save,left-foot,assisted,sofascore
14131927,1101174,Pablo Felipe,3010.0,41,11.5,50.0,0.7884,goal,right-foot,penalty,sofascore
14131927,1101174,Pablo Felipe,3010.0,32,10.9,47.0,0.2128,goal,right-foot,regular,sofascore
14131927,1032547,Joelson Fernandes,3010.0,32,13.9,34.3,0.0366,block,right-foot,fast-break,sofascore
14131927,1001662,Zé Carlos,3010.0,30,24.6,66.9,0.0221,miss,right-foot,corner,sofascore
14131927,1097527,Luís Esteves,3010.0,26,20.7,46.6,0.0322,save,right-foot,assisted,sofascore
14131927,611880,Murilo,3010.0,18,12.3,59.3,0.1167,block,left-foot,assisted,sofascore
14131927,611880,Murilo,3010.0,16,17.8,77.3,0.0182,block,left-foot,assisted,sofascore
14131927,1084746,Santi García,3010.0,11,18.5,45.6,0.0411,save,left-foot,assisted,sofascore
14131927,1084746,Santi García,3010.0,10,18.3,47.2,0.0414,miss,left-foot,assisted,sofascore
14131927,1117723,Sidny Lopes Cabral,3035.0,8,25.7,65.8,0.0181,miss,right-foot,assisted,sofascore
14131927,1032547,Joelson Fernandes,3010.0,4,22.8,33.5,0.0217,block,right-foot,assisted,sofascore
14131923,1130376,Gonçalo Esteves,190328.0,90,3.2,63.8,0.1781,goal,right-foot,corner,sofascore
14131923,984810,Bruno Lourenço,483088.0,90,3.8,56.4,0.2702,miss,head,regular,sofascore
14131923,344023,Sandro Lima,190328.0,75,2.6,46.6,0.26,save,right-foot,set-piece,sofascore
14131923,984810,Bruno Lourenço,483088.0,65,21.9,64.6,0.0251,block,left-foot,assisted,sofascore
14131923,1105790,Figueiredo,190328.0,51,8.4,40.7,0.1599,goal,right-foot,assisted,sofascore
14131923,1511706,Alexsandro Amorim,190328.0,45,27.4,38.5,0.0234,goal,right-foot,corner,sofascore
14131923,794928,Lincoln,190328.0,45,16.0,57.5,0.054,block,right-foot,assisted,sofascore
14131923,1105790,Figueiredo,190328.0,45,21.0,57.7,0.0299,save,right-foot,assisted,sofascore
14131923,1167068,Kaiky Naves,190328.0,41,16.0,45.3,0.0263,block,right-foot,set-piece,sofascore
14131923,1105790,Figueiredo,190328.0,27,7.3,46.5,0.1618,save,right-foot,regular,sofascore
14131923,2033832,Davy Gui,190328.0,25,13.9,39.5,0.0172,block,right-foot,set-piece,sofascore
14131923,1167068,Kaiky Naves,190328.0,21,5.7,50.3,0.1827,block,head,corner,sofascore
14131923,2033832,Davy Gui,190328.0,17,20.0,41.4,0.0736,miss,right-foot,assisted,sofascore
14131923,794928,Lincoln,190328.0,14,11.9,74.7,0.0396,miss,left-foot,assisted,sofascore
14131923,1067648,Pedro Lima,483088.0,9,13.1,54.2,0.0771,goal,left-foot,assisted,sofascore
14131923,823128,Rafael Barbosa,483088.0,5,11.5,44.2,0.0937,save,left-foot,assisted,sofascore
14131923,1067648,Pedro Lima,483088.0,4,5.1,26.5,0.0114,miss,left-foot,assisted,sofascore
14131929,989383,Adriano Firmino,3011.0,90,6.3,43.8,0.0858,miss,head,corner,sofascore
14131929,1066681,Elias Manoel,3011.0,90,13.0,62.6,0.0402,save,right-foot,assisted,sofascore
14131929,1019184,Serginho,3011.0,90,30.7,58.6,0.0162,miss,right-foot,assisted,sofascore
14131929,1105841,Matheus Araújo,3011.0,87,8.1,37.2,0.0183,miss,head,set-piece,sofascore
14131929,785808,Samu,3009.0,78,3.5,47.7,0.7716,goal,left-foot,corner,sofascore
14131929,1168093,Óscar Rivas,3009.0,78,6.2,44.5,0.0932,save,head,corner,sofascore
14131929,1063255,Alioune Ndoye,3009.0,73,4.9,49.0,0.4193,goal,head,throw-in-set-piece,sofascore
14131929,1166097,Matija Mitrović,3009.0,68,23.4,13.3,0.0261,miss,right-foot,free-kick,sofascore
14131929,1131047,Miguel Maga,3009.0,65,24.4,69.9,0.0229,miss,right-foot,corner,sofascore
14131929,1063255,Alioune Ndoye,3009.0,64,11.2,32.6,0.0221,block,left-foot,throw-in-set-piece,sofascore
14131929,892083,Diogo Calila,3011.0,61,24.8,72.2,0.0082,miss,right-foot,throw-in-set-piece,sofascore
14131929,1016898,Matheus Pereira,3011.0,60,13.0,31.7,0.0536,save,left-foot,fast-break,sofascore
14131929,1166097,Matija Mitrović,3009.0,55,20.9,49.0,0.07,miss,right-foot,regular,sofascore
14131929,1153328,Noah Saviolo,3009.0,53,18.2,61.0,0.0309,save,left-foot,assisted,sofascore
14131929,1153328,Noah Saviolo,3009.0,40,9.9,55.8,0.0853,save,head,assisted,sofascore
14131929,937265,Wendel,3011.0,39,21.8,65.0,0.0438,save,right-foot,fast-break,sofascore
14131929,1130363,Fabio Blanco,3009.0,25,25.9,33.3,0.0123,save,right-foot,assisted,sofascore
14131929,1130363,Fabio Blanco,3009.0,20,14.9,57.7,0.076,miss,right-foot,regular,sofascore
14131929,1130363,Fabio Blanco,3009.0,17,7.6,46.2,0.1126,post,right-foot,corner,sofascore
14131929,846416,Rodrigo Abascal,3009.0,17,6.6,44.8,0.1801,save,head,corner,sofascore
14131929,1168093,Óscar Rivas,3009.0,14,17.9,38.3,0.1068,miss,right-foot,free-kick,sofascore
14131929,937265,Wendel,3011.0,12,11.1,61.7,0.0544,miss,left-foot,corner,sofascore
14131929,1001753,Vinícius Lopes,3011.0,6,8.4,57.1,0.4718,goal,right-foot,assisted,sofascore
14131925,190137,Rafa Soares,49531.0,90,9.8,33.6,0.0626,save,left-foot,regular,sofascore
14131925,1463265,Antoine Joujou,49531.0,90,3.6,23.9,0.0289,save,left-foot,assisted,sofascore
14131925,977676,Léo Realpe,49531.0,90,3.0,60.3,0.0602,block,head,set-piece,sofascore
14131925,876255,Justin De Haas,49531.0,86,17.9,63.0,0.096,goal,left-foot,free-kick,sofascore
14131925,1120040,Pedro Santos,49531.0,73,12.6,56.2,0.0576,block,left-foot,throw-in-set-piece,sofascore
14131925,1006067,Otar Mamageishvili,49531.0,66,4.1,50.3,0.5342,miss,head,set-piece,sofascore
14131925,876255,Justin De Haas,49531.0,61,8.6,53.8,0.1125,block,left-foot,set-piece,sofascore
14131925,973517,Alfonso Trezza,25777.0,58,14.8,54.2,0.276,goal,left-foot,regular,sofascore
14131925,996932,Pablo Gozálbez,25777.0,53,16.3,57.5,0.0988,miss,right-foot,assisted,sofascore
14131925,913728,Ivan Barbero,25777.0,52,10.4,70.5,0.0205,block,right-foot,assisted,sofascore
14131925,583838,Gil Dias,49531.0,43,10.8,65.0,0.0387,block,right-foot,assisted,sofascore
14131925,1049526,Simon Elisor,49531.0,41,3.3,45.6,0.5084,miss,right-foot,assisted,sofascore
14131925,964609,Jose Fontán,25777.0,39,33.7,40.4,0.0162,miss,left-foot,assisted,sofascore
14131925,583838,Gil Dias,49531.0,37,14.2,60.5,0.0455,save,left-foot,assisted,sofascore
14131925,583838,Gil Dias,49531.0,34,15.1,69.9,0.0363,block,left-foot,assisted,sofascore
14131925,913728,Ivan Barbero,25777.0,31,19.4,69.5,0.0254,save,right-foot,assisted,sofascore
14131925,190137,Rafa Soares,49531.0,27,24.0,49.3,0.0291,post,left-foot,assisted,sofascore
14131925,1049526,Simon Elisor,49531.0,27,8.8,71.6,0.0169,save,left-foot,assisted,sofascore
14131925,996932,Pablo Gozálbez,25777.0,6,6.9,64.8,0.1813,save,right-foot,assisted,sofascore
14131925,964609,Jose Fontán,25777.0,2,7.4,50.9,0.1049,block,head,corner,sofascore
14131926,788786,Jordan Siebatcheu,38396.0,90,13.0,64.0,0.0418,block,left-foot,assisted,sofascore
14131926,1035696,Rémy Vita,38396.0,80,28.2,32.5,0.0175,miss,left-foot,assisted,sofascore
14131926,1146013,Hugo Félix,38396.0,75,19.2,53.4,0.0569,save,right-foot,assisted,sofascore
14131926,1017023,Clayton,3036.0,73,7.1,69.5,0.089,goal,right-foot,assisted,sofascore
14131926,1187281,Brayan Medina,38396.0,66,8.2,50.0,0.1973,miss,head,set-piece,sofascore
14131926,879917,Maranhão,38396.0,64,22.9,56.2,0.0135,miss,right-foot,corner,sofascore
14131926,788786,Jordan Siebatcheu,38396.0,59,7.7,63.4,0.0862,save,right-foot,assisted,sofascore
14131926,1005992,Andreas Ndoj,3036.0,56,26.2,52.8,0.0261,block,right-foot,assisted,sofascore
14131926,879917,Maranhão,38396.0,54,12.6,72.0,0.0203,block,left-foot,assisted,sofascore
14131926,110950,Ivan Cavaleiro,38396.0,52,8.3,44.5,0.1058,miss,right-foot,throw-in-set-piece,sofascore
14131926,1017023,Clayton,3036.0,49,9.1,35.2,0.1047,block,left-foot,assisted,sofascore
14131926,879917,Maranhão,38396.0,48,8.9,51.1,0.1613,miss,head,assisted,sofascore
14131926,1133282,André Luiz,3036.0,43,19.7,46.6,0.6964,goal,left-foot,regular,sofascore
14131926,879917,Maranhão,38396.0,38,12.5,37.2,0.0276,block,right-foot,set-piece,sofascore
14131926,1020203,Brandon Aguilera,3036.0,31,27.3,52.6,0.0398,miss,left-foot,free-kick,sofascore
14131926,826024,Dario Špikić,3036.0,25,4.4,50.8,0.9699,goal,right-foot,regular,sofascore
14131926,1017023,Clayton,3036.0,25,6.9,65.0,0.2225,save,right-foot,assisted,sofascore
14131926,1467139,Francisco Petrasso,3036.0,21,6.4,56.7,0.068,block,head,corner,sofascore
14131926,1017023,Clayton,3036.0,20,12.6,55.3,0.0172,block,head,corner,sofascore
14131926,848521,Marios Vrousai,3036.0,20,17.5,74.0,0.0215,save,right-foot,assisted,sofascore
14131926,1133282,André Luiz,3036.0,14,9.8,58.3,0.1809,miss,left-foot,regular,sofascore
14131926,848521,Marios Vrousai,3036.0,10,23.4,62.0,0.0325,save,left-foot,assisted,sofascore
14131926,988964,Christian Marques,38396.0,8,8.3,47.2,0.0654,miss,head,corner,sofascore
14131926,879917,Maranhão,38396.0,5,25.9,58.5,0.0348,save,right-foot,assisted,sofascore
14131926,848521,Marios Vrousai,3036.0,3,18.1,55.2,0.0482,save,right-foot,set-piece,sofascore
14131926,879917,Maranhão,38396.0,1,29.6,51.1,0.0206,miss,right-foot,regular,sofascore
14131873,1130363,Fabio Blanco,3009.0,90,25.2,51.2,0.0037,save,right-foot,corner,sofascore
14131873,252095,Tiago Silva,3009.0,90,19.9,33.4,0.0858,block,right-foot,free-kick,sofascore
14131873,1468082,Gustavo Silva,3009.0,90,20.6,28.3,0.0283,block,right-foot,assisted,sofascore
14131873,943525,Felix Bacher,4500.0,90,9.9,49.4,0.0244,block,head,set-piece,sofascore
14131873,1133568,João Mendes,3009.0,87,22.2,29.6,0.058,miss,left-foot,regular,sofascore
14131873,252095,Tiago Silva,3009.0,84,17.9,39.5,0.0244,miss,right-foot,assisted,sofascore
14131873,1468082,Gustavo Silva,3009.0,81,13.4,49.3,0.1539,miss,right-foot,regular,sofascore
14131873,1520997,Vando Félix,3009.0,72,24.6,56.3,0.0459,miss,right-foot,corner,sofascore
14131873,1063255,Alioune Ndoye,3009.0,71,21.5,60.9,0.0306,block,right-foot,regular,sofascore
14131873,252095,Tiago Silva,3009.0,69,11.5,50.0,0.7884,goal,right-foot,penalty,sofascore
14131873,846416,Rodrigo Abascal,4500.0,61,6.2,34.0,,goal,right-foot,regular,sofascore
14131873,42898,Nélson Oliveira,3009.0,52,5.2,53.7,0.212,goal,head,assisted,sofascore
14131873,920684,Jordan Holsgrove,4500.0,51,24.1,63.8,0.0094,save,left-foot,set-piece,sofascore
14131873,252095,Tiago Silva,3009.0,46,15.7,49.8,0.0321,miss,right-foot,regular,sofascore
14131873,1131048,Tomás Händel,3009.0,45,17.6,58.5,0.0434,block,left-foot,corner,sofascore
14131873,1066233,Miguel Nóbrega,3009.0,45,4.3,70.1,0.0202,miss,right-foot,set-piece,sofascore
14131873,1066233,Miguel Nóbrega,3009.0,42,6.4,44.9,0.3065,goal,head,set-piece,sofascore
14131873,930552,Nuno Santos,3009.0,42,11.4,55.3,0.0319,miss,head,set-piece,sofascore
14131873,920684,Jordan Holsgrove,4500.0,40,24.8,56.0,0.0303,miss,left-foot,throw-in-set-piece,sofascore
14131873,1001313,Nodar Lominadze,4500.0,39,18.8,38.2,0.039,miss,right-foot,assisted,sofascore
14131873,1403144,Tiago Parente,4500.0,32,13.8,47.9,0.1581,miss,right-foot,throw-in-set-piece,sofascore
14131873,920684,Jordan Holsgrove,4500.0,27,29.4,48.9,0.0342,block,left-foot,free-kick,sofascore
14131873,930246,Yanis Begraoui,4500.0,22,21.8,64.1,0.0286,save,right-foot,assisted,sofascore
14131873,826210,Rafik Guitane,4500.0,19,7.7,52.0,0.3264,goal,left-foot,throw-in-set-piece,sofascore
14131873,930246,Yanis Begraoui,4500.0,19,9.5,46.0,0.2022,save,left-foot,throw-in-set-piece,sofascore
14131873,548044,João Carvalho,4500.0,15,14.4,45.0,0.1382,save,left-foot,regular,sofascore
14131873,1133568,João Mendes,3009.0,10,22.0,27.2,0.0174,miss,left-foot,assisted,sofascore
14131876,998870,Henrique Araújo,3006.0,90,12.6,37.7,0.116,save,left-foot,assisted,sofascore
14131876,801339,Rodrigo Pinho,3035.0,90,26.8,33.1,0.0327,miss,left-foot,free-kick,sofascore
14131876,869875,Kikas,3035.0,90,15.4,46.2,0.241,miss,right-foot,assisted,sofascore
14131876,801339,Rodrigo Pinho,3035.0,86,29.7,49.5,0.0148,miss,left-foot,assisted,sofascore
14131876,1201395,Gianluca Prestianni,3006.0,81,18.4,49.5,0.0442,block,right-foot,corner,sofascore
14131876,1103333,Franjo Ivanović,3006.0,80,11.1,58.5,0.1136,save,left-foot,assisted,sofascore
14131876,1015292,Richard Ríos,3006.0,79,26.6,38.8,0.0387,block,right-foot,free-kick,sofascore
14131876,1015292,Richard Ríos,3006.0,76,13.6,39.5,0.0748,miss,left-foot,assisted,sofascore
14131876,845802,Jovane Cabral,3035.0,67,24.8,35.8,0.0398,miss,left-foot,assisted,sofascore
14131876,1117723,Sidny Lopes Cabral,3035.0,62,14.1,58.9,0.0519,block,right-foot,assisted,sofascore
14131876,795236,Vangelis Pavlidis,3006.0,60,11.5,50.0,0.7884,goal,right-foot,penalty,sofascore
14131876,1015993,Alan Godoy,3035.0,55,8.5,54.5,0.1962,miss,head,set-piece,sofascore
14131876,1117723,Sidny Lopes Cabral,3035.0,55,26.4,65.4,0.0346,save,left-foot,free-kick,sofascore
14131876,795236,Vangelis Pavlidis,3006.0,50,23.8,42.3,0.0258,miss,right-foot,assisted,sofascore
14131876,845802,Jovane Cabral,3035.0,48,23.3,48.2,0.0344,block,left-foot,assisted,sofascore
14131876,845802,Jovane Cabral,3035.0,47,23.3,4.9,0.0352,miss,right-foot,free-kick,sofascore
14131876,1100952,Andreas Schjelderup,3006.0,43,8.3,41.3,0.1465,block,right-foot,fast-break,sofascore
14131876,1015292,Richard Ríos,3006.0,41,15.2,63.7,0.0407,miss,right-foot,assisted,sofascore
14131876,845802,Jovane Cabral,3035.0,39,24.8,43.6,0.0197,miss,right-foot,corner,sofascore
14131876,2155956,João Gastão,3035.0,38,23.0,40.5,0.0474,save,right-foot,assisted,sofascore
14131876,795236,Vangelis Pavlidis,3006.0,27,4.2,51.9,0.782,miss,right-foot,assisted,sofascore
14131876,228364,Fredrik Aursnes,3006.0,27,10.7,61.7,0.1305,miss,right-foot,assisted,sofascore
14131876,1031642,Atanas Chernev,3035.0,24,4.0,47.8,0.5617,miss,right-foot,set-piece,sofascore
14131876,845802,Jovane Cabral,3035.0,21,22.5,56.0,0.0218,miss,right-foot,corner,sofascore
14131876,1015993,Alan Godoy,3035.0,20,21.9,47.8,0.0711,block,right-foot,fast-break,sofascore
14131876,993101,Samuel Dahl,3006.0,17,24.3,41.6,0.0209,miss,left-foot,assisted,sofascore
14131876,993101,Samuel Dahl,3006.0,12,19.0,33.7,0.0406,miss,left-foot,corner,sofascore
14131876,1090646,Paulo Moreira,3035.0,4,14.2,70.3,0.0173,block,right-foot,throw-in-set-piece,sofascore
14131872,1467139,Francisco Petrasso,3036.0,90,14.5,50.5,0.0181,save,head,set-piece,sofascore
14131872,233370,João Novais,3036.0,90,32.0,41.2,0.0274,block,right-foot,free-kick,sofascore
14131872,851030,Filipe Soares,3013.0,87,20.0,64.2,0.0224,block,right-foot,regular,sofascore
14131872,987597,Jesús Ramírez,3013.0,83,19.1,36.6,0.0434,goal,right-foot,assisted,sofascore
14131872,946909,Georgios Liavas,3036.0,82,21.5,73.8,0.0071,miss,right-foot,corner,sofascore
14131872,860683,Marc Gual,3036.0,82,13.8,71.6,0.0413,block,right-foot,corner,sofascore
14131872,233370,João Novais,3036.0,80,26.0,27.8,0.0315,save,right-foot,free-kick,sofascore
14131872,1196014,Antonis Papakanellos,3036.0,76,14.1,32.9,0.0334,block,right-foot,fast-break,sofascore
14131872,912781,Paulinho Bóia,3013.0,66,8.2,31.3,0.0574,save,left-foot,regular,sofascore
14131872,233370,João Novais,3036.0,66,18.2,31.9,0.0325,save,right-foot,regular,sofascore
14131872,1133282,André Luiz,3036.0,66,25.7,56.2,0.0376,save,left-foot,fast-break,sofascore
14131872,822509,Léo Santos,3013.0,65,4.0,62.2,0.0406,post,head,set-piece,sofascore
14131872,1133282,André Luiz,3036.0,60,18.2,55.2,0.0703,save,left-foot,assisted,sofascore
14131872,1011997,Chiheb Labidi,3013.0,57,4.3,35.2,0.0635,block,left-foot,assisted,sofascore
14131872,1133282,André Luiz,3036.0,56,8.3,70.8,0.0448,miss,left-foot,corner,sofascore
14131872,1530274,Pablo Ruan,3013.0,53,8.3,56.0,0.0566,block,head,assisted,sofascore
14131872,1017023,Clayton,3036.0,51,10.2,60.6,0.2667,save,right-foot,fast-break,sofascore
14131872,1133282,André Luiz,3036.0,49,6.7,70.8,0.0152,miss,right-foot,regular,sofascore
14131872,848521,Marios Vrousai,3036.0,49,21.0,74.2,0.0209,block,left-foot,assisted,sofascore
14131872,1100204,Nikolaos Athanasiou,3036.0,47,26.1,30.0,0.0095,block,right-foot,corner,sofascore
14131872,1133282,André Luiz,3036.0,47,14.1,53.1,0.1406,block,left-foot,fast-break,sofascore
14131872,987597,Jesús Ramírez,3013.0,45,9.5,55.0,0.0483,save,head,throw-in-set-piece,sofascore
14131872,1112474,Ze Vitor,3013.0,45,32.2,48.1,0.0122,save,left-foot,assisted,sofascore
14131872,987597,Jesús Ramírez,3013.0,39,11.1,55.0,0.0198,block,head,corner,sofascore
14131872,1133282,André Luiz,3036.0,38,26.0,49.1,0.0095,save,right-foot,set-piece,sofascore
14131872,930273,Olinho,3036.0,38,14.3,17.1,0.0411,save,right-foot,free-kick,sofascore
14131872,1011997,Chiheb Labidi,3013.0,29,15.1,48.1,0.0642,save,left-foot,regular,sofascore
14131872,44684,João Aurélio,3013.0,19,21.3,46.6,0.0266,block,right-foot,throw-in-set-piece,sofascore
14131872,1133282,André Luiz,3036.0,15,6.4,58.1,0.1391,block,left-foot,fast-break,sofascore
14131872,1017023,Clayton,3036.0,13,3.5,54.3,0.3341,goal,right-foot,assisted,sofascore
14131872,1020203,Brandon Aguilera,3036.0,10,22.1,52.4,0.0469,miss,left-foot,assisted,sofascore
14131872,1011997,Chiheb Labidi,3013.0,2,5.1,42.3,0.2282,save,left-foot,assisted,sofascore
14131871,1188685,Yan Maranhão,3014.0,90,9.4,62.4,0.3408,miss,right-foot,assisted,sofascore
14131871,1105841,Matheus Araújo,3011.0,88,12.7,47.6,0.0194,save,head,set-piece,sofascore
14131871,1511976,João Costa,3011.0,79,5.5,58.3,0.1683,save,right-foot,assisted,sofascore
14131871,1105841,Matheus Araújo,3011.0,79,26.0,60.7,0.0481,miss,left-foot,free-kick,sofascore
14131871,1166006,Mateja Stjepanović,3014.0,69,22.8,58.5,0.0356,miss,left-foot,assisted,sofascore
14131871,989383,Adriano Firmino,3011.0,58,28.3,45.9,0.017,miss,right-foot,regular,sofascore
14131871,905455,Alan,3014.0,54,20.3,32.5,0.0595,miss,right-foot,free-kick,sofascore
14131871,1105841,Matheus Araújo,3011.0,48,10.4,28.8,0.0316,save,left-foot,assisted,sofascore
14131871,856119,Guilherme Schettine,3014.0,45,9.6,49.0,0.6475,save,right-foot,assisted,sofascore
14131871,851277,Pedro Ferreira,3011.0,41,8.2,62.4,0.0627,block,right-foot,assisted,sofascore
14131871,937265,Wendel,3011.0,38,8.3,47.0,0.1676,miss,head,regular,sofascore
14131871,1019184,Serginho,3011.0,37,30.0,72.2,0.0154,block,right-foot,assisted,sofascore
14131871,141012,Luís Rocha,3011.0,36,11.9,44.2,0.0164,miss,head,corner,sofascore
14131871,937265,Wendel,3011.0,35,5.7,67.7,0.0224,block,right-foot,corner,sofascore
14131871,1019184,Serginho,3011.0,27,33.0,47.4,0.0162,miss,right-foot,assisted,sofascore
14131871,856119,Guilherme Schettine,3014.0,8,8.8,52.8,0.4359,goal,right-foot,assisted,sofascore
14131871,937265,Wendel,3011.0,3,9.4,58.9,0.046,miss,head,assisted,sofascore
14131869,1528310,Tiago Leite,190328.0,90,4.8,54.6,0.4617,miss,right-foot,assisted,sofascore
14131869,904849,Nabil Touaizi,190328.0,90,16.3,64.6,0.032,miss,right-foot,corner,sofascore
14131869,913033,Diogo Martins,190328.0,90,8.3,67.9,0.0555,save,right-foot,fast-break,sofascore
14131869,1528310,Tiago Leite,190328.0,88,8.6,44.6,0.6092,post,right-foot,fast-break,sofascore
14131869,1128560,Roger Fernandes,2999.0,86,22.2,71.8,0.0285,miss,left-foot,assisted,sofascore
14131869,1119693,Tomás Mendes,190328.0,84,23.7,56.6,0.0369,miss,right-foot,assisted,sofascore
14131869,966575,Rodrigo Zalazar,2999.0,80,18.5,34.6,0.0244,miss,right-foot,corner,sofascore
14131869,1006865,Leonardo Lelo,2999.0,79,7.9,48.3,0.1439,block,left-foot,regular,sofascore
14131869,966575,Rodrigo Zalazar,2999.0,78,22.2,22.7,0.0325,block,right-foot,free-kick,sofascore
14131869,1128560,Roger Fernandes,2999.0,74,6.3,69.1,0.0795,save,right-foot,assisted,sofascore
14131869,1528310,Tiago Leite,190328.0,74,18.7,60.9,0.0959,save,right-foot,fast-break,sofascore
14131869,877918,Victor Gómez,2999.0,68,20.0,70.7,0.0199,save,right-foot,assisted,sofascore
14131869,1100957,Marko Milovanović,190328.0,61,12.5,33.6,0.3117,miss,left-foot,fast-break,sofascore
14131869,1405454,Cédric Nuozzi,190328.0,55,11.4,45.6,0.0836,block,right-foot,throw-in-set-piece,sofascore
14131869,1015826,Chiquinho,190328.0,49,13.2,62.6,0.2371,miss,right-foot,fast-break,sofascore
14131869,1100957,Marko Milovanović,190328.0,38,8.3,62.4,0.0292,block,right-foot,throw-in-set-piece,sofascore
14131869,1014048,Amine El Ouazzani,2999.0,36,11.5,50.0,0.7884,goal,left-foot,penalty,sofascore
14131869,887754,Vítor Carvalho,2999.0,32,7.9,57.5,0.0337,block,head,corner,sofascore
14131869,1128560,Roger Fernandes,2999.0,27,24.7,70.1,0.025,miss,left-foot,assisted,sofascore
14131869,1015826,Chiquinho,190328.0,20,22.6,32.7,0.0292,block,right-foot,fast-break,sofascore
14131869,314380,Ricardo Horta,2999.0,14,7.0,43.6,0.2291,goal,left-foot,assisted,sofascore
14131869,1184326,Diego Rodrigues,2999.0,11,27.7,54.8,0.035,goal,right-foot,assisted,sofascore
14131869,1100957,Marko Milovanović,190328.0,7,6.9,34.0,0.2278,save,left-foot,assisted,sofascore
14131869,314380,Ricardo Horta,2999.0,2,13.9,36.8,0.0599,save,right-foot,regular,sofascore
14131874,913728,Ivan Barbero,25777.0,90,20.3,67.6,0.0285,block,right-foot,assisted,sofascore
14131874,1126512,Zeno Debast,3001.0,90,21.6,35.4,0.0158,miss,right-foot,corner,sofascore
14131874,1403165,Geovany Quenda,3001.0,87,23.3,55.7,0.0838,save,left-foot,assisted,sofascore
14131874,1000680,Miguel Puche,25777.0,83,23.8,54.8,0.0288,save,left-foot,assisted,sofascore
14131874,830431,Francisco Trincão,3001.0,81,22.0,56.0,0.0437,block,left-foot,assisted,sofascore
14131874,830431,Francisco Trincão,3001.0,76,14.9,63.2,0.0214,goal,left-foot,corner,sofascore
14131874,1494826,Conrad Harder,3001.0,75,11.6,59.9,0.3196,save,right-foot,assisted,sofascore
14131874,982610,Amadou Dante,25777.0,69,11.0,22.7,0.0191,miss,right-foot,assisted,sofascore
14131874,859917,Morten Hjulmand,3001.0,67,31.7,27.9,0.0081,miss,right-foot,assisted,sofascore
14131874,914213,Luis Javier Suárez,3001.0,62,10.5,29.8,0.0995,goal,left-foot,assisted,sofascore
14131874,914213,Luis Javier Suárez,3001.0,59,5.8,46.4,0.4859,miss,head,assisted,sofascore
14131874,1105857,Taichi Fukui,25777.0,55,19.9,25.0,0.0209,block,right-foot,regular,sofascore
14131874,878496,Ricardo Mangas,3001.0,50,8.4,45.5,0.4649,goal,left-foot,assisted,sofascore
14131874,830431,Francisco Trincão,3001.0,50,24.0,46.0,0.028,block,right-foot,assisted,sofascore
14131874,895764,Pedro Gonçalves,3001.0,49,15.2,62.2,0.0728,miss,right-foot,assisted,sofascore
14131874,895764,Pedro Gonçalves,3001.0,48,25.4,36.6,0.0221,miss,right-foot,assisted,sofascore
14131874,830431,Francisco Trincão,3001.0,45,15.8,36.6,0.094,goal,left-foot,assisted,sofascore
14131874,1126512,Zeno Debast,3001.0,45,32.0,63.1,0.0161,save,right-foot,assisted,sofascore
14131874,895764,Pedro Gonçalves,3001.0,42,9.9,43.8,0.1413,miss,right-foot,regular,sofascore
14131874,914213,Luis Javier Suárez,3001.0,42,11.2,53.4,0.1044,block,right-foot,assisted,sofascore
14131874,914213,Luis Javier Suárez,3001.0,31,11.5,50.0,0.7884,goal,right-foot,penalty,sofascore
14131874,955133,Naïs Djouahra,25777.0,23,30.4,30.4,0.0228,miss,right-foot,fast-break,sofascore
14131874,878496,Ricardo Mangas,3001.0,20,10.7,36.4,0.1532,goal,left-foot,regular,sofascore
14131874,955133,Naïs Djouahra,25777.0,15,22.5,53.9,0.0497,block,right-foot,assisted,sofascore
14131874,982610,Amadou Dante,25777.0,4,18.8,29.7,0.0475,miss,left-foot,assisted,sofascore
14131870,949449,Sergio Bermejo,3010.0,90,25.7,57.0,0.0662,block,left-foot,free-kick,sofascore
14131870,1410240,Rodrigo Mora,3002.0,90,8.2,37.4,0.4382,miss,left-foot,fast-break,sofascore
14131870,1410240,Rodrigo Mora,3002.0,84,10.5,31.1,0.0421,save,right-foot,assisted,sofascore
14131870,949449,Sergio Bermejo,3010.0,83,11.7,32.5,0.0336,miss,left-foot,assisted,sofascore
14131870,1799336,Agustín Moreira,3010.0,74,22.5,32.7,0.0113,miss,left-foot,set-piece,sofascore
14131870,1084746,Santi García,3010.0,73,3.6,41.1,0.0814,block,head,set-piece,sofascore
14131870,1101174,Pablo Felipe,3010.0,70,11.7,43.0,0.0477,miss,head,assisted,sofascore
14131870,1639250,William Gomes,3002.0,68,19.5,28.4,0.0302,miss,left-foot,assisted,sofascore
14131870,886223,Stephen Eustaquio,3002.0,63,14.2,62.6,0.0549,miss,left-foot,corner,sofascore
14131870,1639250,William Gomes,3002.0,63,12.2,51.9,0.0834,block,left-foot,corner,sofascore
14131870,1160957,Alberto Costa,3002.0,63,15.8,64.6,0.0349,block,right-foot,assisted,sofascore
14131870,1097527,Luís Esteves,3010.0,62,13.8,48.1,0.0841,block,right-foot,regular,sofascore
14131870,1010505,Gabri Veiga,3002.0,57,25.4,41.9,0.0523,miss,right-foot,fast-break,sofascore
14131870,987510,Zaidu Sanusi,3002.0,54,17.5,19.5,0.0152,miss,left-foot,fast-break,sofascore
14131870,1097527,Luís Esteves,3010.0,50,23.7,41.5,0.0609,save,right-foot,free-kick,sofascore
14131870,882664,Pepê,3002.0,47,7.5,51.0,0.3295,goal,left-foot,assisted,sofascore
14131870,1097527,Luís Esteves,3010.0,42,13.5,55.8,0.0967,miss,right-foot,corner,sofascore
14131870,800348,Jonathan Buatu,3010.0,41,3.6,54.6,0.2222,save,right-foot,set-piece,sofascore
14131870,1097527,Luís Esteves,3010.0,34,13.9,55.4,0.1271,miss,right-foot,regular,sofascore
14131870,949449,Sergio Bermejo,3010.0,34,13.3,60.1,0.0721,block,left-foot,assisted,sofascore
14131870,949449,Sergio Bermejo,3010.0,32,8.5,59.3,0.0656,miss,head,assisted,sofascore
14131870,882664,Pepê,3002.0,26,16.6,63.9,0.0786,miss,left-foot,assisted,sofascore
14131870,1503836,Samu Aghehowa,3002.0,24,10.6,50.5,0.0725,miss,right-foot,assisted,sofascore
14131870,1406639,Victor Froholdt,3002.0,20,3.3,45.2,0.3377,goal,head,corner,sofascore
14131870,1503836,Samu Aghehowa,3002.0,20,11.7,55.4,0.0905,miss,right-foot,assisted,sofascore
14131870,1010505,Gabri Veiga,3002.0,18,13.0,32.7,0.0364,block,right-foot,fast-break,sofascore
14131870,949449,Sergio Bermejo,3010.0,17,23.2,64.2,0.0609,miss,left-foot,free-kick,sofascore
14131870,992567,Borja Sainz,3002.0,12,19.2,38.3,0.0302,save,right-foot,assisted,sofascore
14131885,1035280,Telmo Arcanjo,3009.0,90,25.4,78.5,0.0106,save,left-foot,assisted,sofascore
14131885,1563640,Oumar Camara,3009.0,90,22.3,24.6,0.0182,miss,right-foot,set-piece,sofascore
14131885,910033,Cedric Teguia,3014.0,89,14.7,64.2,0.0892,miss,left-foot,assisted,sofascore
14131885,846416,Rodrigo Abascal,3009.0,82,12.3,67.9,0.032,miss,left-foot,corner,sofascore
14131885,1160980,Dinis Pinto,3014.0,73,7.4,55.8,0.0682,save,head,corner,sofascore
14131885,1063255,Alioune Ndoye,3009.0,71,11.4,43.6,0.0314,miss,head,assisted,sofascore
14131885,1131048,Tomás Händel,3009.0,69,19.4,44.2,0.0379,miss,left-foot,set-piece,sofascore
14131885,252095,Tiago Silva,3009.0,64,26.6,43.2,0.0469,save,right-foot,free-kick,sofascore
14131885,1166006,Mateja Stjepanović,3014.0,56,3.9,37.4,0.0241,post,head,corner,sofascore
14131885,856119,Guilherme Schettine,3014.0,55,7.6,44.0,0.1505,block,left-foot,assisted,sofascore
14131885,856119,Guilherme Schettine,3014.0,49,3.5,54.2,0.4109,goal,head,fast-break,sofascore
14131885,856119,Guilherme Schettine,3014.0,47,4.8,51.7,0.6441,goal,right-foot,assisted,sofascore
14131885,910033,Cedric Teguia,3014.0,47,15.6,64.8,0.0715,block,left-foot,assisted,sofascore
14131885,930552,Nuno Santos,3009.0,45,24.1,39.7,0.0244,block,right-foot,throw-in-set-piece,sofascore
14131885,1166006,Mateja Stjepanović,3014.0,45,25.3,50.5,0.0199,save,right-foot,assisted,sofascore
14131885,905455,Alan,3014.0,42,60.8,46.8,0.017,miss,right-foot,fast-break,sofascore
14131885,252095,Tiago Silva,3009.0,39,26.5,65.7,0.0232,block,right-foot,assisted,sofascore
14131885,1066233,Miguel Nóbrega,3009.0,34,10.9,56.4,0.0299,miss,head,set-piece,sofascore
14131885,1082948,Kiko Bondoso,3014.0,13,20.0,38.0,0.0432,block,right-foot,assisted,sofascore
14131885,1133568,João Mendes,3009.0,2,20.1,21.7,0.0214,save,left-foot,corner,sofascore
14131885,42898,Nélson Oliveira,3009.0,1,1.5,30.1,0.0162,save,left-foot,assisted,sofascore
14131877,895764,Pedro Gonçalves,3001.0,90,18.1,45.2,0.0809,goal,right-foot,assisted,sofascore
14131877,830431,Francisco Trincão,3001.0,87,15.7,57.2,0.0911,miss,right-foot,assisted,sofascore
14131877,1494826,Conrad Harder,3001.0,83,4.8,39.5,0.2388,goal,left-foot,assisted,sofascore
14131877,253837,Lucas João,3013.0,81,2.6,51.1,0.3849,save,head,corner,sofascore
14131877,895764,Pedro Gonçalves,3001.0,76,20.4,37.7,0.0702,goal,right-foot,assisted,sofascore
14131877,1001196,Gonçalo Inácio,3001.0,74,23.6,34.2,0.023,block,left-foot,assisted,sofascore
14131877,830431,Francisco Trincão,3001.0,72,27.2,45.5,0.0137,block,left-foot,assisted,sofascore
14131877,895764,Pedro Gonçalves,3001.0,65,10.8,38.0,0.0897,miss,right-foot,regular,sofascore
14131877,830431,Francisco Trincão,3001.0,65,11.5,59.6,0.0582,block,left-foot,regular,sofascore
14131877,914213,Luis Javier Suárez,3001.0,65,7.0,55.7,0.1986,block,right-foot,assisted,sofascore
14131877,1001196,Gonçalo Inácio,3001.0,56,11.0,52.7,0.0347,save,head,corner,sofascore
14131877,886402,Giorgi Kochorashvili,3001.0,56,24.9,43.3,0.0253,block,left-foot,assisted,sofascore
14131877,895764,Pedro Gonçalves,3001.0,52,8.9,55.6,0.2321,goal,right-foot,fast-break,sofascore
14131877,914213,Luis Javier Suárez,3001.0,51,15.8,30.5,0.0248,miss,right-foot,set-piece,sofascore
14131877,830431,Francisco Trincão,3001.0,51,19.5,65.4,0.0747,block,left-foot,free-kick,sofascore
14131877,914213,Luis Javier Suárez,3001.0,49,21.4,34.5,0.0432,miss,left-foot,assisted,sofascore
14131877,1126512,Zeno Debast,3001.0,45,34.3,55.1,0.0162,miss,right-foot,assisted,sofascore
14131877,895764,Pedro Gonçalves,3001.0,45,10.4,40.9,0.0968,save,left-foot,corner,sofascore
14131877,859917,Morten Hjulmand,3001.0,45,9.4,61.1,0.0578,block,left-foot,corner,sofascore
14131877,1020610,Matheus Dias,3013.0,44,6.1,55.0,0.255,miss,head,set-piece,sofascore
14131877,859917,Morten Hjulmand,3001.0,43,10.7,47.4,0.0655,miss,head,assisted,sofascore
14131877,1126512,Zeno Debast,3001.0,40,18.3,51.2,0.2,block,right-foot,free-kick,sofascore
14131877,895764,Pedro Gonçalves,3001.0,34,14.8,28.9,0.0338,miss,right-foot,throw-in-set-piece,sofascore
14131877,830431,Francisco Trincão,3001.0,27,13.1,49.4,0.1318,miss,right-foot,fast-break,sofascore
14131877,895764,Pedro Gonçalves,3001.0,22,28.6,35.1,0.0139,block,right-foot,assisted,sofascore
14131877,1001140,Geny Catamo,3001.0,19,17.9,51.3,0.1125,save,left-foot,regular,sofascore
14131877,895764,Pedro Gonçalves,3001.0,11,14.2,39.4,0.1058,post,right-foot,corner,sofascore
14131877,914213,Luis Javier Suárez,3001.0,9,5.7,55.5,0.1612,miss,right-foot,assisted,sofascore
14131877,822509,Léo Santos,3013.0,3,9.5,56.0,0.0232,goal,head,corner,sofascore
14131878,955133,Naïs Djouahra,25777.0,90,15.0,36.2,0.0229,goal,right-foot,assisted,sofascore
14131878,1191120,Hyun-ju Lee,25777.0,90,9.4,72.4,0.0318,save,right-foot,assisted,sofascore
14131878,848521,Marios Vrousai,3036.0,87,7.9,31.0,0.0431,save,right-foot,assisted,sofascore
14131878,973517,Alfonso Trezza,25777.0,84,14.9,63.7,0.0543,block,right-foot,assisted,sofascore
14131878,1116649,Brian Mansilla,25777.0,80,7.4,68.1,0.0349,miss,left-foot,regular,sofascore
14131878,1191120,Hyun-ju Lee,25777.0,78,24.9,52.2,0.0282,save,left-foot,assisted,sofascore
14131878,1017023,Clayton,3036.0,76,13.4,54.9,0.3114,goal,right-foot,assisted,sofascore
14131878,973517,Alfonso Trezza,25777.0,75,10.1,49.5,0.0524,goal,head,regular,sofascore
14131878,1020203,Brandon Aguilera,3036.0,67,4.5,67.0,0.0501,save,left-foot,set-piece,sofascore
14131878,826024,Dario Špikić,3036.0,64,3.6,55.8,0.4962,goal,right-foot,assisted,sofascore
14131878,964609,Jose Fontán,25777.0,63,11.5,56.6,0.0229,miss,head,set-piece,sofascore
14131878,955133,Naïs Djouahra,25777.0,56,11.8,37.7,0.0749,save,right-foot,regular,sofascore
14131878,1100204,Nikolaos Athanasiou,3036.0,54,14.6,34.3,0.0271,miss,left-foot,assisted,sofascore
14131878,1191120,Hyun-ju Lee,25777.0,53,16.4,26.8,0.0249,miss,right-foot,assisted,sofascore
14131878,1133282,André Luiz,3036.0,51,21.9,79.1,0.0141,miss,left-foot,assisted,sofascore
14131878,1017023,Clayton,3036.0,48,11.7,60.1,0.0692,goal,right-foot,assisted,sofascore
14131878,1133282,André Luiz,3036.0,45,13.4,67.9,0.0515,miss,left-foot,assisted,sofascore
14131878,1020203,Brandon Aguilera,3036.0,41,20.0,87.9,0.0262,save,left-foot,free-kick,sofascore
14131878,848521,Marios Vrousai,3036.0,35,13.5,62.6,0.0638,block,left-foot,regular,sofascore
14131878,1017023,Clayton,3036.0,35,13.1,32.4,0.0233,block,left-foot,assisted,sofascore
14131878,913728,Ivan Barbero,25777.0,30,7.5,44.3,0.0692,miss,head,regular,sofascore
14131878,1191120,Hyun-ju Lee,25777.0,29,18.4,51.9,0.1105,block,right-foot,assisted,sofascore
14131878,1014259,Pedro Santos,25777.0,28,25.3,57.7,0.0151,miss,right-foot,regular,sofascore
14131878,930273,Olinho,3036.0,26,18.1,32.5,0.0283,save,right-foot,fast-break,sofascore
14131878,964609,Jose Fontán,25777.0,24,12.6,55.9,0.0974,goal,left-foot,corner,sofascore
14131878,1100204,Nikolaos Athanasiou,3036.0,20,7.9,29.1,0.0333,miss,left-foot,assisted,sofascore
14131878,930273,Olinho,3036.0,20,13.9,57.5,0.0983,block,right-foot,regular,sofascore
14131878,1017023,Clayton,3036.0,12,14.7,45.2,0.2077,miss,right-foot,fast-break,sofascore
14131878,902050,Boris Popović,25777.0,6,12.7,44.7,0.0146,miss,head,corner,sofascore
14131880,1201395,Gianluca Prestianni,3006.0,90,9.7,59.5,0.175,block,right-foot,assisted,sofascore
14131880,1015292,Richard Ríos,3006.0,90,5.8,60.1,0.1065,save,right-foot,assisted,sofascore
14131880,1100596,Xabi Huarte,38396.0,90,13.9,48.3,0.1353,save,right-foot,regular,sofascore
14131880,795236,Vangelis Pavlidis,3006.0,89,6.4,63.4,0.1655,save,right-foot,regular,sofascore
14131880,903324,Kerem Aktürkoğlu,3006.0,81,5.4,30.9,0.1027,save,left-foot,fast-break,sofascore
14131880,1201395,Gianluca Prestianni,3006.0,72,18.9,61.1,0.0541,miss,left-foot,assisted,sofascore
14131880,795236,Vangelis Pavlidis,3006.0,70,9.5,42.8,0.0335,miss,head,corner,sofascore
14131880,795236,Vangelis Pavlidis,3006.0,69,7.9,41.6,0.0954,block,left-foot,assisted,sofascore
14131880,879917,Maranhão,38396.0,63,13.8,64.0,0.0603,save,right-foot,assisted,sofascore
14131880,1015292,Richard Ríos,3006.0,56,5.8,42.7,0.0706,miss,head,corner,sofascore
14131880,74915,Nicolás Otamendi,3006.0,55,10.7,55.8,0.0223,save,head,corner,sofascore
14131880,879917,Maranhão,38396.0,54,18.2,74.8,0.0438,miss,right-foot,free-kick,sofascore
14131880,1015292,Richard Ríos,3006.0,44,14.4,57.9,0.0929,block,right-foot,fast-break,sofascore
14131880,228364,Fredrik Aursnes,3006.0,42,11.1,67.7,0.1261,goal,right-foot,assisted,sofascore
14131880,1103333,Franjo Ivanović,3006.0,40,10.8,65.5,0.3575,save,right-foot,assisted,sofascore
14131880,1807776,Yarlen,38396.0,39,20.1,70.9,0.0198,block,left-foot,assisted,sofascore
14131880,795236,Vangelis Pavlidis,3006.0,38,4.6,53.8,0.6471,miss,right-foot,assisted,sofascore
14131880,1015292,Richard Ríos,3006.0,37,27.2,63.8,0.0215,save,right-foot,assisted,sofascore
14131880,1103333,Franjo Ivanović,3006.0,31,8.5,68.7,0.2854,goal,right-foot,assisted,sofascore
14131880,228364,Fredrik Aursnes,3006.0,30,11.1,65.4,0.0738,block,right-foot,assisted,sofascore
14131880,1111880,Emmanuel Maviram,38396.0,26,14.3,82.1,0.041,save,left-foot,free-kick,sofascore
14131880,879917,Maranhão,38396.0,24,9.4,76.3,0.0099,block,right-foot,corner,sofascore
14131880,879917,Maranhão,38396.0,23,14.8,70.1,0.0421,block,right-foot,fast-break,sofascore
14131880,1133070,Tiago Manso,38396.0,16,14.1,66.2,0.0258,save,right-foot,assisted,sofascore
14131880,795236,Vangelis Pavlidis,3006.0,12,4.8,69.1,0.0487,save,right-foot,assisted,sofascore
14131880,584158,João Afonso,38396.0,3,7.9,49.5,0.0948,miss,head,set-piece,sofascore
14131880,1015292,Richard Ríos,3006.0,1,7.0,41.3,0.04,miss,head,corner,sofascore
14131880,1103333,Franjo Ivanović,3006.0,1,7.6,69.7,0.055,save,right-foot,assisted,sofascore
14131879,1799336,Agustín Moreira,3010.0,90,15.3,31.7,0.0345,block,left-foot,regular,sofascore
14131879,1105595,Sorriso,49531.0,90,7.9,47.2,0.171,miss,right-foot,assisted,sofascore
14131879,989837,Facundo Cáseres,3010.0,84,2.4,56.6,0.2836,save,right-foot,corner,sofascore
14131879,800348,Jonathan Buatu,3010.0,84,8.3,50.7,0.0758,miss,head,corner,sofascore
14131879,611880,Murilo,3010.0,79,22.9,65.0,0.0176,save,left-foot,regular,sofascore
14131879,1799336,Agustín Moreira,3010.0,79,22.6,32.7,0.0102,block,right-foot,corner,sofascore
14131879,1105595,Sorriso,49531.0,73,11.6,35.0,0.06,miss,right-foot,fast-break,sofascore
14131879,1097527,Luís Esteves,3010.0,72,20.4,33.3,0.0293,block,right-foot,regular,sofascore
14131879,1049526,Simon Elisor,49531.0,66,11.2,60.5,0.0271,save,head,set-piece,sofascore
14131879,1511656,Mathias De Amorim,49531.0,64,11.3,76.5,0.0061,miss,right-foot,corner,sofascore
14131879,1001662,Zé Carlos,3010.0,58,18.1,54.6,0.0916,miss,right-foot,assisted,sofascore
14131879,831781,Ghislain Konan,3010.0,58,8.8,35.6,0.1019,save,right-foot,assisted,sofascore
14131879,1563665,Gustavo Sá,49531.0,57,39.7,37.2,0.014,miss,right-foot,regular,sofascore
14131879,583838,Gil Dias,49531.0,56,19.1,68.3,0.037,miss,left-foot,fast-break,sofascore
14131879,1101174,Pablo Felipe,3010.0,55,19.1,36.8,0.0441,save,right-foot,assisted,sofascore
14131879,1097527,Luís Esteves,3010.0,54,21.8,26.4,0.0166,save,right-foot,assisted,sofascore
14131879,1049526,Simon Elisor,49531.0,53,6.6,31.5,0.0456,save,left-foot,throw-in-set-piece,sofascore
14131879,1084746,Santi García,3010.0,52,1.6,34.5,0.0095,miss,left-foot,corner,sofascore
14131879,1101174,Pablo Felipe,3010.0,52,4.6,44.6,0.1362,block,head,corner,sofascore
14131879,583838,Gil Dias,49531.0,48,14.1,75.6,0.0151,miss,left-foot,assisted,sofascore
14131879,949449,Sergio Bermejo,3010.0,45,5.4,65.0,0.0223,save,head,assisted,sofascore
14131879,583838,Gil Dias,49531.0,45,8.5,69.4,0.0249,miss,left-foot,assisted,sofascore
14131879,1097527,Luís Esteves,3010.0,39,21.2,35.6,0.0359,save,right-foot,throw-in-set-piece,sofascore
14131879,1083277,Martin Fernández,3010.0,37,8.3,36.7,0.0684,miss,right-foot,assisted,sofascore
14131879,1101174,Pablo Felipe,3010.0,36,2.0,46.8,0.3174,block,head,corner,sofascore
14131879,831781,Ghislain Konan,3010.0,35,2.3,29.3,0.0237,save,left-foot,assisted,sofascore
14131879,1097527,Luís Esteves,3010.0,30,19.4,51.1,0.0376,miss,right-foot,corner,sofascore
14131879,1049526,Simon Elisor,49531.0,17,15.0,57.8,0.0771,save,left-foot,assisted,sofascore
14131879,1105595,Sorriso,49531.0,17,18.1,29.3,0.032,block,right-foot,assisted,sofascore
14131879,1084746,Santi García,3010.0,9,6.9,39.5,0.0243,miss,head,corner,sofascore
14131879,1084746,Santi García,3010.0,1,23.4,48.9,0.064,miss,right-foot,assisted,sofascore
14131882,158597,Sebastián Pérez,36365.0,80,25.1,60.7,0.0149,block,right-foot,corner,sofascore
14131882,1067284,Tiago Morais,36365.0,79,15.1,28.2,0.029,block,right-foot,assisted,sofascore
14131882,992567,Borja Sainz,3002.0,67,14.5,64.0,0.2092,goal,right-foot,regular,sofascore
14131882,891792,Duplexe Tchamba,36365.0,66,8.6,49.1,0.0829,miss,head,set-piece,sofascore
14131882,1067284,Tiago Morais,36365.0,63,22.9,51.1,0.037,block,right-foot,assisted,sofascore
14131882,1160957,Alberto Costa,3002.0,63,20.9,65.0,0.0296,miss,left-foot,assisted,sofascore
14131882,2119726,Renato Nhaga,36365.0,62,34.7,47.7,0.0138,miss,right-foot,corner,sofascore
14131882,2119726,Renato Nhaga,36365.0,58,25.4,35.2,0.0103,miss,right-foot,throw-in-set-piece,sofascore
14131882,1190517,Oluwakorede Osundina,36365.0,57,30.6,50.7,0.0185,miss,right-foot,assisted,sofascore
14131882,1160957,Alberto Costa,3002.0,56,7.7,56.0,0.3774,miss,left-foot,assisted,sofascore
14131882,40878,Luuk de Jong,3002.0,54,10.1,71.8,0.019,miss,right-foot,throw-in-set-piece,sofascore
14131882,286085,Jan Bednarek,3002.0,53,2.6,63.2,0.024,miss,head,corner,sofascore
14131882,913401,Nehuén Pérez,3002.0,40,5.4,46.4,0.3682,goal,left-foot,corner,sofascore
14131882,1160957,Alberto Costa,3002.0,40,13.9,53.6,0.039,block,right-foot,corner,sofascore
14131882,1066560,Alan Varela,3002.0,40,7.7,59.5,0.0896,block,right-foot,corner,sofascore
14131882,1066560,Alan Varela,3002.0,38,26.9,66.7,0.0174,post,right-foot,corner,sofascore
14131882,992567,Borja Sainz,3002.0,38,13.8,45.0,0.0372,block,right-foot,corner,sofascore
14131882,286085,Jan Bednarek,3002.0,34,7.9,54.8,0.0671,miss,head,corner,sofascore
14131882,1010505,Gabri Veiga,3002.0,34,11.7,29.1,0.0501,save,left-foot,assisted,sofascore
14131882,1639250,William Gomes,3002.0,25,20.2,55.3,0.063,goal,left-foot,assisted,sofascore
14131882,992567,Borja Sainz,3002.0,20,8.8,51.1,0.1278,goal,right-foot,assisted,sofascore
14131882,40878,Luuk de Jong,3002.0,19,13.3,52.1,0.0232,miss,head,assisted,sofascore
14131882,992567,Borja Sainz,3002.0,16,10.2,43.7,0.0441,miss,head,throw-in-set-piece,sofascore
14131882,1406639,Victor Froholdt,3002.0,15,8.8,55.1,0.053,block,head,corner,sofascore
14131882,40878,Luuk de Jong,3002.0,14,10.8,55.4,0.0676,save,right-foot,corner,sofascore
14131882,1639250,William Gomes,3002.0,7,10.8,51.5,0.551,save,right-foot,assisted,sofascore
14131882,1639250,William Gomes,3002.0,4,19.8,75.4,0.0182,block,left-foot,assisted,sofascore
14131881,966575,Rodrigo Zalazar,2999.0,90,15.7,59.1,0.0686,miss,right-foot,regular,sofascore
14131881,914772,Fran Navarro,2999.0,87,6.0,49.5,0.3861,goal,head,assisted,sofascore
14131881,966575,Rodrigo Zalazar,2999.0,84,6.6,70.9,0.0362,miss,right-foot,assisted,sofascore
14131881,1649069,Sandro Vidigal,2999.0,81,13.8,24.4,0.0236,miss,right-foot,assisted,sofascore
14131881,1120039,Jean-Baptiste Gorby,2999.0,76,14.6,48.3,0.0677,block,left-foot,regular,sofascore
14131881,1031567,Pau Víctor,2999.0,76,4.9,33.7,0.0611,save,right-foot,assisted,sofascore
14131881,1006865,Leonardo Lelo,2999.0,76,21.2,40.2,0.0326,miss,left-foot,corner,sofascore
14131881,966575,Rodrigo Zalazar,2999.0,74,20.6,31.9,0.0155,miss,right-foot,assisted,sofascore
14131881,1396015,Mario Dorgeles,2999.0,70,15.3,30.8,0.0342,block,right-foot,assisted,sofascore
14131881,966575,Rodrigo Zalazar,2999.0,58,9.7,43.2,0.0213,miss,head,corner,sofascore
14131881,1031567,Pau Víctor,2999.0,52,14.8,64.4,0.0329,miss,right-foot,assisted,sofascore
14131881,838633,Jaume Grau,483088.0,45,15.3,50.9,0.0556,block,left-foot,regular,sofascore
14131881,1128560,Roger Fernandes,2999.0,45,13.3,43.2,0.16,miss,left-foot,fast-break,sofascore
14131881,966575,Rodrigo Zalazar,2999.0,44,22.2,69.7,0.0204,miss,right-foot,assisted,sofascore
14131881,1031567,Pau Víctor,2999.0,36,21.5,42.3,0.0254,block,right-foot,assisted,sofascore
14131881,1003071,Diego Duarte,483088.0,34,14.5,46.6,0.0694,goal,left-foot,assisted,sofascore
14131881,966575,Rodrigo Zalazar,2999.0,32,8.2,46.4,0.0918,post,head,corner,sofascore
14131881,1120039,Jean-Baptiste Gorby,2999.0,32,18.7,67.3,0.019,block,left-foot,assisted,sofascore
14131881,823128,Rafael Barbosa,483088.0,28,8.3,57.9,0.3272,goal,right-foot,assisted,sofascore
14131881,1133063,Tunde Akinsola,483088.0,28,11.0,32.5,0.0541,miss,left-foot,assisted,sofascore
14131881,1128560,Roger Fernandes,2999.0,27,18.9,68.9,0.0362,block,left-foot,assisted,sofascore
14131881,966575,Rodrigo Zalazar,2999.0,23,11.5,50.0,0.7884,goal,right-foot,penalty,sofascore
14131881,1120039,Jean-Baptiste Gorby,2999.0,20,26.6,68.3,0.0191,save,left-foot,assisted,sofascore
14131881,1128560,Roger Fernandes,2999.0,19,24.4,67.9,0.0165,save,left-foot,regular,sofascore
14131881,1031567,Pau Víctor,2999.0,11,12.8,59.3,0.127,miss,right-foot,assisted,sofascore
14131883,1528310,Tiago Leite,190328.0,90,7.5,54.3,0.0857,miss,head,corner,sofascore
14131883,1117723,Sidny Lopes Cabral,3035.0,90,20.7,68.1,0.0241,block,left-foot,assisted,sofascore
14131883,1017590,Bernardo Schappo,3035.0,90,1.8,39.5,0.0381,miss,head,corner,sofascore
14131883,1015826,Chiquinho,190328.0,87,25.8,42.7,0.0603,block,right-foot,free-kick,sofascore
14131883,845802,Jovane Cabral,3035.0,72,24.4,51.5,0.0238,block,right-foot,corner,sofascore
14131883,869875,Kikas,3035.0,72,13.8,68.3,0.0254,save,right-foot,regular,sofascore
14131883,1015993,Alan Godoy,3035.0,71,8.6,35.8,0.1092,save,left-foot,assisted,sofascore
14131883,1117723,Sidny Lopes Cabral,3035.0,63,6.5,15.3,0.0316,goal,right-foot,free-kick,sofascore
14131883,869875,Kikas,3035.0,59,11.5,50.0,0.7884,post,right-foot,penalty,sofascore
14131883,869875,Kikas,3035.0,56,14.4,41.9,0.1436,save,right-foot,assisted,sofascore
14131883,1134514,Fábio Ronaldo,3035.0,45,3.3,46.8,0.6878,goal,right-foot,assisted,sofascore
14131883,2155956,João Gastão,3035.0,45,9.0,51.9,0.0964,miss,right-foot,regular,sofascore
14131883,1100957,Marko Milovanović,190328.0,45,11.3,51.6,0.5587,goal,right-foot,fast-break,sofascore
14131883,1031642,Atanas Chernev,3035.0,45,4.6,41.3,0.0982,block,head,set-piece,sofascore
14131883,1017590,Bernardo Schappo,3035.0,44,30.5,47.7,0.0184,miss,left-foot,assisted,sofascore
14131883,1031642,Atanas Chernev,3035.0,42,4.5,47.0,0.1875,miss,head,corner,sofascore
14131883,845802,Jovane Cabral,3035.0,41,22.6,26.9,0.0408,block,right-foot,free-kick,sofascore
14131883,1405454,Cédric Nuozzi,190328.0,37,10.7,47.6,0.257,goal,right-foot,assisted,sofascore
14131883,1017590,Bernardo Schappo,3035.0,35,7.2,48.8,0.0769,miss,other,set-piece,sofascore
14131883,1015826,Chiquinho,190328.0,33,14.5,13.7,0.0379,miss,right-foot,free-kick,sofascore
14131883,910316,Ianis Stoica,3035.0,25,21.9,29.5,0.0328,miss,right-foot,assisted,sofascore
14131883,845802,Jovane Cabral,3035.0,23,28.4,43.6,0.0077,block,right-foot,set-piece,sofascore
14131883,1167068,Kaiky Naves,190328.0,22,8.0,54.2,0.0817,miss,head,set-piece,sofascore
14131883,1090543,Abraham Marcus,3035.0,7,14.2,62.2,0.1038,save,left-foot,fast-break,sofascore
14131889,1146305,Gustavo Varela,3010.0,90,6.5,49.8,0.215,goal,head,assisted,sofascore
14131889,1188685,Yan Maranhão,3014.0,90,4.2,44.6,0.3762,miss,left-foot,set-piece,sofascore
14131889,1142578,Diogo Travassos,3014.0,87,18.2,30.9,0.0231,block,right-foot,corner,sofascore
14131889,1160980,Dinis Pinto,3014.0,86,13.4,57.9,0.0106,block,head,set-piece,sofascore
14131889,800348,Jonathan Buatu,3010.0,81,9.9,31.7,0.0387,miss,right-foot,set-piece,sofascore
14131889,1799336,Agustín Moreira,3010.0,81,27.5,30.7,0.0136,block,right-foot,set-piece,sofascore
14131889,156318,Marcelo,3014.0,73,18.2,45.6,0.0194,block,right-foot,set-piece,sofascore
14131889,1799336,Agustín Moreira,3010.0,69,16.1,36.6,0.0839,block,right-foot,fast-break,sofascore
14131889,1142578,Diogo Travassos,3014.0,66,26.8,51.5,0.0196,miss,right-foot,assisted,sofascore
14131889,856119,Guilherme Schettine,3014.0,65,12.3,54.0,0.0307,miss,head,assisted,sofascore
14131889,1142578,Diogo Travassos,3014.0,65,17.0,73.6,0.0218,block,left-foot,assisted,sofascore
14131889,1001662,Zé Carlos,3010.0,64,26.2,57.0,0.0233,save,right-foot,throw-in-set-piece,sofascore
14131889,1097527,Luís Esteves,3010.0,59,23.5,53.0,0.0548,save,right-foot,fast-break,sofascore
14131889,1101174,Pablo Felipe,3010.0,49,11.4,39.5,0.2075,goal,left-foot,assisted,sofascore
14131889,1097527,Luís Esteves,3010.0,40,22.0,52.6,0.0383,block,right-foot,regular,sofascore
14131889,856119,Guilherme Schettine,3014.0,31,18.7,50.3,0.0799,miss,left-foot,assisted,sofascore
14131889,1101174,Pablo Felipe,3010.0,18,12.5,48.7,0.0308,block,head,assisted,sofascore
14131889,905455,Alan,3014.0,10,22.2,64.2,0.0554,miss,right-foot,free-kick,sofascore
14131889,1084746,Santi García,3010.0,5,9.1,57.0,0.0465,miss,head,assisted,sofascore
14131889,1001662,Zé Carlos,3010.0,4,21.5,72.9,0.0051,miss,right-foot,corner,sofascore
14131889,1101174,Pablo Felipe,3010.0,3,12.1,49.1,0.0976,block,right-foot,assisted,sofascore
14131887,826054,Jérémy Livolant,36365.0,90,22.3,23.9,0.0344,save,right-foot,free-kick,sofascore
14131887,912781,Paulinho Bóia,3013.0,87,14.7,34.8,0.1537,miss,right-foot,regular,sofascore
14131887,1067284,Tiago Morais,36365.0,86,25.9,33.3,0.0189,save,right-foot,set-piece,sofascore
14131887,987597,Jesús Ramírez,3013.0,84,22.0,37.0,0.0419,block,right-foot,fast-break,sofascore
14131887,27622,José Fonte,36365.0,81,7.7,44.9,0.065,miss,head,corner,sofascore
14131887,826054,Jérémy Livolant,36365.0,76,32.1,54.0,0.0275,save,right-foot,free-kick,sofascore
14131887,826054,Jérémy Livolant,36365.0,73,19.6,63.4,0.0608,miss,left-foot,fast-break,sofascore
14131887,1085569,Max Svensson,36365.0,73,21.9,51.2,0.0721,block,right-foot,fast-break,sofascore
14131887,1529932,Fahem Benaissa-Yahia,36365.0,66,6.5,44.2,0.1277,miss,head,assisted,sofascore
14131887,891792,Duplexe Tchamba,36365.0,65,6.0,42.7,0.1744,miss,head,set-piece,sofascore
14131887,987597,Jesús Ramírez,3013.0,45,31.2,53.0,0.0183,block,right-foot,fast-break,sofascore
14131887,987597,Jesús Ramírez,3013.0,42,4.4,55.8,0.3713,goal,head,assisted,sofascore
14131887,912781,Paulinho Bóia,3013.0,33,12.1,54.3,0.648,goal,right-foot,fast-break,sofascore
14131887,822510,Liziero,3013.0,30,32.1,49.3,0.0156,miss,left-foot,assisted,sofascore
14131887,822510,Liziero,3013.0,29,21.0,26.2,0.0186,block,left-foot,assisted,sofascore
14131887,27622,José Fonte,36365.0,27,7.0,56.2,0.0792,block,head,set-piece,sofascore
14131887,786269,Witiness Quembo,3013.0,16,30.3,53.9,0.0047,miss,left-foot,set-piece,sofascore
14131887,1020610,Matheus Dias,3013.0,10,31.7,42.2,0.0154,block,right-foot,assisted,sofascore
14131886,1133063,Tunde Akinsola,483088.0,90,4.0,41.5,0.1123,save,left-foot,set-piece,sofascore
14131886,44685,Nenê,483088.0,90,26.3,26.2,0.0309,block,right-foot,free-kick,sofascore
14131886,988778,Daniel Rivas,483088.0,90,28.2,23.5,0.0154,save,left-foot,assisted,sofascore
14131886,44685,Nenê,483088.0,79,9.2,43.0,0.069,miss,head,assisted,sofascore
14131886,1003071,Diego Duarte,483088.0,73,8.6,58.3,0.1356,block,right-foot,assisted,sofascore
14131886,876255,Justin De Haas,49531.0,70,7.3,55.6,0.122,goal,head,corner,sofascore
14131886,129617,Aderllan Santos,483088.0,67,12.2,39.7,0.0101,miss,head,corner,sofascore
14131886,129617,Aderllan Santos,483088.0,63,29.9,55.2,0.0251,miss,right-foot,assisted,sofascore
14131886,129617,Aderllan Santos,483088.0,59,7.9,41.9,0.0637,save,head,corner,sofascore
14131886,129617,Aderllan Santos,483088.0,48,28.8,67.5,0.0075,block,right-foot,regular,sofascore
14131886,991924,Rodrigo Pinheiro,49531.0,45,12.2,63.0,0.0885,miss,left-foot,assisted,sofascore
14131886,1049526,Simon Elisor,49531.0,43,10.1,59.1,0.0278,miss,head,assisted,sofascore
14131886,1511656,Mathias De Amorim,49531.0,43,11.9,30.9,0.0221,block,right-foot,regular,sofascore
14131886,988778,Daniel Rivas,483088.0,41,20.3,42.1,0.0335,miss,left-foot,corner,sofascore
14131886,1102988,Pedro Bondo,49531.0,35,5.7,29.5,0.0437,save,left-foot,regular,sofascore
14131886,1003071,Diego Duarte,483088.0,33,9.1,47.4,0.1,miss,head,assisted,sofascore
14131886,1133063,Tunde Akinsola,483088.0,29,23.4,72.0,0.0116,miss,left-foot,assisted,sofascore
14131886,1120040,Pedro Santos,49531.0,23,8.8,46.8,0.1187,miss,head,set-piece,sofascore
14131886,1049526,Simon Elisor,49531.0,18,13.3,50.9,0.0246,miss,head,assisted,sofascore
14131886,1105595,Sorriso,49531.0,15,19.4,35.2,0.0405,block,right-foot,assisted,sofascore
14131886,1049526,Simon Elisor,49531.0,14,2.5,41.6,0.1042,save,head,assisted,sofascore
14131886,1105595,Sorriso,49531.0,7,11.5,35.4,0.0701,miss,right-foot,throw-in-set-piece,sofascore
14131886,1563665,Gustavo Sá,49531.0,5,14.4,55.4,0.1307,block,right-foot,assisted,sofascore
14131892,1083250,Matías Rocha,25777.0,90,8.9,44.2,0.0427,miss,head,corner,sofascore
14131892,996932,Pablo Gozálbez,25777.0,89,7.7,43.1,0.1071,miss,head,assisted,sofascore
14131892,1000680,Miguel Puche,25777.0,87,26.3,41.5,0.0467,miss,right-foot,free-kick,sofascore
14131892,930552,Nuno Santos,3009.0,85,14.2,71.8,0.0381,miss,right-foot,assisted,sofascore
14131892,973517,Alfonso Trezza,25777.0,74,21.5,66.7,0.0345,block,right-foot,fast-break,sofascore
14131892,42898,Nélson Oliveira,3009.0,66,26.8,45.8,0.0154,block,right-foot,assisted,sofascore
14131892,1468082,Gustavo Silva,3009.0,64,3.2,68.7,0.0126,miss,head,set-piece,sofascore
14131892,1166097,Matija Mitrović,3009.0,62,25.4,45.6,0.0147,miss,right-foot,regular,sofascore
14131892,973517,Alfonso Trezza,25777.0,59,12.5,68.1,0.0156,miss,right-foot,set-piece,sofascore
14131892,54672,David Simão,25777.0,58,26.8,37.4,0.0376,save,left-foot,free-kick,sofascore
14131892,1468082,Gustavo Silva,3009.0,42,30.5,36.0,0.024,miss,right-foot,fast-break,sofascore
14131892,955133,Naïs Djouahra,25777.0,37,34.3,60.8,0.0081,miss,right-foot,assisted,sofascore
14131892,955133,Naïs Djouahra,25777.0,34,9.0,54.3,0.1193,goal,head,assisted,sofascore
14131892,1468082,Gustavo Silva,3009.0,31,9.6,37.3,0.0425,save,left-foot,set-piece,sofascore
14131892,846416,Rodrigo Abascal,3009.0,29,11.4,52.6,0.0218,block,head,corner,sofascore
14131892,2140143,Miguel Nogueira,3009.0,29,15.1,45.0,0.0586,block,left-foot,assisted,sofascore
14131892,1133568,João Mendes,3009.0,25,30.7,53.6,0.0063,save,left-foot,set-piece,sofascore
14131892,42898,Nélson Oliveira,3009.0,17,21.9,41.5,0.0813,block,right-foot,free-kick,sofascore
14131892,1510444,Dylan Nandín,25777.0,13,16.6,65.2,0.0455,save,right-foot,regular,sofascore
14131892,1468082,Gustavo Silva,3009.0,9,12.0,36.1,0.0082,block,head,set-piece,sofascore
14131893,1122835,Alisson Santos,3001.0,90,21.3,30.5,0.0207,miss,right-foot,assisted,sofascore
14131893,1407720,Deniz Gül,3002.0,90,19.1,41.7,0.0589,save,right-foot,assisted,sofascore
14131893,1494826,Conrad Harder,3001.0,90,13.5,71.4,0.0347,block,left-foot,assisted,sofascore
14131893,1503836,Samu Aghehowa,3002.0,90,17.5,47.2,0.0503,block,right-foot,assisted,sofascore
14131893,859917,Morten Hjulmand,3001.0,90,17.9,63.2,0.0367,miss,right-foot,assisted,sofascore
14131893,878496,Ricardo Mangas,3001.0,87,8.1,35.5,0.0202,miss,head,assisted,sofascore
14131893,914213,Luis Javier Suárez,3001.0,86,18.4,63.6,0.0481,save,left-foot,assisted,sofascore
14131893,1503836,Samu Aghehowa,3002.0,84,22.9,64.4,0.0231,block,right-foot,assisted,sofascore
14131893,914213,Luis Javier Suárez,3001.0,84,16.3,55.8,0.0935,save,right-foot,assisted,sofascore
14131893,913401,Nehuén Pérez,3001.0,74,4.4,49.2,,goal,other,regular,sofascore
14131893,1403165,Geovany Quenda,3001.0,70,24.6,70.9,0.0139,block,left-foot,corner,sofascore
14131893,895764,Pedro Gonçalves,3001.0,69,27.4,44.3,0.0187,block,right-foot,assisted,sofascore
14131893,1066560,Alan Varela,3002.0,68,29.9,48.5,0.0403,miss,right-foot,free-kick,sofascore
14131893,1639250,William Gomes,3002.0,64,22.9,74.0,0.0232,goal,left-foot,assisted,sofascore
14131893,40878,Luuk de Jong,3002.0,61,1.8,46.4,0.8934,goal,right-foot,assisted,sofascore
14131893,830431,Francisco Trincão,3001.0,56,22.8,69.5,0.0205,save,left-foot,assisted,sofascore
14131893,1001140,Geny Catamo,3001.0,56,13.3,64.6,0.0264,block,left-foot,assisted,sofascore
14131893,859917,Morten Hjulmand,3001.0,54,11.1,47.7,0.0315,miss,head,set-piece,sofascore
14131893,914213,Luis Javier Suárez,3001.0,52,12.5,58.7,0.0616,miss,right-foot,regular,sofascore
14131893,886402,Giorgi Kochorashvili,3001.0,48,22.0,66.7,0.0374,miss,right-foot,assisted,sofascore
14131893,914213,Luis Javier Suárez,3001.0,45,22.6,32.9,0.0073,block,right-foot,set-piece,sofascore
14131893,1066560,Alan Varela,3002.0,41,33.6,42.7,0.013,save,right-foot,set-piece,sofascore
14131893,1410240,Rodrigo Mora,3002.0,36,6.0,32.7,0.0471,post,left-foot,assisted,sofascore
14131893,1406639,Victor Froholdt,3002.0,35,3.3,61.0,0.0857,miss,right-foot,throw-in-set-piece,sofascore
14131893,1639250,William Gomes,3002.0,30,22.8,66.2,0.0217,save,left-foot,assisted,sofascore
14131893,895764,Pedro Gonçalves,3001.0,21,10.1,37.2,0.2919,block,left-foot,fast-break,sofascore
14131893,1406639,Victor Froholdt,3002.0,21,19.8,46.4,0.035,block,right-foot,regular,sofascore
14131893,40878,Luuk de Jong,3002.0,20,12.6,63.2,0.1739,save,left-foot,fast-break,sofascore
14131893,830431,Francisco Trincão,3001.0,14,13.0,58.9,0.0576,block,left-foot,assisted,sofascore
14131893,878496,Ricardo Mangas,3001.0,12,12.5,54.2,0.1165,miss,left-foot,set-piece,sofascore
14131893,914213,Luis Javier Suárez,3001.0,9,15.0,30.7,0.0204,miss,right-foot,throw-in-set-piece,sofascore
14131893,1639250,William Gomes,3002.0,5,28.1,59.3,0.0165,save,left-foot,assisted,sofascore
14131893,830431,Francisco Trincão,3001.0,3,25.4,55.6,0.0382,block,left-foot,regular,sofascore
14131893,992567,Borja Sainz,3002.0,1,5.8,32.7,0.0385,post,right-foot,regular,sofascore
14131891,929894,Alejandro Marqués,4500.0,90,10.4,44.3,0.0911,block,right-foot,assisted,sofascore
14131891,826210,Rafik Guitane,4500.0,90,21.3,41.7,0.041,goal,left-foot,assisted,sofascore
14131891,110950,Ivan Cavaleiro,38396.0,90,3.6,45.1,0.9392,goal,right-foot,regular,sofascore
14131891,1425318,Jeffrey Rodriguez,38396.0,90,8.2,66.9,0.26,post,right-foot,assisted,sofascore
14131891,920684,Jordan Holsgrove,4500.0,90,27.9,39.3,0.0186,miss,right-foot,corner,sofascore
14131891,1015291,Patrick de Paula,4500.0,89,14.5,64.0,0.0412,miss,left-foot,corner,sofascore
14131891,943525,Felix Bacher,4500.0,89,4.2,42.4,0.1052,block,head,corner,sofascore
14131891,1015291,Patrick de Paula,4500.0,88,26.6,61.7,0.0106,block,left-foot,throw-in-set-piece,sofascore
14131891,548044,João Carvalho,4500.0,85,6.7,63.4,0.0375,miss,head,assisted,sofascore
14131891,1100596,Xabi Huarte,38396.0,84,3.8,39.1,0.1516,post,left-foot,set-piece,sofascore
14131891,920684,Jordan Holsgrove,4500.0,81,25.4,78.1,0.0262,save,left-foot,free-kick,sofascore
14131891,1100596,Xabi Huarte,38396.0,78,11.9,46.4,0.1438,miss,right-foot,assisted,sofascore
14131891,1133070,Tiago Manso,38396.0,73,11.5,50.0,0.7884,goal,right-foot,penalty,sofascore
14131891,1425318,Jeffrey Rodriguez,38396.0,69,12.2,52.6,0.1023,save,right-foot,assisted,sofascore
14131891,1425318,Jeffrey Rodriguez,38396.0,66,9.5,46.6,0.1177,miss,head,throw-in-set-piece,sofascore
14131891,1120679,André Lacximicant,4500.0,64,13.3,65.8,0.0458,save,left-foot,fast-break,sofascore
14131891,1133070,Tiago Manso,38396.0,61,26.0,47.4,0.0335,miss,left-foot,corner,sofascore
14131891,1111880,Emmanuel Maviram,38396.0,61,19.8,30.4,0.0323,block,right-foot,corner,sofascore
14131891,834247,Pedro Amaral,4500.0,56,28.7,57.3,0.009,miss,left-foot,throw-in-set-piece,sofascore
14131891,1111880,Emmanuel Maviram,38396.0,45,24.1,34.2,0.0217,miss,left-foot,assisted,sofascore
14131891,879917,Maranhão,38396.0,45,13.3,44.3,0.2504,save,right-foot,regular,sofascore
14131891,930246,Yanis Begraoui,4500.0,43,9.2,56.7,0.3219,goal,left-foot,assisted,sofascore
14131891,1501056,Miro,38396.0,42,8.4,57.0,0.2065,miss,left-foot,assisted,sofascore
14131891,1120679,André Lacximicant,4500.0,40,13.5,40.1,0.0599,block,left-foot,throw-in-set-piece,sofascore
14131891,865335,Bebeto,38396.0,38,23.2,63.8,0.0587,miss,right-foot,free-kick,sofascore
14131891,548044,João Carvalho,4500.0,36,14.1,45.2,0.3607,save,right-foot,assisted,sofascore
14131891,548044,João Carvalho,4500.0,21,21.9,30.1,0.0203,miss,right-foot,assisted,sofascore
14131891,1120679,André Lacximicant,4500.0,18,17.8,63.7,0.0243,miss,left-foot,assisted,sofascore
14131891,1120679,André Lacximicant,4500.0,16,8.4,42.1,0.0439,miss,head,set-piece,sofascore
14131891,920684,Jordan Holsgrove,4500.0,16,24.3,60.5,0.0682,block,left-foot,free-kick,sofascore
14131891,1049465,Kévin Boma,4500.0,13,6.9,45.8,0.1052,miss,head,assisted,sofascore
14131891,1001313,Nodar Lominadze,4500.0,13,13.8,46.2,0.0535,block,left-foot,throw-in-set-piece,sofascore
14131891,943525,Felix Bacher,4500.0,12,3.4,46.3,0.2082,block,head,corner,sofascore
14131891,879917,Maranhão,38396.0,10,27.7,28.0,0.011,block,right-foot,assisted,sofascore
14131888,2033832,Davy Gui,190328.0,85,11.3,61.1,0.1294,goal,right-foot,regular,sofascore
14131888,794928,Lincoln,190328.0,81,7.8,41.8,0.0824,save,head,assisted,sofascore
14131888,1476213,Julián Jose Martinez,190328.0,79,6.6,48.7,0.1381,miss,head,corner,sofascore
14131888,1100952,Andreas Schjelderup,3006.0,53,4.5,32.7,0.0485,post,left-foot,regular,sofascore
14131888,1015826,Chiquinho,190328.0,50,19.3,71.5,0.0455,save,right-foot,free-kick,sofascore
14131888,1511706,Alexsandro Amorim,190328.0,45,11.0,71.1,0.0343,save,right-foot,assisted,sofascore
14131888,1102791,Amar Dedić,3006.0,44,8.2,69.1,0.0992,goal,right-foot,assisted,sofascore
14131888,1015292,Richard Ríos,3006.0,36,21.0,41.1,0.0433,miss,right-foot,assisted,sofascore
14131888,1100957,Marko Milovanović,190328.0,34,9.1,53.8,0.0643,save,head,corner,sofascore
14131888,1031485,Sabit Abdulai,190328.0,33,9.2,62.4,0.0704,block,right-foot,assisted,sofascore
14131888,1103333,Franjo Ivanović,3006.0,30,4.8,54.0,0.2334,block,left-foot,assisted,sofascore
14131888,1015292,Richard Ríos,3006.0,27,22.0,26.4,0.0059,block,right-foot,set-piece,sofascore
14131888,1915110,Isaac James,190328.0,25,9.1,33.9,0.0992,miss,left-foot,regular,sofascore
14131888,1405454,Cédric Nuozzi,190328.0,25,8.0,69.1,0.044,save,right-foot,assisted,sofascore
14131888,1100957,Marko Milovanović,190328.0,23,9.1,39.7,0.0674,save,right-foot,assisted,sofascore
14131888,1015826,Chiquinho,190328.0,9,22.3,19.0,0.0363,miss,right-foot,free-kick,sofascore
14131888,1100952,Andreas Schjelderup,3006.0,5,8.0,52.6,0.6043,goal,right-foot,regular,sofascore
14131890,1799251,Brenner,3011.0,90,9.2,67.3,0.1346,save,right-foot,regular,sofascore
14131890,1016898,Matheus Pereira,3011.0,90,24.9,42.6,0.0117,block,right-foot,corner,sofascore
14131890,1046794,Gabriel Silva,3011.0,84,12.8,33.8,0.1,miss,left-foot,assisted,sofascore
14131890,989383,Adriano Firmino,3011.0,81,14.5,48.1,0.156,miss,right-foot,assisted,sofascore
14131890,910316,Ianis Stoica,3035.0,76,25.7,46.2,0.0371,miss,right-foot,assisted,sofascore
14131890,989383,Adriano Firmino,3011.0,72,21.6,36.6,0.0162,block,right-foot,regular,sofascore
14131890,1046794,Gabriel Silva,3011.0,67,15.0,38.7,0.059,save,right-foot,throw-in-set-piece,sofascore
14131890,1015993,Alan Godoy,3035.0,64,10.1,49.1,0.0951,miss,head,assisted,sofascore
14131890,1464962,Robinho,3035.0,52,28.4,28.4,0.0154,miss,right-foot,assisted,sofascore
14131890,851277,Pedro Ferreira,3011.0,50,23.2,41.5,0.0188,save,right-foot,assisted,sofascore
14131890,1046794,Gabriel Silva,3011.0,50,9.5,42.3,0.183,block,right-foot,regular,sofascore
14131890,1105841,Matheus Araújo,3011.0,45,26.5,35.0,0.008,miss,left-foot,throw-in-set-piece,sofascore
14131890,1016898,Matheus Pereira,3011.0,27,11.7,35.4,0.113,block,left-foot,fast-break,sofascore
14131890,1001753,Vinícius Lopes,3011.0,24,9.5,53.8,0.0977,miss,head,assisted,sofascore
14131890,1131145,Sidney Lima,3011.0,8,4.9,41.1,0.0745,miss,head,corner,sofascore
14131890,1001753,Vinícius Lopes,3011.0,8,24.7,39.1,0.0095,block,left-foot,corner,sofascore
14131894,1485309,Gabriel Moscardo,2999.0,90,23.3,49.8,0.037,miss,right-foot,assisted,sofascore
14131894,1128560,Roger Fernandes,2999.0,90,7.4,75.1,0.0214,save,left-foot,assisted,sofascore
14131894,1014048,Amine El Ouazzani,2999.0,88,2.9,49.6,0.8043,goal,right-foot,assisted,sofascore
14131894,1031567,Pau Víctor,2999.0,86,11.0,30.7,0.0602,miss,right-foot,assisted,sofascore
14131894,1031567,Pau Víctor,2999.0,80,14.1,54.2,0.0761,block,right-foot,assisted,sofascore
14131894,966575,Rodrigo Zalazar,2999.0,76,19.5,32.5,0.0299,save,right-foot,assisted,sofascore
14131894,1128560,Roger Fernandes,2999.0,74,19.1,69.9,0.0268,save,left-foot,assisted,sofascore
14131894,1133282,André Luiz,3036.0,63,13.0,55.3,0.0809,miss,left-foot,regular,sofascore
14131894,966575,Rodrigo Zalazar,2999.0,62,23.8,41.3,0.0263,save,right-foot,assisted,sofascore
14131894,966575,Rodrigo Zalazar,2999.0,55,8.3,44.1,0.0423,save,head,corner,sofascore
14131894,1128560,Roger Fernandes,2999.0,55,17.8,60.5,0.0443,block,left-foot,corner,sofascore
14131894,1031567,Pau Víctor,2999.0,53,22.5,59.3,0.0362,miss,right-foot,assisted,sofascore
14131894,1120039,Jean-Baptiste Gorby,2999.0,53,19.5,39.1,0.0518,block,right-foot,assisted,sofascore
14131894,966575,Rodrigo Zalazar,2999.0,45,13.5,30.1,0.0365,miss,right-foot,assisted,sofascore
14131894,6562,João Moutinho,2999.0,43,21.5,59.5,0.0243,miss,right-foot,throw-in-set-piece,sofascore
14131894,1133282,André Luiz,3036.0,26,19.2,65.2,0.0242,save,left-foot,regular,sofascore
14131894,1017023,Clayton,3036.0,24,14.8,54.0,0.1151,goal,right-foot,assisted,sofascore
14131894,1128560,Roger Fernandes,2999.0,22,10.6,56.5,0.3856,goal,left-foot,regular,sofascore
14131894,1017023,Clayton,3036.0,14,11.5,50.0,0.7884,goal,right-foot,penalty,sofascore
14131894,966575,Rodrigo Zalazar,2999.0,5,6.8,47.1,0.2108,miss,right-foot,assisted,sofascore
14131894,877918,Victor Gómez,2999.0,5,12.1,58.8,0.0751,miss,right-foot,regular,sofascore
14131894,914772,Fran Navarro,2999.0,5,3.6,58.7,0.1701,save,right-foot,assisted,sofascore
14131894,966575,Rodrigo Zalazar,2999.0,4,24.2,23.5,0.0129,miss,right-foot,assisted,sofascore
14131894,1133282,André Luiz,3036.0,1,7.7,67.5,0.0376,block,left-foot,assisted,sofascore
14131884,834247,Pedro Amaral,4500.0,90,22.0,50.1,0.0296,miss,right-foot,corner,sofascore
14131884,1001753,Vinícius Lopes,3011.0,90,13.7,30.1,0.0363,miss,left-foot,regular,sofascore
14131884,920684,Jordan Holsgrove,4500.0,90,29.4,52.6,0.0154,block,left-foot,assisted,sofascore
14131884,920684,Jordan Holsgrove,4500.0,83,26.2,35.6,0.0136,miss,left-foot,set-piece,sofascore
14131884,943525,Felix Bacher,4500.0,81,6.8,50.9,0.1366,miss,head,corner,sofascore
14131884,548044,João Carvalho,4500.0,65,11.1,59.4,0.0549,miss,right-foot,corner,sofascore
14131884,1799251,Brenner,3011.0,62,31.2,61.1,0.0161,miss,right-foot,assisted,sofascore
14131884,920684,Jordan Holsgrove,4500.0,61,28.8,41.7,0.0211,save,left-foot,assisted,sofascore
14131884,1046794,Gabriel Silva,3011.0,53,11.5,50.0,0.7884,goal,right-foot,penalty,sofascore
14131884,1046794,Gabriel Silva,3011.0,45,5.6,32.0,0.0367,miss,right-foot,corner,sofascore
14131884,991358,Lucas Soares,3011.0,45,3.9,69.2,0.018,block,right-foot,regular,sofascore
14131884,548044,João Carvalho,4500.0,44,13.3,65.2,0.0476,miss,right-foot,throw-in-set-piece,sofascore
14131884,986726,Ricard Sánchez,4500.0,41,17.8,50.9,0.0278,miss,right-foot,set-piece,sofascore
14131884,1120679,André Lacximicant,4500.0,35,12.4,45.0,0.0599,miss,head,assisted,sofascore
14131884,77725,Pizzi,4500.0,31,12.6,33.6,0.0362,miss,right-foot,assisted,sofascore
14131884,1105841,Matheus Araújo,3011.0,31,27.1,28.0,0.0173,block,left-foot,assisted,sofascore
14131884,548044,João Carvalho,4500.0,30,2.6,67.2,0.1085,save,right-foot,assisted,sofascore
14131884,1120679,André Lacximicant,4500.0,29,12.0,65.9,0.0354,save,left-foot,assisted,sofascore
14131884,1015291,Patrick de Paula,4500.0,24,25.4,58.7,0.0279,save,left-foot,assisted,sofascore
14131884,548044,João Carvalho,4500.0,24,14.1,45.8,0.1359,post,right-foot,assisted,sofascore
14131884,1019184,Serginho,3011.0,22,27.0,52.7,0.0146,miss,right-foot,regular,sofascore
14131884,1019184,Serginho,3011.0,21,26.6,31.0,0.0142,block,right-foot,assisted,sofascore
14131884,1016898,Matheus Pereira,3011.0,20,2.1,42.5,0.5085,miss,left-foot,regular,sofascore
14131884,1046794,Gabriel Silva,3011.0,10,19.2,45.0,0.0192,block,right-foot,corner,sofascore
14131884,1046794,Gabriel Silva,3011.0,9,9.8,67.3,0.1491,save,left-foot,fast-break,sofascore
14131884,1046794,Gabriel Silva,3011.0,8,7.1,68.1,0.0564,miss,right-foot,set-piece,sofascore
14131884,1016898,Matheus Pereira,3011.0,8,17.6,72.2,0.0207,block,left-foot,set-piece,sofascore
14131884,1046794,Gabriel Silva,3011.0,6,13.0,55.6,0.3118,save,right-foot,assisted,sofascore
14131884,1120679,André Lacximicant,4500.0,3,14.8,70.7,0.0357,miss,left-foot,assisted,sofascore
14131884,989383,Adriano Firmino,3011.0,2,6.9,56.5,0.0645,miss,head,corner,sofascore
14131884,1799251,Brenner,3011.0,2,16.3,66.7,0.0377,save,right-foot,corner,sofascore
14131896,1405454,Cédric Nuozzi,190328.0,90,15.3,47.0,0.3018,save,left-foot,fast-break,sofascore
14131896,2033832,Davy Gui,190328.0,90,14.2,42.0,0.3916,save,left-foot,fast-break,sofascore
14131896,788786,Jordan Siebatcheu,38396.0,86,11.3,46.6,0.0937,block,left-foot,throw-in-set-piece,sofascore
14131896,1506777,Steven Baseya,190328.0,84,18.3,47.1,0.0507,block,right-foot,set-piece,sofascore
14131896,1146013,Hugo Félix,38396.0,81,24.0,25.3,0.0144,miss,right-foot,assisted,sofascore
14131896,2033832,Davy Gui,190328.0,78,18.6,52.9,0.0766,block,right-foot,fast-break,sofascore
14131896,904849,Nabil Touaizi,190328.0,76,15.7,61.7,0.0492,block,right-foot,corner,sofascore
14131896,190147,Rony Lopes,38396.0,70,28.8,64.8,0.0215,save,left-foot,regular,sofascore
14131896,190147,Rony Lopes,38396.0,54,26.6,61.2,0.019,block,left-foot,assisted,sofascore
14131896,1133070,Tiago Manso,38396.0,53,13.0,27.0,0.0388,miss,left-foot,regular,sofascore
14131896,1187281,Brayan Medina,38396.0,49,1.8,47.2,0.7856,save,left-foot,corner,sofascore
14131896,988964,Christian Marques,38396.0,49,3.2,43.1,0.1658,save,other,corner,sofascore
14131896,190147,Rony Lopes,38396.0,47,14.5,59.9,0.0875,save,left-foot,throw-in-set-piece,sofascore
14131896,1111880,Emmanuel Maviram,190328.0,44,1.9,57.9,,goal,head,corner,sofascore
14131896,1133070,Tiago Manso,38396.0,43,11.5,50.0,0.7884,save,right-foot,penalty,sofascore
14131896,1105790,Figueiredo,190328.0,37,26.0,51.5,0.014,miss,right-foot,corner,sofascore
14131896,794928,Lincoln,190328.0,36,23.1,61.2,0.0352,save,left-foot,regular,sofascore
14131896,1425318,Jeffrey Rodriguez,38396.0,34,8.8,60.3,0.0305,save,head,assisted,sofascore
14131896,794928,Lincoln,190328.0,31,27.7,52.6,0.0389,miss,left-foot,free-kick,sofascore
14131896,110950,Ivan Cavaleiro,38396.0,25,15.7,42.3,0.1275,miss,left-foot,assisted,sofascore
14131896,1031485,Sabit Abdulai,190328.0,23,26.8,39.7,0.0088,save,right-foot,assisted,sofascore
14131896,1105790,Figueiredo,190328.0,16,8.8,43.7,0.0606,miss,head,assisted,sofascore
14131896,1158067,Francisco Chissumba,190328.0,13,8.9,44.7,0.503,miss,left-foot,assisted,sofascore
14131896,865335,Bebeto,38396.0,12,32.7,58.5,0.0162,miss,right-foot,assisted,sofascore
14131896,1100957,Marko Milovanović,190328.0,9,8.5,43.0,0.054,miss,head,assisted,sofascore
14131896,1187281,Brayan Medina,38396.0,7,6.6,50.3,0.1459,miss,head,corner,sofascore
14131896,190147,Rony Lopes,38396.0,4,20.7,32.8,0.0213,miss,left-foot,regular,sofascore
14131901,1001753,Vinícius Lopes,3011.0,90,14.4,35.8,0.2428,goal,right-foot,assisted,sofascore
14131901,795236,Vangelis Pavlidis,3006.0,90,13.2,53.6,0.1709,block,right-foot,assisted,sofascore
14131901,1201395,Gianluca Prestianni,3006.0,84,20.3,65.8,0.0132,block,right-foot,set-piece,sofascore
14131901,906800,Leandro Barreiro,3006.0,79,10.1,60.1,0.0327,miss,head,assisted,sofascore
14131901,1019184,Serginho,3011.0,77,12.6,25.0,0.0203,block,right-foot,corner,sofascore
14131901,892083,Diogo Calila,3011.0,76,8.0,31.3,0.0507,save,left-foot,assisted,sofascore
14131901,1103333,Franjo Ivanović,3006.0,71,20.7,36.6,0.0362,save,right-foot,assisted,sofascore
14131901,1016898,Matheus Pereira,3011.0,61,20.4,24.6,0.0182,save,left-foot,assisted,sofascore
14131901,795236,Vangelis Pavlidis,3006.0,59,3.2,53.4,0.6687,goal,left-foot,set-piece,sofascore
14131901,74915,Nicolás Otamendi,3006.0,59,10.2,42.7,0.024,save,head,set-piece,sofascore
14131901,74915,Nicolás Otamendi,3006.0,58,8.6,65.0,0.053,miss,right-foot,corner,sofascore
14131901,1015292,Richard Ríos,3006.0,54,27.1,53.8,0.0193,block,right-foot,assisted,sofascore
14131901,795236,Vangelis Pavlidis,3006.0,53,19.6,58.6,0.057,block,right-foot,assisted,sofascore
14131901,1103333,Franjo Ivanović,3006.0,52,9.8,51.1,0.0616,save,head,assisted,sofascore
14131901,74915,Nicolás Otamendi,3006.0,47,9.5,27.3,0.0047,miss,head,corner,sofascore
14131901,795236,Vangelis Pavlidis,3006.0,45,9.8,45.2,0.0457,save,head,assisted,sofascore
14131901,1015292,Richard Ríos,3006.0,45,28.5,49.3,0.0171,miss,right-foot,assisted,sofascore
14131901,1103333,Franjo Ivanović,3006.0,45,14.9,45.1,0.1161,miss,left-foot,regular,sofascore
14131901,1046794,Gabriel Silva,3011.0,44,8.8,46.2,0.5454,miss,right-foot,fast-break,sofascore
14131901,254815,Frederico Venâncio,3011.0,44,13.0,53.8,0.1866,save,right-foot,fast-break,sofascore
14131901,1046794,Gabriel Silva,3011.0,43,24.7,29.3,0.0167,save,right-foot,assisted,sofascore
14131901,1016898,Matheus Pereira,3011.0,33,19.1,33.1,0.0208,block,right-foot,regular,sofascore
14131901,1103333,Franjo Ivanović,3006.0,23,8.0,53.4,0.1677,miss,head,assisted,sofascore
14131901,1015292,Richard Ríos,3006.0,22,24.6,62.4,0.0239,block,right-foot,regular,sofascore
14131901,1799251,Brenner,3011.0,17,12.2,77.1,0.0178,miss,right-foot,corner,sofascore
14131901,1015292,Richard Ríos,3006.0,12,20.8,52.4,0.0575,save,right-foot,assisted,sofascore
14131901,795236,Vangelis Pavlidis,3006.0,8,19.8,49.9,0.0332,miss,right-foot,assisted,sofascore
14131901,1015292,Richard Ríos,3006.0,8,22.3,67.1,0.0314,save,left-foot,assisted,sofascore
14131902,1120679,André Lacximicant,4500.0,90,13.2,40.6,0.0666,miss,left-foot,assisted,sofascore
14131902,1900362,Guilherme Neiva,483088.0,82,14.6,52.4,0.0833,save,right-foot,assisted,sofascore
14131902,826210,Rafik Guitane,4500.0,81,11.7,63.6,0.0822,save,left-foot,assisted,sofascore
14131902,823128,Rafael Barbosa,483088.0,80,23.5,53.0,0.0359,miss,right-foot,regular,sofascore
14131902,1120043,Diogo Spencer,483088.0,78,8.5,64.4,0.1264,goal,right-foot,regular,sofascore
14131902,1900362,Guilherme Neiva,483088.0,77,10.1,40.9,0.0416,miss,head,assisted,sofascore
14131902,838633,Jaume Grau,483088.0,71,19.8,45.8,0.0614,miss,left-foot,corner,sofascore
14131902,1003071,Diego Duarte,483088.0,70,12.3,46.6,0.1889,save,left-foot,assisted,sofascore
14131902,838633,Jaume Grau,483088.0,62,23.4,67.5,0.0391,miss,left-foot,throw-in-set-piece,sofascore
14131902,930246,Yanis Begraoui,4500.0,56,14.9,54.6,0.1176,miss,right-foot,assisted,sofascore
14131902,986726,Ricard Sánchez,4500.0,52,3.2,54.0,0.6615,goal,right-foot,assisted,sofascore
14131902,834247,Pedro Amaral,4500.0,50,11.7,58.1,0.0782,miss,left-foot,assisted,sofascore
14131902,930246,Yanis Begraoui,4500.0,48,4.7,66.6,0.0516,post,right-foot,assisted,sofascore
14131902,986726,Ricard Sánchez,4500.0,45,4.0,73.4,0.0145,miss,right-foot,assisted,sofascore
14131902,1133063,Tunde Akinsola,483088.0,45,15.3,69.6,0.0614,save,left-foot,assisted,sofascore
14131902,1133063,Tunde Akinsola,483088.0,44,23.2,68.2,0.0209,miss,left-foot,assisted,sofascore
14131902,1185986,Óscar Perea,483088.0,42,11.4,54.6,0.1919,miss,right-foot,throw-in-set-piece,sofascore
14131902,126076,Tomané,483088.0,35,19.5,69.1,0.0427,miss,right-foot,regular,sofascore
14131902,548044,João Carvalho,4500.0,28,10.1,51.5,0.3861,goal,right-foot,assisted,sofascore
14131902,548044,João Carvalho,4500.0,21,20.3,41.9,0.0573,miss,right-foot,regular,sofascore
14131902,838633,Jaume Grau,483088.0,20,23.2,46.4,0.0288,miss,left-foot,throw-in-set-piece,sofascore
14131902,548044,João Carvalho,4500.0,19,17.9,35.4,0.0938,save,right-foot,fast-break,sofascore
14131902,1001313,Nodar Lominadze,4500.0,12,7.4,42.5,0.1162,goal,left-foot,assisted,sofascore
14131902,826210,Rafik Guitane,4500.0,9,18.9,50.4,0.0708,miss,left-foot,fast-break,sofascore
14131902,1049465,Kévin Boma,4500.0,7,7.6,50.5,0.0997,miss,head,corner,sofascore
14131902,834247,Pedro Amaral,4500.0,5,15.4,35.4,0.0377,block,right-foot,fast-break,sofascore
14131899,860683,Marc Gual,3036.0,90,6.1,30.9,0.0507,block,right-foot,assisted,sofascore
14131899,1133282,André Luiz,3036.0,90,24.4,33.1,0.0041,miss,left-foot,corner,sofascore
14131899,1100204,Nikolaos Athanasiou,3036.0,90,33.6,46.4,0.0154,block,left-foot,assisted,sofascore
14131899,845811,Bernardo Martins,3014.0,90,24.9,42.4,0.0408,save,right-foot,assisted,sofascore
14131899,1133282,André Luiz,3036.0,84,6.9,55.4,0.4658,goal,right-foot,fast-break,sofascore
14131899,845811,Bernardo Martins,3014.0,83,22.2,55.7,0.0473,block,right-foot,regular,sofascore
14131899,1133282,André Luiz,3036.0,79,11.6,68.3,0.0377,miss,left-foot,assisted,sofascore
14131899,1142578,Diogo Travassos,3014.0,79,12.6,44.6,0.1356,miss,left-foot,throw-in-set-piece,sofascore
14131899,156318,Marcelo,3014.0,78,2.1,46.0,0.5983,save,head,corner,sofascore
14131899,1173124,João Tomé,3036.0,76,9.8,66.3,0.0686,miss,right-foot,regular,sofascore
14131899,826024,Dario Špikić,3036.0,76,12.8,31.8,0.039,post,right-foot,assisted,sofascore
14131899,1142578,Diogo Travassos,3014.0,71,18.5,30.4,0.0183,save,right-foot,throw-in-set-piece,sofascore
14131899,905455,Alan,3014.0,69,4.0,67.5,0.0341,goal,right-foot,assisted,sofascore
14131899,156318,Marcelo,3014.0,61,2.5,54.3,0.5977,goal,head,corner,sofascore
14131899,1142578,Diogo Travassos,3014.0,46,10.9,58.3,0.2527,goal,right-foot,assisted,sofascore
14131899,1006995,Vasco Sousa,3014.0,42,18.2,60.1,0.0671,save,right-foot,assisted,sofascore
14131899,910033,Cedric Teguia,3014.0,42,8.9,49.9,0.0985,miss,head,assisted,sofascore
14131899,946909,Georgios Liavas,3036.0,37,24.6,64.8,0.0212,save,right-foot,regular,sofascore
14131899,1133282,André Luiz,3036.0,37,14.0,69.9,0.0208,block,left-foot,assisted,sofascore
14131899,1082948,Kiko Bondoso,3014.0,35,8.2,28.4,0.0312,miss,left-foot,assisted,sofascore
14131899,1395583,Kiko,3014.0,31,13.2,49.6,0.1851,miss,right-foot,assisted,sofascore
14131899,1100204,Nikolaos Athanasiou,3036.0,27,23.8,35.2,0.0321,block,left-foot,assisted,sofascore
14131899,910033,Cedric Teguia,3014.0,23,11.9,71.1,0.0213,block,left-foot,assisted,sofascore
14131899,1017023,Clayton,3036.0,20,7.7,46.9,0.2847,save,head,assisted,sofascore
14131899,1017023,Clayton,3036.0,15,17.4,70.1,0.0271,block,left-foot,assisted,sofascore
14131899,1133282,André Luiz,3036.0,14,11.3,38.5,0.0584,post,right-foot,assisted,sofascore
14131899,905455,Alan,3014.0,11,22.6,48.7,0.0406,miss,right-foot,assisted,sofascore
14131899,856119,Guilherme Schettine,3014.0,7,13.1,61.4,0.0821,save,right-foot,assisted,sofascore
14131899,1017023,Clayton,3036.0,6,12.5,49.8,0.0277,save,head,assisted,sofascore
14131899,930273,Olinho,3036.0,5,25.6,51.9,0.0202,miss,left-foot,assisted,sofascore
14131903,822509,Léo Santos,3013.0,90,12.6,47.9,0.0142,block,head,corner,sofascore
14131903,992567,Borja Sainz,3002.0,90,24.3,39.5,0.0434,miss,right-foot,assisted,sofascore
14131903,1010505,Gabri Veiga,3002.0,88,10.7,44.2,0.4108,save,right-foot,fast-break,sofascore
14131903,1393991,Joel Silva,3013.0,87,25.4,47.9,0.0127,block,right-foot,corner,sofascore
14131903,882664,Pepê,3002.0,85,13.3,60.9,0.1369,save,left-foot,assisted,sofascore
14131903,882664,Pepê,3002.0,73,12.0,57.7,0.5621,miss,right-foot,fast-break,sofascore
14131903,1112474,Ze Vitor,3013.0,65,28.8,50.7,0.0135,block,left-foot,throw-in-set-piece,sofascore
14131903,912781,Paulinho Bóia,3013.0,58,21.3,26.0,0.012,miss,right-foot,assisted,sofascore
14131903,1011997,Chiheb Labidi,3013.0,45,18.8,34.2,0.022,save,left-foot,regular,sofascore
14131903,992567,Borja Sainz,3002.0,35,11.0,37.6,0.0731,save,left-foot,assisted,sofascore
14131903,1503836,Samu Aghehowa,3002.0,31,11.5,50.0,0.7884,goal,right-foot,penalty,sofascore
14131903,992567,Borja Sainz,3002.0,26,13.6,33.1,0.0443,block,right-foot,assisted,sofascore
14131903,1410240,Rodrigo Mora,3002.0,11,14.8,36.2,0.0296,miss,right-foot,assisted,sofascore
14131903,912781,Paulinho Bóia,3013.0,3,42.0,49.7,0.0121,miss,right-foot,regular,sofascore
14131857,830431,Francisco Trincão,3001.0,90,22.0,40.1,0.0273,save,left-foot,corner,sofascore
14131857,914213,Luis Javier Suárez,3001.0,90,13.8,43.2,0.1969,save,right-foot,regular,sofascore
14131857,1494826,Conrad Harder,3001.0,90,3.8,30.9,0.0588,save,left-foot,assisted,sofascore
14131857,1085569,Max Svensson,36365.0,90,22.5,71.4,0.0181,miss,left-foot,assisted,sofascore
14131857,886402,Giorgi Kochorashvili,3001.0,87,4.8,41.1,0.255,save,right-foot,regular,sofascore
14131857,830431,Francisco Trincão,3001.0,87,15.8,43.8,0.1308,block,left-foot,assisted,sofascore
14131857,2119726,Renato Nhaga,36365.0,86,19.4,43.6,0.0319,miss,left-foot,assisted,sofascore
14131857,1085569,Max Svensson,36365.0,85,21.9,40.9,0.0267,save,left-foot,regular,sofascore
14131857,891792,Duplexe Tchamba,36365.0,83,2.7,34.7,0.0196,miss,left-foot,set-piece,sofascore
14131857,826054,Jérémy Livolant,36365.0,75,15.3,47.0,0.0586,block,right-foot,assisted,sofascore
14131857,914213,Luis Javier Suárez,3001.0,73,12.8,67.9,0.0624,miss,right-foot,assisted,sofascore
14131857,914213,Luis Javier Suárez,3001.0,68,10.5,28.9,0.0205,miss,left-foot,assisted,sofascore
14131857,895764,Pedro Gonçalves,3001.0,67,18.5,45.0,0.1379,save,right-foot,fast-break,sofascore
14131857,859917,Morten Hjulmand,3001.0,62,8.8,50.9,0.2579,goal,right-foot,set-piece,sofascore
14131857,1010846,Yassin Oukili,36365.0,45,26.3,45.6,0.0236,block,right-foot,assisted,sofascore
14131857,830431,Francisco Trincão,3001.0,42,15.1,47.4,0.1467,goal,left-foot,assisted,sofascore
14131857,914213,Luis Javier Suárez,3001.0,41,7.4,48.1,0.4135,save,right-foot,assisted,sofascore
14131857,914213,Luis Javier Suárez,3001.0,35,14.0,32.1,0.0234,save,right-foot,assisted,sofascore
14131857,929193,Maximiliano Araújo,3001.0,33,4.6,55.8,0.1655,miss,head,corner,sofascore
14131857,895764,Pedro Gonçalves,3001.0,33,9.5,30.1,0.0391,miss,left-foot,corner,sofascore
14131857,895764,Pedro Gonçalves,3001.0,28,11.7,29.1,0.0202,block,right-foot,assisted,sofascore
14131857,1001140,Geny Catamo,3001.0,26,14.5,68.7,0.0249,miss,left-foot,assisted,sofascore
14131857,830431,Francisco Trincão,3001.0,24,19.4,71.4,0.0359,miss,left-foot,regular,sofascore
14131857,895764,Pedro Gonçalves,3001.0,24,22.3,59.5,0.0355,block,right-foot,assisted,sofascore
14131857,1394342,Ousmane Diomande,3001.0,21,9.9,35.6,0.0236,block,left-foot,corner,sofascore
14131857,929193,Maximiliano Araújo,3001.0,21,5.5,59.5,0.0432,post,head,corner,sofascore
14131857,859917,Morten Hjulmand,3001.0,19,15.3,57.9,0.0586,block,right-foot,corner,sofascore
14131857,895764,Pedro Gonçalves,3001.0,18,14.7,33.9,0.0527,save,right-foot,fast-break,sofascore
14131857,926560,Hidemasa Morita,3001.0,15,24.8,65.6,0.0178,block,right-foot,assisted,sofascore
14131857,895764,Pedro Gonçalves,3001.0,10,27.1,43.2,0.0872,save,right-foot,throw-in-set-piece,sofascore
14131857,914213,Luis Javier Suárez,3001.0,9,3.9,42.7,0.3074,save,left-foot,throw-in-set-piece,sofascore
14131857,859917,Morten Hjulmand,3001.0,9,18.9,43.4,0.0569,post,right-foot,throw-in-set-piece,sofascore
14131864,878283,Lenny Vallier,3013.0,90,3.7,41.5,0.0875,miss,head,corner,sofascore
14131864,1001662,Zé Carlos,3010.0,90,31.8,70.9,0.0154,miss,right-foot,assisted,sofascore
14131864,1097527,Luís Esteves,3010.0,86,11.0,55.0,0.1141,block,right-foot,throw-in-set-piece,sofascore
14131864,1084746,Santi García,3010.0,86,1.2,62.2,0.0519,post,right-foot,throw-in-set-piece,sofascore
14131864,167857,André Sousa,3013.0,77,33.1,56.6,0.0274,miss,left-foot,free-kick,sofascore
14131864,987597,Jesús Ramírez,3013.0,74,3.8,61.3,0.1187,save,right-foot,assisted,sofascore
14131864,344181,José Gomes,3013.0,71,12.3,29.6,0.0315,save,right-foot,assisted,sofascore
14131864,831781,Ghislain Konan,3010.0,70,3.8,37.6,0.0715,block,left-foot,regular,sofascore
14131864,987597,Jesús Ramírez,3013.0,68,23.9,24.2,0.0127,miss,right-foot,regular,sofascore
14131864,1393991,Joel Silva,3013.0,68,23.0,65.9,0.0094,miss,left-foot,throw-in-set-piece,sofascore
14131864,44684,João Aurélio,3013.0,56,14.8,64.5,0.0505,miss,left-foot,assisted,sofascore
14131864,822509,Léo Santos,3013.0,53,9.7,48.7,0.045,miss,head,corner,sofascore
14131864,912781,Paulinho Bóia,3013.0,52,24.4,61.3,0.0065,block,right-foot,corner,sofascore
14131864,344181,José Gomes,3013.0,51,6.3,51.4,0.1764,block,head,set-piece,sofascore
14131864,800348,Jonathan Buatu,3010.0,48,13.3,55.2,0.0199,miss,head,throw-in-set-piece,sofascore
14131864,1097527,Luís Esteves,3010.0,47,31.1,41.2,0.0106,block,right-foot,set-piece,sofascore
14131864,1097527,Luís Esteves,3010.0,45,10.7,44.1,0.1145,goal,right-foot,assisted,sofascore
14131864,1101174,Pablo Felipe,3010.0,35,7.6,66.9,0.0412,goal,left-foot,throw-in-set-piece,sofascore
14131864,926869,Ulisses,3013.0,33,5.7,40.9,0.0457,save,head,corner,sofascore
14131864,851030,Filipe Soares,3013.0,25,15.0,35.8,0.0586,block,right-foot,assisted,sofascore
14131864,1083277,Martin Fernández,3010.0,24,20.6,38.9,0.0362,miss,right-foot,throw-in-set-piece,sofascore
14131864,1083277,Martin Fernández,3010.0,18,18.4,46.6,0.0324,post,left-foot,corner,sofascore
14131864,1083277,Martin Fernández,3010.0,14,24.8,33.6,0.0154,miss,left-foot,corner,sofascore
14131864,800348,Jonathan Buatu,3010.0,14,6.8,47.1,0.1069,block,head,corner,sofascore
14131864,987597,Jesús Ramírez,3013.0,7,11.1,68.1,0.0343,miss,right-foot,regular,sofascore
14131864,786269,Witiness Quembo,3013.0,3,8.5,40.3,0.0877,miss,right-foot,assisted,sofascore
14131860,44685,Nenê,483088.0,90,4.5,42.5,0.4882,goal,right-foot,assisted,sofascore
14131860,1018546,Tiago Galletto,483088.0,87,24.1,64.8,0.02,miss,right-foot,regular,sofascore
14131860,129617,Aderllan Santos,483088.0,84,5.2,58.5,0.0651,miss,head,corner,sofascore
14131860,1133063,Tunde Akinsola,483088.0,75,19.8,66.0,0.0386,block,right-foot,set-piece,sofascore
14131860,1000680,Miguel Puche,25777.0,72,9.4,47.7,0.0639,miss,head,regular,sofascore
14131860,1900362,Guilherme Neiva,483088.0,68,9.5,31.1,0.0568,miss,right-foot,assisted,sofascore
14131860,129617,Aderllan Santos,483088.0,66,10.2,57.3,0.0175,miss,head,corner,sofascore
14131860,982610,Amadou Dante,25777.0,64,13.3,25.8,0.0394,miss,left-foot,assisted,sofascore
14131860,973517,Alfonso Trezza,25777.0,62,17.2,55.0,0.079,goal,right-foot,throw-in-set-piece,sofascore
14131860,955133,Naïs Djouahra,25777.0,54,15.1,40.7,0.0962,goal,right-foot,regular,sofascore
14131860,1510444,Dylan Nandín,25777.0,53,8.9,36.6,0.1156,save,right-foot,assisted,sofascore
14131860,982610,Amadou Dante,25777.0,50,5.3,29.4,0.0582,block,left-foot,assisted,sofascore
14131860,823128,Rafael Barbosa,483088.0,38,3.5,68.7,0.0594,miss,right-foot,fast-break,sofascore
14131860,942907,Jordi Escobar,483088.0,35,8.0,43.6,0.1767,miss,head,assisted,sofascore
14131860,1067648,Pedro Lima,483088.0,33,18.0,53.6,0.0334,miss,left-foot,set-piece,sofascore
14131860,1133063,Tunde Akinsola,483088.0,33,22.5,48.5,0.0226,block,left-foot,set-piece,sofascore
14131860,823128,Rafael Barbosa,483088.0,30,11.5,65.0,0.0452,miss,right-foot,assisted,sofascore
14131860,955133,Naïs Djouahra,25777.0,28,28.8,40.7,0.0211,miss,right-foot,assisted,sofascore
14131860,1191120,Hyun-ju Lee,25777.0,17,7.8,26.5,0.0438,block,right-foot,assisted,sofascore
14131860,823128,Rafael Barbosa,483088.0,15,8.1,38.0,0.0539,save,head,assisted,sofascore
14131860,1133063,Tunde Akinsola,483088.0,12,19.1,66.0,0.0217,block,left-foot,assisted,sofascore
14131860,823128,Rafael Barbosa,483088.0,11,22.0,27.1,0.0177,block,right-foot,assisted,sofascore
14131860,973517,Alfonso Trezza,25777.0,8,4.2,49.6,0.5868,goal,right-foot,assisted,sofascore
14131866,989383,Adriano Firmino,3011.0,86,29.3,46.6,0.0213,save,right-foot,assisted,sofascore
14131866,1066681,Elias Manoel,3011.0,80,13.3,49.9,0.1628,save,right-foot,assisted,sofascore
14131866,1606013,Yassir Zabiri,49531.0,77,15.6,54.4,0.107,block,right-foot,fast-break,sofascore
14131866,583838,Gil Dias,49531.0,53,23.1,57.5,0.0266,goal,left-foot,throw-in-set-piece,sofascore
14131866,1046794,Gabriel Silva,3011.0,49,18.4,29.3,0.0297,miss,right-foot,regular,sofascore
14131866,254815,Frederico Venâncio,3011.0,45,10.1,61.1,0.0323,miss,head,throw-in-set-piece,sofascore
14131866,1131145,Sidney Lima,3011.0,45,7.7,37.0,0.0208,miss,head,corner,sofascore
14131866,1049526,Simon Elisor,49531.0,37,7.7,48.5,0.3576,miss,head,fast-break,sofascore
14131866,1563665,Gustavo Sá,49531.0,19,8.3,47.0,0.3676,goal,right-foot,assisted,sofascore
14131866,1131145,Sidney Lima,3011.0,14,28.8,55.4,0.0349,miss,right-foot,free-kick,sofascore
14131866,1105595,Sorriso,49531.0,8,19.7,25.2,0.0187,miss,right-foot,assisted,sofascore
14131866,1046794,Gabriel Silva,3011.0,7,9.2,30.7,0.063,miss,left-foot,assisted,sofascore
14131866,991924,Rodrigo Pinheiro,49531.0,5,14.8,51.9,0.129,goal,left-foot,regular,sofascore
14131863,1031485,Sabit Abdulai,190328.0,90,21.2,61.2,0.0266,miss,left-foot,regular,sofascore
14131863,1188685,Yan Maranhão,3014.0,90,6.7,50.7,0.4997,goal,right-foot,assisted,sofascore
14131863,845811,Bernardo Martins,3014.0,90,23.7,72.4,0.0241,miss,right-foot,assisted,sofascore
14131863,1511706,Alexsandro Amorim,190328.0,86,26.6,32.7,0.0199,miss,right-foot,assisted,sofascore
14131863,156318,Marcelo,3014.0,79,8.8,56.0,0.0519,block,head,corner,sofascore
14131863,1405454,Cédric Nuozzi,190328.0,65,18.4,63.0,0.0274,save,left-foot,throw-in-set-piece,sofascore
14131863,1405973,Bastien Meupiyou,190328.0,64,8.6,57.3,0.0367,miss,head,corner,sofascore
14131863,905455,Alan,3014.0,60,24.4,62.0,0.0299,block,right-foot,assisted,sofascore
14131863,1130376,Gonçalo Esteves,190328.0,57,22.5,67.9,0.0223,miss,right-foot,set-piece,sofascore
14131863,1100957,Marko Milovanović,190328.0,44,11.5,50.0,0.7884,goal,right-foot,penalty,sofascore
14131863,856119,Guilherme Schettine,3014.0,40,4.9,69.3,0.0232,save,right-foot,corner,sofascore
14131863,905455,Alan,3014.0,40,15.1,26.1,0.0248,block,right-foot,assisted,sofascore
14131863,1405454,Cédric Nuozzi,190328.0,37,21.8,45.0,0.048,miss,right-foot,assisted,sofascore
14131863,856119,Guilherme Schettine,3014.0,27,15.4,57.5,0.1683,goal,right-foot,assisted,sofascore
14131863,1160980,Dinis Pinto,3014.0,23,26.0,66.4,0.0125,miss,right-foot,assisted,sofascore
14131863,892170,Lawrence Ofori,3014.0,17,19.5,39.1,0.0541,block,right-foot,assisted,sofascore
14131863,856119,Guilherme Schettine,3014.0,10,4.6,65.4,0.0438,miss,right-foot,corner,sofascore
14131858,1111880,Emmanuel Maviram,38396.0,90,28.1,51.5,0.0062,miss,left-foot,corner,sofascore
14131858,1133070,Tiago Manso,38396.0,90,3.6,73.4,0.0396,save,right-foot,regular,sofascore
14131858,314380,Ricardo Horta,2999.0,83,11.5,50.0,0.7884,goal,right-foot,penalty,sofascore
14131858,1014048,Amine El Ouazzani,2999.0,78,6.1,32.5,0.1323,save,left-foot,assisted,sofascore
14131858,1128560,Roger Fernandes,2999.0,70,13.9,58.1,0.054,save,left-foot,assisted,sofascore
14131858,879917,Maranhão,38396.0,61,22.2,26.6,0.0062,save,right-foot,corner,sofascore
14131858,1501056,Miro,38396.0,60,3.8,71.2,0.0173,block,left-foot,regular,sofascore
14131858,1031567,Pau Víctor,2999.0,37,11.3,54.0,0.5269,goal,right-foot,assisted,sofascore
14131858,1014048,Amine El Ouazzani,2999.0,34,25.7,60.1,0.0175,miss,left-foot,assisted,sofascore
14131858,988882,Joe Hodge,38396.0,28,24.3,45.8,0.0159,miss,right-foot,regular,sofascore
14131858,887754,Vítor Carvalho,2999.0,24,3.9,52.8,0.4114,goal,head,corner,sofascore
14131858,1807776,Yarlen,38396.0,14,13.8,35.4,0.3708,miss,left-foot,assisted,sofascore
14131858,1120039,Jean-Baptiste Gorby,2999.0,8,25.1,60.9,0.0329,miss,left-foot,assisted,sofascore
14131858,1128560,Roger Fernandes,2999.0,8,27.1,67.7,0.0142,save,left-foot,assisted,sofascore
14131858,1501056,Miro,38396.0,6,13.2,56.6,0.32,save,right-foot,regular,sofascore
14131861,869875,Kikas,3035.0,90,8.5,68.4,0.067,save,right-foot,fast-break,sofascore
14131861,1403144,Tiago Parente,4500.0,90,23.2,40.4,0.0239,block,left-foot,assisted,sofascore
14131861,1090543,Abraham Marcus,3035.0,85,19.0,41.6,0.0738,miss,left-foot,assisted,sofascore
14131861,910316,Ianis Stoica,3035.0,75,3.8,51.6,0.735,goal,right-foot,assisted,sofascore
14131861,1117723,Sidny Lopes Cabral,3035.0,75,30.5,64.2,0.0117,block,right-foot,assisted,sofascore
14131861,1090543,Abraham Marcus,3035.0,61,23.5,56.6,0.0573,miss,left-foot,regular,sofascore
14131861,869875,Kikas,3035.0,59,24.2,23.9,0.0234,save,right-foot,fast-break,sofascore
14131861,920684,Jordan Holsgrove,4500.0,57,22.8,26.2,0.0158,block,left-foot,regular,sofascore
14131861,930246,Yanis Begraoui,4500.0,57,10.9,52.8,0.1094,block,right-foot,regular,sofascore
14131861,920684,Jordan Holsgrove,4500.0,45,26.9,59.0,0.0192,block,left-foot,assisted,sofascore
14131861,1403144,Tiago Parente,4500.0,36,6.5,46.4,0.3523,goal,right-foot,regular,sofascore
14131861,1031642,Atanas Chernev,3035.0,30,4.0,39.5,0.0693,miss,right-foot,corner,sofascore
14131861,845802,Jovane Cabral,3035.0,29,22.4,23.0,0.0324,save,right-foot,free-kick,sofascore
14131861,930246,Yanis Begraoui,4500.0,16,7.2,58.8,0.0313,block,head,corner,sofascore
14131861,826210,Rafik Guitane,4500.0,15,13.0,57.2,0.0675,save,left-foot,regular,sofascore
14131861,834247,Pedro Amaral,4500.0,5,7.9,27.0,0.053,save,left-foot,assisted,sofascore
14131861,845802,Jovane Cabral,3035.0,3,9.1,66.7,0.2968,save,right-foot,assisted,sofascore
14357790,1066560,Alan Varela,3002.0,82,28.4,35.8,0.0192,save,right-foot,assisted,sofascore
14357790,1406639,Victor Froholdt,3002.0,82,9.4,56.8,0.509,miss,left-foot,assisted,sofascore
14357790,1503836,Samu Aghehowa,3002.0,79,6.0,43.6,0.5385,goal,right-foot,regular,sofascore
14357790,886223,Stephen Eustaquio,3002.0,79,23.4,32.3,0.0306,save,right-foot,assisted,sofascore
14357790,1639250,William Gomes,3002.0,77,25.6,58.9,0.035,miss,left-foot,assisted,sofascore
14357790,1503836,Samu Aghehowa,3002.0,74,18.3,66.6,0.0443,save,right-foot,assisted,sofascore
14357790,1468082,Gustavo Silva,3009.0,64,7.4,57.0,0.0441,miss,head,corner,sofascore
14357790,1066560,Alan Varela,3002.0,52,22.9,66.0,0.0275,miss,right-foot,assisted,sofascore
14357790,992567,Borja Sainz,3002.0,48,8.0,35.2,0.1574,save,left-foot,assisted,sofascore
14357790,1563640,Oumar Camara,3009.0,42,20.0,32.9,0.0288,save,right-foot,assisted,sofascore
14357790,1133568,João Mendes,3009.0,42,18.7,39.5,0.0559,block,left-foot,assisted,sofascore
14357790,1131048,Tomás Händel,3009.0,41,17.8,50.5,0.0946,block,left-foot,regular,sofascore
14357790,1503836,Samu Aghehowa,3002.0,36,7.8,28.4,0.0465,save,right-foot,fast-break,sofascore
14357790,882664,Pepê,3002.0,36,17.5,64.0,0.0316,miss,right-foot,corner,sofascore
14357790,1503836,Samu Aghehowa,3002.0,35,8.5,68.3,0.0234,block,right-foot,regular,sofascore
14357790,930552,Nuno Santos,3009.0,34,16.0,54.4,0.0753,miss,right-foot,regular,sofascore
14357790,1133568,João Mendes,3009.0,34,20.7,21.3,0.0107,block,left-foot,assisted,sofascore
14357790,1503836,Samu Aghehowa,3002.0,32,7.1,47.0,0.1975,goal,head,corner,sofascore
14357790,1503836,Samu Aghehowa,3002.0,26,7.4,32.5,0.1478,save,right-foot,regular,sofascore
14357790,1468082,Gustavo Silva,3009.0,25,27.7,54.0,0.0274,block,right-foot,assisted,sofascore
14357790,1406639,Victor Froholdt,3002.0,18,12.6,37.2,0.2822,miss,left-foot,regular,sofascore
14357790,882664,Pepê,3002.0,12,6.7,57.9,0.5812,goal,right-foot,fast-break,sofascore
14357790,1468082,Gustavo Silva,3009.0,8,8.2,24.4,0.0266,save,left-foot,assisted,sofascore
14357790,1160957,Alberto Costa,3002.0,7,19.9,65.0,0.0145,miss,right-foot,set-piece,sofascore
14357790,913401,Nehuén Pérez,3002.0,4,9.2,64.8,0.009,block,head,corner,sofascore
14357790,252095,Tiago Silva,3009.0,1,15.7,51.9,0.1317,miss,right-foot,assisted,sofascore
14131868,44685,Nenê,483088.0,90,12.0,19.2,0.0418,save,right-foot,free-kick,sofascore
14131868,1003071,Diego Duarte,483088.0,84,18.8,49.7,0.1147,save,left-foot,assisted,sofascore
14131868,838633,Jaume Grau,483088.0,81,2.3,59.7,0.0838,block,left-foot,set-piece,sofascore
14131868,44685,Nenê,483088.0,81,8.3,56.0,0.0595,miss,head,set-piece,sofascore
14131868,1085569,Max Svensson,36365.0,70,8.3,50.3,0.5744,miss,right-foot,regular,sofascore
14131868,826054,Jérémy Livolant,36365.0,70,8.6,42.3,0.5596,save,left-foot,assisted,sofascore
14131868,823128,Rafael Barbosa,483088.0,62,24.6,56.2,0.021,miss,right-foot,assisted,sofascore
14131868,891792,Duplexe Tchamba,36365.0,57,7.0,35.2,0.1374,goal,left-foot,set-piece,sofascore
14131868,849719,Gaizka Larrazabal,36365.0,56,29.9,59.5,0.0327,save,right-foot,free-kick,sofascore
14131868,1190517,Oluwakorede Osundina,36365.0,54,3.5,43.6,0.1946,miss,left-foot,assisted,sofascore
14131868,849719,Gaizka Larrazabal,36365.0,52,27.4,63.2,0.0227,miss,right-foot,assisted,sofascore
14131868,891792,Duplexe Tchamba,36365.0,45,15.8,24.6,0.0061,block,left-foot,set-piece,sofascore
14131868,1067648,Pedro Lima,483088.0,45,20.0,49.3,0.0286,block,left-foot,assisted,sofascore
14131868,324345,Kiki,483088.0,45,24.7,45.2,0.0144,miss,left-foot,regular,sofascore
14131868,1190517,Oluwakorede Osundina,36365.0,44,25.6,27.8,0.0055,block,left-foot,set-piece,sofascore
14131868,1151667,João Goulart,36365.0,39,8.9,52.1,0.0682,save,head,set-piece,sofascore
14131868,1190517,Oluwakorede Osundina,36365.0,31,10.1,54.8,0.2288,goal,left-foot,assisted,sofascore
14131868,1067648,Pedro Lima,483088.0,26,23.9,57.0,0.0712,block,left-foot,free-kick,sofascore
14131868,823128,Rafael Barbosa,483088.0,14,11.5,50.0,0.7884,miss,right-foot,penalty,sofascore
14131868,1067648,Pedro Lima,483088.0,12,8.8,19.2,0.0118,save,left-foot,throw-in-set-piece,sofascore
14131875,1495552,Afonso Rodrigues,38396.0,90,8.8,46.5,0.0646,miss,head,assisted,sofascore
14131875,2194737,Umar Abubakar,49531.0,90,11.3,38.7,0.3631,save,left-foot,assisted,sofascore
14131875,879917,Maranhão,38396.0,89,21.2,75.0,0.0159,miss,right-foot,throw-in-set-piece,sofascore
14131875,1495552,Afonso Rodrigues,38396.0,81,10.7,47.7,0.0492,miss,head,assisted,sofascore
14131875,1195796,Romeo Beney,49531.0,75,7.1,65.4,0.0497,save,right-foot,corner,sofascore
14131875,1049526,Simon Elisor,49531.0,69,18.5,54.0,0.0613,goal,left-foot,assisted,sofascore
14131875,1563665,Gustavo Sá,49531.0,68,13.5,60.1,0.109,miss,left-foot,assisted,sofascore
14131875,1807776,Yarlen,38396.0,66,10.4,67.9,0.0315,save,right-foot,assisted,sofascore
14131875,1563665,Gustavo Sá,49531.0,65,24.9,51.7,0.016,miss,left-foot,regular,sofascore
14131875,1482435,Juan Rodríguez,38396.0,65,24.3,45.0,0.0121,block,right-foot,corner,sofascore
14131875,836676,Tom Van De Looi,49531.0,62,28.2,40.2,0.0224,block,right-foot,assisted,sofascore
14131875,1397915,Moudjatovic,38396.0,52,11.4,69.7,0.0377,block,left-foot,regular,sofascore
14131875,1501056,Miro,38396.0,52,13.3,54.0,0.0514,block,left-foot,regular,sofascore
14131875,988882,Joe Hodge,38396.0,50,26.2,49.7,0.0212,miss,right-foot,assisted,sofascore
14131875,1501056,Miro,38396.0,46,8.9,44.8,0.4211,save,left-foot,assisted,sofascore
14131875,1105595,Sorriso,49531.0,45,19.5,41.7,0.0347,miss,right-foot,assisted,sofascore
14131875,988882,Joe Hodge,38396.0,44,25.1,53.0,0.0454,miss,right-foot,throw-in-set-piece,sofascore
14131875,1511656,Mathias De Amorim,49531.0,39,18.7,67.7,0.0174,miss,right-foot,corner,sofascore
14131875,1501056,Miro,38396.0,38,18.9,69.5,0.0282,block,left-foot,assisted,sofascore
14131875,1049526,Simon Elisor,49531.0,37,15.4,35.6,0.0397,block,left-foot,assisted,sofascore
14131875,583838,Gil Dias,49531.0,37,13.4,72.3,0.0173,miss,left-foot,assisted,sofascore
14131875,1807776,Yarlen,38396.0,36,30.6,31.3,0.0234,save,right-foot,fast-break,sofascore
14131875,1100596,Xabi Huarte,38396.0,22,12.5,43.0,0.1726,save,left-foot,assisted,sofascore
14131875,1049526,Simon Elisor,49531.0,19,6.7,57.0,0.1008,save,right-foot,assisted,sofascore
14131875,1563665,Gustavo Sá,49531.0,12,2.9,58.9,0.1169,save,other,corner,sofascore
14131875,1049526,Simon Elisor,49531.0,12,7.6,51.0,0.0978,miss,head,corner,sofascore
14131875,1501056,Miro,38396.0,7,19.4,63.9,0.0622,miss,left-foot,fast-break,sofascore
14131875,1511656,Mathias De Amorim,49531.0,1,19.2,37.0,0.035,miss,right-foot,regular,sofascore
